# Blender 5.2.1 LTS
# www.blender.org
mtllib boss.mtl
o Component_LeftDrive
v -5.733000 0.073500 -2.772000
v -5.733000 0.182200 -3.318472
v -5.733000 0.491751 -3.781748
v -5.733000 0.955028 -4.091300
v -5.733000 1.501500 -4.200000
v -5.733000 2.047972 -4.091300
v -5.733000 2.511248 -3.781748
v -5.733000 2.820800 -3.318472
v -5.733000 2.929500 -2.772000
v -5.733000 2.929500 2.772000
v -5.733000 2.820800 3.318472
v -5.733000 2.511248 3.781748
v -5.733000 2.047972 4.091300
v -5.733000 1.501500 4.200000
v -5.733000 0.955028 4.091300
v -5.733000 0.491751 3.781748
v -5.733000 0.182200 3.318472
v -5.733000 0.073500 2.772000
v -3.633000 0.073500 -2.772000
v -3.633000 0.182200 -3.318472
v -3.633000 0.491751 -3.781748
v -3.633000 0.955028 -4.091300
v -3.633000 1.501500 -4.200000
v -3.633000 2.047972 -4.091300
v -3.633000 2.511248 -3.781748
v -3.633000 2.820800 -3.318472
v -3.633000 2.929500 -2.772000
v -3.633000 2.929500 2.772000
v -3.633000 2.820800 3.318472
v -3.633000 2.511248 3.781748
v -3.633000 2.047972 4.091300
v -3.633000 1.501500 4.200000
v -3.633000 0.955028 4.091300
v -3.633000 0.491751 3.781748
v -3.633000 0.182200 3.318472
v -3.633000 0.073500 2.772000
v -5.638500 1.501500 1.615320
v -3.727500 1.501500 1.615320
v -5.638500 0.923160 1.770286
v -3.727500 0.923160 1.770286
v -5.638500 0.499786 2.193660
v -3.727500 0.499786 2.193660
v -5.638500 0.344820 2.772000
v -3.727500 0.344820 2.772000
v -5.638500 0.499786 3.350340
v -3.727500 0.499786 3.350340
v -5.638500 0.923160 3.773715
v -3.727500 0.923160 3.773715
v -5.638500 1.501500 3.928680
v -3.727500 1.501500 3.928680
v -5.638500 2.079840 3.773715
v -3.727500 2.079840 3.773715
v -5.638500 2.503214 3.350340
v -3.727500 2.503214 3.350340
v -5.638500 2.658180 2.772000
v -3.727500 2.658180 2.772000
v -5.638500 2.503214 2.193660
v -3.727500 2.503214 2.193660
v -5.638500 2.079840 1.770286
v -3.727500 2.079840 1.770286
v -5.727750 1.501500 2.286480
v -5.654250 1.501500 2.286480
v -5.727750 1.216118 2.379206
v -5.654250 1.216118 2.379206
v -5.727750 1.039743 2.621966
v -5.654250 1.039743 2.621966
v -5.727750 1.039743 2.922034
v -5.654250 1.039743 2.922034
v -5.727750 1.216118 3.164794
v -5.654250 1.216118 3.164794
v -5.727750 1.501500 3.257520
v -5.654250 1.501500 3.257520
v -5.727750 1.786881 3.164794
v -5.654250 1.786881 3.164794
v -5.727750 1.963257 2.922034
v -5.654250 1.963257 2.922034
v -5.727750 1.963257 2.621966
v -5.654250 1.963257 2.621966
v -5.727750 1.786881 2.379206
v -5.654250 1.786881 2.379206
v -3.711750 1.501500 2.286480
v -3.638250 1.501500 2.286480
v -3.711750 1.216118 2.379206
v -3.638250 1.216118 2.379206
v -3.711750 1.039743 2.621966
v -3.638250 1.039743 2.621966
v -3.711750 1.039743 2.922034
v -3.638250 1.039743 2.922034
v -3.711750 1.216118 3.164794
v -3.638250 1.216118 3.164794
v -3.711750 1.501500 3.257520
v -3.638250 1.501500 3.257520
v -3.711750 1.786881 3.164794
v -3.638250 1.786881 3.164794
v -3.711750 1.963257 2.922034
v -3.638250 1.963257 2.922034
v -3.711750 1.963257 2.621966
v -3.638250 1.963257 2.621966
v -3.711750 1.786881 2.379206
v -3.638250 1.786881 2.379206
v -5.638500 1.501500 0.506520
v -3.727500 1.501500 0.506520
v -5.638500 0.923160 0.661486
v -3.727500 0.923160 0.661486
v -5.638500 0.499786 1.084860
v -3.727500 0.499786 1.084860
v -5.638500 0.344820 1.663200
v -3.727500 0.344820 1.663200
v -5.638500 0.499786 2.241540
v -3.727500 0.499786 2.241540
v -5.638500 0.923160 2.664914
v -3.727500 0.923160 2.664914
v -5.638500 1.501500 2.819880
v -3.727500 1.501500 2.819880
v -5.638500 2.079840 2.664914
v -3.727500 2.079840 2.664914
v -5.638500 2.503214 2.241540
v -3.727500 2.503214 2.241540
v -5.638500 2.658180 1.663200
v -3.727500 2.658180 1.663200
v -5.638500 2.503214 1.084860
v -3.727500 2.503214 1.084860
v -5.638500 2.079840 0.661486
v -3.727500 2.079840 0.661486
v -5.727750 1.501500 1.177680
v -5.654250 1.501500 1.177680
v -5.727750 1.216118 1.270406
v -5.654250 1.216118 1.270406
v -5.727750 1.039743 1.513166
v -5.654250 1.039743 1.513166
v -5.727750 1.039743 1.813234
v -5.654250 1.039743 1.813234
v -5.727750 1.216118 2.055994
v -5.654250 1.216118 2.055994
v -5.727750 1.501500 2.148720
v -5.654250 1.501500 2.148720
v -5.727750 1.786881 2.055994
v -5.654250 1.786881 2.055994
v -5.727750 1.963257 1.813234
v -5.654250 1.963257 1.813234
v -5.727750 1.963257 1.513166
v -5.654250 1.963257 1.513166
v -5.727750 1.786881 1.270406
v -5.654250 1.786881 1.270406
v -3.711750 1.501500 1.177680
v -3.638250 1.501500 1.177680
v -3.711750 1.216118 1.270406
v -3.638250 1.216118 1.270406
v -3.711750 1.039743 1.513166
v -3.638250 1.039743 1.513166
v -3.711750 1.039743 1.813234
v -3.638250 1.039743 1.813234
v -3.711750 1.216118 2.055994
v -3.638250 1.216118 2.055994
v -3.711750 1.501500 2.148720
v -3.638250 1.501500 2.148720
v -3.711750 1.786881 2.055994
v -3.638250 1.786881 2.055994
v -3.711750 1.963257 1.813234
v -3.638250 1.963257 1.813234
v -3.711750 1.963257 1.513166
v -3.638250 1.963257 1.513166
v -3.711750 1.786881 1.270406
v -3.638250 1.786881 1.270406
v -5.638500 1.501500 -0.602280
v -3.727500 1.501500 -0.602280
v -5.638500 0.923160 -0.447314
v -3.727500 0.923160 -0.447314
v -5.638500 0.499786 -0.023940
v -3.727500 0.499786 -0.023940
v -5.638500 0.344820 0.554400
v -3.727500 0.344820 0.554400
v -5.638500 0.499786 1.132740
v -3.727500 0.499786 1.132740
v -5.638500 0.923160 1.556114
v -3.727500 0.923160 1.556114
v -5.638500 1.501500 1.711080
v -3.727500 1.501500 1.711080
v -5.638500 2.079840 1.556114
v -3.727500 2.079840 1.556114
v -5.638500 2.503214 1.132740
v -3.727500 2.503214 1.132740
v -5.638500 2.658180 0.554400
v -3.727500 2.658180 0.554400
v -5.638500 2.503214 -0.023940
v -3.727500 2.503214 -0.023940
v -5.638500 2.079840 -0.447314
v -3.727500 2.079840 -0.447314
v -5.727750 1.501500 0.068880
v -5.654250 1.501500 0.068880
v -5.727750 1.216118 0.161606
v -5.654250 1.216118 0.161606
v -5.727750 1.039743 0.404366
v -5.654250 1.039743 0.404366
v -5.727750 1.039743 0.704434
v -5.654250 1.039743 0.704434
v -5.727750 1.216118 0.947194
v -5.654250 1.216118 0.947194
v -5.727750 1.501500 1.039920
v -5.654250 1.501500 1.039920
v -5.727750 1.786881 0.947194
v -5.654250 1.786881 0.947194
v -5.727750 1.963257 0.704434
v -5.654250 1.963257 0.704434
v -5.727750 1.963257 0.404366
v -5.654250 1.963257 0.404366
v -5.727750 1.786881 0.161606
v -5.654250 1.786881 0.161606
v -3.711750 1.501500 0.068880
v -3.638250 1.501500 0.068880
v -3.711750 1.216118 0.161606
v -3.638250 1.216118 0.161606
v -3.711750 1.039743 0.404366
v -3.638250 1.039743 0.404366
v -3.711750 1.039743 0.704434
v -3.638250 1.039743 0.704434
v -3.711750 1.216118 0.947194
v -3.638250 1.216118 0.947194
v -3.711750 1.501500 1.039920
v -3.638250 1.501500 1.039920
v -3.711750 1.786881 0.947194
v -3.638250 1.786881 0.947194
v -3.711750 1.963257 0.704434
v -3.638250 1.963257 0.704434
v -3.711750 1.963257 0.404366
v -3.638250 1.963257 0.404366
v -3.711750 1.786881 0.161606
v -3.638250 1.786881 0.161606
v -5.638500 1.501500 -1.711080
v -3.727500 1.501500 -1.711080
v -5.638500 0.923160 -1.556114
v -3.727500 0.923160 -1.556114
v -5.638500 0.499786 -1.132740
v -3.727500 0.499786 -1.132740
v -5.638500 0.344820 -0.554400
v -3.727500 0.344820 -0.554400
v -5.638500 0.499786 0.023940
v -3.727500 0.499786 0.023940
v -5.638500 0.923160 0.447314
v -3.727500 0.923160 0.447314
v -5.638500 1.501500 0.602280
v -3.727500 1.501500 0.602280
v -5.638500 2.079840 0.447314
v -3.727500 2.079840 0.447314
v -5.638500 2.503214 0.023940
v -3.727500 2.503214 0.023940
v -5.638500 2.658180 -0.554400
v -3.727500 2.658180 -0.554400
v -5.638500 2.503214 -1.132740
v -3.727500 2.503214 -1.132740
v -5.638500 2.079840 -1.556114
v -3.727500 2.079840 -1.556114
v -5.727750 1.501500 -1.039920
v -5.654250 1.501500 -1.039920
v -5.727750 1.216118 -0.947194
v -5.654250 1.216118 -0.947194
v -5.727750 1.039743 -0.704434
v -5.654250 1.039743 -0.704434
v -5.727750 1.039743 -0.404366
v -5.654250 1.039743 -0.404366
v -5.727750 1.216118 -0.161606
v -5.654250 1.216118 -0.161606
v -5.727750 1.501500 -0.068880
v -5.654250 1.501500 -0.068880
v -5.727750 1.786881 -0.161606
v -5.654250 1.786881 -0.161606
v -5.727750 1.963257 -0.404366
v -5.654250 1.963257 -0.404366
v -5.727750 1.963257 -0.704434
v -5.654250 1.963257 -0.704434
v -5.727750 1.786881 -0.947194
v -5.654250 1.786881 -0.947194
v -3.711750 1.501500 -1.039920
v -3.638250 1.501500 -1.039920
v -3.711750 1.216118 -0.947194
v -3.638250 1.216118 -0.947194
v -3.711750 1.039743 -0.704434
v -3.638250 1.039743 -0.704434
v -3.711750 1.039743 -0.404366
v -3.638250 1.039743 -0.404366
v -3.711750 1.216118 -0.161606
v -3.638250 1.216118 -0.161606
v -3.711750 1.501500 -0.068880
v -3.638250 1.501500 -0.068880
v -3.711750 1.786881 -0.161606
v -3.638250 1.786881 -0.161606
v -3.711750 1.963257 -0.404366
v -3.638250 1.963257 -0.404366
v -3.711750 1.963257 -0.704434
v -3.638250 1.963257 -0.704434
v -3.711750 1.786881 -0.947194
v -3.638250 1.786881 -0.947194
v -5.638500 1.501500 -2.819880
v -3.727500 1.501500 -2.819880
v -5.638500 0.923160 -2.664914
v -3.727500 0.923160 -2.664914
v -5.638500 0.499786 -2.241540
v -3.727500 0.499786 -2.241540
v -5.638500 0.344820 -1.663200
v -3.727500 0.344820 -1.663200
v -5.638500 0.499786 -1.084860
v -3.727500 0.499786 -1.084860
v -5.638500 0.923160 -0.661486
v -3.727500 0.923160 -0.661486
v -5.638500 1.501500 -0.506520
v -3.727500 1.501500 -0.506520
v -5.638500 2.079840 -0.661486
v -3.727500 2.079840 -0.661486
v -5.638500 2.503214 -1.084860
v -3.727500 2.503214 -1.084860
v -5.638500 2.658180 -1.663200
v -3.727500 2.658180 -1.663200
v -5.638500 2.503214 -2.241540
v -3.727500 2.503214 -2.241540
v -5.638500 2.079840 -2.664914
v -3.727500 2.079840 -2.664914
v -5.727750 1.501500 -2.148720
v -5.654250 1.501500 -2.148720
v -5.727750 1.216118 -2.055994
v -5.654250 1.216118 -2.055994
v -5.727750 1.039743 -1.813234
v -5.654250 1.039743 -1.813234
v -5.727750 1.039743 -1.513166
v -5.654250 1.039743 -1.513166
v -5.727750 1.216118 -1.270406
v -5.654250 1.216118 -1.270406
v -5.727750 1.501500 -1.177680
v -5.654250 1.501500 -1.177680
v -5.727750 1.786881 -1.270406
v -5.654250 1.786881 -1.270406
v -5.727750 1.963257 -1.513166
v -5.654250 1.963257 -1.513166
v -5.727750 1.963257 -1.813234
v -5.654250 1.963257 -1.813234
v -5.727750 1.786881 -2.055994
v -5.654250 1.786881 -2.055994
v -3.711750 1.501500 -2.148720
v -3.638250 1.501500 -2.148720
v -3.711750 1.216118 -2.055994
v -3.638250 1.216118 -2.055994
v -3.711750 1.039743 -1.813234
v -3.638250 1.039743 -1.813234
v -3.711750 1.039743 -1.513166
v -3.638250 1.039743 -1.513166
v -3.711750 1.216118 -1.270406
v -3.638250 1.216118 -1.270406
v -3.711750 1.501500 -1.177680
v -3.638250 1.501500 -1.177680
v -3.711750 1.786881 -1.270406
v -3.638250 1.786881 -1.270406
v -3.711750 1.963257 -1.513166
v -3.638250 1.963257 -1.513166
v -3.711750 1.963257 -1.813234
v -3.638250 1.963257 -1.813234
v -3.711750 1.786881 -2.055994
v -3.638250 1.786881 -2.055994
v -5.638500 1.501500 -3.928680
v -3.727500 1.501500 -3.928680
v -5.638500 0.923160 -3.773714
v -3.727500 0.923160 -3.773714
v -5.638500 0.499786 -3.350340
v -3.727500 0.499786 -3.350340
v -5.638500 0.344820 -2.772000
v -3.727500 0.344820 -2.772000
v -5.638500 0.499786 -2.193660
v -3.727500 0.499786 -2.193660
v -5.638500 0.923160 -1.770286
v -3.727500 0.923160 -1.770286
v -5.638500 1.501500 -1.615320
v -3.727500 1.501500 -1.615320
v -5.638500 2.079840 -1.770286
v -3.727500 2.079840 -1.770286
v -5.638500 2.503214 -2.193660
v -3.727500 2.503214 -2.193660
v -5.638500 2.658180 -2.772000
v -3.727500 2.658180 -2.772000
v -5.638500 2.503214 -3.350340
v -3.727500 2.503214 -3.350340
v -5.638500 2.079840 -3.773714
v -3.727500 2.079840 -3.773714
v -5.727750 1.501500 -3.257520
v -5.654250 1.501500 -3.257520
v -5.727750 1.216118 -3.164794
v -5.654250 1.216118 -3.164794
v -5.727750 1.039743 -2.922034
v -5.654250 1.039743 -2.922034
v -5.727750 1.039743 -2.621966
v -5.654250 1.039743 -2.621966
v -5.727750 1.216118 -2.379206
v -5.654250 1.216118 -2.379206
v -5.727750 1.501500 -2.286480
v -5.654250 1.501500 -2.286480
v -5.727750 1.786881 -2.379206
v -5.654250 1.786881 -2.379206
v -5.727750 1.963257 -2.621966
v -5.654250 1.963257 -2.621966
v -5.727750 1.963257 -2.922034
v -5.654250 1.963257 -2.922034
v -5.727750 1.786881 -3.164794
v -5.654250 1.786881 -3.164794
v -3.711750 1.501500 -3.257520
v -3.638250 1.501500 -3.257520
v -3.711750 1.216118 -3.164794
v -3.638250 1.216118 -3.164794
v -3.711750 1.039743 -2.922034
v -3.638250 1.039743 -2.922034
v -3.711750 1.039743 -2.621966
v -3.638250 1.039743 -2.621966
v -3.711750 1.216118 -2.379206
v -3.638250 1.216118 -2.379206
v -3.711750 1.501500 -2.286480
v -3.638250 1.501500 -2.286480
v -3.711750 1.786881 -2.379206
v -3.638250 1.786881 -2.379206
v -3.711750 1.963257 -2.621966
v -3.638250 1.963257 -2.621966
v -3.711750 1.963257 -2.922034
v -3.638250 1.963257 -2.922034
v -3.711750 1.786881 -3.164794
v -3.638250 1.786881 -3.164794
v -5.817000 0.033036 -2.826916
v -5.817000 0.131899 -2.807251
v -5.817000 0.069451 -3.009984
v -5.817000 0.168314 -2.990319
v -3.549000 0.033036 -2.826916
v -3.549000 0.131899 -2.807251
v -3.549000 0.069451 -3.009984
v -3.549000 0.168314 -2.990319
v -5.817000 0.087386 -3.100152
v -5.817000 0.186249 -3.080487
v -5.817000 0.123801 -3.283220
v -5.817000 0.222664 -3.263555
v -3.549000 0.087386 -3.100152
v -3.549000 0.186249 -3.080487
v -3.549000 0.123801 -3.283220
v -3.549000 0.222664 -3.263555
v -5.817000 0.165832 -3.384693
v -5.817000 0.249644 -3.328691
v -5.817000 0.269532 -3.539890
v -5.817000 0.353344 -3.483889
v -3.549000 0.165832 -3.384693
v -3.549000 0.249644 -3.328691
v -3.549000 0.269532 -3.539890
v -3.549000 0.353344 -3.483889
v -5.817000 0.320608 -3.616331
v -5.817000 0.404420 -3.560330
v -5.817000 0.424307 -3.771529
v -5.817000 0.508120 -3.715527
v -3.549000 0.320608 -3.616331
v -3.549000 0.404420 -3.560330
v -3.549000 0.424307 -3.771529
v -3.549000 0.508120 -3.715527
v -5.817000 0.501971 -3.849193
v -5.817000 0.557973 -3.765380
v -5.817000 0.657169 -3.952892
v -5.817000 0.713170 -3.869080
v -3.549000 0.501971 -3.849193
v -3.549000 0.557973 -3.765380
v -3.549000 0.657169 -3.952892
v -3.549000 0.713170 -3.869080
v -5.817000 0.733609 -4.003968
v -5.817000 0.789611 -3.920156
v -5.817000 0.888807 -4.107668
v -5.817000 0.944808 -4.023856
v -3.549000 0.733609 -4.003968
v -3.549000 0.789611 -3.920156
v -3.549000 0.888807 -4.107668
v -3.549000 0.944808 -4.023856
v -5.817000 0.990279 -4.149699
v -5.817000 1.009945 -4.050836
v -5.817000 1.173348 -4.186113
v -5.817000 1.193013 -4.087250
v -3.549000 0.990279 -4.149699
v -3.549000 1.009945 -4.050836
v -3.549000 1.173348 -4.186113
v -3.549000 1.193013 -4.087250
v -5.817000 1.263515 -4.204049
v -5.817000 1.283180 -4.105186
v -5.817000 1.446584 -4.240464
v -5.817000 1.466249 -4.141600
v -3.549000 1.263515 -4.204049
v -3.549000 1.283180 -4.105186
v -3.549000 1.446584 -4.240464
v -3.549000 1.466249 -4.141600
v -5.817000 1.556416 -4.240464
v -5.817000 1.536751 -4.141600
v -5.817000 1.739485 -4.204049
v -5.817000 1.719819 -4.105186
v -3.549000 1.556416 -4.240464
v -3.549000 1.536751 -4.141600
v -3.549000 1.739485 -4.204049
v -3.549000 1.719819 -4.105186
v -5.817000 1.829652 -4.186113
v -5.817000 1.809987 -4.087250
v -5.817000 2.012720 -4.149699
v -5.817000 1.993055 -4.050836
v -3.549000 1.829652 -4.186113
v -3.549000 1.809987 -4.087250
v -3.549000 2.012720 -4.149699
v -3.549000 1.993055 -4.050836
v -5.817000 2.114193 -4.107668
v -5.817000 2.058191 -4.023856
v -5.817000 2.269390 -4.003968
v -5.817000 2.213389 -3.920156
v -3.549000 2.114193 -4.107668
v -3.549000 2.058191 -4.023856
v -3.549000 2.269390 -4.003968
v -3.549000 2.213389 -3.920156
v -5.817000 2.345831 -3.952892
v -5.817000 2.289830 -3.869080
v -5.817000 2.501029 -3.849193
v -5.817000 2.445027 -3.765380
v -3.549000 2.345831 -3.952892
v -3.549000 2.289830 -3.869080
v -3.549000 2.501029 -3.849193
v -3.549000 2.445027 -3.765380
v -5.817000 2.578693 -3.771529
v -5.817000 2.494880 -3.715527
v -5.817000 2.682392 -3.616331
v -5.817000 2.598580 -3.560330
v -3.549000 2.578693 -3.771529
v -3.549000 2.494880 -3.715527
v -3.549000 2.682392 -3.616331
v -3.549000 2.598580 -3.560330
v -5.817000 2.733468 -3.539890
v -5.817000 2.649656 -3.483889
v -5.817000 2.837168 -3.384693
v -5.817000 2.753356 -3.328691
v -3.549000 2.733468 -3.539890
v -3.549000 2.649656 -3.483889
v -3.549000 2.837168 -3.384693
v -3.549000 2.753356 -3.328691
v -5.817000 2.879199 -3.283220
v -5.817000 2.780336 -3.263555
v -5.817000 2.915613 -3.100152
v -5.817000 2.816751 -3.080487
v -3.549000 2.879199 -3.283220
v -3.549000 2.780336 -3.263555
v -3.549000 2.915613 -3.100152
v -3.549000 2.816751 -3.080487
v -5.817000 2.933549 -3.009984
v -5.817000 2.834686 -2.990319
v -5.817000 2.969964 -2.826916
v -5.817000 2.871101 -2.807251
v -3.549000 2.933549 -3.009984
v -3.549000 2.834686 -2.990319
v -3.549000 2.969964 -2.826916
v -3.549000 2.871101 -2.807251
v -5.817000 2.979900 -2.714827
v -5.817000 2.879100 -2.714827
v -5.817000 2.979900 -2.482672
v -5.817000 2.879100 -2.482672
v -3.549000 2.979900 -2.714827
v -3.549000 2.879100 -2.714827
v -3.549000 2.979900 -2.482672
v -3.549000 2.879100 -2.482672
v -5.817000 2.979900 -2.368327
v -5.817000 2.879100 -2.368327
v -5.817000 2.979900 -2.136173
v -5.817000 2.879100 -2.136173
v -3.549000 2.979900 -2.368327
v -3.549000 2.879100 -2.368327
v -3.549000 2.979900 -2.136173
v -3.549000 2.879100 -2.136173
v -5.817000 2.979900 -2.021827
v -5.817000 2.879100 -2.021827
v -5.817000 2.979900 -1.789672
v -5.817000 2.879100 -1.789672
v -3.549000 2.979900 -2.021827
v -3.549000 2.879100 -2.021827
v -3.549000 2.979900 -1.789672
v -3.549000 2.879100 -1.789672
v -5.817000 2.979900 -1.675328
v -5.817000 2.879100 -1.675328
v -5.817000 2.979900 -1.443172
v -5.817000 2.879100 -1.443172
v -3.549000 2.979900 -1.675328
v -3.549000 2.879100 -1.675328
v -3.549000 2.979900 -1.443172
v -3.549000 2.879100 -1.443172
v -5.817000 2.979900 -1.328828
v -5.817000 2.879100 -1.328828
v -5.817000 2.979900 -1.096672
v -5.817000 2.879100 -1.096672
v -3.549000 2.979900 -1.328828
v -3.549000 2.879100 -1.328828
v -3.549000 2.979900 -1.096672
v -3.549000 2.879100 -1.096672
v -5.817000 2.979900 -0.982327
v -5.817000 2.879100 -0.982327
v -5.817000 2.979900 -0.750172
v -5.817000 2.879100 -0.750172
v -3.549000 2.979900 -0.982327
v -3.549000 2.879100 -0.982327
v -3.549000 2.979900 -0.750172
v -3.549000 2.879100 -0.750172
v -5.817000 2.979900 -0.635827
v -5.817000 2.879100 -0.635827
v -5.817000 2.979900 -0.403672
v -5.817000 2.879100 -0.403672
v -3.549000 2.979900 -0.635827
v -3.549000 2.879100 -0.635827
v -3.549000 2.979900 -0.403672
v -3.549000 2.879100 -0.403672
v -5.817000 2.979900 -0.289328
v -5.817000 2.879100 -0.289328
v -5.817000 2.979900 -0.057173
v -5.817000 2.879100 -0.057173
v -3.549000 2.979900 -0.289328
v -3.549000 2.879100 -0.289328
v -3.549000 2.979900 -0.057173
v -3.549000 2.879100 -0.057173
v -5.817000 2.979900 0.057173
v -5.817000 2.879100 0.057172
v -5.817000 2.979900 0.289328
v -5.817000 2.879100 0.289328
v -3.549000 2.979900 0.057173
v -3.549000 2.879100 0.057172
v -3.549000 2.979900 0.289328
v -3.549000 2.879100 0.289328
v -5.817000 2.979900 0.403672
v -5.817000 2.879100 0.403672
v -5.817000 2.979900 0.635827
v -5.817000 2.879100 0.635827
v -3.549000 2.979900 0.403672
v -3.549000 2.879100 0.403672
v -3.549000 2.979900 0.635827
v -3.549000 2.879100 0.635827
v -5.817000 2.979900 0.750172
v -5.817000 2.879100 0.750172
v -5.817000 2.979900 0.982327
v -5.817000 2.879100 0.982327
v -3.549000 2.979900 0.750172
v -3.549000 2.879100 0.750172
v -3.549000 2.979900 0.982327
v -3.549000 2.879100 0.982327
v -5.817000 2.979900 1.096672
v -5.817000 2.879100 1.096672
v -5.817000 2.979900 1.328828
v -5.817000 2.879100 1.328828
v -3.549000 2.979900 1.096672
v -3.549000 2.879100 1.096672
v -3.549000 2.979900 1.328828
v -3.549000 2.879100 1.328828
v -5.817000 2.979900 1.443172
v -5.817000 2.879100 1.443172
v -5.817000 2.979900 1.675328
v -5.817000 2.879100 1.675328
v -3.549000 2.979900 1.443172
v -3.549000 2.879100 1.443172
v -3.549000 2.979900 1.675328
v -3.549000 2.879100 1.675328
v -5.817000 2.979900 1.789672
v -5.817000 2.879100 1.789672
v -5.817000 2.979900 2.021828
v -5.817000 2.879100 2.021828
v -3.549000 2.979900 1.789672
v -3.549000 2.879100 1.789672
v -3.549000 2.979900 2.021828
v -3.549000 2.879100 2.021828
v -5.817000 2.979900 2.136173
v -5.817000 2.879100 2.136173
v -5.817000 2.979900 2.368328
v -5.817000 2.879100 2.368328
v -3.549000 2.979900 2.136173
v -3.549000 2.879100 2.136173
v -3.549000 2.979900 2.368328
v -3.549000 2.879100 2.368328
v -5.817000 2.979900 2.482673
v -5.817000 2.879100 2.482673
v -5.817000 2.979900 2.714828
v -5.817000 2.879100 2.714828
v -3.549000 2.979900 2.482673
v -3.549000 2.879100 2.482673
v -3.549000 2.979900 2.714828
v -3.549000 2.879100 2.714828
v -5.817000 2.969964 2.826916
v -5.817000 2.871101 2.807251
v -5.817000 2.933549 3.009984
v -5.817000 2.834686 2.990319
v -3.549000 2.969964 2.826916
v -3.549000 2.871101 2.807251
v -3.549000 2.933549 3.009984
v -3.549000 2.834686 2.990319
v -5.817000 2.915613 3.100152
v -5.817000 2.816751 3.080487
v -5.817000 2.879199 3.283221
v -5.817000 2.780336 3.263556
v -3.549000 2.915613 3.100152
v -3.549000 2.816751 3.080487
v -3.549000 2.879199 3.283221
v -3.549000 2.780336 3.263556
v -5.817000 2.837168 3.384693
v -5.817000 2.753356 3.328691
v -5.817000 2.733468 3.539890
v -5.817000 2.649656 3.483889
v -3.549000 2.837168 3.384693
v -3.549000 2.753356 3.328691
v -3.549000 2.733468 3.539890
v -3.549000 2.649656 3.483889
v -5.817000 2.682392 3.616332
v -5.817000 2.598580 3.560330
v -5.817000 2.578693 3.771529
v -5.817000 2.494880 3.715528
v -3.549000 2.682392 3.616332
v -3.549000 2.598580 3.560330
v -3.549000 2.578693 3.771529
v -3.549000 2.494880 3.715528
v -5.817000 2.501029 3.849193
v -5.817000 2.445027 3.765380
v -5.817000 2.345831 3.952892
v -5.817000 2.289830 3.869080
v -3.549000 2.501029 3.849193
v -3.549000 2.445027 3.765380
v -3.549000 2.345831 3.952892
v -3.549000 2.289830 3.869080
v -5.817000 2.269390 4.003968
v -5.817000 2.213389 3.920156
v -5.817000 2.114193 4.107668
v -5.817000 2.058191 4.023856
v -3.549000 2.269390 4.003968
v -3.549000 2.213389 3.920156
v -3.549000 2.114193 4.107668
v -3.549000 2.058191 4.023856
v -5.817000 2.012720 4.149699
v -5.817000 1.993055 4.050836
v -5.817000 1.829652 4.186113
v -5.817000 1.809987 4.087250
v -3.549000 2.012720 4.149699
v -3.549000 1.993055 4.050836
v -3.549000 1.829652 4.186113
v -3.549000 1.809987 4.087250
v -5.817000 1.739485 4.204049
v -5.817000 1.719819 4.105186
v -5.817000 1.556416 4.240464
v -5.817000 1.536751 4.141600
v -3.549000 1.739485 4.204049
v -3.549000 1.719819 4.105186
v -3.549000 1.556416 4.240464
v -3.549000 1.536751 4.141600
v -5.817000 1.446584 4.240464
v -5.817000 1.466249 4.141600
v -5.817000 1.263515 4.204049
v -5.817000 1.283180 4.105186
v -3.549000 1.446584 4.240464
v -3.549000 1.466249 4.141600
v -3.549000 1.263515 4.204049
v -3.549000 1.283180 4.105186
v -5.817000 1.173348 4.186113
v -5.817000 1.193013 4.087250
v -5.817000 0.990279 4.149699
v -5.817000 1.009945 4.050836
v -3.549000 1.173348 4.186113
v -3.549000 1.193013 4.087250
v -3.549000 0.990279 4.149699
v -3.549000 1.009945 4.050836
v -5.817000 0.888807 4.107668
v -5.817000 0.944808 4.023856
v -5.817000 0.733609 4.003968
v -5.817000 0.789611 3.920156
v -3.549000 0.888807 4.107668
v -3.549000 0.944808 4.023856
v -3.549000 0.733609 4.003968
v -3.549000 0.789611 3.920156
v -5.817000 0.657169 3.952892
v -5.817000 0.713170 3.869080
v -5.817000 0.501971 3.849193
v -5.817000 0.557973 3.765380
v -3.549000 0.657169 3.952892
v -3.549000 0.713170 3.869080
v -3.549000 0.501971 3.849193
v -3.549000 0.557973 3.765380
v -5.817000 0.424307 3.771529
v -5.817000 0.508120 3.715528
v -5.817000 0.320608 3.616332
v -5.817000 0.404420 3.560330
v -3.549000 0.424307 3.771529
v -3.549000 0.508120 3.715528
v -3.549000 0.320608 3.616332
v -3.549000 0.404420 3.560330
v -5.817000 0.269532 3.539890
v -5.817000 0.353344 3.483889
v -5.817000 0.165832 3.384693
v -5.817000 0.249644 3.328691
v -3.549000 0.269532 3.539890
v -3.549000 0.353344 3.483889
v -3.549000 0.165832 3.384693
v -3.549000 0.249644 3.328691
v -5.817000 0.123801 3.283221
v -5.817000 0.222664 3.263556
v -5.817000 0.087386 3.100152
v -5.817000 0.186249 3.080487
v -3.549000 0.123801 3.283221
v -3.549000 0.222664 3.263556
v -3.549000 0.087386 3.100152
v -3.549000 0.186249 3.080487
v -5.817000 0.069451 3.009984
v -5.817000 0.168314 2.990319
v -5.817000 0.033036 2.826916
v -5.817000 0.131899 2.807251
v -3.549000 0.069451 3.009984
v -3.549000 0.168314 2.990319
v -3.549000 0.033036 2.826916
v -3.549000 0.131899 2.807251
v -5.817000 0.023100 2.714828
v -5.817000 0.123900 2.714828
v -5.817000 0.023100 2.482673
v -5.817000 0.123900 2.482673
v -3.549000 0.023100 2.714828
v -3.549000 0.123900 2.714828
v -3.549000 0.023100 2.482673
v -3.549000 0.123900 2.482673
v -5.817000 0.023100 2.368328
v -5.817000 0.123900 2.368328
v -5.817000 0.023100 2.136173
v -5.817000 0.123900 2.136173
v -3.549000 0.023100 2.368328
v -3.549000 0.123900 2.368328
v -3.549000 0.023100 2.136173
v -3.549000 0.123900 2.136173
v -5.817000 0.023100 2.021828
v -5.817000 0.123900 2.021828
v -5.817000 0.023100 1.789672
v -5.817000 0.123900 1.789672
v -3.549000 0.023100 2.021828
v -3.549000 0.123900 2.021828
v -3.549000 0.023100 1.789672
v -3.549000 0.123900 1.789672
v -5.817000 0.023100 1.675328
v -5.817000 0.123900 1.675328
v -5.817000 0.023100 1.443172
v -5.817000 0.123900 1.443172
v -3.549000 0.023100 1.675328
v -3.549000 0.123900 1.675328
v -3.549000 0.023100 1.443172
v -3.549000 0.123900 1.443172
v -5.817000 0.023100 1.328828
v -5.817000 0.123900 1.328828
v -5.817000 0.023100 1.096672
v -5.817000 0.123900 1.096672
v -3.549000 0.023100 1.328828
v -3.549000 0.123900 1.328828
v -3.549000 0.023100 1.096672
v -3.549000 0.123900 1.096672
v -5.817000 0.023100 0.982327
v -5.817000 0.123900 0.982327
v -5.817000 0.023100 0.750172
v -5.817000 0.123900 0.750172
v -3.549000 0.023100 0.982327
v -3.549000 0.123900 0.982327
v -3.549000 0.023100 0.750172
v -3.549000 0.123900 0.750172
v -5.817000 0.023100 0.635827
v -5.817000 0.123900 0.635827
v -5.817000 0.023100 0.403672
v -5.817000 0.123900 0.403672
v -3.549000 0.023100 0.635827
v -3.549000 0.123900 0.635827
v -3.549000 0.023100 0.403672
v -3.549000 0.123900 0.403672
v -5.817000 0.023100 0.289328
v -5.817000 0.123900 0.289328
v -5.817000 0.023100 0.057172
v -5.817000 0.123900 0.057172
v -3.549000 0.023100 0.289328
v -3.549000 0.123900 0.289328
v -3.549000 0.023100 0.057172
v -3.549000 0.123900 0.057172
v -5.817000 0.023100 -0.057173
v -5.817000 0.123900 -0.057173
v -5.817000 0.023100 -0.289328
v -5.817000 0.123900 -0.289328
v -3.549000 0.023100 -0.057173
v -3.549000 0.123900 -0.057173
v -3.549000 0.023100 -0.289328
v -3.549000 0.123900 -0.289328
v -5.817000 0.023100 -0.403672
v -5.817000 0.123900 -0.403672
v -5.817000 0.023100 -0.635827
v -5.817000 0.123900 -0.635827
v -3.549000 0.023100 -0.403672
v -3.549000 0.123900 -0.403672
v -3.549000 0.023100 -0.635827
v -3.549000 0.123900 -0.635827
v -5.817000 0.023100 -0.750172
v -5.817000 0.123900 -0.750172
v -5.817000 0.023100 -0.982327
v -5.817000 0.123900 -0.982327
v -3.549000 0.023100 -0.750172
v -3.549000 0.123900 -0.750172
v -3.549000 0.023100 -0.982327
v -3.549000 0.123900 -0.982327
v -5.817000 0.023100 -1.096672
v -5.817000 0.123900 -1.096672
v -5.817000 0.023100 -1.328828
v -5.817000 0.123900 -1.328828
v -3.549000 0.023100 -1.096672
v -3.549000 0.123900 -1.096672
v -3.549000 0.023100 -1.328828
v -3.549000 0.123900 -1.328828
v -5.817000 0.023100 -1.443172
v -5.817000 0.123900 -1.443172
v -5.817000 0.023100 -1.675328
v -5.817000 0.123900 -1.675328
v -3.549000 0.023100 -1.443172
v -3.549000 0.123900 -1.443172
v -3.549000 0.023100 -1.675328
v -3.549000 0.123900 -1.675328
v -5.817000 0.023100 -1.789672
v -5.817000 0.123900 -1.789672
v -5.817000 0.023100 -2.021827
v -5.817000 0.123900 -2.021827
v -3.549000 0.023100 -1.789672
v -3.549000 0.123900 -1.789672
v -3.549000 0.023100 -2.021827
v -3.549000 0.123900 -2.021827
v -5.817000 0.023100 -2.136173
v -5.817000 0.123900 -2.136173
v -5.817000 0.023100 -2.368327
v -5.817000 0.123900 -2.368327
v -3.549000 0.023100 -2.136173
v -3.549000 0.123900 -2.136173
v -3.549000 0.023100 -2.368327
v -3.549000 0.123900 -2.368327
v -5.817000 0.023100 -2.482672
v -5.817000 0.123900 -2.482672
v -5.817000 0.023100 -2.714827
v -5.817000 0.123900 -2.714827
v -3.549000 0.023100 -2.482672
v -3.549000 0.123900 -2.482672
v -3.549000 0.023100 -2.714827
v -3.549000 0.123900 -2.714827
vn -0.0000 -0.9808 -0.1951
vn -0.0000 -0.8315 -0.5556
vn -0.0000 -0.5556 -0.8315
vn -0.0000 -0.1951 -0.9808
vn -0.0000 0.1951 -0.9808
vn -0.0000 0.5556 -0.8315
vn -0.0000 0.8315 -0.5556
vn -0.0000 0.9808 -0.1951
vn -0.0000 1.0000 -0.0000
vn -0.0000 0.9808 0.1951
vn -0.0000 0.8315 0.5556
vn -0.0000 0.5556 0.8315
vn -0.0000 0.1951 0.9808
vn -0.0000 -0.1951 0.9808
vn -0.0000 -0.5556 0.8315
vn -0.0000 -0.8315 0.5556
vn -0.0000 -0.9808 0.1951
vn -0.0000 -1.0000 -0.0000
vn -0.0000 -0.2588 -0.9659
vn -0.0000 -0.7071 -0.7071
vn -0.0000 -0.9659 -0.2588
vn -0.0000 -0.9659 0.2588
vn -0.0000 -0.7071 0.7071
vn -0.0000 -0.2588 0.9659
vn -0.0000 0.2588 0.9659
vn -0.0000 0.7071 0.7071
vn -0.0000 0.9659 0.2588
vn -0.0000 0.9659 -0.2588
vn 1.0000 -0.0000 -0.0000
vn -0.0000 0.7071 -0.7071
vn -0.0000 0.2588 -0.9659
vn -1.0000 -0.0000 -0.0000
vn -0.0000 -0.3090 -0.9511
vn -0.0000 -0.8090 -0.5878
vn -0.0000 -0.8090 0.5878
vn -0.0000 -0.3090 0.9511
vn -0.0000 0.3090 0.9511
vn -0.0000 0.8090 0.5878
vn -0.0000 0.8090 -0.5878
vn -0.0000 0.3090 -0.9511
vn -0.0000 -0.0000 1.0000
vn -0.0000 -0.0000 -1.0000
vt 0.875000 0.125000
vt 0.625000 0.125000
vt 0.125000 0.375000
s 0
usemtl MilitaryEnemyPalette.003
f 1/1/1 2/1/1 20/1/1 19/1/1
f 2/1/2 3/1/2 21/1/2 20/1/2
f 3/1/3 4/1/3 22/1/3 21/1/3
f 4/1/4 5/1/4 23/1/4 22/1/4
f 5/1/5 6/1/5 24/1/5 23/1/5
f 6/1/6 7/1/6 25/1/6 24/1/6
f 7/1/7 8/1/7 26/1/7 25/1/7
f 8/1/8 9/1/8 27/1/8 26/1/8
f 9/1/9 10/1/9 28/1/9 27/1/9
f 10/1/10 11/1/10 29/1/10 28/1/10
f 11/1/11 12/1/11 30/1/11 29/1/11
f 12/1/12 13/1/12 31/1/12 30/1/12
f 13/1/13 14/1/13 32/1/13 31/1/13
f 14/1/14 15/1/14 33/1/14 32/1/14
f 15/1/15 16/1/15 34/1/15 33/1/15
f 16/1/16 17/1/16 35/1/16 34/1/16
f 17/1/17 18/1/17 36/1/17 35/1/17
f 18/1/18 1/1/18 19/1/18 36/1/18
f 37/2/19 38/2/19 40/2/19 39/2/19
f 39/2/20 40/2/20 42/2/20 41/2/20
f 41/2/21 42/2/21 44/2/21 43/2/21
f 43/2/22 44/2/22 46/2/22 45/2/22
f 45/2/23 46/2/23 48/2/23 47/2/23
f 47/2/24 48/2/24 50/2/24 49/2/24
f 49/2/25 50/2/25 52/2/25 51/2/25
f 51/2/26 52/2/26 54/2/26 53/2/26
f 53/2/27 54/2/27 56/2/27 55/2/27
f 55/2/28 56/2/28 58/2/28 57/2/28
f 40/2/29 38/2/29 60/2/29 58/2/29 56/2/29 54/2/29 52/2/29 50/2/29 48/2/29 46/2/29 44/2/29 42/2/29
f 57/2/30 58/2/30 60/2/30 59/2/30
f 59/2/31 60/2/31 38/2/31 37/2/31
f 37/2/32 39/2/32 41/2/32 43/2/32 45/2/32 47/2/32 49/2/32 51/2/32 53/2/32 55/2/32 57/2/32 59/2/32
f 61/3/33 62/3/33 64/3/33 63/3/33
f 63/3/34 64/3/34 66/3/34 65/3/34
f 65/3/18 66/3/18 68/3/18 67/3/18
f 67/3/35 68/3/35 70/3/35 69/3/35
f 69/3/36 70/3/36 72/3/36 71/3/36
f 71/3/37 72/3/37 74/3/37 73/3/37
f 73/3/38 74/3/38 76/3/38 75/3/38
f 75/3/9 76/3/9 78/3/9 77/3/9
f 64/3/29 62/3/29 80/3/29 78/3/29 76/3/29 74/3/29 72/3/29 70/3/29 68/3/29 66/3/29
f 77/3/39 78/3/39 80/3/39 79/3/39
f 79/3/40 80/3/40 62/3/40 61/3/40
f 61/3/32 63/3/32 65/3/32 67/3/32 69/3/32 71/3/32 73/3/32 75/3/32 77/3/32 79/3/32
f 81/3/33 82/3/33 84/3/33 83/3/33
f 83/3/34 84/3/34 86/3/34 85/3/34
f 85/3/18 86/3/18 88/3/18 87/3/18
f 87/3/35 88/3/35 90/3/35 89/3/35
f 89/3/36 90/3/36 92/3/36 91/3/36
f 91/3/37 92/3/37 94/3/37 93/3/37
f 93/3/38 94/3/38 96/3/38 95/3/38
f 95/3/9 96/3/9 98/3/9 97/3/9
f 84/3/29 82/3/29 100/3/29 98/3/29 96/3/29 94/3/29 92/3/29 90/3/29 88/3/29 86/3/29
f 97/3/39 98/3/39 100/3/39 99/3/39
f 99/3/40 100/3/40 82/3/40 81/3/40
f 81/3/32 83/3/32 85/3/32 87/3/32 89/3/32 91/3/32 93/3/32 95/3/32 97/3/32 99/3/32
f 101/2/19 102/2/19 104/2/19 103/2/19
f 103/2/20 104/2/20 106/2/20 105/2/20
f 105/2/21 106/2/21 108/2/21 107/2/21
f 107/2/22 108/2/22 110/2/22 109/2/22
f 109/2/23 110/2/23 112/2/23 111/2/23
f 111/2/24 112/2/24 114/2/24 113/2/24
f 113/2/25 114/2/25 116/2/25 115/2/25
f 115/2/26 116/2/26 118/2/26 117/2/26
f 117/2/27 118/2/27 120/2/27 119/2/27
f 119/2/28 120/2/28 122/2/28 121/2/28
f 104/2/29 102/2/29 124/2/29 122/2/29 120/2/29 118/2/29 116/2/29 114/2/29 112/2/29 110/2/29 108/2/29 106/2/29
f 121/2/30 122/2/30 124/2/30 123/2/30
f 123/2/31 124/2/31 102/2/31 101/2/31
f 101/2/32 103/2/32 105/2/32 107/2/32 109/2/32 111/2/32 113/2/32 115/2/32 117/2/32 119/2/32 121/2/32 123/2/32
f 125/3/33 126/3/33 128/3/33 127/3/33
f 127/3/34 128/3/34 130/3/34 129/3/34
f 129/3/18 130/3/18 132/3/18 131/3/18
f 131/3/35 132/3/35 134/3/35 133/3/35
f 133/3/36 134/3/36 136/3/36 135/3/36
f 135/3/37 136/3/37 138/3/37 137/3/37
f 137/3/38 138/3/38 140/3/38 139/3/38
f 139/3/9 140/3/9 142/3/9 141/3/9
f 128/3/29 126/3/29 144/3/29 142/3/29 140/3/29 138/3/29 136/3/29 134/3/29 132/3/29 130/3/29
f 141/3/39 142/3/39 144/3/39 143/3/39
f 143/3/40 144/3/40 126/3/40 125/3/40
f 125/3/32 127/3/32 129/3/32 131/3/32 133/3/32 135/3/32 137/3/32 139/3/32 141/3/32 143/3/32
f 145/3/33 146/3/33 148/3/33 147/3/33
f 147/3/34 148/3/34 150/3/34 149/3/34
f 149/3/18 150/3/18 152/3/18 151/3/18
f 151/3/35 152/3/35 154/3/35 153/3/35
f 153/3/36 154/3/36 156/3/36 155/3/36
f 155/3/37 156/3/37 158/3/37 157/3/37
f 157/3/38 158/3/38 160/3/38 159/3/38
f 159/3/9 160/3/9 162/3/9 161/3/9
f 148/3/29 146/3/29 164/3/29 162/3/29 160/3/29 158/3/29 156/3/29 154/3/29 152/3/29 150/3/29
f 161/3/39 162/3/39 164/3/39 163/3/39
f 163/3/40 164/3/40 146/3/40 145/3/40
f 145/3/32 147/3/32 149/3/32 151/3/32 153/3/32 155/3/32 157/3/32 159/3/32 161/3/32 163/3/32
f 165/2/19 166/2/19 168/2/19 167/2/19
f 167/2/20 168/2/20 170/2/20 169/2/20
f 169/2/21 170/2/21 172/2/21 171/2/21
f 171/2/22 172/2/22 174/2/22 173/2/22
f 173/2/23 174/2/23 176/2/23 175/2/23
f 175/2/24 176/2/24 178/2/24 177/2/24
f 177/2/25 178/2/25 180/2/25 179/2/25
f 179/2/26 180/2/26 182/2/26 181/2/26
f 181/2/27 182/2/27 184/2/27 183/2/27
f 183/2/28 184/2/28 186/2/28 185/2/28
f 168/2/29 166/2/29 188/2/29 186/2/29 184/2/29 182/2/29 180/2/29 178/2/29 176/2/29 174/2/29 172/2/29 170/2/29
f 185/2/30 186/2/30 188/2/30 187/2/30
f 187/2/31 188/2/31 166/2/31 165/2/31
f 165/2/32 167/2/32 169/2/32 171/2/32 173/2/32 175/2/32 177/2/32 179/2/32 181/2/32 183/2/32 185/2/32 187/2/32
f 189/3/33 190/3/33 192/3/33 191/3/33
f 191/3/34 192/3/34 194/3/34 193/3/34
f 193/3/18 194/3/18 196/3/18 195/3/18
f 195/3/35 196/3/35 198/3/35 197/3/35
f 197/3/36 198/3/36 200/3/36 199/3/36
f 199/3/37 200/3/37 202/3/37 201/3/37
f 201/3/38 202/3/38 204/3/38 203/3/38
f 203/3/9 204/3/9 206/3/9 205/3/9
f 192/3/29 190/3/29 208/3/29 206/3/29 204/3/29 202/3/29 200/3/29 198/3/29 196/3/29 194/3/29
f 205/3/39 206/3/39 208/3/39 207/3/39
f 207/3/40 208/3/40 190/3/40 189/3/40
f 189/3/32 191/3/32 193/3/32 195/3/32 197/3/32 199/3/32 201/3/32 203/3/32 205/3/32 207/3/32
f 209/3/33 210/3/33 212/3/33 211/3/33
f 211/3/34 212/3/34 214/3/34 213/3/34
f 213/3/18 214/3/18 216/3/18 215/3/18
f 215/3/35 216/3/35 218/3/35 217/3/35
f 217/3/36 218/3/36 220/3/36 219/3/36
f 219/3/37 220/3/37 222/3/37 221/3/37
f 221/3/38 222/3/38 224/3/38 223/3/38
f 223/3/9 224/3/9 226/3/9 225/3/9
f 212/3/29 210/3/29 228/3/29 226/3/29 224/3/29 222/3/29 220/3/29 218/3/29 216/3/29 214/3/29
f 225/3/39 226/3/39 228/3/39 227/3/39
f 227/3/40 228/3/40 210/3/40 209/3/40
f 209/3/32 211/3/32 213/3/32 215/3/32 217/3/32 219/3/32 221/3/32 223/3/32 225/3/32 227/3/32
f 229/2/19 230/2/19 232/2/19 231/2/19
f 231/2/20 232/2/20 234/2/20 233/2/20
f 233/2/21 234/2/21 236/2/21 235/2/21
f 235/2/22 236/2/22 238/2/22 237/2/22
f 237/2/23 238/2/23 240/2/23 239/2/23
f 239/2/24 240/2/24 242/2/24 241/2/24
f 241/2/25 242/2/25 244/2/25 243/2/25
f 243/2/26 244/2/26 246/2/26 245/2/26
f 245/2/27 246/2/27 248/2/27 247/2/27
f 247/2/28 248/2/28 250/2/28 249/2/28
f 232/2/29 230/2/29 252/2/29 250/2/29 248/2/29 246/2/29 244/2/29 242/2/29 240/2/29 238/2/29 236/2/29 234/2/29
f 249/2/30 250/2/30 252/2/30 251/2/30
f 251/2/31 252/2/31 230/2/31 229/2/31
f 229/2/32 231/2/32 233/2/32 235/2/32 237/2/32 239/2/32 241/2/32 243/2/32 245/2/32 247/2/32 249/2/32 251/2/32
f 253/3/33 254/3/33 256/3/33 255/3/33
f 255/3/34 256/3/34 258/3/34 257/3/34
f 257/3/18 258/3/18 260/3/18 259/3/18
f 259/3/35 260/3/35 262/3/35 261/3/35
f 261/3/36 262/3/36 264/3/36 263/3/36
f 263/3/37 264/3/37 266/3/37 265/3/37
f 265/3/38 266/3/38 268/3/38 267/3/38
f 267/3/9 268/3/9 270/3/9 269/3/9
f 256/3/29 254/3/29 272/3/29 270/3/29 268/3/29 266/3/29 264/3/29 262/3/29 260/3/29 258/3/29
f 269/3/39 270/3/39 272/3/39 271/3/39
f 271/3/40 272/3/40 254/3/40 253/3/40
f 253/3/32 255/3/32 257/3/32 259/3/32 261/3/32 263/3/32 265/3/32 267/3/32 269/3/32 271/3/32
f 273/3/33 274/3/33 276/3/33 275/3/33
f 275/3/34 276/3/34 278/3/34 277/3/34
f 277/3/18 278/3/18 280/3/18 279/3/18
f 279/3/35 280/3/35 282/3/35 281/3/35
f 281/3/36 282/3/36 284/3/36 283/3/36
f 283/3/37 284/3/37 286/3/37 285/3/37
f 285/3/38 286/3/38 288/3/38 287/3/38
f 287/3/9 288/3/9 290/3/9 289/3/9
f 276/3/29 274/3/29 292/3/29 290/3/29 288/3/29 286/3/29 284/3/29 282/3/29 280/3/29 278/3/29
f 289/3/39 290/3/39 292/3/39 291/3/39
f 291/3/40 292/3/40 274/3/40 273/3/40
f 273/3/32 275/3/32 277/3/32 279/3/32 281/3/32 283/3/32 285/3/32 287/3/32 289/3/32 291/3/32
f 293/2/19 294/2/19 296/2/19 295/2/19
f 295/2/20 296/2/20 298/2/20 297/2/20
f 297/2/21 298/2/21 300/2/21 299/2/21
f 299/2/22 300/2/22 302/2/22 301/2/22
f 301/2/23 302/2/23 304/2/23 303/2/23
f 303/2/24 304/2/24 306/2/24 305/2/24
f 305/2/25 306/2/25 308/2/25 307/2/25
f 307/2/26 308/2/26 310/2/26 309/2/26
f 309/2/27 310/2/27 312/2/27 311/2/27
f 311/2/28 312/2/28 314/2/28 313/2/28
f 296/2/29 294/2/29 316/2/29 314/2/29 312/2/29 310/2/29 308/2/29 306/2/29 304/2/29 302/2/29 300/2/29 298/2/29
f 313/2/30 314/2/30 316/2/30 315/2/30
f 315/2/31 316/2/31 294/2/31 293/2/31
f 293/2/32 295/2/32 297/2/32 299/2/32 301/2/32 303/2/32 305/2/32 307/2/32 309/2/32 311/2/32 313/2/32 315/2/32
f 317/3/33 318/3/33 320/3/33 319/3/33
f 319/3/34 320/3/34 322/3/34 321/3/34
f 321/3/18 322/3/18 324/3/18 323/3/18
f 323/3/35 324/3/35 326/3/35 325/3/35
f 325/3/36 326/3/36 328/3/36 327/3/36
f 327/3/37 328/3/37 330/3/37 329/3/37
f 329/3/38 330/3/38 332/3/38 331/3/38
f 331/3/9 332/3/9 334/3/9 333/3/9
f 320/3/29 318/3/29 336/3/29 334/3/29 332/3/29 330/3/29 328/3/29 326/3/29 324/3/29 322/3/29
f 333/3/39 334/3/39 336/3/39 335/3/39
f 335/3/40 336/3/40 318/3/40 317/3/40
f 317/3/32 319/3/32 321/3/32 323/3/32 325/3/32 327/3/32 329/3/32 331/3/32 333/3/32 335/3/32
f 337/3/33 338/3/33 340/3/33 339/3/33
f 339/3/34 340/3/34 342/3/34 341/3/34
f 341/3/18 342/3/18 344/3/18 343/3/18
f 343/3/35 344/3/35 346/3/35 345/3/35
f 345/3/36 346/3/36 348/3/36 347/3/36
f 347/3/37 348/3/37 350/3/37 349/3/37
f 349/3/38 350/3/38 352/3/38 351/3/38
f 351/3/9 352/3/9 354/3/9 353/3/9
f 340/3/29 338/3/29 356/3/29 354/3/29 352/3/29 350/3/29 348/3/29 346/3/29 344/3/29 342/3/29
f 353/3/39 354/3/39 356/3/39 355/3/39
f 355/3/40 356/3/40 338/3/40 337/3/40
f 337/3/32 339/3/32 341/3/32 343/3/32 345/3/32 347/3/32 349/3/32 351/3/32 353/3/32 355/3/32
f 357/2/19 358/2/19 360/2/19 359/2/19
f 359/2/20 360/2/20 362/2/20 361/2/20
f 361/2/21 362/2/21 364/2/21 363/2/21
f 363/2/22 364/2/22 366/2/22 365/2/22
f 365/2/23 366/2/23 368/2/23 367/2/23
f 367/2/24 368/2/24 370/2/24 369/2/24
f 369/2/25 370/2/25 372/2/25 371/2/25
f 371/2/26 372/2/26 374/2/26 373/2/26
f 373/2/27 374/2/27 376/2/27 375/2/27
f 375/2/28 376/2/28 378/2/28 377/2/28
f 360/2/29 358/2/29 380/2/29 378/2/29 376/2/29 374/2/29 372/2/29 370/2/29 368/2/29 366/2/29 364/2/29 362/2/29
f 377/2/30 378/2/30 380/2/30 379/2/30
f 379/2/31 380/2/31 358/2/31 357/2/31
f 357/2/32 359/2/32 361/2/32 363/2/32 365/2/32 367/2/32 369/2/32 371/2/32 373/2/32 375/2/32 377/2/32 379/2/32
f 381/3/33 382/3/33 384/3/33 383/3/33
f 383/3/34 384/3/34 386/3/34 385/3/34
f 385/3/18 386/3/18 388/3/18 387/3/18
f 387/3/35 388/3/35 390/3/35 389/3/35
f 389/3/36 390/3/36 392/3/36 391/3/36
f 391/3/37 392/3/37 394/3/37 393/3/37
f 393/3/38 394/3/38 396/3/38 395/3/38
f 395/3/9 396/3/9 398/3/9 397/3/9
f 384/3/29 382/3/29 400/3/29 398/3/29 396/3/29 394/3/29 392/3/29 390/3/29 388/3/29 386/3/29
f 397/3/39 398/3/39 400/3/39 399/3/39
f 399/3/40 400/3/40 382/3/40 381/3/40
f 381/3/32 383/3/32 385/3/32 387/3/32 389/3/32 391/3/32 393/3/32 395/3/32 397/3/32 399/3/32
f 401/3/33 402/3/33 404/3/33 403/3/33
f 403/3/34 404/3/34 406/3/34 405/3/34
f 405/3/18 406/3/18 408/3/18 407/3/18
f 407/3/35 408/3/35 410/3/35 409/3/35
f 409/3/36 410/3/36 412/3/36 411/3/36
f 411/3/37 412/3/37 414/3/37 413/3/37
f 413/3/38 414/3/38 416/3/38 415/3/38
f 415/3/9 416/3/9 418/3/9 417/3/9
f 404/3/29 402/3/29 420/3/29 418/3/29 416/3/29 414/3/29 412/3/29 410/3/29 408/3/29 406/3/29
f 417/3/39 418/3/39 420/3/39 419/3/39
f 419/3/40 420/3/40 402/3/40 401/3/40
f 401/3/32 403/3/32 405/3/32 407/3/32 409/3/32 411/3/32 413/3/32 415/3/32 417/3/32 419/3/32
f 421/3/32 422/3/32 424/3/32 423/3/32
f 423/3/5 424/3/5 428/3/5 427/3/5
f 427/3/29 428/3/29 426/3/29 425/3/29
f 425/3/14 426/3/14 422/3/14 421/3/14
f 423/3/1 427/3/1 425/3/1 421/3/1
f 428/3/10 424/3/10 422/3/10 426/3/10
f 429/3/32 430/3/32 432/3/32 431/3/32
f 431/3/5 432/3/5 436/3/5 435/3/5
f 435/3/29 436/3/29 434/3/29 433/3/29
f 433/3/14 434/3/14 430/3/14 429/3/14
f 431/3/1 435/3/1 433/3/1 429/3/1
f 436/3/10 432/3/10 430/3/10 434/3/10
f 437/3/32 438/3/32 440/3/32 439/3/32
f 439/3/6 440/3/6 444/3/6 443/3/6
f 443/3/29 444/3/29 442/3/29 441/3/29
f 441/3/15 442/3/15 438/3/15 437/3/15
f 439/3/2 443/3/2 441/3/2 437/3/2
f 444/3/11 440/3/11 438/3/11 442/3/11
f 445/3/32 446/3/32 448/3/32 447/3/32
f 447/3/6 448/3/6 452/3/6 451/3/6
f 451/3/29 452/3/29 450/3/29 449/3/29
f 449/3/15 450/3/15 446/3/15 445/3/15
f 447/3/2 451/3/2 449/3/2 445/3/2
f 452/3/11 448/3/11 446/3/11 450/3/11
f 453/3/32 454/3/32 456/3/32 455/3/32
f 455/3/7 456/3/7 460/3/7 459/3/7
f 459/3/29 460/3/29 458/3/29 457/3/29
f 457/3/16 458/3/16 454/3/16 453/3/16
f 455/3/3 459/3/3 457/3/3 453/3/3
f 460/3/12 456/3/12 454/3/12 458/3/12
f 461/3/32 462/3/32 464/3/32 463/3/32
f 463/3/7 464/3/7 468/3/7 467/3/7
f 467/3/29 468/3/29 466/3/29 465/3/29
f 465/3/16 466/3/16 462/3/16 461/3/16
f 463/3/3 467/3/3 465/3/3 461/3/3
f 468/3/12 464/3/12 462/3/12 466/3/12
f 469/3/32 470/3/32 472/3/32 471/3/32
f 471/3/8 472/3/8 476/3/8 475/3/8
f 475/3/29 476/3/29 474/3/29 473/3/29
f 473/3/17 474/3/17 470/3/17 469/3/17
f 471/3/4 475/3/4 473/3/4 469/3/4
f 476/3/13 472/3/13 470/3/13 474/3/13
f 477/3/32 478/3/32 480/3/32 479/3/32
f 479/3/8 480/3/8 484/3/8 483/3/8
f 483/3/29 484/3/29 482/3/29 481/3/29
f 481/3/17 482/3/17 478/3/17 477/3/17
f 479/3/4 483/3/4 481/3/4 477/3/4
f 484/3/13 480/3/13 478/3/13 482/3/13
f 485/3/32 486/3/32 488/3/32 487/3/32
f 487/3/10 488/3/10 492/3/10 491/3/10
f 491/3/29 492/3/29 490/3/29 489/3/29
f 489/3/1 490/3/1 486/3/1 485/3/1
f 487/3/5 491/3/5 489/3/5 485/3/5
f 492/3/14 488/3/14 486/3/14 490/3/14
f 493/3/32 494/3/32 496/3/32 495/3/32
f 495/3/10 496/3/10 500/3/10 499/3/10
f 499/3/29 500/3/29 498/3/29 497/3/29
f 497/3/1 498/3/1 494/3/1 493/3/1
f 495/3/5 499/3/5 497/3/5 493/3/5
f 500/3/14 496/3/14 494/3/14 498/3/14
f 501/3/32 502/3/32 504/3/32 503/3/32
f 503/3/11 504/3/11 508/3/11 507/3/11
f 507/3/29 508/3/29 506/3/29 505/3/29
f 505/3/2 506/3/2 502/3/2 501/3/2
f 503/3/6 507/3/6 505/3/6 501/3/6
f 508/3/15 504/3/15 502/3/15 506/3/15
f 509/3/32 510/3/32 512/3/32 511/3/32
f 511/3/11 512/3/11 516/3/11 515/3/11
f 515/3/29 516/3/29 514/3/29 513/3/29
f 513/3/2 514/3/2 510/3/2 509/3/2
f 511/3/6 515/3/6 513/3/6 509/3/6
f 516/3/15 512/3/15 510/3/15 514/3/15
f 517/3/32 518/3/32 520/3/32 519/3/32
f 519/3/12 520/3/12 524/3/12 523/3/12
f 523/3/29 524/3/29 522/3/29 521/3/29
f 521/3/3 522/3/3 518/3/3 517/3/3
f 519/3/7 523/3/7 521/3/7 517/3/7
f 524/3/16 520/3/16 518/3/16 522/3/16
f 525/3/32 526/3/32 528/3/32 527/3/32
f 527/3/12 528/3/12 532/3/12 531/3/12
f 531/3/29 532/3/29 530/3/29 529/3/29
f 529/3/3 530/3/3 526/3/3 525/3/3
f 527/3/7 531/3/7 529/3/7 525/3/7
f 532/3/16 528/3/16 526/3/16 530/3/16
f 533/3/32 534/3/32 536/3/32 535/3/32
f 535/3/13 536/3/13 540/3/13 539/3/13
f 539/3/29 540/3/29 538/3/29 537/3/29
f 537/3/4 538/3/4 534/3/4 533/3/4
f 535/3/8 539/3/8 537/3/8 533/3/8
f 540/3/17 536/3/17 534/3/17 538/3/17
f 541/3/32 542/3/32 544/3/32 543/3/32
f 543/3/13 544/3/13 548/3/13 547/3/13
f 547/3/29 548/3/29 546/3/29 545/3/29
f 545/3/4 546/3/4 542/3/4 541/3/4
f 543/3/8 547/3/8 545/3/8 541/3/8
f 548/3/17 544/3/17 542/3/17 546/3/17
f 549/3/32 550/3/32 552/3/32 551/3/32
f 551/3/41 552/3/41 556/3/41 555/3/41
f 555/3/29 556/3/29 554/3/29 553/3/29
f 553/3/42 554/3/42 550/3/42 549/3/42
f 551/3/9 555/3/9 553/3/9 549/3/9
f 556/3/18 552/3/18 550/3/18 554/3/18
f 557/3/32 558/3/32 560/3/32 559/3/32
f 559/3/41 560/3/41 564/3/41 563/3/41
f 563/3/29 564/3/29 562/3/29 561/3/29
f 561/3/42 562/3/42 558/3/42 557/3/42
f 559/3/9 563/3/9 561/3/9 557/3/9
f 564/3/18 560/3/18 558/3/18 562/3/18
f 565/3/32 566/3/32 568/3/32 567/3/32
f 567/3/41 568/3/41 572/3/41 571/3/41
f 571/3/29 572/3/29 570/3/29 569/3/29
f 569/3/42 570/3/42 566/3/42 565/3/42
f 567/3/9 571/3/9 569/3/9 565/3/9
f 572/3/18 568/3/18 566/3/18 570/3/18
f 573/3/32 574/3/32 576/3/32 575/3/32
f 575/3/41 576/3/41 580/3/41 579/3/41
f 579/3/29 580/3/29 578/3/29 577/3/29
f 577/3/42 578/3/42 574/3/42 573/3/42
f 575/3/9 579/3/9 577/3/9 573/3/9
f 580/3/18 576/3/18 574/3/18 578/3/18
f 581/3/32 582/3/32 584/3/32 583/3/32
f 583/3/41 584/3/41 588/3/41 587/3/41
f 587/3/29 588/3/29 586/3/29 585/3/29
f 585/3/42 586/3/42 582/3/42 581/3/42
f 583/3/9 587/3/9 585/3/9 581/3/9
f 588/3/18 584/3/18 582/3/18 586/3/18
f 589/3/32 590/3/32 592/3/32 591/3/32
f 591/3/41 592/3/41 596/3/41 595/3/41
f 595/3/29 596/3/29 594/3/29 593/3/29
f 593/3/42 594/3/42 590/3/42 589/3/42
f 591/3/9 595/3/9 593/3/9 589/3/9
f 596/3/18 592/3/18 590/3/18 594/3/18
f 597/3/32 598/3/32 600/3/32 599/3/32
f 599/3/41 600/3/41 604/3/41 603/3/41
f 603/3/29 604/3/29 602/3/29 601/3/29
f 601/3/42 602/3/42 598/3/42 597/3/42
f 599/3/9 603/3/9 601/3/9 597/3/9
f 604/3/18 600/3/18 598/3/18 602/3/18
f 605/3/32 606/3/32 608/3/32 607/3/32
f 607/3/41 608/3/41 612/3/41 611/3/41
f 611/3/29 612/3/29 610/3/29 609/3/29
f 609/3/42 610/3/42 606/3/42 605/3/42
f 607/3/9 611/3/9 609/3/9 605/3/9
f 612/3/18 608/3/18 606/3/18 610/3/18
f 613/3/32 614/3/32 616/3/32 615/3/32
f 615/3/41 616/3/41 620/3/41 619/3/41
f 619/3/29 620/3/29 618/3/29 617/3/29
f 617/3/42 618/3/42 614/3/42 613/3/42
f 615/3/9 619/3/9 617/3/9 613/3/9
f 620/3/18 616/3/18 614/3/18 618/3/18
f 621/3/32 622/3/32 624/3/32 623/3/32
f 623/3/41 624/3/41 628/3/41 627/3/41
f 627/3/29 628/3/29 626/3/29 625/3/29
f 625/3/42 626/3/42 622/3/42 621/3/42
f 623/3/9 627/3/9 625/3/9 621/3/9
f 628/3/18 624/3/18 622/3/18 626/3/18
f 629/3/32 630/3/32 632/3/32 631/3/32
f 631/3/41 632/3/41 636/3/41 635/3/41
f 635/3/29 636/3/29 634/3/29 633/3/29
f 633/3/42 634/3/42 630/3/42 629/3/42
f 631/3/9 635/3/9 633/3/9 629/3/9
f 636/3/18 632/3/18 630/3/18 634/3/18
f 637/3/32 638/3/32 640/3/32 639/3/32
f 639/3/41 640/3/41 644/3/41 643/3/41
f 643/3/29 644/3/29 642/3/29 641/3/29
f 641/3/42 642/3/42 638/3/42 637/3/42
f 639/3/9 643/3/9 641/3/9 637/3/9
f 644/3/18 640/3/18 638/3/18 642/3/18
f 645/3/32 646/3/32 648/3/32 647/3/32
f 647/3/41 648/3/41 652/3/41 651/3/41
f 651/3/29 652/3/29 650/3/29 649/3/29
f 649/3/42 650/3/42 646/3/42 645/3/42
f 647/3/9 651/3/9 649/3/9 645/3/9
f 652/3/18 648/3/18 646/3/18 650/3/18
f 653/3/32 654/3/32 656/3/32 655/3/32
f 655/3/41 656/3/41 660/3/41 659/3/41
f 659/3/29 660/3/29 658/3/29 657/3/29
f 657/3/42 658/3/42 654/3/42 653/3/42
f 655/3/9 659/3/9 657/3/9 653/3/9
f 660/3/18 656/3/18 654/3/18 658/3/18
f 661/3/32 662/3/32 664/3/32 663/3/32
f 663/3/41 664/3/41 668/3/41 667/3/41
f 667/3/29 668/3/29 666/3/29 665/3/29
f 665/3/42 666/3/42 662/3/42 661/3/42
f 663/3/9 667/3/9 665/3/9 661/3/9
f 668/3/18 664/3/18 662/3/18 666/3/18
f 669/3/32 670/3/32 672/3/32 671/3/32
f 671/3/41 672/3/41 676/3/41 675/3/41
f 675/3/29 676/3/29 674/3/29 673/3/29
f 673/3/42 674/3/42 670/3/42 669/3/42
f 671/3/9 675/3/9 673/3/9 669/3/9
f 676/3/18 672/3/18 670/3/18 674/3/18
f 677/3/32 678/3/32 680/3/32 679/3/32
f 679/3/14 680/3/14 684/3/14 683/3/14
f 683/3/29 684/3/29 682/3/29 681/3/29
f 681/3/5 682/3/5 678/3/5 677/3/5
f 679/3/10 683/3/10 681/3/10 677/3/10
f 684/3/1 680/3/1 678/3/1 682/3/1
f 685/3/32 686/3/32 688/3/32 687/3/32
f 687/3/14 688/3/14 692/3/14 691/3/14
f 691/3/29 692/3/29 690/3/29 689/3/29
f 689/3/5 690/3/5 686/3/5 685/3/5
f 687/3/10 691/3/10 689/3/10 685/3/10
f 692/3/1 688/3/1 686/3/1 690/3/1
f 693/3/32 694/3/32 696/3/32 695/3/32
f 695/3/15 696/3/15 700/3/15 699/3/15
f 699/3/29 700/3/29 698/3/29 697/3/29
f 697/3/6 698/3/6 694/3/6 693/3/6
f 695/3/11 699/3/11 697/3/11 693/3/11
f 700/3/2 696/3/2 694/3/2 698/3/2
f 701/3/32 702/3/32 704/3/32 703/3/32
f 703/3/15 704/3/15 708/3/15 707/3/15
f 707/3/29 708/3/29 706/3/29 705/3/29
f 705/3/6 706/3/6 702/3/6 701/3/6
f 703/3/11 707/3/11 705/3/11 701/3/11
f 708/3/2 704/3/2 702/3/2 706/3/2
f 709/3/32 710/3/32 712/3/32 711/3/32
f 711/3/16 712/3/16 716/3/16 715/3/16
f 715/3/29 716/3/29 714/3/29 713/3/29
f 713/3/7 714/3/7 710/3/7 709/3/7
f 711/3/12 715/3/12 713/3/12 709/3/12
f 716/3/3 712/3/3 710/3/3 714/3/3
f 717/3/32 718/3/32 720/3/32 719/3/32
f 719/3/16 720/3/16 724/3/16 723/3/16
f 723/3/29 724/3/29 722/3/29 721/3/29
f 721/3/7 722/3/7 718/3/7 717/3/7
f 719/3/12 723/3/12 721/3/12 717/3/12
f 724/3/3 720/3/3 718/3/3 722/3/3
f 725/3/32 726/3/32 728/3/32 727/3/32
f 727/3/17 728/3/17 732/3/17 731/3/17
f 731/3/29 732/3/29 730/3/29 729/3/29
f 729/3/8 730/3/8 726/3/8 725/3/8
f 727/3/13 731/3/13 729/3/13 725/3/13
f 732/3/4 728/3/4 726/3/4 730/3/4
f 733/3/32 734/3/32 736/3/32 735/3/32
f 735/3/17 736/3/17 740/3/17 739/3/17
f 739/3/29 740/3/29 738/3/29 737/3/29
f 737/3/8 738/3/8 734/3/8 733/3/8
f 735/3/13 739/3/13 737/3/13 733/3/13
f 740/3/4 736/3/4 734/3/4 738/3/4
f 741/3/32 742/3/32 744/3/32 743/3/32
f 743/3/1 744/3/1 748/3/1 747/3/1
f 747/3/29 748/3/29 746/3/29 745/3/29
f 745/3/10 746/3/10 742/3/10 741/3/10
f 743/3/14 747/3/14 745/3/14 741/3/14
f 748/3/5 744/3/5 742/3/5 746/3/5
f 749/3/32 750/3/32 752/3/32 751/3/32
f 751/3/1 752/3/1 756/3/1 755/3/1
f 755/3/29 756/3/29 754/3/29 753/3/29
f 753/3/10 754/3/10 750/3/10 749/3/10
f 751/3/14 755/3/14 753/3/14 749/3/14
f 756/3/5 752/3/5 750/3/5 754/3/5
f 757/3/32 758/3/32 760/3/32 759/3/32
f 759/3/2 760/3/2 764/3/2 763/3/2
f 763/3/29 764/3/29 762/3/29 761/3/29
f 761/3/11 762/3/11 758/3/11 757/3/11
f 759/3/15 763/3/15 761/3/15 757/3/15
f 764/3/6 760/3/6 758/3/6 762/3/6
f 765/3/32 766/3/32 768/3/32 767/3/32
f 767/3/2 768/3/2 772/3/2 771/3/2
f 771/3/29 772/3/29 770/3/29 769/3/29
f 769/3/11 770/3/11 766/3/11 765/3/11
f 767/3/15 771/3/15 769/3/15 765/3/15
f 772/3/6 768/3/6 766/3/6 770/3/6
f 773/3/32 774/3/32 776/3/32 775/3/32
f 775/3/3 776/3/3 780/3/3 779/3/3
f 779/3/29 780/3/29 778/3/29 777/3/29
f 777/3/12 778/3/12 774/3/12 773/3/12
f 775/3/16 779/3/16 777/3/16 773/3/16
f 780/3/7 776/3/7 774/3/7 778/3/7
f 781/3/32 782/3/32 784/3/32 783/3/32
f 783/3/3 784/3/3 788/3/3 787/3/3
f 787/3/29 788/3/29 786/3/29 785/3/29
f 785/3/12 786/3/12 782/3/12 781/3/12
f 783/3/16 787/3/16 785/3/16 781/3/16
f 788/3/7 784/3/7 782/3/7 786/3/7
f 789/3/32 790/3/32 792/3/32 791/3/32
f 791/3/4 792/3/4 796/3/4 795/3/4
f 795/3/29 796/3/29 794/3/29 793/3/29
f 793/3/13 794/3/13 790/3/13 789/3/13
f 791/3/17 795/3/17 793/3/17 789/3/17
f 796/3/8 792/3/8 790/3/8 794/3/8
f 797/3/32 798/3/32 800/3/32 799/3/32
f 799/3/4 800/3/4 804/3/4 803/3/4
f 803/3/29 804/3/29 802/3/29 801/3/29
f 801/3/13 802/3/13 798/3/13 797/3/13
f 799/3/17 803/3/17 801/3/17 797/3/17
f 804/3/8 800/3/8 798/3/8 802/3/8
f 805/3/32 806/3/32 808/3/32 807/3/32
f 807/3/42 808/3/42 812/3/42 811/3/42
f 811/3/29 812/3/29 810/3/29 809/3/29
f 809/3/41 810/3/41 806/3/41 805/3/41
f 807/3/18 811/3/18 809/3/18 805/3/18
f 812/3/9 808/3/9 806/3/9 810/3/9
f 813/3/32 814/3/32 816/3/32 815/3/32
f 815/3/42 816/3/42 820/3/42 819/3/42
f 819/3/29 820/3/29 818/3/29 817/3/29
f 817/3/41 818/3/41 814/3/41 813/3/41
f 815/3/18 819/3/18 817/3/18 813/3/18
f 820/3/9 816/3/9 814/3/9 818/3/9
f 821/3/32 822/3/32 824/3/32 823/3/32
f 823/3/42 824/3/42 828/3/42 827/3/42
f 827/3/29 828/3/29 826/3/29 825/3/29
f 825/3/41 826/3/41 822/3/41 821/3/41
f 823/3/18 827/3/18 825/3/18 821/3/18
f 828/3/9 824/3/9 822/3/9 826/3/9
f 829/3/32 830/3/32 832/3/32 831/3/32
f 831/3/42 832/3/42 836/3/42 835/3/42
f 835/3/29 836/3/29 834/3/29 833/3/29
f 833/3/41 834/3/41 830/3/41 829/3/41
f 831/3/18 835/3/18 833/3/18 829/3/18
f 836/3/9 832/3/9 830/3/9 834/3/9
f 837/3/32 838/3/32 840/3/32 839/3/32
f 839/3/42 840/3/42 844/3/42 843/3/42
f 843/3/29 844/3/29 842/3/29 841/3/29
f 841/3/41 842/3/41 838/3/41 837/3/41
f 839/3/18 843/3/18 841/3/18 837/3/18
f 844/3/9 840/3/9 838/3/9 842/3/9
f 845/3/32 846/3/32 848/3/32 847/3/32
f 847/3/42 848/3/42 852/3/42 851/3/42
f 851/3/29 852/3/29 850/3/29 849/3/29
f 849/3/41 850/3/41 846/3/41 845/3/41
f 847/3/18 851/3/18 849/3/18 845/3/18
f 852/3/9 848/3/9 846/3/9 850/3/9
f 853/3/32 854/3/32 856/3/32 855/3/32
f 855/3/42 856/3/42 860/3/42 859/3/42
f 859/3/29 860/3/29 858/3/29 857/3/29
f 857/3/41 858/3/41 854/3/41 853/3/41
f 855/3/18 859/3/18 857/3/18 853/3/18
f 860/3/9 856/3/9 854/3/9 858/3/9
f 861/3/32 862/3/32 864/3/32 863/3/32
f 863/3/42 864/3/42 868/3/42 867/3/42
f 867/3/29 868/3/29 866/3/29 865/3/29
f 865/3/41 866/3/41 862/3/41 861/3/41
f 863/3/18 867/3/18 865/3/18 861/3/18
f 868/3/9 864/3/9 862/3/9 866/3/9
f 869/3/32 870/3/32 872/3/32 871/3/32
f 871/3/42 872/3/42 876/3/42 875/3/42
f 875/3/29 876/3/29 874/3/29 873/3/29
f 873/3/41 874/3/41 870/3/41 869/3/41
f 871/3/18 875/3/18 873/3/18 869/3/18
f 876/3/9 872/3/9 870/3/9 874/3/9
f 877/3/32 878/3/32 880/3/32 879/3/32
f 879/3/42 880/3/42 884/3/42 883/3/42
f 883/3/29 884/3/29 882/3/29 881/3/29
f 881/3/41 882/3/41 878/3/41 877/3/41
f 879/3/18 883/3/18 881/3/18 877/3/18
f 884/3/9 880/3/9 878/3/9 882/3/9
f 885/3/32 886/3/32 888/3/32 887/3/32
f 887/3/42 888/3/42 892/3/42 891/3/42
f 891/3/29 892/3/29 890/3/29 889/3/29
f 889/3/41 890/3/41 886/3/41 885/3/41
f 887/3/18 891/3/18 889/3/18 885/3/18
f 892/3/9 888/3/9 886/3/9 890/3/9
f 893/3/32 894/3/32 896/3/32 895/3/32
f 895/3/42 896/3/42 900/3/42 899/3/42
f 899/3/29 900/3/29 898/3/29 897/3/29
f 897/3/41 898/3/41 894/3/41 893/3/41
f 895/3/18 899/3/18 897/3/18 893/3/18
f 900/3/9 896/3/9 894/3/9 898/3/9
f 901/3/32 902/3/32 904/3/32 903/3/32
f 903/3/42 904/3/42 908/3/42 907/3/42
f 907/3/29 908/3/29 906/3/29 905/3/29
f 905/3/41 906/3/41 902/3/41 901/3/41
f 903/3/18 907/3/18 905/3/18 901/3/18
f 908/3/9 904/3/9 902/3/9 906/3/9
f 909/3/32 910/3/32 912/3/32 911/3/32
f 911/3/42 912/3/42 916/3/42 915/3/42
f 915/3/29 916/3/29 914/3/29 913/3/29
f 913/3/41 914/3/41 910/3/41 909/3/41
f 911/3/18 915/3/18 913/3/18 909/3/18
f 916/3/9 912/3/9 910/3/9 914/3/9
f 917/3/32 918/3/32 920/3/32 919/3/32
f 919/3/42 920/3/42 924/3/42 923/3/42
f 923/3/29 924/3/29 922/3/29 921/3/29
f 921/3/41 922/3/41 918/3/41 917/3/41
f 919/3/18 923/3/18 921/3/18 917/3/18
f 924/3/9 920/3/9 918/3/9 922/3/9
f 925/3/32 926/3/32 928/3/32 927/3/32
f 927/3/42 928/3/42 932/3/42 931/3/42
f 931/3/29 932/3/29 930/3/29 929/3/29
f 929/3/41 930/3/41 926/3/41 925/3/41
f 927/3/18 931/3/18 929/3/18 925/3/18
f 932/3/9 928/3/9 926/3/9 930/3/9
o Component_RightDrive
v 3.633000 0.073500 -2.772000
v 3.633000 0.182200 -3.318472
v 3.633000 0.491751 -3.781748
v 3.633000 0.955028 -4.091300
v 3.633000 1.501500 -4.200000
v 3.633000 2.047972 -4.091300
v 3.633000 2.511248 -3.781748
v 3.633000 2.820800 -3.318472
v 3.633000 2.929500 -2.772000
v 3.633000 2.929500 2.772000
v 3.633000 2.820800 3.318472
v 3.633000 2.511248 3.781748
v 3.633000 2.047972 4.091300
v 3.633000 1.501500 4.200000
v 3.633000 0.955028 4.091300
v 3.633000 0.491751 3.781748
v 3.633000 0.182200 3.318472
v 3.633000 0.073500 2.772000
v 5.733000 0.073500 -2.772000
v 5.733000 0.182200 -3.318472
v 5.733000 0.491751 -3.781748
v 5.733000 0.955028 -4.091300
v 5.733000 1.501500 -4.200000
v 5.733000 2.047972 -4.091300
v 5.733000 2.511248 -3.781748
v 5.733000 2.820800 -3.318472
v 5.733000 2.929500 -2.772000
v 5.733000 2.929500 2.772000
v 5.733000 2.820800 3.318472
v 5.733000 2.511248 3.781748
v 5.733000 2.047972 4.091300
v 5.733000 1.501500 4.200000
v 5.733000 0.955028 4.091300
v 5.733000 0.491751 3.781748
v 5.733000 0.182200 3.318472
v 5.733000 0.073500 2.772000
v 3.727500 1.501500 1.615320
v 5.638500 1.501500 1.615320
v 3.727500 0.923160 1.770286
v 5.638500 0.923160 1.770286
v 3.727500 0.499786 2.193660
v 5.638500 0.499786 2.193660
v 3.727500 0.344820 2.772000
v 5.638500 0.344820 2.772000
v 3.727500 0.499786 3.350340
v 5.638500 0.499786 3.350340
v 3.727500 0.923160 3.773715
v 5.638500 0.923160 3.773715
v 3.727500 1.501500 3.928680
v 5.638500 1.501500 3.928680
v 3.727500 2.079840 3.773715
v 5.638500 2.079840 3.773715
v 3.727500 2.503214 3.350340
v 5.638500 2.503214 3.350340
v 3.727500 2.658180 2.772000
v 5.638500 2.658180 2.772000
v 3.727500 2.503214 2.193660
v 5.638500 2.503214 2.193660
v 3.727500 2.079840 1.770286
v 5.638500 2.079840 1.770286
v 3.638250 1.501500 2.286480
v 3.711750 1.501500 2.286480
v 3.638250 1.216118 2.379206
v 3.711750 1.216118 2.379206
v 3.638250 1.039743 2.621966
v 3.711750 1.039743 2.621966
v 3.638250 1.039743 2.922034
v 3.711750 1.039743 2.922034
v 3.638250 1.216118 3.164794
v 3.711750 1.216118 3.164794
v 3.638250 1.501500 3.257520
v 3.711750 1.501500 3.257520
v 3.638250 1.786881 3.164794
v 3.711750 1.786881 3.164794
v 3.638250 1.963257 2.922034
v 3.711750 1.963257 2.922034
v 3.638250 1.963257 2.621966
v 3.711750 1.963257 2.621966
v 3.638250 1.786881 2.379206
v 3.711750 1.786881 2.379206
v 5.654250 1.501500 2.286480
v 5.727750 1.501500 2.286480
v 5.654250 1.216118 2.379206
v 5.727750 1.216118 2.379206
v 5.654250 1.039743 2.621966
v 5.727750 1.039743 2.621966
v 5.654250 1.039743 2.922034
v 5.727750 1.039743 2.922034
v 5.654250 1.216118 3.164794
v 5.727750 1.216118 3.164794
v 5.654250 1.501500 3.257520
v 5.727750 1.501500 3.257520
v 5.654250 1.786881 3.164794
v 5.727750 1.786881 3.164794
v 5.654250 1.963257 2.922034
v 5.727750 1.963257 2.922034
v 5.654250 1.963257 2.621966
v 5.727750 1.963257 2.621966
v 5.654250 1.786881 2.379206
v 5.727750 1.786881 2.379206
v 3.727500 1.501500 0.506520
v 5.638500 1.501500 0.506520
v 3.727500 0.923160 0.661486
v 5.638500 0.923160 0.661486
v 3.727500 0.499786 1.084860
v 5.638500 0.499786 1.084860
v 3.727500 0.344820 1.663200
v 5.638500 0.344820 1.663200
v 3.727500 0.499786 2.241540
v 5.638500 0.499786 2.241540
v 3.727500 0.923160 2.664914
v 5.638500 0.923160 2.664914
v 3.727500 1.501500 2.819880
v 5.638500 1.501500 2.819880
v 3.727500 2.079840 2.664914
v 5.638500 2.079840 2.664914
v 3.727500 2.503214 2.241540
v 5.638500 2.503214 2.241540
v 3.727500 2.658180 1.663200
v 5.638500 2.658180 1.663200
v 3.727500 2.503214 1.084860
v 5.638500 2.503214 1.084860
v 3.727500 2.079840 0.661486
v 5.638500 2.079840 0.661486
v 3.638250 1.501500 1.177680
v 3.711750 1.501500 1.177680
v 3.638250 1.216118 1.270406
v 3.711750 1.216118 1.270406
v 3.638250 1.039743 1.513166
v 3.711750 1.039743 1.513166
v 3.638250 1.039743 1.813234
v 3.711750 1.039743 1.813234
v 3.638250 1.216118 2.055994
v 3.711750 1.216118 2.055994
v 3.638250 1.501500 2.148720
v 3.711750 1.501500 2.148720
v 3.638250 1.786881 2.055994
v 3.711750 1.786881 2.055994
v 3.638250 1.963257 1.813234
v 3.711750 1.963257 1.813234
v 3.638250 1.963257 1.513166
v 3.711750 1.963257 1.513166
v 3.638250 1.786881 1.270406
v 3.711750 1.786881 1.270406
v 5.654250 1.501500 1.177680
v 5.727750 1.501500 1.177680
v 5.654250 1.216118 1.270406
v 5.727750 1.216118 1.270406
v 5.654250 1.039743 1.513166
v 5.727750 1.039743 1.513166
v 5.654250 1.039743 1.813234
v 5.727750 1.039743 1.813234
v 5.654250 1.216118 2.055994
v 5.727750 1.216118 2.055994
v 5.654250 1.501500 2.148720
v 5.727750 1.501500 2.148720
v 5.654250 1.786881 2.055994
v 5.727750 1.786881 2.055994
v 5.654250 1.963257 1.813234
v 5.727750 1.963257 1.813234
v 5.654250 1.963257 1.513166
v 5.727750 1.963257 1.513166
v 5.654250 1.786881 1.270406
v 5.727750 1.786881 1.270406
v 3.727500 1.501500 -0.602280
v 5.638500 1.501500 -0.602280
v 3.727500 0.923160 -0.447314
v 5.638500 0.923160 -0.447314
v 3.727500 0.499786 -0.023940
v 5.638500 0.499786 -0.023940
v 3.727500 0.344820 0.554400
v 5.638500 0.344820 0.554400
v 3.727500 0.499786 1.132740
v 5.638500 0.499786 1.132740
v 3.727500 0.923160 1.556114
v 5.638500 0.923160 1.556114
v 3.727500 1.501500 1.711080
v 5.638500 1.501500 1.711080
v 3.727500 2.079840 1.556114
v 5.638500 2.079840 1.556114
v 3.727500 2.503214 1.132740
v 5.638500 2.503214 1.132740
v 3.727500 2.658180 0.554400
v 5.638500 2.658180 0.554400
v 3.727500 2.503214 -0.023940
v 5.638500 2.503214 -0.023940
v 3.727500 2.079840 -0.447314
v 5.638500 2.079840 -0.447314
v 3.638250 1.501500 0.068880
v 3.711750 1.501500 0.068880
v 3.638250 1.216118 0.161606
v 3.711750 1.216118 0.161606
v 3.638250 1.039743 0.404366
v 3.711750 1.039743 0.404366
v 3.638250 1.039743 0.704434
v 3.711750 1.039743 0.704434
v 3.638250 1.216118 0.947194
v 3.711750 1.216118 0.947194
v 3.638250 1.501500 1.039920
v 3.711750 1.501500 1.039920
v 3.638250 1.786881 0.947194
v 3.711750 1.786881 0.947194
v 3.638250 1.963257 0.704434
v 3.711750 1.963257 0.704434
v 3.638250 1.963257 0.404366
v 3.711750 1.963257 0.404366
v 3.638250 1.786881 0.161606
v 3.711750 1.786881 0.161606
v 5.654250 1.501500 0.068880
v 5.727750 1.501500 0.068880
v 5.654250 1.216118 0.161606
v 5.727750 1.216118 0.161606
v 5.654250 1.039743 0.404366
v 5.727750 1.039743 0.404366
v 5.654250 1.039743 0.704434
v 5.727750 1.039743 0.704434
v 5.654250 1.216118 0.947194
v 5.727750 1.216118 0.947194
v 5.654250 1.501500 1.039920
v 5.727750 1.501500 1.039920
v 5.654250 1.786881 0.947194
v 5.727750 1.786881 0.947194
v 5.654250 1.963257 0.704434
v 5.727750 1.963257 0.704434
v 5.654250 1.963257 0.404366
v 5.727750 1.963257 0.404366
v 5.654250 1.786881 0.161606
v 5.727750 1.786881 0.161606
v 3.727500 1.501500 -1.711080
v 5.638500 1.501500 -1.711080
v 3.727500 0.923160 -1.556114
v 5.638500 0.923160 -1.556114
v 3.727500 0.499786 -1.132740
v 5.638500 0.499786 -1.132740
v 3.727500 0.344820 -0.554400
v 5.638500 0.344820 -0.554400
v 3.727500 0.499786 0.023940
v 5.638500 0.499786 0.023940
v 3.727500 0.923160 0.447314
v 5.638500 0.923160 0.447314
v 3.727500 1.501500 0.602280
v 5.638500 1.501500 0.602280
v 3.727500 2.079840 0.447314
v 5.638500 2.079840 0.447314
v 3.727500 2.503214 0.023940
v 5.638500 2.503214 0.023940
v 3.727500 2.658180 -0.554400
v 5.638500 2.658180 -0.554400
v 3.727500 2.503214 -1.132740
v 5.638500 2.503214 -1.132740
v 3.727500 2.079840 -1.556114
v 5.638500 2.079840 -1.556114
v 3.638250 1.501500 -1.039920
v 3.711750 1.501500 -1.039920
v 3.638250 1.216118 -0.947194
v 3.711750 1.216118 -0.947194
v 3.638250 1.039743 -0.704434
v 3.711750 1.039743 -0.704434
v 3.638250 1.039743 -0.404366
v 3.711750 1.039743 -0.404366
v 3.638250 1.216118 -0.161606
v 3.711750 1.216118 -0.161606
v 3.638250 1.501500 -0.068880
v 3.711750 1.501500 -0.068880
v 3.638250 1.786881 -0.161606
v 3.711750 1.786881 -0.161606
v 3.638250 1.963257 -0.404366
v 3.711750 1.963257 -0.404366
v 3.638250 1.963257 -0.704434
v 3.711750 1.963257 -0.704434
v 3.638250 1.786881 -0.947194
v 3.711750 1.786881 -0.947194
v 5.654250 1.501500 -1.039920
v 5.727750 1.501500 -1.039920
v 5.654250 1.216118 -0.947194
v 5.727750 1.216118 -0.947194
v 5.654250 1.039743 -0.704434
v 5.727750 1.039743 -0.704434
v 5.654250 1.039743 -0.404366
v 5.727750 1.039743 -0.404366
v 5.654250 1.216118 -0.161606
v 5.727750 1.216118 -0.161606
v 5.654250 1.501500 -0.068880
v 5.727750 1.501500 -0.068880
v 5.654250 1.786881 -0.161606
v 5.727750 1.786881 -0.161606
v 5.654250 1.963257 -0.404366
v 5.727750 1.963257 -0.404366
v 5.654250 1.963257 -0.704434
v 5.727750 1.963257 -0.704434
v 5.654250 1.786881 -0.947194
v 5.727750 1.786881 -0.947194
v 3.727500 1.501500 -2.819880
v 5.638500 1.501500 -2.819880
v 3.727500 0.923160 -2.664914
v 5.638500 0.923160 -2.664914
v 3.727500 0.499786 -2.241540
v 5.638500 0.499786 -2.241540
v 3.727500 0.344820 -1.663200
v 5.638500 0.344820 -1.663200
v 3.727500 0.499786 -1.084860
v 5.638500 0.499786 -1.084860
v 3.727500 0.923160 -0.661486
v 5.638500 0.923160 -0.661486
v 3.727500 1.501500 -0.506520
v 5.638500 1.501500 -0.506520
v 3.727500 2.079840 -0.661486
v 5.638500 2.079840 -0.661486
v 3.727500 2.503214 -1.084860
v 5.638500 2.503214 -1.084860
v 3.727500 2.658180 -1.663200
v 5.638500 2.658180 -1.663200
v 3.727500 2.503214 -2.241540
v 5.638500 2.503214 -2.241540
v 3.727500 2.079840 -2.664914
v 5.638500 2.079840 -2.664914
v 3.638250 1.501500 -2.148720
v 3.711750 1.501500 -2.148720
v 3.638250 1.216118 -2.055994
v 3.711750 1.216118 -2.055994
v 3.638250 1.039743 -1.813234
v 3.711750 1.039743 -1.813234
v 3.638250 1.039743 -1.513166
v 3.711750 1.039743 -1.513166
v 3.638250 1.216118 -1.270406
v 3.711750 1.216118 -1.270406
v 3.638250 1.501500 -1.177680
v 3.711750 1.501500 -1.177680
v 3.638250 1.786881 -1.270406
v 3.711750 1.786881 -1.270406
v 3.638250 1.963257 -1.513166
v 3.711750 1.963257 -1.513166
v 3.638250 1.963257 -1.813234
v 3.711750 1.963257 -1.813234
v 3.638250 1.786881 -2.055994
v 3.711750 1.786881 -2.055994
v 5.654250 1.501500 -2.148720
v 5.727750 1.501500 -2.148720
v 5.654250 1.216118 -2.055994
v 5.727750 1.216118 -2.055994
v 5.654250 1.039743 -1.813234
v 5.727750 1.039743 -1.813234
v 5.654250 1.039743 -1.513166
v 5.727750 1.039743 -1.513166
v 5.654250 1.216118 -1.270406
v 5.727750 1.216118 -1.270406
v 5.654250 1.501500 -1.177680
v 5.727750 1.501500 -1.177680
v 5.654250 1.786881 -1.270406
v 5.727750 1.786881 -1.270406
v 5.654250 1.963257 -1.513166
v 5.727750 1.963257 -1.513166
v 5.654250 1.963257 -1.813234
v 5.727750 1.963257 -1.813234
v 5.654250 1.786881 -2.055994
v 5.727750 1.786881 -2.055994
v 3.727500 1.501500 -3.928680
v 5.638500 1.501500 -3.928680
v 3.727500 0.923160 -3.773714
v 5.638500 0.923160 -3.773714
v 3.727500 0.499786 -3.350340
v 5.638500 0.499786 -3.350340
v 3.727500 0.344820 -2.772000
v 5.638500 0.344820 -2.772000
v 3.727500 0.499786 -2.193660
v 5.638500 0.499786 -2.193660
v 3.727500 0.923160 -1.770286
v 5.638500 0.923160 -1.770286
v 3.727500 1.501500 -1.615320
v 5.638500 1.501500 -1.615320
v 3.727500 2.079840 -1.770286
v 5.638500 2.079840 -1.770286
v 3.727500 2.503214 -2.193660
v 5.638500 2.503214 -2.193660
v 3.727500 2.658180 -2.772000
v 5.638500 2.658180 -2.772000
v 3.727500 2.503214 -3.350340
v 5.638500 2.503214 -3.350340
v 3.727500 2.079840 -3.773714
v 5.638500 2.079840 -3.773714
v 3.638250 1.501500 -3.257520
v 3.711750 1.501500 -3.257520
v 3.638250 1.216118 -3.164794
v 3.711750 1.216118 -3.164794
v 3.638250 1.039743 -2.922034
v 3.711750 1.039743 -2.922034
v 3.638250 1.039743 -2.621966
v 3.711750 1.039743 -2.621966
v 3.638250 1.216118 -2.379206
v 3.711750 1.216118 -2.379206
v 3.638250 1.501500 -2.286480
v 3.711750 1.501500 -2.286480
v 3.638250 1.786881 -2.379206
v 3.711750 1.786881 -2.379206
v 3.638250 1.963257 -2.621966
v 3.711750 1.963257 -2.621966
v 3.638250 1.963257 -2.922034
v 3.711750 1.963257 -2.922034
v 3.638250 1.786881 -3.164794
v 3.711750 1.786881 -3.164794
v 5.654250 1.501500 -3.257520
v 5.727750 1.501500 -3.257520
v 5.654250 1.216118 -3.164794
v 5.727750 1.216118 -3.164794
v 5.654250 1.039743 -2.922034
v 5.727750 1.039743 -2.922034
v 5.654250 1.039743 -2.621966
v 5.727750 1.039743 -2.621966
v 5.654250 1.216118 -2.379206
v 5.727750 1.216118 -2.379206
v 5.654250 1.501500 -2.286480
v 5.727750 1.501500 -2.286480
v 5.654250 1.786881 -2.379206
v 5.727750 1.786881 -2.379206
v 5.654250 1.963257 -2.621966
v 5.727750 1.963257 -2.621966
v 5.654250 1.963257 -2.922034
v 5.727750 1.963257 -2.922034
v 5.654250 1.786881 -3.164794
v 5.727750 1.786881 -3.164794
v 3.549000 0.033036 -2.826916
v 3.549000 0.131899 -2.807251
v 3.549000 0.069451 -3.009984
v 3.549000 0.168314 -2.990319
v 5.817000 0.033036 -2.826916
v 5.817000 0.131899 -2.807251
v 5.817000 0.069451 -3.009984
v 5.817000 0.168314 -2.990319
v 3.549000 0.087386 -3.100152
v 3.549000 0.186249 -3.080487
v 3.549000 0.123801 -3.283220
v 3.549000 0.222664 -3.263555
v 5.817000 0.087386 -3.100152
v 5.817000 0.186249 -3.080487
v 5.817000 0.123801 -3.283220
v 5.817000 0.222664 -3.263555
v 3.549000 0.165832 -3.384693
v 3.549000 0.249644 -3.328691
v 3.549000 0.269532 -3.539890
v 3.549000 0.353344 -3.483889
v 5.817000 0.165832 -3.384693
v 5.817000 0.249644 -3.328691
v 5.817000 0.269532 -3.539890
v 5.817000 0.353344 -3.483889
v 3.549000 0.320608 -3.616331
v 3.549000 0.404420 -3.560330
v 3.549000 0.424307 -3.771529
v 3.549000 0.508120 -3.715527
v 5.817000 0.320608 -3.616331
v 5.817000 0.404420 -3.560330
v 5.817000 0.424307 -3.771529
v 5.817000 0.508120 -3.715527
v 3.549000 0.501971 -3.849193
v 3.549000 0.557973 -3.765380
v 3.549000 0.657169 -3.952892
v 3.549000 0.713170 -3.869080
v 5.817000 0.501971 -3.849193
v 5.817000 0.557973 -3.765380
v 5.817000 0.657169 -3.952892
v 5.817000 0.713170 -3.869080
v 3.549000 0.733609 -4.003968
v 3.549000 0.789611 -3.920156
v 3.549000 0.888807 -4.107668
v 3.549000 0.944808 -4.023856
v 5.817000 0.733609 -4.003968
v 5.817000 0.789611 -3.920156
v 5.817000 0.888807 -4.107668
v 5.817000 0.944808 -4.023856
v 3.549000 0.990279 -4.149699
v 3.549000 1.009945 -4.050836
v 3.549000 1.173348 -4.186113
v 3.549000 1.193013 -4.087250
v 5.817000 0.990279 -4.149699
v 5.817000 1.009945 -4.050836
v 5.817000 1.173348 -4.186113
v 5.817000 1.193013 -4.087250
v 3.549000 1.263515 -4.204049
v 3.549000 1.283180 -4.105186
v 3.549000 1.446584 -4.240464
v 3.549000 1.466249 -4.141600
v 5.817000 1.263515 -4.204049
v 5.817000 1.283180 -4.105186
v 5.817000 1.446584 -4.240464
v 5.817000 1.466249 -4.141600
v 3.549000 1.556416 -4.240464
v 3.549000 1.536751 -4.141600
v 3.549000 1.739485 -4.204049
v 3.549000 1.719819 -4.105186
v 5.817000 1.556416 -4.240464
v 5.817000 1.536751 -4.141600
v 5.817000 1.739485 -4.204049
v 5.817000 1.719819 -4.105186
v 3.549000 1.829652 -4.186113
v 3.549000 1.809987 -4.087250
v 3.549000 2.012720 -4.149699
v 3.549000 1.993055 -4.050836
v 5.817000 1.829652 -4.186113
v 5.817000 1.809987 -4.087250
v 5.817000 2.012720 -4.149699
v 5.817000 1.993055 -4.050836
v 3.549000 2.114193 -4.107668
v 3.549000 2.058191 -4.023856
v 3.549000 2.269390 -4.003968
v 3.549000 2.213389 -3.920156
v 5.817000 2.114193 -4.107668
v 5.817000 2.058191 -4.023856
v 5.817000 2.269390 -4.003968
v 5.817000 2.213389 -3.920156
v 3.549000 2.345831 -3.952892
v 3.549000 2.289830 -3.869080
v 3.549000 2.501029 -3.849193
v 3.549000 2.445027 -3.765380
v 5.817000 2.345831 -3.952892
v 5.817000 2.289830 -3.869080
v 5.817000 2.501029 -3.849193
v 5.817000 2.445027 -3.765380
v 3.549000 2.578693 -3.771529
v 3.549000 2.494880 -3.715527
v 3.549000 2.682392 -3.616331
v 3.549000 2.598580 -3.560330
v 5.817000 2.578693 -3.771529
v 5.817000 2.494880 -3.715527
v 5.817000 2.682392 -3.616331
v 5.817000 2.598580 -3.560330
v 3.549000 2.733468 -3.539890
v 3.549000 2.649656 -3.483889
v 3.549000 2.837168 -3.384693
v 3.549000 2.753356 -3.328691
v 5.817000 2.733468 -3.539890
v 5.817000 2.649656 -3.483889
v 5.817000 2.837168 -3.384693
v 5.817000 2.753356 -3.328691
v 3.549000 2.879199 -3.283220
v 3.549000 2.780336 -3.263555
v 3.549000 2.915613 -3.100152
v 3.549000 2.816751 -3.080487
v 5.817000 2.879199 -3.283220
v 5.817000 2.780336 -3.263555
v 5.817000 2.915613 -3.100152
v 5.817000 2.816751 -3.080487
v 3.549000 2.933549 -3.009984
v 3.549000 2.834686 -2.990319
v 3.549000 2.969964 -2.826916
v 3.549000 2.871101 -2.807251
v 5.817000 2.933549 -3.009984
v 5.817000 2.834686 -2.990319
v 5.817000 2.969964 -2.826916
v 5.817000 2.871101 -2.807251
v 3.549000 2.979900 -2.714827
v 3.549000 2.879100 -2.714827
v 3.549000 2.979900 -2.482672
v 3.549000 2.879100 -2.482672
v 5.817000 2.979900 -2.714827
v 5.817000 2.879100 -2.714827
v 5.817000 2.979900 -2.482672
v 5.817000 2.879100 -2.482672
v 3.549000 2.979900 -2.368327
v 3.549000 2.879100 -2.368327
v 3.549000 2.979900 -2.136173
v 3.549000 2.879100 -2.136173
v 5.817000 2.979900 -2.368327
v 5.817000 2.879100 -2.368327
v 5.817000 2.979900 -2.136173
v 5.817000 2.879100 -2.136173
v 3.549000 2.979900 -2.021827
v 3.549000 2.879100 -2.021827
v 3.549000 2.979900 -1.789672
v 3.549000 2.879100 -1.789672
v 5.817000 2.979900 -2.021827
v 5.817000 2.879100 -2.021827
v 5.817000 2.979900 -1.789672
v 5.817000 2.879100 -1.789672
v 3.549000 2.979900 -1.675328
v 3.549000 2.879100 -1.675328
v 3.549000 2.979900 -1.443172
v 3.549000 2.879100 -1.443172
v 5.817000 2.979900 -1.675328
v 5.817000 2.879100 -1.675328
v 5.817000 2.979900 -1.443172
v 5.817000 2.879100 -1.443172
v 3.549000 2.979900 -1.328828
v 3.549000 2.879100 -1.328828
v 3.549000 2.979900 -1.096672
v 3.549000 2.879100 -1.096672
v 5.817000 2.979900 -1.328828
v 5.817000 2.879100 -1.328828
v 5.817000 2.979900 -1.096672
v 5.817000 2.879100 -1.096672
v 3.549000 2.979900 -0.982327
v 3.549000 2.879100 -0.982327
v 3.549000 2.979900 -0.750172
v 3.549000 2.879100 -0.750172
v 5.817000 2.979900 -0.982327
v 5.817000 2.879100 -0.982327
v 5.817000 2.979900 -0.750172
v 5.817000 2.879100 -0.750172
v 3.549000 2.979900 -0.635827
v 3.549000 2.879100 -0.635827
v 3.549000 2.979900 -0.403672
v 3.549000 2.879100 -0.403672
v 5.817000 2.979900 -0.635827
v 5.817000 2.879100 -0.635827
v 5.817000 2.979900 -0.403672
v 5.817000 2.879100 -0.403672
v 3.549000 2.979900 -0.289328
v 3.549000 2.879100 -0.289328
v 3.549000 2.979900 -0.057173
v 3.549000 2.879100 -0.057173
v 5.817000 2.979900 -0.289328
v 5.817000 2.879100 -0.289328
v 5.817000 2.979900 -0.057173
v 5.817000 2.879100 -0.057173
v 3.549000 2.979900 0.057173
v 3.549000 2.879100 0.057172
v 3.549000 2.979900 0.289328
v 3.549000 2.879100 0.289328
v 5.817000 2.979900 0.057173
v 5.817000 2.879100 0.057172
v 5.817000 2.979900 0.289328
v 5.817000 2.879100 0.289328
v 3.549000 2.979900 0.403672
v 3.549000 2.879100 0.403672
v 3.549000 2.979900 0.635827
v 3.549000 2.879100 0.635827
v 5.817000 2.979900 0.403672
v 5.817000 2.879100 0.403672
v 5.817000 2.979900 0.635827
v 5.817000 2.879100 0.635827
v 3.549000 2.979900 0.750172
v 3.549000 2.879100 0.750172
v 3.549000 2.979900 0.982327
v 3.549000 2.879100 0.982327
v 5.817000 2.979900 0.750172
v 5.817000 2.879100 0.750172
v 5.817000 2.979900 0.982327
v 5.817000 2.879100 0.982327
v 3.549000 2.979900 1.096672
v 3.549000 2.879100 1.096672
v 3.549000 2.979900 1.328828
v 3.549000 2.879100 1.328828
v 5.817000 2.979900 1.096672
v 5.817000 2.879100 1.096672
v 5.817000 2.979900 1.328828
v 5.817000 2.879100 1.328828
v 3.549000 2.979900 1.443172
v 3.549000 2.879100 1.443172
v 3.549000 2.979900 1.675328
v 3.549000 2.879100 1.675328
v 5.817000 2.979900 1.443172
v 5.817000 2.879100 1.443172
v 5.817000 2.979900 1.675328
v 5.817000 2.879100 1.675328
v 3.549000 2.979900 1.789672
v 3.549000 2.879100 1.789672
v 3.549000 2.979900 2.021828
v 3.549000 2.879100 2.021828
v 5.817000 2.979900 1.789672
v 5.817000 2.879100 1.789672
v 5.817000 2.979900 2.021828
v 5.817000 2.879100 2.021828
v 3.549000 2.979900 2.136173
v 3.549000 2.879100 2.136173
v 3.549000 2.979900 2.368328
v 3.549000 2.879100 2.368328
v 5.817000 2.979900 2.136173
v 5.817000 2.879100 2.136173
v 5.817000 2.979900 2.368328
v 5.817000 2.879100 2.368328
v 3.549000 2.979900 2.482673
v 3.549000 2.879100 2.482673
v 3.549000 2.979900 2.714828
v 3.549000 2.879100 2.714828
v 5.817000 2.979900 2.482673
v 5.817000 2.879100 2.482673
v 5.817000 2.979900 2.714828
v 5.817000 2.879100 2.714828
v 3.549000 2.969964 2.826916
v 3.549000 2.871101 2.807251
v 3.549000 2.933549 3.009984
v 3.549000 2.834686 2.990319
v 5.817000 2.969964 2.826916
v 5.817000 2.871101 2.807251
v 5.817000 2.933549 3.009984
v 5.817000 2.834686 2.990319
v 3.549000 2.915613 3.100152
v 3.549000 2.816751 3.080487
v 3.549000 2.879199 3.283221
v 3.549000 2.780336 3.263556
v 5.817000 2.915613 3.100152
v 5.817000 2.816751 3.080487
v 5.817000 2.879199 3.283221
v 5.817000 2.780336 3.263556
v 3.549000 2.837168 3.384693
v 3.549000 2.753356 3.328691
v 3.549000 2.733468 3.539890
v 3.549000 2.649656 3.483889
v 5.817000 2.837168 3.384693
v 5.817000 2.753356 3.328691
v 5.817000 2.733468 3.539890
v 5.817000 2.649656 3.483889
v 3.549000 2.682392 3.616332
v 3.549000 2.598580 3.560330
v 3.549000 2.578693 3.771529
v 3.549000 2.494880 3.715528
v 5.817000 2.682392 3.616332
v 5.817000 2.598580 3.560330
v 5.817000 2.578693 3.771529
v 5.817000 2.494880 3.715528
v 3.549000 2.501029 3.849193
v 3.549000 2.445027 3.765380
v 3.549000 2.345831 3.952892
v 3.549000 2.289830 3.869080
v 5.817000 2.501029 3.849193
v 5.817000 2.445027 3.765380
v 5.817000 2.345831 3.952892
v 5.817000 2.289830 3.869080
v 3.549000 2.269390 4.003968
v 3.549000 2.213389 3.920156
v 3.549000 2.114193 4.107668
v 3.549000 2.058191 4.023856
v 5.817000 2.269390 4.003968
v 5.817000 2.213389 3.920156
v 5.817000 2.114193 4.107668
v 5.817000 2.058191 4.023856
v 3.549000 2.012720 4.149699
v 3.549000 1.993055 4.050836
v 3.549000 1.829652 4.186113
v 3.549000 1.809987 4.087250
v 5.817000 2.012720 4.149699
v 5.817000 1.993055 4.050836
v 5.817000 1.829652 4.186113
v 5.817000 1.809987 4.087250
v 3.549000 1.739485 4.204049
v 3.549000 1.719819 4.105186
v 3.549000 1.556416 4.240464
v 3.549000 1.536751 4.141600
v 5.817000 1.739485 4.204049
v 5.817000 1.719819 4.105186
v 5.817000 1.556416 4.240464
v 5.817000 1.536751 4.141600
v 3.549000 1.446584 4.240464
v 3.549000 1.466249 4.141600
v 3.549000 1.263515 4.204049
v 3.549000 1.283180 4.105186
v 5.817000 1.446584 4.240464
v 5.817000 1.466249 4.141600
v 5.817000 1.263515 4.204049
v 5.817000 1.283180 4.105186
v 3.549000 1.173348 4.186113
v 3.549000 1.193013 4.087250
v 3.549000 0.990279 4.149699
v 3.549000 1.009945 4.050836
v 5.817000 1.173348 4.186113
v 5.817000 1.193013 4.087250
v 5.817000 0.990279 4.149699
v 5.817000 1.009945 4.050836
v 3.549000 0.888807 4.107668
v 3.549000 0.944808 4.023856
v 3.549000 0.733609 4.003968
v 3.549000 0.789611 3.920156
v 5.817000 0.888807 4.107668
v 5.817000 0.944808 4.023856
v 5.817000 0.733609 4.003968
v 5.817000 0.789611 3.920156
v 3.549000 0.657169 3.952892
v 3.549000 0.713170 3.869080
v 3.549000 0.501971 3.849193
v 3.549000 0.557973 3.765380
v 5.817000 0.657169 3.952892
v 5.817000 0.713170 3.869080
v 5.817000 0.501971 3.849193
v 5.817000 0.557973 3.765380
v 3.549000 0.424307 3.771529
v 3.549000 0.508120 3.715528
v 3.549000 0.320608 3.616332
v 3.549000 0.404420 3.560330
v 5.817000 0.424307 3.771529
v 5.817000 0.508120 3.715528
v 5.817000 0.320608 3.616332
v 5.817000 0.404420 3.560330
v 3.549000 0.269532 3.539890
v 3.549000 0.353344 3.483889
v 3.549000 0.165832 3.384693
v 3.549000 0.249644 3.328691
v 5.817000 0.269532 3.539890
v 5.817000 0.353344 3.483889
v 5.817000 0.165832 3.384693
v 5.817000 0.249644 3.328691
v 3.549000 0.123801 3.283221
v 3.549000 0.222664 3.263556
v 3.549000 0.087386 3.100152
v 3.549000 0.186249 3.080487
v 5.817000 0.123801 3.283221
v 5.817000 0.222664 3.263556
v 5.817000 0.087386 3.100152
v 5.817000 0.186249 3.080487
v 3.549000 0.069451 3.009984
v 3.549000 0.168314 2.990319
v 3.549000 0.033036 2.826916
v 3.549000 0.131899 2.807251
v 5.817000 0.069451 3.009984
v 5.817000 0.168314 2.990319
v 5.817000 0.033036 2.826916
v 5.817000 0.131899 2.807251
v 3.549000 0.023100 2.714828
v 3.549000 0.123900 2.714828
v 3.549000 0.023100 2.482673
v 3.549000 0.123900 2.482673
v 5.817000 0.023100 2.714828
v 5.817000 0.123900 2.714828
v 5.817000 0.023100 2.482673
v 5.817000 0.123900 2.482673
v 3.549000 0.023100 2.368328
v 3.549000 0.123900 2.368328
v 3.549000 0.023100 2.136173
v 3.549000 0.123900 2.136173
v 5.817000 0.023100 2.368328
v 5.817000 0.123900 2.368328
v 5.817000 0.023100 2.136173
v 5.817000 0.123900 2.136173
v 3.549000 0.023100 2.021828
v 3.549000 0.123900 2.021828
v 3.549000 0.023100 1.789672
v 3.549000 0.123900 1.789672
v 5.817000 0.023100 2.021828
v 5.817000 0.123900 2.021828
v 5.817000 0.023100 1.789672
v 5.817000 0.123900 1.789672
v 3.549000 0.023100 1.675328
v 3.549000 0.123900 1.675328
v 3.549000 0.023100 1.443172
v 3.549000 0.123900 1.443172
v 5.817000 0.023100 1.675328
v 5.817000 0.123900 1.675328
v 5.817000 0.023100 1.443172
v 5.817000 0.123900 1.443172
v 3.549000 0.023100 1.328828
v 3.549000 0.123900 1.328828
v 3.549000 0.023100 1.096672
v 3.549000 0.123900 1.096672
v 5.817000 0.023100 1.328828
v 5.817000 0.123900 1.328828
v 5.817000 0.023100 1.096672
v 5.817000 0.123900 1.096672
v 3.549000 0.023100 0.982327
v 3.549000 0.123900 0.982327
v 3.549000 0.023100 0.750172
v 3.549000 0.123900 0.750172
v 5.817000 0.023100 0.982327
v 5.817000 0.123900 0.982327
v 5.817000 0.023100 0.750172
v 5.817000 0.123900 0.750172
v 3.549000 0.023100 0.635827
v 3.549000 0.123900 0.635827
v 3.549000 0.023100 0.403672
v 3.549000 0.123900 0.403672
v 5.817000 0.023100 0.635827
v 5.817000 0.123900 0.635827
v 5.817000 0.023100 0.403672
v 5.817000 0.123900 0.403672
v 3.549000 0.023100 0.289328
v 3.549000 0.123900 0.289328
v 3.549000 0.023100 0.057172
v 3.549000 0.123900 0.057172
v 5.817000 0.023100 0.289328
v 5.817000 0.123900 0.289328
v 5.817000 0.023100 0.057172
v 5.817000 0.123900 0.057172
v 3.549000 0.023100 -0.057173
v 3.549000 0.123900 -0.057173
v 3.549000 0.023100 -0.289328
v 3.549000 0.123900 -0.289328
v 5.817000 0.023100 -0.057173
v 5.817000 0.123900 -0.057173
v 5.817000 0.023100 -0.289328
v 5.817000 0.123900 -0.289328
v 3.549000 0.023100 -0.403672
v 3.549000 0.123900 -0.403672
v 3.549000 0.023100 -0.635827
v 3.549000 0.123900 -0.635827
v 5.817000 0.023100 -0.403672
v 5.817000 0.123900 -0.403672
v 5.817000 0.023100 -0.635827
v 5.817000 0.123900 -0.635827
v 3.549000 0.023100 -0.750172
v 3.549000 0.123900 -0.750172
v 3.549000 0.023100 -0.982327
v 3.549000 0.123900 -0.982327
v 5.817000 0.023100 -0.750172
v 5.817000 0.123900 -0.750172
v 5.817000 0.023100 -0.982327
v 5.817000 0.123900 -0.982327
v 3.549000 0.023100 -1.096672
v 3.549000 0.123900 -1.096672
v 3.549000 0.023100 -1.328828
v 3.549000 0.123900 -1.328828
v 5.817000 0.023100 -1.096672
v 5.817000 0.123900 -1.096672
v 5.817000 0.023100 -1.328828
v 5.817000 0.123900 -1.328828
v 3.549000 0.023100 -1.443172
v 3.549000 0.123900 -1.443172
v 3.549000 0.023100 -1.675328
v 3.549000 0.123900 -1.675328
v 5.817000 0.023100 -1.443172
v 5.817000 0.123900 -1.443172
v 5.817000 0.023100 -1.675328
v 5.817000 0.123900 -1.675328
v 3.549000 0.023100 -1.789672
v 3.549000 0.123900 -1.789672
v 3.549000 0.023100 -2.021827
v 3.549000 0.123900 -2.021827
v 5.817000 0.023100 -1.789672
v 5.817000 0.123900 -1.789672
v 5.817000 0.023100 -2.021827
v 5.817000 0.123900 -2.021827
v 3.549000 0.023100 -2.136173
v 3.549000 0.123900 -2.136173
v 3.549000 0.023100 -2.368327
v 3.549000 0.123900 -2.368327
v 5.817000 0.023100 -2.136173
v 5.817000 0.123900 -2.136173
v 5.817000 0.023100 -2.368327
v 5.817000 0.123900 -2.368327
v 3.549000 0.023100 -2.482672
v 3.549000 0.123900 -2.482672
v 3.549000 0.023100 -2.714827
v 3.549000 0.123900 -2.714827
v 5.817000 0.023100 -2.482672
v 5.817000 0.123900 -2.482672
v 5.817000 0.023100 -2.714827
v 5.817000 0.123900 -2.714827
vn -0.0000 -0.9808 -0.1951
vn -0.0000 -0.8315 -0.5556
vn -0.0000 -0.5556 -0.8315
vn -0.0000 -0.1951 -0.9808
vn -0.0000 0.1951 -0.9808
vn -0.0000 0.5556 -0.8315
vn -0.0000 0.8315 -0.5556
vn -0.0000 0.9808 -0.1951
vn -0.0000 1.0000 -0.0000
vn -0.0000 0.9808 0.1951
vn -0.0000 0.8315 0.5556
vn -0.0000 0.5556 0.8315
vn -0.0000 0.1951 0.9808
vn -0.0000 -0.1951 0.9808
vn -0.0000 -0.5556 0.8315
vn -0.0000 -0.8315 0.5556
vn -0.0000 -0.9808 0.1951
vn -0.0000 -1.0000 -0.0000
vn -0.0000 -0.2588 -0.9659
vn -0.0000 -0.7071 -0.7071
vn -0.0000 -0.9659 -0.2588
vn -0.0000 -0.9659 0.2588
vn -0.0000 -0.7071 0.7071
vn -0.0000 -0.2588 0.9659
vn -0.0000 0.2588 0.9659
vn -0.0000 0.7071 0.7071
vn -0.0000 0.9659 0.2588
vn -0.0000 0.9659 -0.2588
vn 1.0000 -0.0000 -0.0000
vn -0.0000 0.7071 -0.7071
vn -0.0000 0.2588 -0.9659
vn -1.0000 -0.0000 -0.0000
vn -0.0000 -0.3090 -0.9511
vn -0.0000 -0.8090 -0.5878
vn -0.0000 -0.8090 0.5878
vn -0.0000 -0.3090 0.9511
vn -0.0000 0.3090 0.9511
vn -0.0000 0.8090 0.5878
vn -0.0000 0.8090 -0.5878
vn -0.0000 0.3090 -0.9511
vn -0.0000 -0.0000 1.0000
vn -0.0000 -0.0000 -1.0000
vt 0.875000 0.125000
vt 0.625000 0.125000
vt 0.125000 0.375000
s 0
usemtl MilitaryEnemyPalette.003
f 933/4/43 934/4/43 952/4/43 951/4/43
f 934/4/44 935/4/44 953/4/44 952/4/44
f 935/4/45 936/4/45 954/4/45 953/4/45
f 936/4/46 937/4/46 955/4/46 954/4/46
f 937/4/47 938/4/47 956/4/47 955/4/47
f 938/4/48 939/4/48 957/4/48 956/4/48
f 939/4/49 940/4/49 958/4/49 957/4/49
f 940/4/50 941/4/50 959/4/50 958/4/50
f 941/4/51 942/4/51 960/4/51 959/4/51
f 942/4/52 943/4/52 961/4/52 960/4/52
f 943/4/53 944/4/53 962/4/53 961/4/53
f 944/4/54 945/4/54 963/4/54 962/4/54
f 945/4/55 946/4/55 964/4/55 963/4/55
f 946/4/56 947/4/56 965/4/56 964/4/56
f 947/4/57 948/4/57 966/4/57 965/4/57
f 948/4/58 949/4/58 967/4/58 966/4/58
f 949/4/59 950/4/59 968/4/59 967/4/59
f 950/4/60 933/4/60 951/4/60 968/4/60
f 969/5/61 970/5/61 972/5/61 971/5/61
f 971/5/62 972/5/62 974/5/62 973/5/62
f 973/5/63 974/5/63 976/5/63 975/5/63
f 975/5/64 976/5/64 978/5/64 977/5/64
f 977/5/65 978/5/65 980/5/65 979/5/65
f 979/5/66 980/5/66 982/5/66 981/5/66
f 981/5/67 982/5/67 984/5/67 983/5/67
f 983/5/68 984/5/68 986/5/68 985/5/68
f 985/5/69 986/5/69 988/5/69 987/5/69
f 987/5/70 988/5/70 990/5/70 989/5/70
f 972/5/71 970/5/71 992/5/71 990/5/71 988/5/71 986/5/71 984/5/71 982/5/71 980/5/71 978/5/71 976/5/71 974/5/71
f 989/5/72 990/5/72 992/5/72 991/5/72
f 991/5/73 992/5/73 970/5/73 969/5/73
f 969/5/74 971/5/74 973/5/74 975/5/74 977/5/74 979/5/74 981/5/74 983/5/74 985/5/74 987/5/74 989/5/74 991/5/74
f 993/6/75 994/6/75 996/6/75 995/6/75
f 995/6/76 996/6/76 998/6/76 997/6/76
f 997/6/60 998/6/60 1000/6/60 999/6/60
f 999/6/77 1000/6/77 1002/6/77 1001/6/77
f 1001/6/78 1002/6/78 1004/6/78 1003/6/78
f 1003/6/79 1004/6/79 1006/6/79 1005/6/79
f 1005/6/80 1006/6/80 1008/6/80 1007/6/80
f 1007/6/51 1008/6/51 1010/6/51 1009/6/51
f 996/6/71 994/6/71 1012/6/71 1010/6/71 1008/6/71 1006/6/71 1004/6/71 1002/6/71 1000/6/71 998/6/71
f 1009/6/81 1010/6/81 1012/6/81 1011/6/81
f 1011/6/82 1012/6/82 994/6/82 993/6/82
f 993/6/74 995/6/74 997/6/74 999/6/74 1001/6/74 1003/6/74 1005/6/74 1007/6/74 1009/6/74 1011/6/74
f 1013/6/75 1014/6/75 1016/6/75 1015/6/75
f 1015/6/76 1016/6/76 1018/6/76 1017/6/76
f 1017/6/60 1018/6/60 1020/6/60 1019/6/60
f 1019/6/77 1020/6/77 1022/6/77 1021/6/77
f 1021/6/78 1022/6/78 1024/6/78 1023/6/78
f 1023/6/79 1024/6/79 1026/6/79 1025/6/79
f 1025/6/80 1026/6/80 1028/6/80 1027/6/80
f 1027/6/51 1028/6/51 1030/6/51 1029/6/51
f 1016/6/71 1014/6/71 1032/6/71 1030/6/71 1028/6/71 1026/6/71 1024/6/71 1022/6/71 1020/6/71 1018/6/71
f 1029/6/81 1030/6/81 1032/6/81 1031/6/81
f 1031/6/82 1032/6/82 1014/6/82 1013/6/82
f 1013/6/74 1015/6/74 1017/6/74 1019/6/74 1021/6/74 1023/6/74 1025/6/74 1027/6/74 1029/6/74 1031/6/74
f 1033/5/61 1034/5/61 1036/5/61 1035/5/61
f 1035/5/62 1036/5/62 1038/5/62 1037/5/62
f 1037/5/63 1038/5/63 1040/5/63 1039/5/63
f 1039/5/64 1040/5/64 1042/5/64 1041/5/64
f 1041/5/65 1042/5/65 1044/5/65 1043/5/65
f 1043/5/66 1044/5/66 1046/5/66 1045/5/66
f 1045/5/67 1046/5/67 1048/5/67 1047/5/67
f 1047/5/68 1048/5/68 1050/5/68 1049/5/68
f 1049/5/69 1050/5/69 1052/5/69 1051/5/69
f 1051/5/70 1052/5/70 1054/5/70 1053/5/70
f 1036/5/71 1034/5/71 1056/5/71 1054/5/71 1052/5/71 1050/5/71 1048/5/71 1046/5/71 1044/5/71 1042/5/71 1040/5/71 1038/5/71
f 1053/5/72 1054/5/72 1056/5/72 1055/5/72
f 1055/5/73 1056/5/73 1034/5/73 1033/5/73
f 1033/5/74 1035/5/74 1037/5/74 1039/5/74 1041/5/74 1043/5/74 1045/5/74 1047/5/74 1049/5/74 1051/5/74 1053/5/74 1055/5/74
f 1057/6/75 1058/6/75 1060/6/75 1059/6/75
f 1059/6/76 1060/6/76 1062/6/76 1061/6/76
f 1061/6/60 1062/6/60 1064/6/60 1063/6/60
f 1063/6/77 1064/6/77 1066/6/77 1065/6/77
f 1065/6/78 1066/6/78 1068/6/78 1067/6/78
f 1067/6/79 1068/6/79 1070/6/79 1069/6/79
f 1069/6/80 1070/6/80 1072/6/80 1071/6/80
f 1071/6/51 1072/6/51 1074/6/51 1073/6/51
f 1060/6/71 1058/6/71 1076/6/71 1074/6/71 1072/6/71 1070/6/71 1068/6/71 1066/6/71 1064/6/71 1062/6/71
f 1073/6/81 1074/6/81 1076/6/81 1075/6/81
f 1075/6/82 1076/6/82 1058/6/82 1057/6/82
f 1057/6/74 1059/6/74 1061/6/74 1063/6/74 1065/6/74 1067/6/74 1069/6/74 1071/6/74 1073/6/74 1075/6/74
f 1077/6/75 1078/6/75 1080/6/75 1079/6/75
f 1079/6/76 1080/6/76 1082/6/76 1081/6/76
f 1081/6/60 1082/6/60 1084/6/60 1083/6/60
f 1083/6/77 1084/6/77 1086/6/77 1085/6/77
f 1085/6/78 1086/6/78 1088/6/78 1087/6/78
f 1087/6/79 1088/6/79 1090/6/79 1089/6/79
f 1089/6/80 1090/6/80 1092/6/80 1091/6/80
f 1091/6/51 1092/6/51 1094/6/51 1093/6/51
f 1080/6/71 1078/6/71 1096/6/71 1094/6/71 1092/6/71 1090/6/71 1088/6/71 1086/6/71 1084/6/71 1082/6/71
f 1093/6/81 1094/6/81 1096/6/81 1095/6/81
f 1095/6/82 1096/6/82 1078/6/82 1077/6/82
f 1077/6/74 1079/6/74 1081/6/74 1083/6/74 1085/6/74 1087/6/74 1089/6/74 1091/6/74 1093/6/74 1095/6/74
f 1097/5/61 1098/5/61 1100/5/61 1099/5/61
f 1099/5/62 1100/5/62 1102/5/62 1101/5/62
f 1101/5/63 1102/5/63 1104/5/63 1103/5/63
f 1103/5/64 1104/5/64 1106/5/64 1105/5/64
f 1105/5/65 1106/5/65 1108/5/65 1107/5/65
f 1107/5/66 1108/5/66 1110/5/66 1109/5/66
f 1109/5/67 1110/5/67 1112/5/67 1111/5/67
f 1111/5/68 1112/5/68 1114/5/68 1113/5/68
f 1113/5/69 1114/5/69 1116/5/69 1115/5/69
f 1115/5/70 1116/5/70 1118/5/70 1117/5/70
f 1100/5/71 1098/5/71 1120/5/71 1118/5/71 1116/5/71 1114/5/71 1112/5/71 1110/5/71 1108/5/71 1106/5/71 1104/5/71 1102/5/71
f 1117/5/72 1118/5/72 1120/5/72 1119/5/72
f 1119/5/73 1120/5/73 1098/5/73 1097/5/73
f 1097/5/74 1099/5/74 1101/5/74 1103/5/74 1105/5/74 1107/5/74 1109/5/74 1111/5/74 1113/5/74 1115/5/74 1117/5/74 1119/5/74
f 1121/6/75 1122/6/75 1124/6/75 1123/6/75
f 1123/6/76 1124/6/76 1126/6/76 1125/6/76
f 1125/6/60 1126/6/60 1128/6/60 1127/6/60
f 1127/6/77 1128/6/77 1130/6/77 1129/6/77
f 1129/6/78 1130/6/78 1132/6/78 1131/6/78
f 1131/6/79 1132/6/79 1134/6/79 1133/6/79
f 1133/6/80 1134/6/80 1136/6/80 1135/6/80
f 1135/6/51 1136/6/51 1138/6/51 1137/6/51
f 1124/6/71 1122/6/71 1140/6/71 1138/6/71 1136/6/71 1134/6/71 1132/6/71 1130/6/71 1128/6/71 1126/6/71
f 1137/6/81 1138/6/81 1140/6/81 1139/6/81
f 1139/6/82 1140/6/82 1122/6/82 1121/6/82
f 1121/6/74 1123/6/74 1125/6/74 1127/6/74 1129/6/74 1131/6/74 1133/6/74 1135/6/74 1137/6/74 1139/6/74
f 1141/6/75 1142/6/75 1144/6/75 1143/6/75
f 1143/6/76 1144/6/76 1146/6/76 1145/6/76
f 1145/6/60 1146/6/60 1148/6/60 1147/6/60
f 1147/6/77 1148/6/77 1150/6/77 1149/6/77
f 1149/6/78 1150/6/78 1152/6/78 1151/6/78
f 1151/6/79 1152/6/79 1154/6/79 1153/6/79
f 1153/6/80 1154/6/80 1156/6/80 1155/6/80
f 1155/6/51 1156/6/51 1158/6/51 1157/6/51
f 1144/6/71 1142/6/71 1160/6/71 1158/6/71 1156/6/71 1154/6/71 1152/6/71 1150/6/71 1148/6/71 1146/6/71
f 1157/6/81 1158/6/81 1160/6/81 1159/6/81
f 1159/6/82 1160/6/82 1142/6/82 1141/6/82
f 1141/6/74 1143/6/74 1145/6/74 1147/6/74 1149/6/74 1151/6/74 1153/6/74 1155/6/74 1157/6/74 1159/6/74
f 1161/5/61 1162/5/61 1164/5/61 1163/5/61
f 1163/5/62 1164/5/62 1166/5/62 1165/5/62
f 1165/5/63 1166/5/63 1168/5/63 1167/5/63
f 1167/5/64 1168/5/64 1170/5/64 1169/5/64
f 1169/5/65 1170/5/65 1172/5/65 1171/5/65
f 1171/5/66 1172/5/66 1174/5/66 1173/5/66
f 1173/5/67 1174/5/67 1176/5/67 1175/5/67
f 1175/5/68 1176/5/68 1178/5/68 1177/5/68
f 1177/5/69 1178/5/69 1180/5/69 1179/5/69
f 1179/5/70 1180/5/70 1182/5/70 1181/5/70
f 1164/5/71 1162/5/71 1184/5/71 1182/5/71 1180/5/71 1178/5/71 1176/5/71 1174/5/71 1172/5/71 1170/5/71 1168/5/71 1166/5/71
f 1181/5/72 1182/5/72 1184/5/72 1183/5/72
f 1183/5/73 1184/5/73 1162/5/73 1161/5/73
f 1161/5/74 1163/5/74 1165/5/74 1167/5/74 1169/5/74 1171/5/74 1173/5/74 1175/5/74 1177/5/74 1179/5/74 1181/5/74 1183/5/74
f 1185/6/75 1186/6/75 1188/6/75 1187/6/75
f 1187/6/76 1188/6/76 1190/6/76 1189/6/76
f 1189/6/60 1190/6/60 1192/6/60 1191/6/60
f 1191/6/77 1192/6/77 1194/6/77 1193/6/77
f 1193/6/78 1194/6/78 1196/6/78 1195/6/78
f 1195/6/79 1196/6/79 1198/6/79 1197/6/79
f 1197/6/80 1198/6/80 1200/6/80 1199/6/80
f 1199/6/51 1200/6/51 1202/6/51 1201/6/51
f 1188/6/71 1186/6/71 1204/6/71 1202/6/71 1200/6/71 1198/6/71 1196/6/71 1194/6/71 1192/6/71 1190/6/71
f 1201/6/81 1202/6/81 1204/6/81 1203/6/81
f 1203/6/82 1204/6/82 1186/6/82 1185/6/82
f 1185/6/74 1187/6/74 1189/6/74 1191/6/74 1193/6/74 1195/6/74 1197/6/74 1199/6/74 1201/6/74 1203/6/74
f 1205/6/75 1206/6/75 1208/6/75 1207/6/75
f 1207/6/76 1208/6/76 1210/6/76 1209/6/76
f 1209/6/60 1210/6/60 1212/6/60 1211/6/60
f 1211/6/77 1212/6/77 1214/6/77 1213/6/77
f 1213/6/78 1214/6/78 1216/6/78 1215/6/78
f 1215/6/79 1216/6/79 1218/6/79 1217/6/79
f 1217/6/80 1218/6/80 1220/6/80 1219/6/80
f 1219/6/51 1220/6/51 1222/6/51 1221/6/51
f 1208/6/71 1206/6/71 1224/6/71 1222/6/71 1220/6/71 1218/6/71 1216/6/71 1214/6/71 1212/6/71 1210/6/71
f 1221/6/81 1222/6/81 1224/6/81 1223/6/81
f 1223/6/82 1224/6/82 1206/6/82 1205/6/82
f 1205/6/74 1207/6/74 1209/6/74 1211/6/74 1213/6/74 1215/6/74 1217/6/74 1219/6/74 1221/6/74 1223/6/74
f 1225/5/61 1226/5/61 1228/5/61 1227/5/61
f 1227/5/62 1228/5/62 1230/5/62 1229/5/62
f 1229/5/63 1230/5/63 1232/5/63 1231/5/63
f 1231/5/64 1232/5/64 1234/5/64 1233/5/64
f 1233/5/65 1234/5/65 1236/5/65 1235/5/65
f 1235/5/66 1236/5/66 1238/5/66 1237/5/66
f 1237/5/67 1238/5/67 1240/5/67 1239/5/67
f 1239/5/68 1240/5/68 1242/5/68 1241/5/68
f 1241/5/69 1242/5/69 1244/5/69 1243/5/69
f 1243/5/70 1244/5/70 1246/5/70 1245/5/70
f 1228/5/71 1226/5/71 1248/5/71 1246/5/71 1244/5/71 1242/5/71 1240/5/71 1238/5/71 1236/5/71 1234/5/71 1232/5/71 1230/5/71
f 1245/5/72 1246/5/72 1248/5/72 1247/5/72
f 1247/5/73 1248/5/73 1226/5/73 1225/5/73
f 1225/5/74 1227/5/74 1229/5/74 1231/5/74 1233/5/74 1235/5/74 1237/5/74 1239/5/74 1241/5/74 1243/5/74 1245/5/74 1247/5/74
f 1249/6/75 1250/6/75 1252/6/75 1251/6/75
f 1251/6/76 1252/6/76 1254/6/76 1253/6/76
f 1253/6/60 1254/6/60 1256/6/60 1255/6/60
f 1255/6/77 1256/6/77 1258/6/77 1257/6/77
f 1257/6/78 1258/6/78 1260/6/78 1259/6/78
f 1259/6/79 1260/6/79 1262/6/79 1261/6/79
f 1261/6/80 1262/6/80 1264/6/80 1263/6/80
f 1263/6/51 1264/6/51 1266/6/51 1265/6/51
f 1252/6/71 1250/6/71 1268/6/71 1266/6/71 1264/6/71 1262/6/71 1260/6/71 1258/6/71 1256/6/71 1254/6/71
f 1265/6/81 1266/6/81 1268/6/81 1267/6/81
f 1267/6/82 1268/6/82 1250/6/82 1249/6/82
f 1249/6/74 1251/6/74 1253/6/74 1255/6/74 1257/6/74 1259/6/74 1261/6/74 1263/6/74 1265/6/74 1267/6/74
f 1269/6/75 1270/6/75 1272/6/75 1271/6/75
f 1271/6/76 1272/6/76 1274/6/76 1273/6/76
f 1273/6/60 1274/6/60 1276/6/60 1275/6/60
f 1275/6/77 1276/6/77 1278/6/77 1277/6/77
f 1277/6/78 1278/6/78 1280/6/78 1279/6/78
f 1279/6/79 1280/6/79 1282/6/79 1281/6/79
f 1281/6/80 1282/6/80 1284/6/80 1283/6/80
f 1283/6/51 1284/6/51 1286/6/51 1285/6/51
f 1272/6/71 1270/6/71 1288/6/71 1286/6/71 1284/6/71 1282/6/71 1280/6/71 1278/6/71 1276/6/71 1274/6/71
f 1285/6/81 1286/6/81 1288/6/81 1287/6/81
f 1287/6/82 1288/6/82 1270/6/82 1269/6/82
f 1269/6/74 1271/6/74 1273/6/74 1275/6/74 1277/6/74 1279/6/74 1281/6/74 1283/6/74 1285/6/74 1287/6/74
f 1289/5/61 1290/5/61 1292/5/61 1291/5/61
f 1291/5/62 1292/5/62 1294/5/62 1293/5/62
f 1293/5/63 1294/5/63 1296/5/63 1295/5/63
f 1295/5/64 1296/5/64 1298/5/64 1297/5/64
f 1297/5/65 1298/5/65 1300/5/65 1299/5/65
f 1299/5/66 1300/5/66 1302/5/66 1301/5/66
f 1301/5/67 1302/5/67 1304/5/67 1303/5/67
f 1303/5/68 1304/5/68 1306/5/68 1305/5/68
f 1305/5/69 1306/5/69 1308/5/69 1307/5/69
f 1307/5/70 1308/5/70 1310/5/70 1309/5/70
f 1292/5/71 1290/5/71 1312/5/71 1310/5/71 1308/5/71 1306/5/71 1304/5/71 1302/5/71 1300/5/71 1298/5/71 1296/5/71 1294/5/71
f 1309/5/72 1310/5/72 1312/5/72 1311/5/72
f 1311/5/73 1312/5/73 1290/5/73 1289/5/73
f 1289/5/74 1291/5/74 1293/5/74 1295/5/74 1297/5/74 1299/5/74 1301/5/74 1303/5/74 1305/5/74 1307/5/74 1309/5/74 1311/5/74
f 1313/6/75 1314/6/75 1316/6/75 1315/6/75
f 1315/6/76 1316/6/76 1318/6/76 1317/6/76
f 1317/6/60 1318/6/60 1320/6/60 1319/6/60
f 1319/6/77 1320/6/77 1322/6/77 1321/6/77
f 1321/6/78 1322/6/78 1324/6/78 1323/6/78
f 1323/6/79 1324/6/79 1326/6/79 1325/6/79
f 1325/6/80 1326/6/80 1328/6/80 1327/6/80
f 1327/6/51 1328/6/51 1330/6/51 1329/6/51
f 1316/6/71 1314/6/71 1332/6/71 1330/6/71 1328/6/71 1326/6/71 1324/6/71 1322/6/71 1320/6/71 1318/6/71
f 1329/6/81 1330/6/81 1332/6/81 1331/6/81
f 1331/6/82 1332/6/82 1314/6/82 1313/6/82
f 1313/6/74 1315/6/74 1317/6/74 1319/6/74 1321/6/74 1323/6/74 1325/6/74 1327/6/74 1329/6/74 1331/6/74
f 1333/6/75 1334/6/75 1336/6/75 1335/6/75
f 1335/6/76 1336/6/76 1338/6/76 1337/6/76
f 1337/6/60 1338/6/60 1340/6/60 1339/6/60
f 1339/6/77 1340/6/77 1342/6/77 1341/6/77
f 1341/6/78 1342/6/78 1344/6/78 1343/6/78
f 1343/6/79 1344/6/79 1346/6/79 1345/6/79
f 1345/6/80 1346/6/80 1348/6/80 1347/6/80
f 1347/6/51 1348/6/51 1350/6/51 1349/6/51
f 1336/6/71 1334/6/71 1352/6/71 1350/6/71 1348/6/71 1346/6/71 1344/6/71 1342/6/71 1340/6/71 1338/6/71
f 1349/6/81 1350/6/81 1352/6/81 1351/6/81
f 1351/6/82 1352/6/82 1334/6/82 1333/6/82
f 1333/6/74 1335/6/74 1337/6/74 1339/6/74 1341/6/74 1343/6/74 1345/6/74 1347/6/74 1349/6/74 1351/6/74
f 1353/6/74 1354/6/74 1356/6/74 1355/6/74
f 1355/6/47 1356/6/47 1360/6/47 1359/6/47
f 1359/6/71 1360/6/71 1358/6/71 1357/6/71
f 1357/6/56 1358/6/56 1354/6/56 1353/6/56
f 1355/6/43 1359/6/43 1357/6/43 1353/6/43
f 1360/6/52 1356/6/52 1354/6/52 1358/6/52
f 1361/6/74 1362/6/74 1364/6/74 1363/6/74
f 1363/6/47 1364/6/47 1368/6/47 1367/6/47
f 1367/6/71 1368/6/71 1366/6/71 1365/6/71
f 1365/6/56 1366/6/56 1362/6/56 1361/6/56
f 1363/6/43 1367/6/43 1365/6/43 1361/6/43
f 1368/6/52 1364/6/52 1362/6/52 1366/6/52
f 1369/6/74 1370/6/74 1372/6/74 1371/6/74
f 1371/6/48 1372/6/48 1376/6/48 1375/6/48
f 1375/6/71 1376/6/71 1374/6/71 1373/6/71
f 1373/6/57 1374/6/57 1370/6/57 1369/6/57
f 1371/6/44 1375/6/44 1373/6/44 1369/6/44
f 1376/6/53 1372/6/53 1370/6/53 1374/6/53
f 1377/6/74 1378/6/74 1380/6/74 1379/6/74
f 1379/6/48 1380/6/48 1384/6/48 1383/6/48
f 1383/6/71 1384/6/71 1382/6/71 1381/6/71
f 1381/6/57 1382/6/57 1378/6/57 1377/6/57
f 1379/6/44 1383/6/44 1381/6/44 1377/6/44
f 1384/6/53 1380/6/53 1378/6/53 1382/6/53
f 1385/6/74 1386/6/74 1388/6/74 1387/6/74
f 1387/6/49 1388/6/49 1392/6/49 1391/6/49
f 1391/6/71 1392/6/71 1390/6/71 1389/6/71
f 1389/6/58 1390/6/58 1386/6/58 1385/6/58
f 1387/6/45 1391/6/45 1389/6/45 1385/6/45
f 1392/6/54 1388/6/54 1386/6/54 1390/6/54
f 1393/6/74 1394/6/74 1396/6/74 1395/6/74
f 1395/6/49 1396/6/49 1400/6/49 1399/6/49
f 1399/6/71 1400/6/71 1398/6/71 1397/6/71
f 1397/6/58 1398/6/58 1394/6/58 1393/6/58
f 1395/6/45 1399/6/45 1397/6/45 1393/6/45
f 1400/6/54 1396/6/54 1394/6/54 1398/6/54
f 1401/6/74 1402/6/74 1404/6/74 1403/6/74
f 1403/6/50 1404/6/50 1408/6/50 1407/6/50
f 1407/6/71 1408/6/71 1406/6/71 1405/6/71
f 1405/6/59 1406/6/59 1402/6/59 1401/6/59
f 1403/6/46 1407/6/46 1405/6/46 1401/6/46
f 1408/6/55 1404/6/55 1402/6/55 1406/6/55
f 1409/6/74 1410/6/74 1412/6/74 1411/6/74
f 1411/6/50 1412/6/50 1416/6/50 1415/6/50
f 1415/6/71 1416/6/71 1414/6/71 1413/6/71
f 1413/6/59 1414/6/59 1410/6/59 1409/6/59
f 1411/6/46 1415/6/46 1413/6/46 1409/6/46
f 1416/6/55 1412/6/55 1410/6/55 1414/6/55
f 1417/6/74 1418/6/74 1420/6/74 1419/6/74
f 1419/6/52 1420/6/52 1424/6/52 1423/6/52
f 1423/6/71 1424/6/71 1422/6/71 1421/6/71
f 1421/6/43 1422/6/43 1418/6/43 1417/6/43
f 1419/6/47 1423/6/47 1421/6/47 1417/6/47
f 1424/6/56 1420/6/56 1418/6/56 1422/6/56
f 1425/6/74 1426/6/74 1428/6/74 1427/6/74
f 1427/6/52 1428/6/52 1432/6/52 1431/6/52
f 1431/6/71 1432/6/71 1430/6/71 1429/6/71
f 1429/6/43 1430/6/43 1426/6/43 1425/6/43
f 1427/6/47 1431/6/47 1429/6/47 1425/6/47
f 1432/6/56 1428/6/56 1426/6/56 1430/6/56
f 1433/6/74 1434/6/74 1436/6/74 1435/6/74
f 1435/6/53 1436/6/53 1440/6/53 1439/6/53
f 1439/6/71 1440/6/71 1438/6/71 1437/6/71
f 1437/6/44 1438/6/44 1434/6/44 1433/6/44
f 1435/6/48 1439/6/48 1437/6/48 1433/6/48
f 1440/6/57 1436/6/57 1434/6/57 1438/6/57
f 1441/6/74 1442/6/74 1444/6/74 1443/6/74
f 1443/6/53 1444/6/53 1448/6/53 1447/6/53
f 1447/6/71 1448/6/71 1446/6/71 1445/6/71
f 1445/6/44 1446/6/44 1442/6/44 1441/6/44
f 1443/6/48 1447/6/48 1445/6/48 1441/6/48
f 1448/6/57 1444/6/57 1442/6/57 1446/6/57
f 1449/6/74 1450/6/74 1452/6/74 1451/6/74
f 1451/6/54 1452/6/54 1456/6/54 1455/6/54
f 1455/6/71 1456/6/71 1454/6/71 1453/6/71
f 1453/6/45 1454/6/45 1450/6/45 1449/6/45
f 1451/6/49 1455/6/49 1453/6/49 1449/6/49
f 1456/6/58 1452/6/58 1450/6/58 1454/6/58
f 1457/6/74 1458/6/74 1460/6/74 1459/6/74
f 1459/6/54 1460/6/54 1464/6/54 1463/6/54
f 1463/6/71 1464/6/71 1462/6/71 1461/6/71
f 1461/6/45 1462/6/45 1458/6/45 1457/6/45
f 1459/6/49 1463/6/49 1461/6/49 1457/6/49
f 1464/6/58 1460/6/58 1458/6/58 1462/6/58
f 1465/6/74 1466/6/74 1468/6/74 1467/6/74
f 1467/6/55 1468/6/55 1472/6/55 1471/6/55
f 1471/6/71 1472/6/71 1470/6/71 1469/6/71
f 1469/6/46 1470/6/46 1466/6/46 1465/6/46
f 1467/6/50 1471/6/50 1469/6/50 1465/6/50
f 1472/6/59 1468/6/59 1466/6/59 1470/6/59
f 1473/6/74 1474/6/74 1476/6/74 1475/6/74
f 1475/6/55 1476/6/55 1480/6/55 1479/6/55
f 1479/6/71 1480/6/71 1478/6/71 1477/6/71
f 1477/6/46 1478/6/46 1474/6/46 1473/6/46
f 1475/6/50 1479/6/50 1477/6/50 1473/6/50
f 1480/6/59 1476/6/59 1474/6/59 1478/6/59
f 1481/6/74 1482/6/74 1484/6/74 1483/6/74
f 1483/6/83 1484/6/83 1488/6/83 1487/6/83
f 1487/6/71 1488/6/71 1486/6/71 1485/6/71
f 1485/6/84 1486/6/84 1482/6/84 1481/6/84
f 1483/6/51 1487/6/51 1485/6/51 1481/6/51
f 1488/6/60 1484/6/60 1482/6/60 1486/6/60
f 1489/6/74 1490/6/74 1492/6/74 1491/6/74
f 1491/6/83 1492/6/83 1496/6/83 1495/6/83
f 1495/6/71 1496/6/71 1494/6/71 1493/6/71
f 1493/6/84 1494/6/84 1490/6/84 1489/6/84
f 1491/6/51 1495/6/51 1493/6/51 1489/6/51
f 1496/6/60 1492/6/60 1490/6/60 1494/6/60
f 1497/6/74 1498/6/74 1500/6/74 1499/6/74
f 1499/6/83 1500/6/83 1504/6/83 1503/6/83
f 1503/6/71 1504/6/71 1502/6/71 1501/6/71
f 1501/6/84 1502/6/84 1498/6/84 1497/6/84
f 1499/6/51 1503/6/51 1501/6/51 1497/6/51
f 1504/6/60 1500/6/60 1498/6/60 1502/6/60
f 1505/6/74 1506/6/74 1508/6/74 1507/6/74
f 1507/6/83 1508/6/83 1512/6/83 1511/6/83
f 1511/6/71 1512/6/71 1510/6/71 1509/6/71
f 1509/6/84 1510/6/84 1506/6/84 1505/6/84
f 1507/6/51 1511/6/51 1509/6/51 1505/6/51
f 1512/6/60 1508/6/60 1506/6/60 1510/6/60
f 1513/6/74 1514/6/74 1516/6/74 1515/6/74
f 1515/6/83 1516/6/83 1520/6/83 1519/6/83
f 1519/6/71 1520/6/71 1518/6/71 1517/6/71
f 1517/6/84 1518/6/84 1514/6/84 1513/6/84
f 1515/6/51 1519/6/51 1517/6/51 1513/6/51
f 1520/6/60 1516/6/60 1514/6/60 1518/6/60
f 1521/6/74 1522/6/74 1524/6/74 1523/6/74
f 1523/6/83 1524/6/83 1528/6/83 1527/6/83
f 1527/6/71 1528/6/71 1526/6/71 1525/6/71
f 1525/6/84 1526/6/84 1522/6/84 1521/6/84
f 1523/6/51 1527/6/51 1525/6/51 1521/6/51
f 1528/6/60 1524/6/60 1522/6/60 1526/6/60
f 1529/6/74 1530/6/74 1532/6/74 1531/6/74
f 1531/6/83 1532/6/83 1536/6/83 1535/6/83
f 1535/6/71 1536/6/71 1534/6/71 1533/6/71
f 1533/6/84 1534/6/84 1530/6/84 1529/6/84
f 1531/6/51 1535/6/51 1533/6/51 1529/6/51
f 1536/6/60 1532/6/60 1530/6/60 1534/6/60
f 1537/6/74 1538/6/74 1540/6/74 1539/6/74
f 1539/6/83 1540/6/83 1544/6/83 1543/6/83
f 1543/6/71 1544/6/71 1542/6/71 1541/6/71
f 1541/6/84 1542/6/84 1538/6/84 1537/6/84
f 1539/6/51 1543/6/51 1541/6/51 1537/6/51
f 1544/6/60 1540/6/60 1538/6/60 1542/6/60
f 1545/6/74 1546/6/74 1548/6/74 1547/6/74
f 1547/6/83 1548/6/83 1552/6/83 1551/6/83
f 1551/6/71 1552/6/71 1550/6/71 1549/6/71
f 1549/6/84 1550/6/84 1546/6/84 1545/6/84
f 1547/6/51 1551/6/51 1549/6/51 1545/6/51
f 1552/6/60 1548/6/60 1546/6/60 1550/6/60
f 1553/6/74 1554/6/74 1556/6/74 1555/6/74
f 1555/6/83 1556/6/83 1560/6/83 1559/6/83
f 1559/6/71 1560/6/71 1558/6/71 1557/6/71
f 1557/6/84 1558/6/84 1554/6/84 1553/6/84
f 1555/6/51 1559/6/51 1557/6/51 1553/6/51
f 1560/6/60 1556/6/60 1554/6/60 1558/6/60
f 1561/6/74 1562/6/74 1564/6/74 1563/6/74
f 1563/6/83 1564/6/83 1568/6/83 1567/6/83
f 1567/6/71 1568/6/71 1566/6/71 1565/6/71
f 1565/6/84 1566/6/84 1562/6/84 1561/6/84
f 1563/6/51 1567/6/51 1565/6/51 1561/6/51
f 1568/6/60 1564/6/60 1562/6/60 1566/6/60
f 1569/6/74 1570/6/74 1572/6/74 1571/6/74
f 1571/6/83 1572/6/83 1576/6/83 1575/6/83
f 1575/6/71 1576/6/71 1574/6/71 1573/6/71
f 1573/6/84 1574/6/84 1570/6/84 1569/6/84
f 1571/6/51 1575/6/51 1573/6/51 1569/6/51
f 1576/6/60 1572/6/60 1570/6/60 1574/6/60
f 1577/6/74 1578/6/74 1580/6/74 1579/6/74
f 1579/6/83 1580/6/83 1584/6/83 1583/6/83
f 1583/6/71 1584/6/71 1582/6/71 1581/6/71
f 1581/6/84 1582/6/84 1578/6/84 1577/6/84
f 1579/6/51 1583/6/51 1581/6/51 1577/6/51
f 1584/6/60 1580/6/60 1578/6/60 1582/6/60
f 1585/6/74 1586/6/74 1588/6/74 1587/6/74
f 1587/6/83 1588/6/83 1592/6/83 1591/6/83
f 1591/6/71 1592/6/71 1590/6/71 1589/6/71
f 1589/6/84 1590/6/84 1586/6/84 1585/6/84
f 1587/6/51 1591/6/51 1589/6/51 1585/6/51
f 1592/6/60 1588/6/60 1586/6/60 1590/6/60
f 1593/6/74 1594/6/74 1596/6/74 1595/6/74
f 1595/6/83 1596/6/83 1600/6/83 1599/6/83
f 1599/6/71 1600/6/71 1598/6/71 1597/6/71
f 1597/6/84 1598/6/84 1594/6/84 1593/6/84
f 1595/6/51 1599/6/51 1597/6/51 1593/6/51
f 1600/6/60 1596/6/60 1594/6/60 1598/6/60
f 1601/6/74 1602/6/74 1604/6/74 1603/6/74
f 1603/6/83 1604/6/83 1608/6/83 1607/6/83
f 1607/6/71 1608/6/71 1606/6/71 1605/6/71
f 1605/6/84 1606/6/84 1602/6/84 1601/6/84
f 1603/6/51 1607/6/51 1605/6/51 1601/6/51
f 1608/6/60 1604/6/60 1602/6/60 1606/6/60
f 1609/6/74 1610/6/74 1612/6/74 1611/6/74
f 1611/6/56 1612/6/56 1616/6/56 1615/6/56
f 1615/6/71 1616/6/71 1614/6/71 1613/6/71
f 1613/6/47 1614/6/47 1610/6/47 1609/6/47
f 1611/6/52 1615/6/52 1613/6/52 1609/6/52
f 1616/6/43 1612/6/43 1610/6/43 1614/6/43
f 1617/6/74 1618/6/74 1620/6/74 1619/6/74
f 1619/6/56 1620/6/56 1624/6/56 1623/6/56
f 1623/6/71 1624/6/71 1622/6/71 1621/6/71
f 1621/6/47 1622/6/47 1618/6/47 1617/6/47
f 1619/6/52 1623/6/52 1621/6/52 1617/6/52
f 1624/6/43 1620/6/43 1618/6/43 1622/6/43
f 1625/6/74 1626/6/74 1628/6/74 1627/6/74
f 1627/6/57 1628/6/57 1632/6/57 1631/6/57
f 1631/6/71 1632/6/71 1630/6/71 1629/6/71
f 1629/6/48 1630/6/48 1626/6/48 1625/6/48
f 1627/6/53 1631/6/53 1629/6/53 1625/6/53
f 1632/6/44 1628/6/44 1626/6/44 1630/6/44
f 1633/6/74 1634/6/74 1636/6/74 1635/6/74
f 1635/6/57 1636/6/57 1640/6/57 1639/6/57
f 1639/6/71 1640/6/71 1638/6/71 1637/6/71
f 1637/6/48 1638/6/48 1634/6/48 1633/6/48
f 1635/6/53 1639/6/53 1637/6/53 1633/6/53
f 1640/6/44 1636/6/44 1634/6/44 1638/6/44
f 1641/6/74 1642/6/74 1644/6/74 1643/6/74
f 1643/6/58 1644/6/58 1648/6/58 1647/6/58
f 1647/6/71 1648/6/71 1646/6/71 1645/6/71
f 1645/6/49 1646/6/49 1642/6/49 1641/6/49
f 1643/6/54 1647/6/54 1645/6/54 1641/6/54
f 1648/6/45 1644/6/45 1642/6/45 1646/6/45
f 1649/6/74 1650/6/74 1652/6/74 1651/6/74
f 1651/6/58 1652/6/58 1656/6/58 1655/6/58
f 1655/6/71 1656/6/71 1654/6/71 1653/6/71
f 1653/6/49 1654/6/49 1650/6/49 1649/6/49
f 1651/6/54 1655/6/54 1653/6/54 1649/6/54
f 1656/6/45 1652/6/45 1650/6/45 1654/6/45
f 1657/6/74 1658/6/74 1660/6/74 1659/6/74
f 1659/6/59 1660/6/59 1664/6/59 1663/6/59
f 1663/6/71 1664/6/71 1662/6/71 1661/6/71
f 1661/6/50 1662/6/50 1658/6/50 1657/6/50
f 1659/6/55 1663/6/55 1661/6/55 1657/6/55
f 1664/6/46 1660/6/46 1658/6/46 1662/6/46
f 1665/6/74 1666/6/74 1668/6/74 1667/6/74
f 1667/6/59 1668/6/59 1672/6/59 1671/6/59
f 1671/6/71 1672/6/71 1670/6/71 1669/6/71
f 1669/6/50 1670/6/50 1666/6/50 1665/6/50
f 1667/6/55 1671/6/55 1669/6/55 1665/6/55
f 1672/6/46 1668/6/46 1666/6/46 1670/6/46
f 1673/6/74 1674/6/74 1676/6/74 1675/6/74
f 1675/6/43 1676/6/43 1680/6/43 1679/6/43
f 1679/6/71 1680/6/71 1678/6/71 1677/6/71
f 1677/6/52 1678/6/52 1674/6/52 1673/6/52
f 1675/6/56 1679/6/56 1677/6/56 1673/6/56
f 1680/6/47 1676/6/47 1674/6/47 1678/6/47
f 1681/6/74 1682/6/74 1684/6/74 1683/6/74
f 1683/6/43 1684/6/43 1688/6/43 1687/6/43
f 1687/6/71 1688/6/71 1686/6/71 1685/6/71
f 1685/6/52 1686/6/52 1682/6/52 1681/6/52
f 1683/6/56 1687/6/56 1685/6/56 1681/6/56
f 1688/6/47 1684/6/47 1682/6/47 1686/6/47
f 1689/6/74 1690/6/74 1692/6/74 1691/6/74
f 1691/6/44 1692/6/44 1696/6/44 1695/6/44
f 1695/6/71 1696/6/71 1694/6/71 1693/6/71
f 1693/6/53 1694/6/53 1690/6/53 1689/6/53
f 1691/6/57 1695/6/57 1693/6/57 1689/6/57
f 1696/6/48 1692/6/48 1690/6/48 1694/6/48
f 1697/6/74 1698/6/74 1700/6/74 1699/6/74
f 1699/6/44 1700/6/44 1704/6/44 1703/6/44
f 1703/6/71 1704/6/71 1702/6/71 1701/6/71
f 1701/6/53 1702/6/53 1698/6/53 1697/6/53
f 1699/6/57 1703/6/57 1701/6/57 1697/6/57
f 1704/6/48 1700/6/48 1698/6/48 1702/6/48
f 1705/6/74 1706/6/74 1708/6/74 1707/6/74
f 1707/6/45 1708/6/45 1712/6/45 1711/6/45
f 1711/6/71 1712/6/71 1710/6/71 1709/6/71
f 1709/6/54 1710/6/54 1706/6/54 1705/6/54
f 1707/6/58 1711/6/58 1709/6/58 1705/6/58
f 1712/6/49 1708/6/49 1706/6/49 1710/6/49
f 1713/6/74 1714/6/74 1716/6/74 1715/6/74
f 1715/6/45 1716/6/45 1720/6/45 1719/6/45
f 1719/6/71 1720/6/71 1718/6/71 1717/6/71
f 1717/6/54 1718/6/54 1714/6/54 1713/6/54
f 1715/6/58 1719/6/58 1717/6/58 1713/6/58
f 1720/6/49 1716/6/49 1714/6/49 1718/6/49
f 1721/6/74 1722/6/74 1724/6/74 1723/6/74
f 1723/6/46 1724/6/46 1728/6/46 1727/6/46
f 1727/6/71 1728/6/71 1726/6/71 1725/6/71
f 1725/6/55 1726/6/55 1722/6/55 1721/6/55
f 1723/6/59 1727/6/59 1725/6/59 1721/6/59
f 1728/6/50 1724/6/50 1722/6/50 1726/6/50
f 1729/6/74 1730/6/74 1732/6/74 1731/6/74
f 1731/6/46 1732/6/46 1736/6/46 1735/6/46
f 1735/6/71 1736/6/71 1734/6/71 1733/6/71
f 1733/6/55 1734/6/55 1730/6/55 1729/6/55
f 1731/6/59 1735/6/59 1733/6/59 1729/6/59
f 1736/6/50 1732/6/50 1730/6/50 1734/6/50
f 1737/6/74 1738/6/74 1740/6/74 1739/6/74
f 1739/6/84 1740/6/84 1744/6/84 1743/6/84
f 1743/6/71 1744/6/71 1742/6/71 1741/6/71
f 1741/6/83 1742/6/83 1738/6/83 1737/6/83
f 1739/6/60 1743/6/60 1741/6/60 1737/6/60
f 1744/6/51 1740/6/51 1738/6/51 1742/6/51
f 1745/6/74 1746/6/74 1748/6/74 1747/6/74
f 1747/6/84 1748/6/84 1752/6/84 1751/6/84
f 1751/6/71 1752/6/71 1750/6/71 1749/6/71
f 1749/6/83 1750/6/83 1746/6/83 1745/6/83
f 1747/6/60 1751/6/60 1749/6/60 1745/6/60
f 1752/6/51 1748/6/51 1746/6/51 1750/6/51
f 1753/6/74 1754/6/74 1756/6/74 1755/6/74
f 1755/6/84 1756/6/84 1760/6/84 1759/6/84
f 1759/6/71 1760/6/71 1758/6/71 1757/6/71
f 1757/6/83 1758/6/83 1754/6/83 1753/6/83
f 1755/6/60 1759/6/60 1757/6/60 1753/6/60
f 1760/6/51 1756/6/51 1754/6/51 1758/6/51
f 1761/6/74 1762/6/74 1764/6/74 1763/6/74
f 1763/6/84 1764/6/84 1768/6/84 1767/6/84
f 1767/6/71 1768/6/71 1766/6/71 1765/6/71
f 1765/6/83 1766/6/83 1762/6/83 1761/6/83
f 1763/6/60 1767/6/60 1765/6/60 1761/6/60
f 1768/6/51 1764/6/51 1762/6/51 1766/6/51
f 1769/6/74 1770/6/74 1772/6/74 1771/6/74
f 1771/6/84 1772/6/84 1776/6/84 1775/6/84
f 1775/6/71 1776/6/71 1774/6/71 1773/6/71
f 1773/6/83 1774/6/83 1770/6/83 1769/6/83
f 1771/6/60 1775/6/60 1773/6/60 1769/6/60
f 1776/6/51 1772/6/51 1770/6/51 1774/6/51
f 1777/6/74 1778/6/74 1780/6/74 1779/6/74
f 1779/6/84 1780/6/84 1784/6/84 1783/6/84
f 1783/6/71 1784/6/71 1782/6/71 1781/6/71
f 1781/6/83 1782/6/83 1778/6/83 1777/6/83
f 1779/6/60 1783/6/60 1781/6/60 1777/6/60
f 1784/6/51 1780/6/51 1778/6/51 1782/6/51
f 1785/6/74 1786/6/74 1788/6/74 1787/6/74
f 1787/6/84 1788/6/84 1792/6/84 1791/6/84
f 1791/6/71 1792/6/71 1790/6/71 1789/6/71
f 1789/6/83 1790/6/83 1786/6/83 1785/6/83
f 1787/6/60 1791/6/60 1789/6/60 1785/6/60
f 1792/6/51 1788/6/51 1786/6/51 1790/6/51
f 1793/6/74 1794/6/74 1796/6/74 1795/6/74
f 1795/6/84 1796/6/84 1800/6/84 1799/6/84
f 1799/6/71 1800/6/71 1798/6/71 1797/6/71
f 1797/6/83 1798/6/83 1794/6/83 1793/6/83
f 1795/6/60 1799/6/60 1797/6/60 1793/6/60
f 1800/6/51 1796/6/51 1794/6/51 1798/6/51
f 1801/6/74 1802/6/74 1804/6/74 1803/6/74
f 1803/6/84 1804/6/84 1808/6/84 1807/6/84
f 1807/6/71 1808/6/71 1806/6/71 1805/6/71
f 1805/6/83 1806/6/83 1802/6/83 1801/6/83
f 1803/6/60 1807/6/60 1805/6/60 1801/6/60
f 1808/6/51 1804/6/51 1802/6/51 1806/6/51
f 1809/6/74 1810/6/74 1812/6/74 1811/6/74
f 1811/6/84 1812/6/84 1816/6/84 1815/6/84
f 1815/6/71 1816/6/71 1814/6/71 1813/6/71
f 1813/6/83 1814/6/83 1810/6/83 1809/6/83
f 1811/6/60 1815/6/60 1813/6/60 1809/6/60
f 1816/6/51 1812/6/51 1810/6/51 1814/6/51
f 1817/6/74 1818/6/74 1820/6/74 1819/6/74
f 1819/6/84 1820/6/84 1824/6/84 1823/6/84
f 1823/6/71 1824/6/71 1822/6/71 1821/6/71
f 1821/6/83 1822/6/83 1818/6/83 1817/6/83
f 1819/6/60 1823/6/60 1821/6/60 1817/6/60
f 1824/6/51 1820/6/51 1818/6/51 1822/6/51
f 1825/6/74 1826/6/74 1828/6/74 1827/6/74
f 1827/6/84 1828/6/84 1832/6/84 1831/6/84
f 1831/6/71 1832/6/71 1830/6/71 1829/6/71
f 1829/6/83 1830/6/83 1826/6/83 1825/6/83
f 1827/6/60 1831/6/60 1829/6/60 1825/6/60
f 1832/6/51 1828/6/51 1826/6/51 1830/6/51
f 1833/6/74 1834/6/74 1836/6/74 1835/6/74
f 1835/6/84 1836/6/84 1840/6/84 1839/6/84
f 1839/6/71 1840/6/71 1838/6/71 1837/6/71
f 1837/6/83 1838/6/83 1834/6/83 1833/6/83
f 1835/6/60 1839/6/60 1837/6/60 1833/6/60
f 1840/6/51 1836/6/51 1834/6/51 1838/6/51
f 1841/6/74 1842/6/74 1844/6/74 1843/6/74
f 1843/6/84 1844/6/84 1848/6/84 1847/6/84
f 1847/6/71 1848/6/71 1846/6/71 1845/6/71
f 1845/6/83 1846/6/83 1842/6/83 1841/6/83
f 1843/6/60 1847/6/60 1845/6/60 1841/6/60
f 1848/6/51 1844/6/51 1842/6/51 1846/6/51
f 1849/6/74 1850/6/74 1852/6/74 1851/6/74
f 1851/6/84 1852/6/84 1856/6/84 1855/6/84
f 1855/6/71 1856/6/71 1854/6/71 1853/6/71
f 1853/6/83 1854/6/83 1850/6/83 1849/6/83
f 1851/6/60 1855/6/60 1853/6/60 1849/6/60
f 1856/6/51 1852/6/51 1850/6/51 1854/6/51
f 1857/6/74 1858/6/74 1860/6/74 1859/6/74
f 1859/6/84 1860/6/84 1864/6/84 1863/6/84
f 1863/6/71 1864/6/71 1862/6/71 1861/6/71
f 1861/6/83 1862/6/83 1858/6/83 1857/6/83
f 1859/6/60 1863/6/60 1861/6/60 1857/6/60
f 1864/6/51 1860/6/51 1858/6/51 1862/6/51
o Body.008
v -2.835000 1.680000 4.557000
v 2.835000 1.680000 4.557000
v 3.213000 2.058000 4.557000
v 3.213000 2.877000 4.557000
v 2.835000 3.255000 4.557000
v -2.835000 3.255000 4.557000
v -3.213000 2.877000 4.557000
v -3.213000 2.058000 4.557000
v -3.297000 1.680000 2.478000
v 3.297000 1.680000 2.478000
v 3.717000 2.100000 2.478000
v 3.717000 4.388999 2.478000
v 3.297000 4.809000 2.478000
v -3.297000 4.809000 2.478000
v -3.717000 4.388999 2.478000
v -3.717000 2.100000 2.478000
v -3.108000 1.680000 -3.528000
v 3.108000 1.680000 -3.528000
v 3.528000 2.100000 -3.528000
v 3.528000 4.620000 -3.528000
v 3.108000 5.040000 -3.528000
v -3.108000 5.040000 -3.528000
v -3.528000 4.620000 -3.528000
v -3.528000 2.100000 -3.528000
v -2.646000 1.680000 -4.388999
v 2.646000 1.680000 -4.388999
v 2.982000 2.016000 -4.388999
v 2.982000 3.318000 -4.388999
v 2.646000 3.654000 -4.388999
v -2.646000 3.654000 -4.388999
v -2.982000 3.318000 -4.388999
v -2.982000 2.016000 -4.388999
v -3.255000 2.163000 4.872000
v 3.255000 2.163000 4.872000
v 3.465000 2.373000 4.872000
v 3.465000 2.562000 4.872000
v 3.255000 2.772000 4.872000
v -3.255000 2.772000 4.872000
v -3.465000 2.562000 4.872000
v -3.465000 2.373000 4.872000
v -3.549000 2.352000 2.898000
v 3.549000 2.352000 2.898000
v 3.843000 2.646000 2.898000
v 3.843000 3.927000 2.898000
v 3.549000 4.221000 2.898000
v -3.549000 4.221000 2.898000
v -3.843000 3.927000 2.898000
v -3.843000 2.646000 2.898000
v -4.040400 3.150000 3.515400
v -4.040400 3.225600 3.591000
v -4.116000 3.225600 3.515400
v -4.040400 4.334400 3.591000
v -4.040400 4.409999 3.515400
v -4.116000 4.334400 3.515400
v -4.040400 3.150000 2.196600
v -4.116000 3.225600 2.196600
v -4.040400 3.225600 2.121000
v -4.040400 4.409999 2.196600
v -4.040400 4.334400 2.121000
v -4.116000 4.334400 2.196600
v -3.813600 3.150000 3.515400
v -3.738000 3.225600 3.515400
v -3.813600 3.225600 3.591000
v -3.813600 4.409999 3.515400
v -3.813600 4.334400 3.591000
v -3.738000 4.334400 3.515400
v -3.813600 3.150000 2.196600
v -3.813600 3.225600 2.121000
v -3.738000 3.225600 2.196600
v -3.813600 4.409999 2.196600
v -3.738000 4.334400 2.196600
v -3.813600 4.334400 2.121000
v -4.040400 3.150000 1.709400
v -4.040400 3.225600 1.785000
v -4.116000 3.225600 1.709400
v -4.040400 4.334400 1.785000
v -4.040400 4.409999 1.709400
v -4.116000 4.334400 1.709400
v -4.040400 3.150000 0.390600
v -4.116000 3.225600 0.390600
v -4.040400 3.225600 0.315000
v -4.040400 4.409999 0.390600
v -4.040400 4.334400 0.315000
v -4.116000 4.334400 0.390600
v -3.813600 3.150000 1.709400
v -3.738000 3.225600 1.709400
v -3.813600 3.225600 1.785000
v -3.813600 4.409999 1.709400
v -3.813600 4.334400 1.785000
v -3.738000 4.334400 1.709400
v -3.813600 3.150000 0.390600
v -3.813600 3.225600 0.315000
v -3.738000 3.225600 0.390600
v -3.813600 4.409999 0.390600
v -3.738000 4.334400 0.390600
v -3.813600 4.334400 0.315000
v -4.040400 3.150000 -0.096600
v -4.040400 3.225600 -0.021000
v -4.116000 3.225600 -0.096600
v -4.040400 4.334400 -0.021000
v -4.040400 4.409999 -0.096600
v -4.116000 4.334400 -0.096600
v -4.040400 3.150000 -1.415400
v -4.116000 3.225600 -1.415400
v -4.040400 3.225600 -1.491000
v -4.040400 4.409999 -1.415400
v -4.040400 4.334400 -1.491000
v -4.116000 4.334400 -1.415400
v -3.813600 3.150000 -0.096600
v -3.738000 3.225600 -0.096600
v -3.813600 3.225600 -0.021000
v -3.813600 4.409999 -0.096600
v -3.813600 4.334400 -0.021000
v -3.738000 4.334400 -0.096600
v -3.813600 3.150000 -1.415400
v -3.813600 3.225600 -1.491000
v -3.738000 3.225600 -1.415400
v -3.813600 4.409999 -1.415400
v -3.738000 4.334400 -1.415400
v -3.813600 4.334400 -1.491000
v -4.040400 3.150000 -1.902600
v -4.040400 3.225600 -1.827000
v -4.116000 3.225600 -1.902600
v -4.040400 4.334400 -1.827000
v -4.040400 4.409999 -1.902600
v -4.116000 4.334400 -1.902600
v -4.040400 3.150000 -3.221400
v -4.116000 3.225600 -3.221400
v -4.040400 3.225600 -3.297000
v -4.040400 4.409999 -3.221400
v -4.040400 4.334400 -3.297000
v -4.116000 4.334400 -3.221400
v -3.813600 3.150000 -1.902600
v -3.738000 3.225600 -1.902600
v -3.813600 3.225600 -1.827000
v -3.813600 4.409999 -1.902600
v -3.813600 4.334400 -1.827000
v -3.738000 4.334400 -1.902600
v -3.813600 3.150000 -3.221400
v -3.813600 3.225600 -3.297000
v -3.738000 3.225600 -3.221400
v -3.813600 4.409999 -3.221400
v -3.738000 4.334400 -3.221400
v -3.813600 4.334400 -3.297000
v -3.318000 3.339000 3.927000
v -3.318000 3.370500 3.958500
v -3.349500 3.370500 3.927000
v -3.318000 3.601500 3.958500
v -3.318000 3.633000 3.927000
v -3.349500 3.601500 3.927000
v -3.318000 3.339000 3.801000
v -3.349500 3.370500 3.801000
v -3.318000 3.370500 3.769500
v -3.318000 3.633000 3.801000
v -3.318000 3.601500 3.769500
v -3.349500 3.601500 3.801000
v -2.730000 3.339000 3.927000
v -2.698500 3.370500 3.927000
v -2.730000 3.370500 3.958500
v -2.730000 3.633000 3.927000
v -2.730000 3.601500 3.958500
v -2.698500 3.601500 3.927000
v -2.730000 3.339000 3.801000
v -2.730000 3.370500 3.769500
v -2.698500 3.370500 3.801000
v -2.730000 3.633000 3.801000
v -2.698500 3.601500 3.801000
v -2.730000 3.601500 3.769500
v -3.318000 3.339000 -3.444000
v -3.318000 3.370500 -3.412500
v -3.349500 3.370500 -3.444000
v -3.318000 3.601500 -3.412500
v -3.318000 3.633000 -3.444000
v -3.349500 3.601500 -3.444000
v -3.318000 3.339000 -3.570000
v -3.349500 3.370500 -3.570000
v -3.318000 3.370500 -3.601500
v -3.318000 3.633000 -3.570000
v -3.318000 3.601500 -3.601500
v -3.349500 3.601500 -3.570000
v -2.730000 3.339000 -3.444000
v -2.698500 3.370500 -3.444000
v -2.730000 3.370500 -3.412500
v -2.730000 3.633000 -3.444000
v -2.730000 3.601500 -3.412500
v -2.698500 3.601500 -3.444000
v -2.730000 3.339000 -3.570000
v -2.730000 3.370500 -3.601500
v -2.698500 3.370500 -3.570000
v -2.730000 3.633000 -3.570000
v -2.698500 3.601500 -3.570000
v -2.730000 3.601500 -3.601500
v -2.786700 4.893000 -2.578800
v -2.786700 4.930799 -2.541000
v -2.824500 4.930799 -2.578800
v -2.786700 4.981200 -2.541000
v -2.786700 5.019000 -2.578800
v -2.824500 4.981200 -2.578800
v -2.786700 4.893000 -3.385200
v -2.824500 4.930799 -3.385200
v -2.786700 4.930799 -3.423000
v -2.786700 5.019000 -3.385200
v -2.786700 4.981200 -3.423000
v -2.824500 4.981200 -3.385200
v -1.707300 4.893000 -2.578800
v -1.669500 4.930799 -2.578800
v -1.707300 4.930799 -2.541000
v -1.707300 5.019000 -2.578800
v -1.707300 4.981200 -2.541000
v -1.669500 4.981200 -2.578800
v -1.707300 4.893000 -3.385200
v -1.707300 4.930799 -3.423000
v -1.669500 4.930799 -3.385200
v -1.707300 5.019000 -3.385200
v -1.669500 4.981200 -3.385200
v -1.707300 4.981200 -3.423000
v -2.778300 5.003250 -2.612400
v -2.778300 5.076750 -2.612400
v -2.778300 5.003250 -2.679600
v -2.778300 5.076750 -2.679600
v -1.715700 5.003250 -2.612400
v -1.715700 5.076750 -2.612400
v -1.715700 5.003250 -2.679600
v -1.715700 5.076750 -2.679600
v -2.778300 5.003250 -2.780400
v -2.778300 5.076750 -2.780400
v -2.778300 5.003250 -2.847600
v -2.778300 5.076750 -2.847600
v -1.715700 5.003250 -2.780400
v -1.715700 5.076750 -2.780400
v -1.715700 5.003250 -2.847600
v -1.715700 5.076750 -2.847600
v -2.778300 5.003250 -2.948400
v -2.778300 5.076750 -2.948400
v -2.778300 5.003250 -3.015600
v -2.778300 5.076750 -3.015600
v -1.715700 5.003250 -2.948400
v -1.715700 5.076750 -2.948400
v -1.715700 5.003250 -3.015600
v -1.715700 5.076750 -3.015600
v -2.778300 5.003250 -3.116400
v -2.778300 5.076750 -3.116400
v -2.778300 5.003250 -3.183600
v -2.778300 5.076750 -3.183600
v -1.715700 5.003250 -3.116400
v -1.715700 5.076750 -3.116400
v -1.715700 5.003250 -3.183600
v -1.715700 5.076750 -3.183600
v -2.778300 5.003250 -3.284400
v -2.778300 5.076750 -3.284400
v -2.778300 5.003250 -3.351600
v -2.778300 5.076750 -3.351600
v -1.715700 5.003250 -3.284400
v -1.715700 5.076750 -3.284400
v -1.715700 5.003250 -3.351600
v -1.715700 5.076750 -3.351600
v 3.813600 3.150000 3.515400
v 3.813600 3.225600 3.591000
v 3.738000 3.225600 3.515400
v 3.813600 4.334400 3.591000
v 3.813600 4.409999 3.515400
v 3.738000 4.334400 3.515400
v 3.813600 3.150000 2.196600
v 3.738000 3.225600 2.196600
v 3.813600 3.225600 2.121000
v 3.813600 4.409999 2.196600
v 3.813600 4.334400 2.121000
v 3.738000 4.334400 2.196600
v 4.040400 3.150000 3.515400
v 4.116000 3.225600 3.515400
v 4.040400 3.225600 3.591000
v 4.040400 4.409999 3.515400
v 4.040400 4.334400 3.591000
v 4.116000 4.334400 3.515400
v 4.040400 3.150000 2.196600
v 4.040400 3.225600 2.121000
v 4.116000 3.225600 2.196600
v 4.040400 4.409999 2.196600
v 4.116000 4.334400 2.196600
v 4.040400 4.334400 2.121000
v 3.813600 3.150000 1.709400
v 3.813600 3.225600 1.785000
v 3.738000 3.225600 1.709400
v 3.813600 4.334400 1.785000
v 3.813600 4.409999 1.709400
v 3.738000 4.334400 1.709400
v 3.813600 3.150000 0.390600
v 3.738000 3.225600 0.390600
v 3.813600 3.225600 0.315000
v 3.813600 4.409999 0.390600
v 3.813600 4.334400 0.315000
v 3.738000 4.334400 0.390600
v 4.040400 3.150000 1.709400
v 4.116000 3.225600 1.709400
v 4.040400 3.225600 1.785000
v 4.040400 4.409999 1.709400
v 4.040400 4.334400 1.785000
v 4.116000 4.334400 1.709400
v 4.040400 3.150000 0.390600
v 4.040400 3.225600 0.315000
v 4.116000 3.225600 0.390600
v 4.040400 4.409999 0.390600
v 4.116000 4.334400 0.390600
v 4.040400 4.334400 0.315000
v 3.813600 3.150000 -0.096600
v 3.813600 3.225600 -0.021000
v 3.738000 3.225600 -0.096600
v 3.813600 4.334400 -0.021000
v 3.813600 4.409999 -0.096600
v 3.738000 4.334400 -0.096600
v 3.813600 3.150000 -1.415400
v 3.738000 3.225600 -1.415400
v 3.813600 3.225600 -1.491000
v 3.813600 4.409999 -1.415400
v 3.813600 4.334400 -1.491000
v 3.738000 4.334400 -1.415400
v 4.040400 3.150000 -0.096600
v 4.116000 3.225600 -0.096600
v 4.040400 3.225600 -0.021000
v 4.040400 4.409999 -0.096600
v 4.040400 4.334400 -0.021000
v 4.116000 4.334400 -0.096600
v 4.040400 3.150000 -1.415400
v 4.040400 3.225600 -1.491000
v 4.116000 3.225600 -1.415400
v 4.040400 4.409999 -1.415400
v 4.116000 4.334400 -1.415400
v 4.040400 4.334400 -1.491000
v 3.813600 3.150000 -1.902600
v 3.813600 3.225600 -1.827000
v 3.738000 3.225600 -1.902600
v 3.813600 4.334400 -1.827000
v 3.813600 4.409999 -1.902600
v 3.738000 4.334400 -1.902600
v 3.813600 3.150000 -3.221400
v 3.738000 3.225600 -3.221400
v 3.813600 3.225600 -3.297000
v 3.813600 4.409999 -3.221400
v 3.813600 4.334400 -3.297000
v 3.738000 4.334400 -3.221400
v 4.040400 3.150000 -1.902600
v 4.116000 3.225600 -1.902600
v 4.040400 3.225600 -1.827000
v 4.040400 4.409999 -1.902600
v 4.040400 4.334400 -1.827000
v 4.116000 4.334400 -1.902600
v 4.040400 3.150000 -3.221400
v 4.040400 3.225600 -3.297000
v 4.116000 3.225600 -3.221400
v 4.040400 4.409999 -3.221400
v 4.116000 4.334400 -3.221400
v 4.040400 4.334400 -3.297000
v 2.730000 3.339000 3.927000
v 2.730000 3.370500 3.958500
v 2.698500 3.370500 3.927000
v 2.730000 3.601500 3.958500
v 2.730000 3.633000 3.927000
v 2.698500 3.601500 3.927000
v 2.730000 3.339000 3.801000
v 2.698500 3.370500 3.801000
v 2.730000 3.370500 3.769500
v 2.730000 3.633000 3.801000
v 2.730000 3.601500 3.769500
v 2.698500 3.601500 3.801000
v 3.318000 3.339000 3.927000
v 3.349500 3.370500 3.927000
v 3.318000 3.370500 3.958500
v 3.318000 3.633000 3.927000
v 3.318000 3.601500 3.958500
v 3.349500 3.601500 3.927000
v 3.318000 3.339000 3.801000
v 3.318000 3.370500 3.769500
v 3.349500 3.370500 3.801000
v 3.318000 3.633000 3.801000
v 3.349500 3.601500 3.801000
v 3.318000 3.601500 3.769500
v 2.730000 3.339000 -3.444000
v 2.730000 3.370500 -3.412500
v 2.698500 3.370500 -3.444000
v 2.730000 3.601500 -3.412500
v 2.730000 3.633000 -3.444000
v 2.698500 3.601500 -3.444000
v 2.730000 3.339000 -3.570000
v 2.698500 3.370500 -3.570000
v 2.730000 3.370500 -3.601500
v 2.730000 3.633000 -3.570000
v 2.730000 3.601500 -3.601500
v 2.698500 3.601500 -3.570000
v 3.318000 3.339000 -3.444000
v 3.349500 3.370500 -3.444000
v 3.318000 3.370500 -3.412500
v 3.318000 3.633000 -3.444000
v 3.318000 3.601500 -3.412500
v 3.349500 3.601500 -3.444000
v 3.318000 3.339000 -3.570000
v 3.318000 3.370500 -3.601500
v 3.349500 3.370500 -3.570000
v 3.318000 3.633000 -3.570000
v 3.349500 3.601500 -3.570000
v 3.318000 3.601500 -3.601500
v 1.707300 4.893000 -2.578800
v 1.707300 4.930799 -2.541000
v 1.669500 4.930799 -2.578800
v 1.707300 4.981200 -2.541000
v 1.707300 5.019000 -2.578800
v 1.669500 4.981200 -2.578800
v 1.707300 4.893000 -3.385200
v 1.669500 4.930799 -3.385200
v 1.707300 4.930799 -3.423000
v 1.707300 5.019000 -3.385200
v 1.707300 4.981200 -3.423000
v 1.669500 4.981200 -3.385200
v 2.786700 4.893000 -2.578800
v 2.824500 4.930799 -2.578800
v 2.786700 4.930799 -2.541000
v 2.786700 5.019000 -2.578800
v 2.786700 4.981200 -2.541000
v 2.824500 4.981200 -2.578800
v 2.786700 4.893000 -3.385200
v 2.786700 4.930799 -3.423000
v 2.824500 4.930799 -3.385200
v 2.786700 5.019000 -3.385200
v 2.824500 4.981200 -3.385200
v 2.786700 4.981200 -3.423000
v 1.715700 5.003250 -2.612400
v 1.715700 5.076750 -2.612400
v 1.715700 5.003250 -2.679600
v 1.715700 5.076750 -2.679600
v 2.778300 5.003250 -2.612400
v 2.778300 5.076750 -2.612400
v 2.778300 5.003250 -2.679600
v 2.778300 5.076750 -2.679600
v 1.715700 5.003250 -2.780400
v 1.715700 5.076750 -2.780400
v 1.715700 5.003250 -2.847600
v 1.715700 5.076750 -2.847600
v 2.778300 5.003250 -2.780400
v 2.778300 5.076750 -2.780400
v 2.778300 5.003250 -2.847600
v 2.778300 5.076750 -2.847600
v 1.715700 5.003250 -2.948400
v 1.715700 5.076750 -2.948400
v 1.715700 5.003250 -3.015600
v 1.715700 5.076750 -3.015600
v 2.778300 5.003250 -2.948400
v 2.778300 5.076750 -2.948400
v 2.778300 5.003250 -3.015600
v 2.778300 5.076750 -3.015600
v 1.715700 5.003250 -3.116400
v 1.715700 5.076750 -3.116400
v 1.715700 5.003250 -3.183600
v 1.715700 5.076750 -3.183600
v 2.778300 5.003250 -3.116400
v 2.778300 5.076750 -3.116400
v 2.778300 5.003250 -3.183600
v 2.778300 5.076750 -3.183600
v 1.715700 5.003250 -3.284400
v 1.715700 5.076750 -3.284400
v 1.715700 5.003250 -3.351600
v 1.715700 5.076750 -3.351600
v 2.778300 5.003250 -3.284400
v 2.778300 5.076750 -3.284400
v 2.778300 5.003250 -3.351600
v 2.778300 5.076750 -3.351600
v -1.386000 4.557000 -1.029000
v 1.386000 4.557000 -1.029000
v 1.638000 4.809000 -1.029000
v 1.638000 7.518000 -1.029000
v 1.386000 7.770000 -1.029000
v -1.386000 7.770000 -1.029000
v -1.638000 7.518000 -1.029000
v -1.638000 4.809000 -1.029000
v -1.386000 4.557000 -2.835000
v 1.386000 4.557000 -2.835000
v 1.638000 4.809000 -2.835000
v 1.638000 7.518000 -2.835000
v 1.386000 7.770000 -2.835000
v -1.386000 7.770000 -2.835000
v -1.638000 7.518000 -2.835000
v -1.638000 4.809000 -2.835000
v 0.000000 4.704000 3.927000
v 0.000000 4.704000 4.725000
v 0.325500 4.616782 3.927000
v 0.325500 4.616782 4.725000
v 0.563783 4.378500 3.927000
v 0.563783 4.378500 4.725000
v 0.651000 4.052999 3.927000
v 0.651000 4.052999 4.725000
v 0.563783 3.727500 3.927000
v 0.563783 3.727500 4.725000
v 0.325500 3.489217 3.927000
v 0.325500 3.489217 4.725000
v 0.000000 3.402000 3.927000
v 0.000000 3.402000 4.725000
v -0.325500 3.489217 3.927000
v -0.325500 3.489217 4.725000
v -0.563783 3.727500 3.927000
v -0.563783 3.727500 4.725000
v -0.651000 4.052999 3.927000
v -0.651000 4.052999 4.725000
v -0.563783 4.378500 3.927000
v -0.563783 4.378500 4.725000
v -0.325500 4.616782 3.927000
v -0.325500 4.616782 4.725000
v 0.000000 4.326000 4.389000
v 0.000000 4.326000 6.783000
v 0.136500 4.289424 4.389000
v 0.136500 4.289424 6.783000
v 0.236425 4.189500 4.389000
v 0.236425 4.189499 6.783000
v 0.273000 4.052999 4.389000
v 0.273000 4.052999 6.783000
v 0.236425 3.916500 4.389000
v 0.236425 3.916500 6.783000
v 0.136500 3.816575 4.389000
v 0.136500 3.816575 6.783000
v 0.000000 3.780000 4.389000
v 0.000000 3.780000 6.783000
v -0.136500 3.816575 4.389000
v -0.136500 3.816575 6.783000
v -0.236425 3.916500 4.389000
v -0.236425 3.916500 6.783000
v -0.273000 4.052999 4.389000
v -0.273000 4.052999 6.783000
v -0.236425 4.189500 4.389000
v -0.236425 4.189499 6.783000
v -0.136500 4.289424 4.389000
v -0.136500 4.289424 6.783000
v -0.294000 3.748500 7.066500
v -0.294000 3.832500 7.150500
v -0.378000 3.832500 7.066500
v -0.294000 4.273499 7.150500
v -0.294000 4.357500 7.066500
v -0.378000 4.273499 7.066500
v -0.294000 3.748500 6.625500
v -0.378000 3.832500 6.625500
v -0.294000 3.832500 6.541500
v -0.294000 4.357500 6.625500
v -0.294000 4.273499 6.541500
v -0.378000 4.273499 6.625500
v 0.294000 3.748500 7.066500
v 0.378000 3.832500 7.066500
v 0.294000 3.832500 7.150500
v 0.294000 4.357500 7.066500
v 0.294000 4.273499 7.150500
v 0.378000 4.273499 7.066500
v 0.294000 3.748500 6.625500
v 0.294000 3.832500 6.541500
v 0.378000 3.832500 6.625500
v 0.294000 4.357500 6.625500
v 0.378000 4.273499 6.625500
v 0.294000 4.273499 6.541500
vn -0.0000 -0.0000 1.0000
vn -0.0000 -1.0000 -0.0000
vn 0.6985 -0.6985 0.1552
vn 0.9719 -0.0000 0.2356
vn 0.5832 0.5832 0.5655
vn -0.0000 0.8010 0.5987
vn -0.5832 0.5832 0.5655
vn -0.9719 -0.0000 0.2356
vn -0.6985 -0.6985 0.1552
vn 0.7069 -0.7069 -0.0222
vn 0.9995 -0.0000 -0.0315
vn 0.7071 0.7071 0.0049
vn -0.0000 0.9993 0.0384
vn -0.7071 0.7071 0.0049
vn -0.9995 -0.0000 -0.0315
vn -0.7069 -0.7069 -0.0222
vn 0.6611 -0.6611 -0.3547
vn 0.8445 -0.0000 -0.5355
vn 0.3891 0.3890 -0.8350
vn -0.0000 0.5277 -0.8494
vn -0.3891 0.3890 -0.8350
vn -0.8445 -0.0000 -0.5355
vn -0.6611 -0.6611 -0.3547
vn -0.0000 -0.0000 -1.0000
vn -0.0000 -0.9954 -0.0953
vn 0.7066 -0.7066 0.0376
vn 0.9822 -0.0000 0.1881
vn 0.5998 0.5998 0.5296
vn -0.0000 0.8061 0.5917
vn -0.5998 0.5998 0.5296
vn -0.9822 -0.0000 0.1881
vn -0.7066 -0.7066 0.0376
vn -0.5773 -0.5773 0.5774
vn -0.5774 0.5774 0.5774
vn -0.5773 -0.5773 -0.5774
vn -0.5774 0.5774 -0.5773
vn 0.5773 -0.5774 0.5773
vn 0.5773 0.5774 0.5774
vn 0.5774 -0.5774 -0.5773
vn 0.5774 0.5774 -0.5774
vn -0.7071 -0.7071 -0.0000
vn -0.7071 -0.0000 0.7071
vn -0.7071 0.7071 -0.0000
vn -0.7071 -0.0000 -0.7071
vn -0.0000 -0.7071 -0.7071
vn -0.0000 0.7071 -0.7071
vn 0.7071 -0.0000 -0.7071
vn 0.7071 -0.7071 -0.0000
vn 0.7071 0.7071 -0.0000
vn 0.7071 -0.0000 0.7071
vn -0.0000 -0.7071 0.7071
vn -0.0000 0.7071 0.7071
vn -1.0000 -0.0000 -0.0000
vn -0.0000 1.0000 -0.0000
vn 1.0000 -0.0000 -0.0000
vn -0.5773 -0.5774 0.5774
vn -0.5774 0.5774 0.5773
vn -0.5774 0.5773 -0.5773
vn 0.5774 -0.5774 0.5773
vn 0.5774 0.5774 0.5774
vn -0.5774 0.5773 0.5773
vn 0.5773 -0.5774 -0.5773
vn 0.5773 0.5774 -0.5773
vn -0.5773 -0.5774 -0.5774
vn -0.5773 0.5774 -0.5773
vn 0.5773 0.5774 -0.5774
vn -0.5774 -0.5774 0.5773
vn -0.5774 -0.5774 -0.5773
vn -0.5774 0.5774 -0.5774
vn 0.5774 -0.5773 0.5773
vn 0.5774 0.5773 0.5773
vn 0.5774 -0.5773 -0.5774
vn 0.5774 0.5773 -0.5774
vn -0.5774 -0.5773 -0.5773
vn -0.5774 0.5773 -0.5774
vn 0.5774 -0.5773 0.5774
vn 0.5774 0.5773 0.5774
vn -0.5774 -0.5773 0.5773
vn 0.5774 -0.5774 -0.5774
vn -0.5773 -0.5774 0.5773
vn -0.5773 0.5774 0.5774
vn 0.5773 -0.5773 0.5774
vn 0.5773 -0.5773 -0.5774
vn 0.5774 0.5774 -0.5773
vn 0.5773 -0.5774 0.5774
vn 0.5774 0.5774 0.5773
vn 0.5774 0.5773 -0.5773
vn -0.5773 -0.5774 -0.5773
vn -0.5773 0.5774 -0.5774
vn 0.5773 -0.5774 -0.5774
vn -0.5774 -0.5773 -0.5774
vn -0.5774 -0.5773 0.5774
vn -0.5774 0.5773 0.5774
vn 0.5774 -0.5773 -0.5773
vn -0.5774 -0.5774 -0.5774
vn 0.2588 0.9659 -0.0000
vn 0.9659 0.2588 -0.0000
vn 0.9659 -0.2588 -0.0000
vn 0.2588 -0.9659 -0.0000
vn -0.2588 -0.9659 -0.0000
vn -0.9659 -0.2588 -0.0000
vn -0.9659 0.2588 -0.0000
vn -0.2588 0.9659 -0.0000
vt 0.125000 0.125000
vt 0.375000 0.125000
vt 0.125000 0.625000
vt 0.875000 0.375000
vt 0.375000 0.625000
vt 0.125000 0.375000
vt 0.625000 0.125000
s 0
usemtl MilitaryEnemyPalette.003
f 1872/7/85 1865/7/85 1866/7/85 1867/7/85 1868/7/85 1869/7/85 1870/7/85 1871/7/85
f 1865/7/86 1873/7/86 1874/7/86 1866/7/86
f 1866/7/87 1874/7/87 1875/7/87 1867/7/87
f 1867/7/88 1875/7/88 1876/7/88 1868/7/88
f 1868/7/89 1876/7/89 1877/7/89 1869/7/89
f 1869/7/90 1877/7/90 1878/7/90 1870/7/90
f 1870/7/91 1878/7/91 1879/7/91 1871/7/91
f 1871/7/92 1879/7/92 1880/7/92 1872/7/92
f 1872/7/93 1880/7/93 1873/7/93 1865/7/93
f 1873/7/86 1881/7/86 1882/7/86 1874/7/86
f 1874/7/94 1882/7/94 1883/7/94 1875/7/94
f 1875/7/95 1883/7/95 1884/7/95 1876/7/95
f 1876/7/96 1884/7/96 1885/7/96 1877/7/96
f 1877/7/97 1885/7/97 1886/7/97 1878/7/97
f 1878/7/98 1886/7/98 1887/7/98 1879/7/98
f 1879/7/99 1887/7/99 1888/7/99 1880/7/99
f 1880/7/100 1888/7/100 1881/7/100 1873/7/100
f 1881/7/86 1889/7/86 1890/7/86 1882/7/86
f 1882/7/101 1890/7/101 1891/7/101 1883/7/101
f 1883/7/102 1891/7/102 1892/7/102 1884/7/102
f 1884/7/103 1892/7/103 1893/7/103 1885/7/103
f 1885/7/104 1893/7/104 1894/7/104 1886/7/104
f 1886/7/105 1894/7/105 1895/7/105 1887/7/105
f 1887/7/106 1895/7/106 1896/7/106 1888/7/106
f 1888/7/107 1896/7/107 1889/7/107 1881/7/107
f 1889/7/108 1896/7/108 1895/7/108 1894/7/108 1893/7/108 1892/7/108 1891/7/108 1890/7/108
f 1904/8/85 1897/8/85 1898/8/85 1899/8/85 1900/8/85 1901/8/85 1902/8/85 1903/8/85
f 1897/8/109 1905/8/109 1906/8/109 1898/8/109
f 1898/8/110 1906/8/110 1907/8/110 1899/8/110
f 1899/8/111 1907/8/111 1908/8/111 1900/8/111
f 1900/8/112 1908/8/112 1909/8/112 1901/8/112
f 1901/8/113 1909/8/113 1910/8/113 1902/8/113
f 1902/8/114 1910/8/114 1911/8/114 1903/8/114
f 1903/8/115 1911/8/115 1912/8/115 1904/8/115
f 1904/8/116 1912/8/116 1905/8/116 1897/8/116
f 1905/8/108 1912/8/108 1911/8/108 1910/8/108 1909/8/108 1908/8/108 1907/8/108 1906/8/108
f 1913/8/117 1914/8/117 1915/8/117
f 1916/8/118 1917/8/118 1918/8/118
f 1919/8/119 1920/8/119 1921/8/119
f 1922/8/120 1923/8/120 1924/8/120
f 1925/8/121 1926/8/121 1927/8/121
f 1928/8/122 1929/8/122 1930/8/122
f 1931/8/123 1932/8/123 1933/8/123
f 1934/8/124 1935/8/124 1936/8/124
f 1919/8/125 1913/8/125 1915/8/125 1920/8/125
f 1914/8/126 1916/8/126 1918/8/126 1915/8/126
f 1917/8/127 1922/8/127 1924/8/127 1918/8/127
f 1923/8/128 1921/8/128 1920/8/128 1924/8/128
f 1931/8/129 1919/8/129 1921/8/129 1932/8/129
f 1922/8/130 1934/8/130 1936/8/130 1923/8/130
f 1935/8/131 1933/8/131 1932/8/131 1936/8/131
f 1925/8/132 1931/8/132 1933/8/132 1926/8/132
f 1934/8/133 1928/8/133 1930/8/133 1935/8/133
f 1929/8/134 1927/8/134 1926/8/134 1930/8/134
f 1913/8/135 1925/8/135 1927/8/135 1914/8/135
f 1928/8/136 1917/8/136 1916/8/136 1929/8/136
f 1919/8/86 1931/8/86 1925/8/86 1913/8/86
f 1915/8/137 1918/8/137 1924/8/137 1920/8/137
f 1927/8/85 1929/8/85 1916/8/85 1914/8/85
f 1934/8/138 1922/8/138 1917/8/138 1928/8/138
f 1921/8/108 1923/8/108 1936/8/108 1932/8/108
f 1933/8/139 1935/8/139 1930/8/139 1926/8/139
f 1937/8/140 1938/8/140 1939/8/140
f 1940/8/141 1941/8/141 1942/8/141
f 1943/8/119 1944/8/119 1945/8/119
f 1946/8/142 1947/8/142 1948/8/142
f 1949/8/143 1950/8/143 1951/8/143
f 1952/8/144 1953/8/144 1954/8/144
f 1955/8/123 1956/8/123 1957/8/123
f 1958/8/124 1959/8/124 1960/8/124
f 1943/8/125 1937/8/125 1939/8/125 1944/8/125
f 1938/8/126 1940/8/126 1942/8/126 1939/8/126
f 1941/8/127 1946/8/127 1948/8/127 1942/8/127
f 1947/8/128 1945/8/128 1944/8/128 1948/8/128
f 1955/8/129 1943/8/129 1945/8/129 1956/8/129
f 1946/8/130 1958/8/130 1960/8/130 1947/8/130
f 1959/8/131 1957/8/131 1956/8/131 1960/8/131
f 1949/8/132 1955/8/132 1957/8/132 1950/8/132
f 1958/8/133 1952/8/133 1954/8/133 1959/8/133
f 1953/8/134 1951/8/134 1950/8/134 1954/8/134
f 1937/8/135 1949/8/135 1951/8/135 1938/8/135
f 1952/8/136 1941/8/136 1940/8/136 1953/8/136
f 1943/8/86 1955/8/86 1949/8/86 1937/8/86
f 1939/8/137 1942/8/137 1948/8/137 1944/8/137
f 1951/8/85 1953/8/85 1940/8/85 1938/8/85
f 1958/8/138 1946/8/138 1941/8/138 1952/8/138
f 1945/8/108 1947/8/108 1960/8/108 1956/8/108
f 1957/8/139 1959/8/139 1954/8/139 1950/8/139
f 1961/8/117 1962/8/117 1963/8/117
f 1964/8/145 1965/8/145 1966/8/145
f 1967/8/119 1968/8/119 1969/8/119
f 1970/8/120 1971/8/120 1972/8/120
f 1973/8/143 1974/8/143 1975/8/143
f 1976/8/144 1977/8/144 1978/8/144
f 1979/8/146 1980/8/146 1981/8/146
f 1982/8/147 1983/8/147 1984/8/147
f 1967/8/125 1961/8/125 1963/8/125 1968/8/125
f 1962/8/126 1964/8/126 1966/8/126 1963/8/126
f 1965/8/127 1970/8/127 1972/8/127 1966/8/127
f 1971/8/128 1969/8/128 1968/8/128 1972/8/128
f 1979/8/129 1967/8/129 1969/8/129 1980/8/129
f 1970/8/130 1982/8/130 1984/8/130 1971/8/130
f 1983/8/131 1981/8/131 1980/8/131 1984/8/131
f 1973/8/132 1979/8/132 1981/8/132 1974/8/132
f 1982/8/133 1976/8/133 1978/8/133 1983/8/133
f 1977/8/134 1975/8/134 1974/8/134 1978/8/134
f 1961/8/135 1973/8/135 1975/8/135 1962/8/135
f 1976/8/136 1965/8/136 1964/8/136 1977/8/136
f 1967/8/86 1979/8/86 1973/8/86 1961/8/86
f 1963/8/137 1966/8/137 1972/8/137 1968/8/137
f 1975/8/85 1977/8/85 1964/8/85 1962/8/85
f 1982/8/138 1970/8/138 1965/8/138 1976/8/138
f 1969/8/108 1971/8/108 1984/8/108 1980/8/108
f 1981/8/139 1983/8/139 1978/8/139 1974/8/139
f 1985/8/117 1986/8/117 1987/8/117
f 1988/8/141 1989/8/141 1990/8/141
f 1991/8/148 1992/8/148 1993/8/148
f 1994/8/149 1995/8/149 1996/8/149
f 1997/8/143 1998/8/143 1999/8/143
f 2000/8/144 2001/8/144 2002/8/144
f 2003/8/146 2004/8/146 2005/8/146
f 2006/8/150 2007/8/150 2008/8/150
f 1991/8/125 1985/8/125 1987/8/125 1992/8/125
f 1986/8/126 1988/8/126 1990/8/126 1987/8/126
f 1989/8/127 1994/8/127 1996/8/127 1990/8/127
f 1995/8/128 1993/8/128 1992/8/128 1996/8/128
f 2003/8/129 1991/8/129 1993/8/129 2004/8/129
f 1994/8/130 2006/8/130 2008/8/130 1995/8/130
f 2007/8/131 2005/8/131 2004/8/131 2008/8/131
f 1997/8/132 2003/8/132 2005/8/132 1998/8/132
f 2006/8/133 2000/8/133 2002/8/133 2007/8/133
f 2001/8/134 1999/8/134 1998/8/134 2002/8/134
f 1985/8/135 1997/8/135 1999/8/135 1986/8/135
f 2000/8/136 1989/8/136 1988/8/136 2001/8/136
f 1991/8/86 2003/8/86 1997/8/86 1985/8/86
f 1987/8/137 1990/8/137 1996/8/137 1992/8/137
f 1999/8/85 2001/8/85 1988/8/85 1986/8/85
f 2006/8/138 1994/8/138 1989/8/138 2000/8/138
f 1993/8/108 1995/8/108 2008/8/108 2004/8/108
f 2005/8/139 2007/8/139 2002/8/139 1998/8/139
f 2009/9/151 2010/9/151 2011/9/151
f 2012/9/145 2013/9/145 2014/9/145
f 2015/9/152 2016/9/152 2017/9/152
f 2018/9/153 2019/9/153 2020/9/153
f 2021/9/154 2022/9/154 2023/9/154
f 2024/9/155 2025/9/155 2026/9/155
f 2027/9/156 2028/9/156 2029/9/156
f 2030/9/157 2031/9/157 2032/9/157
f 2015/9/125 2009/9/125 2011/9/125 2016/9/125
f 2010/9/126 2012/9/126 2014/9/126 2011/9/126
f 2013/9/127 2018/9/127 2020/9/127 2014/9/127
f 2019/9/128 2017/9/128 2016/9/128 2020/9/128
f 2027/9/129 2015/9/129 2017/9/129 2028/9/129
f 2018/9/130 2030/9/130 2032/9/130 2019/9/130
f 2031/9/131 2029/9/131 2028/9/131 2032/9/131
f 2021/9/132 2027/9/132 2029/9/132 2022/9/132
f 2030/9/133 2024/9/133 2026/9/133 2031/9/133
f 2025/9/134 2023/9/134 2022/9/134 2026/9/134
f 2009/9/135 2021/9/135 2023/9/135 2010/9/135
f 2024/9/136 2013/9/136 2012/9/136 2025/9/136
f 2015/9/86 2027/9/86 2021/9/86 2009/9/86
f 2011/9/137 2014/9/137 2020/9/137 2016/9/137
f 2023/9/85 2025/9/85 2012/9/85 2010/9/85
f 2030/9/138 2018/9/138 2013/9/138 2024/9/138
f 2017/9/108 2019/9/108 2032/9/108 2028/9/108
f 2029/9/139 2031/9/139 2026/9/139 2022/9/139
f 2033/10/151 2034/10/151 2035/10/151
f 2036/10/118 2037/10/118 2038/10/118
f 2039/10/158 2040/10/158 2041/10/158
f 2042/10/159 2043/10/159 2044/10/159
f 2045/10/160 2046/10/160 2047/10/160
f 2048/10/161 2049/10/161 2050/10/161
f 2051/10/156 2052/10/156 2053/10/156
f 2054/10/157 2055/10/157 2056/10/157
f 2039/10/125 2033/10/125 2035/10/125 2040/10/125
f 2034/10/126 2036/10/126 2038/10/126 2035/10/126
f 2037/10/127 2042/10/127 2044/10/127 2038/10/127
f 2043/10/128 2041/10/128 2040/10/128 2044/10/128
f 2051/10/129 2039/10/129 2041/10/129 2052/10/129
f 2042/10/130 2054/10/130 2056/10/130 2043/10/130
f 2055/10/131 2053/10/131 2052/10/131 2056/10/131
f 2045/10/132 2051/10/132 2053/10/132 2046/10/132
f 2054/10/133 2048/10/133 2050/10/133 2055/10/133
f 2049/10/134 2047/10/134 2046/10/134 2050/10/134
f 2033/10/135 2045/10/135 2047/10/135 2034/10/135
f 2048/10/136 2037/10/136 2036/10/136 2049/10/136
f 2039/10/86 2051/10/86 2045/10/86 2033/10/86
f 2035/10/137 2038/10/137 2044/10/137 2040/10/137
f 2047/10/85 2049/10/85 2036/10/85 2034/10/85
f 2054/10/138 2042/10/138 2037/10/138 2048/10/138
f 2041/10/108 2043/10/108 2056/10/108 2052/10/108
f 2053/10/139 2055/10/139 2050/10/139 2046/10/139
f 2057/11/162 2058/11/162 2059/11/162
f 2060/11/145 2061/11/145 2062/11/145
f 2063/11/152 2064/11/152 2065/11/152
f 2066/11/120 2067/11/120 2068/11/120
f 2069/11/160 2070/11/160 2071/11/160
f 2072/11/161 2073/11/161 2074/11/161
f 2075/11/163 2076/11/163 2077/11/163
f 2078/11/124 2079/11/124 2080/11/124
f 2063/11/125 2057/11/125 2059/11/125 2064/11/125
f 2058/11/126 2060/11/126 2062/11/126 2059/11/126
f 2061/11/127 2066/11/127 2068/11/127 2062/11/127
f 2067/11/128 2065/11/128 2064/11/128 2068/11/128
f 2075/11/129 2063/11/129 2065/11/129 2076/11/129
f 2066/11/130 2078/11/130 2080/11/130 2067/11/130
f 2079/11/131 2077/11/131 2076/11/131 2080/11/131
f 2069/11/132 2075/11/132 2077/11/132 2070/11/132
f 2078/11/133 2072/11/133 2074/11/133 2079/11/133
f 2073/11/134 2071/11/134 2070/11/134 2074/11/134
f 2057/11/135 2069/11/135 2071/11/135 2058/11/135
f 2072/11/136 2061/11/136 2060/11/136 2073/11/136
f 2063/11/86 2075/11/86 2069/11/86 2057/11/86
f 2059/11/137 2062/11/137 2068/11/137 2064/11/137
f 2071/11/85 2073/11/85 2060/11/85 2058/11/85
f 2078/11/138 2066/11/138 2061/11/138 2072/11/138
f 2065/11/108 2067/11/108 2080/11/108 2076/11/108
f 2077/11/139 2079/11/139 2074/11/139 2070/11/139
f 2081/12/137 2082/12/137 2084/12/137 2083/12/137
f 2083/12/108 2084/12/108 2088/12/108 2087/12/108
f 2087/12/139 2088/12/139 2086/12/139 2085/12/139
f 2085/12/85 2086/12/85 2082/12/85 2081/12/85
f 2083/12/86 2087/12/86 2085/12/86 2081/12/86
f 2088/12/138 2084/12/138 2082/12/138 2086/12/138
f 2089/12/137 2090/12/137 2092/12/137 2091/12/137
f 2091/12/108 2092/12/108 2096/12/108 2095/12/108
f 2095/12/139 2096/12/139 2094/12/139 2093/12/139
f 2093/12/85 2094/12/85 2090/12/85 2089/12/85
f 2091/12/86 2095/12/86 2093/12/86 2089/12/86
f 2096/12/138 2092/12/138 2090/12/138 2094/12/138
f 2097/12/137 2098/12/137 2100/12/137 2099/12/137
f 2099/12/108 2100/12/108 2104/12/108 2103/12/108
f 2103/12/139 2104/12/139 2102/12/139 2101/12/139
f 2101/12/85 2102/12/85 2098/12/85 2097/12/85
f 2099/12/86 2103/12/86 2101/12/86 2097/12/86
f 2104/12/138 2100/12/138 2098/12/138 2102/12/138
f 2105/12/137 2106/12/137 2108/12/137 2107/12/137
f 2107/12/108 2108/12/108 2112/12/108 2111/12/108
f 2111/12/139 2112/12/139 2110/12/139 2109/12/139
f 2109/12/85 2110/12/85 2106/12/85 2105/12/85
f 2107/12/86 2111/12/86 2109/12/86 2105/12/86
f 2112/12/138 2108/12/138 2106/12/138 2110/12/138
f 2113/12/137 2114/12/137 2116/12/137 2115/12/137
f 2115/12/108 2116/12/108 2120/12/108 2119/12/108
f 2119/12/139 2120/12/139 2118/12/139 2117/12/139
f 2117/12/85 2118/12/85 2114/12/85 2113/12/85
f 2115/12/86 2119/12/86 2117/12/86 2113/12/86
f 2120/12/138 2116/12/138 2114/12/138 2118/12/138
f 2121/8/164 2122/8/164 2123/8/164
f 2124/8/165 2125/8/165 2126/8/165
f 2127/8/152 2128/8/152 2129/8/152
f 2130/8/153 2131/8/153 2132/8/153
f 2133/8/166 2134/8/166 2135/8/166
f 2136/8/144 2137/8/144 2138/8/144
f 2139/8/167 2140/8/167 2141/8/167
f 2142/8/168 2143/8/168 2144/8/168
f 2127/8/125 2121/8/125 2123/8/125 2128/8/125
f 2122/8/126 2124/8/126 2126/8/126 2123/8/126
f 2125/8/127 2130/8/127 2132/8/127 2126/8/127
f 2131/8/128 2129/8/128 2128/8/128 2132/8/128
f 2139/8/129 2127/8/129 2129/8/129 2140/8/129
f 2130/8/130 2142/8/130 2144/8/130 2131/8/130
f 2143/8/131 2141/8/131 2140/8/131 2144/8/131
f 2133/8/132 2139/8/132 2141/8/132 2134/8/132
f 2142/8/133 2136/8/133 2138/8/133 2143/8/133
f 2137/8/134 2135/8/134 2134/8/134 2138/8/134
f 2121/8/135 2133/8/135 2135/8/135 2122/8/135
f 2136/8/136 2125/8/136 2124/8/136 2137/8/136
f 2127/8/86 2139/8/86 2133/8/86 2121/8/86
f 2123/8/137 2126/8/137 2132/8/137 2128/8/137
f 2135/8/85 2137/8/85 2124/8/85 2122/8/85
f 2142/8/138 2130/8/138 2125/8/138 2136/8/138
f 2129/8/108 2131/8/108 2144/8/108 2140/8/108
f 2141/8/139 2143/8/139 2138/8/139 2134/8/139
f 2145/8/151 2146/8/151 2147/8/151
f 2148/8/118 2149/8/118 2150/8/118
f 2151/8/152 2152/8/152 2153/8/152
f 2154/8/153 2155/8/153 2156/8/153
f 2157/8/169 2158/8/169 2159/8/169
f 2160/8/170 2161/8/170 2162/8/170
f 2163/8/167 2164/8/167 2165/8/167
f 2166/8/171 2167/8/171 2168/8/171
f 2151/8/125 2145/8/125 2147/8/125 2152/8/125
f 2146/8/126 2148/8/126 2150/8/126 2147/8/126
f 2149/8/127 2154/8/127 2156/8/127 2150/8/127
f 2155/8/128 2153/8/128 2152/8/128 2156/8/128
f 2163/8/129 2151/8/129 2153/8/129 2164/8/129
f 2154/8/130 2166/8/130 2168/8/130 2155/8/130
f 2167/8/131 2165/8/131 2164/8/131 2168/8/131
f 2157/8/132 2163/8/132 2165/8/132 2158/8/132
f 2166/8/133 2160/8/133 2162/8/133 2167/8/133
f 2161/8/134 2159/8/134 2158/8/134 2162/8/134
f 2145/8/135 2157/8/135 2159/8/135 2146/8/135
f 2160/8/136 2149/8/136 2148/8/136 2161/8/136
f 2151/8/86 2163/8/86 2157/8/86 2145/8/86
f 2147/8/137 2150/8/137 2156/8/137 2152/8/137
f 2159/8/85 2161/8/85 2148/8/85 2146/8/85
f 2166/8/138 2154/8/138 2149/8/138 2160/8/138
f 2153/8/108 2155/8/108 2168/8/108 2164/8/108
f 2165/8/139 2167/8/139 2162/8/139 2158/8/139
f 2169/8/151 2170/8/151 2171/8/151
f 2172/8/118 2173/8/118 2174/8/118
f 2175/8/172 2176/8/172 2177/8/172
f 2178/8/149 2179/8/149 2180/8/149
f 2181/8/166 2182/8/166 2183/8/166
f 2184/8/155 2185/8/155 2186/8/155
f 2187/8/167 2188/8/167 2189/8/167
f 2190/8/168 2191/8/168 2192/8/168
f 2175/8/125 2169/8/125 2171/8/125 2176/8/125
f 2170/8/126 2172/8/126 2174/8/126 2171/8/126
f 2173/8/127 2178/8/127 2180/8/127 2174/8/127
f 2179/8/128 2177/8/128 2176/8/128 2180/8/128
f 2187/8/129 2175/8/129 2177/8/129 2188/8/129
f 2178/8/130 2190/8/130 2192/8/130 2179/8/130
f 2191/8/131 2189/8/131 2188/8/131 2192/8/131
f 2181/8/132 2187/8/132 2189/8/132 2182/8/132
f 2190/8/133 2184/8/133 2186/8/133 2191/8/133
f 2185/8/134 2183/8/134 2182/8/134 2186/8/134
f 2169/8/135 2181/8/135 2183/8/135 2170/8/135
f 2184/8/136 2173/8/136 2172/8/136 2185/8/136
f 2175/8/86 2187/8/86 2181/8/86 2169/8/86
f 2171/8/137 2174/8/137 2180/8/137 2176/8/137
f 2183/8/85 2185/8/85 2172/8/85 2170/8/85
f 2190/8/138 2178/8/138 2173/8/138 2184/8/138
f 2177/8/108 2179/8/108 2192/8/108 2188/8/108
f 2189/8/139 2191/8/139 2186/8/139 2182/8/139
f 2193/8/151 2194/8/151 2195/8/151
f 2196/8/118 2197/8/118 2198/8/118
f 2199/8/172 2200/8/172 2201/8/172
f 2202/8/173 2203/8/173 2204/8/173
f 2205/8/166 2206/8/166 2207/8/166
f 2208/8/170 2209/8/170 2210/8/170
f 2211/8/174 2212/8/174 2213/8/174
f 2214/8/147 2215/8/147 2216/8/147
f 2199/8/125 2193/8/125 2195/8/125 2200/8/125
f 2194/8/126 2196/8/126 2198/8/126 2195/8/126
f 2197/8/127 2202/8/127 2204/8/127 2198/8/127
f 2203/8/128 2201/8/128 2200/8/128 2204/8/128
f 2211/8/129 2199/8/129 2201/8/129 2212/8/129
f 2202/8/130 2214/8/130 2216/8/130 2203/8/130
f 2215/8/131 2213/8/131 2212/8/131 2216/8/131
f 2205/8/132 2211/8/132 2213/8/132 2206/8/132
f 2214/8/133 2208/8/133 2210/8/133 2215/8/133
f 2209/8/134 2207/8/134 2206/8/134 2210/8/134
f 2193/8/135 2205/8/135 2207/8/135 2194/8/135
f 2208/8/136 2197/8/136 2196/8/136 2209/8/136
f 2199/8/86 2211/8/86 2205/8/86 2193/8/86
f 2195/8/137 2198/8/137 2204/8/137 2200/8/137
f 2207/8/85 2209/8/85 2196/8/85 2194/8/85
f 2214/8/138 2202/8/138 2197/8/138 2208/8/138
f 2201/8/108 2203/8/108 2216/8/108 2212/8/108
f 2213/8/139 2215/8/139 2210/8/139 2206/8/139
f 2217/9/162 2218/9/162 2219/9/162
f 2220/9/145 2221/9/145 2222/9/145
f 2223/9/175 2224/9/175 2225/9/175
f 2226/9/159 2227/9/159 2228/9/159
f 2229/9/143 2230/9/143 2231/9/143
f 2232/9/155 2233/9/155 2234/9/155
f 2235/9/123 2236/9/123 2237/9/123
f 2238/9/124 2239/9/124 2240/9/124
f 2223/9/125 2217/9/125 2219/9/125 2224/9/125
f 2218/9/126 2220/9/126 2222/9/126 2219/9/126
f 2221/9/127 2226/9/127 2228/9/127 2222/9/127
f 2227/9/128 2225/9/128 2224/9/128 2228/9/128
f 2235/9/129 2223/9/129 2225/9/129 2236/9/129
f 2226/9/130 2238/9/130 2240/9/130 2227/9/130
f 2239/9/131 2237/9/131 2236/9/131 2240/9/131
f 2229/9/132 2235/9/132 2237/9/132 2230/9/132
f 2238/9/133 2232/9/133 2234/9/133 2239/9/133
f 2233/9/134 2231/9/134 2230/9/134 2234/9/134
f 2217/9/135 2229/9/135 2231/9/135 2218/9/135
f 2232/9/136 2221/9/136 2220/9/136 2233/9/136
f 2223/9/86 2235/9/86 2229/9/86 2217/9/86
f 2219/9/137 2222/9/137 2228/9/137 2224/9/137
f 2231/9/85 2233/9/85 2220/9/85 2218/9/85
f 2238/9/138 2226/9/138 2221/9/138 2232/9/138
f 2225/9/108 2227/9/108 2240/9/108 2236/9/108
f 2237/9/139 2239/9/139 2234/9/139 2230/9/139
f 2241/10/176 2242/10/176 2243/10/176
f 2244/10/177 2245/10/177 2246/10/177
f 2247/10/175 2248/10/175 2249/10/175
f 2250/10/159 2251/10/159 2252/10/159
f 2253/10/143 2254/10/143 2255/10/143
f 2256/10/144 2257/10/144 2258/10/144
f 2259/10/178 2260/10/178 2261/10/178
f 2262/10/157 2263/10/157 2264/10/157
f 2247/10/125 2241/10/125 2243/10/125 2248/10/125
f 2242/10/126 2244/10/126 2246/10/126 2243/10/126
f 2245/10/127 2250/10/127 2252/10/127 2246/10/127
f 2251/10/128 2249/10/128 2248/10/128 2252/10/128
f 2259/10/129 2247/10/129 2249/10/129 2260/10/129
f 2250/10/130 2262/10/130 2264/10/130 2251/10/130
f 2263/10/131 2261/10/131 2260/10/131 2264/10/131
f 2253/10/132 2259/10/132 2261/10/132 2254/10/132
f 2262/10/133 2256/10/133 2258/10/133 2263/10/133
f 2257/10/134 2255/10/134 2254/10/134 2258/10/134
f 2241/10/135 2253/10/135 2255/10/135 2242/10/135
f 2256/10/136 2245/10/136 2244/10/136 2257/10/136
f 2247/10/86 2259/10/86 2253/10/86 2241/10/86
f 2243/10/137 2246/10/137 2252/10/137 2248/10/137
f 2255/10/85 2257/10/85 2244/10/85 2242/10/85
f 2262/10/138 2250/10/138 2245/10/138 2256/10/138
f 2249/10/108 2251/10/108 2264/10/108 2260/10/108
f 2261/10/139 2263/10/139 2258/10/139 2254/10/139
f 2265/11/176 2266/11/176 2267/11/176
f 2268/11/177 2269/11/177 2270/11/177
f 2271/11/179 2272/11/179 2273/11/179
f 2274/11/153 2275/11/153 2276/11/153
f 2277/11/154 2278/11/154 2279/11/154
f 2280/11/155 2281/11/155 2282/11/155
f 2283/11/123 2284/11/123 2285/11/123
f 2286/11/168 2287/11/168 2288/11/168
f 2271/11/125 2265/11/125 2267/11/125 2272/11/125
f 2266/11/126 2268/11/126 2270/11/126 2267/11/126
f 2269/11/127 2274/11/127 2276/11/127 2270/11/127
f 2275/11/128 2273/11/128 2272/11/128 2276/11/128
f 2283/11/129 2271/11/129 2273/11/129 2284/11/129
f 2274/11/130 2286/11/130 2288/11/130 2275/11/130
f 2287/11/131 2285/11/131 2284/11/131 2288/11/131
f 2277/11/132 2283/11/132 2285/11/132 2278/11/132
f 2286/11/133 2280/11/133 2282/11/133 2287/11/133
f 2281/11/134 2279/11/134 2278/11/134 2282/11/134
f 2265/11/135 2277/11/135 2279/11/135 2266/11/135
f 2280/11/136 2269/11/136 2268/11/136 2281/11/136
f 2271/11/86 2283/11/86 2277/11/86 2265/11/86
f 2267/11/137 2270/11/137 2276/11/137 2272/11/137
f 2279/11/85 2281/11/85 2268/11/85 2266/11/85
f 2286/11/138 2274/11/138 2269/11/138 2280/11/138
f 2273/11/108 2275/11/108 2288/11/108 2284/11/108
f 2285/11/139 2287/11/139 2282/11/139 2278/11/139
f 2289/12/137 2290/12/137 2292/12/137 2291/12/137
f 2291/12/108 2292/12/108 2296/12/108 2295/12/108
f 2295/12/139 2296/12/139 2294/12/139 2293/12/139
f 2293/12/85 2294/12/85 2290/12/85 2289/12/85
f 2291/12/86 2295/12/86 2293/12/86 2289/12/86
f 2296/12/138 2292/12/138 2290/12/138 2294/12/138
f 2297/12/137 2298/12/137 2300/12/137 2299/12/137
f 2299/12/108 2300/12/108 2304/12/108 2303/12/108
f 2303/12/139 2304/12/139 2302/12/139 2301/12/139
f 2301/12/85 2302/12/85 2298/12/85 2297/12/85
f 2299/12/86 2303/12/86 2301/12/86 2297/12/86
f 2304/12/138 2300/12/138 2298/12/138 2302/12/138
f 2305/12/137 2306/12/137 2308/12/137 2307/12/137
f 2307/12/108 2308/12/108 2312/12/108 2311/12/108
f 2311/12/139 2312/12/139 2310/12/139 2309/12/139
f 2309/12/85 2310/12/85 2306/12/85 2305/12/85
f 2307/12/86 2311/12/86 2309/12/86 2305/12/86
f 2312/12/138 2308/12/138 2306/12/138 2310/12/138
f 2313/12/137 2314/12/137 2316/12/137 2315/12/137
f 2315/12/108 2316/12/108 2320/12/108 2319/12/108
f 2319/12/139 2320/12/139 2318/12/139 2317/12/139
f 2317/12/85 2318/12/85 2314/12/85 2313/12/85
f 2315/12/86 2319/12/86 2317/12/86 2313/12/86
f 2320/12/138 2316/12/138 2314/12/138 2318/12/138
f 2321/12/137 2322/12/137 2324/12/137 2323/12/137
f 2323/12/108 2324/12/108 2328/12/108 2327/12/108
f 2327/12/139 2328/12/139 2326/12/139 2325/12/139
f 2325/12/85 2326/12/85 2322/12/85 2321/12/85
f 2323/12/86 2327/12/86 2325/12/86 2321/12/86
f 2328/12/138 2324/12/138 2322/12/138 2326/12/138
f 2336/13/85 2329/13/85 2330/13/85 2331/13/85 2332/13/85 2333/13/85 2334/13/85 2335/13/85
f 2329/13/86 2337/13/86 2338/13/86 2330/13/86
f 2330/13/132 2338/13/132 2339/13/132 2331/13/132
f 2331/13/139 2339/13/139 2340/13/139 2332/13/139
f 2332/13/133 2340/13/133 2341/13/133 2333/13/133
f 2333/13/138 2341/13/138 2342/13/138 2334/13/138
f 2334/13/127 2342/13/127 2343/13/127 2335/13/127
f 2335/13/137 2343/13/137 2344/13/137 2336/13/137
f 2336/13/125 2344/13/125 2337/13/125 2329/13/125
f 2337/13/108 2344/13/108 2343/13/108 2342/13/108 2341/13/108 2340/13/108 2339/13/108 2338/13/108
f 2345/13/180 2346/13/180 2348/13/180 2347/13/180
f 2347/13/133 2348/13/133 2350/13/133 2349/13/133
f 2349/13/181 2350/13/181 2352/13/181 2351/13/181
f 2351/13/182 2352/13/182 2354/13/182 2353/13/182
f 2353/13/132 2354/13/132 2356/13/132 2355/13/132
f 2355/13/183 2356/13/183 2358/13/183 2357/13/183
f 2357/13/184 2358/13/184 2360/13/184 2359/13/184
f 2359/13/125 2360/13/125 2362/13/125 2361/13/125
f 2361/13/185 2362/13/185 2364/13/185 2363/13/185
f 2363/13/186 2364/13/186 2366/13/186 2365/13/186
f 2348/13/85 2346/13/85 2368/13/85 2366/13/85 2364/13/85 2362/13/85 2360/13/85 2358/13/85 2356/13/85 2354/13/85 2352/13/85 2350/13/85
f 2365/13/127 2366/13/127 2368/13/127 2367/13/127
f 2367/13/187 2368/13/187 2346/13/187 2345/13/187
f 2345/13/108 2347/13/108 2349/13/108 2351/13/108 2353/13/108 2355/13/108 2357/13/108 2359/13/108 2361/13/108 2363/13/108 2365/13/108 2367/13/108
f 2369/12/180 2370/12/180 2372/12/180 2371/12/180
f 2371/12/133 2372/12/133 2374/12/133 2373/12/133
f 2373/12/181 2374/12/181 2376/12/181 2375/12/181
f 2375/12/182 2376/12/182 2378/12/182 2377/12/182
f 2377/12/132 2378/12/132 2380/12/132 2379/12/132
f 2379/12/183 2380/12/183 2382/12/183 2381/12/183
f 2381/12/184 2382/12/184 2384/12/184 2383/12/184
f 2383/12/125 2384/12/125 2386/12/125 2385/12/125
f 2385/12/185 2386/12/185 2388/12/185 2387/12/185
f 2387/12/186 2388/12/186 2390/12/186 2389/12/186
f 2372/12/85 2370/12/85 2392/12/85 2390/12/85 2388/12/85 2386/12/85 2384/12/85 2382/12/85 2380/12/85 2378/12/85 2376/12/85 2374/12/85
f 2389/12/127 2390/12/127 2392/12/127 2391/12/127
f 2391/12/187 2392/12/187 2370/12/187 2369/12/187
f 2369/12/108 2371/12/108 2373/12/108 2375/12/108 2377/12/108 2379/12/108 2381/12/108 2383/12/108 2385/12/108 2387/12/108 2389/12/108 2391/12/108
f 2393/13/176 2394/13/176 2395/13/176
f 2396/13/177 2397/13/177 2398/13/177
f 2399/13/158 2400/13/158 2401/13/158
f 2402/13/159 2403/13/159 2404/13/159
f 2405/13/160 2406/13/160 2407/13/160
f 2408/13/161 2409/13/161 2410/13/161
f 2411/13/178 2412/13/178 2413/13/178
f 2414/13/157 2415/13/157 2416/13/157
f 2399/13/125 2393/13/125 2395/13/125 2400/13/125
f 2394/13/126 2396/13/126 2398/13/126 2395/13/126
f 2397/13/127 2402/13/127 2404/13/127 2398/13/127
f 2403/13/128 2401/13/128 2400/13/128 2404/13/128
f 2411/13/129 2399/13/129 2401/13/129 2412/13/129
f 2402/13/130 2414/13/130 2416/13/130 2403/13/130
f 2415/13/131 2413/13/131 2412/13/131 2416/13/131
f 2405/13/132 2411/13/132 2413/13/132 2406/13/132
f 2414/13/133 2408/13/133 2410/13/133 2415/13/133
f 2409/13/134 2407/13/134 2406/13/134 2410/13/134
f 2393/13/135 2405/13/135 2407/13/135 2394/13/135
f 2408/13/136 2397/13/136 2396/13/136 2409/13/136
f 2399/13/86 2411/13/86 2405/13/86 2393/13/86
f 2395/13/137 2398/13/137 2404/13/137 2400/13/137
f 2407/13/85 2409/13/85 2396/13/85 2394/13/85
f 2414/13/138 2402/13/138 2397/13/138 2408/13/138
f 2401/13/108 2403/13/108 2416/13/108 2412/13/108
f 2413/13/139 2415/13/139 2410/13/139 2406/13/139
o Component_Core
v -0.924000 4.739700 1.146600
v -0.924000 4.991700 1.398600
v -1.176000 4.991700 1.146600
v -0.924000 6.755700 1.398600
v -0.924000 7.007699 1.146600
v -1.176000 6.755700 1.146600
v -0.924000 4.739700 -0.617400
v -1.176000 4.991700 -0.617400
v -0.924000 4.991700 -0.869400
v -0.924000 7.007699 -0.617400
v -0.924000 6.755700 -0.869400
v -1.176000 6.755700 -0.617400
v 0.924000 4.739700 1.146600
v 1.176000 4.991700 1.146600
v 0.924000 4.991700 1.398600
v 0.924000 7.007699 1.146600
v 0.924000 6.755700 1.398600
v 1.176000 6.755700 1.146600
v 0.924000 4.739700 -0.617400
v 0.924000 4.991700 -0.869400
v 1.176000 4.991700 -0.617400
v 0.924000 7.007699 -0.617400
v 1.176000 6.755700 -0.617400
v 0.924000 6.755700 -0.869400
v 0.000000 5.040000 -0.869400
v 0.000000 5.250000 -0.869400
v 0.567000 5.040000 -0.717473
v 0.567000 5.250000 -0.717473
v 0.982073 5.040000 -0.302400
v 0.982073 5.250000 -0.302400
v 1.134000 5.040000 0.264600
v 1.134000 5.250000 0.264600
v 0.982073 5.040000 0.831600
v 0.982073 5.250000 0.831600
v 0.567000 5.040000 1.246673
v 0.567000 5.250000 1.246673
v 0.000000 5.040000 1.398600
v 0.000000 5.250000 1.398600
v -0.567000 5.040000 1.246673
v -0.567000 5.250000 1.246673
v -0.982073 5.040000 0.831600
v -0.982073 5.250000 0.831600
v -1.134000 5.040000 0.264600
v -1.134000 5.250000 0.264600
v -0.982073 5.040000 -0.302400
v -0.982073 5.250000 -0.302400
v -0.567000 5.040000 -0.717473
v -0.567000 5.250000 -0.717473
v 0.000000 5.565000 -0.869400
v 0.000000 5.775000 -0.869400
v 0.567000 5.565000 -0.717473
v 0.567000 5.775000 -0.717473
v 0.982073 5.565000 -0.302400
v 0.982073 5.775000 -0.302400
v 1.134000 5.565000 0.264600
v 1.134000 5.775000 0.264600
v 0.982073 5.565000 0.831600
v 0.982073 5.775000 0.831600
v 0.567000 5.565000 1.246673
v 0.567000 5.775000 1.246673
v 0.000000 5.565000 1.398600
v 0.000000 5.775000 1.398600
v -0.567000 5.565000 1.246673
v -0.567000 5.775000 1.246673
v -0.982073 5.565000 0.831600
v -0.982073 5.775000 0.831600
v -1.134000 5.565000 0.264600
v -1.134000 5.775000 0.264600
v -0.982073 5.565000 -0.302400
v -0.982073 5.775000 -0.302400
v -0.567000 5.565000 -0.717473
v -0.567000 5.775000 -0.717473
v 0.000000 6.090000 -0.869400
v 0.000000 6.300000 -0.869400
v 0.567000 6.090000 -0.717473
v 0.567000 6.300000 -0.717473
v 0.982073 6.090000 -0.302400
v 0.982073 6.300000 -0.302400
v 1.134000 6.090000 0.264600
v 1.134000 6.300000 0.264600
v 0.982073 6.090000 0.831600
v 0.982073 6.300000 0.831600
v 0.567000 6.090000 1.246673
v 0.567000 6.300000 1.246673
v 0.000000 6.090000 1.398600
v 0.000000 6.300000 1.398600
v -0.567000 6.090000 1.246673
v -0.567000 6.300000 1.246673
v -0.982073 6.090000 0.831600
v -0.982073 6.300000 0.831600
v -1.134000 6.090000 0.264600
v -1.134000 6.300000 0.264600
v -0.982073 6.090000 -0.302400
v -0.982073 6.300000 -0.302400
v -0.567000 6.090000 -0.717473
v -0.567000 6.300000 -0.717473
v 0.000000 6.615000 -0.869400
v 0.000000 6.825000 -0.869400
v 0.567000 6.615000 -0.717473
v 0.567000 6.825000 -0.717473
v 0.982073 6.615000 -0.302400
v 0.982073 6.825000 -0.302400
v 1.134000 6.615000 0.264600
v 1.134000 6.825000 0.264600
v 0.982073 6.615000 0.831600
v 0.982073 6.825000 0.831600
v 0.567000 6.615000 1.246673
v 0.567000 6.825000 1.246673
v 0.000000 6.615000 1.398600
v 0.000000 6.825000 1.398600
v -0.567000 6.615000 1.246673
v -0.567000 6.825000 1.246673
v -0.982073 6.615000 0.831600
v -0.982073 6.825000 0.831600
v -1.134000 6.615000 0.264600
v -1.134000 6.825000 0.264600
v -0.982073 6.615000 -0.302400
v -0.982073 6.825000 -0.302400
v -0.567000 6.615000 -0.717473
v -0.567000 6.825000 -0.717473
v -1.216740 5.281500 0.882840
v -1.216740 5.293260 0.894600
v -1.228500 5.293260 0.882840
v -1.216740 6.508739 0.894600
v -1.216740 6.520500 0.882840
v -1.228500 6.508739 0.882840
v -1.216740 5.281500 -0.353640
v -1.228500 5.293260 -0.353640
v -1.216740 5.293260 -0.365400
v -1.216740 6.520500 -0.353640
v -1.216740 6.508739 -0.365400
v -1.228500 6.508739 -0.353640
v -1.181460 5.281500 0.882840
v -1.169700 5.293260 0.882840
v -1.181460 5.293260 0.894600
v -1.181460 6.520500 0.882840
v -1.181460 6.508739 0.894600
v -1.169700 6.508739 0.882840
v -1.181460 5.281500 -0.353640
v -1.181460 5.293260 -0.365400
v -1.169700 5.293260 -0.353640
v -1.181460 6.520500 -0.353640
v -1.169700 6.508739 -0.353640
v -1.181460 6.508739 -0.365400
v 1.181460 5.281500 0.882840
v 1.181460 5.293260 0.894600
v 1.169700 5.293260 0.882840
v 1.181460 6.508739 0.894600
v 1.181460 6.520500 0.882840
v 1.169700 6.508739 0.882840
v 1.181460 5.281500 -0.353640
v 1.169700 5.293260 -0.353640
v 1.181460 5.293260 -0.365400
v 1.181460 6.520500 -0.353640
v 1.181460 6.508739 -0.365400
v 1.169700 6.508739 -0.353640
v 1.216740 5.281500 0.882840
v 1.228500 5.293260 0.882840
v 1.216740 5.293260 0.894600
v 1.216740 6.520500 0.882840
v 1.216740 6.508739 0.894600
v 1.228500 6.508739 0.882840
v 1.216740 5.281500 -0.353640
v 1.216740 5.293260 -0.365400
v 1.228500 5.293260 -0.353640
v 1.216740 6.520500 -0.353640
v 1.228500 6.508739 -0.353640
v 1.216740 6.508739 -0.365400
vn -0.5774 -0.5774 0.5774
vn -0.5774 0.5774 0.5773
vn -0.5774 -0.5774 -0.5774
vn -0.5774 0.5774 -0.5773
vn 0.5774 -0.5774 0.5774
vn 0.5774 0.5774 0.5773
vn 0.5773 -0.5774 -0.5774
vn 0.5774 0.5774 -0.5773
vn -0.7071 -0.7071 -0.0000
vn -0.7071 -0.0000 0.7071
vn -0.7071 0.7071 -0.0000
vn -0.7071 -0.0000 -0.7071
vn -0.0000 -0.7071 -0.7071
vn -0.0000 0.7071 -0.7071
vn 0.7071 -0.0000 -0.7071
vn 0.7071 -0.7071 -0.0000
vn 0.7071 0.7071 -0.0000
vn 0.7071 -0.0000 0.7071
vn -0.0000 -0.7071 0.7071
vn -0.0000 0.7071 0.7071
vn -0.0000 -1.0000 -0.0000
vn -1.0000 -0.0000 -0.0000
vn -0.0000 -0.0000 1.0000
vn -0.0000 1.0000 -0.0000
vn -0.0000 -0.0000 -1.0000
vn 1.0000 -0.0000 -0.0000
vn 0.2588 -0.0000 -0.9659
vn 0.9659 -0.0000 -0.2588
vn 0.9659 -0.0000 0.2588
vn 0.2588 -0.0000 0.9659
vn -0.2588 -0.0000 0.9659
vn -0.9659 -0.0000 0.2588
vn -0.9659 -0.0000 -0.2588
vn -0.2588 -0.0000 -0.9659
vn -0.5773 -0.5774 0.5774
vn -0.5774 0.5774 0.5774
vn -0.5773 -0.5774 -0.5774
vn -0.5774 0.5774 -0.5774
vn 0.5774 -0.5774 0.5773
vn 0.5774 -0.5774 -0.5773
vn -0.5774 -0.5774 0.5773
vn -0.5774 -0.5774 -0.5773
vn 0.5773 -0.5774 0.5774
vn 0.5774 0.5774 0.5774
vn 0.5774 0.5774 -0.5774
vt 0.625000 0.125000
vt 0.125000 0.375000
vt 0.625000 0.375000
s 0
usemtl MilitaryEnemyPalette.003
f 2417/14/188 2418/14/188 2419/14/188
f 2420/14/189 2421/14/189 2422/14/189
f 2423/14/190 2424/14/190 2425/14/190
f 2426/14/191 2427/14/191 2428/14/191
f 2429/14/192 2430/14/192 2431/14/192
f 2432/14/193 2433/14/193 2434/14/193
f 2435/14/194 2436/14/194 2437/14/194
f 2438/14/195 2439/14/195 2440/14/195
f 2423/14/196 2417/14/196 2419/14/196 2424/14/196
f 2418/14/197 2420/14/197 2422/14/197 2419/14/197
f 2421/14/198 2426/14/198 2428/14/198 2422/14/198
f 2427/14/199 2425/14/199 2424/14/199 2428/14/199
f 2435/14/200 2423/14/200 2425/14/200 2436/14/200
f 2426/14/201 2438/14/201 2440/14/201 2427/14/201
f 2439/14/202 2437/14/202 2436/14/202 2440/14/202
f 2429/14/203 2435/14/203 2437/14/203 2430/14/203
f 2438/14/204 2432/14/204 2434/14/204 2439/14/204
f 2433/14/205 2431/14/205 2430/14/205 2434/14/205
f 2417/14/206 2429/14/206 2431/14/206 2418/14/206
f 2432/14/207 2421/14/207 2420/14/207 2433/14/207
f 2423/14/208 2435/14/208 2429/14/208 2417/14/208
f 2419/14/209 2422/14/209 2428/14/209 2424/14/209
f 2431/14/210 2433/14/210 2420/14/210 2418/14/210
f 2438/14/211 2426/14/211 2421/14/211 2432/14/211
f 2425/14/212 2427/14/212 2440/14/212 2436/14/212
f 2437/14/213 2439/14/213 2434/14/213 2430/14/213
f 2441/15/214 2442/15/214 2444/15/214 2443/15/214
f 2443/15/202 2444/15/202 2446/15/202 2445/15/202
f 2445/15/215 2446/15/215 2448/15/215 2447/15/215
f 2447/15/216 2448/15/216 2450/15/216 2449/15/216
f 2449/15/205 2450/15/205 2452/15/205 2451/15/205
f 2451/15/217 2452/15/217 2454/15/217 2453/15/217
f 2453/15/218 2454/15/218 2456/15/218 2455/15/218
f 2455/15/197 2456/15/197 2458/15/197 2457/15/197
f 2457/15/219 2458/15/219 2460/15/219 2459/15/219
f 2459/15/220 2460/15/220 2462/15/220 2461/15/220
f 2444/15/211 2442/15/211 2464/15/211 2462/15/211 2460/15/211 2458/15/211 2456/15/211 2454/15/211 2452/15/211 2450/15/211 2448/15/211 2446/15/211
f 2461/15/199 2462/15/199 2464/15/199 2463/15/199
f 2463/15/221 2464/15/221 2442/15/221 2441/15/221
f 2441/15/208 2443/15/208 2445/15/208 2447/15/208 2449/15/208 2451/15/208 2453/15/208 2455/15/208 2457/15/208 2459/15/208 2461/15/208 2463/15/208
f 2465/15/214 2466/15/214 2468/15/214 2467/15/214
f 2467/15/202 2468/15/202 2470/15/202 2469/15/202
f 2469/15/215 2470/15/215 2472/15/215 2471/15/215
f 2471/15/216 2472/15/216 2474/15/216 2473/15/216
f 2473/15/205 2474/15/205 2476/15/205 2475/15/205
f 2475/15/217 2476/15/217 2478/15/217 2477/15/217
f 2477/15/218 2478/15/218 2480/15/218 2479/15/218
f 2479/15/197 2480/15/197 2482/15/197 2481/15/197
f 2481/15/219 2482/15/219 2484/15/219 2483/15/219
f 2483/15/220 2484/15/220 2486/15/220 2485/15/220
f 2468/15/211 2466/15/211 2488/15/211 2486/15/211 2484/15/211 2482/15/211 2480/15/211 2478/15/211 2476/15/211 2474/15/211 2472/15/211 2470/15/211
f 2485/15/199 2486/15/199 2488/15/199 2487/15/199
f 2487/15/221 2488/15/221 2466/15/221 2465/15/221
f 2465/15/208 2467/15/208 2469/15/208 2471/15/208 2473/15/208 2475/15/208 2477/15/208 2479/15/208 2481/15/208 2483/15/208 2485/15/208 2487/15/208
f 2489/15/214 2490/15/214 2492/15/214 2491/15/214
f 2491/15/202 2492/15/202 2494/15/202 2493/15/202
f 2493/15/215 2494/15/215 2496/15/215 2495/15/215
f 2495/15/216 2496/15/216 2498/15/216 2497/15/216
f 2497/15/205 2498/15/205 2500/15/205 2499/15/205
f 2499/15/217 2500/15/217 2502/15/217 2501/15/217
f 2501/15/218 2502/15/218 2504/15/218 2503/15/218
f 2503/15/197 2504/15/197 2506/15/197 2505/15/197
f 2505/15/219 2506/15/219 2508/15/219 2507/15/219
f 2507/15/220 2508/15/220 2510/15/220 2509/15/220
f 2492/15/211 2490/15/211 2512/15/211 2510/15/211 2508/15/211 2506/15/211 2504/15/211 2502/15/211 2500/15/211 2498/15/211 2496/15/211 2494/15/211
f 2509/15/199 2510/15/199 2512/15/199 2511/15/199
f 2511/15/221 2512/15/221 2490/15/221 2489/15/221
f 2489/15/208 2491/15/208 2493/15/208 2495/15/208 2497/15/208 2499/15/208 2501/15/208 2503/15/208 2505/15/208 2507/15/208 2509/15/208 2511/15/208
f 2513/15/214 2514/15/214 2516/15/214 2515/15/214
f 2515/15/202 2516/15/202 2518/15/202 2517/15/202
f 2517/15/215 2518/15/215 2520/15/215 2519/15/215
f 2519/15/216 2520/15/216 2522/15/216 2521/15/216
f 2521/15/205 2522/15/205 2524/15/205 2523/15/205
f 2523/15/217 2524/15/217 2526/15/217 2525/15/217
f 2525/15/218 2526/15/218 2528/15/218 2527/15/218
f 2527/15/197 2528/15/197 2530/15/197 2529/15/197
f 2529/15/219 2530/15/219 2532/15/219 2531/15/219
f 2531/15/220 2532/15/220 2534/15/220 2533/15/220
f 2516/15/211 2514/15/211 2536/15/211 2534/15/211 2532/15/211 2530/15/211 2528/15/211 2526/15/211 2524/15/211 2522/15/211 2520/15/211 2518/15/211
f 2533/15/199 2534/15/199 2536/15/199 2535/15/199
f 2535/15/221 2536/15/221 2514/15/221 2513/15/221
f 2513/15/208 2515/15/208 2517/15/208 2519/15/208 2521/15/208 2523/15/208 2525/15/208 2527/15/208 2529/15/208 2531/15/208 2533/15/208 2535/15/208
f 2537/16/222 2538/16/222 2539/16/222
f 2540/16/223 2541/16/223 2542/16/223
f 2543/16/224 2544/16/224 2545/16/224
f 2546/16/225 2547/16/225 2548/16/225
f 2549/16/226 2550/16/226 2551/16/226
f 2552/16/193 2553/16/193 2554/16/193
f 2555/16/227 2556/16/227 2557/16/227
f 2558/16/195 2559/16/195 2560/16/195
f 2543/16/196 2537/16/196 2539/16/196 2544/16/196
f 2538/16/197 2540/16/197 2542/16/197 2539/16/197
f 2541/16/198 2546/16/198 2548/16/198 2542/16/198
f 2547/16/199 2545/16/199 2544/16/199 2548/16/199
f 2555/16/200 2543/16/200 2545/16/200 2556/16/200
f 2546/16/201 2558/16/201 2560/16/201 2547/16/201
f 2559/16/202 2557/16/202 2556/16/202 2560/16/202
f 2549/16/203 2555/16/203 2557/16/203 2550/16/203
f 2558/16/204 2552/16/204 2554/16/204 2559/16/204
f 2553/16/205 2551/16/205 2550/16/205 2554/16/205
f 2537/16/206 2549/16/206 2551/16/206 2538/16/206
f 2552/16/207 2541/16/207 2540/16/207 2553/16/207
f 2543/16/208 2555/16/208 2549/16/208 2537/16/208
f 2539/16/209 2542/16/209 2548/16/209 2544/16/209
f 2551/16/210 2553/16/210 2540/16/210 2538/16/210
f 2558/16/211 2546/16/211 2541/16/211 2552/16/211
f 2545/16/212 2547/16/212 2560/16/212 2556/16/212
f 2557/16/213 2559/16/213 2554/16/213 2550/16/213
f 2561/16/228 2562/16/228 2563/16/228
f 2564/16/189 2565/16/189 2566/16/189
f 2567/16/229 2568/16/229 2569/16/229
f 2570/16/191 2571/16/191 2572/16/191
f 2573/16/230 2574/16/230 2575/16/230
f 2576/16/231 2577/16/231 2578/16/231
f 2579/16/194 2580/16/194 2581/16/194
f 2582/16/232 2583/16/232 2584/16/232
f 2567/16/196 2561/16/196 2563/16/196 2568/16/196
f 2562/16/197 2564/16/197 2566/16/197 2563/16/197
f 2565/16/198 2570/16/198 2572/16/198 2566/16/198
f 2571/16/199 2569/16/199 2568/16/199 2572/16/199
f 2579/16/200 2567/16/200 2569/16/200 2580/16/200
f 2570/16/201 2582/16/201 2584/16/201 2571/16/201
f 2583/16/202 2581/16/202 2580/16/202 2584/16/202
f 2573/16/203 2579/16/203 2581/16/203 2574/16/203
f 2582/16/204 2576/16/204 2578/16/204 2583/16/204
f 2577/16/205 2575/16/205 2574/16/205 2578/16/205
f 2561/16/206 2573/16/206 2575/16/206 2562/16/206
f 2576/16/207 2565/16/207 2564/16/207 2577/16/207
f 2567/16/208 2579/16/208 2573/16/208 2561/16/208
f 2563/16/209 2566/16/209 2572/16/209 2568/16/209
f 2575/16/210 2577/16/210 2564/16/210 2562/16/210
f 2582/16/211 2570/16/211 2565/16/211 2576/16/211
f 2569/16/212 2571/16/212 2584/16/212 2580/16/212
f 2581/16/213 2583/16/213 2578/16/213 2574/16/213
o Component_MissilePod
v -1.522500 7.728000 -0.480900
v -1.522500 7.917000 -0.291900
v -1.711500 7.917000 -0.480900
v -1.522500 8.715000 -0.291900
v -1.522500 8.904000 -0.480900
v -1.711500 8.715000 -0.480900
v -1.522500 7.728000 -2.685900
v -1.711500 7.917000 -2.685900
v -1.522500 7.917000 -2.874900
v -1.522500 8.904000 -2.685900
v -1.522500 8.715000 -2.874900
v -1.711500 8.715000 -2.685900
v 1.522500 7.728000 -0.480900
v 1.711500 7.917000 -0.480900
v 1.522500 7.917000 -0.291900
v 1.522500 8.904000 -0.480900
v 1.522500 8.715000 -0.291900
v 1.711500 8.715000 -0.480900
v 1.522500 7.728000 -2.685900
v 1.522500 7.917000 -2.874900
v 1.711500 7.917000 -2.685900
v 1.522500 8.904000 -2.685900
v 1.711500 8.715000 -2.685900
v 1.522500 8.715000 -2.874900
v -1.197000 8.252999 -0.331800
v -1.197000 8.252999 -0.121800
v -1.061222 8.208882 -0.331800
v -1.061222 8.208882 -0.121800
v -0.977306 8.093383 -0.331800
v -0.977306 8.093383 -0.121800
v -0.977306 7.950617 -0.331800
v -0.977306 7.950617 -0.121800
v -1.061222 7.835117 -0.331800
v -1.061222 7.835117 -0.121800
v -1.197000 7.791000 -0.331800
v -1.197000 7.791000 -0.121800
v -1.332778 7.835117 -0.331800
v -1.332778 7.835117 -0.121800
v -1.416694 7.950617 -0.331800
v -1.416694 7.950617 -0.121800
v -1.416694 8.093383 -0.331800
v -1.416694 8.093383 -0.121800
v -1.332778 8.208882 -0.331800
v -1.332778 8.208882 -0.121800
v -1.197000 8.820000 -0.331800
v -1.197000 8.820000 -0.121800
v -1.061222 8.775883 -0.331800
v -1.061222 8.775883 -0.121800
v -0.977306 8.660383 -0.331800
v -0.977306 8.660383 -0.121800
v -0.977306 8.517617 -0.331800
v -0.977306 8.517617 -0.121800
v -1.061222 8.402118 -0.331800
v -1.061222 8.402118 -0.121800
v -1.197000 8.358000 -0.331800
v -1.197000 8.358000 -0.121800
v -1.332778 8.402118 -0.331800
v -1.332778 8.402118 -0.121800
v -1.416694 8.517617 -0.331800
v -1.416694 8.517617 -0.121800
v -1.416694 8.660383 -0.331800
v -1.416694 8.660383 -0.121800
v -1.332778 8.775883 -0.331800
v -1.332778 8.775883 -0.121800
v -0.399000 8.252999 -0.331800
v -0.399000 8.252999 -0.121800
v -0.263222 8.208882 -0.331800
v -0.263222 8.208882 -0.121800
v -0.179306 8.093383 -0.331800
v -0.179306 8.093383 -0.121800
v -0.179306 7.950617 -0.331800
v -0.179306 7.950617 -0.121800
v -0.263222 7.835117 -0.331800
v -0.263222 7.835117 -0.121800
v -0.399000 7.791000 -0.331800
v -0.399000 7.791000 -0.121800
v -0.534778 7.835117 -0.331800
v -0.534778 7.835117 -0.121800
v -0.618694 7.950617 -0.331800
v -0.618694 7.950617 -0.121800
v -0.618694 8.093383 -0.331800
v -0.618694 8.093383 -0.121800
v -0.534778 8.208882 -0.331800
v -0.534778 8.208882 -0.121800
v -0.399000 8.820000 -0.331800
v -0.399000 8.820000 -0.121800
v -0.263222 8.775883 -0.331800
v -0.263222 8.775883 -0.121800
v -0.179306 8.660383 -0.331800
v -0.179306 8.660383 -0.121800
v -0.179306 8.517617 -0.331800
v -0.179306 8.517617 -0.121800
v -0.263222 8.402118 -0.331800
v -0.263222 8.402118 -0.121800
v -0.399000 8.358000 -0.331800
v -0.399000 8.358000 -0.121800
v -0.534778 8.402118 -0.331800
v -0.534778 8.402118 -0.121800
v -0.618694 8.517617 -0.331800
v -0.618694 8.517617 -0.121800
v -0.618694 8.660383 -0.331800
v -0.618694 8.660383 -0.121800
v -0.534778 8.775883 -0.331800
v -0.534778 8.775883 -0.121800
v 0.399000 8.252999 -0.331800
v 0.399000 8.252999 -0.121800
v 0.534778 8.208882 -0.331800
v 0.534778 8.208882 -0.121800
v 0.618694 8.093383 -0.331800
v 0.618694 8.093383 -0.121800
v 0.618694 7.950617 -0.331800
v 0.618694 7.950617 -0.121800
v 0.534778 7.835117 -0.331800
v 0.534778 7.835117 -0.121800
v 0.399000 7.791000 -0.331800
v 0.399000 7.791000 -0.121800
v 0.263222 7.835117 -0.331800
v 0.263222 7.835117 -0.121800
v 0.179306 7.950617 -0.331800
v 0.179306 7.950617 -0.121800
v 0.179306 8.093383 -0.331800
v 0.179306 8.093383 -0.121800
v 0.263222 8.208882 -0.331800
v 0.263222 8.208882 -0.121800
v 0.399000 8.820000 -0.331800
v 0.399000 8.820000 -0.121800
v 0.534778 8.775883 -0.331800
v 0.534778 8.775883 -0.121800
v 0.618694 8.660383 -0.331800
v 0.618694 8.660383 -0.121800
v 0.618694 8.517617 -0.331800
v 0.618694 8.517617 -0.121800
v 0.534778 8.402118 -0.331800
v 0.534778 8.402118 -0.121800
v 0.399000 8.358000 -0.331800
v 0.399000 8.358000 -0.121800
v 0.263222 8.402118 -0.331800
v 0.263222 8.402118 -0.121800
v 0.179306 8.517617 -0.331800
v 0.179306 8.517617 -0.121800
v 0.179306 8.660383 -0.331800
v 0.179306 8.660383 -0.121800
v 0.263222 8.775883 -0.331800
v 0.263222 8.775883 -0.121800
v 1.197000 8.252999 -0.331800
v 1.197000 8.252999 -0.121800
v 1.332778 8.208882 -0.331800
v 1.332778 8.208882 -0.121800
v 1.416694 8.093383 -0.331800
v 1.416694 8.093383 -0.121800
v 1.416694 7.950617 -0.331800
v 1.416694 7.950617 -0.121800
v 1.332778 7.835117 -0.331800
v 1.332778 7.835117 -0.121800
v 1.197000 7.791000 -0.331800
v 1.197000 7.791000 -0.121800
v 1.061222 7.835117 -0.331800
v 1.061222 7.835117 -0.121800
v 0.977306 7.950617 -0.331800
v 0.977306 7.950617 -0.121800
v 0.977306 8.093383 -0.331800
v 0.977306 8.093383 -0.121800
v 1.061222 8.208882 -0.331800
v 1.061222 8.208882 -0.121800
v 1.197000 8.820000 -0.331800
v 1.197000 8.820000 -0.121800
v 1.332778 8.775883 -0.331800
v 1.332778 8.775883 -0.121800
v 1.416694 8.660383 -0.331800
v 1.416694 8.660383 -0.121800
v 1.416694 8.517617 -0.331800
v 1.416694 8.517617 -0.121800
v 1.332778 8.402118 -0.331800
v 1.332778 8.402118 -0.121800
v 1.197000 8.358000 -0.331800
v 1.197000 8.358000 -0.121800
v 1.061222 8.402118 -0.331800
v 1.061222 8.402118 -0.121800
v 0.977306 8.517617 -0.331800
v 0.977306 8.517617 -0.121800
v 0.977306 8.660383 -0.331800
v 0.977306 8.660383 -0.121800
v 1.061222 8.775883 -0.331800
v 1.061222 8.775883 -0.121800
v -1.789200 8.893500 -0.247800
v -1.789200 8.931300 -0.210000
v -1.827000 8.931300 -0.247800
v -1.789200 9.044701 -0.210000
v -1.789200 9.082500 -0.247800
v -1.827000 9.044701 -0.247800
v -1.789200 8.893500 -2.902200
v -1.827000 8.931300 -2.902200
v -1.789200 8.931300 -2.940000
v -1.789200 9.082500 -2.902200
v -1.789200 9.044701 -2.940000
v -1.827000 9.044701 -2.902200
v 1.789200 8.893500 -0.247800
v 1.827000 8.931300 -0.247800
v 1.789200 8.931300 -0.210000
v 1.789200 9.082500 -0.247800
v 1.789200 9.044701 -0.210000
v 1.827000 9.044701 -0.247800
v 1.789200 8.893500 -2.902200
v 1.789200 8.931300 -2.940000
v 1.827000 8.931300 -2.902200
v 1.789200 9.082500 -2.902200
v 1.827000 9.044701 -2.902200
v 1.789200 9.044701 -2.940000
vn -0.5774 -0.5774 0.5774
vn -0.5774 0.5774 0.5774
vn -0.5774 -0.5774 -0.5774
vn -0.5774 0.5774 -0.5774
vn 0.5774 -0.5774 0.5774
vn 0.5774 0.5774 0.5774
vn 0.5774 -0.5774 -0.5774
vn 0.5774 0.5774 -0.5774
vn -0.7071 -0.7071 -0.0000
vn -0.7071 -0.0000 0.7071
vn -0.7071 0.7071 -0.0000
vn -0.7071 -0.0000 -0.7071
vn -0.0000 -0.7071 -0.7071
vn -0.0000 0.7071 -0.7071
vn 0.7071 -0.0000 -0.7071
vn 0.7071 -0.7071 -0.0000
vn 0.7071 0.7071 -0.0000
vn 0.7071 -0.0000 0.7071
vn -0.0000 -0.7071 0.7071
vn -0.0000 0.7071 0.7071
vn -0.0000 -1.0000 -0.0000
vn -1.0000 -0.0000 -0.0000
vn -0.0000 -0.0000 1.0000
vn -0.0000 1.0000 -0.0000
vn -0.0000 -0.0000 -1.0000
vn 1.0000 -0.0000 -0.0000
vn 0.3090 0.9511 -0.0000
vn 0.8090 0.5878 -0.0000
vn 0.8090 -0.5878 -0.0000
vn 0.3090 -0.9511 -0.0000
vn -0.3090 -0.9511 -0.0000
vn -0.8090 -0.5878 -0.0000
vn -0.8090 0.5878 -0.0000
vn -0.3090 0.9511 -0.0000
vn -0.5774 -0.5773 0.5774
vn -0.5774 0.5773 0.5774
vn -0.5774 -0.5773 -0.5774
vn -0.5774 0.5773 -0.5774
vn 0.5774 -0.5773 0.5774
vn 0.5774 0.5773 0.5774
vn 0.5774 -0.5773 -0.5774
vn 0.5774 0.5773 -0.5774
vt 0.125000 0.125000
vt 0.375000 0.625000
vt 0.375000 0.125000
s 0
usemtl MilitaryEnemyPalette.003
f 2585/17/233 2586/17/233 2587/17/233
f 2588/17/234 2589/17/234 2590/17/234
f 2591/17/235 2592/17/235 2593/17/235
f 2594/17/236 2595/17/236 2596/17/236
f 2597/17/237 2598/17/237 2599/17/237
f 2600/17/238 2601/17/238 2602/17/238
f 2603/17/239 2604/17/239 2605/17/239
f 2606/17/240 2607/17/240 2608/17/240
f 2591/17/241 2585/17/241 2587/17/241 2592/17/241
f 2586/17/242 2588/17/242 2590/17/242 2587/17/242
f 2589/17/243 2594/17/243 2596/17/243 2590/17/243
f 2595/17/244 2593/17/244 2592/17/244 2596/17/244
f 2603/17/245 2591/17/245 2593/17/245 2604/17/245
f 2594/17/246 2606/17/246 2608/17/246 2595/17/246
f 2607/17/247 2605/17/247 2604/17/247 2608/17/247
f 2597/17/248 2603/17/248 2605/17/248 2598/17/248
f 2606/17/249 2600/17/249 2602/17/249 2607/17/249
f 2601/17/250 2599/17/250 2598/17/250 2602/17/250
f 2585/17/251 2597/17/251 2599/17/251 2586/17/251
f 2600/17/252 2589/17/252 2588/17/252 2601/17/252
f 2591/17/253 2603/17/253 2597/17/253 2585/17/253
f 2587/17/254 2590/17/254 2596/17/254 2592/17/254
f 2599/17/255 2601/17/255 2588/17/255 2586/17/255
f 2606/17/256 2594/17/256 2589/17/256 2600/17/256
f 2593/17/257 2595/17/257 2608/17/257 2604/17/257
f 2605/17/258 2607/17/258 2602/17/258 2598/17/258
f 2609/18/259 2610/18/259 2612/18/259 2611/18/259
f 2611/18/260 2612/18/260 2614/18/260 2613/18/260
f 2613/18/258 2614/18/258 2616/18/258 2615/18/258
f 2615/18/261 2616/18/261 2618/18/261 2617/18/261
f 2617/18/262 2618/18/262 2620/18/262 2619/18/262
f 2619/18/263 2620/18/263 2622/18/263 2621/18/263
f 2621/18/264 2622/18/264 2624/18/264 2623/18/264
f 2623/18/254 2624/18/254 2626/18/254 2625/18/254
f 2612/18/255 2610/18/255 2628/18/255 2626/18/255 2624/18/255 2622/18/255 2620/18/255 2618/18/255 2616/18/255 2614/18/255
f 2625/18/265 2626/18/265 2628/18/265 2627/18/265
f 2627/18/266 2628/18/266 2610/18/266 2609/18/266
f 2609/18/257 2611/18/257 2613/18/257 2615/18/257 2617/18/257 2619/18/257 2621/18/257 2623/18/257 2625/18/257 2627/18/257
f 2629/18/259 2630/18/259 2632/18/259 2631/18/259
f 2631/18/260 2632/18/260 2634/18/260 2633/18/260
f 2633/18/258 2634/18/258 2636/18/258 2635/18/258
f 2635/18/261 2636/18/261 2638/18/261 2637/18/261
f 2637/18/262 2638/18/262 2640/18/262 2639/18/262
f 2639/18/263 2640/18/263 2642/18/263 2641/18/263
f 2641/18/264 2642/18/264 2644/18/264 2643/18/264
f 2643/18/254 2644/18/254 2646/18/254 2645/18/254
f 2632/18/255 2630/18/255 2648/18/255 2646/18/255 2644/18/255 2642/18/255 2640/18/255 2638/18/255 2636/18/255 2634/18/255
f 2645/18/265 2646/18/265 2648/18/265 2647/18/265
f 2647/18/266 2648/18/266 2630/18/266 2629/18/266
f 2629/18/257 2631/18/257 2633/18/257 2635/18/257 2637/18/257 2639/18/257 2641/18/257 2643/18/257 2645/18/257 2647/18/257
f 2649/18/259 2650/18/259 2652/18/259 2651/18/259
f 2651/18/260 2652/18/260 2654/18/260 2653/18/260
f 2653/18/258 2654/18/258 2656/18/258 2655/18/258
f 2655/18/261 2656/18/261 2658/18/261 2657/18/261
f 2657/18/262 2658/18/262 2660/18/262 2659/18/262
f 2659/18/263 2660/18/263 2662/18/263 2661/18/263
f 2661/18/264 2662/18/264 2664/18/264 2663/18/264
f 2663/18/254 2664/18/254 2666/18/254 2665/18/254
f 2652/18/255 2650/18/255 2668/18/255 2666/18/255 2664/18/255 2662/18/255 2660/18/255 2658/18/255 2656/18/255 2654/18/255
f 2665/18/265 2666/18/265 2668/18/265 2667/18/265
f 2667/18/266 2668/18/266 2650/18/266 2649/18/266
f 2649/18/257 2651/18/257 2653/18/257 2655/18/257 2657/18/257 2659/18/257 2661/18/257 2663/18/257 2665/18/257 2667/18/257
f 2669/18/259 2670/18/259 2672/18/259 2671/18/259
f 2671/18/260 2672/18/260 2674/18/260 2673/18/260
f 2673/18/258 2674/18/258 2676/18/258 2675/18/258
f 2675/18/261 2676/18/261 2678/18/261 2677/18/261
f 2677/18/262 2678/18/262 2680/18/262 2679/18/262
f 2679/18/263 2680/18/263 2682/18/263 2681/18/263
f 2681/18/264 2682/18/264 2684/18/264 2683/18/264
f 2683/18/254 2684/18/254 2686/18/254 2685/18/254
f 2672/18/255 2670/18/255 2688/18/255 2686/18/255 2684/18/255 2682/18/255 2680/18/255 2678/18/255 2676/18/255 2674/18/255
f 2685/18/265 2686/18/265 2688/18/265 2687/18/265
f 2687/18/266 2688/18/266 2670/18/266 2669/18/266
f 2669/18/257 2671/18/257 2673/18/257 2675/18/257 2677/18/257 2679/18/257 2681/18/257 2683/18/257 2685/18/257 2687/18/257
f 2689/18/259 2690/18/259 2692/18/259 2691/18/259
f 2691/18/260 2692/18/260 2694/18/260 2693/18/260
f 2693/18/258 2694/18/258 2696/18/258 2695/18/258
f 2695/18/261 2696/18/261 2698/18/261 2697/18/261
f 2697/18/262 2698/18/262 2700/18/262 2699/18/262
f 2699/18/263 2700/18/263 2702/18/263 2701/18/263
f 2701/18/264 2702/18/264 2704/18/264 2703/18/264
f 2703/18/254 2704/18/254 2706/18/254 2705/18/254
f 2692/18/255 2690/18/255 2708/18/255 2706/18/255 2704/18/255 2702/18/255 2700/18/255 2698/18/255 2696/18/255 2694/18/255
f 2705/18/265 2706/18/265 2708/18/265 2707/18/265
f 2707/18/266 2708/18/266 2690/18/266 2689/18/266
f 2689/18/257 2691/18/257 2693/18/257 2695/18/257 2697/18/257 2699/18/257 2701/18/257 2703/18/257 2705/18/257 2707/18/257
f 2709/18/259 2710/18/259 2712/18/259 2711/18/259
f 2711/18/260 2712/18/260 2714/18/260 2713/18/260
f 2713/18/258 2714/18/258 2716/18/258 2715/18/258
f 2715/18/261 2716/18/261 2718/18/261 2717/18/261
f 2717/18/262 2718/18/262 2720/18/262 2719/18/262
f 2719/18/263 2720/18/263 2722/18/263 2721/18/263
f 2721/18/264 2722/18/264 2724/18/264 2723/18/264
f 2723/18/254 2724/18/254 2726/18/254 2725/18/254
f 2712/18/255 2710/18/255 2728/18/255 2726/18/255 2724/18/255 2722/18/255 2720/18/255 2718/18/255 2716/18/255 2714/18/255
f 2725/18/265 2726/18/265 2728/18/265 2727/18/265
f 2727/18/266 2728/18/266 2710/18/266 2709/18/266
f 2709/18/257 2711/18/257 2713/18/257 2715/18/257 2717/18/257 2719/18/257 2721/18/257 2723/18/257 2725/18/257 2727/18/257
f 2729/18/259 2730/18/259 2732/18/259 2731/18/259
f 2731/18/260 2732/18/260 2734/18/260 2733/18/260
f 2733/18/258 2734/18/258 2736/18/258 2735/18/258
f 2735/18/261 2736/18/261 2738/18/261 2737/18/261
f 2737/18/262 2738/18/262 2740/18/262 2739/18/262
f 2739/18/263 2740/18/263 2742/18/263 2741/18/263
f 2741/18/264 2742/18/264 2744/18/264 2743/18/264
f 2743/18/254 2744/18/254 2746/18/254 2745/18/254
f 2732/18/255 2730/18/255 2748/18/255 2746/18/255 2744/18/255 2742/18/255 2740/18/255 2738/18/255 2736/18/255 2734/18/255
f 2745/18/265 2746/18/265 2748/18/265 2747/18/265
f 2747/18/266 2748/18/266 2730/18/266 2729/18/266
f 2729/18/257 2731/18/257 2733/18/257 2735/18/257 2737/18/257 2739/18/257 2741/18/257 2743/18/257 2745/18/257 2747/18/257
f 2749/18/259 2750/18/259 2752/18/259 2751/18/259
f 2751/18/260 2752/18/260 2754/18/260 2753/18/260
f 2753/18/258 2754/18/258 2756/18/258 2755/18/258
f 2755/18/261 2756/18/261 2758/18/261 2757/18/261
f 2757/18/262 2758/18/262 2760/18/262 2759/18/262
f 2759/18/263 2760/18/263 2762/18/263 2761/18/263
f 2761/18/264 2762/18/264 2764/18/264 2763/18/264
f 2763/18/254 2764/18/254 2766/18/254 2765/18/254
f 2752/18/255 2750/18/255 2768/18/255 2766/18/255 2764/18/255 2762/18/255 2760/18/255 2758/18/255 2756/18/255 2754/18/255
f 2765/18/265 2766/18/265 2768/18/265 2767/18/265
f 2767/18/266 2768/18/266 2750/18/266 2749/18/266
f 2749/18/257 2751/18/257 2753/18/257 2755/18/257 2757/18/257 2759/18/257 2761/18/257 2763/18/257 2765/18/257 2767/18/257
f 2769/19/267 2770/19/267 2771/19/267
f 2772/19/268 2773/19/268 2774/19/268
f 2775/19/269 2776/19/269 2777/19/269
f 2778/19/270 2779/19/270 2780/19/270
f 2781/19/271 2782/19/271 2783/19/271
f 2784/19/272 2785/19/272 2786/19/272
f 2787/19/273 2788/19/273 2789/19/273
f 2790/19/274 2791/19/274 2792/19/274
f 2775/19/241 2769/19/241 2771/19/241 2776/19/241
f 2770/19/242 2772/19/242 2774/19/242 2771/19/242
f 2773/19/243 2778/19/243 2780/19/243 2774/19/243
f 2779/19/244 2777/19/244 2776/19/244 2780/19/244
f 2787/19/245 2775/19/245 2777/19/245 2788/19/245
f 2778/19/246 2790/19/246 2792/19/246 2779/19/246
f 2791/19/247 2789/19/247 2788/19/247 2792/19/247
f 2781/19/248 2787/19/248 2789/19/248 2782/19/248
f 2790/19/249 2784/19/249 2786/19/249 2791/19/249
f 2785/19/250 2783/19/250 2782/19/250 2786/19/250
f 2769/19/251 2781/19/251 2783/19/251 2770/19/251
f 2784/19/252 2773/19/252 2772/19/252 2785/19/252
f 2775/19/253 2787/19/253 2781/19/253 2769/19/253
f 2771/19/254 2774/19/254 2780/19/254 2776/19/254
f 2783/19/255 2785/19/255 2772/19/255 2770/19/255
f 2790/19/256 2778/19/256 2773/19/256 2784/19/256
f 2777/19/257 2779/19/257 2792/19/257 2788/19/257
f 2789/19/258 2791/19/258 2786/19/258 2782/19/258
o Component_GunPod
v 1.161300 6.619200 2.524200
v 1.161300 6.829200 2.734200
v 0.951300 6.829200 2.524200
v 1.161300 7.690200 2.734200
v 1.161300 7.900200 2.524200
v 0.951300 7.690200 2.524200
v 1.161300 6.619200 0.907200
v 0.951300 6.829200 0.907200
v 1.161300 6.829200 0.697200
v 1.161300 7.900200 0.907200
v 1.161300 7.690200 0.697200
v 0.951300 7.690200 0.907200
v 2.799300 6.619200 2.524200
v 3.009300 6.829200 2.524200
v 2.799300 6.829200 2.734200
v 2.799300 7.900200 2.524200
v 2.799300 7.690200 2.734200
v 3.009300 7.690200 2.524200
v 2.799300 6.619200 0.907200
v 2.799300 6.829200 0.697200
v 3.009300 6.829200 0.907200
v 2.799300 7.900200 0.907200
v 3.009300 7.690200 0.907200
v 2.799300 7.690200 0.697200
v 1.980300 5.134500 0.399000
v 1.980300 7.045500 0.399000
v 2.179800 5.134500 0.452456
v 2.179800 7.045500 0.452456
v 2.325844 5.134500 0.598500
v 2.325844 7.045500 0.598500
v 2.379300 5.134500 0.798000
v 2.379300 7.045500 0.798000
v 2.325844 5.134500 0.997500
v 2.325844 7.045500 0.997500
v 2.179800 5.134500 1.143544
v 2.179800 7.045500 1.143544
v 1.980300 5.134500 1.197000
v 1.980300 7.045500 1.197000
v 1.780800 5.134500 1.143544
v 1.780800 7.045500 1.143544
v 1.634756 5.134500 0.997500
v 1.634756 7.045500 0.997500
v 1.581300 5.134500 0.798000
v 1.581300 7.045500 0.798000
v 1.634756 5.134500 0.598500
v 1.634756 7.045500 0.598500
v 1.780800 5.134500 0.452456
v 1.780800 7.045500 0.452456
v 1.596000 7.476000 2.415000
v 1.596000 7.476000 4.557000
v 1.707091 7.439904 2.415000
v 1.707091 7.439904 4.557000
v 1.775750 7.345404 2.415000
v 1.775750 7.345404 4.557000
v 1.775750 7.228596 2.415000
v 1.775750 7.228596 4.557000
v 1.707091 7.134096 2.415000
v 1.707091 7.134096 4.557000
v 1.596000 7.098000 2.415000
v 1.596000 7.098000 4.557000
v 1.484908 7.134096 2.415000
v 1.484908 7.134096 4.557000
v 1.416250 7.228596 2.415000
v 1.416250 7.228596 4.557000
v 1.416250 7.345404 2.415000
v 1.416250 7.345404 4.557000
v 1.484908 7.439904 2.415000
v 1.484908 7.439904 4.557000
v 1.438500 7.098000 4.809000
v 1.438500 7.140000 4.851000
v 1.396500 7.140000 4.809000
v 1.438500 7.434000 4.851000
v 1.438500 7.476000 4.809000
v 1.396500 7.434000 4.809000
v 1.438500 7.098000 4.515000
v 1.396500 7.140000 4.515000
v 1.438500 7.140000 4.473000
v 1.438500 7.476000 4.515000
v 1.438500 7.434000 4.473000
v 1.396500 7.434000 4.515000
v 1.753500 7.098000 4.809000
v 1.795500 7.140000 4.809000
v 1.753500 7.140000 4.851000
v 1.753500 7.476000 4.809000
v 1.753500 7.434000 4.851000
v 1.795500 7.434000 4.809000
v 1.753500 7.098000 4.515000
v 1.753500 7.140000 4.473000
v 1.795500 7.140000 4.515000
v 1.753500 7.476000 4.515000
v 1.795500 7.434000 4.515000
v 1.753500 7.434000 4.473000
v 2.352000 7.476000 2.415000
v 2.352000 7.476000 4.557000
v 2.463091 7.439904 2.415000
v 2.463091 7.439904 4.557000
v 2.531750 7.345404 2.415000
v 2.531750 7.345404 4.557000
v 2.531750 7.228596 2.415000
v 2.531750 7.228596 4.557000
v 2.463091 7.134096 2.415000
v 2.463091 7.134096 4.557000
v 2.352000 7.098000 2.415000
v 2.352000 7.098000 4.557000
v 2.240909 7.134096 2.415000
v 2.240909 7.134096 4.557000
v 2.172250 7.228596 2.415000
v 2.172250 7.228596 4.557000
v 2.172250 7.345404 2.415000
v 2.172250 7.345404 4.557000
v 2.240909 7.439904 2.415000
v 2.240909 7.439904 4.557000
v 2.194500 7.098000 4.809000
v 2.194500 7.140000 4.851000
v 2.152500 7.140000 4.809000
v 2.194500 7.434000 4.851000
v 2.194500 7.476000 4.809000
v 2.152500 7.434000 4.809000
v 2.194500 7.098000 4.515000
v 2.152500 7.140000 4.515000
v 2.194500 7.140000 4.473000
v 2.194500 7.476000 4.515000
v 2.194500 7.434000 4.473000
v 2.152500 7.434000 4.515000
v 2.509500 7.098000 4.809000
v 2.551500 7.140000 4.809000
v 2.509500 7.140000 4.851000
v 2.509500 7.476000 4.809000
v 2.509500 7.434000 4.851000
v 2.551500 7.434000 4.809000
v 2.509500 7.098000 4.515000
v 2.509500 7.140000 4.473000
v 2.551500 7.140000 4.515000
v 2.509500 7.476000 4.515000
v 2.551500 7.434000 4.515000
v 2.509500 7.434000 4.473000
vn -0.5774 -0.5774 0.5774
vn -0.5774 0.5774 0.5774
vn -0.5774 -0.5774 -0.5774
vn -0.5774 0.5773 -0.5774
vn 0.5774 -0.5774 0.5774
vn 0.5774 0.5774 0.5774
vn 0.5774 -0.5774 -0.5774
vn 0.5774 0.5773 -0.5774
vn -0.7071 -0.7071 -0.0000
vn -0.7071 -0.0000 0.7071
vn -0.7071 0.7071 -0.0000
vn -0.7071 -0.0000 -0.7071
vn -0.0000 -0.7071 -0.7071
vn -0.0000 0.7071 -0.7071
vn 0.7071 -0.0000 -0.7071
vn 0.7071 -0.7071 -0.0000
vn 0.7071 0.7071 -0.0000
vn 0.7071 -0.0000 0.7071
vn -0.0000 -0.7071 0.7071
vn -0.0000 0.7071 0.7071
vn -0.0000 -1.0000 -0.0000
vn -1.0000 -0.0000 -0.0000
vn -0.0000 -0.0000 1.0000
vn -0.0000 1.0000 -0.0000
vn -0.0000 -0.0000 -1.0000
vn 1.0000 -0.0000 -0.0000
vn 0.2588 -0.0000 -0.9659
vn 0.9659 -0.0000 -0.2588
vn 0.9659 -0.0000 0.2588
vn 0.2588 -0.0000 0.9659
vn -0.2588 -0.0000 0.9659
vn -0.9659 -0.0000 0.2588
vn -0.9659 -0.0000 -0.2588
vn -0.2588 -0.0000 -0.9659
vn 0.3090 0.9511 -0.0000
vn 0.8090 0.5878 -0.0000
vn 0.8090 -0.5878 -0.0000
vn 0.3090 -0.9511 -0.0000
vn -0.3090 -0.9511 -0.0000
vn -0.8090 -0.5878 -0.0000
vn -0.8090 0.5878 -0.0000
vn -0.3090 0.9511 -0.0000
vn -0.5774 -0.5773 0.5773
vn -0.5774 0.5773 0.5773
vn -0.5773 -0.5774 -0.5774
vn -0.5773 0.5774 -0.5774
vn 0.5774 -0.5773 0.5773
vn 0.5774 0.5773 0.5773
vn 0.5774 -0.5773 -0.5774
vn 0.5773 -0.5774 0.5773
vn 0.5773 0.5774 0.5773
vn 0.5773 -0.5773 -0.5774
vn 0.5773 0.5773 -0.5774
vt 0.375000 0.125000
vt 0.125000 0.375000
vt 0.375000 0.625000
s 0
usemtl MilitaryEnemyPalette.003
f 2793/20/275 2794/20/275 2795/20/275
f 2796/20/276 2797/20/276 2798/20/276
f 2799/20/277 2800/20/277 2801/20/277
f 2802/20/278 2803/20/278 2804/20/278
f 2805/20/279 2806/20/279 2807/20/279
f 2808/20/280 2809/20/280 2810/20/280
f 2811/20/281 2812/20/281 2813/20/281
f 2814/20/282 2815/20/282 2816/20/282
f 2799/20/283 2793/20/283 2795/20/283 2800/20/283
f 2794/20/284 2796/20/284 2798/20/284 2795/20/284
f 2797/20/285 2802/20/285 2804/20/285 2798/20/285
f 2803/20/286 2801/20/286 2800/20/286 2804/20/286
f 2811/20/287 2799/20/287 2801/20/287 2812/20/287
f 2802/20/288 2814/20/288 2816/20/288 2803/20/288
f 2815/20/289 2813/20/289 2812/20/289 2816/20/289
f 2805/20/290 2811/20/290 2813/20/290 2806/20/290
f 2814/20/291 2808/20/291 2810/20/291 2815/20/291
f 2809/20/292 2807/20/292 2806/20/292 2810/20/292
f 2793/20/293 2805/20/293 2807/20/293 2794/20/293
f 2808/20/294 2797/20/294 2796/20/294 2809/20/294
f 2799/20/295 2811/20/295 2805/20/295 2793/20/295
f 2795/20/296 2798/20/296 2804/20/296 2800/20/296
f 2807/20/297 2809/20/297 2796/20/297 2794/20/297
f 2814/20/298 2802/20/298 2797/20/298 2808/20/298
f 2801/20/299 2803/20/299 2816/20/299 2812/20/299
f 2813/20/300 2815/20/300 2810/20/300 2806/20/300
f 2817/21/301 2818/21/301 2820/21/301 2819/21/301
f 2819/21/289 2820/21/289 2822/21/289 2821/21/289
f 2821/21/302 2822/21/302 2824/21/302 2823/21/302
f 2823/21/303 2824/21/303 2826/21/303 2825/21/303
f 2825/21/292 2826/21/292 2828/21/292 2827/21/292
f 2827/21/304 2828/21/304 2830/21/304 2829/21/304
f 2829/21/305 2830/21/305 2832/21/305 2831/21/305
f 2831/21/284 2832/21/284 2834/21/284 2833/21/284
f 2833/21/306 2834/21/306 2836/21/306 2835/21/306
f 2835/21/307 2836/21/307 2838/21/307 2837/21/307
f 2820/21/298 2818/21/298 2840/21/298 2838/21/298 2836/21/298 2834/21/298 2832/21/298 2830/21/298 2828/21/298 2826/21/298 2824/21/298 2822/21/298
f 2837/21/286 2838/21/286 2840/21/286 2839/21/286
f 2839/21/308 2840/21/308 2818/21/308 2817/21/308
f 2817/21/295 2819/21/295 2821/21/295 2823/21/295 2825/21/295 2827/21/295 2829/21/295 2831/21/295 2833/21/295 2835/21/295 2837/21/295 2839/21/295
f 2841/21/309 2842/21/309 2844/21/309 2843/21/309
f 2843/21/310 2844/21/310 2846/21/310 2845/21/310
f 2845/21/300 2846/21/300 2848/21/300 2847/21/300
f 2847/21/311 2848/21/311 2850/21/311 2849/21/311
f 2849/21/312 2850/21/312 2852/21/312 2851/21/312
f 2851/21/313 2852/21/313 2854/21/313 2853/21/313
f 2853/21/314 2854/21/314 2856/21/314 2855/21/314
f 2855/21/296 2856/21/296 2858/21/296 2857/21/296
f 2844/21/297 2842/21/297 2860/21/297 2858/21/297 2856/21/297 2854/21/297 2852/21/297 2850/21/297 2848/21/297 2846/21/297
f 2857/21/315 2858/21/315 2860/21/315 2859/21/315
f 2859/21/316 2860/21/316 2842/21/316 2841/21/316
f 2841/21/299 2843/21/299 2845/21/299 2847/21/299 2849/21/299 2851/21/299 2853/21/299 2855/21/299 2857/21/299 2859/21/299
f 2861/22/317 2862/22/317 2863/22/317
f 2864/22/318 2865/22/318 2866/22/318
f 2867/22/319 2868/22/319 2869/22/319
f 2870/22/320 2871/22/320 2872/22/320
f 2873/22/321 2874/22/321 2875/22/321
f 2876/22/322 2877/22/322 2878/22/322
f 2879/22/323 2880/22/323 2881/22/323
f 2882/22/282 2883/22/282 2884/22/282
f 2867/22/283 2861/22/283 2863/22/283 2868/22/283
f 2862/22/284 2864/22/284 2866/22/284 2863/22/284
f 2865/22/285 2870/22/285 2872/22/285 2866/22/285
f 2871/22/286 2869/22/286 2868/22/286 2872/22/286
f 2879/22/287 2867/22/287 2869/22/287 2880/22/287
f 2870/22/288 2882/22/288 2884/22/288 2871/22/288
f 2883/22/289 2881/22/289 2880/22/289 2884/22/289
f 2873/22/290 2879/22/290 2881/22/290 2874/22/290
f 2882/22/291 2876/22/291 2878/22/291 2883/22/291
f 2877/22/292 2875/22/292 2874/22/292 2878/22/292
f 2861/22/293 2873/22/293 2875/22/293 2862/22/293
f 2876/22/294 2865/22/294 2864/22/294 2877/22/294
f 2867/22/295 2879/22/295 2873/22/295 2861/22/295
f 2863/22/296 2866/22/296 2872/22/296 2868/22/296
f 2875/22/297 2877/22/297 2864/22/297 2862/22/297
f 2882/22/298 2870/22/298 2865/22/298 2876/22/298
f 2869/22/299 2871/22/299 2884/22/299 2880/22/299
f 2881/22/300 2883/22/300 2878/22/300 2874/22/300
f 2885/21/309 2886/21/309 2888/21/309 2887/21/309
f 2887/21/310 2888/21/310 2890/21/310 2889/21/310
f 2889/21/300 2890/21/300 2892/21/300 2891/21/300
f 2891/21/311 2892/21/311 2894/21/311 2893/21/311
f 2893/21/312 2894/21/312 2896/21/312 2895/21/312
f 2895/21/313 2896/21/313 2898/21/313 2897/21/313
f 2897/21/314 2898/21/314 2900/21/314 2899/21/314
f 2899/21/296 2900/21/296 2902/21/296 2901/21/296
f 2888/21/297 2886/21/297 2904/21/297 2902/21/297 2900/21/297 2898/21/297 2896/21/297 2894/21/297 2892/21/297 2890/21/297
f 2901/21/315 2902/21/315 2904/21/315 2903/21/315
f 2903/21/316 2904/21/316 2886/21/316 2885/21/316
f 2885/21/299 2887/21/299 2889/21/299 2891/21/299 2893/21/299 2895/21/299 2897/21/299 2899/21/299 2901/21/299 2903/21/299
f 2905/22/317 2906/22/317 2907/22/317
f 2908/22/318 2909/22/318 2910/22/318
f 2911/22/319 2912/22/319 2913/22/319
f 2914/22/320 2915/22/320 2916/22/320
f 2917/22/324 2918/22/324 2919/22/324
f 2920/22/325 2921/22/325 2922/22/325
f 2923/22/326 2924/22/326 2925/22/326
f 2926/22/327 2927/22/327 2928/22/327
f 2911/22/283 2905/22/283 2907/22/283 2912/22/283
f 2906/22/284 2908/22/284 2910/22/284 2907/22/284
f 2909/22/285 2914/22/285 2916/22/285 2910/22/285
f 2915/22/286 2913/22/286 2912/22/286 2916/22/286
f 2923/22/287 2911/22/287 2913/22/287 2924/22/287
f 2914/22/288 2926/22/288 2928/22/288 2915/22/288
f 2927/22/289 2925/22/289 2924/22/289 2928/22/289
f 2917/22/290 2923/22/290 2925/22/290 2918/22/290
f 2926/22/291 2920/22/291 2922/22/291 2927/22/291
f 2921/22/292 2919/22/292 2918/22/292 2922/22/292
f 2905/22/293 2917/22/293 2919/22/293 2906/22/293
f 2920/22/294 2909/22/294 2908/22/294 2921/22/294
f 2911/22/295 2923/22/295 2917/22/295 2905/22/295
f 2907/22/296 2910/22/296 2916/22/296 2912/22/296
f 2919/22/297 2921/22/297 2908/22/297 2906/22/297
f 2926/22/298 2914/22/298 2909/22/298 2920/22/298
f 2913/22/299 2915/22/299 2928/22/299 2924/22/299
f 2925/22/300 2927/22/300 2922/22/300 2918/22/300
