# Blender 5.2.1 LTS
# www.blender.org
mtllib wreck_repairCrawler.mtl
o Body.012
v -1.167680 2.155310 1.078560
v -1.437180 2.694310 -0.685440
v -1.105044 2.202221 1.083324
v -1.374545 2.741221 -0.680676
v -1.113365 2.276411 1.107265
v -1.382865 2.815411 -0.656735
v -1.184320 2.303690 1.126441
v -1.453820 2.842690 -0.637560
v -1.246956 2.256779 1.121676
v -1.516456 2.795779 -0.642324
v -1.238636 2.182589 1.097735
v -1.508136 2.721589 -0.666265
v -3.405500 0.085750 -2.205000
v -3.405500 0.158483 -2.570654
v -3.405500 0.365610 -2.880640
v -3.405500 0.675596 -3.087767
v -3.405500 1.041250 -3.160500
v -3.405500 1.406904 -3.087767
v -3.405500 1.716890 -2.880640
v -3.405500 1.924017 -2.570654
v -3.405500 1.996750 -2.205000
v -3.405500 1.996750 2.205000
v -3.405500 1.924017 2.570654
v -3.405500 1.716891 2.880640
v -3.405500 1.406904 3.087767
v -3.405499 1.041250 3.160500
v -3.405500 0.675596 3.087767
v -3.405499 0.365610 2.880640
v -3.405499 0.158483 2.570654
v -3.405500 0.085750 2.205000
v -2.131500 0.085750 -2.205000
v -2.131500 0.158483 -2.570654
v -2.131500 0.365609 -2.880640
v -2.131500 0.675596 -3.087767
v -2.131500 1.041250 -3.160500
v -2.131500 1.406904 -3.087767
v -2.131500 1.716890 -2.880640
v -2.131500 1.924017 -2.570654
v -2.131500 1.996750 -2.205000
v -2.131500 1.996750 2.205000
v -2.131500 1.924017 2.570654
v -2.131500 1.716891 2.880640
v -2.131500 1.406904 3.087767
v -2.131500 1.041250 3.160500
v -2.131500 0.675596 3.087767
v -2.131500 0.365610 2.880641
v -2.131500 0.158483 2.570654
v -2.131500 0.085750 2.205000
v -3.348170 1.041250 1.431045
v -2.188830 1.041250 1.431045
v -3.348170 0.654273 1.534735
v -2.188830 0.654273 1.534735
v -3.348170 0.370986 1.818022
v -2.188830 0.370986 1.818022
v -3.348170 0.267295 2.205000
v -2.188830 0.267295 2.205000
v -3.348170 0.370986 2.591977
v -2.188830 0.370986 2.591977
v -3.348170 0.654273 2.875264
v -2.188830 0.654273 2.875265
v -3.348170 1.041250 2.978955
v -2.188830 1.041250 2.978955
v -3.348170 1.428228 2.875265
v -2.188830 1.428228 2.875265
v -3.348170 1.711515 2.591977
v -2.188830 1.711515 2.591977
v -3.348170 1.815205 2.205000
v -2.188830 1.815205 2.205000
v -3.348170 1.711515 1.818022
v -2.188830 1.711515 1.818022
v -3.348170 1.428228 1.534735
v -2.188830 1.428228 1.534735
v -3.422895 1.041250 1.880130
v -3.337145 1.041250 1.880130
v -3.422895 0.850296 1.942174
v -3.337145 0.850296 1.942174
v -3.422895 0.732280 2.104610
v -3.337145 0.732280 2.104609
v -3.422895 0.732280 2.305390
v -3.337145 0.732280 2.305390
v -3.422895 0.850296 2.467825
v -3.337145 0.850296 2.467825
v -3.422895 1.041250 2.529870
v -3.337145 1.041250 2.529870
v -3.422895 1.232204 2.467825
v -3.337145 1.232204 2.467825
v -3.422895 1.350220 2.305390
v -3.337145 1.350220 2.305390
v -3.422895 1.350220 2.104610
v -3.337145 1.350220 2.104609
v -3.422895 1.232204 1.942175
v -3.337145 1.232204 1.942174
v -2.199855 1.041250 1.880130
v -2.114105 1.041250 1.880130
v -2.199855 0.850296 1.942175
v -2.114105 0.850296 1.942174
v -2.199855 0.732280 2.104610
v -2.114105 0.732281 2.104609
v -2.199855 0.732280 2.305390
v -2.114105 0.732280 2.305390
v -2.199855 0.850296 2.467825
v -2.114105 0.850296 2.467825
v -2.199855 1.041250 2.529870
v -2.114105 1.041250 2.529870
v -2.199855 1.232204 2.467825
v -2.114105 1.232204 2.467825
v -2.199855 1.350220 2.305390
v -2.114105 1.350220 2.305390
v -2.199855 1.350220 2.104609
v -2.114105 1.350220 2.104609
v -2.199855 1.232204 1.942175
v -2.114105 1.232204 1.942175
v -3.348170 1.041250 0.328545
v -2.188830 1.041250 0.328545
v -3.348170 0.654273 0.432235
v -2.188830 0.654273 0.432235
v -3.348170 0.370986 0.715522
v -2.188830 0.370986 0.715522
v -3.348170 0.267295 1.102500
v -2.188830 0.267295 1.102500
v -3.348170 0.370986 1.489477
v -2.188830 0.370986 1.489477
v -3.348170 0.654273 1.772765
v -2.188830 0.654273 1.772765
v -3.348170 1.041250 1.876455
v -2.188830 1.041250 1.876455
v -3.348170 1.428228 1.772765
v -2.188830 1.428228 1.772765
v -3.348170 1.711515 1.489477
v -2.188830 1.711515 1.489477
v -3.348170 1.815205 1.102500
v -2.188830 1.815205 1.102500
v -3.348170 1.711515 0.715522
v -2.188830 1.711515 0.715522
v -3.348170 1.428228 0.432235
v -2.188830 1.428228 0.432235
v -3.422895 1.041250 0.777630
v -3.337145 1.041250 0.777630
v -3.422895 0.850296 0.839675
v -3.337145 0.850296 0.839675
v -3.422895 0.732280 1.002110
v -3.337145 0.732280 1.002110
v -3.422895 0.732280 1.202890
v -3.337145 0.732280 1.202890
v -3.422895 0.850296 1.365325
v -3.337145 0.850296 1.365325
v -3.422895 1.041250 1.427370
v -3.337145 1.041250 1.427370
v -3.422895 1.232204 1.365325
v -3.337145 1.232204 1.365325
v -3.422895 1.350220 1.202890
v -3.337145 1.350220 1.202890
v -3.422895 1.350220 1.002110
v -3.337145 1.350220 1.002110
v -3.422895 1.232204 0.839675
v -3.337145 1.232204 0.839675
v -2.199855 1.041250 0.777630
v -2.114105 1.041250 0.777630
v -2.199855 0.850296 0.839675
v -2.114105 0.850296 0.839675
v -2.199855 0.732280 1.002110
v -2.114105 0.732280 1.002110
v -2.199855 0.732281 1.202890
v -2.114105 0.732280 1.202890
v -2.199855 0.850296 1.365325
v -2.114105 0.850296 1.365325
v -2.199855 1.041250 1.427370
v -2.114105 1.041250 1.427370
v -2.199855 1.232204 1.365325
v -2.114105 1.232204 1.365325
v -2.199855 1.350220 1.202890
v -2.114105 1.350220 1.202890
v -2.199855 1.350220 1.002110
v -2.114105 1.350220 1.002110
v -2.199855 1.232204 0.839674
v -2.114105 1.232204 0.839675
v -3.348170 1.041250 -0.773955
v -2.188830 1.041250 -0.773955
v -3.348170 0.654273 -0.670265
v -2.188830 0.654273 -0.670265
v -3.348170 0.370986 -0.386978
v -2.188830 0.370986 -0.386978
v -3.348170 0.267295 0.000000
v -2.188830 0.267295 0.000000
v -3.348170 0.370986 0.386978
v -2.188830 0.370986 0.386977
v -3.348170 0.654273 0.670265
v -2.188830 0.654273 0.670265
v -3.348170 1.041250 0.773955
v -2.188830 1.041250 0.773955
v -3.348170 1.428228 0.670265
v -2.188830 1.428228 0.670265
v -3.348170 1.711515 0.386978
v -2.188830 1.711515 0.386977
v -3.348170 1.815205 0.000000
v -2.188830 1.815205 -0.000000
v -3.348170 1.711515 -0.386978
v -2.188830 1.711515 -0.386977
v -3.348170 1.428228 -0.670265
v -2.188830 1.428228 -0.670265
v -3.422895 1.041250 -0.324870
v -3.337145 1.041250 -0.324870
v -3.422895 0.850296 -0.262825
v -3.337145 0.850296 -0.262825
v -3.422895 0.732280 -0.100390
v -3.337145 0.732281 -0.100390
v -3.422895 0.732280 0.100390
v -3.337145 0.732281 0.100390
v -3.422895 0.850296 0.262825
v -3.337145 0.850296 0.262825
v -3.422895 1.041250 0.324870
v -3.337145 1.041250 0.324870
v -3.422895 1.232204 0.262825
v -3.337145 1.232204 0.262825
v -3.422895 1.350220 0.100390
v -3.337145 1.350220 0.100390
v -3.422895 1.350220 -0.100390
v -3.337145 1.350220 -0.100390
v -3.422895 1.232204 -0.262825
v -3.337145 1.232204 -0.262825
v -2.199855 1.041250 -0.324870
v -2.114105 1.041250 -0.324870
v -2.199855 0.850296 -0.262825
v -2.114105 0.850296 -0.262825
v -2.199855 0.732280 -0.100390
v -2.114105 0.732280 -0.100390
v -2.199855 0.732280 0.100390
v -2.114105 0.732280 0.100390
v -2.199855 0.850296 0.262825
v -2.114105 0.850296 0.262825
v -2.199855 1.041250 0.324870
v -2.114105 1.041250 0.324870
v -2.199855 1.232204 0.262825
v -2.114105 1.232204 0.262825
v -2.199855 1.350220 0.100390
v -2.114105 1.350220 0.100390
v -2.199855 1.350220 -0.100390
v -2.114105 1.350220 -0.100390
v -2.199855 1.232204 -0.262825
v -2.114105 1.232204 -0.262825
v -3.348170 1.041250 -1.876455
v -2.188830 1.041250 -1.876455
v -3.348170 0.654273 -1.772765
v -2.188830 0.654273 -1.772764
v -3.348170 0.370986 -1.489478
v -2.188830 0.370986 -1.489477
v -3.348170 0.267295 -1.102500
v -2.188830 0.267295 -1.102500
v -3.348170 0.370986 -0.715522
v -2.188830 0.370986 -0.715523
v -3.348170 0.654273 -0.432235
v -2.188830 0.654273 -0.432235
v -3.348170 1.041250 -0.328545
v -2.188830 1.041250 -0.328545
v -3.348170 1.428228 -0.432235
v -2.188830 1.428228 -0.432235
v -3.348170 1.711515 -0.715523
v -2.188830 1.711515 -0.715522
v -3.348170 1.815205 -1.102500
v -2.188830 1.815205 -1.102500
v -3.348170 1.711515 -1.489477
v -2.188830 1.711515 -1.489477
v -3.348170 1.428228 -1.772764
v -2.188830 1.428228 -1.772764
v -3.422895 1.041250 -1.427370
v -3.337145 1.041250 -1.427370
v -3.422895 0.850296 -1.365325
v -3.337145 0.850296 -1.365325
v -3.422895 0.732280 -1.202890
v -3.337145 0.732280 -1.202890
v -3.422895 0.732280 -1.002110
v -3.337145 0.732280 -1.002110
v -3.422895 0.850296 -0.839675
v -3.337145 0.850296 -0.839675
v -3.422895 1.041250 -0.777630
v -3.337145 1.041250 -0.777630
v -3.422895 1.232204 -0.839675
v -3.337145 1.232204 -0.839674
v -3.422895 1.350220 -1.002110
v -3.337145 1.350220 -1.002110
v -3.422895 1.350220 -1.202890
v -3.337145 1.350220 -1.202890
v -3.422895 1.232204 -1.365325
v -3.337145 1.232204 -1.365325
v -2.199855 1.041250 -1.427370
v -2.114105 1.041250 -1.427370
v -2.199855 0.850296 -1.365325
v -2.114105 0.850296 -1.365325
v -2.199855 0.732280 -1.202890
v -2.114105 0.732280 -1.202890
v -2.199855 0.732280 -1.002110
v -2.114105 0.732280 -1.002110
v -2.199855 0.850296 -0.839674
v -2.114105 0.850296 -0.839675
v -2.199855 1.041250 -0.777630
v -2.114105 1.041250 -0.777630
v -2.199855 1.232204 -0.839675
v -2.114105 1.232204 -0.839675
v -2.199855 1.350220 -1.002110
v -2.114105 1.350220 -1.002110
v -2.199855 1.350220 -1.202890
v -2.114105 1.350220 -1.202890
v -2.199855 1.232204 -1.365325
v -2.114105 1.232204 -1.365325
v -3.348170 1.041250 -2.978955
v -2.188830 1.041250 -2.978955
v -3.348170 0.654273 -2.875265
v -2.188830 0.654273 -2.875265
v -3.348170 0.370985 -2.591977
v -2.188830 0.370986 -2.591978
v -3.348170 0.267295 -2.205000
v -2.188830 0.267295 -2.205000
v -3.348170 0.370986 -1.818023
v -2.188830 0.370985 -1.818022
v -3.348170 0.654273 -1.534735
v -2.188830 0.654273 -1.534735
v -3.348170 1.041250 -1.431045
v -2.188830 1.041250 -1.431045
v -3.348170 1.428228 -1.534735
v -2.188830 1.428228 -1.534735
v -3.348170 1.711515 -1.818022
v -2.188830 1.711515 -1.818022
v -3.348170 1.815205 -2.205000
v -2.188830 1.815205 -2.205000
v -3.348170 1.711514 -2.591977
v -2.188830 1.711515 -2.591977
v -3.348170 1.428228 -2.875265
v -2.188830 1.428228 -2.875265
v -3.422895 1.041250 -2.529870
v -3.337145 1.041250 -2.529870
v -3.422895 0.850296 -2.467825
v -3.337145 0.850296 -2.467825
v -3.422895 0.732280 -2.305390
v -3.337145 0.732280 -2.305390
v -3.422895 0.732280 -2.104610
v -3.337145 0.732280 -2.104609
v -3.422895 0.850296 -1.942174
v -3.337145 0.850296 -1.942175
v -3.422895 1.041250 -1.880130
v -3.337145 1.041250 -1.880130
v -3.422895 1.232204 -1.942175
v -3.337145 1.232204 -1.942175
v -3.422895 1.350220 -2.104609
v -3.337145 1.350220 -2.104609
v -3.422895 1.350220 -2.305390
v -3.337145 1.350220 -2.305390
v -3.422895 1.232204 -2.467825
v -3.337145 1.232204 -2.467825
v -2.199855 1.041250 -2.529870
v -2.114105 1.041250 -2.529870
v -2.199855 0.850296 -2.467825
v -2.114105 0.850297 -2.467825
v -2.199855 0.732280 -2.305390
v -2.114105 0.732280 -2.305390
v -2.199855 0.732281 -2.104609
v -2.114105 0.732280 -2.104610
v -2.199855 0.850296 -1.942175
v -2.114105 0.850296 -1.942175
v -2.199855 1.041250 -1.880130
v -2.114105 1.041250 -1.880130
v -2.199855 1.232204 -1.942175
v -2.114105 1.232204 -1.942175
v -2.199855 1.350220 -2.104609
v -2.114105 1.350220 -2.104610
v -2.199855 1.350220 -2.305390
v -2.114105 1.350220 -2.305390
v -2.199855 1.232204 -2.467825
v -2.114105 1.232204 -2.467825
v -3.456460 0.040081 -2.276804
v -3.456460 0.155421 -2.253861
v -3.456460 0.088812 -2.521793
v -3.456460 0.204152 -2.498850
v -2.080540 0.040081 -2.276804
v -2.080540 0.155421 -2.253862
v -2.080540 0.088812 -2.521793
v -2.080540 0.204152 -2.498850
v -3.456460 0.143769 -2.654469
v -3.456460 0.241549 -2.589134
v -3.456460 0.282543 -2.862160
v -3.456460 0.380324 -2.796825
v -2.080540 0.143769 -2.654469
v -2.080540 0.241549 -2.589134
v -2.080540 0.282543 -2.862161
v -2.080540 0.380324 -2.796825
v -3.456460 0.384089 -2.963707
v -3.456460 0.449425 -2.865926
v -3.456460 0.591781 -3.102482
v -3.456460 0.657116 -3.004701
v -2.080540 0.384090 -2.963707
v -2.080540 0.449425 -2.865926
v -2.080540 0.591781 -3.102482
v -2.080540 0.657116 -3.004701
v -3.456460 0.724458 -3.157438
v -3.456460 0.747400 -3.042098
v -3.456460 0.969446 -3.206169
v -3.456460 0.992388 -3.090829
v -2.080540 0.724458 -3.157438
v -2.080540 0.747401 -3.042098
v -2.080540 0.969446 -3.206169
v -2.080540 0.992388 -3.090829
v -3.456460 1.113054 -3.206169
v -3.456460 1.090111 -3.090829
v -3.456460 1.358042 -3.157438
v -3.456460 1.335100 -3.042097
v -2.080540 1.113054 -3.206169
v -2.080540 1.090112 -3.090829
v -2.080540 1.358042 -3.157438
v -2.080540 1.335100 -3.042098
v -3.456460 1.490720 -3.102482
v -3.456460 1.425384 -3.004701
v -3.456460 1.698410 -2.963707
v -3.456460 1.633075 -2.865926
v -2.080540 1.490720 -3.102482
v -2.080540 1.425384 -3.004701
v -2.080540 1.698410 -2.963707
v -2.080540 1.633075 -2.865926
v -3.456460 1.799957 -2.862160
v -3.456460 1.702176 -2.796826
v -3.456460 1.938731 -2.654469
v -3.456460 1.840951 -2.589134
v -2.080540 1.799957 -2.862160
v -2.080540 1.702176 -2.796826
v -2.080540 1.938731 -2.654469
v -2.080540 1.840951 -2.589134
v -3.456460 1.993688 -2.521792
v -3.456460 1.878348 -2.498850
v -3.456460 2.042419 -2.276804
v -3.456460 1.927079 -2.253861
v -2.080540 1.993688 -2.521793
v -2.080540 1.878348 -2.498850
v -2.080540 2.042419 -2.276804
v -2.080540 1.927079 -2.253862
v -3.456460 2.055550 -2.138849
v -3.456460 1.937950 -2.138850
v -3.456460 2.055550 -1.870241
v -3.456460 1.937950 -1.870241
v -2.080540 2.055550 -2.138850
v -2.080540 1.937950 -2.138850
v -2.080540 2.055550 -1.870241
v -2.080540 1.937950 -1.870241
v -3.456460 2.055550 -1.737941
v -3.456460 1.937950 -1.737941
v -3.456460 2.055550 -1.469332
v -3.456460 1.937950 -1.469332
v -2.080540 2.055550 -1.737941
v -2.080540 1.937950 -1.737941
v -2.080540 2.055550 -1.469332
v -2.080540 1.937950 -1.469332
v -3.456460 2.055550 -0.266605
v -3.456460 1.937950 -0.266605
v -2.080540 2.055550 -0.266605
v -2.080540 1.937950 -0.266605
v -3.456460 2.055550 -0.134304
v -3.456460 1.937950 -0.134305
v -3.456460 2.055550 0.134305
v -3.456460 1.937950 0.134305
v -2.080540 2.055550 -0.134304
v -2.080540 1.937950 -0.134305
v -2.080540 2.055550 0.134305
v -2.080540 1.937950 0.134304
v -3.456460 2.055550 0.266605
v -3.456460 1.937950 0.266605
v -3.456460 2.055550 0.535214
v -3.456460 1.937950 0.535214
v -2.080540 2.055550 0.266605
v -2.080540 1.937950 0.266605
v -2.080540 2.055550 0.535214
v -2.080540 1.937950 0.535214
v -3.456460 2.055550 0.667514
v -3.456460 1.937950 0.667514
v -3.456460 2.055550 0.936123
v -3.456460 1.937950 0.936123
v -2.080540 2.055550 0.667514
v -2.080540 1.937950 0.667514
v -2.080540 2.055550 0.936123
v -2.080540 1.937950 0.936123
v -3.456460 2.055550 1.068423
v -3.456460 1.937950 1.068423
v -3.456460 2.055550 1.337032
v -3.456460 1.937950 1.337032
v -2.080540 2.055550 1.068423
v -2.080540 1.937950 1.068423
v -2.080540 2.055550 1.337032
v -2.080540 1.937950 1.337032
v -3.456460 2.055550 1.469332
v -3.456460 1.937950 1.469332
v -3.456460 2.055550 1.737941
v -3.456460 1.937950 1.737941
v -2.080540 2.055550 1.469332
v -2.080540 1.937950 1.469332
v -2.080540 2.055550 1.737941
v -2.080540 1.937950 1.737941
v -3.456460 2.055550 1.870241
v -3.456460 1.937950 1.870241
v -3.456460 2.055550 2.138850
v -3.456460 1.937950 2.138850
v -2.080540 2.055550 1.870241
v -2.080540 1.937950 1.870241
v -2.080540 2.055550 2.138850
v -2.080540 1.937950 2.138850
v -3.456460 2.042419 2.276804
v -3.456460 1.927079 2.253862
v -3.456460 1.993688 2.521792
v -3.456460 1.878348 2.498850
v -2.080540 2.042419 2.276804
v -2.080540 1.927079 2.253861
v -2.080540 1.993688 2.521792
v -2.080540 1.878348 2.498850
v -3.456460 1.938732 2.654469
v -3.456460 1.840951 2.589134
v -3.456460 1.799957 2.862160
v -3.456460 1.702176 2.796825
v -2.080540 1.938732 2.654469
v -2.080540 1.840951 2.589134
v -2.080540 1.799957 2.862160
v -2.080540 1.702176 2.796825
v -3.456460 1.698410 2.963707
v -3.456460 1.633075 2.865926
v -3.456460 1.490720 3.102482
v -3.456460 1.425384 3.004701
v -2.080540 1.698411 2.963707
v -2.080540 1.633075 2.865926
v -2.080540 1.490720 3.102482
v -2.080540 1.425384 3.004701
v -3.456460 1.358043 3.157438
v -3.456460 1.335100 3.042098
v -3.456460 1.113055 3.206169
v -3.456460 1.090112 3.090829
v -2.080540 1.358043 3.157438
v -2.080540 1.335100 3.042098
v -2.080540 1.113054 3.206169
v -2.080540 1.090112 3.090829
v -3.456460 0.969446 3.206169
v -3.456460 0.992388 3.090829
v -3.456460 0.724458 3.157438
v -3.456460 0.747400 3.042098
v -2.080540 0.969446 3.206169
v -2.080540 0.992389 3.090829
v -2.080540 0.724458 3.157438
v -2.080540 0.747401 3.042098
v -3.456460 0.591781 3.102482
v -3.456460 0.657116 3.004701
v -3.456460 0.384090 2.963707
v -3.456460 0.449425 2.865926
v -2.080540 0.591781 3.102482
v -2.080540 0.657116 3.004701
v -2.080540 0.384090 2.963707
v -2.080540 0.449425 2.865926
v -3.456460 0.282543 2.862160
v -3.456460 0.380324 2.796825
v -3.456460 0.143769 2.654469
v -3.456460 0.241549 2.589134
v -2.080540 0.282543 2.862160
v -2.080540 0.380324 2.796825
v -2.080540 0.143769 2.654469
v -2.080540 0.241550 2.589134
v -3.456460 0.088812 2.521793
v -3.456460 0.204153 2.498850
v -3.456460 0.040081 2.276804
v -3.456460 0.155421 2.253862
v -2.080540 0.088812 2.521792
v -2.080540 0.204153 2.498850
v -2.080540 0.040081 2.276804
v -2.080540 0.155421 2.253861
v -3.456460 0.026950 2.138850
v -3.456460 0.144550 2.138850
v -3.456460 0.026950 1.870241
v -3.456460 0.144550 1.870241
v -2.080540 0.026950 2.138850
v -2.080540 0.144550 2.138850
v -2.080540 0.026950 1.870241
v -2.080540 0.144550 1.870241
v -3.456460 0.026950 1.737941
v -3.456460 0.144550 1.737941
v -3.456460 0.026950 1.469332
v -3.456460 0.144550 1.469332
v -2.080540 0.026950 1.737941
v -2.080540 0.144550 1.737941
v -2.080540 0.026950 1.469332
v -2.080540 0.144550 1.469332
v -3.456460 0.026950 1.337032
v -3.456460 0.144550 1.337032
v -3.456460 0.026950 1.068423
v -3.456460 0.144550 1.068423
v -2.080540 0.026950 1.337032
v -2.080540 0.144550 1.337032
v -2.080540 0.026950 1.068423
v -2.080540 0.144550 1.068423
v -3.456460 0.026950 0.936123
v -3.456460 0.144550 0.936123
v -3.456460 0.026950 0.667514
v -3.456460 0.144550 0.667514
v -2.080540 0.026950 0.936123
v -2.080540 0.144550 0.936123
v -2.080540 0.026950 0.667513
v -2.080540 0.144550 0.667514
v -3.456460 0.026950 0.535214
v -3.456460 0.144550 0.535214
v -3.456460 0.026950 0.266604
v -3.456460 0.144550 0.266605
v -2.080540 0.026950 0.535214
v -2.080540 0.144550 0.535214
v -2.080540 0.026950 0.266604
v -2.080540 0.144550 0.266604
v -3.456460 0.026950 0.134305
v -3.456460 0.144550 0.134305
v -3.456460 0.026950 -0.134305
v -3.456460 0.144550 -0.134305
v -2.080540 0.026950 0.134305
v -2.080540 0.144550 0.134305
v -2.080540 0.026950 -0.134305
v -2.080540 0.144550 -0.134305
v -3.456460 0.026950 -0.266604
v -3.456460 0.144550 -0.266604
v -3.456460 0.026950 -0.535214
v -3.456460 0.144550 -0.535214
v -2.080540 0.026950 -0.266605
v -2.080540 0.144550 -0.266605
v -2.080540 0.026950 -0.535214
v -2.080540 0.144550 -0.535214
v -3.456460 0.026950 -0.667514
v -3.456460 0.144550 -0.667514
v -3.456460 0.026950 -0.936123
v -3.456460 0.144550 -0.936123
v -2.080540 0.026950 -0.667514
v -2.080540 0.144550 -0.667514
v -2.080540 0.026950 -0.936123
v -2.080540 0.144550 -0.936123
v -3.456460 0.026950 -1.068423
v -3.456460 0.144550 -1.068423
v -3.456460 0.026950 -1.337032
v -3.456460 0.144550 -1.337032
v -2.080540 0.026950 -1.068423
v -2.080540 0.144550 -1.068423
v -2.080540 0.026950 -1.337032
v -2.080540 0.144550 -1.337032
v -3.456460 0.026950 -1.469332
v -3.456460 0.144550 -1.469332
v -3.456460 0.026950 -1.737941
v -3.456460 0.144550 -1.737941
v -2.080540 0.026950 -1.469332
v -2.080540 0.144550 -1.469332
v -2.080540 0.026950 -1.737941
v -2.080540 0.144550 -1.737941
v -3.456460 0.026950 -1.870241
v -3.456460 0.144550 -1.870241
v -3.456460 0.026950 -2.138850
v -3.456460 0.144550 -2.138850
v -2.080540 0.026950 -1.870241
v -2.080540 0.144550 -1.870241
v -2.080540 0.026950 -2.138850
v -2.080540 0.144550 -2.138850
v 2.131500 0.085750 -2.205000
v 2.131500 0.158484 -2.570654
v 2.131500 0.365610 -2.880641
v 2.131500 0.675596 -3.087767
v 2.131500 1.041250 -3.160500
v 2.131500 1.406904 -3.087767
v 2.131500 1.716891 -2.880641
v 2.131500 1.924017 -2.570654
v 2.131500 1.996750 -2.205000
v 2.131500 1.996750 2.205000
v 2.131500 1.924017 2.570654
v 2.131500 1.716891 2.880640
v 2.131500 1.406904 3.087767
v 2.131500 1.041250 3.160500
v 2.131500 0.675596 3.087767
v 2.131500 0.365610 2.880640
v 2.131500 0.158484 2.570654
v 2.131500 0.085750 2.205000
v 3.405499 0.085750 -2.205000
v 3.405500 0.158483 -2.570654
v 3.405500 0.365610 -2.880640
v 3.405499 0.675596 -3.087767
v 3.405500 1.041250 -3.160500
v 3.405500 1.406904 -3.087767
v 3.405499 1.716891 -2.880640
v 3.405499 1.924017 -2.570654
v 3.405499 1.996750 -2.205000
v 3.405500 1.996750 2.205000
v 3.405500 1.924017 2.570654
v 3.405499 1.716891 2.880640
v 3.405500 1.406904 3.087767
v 3.405500 1.041250 3.160500
v 3.405499 0.675596 3.087767
v 3.405500 0.365610 2.880640
v 3.405500 0.158484 2.570654
v 3.405500 0.085750 2.205000
v 2.188830 1.041250 1.431045
v 3.348170 1.041250 1.431045
v 2.188830 0.654273 1.534735
v 3.348170 0.654273 1.534735
v 2.188830 0.370986 1.818022
v 3.348171 0.370986 1.818022
v 2.188830 0.267295 2.205000
v 3.348170 0.267295 2.205000
v 2.188830 0.370986 2.591978
v 3.348170 0.370986 2.591977
v 2.188830 0.654273 2.875265
v 3.348170 0.654273 2.875264
v 2.188830 1.041250 2.978955
v 3.348170 1.041250 2.978954
v 2.188830 1.428228 2.875264
v 3.348170 1.428228 2.875265
v 2.188830 1.711515 2.591978
v 3.348170 1.711515 2.591977
v 2.188830 1.815205 2.205000
v 3.348170 1.815205 2.205000
v 2.188830 1.711515 1.818022
v 3.348170 1.711515 1.818022
v 2.188830 1.428228 1.534735
v 3.348170 1.428228 1.534735
v 2.114105 1.041250 1.880130
v 2.199855 1.041250 1.880130
v 2.114106 0.850296 1.942174
v 2.199855 0.850296 1.942174
v 2.114105 0.732280 2.104610
v 2.199855 0.732280 2.104609
v 2.114105 0.732280 2.305390
v 2.199855 0.732280 2.305390
v 2.114105 0.850296 2.467825
v 2.199855 0.850296 2.467825
v 2.114105 1.041250 2.529870
v 2.199855 1.041250 2.529870
v 2.114105 1.232204 2.467825
v 2.199855 1.232204 2.467825
v 2.114105 1.350220 2.305390
v 2.199855 1.350220 2.305390
v 2.114105 1.350220 2.104609
v 2.199855 1.350220 2.104610
v 2.114105 1.232204 1.942175
v 2.199855 1.232204 1.942174
v 3.337145 1.041250 1.880130
v 3.422895 1.041250 1.880130
v 3.337145 0.850296 1.942174
v 3.422895 0.850296 1.942175
v 3.337145 0.732280 2.104609
v 3.422896 0.732280 2.104610
v 3.337145 0.732280 2.305390
v 3.422896 0.732281 2.305390
v 3.337145 0.850296 2.467825
v 3.422895 0.850296 2.467825
v 3.337145 1.041250 2.529870
v 3.422895 1.041250 2.529870
v 3.337145 1.232204 2.467825
v 3.422895 1.232204 2.467825
v 3.337145 1.350220 2.305390
v 3.422895 1.350220 2.305390
v 3.337145 1.350220 2.104609
v 3.422895 1.350220 2.104610
v 3.337145 1.232204 1.942175
v 3.422895 1.232204 1.942174
v 2.188830 1.041250 0.328545
v 3.348170 1.041250 0.328545
v 2.188830 0.654273 0.432235
v 3.348170 0.654273 0.432235
v 2.188829 0.370986 0.715523
v 3.348171 0.370986 0.715522
v 2.188830 0.267295 1.102500
v 3.348170 0.267295 1.102500
v 2.188830 0.370986 1.489477
v 3.348170 0.370986 1.489477
v 2.188830 0.654273 1.772764
v 3.348170 0.654273 1.772765
v 2.188830 1.041250 1.876455
v 3.348170 1.041250 1.876455
v 2.188830 1.428228 1.772765
v 3.348170 1.428228 1.772764
v 2.188830 1.711515 1.489477
v 3.348170 1.711515 1.489477
v 2.188830 1.815205 1.102500
v 3.348170 1.815205 1.102500
v 2.188830 1.711515 0.715522
v 3.348170 1.711515 0.715522
v 2.188830 1.428228 0.432235
v 3.348170 1.428228 0.432235
v 2.114105 1.041250 0.777630
v 2.199855 1.041250 0.777630
v 2.114105 0.850296 0.839674
v 2.199855 0.850296 0.839675
v 2.114105 0.732281 1.002110
v 2.199855 0.732280 1.002110
v 2.114105 0.732280 1.202890
v 2.199855 0.732280 1.202890
v 2.114105 0.850296 1.365325
v 2.199855 0.850296 1.365325
v 2.114105 1.041250 1.427370
v 2.199855 1.041250 1.427370
v 2.114105 1.232204 1.365325
v 2.199855 1.232204 1.365325
v 2.114105 1.350220 1.202890
v 2.199855 1.350220 1.202890
v 2.114105 1.350220 1.002109
v 2.199855 1.350220 1.002109
v 2.114105 1.232204 0.839675
v 2.199855 1.232204 0.839674
v 3.337145 1.041250 0.777630
v 3.422895 1.041250 0.777630
v 3.337145 0.850296 0.839674
v 3.422895 0.850297 0.839674
v 3.337146 0.732280 1.002110
v 3.422895 0.732280 1.002110
v 3.337144 0.732280 1.202890
v 3.422895 0.732280 1.202890
v 3.337145 0.850296 1.365325
v 3.422895 0.850296 1.365325
v 3.337145 1.041250 1.427370
v 3.422896 1.041250 1.427370
v 3.337145 1.232204 1.365325
v 3.422895 1.232204 1.365325
v 3.337145 1.350220 1.202890
v 3.422895 1.350220 1.202890
v 3.337145 1.350220 1.002110
v 3.422895 1.350220 1.002110
v 3.337145 1.232204 0.839674
v 3.422895 1.232204 0.839675
v 2.188830 1.041250 -0.773955
v 3.348170 1.041250 -0.773955
v 2.188830 0.654273 -0.670265
v 3.348170 0.654273 -0.670265
v 2.188830 0.370986 -0.386978
v 3.348170 0.370986 -0.386977
v 2.188830 0.267295 0.000000
v 3.348170 0.267295 0.000000
v 2.188830 0.370986 0.386977
v 3.348170 0.370986 0.386977
v 2.188830 0.654273 0.670265
v 3.348170 0.654273 0.670265
v 2.188830 1.041250 0.773955
v 3.348170 1.041250 0.773955
v 2.188830 1.428228 0.670265
v 3.348170 1.428228 0.670265
v 2.188830 1.711515 0.386977
v 3.348170 1.711515 0.386978
v 2.188830 1.815205 0.000000
v 3.348170 1.815205 -0.000000
v 2.188830 1.711515 -0.386978
v 3.348170 1.711515 -0.386978
v 2.188830 1.428228 -0.670265
v 3.348170 1.428228 -0.670265
v 2.114105 1.041250 -0.324870
v 2.199855 1.041250 -0.324870
v 2.114105 0.850296 -0.262825
v 2.199855 0.850296 -0.262825
v 2.114105 0.732280 -0.100390
v 2.199855 0.732280 -0.100390
v 2.114105 0.732280 0.100390
v 2.199855 0.732280 0.100390
v 2.114105 0.850296 0.262825
v 2.199855 0.850296 0.262825
v 2.114105 1.041250 0.324870
v 2.199855 1.041250 0.324870
v 2.114105 1.232204 0.262825
v 2.199855 1.232204 0.262825
v 2.114105 1.350220 0.100390
v 2.199855 1.350220 0.100390
v 2.114105 1.350220 -0.100390
v 2.199855 1.350220 -0.100390
v 2.114105 1.232204 -0.262825
v 2.199855 1.232204 -0.262825
v 3.337145 1.041250 -0.324870
v 3.422896 1.041250 -0.324870
v 3.337144 0.850296 -0.262825
v 3.422895 0.850296 -0.262825
v 3.337145 0.732280 -0.100390
v 3.422895 0.732280 -0.100390
v 3.337145 0.732281 0.100390
v 3.422896 0.732280 0.100390
v 3.337145 0.850296 0.262825
v 3.422895 0.850296 0.262825
v 3.337145 1.041250 0.324870
v 3.422895 1.041250 0.324870
v 3.337145 1.232204 0.262825
v 3.422895 1.232204 0.262825
v 3.337145 1.350220 0.100390
v 3.422895 1.350220 0.100390
v 3.337145 1.350220 -0.100390
v 3.422894 1.350220 -0.100390
v 3.337145 1.232204 -0.262825
v 3.422895 1.232204 -0.262825
v 2.188830 1.041250 -1.876455
v 3.348170 1.041250 -1.876455
v 2.188830 0.654272 -1.772765
v 3.348170 0.654273 -1.772764
v 2.188830 0.370986 -1.489477
v 3.348170 0.370985 -1.489478
v 2.188830 0.267295 -1.102500
v 3.348170 0.267295 -1.102500
v 2.188830 0.370986 -0.715523
v 3.348171 0.370986 -0.715522
v 2.188830 0.654273 -0.432235
v 3.348170 0.654273 -0.432235
v 2.188830 1.041250 -0.328545
v 3.348170 1.041250 -0.328545
v 2.188830 1.428228 -0.432235
v 3.348170 1.428228 -0.432235
v 2.188830 1.711515 -0.715523
v 3.348170 1.711515 -0.715523
v 2.188830 1.815205 -1.102500
v 3.348170 1.815205 -1.102500
v 2.188830 1.711515 -1.489477
v 3.348170 1.711515 -1.489477
v 2.188830 1.428228 -1.772765
v 3.348170 1.428227 -1.772764
v 2.114105 1.041250 -1.427370
v 2.199855 1.041250 -1.427370
v 2.114106 0.850296 -1.365325
v 2.199855 0.850296 -1.365325
v 2.114105 0.732280 -1.202890
v 2.199855 0.732281 -1.202890
v 2.114105 0.732280 -1.002110
v 2.199855 0.732280 -1.002110
v 2.114105 0.850296 -0.839675
v 2.199855 0.850296 -0.839675
v 2.114105 1.041250 -0.777630
v 2.199855 1.041250 -0.777630
v 2.114105 1.232204 -0.839675
v 2.199855 1.232204 -0.839675
v 2.114105 1.350220 -1.002110
v 2.199855 1.350220 -1.002110
v 2.114105 1.350220 -1.202890
v 2.199855 1.350220 -1.202890
v 2.114105 1.232204 -1.365325
v 2.199855 1.232204 -1.365325
v 3.337145 1.041250 -1.427370
v 3.422895 1.041250 -1.427370
v 3.337145 0.850296 -1.365325
v 3.422895 0.850296 -1.365325
v 3.337145 0.732281 -1.202890
v 3.422895 0.732281 -1.202890
v 3.337145 0.732280 -1.002110
v 3.422895 0.732281 -1.002110
v 3.337145 0.850296 -0.839675
v 3.422895 0.850296 -0.839675
v 3.337145 1.041250 -0.777630
v 3.422895 1.041250 -0.777630
v 3.337145 1.232204 -0.839674
v 3.422896 1.232204 -0.839675
v 3.337145 1.350220 -1.002110
v 3.422895 1.350220 -1.002110
v 3.337145 1.350220 -1.202890
v 3.422895 1.350220 -1.202890
v 3.337145 1.232204 -1.365325
v 3.422895 1.232204 -1.365325
v 2.188830 1.041250 -2.978955
v 3.348170 1.041250 -2.978955
v 2.188830 0.654273 -2.875265
v 3.348170 0.654273 -2.875265
v 2.188829 0.370986 -2.591977
v 3.348171 0.370985 -2.591978
v 2.188830 0.267295 -2.205000
v 3.348170 0.267296 -2.205000
v 2.188830 0.370986 -1.818022
v 3.348170 0.370986 -1.818022
v 2.188829 0.654273 -1.534735
v 3.348170 0.654272 -1.534735
v 2.188830 1.041250 -1.431045
v 3.348170 1.041250 -1.431045
v 2.188830 1.428228 -1.534735
v 3.348170 1.428228 -1.534735
v 2.188830 1.711515 -1.818022
v 3.348170 1.711515 -1.818022
v 2.188830 1.815205 -2.205000
v 3.348171 1.815205 -2.205000
v 2.188830 1.711515 -2.591977
v 3.348170 1.711515 -2.591977
v 2.188830 1.428228 -2.875265
v 3.348170 1.428228 -2.875265
v 2.114105 1.041250 -2.529870
v 2.199855 1.041250 -2.529870
v 2.114105 0.850296 -2.467825
v 2.199855 0.850296 -2.467825
v 2.114105 0.732280 -2.305390
v 2.199855 0.732280 -2.305390
v 2.114105 0.732280 -2.104609
v 2.199855 0.732280 -2.104609
v 2.114105 0.850296 -1.942175
v 2.199855 0.850296 -1.942174
v 2.114105 1.041250 -1.880130
v 2.199855 1.041250 -1.880130
v 2.114105 1.232204 -1.942174
v 2.199855 1.232204 -1.942174
v 2.114105 1.350220 -2.104609
v 2.199855 1.350220 -2.104609
v 2.114105 1.350220 -2.305390
v 2.199855 1.350220 -2.305390
v 2.114105 1.232204 -2.467825
v 2.199855 1.232204 -2.467825
v 3.337145 1.041250 -2.529870
v 3.422895 1.041250 -2.529870
v 3.337145 0.850296 -2.467825
v 3.422895 0.850296 -2.467825
v 3.337145 0.732280 -2.305390
v 3.422895 0.732280 -2.305390
v 3.337145 0.732280 -2.104609
v 3.422895 0.732280 -2.104609
v 3.337145 0.850296 -1.942174
v 3.422895 0.850296 -1.942174
v 3.337145 1.041250 -1.880130
v 3.422895 1.041250 -1.880130
v 3.337144 1.232204 -1.942174
v 3.422895 1.232204 -1.942174
v 3.337144 1.350220 -2.104609
v 3.422895 1.350220 -2.104610
v 3.337145 1.350220 -2.305390
v 3.422895 1.350220 -2.305390
v 3.337145 1.232204 -2.467825
v 3.422896 1.232204 -2.467825
v 2.080540 0.040081 -2.276804
v 2.080540 0.155421 -2.253861
v 2.080540 0.088812 -2.521792
v 2.080540 0.204152 -2.498850
v 3.456460 0.040081 -2.276804
v 3.456460 0.155421 -2.253862
v 3.456460 0.088812 -2.521792
v 3.456460 0.204153 -2.498850
v 2.080540 0.143769 -2.654469
v 2.080540 0.241549 -2.589134
v 2.080540 0.282543 -2.862160
v 2.080540 0.380324 -2.796825
v 3.456460 0.143769 -2.654469
v 3.456460 0.241549 -2.589134
v 3.456460 0.282543 -2.862160
v 3.456460 0.380324 -2.796825
v 2.080540 0.384090 -2.963707
v 2.080540 0.449425 -2.865926
v 2.080540 0.591781 -3.102481
v 2.080540 0.657116 -3.004701
v 3.456460 0.384090 -2.963707
v 3.456460 0.449425 -2.865926
v 3.456460 0.591781 -3.102482
v 3.456460 0.657116 -3.004701
v 2.080540 0.724458 -3.157438
v 2.080540 0.747400 -3.042097
v 2.080540 0.969446 -3.206169
v 2.080540 0.992389 -3.090829
v 3.456460 0.724458 -3.157438
v 3.456460 0.747400 -3.042098
v 3.456460 0.969446 -3.206169
v 3.456460 0.992388 -3.090829
v 2.080540 1.113055 -3.206169
v 2.080540 1.090112 -3.090829
v 2.080540 1.358043 -3.157438
v 2.080540 1.335100 -3.042098
v 3.456460 1.113055 -3.206169
v 3.456460 1.090112 -3.090829
v 3.456460 1.358043 -3.157438
v 3.456460 1.335100 -3.042098
v 2.080540 1.490720 -3.102481
v 2.080540 1.425384 -3.004701
v 2.080540 1.698410 -2.963707
v 2.080540 1.633075 -2.865926
v 3.456460 1.490720 -3.102482
v 3.456460 1.425384 -3.004701
v 3.456460 1.698411 -2.963707
v 3.456460 1.633075 -2.865926
v 2.080540 1.799957 -2.862160
v 2.080540 1.702176 -2.796825
v 2.080540 1.938731 -2.654469
v 2.080540 1.840951 -2.589134
v 3.456460 1.799957 -2.862160
v 3.456460 1.702176 -2.796825
v 3.456460 1.938732 -2.654469
v 3.456460 1.840951 -2.589134
v 2.080540 1.993688 -2.521793
v 2.080540 1.878348 -2.498850
v 2.080540 2.042419 -2.276804
v 2.080540 1.927079 -2.253861
v 3.456460 1.993688 -2.521793
v 3.456460 1.878348 -2.498850
v 3.456461 2.042419 -2.276804
v 3.456460 1.927079 -2.253861
v 2.080540 2.055550 -2.138850
v 2.080540 1.937950 -2.138850
v 2.080540 2.055550 -1.870241
v 2.080540 1.937950 -1.870241
v 3.456460 2.055550 -2.138850
v 3.456460 1.937950 -2.138850
v 3.456460 2.055550 -1.870241
v 3.456460 1.937950 -1.870241
v 2.080540 2.055550 -1.737941
v 2.080540 1.937950 -1.737941
v 2.080540 2.055550 -1.469332
v 2.080540 1.937950 -1.469332
v 3.456460 2.055550 -1.737941
v 3.456460 1.937950 -1.737941
v 3.456460 2.055550 -1.469332
v 3.456460 1.937950 -1.469332
v 2.080540 2.055550 -0.266604
v 2.080540 1.937950 -0.266605
v 3.456460 2.055550 -0.266605
v 3.456460 1.937950 -0.266605
v 2.080540 2.055550 -0.134305
v 2.080540 1.937950 -0.134305
v 2.080540 2.055550 0.134305
v 2.080540 1.937950 0.134304
v 3.456460 2.055550 -0.134305
v 3.456460 1.937950 -0.134305
v 3.456460 2.055550 0.134305
v 3.456460 1.937950 0.134305
v 2.080540 2.055550 0.266605
v 2.080540 1.937950 0.266604
v 2.080540 2.055550 0.535214
v 2.080540 1.937950 0.535214
v 3.456460 2.055550 0.266604
v 3.456460 1.937950 0.266604
v 3.456460 2.055550 0.535214
v 3.456460 1.937950 0.535213
v 2.080540 2.055550 0.667514
v 2.080540 1.937950 0.667514
v 2.080540 2.055550 0.936123
v 2.080540 1.937950 0.936123
v 3.456460 2.055550 0.667513
v 3.456460 1.937950 0.667513
v 3.456460 2.055550 0.936123
v 3.456460 1.937950 0.936123
v 2.080540 2.055550 1.068423
v 2.080540 1.937950 1.068423
v 2.080540 2.055550 1.337032
v 2.080540 1.937950 1.337032
v 3.456460 2.055550 1.068423
v 3.456460 1.937950 1.068423
v 3.456460 2.055550 1.337032
v 3.456460 1.937950 1.337032
v 2.080540 2.055550 1.469332
v 2.080540 1.937950 1.469332
v 2.080540 2.055550 1.737941
v 2.080540 1.937950 1.737941
v 3.456460 2.055550 1.469332
v 3.456460 1.937950 1.469332
v 3.456460 2.055550 1.737941
v 3.456460 1.937950 1.737941
v 2.080540 2.055550 1.870241
v 2.080540 1.937950 1.870241
v 2.080540 2.055550 2.138850
v 2.080540 1.937950 2.138850
v 3.456460 2.055550 1.870241
v 3.456460 1.937950 1.870241
v 3.456460 2.055550 2.138850
v 3.456460 1.937950 2.138849
v 2.080540 2.042419 2.276804
v 2.080540 1.927079 2.253862
v 2.080540 1.993688 2.521793
v 2.080540 1.878348 2.498850
v 3.456460 2.042420 2.276804
v 3.456460 1.927079 2.253861
v 3.456460 1.993688 2.521792
v 3.456460 1.878348 2.498850
v 2.080540 1.938732 2.654469
v 2.080540 1.840951 2.589134
v 2.080540 1.799957 2.862160
v 2.080540 1.702176 2.796825
v 3.456460 1.938732 2.654469
v 3.456460 1.840951 2.589134
v 3.456460 1.799957 2.862160
v 3.456460 1.702176 2.796825
v 2.080540 1.698411 2.963707
v 2.080540 1.633075 2.865926
v 2.080540 1.490720 3.102482
v 2.080540 1.425384 3.004701
v 3.456460 1.698411 2.963707
v 3.456460 1.633075 2.865926
v 3.456460 1.490720 3.102482
v 3.456460 1.425384 3.004701
v 2.080540 1.358042 3.157438
v 2.080540 1.335100 3.042098
v 2.080540 1.113054 3.206169
v 2.080540 1.090112 3.090829
v 3.456460 1.358043 3.157438
v 3.456460 1.335100 3.042098
v 3.456460 1.113054 3.206169
v 3.456460 1.090112 3.090828
v 2.080540 0.969446 3.206169
v 2.080540 0.992388 3.090829
v 2.080540 0.724458 3.157438
v 2.080540 0.747400 3.042098
v 3.456460 0.969446 3.206169
v 3.456460 0.992389 3.090829
v 3.456460 0.724458 3.157438
v 3.456460 0.747401 3.042098
v 2.080540 0.591781 3.102482
v 2.080540 0.657116 3.004701
v 2.080540 0.384090 2.963707
v 2.080540 0.449425 2.865926
v 3.456460 0.591781 3.102481
v 3.456460 0.657116 3.004701
v 3.456460 0.384090 2.963707
v 3.456460 0.449425 2.865926
v 2.080540 0.282543 2.862160
v 2.080540 0.380324 2.796825
v 2.080540 0.143769 2.654469
v 2.080540 0.241549 2.589134
v 3.456460 0.282544 2.862160
v 3.456460 0.380324 2.796825
v 3.456460 0.143769 2.654469
v 3.456460 0.241549 2.589134
v 2.080540 0.088812 2.521793
v 2.080540 0.204152 2.498850
v 2.080540 0.040081 2.276804
v 2.080540 0.155421 2.253861
v 3.456460 0.088812 2.521792
v 3.456460 0.204153 2.498850
v 3.456460 0.040081 2.276804
v 3.456460 0.155421 2.253861
v 2.080540 0.026950 2.138850
v 2.080540 0.144550 2.138850
v 2.080540 0.026950 1.870241
v 2.080540 0.144550 1.870241
v 3.456460 0.026950 2.138850
v 3.456460 0.144551 2.138850
v 3.456460 0.026950 1.870241
v 3.456460 0.144550 1.870241
v 2.080540 0.026950 1.737941
v 2.080540 0.144550 1.737941
v 2.080540 0.026950 1.469332
v 2.080540 0.144550 1.469332
v 3.456460 0.026950 1.737941
v 3.456460 0.144550 1.737941
v 3.456460 0.026950 1.469332
v 3.456460 0.144550 1.469332
v 2.080540 0.026950 1.337032
v 2.080540 0.144550 1.337032
v 2.080540 0.026950 1.068423
v 2.080540 0.144550 1.068423
v 3.456460 0.026950 1.337032
v 3.456460 0.144550 1.337032
v 3.456460 0.026950 1.068423
v 3.456460 0.144550 1.068423
v 2.080540 0.026950 0.936123
v 2.080540 0.144550 0.936123
v 2.080540 0.026951 0.667513
v 2.080540 0.144550 0.667514
v 3.456460 0.026950 0.936123
v 3.456460 0.144550 0.936123
v 3.456460 0.026950 0.667514
v 3.456460 0.144550 0.667513
v 2.080540 0.026950 0.535214
v 2.080540 0.144550 0.535214
v 2.080540 0.026950 0.266605
v 2.080540 0.144550 0.266605
v 3.456460 0.026950 0.535214
v 3.456460 0.144550 0.535214
v 3.456460 0.026950 0.266605
v 3.456460 0.144550 0.266605
v 2.080540 0.026950 0.134305
v 2.080540 0.144550 0.134305
v 2.080540 0.026950 -0.134305
v 2.080540 0.144550 -0.134305
v 3.456460 0.026950 0.134304
v 3.456460 0.144550 0.134305
v 3.456460 0.026950 -0.134305
v 3.456461 0.144550 -0.134305
v 2.080540 0.026950 -0.266605
v 2.080540 0.144550 -0.266605
v 2.080540 0.026950 -0.535214
v 2.080540 0.144550 -0.535214
v 3.456460 0.026950 -0.266605
v 3.456460 0.144550 -0.266605
v 3.456460 0.026950 -0.535214
v 3.456461 0.144550 -0.535214
v 2.080540 0.026950 -0.667514
v 2.080540 0.144550 -0.667514
v 2.080540 0.026950 -0.936123
v 2.080540 0.144550 -0.936123
v 3.456461 0.026950 -0.667514
v 3.456460 0.144550 -0.667514
v 3.456460 0.026950 -0.936123
v 3.456460 0.144550 -0.936123
v 2.080540 0.026950 -1.068423
v 2.080540 0.144550 -1.068423
v 2.080540 0.026950 -1.337032
v 2.080540 0.144550 -1.337032
v 3.456460 0.026950 -1.068423
v 3.456460 0.144550 -1.068423
v 3.456460 0.026950 -1.337032
v 3.456460 0.144551 -1.337032
v 2.080540 0.026950 -1.469332
v 2.080540 0.144550 -1.469332
v 2.080540 0.026950 -1.737941
v 2.080540 0.144550 -1.737941
v 3.456460 0.026950 -1.469332
v 3.456460 0.144550 -1.469332
v 3.456460 0.026950 -1.737941
v 3.456460 0.144550 -1.737941
v 2.080540 0.026950 -1.870241
v 2.080540 0.144550 -1.870241
v 2.080540 0.026950 -2.138850
v 2.080540 0.144550 -2.138850
v 3.456460 0.026950 -1.870241
v 3.456460 0.144550 -1.870241
v 3.456460 0.026950 -2.138850
v 3.456460 0.144550 -2.138850
v -1.911000 1.176000 3.430000
v 1.911000 1.176000 3.430000
v 2.156000 1.421000 3.430000
v 2.156000 1.690500 3.430000
v 1.911000 1.935500 3.430000
v -1.911000 1.935500 3.430000
v -2.156000 1.690500 3.430000
v -2.156000 1.421000 3.430000
v -2.058000 1.176000 1.837500
v 2.058000 1.176000 1.837500
v 2.303000 1.421000 1.837500
v 2.303000 2.131500 1.837500
v 2.058000 2.376500 1.837500
v -2.058000 2.376500 1.837500
v -2.303000 2.131500 1.837500
v -2.303000 1.421000 1.837500
v -1.960000 1.176000 -3.185000
v 1.960000 1.176000 -3.185000
v 2.205000 1.421000 -3.185000
v 2.204999 2.131500 -3.185000
v 1.960000 2.376500 -3.185000
v -1.960000 2.376500 -3.185000
v -2.205000 2.131500 -3.185000
v -2.205000 1.421000 -3.185000
v -1.194504 2.391927 2.707707
v 2.067266 1.510365 2.752987
v 1.565736 1.735928 2.737069
v 2.046078 2.555731 2.649261
v 2.180202 2.401871 2.662823
v -1.513868 2.775502 2.673700
v -1.309066 2.919573 2.656703
v -1.059964 2.215673 2.723492
v -1.644109 1.804589 1.663953
v 1.747178 1.673433 1.632891
v 2.282338 1.728806 1.620421
v 1.759783 3.296042 1.471297
v -1.163014 3.928809 1.446360
v -1.065374 2.233466 1.613757
v -1.675434 1.613136 -0.261811
v 1.719427 1.353370 -0.280124
v 2.267294 1.674428 -0.319191
v 1.731438 3.125749 -0.456610
v 1.994275 3.401872 -0.487500
v -0.635625 4.070821 -0.519846
v -1.620496 3.590178 -0.459217
v -1.412556 1.858717 -0.289662
v -2.675400 2.156000 1.891400
v -2.675400 2.224600 1.960000
v -2.744000 2.224600 1.891400
v -2.675400 2.430400 1.960000
v -2.675400 2.499000 1.891400
v -2.744000 2.430400 1.891400
v -2.675400 2.156000 -2.920400
v -2.744000 2.224600 -2.920400
v -2.675400 2.224600 -2.989000
v -2.675400 2.499000 -2.920400
v -2.675400 2.430400 -2.989000
v -2.744000 2.430400 -2.920400
v -2.322600 2.156000 1.891400
v -2.254000 2.224600 1.891400
v -2.322600 2.224600 1.960000
v -2.322600 2.499000 1.891400
v -2.322600 2.430400 1.960000
v -2.254000 2.430400 1.891400
v -2.322600 2.156000 -2.920400
v -2.322600 2.224600 -2.989000
v -2.254000 2.224600 -2.920400
v -2.322600 2.499000 -2.920400
v -2.254000 2.430400 -2.920400
v -2.322600 2.430400 -2.989000
v -1.862000 2.339750 -0.771750
v -1.862000 2.450000 -0.661500
v -1.972250 2.450000 -0.771750
v -1.862000 3.577000 -0.661500
v -1.862000 3.687250 -0.771750
v -1.972250 3.577000 -0.771750
v -1.862000 2.339750 -2.854250
v -1.972250 2.450000 -2.854250
v -1.862000 2.450000 -2.964500
v -1.862000 3.687250 -2.854250
v -1.862000 3.577000 -2.964500
v -1.972250 3.577000 -2.854250
v -1.029000 2.339750 -0.771750
v -0.918750 2.450000 -0.771750
v -1.029000 2.450000 -0.661500
v -1.029000 3.687250 -0.771750
v -1.029000 3.577000 -0.661500
v -0.918750 3.577000 -0.771750
v -1.029000 2.339750 -2.854250
v -1.029000 2.450000 -2.964500
v -0.918750 2.450000 -2.854250
v -1.029000 3.687250 -2.854250
v -0.918750 3.577000 -2.854250
v -1.029000 3.577000 -2.964500
v -2.011450 2.817500 -0.698250
v -2.011450 2.842000 -0.673750
v -2.035950 2.842000 -0.698250
v -2.011450 3.381000 -0.673750
v -2.011450 3.405500 -0.698250
v -2.035950 3.381000 -0.698250
v -2.011450 2.817500 -1.261750
v -2.035950 2.842000 -1.261750
v -2.011450 2.842000 -1.286250
v -2.011450 3.405500 -1.261750
v -2.011450 3.381000 -1.286250
v -2.035950 3.381000 -1.261750
v -2.001650 2.817500 -0.698250
v -1.977150 2.842000 -0.698250
v -2.001650 2.842000 -0.673750
v -2.001650 3.405500 -0.698250
v -2.001650 3.381000 -0.673750
v -1.977150 3.381000 -0.698250
v -2.001650 2.817500 -1.261750
v -2.001650 2.842000 -1.286250
v -1.977150 2.842000 -1.261750
v -2.001650 3.405500 -1.261750
v -1.977150 3.381000 -1.261750
v -2.001650 3.381000 -1.286250
v -2.100875 3.105375 -0.833000
v -2.100875 3.166625 -0.833000
v -2.100875 3.105375 -1.127000
v -2.100875 3.166625 -1.127000
v -2.015125 3.105375 -0.833000
v -2.015125 3.166625 -0.833000
v -2.015125 3.105375 -1.127000
v -2.015125 3.166625 -1.127000
v -2.011450 2.817500 -1.457750
v -2.011450 2.842000 -1.433250
v -2.035950 2.842000 -1.457750
v -2.011450 3.381000 -1.433250
v -2.011450 3.405500 -1.457750
v -2.035950 3.381000 -1.457750
v -2.011450 2.817500 -2.021250
v -2.035950 2.842000 -2.021250
v -2.011450 2.842000 -2.045750
v -2.011450 3.405500 -2.021250
v -2.011450 3.381000 -2.045750
v -2.035950 3.381000 -2.021250
v -2.001650 2.817500 -1.457750
v -1.977150 2.842000 -1.457750
v -2.001650 2.842000 -1.433250
v -2.001650 3.405500 -1.457750
v -2.001650 3.381000 -1.433250
v -1.977150 3.381000 -1.457750
v -2.001650 2.817500 -2.021250
v -2.001650 2.842000 -2.045750
v -1.977150 2.842000 -2.021250
v -2.001650 3.405500 -2.021250
v -1.977150 3.381000 -2.021250
v -2.001650 3.381000 -2.045750
v -2.100875 3.105375 -1.592500
v -2.100875 3.166625 -1.592500
v -2.100875 3.105375 -1.886500
v -2.100875 3.166625 -1.886500
v -2.015125 3.105375 -1.592500
v -2.015125 3.166625 -1.592500
v -2.015125 3.105375 -1.886500
v -2.015125 3.166625 -1.886500
v -2.011450 2.817500 -2.217250
v -2.011450 2.842000 -2.192750
v -2.035950 2.842000 -2.217250
v -2.011450 3.381000 -2.192750
v -2.011450 3.405500 -2.217250
v -2.035950 3.381000 -2.217250
v -2.011450 2.817500 -2.780750
v -2.035950 2.842000 -2.780750
v -2.011450 2.842000 -2.805250
v -2.011450 3.405500 -2.780750
v -2.011450 3.381000 -2.805250
v -2.035950 3.381000 -2.780750
v -2.001650 2.817500 -2.217250
v -1.977150 2.842000 -2.217250
v -2.001650 2.842000 -2.192750
v -2.001650 3.405500 -2.217250
v -2.001650 3.381000 -2.192750
v -1.977150 3.381000 -2.217250
v -2.001650 2.817500 -2.780750
v -2.001650 2.842000 -2.805250
v -1.977150 2.842000 -2.780750
v -2.001650 3.405500 -2.780750
v -1.977150 3.381000 -2.780750
v -2.001650 3.381000 -2.805250
v -2.100875 3.105375 -2.352000
v -2.100875 3.166625 -2.352000
v -2.100875 3.105375 -2.646000
v -2.100875 3.166625 -2.646000
v -2.015125 3.105375 -2.352000
v -2.015125 3.166625 -2.352000
v -2.015125 3.105375 -2.646000
v -2.015125 3.166625 -2.646000
v 2.322600 2.156000 1.891400
v 2.322600 2.224600 1.960000
v 2.254000 2.224600 1.891400
v 2.322600 2.430400 1.960000
v 2.322600 2.499000 1.891400
v 2.254000 2.430400 1.891400
v 2.322600 2.156000 -2.920400
v 2.254000 2.224600 -2.920400
v 2.322600 2.224600 -2.989000
v 2.322600 2.499000 -2.920400
v 2.322600 2.430400 -2.989000
v 2.254000 2.430400 -2.920400
v 2.675400 2.156000 1.891400
v 2.744000 2.224600 1.891400
v 2.675400 2.224600 1.960000
v 2.675400 2.499000 1.891400
v 2.675400 2.430400 1.960000
v 2.744000 2.430400 1.891400
v 2.675400 2.156000 -2.920400
v 2.675400 2.224600 -2.989000
v 2.744000 2.224600 -2.920400
v 2.675400 2.499000 -2.920400
v 2.744000 2.430400 -2.920400
v 2.675400 2.430400 -2.989000
v 1.029000 2.339750 -0.771750
v 1.029000 2.450000 -0.661500
v 0.918750 2.450000 -0.771750
v 1.028999 3.577000 -0.661500
v 1.028999 3.687250 -0.771750
v 0.918749 3.577000 -0.771750
v 1.029000 2.339750 -2.854250
v 0.918750 2.450000 -2.854250
v 1.029000 2.450000 -2.964500
v 1.029000 3.687250 -2.854250
v 1.029000 3.577000 -2.964500
v 0.918750 3.577000 -2.854250
v 1.862000 2.339750 -0.771750
v 1.972250 2.450000 -0.771750
v 1.861999 2.450000 -0.661500
v 1.862000 3.687250 -0.771750
v 1.862000 3.577000 -0.661500
v 1.972250 3.577000 -0.771750
v 1.862000 2.339750 -2.854250
v 1.862000 2.450000 -2.964500
v 1.972250 2.450000 -2.854250
v 1.862000 3.687250 -2.854250
v 1.972250 3.577000 -2.854250
v 1.862000 3.577000 -2.964500
v 2.001650 2.817500 -0.698250
v 2.001650 2.842000 -0.673750
v 1.977150 2.842000 -0.698250
v 2.001650 3.381000 -0.673750
v 2.001649 3.405500 -0.698250
v 1.977150 3.381000 -0.698250
v 2.001650 2.817500 -1.261750
v 1.977150 2.842000 -1.261750
v 2.001650 2.842000 -1.286250
v 2.001650 3.405500 -1.261750
v 2.001650 3.381000 -1.286250
v 1.977150 3.381000 -1.261750
v 2.011450 2.817500 -0.698250
v 2.035950 2.842000 -0.698250
v 2.011450 2.842000 -0.673750
v 2.011450 3.405500 -0.698250
v 2.011450 3.381000 -0.673750
v 2.035950 3.381000 -0.698250
v 2.011450 2.817500 -1.261750
v 2.011450 2.842000 -1.286250
v 2.035950 2.842000 -1.261750
v 2.011450 3.405500 -1.261750
v 2.035950 3.381000 -1.261750
v 2.011450 3.381000 -1.286250
v 2.015124 3.105375 -0.833000
v 2.015125 3.166625 -0.833000
v 2.015125 3.105375 -1.127000
v 2.015125 3.166625 -1.127000
v 2.100875 3.105375 -0.833000
v 2.100874 3.166625 -0.833000
v 2.100874 3.105375 -1.127000
v 2.100875 3.166625 -1.127000
v 2.001650 2.817500 -1.457750
v 2.001650 2.842000 -1.433250
v 1.977150 2.842000 -1.457750
v 2.001650 3.381000 -1.433250
v 2.001650 3.405500 -1.457750
v 1.977150 3.381000 -1.457750
v 2.001650 2.817500 -2.021250
v 1.977150 2.842000 -2.021250
v 2.001650 2.842000 -2.045750
v 2.001650 3.405500 -2.021250
v 2.001650 3.381000 -2.045750
v 1.977150 3.381000 -2.021250
v 2.011450 2.817500 -1.457750
v 2.035950 2.842000 -1.457750
v 2.011450 2.842000 -1.433250
v 2.011450 3.405500 -1.457750
v 2.011450 3.381000 -1.433250
v 2.035950 3.381000 -1.457750
v 2.011450 2.817500 -2.021250
v 2.011450 2.842000 -2.045750
v 2.035950 2.842000 -2.021250
v 2.011450 3.405500 -2.021250
v 2.035950 3.381000 -2.021250
v 2.011450 3.381000 -2.045750
v 2.015125 3.105375 -1.592500
v 2.015125 3.166625 -1.592500
v 2.015125 3.105375 -1.886500
v 2.015125 3.166625 -1.886500
v 2.100875 3.105375 -1.592500
v 2.100875 3.166625 -1.592500
v 2.100875 3.105375 -1.886500
v 2.100875 3.166625 -1.886500
v 2.001650 2.817500 -2.217250
v 2.001650 2.842000 -2.192750
v 1.977150 2.842000 -2.217250
v 2.001650 3.381000 -2.192750
v 2.001650 3.405500 -2.217250
v 1.977150 3.381000 -2.217250
v 2.001650 2.817500 -2.780750
v 1.977150 2.842000 -2.780750
v 2.001650 2.842000 -2.805250
v 2.001650 3.405500 -2.780750
v 2.001650 3.381000 -2.805250
v 1.977150 3.381000 -2.780750
v 2.011450 2.817500 -2.217250
v 2.035950 2.842000 -2.217250
v 2.011450 2.842000 -2.192750
v 2.011450 3.405500 -2.217250
v 2.011450 3.381000 -2.192750
v 2.035950 3.381000 -2.217250
v 2.011450 2.817500 -2.780750
v 2.011450 2.842000 -2.805250
v 2.035950 2.842000 -2.780750
v 2.011450 3.405500 -2.780750
v 2.035950 3.381000 -2.780750
v 2.011450 3.381000 -2.805250
v 2.015125 3.105375 -2.352000
v 2.015125 3.166625 -2.352000
v 2.015125 3.105375 -2.646000
v 2.015125 3.166625 -2.646000
v 2.100875 3.105375 -2.352000
v 2.100875 3.166625 -2.352000
v 2.100875 3.105375 -2.646000
v 2.100875 3.166625 -2.646000
v -0.556150 3.185000 -1.122100
v -0.556150 3.229100 -1.078000
v -0.600250 3.229100 -1.122100
v -0.556150 3.287900 -1.078000
v -0.556150 3.332000 -1.122100
v -0.600250 3.287900 -1.122100
v -0.556150 3.185000 -2.062900
v -0.600250 3.229100 -2.062900
v -0.556150 3.229100 -2.107000
v -0.556150 3.332000 -2.062900
v -0.556150 3.287900 -2.107000
v -0.600250 3.287900 -2.062900
v 0.556150 3.185000 -1.122100
v 0.600250 3.229100 -1.122100
v 0.556150 3.229100 -1.078000
v 0.556150 3.332000 -1.122100
v 0.556150 3.287900 -1.078000
v 0.600250 3.287900 -1.122100
v 0.556150 3.185000 -2.062900
v 0.556150 3.229100 -2.107000
v 0.600250 3.229100 -2.062900
v 0.556150 3.332000 -2.062900
v 0.600250 3.287900 -2.062900
v 0.556150 3.287900 -2.107000
v -0.552230 3.313625 -1.161300
v -0.552230 3.399375 -1.161300
v -0.552230 3.313625 -1.239700
v -0.552230 3.399375 -1.239700
v 0.552230 3.313625 -1.161300
v 0.552230 3.399375 -1.161300
v 0.552230 3.313625 -1.239700
v 0.552230 3.399375 -1.239700
v -0.552230 3.313625 -1.357300
v -0.552230 3.399375 -1.357300
v -0.552230 3.313625 -1.435700
v -0.552230 3.399375 -1.435700
v 0.552230 3.313625 -1.357300
v 0.552230 3.399375 -1.357300
v 0.552230 3.313625 -1.435700
v 0.552230 3.399375 -1.435700
v -0.552230 3.313625 -1.553300
v -0.552230 3.399375 -1.553300
v -0.552230 3.313625 -1.631700
v -0.552230 3.399375 -1.631700
v 0.552230 3.313625 -1.553300
v 0.552230 3.399375 -1.553300
v 0.552230 3.313625 -1.631700
v 0.552230 3.399375 -1.631700
v -0.552230 3.313625 -1.749300
v -0.552230 3.399375 -1.749300
v -0.552230 3.313625 -1.827700
v -0.552230 3.399375 -1.827700
v 0.552230 3.313625 -1.749300
v 0.552230 3.399375 -1.749300
v 0.552230 3.313625 -1.827700
v 0.552230 3.399375 -1.827700
v -0.552230 3.313625 -1.945300
v -0.552230 3.399375 -1.945300
v -0.552230 3.313625 -2.023700
v -0.552230 3.399375 -2.023700
v 0.552230 3.313625 -1.945300
v 0.552230 3.399375 -1.945300
v 0.552230 3.313625 -2.023700
v 0.552230 3.399375 -2.023700
v 0.000000 3.258500 -3.038000
v 0.000000 3.748500 -3.038000
v 0.294000 3.258500 -2.959223
v 0.294000 3.748500 -2.959223
v 0.509223 3.258500 -2.744000
v 0.509223 3.748500 -2.744000
v 0.588000 3.258500 -2.450000
v 0.588000 3.748500 -2.450000
v 0.509223 3.258500 -2.156000
v 0.509223 3.748500 -2.156000
v 0.294000 3.258500 -1.940777
v 0.294000 3.748500 -1.940777
v 0.000000 3.258500 -1.862000
v 0.000000 3.748500 -1.862000
v -0.294000 3.258500 -1.940777
v -0.294000 3.748500 -1.940777
v -0.509223 3.258500 -2.156000
v -0.509223 3.748500 -2.156000
v -0.588000 3.258500 -2.450000
v -0.588000 3.748500 -2.450000
v -0.509223 3.258500 -2.744000
v -0.509223 3.748500 -2.744000
v -0.294000 3.258500 -2.959223
v -0.294000 3.748500 -2.959223
v -0.107423 3.794884 -2.643556
v 2.158472 4.657601 -1.429266
v -0.055877 3.522336 -2.546105
v 2.210018 4.385053 -1.331814
v -0.162652 3.436594 -2.285944
v 2.103243 4.299312 -1.071653
v -0.320972 3.623400 -2.123235
v 1.944923 4.486117 -0.908944
v -0.372518 3.895947 -2.220686
v 1.893377 4.758665 -1.006396
v -0.265743 3.981689 -2.480847
v 2.000152 4.844407 -1.266556
v 2.181575 4.800189 -1.335944
v 3.302402 3.779676 1.053164
v 2.156260 4.572023 -1.421529
v 3.277087 3.551511 0.967579
v 1.950022 4.447091 -1.378139
v 3.070848 3.426579 1.010969
v 1.769098 4.550323 -1.249164
v 2.889925 3.529812 1.139944
v 1.794413 4.778489 -1.163579
v 2.915239 3.757977 1.225529
v 2.000651 4.903421 -1.206969
v 3.121478 3.882910 1.182139
v 0.086740 3.662329 -2.471399
v 1.728240 4.960829 -1.270899
v 0.171703 3.518621 -2.432133
v 1.813203 4.817122 -1.231634
v 0.133963 3.433292 -2.288235
v 1.775463 4.731792 -1.087735
v 0.011260 3.491671 -2.183601
v 1.652760 4.790171 -0.983101
v -0.073703 3.635378 -2.222867
v 1.567797 4.933879 -1.022367
v -0.035963 3.720707 -2.366765
v 1.605537 5.019207 -1.166265
v 0.856397 4.262042 -1.805792
v 1.958897 5.021542 -1.119792
v 0.903370 4.171155 -1.780658
v 2.005870 4.930655 -1.094658
v 0.879973 4.123113 -1.689867
v 1.982473 4.882612 -1.003866
v 0.809603 4.165958 -1.624208
v 1.912103 4.925458 -0.938208
v 0.762630 4.256845 -1.649342
v 1.865130 5.016345 -0.963342
v 0.786027 4.304887 -1.740134
v 1.888527 5.064387 -1.054134
v 1.518999 5.243001 -1.543500
v 2.156000 5.243001 -1.543500
v 1.518999 5.022501 -1.484417
v 2.156000 5.022501 -1.484417
v 1.518999 4.861083 -1.323000
v 2.155999 4.861083 -1.323000
v 1.519000 4.802000 -1.102500
v 2.156000 4.802001 -1.102500
v 1.518999 4.861084 -0.882000
v 2.156000 4.861083 -0.882000
v 1.519000 5.022501 -0.720583
v 2.156000 5.022500 -0.720583
v 1.518999 5.243001 -0.661500
v 2.156000 5.243001 -0.661500
v 1.519000 5.463500 -0.720583
v 2.156000 5.463500 -0.720583
v 1.519000 5.624918 -0.882000
v 2.156000 5.624918 -0.882000
v 1.519000 5.684000 -1.102500
v 2.156000 5.684000 -1.102500
v 1.518999 5.624918 -1.323000
v 2.156000 5.624918 -1.323000
v 1.518999 5.463500 -1.484417
v 2.156000 5.463500 -1.484417
v 2.894786 3.865012 0.944300
v 2.723286 3.252512 1.213800
v 2.985451 3.867210 1.006991
v 2.813951 3.254710 1.276491
v 3.079664 3.824198 0.969191
v 2.908164 3.211698 1.238691
v 3.083214 3.778988 0.868700
v 2.911714 3.166488 1.138200
v 2.992549 3.776790 0.806009
v 2.821049 3.164290 1.075508
v 2.898335 3.819802 0.843809
v 2.726836 3.207302 1.113309
v 3.573214 3.865012 0.944300
v 3.744714 3.252512 1.213800
v 3.569665 3.819802 0.843809
v 3.741165 3.207302 1.113309
v 3.475451 3.776790 0.806009
v 3.646951 3.164290 1.075509
v 3.384787 3.778988 0.868700
v 3.556286 3.166488 1.138200
v 3.388336 3.824198 0.969191
v 3.559836 3.211698 1.238691
v 3.482550 3.867210 1.006991
v 3.654049 3.254710 1.276491
v -3.515750 0.306250 -0.514500
v -3.515750 0.330750 -0.490000
v -3.540250 0.330750 -0.514500
v -3.515749 0.404250 -0.490000
v -3.515750 0.428750 -0.514500
v -3.540250 0.404250 -0.514500
v -3.515750 0.306250 -0.759500
v -3.540250 0.330750 -0.759500
v -3.515750 0.330750 -0.784000
v -3.515750 0.428750 -0.759500
v -3.515750 0.404250 -0.784000
v -3.540250 0.404250 -0.759500
v -2.217250 0.306250 -0.514500
v -2.192750 0.330750 -0.514500
v -2.217250 0.330750 -0.490000
v -2.217250 0.428750 -0.514500
v -2.217250 0.404250 -0.490000
v -2.192750 0.404250 -0.514500
v -2.217250 0.306250 -0.759500
v -2.217250 0.330750 -0.784000
v -2.192750 0.330750 -0.759500
v -2.217250 0.428750 -0.759500
v -2.192750 0.404250 -0.759500
v -2.217250 0.404250 -0.784000
v -3.494391 0.306250 -0.774369
v -3.491215 0.330750 -0.750076
v -3.518685 0.330750 -0.771193
v -3.491215 0.404250 -0.750076
v -3.494391 0.428750 -0.774369
v -3.518685 0.404250 -0.771193
v -3.526152 0.306250 -1.017301
v -3.550445 0.330750 -1.014125
v -3.529328 0.330750 -1.041595
v -3.526152 0.428750 -1.017301
v -3.529327 0.404250 -1.041595
v -3.550445 0.404250 -1.014125
v -2.206848 0.306250 -0.942699
v -2.182555 0.330750 -0.945875
v -2.203672 0.330750 -0.918405
v -2.206848 0.428750 -0.942699
v -2.203672 0.404250 -0.918405
v -2.182555 0.404250 -0.945875
v -2.238609 0.306250 -1.185631
v -2.241785 0.330750 -1.209925
v -2.214315 0.330750 -1.188807
v -2.238608 0.428750 -1.185631
v -2.214315 0.404250 -1.188807
v -2.241784 0.404250 -1.209925
v -3.462436 0.306250 -1.037708
v -3.456138 0.330750 -1.014031
v -3.486113 0.330750 -1.031409
v -3.456138 0.404250 -1.014031
v -3.462436 0.428750 -1.037708
v -3.486113 0.404250 -1.031409
v -3.525421 0.306250 -1.274473
v -3.549098 0.330750 -1.268175
v -3.531720 0.330750 -1.298150
v -3.525421 0.428750 -1.274473
v -3.531719 0.404250 -1.298150
v -3.549098 0.404250 -1.268175
v -2.207579 0.306250 -1.371527
v -2.183902 0.330750 -1.377825
v -2.201280 0.330750 -1.347850
v -2.207579 0.428750 -1.371527
v -2.201280 0.404250 -1.347850
v -2.183902 0.404250 -1.377825
v -2.270564 0.306250 -1.608292
v -2.276862 0.330750 -1.631969
v -2.246887 0.330750 -1.614591
v -2.270564 0.428750 -1.608292
v -2.246887 0.404250 -1.614591
v -2.276862 0.404250 -1.631969
v -3.420424 0.306250 -1.305861
v -3.411109 0.330750 -1.283201
v -3.443084 0.330750 -1.296547
v -3.411109 0.404250 -1.283201
v -3.420424 0.428750 -1.305861
v -3.443084 0.404250 -1.296547
v -3.513570 0.306250 -1.532464
v -3.536230 0.330750 -1.523149
v -3.522885 0.330750 -1.555124
v -3.513570 0.428750 -1.532464
v -3.522885 0.404250 -1.555124
v -3.536231 0.404250 -1.523149
v -2.219429 0.306250 -1.799536
v -2.196769 0.330750 -1.808851
v -2.210115 0.330750 -1.776876
v -2.219429 0.428750 -1.799536
v -2.210115 0.404250 -1.776876
v -2.196769 0.404250 -1.808851
v -2.312576 0.306250 -2.026139
v -2.321890 0.330750 -2.048799
v -2.289916 0.330750 -2.035453
v -2.312576 0.428751 -2.026139
v -2.289916 0.404250 -2.035453
v -2.321890 0.404250 -2.048799
v -2.409428 1.734976 0.125127
v -2.425867 1.758309 0.137685
v -2.440358 1.736074 0.121313
v -2.468575 1.803200 0.114518
v -2.480608 1.809794 0.086516
v -2.483066 1.780965 0.098147
v -2.271858 1.212314 -1.141267
v -2.302788 1.213412 -1.145080
v -2.283891 1.218907 -1.169269
v -2.343038 1.287132 -1.179878
v -2.326599 1.263798 -1.192436
v -2.345496 1.258303 -1.168247
v -1.682313 2.338868 -0.045122
v -1.679855 2.367697 -0.056753
v -1.698752 2.362202 -0.032564
v -1.753492 2.413687 -0.083733
v -1.741459 2.407093 -0.055731
v -1.722562 2.412588 -0.079920
v -1.544743 1.816207 -1.311516
v -1.556775 1.822800 -1.339518
v -1.542284 1.845035 -1.323147
v -1.615922 1.891025 -1.350127
v -1.584992 1.889926 -1.346313
v -1.599483 1.867691 -1.362685
v 1.544742 1.816207 2.291516
v 1.556775 1.822800 2.319518
v 1.542284 1.845035 2.303147
v 1.599483 1.867691 2.342685
v 1.615922 1.891025 2.330127
v 1.584992 1.889926 2.326313
v 1.682313 2.338869 1.025122
v 1.679855 2.367697 1.036753
v 1.698751 2.362202 1.012564
v 1.753492 2.413687 1.063733
v 1.741459 2.407093 1.035731
v 1.722562 2.412588 1.059920
v 2.271858 1.212314 2.121267
v 2.302788 1.213413 2.125080
v 2.283891 1.218907 2.149269
v 2.343037 1.287132 2.159877
v 2.326598 1.263798 2.172436
v 2.345496 1.258303 2.148247
v 2.409428 1.734976 0.854873
v 2.425867 1.758309 0.842315
v 2.440358 1.736075 0.858686
v 2.480607 1.809794 0.893484
v 2.483065 1.780965 0.881853
v 2.468574 1.803200 0.865481
v 1.167680 2.155310 1.078560
v 1.437179 2.694310 -0.685440
v 1.238635 2.182589 1.097735
v 1.508135 2.721589 -0.666265
v 1.246956 2.256779 1.121676
v 1.516456 2.795779 -0.642324
v 1.184320 2.303690 1.126440
v 1.453820 2.842690 -0.637560
v 1.113365 2.276412 1.107265
v 1.382864 2.815411 -0.656735
v 1.105044 2.202221 1.083324
v 1.374544 2.741221 -0.680676
v -0.686000 1.053500 0.918750
v -0.686000 1.176000 1.041250
v -0.808500 1.176000 0.918750
v -0.686000 1.911000 1.041250
v -0.686000 2.033500 0.918750
v -0.808500 1.911000 0.918750
v -0.686000 1.053500 -0.330750
v -0.808500 1.176000 -0.330750
v -0.686000 1.176000 -0.453250
v -0.686000 2.033500 -0.330750
v -0.686000 1.911000 -0.453250
v -0.808500 1.911000 -0.330750
v 0.686000 1.053500 0.918750
v 0.808500 1.176000 0.918750
v 0.686000 1.176000 1.041250
v 0.686000 2.033500 0.918750
v 0.686000 1.911000 1.041250
v 0.808500 1.911000 0.918750
v 0.686000 1.053500 -0.330750
v 0.686000 1.176000 -0.453250
v 0.808500 1.176000 -0.330750
v 0.686000 2.033500 -0.330750
v 0.808500 1.911000 -0.330750
v 0.686000 1.911000 -0.453250
v -0.906500 1.142925 1.078000
v -0.906500 1.209075 1.078000
v -0.906500 1.142925 -0.343000
v -0.906500 1.209075 -0.343000
v 0.906500 1.142925 1.078000
v 0.906500 1.209075 1.078000
v 0.906500 1.142925 -0.343000
v 0.906500 1.209075 -0.343000
v -0.906500 1.363425 1.078000
v -0.906500 1.429575 1.078000
v -0.906500 1.363425 -0.343000
v -0.906500 1.429575 -0.343000
v 0.906500 1.363425 1.078000
v 0.906500 1.429575 1.078000
v 0.906500 1.363425 -0.343000
v 0.906500 1.429575 -0.343000
v -0.906500 1.583925 1.078000
v -0.906500 1.650075 1.078000
v -0.906500 1.583925 -0.343000
v -0.906500 1.650075 -0.343000
v 0.906500 1.583925 1.078000
v 0.906500 1.650075 1.078000
v 0.906500 1.583925 -0.343000
v 0.906500 1.650075 -0.343000
v -0.906500 1.804425 1.078000
v -0.906500 1.870575 1.078000
v -0.906500 1.804425 -0.343000
v -0.906500 1.870575 -0.343000
v 0.906500 1.804425 1.078000
v 0.906500 1.870575 1.078000
v 0.906500 1.804425 -0.343000
v 0.906500 1.870575 -0.343000
v -2.608394 0.641446 -0.635881
v -2.629339 0.663432 -0.602612
v -2.652021 0.651947 -0.639794
v -2.680239 0.744062 -0.596466
v -2.693228 0.775829 -0.625637
v -2.702921 0.732577 -0.633648
v -2.393007 0.906298 -2.326560
v -2.436633 0.916799 -2.330473
v -2.405996 0.938065 -2.355731
v -2.477840 1.040681 -2.316316
v -2.456896 1.018695 -2.349585
v -2.487534 0.997429 -2.324327
v -1.677360 1.213319 -0.427684
v -1.667667 1.256571 -0.419673
v -1.698304 1.235305 -0.394415
v -1.762193 1.347702 -0.417440
v -1.749204 1.315935 -0.388268
v -1.718567 1.337201 -0.413527
v -1.461972 1.478171 -2.118363
v -1.474962 1.509938 -2.147534
v -1.452279 1.521423 -2.110353
v -1.546806 1.612554 -2.108119
v -1.503179 1.602053 -2.104206
v -1.525862 1.590568 -2.141388
v -1.026556 0.624899 2.003822
v -1.124557 0.820899 -2.210178
v -0.932348 0.682167 2.004295
v -1.030348 0.878166 -2.209705
v -0.934792 0.792269 2.009473
v -1.032792 0.988268 -2.204528
v -1.031443 0.845102 2.014178
v -1.129444 1.041101 -2.199822
v -1.125652 0.787834 2.013705
v -1.223652 0.983833 -2.200295
v -1.123208 0.677732 2.008528
v -1.221208 0.873732 -2.205473
v 1.677360 1.213319 -0.427684
v 1.698304 1.235305 -0.394415
v 1.667667 1.256571 -0.419673
v 1.749204 1.315935 -0.388268
v 1.762193 1.347703 -0.417440
v 1.718567 1.337201 -0.413527
v 1.461972 1.478171 -2.118363
v 1.452279 1.521423 -2.110353
v 1.474962 1.509939 -2.147534
v 1.546806 1.612555 -2.108119
v 1.525862 1.590569 -2.141387
v 1.503179 1.602053 -2.104206
v 2.608395 0.641446 -0.635881
v 2.652020 0.651947 -0.639794
v 2.629338 0.663432 -0.602612
v 2.693228 0.775829 -0.625637
v 2.680239 0.744062 -0.596466
v 2.702921 0.732577 -0.633648
v 2.393007 0.906298 -2.326560
v 2.405996 0.938065 -2.355731
v 2.436634 0.916799 -2.330473
v 2.477840 1.040681 -2.316316
v 2.487533 0.997429 -2.324327
v 2.456896 1.018695 -2.349585
v 1.026557 0.624899 2.003822
v 1.124556 0.820899 -2.210178
v 1.123208 0.677732 2.008528
v 1.221208 0.873732 -2.205473
v 1.125652 0.787834 2.013705
v 1.223652 0.983833 -2.200295
v 1.031444 0.845102 2.014178
v 1.129444 1.041101 -2.199822
v 0.934792 0.792268 2.009473
v 1.032792 0.988268 -2.204527
v 0.932348 0.682167 2.004295
v 1.030348 0.878167 -2.209705
vn 0.5838 -0.7472 -0.3175
vn 0.9838 0.1446 -0.1061
vn 0.4000 0.8918 0.2114
vn -0.5838 0.7472 0.3175
vn -0.1446 0.2891 -0.9463
vn -0.9838 -0.1446 0.1061
vn -0.4000 -0.8918 -0.2114
vn 0.1446 -0.2891 0.9463
vn -0.0000 -0.9808 -0.1951
vn -0.0000 -0.8315 -0.5556
vn -0.0000 -0.5556 -0.8315
vn -0.0000 -0.1951 -0.9808
vn -0.0000 0.1951 -0.9808
vn -0.0000 0.5556 -0.8315
vn -0.0000 0.8315 -0.5556
vn -0.0000 0.9808 -0.1951
vn -0.0000 1.0000 -0.0000
vn -0.0000 0.9808 0.1951
vn -0.0000 0.8315 0.5556
vn -0.0000 0.5556 0.8315
vn -0.0000 0.1951 0.9808
vn -0.0000 -0.1951 0.9808
vn -0.0000 -0.5556 0.8315
vn -0.0000 -0.8315 0.5556
vn -0.0000 -0.9808 0.1951
vn -0.0000 -1.0000 -0.0000
vn -0.0000 -0.2588 -0.9659
vn -0.0000 -0.7071 -0.7071
vn -0.0000 -0.9659 -0.2588
vn -0.0000 -0.9659 0.2588
vn -0.0000 -0.7071 0.7071
vn -0.0000 -0.2588 0.9659
vn -0.0000 0.2588 0.9659
vn -0.0000 0.7071 0.7071
vn -0.0000 0.9659 0.2588
vn -0.0000 0.9659 -0.2588
vn 1.0000 -0.0000 -0.0000
vn -0.0000 0.7071 -0.7071
vn -0.0000 0.2588 -0.9659
vn -1.0000 -0.0000 -0.0000
vn -0.0000 -0.3090 -0.9511
vn -0.0000 -0.8090 -0.5878
vn -0.0000 -0.8090 0.5878
vn -0.0000 -0.3090 0.9511
vn -0.0000 0.3090 0.9511
vn -0.0000 0.8090 0.5878
vn -0.0000 0.8090 -0.5878
vn -0.0000 0.3090 -0.9511
vn -0.0000 -0.0000 1.0000
vn -0.0000 -0.0000 -1.0000
vn 0.7056 -0.7056 0.0651
vn 0.9958 -0.0000 0.0919
vn 0.6842 0.6842 0.2526
vn -0.0000 0.9637 0.2669
vn -0.6842 0.6842 0.2526
vn -0.9958 -0.0000 0.0919
vn -0.7056 -0.7056 0.0651
vn 0.7070 -0.7070 -0.0138
vn 0.9998 -0.0000 -0.0195
vn 0.7070 0.7070 -0.0138
vn -0.7070 0.7070 -0.0138
vn -0.9998 -0.0000 -0.0195
vn -0.7070 -0.7070 -0.0138
vn 0.0129 0.0990 0.9950
vn -0.1466 -0.9596 0.2403
vn 0.9808 -0.1006 0.1669
vn 0.9800 0.0367 0.1955
vn -0.9798 -0.1541 -0.1276
vn -0.3362 0.9256 -0.1738
vn -0.0560 -0.9896 0.1327
vn 0.3308 -0.9396 0.0877
vn 0.9441 0.3282 -0.0297
vn -0.9738 -0.0654 0.2180
vn -0.6275 0.7769 -0.0528
vn -0.0129 -0.0990 -0.9950
vn -0.5773 -0.5774 0.5774
vn -0.5774 0.5774 0.5773
vn -0.5773 -0.5774 -0.5774
vn -0.5773 0.5773 -0.5774
vn 0.5773 -0.5774 0.5774
vn 0.5773 0.5773 0.5774
vn 0.5773 -0.5774 -0.5773
vn 0.5774 0.5773 -0.5774
vn -0.7071 -0.7071 -0.0000
vn -0.7071 -0.0000 0.7071
vn -0.7071 0.7071 -0.0000
vn -0.7071 -0.0000 -0.7071
vn 0.7071 -0.0000 -0.7071
vn 0.7071 -0.7071 -0.0000
vn 0.7071 0.7071 -0.0000
vn 0.7071 -0.0000 0.7071
vn -0.5774 -0.5774 0.5774
vn -0.5774 0.5774 0.5774
vn -0.5774 -0.5773 -0.5774
vn -0.5774 0.5773 -0.5774
vn 0.5774 -0.5773 0.5774
vn 0.5774 0.5774 0.5774
vn -0.5773 -0.5774 0.5773
vn -0.5774 0.5773 0.5773
vn -0.5774 -0.5774 -0.5773
vn 0.5774 0.5773 0.5774
vn 0.5773 -0.5773 -0.5774
vn 0.5773 0.5774 -0.5774
vn -0.5774 -0.5773 0.5774
vn -0.5773 0.5774 0.5774
vn 0.5774 -0.5774 0.5774
vn 0.5773 0.5773 -0.5774
vn -0.5773 0.5773 0.5774
vn -0.5773 -0.5773 -0.5774
vn 0.5773 -0.5773 0.5774
vn 0.5773 0.5774 0.5774
vn 0.5774 -0.5774 -0.5773
vn -0.5774 -0.5774 0.5773
vn -0.5774 -0.5773 -0.5773
vn -0.5774 0.5774 -0.5773
vn 0.5774 -0.5774 0.5773
vn -0.5773 -0.5773 0.5774
vn -0.5774 0.5773 0.5774
vn -0.5773 0.5774 -0.5774
vn 0.5773 0.5774 0.5773
vn 0.5774 -0.5773 -0.5774
vn 0.5774 0.5774 -0.5773
vn -0.5774 0.5773 -0.5773
vn -0.5773 0.5774 -0.5773
vn 0.5774 -0.5773 0.5773
vn 0.5774 -0.5774 -0.5774
vn 0.2588 -0.0000 -0.9659
vn 0.9659 -0.0000 -0.2588
vn 0.9659 -0.0000 0.2588
vn 0.2588 -0.0000 0.9659
vn -0.2588 -0.0000 0.9659
vn -0.9659 -0.0000 0.2588
vn -0.9659 -0.0000 -0.2588
vn -0.2588 -0.0000 -0.9659
vn 0.5206 -0.1985 -0.8304
vn 0.4121 -0.9021 -0.1282
vn -0.1085 -0.7036 0.7023
vn -0.5206 0.1985 0.8304
vn 0.8356 0.3182 0.4478
vn -0.4121 0.9021 0.1282
vn 0.1085 0.7036 -0.7023
vn -0.8356 -0.3182 -0.4478
vn 0.9124 0.0511 -0.4062
vn 0.3667 -0.7810 -0.5056
vn -0.5457 -0.8321 -0.0994
vn -0.9124 -0.0511 0.4062
vn 0.3961 -0.3607 0.8444
vn -0.3667 0.7809 0.5056
vn 0.5457 0.8321 0.0994
vn -0.3961 0.3607 -0.8444
vn 0.5401 0.0907 -0.8367
vn 0.6991 -0.6803 -0.2201
vn 0.1590 -0.7710 0.6166
vn -0.5401 -0.0907 0.8367
vn 0.6803 0.5382 0.4975
vn -0.6991 0.6803 0.2201
vn -0.1590 0.7710 -0.6166
vn -0.6803 -0.5382 -0.4975
vn 0.5139 0.0285 -0.8574
vn 0.6431 -0.7329 -0.2221
vn 0.1292 -0.7614 0.6353
vn -0.5139 -0.0285 0.8574
vn 0.7329 0.5049 0.4560
vn -0.6431 0.7329 0.2221
vn -0.1292 0.7614 -0.6353
vn -0.7329 -0.5049 -0.4560
vn -0.5120 0.4620 0.7242
vn 0.4562 0.2483 0.8545
vn 0.9682 -0.2137 0.1304
vn 0.5120 -0.4620 -0.7242
vn -0.2483 -0.8867 0.3901
vn -0.4562 -0.2483 -0.8545
vn -0.9682 0.2137 -0.1304
vn 0.2483 0.8867 -0.3901
vn 0.9682 0.2137 -0.1303
vn 0.4562 -0.2483 -0.8545
vn -0.5120 -0.4620 -0.7242
vn -0.9682 -0.2137 0.1304
vn 0.2483 -0.8867 0.3901
vn -0.4562 0.2483 0.8545
vn 0.5120 0.4620 0.7242
vn -0.2483 0.8867 -0.3901
vn -0.4976 -0.5773 0.6473
vn -0.4976 0.5773 0.6473
vn -0.6473 -0.5773 -0.4976
vn -0.6473 0.5774 -0.4976
vn 0.6473 -0.5774 0.4976
vn 0.6473 0.5774 0.4976
vn 0.4976 -0.5774 -0.6473
vn 0.4976 0.5773 -0.6473
vn -0.7011 -0.7071 0.0917
vn -0.6095 -0.0000 0.7928
vn -0.7011 0.7071 0.0917
vn -0.7928 -0.0000 -0.6095
vn -0.0917 -0.7071 -0.7011
vn -0.0917 0.7071 -0.7011
vn 0.6095 -0.0000 -0.7928
vn 0.7011 -0.7071 -0.0917
vn 0.7011 0.7071 -0.0917
vn 0.7928 -0.0000 0.6095
vn 0.0917 -0.7071 0.7011
vn 0.0917 0.7071 0.7011
vn -0.9916 -0.0000 0.1296
vn 0.1296 -0.0000 0.9916
vn -0.1296 -0.0000 -0.9916
vn 0.9916 -0.0000 -0.1296
vn -0.4095 -0.5774 0.7064
vn -0.4095 0.5773 0.7064
vn -0.7064 -0.5773 -0.4095
vn -0.7064 0.5773 -0.4095
vn 0.7064 -0.5773 0.4095
vn 0.7064 0.5774 0.4095
vn 0.4095 -0.5773 -0.7064
vn 0.4095 0.5774 -0.7064
vn -0.6833 -0.7071 0.1818
vn -0.5016 -0.0000 0.8651
vn -0.6833 0.7071 0.1818
vn -0.8651 -0.0000 -0.5016
vn -0.1818 -0.7071 -0.6833
vn -0.1818 0.7071 -0.6833
vn 0.5016 -0.0000 -0.8651
vn 0.6833 -0.7071 -0.1818
vn 0.6833 0.7071 -0.1818
vn 0.8651 -0.0000 0.5016
vn 0.1818 -0.7071 0.6833
vn 0.1818 0.7071 0.6833
vn -0.9664 -0.0000 0.2571
vn 0.2571 -0.0000 0.9664
vn -0.2571 -0.0000 -0.9664
vn 0.9664 -0.0000 -0.2571
vn -0.3145 -0.5774 0.7535
vn -0.3145 0.5773 0.7535
vn -0.7535 -0.5773 -0.3145
vn -0.7535 0.5774 -0.3145
vn 0.7535 -0.5774 0.3145
vn 0.7535 0.5773 0.3145
vn 0.3145 -0.5773 -0.7535
vn 0.3145 0.5773 -0.7535
vn -0.6540 -0.7071 0.2688
vn -0.3852 -0.0000 0.9228
vn -0.6540 0.7071 0.2688
vn -0.9228 -0.0000 -0.3852
vn -0.2688 -0.7071 -0.6540
vn -0.2688 0.7071 -0.6540
vn 0.3852 -0.0000 -0.9228
vn 0.6540 -0.7071 -0.2688
vn 0.6540 0.7071 -0.2688
vn 0.9228 -0.0000 0.3852
vn 0.2688 -0.7071 0.6540
vn 0.2688 0.7071 0.6540
vn -0.9249 -0.0000 0.3802
vn 0.3802 -0.0000 0.9249
vn -0.3802 -0.0000 -0.9249
vn 0.9249 -0.0000 -0.3802
vn -0.1220 -0.5357 0.8356
vn -0.8675 0.2479 0.4312
vn -0.0067 -0.9740 -0.2265
vn -0.7522 -0.1904 -0.6309
vn 0.7522 0.1904 0.6309
vn 0.0067 0.9740 0.2265
vn 0.8675 -0.2479 -0.4312
vn 0.1220 0.5357 -0.8356
vn -0.0788 -0.9245 0.3730
vn -0.6060 -0.1762 0.7757
vn -0.9919 0.0352 -0.1223
vn -0.4647 -0.7130 -0.5250
vn 0.5272 -0.7483 -0.4027
vn -0.3859 0.2114 -0.8980
vn 0.6060 0.1762 -0.7757
vn 0.9919 -0.0352 0.1223
vn 0.0788 0.9245 -0.3730
vn 0.4647 0.7130 0.5250
vn 0.3859 -0.2114 0.8980
vn -0.5272 0.7483 0.4027
vn 0.6456 -0.6786 0.3502
vn -0.7571 -0.6288 0.1773
vn -0.0999 0.3796 0.9197
vn -0.6456 0.6786 -0.3502
vn 0.0999 -0.3796 -0.9197
vn 0.7571 0.6288 -0.1773
vn -0.8675 -0.2479 0.4312
vn -0.1220 0.5357 0.8356
vn -0.7522 0.1904 -0.6309
vn -0.0067 0.9740 -0.2265
vn 0.0067 -0.9740 0.2265
vn 0.7522 -0.1904 0.6309
vn 0.1220 -0.5357 -0.8356
vn 0.8675 0.2479 -0.4312
vn -0.9919 -0.0352 -0.1223
vn -0.6060 0.1762 0.7757
vn -0.0788 0.9245 0.3730
vn -0.4647 0.7130 -0.5250
vn -0.3859 -0.2114 -0.8980
vn 0.5272 0.7483 -0.4027
vn 0.6060 -0.1762 -0.7757
vn 0.0788 -0.9245 -0.3730
vn 0.9919 0.0352 0.1223
vn 0.4647 -0.7130 0.5250
vn -0.5272 -0.7483 0.4027
vn 0.3859 0.2114 0.8980
vn -0.6456 -0.6786 -0.3502
vn -0.7571 0.6288 0.1773
vn -0.0999 -0.3796 0.9197
vn 0.6456 0.6786 0.3502
vn 0.0999 0.3796 -0.9197
vn 0.7571 -0.6288 -0.1773
vn 0.4000 -0.8918 -0.2114
vn 0.9838 -0.1446 0.1061
vn 0.5838 0.7472 0.3175
vn -0.4000 0.8918 0.2114
vn 0.1446 0.2891 -0.9463
vn -0.9838 0.1446 -0.1061
vn -0.5838 -0.7472 -0.3175
vn -0.1446 -0.2891 0.9463
vn 0.5774 0.5774 0.5773
vn 0.5773 -0.5774 -0.5774
vn -0.2478 -0.8727 0.4207
vn -0.8629 0.1017 0.4950
vn -0.1036 -0.6954 -0.7111
vn -0.7187 0.2790 -0.6369
vn 0.7187 -0.2790 0.6369
vn 0.1036 0.6954 0.7111
vn 0.8629 -0.1017 -0.4950
vn 0.2478 0.8727 -0.4207
vn -0.2152 -0.9602 -0.1778
vn -0.6802 -0.4721 0.5608
vn -0.9686 0.2331 -0.0869
vn -0.5036 -0.2550 -0.8255
vn 0.4650 -0.4881 -0.7386
vn -0.2884 0.7053 -0.6476
vn 0.6802 0.4721 -0.5608
vn 0.9686 -0.2331 0.0869
vn 0.2152 0.9602 0.1778
vn 0.5036 0.2550 0.8255
vn 0.2884 -0.7053 0.6476
vn -0.4650 0.4881 0.7386
vn 0.5327 -0.8439 -0.0643
vn -0.8370 -0.5141 -0.1872
vn -0.1249 -0.1536 0.9802
vn -0.5327 0.8439 0.0643
vn 0.1249 0.1536 -0.9802
vn 0.8370 0.5141 0.1872
vn 0.5189 -0.8532 -0.0518
vn 0.9995 0.0232 -0.0222
vn 0.4805 0.8765 0.0296
vn -0.5189 0.8532 0.0518
vn -0.0232 0.0464 -0.9987
vn -0.9995 -0.0232 0.0222
vn -0.4805 -0.8765 -0.0296
vn 0.0232 -0.0464 0.9987
vn -0.7187 -0.2790 0.6368
vn -0.1036 0.6954 0.7111
vn -0.8629 -0.1017 -0.4950
vn -0.2478 0.8727 -0.4207
vn 0.2478 -0.8727 0.4207
vn 0.8629 0.1017 0.4950
vn 0.1036 -0.6954 -0.7111
vn 0.7187 0.2790 -0.6369
vn -0.9686 -0.2331 0.0869
vn -0.5036 0.2550 0.8255
vn -0.2152 0.9602 0.1778
vn -0.6802 0.4721 -0.5608
vn -0.4650 -0.4881 -0.7386
vn 0.2884 0.7053 -0.6476
vn 0.5036 -0.2550 -0.8255
vn 0.2152 -0.9602 -0.1778
vn 0.9686 0.2331 -0.0869
vn 0.6802 -0.4721 0.5608
vn -0.2884 -0.7053 0.6476
vn 0.4650 0.4881 0.7386
vn -0.5327 -0.8439 -0.0643
vn -0.8370 0.5141 0.1872
vn 0.1249 -0.1536 0.9802
vn 0.5327 0.8439 0.0643
vn -0.1249 0.1536 -0.9802
vn 0.8370 -0.5141 -0.1872
vn 0.4805 -0.8765 -0.0296
vn 0.9995 -0.0232 0.0222
vn 0.5189 0.8532 0.0518
vn -0.4805 0.8765 0.0296
vn 0.0232 0.0464 -0.9987
vn -0.9995 0.0232 -0.0222
vn -0.5189 -0.8532 -0.0518
vn -0.0232 -0.0464 0.9987
vt 0.125000 0.375000
vt 0.375000 0.625000
vt 0.875000 0.125000
vt 0.625000 0.125000
vt 0.125000 0.125000
vt 0.375000 0.125000
vt 0.125000 0.625000
vt 0.625000 0.375000
s 0
usemtl MilitaryEnemyPalette.003
f 1/1/1 2/1/1 4/1/1 3/1/1
f 3/1/2 4/1/2 6/1/2 5/1/2
f 5/1/3 6/1/3 8/1/3 7/1/3
f 7/1/4 8/1/4 10/1/4 9/1/4
f 4/1/5 2/1/5 12/1/5 10/1/5 8/1/5 6/1/5
f 9/1/6 10/1/6 12/1/6 11/1/6
f 11/1/7 12/1/7 2/1/7 1/1/7
f 1/1/8 3/1/8 5/1/8 7/1/8 9/1/8 11/1/8
f 13/2/9 14/2/9 32/2/9 31/2/9
f 14/3/10 15/3/10 33/3/10 32/3/10
f 15/2/11 16/2/11 34/2/11 33/2/11
f 16/2/12 17/2/12 35/2/12 34/2/12
f 17/2/13 18/2/13 36/2/13 35/2/13
f 18/3/14 19/3/14 37/3/14 36/3/14
f 19/2/15 20/2/15 38/2/15 37/2/15
f 20/2/16 21/2/16 39/2/16 38/2/16
f 21/2/17 22/2/17 40/2/17 39/2/17
f 22/3/18 23/3/18 41/3/18 40/3/18
f 23/2/19 24/2/19 42/2/19 41/2/19
f 24/2/20 25/2/20 43/2/20 42/2/20
f 25/2/21 26/2/21 44/2/21 43/2/21
f 26/3/22 27/3/22 45/3/22 44/3/22
f 27/2/23 28/2/23 46/2/23 45/2/23
f 28/2/24 29/2/24 47/2/24 46/2/24
f 29/2/25 30/2/25 48/2/25 47/2/25
f 30/3/26 13/3/26 31/3/26 48/3/26
f 49/2/27 50/2/27 52/2/27 51/2/27
f 51/2/28 52/2/28 54/2/28 53/2/28
f 53/2/29 54/2/29 56/2/29 55/2/29
f 55/4/30 56/4/30 58/4/30 57/4/30
f 57/2/31 58/2/31 60/2/31 59/2/31
f 59/2/32 60/2/32 62/2/32 61/2/32
f 61/2/33 62/2/33 64/2/33 63/2/33
f 63/4/34 64/4/34 66/4/34 65/4/34
f 65/2/35 66/2/35 68/2/35 67/2/35
f 67/2/36 68/2/36 70/2/36 69/2/36
f 52/2/37 50/2/37 72/2/37 70/2/37 68/2/37 66/2/37 64/2/37 62/2/37 60/2/37 58/2/37 56/2/37 54/2/37
f 69/4/38 70/4/38 72/4/38 71/4/38
f 71/2/39 72/2/39 50/2/39 49/2/39
f 49/2/40 51/2/40 53/2/40 55/2/40 57/2/40 59/2/40 61/2/40 63/2/40 65/2/40 67/2/40 69/2/40 71/2/40
f 73/2/41 74/2/41 76/2/41 75/2/41
f 75/1/42 76/1/42 78/1/42 77/1/42
f 77/2/26 78/2/26 80/2/26 79/2/26
f 79/2/43 80/2/43 82/2/43 81/2/43
f 81/2/44 82/2/44 84/2/44 83/2/44
f 83/1/45 84/1/45 86/1/45 85/1/45
f 85/2/46 86/2/46 88/2/46 87/2/46
f 87/2/17 88/2/17 90/2/17 89/2/17
f 76/2/37 74/2/37 92/2/37 90/2/37 88/2/37 86/2/37 84/2/37 82/2/37 80/2/37 78/2/37
f 89/1/47 90/1/47 92/1/47 91/1/47
f 91/2/48 92/2/48 74/2/48 73/2/48
f 73/2/40 75/2/40 77/2/40 79/2/40 81/2/40 83/2/40 85/2/40 87/2/40 89/2/40 91/2/40
f 93/2/41 94/2/41 96/2/41 95/2/41
f 95/1/42 96/1/42 98/1/42 97/1/42
f 97/2/26 98/2/26 100/2/26 99/2/26
f 99/2/43 100/2/43 102/2/43 101/2/43
f 101/2/44 102/2/44 104/2/44 103/2/44
f 103/1/45 104/1/45 106/1/45 105/1/45
f 105/2/46 106/2/46 108/2/46 107/2/46
f 107/2/17 108/2/17 110/2/17 109/2/17
f 96/2/37 94/2/37 112/2/37 110/2/37 108/2/37 106/2/37 104/2/37 102/2/37 100/2/37 98/2/37
f 109/1/47 110/1/47 112/1/47 111/1/47
f 111/2/48 112/2/48 94/2/48 93/2/48
f 93/2/40 95/2/40 97/2/40 99/2/40 101/2/40 103/2/40 105/2/40 107/2/40 109/2/40 111/2/40
f 113/2/27 114/2/27 116/2/27 115/2/27
f 115/4/28 116/4/28 118/4/28 117/4/28
f 117/2/29 118/2/29 120/2/29 119/2/29
f 119/2/30 120/2/30 122/2/30 121/2/30
f 121/2/31 122/2/31 124/2/31 123/2/31
f 123/4/32 124/4/32 126/4/32 125/4/32
f 125/2/33 126/2/33 128/2/33 127/2/33
f 127/2/34 128/2/34 130/2/34 129/2/34
f 129/2/35 130/2/35 132/2/35 131/2/35
f 131/4/36 132/4/36 134/4/36 133/4/36
f 116/2/37 114/2/37 136/2/37 134/2/37 132/2/37 130/2/37 128/2/37 126/2/37 124/2/37 122/2/37 120/2/37 118/2/37
f 133/2/38 134/2/38 136/2/38 135/2/38
f 135/2/39 136/2/39 114/2/39 113/2/39
f 113/4/40 115/4/40 117/4/40 119/4/40 121/4/40 123/4/40 125/4/40 127/4/40 129/4/40 131/4/40 133/4/40 135/4/40
f 137/2/41 138/2/41 140/2/41 139/2/41
f 139/2/42 140/2/42 142/2/42 141/2/42
f 141/2/26 142/2/26 144/2/26 143/2/26
f 143/1/43 144/1/43 146/1/43 145/1/43
f 145/2/44 146/2/44 148/2/44 147/2/44
f 147/2/45 148/2/45 150/2/45 149/2/45
f 149/2/46 150/2/46 152/2/46 151/2/46
f 151/1/17 152/1/17 154/1/17 153/1/17
f 140/2/37 138/2/37 156/2/37 154/2/37 152/2/37 150/2/37 148/2/37 146/2/37 144/2/37 142/2/37
f 153/2/47 154/2/47 156/2/47 155/2/47
f 155/2/48 156/2/48 138/2/48 137/2/48
f 137/1/40 139/1/40 141/1/40 143/1/40 145/1/40 147/1/40 149/1/40 151/1/40 153/1/40 155/1/40
f 157/2/41 158/2/41 160/2/41 159/2/41
f 159/2/42 160/2/42 162/2/42 161/2/42
f 161/2/26 162/2/26 164/2/26 163/2/26
f 163/1/43 164/1/43 166/1/43 165/1/43
f 165/2/44 166/2/44 168/2/44 167/2/44
f 167/2/45 168/2/45 170/2/45 169/2/45
f 169/2/46 170/2/46 172/2/46 171/2/46
f 171/1/17 172/1/17 174/1/17 173/1/17
f 160/2/37 158/2/37 176/2/37 174/2/37 172/2/37 170/2/37 168/2/37 166/2/37 164/2/37 162/2/37
f 173/2/47 174/2/47 176/2/47 175/2/47
f 175/2/48 176/2/48 158/2/48 157/2/48
f 157/1/40 159/1/40 161/1/40 163/1/40 165/1/40 167/1/40 169/1/40 171/1/40 173/1/40 175/1/40
f 177/2/27 178/2/27 180/2/27 179/2/27
f 179/2/28 180/2/28 182/2/28 181/2/28
f 181/2/29 182/2/29 184/2/29 183/2/29
f 183/4/30 184/4/30 186/4/30 185/4/30
f 185/2/31 186/2/31 188/2/31 187/2/31
f 187/2/32 188/2/32 190/2/32 189/2/32
f 189/2/33 190/2/33 192/2/33 191/2/33
f 191/4/34 192/4/34 194/4/34 193/4/34
f 193/2/35 194/2/35 196/2/35 195/2/35
f 195/2/36 196/2/36 198/2/36 197/2/36
f 180/2/37 178/2/37 200/2/37 198/2/37 196/2/37 194/2/37 192/2/37 190/2/37 188/2/37 186/2/37 184/2/37 182/2/37
f 177/4/40 179/4/40 181/4/40 183/4/40 185/4/40 187/4/40 189/4/40 191/4/40 193/4/40 195/4/40 197/4/40 199/4/40
f 201/2/41 202/2/41 204/2/41 203/2/41
f 203/2/42 204/2/42 206/2/42 205/2/42
f 205/2/26 206/2/26 208/2/26 207/2/26
f 207/1/43 208/1/43 210/1/43 209/1/43
f 209/2/44 210/2/44 212/2/44 211/2/44
f 211/2/45 212/2/45 214/2/45 213/2/45
f 213/2/46 214/2/46 216/2/46 215/2/46
f 215/1/17 216/1/17 218/1/17 217/1/17
f 204/2/37 202/2/37 220/2/37 218/2/37 216/2/37 214/2/37 212/2/37 210/2/37 208/2/37 206/2/37
f 217/2/47 218/2/47 220/2/47 219/2/47
f 219/2/48 220/2/48 202/2/48 201/2/48
f 201/1/40 203/1/40 205/1/40 207/1/40 209/1/40 211/1/40 213/1/40 215/1/40 217/1/40 219/1/40
f 221/2/41 222/2/41 224/2/41 223/2/41
f 223/2/42 224/2/42 226/2/42 225/2/42
f 225/2/26 226/2/26 228/2/26 227/2/26
f 227/1/43 228/1/43 230/1/43 229/1/43
f 229/2/44 230/2/44 232/2/44 231/2/44
f 231/2/45 232/2/45 234/2/45 233/2/45
f 233/2/46 234/2/46 236/2/46 235/2/46
f 235/1/17 236/1/17 238/1/17 237/1/17
f 224/2/37 222/2/37 240/2/37 238/2/37 236/2/37 234/2/37 232/2/37 230/2/37 228/2/37 226/2/37
f 237/2/47 238/2/47 240/2/47 239/2/47
f 239/2/48 240/2/48 222/2/48 221/2/48
f 221/1/40 223/1/40 225/1/40 227/1/40 229/1/40 231/1/40 233/1/40 235/1/40 237/1/40 239/1/40
f 241/2/27 242/2/27 244/2/27 243/2/27
f 243/2/28 244/2/28 246/2/28 245/2/28
f 245/2/29 246/2/29 248/2/29 247/2/29
f 247/4/30 248/4/30 250/4/30 249/4/30
f 249/2/31 250/2/31 252/2/31 251/2/31
f 251/2/32 252/2/32 254/2/32 253/2/32
f 244/2/37 242/2/37 264/2/37 262/2/37 260/2/37 258/2/37 256/2/37 254/2/37 252/2/37 250/2/37 248/2/37 246/2/37
f 261/4/38 262/4/38 264/4/38 263/4/38
f 263/2/39 264/2/39 242/2/39 241/2/39
f 241/2/40 243/2/40 245/2/40 247/2/40 249/2/40 251/2/40 253/2/40 255/2/40 257/2/40 259/2/40 261/2/40 263/2/40
f 265/2/41 266/2/41 268/2/41 267/2/41
f 267/1/42 268/1/42 270/1/42 269/1/42
f 269/2/26 270/2/26 272/2/26 271/2/26
f 271/2/43 272/2/43 274/2/43 273/2/43
f 273/2/44 274/2/44 276/2/44 275/2/44
f 268/1/37 266/1/37 284/1/37 282/1/37 280/1/37 278/1/37 276/1/37 274/1/37 272/1/37 270/1/37
f 265/2/40 267/2/40 269/2/40 271/2/40 273/2/40 275/2/40 277/2/40 279/2/40 281/2/40 283/2/40
f 285/2/41 286/2/41 288/2/41 287/2/41
f 287/2/42 288/2/42 290/2/42 289/2/42
f 289/1/26 290/1/26 292/1/26 291/1/26
f 291/2/43 292/2/43 294/2/43 293/2/43
f 293/2/44 294/2/44 296/2/44 295/2/44
f 288/2/37 286/2/37 304/2/37 302/2/37 300/2/37 298/2/37 296/2/37 294/2/37 292/2/37 290/2/37
f 285/1/40 287/1/40 289/1/40 291/1/40 293/1/40 295/1/40 297/1/40 299/1/40 301/1/40 303/1/40
f 305/2/27 306/2/27 308/2/27 307/2/27
f 307/2/28 308/2/28 310/2/28 309/2/28
f 309/2/29 310/2/29 312/2/29 311/2/29
f 311/4/30 312/4/30 314/4/30 313/4/30
f 313/2/31 314/2/31 316/2/31 315/2/31
f 315/2/32 316/2/32 318/2/32 317/2/32
f 319/2/34 320/2/34 322/2/34 321/2/34
f 321/4/35 322/4/35 324/4/35 323/4/35
f 323/2/36 324/2/36 326/2/36 325/2/36
f 308/2/37 306/2/37 328/2/37 326/2/37 324/2/37 322/2/37 320/2/37 318/2/37 316/2/37 314/2/37 312/2/37 310/2/37
f 325/2/38 326/2/38 328/2/38 327/2/38
f 327/4/39 328/4/39 306/4/39 305/4/39
f 305/2/40 307/2/40 309/2/40 311/2/40 313/2/40 315/2/40 317/2/40 319/2/40 321/2/40 323/2/40 325/2/40 327/2/40
f 329/2/41 330/2/41 332/2/41 331/2/41
f 331/2/42 332/2/42 334/2/42 333/2/42
f 333/1/26 334/1/26 336/1/26 335/1/26
f 335/2/43 336/2/43 338/2/43 337/2/43
f 337/2/44 338/2/44 340/2/44 339/2/44
f 339/2/45 340/2/45 342/2/45 341/2/45
f 341/1/46 342/1/46 344/1/46 343/1/46
f 343/2/17 344/2/17 346/2/17 345/2/17
f 332/2/37 330/2/37 348/2/37 346/2/37 344/2/37 342/2/37 340/2/37 338/2/37 336/2/37 334/2/37
f 345/2/47 346/2/47 348/2/47 347/2/47
f 347/1/48 348/1/48 330/1/48 329/1/48
f 329/2/40 331/2/40 333/2/40 335/2/40 337/2/40 339/2/40 341/2/40 343/2/40 345/2/40 347/2/40
f 349/2/41 350/2/41 352/2/41 351/2/41
f 351/2/42 352/2/42 354/2/42 353/2/42
f 353/1/26 354/1/26 356/1/26 355/1/26
f 355/2/43 356/2/43 358/2/43 357/2/43
f 357/2/44 358/2/44 360/2/44 359/2/44
f 359/2/45 360/2/45 362/2/45 361/2/45
f 361/1/46 362/1/46 364/1/46 363/1/46
f 363/2/17 364/2/17 366/2/17 365/2/17
f 352/2/37 350/2/37 368/2/37 366/2/37 364/2/37 362/2/37 360/2/37 358/2/37 356/2/37 354/2/37
f 365/2/47 366/2/47 368/2/47 367/2/47
f 367/1/48 368/1/48 350/1/48 349/1/48
f 349/2/40 351/2/40 353/2/40 355/2/40 357/2/40 359/2/40 361/2/40 363/2/40 365/2/40 367/2/40
f 369/2/40 370/2/40 372/2/40 371/2/40
f 371/2/13 372/2/13 376/2/13 375/2/13
f 375/1/37 376/1/37 374/1/37 373/1/37
f 373/2/22 374/2/22 370/2/22 369/2/22
f 371/2/9 375/2/9 373/2/9 369/2/9
f 376/2/18 372/2/18 370/2/18 374/2/18
f 377/1/40 378/1/40 380/1/40 379/1/40
f 379/2/14 380/2/14 384/2/14 383/2/14
f 383/2/37 384/2/37 382/2/37 381/2/37
f 381/2/23 382/2/23 378/2/23 377/2/23
f 379/1/10 383/1/10 381/1/10 377/1/10
f 384/2/19 380/2/19 378/2/19 382/2/19
f 385/2/40 386/2/40 388/2/40 387/2/40
f 387/2/15 388/2/15 392/2/15 391/2/15
f 391/1/37 392/1/37 390/1/37 389/1/37
f 389/2/24 390/2/24 386/2/24 385/2/24
f 387/2/11 391/2/11 389/2/11 385/2/11
f 392/2/20 388/2/20 386/2/20 390/2/20
f 393/1/40 394/1/40 396/1/40 395/1/40
f 395/2/16 396/2/16 400/2/16 399/2/16
f 399/2/37 400/2/37 398/2/37 397/2/37
f 397/2/25 398/2/25 394/2/25 393/2/25
f 395/1/12 399/1/12 397/1/12 393/1/12
f 400/2/21 396/2/21 394/2/21 398/2/21
f 401/2/40 402/2/40 404/2/40 403/2/40
f 403/2/18 404/2/18 408/2/18 407/2/18
f 407/1/37 408/1/37 406/1/37 405/1/37
f 405/2/9 406/2/9 402/2/9 401/2/9
f 403/2/13 407/2/13 405/2/13 401/2/13
f 408/2/22 404/2/22 402/2/22 406/2/22
f 409/1/40 410/1/40 412/1/40 411/1/40
f 411/2/19 412/2/19 416/2/19 415/2/19
f 415/2/37 416/2/37 414/2/37 413/2/37
f 413/2/10 414/2/10 410/2/10 409/2/10
f 411/1/14 415/1/14 413/1/14 409/1/14
f 416/2/23 412/2/23 410/2/23 414/2/23
f 417/2/40 418/2/40 420/2/40 419/2/40
f 419/2/20 420/2/20 424/2/20 423/2/20
f 423/1/37 424/1/37 422/1/37 421/1/37
f 421/2/11 422/2/11 418/2/11 417/2/11
f 419/2/15 423/2/15 421/2/15 417/2/15
f 424/2/24 420/2/24 418/2/24 422/2/24
f 425/1/40 426/1/40 428/1/40 427/1/40
f 427/2/21 428/2/21 432/2/21 431/2/21
f 431/2/37 432/2/37 430/2/37 429/2/37
f 429/2/12 430/2/12 426/2/12 425/2/12
f 427/1/16 431/1/16 429/1/16 425/1/16
f 432/2/25 428/2/25 426/2/25 430/2/25
f 433/2/40 434/2/40 436/2/40 435/2/40
f 435/2/49 436/2/49 440/2/49 439/2/49
f 439/1/37 440/1/37 438/1/37 437/1/37
f 437/2/50 438/2/50 434/2/50 433/2/50
f 435/2/17 439/2/17 437/2/17 433/2/17
f 440/2/26 436/2/26 434/2/26 438/2/26
f 441/1/40 442/1/40 444/1/40 443/1/40
f 447/2/37 448/2/37 446/2/37 445/2/37
f 445/2/50 446/2/50 442/2/50 441/2/50
f 443/2/17 447/2/17 445/2/17 441/2/17
f 448/1/26 444/1/26 442/1/26 446/1/26
f 449/2/49 450/2/49 452/2/49 451/2/49
f 453/2/40 454/2/40 456/2/40 455/2/40
f 455/2/49 456/2/49 460/2/49 459/2/49
f 459/1/37 460/1/37 458/1/37 457/1/37
f 457/2/50 458/2/50 454/2/50 453/2/50
f 455/2/17 459/2/17 457/2/17 453/2/17
f 460/2/26 456/2/26 454/2/26 458/2/26
f 461/1/40 462/1/40 464/1/40 463/1/40
f 463/2/49 464/2/49 468/2/49 467/2/49
f 467/2/37 468/2/37 466/2/37 465/2/37
f 465/2/50 466/2/50 462/2/50 461/2/50
f 463/1/17 467/1/17 465/1/17 461/1/17
f 468/2/26 464/2/26 462/2/26 466/2/26
f 469/2/40 470/2/40 472/2/40 471/2/40
f 471/2/49 472/2/49 476/2/49 475/2/49
f 475/1/37 476/1/37 474/1/37 473/1/37
f 473/2/50 474/2/50 470/2/50 469/2/50
f 471/2/17 475/2/17 473/2/17 469/2/17
f 476/2/26 472/2/26 470/2/26 474/2/26
f 477/1/40 478/1/40 480/1/40 479/1/40
f 479/2/49 480/2/49 484/2/49 483/2/49
f 483/2/37 484/2/37 482/2/37 481/2/37
f 481/2/50 482/2/50 478/2/50 477/2/50
f 479/1/17 483/1/17 481/1/17 477/1/17
f 484/2/26 480/2/26 478/2/26 482/2/26
f 485/2/40 486/2/40 488/2/40 487/2/40
f 487/2/49 488/2/49 492/2/49 491/2/49
f 491/1/37 492/1/37 490/1/37 489/1/37
f 489/2/50 490/2/50 486/2/50 485/2/50
f 487/2/17 491/2/17 489/2/17 485/2/17
f 492/2/26 488/2/26 486/2/26 490/2/26
f 493/1/40 494/1/40 496/1/40 495/1/40
f 495/2/49 496/2/49 500/2/49 499/2/49
f 499/2/37 500/2/37 498/2/37 497/2/37
f 497/2/50 498/2/50 494/2/50 493/2/50
f 495/1/17 499/1/17 497/1/17 493/1/17
f 500/2/26 496/2/26 494/2/26 498/2/26
f 501/2/40 502/2/40 504/2/40 503/2/40
f 503/2/22 504/2/22 508/2/22 507/2/22
f 507/1/37 508/1/37 506/1/37 505/1/37
f 505/2/13 506/2/13 502/2/13 501/2/13
f 503/2/18 507/2/18 505/2/18 501/2/18
f 508/2/9 504/2/9 502/2/9 506/2/9
f 509/1/40 510/1/40 512/1/40 511/1/40
f 511/2/23 512/2/23 516/2/23 515/2/23
f 515/2/37 516/2/37 514/2/37 513/2/37
f 513/2/14 514/2/14 510/2/14 509/2/14
f 511/1/19 515/1/19 513/1/19 509/1/19
f 516/2/10 512/2/10 510/2/10 514/2/10
f 517/2/40 518/2/40 520/2/40 519/2/40
f 519/2/24 520/2/24 524/2/24 523/2/24
f 523/1/37 524/1/37 522/1/37 521/1/37
f 521/2/15 522/2/15 518/2/15 517/2/15
f 519/2/20 523/2/20 521/2/20 517/2/20
f 524/2/11 520/2/11 518/2/11 522/2/11
f 525/1/40 526/1/40 528/1/40 527/1/40
f 527/2/25 528/2/25 532/2/25 531/2/25
f 531/2/37 532/2/37 530/2/37 529/2/37
f 529/2/16 530/2/16 526/2/16 525/2/16
f 527/1/21 531/1/21 529/1/21 525/1/21
f 532/2/12 528/2/12 526/2/12 530/2/12
f 533/2/40 534/2/40 536/2/40 535/2/40
f 535/2/9 536/2/9 540/2/9 539/2/9
f 539/1/37 540/1/37 538/1/37 537/1/37
f 537/2/18 538/2/18 534/2/18 533/2/18
f 535/2/22 539/2/22 537/2/22 533/2/22
f 540/2/13 536/2/13 534/2/13 538/2/13
f 541/1/40 542/1/40 544/1/40 543/1/40
f 543/2/10 544/2/10 548/2/10 547/2/10
f 547/2/37 548/2/37 546/2/37 545/2/37
f 545/2/19 546/2/19 542/2/19 541/2/19
f 543/1/23 547/1/23 545/1/23 541/1/23
f 548/2/14 544/2/14 542/2/14 546/2/14
f 549/2/40 550/2/40 552/2/40 551/2/40
f 551/2/11 552/2/11 556/2/11 555/2/11
f 555/1/37 556/1/37 554/1/37 553/1/37
f 553/2/20 554/2/20 550/2/20 549/2/20
f 551/2/24 555/2/24 553/2/24 549/2/24
f 556/2/15 552/2/15 550/2/15 554/2/15
f 557/1/40 558/1/40 560/1/40 559/1/40
f 559/2/12 560/2/12 564/2/12 563/2/12
f 563/2/37 564/2/37 562/2/37 561/2/37
f 561/2/21 562/2/21 558/2/21 557/2/21
f 559/1/25 563/1/25 561/1/25 557/1/25
f 564/2/16 560/2/16 558/2/16 562/2/16
f 565/2/40 566/2/40 568/2/40 567/2/40
f 567/2/50 568/2/50 572/2/50 571/2/50
f 571/1/37 572/1/37 570/1/37 569/1/37
f 569/2/49 570/2/49 566/2/49 565/2/49
f 567/2/26 571/2/26 569/2/26 565/2/26
f 572/2/17 568/2/17 566/2/17 570/2/17
f 573/1/40 574/1/40 576/1/40 575/1/40
f 575/2/50 576/2/50 580/2/50 579/2/50
f 579/2/37 580/2/37 578/2/37 577/2/37
f 577/2/49 578/2/49 574/2/49 573/2/49
f 575/1/26 579/1/26 577/1/26 573/1/26
f 580/2/17 576/2/17 574/2/17 578/2/17
f 581/2/40 582/2/40 584/2/40 583/2/40
f 583/2/50 584/2/50 588/2/50 587/2/50
f 587/1/37 588/1/37 586/1/37 585/1/37
f 585/2/49 586/2/49 582/2/49 581/2/49
f 583/2/26 587/2/26 585/2/26 581/2/26
f 588/2/17 584/2/17 582/2/17 586/2/17
f 589/1/40 590/1/40 592/1/40 591/1/40
f 591/2/50 592/2/50 596/2/50 595/2/50
f 595/2/37 596/2/37 594/2/37 593/2/37
f 593/2/49 594/2/49 590/2/49 589/2/49
f 591/1/26 595/1/26 593/1/26 589/1/26
f 596/2/17 592/2/17 590/2/17 594/2/17
f 597/2/40 598/2/40 600/2/40 599/2/40
f 599/2/50 600/2/50 604/2/50 603/2/50
f 603/1/37 604/1/37 602/1/37 601/1/37
f 601/2/49 602/2/49 598/2/49 597/2/49
f 599/2/26 603/2/26 601/2/26 597/2/26
f 604/2/17 600/2/17 598/2/17 602/2/17
f 605/1/40 606/1/40 608/1/40 607/1/40
f 607/2/50 608/2/50 612/2/50 611/2/50
f 611/2/37 612/2/37 610/2/37 609/2/37
f 609/2/49 610/2/49 606/2/49 605/2/49
f 607/1/26 611/1/26 609/1/26 605/1/26
f 612/2/17 608/2/17 606/2/17 610/2/17
f 613/2/40 614/2/40 616/2/40 615/2/40
f 615/2/50 616/2/50 620/2/50 619/2/50
f 619/1/37 620/1/37 618/1/37 617/1/37
f 617/2/49 618/2/49 614/2/49 613/2/49
f 615/2/26 619/2/26 617/2/26 613/2/26
f 620/2/17 616/2/17 614/2/17 618/2/17
f 621/1/40 622/1/40 624/1/40 623/1/40
f 623/2/50 624/2/50 628/2/50 627/2/50
f 627/2/37 628/2/37 626/2/37 625/2/37
f 625/2/49 626/2/49 622/2/49 621/2/49
f 623/1/26 627/1/26 625/1/26 621/1/26
f 628/2/17 624/2/17 622/2/17 626/2/17
f 629/2/40 630/2/40 632/2/40 631/2/40
f 631/2/50 632/2/50 636/2/50 635/2/50
f 635/1/37 636/1/37 634/1/37 633/1/37
f 633/2/49 634/2/49 630/2/49 629/2/49
f 631/2/26 635/2/26 633/2/26 629/2/26
f 636/2/17 632/2/17 630/2/17 634/2/17
f 637/1/40 638/1/40 640/1/40 639/1/40
f 639/2/50 640/2/50 644/2/50 643/2/50
f 643/2/37 644/2/37 642/2/37 641/2/37
f 641/2/49 642/2/49 638/2/49 637/2/49
f 639/1/26 643/1/26 641/1/26 637/1/26
f 644/2/17 640/2/17 638/2/17 642/2/17
f 645/2/40 646/2/40 648/2/40 647/2/40
f 647/2/50 648/2/50 652/2/50 651/2/50
f 651/1/37 652/1/37 650/1/37 649/1/37
f 649/2/49 650/2/49 646/2/49 645/2/49
f 647/2/26 651/2/26 649/2/26 645/2/26
f 652/2/17 648/2/17 646/2/17 650/2/17
f 653/3/9 654/3/9 672/3/9 671/3/9
f 654/2/10 655/2/10 673/2/10 672/2/10
f 655/2/11 656/2/11 674/2/11 673/2/11
f 656/2/12 657/2/12 675/2/12 674/2/12
f 657/3/13 658/3/13 676/3/13 675/3/13
f 658/2/14 659/2/14 677/2/14 676/2/14
f 659/2/15 660/2/15 678/2/15 677/2/15
f 660/2/16 661/2/16 679/2/16 678/2/16
f 661/3/17 662/3/17 680/3/17 679/3/17
f 662/2/18 663/2/18 681/2/18 680/2/18
f 663/2/19 664/2/19 682/2/19 681/2/19
f 664/2/20 665/2/20 683/2/20 682/2/20
f 665/3/21 666/3/21 684/3/21 683/3/21
f 666/2/22 667/2/22 685/2/22 684/2/22
f 667/2/23 668/2/23 686/2/23 685/2/23
f 668/2/24 669/2/24 687/2/24 686/2/24
f 669/3/25 670/3/25 688/3/25 687/3/25
f 670/2/26 653/2/26 671/2/26 688/2/26
f 689/2/27 690/2/27 692/2/27 691/2/27
f 691/2/28 692/2/28 694/2/28 693/2/28
f 693/4/29 694/4/29 696/4/29 695/4/29
f 695/2/30 696/2/30 698/2/30 697/2/30
f 697/2/31 698/2/31 700/2/31 699/2/31
f 699/2/32 700/2/32 702/2/32 701/2/32
f 701/4/33 702/4/33 704/4/33 703/4/33
f 703/2/34 704/2/34 706/2/34 705/2/34
f 705/2/35 706/2/35 708/2/35 707/2/35
f 707/2/36 708/2/36 710/2/36 709/2/36
f 692/4/37 690/4/37 712/4/37 710/4/37 708/4/37 706/4/37 704/4/37 702/4/37 700/4/37 698/4/37 696/4/37 694/4/37
f 709/2/38 710/2/38 712/2/38 711/2/38
f 711/2/39 712/2/39 690/2/39 689/2/39
f 689/2/40 691/2/40 693/2/40 695/2/40 697/2/40 699/2/40 701/2/40 703/2/40 705/2/40 707/2/40 709/2/40 711/2/40
f 713/1/41 714/1/41 716/1/41 715/1/41
f 715/2/42 716/2/42 718/2/42 717/2/42
f 717/2/26 718/2/26 720/2/26 719/2/26
f 719/2/43 720/2/43 722/2/43 721/2/43
f 721/1/44 722/1/44 724/1/44 723/1/44
f 723/2/45 724/2/45 726/2/45 725/2/45
f 725/2/46 726/2/46 728/2/46 727/2/46
f 727/2/17 728/2/17 730/2/17 729/2/17
f 716/1/37 714/1/37 732/1/37 730/1/37 728/1/37 726/1/37 724/1/37 722/1/37 720/1/37 718/1/37
f 729/2/47 730/2/47 732/2/47 731/2/47
f 731/2/48 732/2/48 714/2/48 713/2/48
f 713/2/40 715/2/40 717/2/40 719/2/40 721/2/40 723/2/40 725/2/40 727/2/40 729/2/40 731/2/40
f 733/1/41 734/1/41 736/1/41 735/1/41
f 735/2/42 736/2/42 738/2/42 737/2/42
f 737/2/26 738/2/26 740/2/26 739/2/26
f 739/2/43 740/2/43 742/2/43 741/2/43
f 741/1/44 742/1/44 744/1/44 743/1/44
f 743/2/45 744/2/45 746/2/45 745/2/45
f 745/2/46 746/2/46 748/2/46 747/2/46
f 747/2/17 748/2/17 750/2/17 749/2/17
f 736/1/37 734/1/37 752/1/37 750/1/37 748/1/37 746/1/37 744/1/37 742/1/37 740/1/37 738/1/37
f 749/2/47 750/2/47 752/2/47 751/2/47
f 751/2/48 752/2/48 734/2/48 733/2/48
f 733/2/40 735/2/40 737/2/40 739/2/40 741/2/40 743/2/40 745/2/40 747/2/40 749/2/40 751/2/40
f 753/4/27 754/4/27 756/4/27 755/4/27
f 755/2/28 756/2/28 758/2/28 757/2/28
f 757/2/29 758/2/29 760/2/29 759/2/29
f 759/2/30 760/2/30 762/2/30 761/2/30
f 761/4/31 762/4/31 764/4/31 763/4/31
f 763/2/32 764/2/32 766/2/32 765/2/32
f 765/2/33 766/2/33 768/2/33 767/2/33
f 767/2/34 768/2/34 770/2/34 769/2/34
f 769/4/35 770/4/35 772/4/35 771/4/35
f 771/2/36 772/2/36 774/2/36 773/2/36
f 756/2/37 754/2/37 776/2/37 774/2/37 772/2/37 770/2/37 768/2/37 766/2/37 764/2/37 762/2/37 760/2/37 758/2/37
f 773/2/38 774/2/38 776/2/38 775/2/38
f 775/4/39 776/4/39 754/4/39 753/4/39
f 753/2/40 755/2/40 757/2/40 759/2/40 761/2/40 763/2/40 765/2/40 767/2/40 769/2/40 771/2/40 773/2/40 775/2/40
f 777/2/41 778/2/41 780/2/41 779/2/41
f 779/2/42 780/2/42 782/2/42 781/2/42
f 781/1/26 782/1/26 784/1/26 783/1/26
f 783/2/43 784/2/43 786/2/43 785/2/43
f 785/2/44 786/2/44 788/2/44 787/2/44
f 787/2/45 788/2/45 790/2/45 789/2/45
f 789/1/46 790/1/46 792/1/46 791/1/46
f 791/2/17 792/2/17 794/2/17 793/2/17
f 780/2/37 778/2/37 796/2/37 794/2/37 792/2/37 790/2/37 788/2/37 786/2/37 784/2/37 782/2/37
f 793/2/47 794/2/47 796/2/47 795/2/47
f 795/1/48 796/1/48 778/1/48 777/1/48
f 777/2/40 779/2/40 781/2/40 783/2/40 785/2/40 787/2/40 789/2/40 791/2/40 793/2/40 795/2/40
f 797/2/41 798/2/41 800/2/41 799/2/41
f 799/2/42 800/2/42 802/2/42 801/2/42
f 801/1/26 802/1/26 804/1/26 803/1/26
f 803/2/43 804/2/43 806/2/43 805/2/43
f 805/2/44 806/2/44 808/2/44 807/2/44
f 807/2/45 808/2/45 810/2/45 809/2/45
f 809/1/46 810/1/46 812/1/46 811/1/46
f 811/2/17 812/2/17 814/2/17 813/2/17
f 800/2/37 798/2/37 816/2/37 814/2/37 812/2/37 810/2/37 808/2/37 806/2/37 804/2/37 802/2/37
f 813/2/47 814/2/47 816/2/47 815/2/47
f 815/1/48 816/1/48 798/1/48 797/1/48
f 797/2/40 799/2/40 801/2/40 803/2/40 805/2/40 807/2/40 809/2/40 811/2/40 813/2/40 815/2/40
f 817/2/27 818/2/27 820/2/27 819/2/27
f 819/2/28 820/2/28 822/2/28 821/2/28
f 821/4/29 822/4/29 824/4/29 823/4/29
f 823/2/30 824/2/30 826/2/30 825/2/30
f 825/2/31 826/2/31 828/2/31 827/2/31
f 827/2/32 828/2/32 830/2/32 829/2/32
f 829/4/33 830/4/33 832/4/33 831/4/33
f 831/2/34 832/2/34 834/2/34 833/2/34
f 833/2/35 834/2/35 836/2/35 835/2/35
f 835/2/36 836/2/36 838/2/36 837/2/36
f 820/4/37 818/4/37 840/4/37 838/4/37 836/4/37 834/4/37 832/4/37 830/4/37 828/4/37 826/4/37 824/4/37 822/4/37
f 817/2/40 819/2/40 821/2/40 823/2/40 825/2/40 827/2/40 829/2/40 831/2/40 833/2/40 835/2/40 837/2/40 839/2/40
f 841/2/41 842/2/41 844/2/41 843/2/41
f 843/2/42 844/2/42 846/2/42 845/2/42
f 845/1/26 846/1/26 848/1/26 847/1/26
f 847/2/43 848/2/43 850/2/43 849/2/43
f 849/2/44 850/2/44 852/2/44 851/2/44
f 851/2/45 852/2/45 854/2/45 853/2/45
f 853/1/46 854/1/46 856/1/46 855/1/46
f 855/2/17 856/2/17 858/2/17 857/2/17
f 844/2/37 842/2/37 860/2/37 858/2/37 856/2/37 854/2/37 852/2/37 850/2/37 848/2/37 846/2/37
f 857/2/47 858/2/47 860/2/47 859/2/47
f 859/1/48 860/1/48 842/1/48 841/1/48
f 841/2/40 843/2/40 845/2/40 847/2/40 849/2/40 851/2/40 853/2/40 855/2/40 857/2/40 859/2/40
f 861/2/41 862/2/41 864/2/41 863/2/41
f 863/2/42 864/2/42 866/2/42 865/2/42
f 865/1/26 866/1/26 868/1/26 867/1/26
f 867/2/43 868/2/43 870/2/43 869/2/43
f 869/2/44 870/2/44 872/2/44 871/2/44
f 871/2/45 872/2/45 874/2/45 873/2/45
f 873/1/46 874/1/46 876/1/46 875/1/46
f 875/2/17 876/2/17 878/2/17 877/2/17
f 864/2/37 862/2/37 880/2/37 878/2/37 876/2/37 874/2/37 872/2/37 870/2/37 868/2/37 866/2/37
f 877/2/47 878/2/47 880/2/47 879/2/47
f 879/1/48 880/1/48 862/1/48 861/1/48
f 861/2/40 863/2/40 865/2/40 867/2/40 869/2/40 871/2/40 873/2/40 875/2/40 877/2/40 879/2/40
f 881/2/27 882/2/27 884/2/27 883/2/27
f 883/2/28 884/2/28 886/2/28 885/2/28
f 885/4/29 886/4/29 888/4/29 887/4/29
f 887/2/30 888/2/30 890/2/30 889/2/30
f 889/2/31 890/2/31 892/2/31 891/2/31
f 891/2/32 892/2/32 894/2/32 893/2/32
f 884/4/37 882/4/37 904/4/37 902/4/37 900/4/37 898/4/37 896/4/37 894/4/37 892/4/37 890/4/37 888/4/37 886/4/37
f 901/2/38 902/2/38 904/2/38 903/2/38
f 903/2/39 904/2/39 882/2/39 881/2/39
f 881/2/40 883/2/40 885/2/40 887/2/40 889/2/40 891/2/40 893/2/40 895/2/40 897/2/40 899/2/40 901/2/40 903/2/40
f 905/1/41 906/1/41 908/1/41 907/1/41
f 907/2/42 908/2/42 910/2/42 909/2/42
f 909/2/26 910/2/26 912/2/26 911/2/26
f 911/2/43 912/2/43 914/2/43 913/2/43
f 913/1/44 914/1/44 916/1/44 915/1/44
f 908/2/37 906/2/37 924/2/37 922/2/37 920/2/37 918/2/37 916/2/37 914/2/37 912/2/37 910/2/37
f 905/2/40 907/2/40 909/2/40 911/2/40 913/2/40 915/2/40 917/2/40 919/2/40 921/2/40 923/2/40
f 925/2/41 926/2/41 928/2/41 927/2/41
f 927/1/42 928/1/42 930/1/42 929/1/42
f 929/2/26 930/2/26 932/2/26 931/2/26
f 931/2/43 932/2/43 934/2/43 933/2/43
f 933/2/44 934/2/44 936/2/44 935/2/44
f 928/1/37 926/1/37 944/1/37 942/1/37 940/1/37 938/1/37 936/1/37 934/1/37 932/1/37 930/1/37
f 925/2/40 927/2/40 929/2/40 931/2/40 933/2/40 935/2/40 937/2/40 939/2/40 941/2/40 943/2/40
f 945/2/27 946/2/27 948/2/27 947/2/27
f 947/2/28 948/2/28 950/2/28 949/2/28
f 949/4/29 950/4/29 952/4/29 951/4/29
f 951/2/30 952/2/30 954/2/30 953/2/30
f 953/2/31 954/2/31 956/2/31 955/2/31
f 955/2/32 956/2/32 958/2/32 957/2/32
f 959/4/34 960/4/34 962/4/34 961/4/34
f 961/2/35 962/2/35 964/2/35 963/2/35
f 963/2/36 964/2/36 966/2/36 965/2/36
f 948/2/37 946/2/37 968/2/37 966/2/37 964/2/37 962/2/37 960/2/37 958/2/37 956/2/37 954/2/37 952/2/37 950/2/37
f 965/4/38 966/4/38 968/4/38 967/4/38
f 967/2/39 968/2/39 946/2/39 945/2/39
f 945/2/40 947/2/40 949/2/40 951/2/40 953/2/40 955/2/40 957/2/40 959/2/40 961/2/40 963/2/40 965/2/40 967/2/40
f 969/2/41 970/2/41 972/2/41 971/2/41
f 971/1/42 972/1/42 974/1/42 973/1/42
f 973/2/26 974/2/26 976/2/26 975/2/26
f 975/2/43 976/2/43 978/2/43 977/2/43
f 977/2/44 978/2/44 980/2/44 979/2/44
f 979/1/45 980/1/45 982/1/45 981/1/45
f 981/2/46 982/2/46 984/2/46 983/2/46
f 983/2/17 984/2/17 986/2/17 985/2/17
f 972/2/37 970/2/37 988/2/37 986/2/37 984/2/37 982/2/37 980/2/37 978/2/37 976/2/37 974/2/37
f 985/1/47 986/1/47 988/1/47 987/1/47
f 987/2/48 988/2/48 970/2/48 969/2/48
f 969/2/40 971/2/40 973/2/40 975/2/40 977/2/40 979/2/40 981/2/40 983/2/40 985/2/40 987/2/40
f 989/2/41 990/2/41 992/2/41 991/2/41
f 991/1/42 992/1/42 994/1/42 993/1/42
f 993/2/26 994/2/26 996/2/26 995/2/26
f 995/2/43 996/2/43 998/2/43 997/2/43
f 997/2/44 998/2/44 1000/2/44 999/2/44
f 999/1/45 1000/1/45 1002/1/45 1001/1/45
f 1001/2/46 1002/2/46 1004/2/46 1003/2/46
f 1003/2/17 1004/2/17 1006/2/17 1005/2/17
f 992/2/37 990/2/37 1008/2/37 1006/2/37 1004/2/37 1002/2/37 1000/2/37 998/2/37 996/2/37 994/2/37
f 1005/1/47 1006/1/47 1008/1/47 1007/1/47
f 1007/2/48 1008/2/48 990/2/48 989/2/48
f 989/2/40 991/2/40 993/2/40 995/2/40 997/2/40 999/2/40 1001/2/40 1003/2/40 1005/2/40 1007/2/40
f 1009/2/40 1010/2/40 1012/2/40 1011/2/40
f 1011/1/13 1012/1/13 1016/1/13 1015/1/13
f 1015/2/37 1016/2/37 1014/2/37 1013/2/37
f 1013/2/22 1014/2/22 1010/2/22 1009/2/22
f 1011/2/9 1015/2/9 1013/2/9 1009/2/9
f 1016/1/18 1012/1/18 1010/1/18 1014/1/18
f 1017/2/40 1018/2/40 1020/2/40 1019/2/40
f 1019/2/14 1020/2/14 1024/2/14 1023/2/14
f 1023/2/37 1024/2/37 1022/2/37 1021/2/37
f 1021/1/23 1022/1/23 1018/1/23 1017/1/23
f 1019/2/10 1023/2/10 1021/2/10 1017/2/10
f 1024/2/19 1020/2/19 1018/2/19 1022/2/19
f 1025/2/40 1026/2/40 1028/2/40 1027/2/40
f 1027/1/15 1028/1/15 1032/1/15 1031/1/15
f 1031/2/37 1032/2/37 1030/2/37 1029/2/37
f 1029/2/24 1030/2/24 1026/2/24 1025/2/24
f 1027/2/11 1031/2/11 1029/2/11 1025/2/11
f 1032/1/20 1028/1/20 1026/1/20 1030/1/20
f 1033/2/40 1034/2/40 1036/2/40 1035/2/40
f 1035/2/16 1036/2/16 1040/2/16 1039/2/16
f 1039/2/37 1040/2/37 1038/2/37 1037/2/37
f 1037/1/25 1038/1/25 1034/1/25 1033/1/25
f 1035/2/12 1039/2/12 1037/2/12 1033/2/12
f 1040/2/21 1036/2/21 1034/2/21 1038/2/21
f 1041/2/40 1042/2/40 1044/2/40 1043/2/40
f 1043/1/18 1044/1/18 1048/1/18 1047/1/18
f 1047/2/37 1048/2/37 1046/2/37 1045/2/37
f 1045/2/9 1046/2/9 1042/2/9 1041/2/9
f 1043/2/13 1047/2/13 1045/2/13 1041/2/13
f 1048/1/22 1044/1/22 1042/1/22 1046/1/22
f 1049/2/40 1050/2/40 1052/2/40 1051/2/40
f 1051/2/19 1052/2/19 1056/2/19 1055/2/19
f 1055/2/37 1056/2/37 1054/2/37 1053/2/37
f 1053/1/10 1054/1/10 1050/1/10 1049/1/10
f 1051/2/14 1055/2/14 1053/2/14 1049/2/14
f 1056/2/23 1052/2/23 1050/2/23 1054/2/23
f 1057/2/40 1058/2/40 1060/2/40 1059/2/40
f 1059/1/20 1060/1/20 1064/1/20 1063/1/20
f 1063/2/37 1064/2/37 1062/2/37 1061/2/37
f 1061/2/11 1062/2/11 1058/2/11 1057/2/11
f 1059/2/15 1063/2/15 1061/2/15 1057/2/15
f 1064/1/24 1060/1/24 1058/1/24 1062/1/24
f 1065/2/40 1066/2/40 1068/2/40 1067/2/40
f 1067/2/21 1068/2/21 1072/2/21 1071/2/21
f 1071/2/37 1072/2/37 1070/2/37 1069/2/37
f 1069/1/12 1070/1/12 1066/1/12 1065/1/12
f 1067/2/16 1071/2/16 1069/2/16 1065/2/16
f 1072/2/25 1068/2/25 1066/2/25 1070/2/25
f 1073/2/40 1074/2/40 1076/2/40 1075/2/40
f 1075/1/49 1076/1/49 1080/1/49 1079/1/49
f 1079/2/37 1080/2/37 1078/2/37 1077/2/37
f 1077/2/50 1078/2/50 1074/2/50 1073/2/50
f 1075/2/17 1079/2/17 1077/2/17 1073/2/17
f 1080/1/26 1076/1/26 1074/1/26 1078/1/26
f 1081/2/40 1082/2/40 1084/2/40 1083/2/40
f 1087/2/37 1088/2/37 1086/2/37 1085/2/37
f 1085/2/50 1086/2/50 1082/2/50 1081/2/50
f 1083/1/17 1087/1/17 1085/1/17 1081/1/17
f 1088/2/26 1084/2/26 1082/2/26 1086/2/26
f 1089/2/49 1090/2/49 1092/2/49 1091/2/49
f 1093/2/40 1094/2/40 1096/2/40 1095/2/40
f 1095/1/49 1096/1/49 1100/1/49 1099/1/49
f 1099/2/37 1100/2/37 1098/2/37 1097/2/37
f 1097/2/50 1098/2/50 1094/2/50 1093/2/50
f 1095/2/17 1099/2/17 1097/2/17 1093/2/17
f 1100/1/26 1096/1/26 1094/1/26 1098/1/26
f 1101/2/40 1102/2/40 1104/2/40 1103/2/40
f 1103/2/49 1104/2/49 1108/2/49 1107/2/49
f 1107/2/37 1108/2/37 1106/2/37 1105/2/37
f 1105/1/50 1106/1/50 1102/1/50 1101/1/50
f 1103/2/17 1107/2/17 1105/2/17 1101/2/17
f 1108/2/26 1104/2/26 1102/2/26 1106/2/26
f 1109/2/40 1110/2/40 1112/2/40 1111/2/40
f 1111/1/49 1112/1/49 1116/1/49 1115/1/49
f 1115/2/37 1116/2/37 1114/2/37 1113/2/37
f 1113/2/50 1114/2/50 1110/2/50 1109/2/50
f 1111/2/17 1115/2/17 1113/2/17 1109/2/17
f 1116/1/26 1112/1/26 1110/1/26 1114/1/26
f 1117/2/40 1118/2/40 1120/2/40 1119/2/40
f 1119/2/49 1120/2/49 1124/2/49 1123/2/49
f 1123/2/37 1124/2/37 1122/2/37 1121/2/37
f 1121/1/50 1122/1/50 1118/1/50 1117/1/50
f 1119/2/17 1123/2/17 1121/2/17 1117/2/17
f 1124/2/26 1120/2/26 1118/2/26 1122/2/26
f 1125/2/40 1126/2/40 1128/2/40 1127/2/40
f 1127/1/49 1128/1/49 1132/1/49 1131/1/49
f 1131/2/37 1132/2/37 1130/2/37 1129/2/37
f 1129/2/50 1130/2/50 1126/2/50 1125/2/50
f 1127/2/17 1131/2/17 1129/2/17 1125/2/17
f 1132/1/26 1128/1/26 1126/1/26 1130/1/26
f 1133/2/40 1134/2/40 1136/2/40 1135/2/40
f 1135/2/49 1136/2/49 1140/2/49 1139/2/49
f 1139/2/37 1140/2/37 1138/2/37 1137/2/37
f 1137/1/50 1138/1/50 1134/1/50 1133/1/50
f 1135/2/17 1139/2/17 1137/2/17 1133/2/17
f 1140/2/26 1136/2/26 1134/2/26 1138/2/26
f 1141/2/40 1142/2/40 1144/2/40 1143/2/40
f 1143/1/22 1144/1/22 1148/1/22 1147/1/22
f 1147/2/37 1148/2/37 1146/2/37 1145/2/37
f 1145/2/13 1146/2/13 1142/2/13 1141/2/13
f 1143/2/18 1147/2/18 1145/2/18 1141/2/18
f 1148/1/9 1144/1/9 1142/1/9 1146/1/9
f 1149/2/40 1150/2/40 1152/2/40 1151/2/40
f 1151/2/23 1152/2/23 1156/2/23 1155/2/23
f 1155/2/37 1156/2/37 1154/2/37 1153/2/37
f 1153/1/14 1154/1/14 1150/1/14 1149/1/14
f 1151/2/19 1155/2/19 1153/2/19 1149/2/19
f 1156/2/10 1152/2/10 1150/2/10 1154/2/10
f 1157/2/40 1158/2/40 1160/2/40 1159/2/40
f 1159/1/24 1160/1/24 1164/1/24 1163/1/24
f 1163/2/37 1164/2/37 1162/2/37 1161/2/37
f 1161/2/15 1162/2/15 1158/2/15 1157/2/15
f 1159/2/20 1163/2/20 1161/2/20 1157/2/20
f 1164/1/11 1160/1/11 1158/1/11 1162/1/11
f 1165/2/40 1166/2/40 1168/2/40 1167/2/40
f 1167/2/25 1168/2/25 1172/2/25 1171/2/25
f 1171/2/37 1172/2/37 1170/2/37 1169/2/37
f 1169/1/16 1170/1/16 1166/1/16 1165/1/16
f 1167/2/21 1171/2/21 1169/2/21 1165/2/21
f 1172/2/12 1168/2/12 1166/2/12 1170/2/12
f 1173/2/40 1174/2/40 1176/2/40 1175/2/40
f 1175/1/9 1176/1/9 1180/1/9 1179/1/9
f 1179/2/37 1180/2/37 1178/2/37 1177/2/37
f 1177/2/18 1178/2/18 1174/2/18 1173/2/18
f 1175/2/22 1179/2/22 1177/2/22 1173/2/22
f 1180/1/13 1176/1/13 1174/1/13 1178/1/13
f 1181/2/40 1182/2/40 1184/2/40 1183/2/40
f 1183/2/10 1184/2/10 1188/2/10 1187/2/10
f 1187/2/37 1188/2/37 1186/2/37 1185/2/37
f 1185/1/19 1186/1/19 1182/1/19 1181/1/19
f 1183/2/23 1187/2/23 1185/2/23 1181/2/23
f 1188/2/14 1184/2/14 1182/2/14 1186/2/14
f 1189/2/40 1190/2/40 1192/2/40 1191/2/40
f 1191/1/11 1192/1/11 1196/1/11 1195/1/11
f 1195/2/37 1196/2/37 1194/2/37 1193/2/37
f 1193/2/20 1194/2/20 1190/2/20 1189/2/20
f 1191/2/24 1195/2/24 1193/2/24 1189/2/24
f 1196/1/15 1192/1/15 1190/1/15 1194/1/15
f 1197/2/40 1198/2/40 1200/2/40 1199/2/40
f 1199/2/12 1200/2/12 1204/2/12 1203/2/12
f 1203/2/37 1204/2/37 1202/2/37 1201/2/37
f 1201/1/21 1202/1/21 1198/1/21 1197/1/21
f 1199/2/25 1203/2/25 1201/2/25 1197/2/25
f 1204/2/16 1200/2/16 1198/2/16 1202/2/16
f 1205/2/40 1206/2/40 1208/2/40 1207/2/40
f 1207/1/50 1208/1/50 1212/1/50 1211/1/50
f 1211/2/37 1212/2/37 1210/2/37 1209/2/37
f 1209/2/49 1210/2/49 1206/2/49 1205/2/49
f 1207/2/26 1211/2/26 1209/2/26 1205/2/26
f 1212/1/17 1208/1/17 1206/1/17 1210/1/17
f 1213/2/40 1214/2/40 1216/2/40 1215/2/40
f 1215/2/50 1216/2/50 1220/2/50 1219/2/50
f 1219/2/37 1220/2/37 1218/2/37 1217/2/37
f 1217/1/49 1218/1/49 1214/1/49 1213/1/49
f 1215/2/26 1219/2/26 1217/2/26 1213/2/26
f 1220/2/17 1216/2/17 1214/2/17 1218/2/17
f 1221/2/40 1222/2/40 1224/2/40 1223/2/40
f 1223/1/50 1224/1/50 1228/1/50 1227/1/50
f 1227/2/37 1228/2/37 1226/2/37 1225/2/37
f 1225/2/49 1226/2/49 1222/2/49 1221/2/49
f 1223/2/26 1227/2/26 1225/2/26 1221/2/26
f 1228/1/17 1224/1/17 1222/1/17 1226/1/17
f 1229/2/40 1230/2/40 1232/2/40 1231/2/40
f 1231/2/50 1232/2/50 1236/2/50 1235/2/50
f 1235/2/37 1236/2/37 1234/2/37 1233/2/37
f 1233/1/49 1234/1/49 1230/1/49 1229/1/49
f 1231/2/26 1235/2/26 1233/2/26 1229/2/26
f 1236/2/17 1232/2/17 1230/2/17 1234/2/17
f 1237/2/40 1238/2/40 1240/2/40 1239/2/40
f 1239/1/50 1240/1/50 1244/1/50 1243/1/50
f 1243/2/37 1244/2/37 1242/2/37 1241/2/37
f 1241/2/49 1242/2/49 1238/2/49 1237/2/49
f 1239/2/26 1243/2/26 1241/2/26 1237/2/26
f 1244/1/17 1240/1/17 1238/1/17 1242/1/17
f 1245/2/40 1246/2/40 1248/2/40 1247/2/40
f 1247/2/50 1248/2/50 1252/2/50 1251/2/50
f 1251/2/37 1252/2/37 1250/2/37 1249/2/37
f 1249/1/49 1250/1/49 1246/1/49 1245/1/49
f 1247/2/26 1251/2/26 1249/2/26 1245/2/26
f 1252/2/17 1248/2/17 1246/2/17 1250/2/17
f 1253/2/40 1254/2/40 1256/2/40 1255/2/40
f 1255/1/50 1256/1/50 1260/1/50 1259/1/50
f 1259/2/37 1260/2/37 1258/2/37 1257/2/37
f 1257/2/49 1258/2/49 1254/2/49 1253/2/49
f 1255/2/26 1259/2/26 1257/2/26 1253/2/26
f 1260/1/17 1256/1/17 1254/1/17 1258/1/17
f 1261/2/40 1262/2/40 1264/2/40 1263/2/40
f 1263/2/50 1264/2/50 1268/2/50 1267/2/50
f 1267/2/37 1268/2/37 1266/2/37 1265/2/37
f 1265/1/49 1266/1/49 1262/1/49 1261/1/49
f 1263/2/26 1267/2/26 1265/2/26 1261/2/26
f 1268/2/17 1264/2/17 1262/2/17 1266/2/17
f 1269/2/40 1270/2/40 1272/2/40 1271/2/40
f 1271/1/50 1272/1/50 1276/1/50 1275/1/50
f 1275/2/37 1276/2/37 1274/2/37 1273/2/37
f 1273/2/49 1274/2/49 1270/2/49 1269/2/49
f 1271/2/26 1275/2/26 1273/2/26 1269/2/26
f 1276/1/17 1272/1/17 1270/1/17 1274/1/17
f 1277/2/40 1278/2/40 1280/2/40 1279/2/40
f 1279/2/50 1280/2/50 1284/2/50 1283/2/50
f 1283/2/37 1284/2/37 1282/2/37 1281/2/37
f 1281/1/49 1282/1/49 1278/1/49 1277/1/49
f 1279/2/26 1283/2/26 1281/2/26 1277/2/26
f 1284/2/17 1280/2/17 1278/2/17 1282/2/17
f 1285/2/40 1286/2/40 1288/2/40 1287/2/40
f 1287/1/50 1288/1/50 1292/1/50 1291/1/50
f 1291/2/37 1292/2/37 1290/2/37 1289/2/37
f 1289/2/49 1290/2/49 1286/2/49 1285/2/49
f 1287/2/26 1291/2/26 1289/2/26 1285/2/26
f 1292/1/17 1288/1/17 1286/1/17 1290/1/17
f 1300/2/49 1293/2/49 1294/2/49 1295/2/49 1296/2/49 1297/2/49 1298/2/49 1299/2/49
f 1293/2/26 1301/2/26 1302/2/26 1294/2/26
f 1294/4/51 1302/4/51 1303/4/51 1295/4/51
f 1295/2/52 1303/2/52 1304/2/52 1296/2/52
f 1296/2/53 1304/2/53 1305/2/53 1297/2/53
f 1297/2/54 1305/2/54 1306/2/54 1298/2/54
f 1298/4/55 1306/4/55 1307/4/55 1299/4/55
f 1299/2/56 1307/2/56 1308/2/56 1300/2/56
f 1300/2/57 1308/2/57 1301/2/57 1293/2/57
f 1301/2/26 1309/2/26 1310/2/26 1302/2/26
f 1302/4/58 1310/4/58 1311/4/58 1303/4/58
f 1303/2/59 1311/2/59 1312/2/59 1304/2/59
f 1304/2/60 1312/2/60 1313/2/60 1305/2/60
f 1305/2/17 1313/2/17 1314/2/17 1306/2/17
f 1306/4/61 1314/4/61 1315/4/61 1307/4/61
f 1307/2/62 1315/2/62 1316/2/62 1308/2/62
f 1308/2/63 1316/2/63 1309/2/63 1301/2/63
f 1309/2/50 1316/2/50 1315/2/50 1314/2/50 1313/2/50 1312/2/50 1311/2/50 1310/2/50
f 1324/5/64 1317/5/64 1318/5/64 1319/5/64 1320/5/64 1321/5/64 1322/5/64 1323/5/64
f 1317/2/65 1325/2/65 1326/2/65 1318/2/65
f 1318/2/66 1326/2/66 1327/2/66 1319/2/66
f 1319/2/67 1327/2/67 1328/2/67 1320/2/67
f 1323/5/68 1329/5/68 1330/5/68 1324/5/68
f 1324/2/69 1330/2/69 1325/2/69 1317/2/69
f 1325/2/70 1331/2/70 1332/2/70 1326/2/70
f 1326/2/71 1332/2/71 1333/2/71 1327/2/71
f 1327/5/72 1333/5/72 1334/5/72 1328/5/72
f 1329/2/73 1337/2/73 1338/2/73 1330/2/73
f 1330/2/74 1338/2/74 1331/2/74 1325/2/74
f 1331/2/75 1338/2/75 1337/2/75 1336/2/75 1335/2/75 1334/2/75 1333/2/75 1332/2/75
f 1339/2/76 1340/2/76 1341/2/76
f 1342/6/77 1343/6/77 1344/6/77
f 1345/2/78 1346/2/78 1347/2/78
f 1348/2/79 1349/2/79 1350/2/79
f 1351/2/80 1352/2/80 1353/2/80
f 1354/6/81 1355/6/81 1356/6/81
f 1357/2/82 1358/2/82 1359/2/82
f 1360/2/83 1361/2/83 1362/2/83
f 1345/2/84 1339/2/84 1341/2/84 1346/2/84
f 1340/6/85 1342/6/85 1344/6/85 1341/6/85
f 1343/2/86 1348/2/86 1350/2/86 1344/2/86
f 1349/2/87 1347/2/87 1346/2/87 1350/2/87
f 1357/2/28 1345/2/28 1347/2/28 1358/2/28
f 1348/6/38 1360/6/38 1362/6/38 1349/6/38
f 1361/2/88 1359/2/88 1358/2/88 1362/2/88
f 1351/2/89 1357/2/89 1359/2/89 1352/2/89
f 1360/2/90 1354/2/90 1356/2/90 1361/2/90
f 1355/6/91 1353/6/91 1352/6/91 1356/6/91
f 1339/2/31 1351/2/31 1353/2/31 1340/2/31
f 1354/2/34 1343/2/34 1342/2/34 1355/2/34
f 1345/2/26 1357/2/26 1351/2/26 1339/2/26
f 1341/6/40 1344/6/40 1350/6/40 1346/6/40
f 1353/2/49 1355/2/49 1342/2/49 1340/2/49
f 1360/2/17 1348/2/17 1343/2/17 1354/2/17
f 1347/2/50 1349/2/50 1362/2/50 1358/2/50
f 1359/6/37 1361/6/37 1356/6/37 1352/6/37
f 1363/2/92 1364/2/92 1365/2/92
f 1366/2/93 1367/2/93 1368/2/93
f 1369/2/94 1370/2/94 1371/2/94
f 1372/5/95 1373/5/95 1374/5/95
f 1375/2/96 1376/2/96 1377/2/96
f 1378/2/97 1379/2/97 1380/2/97
f 1381/2/82 1382/2/82 1383/2/82
f 1384/5/83 1385/5/83 1386/5/83
f 1369/2/84 1363/2/84 1365/2/84 1370/2/84
f 1364/2/85 1366/2/85 1368/2/85 1365/2/85
f 1367/2/86 1372/2/86 1374/2/86 1368/2/86
f 1373/5/87 1371/5/87 1370/5/87 1374/5/87
f 1381/2/28 1369/2/28 1371/2/28 1382/2/28
f 1372/2/38 1384/2/38 1386/2/38 1373/2/38
f 1385/2/88 1383/2/88 1382/2/88 1386/2/88
f 1375/5/89 1381/5/89 1383/5/89 1376/5/89
f 1384/2/90 1378/2/90 1380/2/90 1385/2/90
f 1379/2/91 1377/2/91 1376/2/91 1380/2/91
f 1363/2/31 1375/2/31 1377/2/31 1364/2/31
f 1378/5/34 1367/5/34 1366/5/34 1379/5/34
f 1369/2/26 1381/2/26 1375/2/26 1363/2/26
f 1365/2/40 1368/2/40 1374/2/40 1370/2/40
f 1377/2/49 1379/2/49 1366/2/49 1364/2/49
f 1384/5/17 1372/5/17 1367/5/17 1378/5/17
f 1371/2/50 1373/2/50 1386/2/50 1382/2/50
f 1383/2/37 1385/2/37 1380/2/37 1376/2/37
f 1387/2/98 1388/2/98 1389/2/98
f 1390/2/99 1391/2/99 1392/2/99
f 1393/2/100 1394/2/100 1395/2/100
f 1396/4/79 1397/4/79 1398/4/79
f 1399/2/96 1400/2/96 1401/2/96
f 1402/2/101 1403/2/101 1404/2/101
f 1405/2/102 1406/2/102 1407/2/102
f 1408/4/103 1409/4/103 1410/4/103
f 1393/2/84 1387/2/84 1389/2/84 1394/2/84
f 1388/2/85 1390/2/85 1392/2/85 1389/2/85
f 1391/2/86 1396/2/86 1398/2/86 1392/2/86
f 1397/4/87 1395/4/87 1394/4/87 1398/4/87
f 1405/2/28 1393/2/28 1395/2/28 1406/2/28
f 1396/2/38 1408/2/38 1410/2/38 1397/2/38
f 1409/2/88 1407/2/88 1406/2/88 1410/2/88
f 1399/4/89 1405/4/89 1407/4/89 1400/4/89
f 1408/2/90 1402/2/90 1404/2/90 1409/2/90
f 1403/2/91 1401/2/91 1400/2/91 1404/2/91
f 1387/2/31 1399/2/31 1401/2/31 1388/2/31
f 1402/4/34 1391/4/34 1390/4/34 1403/4/34
f 1393/2/26 1405/2/26 1399/2/26 1387/2/26
f 1389/2/40 1392/2/40 1398/2/40 1394/2/40
f 1401/2/49 1403/2/49 1390/2/49 1388/2/49
f 1408/4/17 1396/4/17 1391/4/17 1402/4/17
f 1395/2/50 1397/2/50 1410/2/50 1406/2/50
f 1407/2/37 1409/2/37 1404/2/37 1400/2/37
f 1411/2/40 1412/2/40 1414/2/40 1413/2/40
f 1413/2/50 1414/2/50 1418/2/50 1417/2/50
f 1417/7/37 1418/7/37 1416/7/37 1415/7/37
f 1415/2/49 1416/2/49 1412/2/49 1411/2/49
f 1413/2/26 1417/2/26 1415/2/26 1411/2/26
f 1418/2/17 1414/2/17 1412/2/17 1416/2/17
f 1419/2/104 1420/2/104 1421/2/104
f 1422/2/105 1423/2/105 1424/2/105
f 1425/4/100 1426/4/100 1427/4/100
f 1428/2/95 1429/2/95 1430/2/95
f 1431/2/106 1432/2/106 1433/2/106
f 1434/2/81 1435/2/81 1436/2/81
f 1437/4/102 1438/4/102 1439/4/102
f 1440/2/107 1441/2/107 1442/2/107
f 1425/2/84 1419/2/84 1421/2/84 1426/2/84
f 1420/2/85 1422/2/85 1424/2/85 1421/2/85
f 1423/4/86 1428/4/86 1430/4/86 1424/4/86
f 1429/2/87 1427/2/87 1426/2/87 1430/2/87
f 1437/2/28 1425/2/28 1427/2/28 1438/2/28
f 1428/2/38 1440/2/38 1442/2/38 1429/2/38
f 1441/4/88 1439/4/88 1438/4/88 1442/4/88
f 1431/2/89 1437/2/89 1439/2/89 1432/2/89
f 1440/2/90 1434/2/90 1436/2/90 1441/2/90
f 1435/2/91 1433/2/91 1432/2/91 1436/2/91
f 1419/4/31 1431/4/31 1433/4/31 1420/4/31
f 1434/2/34 1423/2/34 1422/2/34 1435/2/34
f 1425/2/26 1437/2/26 1431/2/26 1419/2/26
f 1421/2/40 1424/2/40 1430/2/40 1426/2/40
f 1433/4/49 1435/4/49 1422/4/49 1420/4/49
f 1440/2/17 1428/2/17 1423/2/17 1434/2/17
f 1427/2/50 1429/2/50 1442/2/50 1438/2/50
f 1439/2/37 1441/2/37 1436/2/37 1432/2/37
f 1443/2/40 1444/2/40 1446/2/40 1445/2/40
f 1445/7/50 1446/7/50 1450/7/50 1449/7/50
f 1449/2/37 1450/2/37 1448/2/37 1447/2/37
f 1447/2/49 1448/2/49 1444/2/49 1443/2/49
f 1445/2/26 1449/2/26 1447/2/26 1443/2/26
f 1450/7/17 1446/7/17 1444/7/17 1448/7/17
f 1451/2/104 1452/2/104 1453/2/104
f 1454/4/108 1455/4/108 1456/4/108
f 1457/2/109 1458/2/109 1459/2/109
f 1460/2/95 1461/2/95 1462/2/95
f 1463/2/110 1464/2/110 1465/2/110
f 1466/4/111 1467/4/111 1468/4/111
f 1469/2/112 1470/2/112 1471/2/112
f 1472/2/83 1473/2/83 1474/2/83
f 1457/2/84 1451/2/84 1453/2/84 1458/2/84
f 1452/4/85 1454/4/85 1456/4/85 1453/4/85
f 1455/2/86 1460/2/86 1462/2/86 1456/2/86
f 1461/2/87 1459/2/87 1458/2/87 1462/2/87
f 1469/2/28 1457/2/28 1459/2/28 1470/2/28
f 1460/4/38 1472/4/38 1474/4/38 1461/4/38
f 1473/2/88 1471/2/88 1470/2/88 1474/2/88
f 1463/2/89 1469/2/89 1471/2/89 1464/2/89
f 1472/2/90 1466/2/90 1468/2/90 1473/2/90
f 1467/4/91 1465/4/91 1464/4/91 1468/4/91
f 1451/2/31 1463/2/31 1465/2/31 1452/2/31
f 1466/2/34 1455/2/34 1454/2/34 1467/2/34
f 1457/2/26 1469/2/26 1463/2/26 1451/2/26
f 1453/4/40 1456/4/40 1462/4/40 1458/4/40
f 1465/2/49 1467/2/49 1454/2/49 1452/2/49
f 1472/2/17 1460/2/17 1455/2/17 1466/2/17
f 1459/2/50 1461/2/50 1474/2/50 1470/2/50
f 1471/4/37 1473/4/37 1468/4/37 1464/4/37
f 1475/7/40 1476/7/40 1478/7/40 1477/7/40
f 1477/2/50 1478/2/50 1482/2/50 1481/2/50
f 1481/2/37 1482/2/37 1480/2/37 1479/2/37
f 1479/2/49 1480/2/49 1476/2/49 1475/2/49
f 1477/7/26 1481/7/26 1479/7/26 1475/7/26
f 1482/2/17 1478/2/17 1476/2/17 1480/2/17
f 1483/6/113 1484/6/113 1485/6/113
f 1486/2/105 1487/2/105 1488/2/105
f 1489/2/114 1490/2/114 1491/2/114
f 1492/2/115 1493/2/115 1494/2/115
f 1495/6/116 1496/6/116 1497/6/116
f 1498/2/111 1499/2/111 1500/2/111
f 1501/2/102 1502/2/102 1503/2/102
f 1504/2/107 1505/2/107 1506/2/107
f 1489/6/84 1483/6/84 1485/6/84 1490/6/84
f 1484/2/85 1486/2/85 1488/2/85 1485/2/85
f 1487/2/86 1492/2/86 1494/2/86 1488/2/86
f 1493/2/87 1491/2/87 1490/2/87 1494/2/87
f 1501/6/28 1489/6/28 1491/6/28 1502/6/28
f 1492/2/38 1504/2/38 1506/2/38 1493/2/38
f 1505/2/88 1503/2/88 1502/2/88 1506/2/88
f 1495/2/89 1501/2/89 1503/2/89 1496/2/89
f 1504/6/90 1498/6/90 1500/6/90 1505/6/90
f 1499/2/91 1497/2/91 1496/2/91 1500/2/91
f 1483/2/31 1495/2/31 1497/2/31 1484/2/31
f 1498/2/34 1487/2/34 1486/2/34 1499/2/34
f 1489/6/26 1501/6/26 1495/6/26 1483/6/26
f 1485/2/40 1488/2/40 1494/2/40 1490/2/40
f 1497/2/49 1499/2/49 1486/2/49 1484/2/49
f 1504/2/17 1492/2/17 1487/2/17 1498/2/17
f 1491/6/50 1493/6/50 1506/6/50 1502/6/50
f 1503/2/37 1505/2/37 1500/2/37 1496/2/37
f 1507/2/117 1508/2/117 1509/2/117
f 1510/2/118 1511/2/118 1512/2/118
f 1513/5/100 1514/5/100 1515/5/100
f 1516/2/119 1517/2/119 1518/2/119
f 1519/2/96 1520/2/96 1521/2/96
f 1522/2/120 1523/2/120 1524/2/120
f 1525/5/121 1526/5/121 1527/5/121
f 1528/2/122 1529/2/122 1530/2/122
f 1513/2/84 1507/2/84 1509/2/84 1514/2/84
f 1508/2/85 1510/2/85 1512/2/85 1509/2/85
f 1511/5/86 1516/5/86 1518/5/86 1512/5/86
f 1517/2/87 1515/2/87 1514/2/87 1518/2/87
f 1525/2/28 1513/2/28 1515/2/28 1526/2/28
f 1516/2/38 1528/2/38 1530/2/38 1517/2/38
f 1529/5/88 1527/5/88 1526/5/88 1530/5/88
f 1519/2/89 1525/2/89 1527/2/89 1520/2/89
f 1528/2/90 1522/2/90 1524/2/90 1529/2/90
f 1523/2/91 1521/2/91 1520/2/91 1524/2/91
f 1507/5/31 1519/5/31 1521/5/31 1508/5/31
f 1522/2/34 1511/2/34 1510/2/34 1523/2/34
f 1513/2/26 1525/2/26 1519/2/26 1507/2/26
f 1509/2/40 1512/2/40 1518/2/40 1514/2/40
f 1521/5/49 1523/5/49 1510/5/49 1508/5/49
f 1528/2/17 1516/2/17 1511/2/17 1522/2/17
f 1515/2/50 1517/2/50 1530/2/50 1526/2/50
f 1527/2/37 1529/2/37 1524/2/37 1520/2/37
f 1531/4/98 1532/4/98 1533/4/98
f 1534/2/108 1535/2/108 1536/2/108
f 1537/2/109 1538/2/109 1539/2/109
f 1540/2/123 1541/2/123 1542/2/123
f 1543/4/116 1544/4/116 1545/4/116
f 1546/2/111 1547/2/111 1548/2/111
f 1549/2/112 1550/2/112 1551/2/112
f 1552/2/122 1553/2/122 1554/2/122
f 1537/4/84 1531/4/84 1533/4/84 1538/4/84
f 1532/2/85 1534/2/85 1536/2/85 1533/2/85
f 1535/2/86 1540/2/86 1542/2/86 1536/2/86
f 1541/2/87 1539/2/87 1538/2/87 1542/2/87
f 1549/4/28 1537/4/28 1539/4/28 1550/4/28
f 1540/2/38 1552/2/38 1554/2/38 1541/2/38
f 1553/2/88 1551/2/88 1550/2/88 1554/2/88
f 1543/2/89 1549/2/89 1551/2/89 1544/2/89
f 1552/4/90 1546/4/90 1548/4/90 1553/4/90
f 1547/2/91 1545/2/91 1544/2/91 1548/2/91
f 1531/2/31 1543/2/31 1545/2/31 1532/2/31
f 1546/2/34 1535/2/34 1534/2/34 1547/2/34
f 1537/4/26 1549/4/26 1543/4/26 1531/4/26
f 1533/2/40 1536/2/40 1542/2/40 1538/2/40
f 1545/2/49 1547/2/49 1534/2/49 1532/2/49
f 1552/2/17 1540/2/17 1535/2/17 1546/2/17
f 1539/4/50 1541/4/50 1554/4/50 1550/4/50
f 1551/2/37 1553/2/37 1548/2/37 1544/2/37
f 1555/2/40 1556/2/40 1558/2/40 1557/2/40
f 1557/2/50 1558/2/50 1562/2/50 1561/2/50
f 1561/2/37 1562/2/37 1560/2/37 1559/2/37
f 1559/7/49 1560/7/49 1556/7/49 1555/7/49
f 1557/2/26 1561/2/26 1559/2/26 1555/2/26
f 1562/2/17 1558/2/17 1556/2/17 1560/2/17
f 1563/2/76 1564/2/76 1565/2/76
f 1566/2/105 1567/2/105 1568/2/105
f 1569/2/109 1570/2/109 1571/2/109
f 1572/4/124 1573/4/124 1574/4/124
f 1575/2/116 1576/2/116 1577/2/116
f 1578/2/81 1579/2/81 1580/2/81
f 1581/2/82 1582/2/82 1583/2/82
f 1584/4/83 1585/4/83 1586/4/83
f 1569/2/84 1563/2/84 1565/2/84 1570/2/84
f 1564/2/85 1566/2/85 1568/2/85 1565/2/85
f 1567/2/86 1572/2/86 1574/2/86 1568/2/86
f 1573/4/87 1571/4/87 1570/4/87 1574/4/87
f 1581/2/28 1569/2/28 1571/2/28 1582/2/28
f 1572/2/38 1584/2/38 1586/2/38 1573/2/38
f 1585/2/88 1583/2/88 1582/2/88 1586/2/88
f 1575/4/89 1581/4/89 1583/4/89 1576/4/89
f 1584/2/90 1578/2/90 1580/2/90 1585/2/90
f 1579/2/91 1577/2/91 1576/2/91 1580/2/91
f 1563/2/31 1575/2/31 1577/2/31 1564/2/31
f 1578/4/34 1567/4/34 1566/4/34 1579/4/34
f 1569/2/26 1581/2/26 1575/2/26 1563/2/26
f 1565/2/40 1568/2/40 1574/2/40 1570/2/40
f 1577/2/49 1579/2/49 1566/2/49 1564/2/49
f 1584/4/17 1572/4/17 1567/4/17 1578/4/17
f 1571/2/50 1573/2/50 1586/2/50 1582/2/50
f 1583/2/37 1585/2/37 1580/2/37 1576/2/37
f 1587/2/40 1588/2/40 1590/2/40 1589/2/40
f 1589/2/50 1590/2/50 1594/2/50 1593/2/50
f 1593/7/37 1594/7/37 1592/7/37 1591/7/37
f 1591/2/49 1592/2/49 1588/2/49 1587/2/49
f 1589/2/26 1593/2/26 1591/2/26 1587/2/26
f 1594/2/17 1590/2/17 1588/2/17 1592/2/17
f 1595/2/76 1596/2/76 1597/2/76
f 1598/2/108 1599/2/108 1600/2/108
f 1601/4/109 1602/4/109 1603/4/109
f 1604/2/123 1605/2/123 1606/2/123
f 1607/2/110 1608/2/110 1609/2/110
f 1610/2/81 1611/2/81 1612/2/81
f 1613/4/121 1614/4/121 1615/4/121
f 1616/2/103 1617/2/103 1618/2/103
f 1601/2/84 1595/2/84 1597/2/84 1602/2/84
f 1596/2/85 1598/2/85 1600/2/85 1597/2/85
f 1599/4/86 1604/4/86 1606/4/86 1600/4/86
f 1605/2/87 1603/2/87 1602/2/87 1606/2/87
f 1613/2/28 1601/2/28 1603/2/28 1614/2/28
f 1604/2/38 1616/2/38 1618/2/38 1605/2/38
f 1617/4/88 1615/4/88 1614/4/88 1618/4/88
f 1607/2/89 1613/2/89 1615/2/89 1608/2/89
f 1616/2/90 1610/2/90 1612/2/90 1617/2/90
f 1611/2/91 1609/2/91 1608/2/91 1612/2/91
f 1595/4/31 1607/4/31 1609/4/31 1596/4/31
f 1610/2/34 1599/2/34 1598/2/34 1611/2/34
f 1601/2/26 1613/2/26 1607/2/26 1595/2/26
f 1597/2/40 1600/2/40 1606/2/40 1602/2/40
f 1609/4/49 1611/4/49 1598/4/49 1596/4/49
f 1616/2/17 1604/2/17 1599/2/17 1610/2/17
f 1603/2/50 1605/2/50 1618/2/50 1614/2/50
f 1615/2/37 1617/2/37 1612/2/37 1608/2/37
f 1619/2/40 1620/2/40 1622/2/40 1621/2/40
f 1621/7/50 1622/7/50 1626/7/50 1625/7/50
f 1625/2/37 1626/2/37 1624/2/37 1623/2/37
f 1623/2/49 1624/2/49 1620/2/49 1619/2/49
f 1621/2/26 1625/2/26 1623/2/26 1619/2/26
f 1626/7/17 1622/7/17 1620/7/17 1624/7/17
f 1627/2/113 1628/2/113 1629/2/113
f 1630/2/118 1631/2/118 1632/2/118
f 1633/2/78 1634/2/78 1635/2/78
f 1636/2/119 1637/2/119 1638/2/119
f 1639/2/125 1640/2/125 1641/2/125
f 1642/2/81 1643/2/81 1644/2/81
f 1645/2/126 1646/2/126 1647/2/126
f 1648/2/103 1649/2/103 1650/2/103
f 1633/2/84 1627/2/84 1629/2/84 1634/2/84
f 1628/2/85 1630/2/85 1632/2/85 1629/2/85
f 1631/2/86 1636/2/86 1638/2/86 1632/2/86
f 1637/2/87 1635/2/87 1634/2/87 1638/2/87
f 1645/2/28 1633/2/28 1635/2/28 1646/2/28
f 1636/2/38 1648/2/38 1650/2/38 1637/2/38
f 1649/2/88 1647/2/88 1646/2/88 1650/2/88
f 1639/2/89 1645/2/89 1647/2/89 1640/2/89
f 1648/2/90 1642/2/90 1644/2/90 1649/2/90
f 1643/2/91 1641/2/91 1640/2/91 1644/2/91
f 1627/2/31 1639/2/31 1641/2/31 1628/2/31
f 1642/2/34 1631/2/34 1630/2/34 1643/2/34
f 1633/2/26 1645/2/26 1639/2/26 1627/2/26
f 1629/2/40 1632/2/40 1638/2/40 1634/2/40
f 1641/2/49 1643/2/49 1630/2/49 1628/2/49
f 1648/2/17 1636/2/17 1631/2/17 1642/2/17
f 1635/2/50 1637/2/50 1650/2/50 1646/2/50
f 1647/2/37 1649/2/37 1644/2/37 1640/2/37
f 1651/2/40 1652/2/40 1654/2/40 1653/2/40
f 1653/2/50 1654/2/50 1658/2/50 1657/2/50
f 1657/2/37 1658/2/37 1656/2/37 1655/2/37
f 1655/1/49 1656/1/49 1652/1/49 1651/1/49
f 1653/2/26 1657/2/26 1655/2/26 1651/2/26
f 1658/2/17 1654/2/17 1652/2/17 1656/2/17
f 1659/2/40 1660/2/40 1662/2/40 1661/2/40
f 1661/2/50 1662/2/50 1666/2/50 1665/2/50
f 1665/1/37 1666/1/37 1664/1/37 1663/1/37
f 1663/2/49 1664/2/49 1660/2/49 1659/2/49
f 1661/2/26 1665/2/26 1663/2/26 1659/2/26
f 1666/2/17 1662/2/17 1660/2/17 1664/2/17
f 1667/2/40 1668/2/40 1670/2/40 1669/2/40
f 1669/1/50 1670/1/50 1674/1/50 1673/1/50
f 1673/2/37 1674/2/37 1672/2/37 1671/2/37
f 1671/2/49 1672/2/49 1668/2/49 1667/2/49
f 1669/2/26 1673/2/26 1671/2/26 1667/2/26
f 1674/1/17 1670/1/17 1668/1/17 1672/1/17
f 1675/1/40 1676/1/40 1678/1/40 1677/1/40
f 1677/2/50 1678/2/50 1682/2/50 1681/2/50
f 1681/2/37 1682/2/37 1680/2/37 1679/2/37
f 1679/2/49 1680/2/49 1676/2/49 1675/2/49
f 1677/1/26 1681/1/26 1679/1/26 1675/1/26
f 1682/2/17 1678/2/17 1676/2/17 1680/2/17
f 1683/2/40 1684/2/40 1686/2/40 1685/2/40
f 1685/2/50 1686/2/50 1690/2/50 1689/2/50
f 1689/2/37 1690/2/37 1688/2/37 1687/2/37
f 1687/1/49 1688/1/49 1684/1/49 1683/1/49
f 1685/2/26 1689/2/26 1687/2/26 1683/2/26
f 1690/2/17 1686/2/17 1684/2/17 1688/2/17
f 1691/1/127 1692/1/127 1694/1/127 1693/1/127
f 1693/2/88 1694/2/88 1696/2/88 1695/2/88
f 1695/2/128 1696/2/128 1698/2/128 1697/2/128
f 1697/2/129 1698/2/129 1700/2/129 1699/2/129
f 1699/1/91 1700/1/91 1702/1/91 1701/1/91
f 1701/2/130 1702/2/130 1704/2/130 1703/2/130
f 1703/2/131 1704/2/131 1706/2/131 1705/2/131
f 1705/2/85 1706/2/85 1708/2/85 1707/2/85
f 1707/1/132 1708/1/132 1710/1/132 1709/1/132
f 1709/2/133 1710/2/133 1712/2/133 1711/2/133
f 1694/2/17 1692/2/17 1714/2/17 1712/2/17 1710/2/17 1708/2/17 1706/2/17 1704/2/17 1702/2/17 1700/2/17 1698/2/17 1696/2/17
f 1711/2/87 1712/2/87 1714/2/87 1713/2/87
f 1713/1/134 1714/1/134 1692/1/134 1691/1/134
f 1691/2/26 1693/2/26 1695/2/26 1697/2/26 1699/2/26 1701/2/26 1703/2/26 1705/2/26 1707/2/26 1709/2/26 1711/2/26 1713/2/26
f 1715/2/135 1716/2/135 1718/2/135 1717/2/135
f 1717/8/136 1718/8/136 1720/8/136 1719/8/136
f 1719/2/137 1720/2/137 1722/2/137 1721/2/137
f 1721/2/138 1722/2/138 1724/2/138 1723/2/138
f 1718/2/139 1716/2/139 1726/2/139 1724/2/139 1722/2/139 1720/2/139
f 1723/8/140 1724/8/140 1726/8/140 1725/8/140
f 1725/2/141 1726/2/141 1716/2/141 1715/2/141
f 1715/2/142 1717/2/142 1719/2/142 1721/2/142 1723/2/142 1725/2/142
f 1727/2/143 1728/2/143 1730/2/143 1729/2/143
f 1729/2/144 1730/2/144 1732/2/144 1731/2/144
f 1731/2/145 1732/2/145 1734/2/145 1733/2/145
f 1733/8/146 1734/8/146 1736/8/146 1735/8/146
f 1730/2/147 1728/2/147 1738/2/147 1736/2/147 1734/2/147 1732/2/147
f 1735/2/148 1736/2/148 1738/2/148 1737/2/148
f 1737/2/149 1738/2/149 1728/2/149 1727/2/149
f 1727/8/150 1729/8/150 1731/8/150 1733/8/150 1735/8/150 1737/8/150
f 1739/4/151 1740/4/151 1742/4/151 1741/4/151
f 1741/2/152 1742/2/152 1744/2/152 1743/2/152
f 1743/2/153 1744/2/153 1746/2/153 1745/2/153
f 1745/2/154 1746/2/154 1748/2/154 1747/2/154
f 1742/4/155 1740/4/155 1750/4/155 1748/4/155 1746/4/155 1744/4/155
f 1747/2/156 1748/2/156 1750/2/156 1749/2/156
f 1749/2/157 1750/2/157 1740/2/157 1739/2/157
f 1739/2/158 1741/2/158 1743/2/158 1745/2/158 1747/2/158 1749/2/158
f 1751/2/159 1752/2/159 1754/2/159 1753/2/159
f 1753/2/160 1754/2/160 1756/2/160 1755/2/160
f 1755/2/161 1756/2/161 1758/2/161 1757/2/161
f 1757/7/162 1758/7/162 1760/7/162 1759/7/162
f 1754/2/163 1752/2/163 1762/2/163 1760/2/163 1758/2/163 1756/2/163
f 1759/2/164 1760/2/164 1762/2/164 1761/2/164
f 1761/2/165 1762/2/165 1752/2/165 1751/2/165
f 1751/7/166 1753/7/166 1755/7/166 1757/7/166 1759/7/166 1761/7/166
f 1763/2/27 1764/2/27 1766/2/27 1765/2/27
f 1765/2/28 1766/2/28 1768/2/28 1767/2/28
f 1767/1/29 1768/1/29 1770/1/29 1769/1/29
f 1769/2/30 1770/2/30 1772/2/30 1771/2/30
f 1771/2/31 1772/2/31 1774/2/31 1773/2/31
f 1773/2/32 1774/2/32 1776/2/32 1775/2/32
f 1775/1/33 1776/1/33 1778/1/33 1777/1/33
f 1777/2/34 1778/2/34 1780/2/34 1779/2/34
f 1779/2/35 1780/2/35 1782/2/35 1781/2/35
f 1781/2/36 1782/2/36 1784/2/36 1783/2/36
f 1766/1/37 1764/1/37 1786/1/37 1784/1/37 1782/1/37 1780/1/37 1778/1/37 1776/1/37 1774/1/37 1772/1/37 1770/1/37 1768/1/37
f 1783/2/38 1784/2/38 1786/2/38 1785/2/38
f 1785/2/39 1786/2/39 1764/2/39 1763/2/39
f 1763/2/40 1765/2/40 1767/2/40 1769/2/40 1771/2/40 1773/2/40 1775/2/40 1777/2/40 1779/2/40 1781/2/40 1783/2/40 1785/2/40
f 1787/2/167 1788/2/167 1790/2/167 1789/2/167
f 1789/1/168 1790/1/168 1792/1/168 1791/1/168
f 1791/2/169 1792/2/169 1794/2/169 1793/2/169
f 1793/2/170 1794/2/170 1796/2/170 1795/2/170
f 1790/2/171 1788/2/171 1798/2/171 1796/2/171 1794/2/171 1792/2/171
f 1795/1/172 1796/1/172 1798/1/172 1797/1/172
f 1797/2/173 1798/2/173 1788/2/173 1787/2/173
f 1787/2/174 1789/2/174 1791/2/174 1793/2/174 1795/2/174 1797/2/174
f 1799/1/175 1800/1/175 1802/1/175 1801/1/175
f 1801/2/176 1802/2/176 1804/2/176 1803/2/176
f 1803/2/177 1804/2/177 1806/2/177 1805/2/177
f 1805/2/178 1806/2/178 1808/2/178 1807/2/178
f 1802/1/179 1800/1/179 1810/1/179 1808/1/179 1806/1/179 1804/1/179
f 1807/2/180 1808/2/180 1810/2/180 1809/2/180
f 1809/2/181 1810/2/181 1800/2/181 1799/2/181
f 1799/2/182 1801/2/182 1803/2/182 1805/2/182 1807/2/182 1809/2/182
f 1811/1/98 1812/1/98 1813/1/98
f 1814/1/108 1815/1/108 1816/1/108
f 1817/1/78 1818/1/78 1819/1/78
f 1820/1/115 1821/1/115 1822/1/115
f 1823/1/116 1824/1/116 1825/1/116
f 1826/1/120 1827/1/120 1828/1/120
f 1829/1/102 1830/1/102 1831/1/102
f 1832/1/103 1833/1/103 1834/1/103
f 1817/1/84 1811/1/84 1813/1/84 1818/1/84
f 1812/1/85 1814/1/85 1816/1/85 1813/1/85
f 1815/1/86 1820/1/86 1822/1/86 1816/1/86
f 1821/1/87 1819/1/87 1818/1/87 1822/1/87
f 1829/1/28 1817/1/28 1819/1/28 1830/1/28
f 1820/1/38 1832/1/38 1834/1/38 1821/1/38
f 1833/1/88 1831/1/88 1830/1/88 1834/1/88
f 1823/1/89 1829/1/89 1831/1/89 1824/1/89
f 1832/1/90 1826/1/90 1828/1/90 1833/1/90
f 1827/1/91 1825/1/91 1824/1/91 1828/1/91
f 1811/1/31 1823/1/31 1825/1/31 1812/1/31
f 1826/1/34 1815/1/34 1814/1/34 1827/1/34
f 1817/1/26 1829/1/26 1823/1/26 1811/1/26
f 1813/1/40 1816/1/40 1822/1/40 1818/1/40
f 1825/1/49 1827/1/49 1814/1/49 1812/1/49
f 1832/1/17 1820/1/17 1815/1/17 1826/1/17
f 1819/1/50 1821/1/50 1834/1/50 1830/1/50
f 1831/1/37 1833/1/37 1828/1/37 1824/1/37
f 1835/1/183 1836/1/183 1837/1/183
f 1838/1/184 1839/1/184 1840/1/184
f 1841/1/185 1842/1/185 1843/1/185
f 1844/1/186 1845/1/186 1846/1/186
f 1847/1/187 1848/1/187 1849/1/187
f 1850/1/188 1851/1/188 1852/1/188
f 1853/1/189 1854/1/189 1855/1/189
f 1856/1/190 1857/1/190 1858/1/190
f 1841/1/191 1835/1/191 1837/1/191 1842/1/191
f 1836/1/192 1838/1/192 1840/1/192 1837/1/192
f 1839/1/193 1844/1/193 1846/1/193 1840/1/193
f 1845/1/194 1843/1/194 1842/1/194 1846/1/194
f 1853/1/195 1841/1/195 1843/1/195 1854/1/195
f 1844/1/196 1856/1/196 1858/1/196 1845/1/196
f 1857/1/197 1855/1/197 1854/1/197 1858/1/197
f 1847/1/198 1853/1/198 1855/1/198 1848/1/198
f 1856/1/199 1850/1/199 1852/1/199 1857/1/199
f 1851/1/200 1849/1/200 1848/1/200 1852/1/200
f 1835/1/201 1847/1/201 1849/1/201 1836/1/201
f 1850/1/202 1839/1/202 1838/1/202 1851/1/202
f 1841/1/26 1853/1/26 1847/1/26 1835/1/26
f 1837/1/203 1840/1/203 1846/1/203 1842/1/203
f 1849/1/204 1851/1/204 1838/1/204 1836/1/204
f 1856/1/17 1844/1/17 1839/1/17 1850/1/17
f 1843/1/205 1845/1/205 1858/1/205 1854/1/205
f 1855/1/206 1857/1/206 1852/1/206 1848/1/206
f 1859/1/207 1860/1/207 1861/1/207
f 1862/1/208 1863/1/208 1864/1/208
f 1865/1/209 1866/1/209 1867/1/209
f 1868/1/210 1869/1/210 1870/1/210
f 1871/1/211 1872/1/211 1873/1/211
f 1874/1/212 1875/1/212 1876/1/212
f 1877/1/213 1878/1/213 1879/1/213
f 1880/1/214 1881/1/214 1882/1/214
f 1865/1/215 1859/1/215 1861/1/215 1866/1/215
f 1860/1/216 1862/1/216 1864/1/216 1861/1/216
f 1863/1/217 1868/1/217 1870/1/217 1864/1/217
f 1869/1/218 1867/1/218 1866/1/218 1870/1/218
f 1877/1/219 1865/1/219 1867/1/219 1878/1/219
f 1868/1/220 1880/1/220 1882/1/220 1869/1/220
f 1881/1/221 1879/1/221 1878/1/221 1882/1/221
f 1871/1/222 1877/1/222 1879/1/222 1872/1/222
f 1880/1/223 1874/1/223 1876/1/223 1881/1/223
f 1875/1/224 1873/1/224 1872/1/224 1876/1/224
f 1859/1/225 1871/1/225 1873/1/225 1860/1/225
f 1874/1/226 1863/1/226 1862/1/226 1875/1/226
f 1865/1/26 1877/1/26 1871/1/26 1859/1/26
f 1861/1/227 1864/1/227 1870/1/227 1866/1/227
f 1873/1/228 1875/1/228 1862/1/228 1860/1/228
f 1880/1/17 1868/1/17 1863/1/17 1874/1/17
f 1867/1/229 1869/1/229 1882/1/229 1878/1/229
f 1879/1/230 1881/1/230 1876/1/230 1872/1/230
f 1883/1/231 1884/1/231 1885/1/231
f 1886/1/232 1887/1/232 1888/1/232
f 1889/1/233 1890/1/233 1891/1/233
f 1892/1/234 1893/1/234 1894/1/234
f 1895/1/235 1896/1/235 1897/1/235
f 1898/1/236 1899/1/236 1900/1/236
f 1901/1/237 1902/1/237 1903/1/237
f 1904/1/238 1905/1/238 1906/1/238
f 1889/1/239 1883/1/239 1885/1/239 1890/1/239
f 1884/1/240 1886/1/240 1888/1/240 1885/1/240
f 1887/1/241 1892/1/241 1894/1/241 1888/1/241
f 1893/1/242 1891/1/242 1890/1/242 1894/1/242
f 1901/1/243 1889/1/243 1891/1/243 1902/1/243
f 1892/1/244 1904/1/244 1906/1/244 1893/1/244
f 1905/1/245 1903/1/245 1902/1/245 1906/1/245
f 1895/1/246 1901/1/246 1903/1/246 1896/1/246
f 1904/1/247 1898/1/247 1900/1/247 1905/1/247
f 1899/1/248 1897/1/248 1896/1/248 1900/1/248
f 1883/1/249 1895/1/249 1897/1/249 1884/1/249
f 1898/1/250 1887/1/250 1886/1/250 1899/1/250
f 1889/1/26 1901/1/26 1895/1/26 1883/1/26
f 1885/1/251 1888/1/251 1894/1/251 1890/1/251
f 1897/1/252 1899/1/252 1886/1/252 1884/1/252
f 1904/1/17 1892/1/17 1887/1/17 1898/1/17
f 1891/1/253 1893/1/253 1906/1/253 1902/1/253
f 1903/1/254 1905/1/254 1900/1/254 1896/1/254
f 1907/5/255 1908/5/255 1909/5/255
f 1910/5/256 1911/5/256 1912/5/256
f 1913/5/257 1914/5/257 1915/5/257
f 1916/5/258 1917/5/258 1918/5/258
f 1919/5/259 1920/5/259 1921/5/259
f 1922/5/260 1923/5/260 1924/5/260
f 1925/5/261 1926/5/261 1927/5/261
f 1928/5/262 1929/5/262 1930/5/262
f 1913/5/263 1907/5/263 1909/5/263 1914/5/263
f 1908/5/264 1910/5/264 1912/5/264 1909/5/264
f 1911/5/265 1916/5/265 1918/5/265 1912/5/265
f 1917/5/266 1915/5/266 1914/5/266 1918/5/266
f 1925/5/267 1913/5/267 1915/5/267 1926/5/267
f 1916/5/268 1928/5/268 1930/5/268 1917/5/268
f 1929/5/269 1927/5/269 1926/5/269 1930/5/269
f 1919/5/270 1925/5/270 1927/5/270 1920/5/270
f 1928/5/271 1922/5/271 1924/5/271 1929/5/271
f 1923/5/272 1921/5/272 1920/5/272 1924/5/272
f 1907/5/273 1919/5/273 1921/5/273 1908/5/273
f 1922/5/274 1911/5/274 1910/5/274 1923/5/274
f 1913/5/275 1925/5/275 1919/5/275 1907/5/275
f 1909/5/276 1912/5/276 1918/5/276 1914/5/276
f 1921/5/277 1923/5/277 1910/5/277 1908/5/277
f 1928/5/278 1916/5/278 1911/5/278 1922/5/278
f 1915/5/279 1917/5/279 1930/5/279 1926/5/279
f 1927/5/280 1929/5/280 1924/5/280 1920/5/280
f 1931/5/281 1932/5/281 1933/5/281
f 1934/5/282 1935/5/282 1936/5/282
f 1937/5/283 1938/5/283 1939/5/283
f 1940/5/284 1941/5/284 1942/5/284
f 1943/5/285 1944/5/285 1945/5/285
f 1946/5/286 1947/5/286 1948/5/286
f 1949/5/287 1950/5/287 1951/5/287
f 1952/5/288 1953/5/288 1954/5/288
f 1937/5/289 1931/5/289 1933/5/289 1938/5/289
f 1932/5/290 1934/5/290 1936/5/290 1933/5/290
f 1935/5/291 1940/5/291 1942/5/291 1936/5/291
f 1941/5/292 1939/5/292 1938/5/292 1942/5/292
f 1949/5/293 1937/5/293 1939/5/293 1950/5/293
f 1940/5/294 1952/5/294 1954/5/294 1941/5/294
f 1953/5/295 1951/5/295 1950/5/295 1954/5/295
f 1943/5/296 1949/5/296 1951/5/296 1944/5/296
f 1952/5/297 1946/5/297 1948/5/297 1953/5/297
f 1947/5/298 1945/5/298 1944/5/298 1948/5/298
f 1931/5/299 1943/5/299 1945/5/299 1932/5/299
f 1946/5/300 1935/5/300 1934/5/300 1947/5/300
f 1937/5/301 1949/5/301 1943/5/301 1931/5/301
f 1933/5/302 1936/5/302 1942/5/302 1938/5/302
f 1945/5/303 1947/5/303 1934/5/303 1932/5/303
f 1952/5/304 1940/5/304 1935/5/304 1946/5/304
f 1939/5/305 1941/5/305 1954/5/305 1950/5/305
f 1951/5/306 1953/5/306 1948/5/306 1944/5/306
f 1955/1/307 1956/1/307 1958/1/307 1957/1/307
f 1957/1/308 1958/1/308 1960/1/308 1959/1/308
f 1959/1/309 1960/1/309 1962/1/309 1961/1/309
f 1961/1/310 1962/1/310 1964/1/310 1963/1/310
f 1958/1/311 1956/1/311 1966/1/311 1964/1/311 1962/1/311 1960/1/311
f 1963/1/312 1964/1/312 1966/1/312 1965/1/312
f 1965/1/313 1966/1/313 1956/1/313 1955/1/313
f 1955/1/314 1957/1/314 1959/1/314 1961/1/314 1963/1/314 1965/1/314
f 1967/2/113 1968/2/113 1969/2/113
f 1970/2/77 1971/2/77 1972/2/77
f 1973/2/78 1974/2/78 1975/2/78
f 1976/2/115 1977/2/115 1978/2/115
f 1979/2/80 1980/2/80 1981/2/80
f 1982/2/315 1983/2/315 1984/2/315
f 1985/2/316 1986/2/316 1987/2/316
f 1988/2/103 1989/2/103 1990/2/103
f 1973/2/84 1967/2/84 1969/2/84 1974/2/84
f 1968/2/85 1970/2/85 1972/2/85 1969/2/85
f 1971/2/86 1976/2/86 1978/2/86 1972/2/86
f 1977/2/87 1975/2/87 1974/2/87 1978/2/87
f 1985/2/28 1973/2/28 1975/2/28 1986/2/28
f 1976/2/38 1988/2/38 1990/2/38 1977/2/38
f 1989/2/88 1987/2/88 1986/2/88 1990/2/88
f 1979/2/89 1985/2/89 1987/2/89 1980/2/89
f 1988/2/90 1982/2/90 1984/2/90 1989/2/90
f 1983/2/91 1981/2/91 1980/2/91 1984/2/91
f 1967/2/31 1979/2/31 1981/2/31 1968/2/31
f 1982/2/34 1971/2/34 1970/2/34 1983/2/34
f 1973/2/26 1985/2/26 1979/2/26 1967/2/26
f 1969/2/40 1972/2/40 1978/2/40 1974/2/40
f 1981/2/49 1983/2/49 1970/2/49 1968/2/49
f 1988/2/17 1976/2/17 1971/2/17 1982/2/17
f 1975/2/50 1977/2/50 1990/2/50 1986/2/50
f 1987/2/37 1989/2/37 1984/2/37 1980/2/37
f 1991/1/40 1992/1/40 1994/1/40 1993/1/40
f 1993/1/50 1994/1/50 1998/1/50 1997/1/50
f 1997/1/37 1998/1/37 1996/1/37 1995/1/37
f 1995/1/49 1996/1/49 1992/1/49 1991/1/49
f 1993/1/26 1997/1/26 1995/1/26 1991/1/26
f 1998/1/17 1994/1/17 1992/1/17 1996/1/17
f 1999/1/40 2000/1/40 2002/1/40 2001/1/40
f 2001/1/50 2002/1/50 2006/1/50 2005/1/50
f 2005/1/37 2006/1/37 2004/1/37 2003/1/37
f 2003/1/49 2004/1/49 2000/1/49 1999/1/49
f 2001/1/26 2005/1/26 2003/1/26 1999/1/26
f 2006/1/17 2002/1/17 2000/1/17 2004/1/17
f 2007/1/40 2008/1/40 2010/1/40 2009/1/40
f 2009/1/50 2010/1/50 2014/1/50 2013/1/50
f 2013/1/37 2014/1/37 2012/1/37 2011/1/37
f 2011/1/49 2012/1/49 2008/1/49 2007/1/49
f 2009/1/26 2013/1/26 2011/1/26 2007/1/26
f 2014/1/17 2010/1/17 2008/1/17 2012/1/17
f 2015/1/40 2016/1/40 2018/1/40 2017/1/40
f 2017/1/50 2018/1/50 2022/1/50 2021/1/50
f 2021/1/37 2022/1/37 2020/1/37 2019/1/37
f 2019/1/49 2020/1/49 2016/1/49 2015/1/49
f 2017/1/26 2021/1/26 2019/1/26 2015/1/26
f 2022/1/17 2018/1/17 2016/1/17 2020/1/17
f 2023/4/317 2024/4/317 2025/4/317
f 2026/4/318 2027/4/318 2028/4/318
f 2029/4/319 2030/4/319 2031/4/319
f 2032/4/320 2033/4/320 2034/4/320
f 2035/4/321 2036/4/321 2037/4/321
f 2038/4/322 2039/4/322 2040/4/322
f 2041/4/323 2042/4/323 2043/4/323
f 2044/4/324 2045/4/324 2046/4/324
f 2029/4/325 2023/4/325 2025/4/325 2030/4/325
f 2024/4/326 2026/4/326 2028/4/326 2025/4/326
f 2027/4/327 2032/4/327 2034/4/327 2028/4/327
f 2033/4/328 2031/4/328 2030/4/328 2034/4/328
f 2041/4/329 2029/4/329 2031/4/329 2042/4/329
f 2032/4/330 2044/4/330 2046/4/330 2033/4/330
f 2045/4/331 2043/4/331 2042/4/331 2046/4/331
f 2035/4/332 2041/4/332 2043/4/332 2036/4/332
f 2044/4/333 2038/4/333 2040/4/333 2045/4/333
f 2039/4/334 2037/4/334 2036/4/334 2040/4/334
f 2023/4/335 2035/4/335 2037/4/335 2024/4/335
f 2038/4/336 2027/4/336 2026/4/336 2039/4/336
f 2029/4/337 2041/4/337 2035/4/337 2023/4/337
f 2025/4/338 2028/4/338 2034/4/338 2030/4/338
f 2037/4/339 2039/4/339 2026/4/339 2024/4/339
f 2044/4/340 2032/4/340 2027/4/340 2038/4/340
f 2031/4/341 2033/4/341 2046/4/341 2042/4/341
f 2043/4/342 2045/4/342 2040/4/342 2036/4/342
f 2047/1/343 2048/1/343 2050/1/343 2049/1/343
f 2049/1/344 2050/1/344 2052/1/344 2051/1/344
f 2051/1/345 2052/1/345 2054/1/345 2053/1/345
f 2053/1/346 2054/1/346 2056/1/346 2055/1/346
f 2050/1/347 2048/1/347 2058/1/347 2056/1/347 2054/1/347 2052/1/347
f 2055/1/348 2056/1/348 2058/1/348 2057/1/348
f 2057/1/349 2058/1/349 2048/1/349 2047/1/349
f 2047/1/350 2049/1/350 2051/1/350 2053/1/350 2055/1/350 2057/1/350
f 2059/4/351 2060/4/351 2061/4/351
f 2062/4/352 2063/4/352 2064/4/352
f 2065/4/353 2066/4/353 2067/4/353
f 2068/4/354 2069/4/354 2070/4/354
f 2071/4/355 2072/4/355 2073/4/355
f 2074/4/356 2075/4/356 2076/4/356
f 2077/4/357 2078/4/357 2079/4/357
f 2080/4/358 2081/4/358 2082/4/358
f 2065/4/359 2059/4/359 2061/4/359 2066/4/359
f 2060/4/360 2062/4/360 2064/4/360 2061/4/360
f 2063/4/361 2068/4/361 2070/4/361 2064/4/361
f 2069/4/362 2067/4/362 2066/4/362 2070/4/362
f 2077/4/363 2065/4/363 2067/4/363 2078/4/363
f 2068/4/364 2080/4/364 2082/4/364 2069/4/364
f 2081/4/365 2079/4/365 2078/4/365 2082/4/365
f 2071/4/366 2077/4/366 2079/4/366 2072/4/366
f 2080/4/367 2074/4/367 2076/4/367 2081/4/367
f 2075/4/368 2073/4/368 2072/4/368 2076/4/368
f 2059/4/369 2071/4/369 2073/4/369 2060/4/369
f 2074/4/370 2063/4/370 2062/4/370 2075/4/370
f 2065/4/371 2077/4/371 2071/4/371 2059/4/371
f 2061/4/372 2064/4/372 2070/4/372 2066/4/372
f 2073/4/373 2075/4/373 2062/4/373 2060/4/373
f 2080/4/374 2068/4/374 2063/4/374 2074/4/374
f 2067/4/375 2069/4/375 2082/4/375 2078/4/375
f 2079/4/376 2081/4/376 2076/4/376 2072/4/376
f 2083/1/377 2084/1/377 2086/1/377 2085/1/377
f 2085/1/378 2086/1/378 2088/1/378 2087/1/378
f 2087/1/379 2088/1/379 2090/1/379 2089/1/379
f 2089/1/380 2090/1/380 2092/1/380 2091/1/380
f 2086/1/381 2084/1/381 2094/1/381 2092/1/381 2090/1/381 2088/1/381
f 2091/1/382 2092/1/382 2094/1/382 2093/1/382
f 2093/1/383 2094/1/383 2084/1/383 2083/1/383
f 2083/1/384 2085/1/384 2087/1/384 2089/1/384 2091/1/384 2093/1/384
