# Blender 5.2.1 LTS
# www.blender.org
mtllib wreck_minelayer.mtl
o Body.013
v -0.819759 1.617548 0.757193
v -1.008959 1.995947 -0.481207
v -0.775786 1.650481 0.760538
v -0.964986 2.028881 -0.477862
v -0.781627 1.702566 0.777345
v -0.970827 2.080966 -0.461055
v -0.831441 1.721717 0.790807
v -1.020641 2.100117 -0.447593
v -0.875414 1.688783 0.787462
v -1.064614 2.067183 -0.450938
v -0.869573 1.636699 0.770655
v -1.058773 2.015099 -0.467745
v -1.958427 0.174593 1.867733
v -1.916193 0.550272 1.851352
v -1.656389 0.138346 1.815182
v -1.614155 0.514025 1.798801
v -1.356776 0.107618 1.882932
v -1.314542 0.483297 1.866551
v -1.105201 0.087086 2.060671
v -1.062967 0.462765 2.044290
v -0.939964 0.079876 2.321338
v -0.897731 0.455555 2.304957
v -0.886222 0.087086 2.625249
v -0.843988 0.462765 2.608868
v -0.952155 0.107618 2.926137
v -0.909921 0.483297 2.909756
v -1.127726 0.138346 3.178195
v -1.085493 0.514025 3.161813
v -1.386207 0.174593 3.343048
v -1.343973 0.550272 3.326667
v -1.688245 0.210839 3.395599
v -1.646011 0.586518 3.379218
v -1.987858 0.241567 3.327848
v -1.945624 0.617246 3.311468
v -2.239433 0.262099 3.150110
v -2.197199 0.637778 3.133729
v -2.404670 0.269309 2.889443
v -2.362436 0.644988 2.873062
v -2.458412 0.262099 2.585531
v -2.416179 0.637778 2.569150
v -2.392479 0.241567 2.284643
v -2.350245 0.617246 2.268263
v -2.216908 0.210839 2.032586
v -2.174674 0.586518 2.016205
v -1.844673 0.143002 2.171550
v -1.839874 0.185692 2.169688
v -1.606014 0.115060 2.146063
v -1.601214 0.157751 2.144201
v -1.386072 0.094606 2.244021
v -1.381272 0.137297 2.242159
v -1.243780 0.087119 2.439177
v -1.238981 0.129810 2.437315
v -1.217267 0.094606 2.679239
v -1.212467 0.137297 2.677377
v -1.313635 0.115060 2.899882
v -1.308835 0.157751 2.898021
v -1.507063 0.143002 3.041986
v -1.502264 0.185692 3.040124
v -1.745723 0.170943 3.067473
v -1.740924 0.213634 3.065612
v -1.965665 0.191397 2.969515
v -1.960866 0.234088 2.967653
v -2.107956 0.198884 2.774359
v -2.103157 0.241575 2.772497
v -2.134470 0.191397 2.534297
v -2.129671 0.234088 2.532436
v -2.038102 0.170943 2.313654
v -2.033303 0.213634 2.311792
v -1.747433 0.091773 2.439340
v -1.738794 0.168616 2.435990
v -1.609053 0.076368 2.442836
v -1.600414 0.153212 2.439486
v -1.513186 0.069988 2.543670
v -1.504548 0.146831 2.540319
v -1.515990 0.076368 2.682773
v -1.507351 0.153212 2.679423
v -1.615822 0.091773 2.778663
v -1.607183 0.168616 2.775312
v -1.754202 0.107177 2.775167
v -1.745563 0.184020 2.771816
v -1.850069 0.113557 2.674334
v -1.841430 0.190401 2.670983
v -1.847265 0.107177 2.535230
v -1.838626 0.184020 2.531879
v -1.979732 0.137250 2.684740
v -1.974933 0.179941 2.682878
v -1.943200 0.133395 2.690513
v -1.938400 0.176086 2.688651
v -1.929752 0.133395 2.725183
v -1.924953 0.176086 2.723321
v -1.952838 0.137250 2.754080
v -1.948039 0.179941 2.752218
v -1.989371 0.141105 2.748307
v -1.984571 0.183796 2.746445
v -2.002818 0.141105 2.713637
v -1.998019 0.183796 2.711775
v -1.933557 0.118780 2.380206
v -1.928758 0.161471 2.378344
v -1.897024 0.114925 2.385979
v -1.892225 0.157616 2.384117
v -1.883577 0.114925 2.420649
v -1.878778 0.157616 2.418787
v -1.906663 0.118780 2.449546
v -1.901864 0.161471 2.447684
v -1.943196 0.122636 2.443773
v -1.938396 0.165326 2.441911
v -1.956643 0.122636 2.409103
v -1.951844 0.165326 2.407241
v -1.647940 0.081841 2.269425
v -1.643140 0.124532 2.267564
v -1.611407 0.077986 2.275198
v -1.606608 0.120677 2.273337
v -1.597960 0.077986 2.309868
v -1.593161 0.120677 2.308007
v -1.621045 0.081841 2.338765
v -1.616246 0.124532 2.336904
v -1.657578 0.085696 2.332992
v -1.652779 0.128387 2.331131
v -1.671025 0.085696 2.298322
v -1.666226 0.128387 2.296461
v -1.408497 0.063371 2.463179
v -1.403698 0.106062 2.461317
v -1.371964 0.059516 2.468952
v -1.367165 0.102207 2.467090
v -1.358517 0.059516 2.503622
v -1.353718 0.102207 2.501760
v -1.381603 0.063371 2.532519
v -1.376803 0.106062 2.530657
v -1.418136 0.067227 2.526745
v -1.413336 0.109917 2.524884
v -1.431583 0.067227 2.492076
v -1.426783 0.109917 2.490214
v -1.454672 0.081841 2.767713
v -1.449873 0.124532 2.765851
v -1.418139 0.077986 2.773486
v -1.413340 0.120677 2.771625
v -1.404692 0.077986 2.808156
v -1.399893 0.120677 2.806294
v -1.427778 0.081841 2.837053
v -1.422979 0.124532 2.835191
v -1.464311 0.085696 2.831280
v -1.459511 0.128387 2.829418
v -1.477758 0.085696 2.796609
v -1.472958 0.128387 2.794748
v -1.740290 0.118780 2.878493
v -1.735490 0.161471 2.876632
v -1.703757 0.114925 2.884266
v -1.698958 0.157616 2.882405
v -1.690310 0.114925 2.918936
v -1.685511 0.157616 2.917075
v -1.713395 0.118780 2.947833
v -1.708596 0.161471 2.945972
v -1.749928 0.122636 2.942060
v -1.745129 0.165326 2.940199
v -1.763375 0.122636 2.907390
v -1.758576 0.165326 2.905529
v -1.800136 0.539172 2.154276
v -1.795337 0.581863 2.152414
v -1.561476 0.511231 2.128788
v -1.556677 0.553921 2.126927
v -1.341534 0.490776 2.226746
v -1.336735 0.533467 2.224885
v -1.199243 0.483289 2.421902
v -1.194444 0.525980 2.420041
v -1.172729 0.490776 2.661964
v -1.167930 0.533467 2.660103
v -1.269098 0.511231 2.882607
v -1.264298 0.553921 2.880746
v -1.462526 0.539172 3.024711
v -1.457727 0.581863 3.022850
v -1.701186 0.567113 3.050198
v -1.696386 0.609804 3.048337
v -1.921128 0.587568 2.952240
v -1.916328 0.630258 2.950379
v -2.063419 0.595054 2.757084
v -2.058620 0.637745 2.755223
v -2.089933 0.587568 2.517023
v -2.085134 0.630258 2.515161
v -1.993565 0.567113 2.296379
v -1.988765 0.609804 2.294518
v -1.695217 0.556248 2.419088
v -1.686578 0.633091 2.415737
v -1.556837 0.540844 2.422584
v -1.548198 0.617687 2.419233
v -1.460970 0.534463 2.523417
v -1.452332 0.611307 2.520066
v -1.463774 0.540844 2.662521
v -1.455135 0.617687 2.659170
v -1.563606 0.556248 2.758410
v -1.554967 0.633091 2.755059
v -1.701986 0.571652 2.754914
v -1.693347 0.648496 2.751564
v -1.797853 0.578033 2.654081
v -1.789214 0.654876 2.650730
v -1.795049 0.571652 2.514977
v -1.786410 0.648496 2.511626
v -1.925596 0.618802 2.663743
v -1.920797 0.661493 2.661881
v -1.889064 0.614947 2.669516
v -1.884264 0.657637 2.667654
v -1.875617 0.614947 2.704186
v -1.870817 0.657637 2.702324
v -1.898702 0.618802 2.733083
v -1.893903 0.661493 2.731221
v -1.935235 0.622657 2.727309
v -1.930436 0.665348 2.725448
v -1.948682 0.622657 2.692639
v -1.943883 0.665348 2.690778
v -1.879421 0.600332 2.359209
v -1.874622 0.643023 2.357347
v -1.842889 0.596477 2.364982
v -1.838089 0.639168 2.363120
v -1.829442 0.596477 2.399652
v -1.824642 0.639168 2.397790
v -1.852527 0.600332 2.428548
v -1.847728 0.643023 2.426687
v -1.889060 0.604187 2.422775
v -1.884260 0.646878 2.420914
v -1.902507 0.604187 2.388105
v -1.897708 0.646878 2.386244
v -1.593804 0.563393 2.248428
v -1.589005 0.606084 2.246567
v -1.557271 0.559538 2.254201
v -1.552472 0.602228 2.252340
v -1.543824 0.559538 2.288871
v -1.539025 0.602228 2.287010
v -1.566910 0.563393 2.317768
v -1.562110 0.606084 2.315906
v -1.603442 0.567248 2.311995
v -1.598643 0.609939 2.310133
v -1.616889 0.567248 2.277325
v -1.612090 0.609939 2.275463
v -1.354361 0.544923 2.442181
v -1.349562 0.587614 2.440320
v -1.317829 0.541068 2.447955
v -1.313030 0.583759 2.446093
v -1.304382 0.541068 2.482625
v -1.299582 0.583759 2.480763
v -1.327467 0.544923 2.511521
v -1.322668 0.587614 2.509660
v -1.364000 0.548779 2.505748
v -1.359200 0.591469 2.503887
v -1.377447 0.548779 2.471078
v -1.372648 0.591469 2.469217
v -1.400537 0.563393 2.746716
v -1.395737 0.606084 2.744854
v -1.364004 0.559538 2.752489
v -1.359205 0.602228 2.750627
v -1.350557 0.559538 2.787159
v -1.345757 0.602228 2.785297
v -1.373642 0.563393 2.816056
v -1.368843 0.606084 2.814194
v -1.410175 0.567248 2.810282
v -1.405375 0.609939 2.808421
v -1.423622 0.567248 2.775612
v -1.418823 0.609939 2.773751
v -1.686154 0.600332 2.857496
v -1.681355 0.643023 2.855635
v -1.649621 0.596477 2.863269
v -1.644822 0.639168 2.861408
v -1.636174 0.596477 2.897939
v -1.631375 0.639168 2.896077
v -1.659260 0.600332 2.926836
v -1.654460 0.643023 2.924974
v -1.695792 0.604187 2.921063
v -1.690993 0.646878 2.919201
v -1.709239 0.604187 2.886393
v -1.704440 0.646878 2.884531
v -2.350870 0.258244 2.949196
v -2.405797 0.265347 2.970500
v -2.405231 0.258243 2.809041
v -2.460158 0.265347 2.830345
v -2.306948 0.648949 2.932160
v -2.361874 0.656053 2.953464
v -2.361308 0.648949 2.792005
v -2.416235 0.656053 2.813309
v -2.431291 0.254747 2.661674
v -2.490249 0.261310 2.660184
v -2.428265 0.247861 2.511534
v -2.487222 0.254424 2.510044
v -2.387369 0.645453 2.644637
v -2.446326 0.652016 2.643148
v -2.384342 0.638566 2.494498
v -2.443299 0.645129 2.493008
v -2.396294 0.237905 2.365633
v -2.450306 0.242928 2.341577
v -2.336341 0.225179 2.228366
v -2.390353 0.230202 2.204309
v -2.352371 0.628611 2.348596
v -2.406383 0.633634 2.324540
v -2.292418 0.615885 2.211329
v -2.346430 0.620908 2.187274
v -2.251206 0.210279 2.106142
v -2.292050 0.212998 2.063182
v -2.143454 0.193653 2.002645
v -2.184298 0.196372 1.959685
v -2.207283 0.600985 2.089106
v -2.248127 0.603704 2.046146
v -2.099531 0.584359 1.985609
v -2.140375 0.587077 1.942649
v -2.018116 0.176077 1.922708
v -2.039574 0.176077 1.867383
v -1.878969 0.158081 1.868738
v -1.900427 0.158081 1.813414
v -1.974193 0.566783 1.905672
v -1.995651 0.566783 1.850347
v -1.835046 0.548787 1.851702
v -1.856504 0.548787 1.796377
v -1.732510 0.140505 1.843255
v -1.731315 0.137787 1.783990
v -1.583152 0.123879 1.847029
v -1.581957 0.121160 1.787763
v -1.688587 0.531211 1.826219
v -1.687392 0.528493 1.766954
v -1.539229 0.514585 1.829993
v -1.538034 0.511866 1.770727
v -1.437868 0.108979 1.879881
v -1.414203 0.103956 1.825697
v -1.301038 0.096254 1.940823
v -1.277372 0.091230 1.886639
v -1.393946 0.499685 1.862845
v -1.370280 0.494662 1.808661
v -1.257115 0.486959 1.923787
v -1.233449 0.481936 1.869603
v -1.179048 0.086298 2.027009
v -1.136515 0.079735 1.986155
v -1.075576 0.079411 2.135842
v -1.033042 0.072848 2.094988
v -1.135126 0.477004 2.009973
v -1.092592 0.470441 1.969119
v -1.031653 0.470117 2.118805
v -0.989120 0.463554 2.077952
v -0.995452 0.075915 2.262240
v -0.940526 0.068811 2.240936
v -0.941092 0.075915 2.402395
v -0.886165 0.068811 2.381091
v -0.951530 0.466621 2.245204
v -0.896603 0.459517 2.223900
v -0.897169 0.466621 2.385359
v -0.842242 0.459517 2.364055
v -0.915032 0.079411 2.549762
v -0.856074 0.072848 2.551251
v -0.918058 0.086298 2.699902
v -0.859101 0.079735 2.701391
v -0.871109 0.470117 2.532726
v -0.812152 0.463554 2.534215
v -0.874135 0.477003 2.682866
v -0.815178 0.470441 2.684355
v -0.950029 0.096254 2.845803
v -0.896017 0.091231 2.869859
v -1.009982 0.108979 2.983070
v -0.955970 0.103956 3.007126
v -0.906106 0.486959 2.828767
v -0.852094 0.481936 2.852823
v -0.966059 0.499685 2.966034
v -0.912047 0.494662 2.990090
v -1.095117 0.123879 3.105294
v -1.054273 0.121161 3.148254
v -1.202869 0.140505 3.208790
v -1.162025 0.137787 3.251751
v -1.051194 0.514585 3.088258
v -1.010350 0.511866 3.131218
v -1.158946 0.531211 3.191754
v -1.118102 0.528493 3.234715
v -1.328207 0.158081 3.288728
v -1.306749 0.158081 3.344052
v -1.467354 0.176077 3.342698
v -1.445896 0.176077 3.398022
v -1.284284 0.548787 3.271692
v -1.262826 0.548787 3.327016
v -1.423431 0.566783 3.325662
v -1.401973 0.566783 3.380986
v -1.613813 0.193653 3.368181
v -1.615008 0.196372 3.427446
v -1.763171 0.210279 3.364407
v -1.764366 0.212998 3.423673
v -1.569890 0.584359 3.351144
v -1.571085 0.587078 3.410410
v -1.719248 0.600985 3.347371
v -1.720443 0.603704 3.406637
v -1.908454 0.225179 3.331555
v -1.932120 0.230202 3.385739
v -2.045285 0.237905 3.270613
v -2.068951 0.242928 3.324797
v -1.864532 0.615885 3.314519
v -1.888197 0.620908 3.368703
v -2.001362 0.628610 3.253577
v -2.025028 0.633634 3.307761
v -2.167274 0.247861 3.184427
v -2.209808 0.254424 3.225281
v -2.270747 0.254747 3.075594
v -2.313281 0.261310 3.116448
v -2.123352 0.638566 3.167391
v -2.165885 0.645129 3.208245
v -2.226824 0.645453 3.058558
v -2.269358 0.652016 3.099412
v 1.183409 0.890841 1.553054
v 1.548214 0.797223 1.516451
v 1.114887 0.597475 1.620458
v 1.479693 0.503857 1.583855
v 1.068823 0.348771 1.797451
v 1.433628 0.255153 1.760849
v 1.052228 0.182592 2.057089
v 1.417033 0.088974 2.020486
v 1.067630 0.124238 2.359843
v 1.432434 0.030620 2.323240
v 1.112683 0.182592 2.659622
v 1.477488 0.088974 2.623019
v 1.180529 0.348771 2.910787
v 1.545334 0.255153 2.874185
v 1.260839 0.597475 3.075101
v 1.625644 0.503857 3.038499
v 1.341386 0.890841 3.127548
v 1.706191 0.797224 3.090946
v 1.409908 1.184208 3.060144
v 1.774713 1.090590 3.023542
v 1.455973 1.432912 2.883151
v 1.820778 1.339294 2.846548
v 1.472567 1.599090 2.623513
v 1.837372 1.505473 2.586910
v 1.457166 1.657445 2.320759
v 1.821971 1.563827 2.284156
v 1.412112 1.599090 2.020980
v 1.776917 1.505473 1.984378
v 1.344266 1.432912 1.769815
v 1.709071 1.339294 1.733212
v 1.263957 1.184208 1.605501
v 1.628762 1.090590 1.568898
v 1.185118 0.898714 1.878903
v 1.226573 0.888075 1.874744
v 1.133905 0.672565 1.946896
v 1.175360 0.661927 1.942737
v 1.108902 0.507014 2.121126
v 1.150357 0.496375 2.116966
v 1.116808 0.446418 2.354909
v 1.158263 0.435779 2.350749
v 1.155505 0.507014 2.585602
v 1.196960 0.496375 2.581443
v 1.214624 0.672565 2.751392
v 1.256079 0.661927 2.747232
v 1.278324 0.898714 2.807855
v 1.319779 0.888075 2.803695
v 1.329537 1.124862 2.739862
v 1.370992 1.114223 2.735703
v 1.354540 1.290413 2.565632
v 1.395995 1.279775 2.561472
v 1.346634 1.351010 2.331849
v 1.388089 1.340371 2.327690
v 1.307937 1.290413 2.101156
v 1.349392 1.279775 2.096997
v 1.248818 1.124862 1.935366
v 1.290273 1.114223 1.931207
v 1.163808 0.911480 2.167303
v 1.238427 0.892331 2.159816
v 1.137453 0.786803 2.223515
v 1.212072 0.767654 2.216028
v 1.137178 0.735161 2.352865
v 1.211797 0.716012 2.345378
v 1.163145 0.786803 2.479582
v 1.237764 0.767654 2.472095
v 1.200142 0.911480 2.529437
v 1.274761 0.892331 2.521950
v 1.226497 1.036156 2.473226
v 1.301116 1.017007 2.465739
v 1.226771 1.087798 2.343876
v 1.301391 1.068649 2.336389
v 1.200805 1.036156 2.217158
v 1.275424 1.017007 2.209671
v 1.262513 1.208327 2.302916
v 1.303968 1.197689 2.298757
v 1.256442 1.177124 2.322212
v 1.297897 1.166486 2.318053
v 1.260154 1.177124 2.359213
v 1.301609 1.166486 2.355053
v 1.269938 1.208327 2.376918
v 1.311393 1.197689 2.372758
v 1.276010 1.239530 2.357622
v 1.317465 1.228892 2.353462
v 1.272297 1.239530 2.320621
v 1.313752 1.228892 2.316462
v 1.197855 1.058840 2.040834
v 1.239310 1.048201 2.036675
v 1.191784 1.027636 2.060130
v 1.233239 1.016998 2.055971
v 1.195496 1.027636 2.097131
v 1.236951 1.016998 2.092971
v 1.205280 1.058840 2.114836
v 1.246735 1.048201 2.110676
v 1.211351 1.090043 2.095540
v 1.252806 1.079404 2.091381
v 1.207639 1.090043 2.058539
v 1.249094 1.079404 2.054380
v 1.121896 0.759864 2.048456
v 1.163350 0.749226 2.044296
v 1.115824 0.728661 2.067751
v 1.157279 0.718023 2.063592
v 1.119536 0.728661 2.104752
v 1.160991 0.718023 2.100592
v 1.129320 0.759864 2.122457
v 1.170775 0.749226 2.118297
v 1.135392 0.791067 2.103161
v 1.176847 0.780429 2.099002
v 1.131679 0.791067 2.066161
v 1.173135 0.780429 2.062001
v 1.110594 0.610377 2.318159
v 1.152049 0.599738 2.314000
v 1.104522 0.579173 2.337455
v 1.145977 0.568535 2.333295
v 1.108235 0.579173 2.374455
v 1.149690 0.568535 2.370296
v 1.118019 0.610377 2.392160
v 1.159474 0.599738 2.388001
v 1.124090 0.641580 2.372865
v 1.165545 0.630941 2.368705
v 1.120378 0.641580 2.335864
v 1.161833 0.630941 2.331705
v 1.175252 0.759864 2.580241
v 1.216707 0.749226 2.576082
v 1.169180 0.728661 2.599537
v 1.210635 0.718023 2.595377
v 1.172893 0.728661 2.636537
v 1.214348 0.718023 2.632378
v 1.182677 0.759864 2.654242
v 1.224132 0.749226 2.650083
v 1.188748 0.791067 2.634947
v 1.230203 0.780429 2.630787
v 1.185036 0.791067 2.597946
v 1.226491 0.780429 2.593787
v 1.251212 1.058840 2.572620
v 1.292667 1.048201 2.568460
v 1.245140 1.027636 2.591916
v 1.286595 1.016998 2.587756
v 1.248852 1.027636 2.628916
v 1.290308 1.016998 2.624757
v 1.258636 1.058840 2.646621
v 1.300092 1.048201 2.642462
v 1.264708 1.090043 2.627325
v 1.306163 1.079404 2.623166
v 1.260995 1.090043 2.590325
v 1.302450 1.079404 2.586165
v 1.569821 0.799989 1.840304
v 1.611276 0.789351 1.836145
v 1.518608 0.573841 1.908297
v 1.560063 0.563203 1.904137
v 1.493605 0.408290 2.082527
v 1.535060 0.397651 2.078368
v 1.501511 0.347693 2.316310
v 1.542966 0.337055 2.312150
v 1.540208 0.408290 2.547003
v 1.581663 0.397651 2.542843
v 1.599327 0.573841 2.712793
v 1.640782 0.563203 2.708633
v 1.663027 0.799989 2.769256
v 1.704482 0.789351 2.765096
v 1.714240 1.026137 2.701263
v 1.755695 1.015499 2.697104
v 1.739243 1.191689 2.527033
v 1.780699 1.181051 2.522873
v 1.731338 1.252285 2.293250
v 1.772793 1.241647 2.289091
v 1.692641 1.191689 2.062557
v 1.734096 1.181051 2.058397
v 1.633521 1.026138 1.896767
v 1.674976 1.015499 1.892608
v 1.614839 0.795734 2.122049
v 1.689458 0.776585 2.114562
v 1.588484 0.671058 2.178261
v 1.663103 0.651909 2.170774
v 1.588210 0.619415 2.307611
v 1.662829 0.600266 2.300124
v 1.614177 0.671058 2.434328
v 1.688796 0.651909 2.426841
v 1.651174 0.795734 2.484183
v 1.725793 0.776585 2.476696
v 1.677529 0.920410 2.427971
v 1.752148 0.901261 2.420485
v 1.677803 0.972053 2.298621
v 1.752422 0.952904 2.291135
v 1.651836 0.920410 2.171904
v 1.726455 0.901261 2.164418
v 1.730127 1.088326 2.255998
v 1.771582 1.077688 2.251839
v 1.724055 1.057123 2.275294
v 1.765510 1.046485 2.271135
v 1.727767 1.057123 2.312295
v 1.769223 1.046485 2.308135
v 1.737551 1.088326 2.330000
v 1.779006 1.077688 2.325840
v 1.743623 1.119530 2.310704
v 1.785078 1.108891 2.306545
v 1.739910 1.119530 2.273703
v 1.781366 1.108891 2.269544
v 1.665468 0.938839 1.993916
v 1.706924 0.928200 1.989757
v 1.659397 0.907636 2.013212
v 1.700852 0.896997 2.009053
v 1.663110 0.907636 2.050213
v 1.704565 0.896997 2.046053
v 1.672893 0.938839 2.067918
v 1.714349 0.928200 2.063758
v 1.678965 0.970042 2.048622
v 1.720420 0.959404 2.044463
v 1.675252 0.970042 2.011621
v 1.716708 0.959404 2.007462
v 1.589509 0.639863 2.001538
v 1.630964 0.629225 1.997378
v 1.583437 0.608660 2.020833
v 1.624892 0.598022 2.016674
v 1.587150 0.608660 2.057834
v 1.628605 0.598022 2.053675
v 1.596934 0.639863 2.075539
v 1.638389 0.629225 2.071380
v 1.603005 0.671067 2.056243
v 1.644460 0.660428 2.052084
v 1.599293 0.671067 2.019243
v 1.640748 0.660428 2.015083
v 1.578207 0.490376 2.271241
v 1.619662 0.479738 2.267082
v 1.572136 0.459172 2.290537
v 1.613591 0.448534 2.286377
v 1.575848 0.459172 2.327538
v 1.617303 0.448534 2.323378
v 1.585632 0.490376 2.345243
v 1.627088 0.479737 2.341083
v 1.591704 0.521579 2.325947
v 1.633159 0.510941 2.321787
v 1.587991 0.521579 2.288946
v 1.629447 0.510941 2.284787
v 1.642865 0.639863 2.533323
v 1.684320 0.629225 2.529164
v 1.636794 0.608660 2.552619
v 1.678249 0.598022 2.548460
v 1.640507 0.608660 2.589620
v 1.681961 0.598022 2.585460
v 1.650290 0.639863 2.607324
v 1.691746 0.629225 2.603165
v 1.656362 0.671067 2.588029
v 1.697817 0.660428 2.583869
v 1.652649 0.671067 2.551028
v 1.694104 0.660428 2.546869
v 1.718825 0.938839 2.525702
v 1.760280 0.928200 2.521543
v 1.712754 0.907636 2.544998
v 1.754209 0.896997 2.540838
v 1.716466 0.907636 2.581998
v 1.757921 0.896997 2.577839
v 1.726250 0.938839 2.599703
v 1.767705 0.928200 2.595544
v 1.732321 0.970042 2.580407
v 1.773776 0.959404 2.576248
v 1.728609 0.970042 2.543407
v 1.770064 0.959404 2.539248
v 1.450070 1.630569 2.397012
v 1.464677 1.688065 2.395547
v 1.435062 1.630569 2.247435
v 1.449670 1.688065 2.245970
v 1.829467 1.533207 2.358946
v 1.844074 1.590702 2.357480
v 1.814459 1.533207 2.209369
v 1.829067 1.590702 2.207903
v 1.413216 1.602273 2.102072
v 1.424444 1.655392 2.078123
v 1.385189 1.546534 1.965301
v 1.396417 1.599652 1.941352
v 1.792612 1.504911 2.064005
v 1.803841 1.558030 2.040056
v 1.764585 1.449171 1.927235
v 1.775814 1.502290 1.903286
v 1.352290 1.465953 1.843511
v 1.358430 1.506608 1.800724
v 1.315511 1.362960 1.740369
v 1.321651 1.403615 1.697583
v 1.731687 1.368591 1.805444
v 1.737827 1.409246 1.762658
v 1.694908 1.265597 1.702303
v 1.701048 1.306253 1.659516
v 1.276568 1.242362 1.660693
v 1.276685 1.264365 1.605583
v 1.236636 1.107795 1.606883
v 1.236753 1.129797 1.551773
v 1.655966 1.145000 1.622627
v 1.656082 1.167003 1.567516
v 1.616033 1.010433 1.568816
v 1.616150 1.032435 1.513706
v 1.197578 0.965541 1.581451
v 1.191654 0.965541 1.522408
v 1.160573 0.819886 1.585164
v 1.154649 0.819886 1.526121
v 1.576975 0.868178 1.543384
v 1.571051 0.868178 1.484341
v 1.539969 0.722524 1.547097
v 1.534045 0.722524 1.488054
v 1.127346 0.677632 1.617848
v 1.116283 0.655630 1.563860
v 1.098900 0.543065 1.678519
v 1.087837 0.521062 1.624531
v 1.506743 0.580270 1.579782
v 1.495680 0.558267 1.525794
v 1.478297 0.445702 1.640453
v 1.467234 0.423700 1.586465
v 1.076563 0.422467 1.764344
v 1.062045 0.381812 1.723631
v 1.061008 0.319474 1.872737
v 1.046490 0.278819 1.832023
v 1.455960 0.325105 1.726278
v 1.441442 0.284450 1.685564
v 1.440405 0.222112 1.834670
v 1.425887 0.181456 1.793956
v 1.052961 0.238893 1.998635
v 1.037199 0.185775 1.977394
v 1.052665 0.183154 2.138247
v 1.036902 0.130035 2.117006
v 1.432359 0.141531 1.960569
v 1.416596 0.088412 1.939328
v 1.432062 0.085792 2.100180
v 1.416300 0.032673 2.078940
v 1.060133 0.154858 2.285054
v 1.045526 0.097362 2.286519
v 1.075141 0.154858 2.434631
v 1.060534 0.097363 2.436096
v 1.439531 0.057495 2.246987
v 1.424923 0.000000 2.248453
v 1.454538 0.057495 2.396564
v 1.439930 0.000000 2.398030
v 1.096988 0.183154 2.579994
v 1.085759 0.130035 2.603943
v 1.125015 0.238893 2.716764
v 1.113786 0.185775 2.740714
v 1.476385 0.085792 2.541927
v 1.465156 0.032673 2.565876
v 1.504411 0.141531 2.678698
v 1.493183 0.088412 2.702647
v 1.157913 0.319474 2.838555
v 1.151773 0.278819 2.881342
v 1.194693 0.422467 2.941697
v 1.188552 0.381812 2.984483
v 1.537310 0.222112 2.800488
v 1.531170 0.181456 2.843275
v 1.574089 0.325105 2.903630
v 1.567950 0.284450 2.946416
v 1.233635 0.543065 3.021373
v 1.233518 0.521062 3.076483
v 1.273567 0.677632 3.075183
v 1.273450 0.655630 3.130293
v 1.613032 0.445702 2.983306
v 1.612915 0.423700 3.038416
v 1.652964 0.580270 3.037117
v 1.652847 0.558267 3.092227
v 1.312625 0.819886 3.100615
v 1.318549 0.819886 3.159658
v 1.349631 0.965541 3.096902
v 1.355555 0.965541 3.155946
v 1.692022 0.722524 3.062548
v 1.697946 0.722524 3.121592
v 1.729028 0.868178 3.058835
v 1.734952 0.868179 3.117878
v 1.382857 1.107795 3.064218
v 1.393920 1.129797 3.118206
v 1.411303 1.242362 3.003547
v 1.422366 1.264365 3.057535
v 1.762254 1.010433 3.026151
v 1.773318 1.032435 3.080139
v 1.790700 1.145000 2.965480
v 1.801763 1.167003 3.019468
v 1.433640 1.362960 2.917722
v 1.448158 1.403615 2.958436
v 1.449195 1.465953 2.809330
v 1.463713 1.506608 2.850043
v 1.813037 1.265597 2.879655
v 1.827555 1.306253 2.920369
v 1.828592 1.368591 2.771263
v 1.843110 1.409246 2.811977
v 1.457242 1.546534 2.683431
v 1.473005 1.599652 2.704671
v 1.457538 1.602273 2.543818
v 1.473301 1.655392 2.565059
v 1.836639 1.449171 2.645364
v 1.852401 1.502290 2.666605
v 1.836935 1.504911 2.505752
v 1.852698 1.558030 2.526993
v -1.485462 0.777382 -3.148952
v -1.136424 0.910683 -3.089037
v -1.390528 0.494012 -3.071549
v -1.041489 0.627312 -3.011634
v -1.330425 0.253782 -2.887212
v -0.981386 0.387083 -2.827298
v -1.314303 0.093266 -2.624007
v -0.965265 0.226567 -2.564092
v -1.344618 0.036901 -2.322003
v -0.995579 0.170201 -2.262088
v -1.416753 0.093266 -2.027178
v -1.067715 0.226567 -1.967263
v -1.519727 0.253783 -1.784416
v -1.170689 0.387083 -1.724501
v -1.637863 0.494012 -1.630676
v -1.288825 0.627312 -1.570761
v -1.753176 0.777382 -1.589363
v -1.404138 0.910683 -1.529448
v -1.848111 1.060752 -1.666766
v -1.499072 1.194052 -1.606851
v -1.908214 1.300982 -1.851102
v -1.559175 1.434282 -1.791188
v -1.924335 1.461498 -2.114308
v -1.575297 1.594798 -2.054393
v -1.894021 1.517864 -2.416312
v -1.544982 1.651164 -2.356397
v -1.821885 1.461498 -2.711137
v -1.472847 1.594798 -2.651222
v -1.718911 1.300982 -2.953899
v -1.369873 1.434282 -2.893984
v -1.600775 1.060752 -3.107639
v -1.251737 1.194053 -3.047724
v -1.569694 0.766173 -2.834275
v -1.530031 0.781320 -2.827466
v -1.499238 0.547730 -2.758725
v -1.459575 0.562878 -2.751917
v -1.468822 0.387820 -2.580142
v -1.429159 0.402967 -2.573333
v -1.486596 0.329288 -2.346375
v -1.446933 0.344436 -2.339566
v -1.547798 0.387820 -2.120063
v -1.508134 0.402968 -2.113254
v -1.636028 0.547730 -1.961845
v -1.596365 0.562878 -1.955037
v -1.727646 0.766173 -1.914117
v -1.687982 0.781320 -1.907308
v -1.798102 0.984615 -1.989666
v -1.758439 0.999762 -1.982858
v -1.828518 1.144525 -2.168250
v -1.788855 1.159673 -2.161442
v -1.810744 1.203057 -2.402017
v -1.771080 1.218204 -2.395208
v -1.749542 1.144525 -2.628329
v -1.709879 1.159673 -2.621520
v -1.661312 0.984615 -2.786546
v -1.621649 0.999762 -2.779738
v -1.665479 0.747995 -2.561719
v -1.594085 0.775261 -2.549464
v -1.629821 0.627567 -2.501518
v -1.558426 0.654833 -2.489263
v -1.633085 0.577685 -2.371521
v -1.561691 0.604950 -2.359265
v -1.673360 0.627568 -2.247875
v -1.601966 0.654833 -2.235620
v -1.727054 0.747995 -2.203013
v -1.655659 0.775261 -2.190758
v -1.762712 0.868423 -2.263213
v -1.691318 0.895689 -2.250958
v -1.759448 0.918306 -2.393211
v -1.688054 0.945572 -2.380956
v -1.719172 0.868423 -2.516856
v -1.647778 0.895689 -2.504601
v -1.789176 1.039812 -2.436045
v -1.749512 1.054960 -2.429236
v -1.781140 1.009673 -2.415800
v -1.741477 1.024820 -2.408992
v -1.787432 1.009673 -2.379150
v -1.747768 1.024820 -2.372342
v -1.801759 1.039813 -2.362744
v -1.762095 1.054960 -2.355936
v -1.809794 1.069952 -2.382989
v -1.770131 1.085100 -2.376180
v -1.803503 1.069952 -2.419639
v -1.763839 1.085100 -2.412831
v -1.690399 0.895419 -2.690225
v -1.650735 0.910567 -2.683417
v -1.682363 0.865279 -2.669981
v -1.642700 0.880427 -2.663172
v -1.688655 0.865279 -2.633330
v -1.648991 0.880427 -2.626522
v -1.702981 0.895419 -2.616925
v -1.663318 0.910566 -2.610116
v -1.711017 0.925559 -2.637169
v -1.671354 0.940706 -2.630361
v -1.704726 0.925559 -2.673820
v -1.665062 0.940706 -2.667011
v -1.583265 0.606631 -2.671835
v -1.543602 0.621779 -2.665027
v -1.575230 0.576491 -2.651591
v -1.535566 0.591639 -2.644782
v -1.581521 0.576491 -2.614940
v -1.541857 0.591639 -2.608132
v -1.595848 0.606631 -2.598535
v -1.556185 0.621779 -2.591726
v -1.603883 0.636771 -2.618779
v -1.564220 0.651919 -2.611970
v -1.597592 0.636771 -2.655429
v -1.557929 0.651919 -2.648621
v -1.574909 0.462237 -2.399264
v -1.535245 0.477385 -2.392456
v -1.566873 0.432097 -2.379020
v -1.527210 0.447245 -2.372211
v -1.573164 0.432097 -2.342370
v -1.533501 0.447245 -2.335561
v -1.587491 0.462237 -2.325964
v -1.547828 0.477385 -2.319155
v -1.595527 0.492377 -2.346208
v -1.555863 0.507525 -2.339400
v -1.589236 0.492377 -2.382859
v -1.549572 0.507525 -2.376050
v -1.673686 0.606631 -2.145084
v -1.634022 0.621779 -2.138276
v -1.665650 0.576491 -2.124840
v -1.625987 0.591639 -2.118031
v -1.671942 0.576491 -2.088189
v -1.632278 0.591639 -2.081381
v -1.686268 0.606631 -2.071783
v -1.646605 0.621779 -2.064975
v -1.694304 0.636771 -2.092028
v -1.654640 0.651919 -2.085219
v -1.688013 0.636771 -2.128678
v -1.648349 0.651919 -2.121870
v -1.780819 0.895419 -2.163474
v -1.741156 0.910567 -2.156666
v -1.772784 0.865279 -2.143230
v -1.733120 0.880427 -2.136421
v -1.779075 0.865279 -2.106579
v -1.739412 0.880426 -2.099771
v -1.793402 0.895419 -2.090173
v -1.753738 0.910567 -2.083365
v -1.801438 0.925559 -2.110418
v -1.761774 0.940706 -2.103609
v -1.795146 0.925559 -2.147068
v -1.755483 0.940706 -2.140260
v -1.201618 0.906744 -2.771092
v -1.161954 0.921892 -2.764283
v -1.131161 0.688302 -2.695542
v -1.091498 0.703450 -2.688734
v -1.100745 0.528391 -2.516958
v -1.061082 0.543539 -2.510150
v -1.118519 0.469860 -2.283192
v -1.078856 0.485008 -2.276383
v -1.179721 0.528392 -2.056880
v -1.140058 0.543539 -2.050071
v -1.267951 0.688302 -1.898662
v -1.228288 0.703450 -1.891854
v -1.359569 0.906744 -1.850934
v -1.319906 0.921892 -1.844126
v -1.430025 1.125186 -1.926483
v -1.390362 1.140334 -1.919675
v -1.460441 1.285097 -2.105067
v -1.420778 1.300245 -2.098259
v -1.442667 1.343628 -2.338834
v -1.403004 1.358776 -2.332026
v -1.381466 1.285097 -2.565146
v -1.341802 1.300245 -2.558338
v -1.293235 1.125186 -2.723363
v -1.253572 1.140334 -2.716555
v -1.233941 0.912803 -2.487642
v -1.162547 0.940069 -2.475387
v -1.198282 0.792375 -2.427442
v -1.126888 0.819641 -2.415187
v -1.201547 0.742492 -2.297444
v -1.130152 0.769759 -2.285189
v -1.241822 0.792375 -2.173799
v -1.170428 0.819641 -2.161544
v -1.295515 0.912803 -2.128937
v -1.224121 0.940069 -2.116681
v -1.331174 1.033231 -2.189137
v -1.259779 1.060497 -2.176882
v -1.327909 1.083114 -2.319135
v -1.256515 1.110380 -2.306880
v -1.287634 1.033231 -2.442780
v -1.216240 1.060497 -2.430525
v -1.341772 1.210680 -2.359245
v -1.302109 1.225827 -2.352436
v -1.333737 1.180540 -2.339000
v -1.294073 1.195687 -2.332192
v -1.340028 1.180540 -2.302350
v -1.300364 1.195688 -2.295542
v -1.354355 1.210680 -2.285944
v -1.314691 1.225827 -2.279136
v -1.362391 1.240820 -2.306189
v -1.322727 1.255967 -2.299380
v -1.356099 1.240820 -2.342839
v -1.316436 1.255967 -2.336030
v -1.242995 1.066286 -2.613425
v -1.203332 1.081434 -2.606617
v -1.234960 1.036146 -2.593181
v -1.195296 1.051294 -2.586372
v -1.241251 1.036146 -2.556530
v -1.201587 1.051294 -2.549722
v -1.255578 1.066286 -2.540125
v -1.215914 1.081434 -2.533316
v -1.263613 1.096426 -2.560369
v -1.223950 1.111573 -2.553561
v -1.257322 1.096426 -2.597020
v -1.217659 1.111574 -2.590211
v -1.135862 0.777498 -2.595035
v -1.096198 0.792646 -2.588227
v -1.127826 0.747358 -2.574790
v -1.088163 0.762506 -2.567982
v -1.134117 0.747358 -2.538140
v -1.094454 0.762506 -2.531332
v -1.148444 0.777498 -2.521734
v -1.108781 0.792646 -2.514926
v -1.156480 0.807638 -2.541979
v -1.116816 0.822786 -2.535171
v -1.150188 0.807638 -2.578629
v -1.110525 0.822786 -2.571821
v -1.127505 0.633104 -2.322464
v -1.087842 0.648252 -2.315656
v -1.119469 0.602964 -2.302220
v -1.079806 0.618112 -2.295412
v -1.125761 0.602964 -2.265570
v -1.086097 0.618112 -2.258761
v -1.140088 0.633104 -2.249164
v -1.100424 0.648252 -2.242355
v -1.148123 0.663244 -2.269408
v -1.108460 0.678392 -2.262600
v -1.141832 0.663244 -2.306059
v -1.102168 0.678392 -2.299250
v -1.226282 0.777498 -2.068284
v -1.186619 0.792646 -2.061476
v -1.218246 0.747358 -2.048040
v -1.178583 0.762506 -2.041231
v -1.224538 0.747358 -2.011389
v -1.184874 0.762506 -2.004580
v -1.238865 0.777498 -1.994983
v -1.199201 0.792646 -1.988175
v -1.246900 0.807638 -2.015228
v -1.207237 0.822786 -2.008419
v -1.240609 0.807638 -2.051878
v -1.200945 0.822786 -2.045070
v -1.333416 1.066286 -2.086674
v -1.293752 1.081434 -2.079866
v -1.325380 1.036146 -2.066430
v -1.285717 1.051294 -2.059621
v -1.331671 1.036146 -2.029779
v -1.292008 1.051294 -2.022971
v -1.345998 1.066286 -2.013374
v -1.306335 1.081434 -2.006565
v -1.354034 1.096426 -2.033618
v -1.314370 1.111573 -2.026809
v -1.347743 1.096426 -2.070268
v -1.308079 1.111574 -2.063460
v -1.903417 1.487429 -2.341661
v -1.924019 1.542966 -2.345198
v -1.877984 1.487429 -2.489822
v -1.898587 1.542966 -2.493359
v -1.540417 1.626062 -2.279350
v -1.561019 1.681598 -2.282887
v -1.514984 1.626062 -2.427511
v -1.535587 1.681598 -2.431047
v -1.843005 1.460097 -2.632784
v -1.858198 1.511406 -2.658432
v -1.799535 1.406257 -2.766238
v -1.814727 1.457566 -2.791886
v -1.480006 1.598730 -2.570472
v -1.495198 1.650039 -2.596121
v -1.436535 1.544890 -2.703927
v -1.451728 1.596198 -2.729575
v -1.749602 1.328422 -2.883954
v -1.757072 1.367692 -2.927809
v -1.694712 1.228939 -2.982384
v -1.702182 1.268208 -3.026240
v -1.386603 1.467055 -2.821643
v -1.394072 1.506325 -2.865498
v -1.331712 1.367571 -2.920073
v -1.339182 1.406841 -2.963928
v -1.637428 1.112451 -3.056933
v -1.636037 1.133703 -3.112319
v -1.579475 0.982469 -3.105355
v -1.578084 1.003721 -3.160741
v -1.274428 1.251083 -2.994622
v -1.273037 1.272336 -3.050008
v -1.216475 1.121101 -3.043044
v -1.215084 1.142354 -3.098430
v -1.523559 0.845062 -3.125388
v -1.513520 0.845062 -3.183872
v -1.471366 0.704370 -3.116429
v -1.461327 0.704370 -3.174913
v -1.160559 0.983694 -3.063076
v -1.150520 0.983694 -3.121561
v -1.108366 0.843003 -3.054117
v -1.098327 0.843003 -3.112602
v -1.425332 0.566963 -3.078895
v -1.408172 0.545710 -3.131575
v -1.386844 0.436981 -3.013919
v -1.369685 0.415729 -3.066598
v -1.062332 0.705596 -3.016584
v -1.045173 0.684343 -3.069263
v -1.023844 0.575614 -2.951608
v -1.006685 0.554361 -3.004287
v -1.357700 0.320493 -2.924534
v -1.336033 0.281223 -2.963388
v -1.338778 0.221009 -2.813433
v -1.317111 0.181740 -2.852287
v -0.994700 0.459126 -2.862223
v -0.973033 0.419856 -2.901077
v -0.975778 0.359642 -2.751122
v -0.954111 0.320372 -2.789976
v -1.330960 0.143175 -2.685804
v -1.308084 0.091866 -2.704918
v -1.334484 0.089334 -2.545493
v -1.311607 0.038026 -2.564606
v -0.967960 0.281807 -2.623493
v -0.945084 0.230498 -2.642606
v -0.971484 0.227967 -2.483181
v -0.948608 0.176659 -2.502295
v -1.349183 0.062002 -2.399050
v -1.328581 0.006466 -2.395514
v -1.374616 0.062003 -2.250889
v -1.354013 0.006466 -2.247353
v -0.986183 0.200635 -2.336739
v -0.965581 0.145099 -2.333202
v -1.011616 0.200635 -2.188578
v -0.991014 0.145099 -2.185041
v -1.409595 0.089334 -2.107928
v -1.394402 0.038026 -2.082279
v -1.453065 0.143175 -1.974473
v -1.437873 0.091866 -1.948825
v -1.046595 0.227967 -2.045616
v -1.031402 0.176658 -2.019968
v -1.090065 0.281807 -1.912162
v -1.074873 0.230499 -1.886513
v -1.502998 0.221009 -1.856758
v -1.495528 0.181740 -1.812902
v -1.557888 0.320493 -1.758327
v -1.550418 0.281223 -1.714471
v -1.139998 0.359642 -1.794446
v -1.132528 0.320372 -1.750590
v -1.194888 0.459126 -1.696016
v -1.187418 0.419856 -1.652160
v -1.615172 0.436981 -1.683778
v -1.616563 0.415728 -1.628392
v -1.673125 0.566963 -1.635357
v -1.674516 0.545711 -1.579970
v -1.252172 0.575614 -1.621467
v -1.253563 0.554361 -1.566081
v -1.310125 0.705596 -1.573045
v -1.311516 0.684343 -1.517659
v -1.729041 0.704370 -1.615324
v -1.739080 0.704370 -1.556839
v -1.781234 0.845062 -1.624283
v -1.791273 0.845062 -1.565798
v -1.366041 0.843003 -1.553012
v -1.376080 0.843003 -1.494528
v -1.418234 0.983694 -1.561972
v -1.428273 0.983694 -1.503487
v -1.827268 0.982469 -1.661816
v -1.844427 1.003721 -1.609137
v -1.865756 1.112451 -1.726792
v -1.882915 1.133703 -1.674113
v -1.464268 1.121101 -1.599505
v -1.481428 1.142354 -1.546826
v -1.502756 1.251083 -1.664481
v -1.519915 1.272336 -1.611802
v -1.894900 1.228939 -1.816178
v -1.916567 1.268208 -1.777323
v -1.913822 1.328422 -1.927278
v -1.935489 1.367692 -1.888424
v -1.531900 1.367571 -1.753866
v -1.553567 1.406841 -1.715012
v -1.550822 1.467055 -1.864967
v -1.572490 1.506325 -1.826113
v -1.921640 1.406257 -2.054907
v -1.944516 1.457566 -2.035794
v -1.918116 1.460098 -2.195219
v -1.940993 1.511406 -2.176105
v -1.558640 1.544890 -1.992596
v -1.581516 1.596198 -1.973482
v -1.555116 1.598730 -2.132907
v -1.577993 1.650039 -2.113794
v 1.397981 0.890841 -3.150009
v 1.759333 0.797224 -3.087981
v 1.313963 0.597475 -3.103324
v 1.675314 0.503857 -3.041296
v 1.222357 0.348770 -2.945030
v 1.583709 0.255153 -2.883001
v 1.137110 0.182592 -2.699225
v 1.498462 0.088974 -2.637197
v 1.071200 0.124238 -2.403331
v 1.432551 0.030620 -2.341303
v 1.034661 0.182592 -2.102396
v 1.396012 0.088974 -2.040368
v 1.033055 0.348770 -1.842233
v 1.394406 0.255153 -1.780205
v 1.066628 0.597475 -1.662451
v 1.427979 0.503857 -1.600423
v 1.130267 0.890841 -1.590420
v 1.491619 0.797224 -1.528391
v 1.214286 1.184208 -1.637105
v 1.575637 1.090590 -1.575076
v 1.305891 1.432912 -1.795399
v 1.667243 1.339294 -1.733371
v 1.391139 1.599090 -2.041204
v 1.752490 1.505473 -1.979175
v 1.457049 1.657445 -2.337098
v 1.818400 1.563827 -2.275069
v 1.493588 1.599090 -2.638033
v 1.854940 1.505473 -2.576005
v 1.495194 1.432912 -2.898195
v 1.856545 1.339294 -2.836167
v 1.461621 1.184208 -3.077977
v 1.822973 1.090590 -3.015949
v 1.312714 0.898714 -2.835509
v 1.353776 0.888075 -2.828461
v 1.245220 0.672565 -2.783640
v 1.286283 0.661927 -2.776591
v 1.174650 0.507014 -2.622391
v 1.215713 0.496375 -2.615342
v 1.119913 0.446417 -2.394969
v 1.160975 0.435779 -2.387921
v 1.095675 0.507014 -2.162312
v 1.136737 0.496375 -2.155263
v 1.108430 0.672565 -1.986760
v 1.149493 0.661927 -1.979711
v 1.154762 0.898714 -1.915352
v 1.195825 0.888075 -1.908303
v 1.222256 1.124862 -1.967221
v 1.263319 1.114223 -1.960172
v 1.292826 1.290413 -2.128470
v 1.333889 1.279775 -2.121421
v 1.347564 1.351010 -2.355892
v 1.388626 1.340371 -2.348843
v 1.371801 1.290413 -2.588549
v 1.412864 1.279775 -2.581500
v 1.359045 1.124862 -2.764101
v 1.400108 1.114223 -2.757052
v 1.215250 0.911480 -2.563242
v 1.289163 0.892331 -2.550554
v 1.174857 0.786803 -2.516097
v 1.248769 0.767654 -2.503409
v 1.140090 0.735161 -2.391506
v 1.214003 0.716012 -2.378818
v 1.131317 0.786803 -2.262453
v 1.205230 0.767654 -2.249766
v 1.153676 0.911479 -2.204536
v 1.227589 0.892331 -2.191849
v 1.194069 1.036156 -2.251681
v 1.267982 1.017007 -2.238994
v 1.228836 1.087798 -2.376272
v 1.302748 1.068649 -2.363585
v 1.237609 1.036156 -2.505324
v 1.311522 1.017007 -2.492637
v 1.274207 1.208327 -2.406214
v 1.315270 1.197689 -2.399165
v 1.263209 1.177124 -2.389237
v 1.304272 1.166486 -2.382188
v 1.256917 1.177124 -2.352586
v 1.297980 1.166486 -2.345538
v 1.261625 1.208327 -2.332913
v 1.302687 1.197689 -2.325865
v 1.272623 1.239530 -2.349890
v 1.313686 1.228892 -2.342842
v 1.278914 1.239530 -2.386541
v 1.319977 1.228892 -2.379492
v 1.281797 1.058840 -2.676047
v 1.322860 1.048201 -2.668999
v 1.270799 1.027636 -2.659070
v 1.311862 1.016998 -2.652021
v 1.264508 1.027636 -2.622420
v 1.305570 1.016998 -2.615371
v 1.269215 1.058840 -2.602746
v 1.310277 1.048201 -2.595698
v 1.280213 1.090043 -2.619724
v 1.321275 1.079404 -2.612675
v 1.286504 1.090043 -2.656374
v 1.327567 1.079404 -2.649326
v 1.206557 0.759864 -2.688963
v 1.247619 0.749226 -2.681914
v 1.195558 0.728661 -2.671986
v 1.236621 0.718023 -2.664937
v 1.189267 0.728661 -2.635335
v 1.230330 0.718022 -2.628287
v 1.193974 0.759864 -2.615662
v 1.235037 0.749226 -2.608613
v 1.204973 0.791067 -2.632639
v 1.246035 0.780429 -2.625591
v 1.211263 0.791067 -2.669290
v 1.252326 0.780429 -2.662241
v 1.123726 0.610376 -2.432045
v 1.164789 0.599738 -2.424996
v 1.112728 0.579173 -2.415068
v 1.153791 0.568535 -2.408019
v 1.106436 0.579173 -2.378417
v 1.147499 0.568535 -2.371369
v 1.111144 0.610377 -2.358744
v 1.152206 0.599738 -2.351696
v 1.122142 0.641580 -2.375721
v 1.163204 0.630941 -2.368673
v 1.128433 0.641580 -2.412372
v 1.169496 0.630941 -2.405323
v 1.116136 0.759864 -2.162212
v 1.157199 0.749226 -2.155163
v 1.105138 0.728661 -2.145235
v 1.146201 0.718023 -2.138186
v 1.098847 0.728661 -2.108584
v 1.139909 0.718023 -2.101535
v 1.103554 0.759864 -2.088911
v 1.144616 0.749226 -2.081862
v 1.114552 0.791067 -2.105888
v 1.155615 0.780429 -2.098839
v 1.120843 0.791067 -2.142539
v 1.161906 0.780429 -2.135490
v 1.191376 1.058839 -2.149296
v 1.232439 1.048201 -2.142247
v 1.180378 1.027636 -2.132319
v 1.221441 1.016998 -2.125270
v 1.174087 1.027636 -2.095669
v 1.215150 1.016998 -2.088620
v 1.178794 1.058840 -2.075995
v 1.219857 1.048201 -2.068947
v 1.189792 1.090043 -2.092973
v 1.230855 1.079404 -2.085924
v 1.196084 1.090043 -2.129623
v 1.237146 1.079404 -2.122574
v 1.693775 0.799990 -2.770097
v 1.734838 0.789351 -2.763049
v 1.626282 0.573841 -2.718228
v 1.667344 0.563203 -2.711180
v 1.555712 0.408290 -2.556979
v 1.596774 0.397651 -2.549931
v 1.500974 0.347693 -2.329557
v 1.542037 0.337055 -2.322509
v 1.476736 0.408289 -2.096900
v 1.517799 0.397651 -2.089852
v 1.489492 0.573841 -1.921348
v 1.530555 0.563203 -1.914299
v 1.535824 0.799989 -1.849940
v 1.576886 0.789351 -1.842891
v 1.603317 1.026138 -1.901809
v 1.644380 1.015499 -1.894760
v 1.673887 1.191689 -2.063058
v 1.714950 1.181051 -2.056009
v 1.728625 1.252285 -2.290480
v 1.769688 1.241647 -2.283431
v 1.752863 1.191689 -2.523137
v 1.793926 1.181051 -2.516088
v 1.740107 1.026137 -2.698689
v 1.781169 1.015499 -2.691640
v 1.662012 0.795734 -2.486552
v 1.735924 0.776585 -2.473864
v 1.621619 0.671058 -2.439407
v 1.695531 0.651909 -2.426719
v 1.586852 0.619416 -2.314816
v 1.660765 0.600266 -2.302128
v 1.578079 0.671058 -2.185764
v 1.651992 0.651909 -2.173076
v 1.600437 0.795734 -2.127846
v 1.674350 0.776585 -2.115159
v 1.640831 0.920410 -2.174992
v 1.714744 0.901261 -2.162304
v 1.675597 0.972053 -2.299582
v 1.749510 0.952904 -2.286895
v 1.684371 0.920410 -2.428635
v 1.758283 0.901261 -2.415947
v 1.737394 1.088326 -2.326705
v 1.778456 1.077688 -2.319656
v 1.726395 1.057123 -2.309728
v 1.767458 1.046485 -2.302679
v 1.720104 1.057123 -2.273077
v 1.761167 1.046485 -2.266028
v 1.724811 1.088326 -2.253404
v 1.765874 1.077688 -2.246356
v 1.735810 1.119530 -2.270381
v 1.776872 1.108891 -2.263333
v 1.742101 1.119529 -2.307032
v 1.783163 1.108891 -2.299983
v 1.744984 0.938839 -2.596538
v 1.786047 0.928200 -2.589489
v 1.733986 0.907635 -2.579561
v 1.775048 0.896997 -2.572512
v 1.727694 0.907636 -2.542911
v 1.768757 0.896997 -2.535862
v 1.732401 0.938839 -2.523237
v 1.773464 0.928200 -2.516189
v 1.743400 0.970042 -2.540215
v 1.784462 0.959404 -2.533166
v 1.749691 0.970042 -2.576865
v 1.790753 0.959404 -2.569816
v 1.669743 0.639863 -2.609454
v 1.710806 0.629225 -2.602405
v 1.658745 0.608660 -2.592476
v 1.699808 0.598022 -2.585428
v 1.652454 0.608660 -2.555826
v 1.693516 0.598022 -2.548778
v 1.657161 0.639863 -2.536153
v 1.698223 0.629225 -2.529104
v 1.668159 0.671067 -2.553130
v 1.709222 0.660428 -2.546082
v 1.674450 0.671067 -2.589781
v 1.715513 0.660428 -2.582732
v 1.586913 0.490376 -2.352536
v 1.627975 0.479737 -2.345487
v 1.575915 0.459172 -2.335559
v 1.616977 0.448534 -2.328510
v 1.569623 0.459172 -2.298908
v 1.610686 0.448534 -2.291860
v 1.574330 0.490376 -2.279235
v 1.615393 0.479738 -2.272187
v 1.585329 0.521579 -2.296212
v 1.626391 0.510940 -2.289164
v 1.591620 0.521579 -2.332863
v 1.632683 0.510941 -2.325814
v 1.579323 0.639863 -2.082703
v 1.620386 0.629225 -2.075654
v 1.568325 0.608660 -2.065725
v 1.609387 0.598022 -2.058676
v 1.562033 0.608660 -2.029075
v 1.603096 0.598022 -2.022026
v 1.566740 0.639863 -2.009402
v 1.607803 0.629225 -2.002353
v 1.577739 0.671067 -2.026379
v 1.618801 0.660428 -2.019330
v 1.584030 0.671066 -2.063030
v 1.625093 0.660428 -2.055981
v 1.654563 0.938839 -2.069787
v 1.695626 0.928200 -2.062738
v 1.643565 0.907636 -2.052810
v 1.684628 0.896997 -2.045761
v 1.637274 0.907636 -2.016160
v 1.678337 0.896997 -2.009111
v 1.641981 0.938839 -1.996486
v 1.683043 0.928200 -1.989437
v 1.652979 0.970042 -2.013463
v 1.694042 0.959404 -2.006415
v 1.659270 0.970042 -2.050114
v 1.700333 0.959404 -2.043065
v 1.429871 1.630569 -2.265500
v 1.444340 1.688065 -2.263016
v 1.455303 1.630569 -2.413661
v 1.469773 1.688065 -2.411177
v 1.805676 1.533207 -2.200990
v 1.820145 1.590702 -2.198506
v 1.831109 1.533207 -2.349151
v 1.845578 1.590702 -2.346667
v 1.473021 1.602273 -2.559585
v 1.490231 1.655392 -2.579671
v 1.482491 1.546534 -2.698876
v 1.499701 1.599652 -2.718962
v 1.848827 1.504911 -2.495075
v 1.866037 1.558029 -2.515162
v 1.858296 1.449171 -2.634366
v 1.875506 1.502290 -2.654453
v 1.483269 1.465953 -2.825029
v 1.500599 1.506608 -2.864628
v 1.475334 1.362960 -2.934244
v 1.492664 1.403615 -2.973843
v 1.859075 1.368591 -2.760520
v 1.876405 1.409246 -2.800118
v 1.851139 1.265597 -2.869735
v 1.868469 1.306253 -2.909333
v 1.459054 1.242362 -3.021421
v 1.473866 1.264365 -3.074503
v 1.434922 1.107795 -3.083933
v 1.449734 1.129797 -3.137015
v 1.834860 1.145000 -2.956912
v 1.849672 1.167002 -3.009994
v 1.810727 1.010433 -3.019423
v 1.825539 1.032435 -3.072505
v 1.404063 0.965541 -3.118861
v 1.414102 0.965541 -3.177346
v 1.367407 0.819886 -3.125153
v 1.377446 0.819886 -3.183638
v 1.779868 0.868178 -3.054352
v 1.789907 0.868178 -3.112836
v 1.743212 0.722524 -3.060644
v 1.753252 0.722524 -3.119128
v 1.326666 0.677632 -3.102516
v 1.330404 0.655630 -3.157499
v 1.283068 0.543065 -3.051630
v 1.286806 0.521062 -3.106613
v 1.702471 0.580269 -3.038006
v 1.706210 0.558267 -3.092989
v 1.658874 0.445702 -2.987121
v 1.662611 0.423700 -3.042104
v 1.238648 0.422467 -2.974873
v 1.235516 0.381812 -3.017984
v 1.194745 0.319474 -2.874557
v 1.191612 0.278819 -2.917667
v 1.614454 0.325105 -2.910363
v 1.611321 0.284450 -2.953475
v 1.570551 0.222111 -2.810047
v 1.567418 0.181456 -2.853158
v 1.153409 0.238893 -2.755365
v 1.143883 0.185775 -2.780041
v 1.115884 0.183154 -2.620890
v 1.106358 0.130035 -2.645566
v 1.529214 0.141531 -2.690856
v 1.519688 0.088412 -2.715531
v 1.491690 0.085791 -2.556381
v 1.482163 0.032673 -2.581056
v 1.083924 0.154858 -2.477410
v 1.069455 0.097362 -2.479894
v 1.058491 0.154857 -2.329249
v 1.044022 0.097363 -2.331733
v 1.459730 0.057495 -2.412901
v 1.445260 0.000000 -2.415385
v 1.434297 0.057495 -2.264740
v 1.419827 0.000000 -2.267224
v 1.040773 0.183154 -2.183325
v 1.023563 0.130035 -2.163239
v 1.031304 0.238893 -2.044034
v 1.014094 0.185775 -2.023948
v 1.416579 0.085791 -2.118815
v 1.399369 0.032673 -2.098729
v 1.407109 0.141531 -1.979524
v 1.389899 0.088412 -1.959438
v 1.030525 0.319474 -1.917881
v 1.013195 0.278819 -1.878282
v 1.038461 0.422467 -1.808666
v 1.021131 0.381812 -1.769067
v 1.406331 0.222111 -1.853371
v 1.389000 0.181456 -1.813773
v 1.414266 0.325105 -1.744156
v 1.396936 0.284450 -1.704558
v 1.054740 0.543065 -1.721489
v 1.039928 0.521062 -1.668407
v 1.078873 0.677632 -1.658977
v 1.064061 0.655630 -1.605895
v 1.430546 0.445702 -1.656979
v 1.415733 0.423700 -1.603897
v 1.454679 0.580269 -1.594468
v 1.439866 0.558267 -1.541385
v 1.109732 0.819886 -1.624049
v 1.099693 0.819886 -1.565564
v 1.146388 0.965541 -1.617756
v 1.136348 0.965541 -1.559272
v 1.485537 0.722524 -1.559539
v 1.475498 0.722524 -1.501054
v 1.522193 0.868178 -1.553247
v 1.512154 0.868178 -1.494762
v 1.187128 1.107795 -1.640394
v 1.183390 1.129797 -1.585411
v 1.230726 1.242362 -1.691280
v 1.226989 1.264365 -1.636297
v 1.562934 1.010433 -1.575885
v 1.559196 1.032435 -1.520901
v 1.606532 1.145000 -1.626770
v 1.602794 1.167003 -1.571787
v 1.275146 1.362960 -1.768037
v 1.278279 1.403615 -1.724926
v 1.319049 1.465953 -1.868353
v 1.322182 1.506608 -1.825242
v 1.650952 1.265597 -1.703528
v 1.654084 1.306253 -1.660416
v 1.694855 1.368591 -1.803844
v 1.697987 1.409246 -1.760733
v 1.360386 1.546534 -1.987545
v 1.369912 1.599652 -1.962869
v 1.397910 1.602273 -2.122020
v 1.407436 1.655392 -2.097344
v 1.736192 1.449171 -1.923035
v 1.745718 1.502290 -1.898359
v 1.773716 1.504911 -2.057510
v 1.783242 1.558029 -2.032835
v -1.195167 1.245471 2.840707
v 1.657538 0.552998 2.872495
v 1.122875 0.376346 0.693013
v -1.225562 0.975061 0.663994
v -0.754741 2.686642 1.913713
v 1.376069 2.331317 1.921348
v 1.655671 2.409913 0.483768
v -0.770800 2.583774 0.498031
v -0.937790 1.845988 3.017534
v -0.919904 1.910617 3.046314
v -0.974739 1.905934 2.998395
v -0.830433 2.233898 2.912337
v -0.822756 2.261635 2.845279
v -0.885268 2.229215 2.864418
v -1.012665 1.575445 2.314721
v -1.049614 1.635392 2.295581
v -1.004989 1.603182 2.247662
v -0.897631 1.991092 2.142466
v -0.915518 1.926463 2.113686
v -0.960143 1.958673 2.161605
v 1.482432 1.176172 3.017534
v 1.544944 1.208592 2.998395
v 1.500318 1.240801 3.046314
v 1.597465 1.591819 2.845279
v 1.589789 1.564082 2.912338
v 1.634414 1.531873 2.864418
v 1.407557 0.905629 2.314721
v 1.415233 0.933366 2.247662
v 1.470069 0.938049 2.295581
v 1.522591 1.321277 2.142465
v 1.559539 1.261330 2.161605
v 1.504704 1.256648 2.113686
v -1.341600 0.861232 0.954600
v -1.341600 1.480432 0.954600
v -1.341600 0.861232 -2.743400
v -1.341600 1.480432 -2.743400
v 1.341600 0.861232 0.954600
v 1.341600 1.480432 0.954600
v 1.341600 0.861232 -2.743400
v 1.341600 1.480432 -2.743400
v -0.903000 1.127832 2.975600
v -0.903000 1.557832 2.975600
v -0.903000 1.127832 2.872400
v -0.903000 1.557832 2.872400
v 0.903000 1.127832 2.975600
v 0.903000 1.557832 2.975600
v 0.903000 1.127832 2.872400
v 0.903000 1.557832 2.872400
v -0.722400 1.274032 -2.975600
v -0.722400 1.790032 -2.975600
v -0.503480 1.274032 -2.884920
v -0.503480 1.790032 -2.884920
v -0.412800 1.274032 -2.666000
v -0.412800 1.790032 -2.666000
v -0.503480 1.274032 -2.447079
v -0.503480 1.790032 -2.447079
v -0.722400 1.274032 -2.356400
v -0.722400 1.790032 -2.356400
v -0.941320 1.274032 -2.447079
v -0.941320 1.790032 -2.447079
v -1.032000 1.274032 -2.666000
v -1.032000 1.790032 -2.666000
v -0.941320 1.274032 -2.884920
v -0.941320 1.790032 -2.884920
v 0.000000 1.274032 -2.975600
v 0.000000 1.790032 -2.975600
v 0.218920 1.274032 -2.884920
v 0.218920 1.790032 -2.884920
v 0.309600 1.274032 -2.666000
v 0.309600 1.790032 -2.666000
v 0.218920 1.274032 -2.447080
v 0.218920 1.790032 -2.447080
v 0.000000 1.274032 -2.356400
v 0.000000 1.790032 -2.356400
v -0.218920 1.274032 -2.447080
v -0.218920 1.790032 -2.447080
v -0.309600 1.274032 -2.666000
v -0.309600 1.790032 -2.666000
v -0.218920 1.274032 -2.884920
v -0.218920 1.790032 -2.884920
v 0.722400 1.274032 -2.975600
v 0.722400 1.790032 -2.975600
v 0.941320 1.274032 -2.884920
v 0.941320 1.790032 -2.884920
v 1.032000 1.274032 -2.666000
v 1.032000 1.790032 -2.666000
v 0.941320 1.274032 -2.447079
v 0.941320 1.790032 -2.447080
v 0.722400 1.274032 -2.356400
v 0.722400 1.790032 -2.356400
v 0.503480 1.274032 -2.447080
v 0.503480 1.790032 -2.447080
v 0.412800 1.274032 -2.666000
v 0.412800 1.790032 -2.666000
v 0.503480 1.274032 -2.884920
v 0.503480 1.790032 -2.884920
v -0.999805 1.101914 -0.258000
v -1.008351 1.116840 -0.240800
v -1.023278 1.108294 -0.258000
v -1.410029 1.818385 -0.240800
v -1.418575 1.833312 -0.258000
v -1.424955 1.809839 -0.258000
v -0.999805 1.101914 -2.597200
v -1.023277 1.108294 -2.597200
v -1.008351 1.116840 -2.614400
v -1.418575 1.833312 -2.597200
v -1.410029 1.818385 -2.614400
v -1.424955 1.809839 -2.597200
v -0.955025 1.127553 -0.258000
v -0.948645 1.151026 -0.258000
v -0.963571 1.142479 -0.240800
v -1.373796 1.858951 -0.258000
v -1.365249 1.844024 -0.240800
v -1.350323 1.852571 -0.258000
v -0.955025 1.127553 -2.597200
v -0.963572 1.142479 -2.614400
v -0.948645 1.151026 -2.597200
v -1.373796 1.858951 -2.597200
v -1.350323 1.852571 -2.597200
v -1.365249 1.844024 -2.614400
v 0.955025 1.127553 -0.258000
v 0.963571 1.142479 -0.240800
v 0.948645 1.151026 -0.258000
v 1.365249 1.844024 -0.240800
v 1.373795 1.858951 -0.258000
v 1.350322 1.852571 -0.258000
v 0.955025 1.127553 -2.597200
v 0.948645 1.151026 -2.597200
v 0.963571 1.142479 -2.614400
v 1.373796 1.858951 -2.597200
v 1.365249 1.844024 -2.614400
v 1.350322 1.852571 -2.597200
v 0.999805 1.101914 -0.258000
v 1.023277 1.108294 -0.258000
v 1.008351 1.116840 -0.240800
v 1.418575 1.833312 -0.258000
v 1.410028 1.818385 -0.240800
v 1.424955 1.809839 -0.258000
v 0.999804 1.101914 -2.597200
v 1.008351 1.116840 -2.614400
v 1.023277 1.108294 -2.597200
v 1.418575 1.833312 -2.597200
v 1.424955 1.809839 -2.597200
v 1.410029 1.818385 -2.614400
v -1.186800 1.360032 -0.498800
v 1.135200 1.170832 -0.498800
v -1.191639 1.300647 -0.464400
v 1.130361 1.111446 -0.464400
v -1.191639 1.300647 -0.395600
v 1.130361 1.111446 -0.395600
v -1.186800 1.360032 -0.361200
v 1.135200 1.170832 -0.361200
v -1.181961 1.419418 -0.395600
v 1.140039 1.230218 -0.395600
v -1.181961 1.419418 -0.464400
v 1.140039 1.230218 -0.464400
v -1.186800 1.360032 -1.221200
v 1.135200 1.170832 -1.221200
v -1.191639 1.300647 -1.186800
v 1.130361 1.111446 -1.186800
v -1.191639 1.300647 -1.118000
v 1.130362 1.111446 -1.118000
v -1.186800 1.360032 -1.083600
v 1.135200 1.170832 -1.083600
v -1.181961 1.419418 -1.118000
v 1.140039 1.230218 -1.118000
v -1.181961 1.419418 -1.186800
v 1.140039 1.230218 -1.186800
v -1.186800 1.360033 -2.012400
v 1.135200 1.170832 -2.012400
v -1.191639 1.300647 -1.978000
v 1.130361 1.111446 -1.978000
v -1.191639 1.300647 -1.909200
v 1.130361 1.111446 -1.909200
v -1.186800 1.360032 -1.874800
v 1.135200 1.170832 -1.874800
v -1.181961 1.419418 -1.909200
v 1.140039 1.230218 -1.909200
v -1.181961 1.419418 -1.978000
v 1.140039 1.230218 -1.978000
v -1.504897 1.322456 0.087844
v -1.516438 1.338837 0.096660
v -1.526611 1.323227 0.085167
v -1.546420 1.370352 0.080397
v -1.554868 1.374981 0.060738
v -1.556593 1.354742 0.068903
v -1.408317 0.955526 -0.801216
v -1.430031 0.956297 -0.803893
v -1.416764 0.960155 -0.820875
v -1.458288 1.008051 -0.828322
v -1.446747 0.991670 -0.837138
v -1.460014 0.987812 -0.820157
v -0.994432 1.746413 -0.031678
v -0.992706 1.766652 -0.039843
v -1.005973 1.762794 -0.022861
v -1.044403 1.798939 -0.058784
v -1.035955 1.794310 -0.039125
v -1.022689 1.798167 -0.056107
v -0.897852 1.379483 -0.920738
v -0.906300 1.384112 -0.940396
v -0.896127 1.399722 -0.928903
v -0.947823 1.432009 -0.947844
v -0.926109 1.431237 -0.945167
v -0.936282 1.415627 -0.956660
v 0.897852 1.379483 1.608738
v 0.906300 1.384112 1.628397
v 0.896127 1.399722 1.616903
v 0.936282 1.415627 1.644660
v 0.947823 1.432009 1.635844
v 0.926109 1.431237 1.633167
v 0.994432 1.746413 0.719678
v 0.992706 1.766652 0.727843
v 1.005973 1.762794 0.710861
v 1.044403 1.798939 0.746784
v 1.035955 1.794310 0.727125
v 1.022689 1.798167 0.744107
v 1.408317 0.955526 1.489216
v 1.430031 0.956297 1.491893
v 1.416764 0.960155 1.508875
v 1.458288 1.008051 1.516322
v 1.446747 0.991670 1.525138
v 1.460014 0.987812 1.508157
v 1.504897 1.322456 0.600156
v 1.516438 1.338837 0.591339
v 1.526611 1.323227 0.602833
v 1.554868 1.374981 0.627262
v 1.556593 1.354743 0.619097
v 1.546420 1.370352 0.607603
v 0.819759 1.617548 0.757193
v 1.008959 1.995947 -0.481207
v 0.869573 1.636699 0.770655
v 1.058773 2.015099 -0.467745
v 0.875414 1.688783 0.787462
v 1.064614 2.067183 -0.450938
v 0.831441 1.721717 0.790807
v 1.020641 2.100117 -0.447593
v 0.781627 1.702566 0.777345
v 0.970827 2.080966 -0.461055
v 0.775786 1.650481 0.760538
v 0.964986 2.028881 -0.477862
v -0.481600 0.844032 0.645000
v -0.481600 0.930032 0.731000
v -0.567600 0.930032 0.645000
v -0.481600 1.446032 0.731000
v -0.481600 1.532032 0.645000
v -0.567600 1.446032 0.645000
v -0.481600 0.844032 -0.232200
v -0.567600 0.930032 -0.232200
v -0.481600 0.930032 -0.318200
v -0.481600 1.532032 -0.232200
v -0.481600 1.446032 -0.318200
v -0.567600 1.446032 -0.232200
v 0.481600 0.844032 0.645000
v 0.567600 0.930032 0.645000
v 0.481600 0.930032 0.731000
v 0.481600 1.532032 0.645000
v 0.481600 1.446032 0.731000
v 0.567600 1.446032 0.645000
v 0.481600 0.844032 -0.232200
v 0.481600 0.930032 -0.318200
v 0.567600 0.930032 -0.232200
v 0.481600 1.532032 -0.232200
v 0.567600 1.446032 -0.232200
v 0.481600 1.446032 -0.318200
v -0.636400 0.906812 0.756800
v -0.636400 0.953252 0.756800
v -0.636400 0.906812 -0.240800
v -0.636400 0.953252 -0.240800
v 0.636400 0.906812 0.756800
v 0.636400 0.953252 0.756800
v 0.636400 0.906812 -0.240800
v 0.636400 0.953252 -0.240800
v -0.636400 1.061612 0.756800
v -0.636400 1.108052 0.756800
v -0.636400 1.061612 -0.240800
v -0.636400 1.108052 -0.240800
v 0.636400 1.061612 0.756800
v 0.636400 1.108052 0.756800
v 0.636400 1.061612 -0.240800
v 0.636400 1.108052 -0.240800
v -0.636400 1.216412 0.756800
v -0.636400 1.262852 0.756800
v -0.636400 1.216412 -0.240800
v -0.636400 1.262852 -0.240800
v 0.636400 1.216412 0.756800
v 0.636400 1.262852 0.756800
v 0.636400 1.216412 -0.240800
v 0.636400 1.262852 -0.240800
v -0.636400 1.371212 0.756800
v -0.636400 1.417652 0.756800
v -0.636400 1.371212 -0.240800
v -0.636400 1.417652 -0.240800
v 0.636400 1.371212 0.756800
v 0.636400 1.417652 0.756800
v 0.636400 1.371212 -0.240800
v 0.636400 1.417652 -0.240800
v -1.638559 0.554753 -0.446415
v -1.653263 0.570188 -0.423058
v -1.669187 0.562126 -0.449161
v -1.688997 0.626794 -0.418743
v -1.698116 0.649096 -0.439223
v -1.704921 0.618731 -0.444846
v -1.487349 0.740690 -1.633340
v -1.517976 0.748063 -1.636087
v -1.496468 0.762992 -1.653820
v -1.546905 0.835033 -1.626148
v -1.532202 0.819598 -1.649505
v -1.553710 0.804668 -1.631772
v -0.984935 0.956232 -0.300251
v -0.978130 0.986596 -0.294628
v -0.999638 0.971667 -0.276895
v -1.044492 1.050574 -0.293060
v -1.035372 1.028272 -0.272580
v -1.013864 1.043202 -0.290313
v -0.833724 1.142169 -1.487177
v -0.842843 1.164471 -1.507656
v -0.826919 1.172533 -1.481553
v -0.893281 1.236511 -1.479985
v -0.862653 1.229139 -1.477238
v -0.878577 1.221076 -1.503342
v -0.720685 0.543137 1.406765
v -0.789485 0.680736 -1.551635
v -0.654546 0.583341 1.407097
v -0.723346 0.720941 -1.551303
v -0.656262 0.660637 1.410732
v -0.725062 0.798236 -1.547668
v -0.724115 0.697728 1.414035
v -0.792915 0.835328 -1.544365
v -0.790254 0.657523 1.413703
v -0.859054 0.795123 -1.544697
v -0.788538 0.580228 1.410068
v -0.857338 0.717828 -1.548332
v 0.984935 0.956232 -0.300251
v 0.999638 0.971667 -0.276895
v 0.978130 0.986596 -0.294628
v 1.035372 1.028272 -0.272580
v 1.044492 1.050574 -0.293060
v 1.013864 1.043202 -0.290313
v 0.833724 1.142169 -1.487177
v 0.826919 1.172533 -1.481554
v 0.842843 1.164471 -1.507656
v 0.893281 1.236511 -1.479985
v 0.878577 1.221076 -1.503341
v 0.862653 1.229139 -1.477238
v 1.638560 0.554753 -0.446415
v 1.669187 0.562126 -0.449162
v 1.653263 0.570188 -0.423059
v 1.698116 0.649096 -0.439223
v 1.688997 0.626794 -0.418743
v 1.704921 0.618731 -0.444846
v 1.487348 0.740690 -1.633340
v 1.496468 0.762992 -1.653820
v 1.517976 0.748063 -1.636087
v 1.546905 0.835033 -1.626149
v 1.553710 0.804668 -1.631772
v 1.532202 0.819598 -1.649505
v 0.720685 0.543137 1.406765
v 0.789485 0.680736 -1.551635
v 0.788538 0.580228 1.410068
v 0.857338 0.717827 -1.548332
v 0.790254 0.657523 1.413703
v 0.859054 0.795123 -1.544697
v 0.724116 0.697728 1.414035
v 0.792916 0.835328 -1.544365
v 0.656262 0.660637 1.410732
v 0.725062 0.798236 -1.547668
v 0.654547 0.583341 1.407097
v 0.723347 0.720941 -1.551303
vn 0.5838 -0.7472 -0.3175
vn 0.9838 0.1446 -0.1061
vn 0.4000 0.8918 0.2114
vn -0.5838 0.7472 0.3175
vn -0.1446 0.2891 -0.9463
vn -0.9838 -0.1446 0.1061
vn -0.4000 -0.8918 -0.2114
vn 0.1446 -0.2891 0.9463
vn -0.1741 -0.0234 -0.9845
vn 0.2136 -0.0665 -0.9747
vn 0.5687 -0.0995 -0.8165
vn 0.8373 -0.1174 -0.5340
vn 0.9784 -0.1174 -0.1702
vn 0.9705 -0.0995 0.2195
vn 0.8149 -0.0665 0.5757
vn 0.5352 -0.0234 0.8444
vn 0.1741 0.0234 0.9845
vn -0.2136 0.0665 0.9747
vn -0.5687 0.0995 0.8165
vn -0.8373 0.1174 0.5340
vn -0.9784 0.1174 0.1702
vn -0.9705 0.0995 -0.2195
vn 0.1116 0.9928 -0.0433
vn -0.8149 0.0665 -0.5757
vn -0.5352 0.0234 -0.8444
vn -0.1116 -0.9928 0.0433
vn -0.1097 -0.0310 -0.9935
vn 0.3988 -0.0846 -0.9131
vn 0.8005 -0.1156 -0.5881
vn 0.9877 -0.1156 -0.1055
vn 0.9102 -0.0846 0.4054
vn 0.5889 -0.0310 0.8076
vn 0.1097 0.0310 0.9935
vn -0.3988 0.0846 0.9131
vn -0.8005 0.1156 0.5881
vn -0.9877 0.1156 0.1055
vn -0.9102 0.0846 -0.4054
vn -0.5889 0.0310 -0.8076
vn 0.0201 -0.0458 -0.9987
vn 0.7168 -0.1106 -0.6885
vn 0.9935 -0.1106 0.0251
vn 0.6883 -0.0458 0.7240
vn -0.0201 0.0458 0.9987
vn -0.7168 0.1106 0.6885
vn -0.9935 0.1106 -0.0251
vn -0.6883 0.0458 -0.7240
vn 0.1496 -0.0599 -0.9869
vn 0.9256 -0.1197 -0.3590
vn 0.7760 -0.0599 0.6279
vn -0.1496 0.0599 0.9869
vn -0.9256 0.1197 0.3590
vn -0.7760 0.0599 -0.6279
vn 0.7760 -0.0598 0.6279
vn 0.1496 -0.0598 -0.9869
vn -0.1496 0.0598 0.9869
vn -0.1497 0.0599 0.9869
vn -0.3616 -0.0000 -0.9323
vn 0.3616 -0.0000 0.9323
vn -0.1459 -0.1890 -0.9711
vn -0.2198 -0.5383 -0.8136
vn -0.2601 -0.8056 -0.5323
vn -0.2609 -0.9503 -0.1699
vn -0.2220 -0.9503 0.2183
vn -0.1492 -0.8056 0.5733
vn -0.0538 -0.5383 0.8410
vn 0.0499 -0.1890 0.9807
vn 0.1459 0.1890 0.9711
vn 0.2198 0.5383 0.8136
vn 0.2601 0.8056 0.5323
vn 0.2609 0.9503 0.1699
vn 0.2220 0.9503 -0.2183
vn 0.1492 0.8056 -0.5733
vn 0.9641 -0.2474 -0.0967
vn 0.0538 0.5383 -0.8410
vn -0.0499 0.1890 -0.9807
vn -0.9641 0.2474 0.0967
vn -0.1601 -0.2508 -0.9547
vn -0.2447 -0.6851 -0.6861
vn -0.2636 -0.9359 -0.2337
vn -0.2119 -0.9359 0.2814
vn -0.1035 -0.6851 0.7210
vn 0.0327 -0.2508 0.9675
vn 0.1601 0.2508 0.9547
vn 0.2447 0.6851 0.6861
vn 0.2636 0.9359 0.2337
vn 0.2119 0.9359 -0.2814
vn 0.1035 0.6851 -0.7210
vn -0.0327 0.2508 -0.9675
vn -0.1864 -0.3708 -0.9098
vn -0.2656 -0.8952 -0.3580
vn -0.1892 -0.8952 0.4036
vn -0.0020 -0.3708 0.9287
vn 0.1864 0.3708 0.9098
vn 0.2656 0.8952 0.3580
vn 0.1892 0.8952 -0.4036
vn 0.0020 0.3708 -0.9287
vn -0.2095 -0.4845 -0.8493
vn -0.2462 -0.9689 0.0247
vn -0.0366 -0.4845 0.8740
vn 0.2095 0.4845 0.8494
vn 0.2462 0.9689 -0.0247
vn 0.0366 0.4845 -0.8740
vn -0.2095 -0.4845 -0.8494
vn 0.2095 0.4845 0.8493
vn 0.0366 0.4845 -0.8741
vn -0.0366 -0.4844 0.8741
vn 0.0366 0.4844 -0.8741
vn -0.2095 -0.4844 -0.8494
vn 0.2095 0.4844 0.8494
vn -0.0998 -0.0000 -0.9950
vn 0.0998 -0.0000 0.9950
vn 0.2337 -0.1826 -0.9550
vn 0.3336 -0.5200 -0.7864
vn 0.3827 -0.7782 -0.4980
vn 0.3735 -0.9179 -0.1338
vn 0.3075 -0.9179 0.2507
vn 0.1947 -0.7782 0.5971
vn 0.0522 -0.5200 0.8526
vn -0.0982 -0.1826 0.9783
vn -0.2337 0.1826 0.9550
vn -0.3336 0.5200 0.7864
vn -0.3827 0.7782 0.4980
vn -0.3735 0.9179 0.1338
vn -0.3075 0.9179 -0.2507
vn -0.1947 0.7782 -0.5971
vn 0.9224 0.3523 0.1583
vn -0.0522 0.5200 -0.8526
vn 0.0982 0.1826 -0.9783
vn -0.9224 -0.3523 -0.1583
vn 0.2533 -0.2422 -0.9366
vn 0.3651 -0.6618 -0.6548
vn 0.3792 -0.9040 -0.1975
vn 0.2916 -0.9040 0.3127
vn 0.1259 -0.6618 0.7391
vn -0.0736 -0.2422 0.9674
vn -0.2533 0.2422 0.9366
vn -0.3651 0.6618 0.6548
vn -0.3792 0.9040 0.1975
vn -0.2916 0.9040 -0.3127
vn -0.1259 0.6618 -0.7391
vn 0.0736 0.2422 -0.9674
vn 0.2892 -0.3582 -0.8878
vn 0.3855 -0.8647 -0.3221
vn 0.2560 -0.8647 0.4322
vn -0.0234 -0.3582 0.9334
vn -0.2892 0.3582 0.8878
vn -0.3855 0.8647 0.3221
vn -0.2560 0.8647 -0.4322
vn 0.0234 0.3582 -0.9334
vn 0.3201 -0.4680 -0.8237
vn 0.3472 -0.9359 0.0596
vn 0.0271 -0.4679 0.8833
vn -0.3201 0.4679 0.8237
vn -0.3472 0.9359 -0.0596
vn -0.0271 0.4679 -0.8833
vn 0.3201 -0.4679 -0.8237
vn -0.0271 0.4680 -0.8833
vn -0.3201 0.4680 0.8237
vn 0.0271 -0.4680 0.8833
vn 0.1692 -0.0000 -0.9856
vn -0.1692 -0.0000 0.9856
vn -0.2892 0.3581 0.8878
vn 0.2892 -0.3581 -0.8878
vn 0.1184 -0.1890 -0.9748
vn 0.0052 -0.5383 -0.8427
vn -0.1088 -0.8056 -0.5824
vn -0.2061 -0.9503 -0.2333
vn -0.2722 -0.9503 0.1512
vn -0.2967 -0.8056 0.5128
vn -0.2761 -0.5383 0.7962
vn -0.2135 -0.1890 0.9585
vn -0.1184 0.1890 0.9748
vn -0.0052 0.5383 0.8427
vn 0.1088 0.8056 0.5824
vn 0.2061 0.9503 0.2333
vn 0.2722 0.9503 -0.1512
vn 0.2967 0.8056 -0.5128
vn 0.9549 -0.2474 0.1639
vn 0.2761 0.5383 -0.7962
vn 0.2135 0.1890 -0.9585
vn -0.9549 0.2474 -0.1639
vn 0.1003 -0.2508 -0.9628
vn -0.0528 -0.6851 -0.7265
vn -0.1917 -0.9359 -0.2955
vn -0.2793 -0.9359 0.2147
vn -0.2920 -0.6851 0.6673
vn -0.2265 -0.2508 0.9412
vn -0.1003 0.2508 0.9628
vn 0.0528 0.6851 0.7265
vn 0.1917 0.9359 0.2955
vn 0.2793 0.9359 -0.2147
vn 0.2920 0.6851 -0.6673
vn 0.2265 0.2508 -0.9412
vn 0.0630 -0.3708 -0.9266
vn -0.1605 -0.8952 -0.4158
vn -0.2900 -0.8952 0.3385
vn -0.2496 -0.3708 0.8945
vn -0.0630 0.3708 0.9266
vn 0.1605 0.8952 0.4158
vn 0.2900 0.8952 -0.3385
vn 0.2496 0.3708 -0.8945
vn 0.0246 -0.4845 -0.8745
vn -0.2438 -0.9689 -0.0419
vn -0.2684 -0.4845 0.8326
vn -0.0246 0.4845 0.8745
vn 0.2438 0.9689 0.0419
vn 0.2684 0.4845 -0.8326
vn -0.0246 0.4844 0.8745
vn 0.0246 -0.4844 -0.8745
vn 0.2438 0.9689 0.0418
vn -0.2403 -0.9620 0.1299
vn 0.9940 -0.0862 -0.0678
vn -0.0129 -0.0990 -0.9950
vn -0.9610 0.2762 -0.0163
vn -0.6423 -0.1564 0.7503
vn -0.3563 0.8771 0.3220
vn -0.7566 -0.5691 -0.3220
vn -0.4705 0.4644 -0.7503
vn 0.4705 -0.4643 0.7503
vn 0.7566 0.5691 0.3220
vn 0.3563 -0.8771 -0.3220
vn 0.6423 0.1563 -0.7503
vn -0.8566 -0.4443 0.2623
vn -0.6115 0.4414 0.6567
vn -0.5063 0.8215 -0.2623
vn -0.7514 -0.0642 -0.6567
vn -0.2451 -0.8857 -0.3944
vn 0.1052 0.3801 -0.9189
vn 0.6115 -0.4414 -0.6567
vn 0.5063 -0.8215 0.2623
vn 0.8566 0.4443 -0.2623
vn 0.7515 0.0642 0.6567
vn -0.1052 -0.3801 0.9189
vn 0.2451 0.8857 0.3944
vn -0.2477 -0.8950 0.3709
vn -0.9638 0.2667 -0.0000
vn 0.0989 0.3575 0.9287
vn 0.2477 0.8950 -0.3709
vn -0.0989 -0.3575 -0.9287
vn 0.9638 -0.2667 -0.0000
vn -1.0000 -0.0000 -0.0000
vn -0.0000 -0.0000 -1.0000
vn 1.0000 -0.0000 -0.0000
vn -0.0000 -0.0000 1.0000
vn -0.0000 -1.0000 -0.0000
vn -0.0000 1.0000 -0.0000
vn 0.3827 -0.0000 -0.9239
vn 0.9239 -0.0000 -0.3827
vn 0.9239 -0.0000 0.3827
vn 0.3827 -0.0000 0.9239
vn -0.3827 -0.0000 0.9239
vn -0.9239 -0.0000 0.3827
vn -0.9239 -0.0000 -0.3827
vn -0.3827 -0.0000 -0.9239
vn -0.2142 -0.7879 0.5773
vn -0.7879 0.2142 0.5773
vn -0.2142 -0.7879 -0.5773
vn -0.7879 0.2142 -0.5773
vn 0.7879 -0.2142 0.5774
vn 0.2142 0.7879 0.5773
vn 0.7879 -0.2142 -0.5774
vn 0.2142 0.7879 -0.5773
vn -0.2623 -0.9650 -0.0000
vn -0.6136 -0.3513 0.7071
vn -0.9650 0.2623 -0.0000
vn -0.6136 -0.3513 -0.7071
vn 0.3513 -0.6136 -0.7071
vn -0.3513 0.6136 -0.7071
vn 0.6136 0.3513 -0.7071
vn 0.9650 -0.2623 -0.0000
vn 0.2623 0.9650 -0.0000
vn 0.6136 0.3513 0.7071
vn 0.3513 -0.6136 0.7071
vn -0.3513 0.6136 0.7071
vn 0.4969 -0.8678 -0.0000
vn -0.8678 -0.4969 -0.0000
vn -0.4969 0.8678 -0.0000
vn 0.8678 0.4969 -0.0000
vn -0.7879 -0.2142 0.5773
vn -0.2142 0.7879 0.5773
vn -0.7879 -0.2142 -0.5773
vn -0.2142 0.7879 -0.5774
vn 0.2142 -0.7879 0.5774
vn 0.7879 0.2142 0.5774
vn 0.2142 -0.7879 -0.5773
vn 0.7879 0.2142 -0.5773
vn -0.9650 -0.2623 -0.0000
vn -0.6136 0.3513 0.7071
vn -0.2623 0.9650 -0.0000
vn -0.6136 0.3513 -0.7071
vn -0.3514 -0.6136 -0.7071
vn 0.3513 0.6136 -0.7071
vn 0.6136 -0.3513 -0.7071
vn 0.2623 -0.9650 -0.0000
vn 0.9650 0.2623 -0.0000
vn 0.6136 -0.3513 0.7071
vn -0.3513 -0.6136 0.7071
vn 0.3513 0.6136 0.7071
vn -0.4969 -0.8678 -0.0000
vn -0.8678 0.4969 -0.0000
vn 0.4969 0.8678 -0.0000
vn 0.8678 -0.4969 -0.0000
vn -0.0406 -0.4983 -0.8660
vn -0.0812 -0.9967 -0.0000
vn -0.0406 -0.4983 0.8660
vn 0.0406 0.4983 0.8660
vn 0.9967 -0.0812 -0.0000
vn 0.0812 0.9967 -0.0000
vn 0.0406 0.4983 -0.8660
vn -0.9967 0.0812 -0.0000
vn -0.1220 -0.5357 0.8356
vn -0.8675 0.2479 0.4312
vn -0.0067 -0.9740 -0.2265
vn -0.7522 -0.1904 -0.6309
vn 0.7522 0.1904 0.6309
vn 0.0067 0.9740 0.2265
vn 0.8675 -0.2479 -0.4312
vn 0.1220 0.5357 -0.8356
vn -0.0788 -0.9245 0.3730
vn -0.6060 -0.1762 0.7757
vn -0.9919 0.0352 -0.1223
vn -0.4647 -0.7130 -0.5250
vn 0.5272 -0.7483 -0.4027
vn -0.3859 0.2114 -0.8980
vn 0.6060 0.1762 -0.7757
vn 0.9919 -0.0352 0.1223
vn 0.0788 0.9245 -0.3730
vn 0.4647 0.7130 0.5250
vn 0.3859 -0.2114 0.8980
vn -0.5272 0.7483 0.4027
vn 0.6456 -0.6786 0.3502
vn -0.7571 -0.6288 0.1773
vn -0.0999 0.3796 0.9197
vn -0.6456 0.6786 -0.3502
vn 0.0999 -0.3796 -0.9197
vn 0.7571 0.6288 -0.1773
vn -0.8675 -0.2479 0.4312
vn -0.1221 0.5357 0.8356
vn -0.7522 0.1904 -0.6309
vn -0.0067 0.9740 -0.2265
vn 0.0067 -0.9740 0.2265
vn 0.7522 -0.1904 0.6309
vn 0.1220 -0.5357 -0.8356
vn 0.8675 0.2479 -0.4312
vn -0.9919 -0.0352 -0.1223
vn -0.6060 0.1762 0.7757
vn -0.0788 0.9245 0.3730
vn -0.4647 0.7130 -0.5250
vn -0.3859 -0.2114 -0.8980
vn 0.5272 0.7483 -0.4027
vn 0.6060 -0.1762 -0.7757
vn 0.0788 -0.9245 -0.3730
vn 0.9919 0.0352 0.1223
vn 0.4647 -0.7130 0.5250
vn -0.5272 -0.7483 0.4027
vn 0.3859 0.2114 0.8980
vn -0.6456 -0.6786 -0.3502
vn -0.7571 0.6288 0.1773
vn -0.0999 -0.3796 0.9197
vn 0.6456 0.6786 0.3502
vn 0.0999 0.3796 -0.9197
vn 0.7571 -0.6288 -0.1773
vn 0.4000 -0.8918 -0.2114
vn 0.9838 -0.1446 0.1061
vn 0.5838 0.7472 0.3175
vn -0.4000 0.8918 0.2114
vn 0.1446 0.2891 -0.9463
vn -0.9838 0.1446 -0.1061
vn -0.5838 -0.7472 -0.3175
vn -0.1446 -0.2891 0.9463
vn -0.5773 -0.5774 0.5773
vn -0.5773 0.5774 0.5773
vn -0.5773 -0.5774 -0.5774
vn -0.5774 0.5774 -0.5774
vn 0.5773 -0.5774 0.5774
vn 0.5774 0.5774 0.5773
vn 0.5774 -0.5774 -0.5774
vn 0.5773 0.5774 -0.5773
vn -0.7071 -0.7071 -0.0000
vn -0.7071 -0.0000 0.7071
vn -0.7071 0.7071 -0.0000
vn -0.7071 -0.0000 -0.7071
vn -0.0000 -0.7071 -0.7071
vn -0.0000 0.7071 -0.7071
vn 0.7071 -0.0000 -0.7071
vn 0.7071 -0.7071 -0.0000
vn 0.7071 0.7071 -0.0000
vn 0.7071 -0.0000 0.7071
vn -0.0000 -0.7071 0.7071
vn -0.0000 0.7071 0.7071
vn -0.2478 -0.8727 0.4207
vn -0.8629 0.1017 0.4950
vn -0.1036 -0.6954 -0.7111
vn -0.7187 0.2790 -0.6369
vn 0.7187 -0.2790 0.6369
vn 0.1036 0.6954 0.7111
vn 0.8629 -0.1017 -0.4950
vn 0.2478 0.8727 -0.4207
vn -0.2152 -0.9602 -0.1778
vn -0.6802 -0.4721 0.5608
vn -0.9686 0.2331 -0.0869
vn -0.5036 -0.2550 -0.8255
vn 0.4650 -0.4881 -0.7386
vn -0.2884 0.7053 -0.6476
vn 0.6802 0.4721 -0.5608
vn 0.9686 -0.2331 0.0869
vn 0.2152 0.9602 0.1778
vn 0.5036 0.2550 0.8255
vn 0.2884 -0.7053 0.6476
vn -0.4650 0.4881 0.7386
vn 0.5327 -0.8439 -0.0643
vn -0.8370 -0.5141 -0.1872
vn -0.1249 -0.1536 0.9802
vn -0.5327 0.8439 0.0643
vn 0.1249 0.1536 -0.9802
vn 0.8370 0.5141 0.1872
vn 0.5189 -0.8532 -0.0518
vn 0.9995 0.0232 -0.0222
vn 0.4805 0.8765 0.0296
vn -0.5189 0.8532 0.0518
vn -0.0232 0.0464 -0.9987
vn -0.9995 -0.0232 0.0222
vn -0.4805 -0.8765 -0.0296
vn 0.0232 -0.0464 0.9987
vn -0.7187 -0.2790 0.6369
vn -0.1036 0.6954 0.7111
vn -0.8629 -0.1017 -0.4950
vn -0.2478 0.8727 -0.4207
vn 0.2478 -0.8727 0.4207
vn 0.8629 0.1017 0.4950
vn 0.1036 -0.6954 -0.7111
vn 0.7187 0.2790 -0.6369
vn -0.9686 -0.2331 0.0869
vn -0.5036 0.2550 0.8255
vn -0.2152 0.9602 0.1778
vn -0.6802 0.4721 -0.5608
vn -0.4650 -0.4881 -0.7386
vn 0.2884 0.7053 -0.6476
vn 0.5036 -0.2550 -0.8255
vn 0.2152 -0.9602 -0.1778
vn 0.9686 0.2331 -0.0869
vn 0.6802 -0.4721 0.5608
vn -0.2884 -0.7053 0.6476
vn 0.4650 0.4881 0.7386
vn -0.5327 -0.8439 -0.0643
vn -0.8370 0.5141 0.1872
vn 0.1249 -0.1536 0.9802
vn 0.5327 0.8439 0.0643
vn -0.1249 0.1536 -0.9802
vn 0.8370 -0.5141 -0.1872
vn 0.4805 -0.8765 -0.0296
vn 0.9995 -0.0232 0.0222
vn 0.5189 0.8532 0.0518
vn -0.4805 0.8765 0.0296
vn 0.0232 0.0465 -0.9987
vn -0.9995 0.0232 -0.0222
vn -0.5189 -0.8532 -0.0518
vn -0.0232 -0.0464 0.9987
vt 0.125000 0.375000
vt 0.875000 0.125000
vt 0.375000 0.625000
vt 0.625000 0.125000
vt 0.125000 0.625000
vt 0.125000 0.125000
vt 0.625000 0.375000
s 0
usemtl MilitaryEnemyPalette.003
f 1/1/1 2/1/1 4/1/1 3/1/1
f 3/1/2 4/1/2 6/1/2 5/1/2
f 5/1/3 6/1/3 8/1/3 7/1/3
f 7/1/4 8/1/4 10/1/4 9/1/4
f 4/1/5 2/1/5 12/1/5 10/1/5 8/1/5 6/1/5
f 9/1/6 10/1/6 12/1/6 11/1/6
f 11/1/7 12/1/7 2/1/7 1/1/7
f 1/1/8 3/1/8 5/1/8 7/1/8 9/1/8 11/1/8
f 13/2/9 14/2/9 16/2/9 15/2/9
f 15/3/10 16/3/10 18/3/10 17/3/10
f 17/3/11 18/3/11 20/3/11 19/3/11
f 19/3/12 20/3/12 22/3/12 21/3/12
f 21/2/13 22/2/13 24/2/13 23/2/13
f 23/3/14 24/3/14 26/3/14 25/3/14
f 25/3/15 26/3/15 28/3/15 27/3/15
f 27/3/16 28/3/16 30/3/16 29/3/16
f 29/2/17 30/2/17 32/2/17 31/2/17
f 31/3/18 32/3/18 34/3/18 33/3/18
f 33/3/19 34/3/19 36/3/19 35/3/19
f 35/3/20 36/3/20 38/3/20 37/3/20
f 37/2/21 38/2/21 40/2/21 39/2/21
f 39/3/22 40/3/22 42/3/22 41/3/22
f 16/3/23 14/3/23 44/3/23 42/3/23 40/3/23 38/3/23 36/3/23 34/3/23 32/3/23 30/3/23 28/3/23 26/3/23 24/3/23 22/3/23 20/3/23 18/3/23
f 41/3/24 42/3/24 44/3/24 43/3/24
f 43/2/25 44/2/25 14/2/25 13/2/25
f 13/3/26 15/3/26 17/3/26 19/3/26 21/3/26 23/3/26 25/3/26 27/3/26 29/3/26 31/3/26 33/3/26 35/3/26 37/3/26 39/3/26 41/3/26 43/3/26
f 45/3/27 46/3/27 48/3/27 47/3/27
f 47/3/28 48/3/28 50/3/28 49/3/28
f 49/1/29 50/1/29 52/1/29 51/1/29
f 51/3/30 52/3/30 54/3/30 53/3/30
f 53/3/31 54/3/31 56/3/31 55/3/31
f 55/3/32 56/3/32 58/3/32 57/3/32
f 57/1/33 58/1/33 60/1/33 59/1/33
f 59/3/34 60/3/34 62/3/34 61/3/34
f 61/3/35 62/3/35 64/3/35 63/3/35
f 63/3/36 64/3/36 66/3/36 65/3/36
f 48/1/23 46/1/23 68/1/23 66/1/23 64/1/23 62/1/23 60/1/23 58/1/23 56/1/23 54/1/23 52/1/23 50/1/23
f 65/3/37 66/3/37 68/3/37 67/3/37
f 67/3/38 68/3/38 46/3/38 45/3/38
f 45/3/26 47/3/26 49/3/26 51/3/26 53/3/26 55/3/26 57/3/26 59/3/26 61/3/26 63/3/26 65/3/26 67/3/26
f 69/4/39 70/4/39 72/4/39 71/4/39
f 71/3/40 72/3/40 74/3/40 73/3/40
f 73/3/41 74/3/41 76/3/41 75/3/41
f 75/3/42 76/3/42 78/3/42 77/3/42
f 77/4/43 78/4/43 80/4/43 79/4/43
f 79/3/44 80/3/44 82/3/44 81/3/44
f 72/3/23 70/3/23 84/3/23 82/3/23 80/3/23 78/3/23 76/3/23 74/3/23
f 81/3/45 82/3/45 84/3/45 83/3/45
f 83/4/46 84/4/46 70/4/46 69/4/46
f 69/3/26 71/3/26 73/3/26 75/3/26 77/3/26 79/3/26 81/3/26 83/3/26
f 85/3/47 86/3/47 88/3/47 87/3/47
f 87/3/48 88/3/48 90/3/48 89/3/48
f 89/5/49 90/5/49 92/5/49 91/5/49
f 91/3/50 92/3/50 94/3/50 93/3/50
f 88/3/23 86/3/23 96/3/23 94/3/23 92/3/23 90/3/23
f 93/3/51 94/3/51 96/3/51 95/3/51
f 95/5/52 96/5/52 86/5/52 85/5/52
f 85/3/26 87/3/26 89/3/26 91/3/26 93/3/26 95/3/26
f 97/3/47 98/3/47 100/3/47 99/3/47
f 99/3/48 100/3/48 102/3/48 101/3/48
f 101/5/49 102/5/49 104/5/49 103/5/49
f 103/3/50 104/3/50 106/3/50 105/3/50
f 100/3/23 98/3/23 108/3/23 106/3/23 104/3/23 102/3/23
f 105/3/51 106/3/51 108/3/51 107/3/51
f 107/5/52 108/5/52 98/5/52 97/5/52
f 97/3/26 99/3/26 101/3/26 103/3/26 105/3/26 107/3/26
f 109/3/47 110/3/47 112/3/47 111/3/47
f 111/3/48 112/3/48 114/3/48 113/3/48
f 113/5/49 114/5/49 116/5/49 115/5/49
f 115/3/50 116/3/50 118/3/50 117/3/50
f 112/3/23 110/3/23 120/3/23 118/3/23 116/3/23 114/3/23
f 117/3/51 118/3/51 120/3/51 119/3/51
f 119/5/52 120/5/52 110/5/52 109/5/52
f 109/3/26 111/3/26 113/3/26 115/3/26 117/3/26 119/3/26
f 121/3/47 122/3/47 124/3/47 123/3/47
f 123/3/48 124/3/48 126/3/48 125/3/48
f 125/5/49 126/5/49 128/5/49 127/5/49
f 127/3/50 128/3/50 130/3/50 129/3/50
f 124/3/23 122/3/23 132/3/23 130/3/23 128/3/23 126/3/23
f 129/3/51 130/3/51 132/3/51 131/3/51
f 131/5/52 132/5/52 122/5/52 121/5/52
f 121/3/26 123/3/26 125/3/26 127/3/26 129/3/26 131/3/26
f 133/3/47 134/3/47 136/3/47 135/3/47
f 135/3/48 136/3/48 138/3/48 137/3/48
f 137/5/49 138/5/49 140/5/49 139/5/49
f 139/3/50 140/3/50 142/3/50 141/3/50
f 136/3/23 134/3/23 144/3/23 142/3/23 140/3/23 138/3/23
f 141/3/51 142/3/51 144/3/51 143/3/51
f 143/5/52 144/5/52 134/5/52 133/5/52
f 133/3/26 135/3/26 137/3/26 139/3/26 141/3/26 143/3/26
f 145/3/47 146/3/47 148/3/47 147/3/47
f 147/3/48 148/3/48 150/3/48 149/3/48
f 149/5/49 150/5/49 152/5/49 151/5/49
f 151/3/50 152/3/50 154/3/50 153/3/50
f 148/3/23 146/3/23 156/3/23 154/3/23 152/3/23 150/3/23
f 153/3/51 154/3/51 156/3/51 155/3/51
f 155/5/52 156/5/52 146/5/52 145/5/52
f 145/3/26 147/3/26 149/3/26 151/3/26 153/3/26 155/3/26
f 157/3/27 158/3/27 160/3/27 159/3/27
f 159/3/28 160/3/28 162/3/28 161/3/28
f 161/1/29 162/1/29 164/1/29 163/1/29
f 163/3/30 164/3/30 166/3/30 165/3/30
f 165/3/31 166/3/31 168/3/31 167/3/31
f 167/3/32 168/3/32 170/3/32 169/3/32
f 169/1/33 170/1/33 172/1/33 171/1/33
f 171/3/34 172/3/34 174/3/34 173/3/34
f 173/3/35 174/3/35 176/3/35 175/3/35
f 175/3/36 176/3/36 178/3/36 177/3/36
f 160/1/23 158/1/23 180/1/23 178/1/23 176/1/23 174/1/23 172/1/23 170/1/23 168/1/23 166/1/23 164/1/23 162/1/23
f 177/3/37 178/3/37 180/3/37 179/3/37
f 179/3/38 180/3/38 158/3/38 157/3/38
f 157/3/26 159/3/26 161/3/26 163/3/26 165/3/26 167/3/26 169/3/26 171/3/26 173/3/26 175/3/26 177/3/26 179/3/26
f 181/4/39 182/4/39 184/4/39 183/4/39
f 183/3/40 184/3/40 186/3/40 185/3/40
f 185/3/41 186/3/41 188/3/41 187/3/41
f 187/3/42 188/3/42 190/3/42 189/3/42
f 189/4/43 190/4/43 192/4/43 191/4/43
f 191/3/44 192/3/44 194/3/44 193/3/44
f 184/3/23 182/3/23 196/3/23 194/3/23 192/3/23 190/3/23 188/3/23 186/3/23
f 193/3/45 194/3/45 196/3/45 195/3/45
f 195/4/46 196/4/46 182/4/46 181/4/46
f 181/3/26 183/3/26 185/3/26 187/3/26 189/3/26 191/3/26 193/3/26 195/3/26
f 197/3/47 198/3/47 200/3/47 199/3/47
f 199/3/48 200/3/48 202/3/48 201/3/48
f 201/5/53 202/5/53 204/5/53 203/5/53
f 203/3/50 204/3/50 206/3/50 205/3/50
f 200/3/23 198/3/23 208/3/23 206/3/23 204/3/23 202/3/23
f 205/3/51 206/3/51 208/3/51 207/3/51
f 207/5/52 208/5/52 198/5/52 197/5/52
f 197/3/26 199/3/26 201/3/26 203/3/26 205/3/26 207/3/26
f 209/3/54 210/3/54 212/3/54 211/3/54
f 211/3/48 212/3/48 214/3/48 213/3/48
f 213/5/49 214/5/49 216/5/49 215/5/49
f 215/3/55 216/3/55 218/3/55 217/3/55
f 212/3/23 210/3/23 220/3/23 218/3/23 216/3/23 214/3/23
f 217/3/51 218/3/51 220/3/51 219/3/51
f 219/5/52 220/5/52 210/5/52 209/5/52
f 209/3/26 211/3/26 213/3/26 215/3/26 217/3/26 219/3/26
f 221/3/47 222/3/47 224/3/47 223/3/47
f 223/3/48 224/3/48 226/3/48 225/3/48
f 225/5/49 226/5/49 228/5/49 227/5/49
f 227/3/50 228/3/50 230/3/50 229/3/50
f 224/3/23 222/3/23 232/3/23 230/3/23 228/3/23 226/3/23
f 229/3/51 230/3/51 232/3/51 231/3/51
f 231/5/52 232/5/52 222/5/52 221/5/52
f 221/3/26 223/3/26 225/3/26 227/3/26 229/3/26 231/3/26
f 233/3/54 234/3/54 236/3/54 235/3/54
f 235/3/48 236/3/48 238/3/48 237/3/48
f 237/5/49 238/5/49 240/5/49 239/5/49
f 239/3/50 240/3/50 242/3/50 241/3/50
f 236/3/23 234/3/23 244/3/23 242/3/23 240/3/23 238/3/23
f 241/3/51 242/3/51 244/3/51 243/3/51
f 243/5/52 244/5/52 234/5/52 233/5/52
f 233/3/26 235/3/26 237/3/26 239/3/26 241/3/26 243/3/26
f 245/3/47 246/3/47 248/3/47 247/3/47
f 247/3/48 248/3/48 250/3/48 249/3/48
f 249/5/49 250/5/49 252/5/49 251/5/49
f 251/3/56 252/3/56 254/3/56 253/3/56
f 248/3/23 246/3/23 256/3/23 254/3/23 252/3/23 250/3/23
f 253/3/51 254/3/51 256/3/51 255/3/51
f 255/5/52 256/5/52 246/5/52 245/5/52
f 245/3/26 247/3/26 249/3/26 251/3/26 253/3/26 255/3/26
f 257/3/54 258/3/54 260/3/54 259/3/54
f 259/3/48 260/3/48 262/3/48 261/3/48
f 261/5/49 262/5/49 264/5/49 263/5/49
f 263/3/50 264/3/50 266/3/50 265/3/50
f 260/3/23 258/3/23 268/3/23 266/3/23 264/3/23 262/3/23
f 265/3/51 266/3/51 268/3/51 267/3/51
f 267/5/52 268/5/52 258/5/52 257/5/52
f 257/3/26 259/3/26 261/3/26 263/3/26 265/3/26 267/3/26
f 269/3/26 270/3/26 272/3/26 271/3/26
f 271/3/57 272/3/57 276/3/57 275/3/57
f 275/4/23 276/4/23 274/4/23 273/4/23
f 273/3/58 274/3/58 270/3/58 269/3/58
f 271/3/48 275/3/48 273/3/48 269/3/48
f 276/3/51 272/3/51 270/3/51 274/3/51
f 277/4/26 278/4/26 280/4/26 279/4/26
f 279/3/39 280/3/39 284/3/39 283/3/39
f 283/3/23 284/3/23 282/3/23 281/3/23
f 281/3/43 282/3/43 278/3/43 277/3/43
f 279/4/41 283/4/41 281/4/41 277/4/41
f 284/3/45 280/3/45 278/3/45 282/3/45
f 285/3/26 286/3/26 288/3/26 287/3/26
f 287/3/28 288/3/28 292/3/28 291/3/28
f 291/4/23 292/4/23 290/4/23 289/4/23
f 289/3/34 290/3/34 286/3/34 285/3/34
f 287/3/31 291/3/31 289/3/31 285/3/31
f 292/3/37 288/3/37 286/3/37 290/3/37
f 293/4/26 294/4/26 296/4/26 295/4/26
f 295/3/40 296/3/40 300/3/40 299/3/40
f 299/3/23 300/3/23 298/3/23 297/3/23
f 297/3/44 298/3/44 294/3/44 293/3/44
f 295/4/42 299/4/42 297/4/42 293/4/42
f 300/3/46 296/3/46 294/3/46 298/3/46
f 301/3/26 302/3/26 304/3/26 303/3/26
f 303/3/48 304/3/48 308/3/48 307/3/48
f 307/4/23 308/4/23 306/4/23 305/4/23
f 305/3/51 306/3/51 302/3/51 301/3/51
f 303/3/58 307/3/58 305/3/58 301/3/58
f 308/3/57 304/3/57 302/3/57 306/3/57
f 309/4/26 310/4/26 312/4/26 311/4/26
f 311/3/41 312/3/41 316/3/41 315/3/41
f 315/3/23 316/3/23 314/3/23 313/3/23
f 313/3/45 314/3/45 310/3/45 309/3/45
f 311/4/43 315/4/43 313/4/43 309/4/43
f 316/3/39 312/3/39 310/3/39 314/3/39
f 317/3/26 318/3/26 320/3/26 319/3/26
f 319/3/31 320/3/31 324/3/31 323/3/31
f 323/4/23 324/4/23 322/4/23 321/4/23
f 321/3/37 322/3/37 318/3/37 317/3/37
f 319/3/34 323/3/34 321/3/34 317/3/34
f 324/3/28 320/3/28 318/3/28 322/3/28
f 325/4/26 326/4/26 328/4/26 327/4/26
f 327/3/42 328/3/42 332/3/42 331/3/42
f 331/3/23 332/3/23 330/3/23 329/3/23
f 329/3/46 330/3/46 326/3/46 325/3/46
f 327/4/44 331/4/44 329/4/44 325/4/44
f 332/3/40 328/3/40 326/3/40 330/3/40
f 333/3/26 334/3/26 336/3/26 335/3/26
f 335/3/58 336/3/58 340/3/58 339/3/58
f 339/4/23 340/4/23 338/4/23 337/4/23
f 337/3/57 338/3/57 334/3/57 333/3/57
f 335/3/51 339/3/51 337/3/51 333/3/51
f 340/3/48 336/3/48 334/3/48 338/3/48
f 341/4/26 342/4/26 344/4/26 343/4/26
f 343/3/43 344/3/43 348/3/43 347/3/43
f 347/3/23 348/3/23 346/3/23 345/3/23
f 345/3/39 346/3/39 342/3/39 341/3/39
f 343/4/45 347/4/45 345/4/45 341/4/45
f 348/3/41 344/3/41 342/3/41 346/3/41
f 349/3/26 350/3/26 352/3/26 351/3/26
f 351/3/34 352/3/34 356/3/34 355/3/34
f 355/4/23 356/4/23 354/4/23 353/4/23
f 353/3/28 354/3/28 350/3/28 349/3/28
f 351/3/37 355/3/37 353/3/37 349/3/37
f 356/3/31 352/3/31 350/3/31 354/3/31
f 357/4/26 358/4/26 360/4/26 359/4/26
f 359/3/44 360/3/44 364/3/44 363/3/44
f 363/3/23 364/3/23 362/3/23 361/3/23
f 361/3/40 362/3/40 358/3/40 357/3/40
f 359/4/46 363/4/46 361/4/46 357/4/46
f 364/3/42 360/3/42 358/3/42 362/3/42
f 365/3/26 366/3/26 368/3/26 367/3/26
f 367/3/51 368/3/51 372/3/51 371/3/51
f 371/4/23 372/4/23 370/4/23 369/4/23
f 369/3/48 370/3/48 366/3/48 365/3/48
f 367/3/57 371/3/57 369/3/57 365/3/57
f 372/3/58 368/3/58 366/3/58 370/3/58
f 373/4/26 374/4/26 376/4/26 375/4/26
f 375/3/45 376/3/45 380/3/45 379/3/45
f 379/3/23 380/3/23 378/3/23 377/3/23
f 377/3/41 378/3/41 374/3/41 373/3/41
f 375/4/39 379/4/39 377/4/39 373/4/39
f 380/3/43 376/3/43 374/3/43 378/3/43
f 381/3/26 382/3/26 384/3/26 383/3/26
f 383/3/37 384/3/37 388/3/37 387/3/37
f 387/4/23 388/4/23 386/4/23 385/4/23
f 385/3/31 386/3/31 382/3/31 381/3/31
f 383/3/28 387/3/28 385/3/28 381/3/28
f 388/3/34 384/3/34 382/3/34 386/3/34
f 389/4/26 390/4/26 392/4/26 391/4/26
f 391/3/46 392/3/46 396/3/46 395/3/46
f 395/3/23 396/3/23 394/3/23 393/3/23
f 393/3/42 394/3/42 390/3/42 389/3/42
f 391/4/40 395/4/40 393/4/40 389/4/40
f 396/3/44 392/3/44 390/3/44 394/3/44
f 397/3/59 398/3/59 400/3/59 399/3/59
f 399/3/60 400/3/60 402/3/60 401/3/60
f 401/3/61 402/3/61 404/3/61 403/3/61
f 403/2/62 404/2/62 406/2/62 405/2/62
f 405/3/63 406/3/63 408/3/63 407/3/63
f 407/3/64 408/3/64 410/3/64 409/3/64
f 409/3/65 410/3/65 412/3/65 411/3/65
f 411/2/66 412/2/66 414/2/66 413/2/66
f 413/3/67 414/3/67 416/3/67 415/3/67
f 415/3/68 416/3/68 418/3/68 417/3/68
f 417/3/69 418/3/69 420/3/69 419/3/69
f 419/2/70 420/2/70 422/2/70 421/2/70
f 421/3/71 422/3/71 424/3/71 423/3/71
f 423/3/72 424/3/72 426/3/72 425/3/72
f 400/3/73 398/3/73 428/3/73 426/3/73 424/3/73 422/3/73 420/3/73 418/3/73 416/3/73 414/3/73 412/3/73 410/3/73 408/3/73 406/3/73 404/3/73 402/3/73
f 425/2/74 426/2/74 428/2/74 427/2/74
f 427/3/75 428/3/75 398/3/75 397/3/75
f 397/3/76 399/3/76 401/3/76 403/3/76 405/3/76 407/3/76 409/3/76 411/3/76 413/3/76 415/3/76 417/3/76 419/3/76 421/3/76 423/3/76 425/3/76 427/3/76
f 429/3/77 430/3/77 432/3/77 431/3/77
f 431/1/78 432/1/78 434/1/78 433/1/78
f 433/3/79 434/3/79 436/3/79 435/3/79
f 435/3/80 436/3/80 438/3/80 437/3/80
f 437/3/81 438/3/81 440/3/81 439/3/81
f 439/1/82 440/1/82 442/1/82 441/1/82
f 441/3/83 442/3/83 444/3/83 443/3/83
f 443/3/84 444/3/84 446/3/84 445/3/84
f 445/3/85 446/3/85 448/3/85 447/3/85
f 447/1/86 448/1/86 450/1/86 449/1/86
f 432/3/73 430/3/73 452/3/73 450/3/73 448/3/73 446/3/73 444/3/73 442/3/73 440/3/73 438/3/73 436/3/73 434/3/73
f 449/3/87 450/3/87 452/3/87 451/3/87
f 451/3/88 452/3/88 430/3/88 429/3/88
f 429/1/76 431/1/76 433/1/76 435/1/76 437/1/76 439/1/76 441/1/76 443/1/76 445/1/76 447/1/76 449/1/76 451/1/76
f 453/3/89 454/3/89 456/3/89 455/3/89
f 455/3/90 456/3/90 458/3/90 457/3/90
f 457/3/91 458/3/91 460/3/91 459/3/91
f 459/4/92 460/4/92 462/4/92 461/4/92
f 461/3/93 462/3/93 464/3/93 463/3/93
f 463/3/94 464/3/94 466/3/94 465/3/94
f 456/3/73 454/3/73 468/3/73 466/3/73 464/3/73 462/3/73 460/3/73 458/3/73
f 465/4/95 466/4/95 468/4/95 467/4/95
f 467/3/96 468/3/96 454/3/96 453/3/96
f 453/3/76 455/3/76 457/3/76 459/3/76 461/3/76 463/3/76 465/3/76 467/3/76
f 469/3/97 470/3/97 472/3/97 471/3/97
f 471/5/98 472/5/98 474/5/98 473/5/98
f 473/3/99 474/3/99 476/3/99 475/3/99
f 475/3/100 476/3/100 478/3/100 477/3/100
f 472/3/73 470/3/73 480/3/73 478/3/73 476/3/73 474/3/73
f 477/5/101 478/5/101 480/5/101 479/5/101
f 479/3/102 480/3/102 470/3/102 469/3/102
f 469/3/76 471/3/76 473/3/76 475/3/76 477/3/76 479/3/76
f 481/3/97 482/3/97 484/3/97 483/3/97
f 483/5/98 484/5/98 486/5/98 485/5/98
f 485/3/99 486/3/99 488/3/99 487/3/99
f 487/3/100 488/3/100 490/3/100 489/3/100
f 484/3/73 482/3/73 492/3/73 490/3/73 488/3/73 486/3/73
f 489/5/101 490/5/101 492/5/101 491/5/101
f 491/3/102 492/3/102 482/3/102 481/3/102
f 481/3/76 483/3/76 485/3/76 487/3/76 489/3/76 491/3/76
f 493/3/103 494/3/103 496/3/103 495/3/103
f 495/5/98 496/5/98 498/5/98 497/5/98
f 497/3/99 498/3/99 500/3/99 499/3/99
f 499/3/104 500/3/104 502/3/104 501/3/104
f 496/3/73 494/3/73 504/3/73 502/3/73 500/3/73 498/3/73
f 501/5/101 502/5/101 504/5/101 503/5/101
f 503/3/105 504/3/105 494/3/105 493/3/105
f 493/3/76 495/3/76 497/3/76 499/3/76 501/3/76 503/3/76
f 505/3/97 506/3/97 508/3/97 507/3/97
f 507/5/98 508/5/98 510/5/98 509/5/98
f 509/3/106 510/3/106 512/3/106 511/3/106
f 511/3/100 512/3/100 514/3/100 513/3/100
f 508/3/73 506/3/73 516/3/73 514/3/73 512/3/73 510/3/73
f 513/5/101 514/5/101 516/5/101 515/5/101
f 515/3/102 516/3/102 506/3/102 505/3/102
f 505/3/76 507/3/76 509/3/76 511/3/76 513/3/76 515/3/76
f 517/3/103 518/3/103 520/3/103 519/3/103
f 519/5/98 520/5/98 522/5/98 521/5/98
f 521/3/99 522/3/99 524/3/99 523/3/99
f 523/3/104 524/3/104 526/3/104 525/3/104
f 520/3/73 518/3/73 528/3/73 526/3/73 524/3/73 522/3/73
f 525/5/101 526/5/101 528/5/101 527/5/101
f 527/3/107 528/3/107 518/3/107 517/3/107
f 517/3/76 519/3/76 521/3/76 523/3/76 525/3/76 527/3/76
f 529/3/97 530/3/97 532/3/97 531/3/97
f 531/5/98 532/5/98 534/5/98 533/5/98
f 533/3/99 534/3/99 536/3/99 535/3/99
f 535/3/104 536/3/104 538/3/104 537/3/104
f 532/3/73 530/3/73 540/3/73 538/3/73 536/3/73 534/3/73
f 537/5/101 538/5/101 540/5/101 539/5/101
f 539/3/102 540/3/102 530/3/102 529/3/102
f 529/3/76 531/3/76 533/3/76 535/3/76 537/3/76 539/3/76
f 541/3/77 542/3/77 544/3/77 543/3/77
f 543/1/78 544/1/78 546/1/78 545/1/78
f 545/3/79 546/3/79 548/3/79 547/3/79
f 547/3/80 548/3/80 550/3/80 549/3/80
f 549/3/81 550/3/81 552/3/81 551/3/81
f 551/1/82 552/1/82 554/1/82 553/1/82
f 553/3/83 554/3/83 556/3/83 555/3/83
f 555/3/84 556/3/84 558/3/84 557/3/84
f 557/3/85 558/3/85 560/3/85 559/3/85
f 559/1/86 560/1/86 562/1/86 561/1/86
f 544/3/73 542/3/73 564/3/73 562/3/73 560/3/73 558/3/73 556/3/73 554/3/73 552/3/73 550/3/73 548/3/73 546/3/73
f 561/3/87 562/3/87 564/3/87 563/3/87
f 563/3/88 564/3/88 542/3/88 541/3/88
f 541/1/76 543/1/76 545/1/76 547/1/76 549/1/76 551/1/76 553/1/76 555/1/76 557/1/76 559/1/76 561/1/76 563/1/76
f 565/3/89 566/3/89 568/3/89 567/3/89
f 567/3/90 568/3/90 570/3/90 569/3/90
f 569/3/91 570/3/91 572/3/91 571/3/91
f 571/4/92 572/4/92 574/4/92 573/4/92
f 573/3/93 574/3/93 576/3/93 575/3/93
f 575/3/94 576/3/94 578/3/94 577/3/94
f 568/3/73 566/3/73 580/3/73 578/3/73 576/3/73 574/3/73 572/3/73 570/3/73
f 577/4/95 578/4/95 580/4/95 579/4/95
f 579/3/96 580/3/96 566/3/96 565/3/96
f 565/3/76 567/3/76 569/3/76 571/3/76 573/3/76 575/3/76 577/3/76 579/3/76
f 581/3/97 582/3/97 584/3/97 583/3/97
f 583/5/98 584/5/98 586/5/98 585/5/98
f 585/3/99 586/3/99 588/3/99 587/3/99
f 587/3/104 588/3/104 590/3/104 589/3/104
f 584/3/73 582/3/73 592/3/73 590/3/73 588/3/73 586/3/73
f 589/5/101 590/5/101 592/5/101 591/5/101
f 591/3/102 592/3/102 582/3/102 581/3/102
f 581/3/76 583/3/76 585/3/76 587/3/76 589/3/76 591/3/76
f 593/3/103 594/3/103 596/3/103 595/3/103
f 595/5/98 596/5/98 598/5/98 597/5/98
f 597/3/99 598/3/99 600/3/99 599/3/99
f 599/3/104 600/3/104 602/3/104 601/3/104
f 596/3/73 594/3/73 604/3/73 602/3/73 600/3/73 598/3/73
f 601/5/101 602/5/101 604/5/101 603/5/101
f 603/3/102 604/3/102 594/3/102 593/3/102
f 593/3/76 595/3/76 597/3/76 599/3/76 601/3/76 603/3/76
f 605/3/103 606/3/103 608/3/103 607/3/103
f 607/5/98 608/5/98 610/5/98 609/5/98
f 609/3/99 610/3/99 612/3/99 611/3/99
f 611/3/104 612/3/104 614/3/104 613/3/104
f 608/3/73 606/3/73 616/3/73 614/3/73 612/3/73 610/3/73
f 613/5/101 614/5/101 616/5/101 615/5/101
f 615/3/102 616/3/102 606/3/102 605/3/102
f 605/3/76 607/3/76 609/3/76 611/3/76 613/3/76 615/3/76
f 617/3/108 618/3/108 620/3/108 619/3/108
f 619/5/98 620/5/98 622/5/98 621/5/98
f 621/3/99 622/3/99 624/3/99 623/3/99
f 623/3/104 624/3/104 626/3/104 625/3/104
f 620/3/73 618/3/73 628/3/73 626/3/73 624/3/73 622/3/73
f 625/5/101 626/5/101 628/5/101 627/5/101
f 627/3/102 628/3/102 618/3/102 617/3/102
f 617/3/76 619/3/76 621/3/76 623/3/76 625/3/76 627/3/76
f 629/3/97 630/3/97 632/3/97 631/3/97
f 631/5/98 632/5/98 634/5/98 633/5/98
f 633/3/99 634/3/99 636/3/99 635/3/99
f 635/3/109 636/3/109 638/3/109 637/3/109
f 632/3/73 630/3/73 640/3/73 638/3/73 636/3/73 634/3/73
f 637/5/101 638/5/101 640/5/101 639/5/101
f 639/3/102 640/3/102 630/3/102 629/3/102
f 629/3/76 631/3/76 633/3/76 635/3/76 637/3/76 639/3/76
f 641/3/97 642/3/97 644/3/97 643/3/97
f 643/5/98 644/5/98 646/5/98 645/5/98
f 645/3/99 646/3/99 648/3/99 647/3/99
f 647/3/104 648/3/104 650/3/104 649/3/104
f 644/3/73 642/3/73 652/3/73 650/3/73 648/3/73 646/3/73
f 649/5/101 650/5/101 652/5/101 651/5/101
f 651/3/102 652/3/102 642/3/102 641/3/102
f 641/3/76 643/3/76 645/3/76 647/3/76 649/3/76 651/3/76
f 653/3/76 654/3/76 656/3/76 655/3/76
f 655/4/110 656/4/110 660/4/110 659/4/110
f 659/3/73 660/3/73 658/3/73 657/3/73
f 657/3/111 658/3/111 654/3/111 653/3/111
f 655/3/98 659/3/98 657/3/98 653/3/98
f 660/4/101 656/4/101 654/4/101 658/4/101
f 661/3/76 662/3/76 664/3/76 663/3/76
f 663/3/89 664/3/89 668/3/89 667/3/89
f 667/3/73 668/3/73 666/3/73 665/3/73
f 665/4/93 666/4/93 662/4/93 661/4/93
f 663/3/91 667/3/91 665/3/91 661/3/91
f 668/3/95 664/3/95 662/3/95 666/3/95
f 669/3/76 670/3/76 672/3/76 671/3/76
f 671/4/78 672/4/78 676/4/78 675/4/78
f 675/3/73 676/3/73 674/3/73 673/3/73
f 673/3/84 674/3/84 670/3/84 669/3/84
f 671/3/81 675/3/81 673/3/81 669/3/81
f 676/4/87 672/4/87 670/4/87 674/4/87
f 677/3/76 678/3/76 680/3/76 679/3/76
f 679/3/90 680/3/90 684/3/90 683/3/90
f 683/3/73 684/3/73 682/3/73 681/3/73
f 681/4/94 682/4/94 678/4/94 677/4/94
f 679/3/92 683/3/92 681/3/92 677/3/92
f 684/3/96 680/3/96 678/3/96 682/3/96
f 685/3/76 686/3/76 688/3/76 687/3/76
f 687/4/98 688/4/98 692/4/98 691/4/98
f 691/3/73 692/3/73 690/3/73 689/3/73
f 689/3/101 690/3/101 686/3/101 685/3/101
f 687/3/111 691/3/111 689/3/111 685/3/111
f 692/4/110 688/4/110 686/4/110 690/4/110
f 693/3/76 694/3/76 696/3/76 695/3/76
f 695/3/91 696/3/91 700/3/91 699/3/91
f 699/3/73 700/3/73 698/3/73 697/3/73
f 697/4/95 698/4/95 694/4/95 693/4/95
f 695/3/93 699/3/93 697/3/93 693/3/93
f 700/3/89 696/3/89 694/3/89 698/3/89
f 701/3/76 702/3/76 704/3/76 703/3/76
f 703/4/81 704/4/81 708/4/81 707/4/81
f 707/3/73 708/3/73 706/3/73 705/3/73
f 705/3/87 706/3/87 702/3/87 701/3/87
f 703/3/84 707/3/84 705/3/84 701/3/84
f 708/4/78 704/4/78 702/4/78 706/4/78
f 709/3/76 710/3/76 712/3/76 711/3/76
f 711/3/92 712/3/92 716/3/92 715/3/92
f 715/3/73 716/3/73 714/3/73 713/3/73
f 713/4/96 714/4/96 710/4/96 709/4/96
f 711/3/94 715/3/94 713/3/94 709/3/94
f 716/3/90 712/3/90 710/3/90 714/3/90
f 717/3/76 718/3/76 720/3/76 719/3/76
f 719/4/111 720/4/111 724/4/111 723/4/111
f 723/3/73 724/3/73 722/3/73 721/3/73
f 721/3/110 722/3/110 718/3/110 717/3/110
f 719/3/101 723/3/101 721/3/101 717/3/101
f 724/4/98 720/4/98 718/4/98 722/4/98
f 725/3/76 726/3/76 728/3/76 727/3/76
f 727/3/93 728/3/93 732/3/93 731/3/93
f 731/3/73 732/3/73 730/3/73 729/3/73
f 729/4/89 730/4/89 726/4/89 725/4/89
f 727/3/95 731/3/95 729/3/95 725/3/95
f 732/3/91 728/3/91 726/3/91 730/3/91
f 733/3/76 734/3/76 736/3/76 735/3/76
f 735/4/84 736/4/84 740/4/84 739/4/84
f 739/3/73 740/3/73 738/3/73 737/3/73
f 737/3/78 738/3/78 734/3/78 733/3/78
f 735/3/87 739/3/87 737/3/87 733/3/87
f 740/4/81 736/4/81 734/4/81 738/4/81
f 741/3/76 742/3/76 744/3/76 743/3/76
f 743/3/94 744/3/94 748/3/94 747/3/94
f 747/3/73 748/3/73 746/3/73 745/3/73
f 745/4/90 746/4/90 742/4/90 741/4/90
f 743/3/96 747/3/96 745/3/96 741/3/96
f 748/3/92 744/3/92 742/3/92 746/3/92
f 749/3/76 750/3/76 752/3/76 751/3/76
f 751/4/101 752/4/101 756/4/101 755/4/101
f 755/3/73 756/3/73 754/3/73 753/3/73
f 753/3/98 754/3/98 750/3/98 749/3/98
f 751/3/110 755/3/110 753/3/110 749/3/110
f 756/4/111 752/4/111 750/4/111 754/4/111
f 757/3/76 758/3/76 760/3/76 759/3/76
f 759/3/95 760/3/95 764/3/95 763/3/95
f 763/3/73 764/3/73 762/3/73 761/3/73
f 761/4/91 762/4/91 758/4/91 757/4/91
f 759/3/89 763/3/89 761/3/89 757/3/89
f 764/3/93 760/3/93 758/3/93 762/3/93
f 765/3/76 766/3/76 768/3/76 767/3/76
f 767/4/87 768/4/87 772/4/87 771/4/87
f 771/3/73 772/3/73 770/3/73 769/3/73
f 769/3/81 770/3/81 766/3/81 765/3/81
f 767/3/78 771/3/78 769/3/78 765/3/78
f 772/4/84 768/4/84 766/4/84 770/4/84
f 773/3/76 774/3/76 776/3/76 775/3/76
f 775/3/96 776/3/96 780/3/96 779/3/96
f 779/3/73 780/3/73 778/3/73 777/3/73
f 777/4/92 778/4/92 774/4/92 773/4/92
f 775/3/90 779/3/90 777/3/90 773/3/90
f 780/3/94 776/3/94 774/3/94 778/3/94
f 781/3/112 782/3/112 784/3/112 783/3/112
f 783/3/113 784/3/113 786/3/113 785/3/113
f 785/2/114 786/2/114 788/2/114 787/2/114
f 787/3/115 788/3/115 790/3/115 789/3/115
f 789/3/116 790/3/116 792/3/116 791/3/116
f 791/3/117 792/3/117 794/3/117 793/3/117
f 793/2/118 794/2/118 796/2/118 795/2/118
f 795/3/119 796/3/119 798/3/119 797/3/119
f 797/3/120 798/3/120 800/3/120 799/3/120
f 799/3/121 800/3/121 802/3/121 801/3/121
f 801/2/122 802/2/122 804/2/122 803/2/122
f 803/3/123 804/3/123 806/3/123 805/3/123
f 805/3/124 806/3/124 808/3/124 807/3/124
f 807/3/125 808/3/125 810/3/125 809/3/125
f 784/2/126 782/2/126 812/2/126 810/2/126 808/2/126 806/2/126 804/2/126 802/2/126 800/2/126 798/2/126 796/2/126 794/2/126 792/2/126 790/2/126 788/2/126 786/2/126
f 809/3/127 810/3/127 812/3/127 811/3/127
f 811/3/128 812/3/128 782/3/128 781/3/128
f 781/3/129 783/3/129 785/3/129 787/3/129 789/3/129 791/3/129 793/3/129 795/3/129 797/3/129 799/3/129 801/3/129 803/3/129 805/3/129 807/3/129 809/3/129 811/3/129
f 813/1/130 814/1/130 816/1/130 815/1/130
f 815/3/131 816/3/131 818/3/131 817/3/131
f 817/3/132 818/3/132 820/3/132 819/3/132
f 819/3/133 820/3/133 822/3/133 821/3/133
f 821/1/134 822/1/134 824/1/134 823/1/134
f 823/3/135 824/3/135 826/3/135 825/3/135
f 825/3/136 826/3/136 828/3/136 827/3/136
f 827/3/137 828/3/137 830/3/137 829/3/137
f 829/1/138 830/1/138 832/1/138 831/1/138
f 831/3/139 832/3/139 834/3/139 833/3/139
f 816/3/126 814/3/126 836/3/126 834/3/126 832/3/126 830/3/126 828/3/126 826/3/126 824/3/126 822/3/126 820/3/126 818/3/126
f 833/3/140 834/3/140 836/3/140 835/3/140
f 835/1/141 836/1/141 814/1/141 813/1/141
f 813/3/129 815/3/129 817/3/129 819/3/129 821/3/129 823/3/129 825/3/129 827/3/129 829/3/129 831/3/129 833/3/129 835/3/129
f 837/3/142 838/3/142 840/3/142 839/3/142
f 839/3/143 840/3/143 842/3/143 841/3/143
f 841/4/144 842/4/144 844/4/144 843/4/144
f 843/3/145 844/3/145 846/3/145 845/3/145
f 845/3/146 846/3/146 848/3/146 847/3/146
f 847/3/147 848/3/147 850/3/147 849/3/147
f 840/4/126 838/4/126 852/4/126 850/4/126 848/4/126 846/4/126 844/4/126 842/4/126
f 849/3/148 850/3/148 852/3/148 851/3/148
f 851/3/149 852/3/149 838/3/149 837/3/149
f 837/3/129 839/3/129 841/3/129 843/3/129 845/3/129 847/3/129 849/3/129 851/3/129
f 853/5/150 854/5/150 856/5/150 855/5/150
f 855/3/151 856/3/151 858/3/151 857/3/151
f 857/3/152 858/3/152 860/3/152 859/3/152
f 859/3/153 860/3/153 862/3/153 861/3/153
f 856/5/126 854/5/126 864/5/126 862/5/126 860/5/126 858/5/126
f 861/3/154 862/3/154 864/3/154 863/3/154
f 863/3/155 864/3/155 854/3/155 853/3/155
f 853/3/129 855/3/129 857/3/129 859/3/129 861/3/129 863/3/129
f 865/5/156 866/5/156 868/5/156 867/5/156
f 867/3/151 868/3/151 870/3/151 869/3/151
f 869/3/152 870/3/152 872/3/152 871/3/152
f 871/3/153 872/3/153 874/3/153 873/3/153
f 868/5/126 866/5/126 876/5/126 874/5/126 872/5/126 870/5/126
f 873/3/154 874/3/154 876/3/154 875/3/154
f 875/3/157 876/3/157 866/3/157 865/3/157
f 865/3/129 867/3/129 869/3/129 871/3/129 873/3/129 875/3/129
f 877/5/156 878/5/156 880/5/156 879/5/156
f 879/3/151 880/3/151 882/3/151 881/3/151
f 881/3/152 882/3/152 884/3/152 883/3/152
f 883/3/153 884/3/153 886/3/153 885/3/153
f 880/5/126 878/5/126 888/5/126 886/5/126 884/5/126 882/5/126
f 885/3/154 886/3/154 888/3/154 887/3/154
f 887/3/155 888/3/155 878/3/155 877/3/155
f 877/3/129 879/3/129 881/3/129 883/3/129 885/3/129 887/3/129
f 889/5/150 890/5/150 892/5/150 891/5/150
f 891/3/151 892/3/151 894/3/151 893/3/151
f 893/3/152 894/3/152 896/3/152 895/3/152
f 895/3/153 896/3/153 898/3/153 897/3/153
f 892/5/126 890/5/126 900/5/126 898/5/126 896/5/126 894/5/126
f 897/3/154 898/3/154 900/3/154 899/3/154
f 899/3/157 900/3/157 890/3/157 889/3/157
f 889/3/129 891/3/129 893/3/129 895/3/129 897/3/129 899/3/129
f 901/5/150 902/5/150 904/5/150 903/5/150
f 903/3/151 904/3/151 906/3/151 905/3/151
f 905/3/152 906/3/152 908/3/152 907/3/152
f 907/3/158 908/3/158 910/3/158 909/3/158
f 904/5/126 902/5/126 912/5/126 910/5/126 908/5/126 906/5/126
f 909/3/154 910/3/154 912/3/154 911/3/154
f 911/3/157 912/3/157 902/3/157 901/3/157
f 901/3/129 903/3/129 905/3/129 907/3/129 909/3/129 911/3/129
f 913/5/150 914/5/150 916/5/150 915/5/150
f 915/3/151 916/3/151 918/3/151 917/3/151
f 917/3/159 918/3/159 920/3/159 919/3/159
f 919/3/158 920/3/158 922/3/158 921/3/158
f 916/5/126 914/5/126 924/5/126 922/5/126 920/5/126 918/5/126
f 921/3/154 922/3/154 924/3/154 923/3/154
f 923/3/155 924/3/155 914/3/155 913/3/155
f 913/3/129 915/3/129 917/3/129 919/3/129 921/3/129 923/3/129
f 925/1/130 926/1/130 928/1/130 927/1/130
f 927/3/131 928/3/131 930/3/131 929/3/131
f 929/3/132 930/3/132 932/3/132 931/3/132
f 931/3/133 932/3/133 934/3/133 933/3/133
f 933/1/134 934/1/134 936/1/134 935/1/134
f 935/3/135 936/3/135 938/3/135 937/3/135
f 937/3/136 938/3/136 940/3/136 939/3/136
f 939/3/137 940/3/137 942/3/137 941/3/137
f 941/1/138 942/1/138 944/1/138 943/1/138
f 943/3/139 944/3/139 946/3/139 945/3/139
f 928/3/126 926/3/126 948/3/126 946/3/126 944/3/126 942/3/126 940/3/126 938/3/126 936/3/126 934/3/126 932/3/126 930/3/126
f 945/3/140 946/3/140 948/3/140 947/3/140
f 947/1/141 948/1/141 926/1/141 925/1/141
f 925/3/129 927/3/129 929/3/129 931/3/129 933/3/129 935/3/129 937/3/129 939/3/129 941/3/129 943/3/129 945/3/129 947/3/129
f 949/3/142 950/3/142 952/3/142 951/3/142
f 951/3/143 952/3/143 954/3/143 953/3/143
f 953/4/144 954/4/144 956/4/144 955/4/144
f 955/3/145 956/3/145 958/3/145 957/3/145
f 957/3/146 958/3/146 960/3/146 959/3/146
f 959/3/147 960/3/147 962/3/147 961/3/147
f 952/4/126 950/4/126 964/4/126 962/4/126 960/4/126 958/4/126 956/4/126 954/4/126
f 961/3/148 962/3/148 964/3/148 963/3/148
f 963/3/149 964/3/149 950/3/149 949/3/149
f 949/3/129 951/3/129 953/3/129 955/3/129 957/3/129 959/3/129 961/3/129 963/3/129
f 965/5/150 966/5/150 968/5/150 967/5/150
f 967/3/151 968/3/151 970/3/151 969/3/151
f 969/3/159 970/3/159 972/3/159 971/3/159
f 971/3/158 972/3/158 974/3/158 973/3/158
f 968/5/126 966/5/126 976/5/126 974/5/126 972/5/126 970/5/126
f 973/3/154 974/3/154 976/3/154 975/3/154
f 975/3/157 976/3/157 966/3/157 965/3/157
f 965/3/129 967/3/129 969/3/129 971/3/129 973/3/129 975/3/129
f 977/5/150 978/5/150 980/5/150 979/5/150
f 979/3/151 980/3/151 982/3/151 981/3/151
f 981/3/152 982/3/152 984/3/152 983/3/152
f 983/3/153 984/3/153 986/3/153 985/3/153
f 980/5/126 978/5/126 988/5/126 986/5/126 984/5/126 982/5/126
f 985/3/154 986/3/154 988/3/154 987/3/154
f 987/3/155 988/3/155 978/3/155 977/3/155
f 977/3/129 979/3/129 981/3/129 983/3/129 985/3/129 987/3/129
f 989/5/156 990/5/156 992/5/156 991/5/156
f 991/3/151 992/3/151 994/3/151 993/3/151
f 993/3/159 994/3/159 996/3/159 995/3/159
f 995/3/158 996/3/158 998/3/158 997/3/158
f 992/5/126 990/5/126 1000/5/126 998/5/126 996/5/126 994/5/126
f 997/3/154 998/3/154 1000/3/154 999/3/154
f 999/3/155 1000/3/155 990/3/155 989/3/155
f 989/3/129 991/3/129 993/3/129 995/3/129 997/3/129 999/3/129
f 1001/5/150 1002/5/150 1004/5/150 1003/5/150
f 1003/3/151 1004/3/151 1006/3/151 1005/3/151
f 1005/3/152 1006/3/152 1008/3/152 1007/3/152
f 1007/3/158 1008/3/158 1010/3/158 1009/3/158
f 1004/5/126 1002/5/126 1012/5/126 1010/5/126 1008/5/126 1006/5/126
f 1009/3/154 1010/3/154 1012/3/154 1011/3/154
f 1011/3/157 1012/3/157 1002/3/157 1001/3/157
f 1001/3/129 1003/3/129 1005/3/129 1007/3/129 1009/3/129 1011/3/129
f 1013/5/150 1014/5/150 1016/5/150 1015/5/150
f 1015/3/151 1016/3/151 1018/3/151 1017/3/151
f 1017/3/152 1018/3/152 1020/3/152 1019/3/152
f 1019/3/158 1020/3/158 1022/3/158 1021/3/158
f 1016/5/126 1014/5/126 1024/5/126 1022/5/126 1020/5/126 1018/5/126
f 1021/3/154 1022/3/154 1024/3/154 1023/3/154
f 1023/3/155 1024/3/155 1014/3/155 1013/3/155
f 1013/3/129 1015/3/129 1017/3/129 1019/3/129 1021/3/129 1023/3/129
f 1025/5/150 1026/5/150 1028/5/150 1027/5/150
f 1027/3/151 1028/3/151 1030/3/151 1029/3/151
f 1029/3/159 1030/3/159 1032/3/159 1031/3/159
f 1031/3/153 1032/3/153 1034/3/153 1033/3/153
f 1028/5/126 1026/5/126 1036/5/126 1034/5/126 1032/5/126 1030/5/126
f 1033/3/154 1034/3/154 1036/3/154 1035/3/154
f 1035/3/157 1036/3/157 1026/3/157 1025/3/157
f 1025/3/129 1027/3/129 1029/3/129 1031/3/129 1033/3/129 1035/3/129
f 1037/4/129 1038/4/129 1040/4/129 1039/4/129
f 1039/3/160 1040/3/160 1044/3/160 1043/3/160
f 1043/3/126 1044/3/126 1042/3/126 1041/3/126
f 1041/3/161 1042/3/161 1038/3/161 1037/3/161
f 1039/4/151 1043/4/151 1041/4/151 1037/4/151
f 1044/3/154 1040/3/154 1038/3/154 1042/3/154
f 1045/3/129 1046/3/129 1048/3/129 1047/3/129
f 1047/3/142 1048/3/142 1052/3/142 1051/3/142
f 1051/4/126 1052/4/126 1050/4/126 1049/4/126
f 1049/3/146 1050/3/146 1046/3/146 1045/3/146
f 1047/3/144 1051/3/144 1049/3/144 1045/3/144
f 1052/3/148 1048/3/148 1046/3/148 1050/3/148
f 1053/4/129 1054/4/129 1056/4/129 1055/4/129
f 1055/3/131 1056/3/131 1060/3/131 1059/3/131
f 1059/3/126 1060/3/126 1058/3/126 1057/3/126
f 1057/3/137 1058/3/137 1054/3/137 1053/3/137
f 1055/4/134 1059/4/134 1057/4/134 1053/4/134
f 1060/3/140 1056/3/140 1054/3/140 1058/3/140
f 1061/3/129 1062/3/129 1064/3/129 1063/3/129
f 1063/3/143 1064/3/143 1068/3/143 1067/3/143
f 1067/4/126 1068/4/126 1066/4/126 1065/4/126
f 1065/3/147 1066/3/147 1062/3/147 1061/3/147
f 1063/3/145 1067/3/145 1065/3/145 1061/3/145
f 1068/3/149 1064/3/149 1062/3/149 1066/3/149
f 1069/4/129 1070/4/129 1072/4/129 1071/4/129
f 1071/3/151 1072/3/151 1076/3/151 1075/3/151
f 1075/3/126 1076/3/126 1074/3/126 1073/3/126
f 1073/3/154 1074/3/154 1070/3/154 1069/3/154
f 1071/4/161 1075/4/161 1073/4/161 1069/4/161
f 1076/3/160 1072/3/160 1070/3/160 1074/3/160
f 1077/3/129 1078/3/129 1080/3/129 1079/3/129
f 1079/3/144 1080/3/144 1084/3/144 1083/3/144
f 1083/4/126 1084/4/126 1082/4/126 1081/4/126
f 1081/3/148 1082/3/148 1078/3/148 1077/3/148
f 1079/3/146 1083/3/146 1081/3/146 1077/3/146
f 1084/3/142 1080/3/142 1078/3/142 1082/3/142
f 1085/4/129 1086/4/129 1088/4/129 1087/4/129
f 1087/3/134 1088/3/134 1092/3/134 1091/3/134
f 1091/3/126 1092/3/126 1090/3/126 1089/3/126
f 1089/3/140 1090/3/140 1086/3/140 1085/3/140
f 1087/4/137 1091/4/137 1089/4/137 1085/4/137
f 1092/3/131 1088/3/131 1086/3/131 1090/3/131
f 1093/3/129 1094/3/129 1096/3/129 1095/3/129
f 1095/3/145 1096/3/145 1100/3/145 1099/3/145
f 1099/4/126 1100/4/126 1098/4/126 1097/4/126
f 1097/3/149 1098/3/149 1094/3/149 1093/3/149
f 1095/3/147 1099/3/147 1097/3/147 1093/3/147
f 1100/3/143 1096/3/143 1094/3/143 1098/3/143
f 1101/4/129 1102/4/129 1104/4/129 1103/4/129
f 1103/3/161 1104/3/161 1108/3/161 1107/3/161
f 1107/3/126 1108/3/126 1106/3/126 1105/3/126
f 1105/3/160 1106/3/160 1102/3/160 1101/3/160
f 1103/4/154 1107/4/154 1105/4/154 1101/4/154
f 1108/3/151 1104/3/151 1102/3/151 1106/3/151
f 1109/3/129 1110/3/129 1112/3/129 1111/3/129
f 1111/3/162 1112/3/162 1116/3/162 1115/3/162
f 1115/4/126 1116/4/126 1114/4/126 1113/4/126
f 1113/3/163 1114/3/163 1110/3/163 1109/3/163
f 1111/3/148 1115/3/148 1113/3/148 1109/3/148
f 1116/3/144 1112/3/144 1110/3/144 1114/3/144
f 1117/4/129 1118/4/129 1120/4/129 1119/4/129
f 1119/3/137 1120/3/137 1124/3/137 1123/3/137
f 1123/3/126 1124/3/126 1122/3/126 1121/3/126
f 1121/3/131 1122/3/131 1118/3/131 1117/3/131
f 1119/4/140 1123/4/140 1121/4/140 1117/4/140
f 1124/3/134 1120/3/134 1118/3/134 1122/3/134
f 1125/3/129 1126/3/129 1128/3/129 1127/3/129
f 1127/3/147 1128/3/147 1132/3/147 1131/3/147
f 1131/4/126 1132/4/126 1130/4/126 1129/4/126
f 1129/3/143 1130/3/143 1126/3/143 1125/3/143
f 1127/3/149 1131/3/149 1129/3/149 1125/3/149
f 1132/3/145 1128/3/145 1126/3/145 1130/3/145
f 1133/4/129 1134/4/129 1136/4/129 1135/4/129
f 1135/3/154 1136/3/154 1140/3/154 1139/3/154
f 1139/3/126 1140/3/126 1138/3/126 1137/3/126
f 1137/3/151 1138/3/151 1134/3/151 1133/3/151
f 1135/4/160 1139/4/160 1137/4/160 1133/4/160
f 1140/3/161 1136/3/161 1134/3/161 1138/3/161
f 1141/3/129 1142/3/129 1144/3/129 1143/3/129
f 1143/3/148 1144/3/148 1148/3/148 1147/3/148
f 1147/4/126 1148/4/126 1146/4/126 1145/4/126
f 1145/3/144 1146/3/144 1142/3/144 1141/3/144
f 1143/3/142 1147/3/142 1145/3/142 1141/3/142
f 1148/3/146 1144/3/146 1142/3/146 1146/3/146
f 1149/4/129 1150/4/129 1152/4/129 1151/4/129
f 1151/3/140 1152/3/140 1156/3/140 1155/3/140
f 1155/3/126 1156/3/126 1154/3/126 1153/3/126
f 1153/3/134 1154/3/134 1150/3/134 1149/3/134
f 1151/4/131 1155/4/131 1153/4/131 1149/4/131
f 1156/3/137 1152/3/137 1150/3/137 1154/3/137
f 1157/3/129 1158/3/129 1160/3/129 1159/3/129
f 1159/3/149 1160/3/149 1164/3/149 1163/3/149
f 1163/4/126 1164/4/126 1162/4/126 1161/4/126
f 1161/3/145 1162/3/145 1158/3/145 1157/3/145
f 1159/3/143 1163/3/143 1161/3/143 1157/3/143
f 1164/3/147 1160/3/147 1158/3/147 1162/3/147
f 1165/3/164 1166/3/164 1168/3/164 1167/3/164
f 1167/2/165 1168/2/165 1170/2/165 1169/2/165
f 1169/3/166 1170/3/166 1172/3/166 1171/3/166
f 1171/3/167 1172/3/167 1174/3/167 1173/3/167
f 1173/3/168 1174/3/168 1176/3/168 1175/3/168
f 1175/2/169 1176/2/169 1178/2/169 1177/2/169
f 1177/3/170 1178/3/170 1180/3/170 1179/3/170
f 1179/3/171 1180/3/171 1182/3/171 1181/3/171
f 1181/3/172 1182/3/172 1184/3/172 1183/3/172
f 1183/2/173 1184/2/173 1186/2/173 1185/2/173
f 1185/3/174 1186/3/174 1188/3/174 1187/3/174
f 1187/3/175 1188/3/175 1190/3/175 1189/3/175
f 1189/3/176 1190/3/176 1192/3/176 1191/3/176
f 1191/2/177 1192/2/177 1194/2/177 1193/2/177
f 1168/3/178 1166/3/178 1196/3/178 1194/3/178 1192/3/178 1190/3/178 1188/3/178 1186/3/178 1184/3/178 1182/3/178 1180/3/178 1178/3/178 1176/3/178 1174/3/178 1172/3/178 1170/3/178
f 1193/3/179 1194/3/179 1196/3/179 1195/3/179
f 1195/3/180 1196/3/180 1166/3/180 1165/3/180
f 1165/2/181 1167/2/181 1169/2/181 1171/2/181 1173/2/181 1175/2/181 1177/2/181 1179/2/181 1181/2/181 1183/2/181 1185/2/181 1187/2/181 1189/2/181 1191/2/181 1193/2/181 1195/2/181
f 1197/3/182 1198/3/182 1200/3/182 1199/3/182
f 1199/3/183 1200/3/183 1202/3/183 1201/3/183
f 1201/3/184 1202/3/184 1204/3/184 1203/3/184
f 1203/1/185 1204/1/185 1206/1/185 1205/1/185
f 1205/3/186 1206/3/186 1208/3/186 1207/3/186
f 1207/3/187 1208/3/187 1210/3/187 1209/3/187
f 1209/3/188 1210/3/188 1212/3/188 1211/3/188
f 1211/1/189 1212/1/189 1214/1/189 1213/1/189
f 1213/3/190 1214/3/190 1216/3/190 1215/3/190
f 1215/3/191 1216/3/191 1218/3/191 1217/3/191
f 1200/3/178 1198/3/178 1220/3/178 1218/3/178 1216/3/178 1214/3/178 1212/3/178 1210/3/178 1208/3/178 1206/3/178 1204/3/178 1202/3/178
f 1217/1/192 1218/1/192 1220/1/192 1219/1/192
f 1219/3/193 1220/3/193 1198/3/193 1197/3/193
f 1197/3/181 1199/3/181 1201/3/181 1203/3/181 1205/3/181 1207/3/181 1209/3/181 1211/3/181 1213/3/181 1215/3/181 1217/3/181 1219/3/181
f 1221/3/194 1222/3/194 1224/3/194 1223/3/194
f 1223/4/195 1224/4/195 1226/4/195 1225/4/195
f 1225/3/196 1226/3/196 1228/3/196 1227/3/196
f 1227/3/197 1228/3/197 1230/3/197 1229/3/197
f 1229/3/198 1230/3/198 1232/3/198 1231/3/198
f 1231/4/199 1232/4/199 1234/4/199 1233/4/199
f 1224/3/178 1222/3/178 1236/3/178 1234/3/178 1232/3/178 1230/3/178 1228/3/178 1226/3/178
f 1233/3/200 1234/3/200 1236/3/200 1235/3/200
f 1235/3/201 1236/3/201 1222/3/201 1221/3/201
f 1221/4/181 1223/4/181 1225/4/181 1227/4/181 1229/4/181 1231/4/181 1233/4/181 1235/4/181
f 1237/3/202 1238/3/202 1240/3/202 1239/3/202
f 1239/3/203 1240/3/203 1242/3/203 1241/3/203
f 1241/3/204 1242/3/204 1244/3/204 1243/3/204
f 1243/5/205 1244/5/205 1246/5/205 1245/5/205
f 1240/3/178 1238/3/178 1248/3/178 1246/3/178 1244/3/178 1242/3/178
f 1245/3/206 1246/3/206 1248/3/206 1247/3/206
f 1247/3/207 1248/3/207 1238/3/207 1237/3/207
f 1237/5/181 1239/5/181 1241/5/181 1243/5/181 1245/5/181 1247/5/181
f 1249/3/202 1250/3/202 1252/3/202 1251/3/202
f 1251/3/203 1252/3/203 1254/3/203 1253/3/203
f 1253/3/204 1254/3/204 1256/3/204 1255/3/204
f 1255/5/205 1256/5/205 1258/5/205 1257/5/205
f 1252/3/178 1250/3/178 1260/3/178 1258/3/178 1256/3/178 1254/3/178
f 1257/3/206 1258/3/206 1260/3/206 1259/3/206
f 1259/3/207 1260/3/207 1250/3/207 1249/3/207
f 1249/5/181 1251/5/181 1253/5/181 1255/5/181 1257/5/181 1259/5/181
f 1261/3/202 1262/3/202 1264/3/202 1263/3/202
f 1263/3/203 1264/3/203 1266/3/203 1265/3/203
f 1265/3/204 1266/3/204 1268/3/204 1267/3/204
f 1267/5/205 1268/5/205 1270/5/205 1269/5/205
f 1264/3/178 1262/3/178 1272/3/178 1270/3/178 1268/3/178 1266/3/178
f 1269/3/206 1270/3/206 1272/3/206 1271/3/206
f 1271/3/207 1272/3/207 1262/3/207 1261/3/207
f 1261/5/181 1263/5/181 1265/5/181 1267/5/181 1269/5/181 1271/5/181
f 1273/3/202 1274/3/202 1276/3/202 1275/3/202
f 1275/3/203 1276/3/203 1278/3/203 1277/3/203
f 1277/3/204 1278/3/204 1280/3/204 1279/3/204
f 1279/5/208 1280/5/208 1282/5/208 1281/5/208
f 1276/3/178 1274/3/178 1284/3/178 1282/3/178 1280/3/178 1278/3/178
f 1281/3/206 1282/3/206 1284/3/206 1283/3/206
f 1283/3/207 1284/3/207 1274/3/207 1273/3/207
f 1273/5/181 1275/5/181 1277/5/181 1279/5/181 1281/5/181 1283/5/181
f 1285/3/202 1286/3/202 1288/3/202 1287/3/202
f 1287/3/203 1288/3/203 1290/3/203 1289/3/203
f 1289/3/204 1290/3/204 1292/3/204 1291/3/204
f 1291/5/205 1292/5/205 1294/5/205 1293/5/205
f 1288/3/178 1286/3/178 1296/3/178 1294/3/178 1292/3/178 1290/3/178
f 1293/3/206 1294/3/206 1296/3/206 1295/3/206
f 1295/3/207 1296/3/207 1286/3/207 1285/3/207
f 1285/5/181 1287/5/181 1289/5/181 1291/5/181 1293/5/181 1295/5/181
f 1297/3/202 1298/3/202 1300/3/202 1299/3/202
f 1299/3/203 1300/3/203 1302/3/203 1301/3/203
f 1301/3/204 1302/3/204 1304/3/204 1303/3/204
f 1303/5/205 1304/5/205 1306/5/205 1305/5/205
f 1300/3/178 1298/3/178 1308/3/178 1306/3/178 1304/3/178 1302/3/178
f 1305/3/206 1306/3/206 1308/3/206 1307/3/206
f 1307/3/207 1308/3/207 1298/3/207 1297/3/207
f 1297/5/181 1299/5/181 1301/5/181 1303/5/181 1305/5/181 1307/5/181
f 1309/3/182 1310/3/182 1312/3/182 1311/3/182
f 1311/3/183 1312/3/183 1314/3/183 1313/3/183
f 1313/3/184 1314/3/184 1316/3/184 1315/3/184
f 1315/1/185 1316/1/185 1318/1/185 1317/1/185
f 1317/3/186 1318/3/186 1320/3/186 1319/3/186
f 1319/3/187 1320/3/187 1322/3/187 1321/3/187
f 1321/3/188 1322/3/188 1324/3/188 1323/3/188
f 1323/1/189 1324/1/189 1326/1/189 1325/1/189
f 1325/3/190 1326/3/190 1328/3/190 1327/3/190
f 1327/3/191 1328/3/191 1330/3/191 1329/3/191
f 1312/3/178 1310/3/178 1332/3/178 1330/3/178 1328/3/178 1326/3/178 1324/3/178 1322/3/178 1320/3/178 1318/3/178 1316/3/178 1314/3/178
f 1329/1/192 1330/1/192 1332/1/192 1331/1/192
f 1331/3/193 1332/3/193 1310/3/193 1309/3/193
f 1309/3/181 1311/3/181 1313/3/181 1315/3/181 1317/3/181 1319/3/181 1321/3/181 1323/3/181 1325/3/181 1327/3/181 1329/3/181 1331/3/181
f 1333/3/194 1334/3/194 1336/3/194 1335/3/194
f 1335/4/195 1336/4/195 1338/4/195 1337/4/195
f 1337/3/196 1338/3/196 1340/3/196 1339/3/196
f 1339/3/197 1340/3/197 1342/3/197 1341/3/197
f 1341/3/198 1342/3/198 1344/3/198 1343/3/198
f 1343/4/199 1344/4/199 1346/4/199 1345/4/199
f 1336/3/178 1334/3/178 1348/3/178 1346/3/178 1344/3/178 1342/3/178 1340/3/178 1338/3/178
f 1345/3/200 1346/3/200 1348/3/200 1347/3/200
f 1347/3/201 1348/3/201 1334/3/201 1333/3/201
f 1333/4/181 1335/4/181 1337/4/181 1339/4/181 1341/4/181 1343/4/181 1345/4/181 1347/4/181
f 1349/3/209 1350/3/209 1352/3/209 1351/3/209
f 1351/3/203 1352/3/203 1354/3/203 1353/3/203
f 1353/3/204 1354/3/204 1356/3/204 1355/3/204
f 1355/5/205 1356/5/205 1358/5/205 1357/5/205
f 1352/3/178 1350/3/178 1360/3/178 1358/3/178 1356/3/178 1354/3/178
f 1357/3/210 1358/3/210 1360/3/210 1359/3/210
f 1359/3/207 1360/3/207 1350/3/207 1349/3/207
f 1349/5/181 1351/5/181 1353/5/181 1355/5/181 1357/5/181 1359/5/181
f 1361/3/202 1362/3/202 1364/3/202 1363/3/202
f 1363/3/203 1364/3/203 1366/3/203 1365/3/203
f 1365/3/204 1366/3/204 1368/3/204 1367/3/204
f 1367/5/208 1368/5/208 1370/5/208 1369/5/208
f 1364/3/178 1362/3/178 1372/3/178 1370/3/178 1368/3/178 1366/3/178
f 1369/3/206 1370/3/206 1372/3/206 1371/3/206
f 1371/3/207 1372/3/207 1362/3/207 1361/3/207
f 1361/5/181 1363/5/181 1365/5/181 1367/5/181 1369/5/181 1371/5/181
f 1373/3/202 1374/3/202 1376/3/202 1375/3/202
f 1375/3/203 1376/3/203 1378/3/203 1377/3/203
f 1377/3/204 1378/3/204 1380/3/204 1379/3/204
f 1379/5/205 1380/5/205 1382/5/205 1381/5/205
f 1376/3/178 1374/3/178 1384/3/178 1382/3/178 1380/3/178 1378/3/178
f 1381/3/206 1382/3/206 1384/3/206 1383/3/206
f 1383/3/207 1384/3/207 1374/3/207 1373/3/207
f 1373/5/181 1375/5/181 1377/5/181 1379/5/181 1381/5/181 1383/5/181
f 1385/3/202 1386/3/202 1388/3/202 1387/3/202
f 1387/3/203 1388/3/203 1390/3/203 1389/3/203
f 1389/3/204 1390/3/204 1392/3/204 1391/3/204
f 1391/5/205 1392/5/205 1394/5/205 1393/5/205
f 1388/3/178 1386/3/178 1396/3/178 1394/3/178 1392/3/178 1390/3/178
f 1393/3/206 1394/3/206 1396/3/206 1395/3/206
f 1395/3/207 1396/3/207 1386/3/207 1385/3/207
f 1385/5/181 1387/5/181 1389/5/181 1391/5/181 1393/5/181 1395/5/181
f 1397/3/202 1398/3/202 1400/3/202 1399/3/202
f 1399/3/203 1400/3/203 1402/3/203 1401/3/203
f 1401/3/204 1402/3/204 1404/3/204 1403/3/204
f 1403/5/205 1404/5/205 1406/5/205 1405/5/205
f 1400/3/178 1398/3/178 1408/3/178 1406/3/178 1404/3/178 1402/3/178
f 1405/3/206 1406/3/206 1408/3/206 1407/3/206
f 1407/3/207 1408/3/207 1398/3/207 1397/3/207
f 1397/5/181 1399/5/181 1401/5/181 1403/5/181 1405/5/181 1407/5/181
f 1409/3/202 1410/3/202 1412/3/202 1411/3/202
f 1411/3/203 1412/3/203 1414/3/203 1413/3/203
f 1413/3/204 1414/3/204 1416/3/204 1415/3/204
f 1415/5/205 1416/5/205 1418/5/205 1417/5/205
f 1412/3/178 1410/3/178 1420/3/178 1418/3/178 1416/3/178 1414/3/178
f 1417/3/206 1418/3/206 1420/3/206 1419/3/206
f 1419/3/207 1420/3/207 1410/3/207 1409/3/207
f 1409/5/181 1411/5/181 1413/5/181 1415/5/181 1417/5/181 1419/5/181
f 1421/3/181 1422/3/181 1424/3/181 1423/3/181
f 1423/3/160 1424/3/160 1428/3/160 1427/3/160
f 1427/3/178 1428/3/178 1426/3/178 1425/3/178
f 1425/4/161 1426/4/161 1422/4/161 1421/4/161
f 1423/3/203 1427/3/203 1425/3/203 1421/3/203
f 1428/3/206 1424/3/206 1422/3/206 1426/3/206
f 1429/3/181 1430/3/181 1432/3/181 1431/3/181
f 1431/4/194 1432/4/194 1436/4/194 1435/4/194
f 1435/3/178 1436/3/178 1434/3/178 1433/3/178
f 1433/3/198 1434/3/198 1430/3/198 1429/3/198
f 1431/3/196 1435/3/196 1433/3/196 1429/3/196
f 1436/4/200 1432/4/200 1430/4/200 1434/4/200
f 1437/3/181 1438/3/181 1440/3/181 1439/3/181
f 1439/3/183 1440/3/183 1444/3/183 1443/3/183
f 1443/3/178 1444/3/178 1442/3/178 1441/3/178
f 1441/4/189 1442/4/189 1438/4/189 1437/4/189
f 1439/3/186 1443/3/186 1441/3/186 1437/3/186
f 1444/3/192 1440/3/192 1438/3/192 1442/3/192
f 1445/3/181 1446/3/181 1448/3/181 1447/3/181
f 1447/4/195 1448/4/195 1452/4/195 1451/4/195
f 1451/3/178 1452/3/178 1450/3/178 1449/3/178
f 1449/3/199 1450/3/199 1446/3/199 1445/3/199
f 1447/3/197 1451/3/197 1449/3/197 1445/3/197
f 1452/4/201 1448/4/201 1446/4/201 1450/4/201
f 1453/3/181 1454/3/181 1456/3/181 1455/3/181
f 1455/3/203 1456/3/203 1460/3/203 1459/3/203
f 1459/3/178 1460/3/178 1458/3/178 1457/3/178
f 1457/4/206 1458/4/206 1454/4/206 1453/4/206
f 1455/3/161 1459/3/161 1457/3/161 1453/3/161
f 1460/3/160 1456/3/160 1454/3/160 1458/3/160
f 1461/3/181 1462/3/181 1464/3/181 1463/3/181
f 1463/4/196 1464/4/196 1468/4/196 1467/4/196
f 1467/3/178 1468/3/178 1466/3/178 1465/3/178
f 1465/3/200 1466/3/200 1462/3/200 1461/3/200
f 1463/3/198 1467/3/198 1465/3/198 1461/3/198
f 1468/4/194 1464/4/194 1462/4/194 1466/4/194
f 1469/3/181 1470/3/181 1472/3/181 1471/3/181
f 1471/3/186 1472/3/186 1476/3/186 1475/3/186
f 1475/3/178 1476/3/178 1474/3/178 1473/3/178
f 1473/4/192 1474/4/192 1470/4/192 1469/4/192
f 1471/3/189 1475/3/189 1473/3/189 1469/3/189
f 1476/3/183 1472/3/183 1470/3/183 1474/3/183
f 1477/3/181 1478/3/181 1480/3/181 1479/3/181
f 1479/4/197 1480/4/197 1484/4/197 1483/4/197
f 1483/3/178 1484/3/178 1482/3/178 1481/3/178
f 1481/3/201 1482/3/201 1478/3/201 1477/3/201
f 1479/3/199 1483/3/199 1481/3/199 1477/3/199
f 1484/4/195 1480/4/195 1478/4/195 1482/4/195
f 1485/3/181 1486/3/181 1488/3/181 1487/3/181
f 1487/3/161 1488/3/161 1492/3/161 1491/3/161
f 1491/3/178 1492/3/178 1490/3/178 1489/3/178
f 1489/4/160 1490/4/160 1486/4/160 1485/4/160
f 1487/3/206 1491/3/206 1489/3/206 1485/3/206
f 1492/3/203 1488/3/203 1486/3/203 1490/3/203
f 1493/3/181 1494/3/181 1496/3/181 1495/3/181
f 1495/4/198 1496/4/198 1500/4/198 1499/4/198
f 1499/3/178 1500/3/178 1498/3/178 1497/3/178
f 1497/3/194 1498/3/194 1494/3/194 1493/3/194
f 1495/3/200 1499/3/200 1497/3/200 1493/3/200
f 1500/4/196 1496/4/196 1494/4/196 1498/4/196
f 1501/3/181 1502/3/181 1504/3/181 1503/3/181
f 1503/3/189 1504/3/189 1508/3/189 1507/3/189
f 1507/3/178 1508/3/178 1506/3/178 1505/3/178
f 1505/4/183 1506/4/183 1502/4/183 1501/4/183
f 1503/3/192 1507/3/192 1505/3/192 1501/3/192
f 1508/3/186 1504/3/186 1502/3/186 1506/3/186
f 1509/3/181 1510/3/181 1512/3/181 1511/3/181
f 1511/4/199 1512/4/199 1516/4/199 1515/4/199
f 1515/3/178 1516/3/178 1514/3/178 1513/3/178
f 1513/3/195 1514/3/195 1510/3/195 1509/3/195
f 1511/3/201 1515/3/201 1513/3/201 1509/3/201
f 1516/4/197 1512/4/197 1510/4/197 1514/4/197
f 1517/3/181 1518/3/181 1520/3/181 1519/3/181
f 1519/3/206 1520/3/206 1524/3/206 1523/3/206
f 1523/3/178 1524/3/178 1522/3/178 1521/3/178
f 1521/4/203 1522/4/203 1518/4/203 1517/4/203
f 1519/3/160 1523/3/160 1521/3/160 1517/3/160
f 1524/3/161 1520/3/161 1518/3/161 1522/3/161
f 1525/3/181 1526/3/181 1528/3/181 1527/3/181
f 1527/4/200 1528/4/200 1532/4/200 1531/4/200
f 1531/3/178 1532/3/178 1530/3/178 1529/3/178
f 1529/3/196 1530/3/196 1526/3/196 1525/3/196
f 1527/3/194 1531/3/194 1529/3/194 1525/3/194
f 1532/4/198 1528/4/198 1526/4/198 1530/4/198
f 1533/3/181 1534/3/181 1536/3/181 1535/3/181
f 1535/3/192 1536/3/192 1540/3/192 1539/3/192
f 1539/3/178 1540/3/178 1538/3/178 1537/3/178
f 1537/4/186 1538/4/186 1534/4/186 1533/4/186
f 1535/3/183 1539/3/183 1537/3/183 1533/3/183
f 1540/3/189 1536/3/189 1534/3/189 1538/3/189
f 1541/3/181 1542/3/181 1544/3/181 1543/3/181
f 1543/4/201 1544/4/201 1548/4/201 1547/4/201
f 1547/3/178 1548/3/178 1546/3/178 1545/3/178
f 1545/3/197 1546/3/197 1542/3/197 1541/3/197
f 1543/3/195 1547/3/195 1545/3/195 1541/3/195
f 1548/4/199 1544/4/199 1542/4/199 1546/4/199
f 1549/6/211 1552/6/211 1551/6/211 1550/6/211
f 1550/3/212 1551/3/212 1555/3/212 1554/3/212
f 1551/3/213 1552/3/213 1556/3/213 1555/3/213
f 1552/3/214 1549/3/214 1553/3/214 1556/3/214
f 1557/3/215 1558/3/215 1559/3/215
f 1560/6/216 1561/6/216 1562/6/216
f 1563/3/217 1564/3/217 1565/3/217
f 1566/3/218 1567/3/218 1568/3/218
f 1569/3/219 1570/3/219 1571/3/219
f 1572/6/220 1573/6/220 1574/6/220
f 1575/3/221 1576/3/221 1577/3/221
f 1578/3/222 1579/3/222 1580/3/222
f 1563/3/223 1557/3/223 1559/3/223 1564/3/223
f 1558/6/224 1560/6/224 1562/6/224 1559/6/224
f 1561/3/225 1566/3/225 1568/3/225 1562/3/225
f 1567/3/226 1565/3/226 1564/3/226 1568/3/226
f 1575/3/227 1563/3/227 1565/3/227 1576/3/227
f 1566/6/228 1578/6/228 1580/6/228 1567/6/228
f 1579/3/229 1577/3/229 1576/3/229 1580/3/229
f 1569/3/230 1575/3/230 1577/3/230 1570/3/230
f 1578/3/231 1572/3/231 1574/3/231 1579/3/231
f 1573/6/232 1571/6/232 1570/6/232 1574/6/232
f 1557/3/233 1569/3/233 1571/3/233 1558/3/233
f 1572/3/234 1561/3/234 1560/3/234 1573/3/234
f 1563/3/235 1575/3/235 1569/3/235 1557/3/235
f 1559/6/236 1562/6/236 1568/6/236 1564/6/236
f 1571/3/237 1573/3/237 1560/3/237 1558/3/237
f 1578/3/238 1566/3/238 1561/3/238 1572/3/238
f 1565/3/239 1567/3/239 1580/3/239 1576/3/239
f 1577/6/240 1579/6/240 1574/6/240 1570/6/240
f 1581/3/241 1582/3/241 1584/3/241 1583/3/241
f 1583/3/242 1584/3/242 1588/3/242 1587/3/242
f 1587/3/243 1588/3/243 1586/3/243 1585/3/243
f 1585/1/244 1586/1/244 1582/1/244 1581/1/244
f 1583/3/245 1587/3/245 1585/3/245 1581/3/245
f 1588/3/246 1584/3/246 1582/3/246 1586/3/246
f 1589/3/241 1590/3/241 1592/3/241 1591/3/241
f 1591/3/242 1592/3/242 1596/3/242 1595/3/242
f 1595/3/243 1596/3/243 1594/3/243 1593/3/243
f 1593/3/244 1594/3/244 1590/3/244 1589/3/244
f 1591/3/245 1595/3/245 1593/3/245 1589/3/245
f 1596/3/246 1592/3/246 1590/3/246 1594/3/246
f 1597/3/247 1598/3/247 1600/3/247 1599/3/247
f 1599/7/248 1600/7/248 1602/7/248 1601/7/248
f 1601/3/249 1602/3/249 1604/3/249 1603/3/249
f 1603/3/250 1604/3/250 1606/3/250 1605/3/250
f 1605/3/251 1606/3/251 1608/3/251 1607/3/251
f 1607/7/252 1608/7/252 1610/7/252 1609/7/252
f 1600/3/246 1598/3/246 1612/3/246 1610/3/246 1608/3/246 1606/3/246 1604/3/246 1602/3/246
f 1609/3/253 1610/3/253 1612/3/253 1611/3/253
f 1611/3/254 1612/3/254 1598/3/254 1597/3/254
f 1597/7/245 1599/7/245 1601/7/245 1603/7/245 1605/7/245 1607/7/245 1609/7/245 1611/7/245
f 1613/7/247 1614/7/247 1616/7/247 1615/7/247
f 1615/3/248 1616/3/248 1618/3/248 1617/3/248
f 1617/3/249 1618/3/249 1620/3/249 1619/3/249
f 1619/3/250 1620/3/250 1622/3/250 1621/3/250
f 1621/7/251 1622/7/251 1624/7/251 1623/7/251
f 1623/3/252 1624/3/252 1626/3/252 1625/3/252
f 1616/3/246 1614/3/246 1628/3/246 1626/3/246 1624/3/246 1622/3/246 1620/3/246 1618/3/246
f 1625/3/253 1626/3/253 1628/3/253 1627/3/253
f 1627/7/254 1628/7/254 1614/7/254 1613/7/254
f 1613/3/245 1615/3/245 1617/3/245 1619/3/245 1621/3/245 1623/3/245 1625/3/245 1627/3/245
f 1629/3/247 1630/3/247 1632/3/247 1631/3/247
f 1631/3/248 1632/3/248 1634/3/248 1633/3/248
f 1633/3/249 1634/3/249 1636/3/249 1635/3/249
f 1635/7/250 1636/7/250 1638/7/250 1637/7/250
f 1637/3/251 1638/3/251 1640/3/251 1639/3/251
f 1639/3/252 1640/3/252 1642/3/252 1641/3/252
f 1632/3/246 1630/3/246 1644/3/246 1642/3/246 1640/3/246 1638/3/246 1636/3/246 1634/3/246
f 1641/7/253 1642/7/253 1644/7/253 1643/7/253
f 1643/3/254 1644/3/254 1630/3/254 1629/3/254
f 1629/3/245 1631/3/245 1633/3/245 1635/3/245 1637/3/245 1639/3/245 1641/3/245 1643/3/245
f 1645/4/255 1646/4/255 1647/4/255
f 1648/4/256 1649/4/256 1650/4/256
f 1651/4/257 1652/4/257 1653/4/257
f 1654/4/258 1655/4/258 1656/4/258
f 1657/4/259 1658/4/259 1659/4/259
f 1660/4/260 1661/4/260 1662/4/260
f 1663/4/261 1664/4/261 1665/4/261
f 1666/4/262 1667/4/262 1668/4/262
f 1651/4/263 1645/4/263 1647/4/263 1652/4/263
f 1646/4/264 1648/4/264 1650/4/264 1647/4/264
f 1649/4/265 1654/4/265 1656/4/265 1650/4/265
f 1655/4/266 1653/4/266 1652/4/266 1656/4/266
f 1663/4/267 1651/4/267 1653/4/267 1664/4/267
f 1654/4/268 1666/4/268 1668/4/268 1655/4/268
f 1667/4/269 1665/4/269 1664/4/269 1668/4/269
f 1657/4/270 1663/4/270 1665/4/270 1658/4/270
f 1666/4/271 1660/4/271 1662/4/271 1667/4/271
f 1661/4/272 1659/4/272 1658/4/272 1662/4/272
f 1645/4/273 1657/4/273 1659/4/273 1646/4/273
f 1660/4/274 1649/4/274 1648/4/274 1661/4/274
f 1651/4/275 1663/4/275 1657/4/275 1645/4/275
f 1647/4/276 1650/4/276 1656/4/276 1652/4/276
f 1659/4/244 1661/4/244 1648/4/244 1646/4/244
f 1666/4/277 1654/4/277 1649/4/277 1660/4/277
f 1653/4/242 1655/4/242 1668/4/242 1664/4/242
f 1665/4/278 1667/4/278 1662/4/278 1658/4/278
f 1669/4/279 1670/4/279 1671/4/279
f 1672/4/280 1673/4/280 1674/4/280
f 1675/4/281 1676/4/281 1677/4/281
f 1678/4/282 1679/4/282 1680/4/282
f 1681/4/283 1682/4/283 1683/4/283
f 1684/4/284 1685/4/284 1686/4/284
f 1687/4/285 1688/4/285 1689/4/285
f 1690/4/286 1691/4/286 1692/4/286
f 1675/4/287 1669/4/287 1671/4/287 1676/4/287
f 1670/4/288 1672/4/288 1674/4/288 1671/4/288
f 1673/4/289 1678/4/289 1680/4/289 1674/4/289
f 1679/4/290 1677/4/290 1676/4/290 1680/4/290
f 1687/4/291 1675/4/291 1677/4/291 1688/4/291
f 1678/4/292 1690/4/292 1692/4/292 1679/4/292
f 1691/4/293 1689/4/293 1688/4/293 1692/4/293
f 1681/4/294 1687/4/294 1689/4/294 1682/4/294
f 1690/4/295 1684/4/295 1686/4/295 1691/4/295
f 1685/4/296 1683/4/296 1682/4/296 1686/4/296
f 1669/4/297 1681/4/297 1683/4/297 1670/4/297
f 1684/4/298 1673/4/298 1672/4/298 1685/4/298
f 1675/4/299 1687/4/299 1681/4/299 1669/4/299
f 1671/4/300 1674/4/300 1680/4/300 1676/4/300
f 1683/4/244 1685/4/244 1672/4/244 1670/4/244
f 1690/4/301 1678/4/301 1673/4/301 1684/4/301
f 1677/4/242 1679/4/242 1692/4/242 1688/4/242
f 1689/4/302 1691/4/302 1686/4/302 1682/4/302
f 1693/1/303 1694/1/303 1696/1/303 1695/1/303
f 1695/1/304 1696/1/304 1698/1/304 1697/1/304
f 1697/1/305 1698/1/305 1700/1/305 1699/1/305
f 1699/1/306 1700/1/306 1702/1/306 1701/1/306
f 1696/1/307 1694/1/307 1704/1/307 1702/1/307 1700/1/307 1698/1/307
f 1701/1/308 1702/1/308 1704/1/308 1703/1/308
f 1703/1/309 1704/1/309 1694/1/309 1693/1/309
f 1693/1/310 1695/1/310 1697/1/310 1699/1/310 1701/1/310 1703/1/310
f 1705/1/303 1706/1/303 1708/1/303 1707/1/303
f 1707/1/304 1708/1/304 1710/1/304 1709/1/304
f 1709/1/305 1710/1/305 1712/1/305 1711/1/305
f 1711/1/306 1712/1/306 1714/1/306 1713/1/306
f 1708/1/307 1706/1/307 1716/1/307 1714/1/307 1712/1/307 1710/1/307
f 1713/1/308 1714/1/308 1716/1/308 1715/1/308
f 1715/1/309 1716/1/309 1706/1/309 1705/1/309
f 1705/1/310 1707/1/310 1709/1/310 1711/1/310 1713/1/310 1715/1/310
f 1717/1/303 1718/1/303 1720/1/303 1719/1/303
f 1719/1/304 1720/1/304 1722/1/304 1721/1/304
f 1721/1/305 1722/1/305 1724/1/305 1723/1/305
f 1723/1/306 1724/1/306 1726/1/306 1725/1/306
f 1720/1/307 1718/1/307 1728/1/307 1726/1/307 1724/1/307 1722/1/307
f 1725/1/308 1726/1/308 1728/1/308 1727/1/308
f 1727/1/309 1728/1/309 1718/1/309 1717/1/309
f 1717/1/310 1719/1/310 1721/1/310 1723/1/310 1725/1/310 1727/1/310
f 1729/6/311 1730/6/311 1731/6/311
f 1732/6/312 1733/6/312 1734/6/312
f 1735/6/313 1736/6/313 1737/6/313
f 1738/6/314 1739/6/314 1740/6/314
f 1741/6/315 1742/6/315 1743/6/315
f 1744/6/316 1745/6/316 1746/6/316
f 1747/6/317 1748/6/317 1749/6/317
f 1750/6/318 1751/6/318 1752/6/318
f 1735/6/319 1729/6/319 1731/6/319 1736/6/319
f 1730/6/320 1732/6/320 1734/6/320 1731/6/320
f 1733/6/321 1738/6/321 1740/6/321 1734/6/321
f 1739/6/322 1737/6/322 1736/6/322 1740/6/322
f 1747/6/323 1735/6/323 1737/6/323 1748/6/323
f 1738/6/324 1750/6/324 1752/6/324 1739/6/324
f 1751/6/325 1749/6/325 1748/6/325 1752/6/325
f 1741/6/326 1747/6/326 1749/6/326 1742/6/326
f 1750/6/327 1744/6/327 1746/6/327 1751/6/327
f 1745/6/328 1743/6/328 1742/6/328 1746/6/328
f 1729/6/329 1741/6/329 1743/6/329 1730/6/329
f 1744/6/330 1733/6/330 1732/6/330 1745/6/330
f 1735/6/331 1747/6/331 1741/6/331 1729/6/331
f 1731/6/332 1734/6/332 1740/6/332 1736/6/332
f 1743/6/333 1745/6/333 1732/6/333 1730/6/333
f 1750/6/334 1738/6/334 1733/6/334 1744/6/334
f 1737/6/335 1739/6/335 1752/6/335 1748/6/335
f 1749/6/336 1751/6/336 1746/6/336 1742/6/336
f 1753/6/337 1754/6/337 1755/6/337
f 1756/6/338 1757/6/338 1758/6/338
f 1759/6/339 1760/6/339 1761/6/339
f 1762/6/340 1763/6/340 1764/6/340
f 1765/6/341 1766/6/341 1767/6/341
f 1768/6/342 1769/6/342 1770/6/342
f 1771/6/343 1772/6/343 1773/6/343
f 1774/6/344 1775/6/344 1776/6/344
f 1759/6/345 1753/6/345 1755/6/345 1760/6/345
f 1754/6/346 1756/6/346 1758/6/346 1755/6/346
f 1757/6/347 1762/6/347 1764/6/347 1758/6/347
f 1763/6/348 1761/6/348 1760/6/348 1764/6/348
f 1771/6/349 1759/6/349 1761/6/349 1772/6/349
f 1762/6/350 1774/6/350 1776/6/350 1763/6/350
f 1775/6/351 1773/6/351 1772/6/351 1776/6/351
f 1765/6/352 1771/6/352 1773/6/352 1766/6/352
f 1774/6/353 1768/6/353 1770/6/353 1775/6/353
f 1769/6/354 1767/6/354 1766/6/354 1770/6/354
f 1753/6/355 1765/6/355 1767/6/355 1754/6/355
f 1768/6/356 1757/6/356 1756/6/356 1769/6/356
f 1759/6/357 1771/6/357 1765/6/357 1753/6/357
f 1755/6/358 1758/6/358 1764/6/358 1760/6/358
f 1767/6/359 1769/6/359 1756/6/359 1754/6/359
f 1774/6/360 1762/6/360 1757/6/360 1768/6/360
f 1761/6/361 1763/6/361 1776/6/361 1772/6/361
f 1773/6/362 1775/6/362 1770/6/362 1766/6/362
f 1777/1/363 1778/1/363 1780/1/363 1779/1/363
f 1779/1/364 1780/1/364 1782/1/364 1781/1/364
f 1781/1/365 1782/1/365 1784/1/365 1783/1/365
f 1783/1/366 1784/1/366 1786/1/366 1785/1/366
f 1780/1/367 1778/1/367 1788/1/367 1786/1/367 1784/1/367 1782/1/367
f 1785/1/368 1786/1/368 1788/1/368 1787/1/368
f 1787/1/369 1788/1/369 1778/1/369 1777/1/369
f 1777/1/370 1779/1/370 1781/1/370 1783/1/370 1785/1/370 1787/1/370
f 1789/3/371 1790/3/371 1791/3/371
f 1792/3/372 1793/3/372 1794/3/372
f 1795/3/373 1796/3/373 1797/3/373
f 1798/3/374 1799/3/374 1800/3/374
f 1801/3/375 1802/3/375 1803/3/375
f 1804/3/376 1805/3/376 1806/3/376
f 1807/3/377 1808/3/377 1809/3/377
f 1810/3/378 1811/3/378 1812/3/378
f 1795/3/379 1789/3/379 1791/3/379 1796/3/379
f 1790/3/380 1792/3/380 1794/3/380 1791/3/380
f 1793/3/381 1798/3/381 1800/3/381 1794/3/381
f 1799/3/382 1797/3/382 1796/3/382 1800/3/382
f 1807/3/383 1795/3/383 1797/3/383 1808/3/383
f 1798/3/384 1810/3/384 1812/3/384 1799/3/384
f 1811/3/385 1809/3/385 1808/3/385 1812/3/385
f 1801/3/386 1807/3/386 1809/3/386 1802/3/386
f 1810/3/387 1804/3/387 1806/3/387 1811/3/387
f 1805/3/388 1803/3/388 1802/3/388 1806/3/388
f 1789/3/389 1801/3/389 1803/3/389 1790/3/389
f 1804/3/390 1793/3/390 1792/3/390 1805/3/390
f 1795/3/245 1807/3/245 1801/3/245 1789/3/245
f 1791/3/241 1794/3/241 1800/3/241 1796/3/241
f 1803/3/244 1805/3/244 1792/3/244 1790/3/244
f 1810/3/246 1798/3/246 1793/3/246 1804/3/246
f 1797/3/242 1799/3/242 1812/3/242 1808/3/242
f 1809/3/243 1811/3/243 1806/3/243 1802/3/243
f 1813/1/241 1814/1/241 1816/1/241 1815/1/241
f 1815/1/242 1816/1/242 1820/1/242 1819/1/242
f 1819/1/243 1820/1/243 1818/1/243 1817/1/243
f 1817/1/244 1818/1/244 1814/1/244 1813/1/244
f 1815/1/245 1819/1/245 1817/1/245 1813/1/245
f 1820/1/246 1816/1/246 1814/1/246 1818/1/246
f 1821/1/241 1822/1/241 1824/1/241 1823/1/241
f 1823/1/242 1824/1/242 1828/1/242 1827/1/242
f 1827/1/243 1828/1/243 1826/1/243 1825/1/243
f 1825/1/244 1826/1/244 1822/1/244 1821/1/244
f 1823/1/245 1827/1/245 1825/1/245 1821/1/245
f 1828/1/246 1824/1/246 1822/1/246 1826/1/246
f 1829/1/241 1830/1/241 1832/1/241 1831/1/241
f 1831/1/242 1832/1/242 1836/1/242 1835/1/242
f 1835/1/243 1836/1/243 1834/1/243 1833/1/243
f 1833/1/244 1834/1/244 1830/1/244 1829/1/244
f 1831/1/245 1835/1/245 1833/1/245 1829/1/245
f 1836/1/246 1832/1/246 1830/1/246 1834/1/246
f 1837/1/241 1838/1/241 1840/1/241 1839/1/241
f 1839/1/242 1840/1/242 1844/1/242 1843/1/242
f 1843/1/243 1844/1/243 1842/1/243 1841/1/243
f 1841/1/244 1842/1/244 1838/1/244 1837/1/244
f 1839/1/245 1843/1/245 1841/1/245 1837/1/245
f 1844/1/246 1840/1/246 1838/1/246 1842/1/246
f 1845/4/391 1846/4/391 1847/4/391
f 1848/4/392 1849/4/392 1850/4/392
f 1851/4/393 1852/4/393 1853/4/393
f 1854/4/394 1855/4/394 1856/4/394
f 1857/4/395 1858/4/395 1859/4/395
f 1860/4/396 1861/4/396 1862/4/396
f 1863/4/397 1864/4/397 1865/4/397
f 1866/4/398 1867/4/398 1868/4/398
f 1851/4/399 1845/4/399 1847/4/399 1852/4/399
f 1846/4/400 1848/4/400 1850/4/400 1847/4/400
f 1849/4/401 1854/4/401 1856/4/401 1850/4/401
f 1855/4/402 1853/4/402 1852/4/402 1856/4/402
f 1863/4/403 1851/4/403 1853/4/403 1864/4/403
f 1854/4/404 1866/4/404 1868/4/404 1855/4/404
f 1867/4/405 1865/4/405 1864/4/405 1868/4/405
f 1857/4/406 1863/4/406 1865/4/406 1858/4/406
f 1866/4/407 1860/4/407 1862/4/407 1867/4/407
f 1861/4/408 1859/4/408 1858/4/408 1862/4/408
f 1845/4/409 1857/4/409 1859/4/409 1846/4/409
f 1860/4/410 1849/4/410 1848/4/410 1861/4/410
f 1851/4/411 1863/4/411 1857/4/411 1845/4/411
f 1847/4/412 1850/4/412 1856/4/412 1852/4/412
f 1859/4/413 1861/4/413 1848/4/413 1846/4/413
f 1866/4/414 1854/4/414 1849/4/414 1860/4/414
f 1853/4/415 1855/4/415 1868/4/415 1864/4/415
f 1865/4/416 1867/4/416 1862/4/416 1858/4/416
f 1869/1/417 1870/1/417 1872/1/417 1871/1/417
f 1871/1/418 1872/1/418 1874/1/418 1873/1/418
f 1873/1/419 1874/1/419 1876/1/419 1875/1/419
f 1875/1/420 1876/1/420 1878/1/420 1877/1/420
f 1872/1/421 1870/1/421 1880/1/421 1878/1/421 1876/1/421 1874/1/421
f 1877/1/422 1878/1/422 1880/1/422 1879/1/422
f 1879/1/423 1880/1/423 1870/1/423 1869/1/423
f 1869/1/424 1871/1/424 1873/1/424 1875/1/424 1877/1/424 1879/1/424
f 1881/4/425 1882/4/425 1883/4/425
f 1884/4/426 1885/4/426 1886/4/426
f 1887/4/427 1888/4/427 1889/4/427
f 1890/4/428 1891/4/428 1892/4/428
f 1893/4/429 1894/4/429 1895/4/429
f 1896/4/430 1897/4/430 1898/4/430
f 1899/4/431 1900/4/431 1901/4/431
f 1902/4/432 1903/4/432 1904/4/432
f 1887/4/433 1881/4/433 1883/4/433 1888/4/433
f 1882/4/434 1884/4/434 1886/4/434 1883/4/434
f 1885/4/435 1890/4/435 1892/4/435 1886/4/435
f 1891/4/436 1889/4/436 1888/4/436 1892/4/436
f 1899/4/437 1887/4/437 1889/4/437 1900/4/437
f 1890/4/438 1902/4/438 1904/4/438 1891/4/438
f 1903/4/439 1901/4/439 1900/4/439 1904/4/439
f 1893/4/440 1899/4/440 1901/4/440 1894/4/440
f 1902/4/441 1896/4/441 1898/4/441 1903/4/441
f 1897/4/442 1895/4/442 1894/4/442 1898/4/442
f 1881/4/443 1893/4/443 1895/4/443 1882/4/443
f 1896/4/444 1885/4/444 1884/4/444 1897/4/444
f 1887/4/445 1899/4/445 1893/4/445 1881/4/445
f 1883/4/446 1886/4/446 1892/4/446 1888/4/446
f 1895/4/447 1897/4/447 1884/4/447 1882/4/447
f 1902/4/448 1890/4/448 1885/4/448 1896/4/448
f 1889/4/449 1891/4/449 1904/4/449 1900/4/449
f 1901/4/450 1903/4/450 1898/4/450 1894/4/450
f 1905/1/451 1906/1/451 1908/1/451 1907/1/451
f 1907/1/452 1908/1/452 1910/1/452 1909/1/452
f 1909/1/453 1910/1/453 1912/1/453 1911/1/453
f 1911/1/454 1912/1/454 1914/1/454 1913/1/454
f 1908/1/455 1906/1/455 1916/1/455 1914/1/455 1912/1/455 1910/1/455
f 1913/1/456 1914/1/456 1916/1/456 1915/1/456
f 1915/1/457 1916/1/457 1906/1/457 1905/1/457
f 1905/1/458 1907/1/458 1909/1/458 1911/1/458 1913/1/458 1915/1/458
