# Blender 5.2.1 LTS
# www.blender.org
mtllib wreck_jammerTruck.mtl
o Body.011
v -0.781542 2.695981 -1.298600
v -0.542858 3.911284 -1.298600
v -0.730385 2.685934 -1.268500
v -0.491701 3.901237 -1.268500
v -0.730385 2.685934 -1.208300
v -0.491701 3.901237 -1.208300
v -0.781542 2.695981 -1.178200
v -0.542858 3.911284 -1.178200
v -0.832700 2.706028 -1.208300
v -0.594015 3.921331 -1.208300
v -0.832700 2.706028 -1.268500
v -0.594015 3.921331 -1.268500
v -1.958427 0.174593 1.867733
v -1.916193 0.550272 1.851352
v -1.656389 0.138347 1.815182
v -1.614155 0.514025 1.798801
v -1.356776 0.107619 1.882932
v -1.314542 0.483298 1.866552
v -1.105201 0.087087 2.060671
v -1.062967 0.462766 2.044290
v -0.939964 0.079877 2.321338
v -0.897730 0.455556 2.304957
v -0.886222 0.087087 2.625249
v -0.843988 0.462765 2.608869
v -0.952155 0.107619 2.926137
v -0.909921 0.483298 2.909757
v -1.127726 0.138347 3.178195
v -1.085493 0.514026 3.161814
v -1.386207 0.174593 3.343048
v -1.343973 0.550272 3.326667
v -1.688245 0.210840 3.395599
v -1.646011 0.586518 3.379219
v -1.987858 0.241568 3.327848
v -1.945624 0.617246 3.311468
v -2.239433 0.262100 3.150110
v -2.197199 0.637779 3.133729
v -2.404669 0.269310 2.889443
v -2.362436 0.644989 2.873062
v -2.458412 0.262100 2.585532
v -2.416178 0.637778 2.569150
v -2.392479 0.241568 2.284643
v -2.350245 0.617247 2.268262
v -2.216907 0.210840 2.032586
v -2.174674 0.586519 2.016205
v -1.844673 0.143002 2.171550
v -1.839874 0.185693 2.169689
v -1.606014 0.115061 2.146063
v -1.601214 0.157752 2.144201
v -1.386071 0.094606 2.244020
v -1.381272 0.137297 2.242159
v -1.243780 0.087120 2.439177
v -1.238981 0.129810 2.437315
v -1.217266 0.094606 2.679238
v -1.212467 0.137297 2.677377
v -1.313635 0.115061 2.899882
v -1.308835 0.157752 2.898021
v -1.507063 0.143002 3.041986
v -1.502264 0.185693 3.040124
v -1.745723 0.170943 3.067473
v -1.740923 0.213634 3.065612
v -1.965665 0.191398 2.969515
v -1.960865 0.234089 2.967654
v -2.107956 0.198885 2.774359
v -2.103157 0.241575 2.772497
v -2.134470 0.191398 2.534297
v -2.129670 0.234089 2.532436
v -2.038101 0.170943 2.313653
v -2.033302 0.213634 2.311792
v -1.747432 0.091773 2.439341
v -1.738794 0.168617 2.435990
v -1.609053 0.076369 2.442836
v -1.600414 0.153212 2.439486
v -1.513186 0.069988 2.543669
v -1.504547 0.146832 2.540319
v -1.515990 0.076369 2.682774
v -1.507351 0.153212 2.679423
v -1.615822 0.091773 2.778663
v -1.607183 0.168616 2.775312
v -1.754202 0.107177 2.775167
v -1.745563 0.184021 2.771817
v -1.850068 0.113558 2.674334
v -1.841430 0.190401 2.670983
v -1.847264 0.107177 2.535230
v -1.838626 0.184020 2.531879
v -1.979732 0.137250 2.684740
v -1.974933 0.179941 2.682878
v -1.943199 0.133395 2.690513
v -1.938400 0.176086 2.688652
v -1.929752 0.133395 2.725183
v -1.924953 0.176086 2.723321
v -1.952838 0.137250 2.754080
v -1.948038 0.179941 2.752218
v -1.989370 0.141106 2.748307
v -1.984571 0.183797 2.746445
v -2.002818 0.141106 2.713637
v -1.998018 0.183797 2.711775
v -1.933557 0.118781 2.380206
v -1.928758 0.161472 2.378345
v -1.897024 0.114926 2.385979
v -1.892225 0.157616 2.384118
v -1.883577 0.114926 2.420649
v -1.878778 0.157616 2.418787
v -1.906662 0.118781 2.449546
v -1.901863 0.161472 2.447684
v -1.943195 0.122636 2.443773
v -1.938396 0.165327 2.441911
v -1.956642 0.122636 2.409103
v -1.951843 0.165327 2.407241
v -1.647939 0.081841 2.269425
v -1.643140 0.124532 2.267564
v -1.611407 0.077986 2.275198
v -1.606607 0.120677 2.273337
v -1.597960 0.077986 2.309868
v -1.593160 0.120677 2.308007
v -1.621045 0.081841 2.338765
v -1.616246 0.124532 2.336904
v -1.657578 0.085697 2.332992
v -1.652778 0.128387 2.331131
v -1.671025 0.085697 2.298322
v -1.666226 0.128388 2.296461
v -1.408497 0.063372 2.463179
v -1.403698 0.106063 2.461318
v -1.371964 0.059517 2.468952
v -1.367165 0.102207 2.467091
v -1.358517 0.059517 2.503622
v -1.353718 0.102207 2.501760
v -1.381603 0.063372 2.532519
v -1.376803 0.106063 2.530657
v -1.418135 0.067227 2.526746
v -1.413336 0.109918 2.524884
v -1.431582 0.067227 2.492075
v -1.426783 0.109918 2.490214
v -1.454672 0.081841 2.767713
v -1.449873 0.124532 2.765851
v -1.418139 0.077986 2.773486
v -1.413340 0.120677 2.771625
v -1.404692 0.077986 2.808156
v -1.399893 0.120677 2.806294
v -1.427778 0.081842 2.837053
v -1.422978 0.124532 2.835191
v -1.464310 0.085697 2.831280
v -1.459511 0.128388 2.829418
v -1.477758 0.085697 2.796610
v -1.472958 0.128387 2.794748
v -1.740290 0.118781 2.878494
v -1.735490 0.161472 2.876632
v -1.703757 0.114926 2.884267
v -1.698958 0.157616 2.882405
v -1.690310 0.114926 2.918937
v -1.685510 0.157616 2.917075
v -1.713395 0.118781 2.947833
v -1.708596 0.161472 2.945972
v -1.749928 0.122636 2.942060
v -1.745129 0.165327 2.940199
v -1.763375 0.122636 2.907390
v -1.758576 0.165327 2.905529
v -1.800136 0.539172 2.154276
v -1.795336 0.581863 2.152414
v -1.561476 0.511231 2.128788
v -1.556677 0.553922 2.126927
v -1.341534 0.490777 2.226747
v -1.336735 0.533468 2.224885
v -1.199243 0.483290 2.421903
v -1.194443 0.525980 2.420041
v -1.172729 0.490777 2.661964
v -1.167930 0.533468 2.660103
v -1.269097 0.511231 2.882608
v -1.264298 0.553922 2.880746
v -1.462526 0.539172 3.024711
v -1.457727 0.581863 3.022850
v -1.701185 0.567114 3.050199
v -1.696386 0.609804 3.048337
v -1.921128 0.587568 2.952241
v -1.916328 0.630259 2.950379
v -2.063419 0.595055 2.757084
v -2.058620 0.637746 2.755223
v -2.089933 0.587568 2.517023
v -2.085133 0.630259 2.515162
v -1.993564 0.567114 2.296379
v -1.988765 0.609804 2.294518
v -1.695216 0.556249 2.419088
v -1.686578 0.633092 2.415737
v -1.556837 0.540844 2.422584
v -1.548198 0.617688 2.419233
v -1.460970 0.534464 2.523417
v -1.452331 0.611307 2.520066
v -1.463774 0.540844 2.662521
v -1.455135 0.617688 2.659170
v -1.563606 0.556249 2.758410
v -1.554967 0.633092 2.755059
v -1.701986 0.571653 2.754914
v -1.693347 0.648496 2.751564
v -1.797852 0.578033 2.654081
v -1.789214 0.654877 2.650731
v -1.795048 0.571653 2.514977
v -1.786410 0.648496 2.511627
v -1.925596 0.618803 2.663743
v -1.920797 0.661493 2.661881
v -1.889064 0.614947 2.669516
v -1.884264 0.657638 2.667654
v -1.875616 0.614947 2.704186
v -1.870817 0.657638 2.702324
v -1.898702 0.618803 2.733082
v -1.893903 0.661493 2.731221
v -1.935235 0.622658 2.727309
v -1.930435 0.665349 2.725448
v -1.948682 0.622658 2.692639
v -1.943882 0.665349 2.690778
v -1.879421 0.600333 2.359209
v -1.874622 0.643023 2.357347
v -1.842889 0.596478 2.364982
v -1.838089 0.639168 2.363120
v -1.829441 0.596478 2.399652
v -1.824642 0.639168 2.397790
v -1.852527 0.600333 2.428548
v -1.847728 0.643023 2.426687
v -1.889060 0.604188 2.422775
v -1.884260 0.646879 2.420914
v -1.902507 0.604188 2.388105
v -1.897707 0.646879 2.386244
v -1.593804 0.563394 2.248428
v -1.589005 0.606084 2.246567
v -1.557271 0.559538 2.254201
v -1.552472 0.602229 2.252340
v -1.543824 0.559538 2.288871
v -1.539025 0.602229 2.287010
v -1.566909 0.563393 2.317768
v -1.562110 0.606084 2.315907
v -1.603442 0.567249 2.311995
v -1.598643 0.609940 2.310133
v -1.616889 0.567249 2.277325
v -1.612090 0.609940 2.275464
v -1.354361 0.544924 2.442182
v -1.349562 0.587614 2.440320
v -1.317829 0.541069 2.447955
v -1.313029 0.583759 2.446093
v -1.304381 0.541068 2.482625
v -1.299582 0.583759 2.480763
v -1.327467 0.544924 2.511522
v -1.322668 0.587615 2.509660
v -1.364000 0.548779 2.505748
v -1.359200 0.591470 2.503887
v -1.377447 0.548779 2.471078
v -1.372648 0.591470 2.469217
v -1.400536 0.563393 2.746716
v -1.395737 0.606084 2.744854
v -1.364004 0.559538 2.752489
v -1.359204 0.602229 2.750628
v -1.350556 0.559538 2.787159
v -1.345757 0.602229 2.785297
v -1.373642 0.563394 2.816056
v -1.368843 0.606084 2.814194
v -1.410175 0.567249 2.810283
v -1.405375 0.609939 2.808421
v -1.423622 0.567249 2.775613
v -1.418823 0.609940 2.773751
v -1.686154 0.600333 2.857496
v -1.681355 0.643023 2.855635
v -1.649621 0.596478 2.863269
v -1.644822 0.639168 2.861408
v -1.636174 0.596478 2.897939
v -1.631375 0.639168 2.896078
v -1.659260 0.600333 2.926836
v -1.654460 0.643023 2.924974
v -1.695792 0.604188 2.921063
v -1.690993 0.646879 2.919201
v -1.709239 0.604188 2.886393
v -1.704440 0.646879 2.884531
v -2.350870 0.258244 2.949196
v -2.405797 0.265348 2.970500
v -2.405231 0.258244 2.809042
v -2.460158 0.265348 2.830345
v -2.306947 0.648950 2.932160
v -2.361874 0.656054 2.953464
v -2.361308 0.648950 2.792006
v -2.416234 0.656054 2.813309
v -2.431291 0.254748 2.661674
v -2.490248 0.261311 2.660184
v -2.428265 0.247861 2.511534
v -2.487222 0.254424 2.510045
v -2.387368 0.645454 2.644638
v -2.446325 0.652017 2.643148
v -2.384342 0.638567 2.494498
v -2.443299 0.645130 2.493009
v -2.396293 0.237905 2.365633
v -2.450306 0.242928 2.341577
v -2.336341 0.225180 2.228365
v -2.390353 0.230203 2.204309
v -2.352371 0.628611 2.348597
v -2.406383 0.633634 2.324540
v -2.292418 0.615886 2.211329
v -2.346430 0.620909 2.187274
v -2.251206 0.210280 2.106142
v -2.292050 0.212998 2.063182
v -2.143454 0.193654 2.002645
v -2.184298 0.196372 1.959685
v -2.207283 0.600986 2.089106
v -2.248127 0.603704 2.046146
v -2.099531 0.584360 1.985609
v -2.140375 0.587078 1.942649
v -2.018116 0.176078 1.922708
v -2.039574 0.176078 1.867383
v -1.878969 0.158082 1.868738
v -1.900427 0.158082 1.813413
v -1.974193 0.566784 1.905672
v -1.995651 0.566783 1.850347
v -1.835046 0.548788 1.851702
v -1.856504 0.548788 1.796377
v -1.732510 0.140506 1.843255
v -1.731315 0.137787 1.783990
v -1.583152 0.123879 1.847029
v -1.581957 0.121161 1.787763
v -1.688587 0.531212 1.826219
v -1.687392 0.528493 1.766954
v -1.539229 0.514585 1.829992
v -1.538034 0.511867 1.770727
v -1.437868 0.108979 1.879881
v -1.414203 0.103956 1.825697
v -1.301038 0.096254 1.940823
v -1.277372 0.091231 1.886639
v -1.393945 0.499685 1.862845
v -1.370280 0.494662 1.808661
v -1.257115 0.486960 1.923787
v -1.233449 0.481937 1.869603
v -1.179048 0.086298 2.027009
v -1.136514 0.079735 1.986155
v -1.075576 0.079411 2.135841
v -1.033042 0.072848 2.094988
v -1.135125 0.477004 2.009973
v -1.092592 0.470441 1.969119
v -1.031653 0.470117 2.118805
v -0.989120 0.463554 2.077951
v -0.995452 0.075915 2.262240
v -0.940526 0.068811 2.240936
v -0.941091 0.075915 2.402395
v -0.886165 0.068812 2.381091
v -0.951529 0.466621 2.245204
v -0.896603 0.459517 2.223900
v -0.897169 0.466621 2.385359
v -0.842242 0.459517 2.364055
v -0.915031 0.079411 2.549762
v -0.856074 0.072848 2.551252
v -0.918058 0.086298 2.699902
v -0.859101 0.079735 2.701392
v -0.871109 0.470117 2.532726
v -0.812152 0.463554 2.534216
v -0.874135 0.477004 2.682866
v -0.815178 0.470441 2.684355
v -0.950029 0.096254 2.845804
v -0.896017 0.091231 2.869860
v -1.009982 0.108979 2.983070
v -0.955970 0.103956 3.007127
v -0.906106 0.486960 2.828767
v -0.852094 0.481937 2.852823
v -0.966059 0.499685 2.966034
v -0.912047 0.494662 2.990091
v -1.095117 0.123879 3.105294
v -1.054273 0.121161 3.148254
v -1.202869 0.140506 3.208790
v -1.162025 0.137787 3.251751
v -1.051194 0.514585 3.088258
v -1.010350 0.511867 3.131218
v -1.158946 0.531212 3.191754
v -1.118102 0.528493 3.234715
v -1.328207 0.158082 3.288728
v -1.306749 0.158082 3.344052
v -1.467354 0.176078 3.342699
v -1.445896 0.176078 3.398023
v -1.284284 0.548787 3.271692
v -1.262826 0.548787 3.327016
v -1.423431 0.566784 3.325662
v -1.401973 0.566784 3.380986
v -1.613813 0.193654 3.368181
v -1.615008 0.196372 3.427446
v -1.763171 0.210280 3.364408
v -1.764366 0.212998 3.423673
v -1.569890 0.584359 3.351145
v -1.571085 0.587078 3.410410
v -1.719248 0.600986 3.347371
v -1.720443 0.603704 3.406637
v -1.908454 0.225180 3.331555
v -1.932120 0.230203 3.385739
v -2.045285 0.237905 3.270613
v -2.068951 0.242928 3.324798
v -1.864531 0.615886 3.314519
v -1.888197 0.620909 3.368703
v -2.001362 0.628611 3.253577
v -2.025028 0.633634 3.307761
v -2.167274 0.247861 3.184427
v -2.209808 0.254424 3.225281
v -2.270746 0.254748 3.075594
v -2.313280 0.261311 3.116448
v -2.123352 0.638567 3.167391
v -2.165885 0.645130 3.208245
v -2.226824 0.645454 3.058558
v -2.269357 0.652017 3.099412
v 1.183409 0.890841 1.553054
v 1.548214 0.797224 1.516451
v 1.114887 0.597475 1.620458
v 1.479692 0.503857 1.583855
v 1.068822 0.348771 1.797451
v 1.433627 0.255153 1.760849
v 1.052228 0.182592 2.057089
v 1.417032 0.088974 2.020486
v 1.067629 0.124238 2.359843
v 1.432434 0.030620 2.323241
v 1.112683 0.182592 2.659622
v 1.477487 0.088974 2.623019
v 1.180529 0.348771 2.910788
v 1.545333 0.255153 2.874185
v 1.260838 0.597475 3.075101
v 1.625643 0.503857 3.038499
v 1.341386 0.890841 3.127549
v 1.706190 0.797224 3.090946
v 1.409908 1.184208 3.060144
v 1.774713 1.090590 3.023542
v 1.455972 1.432912 2.883151
v 1.820777 1.339294 2.846549
v 1.472567 1.599090 2.623513
v 1.837372 1.505473 2.586911
v 1.457165 1.657445 2.320759
v 1.821970 1.563827 2.284156
v 1.412112 1.599091 2.020980
v 1.776917 1.505473 1.984378
v 1.344266 1.432912 1.769815
v 1.709071 1.339294 1.733212
v 1.263956 1.184208 1.605501
v 1.628761 1.090590 1.568899
v 1.185117 0.898714 1.878903
v 1.226573 0.888075 1.874744
v 1.133904 0.672566 1.946896
v 1.175360 0.661927 1.942737
v 1.108901 0.507014 2.121126
v 1.150357 0.496376 2.116967
v 1.116808 0.446418 2.354909
v 1.158262 0.435779 2.350749
v 1.155504 0.507014 2.585602
v 1.196959 0.496375 2.581443
v 1.214623 0.672566 2.751392
v 1.256078 0.661927 2.747232
v 1.278324 0.898714 2.807855
v 1.319779 0.888075 2.803696
v 1.329536 1.124862 2.739862
v 1.370992 1.114223 2.735703
v 1.354540 1.290414 2.565632
v 1.395995 1.279775 2.561472
v 1.346634 1.351010 2.331849
v 1.388089 1.340371 2.327690
v 1.307937 1.290414 2.101156
v 1.349392 1.279775 2.096997
v 1.248818 1.124862 1.935366
v 1.290273 1.114223 1.931207
v 1.163807 0.911480 2.167304
v 1.238426 0.892331 2.159816
v 1.137452 0.786803 2.223515
v 1.212071 0.767654 2.216028
v 1.137178 0.735161 2.352865
v 1.211797 0.716012 2.345378
v 1.163145 0.786803 2.479582
v 1.237764 0.767654 2.472095
v 1.200142 0.911480 2.529437
v 1.274761 0.892331 2.521950
v 1.226497 1.036156 2.473226
v 1.301116 1.017007 2.465739
v 1.226771 1.087798 2.343875
v 1.301390 1.068650 2.336389
v 1.200804 1.036156 2.217158
v 1.275424 1.017007 2.209671
v 1.262512 1.208327 2.302917
v 1.303968 1.197689 2.298757
v 1.256441 1.177124 2.322212
v 1.297896 1.166486 2.318053
v 1.260154 1.177124 2.359213
v 1.301609 1.166486 2.355053
v 1.269938 1.208327 2.376918
v 1.311393 1.197689 2.372758
v 1.276009 1.239531 2.357622
v 1.317464 1.228892 2.353462
v 1.272297 1.239531 2.320621
v 1.313752 1.228892 2.316462
v 1.197855 1.058840 2.040834
v 1.239310 1.048201 2.036675
v 1.191783 1.027636 2.060130
v 1.233238 1.016998 2.055971
v 1.195496 1.027637 2.097131
v 1.236951 1.016998 2.092971
v 1.205280 1.058840 2.114836
v 1.246735 1.048201 2.110676
v 1.211351 1.090043 2.095540
v 1.252806 1.079405 2.091381
v 1.207639 1.090043 2.058539
v 1.249094 1.079404 2.054380
v 1.121895 0.759864 2.048456
v 1.163350 0.749226 2.044296
v 1.115824 0.728661 2.067751
v 1.157279 0.718023 2.063592
v 1.119536 0.728661 2.104752
v 1.160991 0.718023 2.100593
v 1.129320 0.759864 2.122457
v 1.170775 0.749226 2.118298
v 1.135391 0.791068 2.103161
v 1.176847 0.780429 2.099002
v 1.131679 0.791068 2.066161
v 1.173134 0.780429 2.062001
v 1.110594 0.610377 2.318159
v 1.152049 0.599738 2.314000
v 1.104522 0.579173 2.337455
v 1.145977 0.568535 2.333295
v 1.108234 0.579173 2.374455
v 1.149690 0.568535 2.370296
v 1.118019 0.610377 2.392160
v 1.159473 0.599738 2.388001
v 1.124090 0.641580 2.372865
v 1.165545 0.630942 2.368705
v 1.120377 0.641580 2.335864
v 1.161833 0.630941 2.331705
v 1.175251 0.759864 2.580241
v 1.216707 0.749226 2.576082
v 1.169180 0.728661 2.599537
v 1.210635 0.718023 2.595377
v 1.172893 0.728661 2.636538
v 1.214348 0.718023 2.632378
v 1.182677 0.759864 2.654243
v 1.224132 0.749226 2.650083
v 1.188748 0.791068 2.634947
v 1.230203 0.780429 2.630787
v 1.185036 0.791068 2.597946
v 1.226490 0.780429 2.593787
v 1.251211 1.058840 2.572620
v 1.292666 1.048201 2.568460
v 1.245140 1.027637 2.591916
v 1.286595 1.016998 2.587756
v 1.248852 1.027637 2.628916
v 1.290307 1.016998 2.624757
v 1.258636 1.058840 2.646621
v 1.300091 1.048201 2.642462
v 1.264708 1.090043 2.627325
v 1.306162 1.079405 2.623166
v 1.260995 1.090043 2.590324
v 1.302450 1.079404 2.586165
v 1.569821 0.799990 1.840304
v 1.611276 0.789351 1.836145
v 1.518608 0.573841 1.908297
v 1.560063 0.563203 1.904137
v 1.493604 0.408290 2.082527
v 1.535059 0.397651 2.078368
v 1.501511 0.347694 2.316309
v 1.542966 0.337055 2.312150
v 1.540208 0.408290 2.547003
v 1.581663 0.397651 2.542843
v 1.599327 0.573842 2.712793
v 1.640782 0.563203 2.708633
v 1.663027 0.799989 2.769256
v 1.704482 0.789351 2.765097
v 1.714240 1.026138 2.701263
v 1.755695 1.015499 2.697104
v 1.739243 1.191689 2.527033
v 1.780698 1.181051 2.522873
v 1.731337 1.252286 2.293251
v 1.772792 1.241647 2.289091
v 1.692640 1.191689 2.062557
v 1.734095 1.181051 2.058398
v 1.633521 1.026138 1.896767
v 1.674976 1.015499 1.892608
v 1.614839 0.795734 2.122049
v 1.689458 0.776585 2.114563
v 1.588484 0.671058 2.178261
v 1.663103 0.651909 2.170774
v 1.588209 0.619416 2.307611
v 1.662828 0.600267 2.300124
v 1.614176 0.671058 2.434328
v 1.688795 0.651909 2.426841
v 1.651173 0.795734 2.484183
v 1.725792 0.776585 2.476696
v 1.677528 0.920410 2.427971
v 1.752147 0.901261 2.420485
v 1.677803 0.972053 2.298622
v 1.752422 0.952904 2.291135
v 1.651836 0.920411 2.171905
v 1.726455 0.901261 2.164418
v 1.730126 1.088326 2.255999
v 1.771581 1.077688 2.251839
v 1.724055 1.057123 2.275294
v 1.765510 1.046485 2.271135
v 1.727767 1.057123 2.312295
v 1.769222 1.046485 2.308136
v 1.737551 1.088327 2.329999
v 1.779006 1.077688 2.325840
v 1.743622 1.119530 2.310704
v 1.785078 1.108891 2.306545
v 1.739910 1.119530 2.273704
v 1.781365 1.108891 2.269544
v 1.665468 0.938839 1.993917
v 1.706923 0.928200 1.989757
v 1.659396 0.907636 2.013212
v 1.700852 0.896997 2.009053
v 1.663109 0.907636 2.050213
v 1.704564 0.896997 2.046053
v 1.672893 0.938839 2.067918
v 1.714348 0.928200 2.063758
v 1.678964 0.970042 2.048622
v 1.720419 0.959404 2.044463
v 1.675252 0.970042 2.011621
v 1.716707 0.959404 2.007462
v 1.589509 0.639864 2.001538
v 1.630964 0.629225 1.997378
v 1.583437 0.608660 2.020833
v 1.624892 0.598022 2.016674
v 1.587150 0.608660 2.057834
v 1.628605 0.598022 2.053675
v 1.596933 0.639863 2.075539
v 1.638389 0.629225 2.071380
v 1.603005 0.671067 2.056243
v 1.644460 0.660428 2.052084
v 1.599293 0.671067 2.019243
v 1.640748 0.660428 2.015083
v 1.578207 0.490376 2.271241
v 1.619662 0.479738 2.267082
v 1.572135 0.459173 2.290537
v 1.613591 0.448534 2.286378
v 1.575848 0.459173 2.327538
v 1.617303 0.448534 2.323379
v 1.585632 0.490376 2.345243
v 1.627087 0.479738 2.341084
v 1.591703 0.521579 2.325947
v 1.633158 0.510941 2.321787
v 1.587991 0.521579 2.288946
v 1.629446 0.510941 2.284787
v 1.642865 0.639863 2.533323
v 1.684320 0.629225 2.529164
v 1.636794 0.608660 2.552619
v 1.678249 0.598022 2.548460
v 1.640506 0.608660 2.589620
v 1.681961 0.598022 2.585460
v 1.650290 0.639864 2.607325
v 1.691745 0.629225 2.603166
v 1.656361 0.671067 2.588029
v 1.697817 0.660429 2.583869
v 1.652649 0.671067 2.551028
v 1.694104 0.660428 2.546869
v 1.718824 0.938839 2.525702
v 1.760280 0.928200 2.521543
v 1.712753 0.907636 2.544998
v 1.754208 0.896997 2.540839
v 1.716465 0.907636 2.581998
v 1.757921 0.896997 2.577839
v 1.726250 0.938839 2.599703
v 1.767704 0.928200 2.595544
v 1.732321 0.970042 2.580408
v 1.773776 0.959404 2.576248
v 1.728608 0.970042 2.543407
v 1.770064 0.959404 2.539248
v 1.450069 1.630569 2.397013
v 1.464677 1.688065 2.395547
v 1.435061 1.630569 2.247436
v 1.449669 1.688065 2.245970
v 1.829466 1.533207 2.358946
v 1.844074 1.590702 2.357481
v 1.814459 1.533207 2.209369
v 1.829066 1.590702 2.207903
v 1.413215 1.602273 2.102072
v 1.424444 1.655392 2.078123
v 1.385188 1.546534 1.965302
v 1.396417 1.599652 1.941352
v 1.792612 1.504911 2.064005
v 1.803841 1.558030 2.040056
v 1.764585 1.449171 1.927235
v 1.775814 1.502290 1.903286
v 1.352289 1.465953 1.843511
v 1.358430 1.506608 1.800724
v 1.315510 1.362960 1.740369
v 1.321651 1.403615 1.697583
v 1.731687 1.368591 1.805444
v 1.737827 1.409246 1.762658
v 1.694907 1.265597 1.702303
v 1.701047 1.306253 1.659516
v 1.276568 1.242362 1.660693
v 1.276685 1.264365 1.605583
v 1.236636 1.107795 1.606883
v 1.236753 1.129798 1.551773
v 1.655965 1.145000 1.622626
v 1.656082 1.167003 1.567516
v 1.616033 1.010433 1.568816
v 1.616150 1.032435 1.513706
v 1.197578 0.965541 1.581451
v 1.191654 0.965541 1.522407
v 1.160572 0.819886 1.585164
v 1.154648 0.819886 1.526121
v 1.576975 0.868179 1.543384
v 1.571051 0.868179 1.484341
v 1.539969 0.722524 1.547097
v 1.534045 0.722524 1.488054
v 1.127346 0.677632 1.617849
v 1.116282 0.655630 1.563860
v 1.098900 0.543065 1.678519
v 1.087837 0.521062 1.624531
v 1.506743 0.580270 1.579782
v 1.495679 0.558267 1.525793
v 1.478297 0.445702 1.640453
v 1.467234 0.423700 1.586465
v 1.076563 0.422468 1.764344
v 1.062045 0.381812 1.723631
v 1.061008 0.319474 1.872737
v 1.046490 0.278819 1.832023
v 1.455960 0.325105 1.726277
v 1.441442 0.284450 1.685564
v 1.440405 0.222112 1.834670
v 1.425887 0.181457 1.793956
v 1.052961 0.238894 1.998635
v 1.037198 0.185775 1.977394
v 1.052665 0.183154 2.138247
v 1.036902 0.130035 2.117007
v 1.432358 0.141531 1.960569
v 1.416595 0.088413 1.939328
v 1.432062 0.085792 2.100181
v 1.416299 0.032673 2.078940
v 1.060133 0.154858 2.285054
v 1.045526 0.097363 2.286520
v 1.075141 0.154858 2.434631
v 1.060533 0.097363 2.436096
v 1.439530 0.057495 2.246987
v 1.424922 0.000000 2.248453
v 1.454538 0.057496 2.396564
v 1.439930 0.000000 2.398030
v 1.096987 0.183154 2.579994
v 1.085759 0.130035 2.603943
v 1.125014 0.238894 2.716764
v 1.113786 0.185775 2.740714
v 1.476384 0.085792 2.541928
v 1.465156 0.032673 2.565877
v 1.504411 0.141531 2.678698
v 1.493183 0.088413 2.702647
v 1.157913 0.319474 2.838555
v 1.151773 0.278819 2.881342
v 1.194692 0.422468 2.941697
v 1.188552 0.381812 2.984483
v 1.537310 0.222112 2.800489
v 1.531170 0.181456 2.843275
v 1.574089 0.325105 2.903630
v 1.567949 0.284450 2.946417
v 1.233635 0.543065 3.021373
v 1.233518 0.521062 3.076483
v 1.273567 0.677632 3.075183
v 1.273450 0.655630 3.130293
v 1.613032 0.445702 2.983306
v 1.612915 0.423700 3.038417
v 1.652964 0.580270 3.037117
v 1.652847 0.558267 3.092227
v 1.312624 0.819886 3.100615
v 1.318549 0.819886 3.159659
v 1.349630 0.965541 3.096902
v 1.355554 0.965541 3.155946
v 1.692021 0.722524 3.062549
v 1.697946 0.722524 3.121592
v 1.729027 0.868179 3.058836
v 1.734951 0.868179 3.117879
v 1.382857 1.107795 3.064218
v 1.393920 1.129798 3.118207
v 1.411303 1.242362 3.003547
v 1.422366 1.264365 3.057535
v 1.762254 1.010433 3.026151
v 1.773317 1.032435 3.080139
v 1.790700 1.145000 2.965480
v 1.801763 1.167003 3.019468
v 1.433640 1.362960 2.917722
v 1.448158 1.403615 2.958436
v 1.449195 1.465953 2.809330
v 1.463713 1.506608 2.850043
v 1.813036 1.265597 2.879655
v 1.827555 1.306253 2.920369
v 1.828592 1.368591 2.771263
v 1.843110 1.409246 2.811977
v 1.457242 1.546534 2.683431
v 1.473004 1.599652 2.704672
v 1.457538 1.602273 2.543818
v 1.473301 1.655392 2.565060
v 1.836638 1.449171 2.645364
v 1.852401 1.502290 2.666605
v 1.836935 1.504911 2.505752
v 1.852697 1.558030 2.526993
v -1.485462 0.777382 -3.148952
v -1.136424 0.910683 -3.089037
v -1.390527 0.494012 -3.071549
v -1.041489 0.627313 -3.011634
v -1.330424 0.253783 -2.887213
v -0.981386 0.387083 -2.827298
v -1.314303 0.093266 -2.624007
v -0.965265 0.226567 -2.564092
v -1.344617 0.036901 -2.322003
v -0.995579 0.170201 -2.262088
v -1.416753 0.093267 -2.027178
v -1.067714 0.226567 -1.967263
v -1.519727 0.253783 -1.784416
v -1.170689 0.387084 -1.724501
v -1.637863 0.494012 -1.630676
v -1.288825 0.627313 -1.570761
v -1.753176 0.777382 -1.589363
v -1.404138 0.910683 -1.529448
v -1.848110 1.060752 -1.666766
v -1.499072 1.194053 -1.606852
v -1.908214 1.300982 -1.851103
v -1.559175 1.434282 -1.791188
v -1.924335 1.461498 -2.114308
v -1.575297 1.594799 -2.054393
v -1.894021 1.517864 -2.416312
v -1.544982 1.651165 -2.356397
v -1.821885 1.461498 -2.711137
v -1.472847 1.594799 -2.651222
v -1.718911 1.300982 -2.953899
v -1.369873 1.434282 -2.893984
v -1.600775 1.060752 -3.107639
v -1.251737 1.194053 -3.047724
v -1.569694 0.766173 -2.834275
v -1.530031 0.781321 -2.827466
v -1.499238 0.547731 -2.758725
v -1.459574 0.562879 -2.751917
v -1.468822 0.387820 -2.580142
v -1.429158 0.402968 -2.573333
v -1.486596 0.329289 -2.346375
v -1.446933 0.344437 -2.339566
v -1.547798 0.387820 -2.120063
v -1.508134 0.402968 -2.113254
v -1.636028 0.547731 -1.961845
v -1.596364 0.562879 -1.955037
v -1.727646 0.766173 -1.914117
v -1.687982 0.781321 -1.907309
v -1.798102 0.984615 -1.989666
v -1.758438 0.999763 -1.982858
v -1.828518 1.144526 -2.168250
v -1.788854 1.159673 -2.161442
v -1.810744 1.203057 -2.402017
v -1.771080 1.218205 -2.395208
v -1.749542 1.144526 -2.628329
v -1.709879 1.159673 -2.621521
v -1.661312 0.984615 -2.786546
v -1.621648 0.999763 -2.779738
v -1.665479 0.747996 -2.561719
v -1.594085 0.775262 -2.549464
v -1.629820 0.627568 -2.501519
v -1.558426 0.654834 -2.489264
v -1.633085 0.577685 -2.371521
v -1.561691 0.604951 -2.359265
v -1.673360 0.627568 -2.247876
v -1.601966 0.654834 -2.235620
v -1.727053 0.747996 -2.203013
v -1.655659 0.775262 -2.190758
v -1.762712 0.868423 -2.263214
v -1.691318 0.895689 -2.250958
v -1.759448 0.918306 -2.393212
v -1.688053 0.945573 -2.380956
v -1.719172 0.868423 -2.516857
v -1.647778 0.895689 -2.504601
v -1.789176 1.039813 -2.436045
v -1.749512 1.054961 -2.429236
v -1.781140 1.009673 -2.415801
v -1.741477 1.024821 -2.408992
v -1.787431 1.009673 -2.379150
v -1.747768 1.024821 -2.372342
v -1.801758 1.039813 -2.362744
v -1.762095 1.054961 -2.355936
v -1.809794 1.069953 -2.382989
v -1.770130 1.085101 -2.376180
v -1.803503 1.069953 -2.419639
v -1.763839 1.085100 -2.412831
v -1.690399 0.895419 -2.690226
v -1.650735 0.910567 -2.683417
v -1.682363 0.865279 -2.669981
v -1.642700 0.880427 -2.663172
v -1.688654 0.865279 -2.633331
v -1.648991 0.880427 -2.626522
v -1.702981 0.895419 -2.616925
v -1.663318 0.910567 -2.610116
v -1.711017 0.925559 -2.637169
v -1.671353 0.940707 -2.630361
v -1.704726 0.925559 -2.673820
v -1.665062 0.940707 -2.667011
v -1.583265 0.606631 -2.671835
v -1.543602 0.621779 -2.665027
v -1.575230 0.576491 -2.651591
v -1.535566 0.591639 -2.644782
v -1.581521 0.576491 -2.614940
v -1.541857 0.591639 -2.608132
v -1.595848 0.606631 -2.598535
v -1.556184 0.621779 -2.591726
v -1.603883 0.636771 -2.618779
v -1.564220 0.651919 -2.611971
v -1.597592 0.636771 -2.655429
v -1.557929 0.651919 -2.648621
v -1.574908 0.462237 -2.399264
v -1.535245 0.477385 -2.392456
v -1.566873 0.432097 -2.379020
v -1.527210 0.447245 -2.372211
v -1.573164 0.432097 -2.342370
v -1.533501 0.447245 -2.335561
v -1.587491 0.462237 -2.325964
v -1.547828 0.477385 -2.319155
v -1.595527 0.492377 -2.346208
v -1.555863 0.507525 -2.339400
v -1.589235 0.492377 -2.382859
v -1.549572 0.507525 -2.376050
v -1.673686 0.606631 -2.145084
v -1.634022 0.621779 -2.138275
v -1.665650 0.576491 -2.124840
v -1.625987 0.591639 -2.118031
v -1.671941 0.576491 -2.088189
v -1.632278 0.591639 -2.081381
v -1.686268 0.606631 -2.071783
v -1.646605 0.621779 -2.064975
v -1.694304 0.636771 -2.092028
v -1.654640 0.651919 -2.085219
v -1.688012 0.636771 -2.128678
v -1.648349 0.651919 -2.121870
v -1.780819 0.895419 -2.163474
v -1.741156 0.910567 -2.156666
v -1.772784 0.865279 -2.143230
v -1.733120 0.880427 -2.136421
v -1.779075 0.865279 -2.106579
v -1.739411 0.880427 -2.099771
v -1.793402 0.895419 -2.090173
v -1.753738 0.910567 -2.083365
v -1.801437 0.925559 -2.110418
v -1.761774 0.940707 -2.103610
v -1.795146 0.925559 -2.147069
v -1.755482 0.940707 -2.140260
v -1.201617 0.906744 -2.771092
v -1.161954 0.921892 -2.764283
v -1.131161 0.688302 -2.695542
v -1.091498 0.703450 -2.688734
v -1.100745 0.528392 -2.516959
v -1.061082 0.543540 -2.510150
v -1.118519 0.469860 -2.283192
v -1.078856 0.485008 -2.276383
v -1.179721 0.528392 -2.056880
v -1.140058 0.543539 -2.050071
v -1.267951 0.688303 -1.898662
v -1.228288 0.703450 -1.891854
v -1.359569 0.906744 -1.850934
v -1.319906 0.921892 -1.844126
v -1.430025 1.125187 -1.926484
v -1.390362 1.140334 -1.919675
v -1.460441 1.285097 -2.105067
v -1.420778 1.300245 -2.098259
v -1.442667 1.343629 -2.338834
v -1.403004 1.358776 -2.332026
v -1.381465 1.285097 -2.565146
v -1.341802 1.300245 -2.558338
v -1.293235 1.125186 -2.723364
v -1.253572 1.140334 -2.716555
v -1.233941 0.912804 -2.487642
v -1.162547 0.940070 -2.475387
v -1.198282 0.792376 -2.427442
v -1.126888 0.819642 -2.415187
v -1.201546 0.742493 -2.297444
v -1.130152 0.769759 -2.285189
v -1.241822 0.792376 -2.173799
v -1.170427 0.819642 -2.161544
v -1.295515 0.912803 -2.128937
v -1.224121 0.940069 -2.116682
v -1.331174 1.033231 -2.189137
v -1.259779 1.060497 -2.176882
v -1.327909 1.083114 -2.319135
v -1.256515 1.110380 -2.306880
v -1.287634 1.033231 -2.442780
v -1.216240 1.060497 -2.430525
v -1.341772 1.210680 -2.359245
v -1.302109 1.225828 -2.352437
v -1.333737 1.180540 -2.339001
v -1.294073 1.195688 -2.332192
v -1.340028 1.180540 -2.302350
v -1.300364 1.195688 -2.295542
v -1.354355 1.210680 -2.285944
v -1.314691 1.225828 -2.279136
v -1.362390 1.240820 -2.306189
v -1.322727 1.255968 -2.299380
v -1.356099 1.240820 -2.342839
v -1.316436 1.255968 -2.336031
v -1.242995 1.066286 -2.613426
v -1.203332 1.081434 -2.606617
v -1.234959 1.036146 -2.593181
v -1.195296 1.051294 -2.586373
v -1.241251 1.036146 -2.556531
v -1.201587 1.051294 -2.549722
v -1.255578 1.066286 -2.540125
v -1.215914 1.081434 -2.533316
v -1.263613 1.096426 -2.560369
v -1.223950 1.111574 -2.553561
v -1.257322 1.096426 -2.597020
v -1.217659 1.111574 -2.590211
v -1.135862 0.777498 -2.595036
v -1.096198 0.792646 -2.588227
v -1.127826 0.747358 -2.574791
v -1.088162 0.762506 -2.567982
v -1.134117 0.747358 -2.538141
v -1.094454 0.762506 -2.531332
v -1.148444 0.777498 -2.521735
v -1.108781 0.792646 -2.514926
v -1.156480 0.807638 -2.541979
v -1.116816 0.822786 -2.535171
v -1.150188 0.807638 -2.578629
v -1.110525 0.822786 -2.571821
v -1.127505 0.633104 -2.322464
v -1.087842 0.648252 -2.315656
v -1.119469 0.602964 -2.302220
v -1.079806 0.618112 -2.295412
v -1.125761 0.602964 -2.265570
v -1.086097 0.618112 -2.258761
v -1.140087 0.633104 -2.249164
v -1.100424 0.648252 -2.242355
v -1.148123 0.663244 -2.269408
v -1.108460 0.678392 -2.262600
v -1.141832 0.663244 -2.306059
v -1.102168 0.678392 -2.299250
v -1.226282 0.777498 -2.068284
v -1.186619 0.792646 -2.061476
v -1.218246 0.747358 -2.048040
v -1.178583 0.762506 -2.041231
v -1.224538 0.747358 -2.011389
v -1.184874 0.762506 -2.004581
v -1.238864 0.777498 -1.994983
v -1.199201 0.792646 -1.988175
v -1.246900 0.807638 -2.015228
v -1.207237 0.822786 -2.008420
v -1.240609 0.807638 -2.051878
v -1.200945 0.822786 -2.045070
v -1.333416 1.066286 -2.086674
v -1.293752 1.081434 -2.079866
v -1.325380 1.036146 -2.066430
v -1.285717 1.051294 -2.059621
v -1.331671 1.036146 -2.029779
v -1.292008 1.051294 -2.022971
v -1.345998 1.066286 -2.013374
v -1.306335 1.081434 -2.006565
v -1.354034 1.096426 -2.033618
v -1.314370 1.111574 -2.026810
v -1.347742 1.096426 -2.070269
v -1.308079 1.111574 -2.063460
v -1.903417 1.487430 -2.341661
v -1.924019 1.542966 -2.345198
v -1.877984 1.487430 -2.489822
v -1.898586 1.542966 -2.493359
v -1.540417 1.626062 -2.279350
v -1.561019 1.681599 -2.282887
v -1.514984 1.626062 -2.427511
v -1.535586 1.681598 -2.431048
v -1.843005 1.460098 -2.632784
v -1.858197 1.511406 -2.658432
v -1.799535 1.406258 -2.766238
v -1.814727 1.457566 -2.791887
v -1.480005 1.598730 -2.570472
v -1.495198 1.650039 -2.596121
v -1.436535 1.544890 -2.703927
v -1.451727 1.596199 -2.729575
v -1.749602 1.328423 -2.883954
v -1.757071 1.367693 -2.927810
v -1.694712 1.228939 -2.982385
v -1.702182 1.268209 -3.026240
v -1.386602 1.467055 -2.821643
v -1.394072 1.506325 -2.865498
v -1.331712 1.367571 -2.920073
v -1.339182 1.406842 -2.963929
v -1.637428 1.112451 -3.056934
v -1.636037 1.133704 -3.112320
v -1.579475 0.982469 -3.105355
v -1.578084 1.003722 -3.160741
v -1.274428 1.251084 -2.994622
v -1.273037 1.272336 -3.050008
v -1.216475 1.121102 -3.043044
v -1.215084 1.142354 -3.098430
v -1.523559 0.845062 -3.125388
v -1.513520 0.845062 -3.183873
v -1.471366 0.704370 -3.116428
v -1.461326 0.704371 -3.174913
v -1.160559 0.983695 -3.063077
v -1.150520 0.983695 -3.121561
v -1.108366 0.843003 -3.054117
v -1.098327 0.843003 -3.112602
v -1.425332 0.566964 -3.078895
v -1.408172 0.545711 -3.131575
v -1.386844 0.436982 -3.013919
v -1.369685 0.415729 -3.066599
v -1.062332 0.705596 -3.016584
v -1.045173 0.684343 -3.069263
v -1.023844 0.575614 -2.951608
v -1.006685 0.554362 -3.004287
v -1.357700 0.320494 -2.924534
v -1.336033 0.281224 -2.963388
v -1.338777 0.221010 -2.813433
v -1.317110 0.181740 -2.852287
v -0.994700 0.459126 -2.862223
v -0.973033 0.419856 -2.901077
v -0.975778 0.359642 -2.751122
v -0.954111 0.320372 -2.789976
v -1.330960 0.143175 -2.685804
v -1.308084 0.091866 -2.704918
v -1.334484 0.089335 -2.545493
v -1.311607 0.038026 -2.564607
v -0.967960 0.281808 -2.623493
v -0.945084 0.230499 -2.642607
v -0.971484 0.227967 -2.483181
v -0.948608 0.176659 -2.502295
v -1.349183 0.062003 -2.399050
v -1.328580 0.006467 -2.395514
v -1.374616 0.062003 -2.250889
v -1.354013 0.006467 -2.247353
v -0.986183 0.200635 -2.336739
v -0.965581 0.145099 -2.333202
v -1.011616 0.200635 -2.188578
v -0.991014 0.145099 -2.185041
v -1.409595 0.089335 -2.107928
v -1.394402 0.038026 -2.082279
v -1.453065 0.143175 -1.974473
v -1.437872 0.091866 -1.948825
v -1.046595 0.227967 -2.045616
v -1.031402 0.176659 -2.019968
v -1.090065 0.281808 -1.912162
v -1.074873 0.230499 -1.886513
v -1.502997 0.221009 -1.856758
v -1.495528 0.181740 -1.812902
v -1.557887 0.320493 -1.758327
v -1.550418 0.281224 -1.714472
v -1.139998 0.359643 -1.794446
v -1.132528 0.320372 -1.750591
v -1.194888 0.459126 -1.696016
v -1.187418 0.419856 -1.652160
v -1.615172 0.436981 -1.683778
v -1.616563 0.415729 -1.628392
v -1.673125 0.566964 -1.635357
v -1.674516 0.545711 -1.579971
v -1.252172 0.575614 -1.621467
v -1.253563 0.554362 -1.566081
v -1.310125 0.705596 -1.573045
v -1.311516 0.684344 -1.517659
v -1.729040 0.704371 -1.615324
v -1.739080 0.704370 -1.556839
v -1.781234 0.845062 -1.624283
v -1.791273 0.845062 -1.565799
v -1.366041 0.843003 -1.553012
v -1.376080 0.843003 -1.494528
v -1.418234 0.983695 -1.561972
v -1.428273 0.983695 -1.503487
v -1.827268 0.982469 -1.661816
v -1.844427 1.003722 -1.609137
v -1.865755 1.112451 -1.726793
v -1.882915 1.133704 -1.674113
v -1.464268 1.121102 -1.599505
v -1.481427 1.142354 -1.546826
v -1.502756 1.251084 -1.664481
v -1.519915 1.272336 -1.611802
v -1.894900 1.228939 -1.816178
v -1.916567 1.268209 -1.777323
v -1.913822 1.328423 -1.927279
v -1.935489 1.367693 -1.888424
v -1.531900 1.367571 -1.753866
v -1.553567 1.406842 -1.715012
v -1.550822 1.467055 -1.864967
v -1.572489 1.506325 -1.826113
v -1.921639 1.406257 -2.054907
v -1.944515 1.457566 -2.035794
v -1.918116 1.460098 -2.195219
v -1.940992 1.511407 -2.176105
v -1.558640 1.544890 -1.992596
v -1.581516 1.596199 -1.973482
v -1.555116 1.598730 -2.132907
v -1.577992 1.650039 -2.113794
v 1.397981 0.890841 -3.150009
v 1.759332 0.797224 -3.087981
v 1.313963 0.597475 -3.103324
v 1.675314 0.503857 -3.041296
v 1.222357 0.348771 -2.945030
v 1.583709 0.255153 -2.883001
v 1.137110 0.182592 -2.699225
v 1.498462 0.088974 -2.637197
v 1.071200 0.124238 -2.403331
v 1.432551 0.030620 -2.341303
v 1.034661 0.182592 -2.102396
v 1.396012 0.088974 -2.040367
v 1.033055 0.348771 -1.842233
v 1.394406 0.255153 -1.780205
v 1.066627 0.597475 -1.662451
v 1.427979 0.503857 -1.600423
v 1.130267 0.890841 -1.590420
v 1.491618 0.797224 -1.528391
v 1.214285 1.184208 -1.637105
v 1.575636 1.090590 -1.575076
v 1.305891 1.432912 -1.795399
v 1.667242 1.339294 -1.733371
v 1.391138 1.599091 -2.041204
v 1.752489 1.505473 -1.979176
v 1.457048 1.657445 -2.337098
v 1.818400 1.563827 -2.275069
v 1.493588 1.599090 -2.638033
v 1.854939 1.505473 -2.576005
v 1.495193 1.432912 -2.898196
v 1.856545 1.339294 -2.836167
v 1.461621 1.184208 -3.077977
v 1.822972 1.090590 -3.015949
v 1.312714 0.898714 -2.835509
v 1.353776 0.888075 -2.828461
v 1.245220 0.672566 -2.783640
v 1.286283 0.661927 -2.776591
v 1.174650 0.507014 -2.622391
v 1.215713 0.496375 -2.615342
v 1.119912 0.446418 -2.394969
v 1.160975 0.435779 -2.387921
v 1.095674 0.507014 -2.162312
v 1.136737 0.496375 -2.155263
v 1.108430 0.672566 -1.986760
v 1.149493 0.661927 -1.979711
v 1.154762 0.898714 -1.915352
v 1.195825 0.888075 -1.908303
v 1.222255 1.124861 -1.967221
v 1.263318 1.114223 -1.960172
v 1.292825 1.290414 -2.128470
v 1.333888 1.279775 -2.121421
v 1.347563 1.351010 -2.355892
v 1.388626 1.340371 -2.348843
v 1.371801 1.290413 -2.588549
v 1.412864 1.279775 -2.581500
v 1.359046 1.124861 -2.764101
v 1.400108 1.114223 -2.757052
v 1.215250 0.911480 -2.563241
v 1.289162 0.892331 -2.550554
v 1.174856 0.786803 -2.516096
v 1.248769 0.767654 -2.503409
v 1.140090 0.735161 -2.391506
v 1.214003 0.716012 -2.378818
v 1.131317 0.786803 -2.262453
v 1.205229 0.767654 -2.249765
v 1.153675 0.911480 -2.204536
v 1.227588 0.892331 -2.191848
v 1.194069 1.036156 -2.251681
v 1.267982 1.017007 -2.238994
v 1.228835 1.087798 -2.376272
v 1.302748 1.068650 -2.363585
v 1.237608 1.036156 -2.505324
v 1.311521 1.017007 -2.492637
v 1.274207 1.208328 -2.406214
v 1.315269 1.197689 -2.399165
v 1.263209 1.177124 -2.389237
v 1.304271 1.166486 -2.382188
v 1.256917 1.177124 -2.352586
v 1.297980 1.166486 -2.345538
v 1.261624 1.208327 -2.332913
v 1.302687 1.197689 -2.325865
v 1.272623 1.239531 -2.349890
v 1.313685 1.228892 -2.342842
v 1.278914 1.239531 -2.386541
v 1.319977 1.228892 -2.379492
v 1.281797 1.058840 -2.676047
v 1.322860 1.048201 -2.668999
v 1.270799 1.027637 -2.659070
v 1.311861 1.016998 -2.652021
v 1.264507 1.027637 -2.622420
v 1.305570 1.016998 -2.615371
v 1.269214 1.058840 -2.602746
v 1.310277 1.048201 -2.595698
v 1.280213 1.090043 -2.619724
v 1.321275 1.079405 -2.612675
v 1.286504 1.090043 -2.656374
v 1.327567 1.079405 -2.649325
v 1.206557 0.759864 -2.688963
v 1.247619 0.749226 -2.681914
v 1.195558 0.728661 -2.671986
v 1.236621 0.718023 -2.664937
v 1.189267 0.728661 -2.635335
v 1.230330 0.718023 -2.628287
v 1.193974 0.759864 -2.615662
v 1.235036 0.749226 -2.608613
v 1.204972 0.791068 -2.632639
v 1.246035 0.780429 -2.625591
v 1.211263 0.791067 -2.669290
v 1.252326 0.780429 -2.662241
v 1.123726 0.610377 -2.432045
v 1.164788 0.599738 -2.424996
v 1.112728 0.579173 -2.415068
v 1.153790 0.568535 -2.408019
v 1.106436 0.579173 -2.378417
v 1.147499 0.568535 -2.371369
v 1.111144 0.610377 -2.358744
v 1.152206 0.599738 -2.351696
v 1.122142 0.641580 -2.375721
v 1.163204 0.630941 -2.368673
v 1.128433 0.641580 -2.412372
v 1.169496 0.630942 -2.405323
v 1.116136 0.759864 -2.162212
v 1.157199 0.749226 -2.155163
v 1.105138 0.728661 -2.145234
v 1.146200 0.718023 -2.138186
v 1.098846 0.728661 -2.108584
v 1.139909 0.718023 -2.101535
v 1.103553 0.759864 -2.088911
v 1.144616 0.749226 -2.081862
v 1.114552 0.791068 -2.105888
v 1.155614 0.780429 -2.098839
v 1.120843 0.791067 -2.142539
v 1.161906 0.780429 -2.135490
v 1.191376 1.058840 -2.149296
v 1.232439 1.048201 -2.142247
v 1.180378 1.027637 -2.132319
v 1.221441 1.016998 -2.125270
v 1.174087 1.027636 -2.095669
v 1.215149 1.016998 -2.088620
v 1.178794 1.058840 -2.075995
v 1.219857 1.048201 -2.068947
v 1.189792 1.090043 -2.092973
v 1.230855 1.079405 -2.085924
v 1.196084 1.090043 -2.129623
v 1.237146 1.079405 -2.122574
v 1.693775 0.799989 -2.770098
v 1.734837 0.789351 -2.763049
v 1.626281 0.573842 -2.718228
v 1.667344 0.563203 -2.711179
v 1.555712 0.408290 -2.556979
v 1.596774 0.397651 -2.549931
v 1.500974 0.347694 -2.329557
v 1.542037 0.337055 -2.322509
v 1.476736 0.408290 -2.096900
v 1.517798 0.397651 -2.089852
v 1.489491 0.573842 -1.921348
v 1.530554 0.563203 -1.914299
v 1.535824 0.799989 -1.849940
v 1.576886 0.789351 -1.842891
v 1.603317 1.026138 -1.901809
v 1.644380 1.015499 -1.894760
v 1.673887 1.191689 -2.063058
v 1.714950 1.181051 -2.056009
v 1.728624 1.252286 -2.290480
v 1.769687 1.241647 -2.283431
v 1.752863 1.191689 -2.523137
v 1.793925 1.181051 -2.516088
v 1.740107 1.026138 -2.698689
v 1.781169 1.015499 -2.691640
v 1.662011 0.795734 -2.486552
v 1.735924 0.776585 -2.473864
v 1.621618 0.671058 -2.439407
v 1.695531 0.651909 -2.426719
v 1.586852 0.619415 -2.314816
v 1.660764 0.600266 -2.302128
v 1.578078 0.671058 -2.185764
v 1.651991 0.651909 -2.173076
v 1.600437 0.795734 -2.127846
v 1.674350 0.776585 -2.115159
v 1.640831 0.920410 -2.174992
v 1.714743 0.901262 -2.162304
v 1.675597 0.972053 -2.299582
v 1.749510 0.952904 -2.286895
v 1.684370 0.920411 -2.428635
v 1.758283 0.901261 -2.415947
v 1.737394 1.088326 -2.326705
v 1.778456 1.077688 -2.319656
v 1.726395 1.057123 -2.309728
v 1.767458 1.046485 -2.302679
v 1.720104 1.057123 -2.273077
v 1.761167 1.046485 -2.266028
v 1.724811 1.088327 -2.253404
v 1.765874 1.077688 -2.246355
v 1.735809 1.119530 -2.270381
v 1.776872 1.108891 -2.263333
v 1.742100 1.119530 -2.307032
v 1.783163 1.108891 -2.299983
v 1.744984 0.938839 -2.596538
v 1.786046 0.928200 -2.589489
v 1.733985 0.907636 -2.579561
v 1.775048 0.896997 -2.572512
v 1.727694 0.907636 -2.542911
v 1.768757 0.896997 -2.535862
v 1.732401 0.938839 -2.523237
v 1.773464 0.928200 -2.516189
v 1.743399 0.970042 -2.540215
v 1.784462 0.959404 -2.533166
v 1.749691 0.970042 -2.576865
v 1.790753 0.959404 -2.569816
v 1.669743 0.639863 -2.609454
v 1.710806 0.629225 -2.602405
v 1.658745 0.608660 -2.592477
v 1.699807 0.598022 -2.585428
v 1.652454 0.608660 -2.555826
v 1.693516 0.598022 -2.548778
v 1.657161 0.639863 -2.536153
v 1.698223 0.629225 -2.529104
v 1.668159 0.671067 -2.553130
v 1.709222 0.660428 -2.546082
v 1.674450 0.671067 -2.589781
v 1.715513 0.660428 -2.582732
v 1.586913 0.490376 -2.352536
v 1.627975 0.479738 -2.345487
v 1.575915 0.459173 -2.335558
v 1.616977 0.448534 -2.328510
v 1.569623 0.459172 -2.298908
v 1.610686 0.448534 -2.291860
v 1.574330 0.490376 -2.279235
v 1.615393 0.479738 -2.272187
v 1.585328 0.521579 -2.296212
v 1.626391 0.510941 -2.289164
v 1.591620 0.521579 -2.332863
v 1.632682 0.510941 -2.325814
v 1.579323 0.639864 -2.082702
v 1.620385 0.629225 -2.075654
v 1.568324 0.608660 -2.065725
v 1.609387 0.598022 -2.058676
v 1.562033 0.608660 -2.029075
v 1.603096 0.598022 -2.022026
v 1.566740 0.639864 -2.009402
v 1.607803 0.629225 -2.002353
v 1.577738 0.671067 -2.026379
v 1.618801 0.660428 -2.019330
v 1.584029 0.671067 -2.063029
v 1.625092 0.660428 -2.055981
v 1.654563 0.938839 -2.069787
v 1.695626 0.928200 -2.062738
v 1.643565 0.907636 -2.052810
v 1.684628 0.896997 -2.045761
v 1.637274 0.907636 -2.016159
v 1.678336 0.896997 -2.009111
v 1.641981 0.938839 -1.996486
v 1.683043 0.928200 -1.989438
v 1.652979 0.970042 -2.013463
v 1.694042 0.959404 -2.006415
v 1.659270 0.970042 -2.050114
v 1.700333 0.959404 -2.043065
v 1.429870 1.630569 -2.265500
v 1.444340 1.688065 -2.263016
v 1.455303 1.630569 -2.413661
v 1.469773 1.688065 -2.411177
v 1.805676 1.533207 -2.200990
v 1.820145 1.590702 -2.198506
v 1.831109 1.533207 -2.349151
v 1.845578 1.590702 -2.346667
v 1.473021 1.602273 -2.559585
v 1.490231 1.655392 -2.579671
v 1.482491 1.546534 -2.698876
v 1.499700 1.599652 -2.718962
v 1.848827 1.504911 -2.495075
v 1.866036 1.558030 -2.515162
v 1.858296 1.449172 -2.634366
v 1.875506 1.502290 -2.654453
v 1.483269 1.465953 -2.825029
v 1.500599 1.506608 -2.864628
v 1.475333 1.362960 -2.934244
v 1.492664 1.403615 -2.973843
v 1.859075 1.368591 -2.760520
v 1.876405 1.409246 -2.800118
v 1.851139 1.265598 -2.869735
v 1.868469 1.306253 -2.909333
v 1.459054 1.242362 -3.021421
v 1.473866 1.264365 -3.074503
v 1.434922 1.107795 -3.083933
v 1.449734 1.129798 -3.137015
v 1.834859 1.145000 -2.956911
v 1.849672 1.167003 -3.009994
v 1.810727 1.010433 -3.019423
v 1.825539 1.032435 -3.072506
v 1.404063 0.965541 -3.118861
v 1.414102 0.965541 -3.177346
v 1.367407 0.819886 -3.125154
v 1.377446 0.819886 -3.183638
v 1.779868 0.868179 -3.054352
v 1.789907 0.868179 -3.112836
v 1.743212 0.722524 -3.060644
v 1.753251 0.722524 -3.119128
v 1.326666 0.677632 -3.102516
v 1.330404 0.655630 -3.157499
v 1.283068 0.543065 -3.051630
v 1.286806 0.521062 -3.106614
v 1.702471 0.580270 -3.038006
v 1.706209 0.558267 -3.092989
v 1.658874 0.445702 -2.987121
v 1.662611 0.423700 -3.042104
v 1.238648 0.422467 -2.974873
v 1.235516 0.381812 -3.017984
v 1.194745 0.319474 -2.874557
v 1.191612 0.278819 -2.917667
v 1.614454 0.325105 -2.910363
v 1.611321 0.284450 -2.953475
v 1.570550 0.222112 -2.810047
v 1.567418 0.181456 -2.853158
v 1.153409 0.238894 -2.755365
v 1.143882 0.185775 -2.780041
v 1.115884 0.183154 -2.620890
v 1.106358 0.130035 -2.645566
v 1.529214 0.141531 -2.690856
v 1.519688 0.088413 -2.715531
v 1.491689 0.085791 -2.556380
v 1.482163 0.032673 -2.581056
v 1.083924 0.154858 -2.477410
v 1.069454 0.097363 -2.479894
v 1.058491 0.154858 -2.329249
v 1.044022 0.097363 -2.331733
v 1.459729 0.057495 -2.412901
v 1.445260 0.000000 -2.415385
v 1.434297 0.057495 -2.264740
v 1.419827 0.000000 -2.267224
v 1.040773 0.183154 -2.183325
v 1.023563 0.130035 -2.163239
v 1.031304 0.238894 -2.044034
v 1.014094 0.185775 -2.023948
v 1.416578 0.085792 -2.118815
v 1.399369 0.032673 -2.098729
v 1.407109 0.141531 -1.979524
v 1.389899 0.088412 -1.959438
v 1.030525 0.319474 -1.917881
v 1.013195 0.278819 -1.878282
v 1.038461 0.422467 -1.808666
v 1.021131 0.381812 -1.769067
v 1.406330 0.222111 -1.853371
v 1.389000 0.181456 -1.813773
v 1.414266 0.325105 -1.744156
v 1.396936 0.284450 -1.704558
v 1.054740 0.543065 -1.721489
v 1.039928 0.521062 -1.668407
v 1.078873 0.677632 -1.658977
v 1.064061 0.655630 -1.605895
v 1.430546 0.445702 -1.656979
v 1.415733 0.423700 -1.603897
v 1.454678 0.580270 -1.594467
v 1.439866 0.558267 -1.541385
v 1.109732 0.819886 -1.624049
v 1.099693 0.819886 -1.565564
v 1.146387 0.965541 -1.617756
v 1.136348 0.965541 -1.559272
v 1.485537 0.722524 -1.559539
v 1.475498 0.722524 -1.501054
v 1.522193 0.868179 -1.553247
v 1.512154 0.868179 -1.494762
v 1.187128 1.107795 -1.640394
v 1.183390 1.129798 -1.585411
v 1.230726 1.242362 -1.691280
v 1.226988 1.264365 -1.636297
v 1.562933 1.010433 -1.575885
v 1.559196 1.032435 -1.520901
v 1.606532 1.145000 -1.626770
v 1.602794 1.167003 -1.571787
v 1.275146 1.362960 -1.768037
v 1.278278 1.403615 -1.724926
v 1.319049 1.465953 -1.868353
v 1.322182 1.506608 -1.825242
v 1.650952 1.265597 -1.703528
v 1.654084 1.306253 -1.660416
v 1.694854 1.368591 -1.803844
v 1.697987 1.409246 -1.760733
v 1.360386 1.546534 -1.987545
v 1.369912 1.599653 -1.962869
v 1.397910 1.602273 -2.122020
v 1.407436 1.655392 -2.097344
v 1.736191 1.449171 -1.923035
v 1.745717 1.502290 -1.898360
v 1.773715 1.504911 -2.057510
v 1.783242 1.558030 -2.032835
v -1.195167 1.245471 2.840707
v 1.657538 0.552998 2.872495
v 1.122875 0.376346 0.693013
v -1.225562 0.975061 0.663994
v -0.754741 2.686643 1.913713
v 1.376069 2.331318 1.921348
v 1.655671 2.409913 0.483767
v -0.770800 2.583775 0.498031
v -0.937790 1.845988 3.017535
v -0.919904 1.910617 3.046314
v -0.974739 1.905934 2.998395
v -0.830433 2.233898 2.912338
v -0.822756 2.261635 2.845279
v -0.885269 2.229216 2.864419
v -1.012665 1.575445 2.314721
v -1.049614 1.635392 2.295582
v -1.004989 1.603182 2.247663
v -0.897631 1.991093 2.142466
v -0.915518 1.926464 2.113686
v -0.960143 1.958673 2.161605
v 1.482431 1.176172 3.017535
v 1.544943 1.208592 2.998395
v 1.500318 1.240801 3.046314
v 1.597465 1.591819 2.845279
v 1.589788 1.564083 2.912338
v 1.634414 1.531873 2.864419
v 1.407556 0.905629 2.314721
v 1.415233 0.933366 2.247663
v 1.470068 0.938049 2.295582
v 1.522590 1.321277 2.142466
v 1.559539 1.261330 2.161605
v 1.504704 1.256648 2.113686
v -1.341600 0.861232 0.954600
v -1.341600 1.480432 0.954600
v -1.341600 0.861232 -2.743400
v -1.341600 1.480432 -2.743400
v 1.341600 0.861232 0.954600
v 1.341600 1.480432 0.954600
v 1.341600 0.861232 -2.743400
v 1.341600 1.480432 -2.743400
v -0.903000 1.127832 2.975600
v -0.903000 1.557832 2.975600
v -0.903000 1.127832 2.872400
v -0.903000 1.557832 2.872400
v 0.903000 1.127832 2.975600
v 0.903000 1.557832 2.975600
v 0.903000 1.127832 2.872400
v 0.903000 1.557832 2.872400
v -0.511912 2.378311 -2.064000
v -0.244888 2.715354 -2.064000
v -0.131543 2.076962 -1.906325
v 0.135481 2.414005 -1.906325
v 0.103539 1.890718 -1.493525
v 0.370563 2.227761 -1.493525
v 0.103539 1.890718 -0.983276
v 0.370563 2.227761 -0.983276
v -0.131543 2.076962 -0.570476
v 0.135481 2.414005 -0.570476
v -0.511912 2.378311 -0.412800
v -0.244888 2.715354 -0.412800
v -0.892281 2.679660 -0.570476
v -0.625257 3.016703 -0.570476
v -1.127363 2.865904 -0.983276
v -0.860339 3.202947 -0.983276
v -1.127363 2.865904 -1.493525
v -0.860339 3.202947 -1.493525
v -0.892281 2.679660 -1.906325
v -0.625257 3.016703 -1.906325
v -0.740641 2.813472 -1.298600
v -0.205359 3.793793 -1.298600
v -0.694883 2.788487 -1.268500
v -0.159601 3.768808 -1.268500
v -0.694883 2.788487 -1.208300
v -0.159601 3.768808 -1.208300
v -0.740641 2.813472 -1.178200
v -0.205359 3.793793 -1.178200
v -0.786399 2.838457 -1.208300
v -0.251117 3.818778 -1.208300
v -0.786399 2.838457 -1.268500
v -0.251117 3.818778 -1.268500
v -0.699740 2.930962 -1.298600
v 0.132140 3.676303 -1.298600
v -0.664950 2.892133 -1.268500
v 0.166930 3.637474 -1.268500
v -0.664950 2.892133 -1.208300
v 0.166930 3.637474 -1.208300
v -0.699740 2.930962 -1.178200
v 0.132140 3.676303 -1.178200
v -0.734530 2.969792 -1.208300
v 0.097350 3.715132 -1.208300
v -0.734530 2.969792 -1.268500
v 0.097350 3.715132 -1.268500
v -0.658839 3.048453 -1.298600
v 0.469639 3.558812 -1.298600
v -0.637356 3.000950 -1.268500
v 0.491123 3.511310 -1.268500
v -0.637356 3.000950 -1.208300
v 0.491123 3.511310 -1.208300
v -0.658839 3.048453 -1.178200
v 0.469639 3.558812 -1.178200
v -0.680322 3.095956 -1.208300
v 0.448156 3.606315 -1.208300
v -0.680322 3.095956 -1.268500
v 0.448156 3.606315 -1.268500
v -0.399762 2.279069 -2.408000
v -0.357038 2.332996 -2.408000
v 0.058617 1.915916 -2.251304
v 0.101341 1.969843 -2.251304
v 0.394174 1.650070 -1.823200
v 0.436898 1.703997 -1.823200
v 0.516996 1.552764 -1.238400
v 0.559720 1.606691 -1.238400
v 0.394174 1.650070 -0.653600
v 0.436898 1.703997 -0.653600
v 0.058617 1.915916 -0.225497
v 0.101341 1.969843 -0.225497
v -0.399762 2.279069 -0.068800
v -0.357038 2.332996 -0.068800
v -0.858141 2.642222 -0.225497
v -0.815417 2.696148 -0.225497
v -1.193697 2.908068 -0.653600
v -1.150974 2.961995 -0.653600
v -1.316520 3.005374 -1.238400
v -1.273796 3.059301 -1.238400
v -1.193697 2.908068 -1.823200
v -1.150974 2.961995 -1.823200
v -0.858141 2.642222 -2.251304
v -0.815417 2.696148 -2.251304
v -0.999804 1.101914 -0.258000
v -1.008351 1.116840 -0.240800
v -1.023277 1.108294 -0.258000
v -1.410029 1.818385 -0.240800
v -1.418575 1.833312 -0.258000
v -1.424955 1.809839 -0.258000
v -0.999804 1.101914 -2.597200
v -1.023277 1.108294 -2.597200
v -1.008351 1.116840 -2.614400
v -1.418575 1.833312 -2.597200
v -1.410029 1.818385 -2.614400
v -1.424955 1.809839 -2.597200
v -0.955025 1.127553 -0.258000
v -0.948645 1.151026 -0.258000
v -0.963571 1.142479 -0.240800
v -1.373796 1.858951 -0.258000
v -1.365249 1.844024 -0.240800
v -1.350323 1.852571 -0.258000
v -0.955025 1.127553 -2.597200
v -0.963571 1.142479 -2.614400
v -0.948645 1.151026 -2.597200
v -1.373796 1.858951 -2.597200
v -1.350323 1.852571 -2.597200
v -1.365249 1.844024 -2.614400
v 0.955025 1.127553 -0.258000
v 0.963571 1.142479 -0.240800
v 0.948645 1.151026 -0.258000
v 1.365249 1.844024 -0.240800
v 1.373796 1.858951 -0.258000
v 1.350323 1.852571 -0.258000
v 0.955025 1.127553 -2.597200
v 0.948645 1.151026 -2.597200
v 0.963571 1.142479 -2.614400
v 1.373796 1.858951 -2.597200
v 1.365249 1.844024 -2.614400
v 1.350323 1.852571 -2.597200
v 0.999804 1.101914 -0.258000
v 1.023277 1.108294 -0.258000
v 1.008351 1.116840 -0.240800
v 1.418575 1.833312 -0.258000
v 1.410029 1.818385 -0.240800
v 1.424955 1.809839 -0.258000
v 0.999804 1.101914 -2.597200
v 1.008351 1.116840 -2.614400
v 1.023277 1.108294 -2.597200
v 1.418575 1.833312 -2.597200
v 1.424955 1.809839 -2.597200
v 1.410029 1.818385 -2.614400
v -1.186800 1.360033 -0.498800
v 1.135200 1.170832 -0.498800
v -1.191639 1.300647 -0.464400
v 1.130361 1.111447 -0.464400
v -1.191639 1.300647 -0.395600
v 1.130361 1.111447 -0.395600
v -1.186800 1.360033 -0.361200
v 1.135200 1.170832 -0.361200
v -1.181961 1.419418 -0.395600
v 1.140039 1.230218 -0.395600
v -1.181961 1.419418 -0.464400
v 1.140039 1.230218 -0.464400
v -1.186800 1.360033 -1.221200
v 1.135200 1.170832 -1.221200
v -1.191639 1.300647 -1.186800
v 1.130361 1.111447 -1.186800
v -1.191639 1.300647 -1.118000
v 1.130361 1.111447 -1.118000
v -1.186800 1.360033 -1.083600
v 1.135200 1.170832 -1.083600
v -1.181961 1.419418 -1.118000
v 1.140039 1.230218 -1.118000
v -1.181961 1.419418 -1.186800
v 1.140039 1.230218 -1.186800
v -1.186800 1.360033 -2.012400
v 1.135200 1.170832 -2.012400
v -1.191639 1.300647 -1.978000
v 1.130361 1.111447 -1.978000
v -1.191639 1.300647 -1.909200
v 1.130361 1.111447 -1.909200
v -1.186800 1.360033 -1.874800
v 1.135200 1.170832 -1.874800
v -1.181961 1.419418 -1.909200
v 1.140039 1.230218 -1.909200
v -1.181961 1.419418 -1.978000
v 1.140039 1.230218 -1.978000
v -1.504897 1.322456 0.087844
v -1.516438 1.338837 0.096660
v -1.526611 1.323227 0.085167
v -1.546420 1.370353 0.080396
v -1.554868 1.374982 0.060737
v -1.556593 1.354743 0.068903
v -1.408317 0.955526 -0.801216
v -1.430031 0.956298 -0.803893
v -1.416764 0.960155 -0.820875
v -1.458288 1.008051 -0.828322
v -1.446747 0.991670 -0.837139
v -1.460014 0.987813 -0.820157
v -0.994432 1.746413 -0.031678
v -0.992706 1.766652 -0.039843
v -1.005973 1.762795 -0.022862
v -1.044403 1.798939 -0.058784
v -1.035955 1.794310 -0.039125
v -1.022689 1.798167 -0.056107
v -0.897852 1.379483 -0.920738
v -0.906300 1.384112 -0.940397
v -0.896127 1.399722 -0.928903
v -0.947823 1.432009 -0.947844
v -0.926109 1.431237 -0.945167
v -0.936282 1.415628 -0.956661
v -0.819759 1.617548 0.757193
v -1.008959 1.995948 -0.481207
v -0.775786 1.650481 0.760538
v -0.964986 2.028881 -0.477862
v -0.781627 1.702566 0.777345
v -0.970827 2.080966 -0.461055
v -0.831441 1.721717 0.790807
v -1.020641 2.100117 -0.447593
v -0.875414 1.688783 0.787462
v -1.064614 2.067183 -0.450938
v -0.869573 1.636699 0.770655
v -1.058773 2.015099 -0.467745
v 0.897852 1.379483 1.608738
v 0.906300 1.384113 1.628396
v 0.896127 1.399722 1.616903
v 0.936282 1.415628 1.644660
v 0.947823 1.432009 1.635844
v 0.926109 1.431238 1.633167
v 0.994432 1.746414 0.719678
v 0.992706 1.766652 0.727843
v 1.005973 1.762795 0.710861
v 1.044403 1.798939 0.746784
v 1.035955 1.794310 0.727125
v 1.022689 1.798168 0.744107
v 1.408317 0.955526 1.489215
v 1.430031 0.956298 1.491893
v 1.416764 0.960155 1.508875
v 1.458288 1.008051 1.516322
v 1.446747 0.991670 1.525138
v 1.460014 0.987813 1.508157
v 1.504897 1.322456 0.600156
v 1.516438 1.338837 0.591339
v 1.526611 1.323228 0.602833
v 1.554868 1.374982 0.627262
v 1.556593 1.354743 0.619097
v 1.546420 1.370353 0.607603
v 0.819759 1.617548 0.757193
v 1.008959 1.995948 -0.481207
v 0.869573 1.636699 0.770655
v 1.058773 2.015099 -0.467745
v 0.875414 1.688783 0.787462
v 1.064614 2.067183 -0.450938
v 0.831441 1.721717 0.790807
v 1.020641 2.100117 -0.447593
v 0.781627 1.702566 0.777345
v 0.970827 2.080966 -0.461055
v 0.775786 1.650481 0.760538
v 0.964986 2.028881 -0.477862
v -0.481600 0.844032 0.645000
v -0.481600 0.930032 0.731000
v -0.567600 0.930032 0.645000
v -0.481600 1.446032 0.731000
v -0.481600 1.532032 0.645000
v -0.567600 1.446032 0.645000
v -0.481600 0.844032 -0.232200
v -0.567600 0.930032 -0.232200
v -0.481600 0.930032 -0.318200
v -0.481600 1.532032 -0.232200
v -0.481600 1.446032 -0.318200
v -0.567600 1.446032 -0.232200
v 0.481600 0.844033 0.645000
v 0.567600 0.930032 0.645000
v 0.481600 0.930032 0.731000
v 0.481600 1.532032 0.645000
v 0.481600 1.446032 0.731000
v 0.567600 1.446032 0.645000
v 0.481600 0.844033 -0.232200
v 0.481600 0.930032 -0.318200
v 0.567600 0.930032 -0.232200
v 0.481600 1.532032 -0.232200
v 0.567600 1.446032 -0.232200
v 0.481600 1.446032 -0.318200
v -0.636400 0.906812 0.756800
v -0.636400 0.953252 0.756800
v -0.636400 0.906812 -0.240800
v -0.636400 0.953252 -0.240800
v 0.636400 0.906812 0.756800
v 0.636400 0.953252 0.756800
v 0.636400 0.906812 -0.240800
v 0.636400 0.953252 -0.240800
v -0.636400 1.061612 0.756800
v -0.636400 1.108052 0.756800
v -0.636400 1.061612 -0.240800
v -0.636400 1.108052 -0.240800
v 0.636400 1.061612 0.756800
v 0.636400 1.108052 0.756800
v 0.636400 1.061612 -0.240800
v 0.636400 1.108052 -0.240800
v -0.636400 1.216412 0.756800
v -0.636400 1.262852 0.756800
v -0.636400 1.216412 -0.240800
v -0.636400 1.262852 -0.240800
v 0.636400 1.216413 0.756800
v 0.636400 1.262852 0.756800
v 0.636400 1.216413 -0.240800
v 0.636400 1.262852 -0.240800
v -0.636400 1.371212 0.756800
v -0.636400 1.417652 0.756800
v -0.636400 1.371212 -0.240800
v -0.636400 1.417652 -0.240800
v 0.636400 1.371212 0.756800
v 0.636400 1.417652 0.756800
v 0.636400 1.371212 -0.240800
v 0.636400 1.417652 -0.240800
v -1.638559 0.554753 -0.446415
v -1.653263 0.570189 -0.423059
v -1.669187 0.562126 -0.449162
v -1.688997 0.626794 -0.418744
v -1.698116 0.649096 -0.439223
v -1.704921 0.618731 -0.444847
v -1.487348 0.740690 -1.633341
v -1.517976 0.748063 -1.636088
v -1.496467 0.762992 -1.653820
v -1.546905 0.835033 -1.626149
v -1.532202 0.819598 -1.649505
v -1.553710 0.804668 -1.631772
v -0.984935 0.956232 -0.300252
v -0.978130 0.986597 -0.294628
v -0.999638 0.971667 -0.276895
v -1.044492 1.050575 -0.293060
v -1.035372 1.028273 -0.272580
v -1.013864 1.043202 -0.290313
v -0.833724 1.142169 -1.487177
v -0.842843 1.164471 -1.507657
v -0.826919 1.172534 -1.481554
v -0.893281 1.236512 -1.479986
v -0.862653 1.229139 -1.477239
v -0.878577 1.221076 -1.503342
v -0.720685 0.543137 1.406765
v -0.789485 0.680737 -1.551635
v -0.654546 0.583341 1.407097
v -0.723346 0.720941 -1.551303
v -0.656262 0.660637 1.410732
v -0.725062 0.798237 -1.547668
v -0.724115 0.697728 1.414035
v -0.792915 0.835328 -1.544365
v -0.790254 0.657524 1.413703
v -0.859054 0.795123 -1.544697
v -0.788538 0.580228 1.410068
v -0.857338 0.717828 -1.548332
v 0.984935 0.956232 -0.300252
v 0.999638 0.971667 -0.276895
v 0.978130 0.986597 -0.294628
v 1.035372 1.028273 -0.272580
v 1.044491 1.050575 -0.293060
v 1.013864 1.043202 -0.290313
v 0.833724 1.142169 -1.487177
v 0.826919 1.172534 -1.481554
v 0.842843 1.164471 -1.507657
v 0.893281 1.236511 -1.479986
v 0.878577 1.221076 -1.503342
v 0.862653 1.229139 -1.477239
v 1.638559 0.554754 -0.446415
v 1.669187 0.562126 -0.449162
v 1.653263 0.570189 -0.423059
v 1.698116 0.649096 -0.439223
v 1.688997 0.626794 -0.418744
v 1.704921 0.618732 -0.444847
v 1.487348 0.740690 -1.633341
v 1.496467 0.762993 -1.653820
v 1.517976 0.748063 -1.636088
v 1.546905 0.835033 -1.626149
v 1.553710 0.804669 -1.631772
v 1.532201 0.819598 -1.649505
v 0.720684 0.543137 1.406765
v 0.789484 0.680737 -1.551635
v 0.788538 0.580228 1.410068
v 0.857338 0.717828 -1.548332
v 0.790253 0.657524 1.413703
v 0.859053 0.795123 -1.544697
v 0.724115 0.697728 1.414035
v 0.792915 0.835328 -1.544365
v 0.656262 0.660637 1.410732
v 0.725062 0.798237 -1.547668
v 0.654546 0.583342 1.407097
v 0.723346 0.720941 -1.551303
vn 0.4906 -0.0964 -0.8660
vn 0.9813 -0.1927 -0.0000
vn 0.4906 -0.0964 0.8660
vn -0.4906 0.0964 0.8660
vn 0.1927 0.9813 -0.0000
vn -0.9813 0.1927 -0.0000
vn -0.4906 0.0964 -0.8660
vn -0.1927 -0.9813 -0.0000
vn -0.1741 -0.0234 -0.9845
vn 0.2136 -0.0665 -0.9747
vn 0.5687 -0.0995 -0.8165
vn 0.8373 -0.1174 -0.5340
vn 0.9784 -0.1174 -0.1702
vn 0.9705 -0.0995 0.2195
vn 0.8149 -0.0665 0.5757
vn 0.5352 -0.0234 0.8444
vn 0.1741 0.0234 0.9845
vn -0.2136 0.0665 0.9747
vn -0.5687 0.0995 0.8165
vn -0.8373 0.1174 0.5340
vn -0.9784 0.1174 0.1702
vn -0.9705 0.0995 -0.2195
vn 0.1116 0.9928 -0.0433
vn -0.8149 0.0665 -0.5757
vn -0.5352 0.0234 -0.8444
vn -0.1116 -0.9928 0.0433
vn -0.1097 -0.0310 -0.9935
vn 0.3988 -0.0847 -0.9131
vn 0.8005 -0.1156 -0.5881
vn 0.9877 -0.1156 -0.1055
vn 0.9102 -0.0847 0.4054
vn 0.5889 -0.0310 0.8076
vn 0.1097 0.0310 0.9935
vn -0.3988 0.0847 0.9131
vn -0.8005 0.1156 0.5881
vn -0.9877 0.1156 0.1055
vn -0.9102 0.0846 -0.4054
vn -0.5889 0.0310 -0.8076
vn 0.0201 -0.0458 -0.9987
vn 0.7168 -0.1106 -0.6885
vn 0.9935 -0.1106 0.0251
vn 0.6883 -0.0458 0.7240
vn -0.0201 0.0458 0.9987
vn -0.7168 0.1106 0.6885
vn -0.9935 0.1106 -0.0251
vn -0.6883 0.0458 -0.7240
vn 0.1496 -0.0599 -0.9869
vn 0.9256 -0.1197 -0.3590
vn 0.7760 -0.0599 0.6279
vn -0.1496 0.0598 0.9869
vn -0.9256 0.1197 0.3590
vn -0.7760 0.0599 -0.6279
vn -0.1496 0.0599 0.9869
vn 0.3988 -0.0846 -0.9131
vn -0.9102 0.0847 -0.4054
vn 0.1496 -0.0598 -0.9869
vn -0.3616 -0.0000 -0.9323
vn 0.3616 -0.0000 0.9323
vn 0.9102 -0.0846 0.4054
vn -0.3988 0.0846 0.9131
vn -0.1459 -0.1890 -0.9711
vn -0.2198 -0.5383 -0.8136
vn -0.2601 -0.8056 -0.5323
vn -0.2609 -0.9503 -0.1699
vn -0.2220 -0.9503 0.2183
vn -0.1492 -0.8056 0.5733
vn -0.0538 -0.5383 0.8410
vn 0.0499 -0.1890 0.9807
vn 0.1459 0.1890 0.9711
vn 0.2198 0.5383 0.8136
vn 0.2601 0.8056 0.5323
vn 0.2609 0.9503 0.1699
vn 0.2220 0.9503 -0.2183
vn 0.1492 0.8056 -0.5733
vn 0.9641 -0.2474 -0.0967
vn 0.0538 0.5383 -0.8410
vn -0.0499 0.1890 -0.9807
vn -0.9641 0.2474 0.0967
vn -0.1601 -0.2508 -0.9547
vn -0.2447 -0.6851 -0.6861
vn -0.2636 -0.9359 -0.2337
vn -0.2119 -0.9359 0.2814
vn -0.1035 -0.6851 0.7210
vn 0.0327 -0.2508 0.9675
vn 0.1601 0.2508 0.9547
vn 0.2447 0.6851 0.6861
vn 0.2636 0.9359 0.2337
vn 0.2119 0.9359 -0.2814
vn 0.1035 0.6851 -0.7210
vn -0.0327 0.2508 -0.9675
vn -0.1864 -0.3708 -0.9098
vn -0.2656 -0.8952 -0.3580
vn -0.1892 -0.8952 0.4036
vn -0.0020 -0.3708 0.9287
vn 0.1864 0.3708 0.9098
vn 0.2656 0.8952 0.3580
vn 0.1892 0.8952 -0.4036
vn 0.0020 0.3708 -0.9287
vn -0.2095 -0.4845 -0.8493
vn -0.2462 -0.9689 0.0247
vn -0.0366 -0.4844 0.8741
vn 0.2095 0.4845 0.8494
vn 0.2462 0.9689 -0.0247
vn 0.0366 0.4845 -0.8740
vn -0.0366 -0.4845 0.8740
vn -0.2095 -0.4845 -0.8494
vn 0.2095 0.4845 0.8493
vn 0.0366 0.4845 -0.8741
vn 0.2095 0.4844 0.8494
vn -0.2095 -0.4844 -0.8494
vn -0.0998 -0.0000 -0.9950
vn 0.0998 -0.0000 0.9950
vn 0.2337 -0.1826 -0.9550
vn 0.3336 -0.5200 -0.7864
vn 0.3827 -0.7782 -0.4980
vn 0.3735 -0.9179 -0.1338
vn 0.3075 -0.9179 0.2507
vn 0.1947 -0.7782 0.5971
vn 0.0522 -0.5200 0.8526
vn -0.0982 -0.1826 0.9783
vn -0.2337 0.1826 0.9550
vn -0.3336 0.5200 0.7864
vn -0.3827 0.7782 0.4980
vn -0.3735 0.9179 0.1338
vn -0.3075 0.9179 -0.2507
vn -0.1947 0.7782 -0.5971
vn 0.9224 0.3523 0.1583
vn -0.0522 0.5200 -0.8526
vn 0.0982 0.1826 -0.9783
vn -0.9224 -0.3523 -0.1583
vn 0.2533 -0.2422 -0.9366
vn 0.3651 -0.6618 -0.6548
vn 0.3791 -0.9040 -0.1975
vn 0.2916 -0.9040 0.3127
vn 0.1259 -0.6618 0.7391
vn -0.0736 -0.2422 0.9674
vn -0.2533 0.2422 0.9366
vn -0.3651 0.6618 0.6548
vn -0.3792 0.9040 0.1975
vn -0.2916 0.9040 -0.3127
vn -0.1259 0.6618 -0.7391
vn 0.0736 0.2422 -0.9674
vn 0.2892 -0.3582 -0.8878
vn 0.3855 -0.8647 -0.3221
vn 0.2560 -0.8647 0.4322
vn -0.0234 -0.3582 0.9334
vn -0.2892 0.3582 0.8878
vn -0.3855 0.8647 0.3221
vn -0.2560 0.8647 -0.4322
vn 0.0234 0.3582 -0.9334
vn 0.3201 -0.4679 -0.8237
vn 0.3472 -0.9359 0.0596
vn 0.0271 -0.4679 0.8833
vn -0.3201 0.4679 0.8237
vn -0.3472 0.9359 -0.0596
vn -0.0271 0.4680 -0.8833
vn -0.0271 0.4679 -0.8833
vn 0.0271 -0.4680 0.8833
vn -0.3201 0.4680 0.8237
vn 0.3201 -0.4680 -0.8237
vn 0.3792 -0.9040 -0.1975
vn 0.1692 -0.0000 -0.9856
vn -0.1692 -0.0000 0.9856
vn 0.1184 -0.1890 -0.9748
vn 0.0052 -0.5383 -0.8427
vn -0.1088 -0.8056 -0.5824
vn -0.2061 -0.9503 -0.2333
vn -0.2722 -0.9503 0.1512
vn -0.2967 -0.8056 0.5128
vn -0.2761 -0.5383 0.7962
vn -0.2135 -0.1890 0.9585
vn -0.1184 0.1890 0.9748
vn -0.0052 0.5383 0.8427
vn 0.1088 0.8056 0.5824
vn 0.2061 0.9503 0.2333
vn 0.2722 0.9503 -0.1512
vn 0.2967 0.8056 -0.5128
vn 0.9549 -0.2474 0.1639
vn 0.2761 0.5383 -0.7962
vn 0.2135 0.1890 -0.9585
vn -0.9549 0.2474 -0.1639
vn 0.1003 -0.2508 -0.9628
vn -0.0528 -0.6851 -0.7265
vn -0.1917 -0.9359 -0.2955
vn -0.2793 -0.9359 0.2147
vn -0.2920 -0.6851 0.6673
vn -0.2265 -0.2508 0.9412
vn -0.1003 0.2508 0.9628
vn 0.0528 0.6851 0.7265
vn 0.1917 0.9359 0.2955
vn 0.2793 0.9359 -0.2147
vn 0.2920 0.6851 -0.6673
vn 0.2265 0.2508 -0.9412
vn 0.0630 -0.3708 -0.9266
vn -0.1605 -0.8952 -0.4158
vn -0.2900 -0.8952 0.3385
vn -0.2496 -0.3708 0.8945
vn -0.0630 0.3708 0.9266
vn 0.1605 0.8952 0.4158
vn 0.2900 0.8952 -0.3385
vn 0.2496 0.3708 -0.8945
vn 0.0246 -0.4845 -0.8745
vn -0.2438 -0.9689 -0.0419
vn -0.2684 -0.4845 0.8326
vn -0.0246 0.4845 0.8745
vn 0.2438 0.9689 0.0419
vn 0.2684 0.4845 -0.8326
vn 0.2438 0.9689 0.0418
vn 0.2921 0.6851 -0.6673
vn -0.2438 -0.9689 -0.0418
vn -0.2403 -0.9620 0.1299
vn 0.9940 -0.0862 -0.0678
vn -0.0129 -0.0990 -0.9950
vn -0.9610 0.2762 -0.0163
vn -0.6423 -0.1563 0.7503
vn -0.3563 0.8771 0.3220
vn -0.7566 -0.5691 -0.3220
vn -0.4705 0.4643 -0.7503
vn 0.4705 -0.4643 0.7503
vn 0.7566 0.5691 0.3220
vn 0.3563 -0.8771 -0.3220
vn 0.6423 0.1564 -0.7503
vn -0.8566 -0.4443 0.2623
vn -0.6115 0.4414 0.6567
vn -0.5063 0.8215 -0.2623
vn -0.7514 -0.0642 -0.6567
vn -0.2451 -0.8857 -0.3944
vn 0.1052 0.3801 -0.9189
vn 0.6115 -0.4414 -0.6567
vn 0.5063 -0.8215 0.2623
vn 0.8566 0.4443 -0.2623
vn 0.7514 0.0642 0.6567
vn -0.1052 -0.3801 0.9189
vn 0.2451 0.8857 0.3944
vn -0.2477 -0.8950 0.3709
vn -0.9638 0.2667 -0.0000
vn 0.0989 0.3575 0.9287
vn 0.2477 0.8950 -0.3709
vn -0.0989 -0.3575 -0.9287
vn 0.9638 -0.2667 -0.0000
vn -1.0000 -0.0000 -0.0000
vn -0.0000 -0.0000 -1.0000
vn 1.0000 -0.0000 -0.0000
vn -0.0000 -0.0000 1.0000
vn -0.0000 -1.0000 -0.0000
vn -0.0000 1.0000 -0.0000
vn 0.2422 -0.1919 -0.9511
vn 0.6341 -0.5024 -0.5878
vn 0.7838 -0.6210 -0.0000
vn 0.6341 -0.5024 0.5878
vn 0.2422 -0.1919 0.9511
vn -0.2422 0.1919 0.9511
vn -0.6341 0.5024 0.5878
vn -0.7838 0.6210 -0.0000
vn 0.6210 0.7838 -0.0000
vn -0.6341 0.5024 -0.5878
vn -0.2422 0.1919 -0.9511
vn -0.6210 -0.7838 -0.0000
vn 0.4388 -0.2396 -0.8660
vn 0.8777 -0.4792 -0.0000
vn 0.4388 -0.2396 0.8660
vn -0.4388 0.2396 0.8660
vn 0.4792 0.8777 -0.0000
vn -0.8777 0.4792 -0.0000
vn -0.4388 0.2396 -0.8660
vn -0.4792 -0.8777 -0.0000
vn 0.3337 -0.3724 -0.8660
vn 0.6673 -0.7448 -0.0000
vn 0.3337 -0.3724 0.8660
vn -0.3337 0.3724 0.8660
vn 0.7448 0.6673 -0.0000
vn -0.6673 0.7448 -0.0000
vn -0.3337 0.3724 -0.8660
vn -0.7448 -0.6673 -0.0000
vn 0.2060 -0.4556 -0.8660
vn 0.4121 -0.9112 -0.0000
vn 0.2060 -0.4556 0.8660
vn -0.2060 0.4556 0.8660
vn 0.9112 0.4121 -0.0000
vn -0.4121 0.9112 -0.0000
vn -0.2060 0.4556 -0.8660
vn -0.9112 -0.4121 -0.0000
vn 0.2029 -0.1607 -0.9659
vn 0.5542 -0.4391 -0.7071
vn 0.7571 -0.5998 -0.2588
vn 0.7571 -0.5998 0.2588
vn 0.5542 -0.4391 0.7071
vn 0.2029 -0.1607 0.9659
vn -0.2029 0.1607 0.9659
vn -0.5542 0.4391 0.7071
vn -0.7571 0.5998 0.2588
vn -0.7571 0.5998 -0.2588
vn -0.5542 0.4391 -0.7071
vn -0.2029 0.1607 -0.9659
vn -0.2142 -0.7879 0.5773
vn -0.7879 0.2142 0.5774
vn -0.2142 -0.7879 -0.5773
vn -0.7879 0.2142 -0.5774
vn 0.7879 -0.2142 0.5773
vn 0.2142 0.7879 0.5774
vn 0.7879 -0.2142 -0.5773
vn 0.2142 0.7879 -0.5774
vn -0.2623 -0.9650 -0.0000
vn -0.6136 -0.3513 0.7071
vn -0.9650 0.2623 -0.0000
vn -0.6136 -0.3513 -0.7071
vn 0.3513 -0.6136 -0.7071
vn -0.3513 0.6136 -0.7071
vn 0.6136 0.3513 -0.7071
vn 0.9650 -0.2623 -0.0000
vn 0.2623 0.9650 -0.0000
vn 0.6136 0.3513 0.7071
vn 0.3513 -0.6136 0.7071
vn -0.3513 0.6136 0.7071
vn 0.4969 -0.8678 -0.0000
vn -0.8678 -0.4969 -0.0000
vn -0.4969 0.8678 -0.0000
vn 0.8678 0.4969 -0.0000
vn -0.7879 -0.2142 0.5773
vn -0.2142 0.7879 0.5774
vn -0.7879 -0.2142 -0.5773
vn -0.2142 0.7879 -0.5774
vn 0.2142 -0.7879 0.5774
vn 0.7879 0.2142 0.5774
vn 0.2142 -0.7879 -0.5774
vn 0.7879 0.2142 -0.5774
vn -0.9650 -0.2623 -0.0000
vn -0.6136 0.3513 0.7071
vn -0.2623 0.9650 -0.0000
vn -0.6136 0.3514 -0.7071
vn -0.3513 -0.6136 -0.7071
vn 0.3513 0.6136 -0.7071
vn 0.6136 -0.3513 -0.7071
vn 0.2623 -0.9650 -0.0000
vn 0.9650 0.2623 -0.0000
vn 0.6136 -0.3513 0.7071
vn -0.3513 -0.6136 0.7071
vn 0.3513 0.6136 0.7071
vn -0.4969 -0.8678 -0.0000
vn -0.8678 0.4969 -0.0000
vn 0.4969 0.8678 -0.0000
vn 0.8678 -0.4969 -0.0000
vn -0.0406 -0.4983 -0.8660
vn -0.0812 -0.9967 -0.0000
vn -0.0406 -0.4983 0.8660
vn 0.0406 0.4983 0.8660
vn 0.9967 -0.0812 -0.0000
vn 0.0812 0.9967 -0.0000
vn 0.0406 0.4983 -0.8660
vn -0.9967 0.0812 -0.0000
vn -0.1221 -0.5357 0.8356
vn -0.8675 0.2479 0.4312
vn -0.0067 -0.9740 -0.2265
vn -0.7522 -0.1904 -0.6309
vn 0.7522 0.1904 0.6309
vn 0.0067 0.9740 0.2265
vn 0.8675 -0.2479 -0.4312
vn 0.1220 0.5357 -0.8356
vn -0.0788 -0.9245 0.3730
vn -0.6060 -0.1762 0.7757
vn -0.9919 0.0352 -0.1223
vn -0.4647 -0.7130 -0.5250
vn 0.5272 -0.7483 -0.4027
vn -0.3859 0.2114 -0.8980
vn 0.6060 0.1762 -0.7757
vn 0.9919 -0.0352 0.1223
vn 0.0788 0.9245 -0.3730
vn 0.4647 0.7130 0.5250
vn 0.3859 -0.2114 0.8980
vn -0.5272 0.7483 0.4027
vn 0.6456 -0.6786 0.3502
vn -0.7571 -0.6288 0.1773
vn -0.0999 0.3796 0.9197
vn -0.6456 0.6786 -0.3502
vn 0.0999 -0.3796 -0.9197
vn 0.7571 0.6288 -0.1773
vn 0.5838 -0.7472 -0.3175
vn 0.9838 0.1446 -0.1061
vn 0.4000 0.8918 0.2114
vn -0.5838 0.7472 0.3175
vn -0.1446 0.2891 -0.9463
vn -0.9838 -0.1446 0.1061
vn -0.4000 -0.8918 -0.2114
vn 0.1446 -0.2891 0.9463
vn -0.8675 -0.2479 0.4312
vn -0.1220 0.5357 0.8356
vn -0.7522 0.1904 -0.6309
vn -0.0067 0.9740 -0.2265
vn 0.0067 -0.9740 0.2265
vn 0.7522 -0.1904 0.6309
vn 0.1220 -0.5357 -0.8356
vn 0.8675 0.2479 -0.4312
vn -0.9919 -0.0352 -0.1223
vn -0.6060 0.1762 0.7757
vn -0.0788 0.9245 0.3730
vn -0.4647 0.7130 -0.5250
vn -0.3859 -0.2114 -0.8980
vn 0.5272 0.7483 -0.4027
vn 0.6060 -0.1762 -0.7757
vn 0.0788 -0.9245 -0.3730
vn 0.9919 0.0352 0.1223
vn 0.4647 -0.7130 0.5250
vn -0.5272 -0.7483 0.4027
vn 0.3859 0.2115 0.8980
vn -0.6456 -0.6786 -0.3502
vn -0.7571 0.6288 0.1773
vn -0.0999 -0.3796 0.9197
vn 0.6456 0.6786 0.3502
vn 0.0999 0.3796 -0.9197
vn 0.7571 -0.6288 -0.1773
vn 0.4000 -0.8918 -0.2114
vn 0.9838 -0.1446 0.1061
vn 0.5838 0.7472 0.3175
vn -0.4000 0.8918 0.2114
vn 0.1446 0.2891 -0.9463
vn -0.9838 0.1446 -0.1061
vn -0.5838 -0.7472 -0.3175
vn -0.1446 -0.2891 0.9463
vn -0.5774 -0.5773 0.5774
vn -0.5774 0.5774 0.5773
vn -0.5774 -0.5773 -0.5774
vn -0.5774 0.5773 -0.5774
vn 0.5774 -0.5773 0.5774
vn 0.5774 0.5773 0.5774
vn 0.5773 -0.5773 -0.5774
vn 0.5774 0.5773 -0.5774
vn -0.7071 -0.7071 -0.0000
vn -0.7071 -0.0000 0.7071
vn -0.7071 0.7071 -0.0000
vn -0.7071 -0.0000 -0.7071
vn -0.0000 -0.7071 -0.7071
vn -0.0000 0.7071 -0.7071
vn 0.7071 -0.0000 -0.7071
vn 0.7071 -0.7071 -0.0000
vn 0.7071 0.7071 -0.0000
vn 0.7071 -0.0000 0.7071
vn -0.0000 -0.7071 0.7071
vn -0.0000 0.7071 0.7071
vn -0.2478 -0.8727 0.4207
vn -0.8629 0.1017 0.4950
vn -0.1036 -0.6954 -0.7111
vn -0.7187 0.2790 -0.6369
vn 0.7187 -0.2790 0.6369
vn 0.1036 0.6954 0.7111
vn 0.8629 -0.1017 -0.4950
vn 0.2478 0.8727 -0.4207
vn -0.2152 -0.9602 -0.1778
vn -0.6802 -0.4721 0.5608
vn -0.9686 0.2331 -0.0869
vn -0.5036 -0.2550 -0.8255
vn 0.4650 -0.4881 -0.7386
vn -0.2884 0.7053 -0.6476
vn 0.6802 0.4721 -0.5608
vn 0.9686 -0.2331 0.0869
vn 0.2152 0.9602 0.1778
vn 0.5036 0.2550 0.8255
vn 0.2884 -0.7053 0.6476
vn -0.4650 0.4881 0.7386
vn 0.5327 -0.8439 -0.0643
vn -0.8370 -0.5141 -0.1872
vn -0.1249 -0.1536 0.9802
vn -0.5327 0.8439 0.0643
vn 0.1249 0.1536 -0.9802
vn 0.8370 0.5141 0.1872
vn 0.5189 -0.8532 -0.0518
vn 0.9995 0.0232 -0.0222
vn 0.4805 0.8765 0.0296
vn -0.5189 0.8532 0.0518
vn -0.0232 0.0464 -0.9987
vn -0.9995 -0.0232 0.0222
vn -0.4806 -0.8765 -0.0296
vn 0.0232 -0.0464 0.9987
vn -0.7187 -0.2790 0.6368
vn -0.1036 0.6954 0.7111
vn -0.8629 -0.1017 -0.4950
vn -0.2478 0.8727 -0.4207
vn 0.2478 -0.8727 0.4207
vn 0.8629 0.1017 0.4950
vn 0.1036 -0.6954 -0.7111
vn 0.7187 0.2790 -0.6369
vn -0.9686 -0.2331 0.0869
vn -0.5036 0.2550 0.8255
vn -0.2152 0.9602 0.1778
vn -0.6802 0.4721 -0.5608
vn -0.4650 -0.4881 -0.7386
vn 0.2884 0.7053 -0.6476
vn 0.5036 -0.2550 -0.8255
vn 0.2152 -0.9602 -0.1778
vn 0.9686 0.2332 -0.0869
vn 0.6802 -0.4721 0.5608
vn -0.2884 -0.7053 0.6476
vn 0.4650 0.4881 0.7386
vn -0.5327 -0.8439 -0.0643
vn -0.8370 0.5141 0.1872
vn 0.1249 -0.1536 0.9802
vn 0.5327 0.8439 0.0643
vn -0.1249 0.1536 -0.9802
vn 0.8370 -0.5141 -0.1872
vn 0.4805 -0.8765 -0.0296
vn 0.9995 -0.0232 0.0222
vn 0.5189 0.8532 0.0518
vn -0.4805 0.8765 0.0296
vn 0.0232 0.0464 -0.9987
vn -0.9995 0.0232 -0.0222
vn -0.5189 -0.8532 -0.0518
vn -0.0232 -0.0464 0.9987
vt 0.125000 0.625000
vt 0.375000 0.625000
vt 0.875000 0.125000
vt 0.125000 0.375000
vt 0.625000 0.125000
vt 0.125000 0.125000
vt 0.625000 0.375000
s 0
usemtl MilitaryEnemyPalette.003
f 1/1/1 2/1/1 4/1/1 3/1/1
f 3/2/2 4/2/2 6/2/2 5/2/2
f 5/2/3 6/2/3 8/2/3 7/2/3
f 7/2/4 8/2/4 10/2/4 9/2/4
f 4/1/5 2/1/5 12/1/5 10/1/5 8/1/5 6/1/5
f 9/2/6 10/2/6 12/2/6 11/2/6
f 11/2/7 12/2/7 2/2/7 1/2/7
f 1/2/8 3/2/8 5/2/8 7/2/8 9/2/8 11/2/8
f 13/2/9 14/2/9 16/2/9 15/2/9
f 15/2/10 16/2/10 18/2/10 17/2/10
f 17/2/11 18/2/11 20/2/11 19/2/11
f 19/3/12 20/3/12 22/3/12 21/3/12
f 21/2/13 22/2/13 24/2/13 23/2/13
f 23/2/14 24/2/14 26/2/14 25/2/14
f 25/2/15 26/2/15 28/2/15 27/2/15
f 27/3/16 28/3/16 30/3/16 29/3/16
f 29/2/17 30/2/17 32/2/17 31/2/17
f 31/2/18 32/2/18 34/2/18 33/2/18
f 33/2/19 34/2/19 36/2/19 35/2/19
f 35/3/20 36/3/20 38/3/20 37/3/20
f 37/2/21 38/2/21 40/2/21 39/2/21
f 39/2/22 40/2/22 42/2/22 41/2/22
f 16/2/23 14/2/23 44/2/23 42/2/23 40/2/23 38/2/23 36/2/23 34/2/23 32/2/23 30/2/23 28/2/23 26/2/23 24/2/23 22/2/23 20/2/23 18/2/23
f 41/3/24 42/3/24 44/3/24 43/3/24
f 43/2/25 44/2/25 14/2/25 13/2/25
f 13/2/26 15/2/26 17/2/26 19/2/26 21/2/26 23/2/26 25/2/26 27/2/26 29/2/26 31/2/26 33/2/26 35/2/26 37/2/26 39/2/26 41/2/26 43/2/26
f 45/2/27 46/2/27 48/2/27 47/2/27
f 47/4/28 48/4/28 50/4/28 49/4/28
f 49/2/29 50/2/29 52/2/29 51/2/29
f 51/2/30 52/2/30 54/2/30 53/2/30
f 53/2/31 54/2/31 56/2/31 55/2/31
f 55/4/32 56/4/32 58/4/32 57/4/32
f 57/2/33 58/2/33 60/2/33 59/2/33
f 59/2/34 60/2/34 62/2/34 61/2/34
f 61/2/35 62/2/35 64/2/35 63/2/35
f 63/4/36 64/4/36 66/4/36 65/4/36
f 48/2/23 46/2/23 68/2/23 66/2/23 64/2/23 62/2/23 60/2/23 58/2/23 56/2/23 54/2/23 52/2/23 50/2/23
f 65/2/37 66/2/37 68/2/37 67/2/37
f 67/2/38 68/2/38 46/2/38 45/2/38
f 45/4/26 47/4/26 49/4/26 51/4/26 53/4/26 55/4/26 57/4/26 59/4/26 61/4/26 63/4/26 65/4/26 67/4/26
f 69/2/39 70/2/39 72/2/39 71/2/39
f 71/2/40 72/2/40 74/2/40 73/2/40
f 73/2/41 74/2/41 76/2/41 75/2/41
f 75/5/42 76/5/42 78/5/42 77/5/42
f 77/2/43 78/2/43 80/2/43 79/2/43
f 79/2/44 80/2/44 82/2/44 81/2/44
f 72/2/23 70/2/23 84/2/23 82/2/23 80/2/23 78/2/23 76/2/23 74/2/23
f 81/5/45 82/5/45 84/5/45 83/5/45
f 83/2/46 84/2/46 70/2/46 69/2/46
f 69/2/26 71/2/26 73/2/26 75/2/26 77/2/26 79/2/26 81/2/26 83/2/26
f 85/2/47 86/2/47 88/2/47 87/2/47
f 87/1/48 88/1/48 90/1/48 89/1/48
f 89/2/49 90/2/49 92/2/49 91/2/49
f 91/2/50 92/2/50 94/2/50 93/2/50
f 88/2/23 86/2/23 96/2/23 94/2/23 92/2/23 90/2/23
f 93/1/51 94/1/51 96/1/51 95/1/51
f 95/2/52 96/2/52 86/2/52 85/2/52
f 85/2/26 87/2/26 89/2/26 91/2/26 93/2/26 95/2/26
f 97/2/47 98/2/47 100/2/47 99/2/47
f 99/1/48 100/1/48 102/1/48 101/1/48
f 101/2/49 102/2/49 104/2/49 103/2/49
f 103/2/53 104/2/53 106/2/53 105/2/53
f 100/2/23 98/2/23 108/2/23 106/2/23 104/2/23 102/2/23
f 105/1/51 106/1/51 108/1/51 107/1/51
f 107/2/52 108/2/52 98/2/52 97/2/52
f 97/2/26 99/2/26 101/2/26 103/2/26 105/2/26 107/2/26
f 109/2/47 110/2/47 112/2/47 111/2/47
f 111/1/48 112/1/48 114/1/48 113/1/48
f 113/2/49 114/2/49 116/2/49 115/2/49
f 115/2/53 116/2/53 118/2/53 117/2/53
f 112/2/23 110/2/23 120/2/23 118/2/23 116/2/23 114/2/23
f 117/1/51 118/1/51 120/1/51 119/1/51
f 119/2/52 120/2/52 110/2/52 109/2/52
f 109/2/26 111/2/26 113/2/26 115/2/26 117/2/26 119/2/26
f 121/2/47 122/2/47 124/2/47 123/2/47
f 123/1/48 124/1/48 126/1/48 125/1/48
f 125/2/49 126/2/49 128/2/49 127/2/49
f 127/2/53 128/2/53 130/2/53 129/2/53
f 124/2/23 122/2/23 132/2/23 130/2/23 128/2/23 126/2/23
f 129/1/51 130/1/51 132/1/51 131/1/51
f 131/2/52 132/2/52 122/2/52 121/2/52
f 121/2/26 123/2/26 125/2/26 127/2/26 129/2/26 131/2/26
f 133/2/47 134/2/47 136/2/47 135/2/47
f 135/1/48 136/1/48 138/1/48 137/1/48
f 137/2/49 138/2/49 140/2/49 139/2/49
f 139/2/53 140/2/53 142/2/53 141/2/53
f 136/2/23 134/2/23 144/2/23 142/2/23 140/2/23 138/2/23
f 141/1/51 142/1/51 144/1/51 143/1/51
f 143/2/52 144/2/52 134/2/52 133/2/52
f 133/2/26 135/2/26 137/2/26 139/2/26 141/2/26 143/2/26
f 145/2/47 146/2/47 148/2/47 147/2/47
f 147/1/48 148/1/48 150/1/48 149/1/48
f 149/2/49 150/2/49 152/2/49 151/2/49
f 151/2/53 152/2/53 154/2/53 153/2/53
f 148/2/23 146/2/23 156/2/23 154/2/23 152/2/23 150/2/23
f 153/1/51 154/1/51 156/1/51 155/1/51
f 155/2/52 156/2/52 146/2/52 145/2/52
f 145/2/26 147/2/26 149/2/26 151/2/26 153/2/26 155/2/26
f 157/2/27 158/2/27 160/2/27 159/2/27
f 159/4/54 160/4/54 162/4/54 161/4/54
f 161/2/29 162/2/29 164/2/29 163/2/29
f 163/2/30 164/2/30 166/2/30 165/2/30
f 165/2/31 166/2/31 168/2/31 167/2/31
f 167/4/32 168/4/32 170/4/32 169/4/32
f 169/2/33 170/2/33 172/2/33 171/2/33
f 171/2/34 172/2/34 174/2/34 173/2/34
f 173/2/35 174/2/35 176/2/35 175/2/35
f 175/4/36 176/4/36 178/4/36 177/4/36
f 160/2/23 158/2/23 180/2/23 178/2/23 176/2/23 174/2/23 172/2/23 170/2/23 168/2/23 166/2/23 164/2/23 162/2/23
f 177/2/55 178/2/55 180/2/55 179/2/55
f 179/2/38 180/2/38 158/2/38 157/2/38
f 157/4/26 159/4/26 161/4/26 163/4/26 165/4/26 167/4/26 169/4/26 171/4/26 173/4/26 175/4/26 177/4/26 179/4/26
f 181/2/39 182/2/39 184/2/39 183/2/39
f 183/2/40 184/2/40 186/2/40 185/2/40
f 185/2/41 186/2/41 188/2/41 187/2/41
f 187/5/42 188/5/42 190/5/42 189/5/42
f 189/2/43 190/2/43 192/2/43 191/2/43
f 191/2/44 192/2/44 194/2/44 193/2/44
f 184/2/23 182/2/23 196/2/23 194/2/23 192/2/23 190/2/23 188/2/23 186/2/23
f 193/5/45 194/5/45 196/5/45 195/5/45
f 195/2/46 196/2/46 182/2/46 181/2/46
f 181/2/26 183/2/26 185/2/26 187/2/26 189/2/26 191/2/26 193/2/26 195/2/26
f 197/2/47 198/2/47 200/2/47 199/2/47
f 199/1/48 200/1/48 202/1/48 201/1/48
f 201/2/49 202/2/49 204/2/49 203/2/49
f 203/2/50 204/2/50 206/2/50 205/2/50
f 200/2/23 198/2/23 208/2/23 206/2/23 204/2/23 202/2/23
f 205/1/51 206/1/51 208/1/51 207/1/51
f 207/2/52 208/2/52 198/2/52 197/2/52
f 197/2/26 199/2/26 201/2/26 203/2/26 205/2/26 207/2/26
f 209/2/47 210/2/47 212/2/47 211/2/47
f 211/1/48 212/1/48 214/1/48 213/1/48
f 213/2/49 214/2/49 216/2/49 215/2/49
f 215/2/50 216/2/50 218/2/50 217/2/50
f 212/2/23 210/2/23 220/2/23 218/2/23 216/2/23 214/2/23
f 217/1/51 218/1/51 220/1/51 219/1/51
f 219/2/52 220/2/52 210/2/52 209/2/52
f 209/2/26 211/2/26 213/2/26 215/2/26 217/2/26 219/2/26
f 221/2/47 222/2/47 224/2/47 223/2/47
f 223/1/48 224/1/48 226/1/48 225/1/48
f 225/2/49 226/2/49 228/2/49 227/2/49
f 227/2/53 228/2/53 230/2/53 229/2/53
f 224/2/23 222/2/23 232/2/23 230/2/23 228/2/23 226/2/23
f 229/1/51 230/1/51 232/1/51 231/1/51
f 231/2/52 232/2/52 222/2/52 221/2/52
f 221/2/26 223/2/26 225/2/26 227/2/26 229/2/26 231/2/26
f 233/2/47 234/2/47 236/2/47 235/2/47
f 235/1/48 236/1/48 238/1/48 237/1/48
f 237/2/49 238/2/49 240/2/49 239/2/49
f 239/2/53 240/2/53 242/2/53 241/2/53
f 236/2/23 234/2/23 244/2/23 242/2/23 240/2/23 238/2/23
f 241/1/51 242/1/51 244/1/51 243/1/51
f 243/2/52 244/2/52 234/2/52 233/2/52
f 233/2/26 235/2/26 237/2/26 239/2/26 241/2/26 243/2/26
f 245/2/47 246/2/47 248/2/47 247/2/47
f 247/1/48 248/1/48 250/1/48 249/1/48
f 249/2/49 250/2/49 252/2/49 251/2/49
f 251/2/53 252/2/53 254/2/53 253/2/53
f 248/2/23 246/2/23 256/2/23 254/2/23 252/2/23 250/2/23
f 253/1/51 254/1/51 256/1/51 255/1/51
f 255/2/52 256/2/52 246/2/52 245/2/52
f 245/2/26 247/2/26 249/2/26 251/2/26 253/2/26 255/2/26
f 257/2/56 258/2/56 260/2/56 259/2/56
f 259/1/48 260/1/48 262/1/48 261/1/48
f 261/2/49 262/2/49 264/2/49 263/2/49
f 263/2/53 264/2/53 266/2/53 265/2/53
f 260/2/23 258/2/23 268/2/23 266/2/23 264/2/23 262/2/23
f 265/1/51 266/1/51 268/1/51 267/1/51
f 267/2/52 268/2/52 258/2/52 257/2/52
f 257/2/26 259/2/26 261/2/26 263/2/26 265/2/26 267/2/26
f 269/2/26 270/2/26 272/2/26 271/2/26
f 271/5/57 272/5/57 276/5/57 275/5/57
f 275/2/23 276/2/23 274/2/23 273/2/23
f 273/2/58 274/2/58 270/2/58 269/2/58
f 271/2/48 275/2/48 273/2/48 269/2/48
f 276/5/51 272/5/51 270/5/51 274/5/51
f 277/2/26 278/2/26 280/2/26 279/2/26
f 279/2/39 280/2/39 284/2/39 283/2/39
f 283/2/23 284/2/23 282/2/23 281/2/23
f 281/5/43 282/5/43 278/5/43 277/5/43
f 279/2/41 283/2/41 281/2/41 277/2/41
f 284/2/45 280/2/45 278/2/45 282/2/45
f 285/2/26 286/2/26 288/2/26 287/2/26
f 287/5/54 288/5/54 292/5/54 291/5/54
f 291/2/23 292/2/23 290/2/23 289/2/23
f 289/2/34 290/2/34 286/2/34 285/2/34
f 287/2/59 291/2/59 289/2/59 285/2/59
f 292/5/37 288/5/37 286/5/37 290/5/37
f 293/2/26 294/2/26 296/2/26 295/2/26
f 295/2/40 296/2/40 300/2/40 299/2/40
f 299/2/23 300/2/23 298/2/23 297/2/23
f 297/5/44 298/5/44 294/5/44 293/5/44
f 295/2/42 299/2/42 297/2/42 293/2/42
f 300/2/46 296/2/46 294/2/46 298/2/46
f 301/2/26 302/2/26 304/2/26 303/2/26
f 303/5/48 304/5/48 308/5/48 307/5/48
f 307/2/23 308/2/23 306/2/23 305/2/23
f 305/2/51 306/2/51 302/2/51 301/2/51
f 303/2/58 307/2/58 305/2/58 301/2/58
f 308/5/57 304/5/57 302/5/57 306/5/57
f 309/2/26 310/2/26 312/2/26 311/2/26
f 311/2/41 312/2/41 316/2/41 315/2/41
f 315/2/23 316/2/23 314/2/23 313/2/23
f 313/5/45 314/5/45 310/5/45 309/5/45
f 311/2/43 315/2/43 313/2/43 309/2/43
f 316/2/39 312/2/39 310/2/39 314/2/39
f 317/2/26 318/2/26 320/2/26 319/2/26
f 319/5/59 320/5/59 324/5/59 323/5/59
f 323/2/23 324/2/23 322/2/23 321/2/23
f 321/2/37 322/2/37 318/2/37 317/2/37
f 319/2/60 323/2/60 321/2/60 317/2/60
f 324/5/54 320/5/54 318/5/54 322/5/54
f 325/2/26 326/2/26 328/2/26 327/2/26
f 327/2/42 328/2/42 332/2/42 331/2/42
f 331/2/23 332/2/23 330/2/23 329/2/23
f 329/5/46 330/5/46 326/5/46 325/5/46
f 327/2/44 331/2/44 329/2/44 325/2/44
f 332/2/40 328/2/40 326/2/40 330/2/40
f 333/2/26 334/2/26 336/2/26 335/2/26
f 335/5/58 336/5/58 340/5/58 339/5/58
f 339/2/23 340/2/23 338/2/23 337/2/23
f 337/2/57 338/2/57 334/2/57 333/2/57
f 335/2/51 339/2/51 337/2/51 333/2/51
f 340/5/48 336/5/48 334/5/48 338/5/48
f 341/2/26 342/2/26 344/2/26 343/2/26
f 343/2/43 344/2/43 348/2/43 347/2/43
f 347/2/23 348/2/23 346/2/23 345/2/23
f 345/5/39 346/5/39 342/5/39 341/5/39
f 343/2/45 347/2/45 345/2/45 341/2/45
f 348/2/41 344/2/41 342/2/41 346/2/41
f 349/2/26 350/2/26 352/2/26 351/2/26
f 351/5/60 352/5/60 356/5/60 355/5/60
f 355/2/23 356/2/23 354/2/23 353/2/23
f 353/2/28 354/2/28 350/2/28 349/2/28
f 351/2/37 355/2/37 353/2/37 349/2/37
f 356/5/59 352/5/59 350/5/59 354/5/59
f 357/2/26 358/2/26 360/2/26 359/2/26
f 359/2/44 360/2/44 364/2/44 363/2/44
f 363/2/23 364/2/23 362/2/23 361/2/23
f 361/5/40 362/5/40 358/5/40 357/5/40
f 359/2/46 363/2/46 361/2/46 357/2/46
f 364/2/42 360/2/42 358/2/42 362/2/42
f 365/2/26 366/2/26 368/2/26 367/2/26
f 367/5/51 368/5/51 372/5/51 371/5/51
f 371/2/23 372/2/23 370/2/23 369/2/23
f 369/2/48 370/2/48 366/2/48 365/2/48
f 367/2/57 371/2/57 369/2/57 365/2/57
f 372/5/58 368/5/58 366/5/58 370/5/58
f 373/2/26 374/2/26 376/2/26 375/2/26
f 375/2/45 376/2/45 380/2/45 379/2/45
f 379/2/23 380/2/23 378/2/23 377/2/23
f 377/5/41 378/5/41 374/5/41 373/5/41
f 375/2/39 379/2/39 377/2/39 373/2/39
f 380/2/43 376/2/43 374/2/43 378/2/43
f 381/2/26 382/2/26 384/2/26 383/2/26
f 383/5/37 384/5/37 388/5/37 387/5/37
f 387/2/23 388/2/23 386/2/23 385/2/23
f 385/2/31 386/2/31 382/2/31 381/2/31
f 383/2/54 387/2/54 385/2/54 381/2/54
f 388/5/60 384/5/60 382/5/60 386/5/60
f 389/2/26 390/2/26 392/2/26 391/2/26
f 391/2/46 392/2/46 396/2/46 395/2/46
f 395/2/23 396/2/23 394/2/23 393/2/23
f 393/5/42 394/5/42 390/5/42 389/5/42
f 391/2/40 395/2/40 393/2/40 389/2/40
f 396/2/44 392/2/44 390/2/44 394/2/44
f 397/2/61 398/2/61 400/2/61 399/2/61
f 399/2/62 400/2/62 402/2/62 401/2/62
f 401/3/63 402/3/63 404/3/63 403/3/63
f 403/2/64 404/2/64 406/2/64 405/2/64
f 405/2/65 406/2/65 408/2/65 407/2/65
f 407/2/66 408/2/66 410/2/66 409/2/66
f 409/3/67 410/3/67 412/3/67 411/3/67
f 411/2/68 412/2/68 414/2/68 413/2/68
f 413/2/69 414/2/69 416/2/69 415/2/69
f 415/2/70 416/2/70 418/2/70 417/2/70
f 417/3/71 418/3/71 420/3/71 419/3/71
f 419/2/72 420/2/72 422/2/72 421/2/72
f 421/2/73 422/2/73 424/2/73 423/2/73
f 423/2/74 424/2/74 426/2/74 425/2/74
f 400/3/75 398/3/75 428/3/75 426/3/75 424/3/75 422/3/75 420/3/75 418/3/75 416/3/75 414/3/75 412/3/75 410/3/75 408/3/75 406/3/75 404/3/75 402/3/75
f 425/2/76 426/2/76 428/2/76 427/2/76
f 427/2/77 428/2/77 398/2/77 397/2/77
f 397/2/78 399/2/78 401/2/78 403/2/78 405/2/78 407/2/78 409/2/78 411/2/78 413/2/78 415/2/78 417/2/78 419/2/78 421/2/78 423/2/78 425/2/78 427/2/78
f 429/4/79 430/4/79 432/4/79 431/4/79
f 431/2/80 432/2/80 434/2/80 433/2/80
f 433/2/81 434/2/81 436/2/81 435/2/81
f 435/2/82 436/2/82 438/2/82 437/2/82
f 437/4/83 438/4/83 440/4/83 439/4/83
f 439/2/84 440/2/84 442/2/84 441/2/84
f 441/2/85 442/2/85 444/2/85 443/2/85
f 443/2/86 444/2/86 446/2/86 445/2/86
f 445/4/87 446/4/87 448/4/87 447/4/87
f 447/2/88 448/2/88 450/2/88 449/2/88
f 432/2/75 430/2/75 452/2/75 450/2/75 448/2/75 446/2/75 444/2/75 442/2/75 440/2/75 438/2/75 436/2/75 434/2/75
f 449/2/89 450/2/89 452/2/89 451/2/89
f 451/4/90 452/4/90 430/4/90 429/4/90
f 429/2/78 431/2/78 433/2/78 435/2/78 437/2/78 439/2/78 441/2/78 443/2/78 445/2/78 447/2/78 449/2/78 451/2/78
f 453/2/91 454/2/91 456/2/91 455/2/91
f 455/2/92 456/2/92 458/2/92 457/2/92
f 457/5/93 458/5/93 460/5/93 459/5/93
f 459/2/94 460/2/94 462/2/94 461/2/94
f 461/2/95 462/2/95 464/2/95 463/2/95
f 463/2/96 464/2/96 466/2/96 465/2/96
f 456/5/75 454/5/75 468/5/75 466/5/75 464/5/75 462/5/75 460/5/75 458/5/75
f 465/2/97 466/2/97 468/2/97 467/2/97
f 467/2/98 468/2/98 454/2/98 453/2/98
f 453/2/78 455/2/78 457/2/78 459/2/78 461/2/78 463/2/78 465/2/78 467/2/78
f 469/1/99 470/1/99 472/1/99 471/1/99
f 471/2/100 472/2/100 474/2/100 473/2/100
f 473/2/101 474/2/101 476/2/101 475/2/101
f 475/2/102 476/2/102 478/2/102 477/2/102
f 472/1/75 470/1/75 480/1/75 478/1/75 476/1/75 474/1/75
f 477/2/103 478/2/103 480/2/103 479/2/103
f 479/2/104 480/2/104 470/2/104 469/2/104
f 469/2/78 471/2/78 473/2/78 475/2/78 477/2/78 479/2/78
f 481/1/99 482/1/99 484/1/99 483/1/99
f 483/2/100 484/2/100 486/2/100 485/2/100
f 485/2/105 486/2/105 488/2/105 487/2/105
f 487/2/102 488/2/102 490/2/102 489/2/102
f 484/1/75 482/1/75 492/1/75 490/1/75 488/1/75 486/1/75
f 489/2/103 490/2/103 492/2/103 491/2/103
f 491/2/104 492/2/104 482/2/104 481/2/104
f 481/2/78 483/2/78 485/2/78 487/2/78 489/2/78 491/2/78
f 493/1/106 494/1/106 496/1/106 495/1/106
f 495/2/100 496/2/100 498/2/100 497/2/100
f 497/2/105 498/2/105 500/2/105 499/2/105
f 499/2/107 500/2/107 502/2/107 501/2/107
f 496/1/75 494/1/75 504/1/75 502/1/75 500/1/75 498/1/75
f 501/2/103 502/2/103 504/2/103 503/2/103
f 503/2/108 504/2/108 494/2/108 493/2/108
f 493/2/78 495/2/78 497/2/78 499/2/78 501/2/78 503/2/78
f 505/1/99 506/1/99 508/1/99 507/1/99
f 507/2/100 508/2/100 510/2/100 509/2/100
f 509/2/105 510/2/105 512/2/105 511/2/105
f 511/2/107 512/2/107 514/2/107 513/2/107
f 508/1/75 506/1/75 516/1/75 514/1/75 512/1/75 510/1/75
f 513/2/103 514/2/103 516/2/103 515/2/103
f 515/2/104 516/2/104 506/2/104 505/2/104
f 505/2/78 507/2/78 509/2/78 511/2/78 513/2/78 515/2/78
f 517/1/99 518/1/99 520/1/99 519/1/99
f 519/2/100 520/2/100 522/2/100 521/2/100
f 521/2/105 522/2/105 524/2/105 523/2/105
f 523/2/107 524/2/107 526/2/107 525/2/107
f 520/1/75 518/1/75 528/1/75 526/1/75 524/1/75 522/1/75
f 525/2/103 526/2/103 528/2/103 527/2/103
f 527/2/104 528/2/104 518/2/104 517/2/104
f 517/2/78 519/2/78 521/2/78 523/2/78 525/2/78 527/2/78
f 529/1/99 530/1/99 532/1/99 531/1/99
f 531/2/100 532/2/100 534/2/100 533/2/100
f 533/2/101 534/2/101 536/2/101 535/2/101
f 535/2/109 536/2/109 538/2/109 537/2/109
f 532/1/75 530/1/75 540/1/75 538/1/75 536/1/75 534/1/75
f 537/2/103 538/2/103 540/2/103 539/2/103
f 539/2/104 540/2/104 530/2/104 529/2/104
f 529/2/78 531/2/78 533/2/78 535/2/78 537/2/78 539/2/78
f 541/4/79 542/4/79 544/4/79 543/4/79
f 543/2/80 544/2/80 546/2/80 545/2/80
f 545/2/81 546/2/81 548/2/81 547/2/81
f 547/2/82 548/2/82 550/2/82 549/2/82
f 549/4/83 550/4/83 552/4/83 551/4/83
f 551/2/84 552/2/84 554/2/84 553/2/84
f 553/2/85 554/2/85 556/2/85 555/2/85
f 555/2/86 556/2/86 558/2/86 557/2/86
f 557/4/87 558/4/87 560/4/87 559/4/87
f 559/2/88 560/2/88 562/2/88 561/2/88
f 544/2/75 542/2/75 564/2/75 562/2/75 560/2/75 558/2/75 556/2/75 554/2/75 552/2/75 550/2/75 548/2/75 546/2/75
f 561/2/89 562/2/89 564/2/89 563/2/89
f 563/4/90 564/4/90 542/4/90 541/4/90
f 541/2/78 543/2/78 545/2/78 547/2/78 549/2/78 551/2/78 553/2/78 555/2/78 557/2/78 559/2/78 561/2/78 563/2/78
f 565/2/91 566/2/91 568/2/91 567/2/91
f 567/2/92 568/2/92 570/2/92 569/2/92
f 569/5/93 570/5/93 572/5/93 571/5/93
f 571/2/94 572/2/94 574/2/94 573/2/94
f 573/2/95 574/2/95 576/2/95 575/2/95
f 575/2/96 576/2/96 578/2/96 577/2/96
f 568/5/75 566/5/75 580/5/75 578/5/75 576/5/75 574/5/75 572/5/75 570/5/75
f 577/2/97 578/2/97 580/2/97 579/2/97
f 579/2/98 580/2/98 566/2/98 565/2/98
f 565/2/78 567/2/78 569/2/78 571/2/78 573/2/78 575/2/78 577/2/78 579/2/78
f 581/1/110 582/1/110 584/1/110 583/1/110
f 583/2/100 584/2/100 586/2/100 585/2/100
f 585/2/105 586/2/105 588/2/105 587/2/105
f 587/2/102 588/2/102 590/2/102 589/2/102
f 584/1/75 582/1/75 592/1/75 590/1/75 588/1/75 586/1/75
f 589/2/103 590/2/103 592/2/103 591/2/103
f 591/2/104 592/2/104 582/2/104 581/2/104
f 581/2/78 583/2/78 585/2/78 587/2/78 589/2/78 591/2/78
f 593/1/99 594/1/99 596/1/99 595/1/99
f 595/2/100 596/2/100 598/2/100 597/2/100
f 597/2/101 598/2/101 600/2/101 599/2/101
f 599/2/102 600/2/102 602/2/102 601/2/102
f 596/1/75 594/1/75 604/1/75 602/1/75 600/1/75 598/1/75
f 601/2/103 602/2/103 604/2/103 603/2/103
f 603/2/104 604/2/104 594/2/104 593/2/104
f 593/2/78 595/2/78 597/2/78 599/2/78 601/2/78 603/2/78
f 605/1/99 606/1/99 608/1/99 607/1/99
f 607/2/100 608/2/100 610/2/100 609/2/100
f 609/2/105 610/2/105 612/2/105 611/2/105
f 611/2/107 612/2/107 614/2/107 613/2/107
f 608/1/75 606/1/75 616/1/75 614/1/75 612/1/75 610/1/75
f 613/2/103 614/2/103 616/2/103 615/2/103
f 615/2/108 616/2/108 606/2/108 605/2/108
f 605/2/78 607/2/78 609/2/78 611/2/78 613/2/78 615/2/78
f 617/1/99 618/1/99 620/1/99 619/1/99
f 619/2/100 620/2/100 622/2/100 621/2/100
f 621/2/105 622/2/105 624/2/105 623/2/105
f 623/2/107 624/2/107 626/2/107 625/2/107
f 620/1/75 618/1/75 628/1/75 626/1/75 624/1/75 622/1/75
f 625/2/103 626/2/103 628/2/103 627/2/103
f 627/2/104 628/2/104 618/2/104 617/2/104
f 617/2/78 619/2/78 621/2/78 623/2/78 625/2/78 627/2/78
f 629/1/99 630/1/99 632/1/99 631/1/99
f 631/2/100 632/2/100 634/2/100 633/2/100
f 633/2/105 634/2/105 636/2/105 635/2/105
f 635/2/107 636/2/107 638/2/107 637/2/107
f 632/1/75 630/1/75 640/1/75 638/1/75 636/1/75 634/1/75
f 637/2/103 638/2/103 640/2/103 639/2/103
f 639/2/104 640/2/104 630/2/104 629/2/104
f 629/2/78 631/2/78 633/2/78 635/2/78 637/2/78 639/2/78
f 641/1/106 642/1/106 644/1/106 643/1/106
f 643/2/100 644/2/100 646/2/100 645/2/100
f 645/2/105 646/2/105 648/2/105 647/2/105
f 647/2/102 648/2/102 650/2/102 649/2/102
f 644/1/75 642/1/75 652/1/75 650/1/75 648/1/75 646/1/75
f 649/2/103 650/2/103 652/2/103 651/2/103
f 651/2/108 652/2/108 642/2/108 641/2/108
f 641/2/78 643/2/78 645/2/78 647/2/78 649/2/78 651/2/78
f 653/5/78 654/5/78 656/5/78 655/5/78
f 655/2/111 656/2/111 660/2/111 659/2/111
f 659/2/75 660/2/75 658/2/75 657/2/75
f 657/2/112 658/2/112 654/2/112 653/2/112
f 655/5/100 659/5/100 657/5/100 653/5/100
f 660/2/103 656/2/103 654/2/103 658/2/103
f 661/2/78 662/2/78 664/2/78 663/2/78
f 663/2/91 664/2/91 668/2/91 667/2/91
f 667/5/75 668/5/75 666/5/75 665/5/75
f 665/2/95 666/2/95 662/2/95 661/2/95
f 663/2/93 667/2/93 665/2/93 661/2/93
f 668/2/97 664/2/97 662/2/97 666/2/97
f 669/5/78 670/5/78 672/5/78 671/5/78
f 671/2/80 672/2/80 676/2/80 675/2/80
f 675/2/75 676/2/75 674/2/75 673/2/75
f 673/2/86 674/2/86 670/2/86 669/2/86
f 671/5/83 675/5/83 673/5/83 669/5/83
f 676/2/89 672/2/89 670/2/89 674/2/89
f 677/2/78 678/2/78 680/2/78 679/2/78
f 679/2/92 680/2/92 684/2/92 683/2/92
f 683/5/75 684/5/75 682/5/75 681/5/75
f 681/2/96 682/2/96 678/2/96 677/2/96
f 679/2/94 683/2/94 681/2/94 677/2/94
f 684/2/98 680/2/98 678/2/98 682/2/98
f 685/5/78 686/5/78 688/5/78 687/5/78
f 687/2/100 688/2/100 692/2/100 691/2/100
f 691/2/75 692/2/75 690/2/75 689/2/75
f 689/2/103 690/2/103 686/2/103 685/2/103
f 687/5/112 691/5/112 689/5/112 685/5/112
f 692/2/111 688/2/111 686/2/111 690/2/111
f 693/2/78 694/2/78 696/2/78 695/2/78
f 695/2/93 696/2/93 700/2/93 699/2/93
f 699/5/75 700/5/75 698/5/75 697/5/75
f 697/2/97 698/2/97 694/2/97 693/2/97
f 695/2/95 699/2/95 697/2/95 693/2/95
f 700/2/91 696/2/91 694/2/91 698/2/91
f 701/5/78 702/5/78 704/5/78 703/5/78
f 703/2/83 704/2/83 708/2/83 707/2/83
f 707/2/75 708/2/75 706/2/75 705/2/75
f 705/2/89 706/2/89 702/2/89 701/2/89
f 703/5/86 707/5/86 705/5/86 701/5/86
f 708/2/80 704/2/80 702/2/80 706/2/80
f 709/2/78 710/2/78 712/2/78 711/2/78
f 711/2/94 712/2/94 716/2/94 715/2/94
f 715/5/75 716/5/75 714/5/75 713/5/75
f 713/2/98 714/2/98 710/2/98 709/2/98
f 711/2/96 715/2/96 713/2/96 709/2/96
f 716/2/92 712/2/92 710/2/92 714/2/92
f 717/5/78 718/5/78 720/5/78 719/5/78
f 719/2/112 720/2/112 724/2/112 723/2/112
f 723/2/75 724/2/75 722/2/75 721/2/75
f 721/2/111 722/2/111 718/2/111 717/2/111
f 719/5/103 723/5/103 721/5/103 717/5/103
f 724/2/100 720/2/100 718/2/100 722/2/100
f 725/2/78 726/2/78 728/2/78 727/2/78
f 727/2/95 728/2/95 732/2/95 731/2/95
f 731/5/75 732/5/75 730/5/75 729/5/75
f 729/2/91 730/2/91 726/2/91 725/2/91
f 727/2/97 731/2/97 729/2/97 725/2/97
f 732/2/93 728/2/93 726/2/93 730/2/93
f 733/5/78 734/5/78 736/5/78 735/5/78
f 735/2/86 736/2/86 740/2/86 739/2/86
f 739/2/75 740/2/75 738/2/75 737/2/75
f 737/2/80 738/2/80 734/2/80 733/2/80
f 735/5/89 739/5/89 737/5/89 733/5/89
f 740/2/83 736/2/83 734/2/83 738/2/83
f 741/2/78 742/2/78 744/2/78 743/2/78
f 743/2/96 744/2/96 748/2/96 747/2/96
f 747/5/75 748/5/75 746/5/75 745/5/75
f 745/2/92 746/2/92 742/2/92 741/2/92
f 743/2/98 747/2/98 745/2/98 741/2/98
f 748/2/94 744/2/94 742/2/94 746/2/94
f 749/5/78 750/5/78 752/5/78 751/5/78
f 751/2/103 752/2/103 756/2/103 755/2/103
f 755/2/75 756/2/75 754/2/75 753/2/75
f 753/2/100 754/2/100 750/2/100 749/2/100
f 751/5/111 755/5/111 753/5/111 749/5/111
f 756/2/112 752/2/112 750/2/112 754/2/112
f 757/2/78 758/2/78 760/2/78 759/2/78
f 759/2/97 760/2/97 764/2/97 763/2/97
f 763/5/75 764/5/75 762/5/75 761/5/75
f 761/2/93 762/2/93 758/2/93 757/2/93
f 759/2/91 763/2/91 761/2/91 757/2/91
f 764/2/95 760/2/95 758/2/95 762/2/95
f 765/5/78 766/5/78 768/5/78 767/5/78
f 767/2/89 768/2/89 772/2/89 771/2/89
f 771/2/75 772/2/75 770/2/75 769/2/75
f 769/2/83 770/2/83 766/2/83 765/2/83
f 767/5/80 771/5/80 769/5/80 765/5/80
f 772/2/86 768/2/86 766/2/86 770/2/86
f 773/2/78 774/2/78 776/2/78 775/2/78
f 775/2/98 776/2/98 780/2/98 779/2/98
f 779/5/75 780/5/75 778/5/75 777/5/75
f 777/2/94 778/2/94 774/2/94 773/2/94
f 775/2/92 779/2/92 777/2/92 773/2/92
f 780/2/96 776/2/96 774/2/96 778/2/96
f 781/2/113 782/2/113 784/2/113 783/2/113
f 783/3/114 784/3/114 786/3/114 785/3/114
f 785/2/115 786/2/115 788/2/115 787/2/115
f 787/2/116 788/2/116 790/2/116 789/2/116
f 789/2/117 790/2/117 792/2/117 791/2/117
f 791/3/118 792/3/118 794/3/118 793/3/118
f 793/2/119 794/2/119 796/2/119 795/2/119
f 795/2/120 796/2/120 798/2/120 797/2/120
f 797/2/121 798/2/121 800/2/121 799/2/121
f 799/3/122 800/3/122 802/3/122 801/3/122
f 801/2/123 802/2/123 804/2/123 803/2/123
f 803/2/124 804/2/124 806/2/124 805/2/124
f 805/2/125 806/2/125 808/2/125 807/2/125
f 807/3/126 808/3/126 810/3/126 809/3/126
f 784/2/127 782/2/127 812/2/127 810/2/127 808/2/127 806/2/127 804/2/127 802/2/127 800/2/127 798/2/127 796/2/127 794/2/127 792/2/127 790/2/127 788/2/127 786/2/127
f 809/2/128 810/2/128 812/2/128 811/2/128
f 811/2/129 812/2/129 782/2/129 781/2/129
f 781/3/130 783/3/130 785/3/130 787/3/130 789/3/130 791/3/130 793/3/130 795/3/130 797/3/130 799/3/130 801/3/130 803/3/130 805/3/130 807/3/130 809/3/130 811/3/130
f 813/2/131 814/2/131 816/2/131 815/2/131
f 815/2/132 816/2/132 818/2/132 817/2/132
f 817/2/133 818/2/133 820/2/133 819/2/133
f 819/4/134 820/4/134 822/4/134 821/4/134
f 821/2/135 822/2/135 824/2/135 823/2/135
f 823/2/136 824/2/136 826/2/136 825/2/136
f 825/2/137 826/2/137 828/2/137 827/2/137
f 827/4/138 828/4/138 830/4/138 829/4/138
f 829/2/139 830/2/139 832/2/139 831/2/139
f 831/2/140 832/2/140 834/2/140 833/2/140
f 816/2/127 814/2/127 836/2/127 834/2/127 832/2/127 830/2/127 828/2/127 826/2/127 824/2/127 822/2/127 820/2/127 818/2/127
f 833/4/141 834/4/141 836/4/141 835/4/141
f 835/2/142 836/2/142 814/2/142 813/2/142
f 813/2/130 815/2/130 817/2/130 819/2/130 821/2/130 823/2/130 825/2/130 827/2/130 829/2/130 831/2/130 833/2/130 835/2/130
f 837/2/143 838/2/143 840/2/143 839/2/143
f 839/5/144 840/5/144 842/5/144 841/5/144
f 841/2/145 842/2/145 844/2/145 843/2/145
f 843/2/146 844/2/146 846/2/146 845/2/146
f 845/2/147 846/2/147 848/2/147 847/2/147
f 847/5/148 848/5/148 850/5/148 849/5/148
f 840/2/127 838/2/127 852/2/127 850/2/127 848/2/127 846/2/127 844/2/127 842/2/127
f 849/2/149 850/2/149 852/2/149 851/2/149
f 851/2/150 852/2/150 838/2/150 837/2/150
f 837/5/130 839/5/130 841/5/130 843/5/130 845/5/130 847/5/130 849/5/130 851/5/130
f 853/2/151 854/2/151 856/2/151 855/2/151
f 855/2/152 856/2/152 858/2/152 857/2/152
f 857/2/153 858/2/153 860/2/153 859/2/153
f 859/1/154 860/1/154 862/1/154 861/1/154
f 856/2/127 854/2/127 864/2/127 862/2/127 860/2/127 858/2/127
f 861/2/155 862/2/155 864/2/155 863/2/155
f 863/2/156 864/2/156 854/2/156 853/2/156
f 853/1/130 855/1/130 857/1/130 859/1/130 861/1/130 863/1/130
f 865/2/151 866/2/151 868/2/151 867/2/151
f 867/2/152 868/2/152 870/2/152 869/2/152
f 869/2/153 870/2/153 872/2/153 871/2/153
f 871/1/154 872/1/154 874/1/154 873/1/154
f 868/2/127 866/2/127 876/2/127 874/2/127 872/2/127 870/2/127
f 873/2/155 874/2/155 876/2/155 875/2/155
f 875/2/157 876/2/157 866/2/157 865/2/157
f 865/1/130 867/1/130 869/1/130 871/1/130 873/1/130 875/1/130
f 877/2/151 878/2/151 880/2/151 879/2/151
f 879/2/152 880/2/152 882/2/152 881/2/152
f 881/2/158 882/2/158 884/2/158 883/2/158
f 883/1/159 884/1/159 886/1/159 885/1/159
f 880/2/127 878/2/127 888/2/127 886/2/127 884/2/127 882/2/127
f 885/2/155 886/2/155 888/2/155 887/2/155
f 887/2/157 888/2/157 878/2/157 877/2/157
f 877/1/130 879/1/130 881/1/130 883/1/130 885/1/130 887/1/130
f 889/2/160 890/2/160 892/2/160 891/2/160
f 891/2/152 892/2/152 894/2/152 893/2/152
f 893/2/158 894/2/158 896/2/158 895/2/158
f 895/1/159 896/1/159 898/1/159 897/1/159
f 892/2/127 890/2/127 900/2/127 898/2/127 896/2/127 894/2/127
f 897/2/155 898/2/155 900/2/155 899/2/155
f 899/2/157 900/2/157 890/2/157 889/2/157
f 889/1/130 891/1/130 893/1/130 895/1/130 897/1/130 899/1/130
f 901/2/151 902/2/151 904/2/151 903/2/151
f 903/2/152 904/2/152 906/2/152 905/2/152
f 905/2/153 906/2/153 908/2/153 907/2/153
f 907/1/154 908/1/154 910/1/154 909/1/154
f 904/2/127 902/2/127 912/2/127 910/2/127 908/2/127 906/2/127
f 909/2/155 910/2/155 912/2/155 911/2/155
f 911/2/157 912/2/157 902/2/157 901/2/157
f 901/1/130 903/1/130 905/1/130 907/1/130 909/1/130 911/1/130
f 913/2/151 914/2/151 916/2/151 915/2/151
f 915/2/152 916/2/152 918/2/152 917/2/152
f 917/2/158 918/2/158 920/2/158 919/2/158
f 919/1/154 920/1/154 922/1/154 921/1/154
f 916/2/127 914/2/127 924/2/127 922/2/127 920/2/127 918/2/127
f 921/2/155 922/2/155 924/2/155 923/2/155
f 923/2/157 924/2/157 914/2/157 913/2/157
f 913/1/130 915/1/130 917/1/130 919/1/130 921/1/130 923/1/130
f 925/2/131 926/2/131 928/2/131 927/2/131
f 927/2/132 928/2/132 930/2/132 929/2/132
f 929/2/161 930/2/161 932/2/161 931/2/161
f 931/4/134 932/4/134 934/4/134 933/4/134
f 933/2/135 934/2/135 936/2/135 935/2/135
f 935/2/136 936/2/136 938/2/136 937/2/136
f 937/2/137 938/2/137 940/2/137 939/2/137
f 939/4/138 940/4/138 942/4/138 941/4/138
f 941/2/139 942/2/139 944/2/139 943/2/139
f 943/2/140 944/2/140 946/2/140 945/2/140
f 928/2/127 926/2/127 948/2/127 946/2/127 944/2/127 942/2/127 940/2/127 938/2/127 936/2/127 934/2/127 932/2/127 930/2/127
f 945/4/141 946/4/141 948/4/141 947/4/141
f 947/2/142 948/2/142 926/2/142 925/2/142
f 925/2/130 927/2/130 929/2/130 931/2/130 933/2/130 935/2/130 937/2/130 939/2/130 941/2/130 943/2/130 945/2/130 947/2/130
f 949/2/143 950/2/143 952/2/143 951/2/143
f 951/5/144 952/5/144 954/5/144 953/5/144
f 953/2/145 954/2/145 956/2/145 955/2/145
f 955/2/146 956/2/146 958/2/146 957/2/146
f 957/2/147 958/2/147 960/2/147 959/2/147
f 959/5/148 960/5/148 962/5/148 961/5/148
f 952/2/127 950/2/127 964/2/127 962/2/127 960/2/127 958/2/127 956/2/127 954/2/127
f 961/2/149 962/2/149 964/2/149 963/2/149
f 963/2/150 964/2/150 950/2/150 949/2/150
f 949/5/130 951/5/130 953/5/130 955/5/130 957/5/130 959/5/130 961/5/130 963/5/130
f 965/2/151 966/2/151 968/2/151 967/2/151
f 967/2/152 968/2/152 970/2/152 969/2/152
f 969/2/158 970/2/158 972/2/158 971/2/158
f 971/1/154 972/1/154 974/1/154 973/1/154
f 968/2/127 966/2/127 976/2/127 974/2/127 972/2/127 970/2/127
f 973/2/155 974/2/155 976/2/155 975/2/155
f 975/2/157 976/2/157 966/2/157 965/2/157
f 965/1/130 967/1/130 969/1/130 971/1/130 973/1/130 975/1/130
f 977/2/151 978/2/151 980/2/151 979/2/151
f 979/2/152 980/2/152 982/2/152 981/2/152
f 981/2/158 982/2/158 984/2/158 983/2/158
f 983/1/159 984/1/159 986/1/159 985/1/159
f 980/2/127 978/2/127 988/2/127 986/2/127 984/2/127 982/2/127
f 985/2/155 986/2/155 988/2/155 987/2/155
f 987/2/157 988/2/157 978/2/157 977/2/157
f 977/1/130 979/1/130 981/1/130 983/1/130 985/1/130 987/1/130
f 989/2/151 990/2/151 992/2/151 991/2/151
f 991/2/152 992/2/152 994/2/152 993/2/152
f 993/2/153 994/2/153 996/2/153 995/2/153
f 995/1/159 996/1/159 998/1/159 997/1/159
f 992/2/127 990/2/127 1000/2/127 998/2/127 996/2/127 994/2/127
f 997/2/155 998/2/155 1000/2/155 999/2/155
f 999/2/156 1000/2/156 990/2/156 989/2/156
f 989/1/130 991/1/130 993/1/130 995/1/130 997/1/130 999/1/130
f 1001/2/160 1002/2/160 1004/2/160 1003/2/160
f 1003/2/152 1004/2/152 1006/2/152 1005/2/152
f 1005/2/158 1006/2/158 1008/2/158 1007/2/158
f 1007/1/154 1008/1/154 1010/1/154 1009/1/154
f 1004/2/127 1002/2/127 1012/2/127 1010/2/127 1008/2/127 1006/2/127
f 1009/2/155 1010/2/155 1012/2/155 1011/2/155
f 1011/2/157 1012/2/157 1002/2/157 1001/2/157
f 1001/1/130 1003/1/130 1005/1/130 1007/1/130 1009/1/130 1011/1/130
f 1013/2/151 1014/2/151 1016/2/151 1015/2/151
f 1015/2/152 1016/2/152 1018/2/152 1017/2/152
f 1017/2/153 1018/2/153 1020/2/153 1019/2/153
f 1019/1/159 1020/1/159 1022/1/159 1021/1/159
f 1016/2/127 1014/2/127 1024/2/127 1022/2/127 1020/2/127 1018/2/127
f 1021/2/155 1022/2/155 1024/2/155 1023/2/155
f 1023/2/156 1024/2/156 1014/2/156 1013/2/156
f 1013/1/130 1015/1/130 1017/1/130 1019/1/130 1021/1/130 1023/1/130
f 1025/2/151 1026/2/151 1028/2/151 1027/2/151
f 1027/2/152 1028/2/152 1030/2/152 1029/2/152
f 1029/2/153 1030/2/153 1032/2/153 1031/2/153
f 1031/1/154 1032/1/154 1034/1/154 1033/1/154
f 1028/2/127 1026/2/127 1036/2/127 1034/2/127 1032/2/127 1030/2/127
f 1033/2/155 1034/2/155 1036/2/155 1035/2/155
f 1035/2/156 1036/2/156 1026/2/156 1025/2/156
f 1025/1/130 1027/1/130 1029/1/130 1031/1/130 1033/1/130 1035/1/130
f 1037/2/130 1038/2/130 1040/2/130 1039/2/130
f 1039/2/162 1040/2/162 1044/2/162 1043/2/162
f 1043/2/127 1044/2/127 1042/2/127 1041/2/127
f 1041/5/163 1042/5/163 1038/5/163 1037/5/163
f 1039/2/152 1043/2/152 1041/2/152 1037/2/152
f 1044/2/155 1040/2/155 1038/2/155 1042/2/155
f 1045/2/130 1046/2/130 1048/2/130 1047/2/130
f 1047/5/143 1048/5/143 1052/5/143 1051/5/143
f 1051/2/127 1052/2/127 1050/2/127 1049/2/127
f 1049/2/147 1050/2/147 1046/2/147 1045/2/147
f 1047/2/145 1051/2/145 1049/2/145 1045/2/145
f 1052/5/149 1048/5/149 1046/5/149 1050/5/149
f 1053/2/130 1054/2/130 1056/2/130 1055/2/130
f 1055/2/132 1056/2/132 1060/2/132 1059/2/132
f 1059/2/127 1060/2/127 1058/2/127 1057/2/127
f 1057/5/138 1058/5/138 1054/5/138 1053/5/138
f 1055/2/135 1059/2/135 1057/2/135 1053/2/135
f 1060/2/141 1056/2/141 1054/2/141 1058/2/141
f 1061/2/130 1062/2/130 1064/2/130 1063/2/130
f 1063/5/144 1064/5/144 1068/5/144 1067/5/144
f 1067/2/127 1068/2/127 1066/2/127 1065/2/127
f 1065/2/148 1066/2/148 1062/2/148 1061/2/148
f 1063/2/146 1067/2/146 1065/2/146 1061/2/146
f 1068/5/150 1064/5/150 1062/5/150 1066/5/150
f 1069/2/130 1070/2/130 1072/2/130 1071/2/130
f 1071/2/152 1072/2/152 1076/2/152 1075/2/152
f 1075/2/127 1076/2/127 1074/2/127 1073/2/127
f 1073/5/155 1074/5/155 1070/5/155 1069/5/155
f 1071/2/163 1075/2/163 1073/2/163 1069/2/163
f 1076/2/162 1072/2/162 1070/2/162 1074/2/162
f 1077/2/130 1078/2/130 1080/2/130 1079/2/130
f 1079/5/145 1080/5/145 1084/5/145 1083/5/145
f 1083/2/127 1084/2/127 1082/2/127 1081/2/127
f 1081/2/149 1082/2/149 1078/2/149 1077/2/149
f 1079/2/147 1083/2/147 1081/2/147 1077/2/147
f 1084/5/143 1080/5/143 1078/5/143 1082/5/143
f 1085/2/130 1086/2/130 1088/2/130 1087/2/130
f 1087/2/135 1088/2/135 1092/2/135 1091/2/135
f 1091/2/127 1092/2/127 1090/2/127 1089/2/127
f 1089/5/141 1090/5/141 1086/5/141 1085/5/141
f 1087/2/138 1091/2/138 1089/2/138 1085/2/138
f 1092/2/132 1088/2/132 1086/2/132 1090/2/132
f 1093/2/130 1094/2/130 1096/2/130 1095/2/130
f 1095/5/146 1096/5/146 1100/5/146 1099/5/146
f 1099/2/127 1100/2/127 1098/2/127 1097/2/127
f 1097/2/150 1098/2/150 1094/2/150 1093/2/150
f 1095/2/148 1099/2/148 1097/2/148 1093/2/148
f 1100/5/144 1096/5/144 1094/5/144 1098/5/144
f 1101/2/130 1102/2/130 1104/2/130 1103/2/130
f 1103/2/163 1104/2/163 1108/2/163 1107/2/163
f 1107/2/127 1108/2/127 1106/2/127 1105/2/127
f 1105/5/162 1106/5/162 1102/5/162 1101/5/162
f 1103/2/155 1107/2/155 1105/2/155 1101/2/155
f 1108/2/152 1104/2/152 1102/2/152 1106/2/152
f 1109/2/130 1110/2/130 1112/2/130 1111/2/130
f 1111/5/147 1112/5/147 1116/5/147 1115/5/147
f 1115/2/127 1116/2/127 1114/2/127 1113/2/127
f 1113/2/143 1114/2/143 1110/2/143 1109/2/143
f 1111/2/149 1115/2/149 1113/2/149 1109/2/149
f 1116/5/145 1112/5/145 1110/5/145 1114/5/145
f 1117/2/130 1118/2/130 1120/2/130 1119/2/130
f 1119/2/138 1120/2/138 1124/2/138 1123/2/138
f 1123/2/127 1124/2/127 1122/2/127 1121/2/127
f 1121/5/132 1122/5/132 1118/5/132 1117/5/132
f 1119/2/141 1123/2/141 1121/2/141 1117/2/141
f 1124/2/135 1120/2/135 1118/2/135 1122/2/135
f 1125/2/130 1126/2/130 1128/2/130 1127/2/130
f 1127/5/148 1128/5/148 1132/5/148 1131/5/148
f 1131/2/127 1132/2/127 1130/2/127 1129/2/127
f 1129/2/144 1130/2/144 1126/2/144 1125/2/144
f 1127/2/150 1131/2/150 1129/2/150 1125/2/150
f 1132/5/146 1128/5/146 1126/5/146 1130/5/146
f 1133/2/130 1134/2/130 1136/2/130 1135/2/130
f 1135/2/155 1136/2/155 1140/2/155 1139/2/155
f 1139/2/127 1140/2/127 1138/2/127 1137/2/127
f 1137/5/152 1138/5/152 1134/5/152 1133/5/152
f 1135/2/162 1139/2/162 1137/2/162 1133/2/162
f 1140/2/163 1136/2/163 1134/2/163 1138/2/163
f 1141/2/130 1142/2/130 1144/2/130 1143/2/130
f 1143/5/149 1144/5/149 1148/5/149 1147/5/149
f 1147/2/127 1148/2/127 1146/2/127 1145/2/127
f 1145/2/145 1146/2/145 1142/2/145 1141/2/145
f 1143/2/143 1147/2/143 1145/2/143 1141/2/143
f 1148/5/147 1144/5/147 1142/5/147 1146/5/147
f 1149/2/130 1150/2/130 1152/2/130 1151/2/130
f 1151/2/141 1152/2/141 1156/2/141 1155/2/141
f 1155/2/127 1156/2/127 1154/2/127 1153/2/127
f 1153/5/135 1154/5/135 1150/5/135 1149/5/135
f 1151/2/132 1155/2/132 1153/2/132 1149/2/132
f 1156/2/138 1152/2/138 1150/2/138 1154/2/138
f 1157/2/130 1158/2/130 1160/2/130 1159/2/130
f 1159/5/150 1160/5/150 1164/5/150 1163/5/150
f 1163/2/127 1164/2/127 1162/2/127 1161/2/127
f 1161/2/146 1162/2/146 1158/2/146 1157/2/146
f 1159/2/144 1163/2/144 1161/2/144 1157/2/144
f 1164/5/148 1160/5/148 1158/5/148 1162/5/148
f 1165/3/164 1166/3/164 1168/3/164 1167/3/164
f 1167/2/165 1168/2/165 1170/2/165 1169/2/165
f 1169/2/166 1170/2/166 1172/2/166 1171/2/166
f 1171/2/167 1172/2/167 1174/2/167 1173/2/167
f 1173/3/168 1174/3/168 1176/3/168 1175/3/168
f 1175/2/169 1176/2/169 1178/2/169 1177/2/169
f 1177/2/170 1178/2/170 1180/2/170 1179/2/170
f 1179/2/171 1180/2/171 1182/2/171 1181/2/171
f 1181/3/172 1182/3/172 1184/3/172 1183/3/172
f 1183/2/173 1184/2/173 1186/2/173 1185/2/173
f 1185/2/174 1186/2/174 1188/2/174 1187/2/174
f 1187/2/175 1188/2/175 1190/2/175 1189/2/175
f 1189/3/176 1190/3/176 1192/3/176 1191/3/176
f 1191/2/177 1192/2/177 1194/2/177 1193/2/177
f 1168/2/178 1166/2/178 1196/2/178 1194/2/178 1192/2/178 1190/2/178 1188/2/178 1186/2/178 1184/2/178 1182/2/178 1180/2/178 1178/2/178 1176/2/178 1174/2/178 1172/2/178 1170/2/178
f 1193/2/179 1194/2/179 1196/2/179 1195/2/179
f 1195/3/180 1196/3/180 1166/3/180 1165/3/180
f 1165/2/181 1167/2/181 1169/2/181 1171/2/181 1173/2/181 1175/2/181 1177/2/181 1179/2/181 1181/2/181 1183/2/181 1185/2/181 1187/2/181 1189/2/181 1191/2/181 1193/2/181 1195/2/181
f 1197/2/182 1198/2/182 1200/2/182 1199/2/182
f 1199/2/183 1200/2/183 1202/2/183 1201/2/183
f 1201/4/184 1202/4/184 1204/4/184 1203/4/184
f 1203/2/185 1204/2/185 1206/2/185 1205/2/185
f 1205/2/186 1206/2/186 1208/2/186 1207/2/186
f 1207/2/187 1208/2/187 1210/2/187 1209/2/187
f 1209/4/188 1210/4/188 1212/4/188 1211/4/188
f 1211/2/189 1212/2/189 1214/2/189 1213/2/189
f 1213/2/190 1214/2/190 1216/2/190 1215/2/190
f 1215/2/191 1216/2/191 1218/2/191 1217/2/191
f 1200/4/178 1198/4/178 1220/4/178 1218/4/178 1216/4/178 1214/4/178 1212/4/178 1210/4/178 1208/4/178 1206/4/178 1204/4/178 1202/4/178
f 1217/2/192 1218/2/192 1220/2/192 1219/2/192
f 1219/2/193 1220/2/193 1198/2/193 1197/2/193
f 1197/2/181 1199/2/181 1201/2/181 1203/2/181 1205/2/181 1207/2/181 1209/2/181 1211/2/181 1213/2/181 1215/2/181 1217/2/181 1219/2/181
f 1221/5/194 1222/5/194 1224/5/194 1223/5/194
f 1223/2/195 1224/2/195 1226/2/195 1225/2/195
f 1225/2/196 1226/2/196 1228/2/196 1227/2/196
f 1227/2/197 1228/2/197 1230/2/197 1229/2/197
f 1229/5/198 1230/5/198 1232/5/198 1231/5/198
f 1231/2/199 1232/2/199 1234/2/199 1233/2/199
f 1224/2/178 1222/2/178 1236/2/178 1234/2/178 1232/2/178 1230/2/178 1228/2/178 1226/2/178
f 1233/2/200 1234/2/200 1236/2/200 1235/2/200
f 1235/5/201 1236/5/201 1222/5/201 1221/5/201
f 1221/2/181 1223/2/181 1225/2/181 1227/2/181 1229/2/181 1231/2/181 1233/2/181 1235/2/181
f 1237/2/202 1238/2/202 1240/2/202 1239/2/202
f 1239/2/203 1240/2/203 1242/2/203 1241/2/203
f 1241/1/204 1242/1/204 1244/1/204 1243/1/204
f 1243/2/205 1244/2/205 1246/2/205 1245/2/205
f 1240/2/178 1238/2/178 1248/2/178 1246/2/178 1244/2/178 1242/2/178
f 1245/2/206 1246/2/206 1248/2/206 1247/2/206
f 1247/1/207 1248/1/207 1238/1/207 1237/1/207
f 1237/2/181 1239/2/181 1241/2/181 1243/2/181 1245/2/181 1247/2/181
f 1249/2/202 1250/2/202 1252/2/202 1251/2/202
f 1251/2/203 1252/2/203 1254/2/203 1253/2/203
f 1253/1/204 1254/1/204 1256/1/204 1255/1/204
f 1255/2/205 1256/2/205 1258/2/205 1257/2/205
f 1252/2/178 1250/2/178 1260/2/178 1258/2/178 1256/2/178 1254/2/178
f 1257/2/206 1258/2/206 1260/2/206 1259/2/206
f 1259/1/207 1260/1/207 1250/1/207 1249/1/207
f 1249/2/181 1251/2/181 1253/2/181 1255/2/181 1257/2/181 1259/2/181
f 1261/2/202 1262/2/202 1264/2/202 1263/2/202
f 1263/2/203 1264/2/203 1266/2/203 1265/2/203
f 1265/1/204 1266/1/204 1268/1/204 1267/1/204
f 1267/2/205 1268/2/205 1270/2/205 1269/2/205
f 1264/2/178 1262/2/178 1272/2/178 1270/2/178 1268/2/178 1266/2/178
f 1269/2/206 1270/2/206 1272/2/206 1271/2/206
f 1271/1/207 1272/1/207 1262/1/207 1261/1/207
f 1261/2/181 1263/2/181 1265/2/181 1267/2/181 1269/2/181 1271/2/181
f 1273/2/202 1274/2/202 1276/2/202 1275/2/202
f 1275/2/203 1276/2/203 1278/2/203 1277/2/203
f 1277/1/204 1278/1/204 1280/1/204 1279/1/204
f 1279/2/205 1280/2/205 1282/2/205 1281/2/205
f 1276/2/178 1274/2/178 1284/2/178 1282/2/178 1280/2/178 1278/2/178
f 1281/2/206 1282/2/206 1284/2/206 1283/2/206
f 1283/1/207 1284/1/207 1274/1/207 1273/1/207
f 1273/2/181 1275/2/181 1277/2/181 1279/2/181 1281/2/181 1283/2/181
f 1285/2/202 1286/2/202 1288/2/202 1287/2/202
f 1287/2/203 1288/2/203 1290/2/203 1289/2/203
f 1289/1/204 1290/1/204 1292/1/204 1291/1/204
f 1291/2/205 1292/2/205 1294/2/205 1293/2/205
f 1288/2/178 1286/2/178 1296/2/178 1294/2/178 1292/2/178 1290/2/178
f 1293/2/208 1294/2/208 1296/2/208 1295/2/208
f 1295/1/207 1296/1/207 1286/1/207 1285/1/207
f 1285/2/181 1287/2/181 1289/2/181 1291/2/181 1293/2/181 1295/2/181
f 1297/2/202 1298/2/202 1300/2/202 1299/2/202
f 1299/2/203 1300/2/203 1302/2/203 1301/2/203
f 1301/1/204 1302/1/204 1304/1/204 1303/1/204
f 1303/2/205 1304/2/205 1306/2/205 1305/2/205
f 1300/2/178 1298/2/178 1308/2/178 1306/2/178 1304/2/178 1302/2/178
f 1305/2/206 1306/2/206 1308/2/206 1307/2/206
f 1307/1/207 1308/1/207 1298/1/207 1297/1/207
f 1297/2/181 1299/2/181 1301/2/181 1303/2/181 1305/2/181 1307/2/181
f 1309/2/182 1310/2/182 1312/2/182 1311/2/182
f 1311/2/183 1312/2/183 1314/2/183 1313/2/183
f 1313/4/184 1314/4/184 1316/4/184 1315/4/184
f 1315/2/185 1316/2/185 1318/2/185 1317/2/185
f 1317/2/186 1318/2/186 1320/2/186 1319/2/186
f 1319/2/187 1320/2/187 1322/2/187 1321/2/187
f 1321/4/188 1322/4/188 1324/4/188 1323/4/188
f 1323/2/189 1324/2/189 1326/2/189 1325/2/189
f 1325/2/190 1326/2/190 1328/2/190 1327/2/190
f 1327/2/191 1328/2/191 1330/2/191 1329/2/191
f 1312/4/178 1310/4/178 1332/4/178 1330/4/178 1328/4/178 1326/4/178 1324/4/178 1322/4/178 1320/4/178 1318/4/178 1316/4/178 1314/4/178
f 1329/2/209 1330/2/209 1332/2/209 1331/2/209
f 1331/2/193 1332/2/193 1310/2/193 1309/2/193
f 1309/2/181 1311/2/181 1313/2/181 1315/2/181 1317/2/181 1319/2/181 1321/2/181 1323/2/181 1325/2/181 1327/2/181 1329/2/181 1331/2/181
f 1333/5/194 1334/5/194 1336/5/194 1335/5/194
f 1335/2/195 1336/2/195 1338/2/195 1337/2/195
f 1337/2/196 1338/2/196 1340/2/196 1339/2/196
f 1339/2/197 1340/2/197 1342/2/197 1341/2/197
f 1341/5/198 1342/5/198 1344/5/198 1343/5/198
f 1343/2/199 1344/2/199 1346/2/199 1345/2/199
f 1336/2/178 1334/2/178 1348/2/178 1346/2/178 1344/2/178 1342/2/178 1340/2/178 1338/2/178
f 1345/2/200 1346/2/200 1348/2/200 1347/2/200
f 1347/5/201 1348/5/201 1334/5/201 1333/5/201
f 1333/2/181 1335/2/181 1337/2/181 1339/2/181 1341/2/181 1343/2/181 1345/2/181 1347/2/181
f 1349/2/202 1350/2/202 1352/2/202 1351/2/202
f 1351/2/203 1352/2/203 1354/2/203 1353/2/203
f 1353/1/204 1354/1/204 1356/1/204 1355/1/204
f 1355/2/205 1356/2/205 1358/2/205 1357/2/205
f 1352/2/178 1350/2/178 1360/2/178 1358/2/178 1356/2/178 1354/2/178
f 1357/2/206 1358/2/206 1360/2/206 1359/2/206
f 1359/1/207 1360/1/207 1350/1/207 1349/1/207
f 1349/2/181 1351/2/181 1353/2/181 1355/2/181 1357/2/181 1359/2/181
f 1361/2/202 1362/2/202 1364/2/202 1363/2/202
f 1363/2/203 1364/2/203 1366/2/203 1365/2/203
f 1365/1/204 1366/1/204 1368/1/204 1367/1/204
f 1367/2/205 1368/2/205 1370/2/205 1369/2/205
f 1364/2/178 1362/2/178 1372/2/178 1370/2/178 1368/2/178 1366/2/178
f 1369/2/206 1370/2/206 1372/2/206 1371/2/206
f 1371/1/207 1372/1/207 1362/1/207 1361/1/207
f 1361/2/181 1363/2/181 1365/2/181 1367/2/181 1369/2/181 1371/2/181
f 1373/2/202 1374/2/202 1376/2/202 1375/2/202
f 1375/2/203 1376/2/203 1378/2/203 1377/2/203
f 1377/1/204 1378/1/204 1380/1/204 1379/1/204
f 1379/2/205 1380/2/205 1382/2/205 1381/2/205
f 1376/2/178 1374/2/178 1384/2/178 1382/2/178 1380/2/178 1378/2/178
f 1381/2/206 1382/2/206 1384/2/206 1383/2/206
f 1383/1/207 1384/1/207 1374/1/207 1373/1/207
f 1373/2/181 1375/2/181 1377/2/181 1379/2/181 1381/2/181 1383/2/181
f 1385/2/202 1386/2/202 1388/2/202 1387/2/202
f 1387/2/203 1388/2/203 1390/2/203 1389/2/203
f 1389/1/204 1390/1/204 1392/1/204 1391/1/204
f 1391/2/205 1392/2/205 1394/2/205 1393/2/205
f 1388/2/178 1386/2/178 1396/2/178 1394/2/178 1392/2/178 1390/2/178
f 1393/2/206 1394/2/206 1396/2/206 1395/2/206
f 1395/1/207 1396/1/207 1386/1/207 1385/1/207
f 1385/2/181 1387/2/181 1389/2/181 1391/2/181 1393/2/181 1395/2/181
f 1397/2/202 1398/2/202 1400/2/202 1399/2/202
f 1399/2/210 1400/2/210 1402/2/210 1401/2/210
f 1401/1/204 1402/1/204 1404/1/204 1403/1/204
f 1403/2/205 1404/2/205 1406/2/205 1405/2/205
f 1400/2/178 1398/2/178 1408/2/178 1406/2/178 1404/2/178 1402/2/178
f 1405/2/206 1406/2/206 1408/2/206 1407/2/206
f 1407/1/207 1408/1/207 1398/1/207 1397/1/207
f 1397/2/181 1399/2/181 1401/2/181 1403/2/181 1405/2/181 1407/2/181
f 1409/2/202 1410/2/202 1412/2/202 1411/2/202
f 1411/2/203 1412/2/203 1414/2/203 1413/2/203
f 1413/1/204 1414/1/204 1416/1/204 1415/1/204
f 1415/2/205 1416/2/205 1418/2/205 1417/2/205
f 1412/2/178 1410/2/178 1420/2/178 1418/2/178 1416/2/178 1414/2/178
f 1417/2/206 1418/2/206 1420/2/206 1419/2/206
f 1419/1/207 1420/1/207 1410/1/207 1409/1/207
f 1409/2/181 1411/2/181 1413/2/181 1415/2/181 1417/2/181 1419/2/181
f 1421/2/181 1422/2/181 1424/2/181 1423/2/181
f 1423/2/162 1424/2/162 1428/2/162 1427/2/162
f 1427/5/178 1428/5/178 1426/5/178 1425/5/178
f 1425/2/163 1426/2/163 1422/2/163 1421/2/163
f 1423/2/203 1427/2/203 1425/2/203 1421/2/203
f 1428/2/206 1424/2/206 1422/2/206 1426/2/206
f 1429/5/181 1430/5/181 1432/5/181 1431/5/181
f 1431/2/194 1432/2/194 1436/2/194 1435/2/194
f 1435/2/178 1436/2/178 1434/2/178 1433/2/178
f 1433/2/198 1434/2/198 1430/2/198 1429/2/198
f 1431/5/196 1435/5/196 1433/5/196 1429/5/196
f 1436/2/200 1432/2/200 1430/2/200 1434/2/200
f 1437/2/181 1438/2/181 1440/2/181 1439/2/181
f 1439/2/183 1440/2/183 1444/2/183 1443/2/183
f 1443/5/178 1444/5/178 1442/5/178 1441/5/178
f 1441/2/189 1442/2/189 1438/2/189 1437/2/189
f 1439/2/186 1443/2/186 1441/2/186 1437/2/186
f 1444/2/192 1440/2/192 1438/2/192 1442/2/192
f 1445/5/181 1446/5/181 1448/5/181 1447/5/181
f 1447/2/195 1448/2/195 1452/2/195 1451/2/195
f 1451/2/178 1452/2/178 1450/2/178 1449/2/178
f 1449/2/199 1450/2/199 1446/2/199 1445/2/199
f 1447/5/197 1451/5/197 1449/5/197 1445/5/197
f 1452/2/201 1448/2/201 1446/2/201 1450/2/201
f 1453/2/181 1454/2/181 1456/2/181 1455/2/181
f 1455/2/203 1456/2/203 1460/2/203 1459/2/203
f 1459/5/178 1460/5/178 1458/5/178 1457/5/178
f 1457/2/206 1458/2/206 1454/2/206 1453/2/206
f 1455/2/163 1459/2/163 1457/2/163 1453/2/163
f 1460/2/162 1456/2/162 1454/2/162 1458/2/162
f 1461/5/181 1462/5/181 1464/5/181 1463/5/181
f 1463/2/196 1464/2/196 1468/2/196 1467/2/196
f 1467/2/178 1468/2/178 1466/2/178 1465/2/178
f 1465/2/200 1466/2/200 1462/2/200 1461/2/200
f 1463/5/198 1467/5/198 1465/5/198 1461/5/198
f 1468/2/194 1464/2/194 1462/2/194 1466/2/194
f 1469/2/181 1470/2/181 1472/2/181 1471/2/181
f 1471/2/186 1472/2/186 1476/2/186 1475/2/186
f 1475/5/178 1476/5/178 1474/5/178 1473/5/178
f 1473/2/192 1474/2/192 1470/2/192 1469/2/192
f 1471/2/189 1475/2/189 1473/2/189 1469/2/189
f 1476/2/183 1472/2/183 1470/2/183 1474/2/183
f 1477/5/181 1478/5/181 1480/5/181 1479/5/181
f 1479/2/197 1480/2/197 1484/2/197 1483/2/197
f 1483/2/178 1484/2/178 1482/2/178 1481/2/178
f 1481/2/201 1482/2/201 1478/2/201 1477/2/201
f 1479/5/199 1483/5/199 1481/5/199 1477/5/199
f 1484/2/195 1480/2/195 1478/2/195 1482/2/195
f 1485/2/181 1486/2/181 1488/2/181 1487/2/181
f 1487/2/163 1488/2/163 1492/2/163 1491/2/163
f 1491/5/178 1492/5/178 1490/5/178 1489/5/178
f 1489/2/162 1490/2/162 1486/2/162 1485/2/162
f 1487/2/206 1491/2/206 1489/2/206 1485/2/206
f 1492/2/203 1488/2/203 1486/2/203 1490/2/203
f 1493/5/181 1494/5/181 1496/5/181 1495/5/181
f 1495/2/198 1496/2/198 1500/2/198 1499/2/198
f 1499/2/178 1500/2/178 1498/2/178 1497/2/178
f 1497/2/194 1498/2/194 1494/2/194 1493/2/194
f 1495/5/200 1499/5/200 1497/5/200 1493/5/200
f 1500/2/196 1496/2/196 1494/2/196 1498/2/196
f 1501/2/181 1502/2/181 1504/2/181 1503/2/181
f 1503/2/189 1504/2/189 1508/2/189 1507/2/189
f 1507/5/178 1508/5/178 1506/5/178 1505/5/178
f 1505/2/183 1506/2/183 1502/2/183 1501/2/183
f 1503/2/192 1507/2/192 1505/2/192 1501/2/192
f 1508/2/186 1504/2/186 1502/2/186 1506/2/186
f 1509/5/181 1510/5/181 1512/5/181 1511/5/181
f 1511/2/199 1512/2/199 1516/2/199 1515/2/199
f 1515/2/178 1516/2/178 1514/2/178 1513/2/178
f 1513/2/195 1514/2/195 1510/2/195 1509/2/195
f 1511/5/201 1515/5/201 1513/5/201 1509/5/201
f 1516/2/197 1512/2/197 1510/2/197 1514/2/197
f 1517/2/181 1518/2/181 1520/2/181 1519/2/181
f 1519/2/206 1520/2/206 1524/2/206 1523/2/206
f 1523/5/178 1524/5/178 1522/5/178 1521/5/178
f 1521/2/203 1522/2/203 1518/2/203 1517/2/203
f 1519/2/162 1523/2/162 1521/2/162 1517/2/162
f 1524/2/163 1520/2/163 1518/2/163 1522/2/163
f 1525/5/181 1526/5/181 1528/5/181 1527/5/181
f 1527/2/200 1528/2/200 1532/2/200 1531/2/200
f 1531/2/178 1532/2/178 1530/2/178 1529/2/178
f 1529/2/196 1530/2/196 1526/2/196 1525/2/196
f 1527/5/194 1531/5/194 1529/5/194 1525/5/194
f 1532/2/198 1528/2/198 1526/2/198 1530/2/198
f 1533/2/181 1534/2/181 1536/2/181 1535/2/181
f 1535/2/192 1536/2/192 1540/2/192 1539/2/192
f 1539/5/178 1540/5/178 1538/5/178 1537/5/178
f 1537/2/186 1538/2/186 1534/2/186 1533/2/186
f 1535/2/183 1539/2/183 1537/2/183 1533/2/183
f 1540/2/189 1536/2/189 1534/2/189 1538/2/189
f 1541/5/181 1542/5/181 1544/5/181 1543/5/181
f 1543/2/201 1544/2/201 1548/2/201 1547/2/201
f 1547/2/178 1548/2/178 1546/2/178 1545/2/178
f 1545/2/197 1546/2/197 1542/2/197 1541/2/197
f 1543/5/195 1547/5/195 1545/5/195 1541/5/195
f 1548/2/199 1544/2/199 1542/2/199 1546/2/199
f 1549/6/211 1552/6/211 1551/6/211 1550/6/211
f 1550/2/212 1551/2/212 1555/2/212 1554/2/212
f 1551/2/213 1552/2/213 1556/2/213 1555/2/213
f 1552/2/214 1549/2/214 1553/2/214 1556/2/214
f 1557/2/215 1558/2/215 1559/2/215
f 1560/6/216 1561/6/216 1562/6/216
f 1563/2/217 1564/2/217 1565/2/217
f 1566/2/218 1567/2/218 1568/2/218
f 1569/2/219 1570/2/219 1571/2/219
f 1572/6/220 1573/6/220 1574/6/220
f 1575/2/221 1576/2/221 1577/2/221
f 1578/2/222 1579/2/222 1580/2/222
f 1563/2/223 1557/2/223 1559/2/223 1564/2/223
f 1558/6/224 1560/6/224 1562/6/224 1559/6/224
f 1561/2/225 1566/2/225 1568/2/225 1562/2/225
f 1567/2/226 1565/2/226 1564/2/226 1568/2/226
f 1575/2/227 1563/2/227 1565/2/227 1576/2/227
f 1566/6/228 1578/6/228 1580/6/228 1567/6/228
f 1579/2/229 1577/2/229 1576/2/229 1580/2/229
f 1569/2/230 1575/2/230 1577/2/230 1570/2/230
f 1578/2/231 1572/2/231 1574/2/231 1579/2/231
f 1573/6/232 1571/6/232 1570/6/232 1574/6/232
f 1557/2/233 1569/2/233 1571/2/233 1558/2/233
f 1572/2/234 1561/2/234 1560/2/234 1573/2/234
f 1563/2/235 1575/2/235 1569/2/235 1557/2/235
f 1559/6/236 1562/6/236 1568/6/236 1564/6/236
f 1571/2/237 1573/2/237 1560/2/237 1558/2/237
f 1578/2/238 1566/2/238 1561/2/238 1572/2/238
f 1565/2/239 1567/2/239 1580/2/239 1576/2/239
f 1577/6/240 1579/6/240 1574/6/240 1570/6/240
f 1581/2/241 1582/2/241 1584/2/241 1583/2/241
f 1583/2/242 1584/2/242 1588/2/242 1587/2/242
f 1587/2/243 1588/2/243 1586/2/243 1585/2/243
f 1585/4/244 1586/4/244 1582/4/244 1581/4/244
f 1583/2/245 1587/2/245 1585/2/245 1581/2/245
f 1588/2/246 1584/2/246 1582/2/246 1586/2/246
f 1589/2/241 1590/2/241 1592/2/241 1591/2/241
f 1591/2/242 1592/2/242 1596/2/242 1595/2/242
f 1595/2/243 1596/2/243 1594/2/243 1593/2/243
f 1593/2/244 1594/2/244 1590/2/244 1589/2/244
f 1591/2/245 1595/2/245 1593/2/245 1589/2/245
f 1596/2/246 1592/2/246 1590/2/246 1594/2/246
f 1597/4/247 1598/4/247 1600/4/247 1599/4/247
f 1599/2/248 1600/2/248 1602/2/248 1601/2/248
f 1601/2/249 1602/2/249 1604/2/249 1603/2/249
f 1603/2/250 1604/2/250 1606/2/250 1605/2/250
f 1605/4/251 1606/4/251 1608/4/251 1607/4/251
f 1607/2/252 1608/2/252 1610/2/252 1609/2/252
f 1609/2/253 1610/2/253 1612/2/253 1611/2/253
f 1611/2/254 1612/2/254 1614/2/254 1613/2/254
f 1600/4/255 1598/4/255 1616/4/255 1614/4/255 1612/4/255 1610/4/255 1608/4/255 1606/4/255 1604/4/255 1602/4/255
f 1613/2/256 1614/2/256 1616/2/256 1615/2/256
f 1615/2/257 1616/2/257 1598/2/257 1597/2/257
f 1597/2/258 1599/2/258 1601/2/258 1603/2/258 1605/2/258 1607/2/258 1609/2/258 1611/2/258 1613/2/258 1615/2/258
f 1617/2/259 1618/2/259 1620/2/259 1619/2/259
f 1619/2/260 1620/2/260 1622/2/260 1621/2/260
f 1621/2/261 1622/2/261 1624/2/261 1623/2/261
f 1623/1/262 1624/1/262 1626/1/262 1625/1/262
f 1620/2/263 1618/2/263 1628/2/263 1626/2/263 1624/2/263 1622/2/263
f 1625/2/264 1626/2/264 1628/2/264 1627/2/264
f 1627/2/265 1628/2/265 1618/2/265 1617/2/265
f 1617/1/266 1619/1/266 1621/1/266 1623/1/266 1625/1/266 1627/1/266
f 1629/2/267 1630/2/267 1632/2/267 1631/2/267
f 1631/2/268 1632/2/268 1634/2/268 1633/2/268
f 1633/1/269 1634/1/269 1636/1/269 1635/1/269
f 1635/2/270 1636/2/270 1638/2/270 1637/2/270
f 1632/2/271 1630/2/271 1640/2/271 1638/2/271 1636/2/271 1634/2/271
f 1637/2/272 1638/2/272 1640/2/272 1639/2/272
f 1639/1/273 1640/1/273 1630/1/273 1629/1/273
f 1629/2/274 1631/2/274 1633/2/274 1635/2/274 1637/2/274 1639/2/274
f 1641/2/275 1642/2/275 1644/2/275 1643/2/275
f 1643/1/276 1644/1/276 1646/1/276 1645/1/276
f 1645/2/277 1646/2/277 1648/2/277 1647/2/277
f 1647/2/278 1648/2/278 1650/2/278 1649/2/278
f 1644/2/279 1642/2/279 1652/2/279 1650/2/279 1648/2/279 1646/2/279
f 1649/1/280 1650/1/280 1652/1/280 1651/1/280
f 1651/2/281 1652/2/281 1642/2/281 1641/2/281
f 1641/2/282 1643/2/282 1645/2/282 1647/2/282 1649/2/282 1651/2/282
f 1653/2/283 1654/2/283 1656/2/283 1655/2/283
f 1655/2/284 1656/2/284 1658/2/284 1657/2/284
f 1657/2/285 1658/2/285 1660/2/285 1659/2/285
f 1659/7/286 1660/7/286 1662/7/286 1661/7/286
f 1661/2/287 1662/2/287 1664/2/287 1663/2/287
f 1663/2/288 1664/2/288 1666/2/288 1665/2/288
f 1665/2/289 1666/2/289 1668/2/289 1667/2/289
f 1667/7/290 1668/7/290 1670/7/290 1669/7/290
f 1669/2/291 1670/2/291 1672/2/291 1671/2/291
f 1671/2/292 1672/2/292 1674/2/292 1673/2/292
f 1656/2/255 1654/2/255 1676/2/255 1674/2/255 1672/2/255 1670/2/255 1668/2/255 1666/2/255 1664/2/255 1662/2/255 1660/2/255 1658/2/255
f 1673/7/293 1674/7/293 1676/7/293 1675/7/293
f 1675/2/294 1676/2/294 1654/2/294 1653/2/294
f 1653/2/258 1655/2/258 1657/2/258 1659/2/258 1661/2/258 1663/2/258 1665/2/258 1667/2/258 1669/2/258 1671/2/258 1673/2/258 1675/2/258
f 1677/5/295 1678/5/295 1679/5/295
f 1680/5/296 1681/5/296 1682/5/296
f 1683/5/297 1684/5/297 1685/5/297
f 1686/5/298 1687/5/298 1688/5/298
f 1689/5/299 1690/5/299 1691/5/299
f 1692/5/300 1693/5/300 1694/5/300
f 1695/5/301 1696/5/301 1697/5/301
f 1698/5/302 1699/5/302 1700/5/302
f 1683/5/303 1677/5/303 1679/5/303 1684/5/303
f 1678/5/304 1680/5/304 1682/5/304 1679/5/304
f 1681/5/305 1686/5/305 1688/5/305 1682/5/305
f 1687/5/306 1685/5/306 1684/5/306 1688/5/306
f 1695/5/307 1683/5/307 1685/5/307 1696/5/307
f 1686/5/308 1698/5/308 1700/5/308 1687/5/308
f 1699/5/309 1697/5/309 1696/5/309 1700/5/309
f 1689/5/310 1695/5/310 1697/5/310 1690/5/310
f 1698/5/311 1692/5/311 1694/5/311 1699/5/311
f 1693/5/312 1691/5/312 1690/5/312 1694/5/312
f 1677/5/313 1689/5/313 1691/5/313 1678/5/313
f 1692/5/314 1681/5/314 1680/5/314 1693/5/314
f 1683/5/315 1695/5/315 1689/5/315 1677/5/315
f 1679/5/316 1682/5/316 1688/5/316 1684/5/316
f 1691/5/244 1693/5/244 1680/5/244 1678/5/244
f 1698/5/317 1686/5/317 1681/5/317 1692/5/317
f 1685/5/242 1687/5/242 1700/5/242 1696/5/242
f 1697/5/318 1699/5/318 1694/5/318 1690/5/318
f 1701/5/319 1702/5/319 1703/5/319
f 1704/5/320 1705/5/320 1706/5/320
f 1707/5/321 1708/5/321 1709/5/321
f 1710/5/322 1711/5/322 1712/5/322
f 1713/5/323 1714/5/323 1715/5/323
f 1716/5/324 1717/5/324 1718/5/324
f 1719/5/325 1720/5/325 1721/5/325
f 1722/5/326 1723/5/326 1724/5/326
f 1707/5/327 1701/5/327 1703/5/327 1708/5/327
f 1702/5/328 1704/5/328 1706/5/328 1703/5/328
f 1705/5/329 1710/5/329 1712/5/329 1706/5/329
f 1711/5/330 1709/5/330 1708/5/330 1712/5/330
f 1719/5/331 1707/5/331 1709/5/331 1720/5/331
f 1710/5/332 1722/5/332 1724/5/332 1711/5/332
f 1723/5/333 1721/5/333 1720/5/333 1724/5/333
f 1713/5/334 1719/5/334 1721/5/334 1714/5/334
f 1722/5/335 1716/5/335 1718/5/335 1723/5/335
f 1717/5/336 1715/5/336 1714/5/336 1718/5/336
f 1701/5/337 1713/5/337 1715/5/337 1702/5/337
f 1716/5/338 1705/5/338 1704/5/338 1717/5/338
f 1707/5/339 1719/5/339 1713/5/339 1701/5/339
f 1703/5/340 1706/5/340 1712/5/340 1708/5/340
f 1715/5/244 1717/5/244 1704/5/244 1702/5/244
f 1722/5/341 1710/5/341 1705/5/341 1716/5/341
f 1709/5/242 1711/5/242 1724/5/242 1720/5/242
f 1721/5/342 1723/5/342 1718/5/342 1714/5/342
f 1725/4/343 1726/4/343 1728/4/343 1727/4/343
f 1727/4/344 1728/4/344 1730/4/344 1729/4/344
f 1729/4/345 1730/4/345 1732/4/345 1731/4/345
f 1731/4/346 1732/4/346 1734/4/346 1733/4/346
f 1728/4/347 1726/4/347 1736/4/347 1734/4/347 1732/4/347 1730/4/347
f 1733/4/348 1734/4/348 1736/4/348 1735/4/348
f 1735/4/349 1736/4/349 1726/4/349 1725/4/349
f 1725/4/350 1727/4/350 1729/4/350 1731/4/350 1733/4/350 1735/4/350
f 1737/4/343 1738/4/343 1740/4/343 1739/4/343
f 1739/4/344 1740/4/344 1742/4/344 1741/4/344
f 1741/4/345 1742/4/345 1744/4/345 1743/4/345
f 1743/4/346 1744/4/346 1746/4/346 1745/4/346
f 1740/4/347 1738/4/347 1748/4/347 1746/4/347 1744/4/347 1742/4/347
f 1745/4/348 1746/4/348 1748/4/348 1747/4/348
f 1747/4/349 1748/4/349 1738/4/349 1737/4/349
f 1737/4/350 1739/4/350 1741/4/350 1743/4/350 1745/4/350 1747/4/350
f 1749/4/343 1750/4/343 1752/4/343 1751/4/343
f 1751/4/344 1752/4/344 1754/4/344 1753/4/344
f 1753/4/345 1754/4/345 1756/4/345 1755/4/345
f 1755/4/346 1756/4/346 1758/4/346 1757/4/346
f 1752/4/347 1750/4/347 1760/4/347 1758/4/347 1756/4/347 1754/4/347
f 1757/4/348 1758/4/348 1760/4/348 1759/4/348
f 1759/4/349 1760/4/349 1750/4/349 1749/4/349
f 1749/4/350 1751/4/350 1753/4/350 1755/4/350 1757/4/350 1759/4/350
f 1761/6/351 1762/6/351 1763/6/351
f 1764/6/352 1765/6/352 1766/6/352
f 1767/6/353 1768/6/353 1769/6/353
f 1770/6/354 1771/6/354 1772/6/354
f 1773/6/355 1774/6/355 1775/6/355
f 1776/6/356 1777/6/356 1778/6/356
f 1779/6/357 1780/6/357 1781/6/357
f 1782/6/358 1783/6/358 1784/6/358
f 1767/6/359 1761/6/359 1763/6/359 1768/6/359
f 1762/6/360 1764/6/360 1766/6/360 1763/6/360
f 1765/6/361 1770/6/361 1772/6/361 1766/6/361
f 1771/6/362 1769/6/362 1768/6/362 1772/6/362
f 1779/6/363 1767/6/363 1769/6/363 1780/6/363
f 1770/6/364 1782/6/364 1784/6/364 1771/6/364
f 1783/6/365 1781/6/365 1780/6/365 1784/6/365
f 1773/6/366 1779/6/366 1781/6/366 1774/6/366
f 1782/6/367 1776/6/367 1778/6/367 1783/6/367
f 1777/6/368 1775/6/368 1774/6/368 1778/6/368
f 1761/6/369 1773/6/369 1775/6/369 1762/6/369
f 1776/6/370 1765/6/370 1764/6/370 1777/6/370
f 1767/6/371 1779/6/371 1773/6/371 1761/6/371
f 1763/6/372 1766/6/372 1772/6/372 1768/6/372
f 1775/6/373 1777/6/373 1764/6/373 1762/6/373
f 1782/6/374 1770/6/374 1765/6/374 1776/6/374
f 1769/6/375 1771/6/375 1784/6/375 1780/6/375
f 1781/6/376 1783/6/376 1778/6/376 1774/6/376
f 1785/4/377 1786/4/377 1788/4/377 1787/4/377
f 1787/4/378 1788/4/378 1790/4/378 1789/4/378
f 1789/4/379 1790/4/379 1792/4/379 1791/4/379
f 1791/4/380 1792/4/380 1794/4/380 1793/4/380
f 1788/4/381 1786/4/381 1796/4/381 1794/4/381 1792/4/381 1790/4/381
f 1793/4/382 1794/4/382 1796/4/382 1795/4/382
f 1795/4/383 1796/4/383 1786/4/383 1785/4/383
f 1785/4/384 1787/4/384 1789/4/384 1791/4/384 1793/4/384 1795/4/384
f 1797/6/385 1798/6/385 1799/6/385
f 1800/6/386 1801/6/386 1802/6/386
f 1803/6/387 1804/6/387 1805/6/387
f 1806/6/388 1807/6/388 1808/6/388
f 1809/6/389 1810/6/389 1811/6/389
f 1812/6/390 1813/6/390 1814/6/390
f 1815/6/391 1816/6/391 1817/6/391
f 1818/6/392 1819/6/392 1820/6/392
f 1803/6/393 1797/6/393 1799/6/393 1804/6/393
f 1798/6/394 1800/6/394 1802/6/394 1799/6/394
f 1801/6/395 1806/6/395 1808/6/395 1802/6/395
f 1807/6/396 1805/6/396 1804/6/396 1808/6/396
f 1815/6/397 1803/6/397 1805/6/397 1816/6/397
f 1806/6/398 1818/6/398 1820/6/398 1807/6/398
f 1819/6/399 1817/6/399 1816/6/399 1820/6/399
f 1809/6/400 1815/6/400 1817/6/400 1810/6/400
f 1818/6/401 1812/6/401 1814/6/401 1819/6/401
f 1813/6/402 1811/6/402 1810/6/402 1814/6/402
f 1797/6/403 1809/6/403 1811/6/403 1798/6/403
f 1812/6/404 1801/6/404 1800/6/404 1813/6/404
f 1803/6/405 1815/6/405 1809/6/405 1797/6/405
f 1799/6/406 1802/6/406 1808/6/406 1804/6/406
f 1811/6/407 1813/6/407 1800/6/407 1798/6/407
f 1818/6/408 1806/6/408 1801/6/408 1812/6/408
f 1805/6/409 1807/6/409 1820/6/409 1816/6/409
f 1817/6/410 1819/6/410 1814/6/410 1810/6/410
f 1821/4/411 1822/4/411 1824/4/411 1823/4/411
f 1823/4/412 1824/4/412 1826/4/412 1825/4/412
f 1825/4/413 1826/4/413 1828/4/413 1827/4/413
f 1827/4/414 1828/4/414 1830/4/414 1829/4/414
f 1824/4/415 1822/4/415 1832/4/415 1830/4/415 1828/4/415 1826/4/415
f 1829/4/416 1830/4/416 1832/4/416 1831/4/416
f 1831/4/417 1832/4/417 1822/4/417 1821/4/417
f 1821/4/418 1823/4/418 1825/4/418 1827/4/418 1829/4/418 1831/4/418
f 1833/2/419 1834/2/419 1835/2/419
f 1836/2/420 1837/2/420 1838/2/420
f 1839/2/421 1840/2/421 1841/2/421
f 1842/2/422 1843/2/422 1844/2/422
f 1845/2/423 1846/2/423 1847/2/423
f 1848/2/424 1849/2/424 1850/2/424
f 1851/2/425 1852/2/425 1853/2/425
f 1854/2/426 1855/2/426 1856/2/426
f 1839/2/427 1833/2/427 1835/2/427 1840/2/427
f 1834/2/428 1836/2/428 1838/2/428 1835/2/428
f 1837/2/429 1842/2/429 1844/2/429 1838/2/429
f 1843/2/430 1841/2/430 1840/2/430 1844/2/430
f 1851/2/431 1839/2/431 1841/2/431 1852/2/431
f 1842/2/432 1854/2/432 1856/2/432 1843/2/432
f 1855/2/433 1853/2/433 1852/2/433 1856/2/433
f 1845/2/434 1851/2/434 1853/2/434 1846/2/434
f 1854/2/435 1848/2/435 1850/2/435 1855/2/435
f 1849/2/436 1847/2/436 1846/2/436 1850/2/436
f 1833/2/437 1845/2/437 1847/2/437 1834/2/437
f 1848/2/438 1837/2/438 1836/2/438 1849/2/438
f 1839/2/245 1851/2/245 1845/2/245 1833/2/245
f 1835/2/241 1838/2/241 1844/2/241 1840/2/241
f 1847/2/244 1849/2/244 1836/2/244 1834/2/244
f 1854/2/246 1842/2/246 1837/2/246 1848/2/246
f 1841/2/242 1843/2/242 1856/2/242 1852/2/242
f 1853/2/243 1855/2/243 1850/2/243 1846/2/243
f 1857/4/241 1858/4/241 1860/4/241 1859/4/241
f 1859/4/242 1860/4/242 1864/4/242 1863/4/242
f 1863/4/243 1864/4/243 1862/4/243 1861/4/243
f 1861/4/244 1862/4/244 1858/4/244 1857/4/244
f 1859/4/245 1863/4/245 1861/4/245 1857/4/245
f 1864/4/246 1860/4/246 1858/4/246 1862/4/246
f 1865/4/241 1866/4/241 1868/4/241 1867/4/241
f 1867/4/242 1868/4/242 1872/4/242 1871/4/242
f 1871/4/243 1872/4/243 1870/4/243 1869/4/243
f 1869/4/244 1870/4/244 1866/4/244 1865/4/244
f 1867/4/245 1871/4/245 1869/4/245 1865/4/245
f 1872/4/246 1868/4/246 1866/4/246 1870/4/246
f 1873/4/241 1874/4/241 1876/4/241 1875/4/241
f 1875/4/242 1876/4/242 1880/4/242 1879/4/242
f 1879/4/243 1880/4/243 1878/4/243 1877/4/243
f 1877/4/244 1878/4/244 1874/4/244 1873/4/244
f 1875/4/245 1879/4/245 1877/4/245 1873/4/245
f 1880/4/246 1876/4/246 1874/4/246 1878/4/246
f 1881/4/241 1882/4/241 1884/4/241 1883/4/241
f 1883/4/242 1884/4/242 1888/4/242 1887/4/242
f 1887/4/243 1888/4/243 1886/4/243 1885/4/243
f 1885/4/244 1886/4/244 1882/4/244 1881/4/244
f 1883/4/245 1887/4/245 1885/4/245 1881/4/245
f 1888/4/246 1884/4/246 1882/4/246 1886/4/246
f 1889/5/439 1890/5/439 1891/5/439
f 1892/5/440 1893/5/440 1894/5/440
f 1895/5/441 1896/5/441 1897/5/441
f 1898/5/442 1899/5/442 1900/5/442
f 1901/5/443 1902/5/443 1903/5/443
f 1904/5/444 1905/5/444 1906/5/444
f 1907/5/445 1908/5/445 1909/5/445
f 1910/5/446 1911/5/446 1912/5/446
f 1895/5/447 1889/5/447 1891/5/447 1896/5/447
f 1890/5/448 1892/5/448 1894/5/448 1891/5/448
f 1893/5/449 1898/5/449 1900/5/449 1894/5/449
f 1899/5/450 1897/5/450 1896/5/450 1900/5/450
f 1907/5/451 1895/5/451 1897/5/451 1908/5/451
f 1898/5/452 1910/5/452 1912/5/452 1899/5/452
f 1911/5/453 1909/5/453 1908/5/453 1912/5/453
f 1901/5/454 1907/5/454 1909/5/454 1902/5/454
f 1910/5/455 1904/5/455 1906/5/455 1911/5/455
f 1905/5/456 1903/5/456 1902/5/456 1906/5/456
f 1889/5/457 1901/5/457 1903/5/457 1890/5/457
f 1904/5/458 1893/5/458 1892/5/458 1905/5/458
f 1895/5/459 1907/5/459 1901/5/459 1889/5/459
f 1891/5/460 1894/5/460 1900/5/460 1896/5/460
f 1903/5/461 1905/5/461 1892/5/461 1890/5/461
f 1910/5/462 1898/5/462 1893/5/462 1904/5/462
f 1897/5/463 1899/5/463 1912/5/463 1908/5/463
f 1909/5/464 1911/5/464 1906/5/464 1902/5/464
f 1913/4/465 1914/4/465 1916/4/465 1915/4/465
f 1915/4/466 1916/4/466 1918/4/466 1917/4/466
f 1917/4/467 1918/4/467 1920/4/467 1919/4/467
f 1919/4/468 1920/4/468 1922/4/468 1921/4/468
f 1916/4/469 1914/4/469 1924/4/469 1922/4/469 1920/4/469 1918/4/469
f 1921/4/470 1922/4/470 1924/4/470 1923/4/470
f 1923/4/471 1924/4/471 1914/4/471 1913/4/471
f 1913/4/472 1915/4/472 1917/4/472 1919/4/472 1921/4/472 1923/4/472
f 1925/5/473 1926/5/473 1927/5/473
f 1928/5/474 1929/5/474 1930/5/474
f 1931/5/475 1932/5/475 1933/5/475
f 1934/5/476 1935/5/476 1936/5/476
f 1937/5/477 1938/5/477 1939/5/477
f 1940/5/478 1941/5/478 1942/5/478
f 1943/5/479 1944/5/479 1945/5/479
f 1946/5/480 1947/5/480 1948/5/480
f 1931/5/481 1925/5/481 1927/5/481 1932/5/481
f 1926/5/482 1928/5/482 1930/5/482 1927/5/482
f 1929/5/483 1934/5/483 1936/5/483 1930/5/483
f 1935/5/484 1933/5/484 1932/5/484 1936/5/484
f 1943/5/485 1931/5/485 1933/5/485 1944/5/485
f 1934/5/486 1946/5/486 1948/5/486 1935/5/486
f 1947/5/487 1945/5/487 1944/5/487 1948/5/487
f 1937/5/488 1943/5/488 1945/5/488 1938/5/488
f 1946/5/489 1940/5/489 1942/5/489 1947/5/489
f 1941/5/490 1939/5/490 1938/5/490 1942/5/490
f 1925/5/491 1937/5/491 1939/5/491 1926/5/491
f 1940/5/492 1929/5/492 1928/5/492 1941/5/492
f 1931/5/493 1943/5/493 1937/5/493 1925/5/493
f 1927/5/494 1930/5/494 1936/5/494 1932/5/494
f 1939/5/495 1941/5/495 1928/5/495 1926/5/495
f 1946/5/496 1934/5/496 1929/5/496 1940/5/496
f 1933/5/497 1935/5/497 1948/5/497 1944/5/497
f 1945/5/498 1947/5/498 1942/5/498 1938/5/498
f 1949/4/499 1950/4/499 1952/4/499 1951/4/499
f 1951/4/500 1952/4/500 1954/4/500 1953/4/500
f 1953/4/501 1954/4/501 1956/4/501 1955/4/501
f 1955/4/502 1956/4/502 1958/4/502 1957/4/502
f 1952/4/503 1950/4/503 1960/4/503 1958/4/503 1956/4/503 1954/4/503
f 1957/4/504 1958/4/504 1960/4/504 1959/4/504
f 1959/4/505 1960/4/505 1950/4/505 1949/4/505
f 1949/4/506 1951/4/506 1953/4/506 1955/4/506 1957/4/506 1959/4/506
