# Blender 5.2.1 LTS
# www.blender.org
mtllib BarracksAuthored.mtl
o BarracksAuthored
v -4.536000 0.000000 2.786000
v -4.536000 0.064000 2.850000
v -4.600000 0.064000 2.786000
v -4.536000 0.256000 2.850000
v -4.536000 0.320000 2.786000
v -4.600000 0.256000 2.786000
v -4.536000 0.000000 -2.786000
v -4.600000 0.064000 -2.786000
v -4.536000 0.064000 -2.850000
v -4.536000 0.320000 -2.786000
v -4.536000 0.256000 -2.850000
v -4.600000 0.256000 -2.786000
v 4.536000 0.000000 2.786000
v 4.600000 0.064000 2.786000
v 4.536000 0.064000 2.850000
v 4.536000 0.320000 2.786000
v 4.536000 0.256000 2.850000
v 4.600000 0.256000 2.786000
v 4.536000 0.000000 -2.786000
v 4.536000 0.064000 -2.850000
v 4.600000 0.064000 -2.786000
v 4.536000 0.320000 -2.786000
v 4.600000 0.256000 -2.786000
v 4.536000 0.256000 -2.850000
v -4.275000 0.250000 2.500000
v -4.275000 0.350000 2.600000
v -4.375000 0.350000 2.500000
v -4.275000 2.700000 2.600000
v -4.275000 2.800000 2.500000
v -4.375000 2.700000 2.500000
v -4.275000 0.250000 -2.500000
v -4.375000 0.350000 -2.500000
v -4.275000 0.350000 -2.600000
v -4.275000 2.800000 -2.500000
v -4.275000 2.700000 -2.600000
v -4.375000 2.700000 -2.500000
v 4.275000 0.250000 2.500000
v 4.375000 0.350000 2.500000
v 4.275000 0.350000 2.600000
v 4.275000 2.800000 2.500000
v 4.275000 2.700000 2.600000
v 4.375000 2.700000 2.500000
v 4.275000 0.250000 -2.500000
v 4.275000 0.350000 -2.600000
v 4.375000 0.350000 -2.500000
v 4.275000 2.800000 -2.500000
v 4.375000 2.700000 -2.500000
v 4.275000 2.700000 -2.600000
v -4.580000 3.287955 0.053105
v -4.580000 3.312972 0.066301
v -4.600000 3.307062 0.047194
v -4.580000 3.484933 0.013108
v -4.580000 3.498129 -0.011910
v -4.600000 3.479022 -0.005999
v -4.580000 2.501871 -2.488091
v -4.600000 2.520978 -2.494001
v -4.580000 2.515067 -2.513108
v -4.580000 2.712045 -2.553105
v -4.580000 2.687028 -2.566301
v -4.600000 2.692938 -2.547194
v 4.580000 3.287955 0.053105
v 4.600000 3.307062 0.047194
v 4.580000 3.312972 0.066301
v 4.580000 3.498129 -0.011910
v 4.580000 3.484933 0.013108
v 4.600000 3.479022 -0.005999
v 4.580000 2.501871 -2.488091
v 4.580000 2.515067 -2.513108
v 4.600000 2.520978 -2.494001
v 4.580000 2.712045 -2.553105
v 4.600000 2.692938 -2.547194
v 4.580000 2.687028 -2.566301
v -4.400000 3.366083 0.007279
v -4.400000 2.596083 -2.522721
v -4.382322 3.373088 0.005147
v -4.382322 2.603088 -2.524853
v -4.375000 3.390000 0.000000
v -4.375000 2.620000 -2.530000
v -4.382322 3.406912 -0.005147
v -4.382322 2.636912 -2.535147
v -4.400000 3.413917 -0.007279
v -4.400000 2.643917 -2.537279
v -4.417678 3.406912 -0.005147
v -4.417678 2.636912 -2.535147
v -4.425000 3.390000 0.000000
v -4.425000 2.620000 -2.530000
v -4.417678 3.373088 0.005147
v -4.417678 2.603088 -2.524853
v -3.670000 3.366083 0.007279
v -3.670000 2.596083 -2.522721
v -3.652322 3.373088 0.005147
v -3.652322 2.603088 -2.524853
v -3.645000 3.390000 0.000000
v -3.645000 2.620000 -2.530000
v -3.652322 3.406912 -0.005147
v -3.652322 2.636912 -2.535147
v -3.670000 3.413917 -0.007279
v -3.670000 2.643917 -2.537279
v -3.687678 3.406912 -0.005147
v -3.687678 2.636912 -2.535147
v -3.695000 3.390000 0.000000
v -3.695000 2.620000 -2.530000
v -3.687678 3.373088 0.005147
v -3.687678 2.603088 -2.524853
v -2.940000 3.366083 0.007279
v -2.940000 2.596083 -2.522721
v -2.922322 3.373088 0.005147
v -2.922322 2.603088 -2.524853
v -2.915000 3.390000 0.000000
v -2.915000 2.620000 -2.530000
v -2.922322 3.406912 -0.005147
v -2.922322 2.636912 -2.535147
v -2.940000 3.413917 -0.007279
v -2.940000 2.643917 -2.537279
v -2.957678 3.406912 -0.005147
v -2.957678 2.636912 -2.535147
v -2.965000 3.390000 0.000000
v -2.965000 2.620000 -2.530000
v -2.957678 3.373088 0.005147
v -2.957678 2.603088 -2.524853
v -2.210000 3.366083 0.007279
v -2.210000 2.596083 -2.522721
v -2.192322 3.373088 0.005147
v -2.192322 2.603088 -2.524853
v -2.185000 3.390000 0.000000
v -2.185000 2.620000 -2.530000
v -2.192322 3.406912 -0.005147
v -2.192322 2.636912 -2.535147
v -2.210000 3.413917 -0.007279
v -2.210000 2.643917 -2.537279
v -2.227678 3.406912 -0.005147
v -2.227678 2.636912 -2.535147
v -2.235000 3.390000 0.000000
v -2.235000 2.620000 -2.530000
v -2.227678 3.373088 0.005147
v -2.227678 2.603088 -2.524853
v -1.480000 3.366083 0.007279
v -1.480000 2.596083 -2.522721
v -1.462322 3.373088 0.005147
v -1.462322 2.603088 -2.524853
v -1.455000 3.390000 0.000000
v -1.455000 2.620000 -2.530000
v -1.462322 3.406912 -0.005147
v -1.462322 2.636912 -2.535147
v -1.480000 3.413917 -0.007279
v -1.480000 2.643917 -2.537279
v -1.497678 3.406912 -0.005147
v -1.497678 2.636912 -2.535147
v -1.505000 3.390000 0.000000
v -1.505000 2.620000 -2.530000
v -1.497678 3.373088 0.005147
v -1.497678 2.603088 -2.524853
v -0.750000 3.366083 0.007279
v -0.750000 2.596083 -2.522721
v -0.732322 3.373088 0.005147
v -0.732322 2.603088 -2.524853
v -0.725000 3.390000 0.000000
v -0.725000 2.620000 -2.530000
v -0.732322 3.406912 -0.005147
v -0.732322 2.636912 -2.535147
v -0.750000 3.413917 -0.007279
v -0.750000 2.643917 -2.537279
v -0.767678 3.406912 -0.005147
v -0.767678 2.636912 -2.535147
v -0.775000 3.390000 0.000000
v -0.775000 2.620000 -2.530000
v -0.767678 3.373088 0.005147
v -0.767678 2.603088 -2.524853
v -0.020000 3.366083 0.007279
v -0.020000 2.596083 -2.522721
v -0.002322 3.373088 0.005147
v -0.002322 2.603088 -2.524853
v 0.005000 3.390000 0.000000
v 0.005000 2.620000 -2.530000
v -0.002322 3.406912 -0.005147
v -0.002322 2.636912 -2.535147
v -0.020000 3.413917 -0.007279
v -0.020000 2.643917 -2.537279
v -0.037678 3.406912 -0.005147
v -0.037678 2.636912 -2.535147
v -0.045000 3.390000 0.000000
v -0.045000 2.620000 -2.530000
v -0.037678 3.373088 0.005147
v -0.037678 2.603088 -2.524853
v 0.710000 3.366083 0.007279
v 0.710000 2.596083 -2.522721
v 0.727678 3.373088 0.005147
v 0.727678 2.603088 -2.524853
v 0.735000 3.390000 0.000000
v 0.735000 2.620000 -2.530000
v 0.727678 3.406912 -0.005147
v 0.727678 2.636912 -2.535147
v 0.710000 3.413917 -0.007279
v 0.710000 2.643917 -2.537279
v 0.692322 3.406912 -0.005147
v 0.692322 2.636912 -2.535147
v 0.685000 3.390000 0.000000
v 0.685000 2.620000 -2.530000
v 0.692322 3.373088 0.005147
v 0.692322 2.603088 -2.524853
v 1.440000 3.366083 0.007279
v 1.440000 2.596083 -2.522721
v 1.457678 3.373088 0.005147
v 1.457678 2.603088 -2.524853
v 1.465000 3.390000 0.000000
v 1.465000 2.620000 -2.530000
v 1.457678 3.406912 -0.005147
v 1.457678 2.636912 -2.535147
v 1.440000 3.413917 -0.007279
v 1.440000 2.643917 -2.537279
v 1.422322 3.406912 -0.005147
v 1.422322 2.636912 -2.535147
v 1.415000 3.390000 0.000000
v 1.415000 2.620000 -2.530000
v 1.422322 3.373088 0.005147
v 1.422322 2.603088 -2.524853
v 2.170000 3.366083 0.007279
v 2.170000 2.596083 -2.522721
v 2.187678 3.373088 0.005147
v 2.187678 2.603088 -2.524853
v 2.195000 3.390000 0.000000
v 2.195000 2.620000 -2.530000
v 2.187678 3.406912 -0.005147
v 2.187678 2.636912 -2.535147
v 2.170000 3.413917 -0.007279
v 2.170000 2.643917 -2.537279
v 2.152322 3.406912 -0.005147
v 2.152322 2.636912 -2.535147
v 2.145000 3.390000 0.000000
v 2.145000 2.620000 -2.530000
v 2.152322 3.373088 0.005147
v 2.152322 2.603088 -2.524853
v 2.900000 3.366083 0.007279
v 2.900000 2.596083 -2.522721
v 2.917678 3.373088 0.005147
v 2.917678 2.603088 -2.524853
v 2.925000 3.390000 0.000000
v 2.925000 2.620000 -2.530000
v 2.917678 3.406912 -0.005147
v 2.917678 2.636912 -2.535147
v 2.900000 3.413917 -0.007279
v 2.900000 2.643917 -2.537279
v 2.882322 3.406912 -0.005147
v 2.882322 2.636912 -2.535147
v 2.875000 3.390000 0.000000
v 2.875000 2.620000 -2.530000
v 2.882322 3.373088 0.005147
v 2.882322 2.603088 -2.524853
v 3.630000 3.366083 0.007279
v 3.630000 2.596083 -2.522721
v 3.647678 3.373088 0.005147
v 3.647678 2.603088 -2.524853
v 3.655000 3.390000 0.000000
v 3.655000 2.620000 -2.530000
v 3.647678 3.406912 -0.005147
v 3.647678 2.636912 -2.535147
v 3.630000 3.413917 -0.007279
v 3.630000 2.643917 -2.537279
v 3.612322 3.406912 -0.005147
v 3.612322 2.636912 -2.535147
v 3.605000 3.390000 0.000000
v 3.605000 2.620000 -2.530000
v 3.612322 3.373088 0.005147
v 3.612322 2.603088 -2.524853
v 4.360000 3.366083 0.007279
v 4.360000 2.596083 -2.522721
v 4.377678 3.373088 0.005147
v 4.377678 2.603088 -2.524853
v 4.385000 3.390000 0.000000
v 4.385000 2.620000 -2.530000
v 4.377678 3.406912 -0.005147
v 4.377678 2.636912 -2.535147
v 4.360000 3.413917 -0.007279
v 4.360000 2.643917 -2.537279
v 4.342322 3.406912 -0.005147
v 4.342322 2.636912 -2.535147
v 4.335000 3.390000 0.000000
v 4.335000 2.620000 -2.530000
v 4.342322 3.373088 0.005147
v 4.342322 2.603088 -2.524853
v -4.580000 2.501871 2.488091
v -4.580000 2.515067 2.513108
v -4.600000 2.520978 2.494001
v -4.580000 2.687028 2.566301
v -4.580000 2.712045 2.553105
v -4.600000 2.692938 2.547194
v -4.580000 3.287955 -0.053105
v -4.600000 3.307062 -0.047194
v -4.580000 3.312972 -0.066301
v -4.580000 3.498129 0.011910
v -4.580000 3.484933 -0.013108
v -4.600000 3.479022 0.005999
v 4.580000 2.501871 2.488091
v 4.600000 2.520978 2.494001
v 4.580000 2.515067 2.513108
v 4.580000 2.712045 2.553105
v 4.580000 2.687028 2.566301
v 4.600000 2.692938 2.547194
v 4.580000 3.287955 -0.053105
v 4.580000 3.312972 -0.066301
v 4.600000 3.307062 -0.047194
v 4.580000 3.498129 0.011910
v 4.600000 3.479022 0.005999
v 4.580000 3.484933 -0.013108
v -4.400000 3.413917 0.007279
v -4.400000 2.643917 2.537279
v -4.382322 3.406912 0.005147
v -4.382322 2.636912 2.535147
v -4.375000 3.390000 0.000000
v -4.375000 2.620000 2.530000
v -4.382322 3.373088 -0.005147
v -4.382322 2.603088 2.524853
v -4.400000 3.366083 -0.007279
v -4.400000 2.596083 2.522721
v -4.417678 3.373088 -0.005147
v -4.417678 2.603088 2.524853
v -4.425000 3.390000 0.000000
v -4.425000 2.620000 2.530000
v -4.417678 3.406912 0.005147
v -4.417678 2.636912 2.535147
v -3.670000 3.413917 0.007279
v -3.670000 2.643917 2.537279
v -3.652322 3.406912 0.005147
v -3.652322 2.636912 2.535147
v -3.645000 3.390000 0.000000
v -3.645000 2.620000 2.530000
v -3.652322 3.373088 -0.005147
v -3.652322 2.603088 2.524853
v -3.670000 3.366083 -0.007279
v -3.670000 2.596083 2.522721
v -3.687678 3.373088 -0.005147
v -3.687678 2.603088 2.524853
v -3.695000 3.390000 0.000000
v -3.695000 2.620000 2.530000
v -3.687678 3.406912 0.005147
v -3.687678 2.636912 2.535147
v -2.940000 3.413917 0.007279
v -2.940000 2.643917 2.537279
v -2.922322 3.406912 0.005147
v -2.922322 2.636912 2.535147
v -2.915000 3.390000 0.000000
v -2.915000 2.620000 2.530000
v -2.922322 3.373088 -0.005147
v -2.922322 2.603088 2.524853
v -2.940000 3.366083 -0.007279
v -2.940000 2.596083 2.522721
v -2.957678 3.373088 -0.005147
v -2.957678 2.603088 2.524853
v -2.965000 3.390000 0.000000
v -2.965000 2.620000 2.530000
v -2.957678 3.406912 0.005147
v -2.957678 2.636912 2.535147
v -2.210000 3.413917 0.007279
v -2.210000 2.643917 2.537279
v -2.192322 3.406912 0.005147
v -2.192322 2.636912 2.535147
v -2.185000 3.390000 0.000000
v -2.185000 2.620000 2.530000
v -2.192322 3.373088 -0.005147
v -2.192322 2.603088 2.524853
v -2.210000 3.366083 -0.007279
v -2.210000 2.596083 2.522721
v -2.227678 3.373088 -0.005147
v -2.227678 2.603088 2.524853
v -2.235000 3.390000 0.000000
v -2.235000 2.620000 2.530000
v -2.227678 3.406912 0.005147
v -2.227678 2.636912 2.535147
v -1.480000 3.413917 0.007279
v -1.480000 2.643917 2.537279
v -1.462322 3.406912 0.005147
v -1.462322 2.636912 2.535147
v -1.455000 3.390000 0.000000
v -1.455000 2.620000 2.530000
v -1.462322 3.373088 -0.005147
v -1.462322 2.603088 2.524853
v -1.480000 3.366083 -0.007279
v -1.480000 2.596083 2.522721
v -1.497678 3.373088 -0.005147
v -1.497678 2.603088 2.524853
v -1.505000 3.390000 0.000000
v -1.505000 2.620000 2.530000
v -1.497678 3.406912 0.005147
v -1.497678 2.636912 2.535147
v -0.750000 3.413917 0.007279
v -0.750000 2.643917 2.537279
v -0.732322 3.406912 0.005147
v -0.732322 2.636912 2.535147
v -0.725000 3.390000 0.000000
v -0.725000 2.620000 2.530000
v -0.732322 3.373088 -0.005147
v -0.732322 2.603088 2.524853
v -0.750000 3.366083 -0.007279
v -0.750000 2.596083 2.522721
v -0.767678 3.373088 -0.005147
v -0.767678 2.603088 2.524853
v -0.775000 3.390000 0.000000
v -0.775000 2.620000 2.530000
v -0.767678 3.406912 0.005147
v -0.767678 2.636912 2.535147
v -0.020000 3.413917 0.007279
v -0.020000 2.643917 2.537279
v -0.002322 3.406912 0.005147
v -0.002322 2.636912 2.535147
v 0.005000 3.390000 0.000000
v 0.005000 2.620000 2.530000
v -0.002322 3.373088 -0.005147
v -0.002322 2.603088 2.524853
v -0.020000 3.366083 -0.007279
v -0.020000 2.596083 2.522721
v -0.037678 3.373088 -0.005147
v -0.037678 2.603088 2.524853
v -0.045000 3.390000 0.000000
v -0.045000 2.620000 2.530000
v -0.037678 3.406912 0.005147
v -0.037678 2.636912 2.535147
v 0.710000 3.413917 0.007279
v 0.710000 2.643917 2.537279
v 0.727678 3.406912 0.005147
v 0.727678 2.636912 2.535147
v 0.735000 3.390000 0.000000
v 0.735000 2.620000 2.530000
v 0.727678 3.373088 -0.005147
v 0.727678 2.603088 2.524853
v 0.710000 3.366083 -0.007279
v 0.710000 2.596083 2.522721
v 0.692322 3.373088 -0.005147
v 0.692322 2.603088 2.524853
v 0.685000 3.390000 0.000000
v 0.685000 2.620000 2.530000
v 0.692322 3.406912 0.005147
v 0.692322 2.636912 2.535147
v 1.440000 3.413917 0.007279
v 1.440000 2.643917 2.537279
v 1.457678 3.406912 0.005147
v 1.457678 2.636912 2.535147
v 1.465000 3.390000 0.000000
v 1.465000 2.620000 2.530000
v 1.457678 3.373088 -0.005147
v 1.457678 2.603088 2.524853
v 1.440000 3.366083 -0.007279
v 1.440000 2.596083 2.522721
v 1.422322 3.373088 -0.005147
v 1.422322 2.603088 2.524853
v 1.415000 3.390000 0.000000
v 1.415000 2.620000 2.530000
v 1.422322 3.406912 0.005147
v 1.422322 2.636912 2.535147
v 2.170000 3.413917 0.007279
v 2.170000 2.643917 2.537279
v 2.187678 3.406912 0.005147
v 2.187678 2.636912 2.535147
v 2.195000 3.390000 0.000000
v 2.195000 2.620000 2.530000
v 2.187678 3.373088 -0.005147
v 2.187678 2.603088 2.524853
v 2.170000 3.366083 -0.007279
v 2.170000 2.596083 2.522721
v 2.152322 3.373088 -0.005147
v 2.152322 2.603088 2.524853
v 2.145000 3.390000 0.000000
v 2.145000 2.620000 2.530000
v 2.152322 3.406912 0.005147
v 2.152322 2.636912 2.535147
v 2.900000 3.413917 0.007279
v 2.900000 2.643917 2.537279
v 2.917678 3.406912 0.005147
v 2.917678 2.636912 2.535147
v 2.925000 3.390000 0.000000
v 2.925000 2.620000 2.530000
v 2.917678 3.373088 -0.005147
v 2.917678 2.603088 2.524853
v 2.900000 3.366083 -0.007279
v 2.900000 2.596083 2.522721
v 2.882322 3.373088 -0.005147
v 2.882322 2.603088 2.524853
v 2.875000 3.390000 0.000000
v 2.875000 2.620000 2.530000
v 2.882322 3.406912 0.005147
v 2.882322 2.636912 2.535147
v 3.630000 3.413917 0.007279
v 3.630000 2.643917 2.537279
v 3.647678 3.406912 0.005147
v 3.647678 2.636912 2.535147
v 3.655000 3.390000 0.000000
v 3.655000 2.620000 2.530000
v 3.647678 3.373088 -0.005147
v 3.647678 2.603088 2.524853
v 3.630000 3.366083 -0.007279
v 3.630000 2.596083 2.522721
v 3.612322 3.373088 -0.005147
v 3.612322 2.603088 2.524853
v 3.605000 3.390000 0.000000
v 3.605000 2.620000 2.530000
v 3.612322 3.406912 0.005147
v 3.612322 2.636912 2.535147
v 4.360000 3.413917 0.007279
v 4.360000 2.643917 2.537279
v 4.377678 3.406912 0.005147
v 4.377678 2.636912 2.535147
v 4.385000 3.390000 0.000000
v 4.385000 2.620000 2.530000
v 4.377678 3.373088 -0.005147
v 4.377678 2.603088 2.524853
v 4.360000 3.366083 -0.007279
v 4.360000 2.596083 2.522721
v 4.342322 3.373088 -0.005147
v 4.342322 2.603088 2.524853
v 4.335000 3.390000 0.000000
v 4.335000 2.620000 2.530000
v 4.342322 3.406912 0.005147
v 4.342322 2.636912 2.535147
v -3.398000 1.410000 2.658000
v -3.398000 1.422000 2.670000
v -3.410000 1.422000 2.658000
v -3.398000 2.018000 2.670000
v -3.398000 2.030000 2.658000
v -3.410000 2.018000 2.658000
v -3.398000 1.410000 2.622000
v -3.410000 1.422000 2.622000
v -3.398000 1.422000 2.610000
v -3.398000 2.030000 2.622000
v -3.398000 2.018000 2.610000
v -3.410000 2.018000 2.622000
v -2.602000 1.410000 2.658000
v -2.590000 1.422000 2.658000
v -2.602000 1.422000 2.670000
v -2.602000 2.030000 2.658000
v -2.602000 2.018000 2.670000
v -2.590000 2.018000 2.658000
v -2.602000 1.410000 2.622000
v -2.602000 1.422000 2.610000
v -2.590000 1.422000 2.622000
v -2.602000 2.030000 2.622000
v -2.590000 2.018000 2.622000
v -2.602000 2.018000 2.610000
v -3.343000 1.470000 2.690500
v -3.343000 1.477000 2.697500
v -3.350000 1.477000 2.690500
v -3.343000 1.963000 2.697500
v -3.343000 1.970000 2.690500
v -3.350000 1.963000 2.690500
v -3.343000 1.470000 2.669500
v -3.350000 1.477000 2.669500
v -3.343000 1.477000 2.662500
v -3.343000 1.970000 2.669500
v -3.343000 1.963000 2.662500
v -3.350000 1.963000 2.669500
v -2.657000 1.470000 2.690500
v -2.650000 1.477000 2.690500
v -2.657000 1.477000 2.697500
v -2.657000 1.970000 2.690500
v -2.657000 1.963000 2.697500
v -2.650000 1.963000 2.690500
v -2.657000 1.470000 2.669500
v -2.657000 1.477000 2.662500
v -2.650000 1.477000 2.669500
v -2.657000 1.970000 2.669500
v -2.650000 1.963000 2.669500
v -2.657000 1.963000 2.662500
v -3.014000 1.455000 2.719000
v -3.014000 1.461000 2.725000
v -3.020000 1.461000 2.719000
v -3.014000 1.979000 2.725000
v -3.014000 1.985000 2.719000
v -3.020000 1.979000 2.719000
v -3.014000 1.455000 2.701000
v -3.020000 1.461000 2.701000
v -3.014000 1.461000 2.695000
v -3.014000 1.985000 2.701000
v -3.014000 1.979000 2.695000
v -3.020000 1.979000 2.701000
v -2.986000 1.455000 2.719000
v -2.980000 1.461000 2.719000
v -2.986000 1.461000 2.725000
v -2.986000 1.985000 2.719000
v -2.986000 1.979000 2.725000
v -2.980000 1.979000 2.719000
v -2.986000 1.455000 2.701000
v -2.986000 1.461000 2.695000
v -2.980000 1.461000 2.701000
v -2.986000 1.985000 2.701000
v -2.980000 1.979000 2.701000
v -2.986000 1.979000 2.695000
v -3.459000 1.350000 2.749000
v -3.459000 1.366000 2.765000
v -3.475000 1.366000 2.749000
v -3.459000 1.414000 2.765000
v -3.459000 1.430000 2.749000
v -3.475000 1.414000 2.749000
v -3.459000 1.350000 2.651000
v -3.475000 1.366000 2.651000
v -3.459000 1.366000 2.635000
v -3.459000 1.430000 2.651000
v -3.459000 1.414000 2.635000
v -3.475000 1.414000 2.651000
v -2.541000 1.350000 2.749000
v -2.525000 1.366000 2.749000
v -2.541000 1.366000 2.765000
v -2.541000 1.430000 2.749000
v -2.541000 1.414000 2.765000
v -2.525000 1.414000 2.749000
v -2.541000 1.350000 2.651000
v -2.541000 1.366000 2.635000
v -2.525000 1.366000 2.651000
v -2.541000 1.430000 2.651000
v -2.525000 1.414000 2.651000
v -2.541000 1.414000 2.635000
v -2.198000 1.410000 2.658000
v -2.198000 1.422000 2.670000
v -2.210000 1.422000 2.658000
v -2.198000 2.018000 2.670000
v -2.198000 2.030000 2.658000
v -2.210000 2.018000 2.658000
v -2.198000 1.410000 2.622000
v -2.210000 1.422000 2.622000
v -2.198000 1.422000 2.610000
v -2.198000 2.030000 2.622000
v -2.198000 2.018000 2.610000
v -2.210000 2.018000 2.622000
v -1.402000 1.410000 2.658000
v -1.390000 1.422000 2.658000
v -1.402000 1.422000 2.670000
v -1.402000 2.030000 2.658000
v -1.402000 2.018000 2.670000
v -1.390000 2.018000 2.658000
v -1.402000 1.410000 2.622000
v -1.402000 1.422000 2.610000
v -1.390000 1.422000 2.622000
v -1.402000 2.030000 2.622000
v -1.390000 2.018000 2.622000
v -1.402000 2.018000 2.610000
v -2.143000 1.470000 2.690500
v -2.143000 1.477000 2.697500
v -2.150000 1.477000 2.690500
v -2.143000 1.963000 2.697500
v -2.143000 1.970000 2.690500
v -2.150000 1.963000 2.690500
v -2.143000 1.470000 2.669500
v -2.150000 1.477000 2.669500
v -2.143000 1.477000 2.662500
v -2.143000 1.970000 2.669500
v -2.143000 1.963000 2.662500
v -2.150000 1.963000 2.669500
v -1.457000 1.470000 2.690500
v -1.450000 1.477000 2.690500
v -1.457000 1.477000 2.697500
v -1.457000 1.970000 2.690500
v -1.457000 1.963000 2.697500
v -1.450000 1.963000 2.690500
v -1.457000 1.470000 2.669500
v -1.457000 1.477000 2.662500
v -1.450000 1.477000 2.669500
v -1.457000 1.970000 2.669500
v -1.450000 1.963000 2.669500
v -1.457000 1.963000 2.662500
v -1.814000 1.455000 2.719000
v -1.814000 1.461000 2.725000
v -1.820000 1.461000 2.719000
v -1.814000 1.979000 2.725000
v -1.814000 1.985000 2.719000
v -1.820000 1.979000 2.719000
v -1.814000 1.455000 2.701000
v -1.820000 1.461000 2.701000
v -1.814000 1.461000 2.695000
v -1.814000 1.985000 2.701000
v -1.814000 1.979000 2.695000
v -1.820000 1.979000 2.701000
v -1.786000 1.455000 2.719000
v -1.780000 1.461000 2.719000
v -1.786000 1.461000 2.725000
v -1.786000 1.985000 2.719000
v -1.786000 1.979000 2.725000
v -1.780000 1.979000 2.719000
v -1.786000 1.455000 2.701000
v -1.786000 1.461000 2.695000
v -1.780000 1.461000 2.701000
v -1.786000 1.985000 2.701000
v -1.780000 1.979000 2.701000
v -1.786000 1.979000 2.695000
v -2.259000 1.350000 2.749000
v -2.259000 1.366000 2.765000
v -2.275000 1.366000 2.749000
v -2.259000 1.414000 2.765000
v -2.259000 1.430000 2.749000
v -2.275000 1.414000 2.749000
v -2.259000 1.350000 2.651000
v -2.275000 1.366000 2.651000
v -2.259000 1.366000 2.635000
v -2.259000 1.430000 2.651000
v -2.259000 1.414000 2.635000
v -2.275000 1.414000 2.651000
v -1.341000 1.350000 2.749000
v -1.325000 1.366000 2.749000
v -1.341000 1.366000 2.765000
v -1.341000 1.430000 2.749000
v -1.341000 1.414000 2.765000
v -1.325000 1.414000 2.749000
v -1.341000 1.350000 2.651000
v -1.341000 1.366000 2.635000
v -1.325000 1.366000 2.651000
v -1.341000 1.430000 2.651000
v -1.325000 1.414000 2.651000
v -1.341000 1.414000 2.635000
v 1.402000 1.410000 2.658000
v 1.402000 1.422000 2.670000
v 1.390000 1.422000 2.658000
v 1.402000 2.018000 2.670000
v 1.402000 2.030000 2.658000
v 1.390000 2.018000 2.658000
v 1.402000 1.410000 2.622000
v 1.390000 1.422000 2.622000
v 1.402000 1.422000 2.610000
v 1.402000 2.030000 2.622000
v 1.402000 2.018000 2.610000
v 1.390000 2.018000 2.622000
v 2.198000 1.410000 2.658000
v 2.210000 1.422000 2.658000
v 2.198000 1.422000 2.670000
v 2.198000 2.030000 2.658000
v 2.198000 2.018000 2.670000
v 2.210000 2.018000 2.658000
v 2.198000 1.410000 2.622000
v 2.198000 1.422000 2.610000
v 2.210000 1.422000 2.622000
v 2.198000 2.030000 2.622000
v 2.210000 2.018000 2.622000
v 2.198000 2.018000 2.610000
v 1.457000 1.470000 2.690500
v 1.457000 1.477000 2.697500
v 1.450000 1.477000 2.690500
v 1.457000 1.963000 2.697500
v 1.457000 1.970000 2.690500
v 1.450000 1.963000 2.690500
v 1.457000 1.470000 2.669500
v 1.450000 1.477000 2.669500
v 1.457000 1.477000 2.662500
v 1.457000 1.970000 2.669500
v 1.457000 1.963000 2.662500
v 1.450000 1.963000 2.669500
v 2.143000 1.470000 2.690500
v 2.150000 1.477000 2.690500
v 2.143000 1.477000 2.697500
v 2.143000 1.970000 2.690500
v 2.143000 1.963000 2.697500
v 2.150000 1.963000 2.690500
v 2.143000 1.470000 2.669500
v 2.143000 1.477000 2.662500
v 2.150000 1.477000 2.669500
v 2.143000 1.970000 2.669500
v 2.150000 1.963000 2.669500
v 2.143000 1.963000 2.662500
v 1.786000 1.455000 2.719000
v 1.786000 1.461000 2.725000
v 1.780000 1.461000 2.719000
v 1.786000 1.979000 2.725000
v 1.786000 1.985000 2.719000
v 1.780000 1.979000 2.719000
v 1.786000 1.455000 2.701000
v 1.780000 1.461000 2.701000
v 1.786000 1.461000 2.695000
v 1.786000 1.985000 2.701000
v 1.786000 1.979000 2.695000
v 1.780000 1.979000 2.701000
v 1.814000 1.455000 2.719000
v 1.820000 1.461000 2.719000
v 1.814000 1.461000 2.725000
v 1.814000 1.985000 2.719000
v 1.814000 1.979000 2.725000
v 1.820000 1.979000 2.719000
v 1.814000 1.455000 2.701000
v 1.814000 1.461000 2.695000
v 1.820000 1.461000 2.701000
v 1.814000 1.985000 2.701000
v 1.820000 1.979000 2.701000
v 1.814000 1.979000 2.695000
v 1.341000 1.350000 2.749000
v 1.341000 1.366000 2.765000
v 1.325000 1.366000 2.749000
v 1.341000 1.414000 2.765000
v 1.341000 1.430000 2.749000
v 1.325000 1.414000 2.749000
v 1.341000 1.350000 2.651000
v 1.325000 1.366000 2.651000
v 1.341000 1.366000 2.635000
v 1.341000 1.430000 2.651000
v 1.341000 1.414000 2.635000
v 1.325000 1.414000 2.651000
v 2.259000 1.350000 2.749000
v 2.275000 1.366000 2.749000
v 2.259000 1.366000 2.765000
v 2.259000 1.430000 2.749000
v 2.259000 1.414000 2.765000
v 2.275000 1.414000 2.749000
v 2.259000 1.350000 2.651000
v 2.259000 1.366000 2.635000
v 2.275000 1.366000 2.651000
v 2.259000 1.430000 2.651000
v 2.275000 1.414000 2.651000
v 2.259000 1.414000 2.635000
v 2.602000 1.410000 2.658000
v 2.602000 1.422000 2.670000
v 2.590000 1.422000 2.658000
v 2.602000 2.018000 2.670000
v 2.602000 2.030000 2.658000
v 2.590000 2.018000 2.658000
v 2.602000 1.410000 2.622000
v 2.590000 1.422000 2.622000
v 2.602000 1.422000 2.610000
v 2.602000 2.030000 2.622000
v 2.602000 2.018000 2.610000
v 2.590000 2.018000 2.622000
v 3.398000 1.410000 2.658000
v 3.410000 1.422000 2.658000
v 3.398000 1.422000 2.670000
v 3.398000 2.030000 2.658000
v 3.398000 2.018000 2.670000
v 3.410000 2.018000 2.658000
v 3.398000 1.410000 2.622000
v 3.398000 1.422000 2.610000
v 3.410000 1.422000 2.622000
v 3.398000 2.030000 2.622000
v 3.410000 2.018000 2.622000
v 3.398000 2.018000 2.610000
v 2.657000 1.470000 2.690500
v 2.657000 1.477000 2.697500
v 2.650000 1.477000 2.690500
v 2.657000 1.963000 2.697500
v 2.657000 1.970000 2.690500
v 2.650000 1.963000 2.690500
v 2.657000 1.470000 2.669500
v 2.650000 1.477000 2.669500
v 2.657000 1.477000 2.662500
v 2.657000 1.970000 2.669500
v 2.657000 1.963000 2.662500
v 2.650000 1.963000 2.669500
v 3.343000 1.470000 2.690500
v 3.350000 1.477000 2.690500
v 3.343000 1.477000 2.697500
v 3.343000 1.970000 2.690500
v 3.343000 1.963000 2.697500
v 3.350000 1.963000 2.690500
v 3.343000 1.470000 2.669500
v 3.343000 1.477000 2.662500
v 3.350000 1.477000 2.669500
v 3.343000 1.970000 2.669500
v 3.350000 1.963000 2.669500
v 3.343000 1.963000 2.662500
v 2.986000 1.455000 2.719000
v 2.986000 1.461000 2.725000
v 2.980000 1.461000 2.719000
v 2.986000 1.979000 2.725000
v 2.986000 1.985000 2.719000
v 2.980000 1.979000 2.719000
v 2.986000 1.455000 2.701000
v 2.980000 1.461000 2.701000
v 2.986000 1.461000 2.695000
v 2.986000 1.985000 2.701000
v 2.986000 1.979000 2.695000
v 2.980000 1.979000 2.701000
v 3.014000 1.455000 2.719000
v 3.020000 1.461000 2.719000
v 3.014000 1.461000 2.725000
v 3.014000 1.985000 2.719000
v 3.014000 1.979000 2.725000
v 3.020000 1.979000 2.719000
v 3.014000 1.455000 2.701000
v 3.014000 1.461000 2.695000
v 3.020000 1.461000 2.701000
v 3.014000 1.985000 2.701000
v 3.020000 1.979000 2.701000
v 3.014000 1.979000 2.695000
v 2.541000 1.350000 2.749000
v 2.541000 1.366000 2.765000
v 2.525000 1.366000 2.749000
v 2.541000 1.414000 2.765000
v 2.541000 1.430000 2.749000
v 2.525000 1.414000 2.749000
v 2.541000 1.350000 2.651000
v 2.525000 1.366000 2.651000
v 2.541000 1.366000 2.635000
v 2.541000 1.430000 2.651000
v 2.541000 1.414000 2.635000
v 2.525000 1.414000 2.651000
v 3.459000 1.350000 2.749000
v 3.475000 1.366000 2.749000
v 3.459000 1.366000 2.765000
v 3.459000 1.430000 2.749000
v 3.459000 1.414000 2.765000
v 3.475000 1.414000 2.749000
v 3.459000 1.350000 2.651000
v 3.459000 1.366000 2.635000
v 3.475000 1.366000 2.651000
v 3.459000 1.430000 2.651000
v 3.475000 1.414000 2.651000
v 3.459000 1.414000 2.635000
v -0.580000 0.155000 2.670000
v -0.580000 0.175000 2.690000
v -0.600000 0.175000 2.670000
v -0.580000 1.785000 2.690000
v -0.580000 1.805000 2.670000
v -0.600000 1.785000 2.670000
v -0.580000 0.155000 2.610000
v -0.600000 0.175000 2.610000
v -0.580000 0.175000 2.590000
v -0.580000 1.805000 2.610000
v -0.580000 1.785000 2.590000
v -0.600000 1.785000 2.610000
v 0.580000 0.155000 2.670000
v 0.600000 0.175000 2.670000
v 0.580000 0.175000 2.690000
v 0.580000 1.805000 2.670000
v 0.580000 1.785000 2.690000
v 0.600000 1.785000 2.670000
v 0.580000 0.155000 2.610000
v 0.580000 0.175000 2.590000
v 0.600000 0.175000 2.610000
v 0.580000 1.805000 2.610000
v 0.600000 1.785000 2.610000
v 0.580000 1.785000 2.590000
v -0.480000 0.352000 2.690000
v -0.480000 0.352000 2.718000
v -0.452287 0.336000 2.690000
v -0.452287 0.336000 2.718000
v -0.452287 0.304000 2.690000
v -0.452287 0.304000 2.718000
v -0.480000 0.288000 2.690000
v -0.480000 0.288000 2.718000
v -0.507713 0.304000 2.690000
v -0.507713 0.304000 2.718000
v -0.507713 0.336000 2.690000
v -0.507713 0.336000 2.718000
v -0.480000 1.672000 2.690000
v -0.480000 1.672000 2.718000
v -0.452287 1.656000 2.690000
v -0.452287 1.656000 2.718000
v -0.452287 1.624000 2.690000
v -0.452287 1.624000 2.718000
v -0.480000 1.608000 2.690000
v -0.480000 1.608000 2.718000
v -0.507713 1.624000 2.690000
v -0.507713 1.624000 2.718000
v -0.507713 1.656000 2.690000
v -0.507713 1.656000 2.718000
v 0.480000 0.352000 2.690000
v 0.480000 0.352000 2.718000
v 0.507713 0.336000 2.690000
v 0.507713 0.336000 2.718000
v 0.507713 0.304000 2.690000
v 0.507713 0.304000 2.718000
v 0.480000 0.288000 2.690000
v 0.480000 0.288000 2.718000
v 0.452287 0.304000 2.690000
v 0.452287 0.304000 2.718000
v 0.452287 0.336000 2.690000
v 0.452287 0.336000 2.718000
v 0.480000 1.672000 2.690000
v 0.480000 1.672000 2.718000
v 0.507713 1.656000 2.690000
v 0.507713 1.656000 2.718000
v 0.507713 1.624000 2.690000
v 0.507713 1.624000 2.718000
v 0.480000 1.608000 2.690000
v 0.480000 1.608000 2.718000
v 0.452287 1.624000 2.690000
v 0.452287 1.624000 2.718000
v 0.452287 1.656000 2.690000
v 0.452287 1.656000 2.718000
v -0.726000 0.055000 2.731000
v -0.726000 0.079000 2.755000
v -0.750000 0.079000 2.731000
v -0.726000 1.981000 2.755000
v -0.726000 2.005000 2.731000
v -0.750000 1.981000 2.731000
v -0.726000 0.055000 2.629000
v -0.750000 0.079000 2.629000
v -0.726000 0.079000 2.605000
v -0.726000 2.005000 2.629000
v -0.726000 1.981000 2.605000
v -0.750000 1.981000 2.629000
v -0.654000 0.055000 2.731000
v -0.630000 0.079000 2.731000
v -0.654000 0.079000 2.755000
v -0.654000 2.005000 2.731000
v -0.654000 1.981000 2.755000
v -0.630000 1.981000 2.731000
v -0.654000 0.055000 2.629000
v -0.654000 0.079000 2.605000
v -0.630000 0.079000 2.629000
v -0.654000 2.005000 2.629000
v -0.630000 1.981000 2.629000
v -0.654000 1.981000 2.605000
v 0.654000 0.055000 2.731000
v 0.654000 0.079000 2.755000
v 0.630000 0.079000 2.731000
v 0.654000 1.981000 2.755000
v 0.654000 2.005000 2.731000
v 0.630000 1.981000 2.731000
v 0.654000 0.055000 2.629000
v 0.630000 0.079000 2.629000
v 0.654000 0.079000 2.605000
v 0.654000 2.005000 2.629000
v 0.654000 1.981000 2.605000
v 0.630000 1.981000 2.629000
v 0.726000 0.055000 2.731000
v 0.750000 0.079000 2.731000
v 0.726000 0.079000 2.755000
v 0.726000 2.005000 2.731000
v 0.726000 1.981000 2.755000
v 0.750000 1.981000 2.731000
v 0.726000 0.055000 2.629000
v 0.726000 0.079000 2.605000
v 0.750000 0.079000 2.629000
v 0.726000 2.005000 2.629000
v 0.750000 1.981000 2.629000
v 0.726000 1.981000 2.605000
v -0.726000 1.960000 2.731000
v -0.726000 1.984000 2.755000
v -0.750000 1.984000 2.731000
v -0.726000 2.056000 2.755000
v -0.726000 2.080000 2.731000
v -0.750000 2.056000 2.731000
v -0.726000 1.960000 2.629000
v -0.750000 1.984000 2.629000
v -0.726000 1.984000 2.605000
v -0.726000 2.080000 2.629000
v -0.726000 2.056000 2.605000
v -0.750000 2.056000 2.629000
v 0.726000 1.960000 2.731000
v 0.750000 1.984000 2.731000
v 0.726000 1.984000 2.755000
v 0.726000 2.080000 2.731000
v 0.726000 2.056000 2.755000
v 0.750000 2.056000 2.731000
v 0.726000 1.960000 2.629000
v 0.726000 1.984000 2.605000
v 0.750000 1.984000 2.629000
v 0.726000 2.080000 2.629000
v 0.750000 2.056000 2.629000
v 0.726000 2.056000 2.605000
v 0.363500 0.900000 2.744000
v 0.363500 0.911000 2.755000
v 0.352500 0.911000 2.744000
v 0.363500 1.089000 2.755000
v 0.363500 1.100000 2.744000
v 0.352500 1.089000 2.744000
v 0.363500 0.900000 2.696000
v 0.352500 0.911000 2.696000
v 0.363500 0.911000 2.685000
v 0.363500 1.100000 2.696000
v 0.363500 1.089000 2.685000
v 0.352500 1.089000 2.696000
v 0.396500 0.900000 2.744000
v 0.407500 0.911000 2.744000
v 0.396500 0.911000 2.755000
v 0.396500 1.100000 2.744000
v 0.396500 1.089000 2.755000
v 0.407500 1.089000 2.744000
v 0.396500 0.900000 2.696000
v 0.396500 0.911000 2.685000
v 0.407500 0.911000 2.696000
v 0.396500 1.100000 2.696000
v 0.407500 1.089000 2.696000
v 0.396500 1.089000 2.685000
v -4.434000 0.300000 -2.076000
v -4.434000 0.316000 -2.060000
v -4.450000 0.316000 -2.076000
v -4.434000 2.484000 -2.060000
v -4.434000 2.500000 -2.076000
v -4.450000 2.484000 -2.076000
v -4.434000 0.300000 -2.124000
v -4.450000 0.316000 -2.124000
v -4.434000 0.316000 -2.140000
v -4.434000 2.500000 -2.124000
v -4.434000 2.484000 -2.140000
v -4.450000 2.484000 -2.124000
v -4.386000 0.300000 -2.076000
v -4.370000 0.316000 -2.076000
v -4.386000 0.316000 -2.060000
v -4.386000 2.500000 -2.076000
v -4.386000 2.484000 -2.060000
v -4.370000 2.484000 -2.076000
v -4.386000 0.300000 -2.124000
v -4.386000 0.316000 -2.140000
v -4.370000 0.316000 -2.124000
v -4.386000 2.500000 -2.124000
v -4.370000 2.484000 -2.124000
v -4.386000 2.484000 -2.140000
v -4.434000 0.300000 -1.376000
v -4.434000 0.316000 -1.360000
v -4.450000 0.316000 -1.376000
v -4.434000 2.484000 -1.360000
v -4.434000 2.500000 -1.376000
v -4.450000 2.484000 -1.376000
v -4.434000 0.300000 -1.424000
v -4.450000 0.316000 -1.424000
v -4.434000 0.316000 -1.440000
v -4.434000 2.500000 -1.424000
v -4.434000 2.484000 -1.440000
v -4.450000 2.484000 -1.424000
v -4.386000 0.300000 -1.376000
v -4.370000 0.316000 -1.376000
v -4.386000 0.316000 -1.360000
v -4.386000 2.500000 -1.376000
v -4.386000 2.484000 -1.360000
v -4.370000 2.484000 -1.376000
v -4.386000 0.300000 -1.424000
v -4.386000 0.316000 -1.440000
v -4.370000 0.316000 -1.424000
v -4.386000 2.500000 -1.424000
v -4.370000 2.484000 -1.424000
v -4.386000 2.484000 -1.440000
v -4.434000 0.300000 -0.676000
v -4.434000 0.316000 -0.660000
v -4.450000 0.316000 -0.676000
v -4.434000 2.484000 -0.660000
v -4.434000 2.500000 -0.676000
v -4.450000 2.484000 -0.676000
v -4.434000 0.300000 -0.724000
v -4.450000 0.316000 -0.724000
v -4.434000 0.316000 -0.740000
v -4.434000 2.500000 -0.724000
v -4.434000 2.484000 -0.740000
v -4.450000 2.484000 -0.724000
v -4.386000 0.300000 -0.676000
v -4.370000 0.316000 -0.676000
v -4.386000 0.316000 -0.660000
v -4.386000 2.500000 -0.676000
v -4.386000 2.484000 -0.660000
v -4.370000 2.484000 -0.676000
v -4.386000 0.300000 -0.724000
v -4.386000 0.316000 -0.740000
v -4.370000 0.316000 -0.724000
v -4.386000 2.500000 -0.724000
v -4.370000 2.484000 -0.724000
v -4.386000 2.484000 -0.740000
v -4.434000 0.300000 0.024000
v -4.434000 0.316000 0.040000
v -4.450000 0.316000 0.024000
v -4.434000 2.484000 0.040000
v -4.434000 2.500000 0.024000
v -4.450000 2.484000 0.024000
v -4.434000 0.300000 -0.024000
v -4.450000 0.316000 -0.024000
v -4.434000 0.316000 -0.040000
v -4.434000 2.500000 -0.024000
v -4.434000 2.484000 -0.040000
v -4.450000 2.484000 -0.024000
v -4.386000 0.300000 0.024000
v -4.370000 0.316000 0.024000
v -4.386000 0.316000 0.040000
v -4.386000 2.500000 0.024000
v -4.386000 2.484000 0.040000
v -4.370000 2.484000 0.024000
v -4.386000 0.300000 -0.024000
v -4.386000 0.316000 -0.040000
v -4.370000 0.316000 -0.024000
v -4.386000 2.500000 -0.024000
v -4.370000 2.484000 -0.024000
v -4.386000 2.484000 -0.040000
v -4.434000 0.300000 0.724000
v -4.434000 0.316000 0.740000
v -4.450000 0.316000 0.724000
v -4.434000 2.484000 0.740000
v -4.434000 2.500000 0.724000
v -4.450000 2.484000 0.724000
v -4.434000 0.300000 0.676000
v -4.450000 0.316000 0.676000
v -4.434000 0.316000 0.660000
v -4.434000 2.500000 0.676000
v -4.434000 2.484000 0.660000
v -4.450000 2.484000 0.676000
v -4.386000 0.300000 0.724000
v -4.370000 0.316000 0.724000
v -4.386000 0.316000 0.740000
v -4.386000 2.500000 0.724000
v -4.386000 2.484000 0.740000
v -4.370000 2.484000 0.724000
v -4.386000 0.300000 0.676000
v -4.386000 0.316000 0.660000
v -4.370000 0.316000 0.676000
v -4.386000 2.500000 0.676000
v -4.370000 2.484000 0.676000
v -4.386000 2.484000 0.660000
v -4.434000 0.300000 1.424000
v -4.434000 0.316000 1.440000
v -4.450000 0.316000 1.424000
v -4.434000 2.484000 1.440000
v -4.434000 2.500000 1.424000
v -4.450000 2.484000 1.424000
v -4.434000 0.300000 1.376000
v -4.450000 0.316000 1.376000
v -4.434000 0.316000 1.360000
v -4.434000 2.500000 1.376000
v -4.434000 2.484000 1.360000
v -4.450000 2.484000 1.376000
v -4.386000 0.300000 1.424000
v -4.370000 0.316000 1.424000
v -4.386000 0.316000 1.440000
v -4.386000 2.500000 1.424000
v -4.386000 2.484000 1.440000
v -4.370000 2.484000 1.424000
v -4.386000 0.300000 1.376000
v -4.386000 0.316000 1.360000
v -4.370000 0.316000 1.376000
v -4.386000 2.500000 1.376000
v -4.370000 2.484000 1.376000
v -4.386000 2.484000 1.360000
v -4.434000 0.300000 2.124000
v -4.434000 0.316000 2.140000
v -4.450000 0.316000 2.124000
v -4.434000 2.484000 2.140000
v -4.434000 2.500000 2.124000
v -4.450000 2.484000 2.124000
v -4.434000 0.300000 2.076000
v -4.450000 0.316000 2.076000
v -4.434000 0.316000 2.060000
v -4.434000 2.500000 2.076000
v -4.434000 2.484000 2.060000
v -4.450000 2.484000 2.076000
v -4.386000 0.300000 2.124000
v -4.370000 0.316000 2.124000
v -4.386000 0.316000 2.140000
v -4.386000 2.500000 2.124000
v -4.386000 2.484000 2.140000
v -4.370000 2.484000 2.124000
v -4.386000 0.300000 2.076000
v -4.386000 0.316000 2.060000
v -4.370000 0.316000 2.076000
v -4.386000 2.500000 2.076000
v -4.370000 2.484000 2.076000
v -4.386000 2.484000 2.060000
v -4.471000 1.900000 -0.739000
v -4.471000 1.914000 -0.725000
v -4.485000 1.914000 -0.739000
v -4.471000 2.486000 -0.725000
v -4.471000 2.500000 -0.739000
v -4.485000 2.486000 -0.739000
v -4.471000 1.900000 -1.861000
v -4.485000 1.914000 -1.861000
v -4.471000 1.914000 -1.875000
v -4.471000 2.500000 -1.861000
v -4.471000 2.486000 -1.875000
v -4.485000 2.486000 -1.861000
v -4.429000 1.900000 -0.739000
v -4.415000 1.914000 -0.739000
v -4.429000 1.914000 -0.725000
v -4.429000 2.500000 -0.739000
v -4.429000 2.486000 -0.725000
v -4.415000 2.486000 -0.739000
v -4.429000 1.900000 -1.861000
v -4.429000 1.914000 -1.875000
v -4.415000 1.914000 -1.861000
v -4.429000 2.500000 -1.861000
v -4.415000 2.486000 -1.861000
v -4.429000 2.486000 -1.875000
v -4.510500 1.960000 -0.777000
v -4.510500 1.967000 -0.770000
v -4.517500 1.967000 -0.777000
v -4.510500 1.993000 -0.770000
v -4.510500 2.000000 -0.777000
v -4.517500 1.993000 -0.777000
v -4.510500 1.960000 -1.823000
v -4.517500 1.967000 -1.823000
v -4.510500 1.967000 -1.830000
v -4.510500 2.000000 -1.823000
v -4.510500 1.993000 -1.830000
v -4.517500 1.993000 -1.823000
v -4.489500 1.960000 -0.777000
v -4.482500 1.967000 -0.777000
v -4.489500 1.967000 -0.770000
v -4.489500 2.000000 -0.777000
v -4.489500 1.993000 -0.770000
v -4.482500 1.993000 -0.777000
v -4.489500 1.960000 -1.823000
v -4.489500 1.967000 -1.830000
v -4.482500 1.967000 -1.823000
v -4.489500 2.000000 -1.823000
v -4.482500 1.993000 -1.823000
v -4.489500 1.993000 -1.830000
v -4.510500 2.060000 -0.777000
v -4.510500 2.067000 -0.770000
v -4.517500 2.067000 -0.777000
v -4.510500 2.093000 -0.770000
v -4.510500 2.100000 -0.777000
v -4.517500 2.093000 -0.777000
v -4.510500 2.060000 -1.823000
v -4.517500 2.067000 -1.823000
v -4.510500 2.067000 -1.830000
v -4.510500 2.100000 -1.823000
v -4.510500 2.093000 -1.830000
v -4.517500 2.093000 -1.823000
v -4.489500 2.060000 -0.777000
v -4.482500 2.067000 -0.777000
v -4.489500 2.067000 -0.770000
v -4.489500 2.100000 -0.777000
v -4.489500 2.093000 -0.770000
v -4.482500 2.093000 -0.777000
v -4.489500 2.060000 -1.823000
v -4.489500 2.067000 -1.830000
v -4.482500 2.067000 -1.823000
v -4.489500 2.100000 -1.823000
v -4.482500 2.093000 -1.823000
v -4.489500 2.093000 -1.830000
v -4.510500 2.160000 -0.777000
v -4.510500 2.167000 -0.770000
v -4.517500 2.167000 -0.777000
v -4.510500 2.193000 -0.770000
v -4.510500 2.200000 -0.777000
v -4.517500 2.193000 -0.777000
v -4.510500 2.160000 -1.823000
v -4.517500 2.167000 -1.823000
v -4.510500 2.167000 -1.830000
v -4.510500 2.200000 -1.823000
v -4.510500 2.193000 -1.830000
v -4.517500 2.193000 -1.823000
v -4.489500 2.160000 -0.777000
v -4.482500 2.167000 -0.777000
v -4.489500 2.167000 -0.770000
v -4.489500 2.200000 -0.777000
v -4.489500 2.193000 -0.770000
v -4.482500 2.193000 -0.777000
v -4.489500 2.160000 -1.823000
v -4.489500 2.167000 -1.830000
v -4.482500 2.167000 -1.823000
v -4.489500 2.200000 -1.823000
v -4.482500 2.193000 -1.823000
v -4.489500 2.193000 -1.830000
v -4.510500 2.260000 -0.777000
v -4.510500 2.267000 -0.770000
v -4.517500 2.267000 -0.777000
v -4.510500 2.293000 -0.770000
v -4.510500 2.300000 -0.777000
v -4.517500 2.293000 -0.777000
v -4.510500 2.260000 -1.823000
v -4.517500 2.267000 -1.823000
v -4.510500 2.267000 -1.830000
v -4.510500 2.300000 -1.823000
v -4.510500 2.293000 -1.830000
v -4.517500 2.293000 -1.823000
v -4.489500 2.260000 -0.777000
v -4.482500 2.267000 -0.777000
v -4.489500 2.267000 -0.770000
v -4.489500 2.300000 -0.777000
v -4.489500 2.293000 -0.770000
v -4.482500 2.293000 -0.777000
v -4.489500 2.260000 -1.823000
v -4.489500 2.267000 -1.830000
v -4.482500 2.267000 -1.823000
v -4.489500 2.300000 -1.823000
v -4.482500 2.293000 -1.823000
v -4.489500 2.293000 -1.830000
v -4.510500 2.360000 -0.777000
v -4.510500 2.367000 -0.770000
v -4.517500 2.367000 -0.777000
v -4.510500 2.393000 -0.770000
v -4.510500 2.400000 -0.777000
v -4.517500 2.393000 -0.777000
v -4.510500 2.360000 -1.823000
v -4.517500 2.367000 -1.823000
v -4.510500 2.367000 -1.830000
v -4.510500 2.400000 -1.823000
v -4.510500 2.393000 -1.830000
v -4.517500 2.393000 -1.823000
v -4.489500 2.360000 -0.777000
v -4.482500 2.367000 -0.777000
v -4.489500 2.367000 -0.770000
v -4.489500 2.400000 -0.777000
v -4.489500 2.393000 -0.770000
v -4.482500 2.393000 -0.777000
v -4.489500 2.360000 -1.823000
v -4.489500 2.367000 -1.830000
v -4.482500 2.367000 -1.823000
v -4.489500 2.400000 -1.823000
v -4.482500 2.393000 -1.823000
v -4.489500 2.393000 -1.830000
v 4.386000 0.300000 -2.076000
v 4.386000 0.316000 -2.060000
v 4.370000 0.316000 -2.076000
v 4.386000 2.484000 -2.060000
v 4.386000 2.500000 -2.076000
v 4.370000 2.484000 -2.076000
v 4.386000 0.300000 -2.124000
v 4.370000 0.316000 -2.124000
v 4.386000 0.316000 -2.140000
v 4.386000 2.500000 -2.124000
v 4.386000 2.484000 -2.140000
v 4.370000 2.484000 -2.124000
v 4.434000 0.300000 -2.076000
v 4.450000 0.316000 -2.076000
v 4.434000 0.316000 -2.060000
v 4.434000 2.500000 -2.076000
v 4.434000 2.484000 -2.060000
v 4.450000 2.484000 -2.076000
v 4.434000 0.300000 -2.124000
v 4.434000 0.316000 -2.140000
v 4.450000 0.316000 -2.124000
v 4.434000 2.500000 -2.124000
v 4.450000 2.484000 -2.124000
v 4.434000 2.484000 -2.140000
v 4.386000 0.300000 -1.376000
v 4.386000 0.316000 -1.360000
v 4.370000 0.316000 -1.376000
v 4.386000 2.484000 -1.360000
v 4.386000 2.500000 -1.376000
v 4.370000 2.484000 -1.376000
v 4.386000 0.300000 -1.424000
v 4.370000 0.316000 -1.424000
v 4.386000 0.316000 -1.440000
v 4.386000 2.500000 -1.424000
v 4.386000 2.484000 -1.440000
v 4.370000 2.484000 -1.424000
v 4.434000 0.300000 -1.376000
v 4.450000 0.316000 -1.376000
v 4.434000 0.316000 -1.360000
v 4.434000 2.500000 -1.376000
v 4.434000 2.484000 -1.360000
v 4.450000 2.484000 -1.376000
v 4.434000 0.300000 -1.424000
v 4.434000 0.316000 -1.440000
v 4.450000 0.316000 -1.424000
v 4.434000 2.500000 -1.424000
v 4.450000 2.484000 -1.424000
v 4.434000 2.484000 -1.440000
v 4.386000 0.300000 -0.676000
v 4.386000 0.316000 -0.660000
v 4.370000 0.316000 -0.676000
v 4.386000 2.484000 -0.660000
v 4.386000 2.500000 -0.676000
v 4.370000 2.484000 -0.676000
v 4.386000 0.300000 -0.724000
v 4.370000 0.316000 -0.724000
v 4.386000 0.316000 -0.740000
v 4.386000 2.500000 -0.724000
v 4.386000 2.484000 -0.740000
v 4.370000 2.484000 -0.724000
v 4.434000 0.300000 -0.676000
v 4.450000 0.316000 -0.676000
v 4.434000 0.316000 -0.660000
v 4.434000 2.500000 -0.676000
v 4.434000 2.484000 -0.660000
v 4.450000 2.484000 -0.676000
v 4.434000 0.300000 -0.724000
v 4.434000 0.316000 -0.740000
v 4.450000 0.316000 -0.724000
v 4.434000 2.500000 -0.724000
v 4.450000 2.484000 -0.724000
v 4.434000 2.484000 -0.740000
v 4.386000 0.300000 0.024000
v 4.386000 0.316000 0.040000
v 4.370000 0.316000 0.024000
v 4.386000 2.484000 0.040000
v 4.386000 2.500000 0.024000
v 4.370000 2.484000 0.024000
v 4.386000 0.300000 -0.024000
v 4.370000 0.316000 -0.024000
v 4.386000 0.316000 -0.040000
v 4.386000 2.500000 -0.024000
v 4.386000 2.484000 -0.040000
v 4.370000 2.484000 -0.024000
v 4.434000 0.300000 0.024000
v 4.450000 0.316000 0.024000
v 4.434000 0.316000 0.040000
v 4.434000 2.500000 0.024000
v 4.434000 2.484000 0.040000
v 4.450000 2.484000 0.024000
v 4.434000 0.300000 -0.024000
v 4.434000 0.316000 -0.040000
v 4.450000 0.316000 -0.024000
v 4.434000 2.500000 -0.024000
v 4.450000 2.484000 -0.024000
v 4.434000 2.484000 -0.040000
v 4.386000 0.300000 0.724000
v 4.386000 0.316000 0.740000
v 4.370000 0.316000 0.724000
v 4.386000 2.484000 0.740000
v 4.386000 2.500000 0.724000
v 4.370000 2.484000 0.724000
v 4.386000 0.300000 0.676000
v 4.370000 0.316000 0.676000
v 4.386000 0.316000 0.660000
v 4.386000 2.500000 0.676000
v 4.386000 2.484000 0.660000
v 4.370000 2.484000 0.676000
v 4.434000 0.300000 0.724000
v 4.450000 0.316000 0.724000
v 4.434000 0.316000 0.740000
v 4.434000 2.500000 0.724000
v 4.434000 2.484000 0.740000
v 4.450000 2.484000 0.724000
v 4.434000 0.300000 0.676000
v 4.434000 0.316000 0.660000
v 4.450000 0.316000 0.676000
v 4.434000 2.500000 0.676000
v 4.450000 2.484000 0.676000
v 4.434000 2.484000 0.660000
v 4.386000 0.300000 1.424000
v 4.386000 0.316000 1.440000
v 4.370000 0.316000 1.424000
v 4.386000 2.484000 1.440000
v 4.386000 2.500000 1.424000
v 4.370000 2.484000 1.424000
v 4.386000 0.300000 1.376000
v 4.370000 0.316000 1.376000
v 4.386000 0.316000 1.360000
v 4.386000 2.500000 1.376000
v 4.386000 2.484000 1.360000
v 4.370000 2.484000 1.376000
v 4.434000 0.300000 1.424000
v 4.450000 0.316000 1.424000
v 4.434000 0.316000 1.440000
v 4.434000 2.500000 1.424000
v 4.434000 2.484000 1.440000
v 4.450000 2.484000 1.424000
v 4.434000 0.300000 1.376000
v 4.434000 0.316000 1.360000
v 4.450000 0.316000 1.376000
v 4.434000 2.500000 1.376000
v 4.450000 2.484000 1.376000
v 4.434000 2.484000 1.360000
v 4.386000 0.300000 2.124000
v 4.386000 0.316000 2.140000
v 4.370000 0.316000 2.124000
v 4.386000 2.484000 2.140000
v 4.386000 2.500000 2.124000
v 4.370000 2.484000 2.124000
v 4.386000 0.300000 2.076000
v 4.370000 0.316000 2.076000
v 4.386000 0.316000 2.060000
v 4.386000 2.500000 2.076000
v 4.386000 2.484000 2.060000
v 4.370000 2.484000 2.076000
v 4.434000 0.300000 2.124000
v 4.450000 0.316000 2.124000
v 4.434000 0.316000 2.140000
v 4.434000 2.500000 2.124000
v 4.434000 2.484000 2.140000
v 4.450000 2.484000 2.124000
v 4.434000 0.300000 2.076000
v 4.434000 0.316000 2.060000
v 4.450000 0.316000 2.076000
v 4.434000 2.500000 2.076000
v 4.450000 2.484000 2.076000
v 4.434000 2.484000 2.060000
v 4.429000 1.900000 -0.739000
v 4.429000 1.914000 -0.725000
v 4.415000 1.914000 -0.739000
v 4.429000 2.486000 -0.725000
v 4.429000 2.500000 -0.739000
v 4.415000 2.486000 -0.739000
v 4.429000 1.900000 -1.861000
v 4.415000 1.914000 -1.861000
v 4.429000 1.914000 -1.875000
v 4.429000 2.500000 -1.861000
v 4.429000 2.486000 -1.875000
v 4.415000 2.486000 -1.861000
v 4.471000 1.900000 -0.739000
v 4.485000 1.914000 -0.739000
v 4.471000 1.914000 -0.725000
v 4.471000 2.500000 -0.739000
v 4.471000 2.486000 -0.725000
v 4.485000 2.486000 -0.739000
v 4.471000 1.900000 -1.861000
v 4.471000 1.914000 -1.875000
v 4.485000 1.914000 -1.861000
v 4.471000 2.500000 -1.861000
v 4.485000 2.486000 -1.861000
v 4.471000 2.486000 -1.875000
v 4.489500 1.960000 -0.777000
v 4.489500 1.967000 -0.770000
v 4.482500 1.967000 -0.777000
v 4.489500 1.993000 -0.770000
v 4.489500 2.000000 -0.777000
v 4.482500 1.993000 -0.777000
v 4.489500 1.960000 -1.823000
v 4.482500 1.967000 -1.823000
v 4.489500 1.967000 -1.830000
v 4.489500 2.000000 -1.823000
v 4.489500 1.993000 -1.830000
v 4.482500 1.993000 -1.823000
v 4.510500 1.960000 -0.777000
v 4.517500 1.967000 -0.777000
v 4.510500 1.967000 -0.770000
v 4.510500 2.000000 -0.777000
v 4.510500 1.993000 -0.770000
v 4.517500 1.993000 -0.777000
v 4.510500 1.960000 -1.823000
v 4.510500 1.967000 -1.830000
v 4.517500 1.967000 -1.823000
v 4.510500 2.000000 -1.823000
v 4.517500 1.993000 -1.823000
v 4.510500 1.993000 -1.830000
v 4.489500 2.060000 -0.777000
v 4.489500 2.067000 -0.770000
v 4.482500 2.067000 -0.777000
v 4.489500 2.093000 -0.770000
v 4.489500 2.100000 -0.777000
v 4.482500 2.093000 -0.777000
v 4.489500 2.060000 -1.823000
v 4.482500 2.067000 -1.823000
v 4.489500 2.067000 -1.830000
v 4.489500 2.100000 -1.823000
v 4.489500 2.093000 -1.830000
v 4.482500 2.093000 -1.823000
v 4.510500 2.060000 -0.777000
v 4.517500 2.067000 -0.777000
v 4.510500 2.067000 -0.770000
v 4.510500 2.100000 -0.777000
v 4.510500 2.093000 -0.770000
v 4.517500 2.093000 -0.777000
v 4.510500 2.060000 -1.823000
v 4.510500 2.067000 -1.830000
v 4.517500 2.067000 -1.823000
v 4.510500 2.100000 -1.823000
v 4.517500 2.093000 -1.823000
v 4.510500 2.093000 -1.830000
v 4.489500 2.160000 -0.777000
v 4.489500 2.167000 -0.770000
v 4.482500 2.167000 -0.777000
v 4.489500 2.193000 -0.770000
v 4.489500 2.200000 -0.777000
v 4.482500 2.193000 -0.777000
v 4.489500 2.160000 -1.823000
v 4.482500 2.167000 -1.823000
v 4.489500 2.167000 -1.830000
v 4.489500 2.200000 -1.823000
v 4.489500 2.193000 -1.830000
v 4.482500 2.193000 -1.823000
v 4.510500 2.160000 -0.777000
v 4.517500 2.167000 -0.777000
v 4.510500 2.167000 -0.770000
v 4.510500 2.200000 -0.777000
v 4.510500 2.193000 -0.770000
v 4.517500 2.193000 -0.777000
v 4.510500 2.160000 -1.823000
v 4.510500 2.167000 -1.830000
v 4.517500 2.167000 -1.823000
v 4.510500 2.200000 -1.823000
v 4.517500 2.193000 -1.823000
v 4.510500 2.193000 -1.830000
v 4.489500 2.260000 -0.777000
v 4.489500 2.267000 -0.770000
v 4.482500 2.267000 -0.777000
v 4.489500 2.293000 -0.770000
v 4.489500 2.300000 -0.777000
v 4.482500 2.293000 -0.777000
v 4.489500 2.260000 -1.823000
v 4.482500 2.267000 -1.823000
v 4.489500 2.267000 -1.830000
v 4.489500 2.300000 -1.823000
v 4.489500 2.293000 -1.830000
v 4.482500 2.293000 -1.823000
v 4.510500 2.260000 -0.777000
v 4.517500 2.267000 -0.777000
v 4.510500 2.267000 -0.770000
v 4.510500 2.300000 -0.777000
v 4.510500 2.293000 -0.770000
v 4.517500 2.293000 -0.777000
v 4.510500 2.260000 -1.823000
v 4.510500 2.267000 -1.830000
v 4.517500 2.267000 -1.823000
v 4.510500 2.300000 -1.823000
v 4.517500 2.293000 -1.823000
v 4.510500 2.293000 -1.830000
v 4.489500 2.360000 -0.777000
v 4.489500 2.367000 -0.770000
v 4.482500 2.367000 -0.777000
v 4.489500 2.393000 -0.770000
v 4.489500 2.400000 -0.777000
v 4.482500 2.393000 -0.777000
v 4.489500 2.360000 -1.823000
v 4.482500 2.367000 -1.823000
v 4.489500 2.367000 -1.830000
v 4.489500 2.400000 -1.823000
v 4.489500 2.393000 -1.830000
v 4.482500 2.393000 -1.823000
v 4.510500 2.360000 -0.777000
v 4.517500 2.367000 -0.777000
v 4.510500 2.367000 -0.770000
v 4.510500 2.400000 -0.777000
v 4.510500 2.393000 -0.770000
v 4.517500 2.393000 -0.777000
v 4.510500 2.360000 -1.823000
v 4.510500 2.367000 -1.830000
v 4.517500 2.367000 -1.823000
v 4.510500 2.400000 -1.823000
v 4.517500 2.393000 -1.823000
v 4.510500 2.393000 -1.830000
v -2.685000 2.260000 2.690000
v -2.685000 2.285000 2.715000
v -2.710000 2.285000 2.690000
v -2.685000 2.415000 2.715000
v -2.685000 2.440000 2.690000
v -2.710000 2.415000 2.690000
v -2.685000 2.260000 2.590000
v -2.710000 2.285000 2.590000
v -2.685000 2.285000 2.565000
v -2.685000 2.440000 2.590000
v -2.685000 2.415000 2.565000
v -2.710000 2.415000 2.590000
v -2.315000 2.260000 2.690000
v -2.290000 2.285000 2.690000
v -2.315000 2.285000 2.715000
v -2.315000 2.440000 2.690000
v -2.315000 2.415000 2.715000
v -2.290000 2.415000 2.690000
v -2.315000 2.260000 2.590000
v -2.315000 2.285000 2.565000
v -2.290000 2.285000 2.590000
v -2.315000 2.440000 2.590000
v -2.290000 2.415000 2.590000
v -2.315000 2.415000 2.565000
v -2.645000 2.290000 2.732500
v -2.645000 2.295000 2.737500
v -2.650000 2.295000 2.732500
v -2.645000 2.385000 2.737500
v -2.645000 2.390000 2.732500
v -2.650000 2.385000 2.732500
v -2.645000 2.290000 2.717500
v -2.650000 2.295000 2.717500
v -2.645000 2.295000 2.712500
v -2.645000 2.390000 2.717500
v -2.645000 2.385000 2.712500
v -2.650000 2.385000 2.717500
v -2.355000 2.290000 2.732500
v -2.350000 2.295000 2.732500
v -2.355000 2.295000 2.737500
v -2.355000 2.390000 2.732500
v -2.355000 2.385000 2.737500
v -2.350000 2.385000 2.732500
v -2.355000 2.290000 2.717500
v -2.355000 2.295000 2.712500
v -2.350000 2.295000 2.717500
v -2.355000 2.390000 2.717500
v -2.350000 2.385000 2.717500
v -2.355000 2.385000 2.712500
v 2.315000 2.260000 2.690000
v 2.315000 2.285000 2.715000
v 2.290000 2.285000 2.690000
v 2.315000 2.415000 2.715000
v 2.315000 2.440000 2.690000
v 2.290000 2.415000 2.690000
v 2.315000 2.260000 2.590000
v 2.290000 2.285000 2.590000
v 2.315000 2.285000 2.565000
v 2.315000 2.440000 2.590000
v 2.315000 2.415000 2.565000
v 2.290000 2.415000 2.590000
v 2.685000 2.260000 2.690000
v 2.710000 2.285000 2.690000
v 2.685000 2.285000 2.715000
v 2.685000 2.440000 2.690000
v 2.685000 2.415000 2.715000
v 2.710000 2.415000 2.690000
v 2.685000 2.260000 2.590000
v 2.685000 2.285000 2.565000
v 2.710000 2.285000 2.590000
v 2.685000 2.440000 2.590000
v 2.710000 2.415000 2.590000
v 2.685000 2.415000 2.565000
v 2.355000 2.290000 2.732500
v 2.355000 2.295000 2.737500
v 2.350000 2.295000 2.732500
v 2.355000 2.385000 2.737500
v 2.355000 2.390000 2.732500
v 2.350000 2.385000 2.732500
v 2.355000 2.290000 2.717500
v 2.350000 2.295000 2.717500
v 2.355000 2.295000 2.712500
v 2.355000 2.390000 2.717500
v 2.355000 2.385000 2.712500
v 2.350000 2.385000 2.717500
v 2.645000 2.290000 2.732500
v 2.650000 2.295000 2.732500
v 2.645000 2.295000 2.737500
v 2.645000 2.390000 2.732500
v 2.645000 2.385000 2.737500
v 2.650000 2.385000 2.732500
v 2.645000 2.290000 2.717500
v 2.645000 2.295000 2.712500
v 2.650000 2.295000 2.717500
v 2.645000 2.390000 2.717500
v 2.650000 2.385000 2.717500
v 2.645000 2.385000 2.712500
v 1.500000 3.285000 -0.820000
v 1.500000 3.355000 -0.820000
v 1.660727 3.285000 -0.788029
v 1.660727 3.355000 -0.788029
v 1.796985 3.285000 -0.696985
v 1.796985 3.355000 -0.696985
v 1.888029 3.285000 -0.560727
v 1.888029 3.355000 -0.560727
v 1.920000 3.285000 -0.400000
v 1.920000 3.355000 -0.400000
v 1.888029 3.285000 -0.239273
v 1.888029 3.355000 -0.239273
v 1.796985 3.285000 -0.103015
v 1.796985 3.355000 -0.103015
v 1.660727 3.285000 -0.011971
v 1.660727 3.355000 -0.011971
v 1.500000 3.285000 0.020000
v 1.500000 3.355000 0.020000
v 1.339273 3.285000 -0.011971
v 1.339273 3.355000 -0.011971
v 1.203015 3.285000 -0.103015
v 1.203015 3.355000 -0.103015
v 1.111971 3.285000 -0.239273
v 1.111971 3.355000 -0.239273
v 1.080000 3.285000 -0.400000
v 1.080000 3.355000 -0.400000
v 1.111971 3.285000 -0.560727
v 1.111971 3.355000 -0.560727
v 1.203015 3.285000 -0.696985
v 1.203015 3.355000 -0.696985
v 1.339273 3.285000 -0.788029
v 1.339273 3.355000 -0.788029
vn -0.5774 -0.5774 0.5773
vn -0.5773 0.5773 0.5774
vn -0.5774 -0.5774 -0.5773
vn -0.5773 0.5773 -0.5774
vn 0.5774 -0.5774 0.5773
vn 0.5773 0.5773 0.5774
vn 0.5774 -0.5774 -0.5773
vn 0.5773 0.5773 -0.5774
vn -0.7071 -0.7071 -0.0000
vn -0.7071 -0.0000 0.7071
vn -0.7071 0.7071 -0.0000
vn -0.7071 -0.0000 -0.7071
vn -0.0000 -0.7071 -0.7071
vn -0.0000 0.7071 -0.7071
vn 0.7071 -0.0000 -0.7071
vn 0.7071 -0.7071 -0.0000
vn 0.7071 0.7071 -0.0000
vn 0.7071 -0.0000 0.7071
vn -0.0000 -0.7071 0.7071
vn -0.0000 0.7071 0.7071
vn -0.0000 -1.0000 -0.0000
vn -1.0000 -0.0000 -0.0000
vn -0.0000 -0.0000 1.0000
vn -0.0000 1.0000 -0.0000
vn -0.0000 -0.0000 -1.0000
vn 1.0000 -0.0000 -0.0000
vn -0.5774 -0.5774 0.5774
vn -0.5774 0.5774 0.5773
vn -0.5774 -0.5774 -0.5774
vn -0.5774 0.5774 -0.5773
vn 0.5774 -0.5774 0.5774
vn 0.5774 0.5774 0.5773
vn 0.5774 -0.5774 -0.5774
vn 0.5774 0.5774 -0.5773
vn -0.5773 -0.3809 0.7222
vn -0.5774 0.7222 0.3809
vn -0.5774 -0.7222 -0.3810
vn -0.5773 0.3809 -0.7222
vn 0.5773 -0.3809 0.7222
vn 0.5774 0.7222 0.3810
vn 0.5774 -0.7222 -0.3810
vn 0.5773 0.3809 -0.7222
vn -0.7071 -0.6755 0.2090
vn -0.7071 0.2090 0.6755
vn -0.7071 0.6755 -0.2090
vn -0.7071 -0.2090 -0.6755
vn -0.0000 -0.8845 -0.4666
vn -0.0000 0.4666 -0.8845
vn 0.7071 -0.2090 -0.6755
vn 0.7071 -0.6755 0.2090
vn 0.7071 0.6755 -0.2090
vn 0.7071 0.2090 0.6755
vn -0.0000 -0.4666 0.8845
vn -0.0000 0.8845 0.4666
vn -0.0000 -0.9553 0.2955
vn -0.0000 0.2955 0.9553
vn -0.0000 0.9553 -0.2955
vn -0.0000 -0.2955 -0.9553
vn 0.3827 -0.8839 0.2690
vn 0.9239 -0.3661 0.1114
vn 0.9239 0.3661 -0.1114
vn 0.3827 0.8839 -0.2690
vn -0.3827 0.8839 -0.2690
vn -0.9239 0.3661 -0.1114
vn -0.0000 -0.2912 -0.9567
vn -0.9239 -0.3661 0.1114
vn -0.3827 -0.8839 0.2690
vn -0.0000 0.2912 0.9567
vn -0.3827 -0.8838 0.2690
vn -0.5774 -0.7222 0.3810
vn -0.5773 0.3809 0.7222
vn -0.5773 -0.3809 -0.7222
vn -0.5774 0.7222 -0.3810
vn 0.5774 -0.7222 0.3810
vn 0.5773 0.3809 0.7222
vn 0.5773 -0.3809 -0.7222
vn 0.5774 0.7222 -0.3810
vn -0.7071 -0.6755 -0.2090
vn -0.7071 -0.2090 0.6755
vn -0.7071 0.6755 0.2090
vn -0.7071 0.2090 -0.6755
vn -0.0000 -0.4666 -0.8845
vn -0.0000 0.8845 -0.4666
vn 0.7071 0.2090 -0.6755
vn 0.7071 -0.6755 -0.2090
vn 0.7071 0.6755 0.2090
vn 0.7071 -0.2090 0.6755
vn -0.0000 -0.8845 0.4666
vn -0.0000 0.4666 0.8845
vn -0.0000 -0.9553 -0.2955
vn -0.0000 -0.2955 0.9553
vn -0.0000 0.9553 0.2955
vn -0.0000 0.2955 -0.9553
vn 0.3827 0.8839 0.2690
vn 0.9239 0.3661 0.1114
vn 0.9239 -0.3661 -0.1114
vn 0.3827 -0.8839 -0.2690
vn -0.3827 -0.8839 -0.2690
vn -0.9239 -0.3661 -0.1114
vn -0.0000 -0.2912 0.9567
vn -0.9239 0.3661 0.1114
vn -0.3827 0.8839 0.2690
vn -0.0000 0.2912 -0.9567
vn 0.3827 -0.8838 -0.2690
vn 0.5773 0.5774 0.5774
vn 0.5773 0.5774 -0.5774
vn -0.5773 -0.5774 0.5773
vn -0.5773 0.5774 0.5773
vn -0.5774 0.5774 -0.5774
vn 0.5773 -0.5774 0.5773
vn 0.5773 0.5774 0.5773
vn 0.5774 0.5774 -0.5774
vn -0.5774 -0.5773 0.5774
vn -0.5774 0.5773 0.5774
vn -0.5773 -0.5774 -0.5774
vn 0.5774 -0.5773 0.5774
vn 0.5774 0.5773 0.5774
vn 0.5773 -0.5774 -0.5774
vn -0.5774 -0.5773 0.5773
vn -0.5774 0.5773 0.5773
vn -0.5774 -0.5773 -0.5773
vn -0.5774 0.5773 -0.5773
vn 0.5774 -0.5773 0.5773
vn 0.5774 0.5773 0.5773
vn 0.5774 -0.5773 -0.5773
vn 0.5774 0.5773 -0.5773
vn -0.5773 0.5774 -0.5773
vn 0.5774 -0.5773 -0.5774
vn 0.5774 0.5773 -0.5774
vn 0.5774 0.5774 0.5774
vn 0.5773 -0.5774 -0.5773
vn 0.5773 0.5774 -0.5773
vn -0.5773 -0.5774 -0.5773
vn -0.5774 -0.5773 -0.5774
vn -0.5774 0.5773 -0.5774
vn -0.5774 0.5774 0.5774
vn -0.5773 0.5774 0.5774
vn -0.5773 0.5774 -0.5774
vn 0.5000 0.8660 -0.0000
vn 0.5000 -0.8660 -0.0000
vn -0.5000 -0.8660 -0.0000
vn -0.5000 0.8660 -0.0000
vn 0.5773 -0.5774 0.5774
vn -0.5773 -0.5774 0.5774
vn -0.5773 -0.5773 0.5774
vn -0.5773 -0.5773 -0.5774
vn 0.5773 -0.5773 0.5774
vn 0.5773 -0.5773 -0.5774
vn 0.1951 -0.0000 -0.9808
vn 0.5556 -0.0000 -0.8315
vn 0.8315 -0.0000 -0.5556
vn 0.9808 -0.0000 -0.1951
vn 0.9808 -0.0000 0.1951
vn 0.8315 -0.0000 0.5556
vn 0.5556 -0.0000 0.8315
vn 0.1951 -0.0000 0.9808
vn -0.1951 -0.0000 0.9808
vn -0.5556 -0.0000 0.8315
vn -0.8315 -0.0000 0.5556
vn -0.9808 -0.0000 0.1951
vn -0.9808 -0.0000 -0.1951
vn -0.8315 -0.0000 -0.5556
vn -0.5556 -0.0000 -0.8315
vn -0.1951 -0.0000 -0.9808
vn 0.3827 0.8838 -0.2690
vn -0.3827 0.8838 -0.2690
vn -0.0000 -0.2913 -0.9566
vn -0.0000 -0.2911 -0.9567
vn -0.0000 0.2911 0.9567
vn -0.0000 -0.2912 -0.9566
vn 0.3827 0.8838 0.2690
vn -0.0000 -0.2912 0.9566
vn -0.0000 -0.2911 0.9567
vn -0.0000 0.2911 -0.9567
vn -0.3827 0.8838 0.2690
vn -0.0000 -0.2913 0.9566
vn -0.7071 0.7072 -0.0000
vn 0.7071 0.7072 -0.0000
vt 0.125000 0.625000
vt 0.125000 0.125000
vt 0.375000 0.125000
vt 0.625000 0.875000
vt 0.875000 0.375000
vt 0.375000 0.875000
vt 0.625000 0.125000
vt 0.875000 0.125000
vt 0.375000 0.625000
s 0
usemtl WorldPickupPalette
f 1/1/1 2/1/1 3/1/1
f 4/1/2 5/1/2 6/1/2
f 7/1/3 8/1/3 9/1/3
f 10/1/4 11/1/4 12/1/4
f 13/1/5 14/1/5 15/1/5
f 16/1/6 17/1/6 18/1/6
f 19/1/7 20/1/7 21/1/7
f 22/1/8 23/1/8 24/1/8
f 1/1/9 8/1/9 7/1/9
f 4/1/10 3/1/10 2/1/10
f 10/1/11 6/1/11 5/1/11
f 9/1/12 12/1/12 11/1/12
f 7/1/13 20/1/13 19/1/13
f 22/1/14 11/1/14 10/1/14
f 21/1/15 24/1/15 23/1/15
f 19/1/16 14/1/16 13/1/16
f 16/1/17 23/1/17 22/1/17
f 15/1/18 18/1/18 17/1/18
f 13/1/19 2/1/19 1/1/19
f 5/1/20 17/1/20 16/1/20
f 19/1/21 1/1/21 7/1/21
f 6/1/22 8/1/22 3/1/22
f 17/1/23 2/1/23 15/1/23
f 10/1/24 16/1/24 22/1/24
f 11/1/25 20/1/25 9/1/25
f 23/1/26 14/1/26 21/1/26
f 25/2/27 26/2/27 27/2/27
f 28/2/28 29/2/28 30/2/28
f 31/2/29 32/2/29 33/2/29
f 34/2/30 35/2/30 36/2/30
f 37/2/31 38/2/31 39/2/31
f 40/2/32 41/2/32 42/2/32
f 43/2/33 44/2/33 45/2/33
f 46/2/34 47/2/34 48/2/34
f 25/2/9 32/2/9 31/2/9
f 28/2/10 27/2/10 26/2/10
f 34/2/11 30/2/11 29/2/11
f 33/2/12 36/2/12 35/2/12
f 31/2/13 44/2/13 43/2/13
f 46/2/14 35/2/14 34/2/14
f 45/2/15 48/2/15 47/2/15
f 43/2/16 38/2/16 37/2/16
f 40/2/17 47/2/17 46/2/17
f 39/2/18 42/2/18 41/2/18
f 37/2/19 26/2/19 25/2/19
f 29/2/20 41/2/20 40/2/20
f 43/2/21 25/2/21 31/2/21
f 30/2/22 32/2/22 27/2/22
f 41/2/23 26/2/23 39/2/23
f 34/2/24 40/2/24 46/2/24
f 35/2/25 44/2/25 33/2/25
f 47/2/26 38/2/26 45/2/26
f 49/1/35 50/1/35 51/1/35
f 52/1/36 53/1/36 54/1/36
f 55/1/37 56/1/37 57/1/37
f 58/1/38 59/1/38 60/1/38
f 61/1/39 62/1/39 63/1/39
f 64/1/40 65/1/40 66/1/40
f 67/1/41 68/1/41 69/1/41
f 70/1/42 71/1/42 72/1/42
f 49/1/43 56/1/43 55/1/43
f 52/1/44 51/1/44 50/1/44
f 58/1/45 54/1/45 53/1/45
f 59/1/46 56/1/46 60/1/46
f 55/1/47 68/1/47 67/1/47
f 70/1/48 59/1/48 58/1/48
f 69/1/49 72/1/49 71/1/49
f 67/1/50 62/1/50 61/1/50
f 64/1/51 71/1/51 70/1/51
f 65/1/52 62/1/52 66/1/52
f 61/1/53 50/1/53 49/1/53
f 53/1/54 65/1/54 64/1/54
f 67/1/55 49/1/55 55/1/55
f 51/1/22 60/1/22 56/1/22
f 65/1/56 50/1/56 63/1/56
f 58/1/57 64/1/57 70/1/57
f 59/1/58 68/1/58 57/1/58
f 71/1/26 62/1/26 69/1/26
f 73/3/59 76/3/59 75/3/59
f 76/3/60 77/3/60 75/3/60
f 78/3/61 79/3/61 77/3/61
f 79/3/62 82/3/62 81/3/62
f 82/3/63 83/3/63 81/3/63
f 83/3/64 86/3/64 85/3/64
f 74/3/65 86/3/65 82/3/65
f 85/3/66 88/3/66 87/3/66
f 88/3/67 73/3/67 87/3/67
f 83/3/68 85/3/68 87/3/68
f 89/3/59 92/3/59 91/3/59
f 92/3/60 93/3/60 91/3/60
f 94/3/61 95/3/61 93/3/61
f 95/3/62 98/3/62 97/3/62
f 98/3/63 99/3/63 97/3/63
f 99/3/64 102/3/64 101/3/64
f 102/3/65 98/3/65 94/3/65
f 101/3/66 104/3/66 103/3/66
f 104/3/67 89/3/67 103/3/67
f 99/3/68 101/3/68 103/3/68
f 105/3/59 108/3/59 107/3/59
f 108/3/60 109/3/60 107/3/60
f 110/3/61 111/3/61 109/3/61
f 111/3/62 114/3/62 113/3/62
f 114/3/63 115/3/63 113/3/63
f 115/3/64 118/3/64 117/3/64
f 118/3/65 114/3/65 110/3/65
f 117/3/66 120/3/66 119/3/66
f 120/3/67 105/3/67 119/3/67
f 115/3/68 117/3/68 119/3/68
f 121/3/59 124/3/59 123/3/59
f 124/3/60 125/3/60 123/3/60
f 126/3/61 127/3/61 125/3/61
f 127/3/62 130/3/62 129/3/62
f 130/3/63 131/3/63 129/3/63
f 131/3/64 134/3/64 133/3/64
f 122/3/65 134/3/65 130/3/65
f 133/3/66 136/3/66 135/3/66
f 136/3/67 121/3/67 135/3/67
f 131/3/68 133/3/68 135/3/68
f 137/3/59 140/3/59 139/3/59
f 140/3/60 141/3/60 139/3/60
f 142/3/61 143/3/61 141/3/61
f 143/3/62 146/3/62 145/3/62
f 146/3/63 147/3/63 145/3/63
f 147/3/64 150/3/64 149/3/64
f 150/3/65 146/3/65 142/3/65
f 149/3/66 152/3/66 151/3/66
f 152/3/69 137/3/69 151/3/69
f 147/3/68 149/3/68 151/3/68
f 153/3/59 156/3/59 155/3/59
f 156/3/60 157/3/60 155/3/60
f 158/3/61 159/3/61 157/3/61
f 159/3/62 162/3/62 161/3/62
f 162/3/63 163/3/63 161/3/63
f 163/3/64 166/3/64 165/3/64
f 166/3/65 162/3/65 158/3/65
f 165/3/66 168/3/66 167/3/66
f 168/3/69 153/3/69 167/3/69
f 165/3/68 167/3/68 159/3/68
f 169/3/59 172/3/59 171/3/59
f 172/3/60 173/3/60 171/3/60
f 174/3/61 175/3/61 173/3/61
f 175/3/62 178/3/62 177/3/62
f 178/3/63 179/3/63 177/3/63
f 179/3/64 182/3/64 181/3/64
f 170/3/65 182/3/65 178/3/65
f 181/3/66 184/3/66 183/3/66
f 184/3/69 169/3/69 183/3/69
f 181/3/68 183/3/68 175/3/68
f 185/3/59 188/3/59 187/3/59
f 188/3/60 189/3/60 187/3/60
f 190/3/61 191/3/61 189/3/61
f 191/3/62 194/3/62 193/3/62
f 194/3/63 195/3/63 193/3/63
f 195/3/64 198/3/64 197/3/64
f 198/3/65 194/3/65 190/3/65
f 197/3/66 200/3/66 199/3/66
f 200/3/69 185/3/69 199/3/69
f 195/3/68 197/3/68 199/3/68
f 201/3/59 204/3/59 203/3/59
f 204/3/60 205/3/60 203/3/60
f 206/3/61 207/3/61 205/3/61
f 207/3/62 210/3/62 209/3/62
f 210/3/63 211/3/63 209/3/63
f 211/3/64 214/3/64 213/3/64
f 214/3/65 210/3/65 206/3/65
f 213/3/66 216/3/66 215/3/66
f 216/3/67 201/3/67 215/3/67
f 213/3/68 215/3/68 207/3/68
f 217/3/59 220/3/59 219/3/59
f 220/3/60 221/3/60 219/3/60
f 222/3/61 223/3/61 221/3/61
f 223/3/62 226/3/62 225/3/62
f 226/3/63 227/3/63 225/3/63
f 227/3/64 230/3/64 229/3/64
f 230/3/65 226/3/65 222/3/65
f 229/3/66 232/3/66 231/3/66
f 232/3/69 217/3/69 231/3/69
f 227/3/68 229/3/68 231/3/68
f 233/3/59 236/3/59 235/3/59
f 236/3/60 237/3/60 235/3/60
f 238/3/61 239/3/61 237/3/61
f 239/3/62 242/3/62 241/3/62
f 242/3/63 243/3/63 241/3/63
f 243/3/64 246/3/64 245/3/64
f 234/3/65 246/3/65 242/3/65
f 245/3/66 248/3/66 247/3/66
f 248/3/67 233/3/67 247/3/67
f 243/3/68 245/3/68 247/3/68
f 249/3/59 252/3/59 251/3/59
f 252/3/60 253/3/60 251/3/60
f 254/3/61 255/3/61 253/3/61
f 255/3/62 258/3/62 257/3/62
f 258/3/63 259/3/63 257/3/63
f 259/3/64 262/3/64 261/3/64
f 250/3/65 262/3/65 258/3/65
f 261/3/66 264/3/66 263/3/66
f 264/3/67 249/3/67 263/3/67
f 259/3/68 261/3/68 263/3/68
f 265/3/59 268/3/59 267/3/59
f 268/3/60 269/3/60 267/3/60
f 270/3/61 271/3/61 269/3/61
f 271/3/62 274/3/62 273/3/62
f 274/3/63 275/3/63 273/3/63
f 275/3/64 278/3/64 277/3/64
f 266/3/65 278/3/65 274/3/65
f 277/3/66 280/3/66 279/3/66
f 280/3/67 265/3/67 279/3/67
f 275/3/68 277/3/68 279/3/68
f 281/1/70 282/1/70 283/1/70
f 284/1/71 285/1/71 286/1/71
f 287/1/72 288/1/72 289/1/72
f 290/1/73 291/1/73 292/1/73
f 293/1/74 294/1/74 295/1/74
f 296/1/75 297/1/75 298/1/75
f 299/1/76 300/1/76 301/1/76
f 302/1/77 303/1/77 304/1/77
f 281/1/78 288/1/78 287/1/78
f 284/1/79 283/1/79 282/1/79
f 290/1/80 286/1/80 285/1/80
f 291/1/81 288/1/81 292/1/81
f 287/1/82 300/1/82 299/1/82
f 302/1/83 291/1/83 290/1/83
f 301/1/84 304/1/84 303/1/84
f 299/1/85 294/1/85 293/1/85
f 296/1/86 303/1/86 302/1/86
f 297/1/87 294/1/87 298/1/87
f 293/1/88 282/1/88 281/1/88
f 285/1/89 297/1/89 296/1/89
f 299/1/90 281/1/90 287/1/90
f 286/1/22 288/1/22 283/1/22
f 297/1/91 282/1/91 295/1/91
f 290/1/92 296/1/92 302/1/92
f 291/1/93 300/1/93 289/1/93
f 301/1/26 298/1/26 294/1/26
f 306/3/94 307/3/94 305/3/94
f 307/3/95 310/3/95 309/3/95
f 309/3/96 312/3/96 311/3/96
f 312/3/97 313/3/97 311/3/97
f 313/3/98 316/3/98 315/3/98
f 316/3/99 317/3/99 315/3/99
f 310/3/100 306/3/100 318/3/100
f 318/3/101 319/3/101 317/3/101
f 319/3/102 306/3/102 305/3/102
f 315/3/103 317/3/103 319/3/103
f 322/3/94 323/3/94 321/3/94
f 323/3/95 326/3/95 325/3/95
f 325/3/96 328/3/96 327/3/96
f 328/3/104 329/3/104 327/3/104
f 329/3/98 332/3/98 331/3/98
f 332/3/99 333/3/99 331/3/99
f 322/3/100 334/3/100 330/3/100
f 334/3/101 335/3/101 333/3/101
f 335/3/102 322/3/102 321/3/102
f 331/3/103 333/3/103 335/3/103
f 338/3/94 339/3/94 337/3/94
f 339/3/95 342/3/95 341/3/95
f 341/3/96 344/3/96 343/3/96
f 344/3/104 345/3/104 343/3/104
f 345/3/98 348/3/98 347/3/98
f 348/3/99 349/3/99 347/3/99
f 342/3/100 338/3/100 350/3/100
f 350/3/101 351/3/101 349/3/101
f 351/3/102 338/3/102 337/3/102
f 347/3/103 349/3/103 351/3/103
f 354/3/94 355/3/94 353/3/94
f 355/3/95 358/3/95 357/3/95
f 357/3/96 360/3/96 359/3/96
f 360/3/97 361/3/97 359/3/97
f 361/3/98 364/3/98 363/3/98
f 364/3/99 365/3/99 363/3/99
f 366/3/100 362/3/100 358/3/100
f 366/3/101 367/3/101 365/3/101
f 367/3/102 354/3/102 353/3/102
f 363/3/103 365/3/103 367/3/103
f 370/3/94 371/3/94 369/3/94
f 371/3/95 374/3/95 373/3/95
f 373/3/96 376/3/96 375/3/96
f 376/3/104 377/3/104 375/3/104
f 377/3/98 380/3/98 379/3/98
f 380/3/99 381/3/99 379/3/99
f 374/3/100 370/3/100 382/3/100
f 382/3/101 383/3/101 381/3/101
f 383/3/102 370/3/102 369/3/102
f 379/3/103 381/3/103 383/3/103
f 386/3/94 387/3/94 385/3/94
f 387/3/95 390/3/95 389/3/95
f 389/3/96 392/3/96 391/3/96
f 392/3/104 393/3/104 391/3/104
f 393/3/98 396/3/98 395/3/98
f 396/3/99 397/3/99 395/3/99
f 390/3/100 386/3/100 398/3/100
f 398/3/101 399/3/101 397/3/101
f 399/3/102 386/3/102 385/3/102
f 395/3/103 397/3/103 399/3/103
f 402/3/94 403/3/94 401/3/94
f 403/3/95 406/3/95 405/3/95
f 405/3/96 408/3/96 407/3/96
f 408/3/104 409/3/104 407/3/104
f 409/3/98 412/3/98 411/3/98
f 412/3/99 413/3/99 411/3/99
f 402/3/100 414/3/100 410/3/100
f 414/3/101 415/3/101 413/3/101
f 415/3/102 402/3/102 401/3/102
f 411/3/103 413/3/103 415/3/103
f 418/3/94 419/3/94 417/3/94
f 419/3/95 422/3/95 421/3/95
f 421/3/96 424/3/96 423/3/96
f 424/3/104 425/3/104 423/3/104
f 425/3/98 428/3/98 427/3/98
f 428/3/99 429/3/99 427/3/99
f 430/3/100 426/3/100 422/3/100
f 430/3/101 431/3/101 429/3/101
f 431/3/102 418/3/102 417/3/102
f 427/3/103 429/3/103 431/3/103
f 434/3/94 435/3/94 433/3/94
f 435/3/95 438/3/95 437/3/95
f 437/3/96 440/3/96 439/3/96
f 440/3/104 441/3/104 439/3/104
f 441/3/98 444/3/98 443/3/98
f 444/3/99 445/3/99 443/3/99
f 438/3/100 434/3/100 446/3/100
f 446/3/101 447/3/101 445/3/101
f 447/3/102 434/3/102 433/3/102
f 443/3/103 445/3/103 447/3/103
f 450/3/94 451/3/94 449/3/94
f 451/3/95 454/3/95 453/3/95
f 453/3/96 456/3/96 455/3/96
f 456/3/97 457/3/97 455/3/97
f 457/3/98 460/3/98 459/3/98
f 460/3/99 461/3/99 459/3/99
f 450/3/100 462/3/100 458/3/100
f 462/3/101 463/3/101 461/3/101
f 463/3/102 450/3/102 449/3/102
f 459/3/103 461/3/103 463/3/103
f 466/3/94 467/3/94 465/3/94
f 467/3/95 470/3/95 469/3/95
f 469/3/96 472/3/96 471/3/96
f 472/3/97 473/3/97 471/3/97
f 473/3/98 476/3/98 475/3/98
f 476/3/99 477/3/99 475/3/99
f 466/3/100 478/3/100 474/3/100
f 478/3/101 479/3/101 477/3/101
f 479/3/102 466/3/102 465/3/102
f 475/3/103 477/3/103 479/3/103
f 482/3/94 483/3/94 481/3/94
f 483/3/95 486/3/95 485/3/95
f 485/3/96 488/3/96 487/3/96
f 488/3/97 489/3/97 487/3/97
f 489/3/98 492/3/98 491/3/98
f 492/3/99 493/3/99 491/3/99
f 494/3/100 490/3/100 486/3/100
f 494/3/101 495/3/101 493/3/101
f 495/3/102 482/3/102 481/3/102
f 491/3/103 493/3/103 495/3/103
f 498/3/94 499/3/94 497/3/94
f 499/3/95 502/3/95 501/3/95
f 501/3/96 504/3/96 503/3/96
f 504/3/97 505/3/97 503/3/97
f 505/3/98 508/3/98 507/3/98
f 508/3/99 509/3/99 507/3/99
f 502/3/100 498/3/100 510/3/100
f 510/3/101 511/3/101 509/3/101
f 511/3/102 498/3/102 497/3/102
f 507/3/103 509/3/103 511/3/103
f 513/4/1 514/4/1 515/4/1
f 516/4/28 517/4/28 518/4/28
f 519/4/3 520/4/3 521/4/3
f 522/4/30 523/4/30 524/4/30
f 525/4/31 526/4/31 527/4/31
f 528/4/105 529/4/105 530/4/105
f 531/4/33 532/4/33 533/4/33
f 534/4/106 535/4/106 536/4/106
f 513/4/9 520/4/9 519/4/9
f 516/4/10 515/4/10 514/4/10
f 522/4/11 518/4/11 517/4/11
f 521/4/12 524/4/12 523/4/12
f 519/4/13 532/4/13 531/4/13
f 534/4/14 523/4/14 522/4/14
f 533/4/15 536/4/15 535/4/15
f 531/4/16 526/4/16 525/4/16
f 528/4/17 535/4/17 534/4/17
f 527/4/18 530/4/18 529/4/18
f 525/4/19 514/4/19 513/4/19
f 517/4/20 529/4/20 528/4/20
f 531/4/21 513/4/21 519/4/21
f 518/4/22 520/4/22 515/4/22
f 529/4/23 514/4/23 527/4/23
f 522/4/24 528/4/24 534/4/24
f 523/4/25 532/4/25 521/4/25
f 535/4/26 526/4/26 533/4/26
f 537/5/107 538/5/107 539/5/107
f 540/5/108 541/5/108 542/5/108
f 543/5/29 544/5/29 545/5/29
f 546/5/109 547/5/109 548/5/109
f 549/5/110 550/5/110 551/5/110
f 552/5/111 553/5/111 554/5/111
f 555/5/33 556/5/33 557/5/33
f 558/5/112 559/5/112 560/5/112
f 537/5/9 544/5/9 543/5/9
f 540/5/10 539/5/10 538/5/10
f 546/5/11 542/5/11 541/5/11
f 545/5/12 548/5/12 547/5/12
f 543/5/13 556/5/13 555/5/13
f 558/5/14 547/5/14 546/5/14
f 557/5/15 560/5/15 559/5/15
f 555/5/16 550/5/16 549/5/16
f 552/5/17 559/5/17 558/5/17
f 551/5/18 554/5/18 553/5/18
f 549/5/19 538/5/19 537/5/19
f 541/5/20 553/5/20 552/5/20
f 555/5/21 537/5/21 543/5/21
f 542/5/22 544/5/22 539/5/22
f 553/5/23 538/5/23 551/5/23
f 546/5/24 552/5/24 558/5/24
f 547/5/25 556/5/25 545/5/25
f 559/5/26 550/5/26 557/5/26
f 561/1/113 562/1/113 563/1/113
f 564/1/114 565/1/114 566/1/114
f 567/1/115 568/1/115 569/1/115
f 570/1/109 571/1/109 572/1/109
f 573/1/116 574/1/116 575/1/116
f 576/1/117 577/1/117 578/1/117
f 579/1/118 580/1/118 581/1/118
f 582/1/112 583/1/112 584/1/112
f 561/1/9 568/1/9 567/1/9
f 564/1/10 563/1/10 562/1/10
f 570/1/11 566/1/11 565/1/11
f 569/1/12 572/1/12 571/1/12
f 567/1/13 580/1/13 579/1/13
f 582/1/14 571/1/14 570/1/14
f 581/1/15 584/1/15 583/1/15
f 579/1/16 574/1/16 573/1/16
f 576/1/17 583/1/17 582/1/17
f 575/1/18 578/1/18 577/1/18
f 573/1/19 562/1/19 561/1/19
f 565/1/20 577/1/20 576/1/20
f 579/1/21 561/1/21 567/1/21
f 566/1/22 568/1/22 563/1/22
f 577/1/23 562/1/23 575/1/23
f 570/1/24 576/1/24 582/1/24
f 571/1/25 580/1/25 569/1/25
f 583/1/26 574/1/26 581/1/26
f 585/6/119 586/6/119 587/6/119
f 588/6/120 589/6/120 590/6/120
f 591/6/121 592/6/121 593/6/121
f 594/6/122 595/6/122 596/6/122
f 597/6/123 598/6/123 599/6/123
f 600/6/124 601/6/124 602/6/124
f 603/6/125 604/6/125 605/6/125
f 606/6/126 607/6/126 608/6/126
f 585/6/9 592/6/9 591/6/9
f 588/6/10 587/6/10 586/6/10
f 594/6/11 590/6/11 589/6/11
f 593/6/12 596/6/12 595/6/12
f 591/6/13 604/6/13 603/6/13
f 606/6/14 595/6/14 594/6/14
f 605/6/15 608/6/15 607/6/15
f 603/6/16 598/6/16 597/6/16
f 600/6/17 607/6/17 606/6/17
f 599/6/18 602/6/18 601/6/18
f 597/6/19 586/6/19 585/6/19
f 589/6/20 601/6/20 600/6/20
f 603/6/21 585/6/21 591/6/21
f 590/6/22 592/6/22 587/6/22
f 601/6/23 586/6/23 599/6/23
f 594/6/24 600/6/24 606/6/24
f 595/6/25 604/6/25 593/6/25
f 607/6/26 598/6/26 605/6/26
f 609/4/1 610/4/1 611/4/1
f 612/4/108 613/4/108 614/4/108
f 615/4/3 616/4/3 617/4/3
f 618/4/127 619/4/127 620/4/127
f 621/4/5 622/4/5 623/4/5
f 624/4/111 625/4/111 626/4/111
f 627/4/128 628/4/128 629/4/128
f 630/4/129 631/4/129 632/4/129
f 609/4/9 616/4/9 615/4/9
f 612/4/10 611/4/10 610/4/10
f 618/4/11 614/4/11 613/4/11
f 617/4/12 620/4/12 619/4/12
f 615/4/13 628/4/13 627/4/13
f 630/4/14 619/4/14 618/4/14
f 629/4/15 632/4/15 631/4/15
f 627/4/16 622/4/16 621/4/16
f 624/4/17 631/4/17 630/4/17
f 623/4/18 626/4/18 625/4/18
f 621/4/19 610/4/19 609/4/19
f 613/4/20 625/4/20 624/4/20
f 627/4/21 609/4/21 615/4/21
f 614/4/22 616/4/22 611/4/22
f 625/4/23 610/4/23 623/4/23
f 618/4/24 624/4/24 630/4/24
f 619/4/25 628/4/25 617/4/25
f 631/4/26 622/4/26 629/4/26
f 633/5/107 634/5/107 635/5/107
f 636/5/108 637/5/108 638/5/108
f 639/5/29 640/5/29 641/5/29
f 642/5/109 643/5/109 644/5/109
f 645/5/31 646/5/31 647/5/31
f 648/5/130 649/5/130 650/5/130
f 651/5/131 652/5/131 653/5/131
f 654/5/132 655/5/132 656/5/132
f 633/5/9 640/5/9 639/5/9
f 636/5/10 635/5/10 634/5/10
f 642/5/11 638/5/11 637/5/11
f 641/5/12 644/5/12 643/5/12
f 639/5/13 652/5/13 651/5/13
f 654/5/14 643/5/14 642/5/14
f 653/5/15 656/5/15 655/5/15
f 651/5/16 646/5/16 645/5/16
f 648/5/17 655/5/17 654/5/17
f 647/5/18 650/5/18 649/5/18
f 645/5/19 634/5/19 633/5/19
f 637/5/20 649/5/20 648/5/20
f 651/5/21 633/5/21 639/5/21
f 638/5/22 640/5/22 635/5/22
f 649/5/23 634/5/23 647/5/23
f 642/5/24 648/5/24 654/5/24
f 643/5/25 652/5/25 641/5/25
f 655/5/26 646/5/26 653/5/26
f 657/1/113 658/1/113 659/1/113
f 660/1/114 661/1/114 662/1/114
f 663/1/133 664/1/133 665/1/133
f 666/1/30 667/1/30 668/1/30
f 669/1/116 670/1/116 671/1/116
f 672/1/117 673/1/117 674/1/117
f 675/1/131 676/1/131 677/1/131
f 678/1/34 679/1/34 680/1/34
f 657/1/9 664/1/9 663/1/9
f 660/1/10 659/1/10 658/1/10
f 666/1/11 662/1/11 661/1/11
f 665/1/12 668/1/12 667/1/12
f 663/1/13 676/1/13 675/1/13
f 678/1/14 667/1/14 666/1/14
f 677/1/15 680/1/15 679/1/15
f 675/1/16 670/1/16 669/1/16
f 672/1/17 679/1/17 678/1/17
f 671/1/18 674/1/18 673/1/18
f 669/1/19 658/1/19 657/1/19
f 661/1/20 673/1/20 672/1/20
f 675/1/21 657/1/21 663/1/21
f 662/1/22 664/1/22 659/1/22
f 673/1/23 658/1/23 671/1/23
f 666/1/24 672/1/24 678/1/24
f 667/1/25 676/1/25 665/1/25
f 679/1/26 670/1/26 677/1/26
f 681/6/1 682/6/1 683/6/1
f 684/6/28 685/6/28 686/6/28
f 687/6/121 688/6/121 689/6/121
f 690/6/122 691/6/122 692/6/122
f 693/6/110 694/6/110 695/6/110
f 696/6/111 697/6/111 698/6/111
f 699/6/128 700/6/128 701/6/128
f 702/6/129 703/6/129 704/6/129
f 681/6/9 688/6/9 687/6/9
f 684/6/10 683/6/10 682/6/10
f 690/6/11 686/6/11 685/6/11
f 689/6/12 692/6/12 691/6/12
f 687/6/13 700/6/13 699/6/13
f 702/6/14 691/6/14 690/6/14
f 701/6/15 704/6/15 703/6/15
f 699/6/16 694/6/16 693/6/16
f 696/6/17 703/6/17 702/6/17
f 695/6/18 698/6/18 697/6/18
f 693/6/19 682/6/19 681/6/19
f 685/6/20 697/6/20 696/6/20
f 699/6/21 681/6/21 687/6/21
f 686/6/22 688/6/22 683/6/22
f 697/6/23 682/6/23 695/6/23
f 690/6/24 696/6/24 702/6/24
f 691/6/25 700/6/25 689/6/25
f 703/6/26 694/6/26 701/6/26
f 705/4/1 706/4/1 707/4/1
f 708/4/108 709/4/108 710/4/108
f 711/4/134 712/4/134 713/4/134
f 714/4/135 715/4/135 716/4/135
f 717/4/5 718/4/5 719/4/5
f 720/4/111 721/4/111 722/4/111
f 723/4/7 724/4/7 725/4/7
f 726/4/132 727/4/132 728/4/132
f 705/4/9 712/4/9 711/4/9
f 708/4/10 707/4/10 706/4/10
f 714/4/11 710/4/11 709/4/11
f 713/4/12 716/4/12 715/4/12
f 711/4/13 724/4/13 723/4/13
f 726/4/14 715/4/14 714/4/14
f 725/4/15 728/4/15 727/4/15
f 723/4/16 718/4/16 717/4/16
f 720/4/17 727/4/17 726/4/17
f 719/4/18 722/4/18 721/4/18
f 717/4/19 706/4/19 705/4/19
f 709/4/20 721/4/20 720/4/20
f 723/4/21 705/4/21 711/4/21
f 710/4/22 712/4/22 707/4/22
f 721/4/23 706/4/23 719/4/23
f 714/4/24 720/4/24 726/4/24
f 715/4/25 724/4/25 713/4/25
f 727/4/26 718/4/26 725/4/26
f 729/5/27 730/5/27 731/5/27
f 732/5/136 733/5/136 734/5/136
f 735/5/133 736/5/133 737/5/133
f 738/5/127 739/5/127 740/5/127
f 741/5/110 742/5/110 743/5/110
f 744/5/111 745/5/111 746/5/111
f 747/5/33 748/5/33 749/5/33
f 750/5/112 751/5/112 752/5/112
f 729/5/9 736/5/9 735/5/9
f 732/5/10 731/5/10 730/5/10
f 738/5/11 734/5/11 733/5/11
f 737/5/12 740/5/12 739/5/12
f 735/5/13 748/5/13 747/5/13
f 750/5/14 739/5/14 738/5/14
f 749/5/15 752/5/15 751/5/15
f 747/5/16 742/5/16 741/5/16
f 744/5/17 751/5/17 750/5/17
f 743/5/18 746/5/18 745/5/18
f 741/5/19 730/5/19 729/5/19
f 733/5/20 745/5/20 744/5/20
f 747/5/21 729/5/21 735/5/21
f 734/5/22 736/5/22 731/5/22
f 745/5/23 730/5/23 743/5/23
f 738/5/24 744/5/24 750/5/24
f 739/5/25 748/5/25 737/5/25
f 751/5/26 742/5/26 749/5/26
f 753/1/113 754/1/113 755/1/113
f 756/1/114 757/1/114 758/1/114
f 759/1/133 760/1/133 761/1/133
f 762/1/30 763/1/30 764/1/30
f 765/1/116 766/1/116 767/1/116
f 768/1/117 769/1/117 770/1/117
f 771/1/131 772/1/131 773/1/131
f 774/1/34 775/1/34 776/1/34
f 753/1/9 760/1/9 759/1/9
f 756/1/10 755/1/10 754/1/10
f 762/1/11 758/1/11 757/1/11
f 761/1/12 764/1/12 763/1/12
f 759/1/13 772/1/13 771/1/13
f 774/1/14 763/1/14 762/1/14
f 773/1/15 776/1/15 775/1/15
f 771/1/16 766/1/16 765/1/16
f 768/1/17 775/1/17 774/1/17
f 767/1/18 770/1/18 769/1/18
f 765/1/19 754/1/19 753/1/19
f 757/1/20 769/1/20 768/1/20
f 771/1/21 753/1/21 759/1/21
f 758/1/22 760/1/22 755/1/22
f 769/1/23 754/1/23 767/1/23
f 762/1/24 768/1/24 774/1/24
f 763/1/25 772/1/25 761/1/25
f 775/1/26 766/1/26 773/1/26
f 777/6/107 778/6/107 779/6/107
f 780/6/108 781/6/108 782/6/108
f 783/6/134 784/6/134 785/6/134
f 786/6/135 787/6/135 788/6/135
f 789/6/5 790/6/5 791/6/5
f 792/6/32 793/6/32 794/6/32
f 795/6/125 796/6/125 797/6/125
f 798/6/126 799/6/126 800/6/126
f 777/6/9 784/6/9 783/6/9
f 780/6/10 779/6/10 778/6/10
f 786/6/11 782/6/11 781/6/11
f 785/6/12 788/6/12 787/6/12
f 783/6/13 796/6/13 795/6/13
f 798/6/14 787/6/14 786/6/14
f 797/6/15 800/6/15 799/6/15
f 795/6/16 790/6/16 789/6/16
f 792/6/17 799/6/17 798/6/17
f 791/6/18 794/6/18 793/6/18
f 789/6/19 778/6/19 777/6/19
f 781/6/20 793/6/20 792/6/20
f 795/6/21 777/6/21 783/6/21
f 782/6/22 784/6/22 779/6/22
f 793/6/23 778/6/23 791/6/23
f 786/6/24 792/6/24 798/6/24
f 787/6/25 796/6/25 785/6/25
f 799/6/26 790/6/26 797/6/26
f 801/4/27 802/4/27 803/4/27
f 804/4/137 805/4/137 806/4/137
f 807/4/29 808/4/29 809/4/29
f 810/4/138 811/4/138 812/4/138
f 813/4/5 814/4/5 815/4/5
f 816/4/32 817/4/32 818/4/32
f 819/4/7 820/4/7 821/4/7
f 822/4/34 823/4/34 824/4/34
f 801/4/9 808/4/9 807/4/9
f 804/4/10 803/4/10 802/4/10
f 810/4/11 806/4/11 805/4/11
f 809/4/12 812/4/12 811/4/12
f 807/4/13 820/4/13 819/4/13
f 822/4/14 811/4/14 810/4/14
f 821/4/15 824/4/15 823/4/15
f 819/4/16 814/4/16 813/4/16
f 816/4/17 823/4/17 822/4/17
f 815/4/18 818/4/18 817/4/18
f 813/4/19 802/4/19 801/4/19
f 805/4/20 817/4/20 816/4/20
f 819/4/21 801/4/21 807/4/21
f 806/4/22 808/4/22 803/4/22
f 817/4/23 802/4/23 815/4/23
f 810/4/24 816/4/24 822/4/24
f 811/4/25 820/4/25 809/4/25
f 823/4/26 814/4/26 821/4/26
f 825/5/107 826/5/107 827/5/107
f 828/5/108 829/5/108 830/5/108
f 831/5/29 832/5/29 833/5/29
f 834/5/109 835/5/109 836/5/109
f 837/5/110 838/5/110 839/5/110
f 840/5/111 841/5/111 842/5/111
f 843/5/33 844/5/33 845/5/33
f 846/5/112 847/5/112 848/5/112
f 825/5/9 832/5/9 831/5/9
f 828/5/10 827/5/10 826/5/10
f 834/5/11 830/5/11 829/5/11
f 833/5/12 836/5/12 835/5/12
f 831/5/13 844/5/13 843/5/13
f 846/5/14 835/5/14 834/5/14
f 845/5/15 848/5/15 847/5/15
f 843/5/16 838/5/16 837/5/16
f 840/5/17 847/5/17 846/5/17
f 839/5/18 842/5/18 841/5/18
f 837/5/19 826/5/19 825/5/19
f 829/5/20 841/5/20 840/5/20
f 843/5/21 825/5/21 831/5/21
f 830/5/22 832/5/22 827/5/22
f 841/5/23 826/5/23 839/5/23
f 834/5/24 840/5/24 846/5/24
f 835/5/25 844/5/25 833/5/25
f 847/5/26 838/5/26 845/5/26
f 849/1/113 850/1/113 851/1/113
f 852/1/114 853/1/114 854/1/114
f 855/1/115 856/1/115 857/1/115
f 858/1/109 859/1/109 860/1/109
f 861/1/116 862/1/116 863/1/116
f 864/1/117 865/1/117 866/1/117
f 867/1/118 868/1/118 869/1/118
f 870/1/112 871/1/112 872/1/112
f 849/1/9 856/1/9 855/1/9
f 852/1/10 851/1/10 850/1/10
f 858/1/11 854/1/11 853/1/11
f 857/1/12 860/1/12 859/1/12
f 855/1/13 868/1/13 867/1/13
f 870/1/14 859/1/14 858/1/14
f 869/1/15 872/1/15 871/1/15
f 867/1/16 862/1/16 861/1/16
f 864/1/17 871/1/17 870/1/17
f 863/1/18 866/1/18 865/1/18
f 861/1/19 850/1/19 849/1/19
f 853/1/20 865/1/20 864/1/20
f 867/1/21 849/1/21 855/1/21
f 854/1/22 856/1/22 851/1/22
f 865/1/23 850/1/23 863/1/23
f 858/1/24 864/1/24 870/1/24
f 859/1/25 868/1/25 857/1/25
f 871/1/26 862/1/26 869/1/26
f 873/6/119 874/6/119 875/6/119
f 876/6/120 877/6/120 878/6/120
f 879/6/121 880/6/121 881/6/121
f 882/6/122 883/6/122 884/6/122
f 885/6/123 886/6/123 887/6/123
f 888/6/124 889/6/124 890/6/124
f 891/6/125 892/6/125 893/6/125
f 894/6/126 895/6/126 896/6/126
f 873/6/9 880/6/9 879/6/9
f 876/6/10 875/6/10 874/6/10
f 882/6/11 878/6/11 877/6/11
f 881/6/12 884/6/12 883/6/12
f 879/6/13 892/6/13 891/6/13
f 894/6/14 883/6/14 882/6/14
f 893/6/15 896/6/15 895/6/15
f 891/6/16 886/6/16 885/6/16
f 888/6/17 895/6/17 894/6/17
f 887/6/18 890/6/18 889/6/18
f 885/6/19 874/6/19 873/6/19
f 877/6/20 889/6/20 888/6/20
f 891/6/21 873/6/21 879/6/21
f 878/6/22 880/6/22 875/6/22
f 889/6/23 874/6/23 887/6/23
f 882/6/24 888/6/24 894/6/24
f 883/6/25 892/6/25 881/6/25
f 895/6/26 886/6/26 893/6/26
f 897/7/27 898/7/27 899/7/27
f 900/7/136 901/7/136 902/7/136
f 903/7/29 904/7/29 905/7/29
f 906/7/109 907/7/109 908/7/109
f 909/7/31 910/7/31 911/7/31
f 912/7/130 913/7/130 914/7/130
f 915/7/33 916/7/33 917/7/33
f 918/7/112 919/7/112 920/7/112
f 897/7/9 904/7/9 903/7/9
f 900/7/10 899/7/10 898/7/10
f 906/7/11 902/7/11 901/7/11
f 905/7/12 908/7/12 907/7/12
f 903/7/13 916/7/13 915/7/13
f 918/7/14 907/7/14 906/7/14
f 917/7/15 920/7/15 919/7/15
f 915/7/16 910/7/16 909/7/16
f 912/7/17 919/7/17 918/7/17
f 911/7/18 914/7/18 913/7/18
f 909/7/19 898/7/19 897/7/19
f 901/7/20 913/7/20 912/7/20
f 915/7/21 897/7/21 903/7/21
f 902/7/22 904/7/22 899/7/22
f 913/7/23 898/7/23 911/7/23
f 906/7/24 912/7/24 918/7/24
f 907/7/25 916/7/25 905/7/25
f 919/7/26 910/7/26 917/7/26
f 922/1/139 923/1/139 921/1/139
f 924/1/26 925/1/26 923/1/26
f 926/1/140 927/1/140 925/1/140
f 928/1/141 929/1/141 927/1/141
f 930/1/23 928/1/23 926/1/23
f 930/1/22 931/1/22 929/1/22
f 932/1/142 921/1/142 931/1/142
f 929/1/25 931/1/25 923/1/25
f 934/1/139 935/1/139 933/1/139
f 936/1/26 937/1/26 935/1/26
f 938/1/140 939/1/140 937/1/140
f 940/1/141 941/1/141 939/1/141
f 940/1/23 938/1/23 934/1/23
f 942/1/22 943/1/22 941/1/22
f 944/1/142 933/1/142 943/1/142
f 939/1/25 941/1/25 943/1/25
f 946/1/139 947/1/139 945/1/139
f 948/1/26 949/1/26 947/1/26
f 950/1/140 951/1/140 949/1/140
f 952/1/141 953/1/141 951/1/141
f 946/1/23 954/1/23 950/1/23
f 954/1/22 955/1/22 953/1/22
f 956/1/142 945/1/142 955/1/142
f 947/1/25 951/1/25 955/1/25
f 958/1/139 959/1/139 957/1/139
f 960/1/26 961/1/26 959/1/26
f 962/1/140 963/1/140 961/1/140
f 964/1/141 965/1/141 963/1/141
f 964/1/23 962/1/23 958/1/23
f 966/1/22 967/1/22 965/1/22
f 968/1/142 957/1/142 967/1/142
f 963/1/25 965/1/25 967/1/25
f 969/6/107 970/6/107 971/6/107
f 972/6/137 973/6/137 974/6/137
f 975/6/134 976/6/134 977/6/134
f 978/6/135 979/6/135 980/6/135
f 981/6/143 982/6/143 983/6/143
f 984/6/105 985/6/105 986/6/105
f 987/6/128 988/6/128 989/6/128
f 990/6/129 991/6/129 992/6/129
f 969/6/9 976/6/9 975/6/9
f 972/6/10 971/6/10 970/6/10
f 978/6/11 974/6/11 973/6/11
f 977/6/12 980/6/12 979/6/12
f 975/6/13 988/6/13 987/6/13
f 990/6/14 979/6/14 978/6/14
f 989/6/15 992/6/15 991/6/15
f 987/6/16 982/6/16 981/6/16
f 984/6/17 991/6/17 990/6/17
f 983/6/18 986/6/18 985/6/18
f 981/6/19 970/6/19 969/6/19
f 973/6/20 985/6/20 984/6/20
f 987/6/21 969/6/21 975/6/21
f 974/6/22 976/6/22 971/6/22
f 985/6/23 970/6/23 983/6/23
f 978/6/24 984/6/24 990/6/24
f 979/6/25 988/6/25 977/6/25
f 991/6/26 982/6/26 989/6/26
f 993/6/144 994/6/144 995/6/144
f 996/6/137 997/6/137 998/6/137
f 999/6/134 1000/6/134 1001/6/134
f 1002/6/135 1003/6/135 1004/6/135
f 1005/6/110 1006/6/110 1007/6/110
f 1008/6/105 1009/6/105 1010/6/105
f 1011/6/128 1012/6/128 1013/6/128
f 1014/6/129 1015/6/129 1016/6/129
f 993/6/9 1000/6/9 999/6/9
f 996/6/10 995/6/10 994/6/10
f 1002/6/11 998/6/11 997/6/11
f 1001/6/12 1004/6/12 1003/6/12
f 999/6/13 1012/6/13 1011/6/13
f 1014/6/14 1003/6/14 1002/6/14
f 1013/6/15 1016/6/15 1015/6/15
f 1011/6/16 1006/6/16 1005/6/16
f 1008/6/17 1015/6/17 1014/6/17
f 1007/6/18 1010/6/18 1009/6/18
f 1005/6/19 994/6/19 993/6/19
f 997/6/20 1009/6/20 1008/6/20
f 1011/6/21 993/6/21 999/6/21
f 998/6/22 1000/6/22 995/6/22
f 1009/6/23 994/6/23 1007/6/23
f 1002/6/24 1008/6/24 1014/6/24
f 1003/6/25 1012/6/25 1001/6/25
f 1015/6/26 1006/6/26 1013/6/26
f 1017/6/144 1018/6/144 1019/6/144
f 1020/6/137 1021/6/137 1022/6/137
f 1023/6/134 1024/6/134 1025/6/134
f 1026/6/4 1027/6/4 1028/6/4
f 1029/6/143 1030/6/143 1031/6/143
f 1032/6/105 1033/6/105 1034/6/105
f 1035/6/128 1036/6/128 1037/6/128
f 1038/6/8 1039/6/8 1040/6/8
f 1017/6/9 1024/6/9 1023/6/9
f 1020/6/10 1019/6/10 1018/6/10
f 1026/6/11 1022/6/11 1021/6/11
f 1025/6/12 1028/6/12 1027/6/12
f 1023/6/13 1036/6/13 1035/6/13
f 1038/6/14 1027/6/14 1026/6/14
f 1037/6/15 1040/6/15 1039/6/15
f 1035/6/16 1030/6/16 1029/6/16
f 1032/6/17 1039/6/17 1038/6/17
f 1031/6/18 1034/6/18 1033/6/18
f 1029/6/19 1018/6/19 1017/6/19
f 1021/6/20 1033/6/20 1032/6/20
f 1035/6/21 1017/6/21 1023/6/21
f 1022/6/22 1024/6/22 1019/6/22
f 1033/6/23 1018/6/23 1031/6/23
f 1026/6/24 1032/6/24 1038/6/24
f 1027/6/25 1036/6/25 1025/6/25
f 1039/6/26 1030/6/26 1037/6/26
f 1041/1/119 1042/1/119 1043/1/119
f 1044/1/120 1045/1/120 1046/1/120
f 1047/1/121 1048/1/121 1049/1/121
f 1050/1/122 1051/1/122 1052/1/122
f 1053/1/123 1054/1/123 1055/1/123
f 1056/1/124 1057/1/124 1058/1/124
f 1059/1/125 1060/1/125 1061/1/125
f 1062/1/126 1063/1/126 1064/1/126
f 1041/1/9 1048/1/9 1047/1/9
f 1044/1/10 1043/1/10 1042/1/10
f 1050/1/11 1046/1/11 1045/1/11
f 1049/1/12 1052/1/12 1051/1/12
f 1047/1/13 1060/1/13 1059/1/13
f 1062/1/14 1051/1/14 1050/1/14
f 1061/1/15 1064/1/15 1063/1/15
f 1059/1/16 1054/1/16 1053/1/16
f 1056/1/17 1063/1/17 1062/1/17
f 1055/1/18 1058/1/18 1057/1/18
f 1053/1/19 1042/1/19 1041/1/19
f 1045/1/20 1057/1/20 1056/1/20
f 1059/1/21 1041/1/21 1047/1/21
f 1046/1/22 1048/1/22 1043/1/22
f 1057/1/23 1042/1/23 1055/1/23
f 1050/1/24 1056/1/24 1062/1/24
f 1051/1/25 1060/1/25 1049/1/25
f 1063/1/26 1054/1/26 1061/1/26
f 1065/3/144 1066/3/144 1067/3/144
f 1068/3/120 1069/3/120 1070/3/120
f 1071/3/115 1072/3/115 1073/3/115
f 1074/3/122 1075/3/122 1076/3/122
f 1077/3/143 1078/3/143 1079/3/143
f 1080/3/124 1081/3/124 1082/3/124
f 1083/3/118 1084/3/118 1085/3/118
f 1086/3/126 1087/3/126 1088/3/126
f 1065/3/9 1072/3/9 1071/3/9
f 1068/3/10 1067/3/10 1066/3/10
f 1074/3/11 1070/3/11 1069/3/11
f 1073/3/12 1076/3/12 1075/3/12
f 1071/3/13 1084/3/13 1083/3/13
f 1086/3/14 1075/3/14 1074/3/14
f 1085/3/15 1088/3/15 1087/3/15
f 1083/3/16 1078/3/16 1077/3/16
f 1080/3/17 1087/3/17 1086/3/17
f 1079/3/18 1082/3/18 1081/3/18
f 1077/3/19 1066/3/19 1065/3/19
f 1069/3/20 1081/3/20 1080/3/20
f 1083/3/21 1065/3/21 1071/3/21
f 1070/3/22 1072/3/22 1067/3/22
f 1081/3/23 1066/3/23 1079/3/23
f 1074/3/24 1080/3/24 1086/3/24
f 1075/3/25 1084/3/25 1073/3/25
f 1087/3/26 1078/3/26 1085/3/26
f 1089/3/113 1090/3/113 1091/3/113
f 1092/3/114 1093/3/114 1094/3/114
f 1095/3/134 1096/3/134 1097/3/134
f 1098/3/135 1099/3/135 1100/3/135
f 1101/3/116 1102/3/116 1103/3/116
f 1104/3/117 1105/3/117 1106/3/117
f 1107/3/128 1108/3/128 1109/3/128
f 1110/3/129 1111/3/129 1112/3/129
f 1089/3/9 1096/3/9 1095/3/9
f 1092/3/10 1091/3/10 1090/3/10
f 1098/3/11 1094/3/11 1093/3/11
f 1097/3/12 1100/3/12 1099/3/12
f 1095/3/13 1108/3/13 1107/3/13
f 1110/3/14 1099/3/14 1098/3/14
f 1109/3/15 1112/3/15 1111/3/15
f 1107/3/16 1102/3/16 1101/3/16
f 1104/3/17 1111/3/17 1110/3/17
f 1103/3/18 1106/3/18 1105/3/18
f 1101/3/19 1090/3/19 1089/3/19
f 1093/3/20 1105/3/20 1104/3/20
f 1107/3/21 1089/3/21 1095/3/21
f 1094/3/22 1096/3/22 1091/3/22
f 1105/3/23 1090/3/23 1103/3/23
f 1098/3/24 1104/3/24 1110/3/24
f 1099/3/25 1108/3/25 1097/3/25
f 1111/3/26 1102/3/26 1109/3/26
f 1113/3/113 1114/3/113 1115/3/113
f 1116/3/120 1117/3/120 1118/3/120
f 1119/3/134 1120/3/134 1121/3/134
f 1122/3/122 1123/3/122 1124/3/122
f 1125/3/116 1126/3/116 1127/3/116
f 1128/3/124 1129/3/124 1130/3/124
f 1131/3/128 1132/3/128 1133/3/128
f 1134/3/126 1135/3/126 1136/3/126
f 1113/3/9 1120/3/9 1119/3/9
f 1116/3/10 1115/3/10 1114/3/10
f 1122/3/11 1118/3/11 1117/3/11
f 1121/3/12 1124/3/12 1123/3/12
f 1119/3/13 1132/3/13 1131/3/13
f 1134/3/14 1123/3/14 1122/3/14
f 1133/3/15 1136/3/15 1135/3/15
f 1131/3/16 1126/3/16 1125/3/16
f 1128/3/17 1135/3/17 1134/3/17
f 1127/3/18 1130/3/18 1129/3/18
f 1125/3/19 1114/3/19 1113/3/19
f 1117/3/20 1129/3/20 1128/3/20
f 1131/3/21 1113/3/21 1119/3/21
f 1118/3/22 1120/3/22 1115/3/22
f 1129/3/23 1114/3/23 1127/3/23
f 1122/3/24 1128/3/24 1134/3/24
f 1123/3/25 1132/3/25 1121/3/25
f 1135/3/26 1126/3/26 1133/3/26
f 1137/3/113 1138/3/113 1139/3/113
f 1140/3/114 1141/3/114 1142/3/114
f 1143/3/134 1144/3/134 1145/3/134
f 1146/3/122 1147/3/122 1148/3/122
f 1149/3/116 1150/3/116 1151/3/116
f 1152/3/124 1153/3/124 1154/3/124
f 1155/3/128 1156/3/128 1157/3/128
f 1158/3/129 1159/3/129 1160/3/129
f 1137/3/9 1144/3/9 1143/3/9
f 1140/3/10 1139/3/10 1138/3/10
f 1146/3/11 1142/3/11 1141/3/11
f 1145/3/12 1148/3/12 1147/3/12
f 1143/3/13 1156/3/13 1155/3/13
f 1158/3/14 1147/3/14 1146/3/14
f 1157/3/15 1160/3/15 1159/3/15
f 1155/3/16 1150/3/16 1149/3/16
f 1152/3/17 1159/3/17 1158/3/17
f 1151/3/18 1154/3/18 1153/3/18
f 1149/3/19 1138/3/19 1137/3/19
f 1141/3/20 1153/3/20 1152/3/20
f 1155/3/21 1137/3/21 1143/3/21
f 1142/3/22 1144/3/22 1139/3/22
f 1153/3/23 1138/3/23 1151/3/23
f 1146/3/24 1152/3/24 1158/3/24
f 1147/3/25 1156/3/25 1145/3/25
f 1159/3/26 1150/3/26 1157/3/26
f 1161/3/113 1162/3/113 1163/3/113
f 1164/3/120 1165/3/120 1166/3/120
f 1167/3/134 1168/3/134 1169/3/134
f 1170/3/122 1171/3/122 1172/3/122
f 1173/3/116 1174/3/116 1175/3/116
f 1176/3/124 1177/3/124 1178/3/124
f 1179/3/128 1180/3/128 1181/3/128
f 1182/3/126 1183/3/126 1184/3/126
f 1161/3/9 1168/3/9 1167/3/9
f 1164/3/10 1163/3/10 1162/3/10
f 1170/3/11 1166/3/11 1165/3/11
f 1169/3/12 1172/3/12 1171/3/12
f 1167/3/13 1180/3/13 1179/3/13
f 1182/3/14 1171/3/14 1170/3/14
f 1181/3/15 1184/3/15 1183/3/15
f 1179/3/16 1174/3/16 1173/3/16
f 1176/3/17 1183/3/17 1182/3/17
f 1175/3/18 1178/3/18 1177/3/18
f 1173/3/19 1162/3/19 1161/3/19
f 1165/3/20 1177/3/20 1176/3/20
f 1179/3/21 1161/3/21 1167/3/21
f 1166/3/22 1168/3/22 1163/3/22
f 1177/3/23 1162/3/23 1175/3/23
f 1170/3/24 1176/3/24 1182/3/24
f 1171/3/25 1180/3/25 1169/3/25
f 1183/3/26 1174/3/26 1181/3/26
f 1185/3/113 1186/3/113 1187/3/113
f 1188/3/114 1189/3/114 1190/3/114
f 1191/3/134 1192/3/134 1193/3/134
f 1194/3/135 1195/3/135 1196/3/135
f 1197/3/116 1198/3/116 1199/3/116
f 1200/3/117 1201/3/117 1202/3/117
f 1203/3/128 1204/3/128 1205/3/128
f 1206/3/129 1207/3/129 1208/3/129
f 1185/3/9 1192/3/9 1191/3/9
f 1188/3/10 1187/3/10 1186/3/10
f 1194/3/11 1190/3/11 1189/3/11
f 1193/3/12 1196/3/12 1195/3/12
f 1191/3/13 1204/3/13 1203/3/13
f 1206/3/14 1195/3/14 1194/3/14
f 1205/3/15 1208/3/15 1207/3/15
f 1203/3/16 1198/3/16 1197/3/16
f 1200/3/17 1207/3/17 1206/3/17
f 1199/3/18 1202/3/18 1201/3/18
f 1197/3/19 1186/3/19 1185/3/19
f 1189/3/20 1201/3/20 1200/3/20
f 1203/3/21 1185/3/21 1191/3/21
f 1190/3/22 1192/3/22 1187/3/22
f 1201/3/23 1186/3/23 1199/3/23
f 1194/3/24 1200/3/24 1206/3/24
f 1195/3/25 1204/3/25 1193/3/25
f 1207/3/26 1198/3/26 1205/3/26
f 1209/3/144 1210/3/144 1211/3/144
f 1212/3/120 1213/3/120 1214/3/120
f 1215/3/115 1216/3/115 1217/3/115
f 1218/3/122 1219/3/122 1220/3/122
f 1221/3/143 1222/3/143 1223/3/143
f 1224/3/124 1225/3/124 1226/3/124
f 1227/3/118 1228/3/118 1229/3/118
f 1230/3/126 1231/3/126 1232/3/126
f 1209/3/9 1216/3/9 1215/3/9
f 1212/3/10 1211/3/10 1210/3/10
f 1218/3/11 1214/3/11 1213/3/11
f 1217/3/12 1220/3/12 1219/3/12
f 1215/3/13 1228/3/13 1227/3/13
f 1230/3/14 1219/3/14 1218/3/14
f 1229/3/15 1232/3/15 1231/3/15
f 1227/3/16 1222/3/16 1221/3/16
f 1224/3/17 1231/3/17 1230/3/17
f 1223/3/18 1226/3/18 1225/3/18
f 1221/3/19 1210/3/19 1209/3/19
f 1213/3/20 1225/3/20 1224/3/20
f 1227/3/21 1209/3/21 1215/3/21
f 1214/3/22 1216/3/22 1211/3/22
f 1225/3/23 1210/3/23 1223/3/23
f 1218/3/24 1224/3/24 1230/3/24
f 1219/3/25 1228/3/25 1217/3/25
f 1231/3/26 1222/3/26 1229/3/26
f 1233/4/145 1234/4/145 1235/4/145
f 1236/4/2 1237/4/2 1238/4/2
f 1239/4/146 1240/4/146 1241/4/146
f 1242/4/138 1243/4/138 1244/4/138
f 1245/4/5 1246/4/5 1247/4/5
f 1248/4/111 1249/4/111 1250/4/111
f 1251/4/7 1252/4/7 1253/4/7
f 1254/4/132 1255/4/132 1256/4/132
f 1233/4/9 1240/4/9 1239/4/9
f 1236/4/10 1235/4/10 1234/4/10
f 1242/4/11 1238/4/11 1237/4/11
f 1241/4/12 1244/4/12 1243/4/12
f 1239/4/13 1252/4/13 1251/4/13
f 1254/4/14 1243/4/14 1242/4/14
f 1253/4/15 1256/4/15 1255/4/15
f 1251/4/16 1246/4/16 1245/4/16
f 1248/4/17 1255/4/17 1254/4/17
f 1247/4/18 1250/4/18 1249/4/18
f 1245/4/19 1234/4/19 1233/4/19
f 1237/4/20 1249/4/20 1248/4/20
f 1251/4/21 1233/4/21 1239/4/21
f 1238/4/22 1240/4/22 1235/4/22
f 1249/4/23 1234/4/23 1247/4/23
f 1242/4/24 1248/4/24 1254/4/24
f 1243/4/25 1252/4/25 1241/4/25
f 1255/4/26 1246/4/26 1253/4/26
f 1257/1/1 1258/1/1 1259/1/1
f 1260/1/28 1261/1/28 1262/1/28
f 1263/1/3 1264/1/3 1265/1/3
f 1266/1/30 1267/1/30 1268/1/30
f 1269/1/5 1270/1/5 1271/1/5
f 1272/1/32 1273/1/32 1274/1/32
f 1275/1/7 1276/1/7 1277/1/7
f 1278/1/34 1279/1/34 1280/1/34
f 1257/1/9 1264/1/9 1263/1/9
f 1260/1/10 1259/1/10 1258/1/10
f 1266/1/11 1262/1/11 1261/1/11
f 1265/1/12 1268/1/12 1267/1/12
f 1263/1/13 1276/1/13 1275/1/13
f 1278/1/14 1267/1/14 1266/1/14
f 1277/1/15 1280/1/15 1279/1/15
f 1275/1/16 1270/1/16 1269/1/16
f 1272/1/17 1279/1/17 1278/1/17
f 1271/1/18 1274/1/18 1273/1/18
f 1269/1/19 1258/1/19 1257/1/19
f 1261/1/20 1273/1/20 1272/1/20
f 1275/1/21 1257/1/21 1263/1/21
f 1262/1/22 1264/1/22 1259/1/22
f 1273/1/23 1258/1/23 1271/1/23
f 1266/1/24 1272/1/24 1278/1/24
f 1267/1/25 1276/1/25 1265/1/25
f 1279/1/26 1270/1/26 1277/1/26
f 1281/1/1 1282/1/1 1283/1/1
f 1284/1/28 1285/1/28 1286/1/28
f 1287/1/3 1288/1/3 1289/1/3
f 1290/1/30 1291/1/30 1292/1/30
f 1293/1/5 1294/1/5 1295/1/5
f 1296/1/32 1297/1/32 1298/1/32
f 1299/1/7 1300/1/7 1301/1/7
f 1302/1/34 1303/1/34 1304/1/34
f 1281/1/9 1288/1/9 1287/1/9
f 1284/1/10 1283/1/10 1282/1/10
f 1290/1/11 1286/1/11 1285/1/11
f 1289/1/12 1292/1/12 1291/1/12
f 1287/1/13 1300/1/13 1299/1/13
f 1302/1/14 1291/1/14 1290/1/14
f 1301/1/15 1304/1/15 1303/1/15
f 1299/1/16 1294/1/16 1293/1/16
f 1296/1/17 1303/1/17 1302/1/17
f 1295/1/18 1298/1/18 1297/1/18
f 1293/1/19 1282/1/19 1281/1/19
f 1285/1/20 1297/1/20 1296/1/20
f 1299/1/21 1281/1/21 1287/1/21
f 1286/1/22 1288/1/22 1283/1/22
f 1297/1/23 1282/1/23 1295/1/23
f 1290/1/24 1296/1/24 1302/1/24
f 1291/1/25 1300/1/25 1289/1/25
f 1303/1/26 1294/1/26 1301/1/26
f 1305/1/1 1306/1/1 1307/1/1
f 1308/1/28 1309/1/28 1310/1/28
f 1311/1/3 1312/1/3 1313/1/3
f 1314/1/30 1315/1/30 1316/1/30
f 1317/1/5 1318/1/5 1319/1/5
f 1320/1/32 1321/1/32 1322/1/32
f 1323/1/7 1324/1/7 1325/1/7
f 1326/1/34 1327/1/34 1328/1/34
f 1305/1/9 1312/1/9 1311/1/9
f 1308/1/10 1307/1/10 1306/1/10
f 1314/1/11 1310/1/11 1309/1/11
f 1313/1/12 1316/1/12 1315/1/12
f 1311/1/13 1324/1/13 1323/1/13
f 1326/1/14 1315/1/14 1314/1/14
f 1325/1/15 1328/1/15 1327/1/15
f 1323/1/16 1318/1/16 1317/1/16
f 1320/1/17 1327/1/17 1326/1/17
f 1319/1/18 1322/1/18 1321/1/18
f 1317/1/19 1306/1/19 1305/1/19
f 1309/1/20 1321/1/20 1320/1/20
f 1323/1/21 1305/1/21 1311/1/21
f 1310/1/22 1312/1/22 1307/1/22
f 1321/1/23 1306/1/23 1319/1/23
f 1314/1/24 1320/1/24 1326/1/24
f 1315/1/25 1324/1/25 1313/1/25
f 1327/1/26 1318/1/26 1325/1/26
f 1329/1/1 1330/1/1 1331/1/1
f 1332/1/28 1333/1/28 1334/1/28
f 1335/1/3 1336/1/3 1337/1/3
f 1338/1/30 1339/1/30 1340/1/30
f 1341/1/5 1342/1/5 1343/1/5
f 1344/1/32 1345/1/32 1346/1/32
f 1347/1/7 1348/1/7 1349/1/7
f 1350/1/34 1351/1/34 1352/1/34
f 1329/1/9 1336/1/9 1335/1/9
f 1332/1/10 1331/1/10 1330/1/10
f 1338/1/11 1334/1/11 1333/1/11
f 1337/1/12 1340/1/12 1339/1/12
f 1335/1/13 1348/1/13 1347/1/13
f 1350/1/14 1339/1/14 1338/1/14
f 1349/1/15 1352/1/15 1351/1/15
f 1347/1/16 1342/1/16 1341/1/16
f 1344/1/17 1351/1/17 1350/1/17
f 1343/1/18 1346/1/18 1345/1/18
f 1341/1/19 1330/1/19 1329/1/19
f 1333/1/20 1345/1/20 1344/1/20
f 1347/1/21 1329/1/21 1335/1/21
f 1334/1/22 1336/1/22 1331/1/22
f 1345/1/23 1330/1/23 1343/1/23
f 1338/1/24 1344/1/24 1350/1/24
f 1339/1/25 1348/1/25 1337/1/25
f 1351/1/26 1342/1/26 1349/1/26
f 1353/1/1 1354/1/1 1355/1/1
f 1356/1/28 1357/1/28 1358/1/28
f 1359/1/3 1360/1/3 1361/1/3
f 1362/1/30 1363/1/30 1364/1/30
f 1365/1/5 1366/1/5 1367/1/5
f 1368/1/32 1369/1/32 1370/1/32
f 1371/1/7 1372/1/7 1373/1/7
f 1374/1/34 1375/1/34 1376/1/34
f 1353/1/9 1360/1/9 1359/1/9
f 1356/1/10 1355/1/10 1354/1/10
f 1362/1/11 1358/1/11 1357/1/11
f 1361/1/12 1364/1/12 1363/1/12
f 1359/1/13 1372/1/13 1371/1/13
f 1374/1/14 1363/1/14 1362/1/14
f 1373/1/15 1376/1/15 1375/1/15
f 1371/1/16 1366/1/16 1365/1/16
f 1368/1/17 1375/1/17 1374/1/17
f 1367/1/18 1370/1/18 1369/1/18
f 1365/1/19 1354/1/19 1353/1/19
f 1357/1/20 1369/1/20 1368/1/20
f 1371/1/21 1353/1/21 1359/1/21
f 1358/1/22 1360/1/22 1355/1/22
f 1369/1/23 1354/1/23 1367/1/23
f 1362/1/24 1368/1/24 1374/1/24
f 1363/1/25 1372/1/25 1361/1/25
f 1375/1/26 1366/1/26 1373/1/26
f 1377/3/144 1378/3/144 1379/3/144
f 1380/3/120 1381/3/120 1382/3/120
f 1383/3/115 1384/3/115 1385/3/115
f 1386/3/122 1387/3/122 1388/3/122
f 1389/3/143 1390/3/143 1391/3/143
f 1392/3/124 1393/3/124 1394/3/124
f 1395/3/118 1396/3/118 1397/3/118
f 1398/3/126 1399/3/126 1400/3/126
f 1377/3/9 1384/3/9 1383/3/9
f 1380/3/10 1379/3/10 1378/3/10
f 1386/3/11 1382/3/11 1381/3/11
f 1385/3/12 1388/3/12 1387/3/12
f 1383/3/13 1396/3/13 1395/3/13
f 1398/3/14 1387/3/14 1386/3/14
f 1397/3/15 1400/3/15 1399/3/15
f 1395/3/16 1390/3/16 1389/3/16
f 1392/3/17 1399/3/17 1398/3/17
f 1391/3/18 1394/3/18 1393/3/18
f 1389/3/19 1378/3/19 1377/3/19
f 1381/3/20 1393/3/20 1392/3/20
f 1395/3/21 1377/3/21 1383/3/21
f 1382/3/22 1384/3/22 1379/3/22
f 1393/3/23 1378/3/23 1391/3/23
f 1386/3/24 1392/3/24 1398/3/24
f 1387/3/25 1396/3/25 1385/3/25
f 1399/3/26 1390/3/26 1397/3/26
f 1401/3/113 1402/3/113 1403/3/113
f 1404/3/114 1405/3/114 1406/3/114
f 1407/3/134 1408/3/134 1409/3/134
f 1410/3/135 1411/3/135 1412/3/135
f 1413/3/116 1414/3/116 1415/3/116
f 1416/3/117 1417/3/117 1418/3/117
f 1419/3/128 1420/3/128 1421/3/128
f 1422/3/129 1423/3/129 1424/3/129
f 1401/3/9 1408/3/9 1407/3/9
f 1404/3/10 1403/3/10 1402/3/10
f 1410/3/11 1406/3/11 1405/3/11
f 1409/3/12 1412/3/12 1411/3/12
f 1407/3/13 1420/3/13 1419/3/13
f 1422/3/14 1411/3/14 1410/3/14
f 1421/3/15 1424/3/15 1423/3/15
f 1419/3/16 1414/3/16 1413/3/16
f 1416/3/17 1423/3/17 1422/3/17
f 1415/3/18 1418/3/18 1417/3/18
f 1413/3/19 1402/3/19 1401/3/19
f 1405/3/20 1417/3/20 1416/3/20
f 1419/3/21 1401/3/21 1407/3/21
f 1406/3/22 1408/3/22 1403/3/22
f 1417/3/23 1402/3/23 1415/3/23
f 1410/3/24 1416/3/24 1422/3/24
f 1411/3/25 1420/3/25 1409/3/25
f 1423/3/26 1414/3/26 1421/3/26
f 1425/3/113 1426/3/113 1427/3/113
f 1428/3/120 1429/3/120 1430/3/120
f 1431/3/134 1432/3/134 1433/3/134
f 1434/3/122 1435/3/122 1436/3/122
f 1437/3/116 1438/3/116 1439/3/116
f 1440/3/124 1441/3/124 1442/3/124
f 1443/3/128 1444/3/128 1445/3/128
f 1446/3/126 1447/3/126 1448/3/126
f 1425/3/9 1432/3/9 1431/3/9
f 1428/3/10 1427/3/10 1426/3/10
f 1434/3/11 1430/3/11 1429/3/11
f 1433/3/12 1436/3/12 1435/3/12
f 1431/3/13 1444/3/13 1443/3/13
f 1446/3/14 1435/3/14 1434/3/14
f 1445/3/15 1448/3/15 1447/3/15
f 1443/3/16 1438/3/16 1437/3/16
f 1440/3/17 1447/3/17 1446/3/17
f 1439/3/18 1442/3/18 1441/3/18
f 1437/3/19 1426/3/19 1425/3/19
f 1429/3/20 1441/3/20 1440/3/20
f 1443/3/21 1425/3/21 1431/3/21
f 1430/3/22 1432/3/22 1427/3/22
f 1441/3/23 1426/3/23 1439/3/23
f 1434/3/24 1440/3/24 1446/3/24
f 1435/3/25 1444/3/25 1433/3/25
f 1447/3/26 1438/3/26 1445/3/26
f 1449/3/113 1450/3/113 1451/3/113
f 1452/3/114 1453/3/114 1454/3/114
f 1455/3/134 1456/3/134 1457/3/134
f 1458/3/122 1459/3/122 1460/3/122
f 1461/3/116 1462/3/116 1463/3/116
f 1464/3/124 1465/3/124 1466/3/124
f 1467/3/128 1468/3/128 1469/3/128
f 1470/3/129 1471/3/129 1472/3/129
f 1449/3/9 1456/3/9 1455/3/9
f 1452/3/10 1451/3/10 1450/3/10
f 1458/3/11 1454/3/11 1453/3/11
f 1457/3/12 1460/3/12 1459/3/12
f 1455/3/13 1468/3/13 1467/3/13
f 1470/3/14 1459/3/14 1458/3/14
f 1469/3/15 1472/3/15 1471/3/15
f 1467/3/16 1462/3/16 1461/3/16
f 1464/3/17 1471/3/17 1470/3/17
f 1463/3/18 1466/3/18 1465/3/18
f 1461/3/19 1450/3/19 1449/3/19
f 1453/3/20 1465/3/20 1464/3/20
f 1467/3/21 1449/3/21 1455/3/21
f 1454/3/22 1456/3/22 1451/3/22
f 1465/3/23 1450/3/23 1463/3/23
f 1458/3/24 1464/3/24 1470/3/24
f 1459/3/25 1468/3/25 1457/3/25
f 1471/3/26 1462/3/26 1469/3/26
f 1473/3/113 1474/3/113 1475/3/113
f 1476/3/120 1477/3/120 1478/3/120
f 1479/3/134 1480/3/134 1481/3/134
f 1482/3/122 1483/3/122 1484/3/122
f 1485/3/116 1486/3/116 1487/3/116
f 1488/3/124 1489/3/124 1490/3/124
f 1491/3/128 1492/3/128 1493/3/128
f 1494/3/126 1495/3/126 1496/3/126
f 1473/3/9 1480/3/9 1479/3/9
f 1476/3/10 1475/3/10 1474/3/10
f 1482/3/11 1478/3/11 1477/3/11
f 1481/3/12 1484/3/12 1483/3/12
f 1479/3/13 1492/3/13 1491/3/13
f 1494/3/14 1483/3/14 1482/3/14
f 1493/3/15 1496/3/15 1495/3/15
f 1491/3/16 1486/3/16 1485/3/16
f 1488/3/17 1495/3/17 1494/3/17
f 1487/3/18 1490/3/18 1489/3/18
f 1485/3/19 1474/3/19 1473/3/19
f 1477/3/20 1489/3/20 1488/3/20
f 1491/3/21 1473/3/21 1479/3/21
f 1478/3/22 1480/3/22 1475/3/22
f 1489/3/23 1474/3/23 1487/3/23
f 1482/3/24 1488/3/24 1494/3/24
f 1483/3/25 1492/3/25 1481/3/25
f 1495/3/26 1486/3/26 1493/3/26
f 1497/3/113 1498/3/113 1499/3/113
f 1500/3/114 1501/3/114 1502/3/114
f 1503/3/134 1504/3/134 1505/3/134
f 1506/3/135 1507/3/135 1508/3/135
f 1509/3/116 1510/3/116 1511/3/116
f 1512/3/117 1513/3/117 1514/3/117
f 1515/3/128 1516/3/128 1517/3/128
f 1518/3/129 1519/3/129 1520/3/129
f 1497/3/9 1504/3/9 1503/3/9
f 1500/3/10 1499/3/10 1498/3/10
f 1506/3/11 1502/3/11 1501/3/11
f 1505/3/12 1508/3/12 1507/3/12
f 1503/3/13 1516/3/13 1515/3/13
f 1518/3/14 1507/3/14 1506/3/14
f 1517/3/15 1520/3/15 1519/3/15
f 1515/3/16 1510/3/16 1509/3/16
f 1512/3/17 1519/3/17 1518/3/17
f 1511/3/18 1514/3/18 1513/3/18
f 1509/3/19 1498/3/19 1497/3/19
f 1501/3/20 1513/3/20 1512/3/20
f 1515/3/21 1497/3/21 1503/3/21
f 1502/3/22 1504/3/22 1499/3/22
f 1513/3/23 1498/3/23 1511/3/23
f 1506/3/24 1512/3/24 1518/3/24
f 1507/3/25 1516/3/25 1505/3/25
f 1519/3/26 1510/3/26 1517/3/26
f 1521/3/144 1522/3/144 1523/3/144
f 1524/3/120 1525/3/120 1526/3/120
f 1527/3/115 1528/3/115 1529/3/115
f 1530/3/122 1531/3/122 1532/3/122
f 1533/3/143 1534/3/143 1535/3/143
f 1536/3/124 1537/3/124 1538/3/124
f 1539/3/118 1540/3/118 1541/3/118
f 1542/3/126 1543/3/126 1544/3/126
f 1521/3/9 1528/3/9 1527/3/9
f 1524/3/10 1523/3/10 1522/3/10
f 1530/3/11 1526/3/11 1525/3/11
f 1529/3/12 1532/3/12 1531/3/12
f 1527/3/13 1540/3/13 1539/3/13
f 1542/3/14 1531/3/14 1530/3/14
f 1541/3/15 1544/3/15 1543/3/15
f 1539/3/16 1534/3/16 1533/3/16
f 1536/3/17 1543/3/17 1542/3/17
f 1535/3/18 1538/3/18 1537/3/18
f 1533/3/19 1522/3/19 1521/3/19
f 1525/3/20 1537/3/20 1536/3/20
f 1539/3/21 1521/3/21 1527/3/21
f 1526/3/22 1528/3/22 1523/3/22
f 1537/3/23 1522/3/23 1535/3/23
f 1530/3/24 1536/3/24 1542/3/24
f 1531/3/25 1540/3/25 1529/3/25
f 1543/3/26 1534/3/26 1541/3/26
f 1545/4/1 1546/4/1 1547/4/1
f 1548/4/108 1549/4/108 1550/4/108
f 1551/4/3 1552/4/3 1553/4/3
f 1554/4/127 1555/4/127 1556/4/127
f 1557/4/147 1558/4/147 1559/4/147
f 1560/4/6 1561/4/6 1562/4/6
f 1563/4/148 1564/4/148 1565/4/148
f 1566/4/106 1567/4/106 1568/4/106
f 1545/4/9 1552/4/9 1551/4/9
f 1548/4/10 1547/4/10 1546/4/10
f 1554/4/11 1550/4/11 1549/4/11
f 1553/4/12 1556/4/12 1555/4/12
f 1551/4/13 1564/4/13 1563/4/13
f 1566/4/14 1555/4/14 1554/4/14
f 1565/4/15 1568/4/15 1567/4/15
f 1563/4/16 1558/4/16 1557/4/16
f 1560/4/17 1567/4/17 1566/4/17
f 1559/4/18 1562/4/18 1561/4/18
f 1557/4/19 1546/4/19 1545/4/19
f 1549/4/20 1561/4/20 1560/4/20
f 1563/4/21 1545/4/21 1551/4/21
f 1550/4/22 1552/4/22 1547/4/22
f 1561/4/23 1546/4/23 1559/4/23
f 1554/4/24 1560/4/24 1566/4/24
f 1555/4/25 1564/4/25 1553/4/25
f 1567/4/26 1558/4/26 1565/4/26
f 1569/1/1 1570/1/1 1571/1/1
f 1572/1/28 1573/1/28 1574/1/28
f 1575/1/3 1576/1/3 1577/1/3
f 1578/1/30 1579/1/30 1580/1/30
f 1581/1/5 1582/1/5 1583/1/5
f 1584/1/32 1585/1/32 1586/1/32
f 1587/1/7 1588/1/7 1589/1/7
f 1590/1/34 1591/1/34 1592/1/34
f 1569/1/9 1576/1/9 1575/1/9
f 1572/1/10 1571/1/10 1570/1/10
f 1578/1/11 1574/1/11 1573/1/11
f 1577/1/12 1580/1/12 1579/1/12
f 1575/1/13 1588/1/13 1587/1/13
f 1590/1/14 1579/1/14 1578/1/14
f 1589/1/15 1592/1/15 1591/1/15
f 1587/1/16 1582/1/16 1581/1/16
f 1584/1/17 1591/1/17 1590/1/17
f 1583/1/18 1586/1/18 1585/1/18
f 1581/1/19 1570/1/19 1569/1/19
f 1573/1/20 1585/1/20 1584/1/20
f 1587/1/21 1569/1/21 1575/1/21
f 1574/1/22 1576/1/22 1571/1/22
f 1585/1/23 1570/1/23 1583/1/23
f 1578/1/24 1584/1/24 1590/1/24
f 1579/1/25 1588/1/25 1577/1/25
f 1591/1/26 1582/1/26 1589/1/26
f 1593/1/1 1594/1/1 1595/1/1
f 1596/1/28 1597/1/28 1598/1/28
f 1599/1/3 1600/1/3 1601/1/3
f 1602/1/30 1603/1/30 1604/1/30
f 1605/1/5 1606/1/5 1607/1/5
f 1608/1/32 1609/1/32 1610/1/32
f 1611/1/7 1612/1/7 1613/1/7
f 1614/1/34 1615/1/34 1616/1/34
f 1593/1/9 1600/1/9 1599/1/9
f 1596/1/10 1595/1/10 1594/1/10
f 1602/1/11 1598/1/11 1597/1/11
f 1601/1/12 1604/1/12 1603/1/12
f 1599/1/13 1612/1/13 1611/1/13
f 1614/1/14 1603/1/14 1602/1/14
f 1613/1/15 1616/1/15 1615/1/15
f 1611/1/16 1606/1/16 1605/1/16
f 1608/1/17 1615/1/17 1614/1/17
f 1607/1/18 1610/1/18 1609/1/18
f 1605/1/19 1594/1/19 1593/1/19
f 1597/1/20 1609/1/20 1608/1/20
f 1611/1/21 1593/1/21 1599/1/21
f 1598/1/22 1600/1/22 1595/1/22
f 1609/1/23 1594/1/23 1607/1/23
f 1602/1/24 1608/1/24 1614/1/24
f 1603/1/25 1612/1/25 1601/1/25
f 1615/1/26 1606/1/26 1613/1/26
f 1617/1/1 1618/1/1 1619/1/1
f 1620/1/28 1621/1/28 1622/1/28
f 1623/1/3 1624/1/3 1625/1/3
f 1626/1/30 1627/1/30 1628/1/30
f 1629/1/5 1630/1/5 1631/1/5
f 1632/1/32 1633/1/32 1634/1/32
f 1635/1/7 1636/1/7 1637/1/7
f 1638/1/34 1639/1/34 1640/1/34
f 1617/1/9 1624/1/9 1623/1/9
f 1620/1/10 1619/1/10 1618/1/10
f 1626/1/11 1622/1/11 1621/1/11
f 1625/1/12 1628/1/12 1627/1/12
f 1623/1/13 1636/1/13 1635/1/13
f 1638/1/14 1627/1/14 1626/1/14
f 1637/1/15 1640/1/15 1639/1/15
f 1635/1/16 1630/1/16 1629/1/16
f 1632/1/17 1639/1/17 1638/1/17
f 1631/1/18 1634/1/18 1633/1/18
f 1629/1/19 1618/1/19 1617/1/19
f 1621/1/20 1633/1/20 1632/1/20
f 1635/1/21 1617/1/21 1623/1/21
f 1622/1/22 1624/1/22 1619/1/22
f 1633/1/23 1618/1/23 1631/1/23
f 1626/1/24 1632/1/24 1638/1/24
f 1627/1/25 1636/1/25 1625/1/25
f 1639/1/26 1630/1/26 1637/1/26
f 1641/1/1 1642/1/1 1643/1/1
f 1644/1/28 1645/1/28 1646/1/28
f 1647/1/3 1648/1/3 1649/1/3
f 1650/1/30 1651/1/30 1652/1/30
f 1653/1/5 1654/1/5 1655/1/5
f 1656/1/32 1657/1/32 1658/1/32
f 1659/1/7 1660/1/7 1661/1/7
f 1662/1/34 1663/1/34 1664/1/34
f 1641/1/9 1648/1/9 1647/1/9
f 1644/1/10 1643/1/10 1642/1/10
f 1650/1/11 1646/1/11 1645/1/11
f 1649/1/12 1652/1/12 1651/1/12
f 1647/1/13 1660/1/13 1659/1/13
f 1662/1/14 1651/1/14 1650/1/14
f 1661/1/15 1664/1/15 1663/1/15
f 1659/1/16 1654/1/16 1653/1/16
f 1656/1/17 1663/1/17 1662/1/17
f 1655/1/18 1658/1/18 1657/1/18
f 1653/1/19 1642/1/19 1641/1/19
f 1645/1/20 1657/1/20 1656/1/20
f 1659/1/21 1641/1/21 1647/1/21
f 1646/1/22 1648/1/22 1643/1/22
f 1657/1/23 1642/1/23 1655/1/23
f 1650/1/24 1656/1/24 1662/1/24
f 1651/1/25 1660/1/25 1649/1/25
f 1663/1/26 1654/1/26 1661/1/26
f 1665/1/1 1666/1/1 1667/1/1
f 1668/1/28 1669/1/28 1670/1/28
f 1671/1/3 1672/1/3 1673/1/3
f 1674/1/30 1675/1/30 1676/1/30
f 1677/1/5 1678/1/5 1679/1/5
f 1680/1/32 1681/1/32 1682/1/32
f 1683/1/7 1684/1/7 1685/1/7
f 1686/1/34 1687/1/34 1688/1/34
f 1665/1/9 1672/1/9 1671/1/9
f 1668/1/10 1667/1/10 1666/1/10
f 1674/1/11 1670/1/11 1669/1/11
f 1673/1/12 1676/1/12 1675/1/12
f 1671/1/13 1684/1/13 1683/1/13
f 1686/1/14 1675/1/14 1674/1/14
f 1685/1/15 1688/1/15 1687/1/15
f 1683/1/16 1678/1/16 1677/1/16
f 1680/1/17 1687/1/17 1686/1/17
f 1679/1/18 1682/1/18 1681/1/18
f 1677/1/19 1666/1/19 1665/1/19
f 1669/1/20 1681/1/20 1680/1/20
f 1683/1/21 1665/1/21 1671/1/21
f 1670/1/22 1672/1/22 1667/1/22
f 1681/1/23 1666/1/23 1679/1/23
f 1674/1/24 1680/1/24 1686/1/24
f 1675/1/25 1684/1/25 1673/1/25
f 1687/1/26 1678/1/26 1685/1/26
f 1689/8/144 1690/8/144 1691/8/144
f 1692/8/137 1693/8/137 1694/8/137
f 1695/8/133 1696/8/133 1697/8/133
f 1698/8/127 1699/8/127 1700/8/127
f 1701/8/143 1702/8/143 1703/8/143
f 1704/8/105 1705/8/105 1706/8/105
f 1707/8/131 1708/8/131 1709/8/131
f 1710/8/132 1711/8/132 1712/8/132
f 1689/8/9 1696/8/9 1695/8/9
f 1692/8/10 1691/8/10 1690/8/10
f 1698/8/11 1694/8/11 1693/8/11
f 1697/8/12 1700/8/12 1699/8/12
f 1695/8/13 1708/8/13 1707/8/13
f 1710/8/14 1699/8/14 1698/8/14
f 1709/8/15 1712/8/15 1711/8/15
f 1707/8/16 1702/8/16 1701/8/16
f 1704/8/17 1711/8/17 1710/8/17
f 1703/8/18 1706/8/18 1705/8/18
f 1701/8/19 1690/8/19 1689/8/19
f 1693/8/20 1705/8/20 1704/8/20
f 1707/8/21 1689/8/21 1695/8/21
f 1694/8/22 1696/8/22 1691/8/22
f 1705/8/23 1690/8/23 1703/8/23
f 1698/8/24 1704/8/24 1710/8/24
f 1699/8/25 1708/8/25 1697/8/25
f 1711/8/26 1702/8/26 1709/8/26
f 1713/9/27 1714/9/27 1715/9/27
f 1716/9/137 1717/9/137 1718/9/137
f 1719/9/133 1720/9/133 1721/9/133
f 1722/9/138 1723/9/138 1724/9/138
f 1725/9/31 1726/9/31 1727/9/31
f 1728/9/105 1729/9/105 1730/9/105
f 1731/9/131 1732/9/131 1733/9/131
f 1734/9/106 1735/9/106 1736/9/106
f 1713/9/9 1720/9/9 1719/9/9
f 1716/9/10 1715/9/10 1714/9/10
f 1722/9/11 1718/9/11 1717/9/11
f 1721/9/12 1724/9/12 1723/9/12
f 1719/9/13 1732/9/13 1731/9/13
f 1734/9/14 1723/9/14 1722/9/14
f 1733/9/15 1736/9/15 1735/9/15
f 1731/9/16 1726/9/16 1725/9/16
f 1728/9/17 1735/9/17 1734/9/17
f 1727/9/18 1730/9/18 1729/9/18
f 1725/9/19 1714/9/19 1713/9/19
f 1717/9/20 1729/9/20 1728/9/20
f 1731/9/21 1713/9/21 1719/9/21
f 1718/9/22 1720/9/22 1715/9/22
f 1729/9/23 1714/9/23 1727/9/23
f 1722/9/24 1728/9/24 1734/9/24
f 1723/9/25 1732/9/25 1721/9/25
f 1735/9/26 1726/9/26 1733/9/26
f 1737/8/144 1738/8/144 1739/8/144
f 1740/8/137 1741/8/137 1742/8/137
f 1743/8/133 1744/8/133 1745/8/133
f 1746/8/127 1747/8/127 1748/8/127
f 1749/8/143 1750/8/143 1751/8/143
f 1752/8/105 1753/8/105 1754/8/105
f 1755/8/131 1756/8/131 1757/8/131
f 1758/8/132 1759/8/132 1760/8/132
f 1737/8/9 1744/8/9 1743/8/9
f 1740/8/10 1739/8/10 1738/8/10
f 1746/8/11 1742/8/11 1741/8/11
f 1745/8/12 1748/8/12 1747/8/12
f 1743/8/13 1756/8/13 1755/8/13
f 1758/8/14 1747/8/14 1746/8/14
f 1757/8/15 1760/8/15 1759/8/15
f 1755/8/16 1750/8/16 1749/8/16
f 1752/8/17 1759/8/17 1758/8/17
f 1751/8/18 1754/8/18 1753/8/18
f 1749/8/19 1738/8/19 1737/8/19
f 1741/8/20 1753/8/20 1752/8/20
f 1755/8/21 1737/8/21 1743/8/21
f 1742/8/22 1744/8/22 1739/8/22
f 1753/8/23 1738/8/23 1751/8/23
f 1746/8/24 1752/8/24 1758/8/24
f 1747/8/25 1756/8/25 1745/8/25
f 1759/8/26 1750/8/26 1757/8/26
f 1761/9/27 1762/9/27 1763/9/27
f 1764/9/137 1765/9/137 1766/9/137
f 1767/9/133 1768/9/133 1769/9/133
f 1770/9/138 1771/9/138 1772/9/138
f 1773/9/31 1774/9/31 1775/9/31
f 1776/9/105 1777/9/105 1778/9/105
f 1779/9/131 1780/9/131 1781/9/131
f 1782/9/106 1783/9/106 1784/9/106
f 1761/9/9 1768/9/9 1767/9/9
f 1764/9/10 1763/9/10 1762/9/10
f 1770/9/11 1766/9/11 1765/9/11
f 1769/9/12 1772/9/12 1771/9/12
f 1767/9/13 1780/9/13 1779/9/13
f 1782/9/14 1771/9/14 1770/9/14
f 1781/9/15 1784/9/15 1783/9/15
f 1779/9/16 1774/9/16 1773/9/16
f 1776/9/17 1783/9/17 1782/9/17
f 1775/9/18 1778/9/18 1777/9/18
f 1773/9/19 1762/9/19 1761/9/19
f 1765/9/20 1777/9/20 1776/9/20
f 1779/9/21 1761/9/21 1767/9/21
f 1766/9/22 1768/9/22 1763/9/22
f 1777/9/23 1762/9/23 1775/9/23
f 1770/9/24 1776/9/24 1782/9/24
f 1771/9/25 1780/9/25 1769/9/25
f 1783/9/26 1774/9/26 1781/9/26
f 1786/2/149 1787/2/149 1785/2/149
f 1788/2/150 1789/2/150 1787/2/150
f 1790/2/151 1791/2/151 1789/2/151
f 1792/2/152 1793/2/152 1791/2/152
f 1794/2/153 1795/2/153 1793/2/153
f 1796/2/154 1797/2/154 1795/2/154
f 1798/2/155 1799/2/155 1797/2/155
f 1800/2/156 1801/2/156 1799/2/156
f 1802/2/157 1803/2/157 1801/2/157
f 1804/2/158 1805/2/158 1803/2/158
f 1806/2/159 1807/2/159 1805/2/159
f 1808/2/160 1809/2/160 1807/2/160
f 1810/2/161 1811/2/161 1809/2/161
f 1812/2/162 1813/2/162 1811/2/162
f 1806/2/24 1798/2/24 1790/2/24
f 1814/2/163 1815/2/163 1813/2/163
f 1816/2/164 1785/2/164 1815/2/164
f 1799/2/21 1807/2/21 1815/2/21
f 1/1/9 3/1/9 8/1/9
f 4/1/10 6/1/10 3/1/10
f 10/1/11 12/1/11 6/1/11
f 9/1/12 8/1/12 12/1/12
f 7/1/13 9/1/13 20/1/13
f 22/1/14 24/1/14 11/1/14
f 21/1/15 20/1/15 24/1/15
f 19/1/16 21/1/16 14/1/16
f 16/1/17 18/1/17 23/1/17
f 15/1/18 14/1/18 18/1/18
f 13/1/19 15/1/19 2/1/19
f 5/1/20 4/1/20 17/1/20
f 19/1/21 13/1/21 1/1/21
f 6/1/22 12/1/22 8/1/22
f 17/1/23 4/1/23 2/1/23
f 10/1/24 5/1/24 16/1/24
f 11/1/25 24/1/25 20/1/25
f 23/1/26 18/1/26 14/1/26
f 25/2/9 27/2/9 32/2/9
f 28/2/10 30/2/10 27/2/10
f 34/2/11 36/2/11 30/2/11
f 33/2/12 32/2/12 36/2/12
f 31/2/13 33/2/13 44/2/13
f 46/2/14 48/2/14 35/2/14
f 45/2/15 44/2/15 48/2/15
f 43/2/16 45/2/16 38/2/16
f 40/2/17 42/2/17 47/2/17
f 39/2/18 38/2/18 42/2/18
f 37/2/19 39/2/19 26/2/19
f 29/2/20 28/2/20 41/2/20
f 43/2/21 37/2/21 25/2/21
f 30/2/22 36/2/22 32/2/22
f 41/2/23 28/2/23 26/2/23
f 34/2/24 29/2/24 40/2/24
f 35/2/25 48/2/25 44/2/25
f 47/2/26 42/2/26 38/2/26
f 49/1/43 51/1/43 56/1/43
f 52/1/44 54/1/44 51/1/44
f 58/1/45 60/1/45 54/1/45
f 59/1/46 57/1/46 56/1/46
f 55/1/47 57/1/47 68/1/47
f 70/1/48 72/1/48 59/1/48
f 69/1/49 68/1/49 72/1/49
f 67/1/50 69/1/50 62/1/50
f 64/1/51 66/1/51 71/1/51
f 65/1/52 63/1/52 62/1/52
f 61/1/53 63/1/53 50/1/53
f 53/1/54 52/1/54 65/1/54
f 67/1/55 61/1/55 49/1/55
f 51/1/22 54/1/22 60/1/22
f 65/1/56 52/1/56 50/1/56
f 58/1/57 53/1/57 64/1/57
f 59/1/58 72/1/58 68/1/58
f 71/1/26 66/1/26 62/1/26
f 73/3/59 74/3/59 76/3/59
f 76/3/60 78/3/60 77/3/60
f 78/3/61 80/3/61 79/3/61
f 79/3/165 80/3/165 82/3/165
f 82/3/166 84/3/166 83/3/166
f 83/3/64 84/3/64 86/3/64
f 78/3/167 76/3/167 74/3/167
f 74/3/65 88/3/65 86/3/65
f 86/3/65 84/3/65 82/3/65
f 82/3/65 80/3/65 78/3/65
f 78/3/168 74/3/168 82/3/168
f 85/3/66 86/3/66 88/3/66
f 88/3/67 74/3/67 73/3/67
f 87/3/169 73/3/169 79/3/169
f 73/3/68 75/3/68 79/3/68
f 75/3/169 77/3/169 79/3/169
f 79/3/68 81/3/68 87/3/68
f 81/3/68 83/3/68 87/3/68
f 89/3/59 90/3/59 92/3/59
f 92/3/60 94/3/60 93/3/60
f 94/3/61 96/3/61 95/3/61
f 95/3/165 96/3/165 98/3/165
f 98/3/166 100/3/166 99/3/166
f 99/3/64 100/3/64 102/3/64
f 94/3/65 92/3/65 90/3/65
f 90/3/65 104/3/65 102/3/65
f 102/3/65 100/3/65 98/3/65
f 98/3/65 96/3/65 94/3/65
f 94/3/65 90/3/65 102/3/65
f 101/3/66 102/3/66 104/3/66
f 104/3/67 90/3/67 89/3/67
f 103/3/68 89/3/68 95/3/68
f 89/3/68 91/3/68 95/3/68
f 91/3/68 93/3/68 95/3/68
f 95/3/68 97/3/68 103/3/68
f 97/3/68 99/3/68 103/3/68
f 105/3/59 106/3/59 108/3/59
f 108/3/60 110/3/60 109/3/60
f 110/3/61 112/3/61 111/3/61
f 111/3/165 112/3/165 114/3/165
f 114/3/166 116/3/166 115/3/166
f 115/3/64 116/3/64 118/3/64
f 110/3/170 108/3/170 106/3/170
f 106/3/168 120/3/168 110/3/168
f 120/3/65 118/3/65 110/3/65
f 118/3/65 116/3/65 114/3/65
f 114/3/65 112/3/65 110/3/65
f 117/3/66 118/3/66 120/3/66
f 120/3/67 106/3/67 105/3/67
f 119/3/68 105/3/68 111/3/68
f 105/3/68 107/3/68 111/3/68
f 107/3/68 109/3/68 111/3/68
f 111/3/68 113/3/68 119/3/68
f 113/3/68 115/3/68 119/3/68
f 121/3/59 122/3/59 124/3/59
f 124/3/60 126/3/60 125/3/60
f 126/3/61 128/3/61 127/3/61
f 127/3/165 128/3/165 130/3/165
f 130/3/166 132/3/166 131/3/166
f 131/3/64 132/3/64 134/3/64
f 126/3/65 124/3/65 122/3/65
f 122/3/170 136/3/170 134/3/170
f 134/3/65 132/3/65 130/3/65
f 130/3/65 128/3/65 126/3/65
f 126/3/65 122/3/65 130/3/65
f 133/3/66 134/3/66 136/3/66
f 136/3/67 122/3/67 121/3/67
f 135/3/68 121/3/68 127/3/68
f 121/3/68 123/3/68 127/3/68
f 123/3/68 125/3/68 127/3/68
f 127/3/68 129/3/68 135/3/68
f 129/3/68 131/3/68 135/3/68
f 137/3/59 138/3/59 140/3/59
f 140/3/60 142/3/60 141/3/60
f 142/3/61 144/3/61 143/3/61
f 143/3/165 144/3/165 146/3/165
f 146/3/166 148/3/166 147/3/166
f 147/3/64 148/3/64 150/3/64
f 142/3/65 140/3/65 138/3/65
f 138/3/65 152/3/65 150/3/65
f 150/3/65 148/3/65 146/3/65
f 146/3/65 144/3/65 142/3/65
f 142/3/65 138/3/65 150/3/65
f 149/3/66 150/3/66 152/3/66
f 152/3/67 138/3/67 137/3/67
f 151/3/68 137/3/68 143/3/68
f 137/3/68 139/3/68 143/3/68
f 139/3/68 141/3/68 143/3/68
f 143/3/68 145/3/68 151/3/68
f 145/3/68 147/3/68 151/3/68
f 153/3/59 154/3/59 156/3/59
f 156/3/60 158/3/60 157/3/60
f 158/3/61 160/3/61 159/3/61
f 159/3/165 160/3/165 162/3/165
f 162/3/166 164/3/166 163/3/166
f 163/3/64 164/3/64 166/3/64
f 158/3/65 156/3/65 154/3/65
f 154/3/168 168/3/168 158/3/168
f 168/3/65 166/3/65 158/3/65
f 166/3/65 164/3/65 162/3/65
f 162/3/65 160/3/65 158/3/65
f 165/3/66 166/3/66 168/3/66
f 168/3/67 154/3/67 153/3/67
f 167/3/68 153/3/68 159/3/68
f 153/3/68 155/3/68 159/3/68
f 155/3/68 157/3/68 159/3/68
f 159/3/68 161/3/68 163/3/68
f 163/3/68 165/3/68 159/3/68
f 169/3/59 170/3/59 172/3/59
f 172/3/60 174/3/60 173/3/60
f 174/3/61 176/3/61 175/3/61
f 175/3/165 176/3/165 178/3/165
f 178/3/166 180/3/166 179/3/166
f 179/3/64 180/3/64 182/3/64
f 174/3/65 172/3/65 170/3/65
f 170/3/65 184/3/65 182/3/65
f 182/3/65 180/3/65 178/3/65
f 178/3/65 176/3/65 174/3/65
f 174/3/65 170/3/65 178/3/65
f 181/3/66 182/3/66 184/3/66
f 184/3/67 170/3/67 169/3/67
f 183/3/68 169/3/68 175/3/68
f 169/3/68 171/3/68 175/3/68
f 171/3/68 173/3/68 175/3/68
f 175/3/68 177/3/68 179/3/68
f 179/3/68 181/3/68 175/3/68
f 185/3/59 186/3/59 188/3/59
f 188/3/60 190/3/60 189/3/60
f 190/3/61 192/3/61 191/3/61
f 191/3/165 192/3/165 194/3/165
f 194/3/166 196/3/166 195/3/166
f 195/3/64 196/3/64 198/3/64
f 190/3/65 188/3/65 186/3/65
f 186/3/168 200/3/168 190/3/168
f 200/3/65 198/3/65 190/3/65
f 198/3/65 196/3/65 194/3/65
f 194/3/65 192/3/65 190/3/65
f 197/3/66 198/3/66 200/3/66
f 200/3/67 186/3/67 185/3/67
f 199/3/68 185/3/68 191/3/68
f 185/3/68 187/3/68 191/3/68
f 187/3/68 189/3/68 191/3/68
f 191/3/68 193/3/68 199/3/68
f 193/3/68 195/3/68 199/3/68
f 201/3/59 202/3/59 204/3/59
f 204/3/60 206/3/60 205/3/60
f 206/3/61 208/3/61 207/3/61
f 207/3/165 208/3/165 210/3/165
f 210/3/166 212/3/166 211/3/166
f 211/3/64 212/3/64 214/3/64
f 206/3/65 204/3/65 202/3/65
f 202/3/168 216/3/168 206/3/168
f 216/3/65 214/3/65 206/3/65
f 214/3/65 212/3/65 210/3/65
f 210/3/65 208/3/65 206/3/65
f 213/3/66 214/3/66 216/3/66
f 216/3/67 202/3/67 201/3/67
f 215/3/68 201/3/68 207/3/68
f 201/3/68 203/3/68 207/3/68
f 203/3/68 205/3/68 207/3/68
f 207/3/68 209/3/68 211/3/68
f 211/3/68 213/3/68 207/3/68
f 217/3/59 218/3/59 220/3/59
f 220/3/60 222/3/60 221/3/60
f 222/3/61 224/3/61 223/3/61
f 223/3/165 224/3/165 226/3/165
f 226/3/166 228/3/166 227/3/166
f 227/3/64 228/3/64 230/3/64
f 222/3/170 220/3/170 218/3/170
f 218/3/170 232/3/170 230/3/170
f 230/3/65 228/3/65 226/3/65
f 226/3/65 224/3/65 222/3/65
f 222/3/65 218/3/65 230/3/65
f 229/3/66 230/3/66 232/3/66
f 232/3/67 218/3/67 217/3/67
f 231/3/68 217/3/68 223/3/68
f 217/3/68 219/3/68 223/3/68
f 219/3/68 221/3/68 223/3/68
f 223/3/68 225/3/68 231/3/68
f 225/3/68 227/3/68 231/3/68
f 233/3/59 234/3/59 236/3/59
f 236/3/60 238/3/60 237/3/60
f 238/3/61 240/3/61 239/3/61
f 239/3/62 240/3/62 242/3/62
f 242/3/166 244/3/166 243/3/166
f 243/3/64 244/3/64 246/3/64
f 238/3/65 236/3/65 234/3/65
f 234/3/170 248/3/170 246/3/170
f 246/3/65 244/3/65 242/3/65
f 242/3/65 240/3/65 238/3/65
f 238/3/65 234/3/65 242/3/65
f 245/3/66 246/3/66 248/3/66
f 248/3/67 234/3/67 233/3/67
f 247/3/68 233/3/68 239/3/68
f 233/3/68 235/3/68 239/3/68
f 235/3/68 237/3/68 239/3/68
f 239/3/68 241/3/68 247/3/68
f 241/3/68 243/3/68 247/3/68
f 249/3/59 250/3/59 252/3/59
f 252/3/60 254/3/60 253/3/60
f 254/3/61 256/3/61 255/3/61
f 255/3/165 256/3/165 258/3/165
f 258/3/166 260/3/166 259/3/166
f 259/3/64 260/3/64 262/3/64
f 254/3/170 252/3/170 250/3/170
f 250/3/65 264/3/65 262/3/65
f 262/3/65 260/3/65 258/3/65
f 258/3/65 256/3/65 254/3/65
f 254/3/65 250/3/65 258/3/65
f 261/3/66 262/3/66 264/3/66
f 264/3/67 250/3/67 249/3/67
f 263/3/68 249/3/68 255/3/68
f 249/3/68 251/3/68 255/3/68
f 251/3/68 253/3/68 255/3/68
f 255/3/68 257/3/68 263/3/68
f 257/3/68 259/3/68 263/3/68
f 265/3/59 266/3/59 268/3/59
f 268/3/60 270/3/60 269/3/60
f 270/3/61 272/3/61 271/3/61
f 271/3/62 272/3/62 274/3/62
f 274/3/166 276/3/166 275/3/166
f 275/3/64 276/3/64 278/3/64
f 270/3/170 268/3/170 266/3/170
f 266/3/167 280/3/167 278/3/167
f 278/3/65 276/3/65 274/3/65
f 274/3/65 272/3/65 270/3/65
f 270/3/168 266/3/168 274/3/168
f 277/3/66 278/3/66 280/3/66
f 280/3/67 266/3/67 265/3/67
f 279/3/169 265/3/169 271/3/169
f 265/3/68 267/3/68 271/3/68
f 267/3/169 269/3/169 271/3/169
f 271/3/68 273/3/68 279/3/68
f 273/3/68 275/3/68 279/3/68
f 281/1/78 283/1/78 288/1/78
f 284/1/79 286/1/79 283/1/79
f 290/1/80 292/1/80 286/1/80
f 291/1/81 289/1/81 288/1/81
f 287/1/82 289/1/82 300/1/82
f 302/1/83 304/1/83 291/1/83
f 301/1/84 300/1/84 304/1/84
f 299/1/85 301/1/85 294/1/85
f 296/1/86 298/1/86 303/1/86
f 297/1/87 295/1/87 294/1/87
f 293/1/88 295/1/88 282/1/88
f 285/1/89 284/1/89 297/1/89
f 299/1/90 293/1/90 281/1/90
f 286/1/22 292/1/22 288/1/22
f 297/1/91 284/1/91 282/1/91
f 290/1/92 285/1/92 296/1/92
f 291/1/93 304/1/93 300/1/93
f 301/1/26 303/1/26 298/1/26
f 306/3/171 308/3/171 307/3/171
f 307/3/95 308/3/95 310/3/95
f 309/3/96 310/3/96 312/3/96
f 312/3/97 314/3/97 313/3/97
f 313/3/98 314/3/98 316/3/98
f 316/3/99 318/3/99 317/3/99
f 310/3/100 308/3/100 306/3/100
f 306/3/100 320/3/100 318/3/100
f 318/3/172 316/3/172 314/3/172
f 314/3/173 312/3/173 318/3/173
f 312/3/100 310/3/100 318/3/100
f 318/3/101 320/3/101 319/3/101
f 319/3/102 320/3/102 306/3/102
f 319/3/174 305/3/174 307/3/174
f 307/3/103 309/3/103 319/3/103
f 309/3/103 311/3/103 319/3/103
f 311/3/103 313/3/103 319/3/103
f 313/3/103 315/3/103 319/3/103
f 322/3/171 324/3/171 323/3/171
f 323/3/95 324/3/95 326/3/95
f 325/3/96 326/3/96 328/3/96
f 328/3/97 330/3/97 329/3/97
f 329/3/98 330/3/98 332/3/98
f 332/3/99 334/3/99 333/3/99
f 326/3/100 324/3/100 322/3/100
f 322/3/100 336/3/100 334/3/100
f 334/3/172 332/3/172 330/3/172
f 330/3/100 328/3/100 326/3/100
f 326/3/100 322/3/100 330/3/100
f 334/3/101 336/3/101 335/3/101
f 335/3/175 336/3/175 322/3/175
f 335/3/174 321/3/174 323/3/174
f 323/3/103 325/3/103 335/3/103
f 325/3/103 327/3/103 335/3/103
f 327/3/103 329/3/103 335/3/103
f 329/3/103 331/3/103 335/3/103
f 338/3/171 340/3/171 339/3/171
f 339/3/95 340/3/95 342/3/95
f 341/3/96 342/3/96 344/3/96
f 344/3/97 346/3/97 345/3/97
f 345/3/98 346/3/98 348/3/98
f 348/3/99 350/3/99 349/3/99
f 342/3/100 340/3/100 338/3/100
f 338/3/100 352/3/100 350/3/100
f 350/3/172 348/3/172 346/3/172
f 346/3/173 344/3/173 350/3/173
f 344/3/100 342/3/100 350/3/100
f 350/3/101 352/3/101 351/3/101
f 351/3/175 352/3/175 338/3/175
f 351/3/174 337/3/174 339/3/174
f 339/3/103 341/3/103 351/3/103
f 341/3/103 343/3/103 351/3/103
f 343/3/103 345/3/103 351/3/103
f 345/3/103 347/3/103 351/3/103
f 354/3/171 356/3/171 355/3/171
f 355/3/95 356/3/95 358/3/95
f 357/3/96 358/3/96 360/3/96
f 360/3/97 362/3/97 361/3/97
f 361/3/98 362/3/98 364/3/98
f 364/3/99 366/3/99 365/3/99
f 358/3/100 356/3/100 354/3/100
f 354/3/100 368/3/100 366/3/100
f 366/3/172 364/3/172 362/3/172
f 362/3/100 360/3/100 358/3/100
f 358/3/100 354/3/100 366/3/100
f 366/3/101 368/3/101 367/3/101
f 367/3/175 368/3/175 354/3/175
f 367/3/103 353/3/103 355/3/103
f 355/3/103 357/3/103 367/3/103
f 357/3/103 359/3/103 367/3/103
f 359/3/103 361/3/103 367/3/103
f 361/3/103 363/3/103 367/3/103
f 370/3/171 372/3/171 371/3/171
f 371/3/95 372/3/95 374/3/95
f 373/3/96 374/3/96 376/3/96
f 376/3/97 378/3/97 377/3/97
f 377/3/98 378/3/98 380/3/98
f 380/3/99 382/3/99 381/3/99
f 374/3/100 372/3/100 370/3/100
f 370/3/100 384/3/100 382/3/100
f 382/3/100 380/3/100 378/3/100
f 378/3/173 376/3/173 382/3/173
f 376/3/100 374/3/100 382/3/100
f 382/3/101 384/3/101 383/3/101
f 383/3/175 384/3/175 370/3/175
f 383/3/174 369/3/174 371/3/174
f 371/3/103 373/3/103 383/3/103
f 373/3/103 375/3/103 383/3/103
f 375/3/103 377/3/103 383/3/103
f 377/3/103 379/3/103 383/3/103
f 386/3/171 388/3/171 387/3/171
f 387/3/95 388/3/95 390/3/95
f 389/3/96 390/3/96 392/3/96
f 392/3/97 394/3/97 393/3/97
f 393/3/98 394/3/98 396/3/98
f 396/3/99 398/3/99 397/3/99
f 390/3/100 388/3/100 386/3/100
f 386/3/100 400/3/100 398/3/100
f 398/3/100 396/3/100 394/3/100
f 394/3/173 392/3/173 398/3/173
f 392/3/100 390/3/100 398/3/100
f 398/3/101 400/3/101 399/3/101
f 399/3/175 400/3/175 386/3/175
f 399/3/103 385/3/103 387/3/103
f 387/3/103 389/3/103 399/3/103
f 389/3/103 391/3/103 399/3/103
f 391/3/103 393/3/103 399/3/103
f 393/3/103 395/3/103 399/3/103
f 402/3/171 404/3/171 403/3/171
f 403/3/95 404/3/95 406/3/95
f 405/3/96 406/3/96 408/3/96
f 408/3/97 410/3/97 409/3/97
f 409/3/98 410/3/98 412/3/98
f 412/3/99 414/3/99 413/3/99
f 406/3/100 404/3/100 402/3/100
f 402/3/100 416/3/100 414/3/100
f 414/3/100 412/3/100 410/3/100
f 410/3/100 408/3/100 406/3/100
f 406/3/100 402/3/100 410/3/100
f 414/3/101 416/3/101 415/3/101
f 415/3/175 416/3/175 402/3/175
f 415/3/103 401/3/103 403/3/103
f 403/3/103 405/3/103 415/3/103
f 405/3/103 407/3/103 415/3/103
f 407/3/103 409/3/103 415/3/103
f 409/3/103 411/3/103 415/3/103
f 418/3/171 420/3/171 419/3/171
f 419/3/95 420/3/95 422/3/95
f 421/3/96 422/3/96 424/3/96
f 424/3/97 426/3/97 425/3/97
f 425/3/98 426/3/98 428/3/98
f 428/3/99 430/3/99 429/3/99
f 422/3/100 420/3/100 418/3/100
f 418/3/100 432/3/100 430/3/100
f 430/3/100 428/3/100 426/3/100
f 426/3/100 424/3/100 422/3/100
f 422/3/100 418/3/100 430/3/100
f 430/3/101 432/3/101 431/3/101
f 431/3/175 432/3/175 418/3/175
f 431/3/103 417/3/103 419/3/103
f 419/3/103 421/3/103 431/3/103
f 421/3/103 423/3/103 431/3/103
f 423/3/103 425/3/103 431/3/103
f 425/3/103 427/3/103 431/3/103
f 434/3/171 436/3/171 435/3/171
f 435/3/95 436/3/95 438/3/95
f 437/3/96 438/3/96 440/3/96
f 440/3/97 442/3/97 441/3/97
f 441/3/98 442/3/98 444/3/98
f 444/3/99 446/3/99 445/3/99
f 438/3/100 436/3/100 434/3/100
f 434/3/100 448/3/100 446/3/100
f 446/3/100 444/3/100 442/3/100
f 442/3/173 440/3/173 446/3/173
f 440/3/100 438/3/100 446/3/100
f 446/3/101 448/3/101 447/3/101
f 447/3/175 448/3/175 434/3/175
f 447/3/103 433/3/103 435/3/103
f 435/3/103 437/3/103 447/3/103
f 437/3/103 439/3/103 447/3/103
f 439/3/103 441/3/103 447/3/103
f 441/3/103 443/3/103 447/3/103
f 450/3/171 452/3/171 451/3/171
f 451/3/95 452/3/95 454/3/95
f 453/3/96 454/3/96 456/3/96
f 456/3/97 458/3/97 457/3/97
f 457/3/98 458/3/98 460/3/98
f 460/3/99 462/3/99 461/3/99
f 454/3/100 452/3/100 450/3/100
f 450/3/100 464/3/100 462/3/100
f 462/3/172 460/3/172 458/3/172
f 458/3/100 456/3/100 454/3/100
f 454/3/100 450/3/100 458/3/100
f 462/3/101 464/3/101 463/3/101
f 463/3/175 464/3/175 450/3/175
f 463/3/103 449/3/103 451/3/103
f 451/3/103 453/3/103 463/3/103
f 453/3/103 455/3/103 463/3/103
f 455/3/103 457/3/103 463/3/103
f 457/3/103 459/3/103 463/3/103
f 466/3/171 468/3/171 467/3/171
f 467/3/95 468/3/95 470/3/95
f 469/3/96 470/3/96 472/3/96
f 472/3/97 474/3/97 473/3/97
f 473/3/98 474/3/98 476/3/98
f 476/3/99 478/3/99 477/3/99
f 470/3/100 468/3/100 466/3/100
f 466/3/100 480/3/100 478/3/100
f 478/3/172 476/3/172 474/3/172
f 474/3/100 472/3/100 470/3/100
f 470/3/100 466/3/100 474/3/100
f 478/3/101 480/3/101 479/3/101
f 479/3/175 480/3/175 466/3/175
f 479/3/103 465/3/103 467/3/103
f 467/3/103 469/3/103 479/3/103
f 469/3/103 471/3/103 479/3/103
f 471/3/103 473/3/103 479/3/103
f 473/3/103 475/3/103 479/3/103
f 482/3/171 484/3/171 483/3/171
f 483/3/95 484/3/95 486/3/95
f 485/3/96 486/3/96 488/3/96
f 488/3/97 490/3/97 489/3/97
f 489/3/98 490/3/98 492/3/98
f 492/3/99 494/3/99 493/3/99
f 486/3/100 484/3/100 482/3/100
f 482/3/100 496/3/100 494/3/100
f 494/3/100 492/3/100 490/3/100
f 490/3/100 488/3/100 486/3/100
f 486/3/100 482/3/100 494/3/100
f 494/3/101 496/3/101 495/3/101
f 495/3/175 496/3/175 482/3/175
f 495/3/103 481/3/103 483/3/103
f 483/3/103 485/3/103 495/3/103
f 485/3/103 487/3/103 495/3/103
f 487/3/103 489/3/103 495/3/103
f 489/3/103 491/3/103 495/3/103
f 498/3/171 500/3/171 499/3/171
f 499/3/95 500/3/95 502/3/95
f 501/3/96 502/3/96 504/3/96
f 504/3/97 506/3/97 505/3/97
f 505/3/98 506/3/98 508/3/98
f 508/3/99 510/3/99 509/3/99
f 502/3/100 500/3/100 498/3/100
f 498/3/100 512/3/100 510/3/100
f 510/3/176 508/3/176 506/3/176
f 506/3/173 504/3/173 510/3/173
f 504/3/100 502/3/100 510/3/100
f 510/3/101 512/3/101 511/3/101
f 511/3/102 512/3/102 498/3/102
f 511/3/174 497/3/174 499/3/174
f 499/3/103 501/3/103 511/3/103
f 501/3/103 503/3/103 511/3/103
f 503/3/103 505/3/103 511/3/103
f 505/3/103 507/3/103 511/3/103
f 513/4/9 515/4/9 520/4/9
f 516/4/10 518/4/10 515/4/10
f 522/4/11 524/4/11 518/4/11
f 521/4/12 520/4/12 524/4/12
f 519/4/13 521/4/13 532/4/13
f 534/4/14 536/4/14 523/4/14
f 533/4/15 532/4/15 536/4/15
f 531/4/16 533/4/16 526/4/16
f 528/4/17 530/4/17 535/4/17
f 527/4/18 526/4/18 530/4/18
f 525/4/19 527/4/19 514/4/19
f 517/4/20 516/4/20 529/4/20
f 531/4/21 525/4/21 513/4/21
f 518/4/22 524/4/22 520/4/22
f 529/4/23 516/4/23 514/4/23
f 522/4/24 517/4/24 528/4/24
f 523/4/25 536/4/25 532/4/25
f 535/4/26 530/4/26 526/4/26
f 537/5/9 539/5/9 544/5/9
f 540/5/10 542/5/10 539/5/10
f 546/5/11 548/5/11 542/5/11
f 545/5/12 544/5/12 548/5/12
f 543/5/13 545/5/13 556/5/13
f 558/5/14 560/5/14 547/5/14
f 557/5/15 556/5/15 560/5/15
f 555/5/16 557/5/16 550/5/16
f 552/5/17 554/5/17 559/5/17
f 551/5/18 550/5/18 554/5/18
f 549/5/19 551/5/19 538/5/19
f 541/5/20 540/5/20 553/5/20
f 555/5/21 549/5/21 537/5/21
f 542/5/22 548/5/22 544/5/22
f 553/5/23 540/5/23 538/5/23
f 546/5/24 541/5/24 552/5/24
f 547/5/25 560/5/25 556/5/25
f 559/5/26 554/5/26 550/5/26
f 561/1/9 563/1/9 568/1/9
f 564/1/10 566/1/10 563/1/10
f 570/1/11 572/1/11 566/1/11
f 569/1/12 568/1/12 572/1/12
f 567/1/13 569/1/13 580/1/13
f 582/1/14 584/1/14 571/1/14
f 581/1/15 580/1/15 584/1/15
f 579/1/16 581/1/16 574/1/16
f 576/1/17 578/1/17 583/1/17
f 575/1/18 574/1/18 578/1/18
f 573/1/19 575/1/19 562/1/19
f 565/1/20 564/1/20 577/1/20
f 579/1/21 573/1/21 561/1/21
f 566/1/22 572/1/22 568/1/22
f 577/1/23 564/1/23 562/1/23
f 570/1/24 565/1/24 576/1/24
f 571/1/25 584/1/25 580/1/25
f 583/1/26 578/1/26 574/1/26
f 585/6/9 587/6/9 592/6/9
f 588/6/10 590/6/10 587/6/10
f 594/6/11 596/6/11 590/6/11
f 593/6/12 592/6/12 596/6/12
f 591/6/13 593/6/13 604/6/13
f 606/6/14 608/6/14 595/6/14
f 605/6/15 604/6/15 608/6/15
f 603/6/16 605/6/16 598/6/16
f 600/6/17 602/6/17 607/6/17
f 599/6/18 598/6/18 602/6/18
f 597/6/19 599/6/19 586/6/19
f 589/6/20 588/6/20 601/6/20
f 603/6/21 597/6/21 585/6/21
f 590/6/22 596/6/22 592/6/22
f 601/6/23 588/6/23 586/6/23
f 594/6/24 589/6/24 600/6/24
f 595/6/25 608/6/25 604/6/25
f 607/6/26 602/6/26 598/6/26
f 609/4/9 611/4/9 616/4/9
f 612/4/10 614/4/10 611/4/10
f 618/4/11 620/4/11 614/4/11
f 617/4/12 616/4/12 620/4/12
f 615/4/13 617/4/13 628/4/13
f 630/4/14 632/4/14 619/4/14
f 629/4/15 628/4/15 632/4/15
f 627/4/16 629/4/16 622/4/16
f 624/4/17 626/4/17 631/4/17
f 623/4/18 622/4/18 626/4/18
f 621/4/19 623/4/19 610/4/19
f 613/4/20 612/4/20 625/4/20
f 627/4/21 621/4/21 609/4/21
f 614/4/22 620/4/22 616/4/22
f 625/4/23 612/4/23 610/4/23
f 618/4/24 613/4/24 624/4/24
f 619/4/25 632/4/25 628/4/25
f 631/4/26 626/4/26 622/4/26
f 633/5/9 635/5/9 640/5/9
f 636/5/10 638/5/10 635/5/10
f 642/5/11 644/5/11 638/5/11
f 641/5/12 640/5/12 644/5/12
f 639/5/13 641/5/13 652/5/13
f 654/5/14 656/5/14 643/5/14
f 653/5/15 652/5/15 656/5/15
f 651/5/16 653/5/16 646/5/16
f 648/5/17 650/5/17 655/5/17
f 647/5/18 646/5/18 650/5/18
f 645/5/19 647/5/19 634/5/19
f 637/5/20 636/5/20 649/5/20
f 651/5/21 645/5/21 633/5/21
f 638/5/22 644/5/22 640/5/22
f 649/5/23 636/5/23 634/5/23
f 642/5/24 637/5/24 648/5/24
f 643/5/25 656/5/25 652/5/25
f 655/5/26 650/5/26 646/5/26
f 657/1/9 659/1/9 664/1/9
f 660/1/10 662/1/10 659/1/10
f 666/1/11 668/1/11 662/1/11
f 665/1/12 664/1/12 668/1/12
f 663/1/13 665/1/13 676/1/13
f 678/1/14 680/1/14 667/1/14
f 677/1/15 676/1/15 680/1/15
f 675/1/16 677/1/16 670/1/16
f 672/1/17 674/1/17 679/1/17
f 671/1/18 670/1/18 674/1/18
f 669/1/19 671/1/19 658/1/19
f 661/1/20 660/1/20 673/1/20
f 675/1/21 669/1/21 657/1/21
f 662/1/22 668/1/22 664/1/22
f 673/1/23 660/1/23 658/1/23
f 666/1/24 661/1/24 672/1/24
f 667/1/25 680/1/25 676/1/25
f 679/1/26 674/1/26 670/1/26
f 681/6/9 683/6/9 688/6/9
f 684/6/10 686/6/10 683/6/10
f 690/6/11 692/6/11 686/6/11
f 689/6/12 688/6/12 692/6/12
f 687/6/13 689/6/13 700/6/13
f 702/6/14 704/6/14 691/6/14
f 701/6/15 700/6/15 704/6/15
f 699/6/16 701/6/16 694/6/16
f 696/6/17 698/6/17 703/6/17
f 695/6/18 694/6/18 698/6/18
f 693/6/19 695/6/19 682/6/19
f 685/6/20 684/6/20 697/6/20
f 699/6/21 693/6/21 681/6/21
f 686/6/22 692/6/22 688/6/22
f 697/6/23 684/6/23 682/6/23
f 690/6/24 685/6/24 696/6/24
f 691/6/25 704/6/25 700/6/25
f 703/6/26 698/6/26 694/6/26
f 705/4/9 707/4/9 712/4/9
f 708/4/10 710/4/10 707/4/10
f 714/4/11 716/4/11 710/4/11
f 713/4/12 712/4/12 716/4/12
f 711/4/13 713/4/13 724/4/13
f 726/4/14 728/4/14 715/4/14
f 725/4/15 724/4/15 728/4/15
f 723/4/16 725/4/16 718/4/16
f 720/4/17 722/4/17 727/4/17
f 719/4/18 718/4/18 722/4/18
f 717/4/19 719/4/19 706/4/19
f 709/4/20 708/4/20 721/4/20
f 723/4/21 717/4/21 705/4/21
f 710/4/22 716/4/22 712/4/22
f 721/4/23 708/4/23 706/4/23
f 714/4/24 709/4/24 720/4/24
f 715/4/25 728/4/25 724/4/25
f 727/4/26 722/4/26 718/4/26
f 729/5/9 731/5/9 736/5/9
f 732/5/10 734/5/10 731/5/10
f 738/5/11 740/5/11 734/5/11
f 737/5/12 736/5/12 740/5/12
f 735/5/13 737/5/13 748/5/13
f 750/5/14 752/5/14 739/5/14
f 749/5/15 748/5/15 752/5/15
f 747/5/16 749/5/16 742/5/16
f 744/5/17 746/5/17 751/5/17
f 743/5/18 742/5/18 746/5/18
f 741/5/19 743/5/19 730/5/19
f 733/5/20 732/5/20 745/5/20
f 747/5/21 741/5/21 729/5/21
f 734/5/22 740/5/22 736/5/22
f 745/5/23 732/5/23 730/5/23
f 738/5/24 733/5/24 744/5/24
f 739/5/25 752/5/25 748/5/25
f 751/5/26 746/5/26 742/5/26
f 753/1/9 755/1/9 760/1/9
f 756/1/10 758/1/10 755/1/10
f 762/1/11 764/1/11 758/1/11
f 761/1/12 760/1/12 764/1/12
f 759/1/13 761/1/13 772/1/13
f 774/1/14 776/1/14 763/1/14
f 773/1/15 772/1/15 776/1/15
f 771/1/16 773/1/16 766/1/16
f 768/1/17 770/1/17 775/1/17
f 767/1/18 766/1/18 770/1/18
f 765/1/19 767/1/19 754/1/19
f 757/1/20 756/1/20 769/1/20
f 771/1/21 765/1/21 753/1/21
f 758/1/22 764/1/22 760/1/22
f 769/1/23 756/1/23 754/1/23
f 762/1/24 757/1/24 768/1/24
f 763/1/25 776/1/25 772/1/25
f 775/1/26 770/1/26 766/1/26
f 777/6/9 779/6/9 784/6/9
f 780/6/10 782/6/10 779/6/10
f 786/6/11 788/6/11 782/6/11
f 785/6/12 784/6/12 788/6/12
f 783/6/13 785/6/13 796/6/13
f 798/6/14 800/6/14 787/6/14
f 797/6/15 796/6/15 800/6/15
f 795/6/16 797/6/16 790/6/16
f 792/6/17 794/6/17 799/6/17
f 791/6/18 790/6/18 794/6/18
f 789/6/19 791/6/19 778/6/19
f 781/6/20 780/6/20 793/6/20
f 795/6/21 789/6/21 777/6/21
f 782/6/22 788/6/22 784/6/22
f 793/6/23 780/6/23 778/6/23
f 786/6/24 781/6/24 792/6/24
f 787/6/25 800/6/25 796/6/25
f 799/6/26 794/6/26 790/6/26
f 801/4/9 803/4/9 808/4/9
f 804/4/10 806/4/10 803/4/10
f 810/4/11 812/4/11 806/4/11
f 809/4/12 808/4/12 812/4/12
f 807/4/13 809/4/13 820/4/13
f 822/4/14 824/4/14 811/4/14
f 821/4/15 820/4/15 824/4/15
f 819/4/16 821/4/16 814/4/16
f 816/4/17 818/4/17 823/4/17
f 815/4/18 814/4/18 818/4/18
f 813/4/19 815/4/19 802/4/19
f 805/4/20 804/4/20 817/4/20
f 819/4/21 813/4/21 801/4/21
f 806/4/22 812/4/22 808/4/22
f 817/4/23 804/4/23 802/4/23
f 810/4/24 805/4/24 816/4/24
f 811/4/25 824/4/25 820/4/25
f 823/4/26 818/4/26 814/4/26
f 825/5/9 827/5/9 832/5/9
f 828/5/10 830/5/10 827/5/10
f 834/5/11 836/5/11 830/5/11
f 833/5/12 832/5/12 836/5/12
f 831/5/13 833/5/13 844/5/13
f 846/5/14 848/5/14 835/5/14
f 845/5/15 844/5/15 848/5/15
f 843/5/16 845/5/16 838/5/16
f 840/5/17 842/5/17 847/5/17
f 839/5/18 838/5/18 842/5/18
f 837/5/19 839/5/19 826/5/19
f 829/5/20 828/5/20 841/5/20
f 843/5/21 837/5/21 825/5/21
f 830/5/22 836/5/22 832/5/22
f 841/5/23 828/5/23 826/5/23
f 834/5/24 829/5/24 840/5/24
f 835/5/25 848/5/25 844/5/25
f 847/5/26 842/5/26 838/5/26
f 849/1/9 851/1/9 856/1/9
f 852/1/10 854/1/10 851/1/10
f 858/1/11 860/1/11 854/1/11
f 857/1/12 856/1/12 860/1/12
f 855/1/13 857/1/13 868/1/13
f 870/1/14 872/1/14 859/1/14
f 869/1/15 868/1/15 872/1/15
f 867/1/16 869/1/16 862/1/16
f 864/1/17 866/1/17 871/1/17
f 863/1/18 862/1/18 866/1/18
f 861/1/19 863/1/19 850/1/19
f 853/1/20 852/1/20 865/1/20
f 867/1/21 861/1/21 849/1/21
f 854/1/22 860/1/22 856/1/22
f 865/1/23 852/1/23 850/1/23
f 858/1/24 853/1/24 864/1/24
f 859/1/25 872/1/25 868/1/25
f 871/1/26 866/1/26 862/1/26
f 873/6/9 875/6/9 880/6/9
f 876/6/10 878/6/10 875/6/10
f 882/6/11 884/6/11 878/6/11
f 881/6/12 880/6/12 884/6/12
f 879/6/13 881/6/13 892/6/13
f 894/6/14 896/6/14 883/6/14
f 893/6/15 892/6/15 896/6/15
f 891/6/16 893/6/16 886/6/16
f 888/6/17 890/6/17 895/6/17
f 887/6/18 886/6/18 890/6/18
f 885/6/19 887/6/19 874/6/19
f 877/6/20 876/6/20 889/6/20
f 891/6/21 885/6/21 873/6/21
f 878/6/22 884/6/22 880/6/22
f 889/6/23 876/6/23 874/6/23
f 882/6/24 877/6/24 888/6/24
f 883/6/25 896/6/25 892/6/25
f 895/6/26 890/6/26 886/6/26
f 897/7/9 899/7/9 904/7/9
f 900/7/10 902/7/10 899/7/10
f 906/7/11 908/7/11 902/7/11
f 905/7/12 904/7/12 908/7/12
f 903/7/13 905/7/13 916/7/13
f 918/7/14 920/7/14 907/7/14
f 917/7/15 916/7/15 920/7/15
f 915/7/16 917/7/16 910/7/16
f 912/7/17 914/7/17 919/7/17
f 911/7/18 910/7/18 914/7/18
f 909/7/19 911/7/19 898/7/19
f 901/7/20 900/7/20 913/7/20
f 915/7/21 909/7/21 897/7/21
f 902/7/22 908/7/22 904/7/22
f 913/7/23 900/7/23 898/7/23
f 906/7/24 901/7/24 912/7/24
f 907/7/25 920/7/25 916/7/25
f 919/7/26 914/7/26 910/7/26
f 922/1/139 924/1/139 923/1/139
f 924/1/26 926/1/26 925/1/26
f 926/1/140 928/1/140 927/1/140
f 928/1/141 930/1/141 929/1/141
f 926/1/23 924/1/23 922/1/23
f 922/1/23 932/1/23 926/1/23
f 932/1/23 930/1/23 926/1/23
f 930/1/22 932/1/22 931/1/22
f 932/1/142 922/1/142 921/1/142
f 931/1/25 921/1/25 923/1/25
f 923/1/25 925/1/25 927/1/25
f 927/1/25 929/1/25 923/1/25
f 934/1/139 936/1/139 935/1/139
f 936/1/26 938/1/26 937/1/26
f 938/1/140 940/1/140 939/1/140
f 940/1/141 942/1/141 941/1/141
f 938/1/23 936/1/23 934/1/23
f 934/1/23 944/1/23 942/1/23
f 942/1/23 940/1/23 934/1/23
f 942/1/22 944/1/22 943/1/22
f 944/1/142 934/1/142 933/1/142
f 943/1/25 933/1/25 939/1/25
f 933/1/25 935/1/25 939/1/25
f 935/1/25 937/1/25 939/1/25
f 946/1/139 948/1/139 947/1/139
f 948/1/26 950/1/26 949/1/26
f 950/1/140 952/1/140 951/1/140
f 952/1/141 954/1/141 953/1/141
f 950/1/23 948/1/23 946/1/23
f 946/1/23 956/1/23 954/1/23
f 954/1/23 952/1/23 950/1/23
f 954/1/22 956/1/22 955/1/22
f 956/1/142 946/1/142 945/1/142
f 955/1/25 945/1/25 947/1/25
f 947/1/25 949/1/25 951/1/25
f 951/1/25 953/1/25 955/1/25
f 958/1/139 960/1/139 959/1/139
f 960/1/26 962/1/26 961/1/26
f 962/1/140 964/1/140 963/1/140
f 964/1/141 966/1/141 965/1/141
f 962/1/23 960/1/23 958/1/23
f 958/1/23 968/1/23 966/1/23
f 966/1/23 964/1/23 958/1/23
f 966/1/22 968/1/22 967/1/22
f 968/1/142 958/1/142 957/1/142
f 967/1/25 957/1/25 963/1/25
f 957/1/25 959/1/25 963/1/25
f 959/1/25 961/1/25 963/1/25
f 969/6/9 971/6/9 976/6/9
f 972/6/10 974/6/10 971/6/10
f 978/6/11 980/6/11 974/6/11
f 977/6/12 976/6/12 980/6/12
f 975/6/13 977/6/13 988/6/13
f 990/6/14 992/6/14 979/6/14
f 989/6/15 988/6/15 992/6/15
f 987/6/16 989/6/16 982/6/16
f 984/6/17 986/6/17 991/6/17
f 983/6/18 982/6/18 986/6/18
f 981/6/19 983/6/19 970/6/19
f 973/6/20 972/6/20 985/6/20
f 987/6/21 981/6/21 969/6/21
f 974/6/22 980/6/22 976/6/22
f 985/6/23 972/6/23 970/6/23
f 978/6/24 973/6/24 984/6/24
f 979/6/25 992/6/25 988/6/25
f 991/6/26 986/6/26 982/6/26
f 993/6/9 995/6/9 1000/6/9
f 996/6/10 998/6/10 995/6/10
f 1002/6/11 1004/6/11 998/6/11
f 1001/6/12 1000/6/12 1004/6/12
f 999/6/13 1001/6/13 1012/6/13
f 1014/6/14 1016/6/14 1003/6/14
f 1013/6/15 1012/6/15 1016/6/15
f 1011/6/16 1013/6/16 1006/6/16
f 1008/6/17 1010/6/17 1015/6/17
f 1007/6/18 1006/6/18 1010/6/18
f 1005/6/19 1007/6/19 994/6/19
f 997/6/20 996/6/20 1009/6/20
f 1011/6/21 1005/6/21 993/6/21
f 998/6/22 1004/6/22 1000/6/22
f 1009/6/23 996/6/23 994/6/23
f 1002/6/24 997/6/24 1008/6/24
f 1003/6/25 1016/6/25 1012/6/25
f 1015/6/26 1010/6/26 1006/6/26
f 1017/6/9 1019/6/9 1024/6/9
f 1020/6/10 1022/6/10 1019/6/10
f 1026/6/11 1028/6/11 1022/6/11
f 1025/6/12 1024/6/12 1028/6/12
f 1023/6/13 1025/6/13 1036/6/13
f 1038/6/14 1040/6/14 1027/6/14
f 1037/6/15 1036/6/15 1040/6/15
f 1035/6/16 1037/6/16 1030/6/16
f 1032/6/17 1034/6/17 1039/6/17
f 1031/6/18 1030/6/18 1034/6/18
f 1029/6/19 1031/6/19 1018/6/19
f 1021/6/20 1020/6/20 1033/6/20
f 1035/6/21 1029/6/21 1017/6/21
f 1022/6/22 1028/6/22 1024/6/22
f 1033/6/23 1020/6/23 1018/6/23
f 1026/6/24 1021/6/24 1032/6/24
f 1027/6/25 1040/6/25 1036/6/25
f 1039/6/26 1034/6/26 1030/6/26
f 1041/1/9 1043/1/9 1048/1/9
f 1044/1/10 1046/1/10 1043/1/10
f 1050/1/11 1052/1/11 1046/1/11
f 1049/1/12 1048/1/12 1052/1/12
f 1047/1/13 1049/1/13 1060/1/13
f 1062/1/14 1064/1/14 1051/1/14
f 1061/1/15 1060/1/15 1064/1/15
f 1059/1/16 1061/1/16 1054/1/16
f 1056/1/17 1058/1/17 1063/1/17
f 1055/1/18 1054/1/18 1058/1/18
f 1053/1/19 1055/1/19 1042/1/19
f 1045/1/20 1044/1/20 1057/1/20
f 1059/1/21 1053/1/21 1041/1/21
f 1046/1/22 1052/1/22 1048/1/22
f 1057/1/23 1044/1/23 1042/1/23
f 1050/1/24 1045/1/24 1056/1/24
f 1051/1/25 1064/1/25 1060/1/25
f 1063/1/26 1058/1/26 1054/1/26
f 1065/3/9 1067/3/9 1072/3/9
f 1068/3/10 1070/3/10 1067/3/10
f 1074/3/11 1076/3/11 1070/3/11
f 1073/3/12 1072/3/12 1076/3/12
f 1071/3/13 1073/3/13 1084/3/13
f 1086/3/14 1088/3/14 1075/3/14
f 1085/3/15 1084/3/15 1088/3/15
f 1083/3/16 1085/3/16 1078/3/16
f 1080/3/17 1082/3/17 1087/3/17
f 1079/3/18 1078/3/18 1082/3/18
f 1077/3/19 1079/3/19 1066/3/19
f 1069/3/20 1068/3/20 1081/3/20
f 1083/3/21 1077/3/21 1065/3/21
f 1070/3/22 1076/3/22 1072/3/22
f 1081/3/23 1068/3/23 1066/3/23
f 1074/3/24 1069/3/24 1080/3/24
f 1075/3/25 1088/3/25 1084/3/25
f 1087/3/26 1082/3/26 1078/3/26
f 1089/3/9 1091/3/9 1096/3/9
f 1092/3/10 1094/3/10 1091/3/10
f 1098/3/11 1100/3/11 1094/3/11
f 1097/3/12 1096/3/12 1100/3/12
f 1095/3/13 1097/3/13 1108/3/13
f 1110/3/14 1112/3/14 1099/3/14
f 1109/3/15 1108/3/15 1112/3/15
f 1107/3/16 1109/3/16 1102/3/16
f 1104/3/17 1106/3/17 1111/3/17
f 1103/3/18 1102/3/18 1106/3/18
f 1101/3/19 1103/3/19 1090/3/19
f 1093/3/20 1092/3/20 1105/3/20
f 1107/3/21 1101/3/21 1089/3/21
f 1094/3/22 1100/3/22 1096/3/22
f 1105/3/23 1092/3/23 1090/3/23
f 1098/3/24 1093/3/24 1104/3/24
f 1099/3/25 1112/3/25 1108/3/25
f 1111/3/26 1106/3/26 1102/3/26
f 1113/3/9 1115/3/9 1120/3/9
f 1116/3/10 1118/3/10 1115/3/10
f 1122/3/11 1124/3/11 1118/3/11
f 1121/3/12 1120/3/12 1124/3/12
f 1119/3/13 1121/3/13 1132/3/13
f 1134/3/14 1136/3/14 1123/3/14
f 1133/3/15 1132/3/15 1136/3/15
f 1131/3/16 1133/3/16 1126/3/16
f 1128/3/17 1130/3/17 1135/3/17
f 1127/3/18 1126/3/18 1130/3/18
f 1125/3/19 1127/3/19 1114/3/19
f 1117/3/20 1116/3/20 1129/3/20
f 1131/3/21 1125/3/21 1113/3/21
f 1118/3/22 1124/3/22 1120/3/22
f 1129/3/23 1116/3/23 1114/3/23
f 1122/3/24 1117/3/24 1128/3/24
f 1123/3/25 1136/3/25 1132/3/25
f 1135/3/26 1130/3/26 1126/3/26
f 1137/3/9 1139/3/9 1144/3/9
f 1140/3/10 1142/3/10 1139/3/10
f 1146/3/11 1148/3/11 1142/3/11
f 1145/3/12 1144/3/12 1148/3/12
f 1143/3/13 1145/3/13 1156/3/13
f 1158/3/14 1160/3/14 1147/3/14
f 1157/3/15 1156/3/15 1160/3/15
f 1155/3/16 1157/3/16 1150/3/16
f 1152/3/17 1154/3/17 1159/3/17
f 1151/3/18 1150/3/18 1154/3/18
f 1149/3/19 1151/3/19 1138/3/19
f 1141/3/20 1140/3/20 1153/3/20
f 1155/3/21 1149/3/21 1137/3/21
f 1142/3/22 1148/3/22 1144/3/22
f 1153/3/23 1140/3/23 1138/3/23
f 1146/3/24 1141/3/24 1152/3/24
f 1147/3/25 1160/3/25 1156/3/25
f 1159/3/26 1154/3/26 1150/3/26
f 1161/3/9 1163/3/9 1168/3/9
f 1164/3/10 1166/3/10 1163/3/10
f 1170/3/11 1172/3/11 1166/3/11
f 1169/3/12 1168/3/12 1172/3/12
f 1167/3/13 1169/3/13 1180/3/13
f 1182/3/14 1184/3/14 1171/3/14
f 1181/3/15 1180/3/15 1184/3/15
f 1179/3/16 1181/3/16 1174/3/16
f 1176/3/17 1178/3/17 1183/3/17
f 1175/3/18 1174/3/18 1178/3/18
f 1173/3/19 1175/3/19 1162/3/19
f 1165/3/20 1164/3/20 1177/3/20
f 1179/3/21 1173/3/21 1161/3/21
f 1166/3/22 1172/3/22 1168/3/22
f 1177/3/23 1164/3/23 1162/3/23
f 1170/3/24 1165/3/24 1176/3/24
f 1171/3/25 1184/3/25 1180/3/25
f 1183/3/26 1178/3/26 1174/3/26
f 1185/3/9 1187/3/9 1192/3/9
f 1188/3/10 1190/3/10 1187/3/10
f 1194/3/11 1196/3/11 1190/3/11
f 1193/3/12 1192/3/12 1196/3/12
f 1191/3/13 1193/3/13 1204/3/13
f 1206/3/14 1208/3/14 1195/3/14
f 1205/3/15 1204/3/15 1208/3/15
f 1203/3/16 1205/3/16 1198/3/16
f 1200/3/17 1202/3/17 1207/3/17
f 1199/3/18 1198/3/18 1202/3/18
f 1197/3/19 1199/3/19 1186/3/19
f 1189/3/20 1188/3/20 1201/3/20
f 1203/3/21 1197/3/21 1185/3/21
f 1190/3/22 1196/3/22 1192/3/22
f 1201/3/23 1188/3/23 1186/3/23
f 1194/3/24 1189/3/24 1200/3/24
f 1195/3/25 1208/3/25 1204/3/25
f 1207/3/26 1202/3/26 1198/3/26
f 1209/3/9 1211/3/9 1216/3/9
f 1212/3/10 1214/3/10 1211/3/10
f 1218/3/11 1220/3/11 1214/3/11
f 1217/3/12 1216/3/12 1220/3/12
f 1215/3/13 1217/3/13 1228/3/13
f 1230/3/14 1232/3/14 1219/3/14
f 1229/3/15 1228/3/15 1232/3/15
f 1227/3/16 1229/3/16 1222/3/16
f 1224/3/17 1226/3/17 1231/3/17
f 1223/3/18 1222/3/18 1226/3/18
f 1221/3/19 1223/3/19 1210/3/19
f 1213/3/20 1212/3/20 1225/3/20
f 1227/3/21 1221/3/21 1209/3/21
f 1214/3/22 1220/3/22 1216/3/22
f 1225/3/23 1212/3/23 1210/3/23
f 1218/3/24 1213/3/24 1224/3/24
f 1219/3/25 1232/3/25 1228/3/25
f 1231/3/26 1226/3/26 1222/3/26
f 1233/4/9 1235/4/9 1240/4/9
f 1236/4/10 1238/4/10 1235/4/10
f 1242/4/11 1244/4/11 1238/4/11
f 1241/4/12 1240/4/12 1244/4/12
f 1239/4/13 1241/4/13 1252/4/13
f 1254/4/14 1256/4/14 1243/4/14
f 1253/4/15 1252/4/15 1256/4/15
f 1251/4/16 1253/4/16 1246/4/16
f 1248/4/17 1250/4/17 1255/4/17
f 1247/4/18 1246/4/18 1250/4/18
f 1245/4/19 1247/4/19 1234/4/19
f 1237/4/20 1236/4/20 1249/4/20
f 1251/4/21 1245/4/21 1233/4/21
f 1238/4/22 1244/4/22 1240/4/22
f 1249/4/23 1236/4/23 1234/4/23
f 1242/4/24 1237/4/24 1248/4/24
f 1243/4/25 1256/4/25 1252/4/25
f 1255/4/26 1250/4/26 1246/4/26
f 1257/1/9 1259/1/9 1264/1/9
f 1260/1/10 1262/1/10 1259/1/10
f 1266/1/11 1268/1/11 1262/1/11
f 1265/1/12 1264/1/12 1268/1/12
f 1263/1/13 1265/1/13 1276/1/13
f 1278/1/14 1280/1/14 1267/1/14
f 1277/1/15 1276/1/15 1280/1/15
f 1275/1/16 1277/1/16 1270/1/16
f 1272/1/17 1274/1/17 1279/1/17
f 1271/1/18 1270/1/18 1274/1/18
f 1269/1/19 1271/1/19 1258/1/19
f 1261/1/20 1260/1/20 1273/1/20
f 1275/1/21 1269/1/21 1257/1/21
f 1262/1/22 1268/1/22 1264/1/22
f 1273/1/23 1260/1/23 1258/1/23
f 1266/1/24 1261/1/24 1272/1/24
f 1267/1/25 1280/1/25 1276/1/25
f 1279/1/26 1274/1/26 1270/1/26
f 1281/1/9 1283/1/9 1288/1/9
f 1284/1/10 1286/1/10 1283/1/10
f 1290/1/11 1292/1/11 1286/1/11
f 1289/1/12 1288/1/12 1292/1/12
f 1287/1/13 1289/1/13 1300/1/13
f 1302/1/14 1304/1/14 1291/1/14
f 1301/1/15 1300/1/15 1304/1/15
f 1299/1/16 1301/1/16 1294/1/16
f 1296/1/17 1298/1/17 1303/1/17
f 1295/1/18 1294/1/18 1298/1/18
f 1293/1/19 1295/1/19 1282/1/19
f 1285/1/20 1284/1/20 1297/1/20
f 1299/1/21 1293/1/21 1281/1/21
f 1286/1/22 1292/1/22 1288/1/22
f 1297/1/23 1284/1/23 1282/1/23
f 1290/1/24 1285/1/24 1296/1/24
f 1291/1/25 1304/1/25 1300/1/25
f 1303/1/26 1298/1/26 1294/1/26
f 1305/1/9 1307/1/9 1312/1/9
f 1308/1/10 1310/1/10 1307/1/10
f 1314/1/11 1316/1/11 1310/1/11
f 1313/1/12 1312/1/12 1316/1/12
f 1311/1/13 1313/1/13 1324/1/13
f 1326/1/14 1328/1/14 1315/1/14
f 1325/1/15 1324/1/15 1328/1/15
f 1323/1/16 1325/1/16 1318/1/16
f 1320/1/17 1322/1/17 1327/1/17
f 1319/1/18 1318/1/18 1322/1/18
f 1317/1/19 1319/1/19 1306/1/19
f 1309/1/20 1308/1/20 1321/1/20
f 1323/1/21 1317/1/21 1305/1/21
f 1310/1/22 1316/1/22 1312/1/22
f 1321/1/23 1308/1/23 1306/1/23
f 1314/1/24 1309/1/24 1320/1/24
f 1315/1/25 1328/1/25 1324/1/25
f 1327/1/26 1322/1/26 1318/1/26
f 1329/1/9 1331/1/9 1336/1/9
f 1332/1/10 1334/1/10 1331/1/10
f 1338/1/11 1340/1/11 1334/1/11
f 1337/1/12 1336/1/12 1340/1/12
f 1335/1/13 1337/1/13 1348/1/13
f 1350/1/14 1352/1/14 1339/1/14
f 1349/1/15 1348/1/15 1352/1/15
f 1347/1/16 1349/1/16 1342/1/16
f 1344/1/17 1346/1/17 1351/1/17
f 1343/1/18 1342/1/18 1346/1/18
f 1341/1/19 1343/1/19 1330/1/19
f 1333/1/20 1332/1/20 1345/1/20
f 1347/1/21 1341/1/21 1329/1/21
f 1334/1/22 1340/1/22 1336/1/22
f 1345/1/23 1332/1/23 1330/1/23
f 1338/1/24 1333/1/24 1344/1/24
f 1339/1/25 1352/1/25 1348/1/25
f 1351/1/26 1346/1/26 1342/1/26
f 1353/1/9 1355/1/9 1360/1/9
f 1356/1/10 1358/1/10 1355/1/10
f 1362/1/11 1364/1/11 1358/1/11
f 1361/1/12 1360/1/12 1364/1/12
f 1359/1/13 1361/1/13 1372/1/13
f 1374/1/14 1376/1/14 1363/1/14
f 1373/1/15 1372/1/15 1376/1/15
f 1371/1/16 1373/1/16 1366/1/16
f 1368/1/17 1370/1/17 1375/1/17
f 1367/1/18 1366/1/18 1370/1/18
f 1365/1/19 1367/1/19 1354/1/19
f 1357/1/20 1356/1/20 1369/1/20
f 1371/1/21 1365/1/21 1353/1/21
f 1358/1/22 1364/1/22 1360/1/22
f 1369/1/23 1356/1/23 1354/1/23
f 1362/1/24 1357/1/24 1368/1/24
f 1363/1/25 1376/1/25 1372/1/25
f 1375/1/26 1370/1/26 1366/1/26
f 1377/3/9 1379/3/9 1384/3/9
f 1380/3/10 1382/3/10 1379/3/10
f 1386/3/11 1388/3/11 1382/3/11
f 1385/3/12 1384/3/12 1388/3/12
f 1383/3/13 1385/3/13 1396/3/13
f 1398/3/14 1400/3/14 1387/3/14
f 1397/3/15 1396/3/15 1400/3/15
f 1395/3/16 1397/3/16 1390/3/16
f 1392/3/17 1394/3/17 1399/3/17
f 1391/3/18 1390/3/18 1394/3/18
f 1389/3/19 1391/3/19 1378/3/19
f 1381/3/20 1380/3/20 1393/3/20
f 1395/3/21 1389/3/21 1377/3/21
f 1382/3/22 1388/3/22 1384/3/22
f 1393/3/23 1380/3/23 1378/3/23
f 1386/3/24 1381/3/24 1392/3/24
f 1387/3/25 1400/3/25 1396/3/25
f 1399/3/26 1394/3/26 1390/3/26
f 1401/3/9 1403/3/9 1408/3/9
f 1404/3/10 1406/3/10 1403/3/10
f 1410/3/11 1412/3/11 1406/3/11
f 1409/3/12 1408/3/12 1412/3/12
f 1407/3/13 1409/3/13 1420/3/13
f 1422/3/14 1424/3/14 1411/3/14
f 1421/3/15 1420/3/15 1424/3/15
f 1419/3/16 1421/3/16 1414/3/16
f 1416/3/17 1418/3/17 1423/3/17
f 1415/3/18 1414/3/18 1418/3/18
f 1413/3/19 1415/3/19 1402/3/19
f 1405/3/20 1404/3/20 1417/3/20
f 1419/3/21 1413/3/21 1401/3/21
f 1406/3/22 1412/3/22 1408/3/22
f 1417/3/23 1404/3/23 1402/3/23
f 1410/3/24 1405/3/24 1416/3/24
f 1411/3/25 1424/3/25 1420/3/25
f 1423/3/26 1418/3/26 1414/3/26
f 1425/3/9 1427/3/9 1432/3/9
f 1428/3/10 1430/3/10 1427/3/10
f 1434/3/11 1436/3/11 1430/3/11
f 1433/3/12 1432/3/12 1436/3/12
f 1431/3/13 1433/3/13 1444/3/13
f 1446/3/14 1448/3/14 1435/3/14
f 1445/3/15 1444/3/15 1448/3/15
f 1443/3/16 1445/3/16 1438/3/16
f 1440/3/17 1442/3/17 1447/3/17
f 1439/3/18 1438/3/18 1442/3/18
f 1437/3/19 1439/3/19 1426/3/19
f 1429/3/20 1428/3/20 1441/3/20
f 1443/3/21 1437/3/21 1425/3/21
f 1430/3/22 1436/3/22 1432/3/22
f 1441/3/23 1428/3/23 1426/3/23
f 1434/3/24 1429/3/24 1440/3/24
f 1435/3/25 1448/3/25 1444/3/25
f 1447/3/26 1442/3/26 1438/3/26
f 1449/3/9 1451/3/9 1456/3/9
f 1452/3/10 1454/3/10 1451/3/10
f 1458/3/11 1460/3/11 1454/3/11
f 1457/3/12 1456/3/12 1460/3/12
f 1455/3/13 1457/3/13 1468/3/13
f 1470/3/14 1472/3/14 1459/3/14
f 1469/3/15 1468/3/15 1472/3/15
f 1467/3/16 1469/3/16 1462/3/16
f 1464/3/17 1466/3/17 1471/3/17
f 1463/3/18 1462/3/18 1466/3/18
f 1461/3/19 1463/3/19 1450/3/19
f 1453/3/20 1452/3/20 1465/3/20
f 1467/3/21 1461/3/21 1449/3/21
f 1454/3/22 1460/3/22 1456/3/22
f 1465/3/23 1452/3/23 1450/3/23
f 1458/3/24 1453/3/24 1464/3/24
f 1459/3/25 1472/3/25 1468/3/25
f 1471/3/26 1466/3/26 1462/3/26
f 1473/3/9 1475/3/9 1480/3/9
f 1476/3/10 1478/3/10 1475/3/10
f 1482/3/11 1484/3/11 1478/3/11
f 1481/3/12 1480/3/12 1484/3/12
f 1479/3/13 1481/3/13 1492/3/13
f 1494/3/14 1496/3/14 1483/3/14
f 1493/3/15 1492/3/15 1496/3/15
f 1491/3/16 1493/3/16 1486/3/16
f 1488/3/17 1490/3/17 1495/3/17
f 1487/3/18 1486/3/18 1490/3/18
f 1485/3/19 1487/3/19 1474/3/19
f 1477/3/20 1476/3/20 1489/3/20
f 1491/3/21 1485/3/21 1473/3/21
f 1478/3/22 1484/3/22 1480/3/22
f 1489/3/23 1476/3/23 1474/3/23
f 1482/3/24 1477/3/24 1488/3/24
f 1483/3/25 1496/3/25 1492/3/25
f 1495/3/26 1490/3/26 1486/3/26
f 1497/3/9 1499/3/9 1504/3/9
f 1500/3/10 1502/3/10 1499/3/10
f 1506/3/11 1508/3/11 1502/3/11
f 1505/3/12 1504/3/12 1508/3/12
f 1503/3/13 1505/3/13 1516/3/13
f 1518/3/14 1520/3/14 1507/3/14
f 1517/3/15 1516/3/15 1520/3/15
f 1515/3/16 1517/3/16 1510/3/16
f 1512/3/17 1514/3/17 1519/3/17
f 1511/3/18 1510/3/18 1514/3/18
f 1509/3/19 1511/3/19 1498/3/19
f 1501/3/20 1500/3/20 1513/3/20
f 1515/3/21 1509/3/21 1497/3/21
f 1502/3/22 1508/3/22 1504/3/22
f 1513/3/23 1500/3/23 1498/3/23
f 1506/3/24 1501/3/24 1512/3/24
f 1507/3/25 1520/3/25 1516/3/25
f 1519/3/26 1514/3/26 1510/3/26
f 1521/3/9 1523/3/9 1528/3/9
f 1524/3/10 1526/3/10 1523/3/10
f 1530/3/11 1532/3/11 1526/3/11
f 1529/3/12 1528/3/12 1532/3/12
f 1527/3/13 1529/3/13 1540/3/13
f 1542/3/14 1544/3/14 1531/3/14
f 1541/3/15 1540/3/15 1544/3/15
f 1539/3/16 1541/3/16 1534/3/16
f 1536/3/17 1538/3/17 1543/3/17
f 1535/3/18 1534/3/18 1538/3/18
f 1533/3/19 1535/3/19 1522/3/19
f 1525/3/20 1524/3/20 1537/3/20
f 1539/3/21 1533/3/21 1521/3/21
f 1526/3/22 1532/3/22 1528/3/22
f 1537/3/23 1524/3/23 1522/3/23
f 1530/3/24 1525/3/24 1536/3/24
f 1531/3/25 1544/3/25 1540/3/25
f 1543/3/26 1538/3/26 1534/3/26
f 1545/4/9 1547/4/9 1552/4/9
f 1548/4/10 1550/4/10 1547/4/10
f 1554/4/11 1556/4/11 1550/4/11
f 1553/4/12 1552/4/12 1556/4/12
f 1551/4/13 1553/4/13 1564/4/13
f 1566/4/14 1568/4/14 1555/4/14
f 1565/4/15 1564/4/15 1568/4/15
f 1563/4/16 1565/4/16 1558/4/16
f 1560/4/17 1562/4/17 1567/4/17
f 1559/4/18 1558/4/18 1562/4/18
f 1557/4/19 1559/4/19 1546/4/19
f 1549/4/20 1548/4/20 1561/4/20
f 1563/4/21 1557/4/21 1545/4/21
f 1550/4/22 1556/4/22 1552/4/22
f 1561/4/23 1548/4/23 1546/4/23
f 1554/4/24 1549/4/24 1560/4/24
f 1555/4/25 1568/4/25 1564/4/25
f 1567/4/26 1562/4/26 1558/4/26
f 1569/1/9 1571/1/9 1576/1/9
f 1572/1/10 1574/1/10 1571/1/10
f 1578/1/11 1580/1/11 1574/1/11
f 1577/1/12 1576/1/12 1580/1/12
f 1575/1/13 1577/1/13 1588/1/13
f 1590/1/14 1592/1/14 1579/1/14
f 1589/1/15 1588/1/15 1592/1/15
f 1587/1/16 1589/1/16 1582/1/16
f 1584/1/17 1586/1/17 1591/1/17
f 1583/1/18 1582/1/18 1586/1/18
f 1581/1/19 1583/1/19 1570/1/19
f 1573/1/20 1572/1/20 1585/1/20
f 1587/1/21 1581/1/21 1569/1/21
f 1574/1/22 1580/1/22 1576/1/22
f 1585/1/23 1572/1/23 1570/1/23
f 1578/1/24 1573/1/24 1584/1/24
f 1579/1/25 1592/1/25 1588/1/25
f 1591/1/26 1586/1/26 1582/1/26
f 1593/1/9 1595/1/9 1600/1/9
f 1596/1/10 1598/1/10 1595/1/10
f 1602/1/11 1604/1/11 1598/1/11
f 1601/1/12 1600/1/12 1604/1/12
f 1599/1/13 1601/1/13 1612/1/13
f 1614/1/14 1616/1/14 1603/1/14
f 1613/1/15 1612/1/15 1616/1/15
f 1611/1/16 1613/1/16 1606/1/16
f 1608/1/17 1610/1/17 1615/1/17
f 1607/1/18 1606/1/18 1610/1/18
f 1605/1/19 1607/1/19 1594/1/19
f 1597/1/20 1596/1/20 1609/1/20
f 1611/1/21 1605/1/21 1593/1/21
f 1598/1/22 1604/1/22 1600/1/22
f 1609/1/23 1596/1/23 1594/1/23
f 1602/1/24 1597/1/24 1608/1/24
f 1603/1/25 1616/1/25 1612/1/25
f 1615/1/26 1610/1/26 1606/1/26
f 1617/1/9 1619/1/9 1624/1/9
f 1620/1/10 1622/1/10 1619/1/10
f 1626/1/11 1628/1/11 1622/1/11
f 1625/1/12 1624/1/12 1628/1/12
f 1623/1/13 1625/1/13 1636/1/13
f 1638/1/14 1640/1/14 1627/1/14
f 1637/1/15 1636/1/15 1640/1/15
f 1635/1/16 1637/1/16 1630/1/16
f 1632/1/17 1634/1/17 1639/1/17
f 1631/1/18 1630/1/18 1634/1/18
f 1629/1/19 1631/1/19 1618/1/19
f 1621/1/20 1620/1/20 1633/1/20
f 1635/1/21 1629/1/21 1617/1/21
f 1622/1/22 1628/1/22 1624/1/22
f 1633/1/23 1620/1/23 1618/1/23
f 1626/1/24 1621/1/24 1632/1/24
f 1627/1/25 1640/1/25 1636/1/25
f 1639/1/26 1634/1/26 1630/1/26
f 1641/1/9 1643/1/9 1648/1/9
f 1644/1/10 1646/1/10 1643/1/10
f 1650/1/11 1652/1/11 1646/1/11
f 1649/1/12 1648/1/12 1652/1/12
f 1647/1/13 1649/1/13 1660/1/13
f 1662/1/14 1664/1/14 1651/1/14
f 1661/1/15 1660/1/15 1664/1/15
f 1659/1/16 1661/1/16 1654/1/16
f 1656/1/17 1658/1/17 1663/1/17
f 1655/1/18 1654/1/18 1658/1/18
f 1653/1/19 1655/1/19 1642/1/19
f 1645/1/20 1644/1/20 1657/1/20
f 1659/1/21 1653/1/21 1641/1/21
f 1646/1/22 1652/1/22 1648/1/22
f 1657/1/23 1644/1/23 1642/1/23
f 1650/1/24 1645/1/24 1656/1/24
f 1651/1/25 1664/1/25 1660/1/25
f 1663/1/26 1658/1/26 1654/1/26
f 1665/1/9 1667/1/9 1672/1/9
f 1668/1/10 1670/1/10 1667/1/10
f 1674/1/11 1676/1/11 1670/1/11
f 1673/1/12 1672/1/12 1676/1/12
f 1671/1/13 1673/1/13 1684/1/13
f 1686/1/14 1688/1/14 1675/1/14
f 1685/1/15 1684/1/15 1688/1/15
f 1683/1/16 1685/1/16 1678/1/16
f 1680/1/17 1682/1/17 1687/1/17
f 1679/1/18 1678/1/18 1682/1/18
f 1677/1/19 1679/1/19 1666/1/19
f 1669/1/20 1668/1/20 1681/1/20
f 1683/1/21 1677/1/21 1665/1/21
f 1670/1/22 1676/1/22 1672/1/22
f 1681/1/23 1668/1/23 1666/1/23
f 1674/1/24 1669/1/24 1680/1/24
f 1675/1/25 1688/1/25 1684/1/25
f 1687/1/26 1682/1/26 1678/1/26
f 1689/8/9 1691/8/9 1696/8/9
f 1692/8/10 1694/8/10 1691/8/10
f 1698/8/11 1700/8/11 1694/8/11
f 1697/8/12 1696/8/12 1700/8/12
f 1695/8/13 1697/8/13 1708/8/13
f 1710/8/14 1712/8/14 1699/8/14
f 1709/8/15 1708/8/15 1712/8/15
f 1707/8/16 1709/8/16 1702/8/16
f 1704/8/17 1706/8/17 1711/8/17
f 1703/8/18 1702/8/18 1706/8/18
f 1701/8/19 1703/8/19 1690/8/19
f 1693/8/20 1692/8/20 1705/8/20
f 1707/8/21 1701/8/21 1689/8/21
f 1694/8/22 1700/8/22 1696/8/22
f 1705/8/23 1692/8/23 1690/8/23
f 1698/8/24 1693/8/24 1704/8/24
f 1699/8/25 1712/8/25 1708/8/25
f 1711/8/26 1706/8/26 1702/8/26
f 1713/9/9 1715/9/9 1720/9/9
f 1716/9/10 1718/9/10 1715/9/10
f 1722/9/177 1724/9/177 1718/9/177
f 1721/9/12 1720/9/12 1724/9/12
f 1719/9/13 1721/9/13 1732/9/13
f 1734/9/14 1736/9/14 1723/9/14
f 1733/9/15 1732/9/15 1736/9/15
f 1731/9/16 1733/9/16 1726/9/16
f 1728/9/178 1730/9/178 1735/9/178
f 1727/9/18 1726/9/18 1730/9/18
f 1725/9/19 1727/9/19 1714/9/19
f 1717/9/20 1716/9/20 1729/9/20
f 1731/9/21 1725/9/21 1713/9/21
f 1718/9/22 1724/9/22 1720/9/22
f 1729/9/23 1716/9/23 1714/9/23
f 1722/9/24 1717/9/24 1728/9/24
f 1723/9/25 1736/9/25 1732/9/25
f 1735/9/26 1730/9/26 1726/9/26
f 1737/8/9 1739/8/9 1744/8/9
f 1740/8/10 1742/8/10 1739/8/10
f 1746/8/11 1748/8/11 1742/8/11
f 1745/8/12 1744/8/12 1748/8/12
f 1743/8/13 1745/8/13 1756/8/13
f 1758/8/14 1760/8/14 1747/8/14
f 1757/8/15 1756/8/15 1760/8/15
f 1755/8/16 1757/8/16 1750/8/16
f 1752/8/17 1754/8/17 1759/8/17
f 1751/8/18 1750/8/18 1754/8/18
f 1749/8/19 1751/8/19 1738/8/19
f 1741/8/20 1740/8/20 1753/8/20
f 1755/8/21 1749/8/21 1737/8/21
f 1742/8/22 1748/8/22 1744/8/22
f 1753/8/23 1740/8/23 1738/8/23
f 1746/8/24 1741/8/24 1752/8/24
f 1747/8/25 1760/8/25 1756/8/25
f 1759/8/26 1754/8/26 1750/8/26
f 1761/9/9 1763/9/9 1768/9/9
f 1764/9/10 1766/9/10 1763/9/10
f 1770/9/177 1772/9/177 1766/9/177
f 1769/9/12 1768/9/12 1772/9/12
f 1767/9/13 1769/9/13 1780/9/13
f 1782/9/14 1784/9/14 1771/9/14
f 1781/9/15 1780/9/15 1784/9/15
f 1779/9/16 1781/9/16 1774/9/16
f 1776/9/178 1778/9/178 1783/9/178
f 1775/9/18 1774/9/18 1778/9/18
f 1773/9/19 1775/9/19 1762/9/19
f 1765/9/20 1764/9/20 1777/9/20
f 1779/9/21 1773/9/21 1761/9/21
f 1766/9/22 1772/9/22 1768/9/22
f 1777/9/23 1764/9/23 1762/9/23
f 1770/9/24 1765/9/24 1776/9/24
f 1771/9/25 1784/9/25 1780/9/25
f 1783/9/26 1778/9/26 1774/9/26
f 1786/2/149 1788/2/149 1787/2/149
f 1788/2/150 1790/2/150 1789/2/150
f 1790/2/151 1792/2/151 1791/2/151
f 1792/2/152 1794/2/152 1793/2/152
f 1794/2/153 1796/2/153 1795/2/153
f 1796/2/154 1798/2/154 1797/2/154
f 1798/2/155 1800/2/155 1799/2/155
f 1800/2/156 1802/2/156 1801/2/156
f 1802/2/157 1804/2/157 1803/2/157
f 1804/2/158 1806/2/158 1805/2/158
f 1806/2/159 1808/2/159 1807/2/159
f 1808/2/160 1810/2/160 1809/2/160
f 1810/2/161 1812/2/161 1811/2/161
f 1812/2/162 1814/2/162 1813/2/162
f 1790/2/24 1788/2/24 1786/2/24
f 1786/2/24 1816/2/24 1790/2/24
f 1816/2/24 1814/2/24 1790/2/24
f 1814/2/24 1812/2/24 1810/2/24
f 1810/2/24 1808/2/24 1806/2/24
f 1806/2/24 1804/2/24 1802/2/24
f 1802/2/24 1800/2/24 1806/2/24
f 1800/2/24 1798/2/24 1806/2/24
f 1798/2/24 1796/2/24 1794/2/24
f 1794/2/24 1792/2/24 1790/2/24
f 1814/2/24 1810/2/24 1806/2/24
f 1798/2/24 1794/2/24 1790/2/24
f 1790/2/24 1814/2/24 1806/2/24
f 1814/2/163 1816/2/163 1815/2/163
f 1816/2/164 1786/2/164 1785/2/164
f 1815/2/21 1785/2/21 1787/2/21
f 1787/2/21 1789/2/21 1791/2/21
f 1791/2/21 1793/2/21 1795/2/21
f 1795/2/21 1797/2/21 1791/2/21
f 1797/2/21 1799/2/21 1791/2/21
f 1799/2/21 1801/2/21 1803/2/21
f 1803/2/21 1805/2/21 1807/2/21
f 1807/2/21 1809/2/21 1811/2/21
f 1811/2/21 1813/2/21 1807/2/21
f 1813/2/21 1815/2/21 1807/2/21
f 1815/2/21 1787/2/21 1791/2/21
f 1799/2/21 1803/2/21 1807/2/21
f 1815/2/21 1791/2/21 1799/2/21
