# Blender 5.2.1 LTS
# www.blender.org
mtllib house.mtl
o house
v -1.575000 0.000000 1.475000
v -1.575000 0.025000 1.500000
v -1.600000 0.025000 1.475000
v -1.575000 0.175000 1.500000
v -1.575000 0.200000 1.475000
v -1.600000 0.175000 1.475000
v -1.575000 0.000000 -1.475000
v -1.600000 0.025000 -1.475000
v -1.575000 0.025000 -1.500000
v -1.575000 0.200000 -1.475000
v -1.575000 0.175000 -1.500000
v -1.600000 0.175000 -1.475000
v 1.575000 0.000000 1.475000
v 1.600000 0.025000 1.475000
v 1.575000 0.025000 1.500000
v 1.575000 0.200000 1.475000
v 1.575000 0.175000 1.500000
v 1.600000 0.175000 1.475000
v 1.575000 0.000000 -1.475000
v 1.575000 0.025000 -1.500000
v 1.600000 0.025000 -1.475000
v 1.575000 0.200000 -1.475000
v 1.600000 0.175000 -1.475000
v 1.575000 0.175000 -1.500000
v -1.460000 0.080000 1.360000
v -1.460000 0.120000 1.400000
v -1.500000 0.120000 1.360000
v -1.460000 1.840000 1.400000
v -1.460000 1.880000 1.360000
v -1.500000 1.840000 1.360000
v -1.460000 0.080000 -1.360000
v -1.500000 0.120000 -1.360000
v -1.460000 0.120000 -1.400000
v -1.460000 1.880000 -1.360000
v -1.460000 1.840000 -1.400000
v -1.500000 1.840000 -1.360000
v 1.460000 0.080000 1.360000
v 1.500000 0.120000 1.360000
v 1.460000 0.120000 1.400000
v 1.460000 1.880000 1.360000
v 1.460000 1.840000 1.400000
v 1.500000 1.840000 1.360000
v 1.460000 0.080000 -1.360000
v 1.460000 0.120000 -1.400000
v 1.500000 0.120000 -1.360000
v 1.460000 1.880000 -1.360000
v 1.500000 1.840000 -1.360000
v 1.460000 1.840000 -1.400000
v -1.528500 0.120000 -1.206500
v -1.528500 0.129000 -1.197500
v -1.537500 0.129000 -1.206500
v -1.528500 1.831000 -1.197500
v -1.528500 1.840000 -1.206500
v -1.537500 1.831000 -1.206500
v -1.528500 0.120000 -1.253500
v -1.537500 0.129000 -1.253500
v -1.528500 0.129000 -1.262500
v -1.528500 1.840000 -1.253500
v -1.528500 1.831000 -1.262500
v -1.537500 1.831000 -1.253500
v -1.501500 0.120000 -1.206500
v -1.492500 0.129000 -1.206500
v -1.501500 0.129000 -1.197500
v -1.501500 1.840000 -1.206500
v -1.501500 1.831000 -1.197500
v -1.492500 1.831000 -1.206500
v -1.501500 0.120000 -1.253500
v -1.501500 0.129000 -1.262500
v -1.492500 0.129000 -1.253500
v -1.501500 1.840000 -1.253500
v -1.492500 1.831000 -1.253500
v -1.501500 1.831000 -1.262500
v -1.528500 0.120000 -0.856500
v -1.528500 0.129000 -0.847500
v -1.537500 0.129000 -0.856500
v -1.528500 1.831000 -0.847500
v -1.528500 1.840000 -0.856500
v -1.537500 1.831000 -0.856500
v -1.528500 0.120000 -0.903500
v -1.537500 0.129000 -0.903500
v -1.528500 0.129000 -0.912500
v -1.528500 1.840000 -0.903500
v -1.528500 1.831000 -0.912500
v -1.537500 1.831000 -0.903500
v -1.501500 0.120000 -0.856500
v -1.492500 0.129000 -0.856500
v -1.501500 0.129000 -0.847500
v -1.501500 1.840000 -0.856500
v -1.501500 1.831000 -0.847500
v -1.492500 1.831000 -0.856500
v -1.501500 0.120000 -0.903500
v -1.501500 0.129000 -0.912500
v -1.492500 0.129000 -0.903500
v -1.501500 1.840000 -0.903500
v -1.492500 1.831000 -0.903500
v -1.501500 1.831000 -0.912500
v -1.528500 0.120000 -0.506500
v -1.528500 0.129000 -0.497500
v -1.537500 0.129000 -0.506500
v -1.528500 1.831000 -0.497500
v -1.528500 1.840000 -0.506500
v -1.537500 1.831000 -0.506500
v -1.528500 0.120000 -0.553500
v -1.537500 0.129000 -0.553500
v -1.528500 0.129000 -0.562500
v -1.528500 1.840000 -0.553500
v -1.528500 1.831000 -0.562500
v -1.537500 1.831000 -0.553500
v -1.501500 0.120000 -0.506500
v -1.492500 0.129000 -0.506500
v -1.501500 0.129000 -0.497500
v -1.501500 1.840000 -0.506500
v -1.501500 1.831000 -0.497500
v -1.492500 1.831000 -0.506500
v -1.501500 0.120000 -0.553500
v -1.501500 0.129000 -0.562500
v -1.492500 0.129000 -0.553500
v -1.501500 1.840000 -0.553500
v -1.492500 1.831000 -0.553500
v -1.501500 1.831000 -0.562500
v -1.528500 0.120000 -0.156500
v -1.528500 0.129000 -0.147500
v -1.537500 0.129000 -0.156500
v -1.528500 1.831000 -0.147500
v -1.528500 1.840000 -0.156500
v -1.537500 1.831000 -0.156500
v -1.528500 0.120000 -0.203500
v -1.537500 0.129000 -0.203500
v -1.528500 0.129000 -0.212500
v -1.528500 1.840000 -0.203500
v -1.528500 1.831000 -0.212500
v -1.537500 1.831000 -0.203500
v -1.501500 0.120000 -0.156500
v -1.492500 0.129000 -0.156500
v -1.501500 0.129000 -0.147500
v -1.501500 1.840000 -0.156500
v -1.501500 1.831000 -0.147500
v -1.492500 1.831000 -0.156500
v -1.501500 0.120000 -0.203500
v -1.501500 0.129000 -0.212500
v -1.492500 0.129000 -0.203500
v -1.501500 1.840000 -0.203500
v -1.492500 1.831000 -0.203500
v -1.501500 1.831000 -0.212500
v -1.528500 0.120000 0.193500
v -1.528500 0.129000 0.202500
v -1.537500 0.129000 0.193500
v -1.528500 1.831000 0.202500
v -1.528500 1.840000 0.193500
v -1.537500 1.831000 0.193500
v -1.528500 0.120000 0.146500
v -1.537500 0.129000 0.146500
v -1.528500 0.129000 0.137500
v -1.528500 1.840000 0.146500
v -1.528500 1.831000 0.137500
v -1.537500 1.831000 0.146500
v -1.501500 0.120000 0.193500
v -1.492500 0.129000 0.193500
v -1.501500 0.129000 0.202500
v -1.501500 1.840000 0.193500
v -1.501500 1.831000 0.202500
v -1.492500 1.831000 0.193500
v -1.501500 0.120000 0.146500
v -1.501500 0.129000 0.137500
v -1.492500 0.129000 0.146500
v -1.501500 1.840000 0.146500
v -1.492500 1.831000 0.146500
v -1.501500 1.831000 0.137500
v -1.528500 0.120000 0.543500
v -1.528500 0.129000 0.552500
v -1.537500 0.129000 0.543500
v -1.528500 1.831000 0.552500
v -1.528500 1.840000 0.543500
v -1.537500 1.831000 0.543500
v -1.528500 0.120000 0.496500
v -1.537500 0.129000 0.496500
v -1.528500 0.129000 0.487500
v -1.528500 1.840000 0.496500
v -1.528500 1.831000 0.487500
v -1.537500 1.831000 0.496500
v -1.501500 0.120000 0.543500
v -1.492500 0.129000 0.543500
v -1.501500 0.129000 0.552500
v -1.501500 1.840000 0.543500
v -1.501500 1.831000 0.552500
v -1.492500 1.831000 0.543500
v -1.501500 0.120000 0.496500
v -1.501500 0.129000 0.487500
v -1.492500 0.129000 0.496500
v -1.501500 1.840000 0.496500
v -1.492500 1.831000 0.496500
v -1.501500 1.831000 0.487500
v -1.528500 0.120000 0.893500
v -1.528500 0.129000 0.902500
v -1.537500 0.129000 0.893500
v -1.528500 1.831000 0.902500
v -1.528500 1.840000 0.893500
v -1.537500 1.831000 0.893500
v -1.528500 0.120000 0.846500
v -1.537500 0.129000 0.846500
v -1.528500 0.129000 0.837500
v -1.528500 1.840000 0.846500
v -1.528500 1.831000 0.837500
v -1.537500 1.831000 0.846500
v -1.501500 0.120000 0.893500
v -1.492500 0.129000 0.893500
v -1.501500 0.129000 0.902500
v -1.501500 1.840000 0.893500
v -1.501500 1.831000 0.902500
v -1.492500 1.831000 0.893500
v -1.501500 0.120000 0.846500
v -1.501500 0.129000 0.837500
v -1.492500 0.129000 0.846500
v -1.501500 1.840000 0.846500
v -1.492500 1.831000 0.846500
v -1.501500 1.831000 0.837500
v -1.528500 0.120000 1.243500
v -1.528500 0.129000 1.252500
v -1.537500 0.129000 1.243500
v -1.528500 1.831000 1.252500
v -1.528500 1.840000 1.243500
v -1.537500 1.831000 1.243500
v -1.528500 0.120000 1.196500
v -1.537500 0.129000 1.196500
v -1.528500 0.129000 1.187500
v -1.528500 1.840000 1.196500
v -1.528500 1.831000 1.187500
v -1.537500 1.831000 1.196500
v -1.501500 0.120000 1.243500
v -1.492500 0.129000 1.243500
v -1.501500 0.129000 1.252500
v -1.501500 1.840000 1.243500
v -1.501500 1.831000 1.252500
v -1.492500 1.831000 1.243500
v -1.501500 0.120000 1.196500
v -1.501500 0.129000 1.187500
v -1.492500 0.129000 1.196500
v -1.501500 1.840000 1.196500
v -1.492500 1.831000 1.196500
v -1.501500 1.831000 1.187500
v 0.000000 2.560000 -1.620000
v 0.000000 2.560000 1.620000
v -1.780000 1.910000 -1.620000
v -1.780000 1.910000 1.620000
v 0.000000 2.460000 -1.620000
v 0.000000 2.460000 1.620000
v -1.780000 1.810000 -1.620000
v -1.780000 1.810000 1.620000
v -0.000000 2.583000 -1.562000
v -1.780000 1.933000 -1.562000
v -0.005336 2.597612 -1.555556
v -1.785336 1.947613 -1.555556
v -0.007546 2.603665 -1.540000
v -1.787546 1.953665 -1.540000
v -0.005336 2.597612 -1.524444
v -1.785336 1.947613 -1.524444
v -0.000000 2.583000 -1.518000
v -1.780000 1.933000 -1.518000
v 0.005336 2.568387 -1.524444
v -1.774664 1.918388 -1.524444
v 0.007546 2.562335 -1.540000
v -1.772454 1.912335 -1.540000
v 0.005336 2.568387 -1.555556
v -1.774664 1.918388 -1.555556
v -0.000000 2.583000 -1.177000
v -1.780000 1.933000 -1.177000
v -0.005336 2.597612 -1.170556
v -1.785336 1.947613 -1.170556
v -0.007546 2.603665 -1.155000
v -1.787546 1.953665 -1.155000
v -0.005336 2.597612 -1.139444
v -1.785336 1.947613 -1.139444
v -0.000000 2.583000 -1.133000
v -1.780000 1.933000 -1.133000
v 0.005336 2.568387 -1.139444
v -1.774664 1.918388 -1.139444
v 0.007546 2.562335 -1.155000
v -1.772454 1.912335 -1.155000
v 0.005336 2.568387 -1.170556
v -1.774664 1.918388 -1.170556
v -0.000000 2.583000 -0.792000
v -1.780000 1.933000 -0.792000
v -0.005336 2.597612 -0.785556
v -1.785336 1.947613 -0.785556
v -0.007546 2.603665 -0.770000
v -1.787546 1.953665 -0.770000
v -0.005336 2.597612 -0.754444
v -1.785336 1.947613 -0.754444
v -0.000000 2.583000 -0.748000
v -1.780000 1.933000 -0.748000
v 0.005336 2.568387 -0.754444
v -1.774664 1.918388 -0.754444
v 0.007546 2.562335 -0.770000
v -1.772454 1.912335 -0.770000
v 0.005336 2.568387 -0.785556
v -1.774664 1.918388 -0.785556
v -0.000000 2.583000 -0.407000
v -1.780000 1.933000 -0.407000
v -0.005336 2.597612 -0.400556
v -1.785336 1.947613 -0.400556
v -0.007546 2.603665 -0.385000
v -1.787546 1.953665 -0.385000
v -0.005336 2.597612 -0.369444
v -1.785336 1.947613 -0.369444
v -0.000000 2.583000 -0.363000
v -1.780000 1.933000 -0.363000
v 0.005336 2.568387 -0.369444
v -1.774664 1.918388 -0.369444
v 0.007546 2.562335 -0.385000
v -1.772454 1.912335 -0.385000
v 0.005336 2.568387 -0.400556
v -1.774664 1.918388 -0.400556
v -0.000000 2.583000 -0.022000
v -1.780000 1.933000 -0.022000
v -0.005336 2.597612 -0.015556
v -1.785336 1.947613 -0.015556
v -0.007546 2.603665 0.000000
v -1.787546 1.953665 0.000000
v -0.005336 2.597612 0.015556
v -1.785336 1.947613 0.015556
v -0.000000 2.583000 0.022000
v -1.780000 1.933000 0.022000
v 0.005336 2.568387 0.015556
v -1.774664 1.918388 0.015556
v 0.007546 2.562335 0.000000
v -1.772454 1.912335 0.000000
v 0.005336 2.568387 -0.015556
v -1.774664 1.918388 -0.015556
v -0.000000 2.583000 0.363000
v -1.780000 1.933000 0.363000
v -0.005336 2.597612 0.369444
v -1.785336 1.947613 0.369444
v -0.007546 2.603665 0.385000
v -1.787546 1.953665 0.385000
v -0.005336 2.597612 0.400556
v -1.785336 1.947613 0.400556
v -0.000000 2.583000 0.407000
v -1.780000 1.933000 0.407000
v 0.005336 2.568387 0.400556
v -1.774664 1.918388 0.400556
v 0.007546 2.562335 0.385000
v -1.772454 1.912335 0.385000
v 0.005336 2.568387 0.369444
v -1.774664 1.918388 0.369444
v -0.000000 2.583000 0.748000
v -1.780000 1.933000 0.748000
v -0.005336 2.597612 0.754444
v -1.785336 1.947613 0.754444
v -0.007546 2.603665 0.770000
v -1.787546 1.953665 0.770000
v -0.005336 2.597612 0.785556
v -1.785336 1.947613 0.785556
v -0.000000 2.583000 0.792000
v -1.780000 1.933000 0.792000
v 0.005336 2.568387 0.785556
v -1.774664 1.918388 0.785556
v 0.007546 2.562335 0.770000
v -1.772454 1.912335 0.770000
v 0.005336 2.568387 0.754444
v -1.774664 1.918388 0.754444
v -0.000000 2.583000 1.133000
v -1.780000 1.933000 1.133000
v -0.005336 2.597612 1.139444
v -1.785336 1.947613 1.139444
v -0.007546 2.603665 1.155000
v -1.787546 1.953665 1.155000
v -0.005336 2.597612 1.170556
v -1.785336 1.947613 1.170556
v -0.000000 2.583000 1.177000
v -1.780000 1.933000 1.177000
v 0.005336 2.568387 1.170556
v -1.774664 1.918388 1.170556
v 0.007546 2.562335 1.155000
v -1.772454 1.912335 1.155000
v 0.005336 2.568387 1.139444
v -1.774664 1.918388 1.139444
v -0.000000 2.583000 1.518000
v -1.780000 1.933000 1.518000
v -0.005336 2.597612 1.524444
v -1.785336 1.947613 1.524444
v -0.007546 2.603665 1.540000
v -1.787546 1.953665 1.540000
v -0.005336 2.597612 1.555556
v -1.785336 1.947613 1.555556
v -0.000000 2.583000 1.562000
v -1.780000 1.933000 1.562000
v 0.005336 2.568387 1.555556
v -1.774664 1.918388 1.555556
v 0.007546 2.562335 1.540000
v -1.772454 1.912335 1.540000
v 0.005336 2.568387 1.524444
v -1.774664 1.918388 1.524444
v -0.000000 2.585000 -1.667000
v -1.780000 1.935000 -1.667000
v -0.011400 2.616218 -1.653234
v -1.791400 1.966218 -1.653234
v -0.016122 2.629149 -1.620000
v -1.796122 1.979149 -1.620000
v -0.011400 2.616218 -1.586766
v -1.791400 1.966218 -1.586766
v -0.000000 2.585000 -1.573000
v -1.780000 1.935000 -1.573000
v 0.011400 2.553782 -1.586766
v -1.768600 1.903782 -1.586766
v 0.016122 2.540852 -1.620000
v -1.763878 1.890851 -1.620000
v 0.011400 2.553782 -1.653234
v -1.768600 1.903782 -1.653234
v -0.000000 2.585000 1.573000
v -1.780000 1.935000 1.573000
v -0.011400 2.616218 1.586766
v -1.791400 1.966218 1.586766
v -0.016122 2.629149 1.620000
v -1.796122 1.979149 1.620000
v -0.011400 2.616218 1.653234
v -1.791400 1.966218 1.653234
v -0.000000 2.585000 1.667000
v -1.780000 1.935000 1.667000
v 0.011400 2.553782 1.653234
v -1.768600 1.903782 1.653234
v 0.016122 2.540852 1.620000
v -1.763878 1.890851 1.620000
v 0.011400 2.553782 1.586766
v -1.768600 1.903782 1.586766
v -1.780000 1.940000 -1.620000
v -1.780000 1.940000 1.620000
v -1.741109 1.923891 -1.620000
v -1.741109 1.923891 1.620000
v -1.725000 1.885000 -1.620000
v -1.725000 1.885000 1.620000
v -1.741109 1.846109 -1.620000
v -1.741109 1.846109 1.620000
v -1.780000 1.830000 -1.620000
v -1.780000 1.830000 1.620000
v -1.818891 1.846109 -1.620000
v -1.818891 1.846109 1.620000
v -1.835000 1.885000 -1.620000
v -1.835000 1.885000 1.620000
v -1.818891 1.923891 -1.620000
v -1.818891 1.923891 1.620000
v -1.500000 1.870000 -1.405000
v 1.500000 1.870000 -1.405000
v 0.000000 2.440000 -1.405000
v -1.500000 1.870000 -1.325000
v 1.500000 1.870000 -1.325000
v 0.000000 2.440000 -1.325000
v -1.529000 0.190000 -1.396000
v -1.529000 0.206000 -1.380000
v -1.545000 0.206000 -1.396000
v -1.529000 1.854000 -1.380000
v -1.529000 1.870000 -1.396000
v -1.545000 1.854000 -1.396000
v -1.529000 0.190000 -1.444000
v -1.545000 0.206000 -1.444000
v -1.529000 0.206000 -1.460000
v -1.529000 1.870000 -1.444000
v -1.529000 1.854000 -1.460000
v -1.545000 1.854000 -1.444000
v -1.471000 0.190000 -1.396000
v -1.455000 0.206000 -1.396000
v -1.471000 0.206000 -1.380000
v -1.471000 1.870000 -1.396000
v -1.471000 1.854000 -1.380000
v -1.455000 1.854000 -1.396000
v -1.471000 0.190000 -1.444000
v -1.471000 0.206000 -1.460000
v -1.455000 0.206000 -1.444000
v -1.471000 1.870000 -1.444000
v -1.455000 1.854000 -1.444000
v -1.471000 1.854000 -1.460000
v 1.471000 0.190000 -1.396000
v 1.471000 0.206000 -1.380000
v 1.455000 0.206000 -1.396000
v 1.471000 1.854000 -1.380000
v 1.471000 1.870000 -1.396000
v 1.455000 1.854000 -1.396000
v 1.471000 0.190000 -1.444000
v 1.455000 0.206000 -1.444000
v 1.471000 0.206000 -1.460000
v 1.471000 1.870000 -1.444000
v 1.471000 1.854000 -1.460000
v 1.455000 1.854000 -1.444000
v 1.529000 0.190000 -1.396000
v 1.545000 0.206000 -1.396000
v 1.529000 0.206000 -1.380000
v 1.529000 1.870000 -1.396000
v 1.529000 1.854000 -1.380000
v 1.545000 1.854000 -1.396000
v 1.529000 0.190000 -1.444000
v 1.529000 0.206000 -1.460000
v 1.545000 0.206000 -1.444000
v 1.529000 1.870000 -1.444000
v 1.545000 1.854000 -1.444000
v 1.529000 1.854000 -1.460000
v 1.501500 0.120000 -1.206500
v 1.501500 0.129000 -1.197500
v 1.492500 0.129000 -1.206500
v 1.501500 1.831000 -1.197500
v 1.501500 1.840000 -1.206500
v 1.492500 1.831000 -1.206500
v 1.501500 0.120000 -1.253500
v 1.492500 0.129000 -1.253500
v 1.501500 0.129000 -1.262500
v 1.501500 1.840000 -1.253500
v 1.501500 1.831000 -1.262500
v 1.492500 1.831000 -1.253500
v 1.528500 0.120000 -1.206500
v 1.537500 0.129000 -1.206500
v 1.528500 0.129000 -1.197500
v 1.528500 1.840000 -1.206500
v 1.528500 1.831000 -1.197500
v 1.537500 1.831000 -1.206500
v 1.528500 0.120000 -1.253500
v 1.528500 0.129000 -1.262500
v 1.537500 0.129000 -1.253500
v 1.528500 1.840000 -1.253500
v 1.537500 1.831000 -1.253500
v 1.528500 1.831000 -1.262500
v 1.501500 0.120000 -0.856500
v 1.501500 0.129000 -0.847500
v 1.492500 0.129000 -0.856500
v 1.501500 1.831000 -0.847500
v 1.501500 1.840000 -0.856500
v 1.492500 1.831000 -0.856500
v 1.501500 0.120000 -0.903500
v 1.492500 0.129000 -0.903500
v 1.501500 0.129000 -0.912500
v 1.501500 1.840000 -0.903500
v 1.501500 1.831000 -0.912500
v 1.492500 1.831000 -0.903500
v 1.528500 0.120000 -0.856500
v 1.537500 0.129000 -0.856500
v 1.528500 0.129000 -0.847500
v 1.528500 1.840000 -0.856500
v 1.528500 1.831000 -0.847500
v 1.537500 1.831000 -0.856500
v 1.528500 0.120000 -0.903500
v 1.528500 0.129000 -0.912500
v 1.537500 0.129000 -0.903500
v 1.528500 1.840000 -0.903500
v 1.537500 1.831000 -0.903500
v 1.528500 1.831000 -0.912500
v 1.501500 0.120000 -0.506500
v 1.501500 0.129000 -0.497500
v 1.492500 0.129000 -0.506500
v 1.501500 1.831000 -0.497500
v 1.501500 1.840000 -0.506500
v 1.492500 1.831000 -0.506500
v 1.501500 0.120000 -0.553500
v 1.492500 0.129000 -0.553500
v 1.501500 0.129000 -0.562500
v 1.501500 1.840000 -0.553500
v 1.501500 1.831000 -0.562500
v 1.492500 1.831000 -0.553500
v 1.528500 0.120000 -0.506500
v 1.537500 0.129000 -0.506500
v 1.528500 0.129000 -0.497500
v 1.528500 1.840000 -0.506500
v 1.528500 1.831000 -0.497500
v 1.537500 1.831000 -0.506500
v 1.528500 0.120000 -0.553500
v 1.528500 0.129000 -0.562500
v 1.537500 0.129000 -0.553500
v 1.528500 1.840000 -0.553500
v 1.537500 1.831000 -0.553500
v 1.528500 1.831000 -0.562500
v 1.501500 0.120000 -0.156500
v 1.501500 0.129000 -0.147500
v 1.492500 0.129000 -0.156500
v 1.501500 1.831000 -0.147500
v 1.501500 1.840000 -0.156500
v 1.492500 1.831000 -0.156500
v 1.501500 0.120000 -0.203500
v 1.492500 0.129000 -0.203500
v 1.501500 0.129000 -0.212500
v 1.501500 1.840000 -0.203500
v 1.501500 1.831000 -0.212500
v 1.492500 1.831000 -0.203500
v 1.528500 0.120000 -0.156500
v 1.537500 0.129000 -0.156500
v 1.528500 0.129000 -0.147500
v 1.528500 1.840000 -0.156500
v 1.528500 1.831000 -0.147500
v 1.537500 1.831000 -0.156500
v 1.528500 0.120000 -0.203500
v 1.528500 0.129000 -0.212500
v 1.537500 0.129000 -0.203500
v 1.528500 1.840000 -0.203500
v 1.537500 1.831000 -0.203500
v 1.528500 1.831000 -0.212500
v 1.501500 0.120000 0.193500
v 1.501500 0.129000 0.202500
v 1.492500 0.129000 0.193500
v 1.501500 1.831000 0.202500
v 1.501500 1.840000 0.193500
v 1.492500 1.831000 0.193500
v 1.501500 0.120000 0.146500
v 1.492500 0.129000 0.146500
v 1.501500 0.129000 0.137500
v 1.501500 1.840000 0.146500
v 1.501500 1.831000 0.137500
v 1.492500 1.831000 0.146500
v 1.528500 0.120000 0.193500
v 1.537500 0.129000 0.193500
v 1.528500 0.129000 0.202500
v 1.528500 1.840000 0.193500
v 1.528500 1.831000 0.202500
v 1.537500 1.831000 0.193500
v 1.528500 0.120000 0.146500
v 1.528500 0.129000 0.137500
v 1.537500 0.129000 0.146500
v 1.528500 1.840000 0.146500
v 1.537500 1.831000 0.146500
v 1.528500 1.831000 0.137500
v 1.501500 0.120000 0.543500
v 1.501500 0.129000 0.552500
v 1.492500 0.129000 0.543500
v 1.501500 1.831000 0.552500
v 1.501500 1.840000 0.543500
v 1.492500 1.831000 0.543500
v 1.501500 0.120000 0.496500
v 1.492500 0.129000 0.496500
v 1.501500 0.129000 0.487500
v 1.501500 1.840000 0.496500
v 1.501500 1.831000 0.487500
v 1.492500 1.831000 0.496500
v 1.528500 0.120000 0.543500
v 1.537500 0.129000 0.543500
v 1.528500 0.129000 0.552500
v 1.528500 1.840000 0.543500
v 1.528500 1.831000 0.552500
v 1.537500 1.831000 0.543500
v 1.528500 0.120000 0.496500
v 1.528500 0.129000 0.487500
v 1.537500 0.129000 0.496500
v 1.528500 1.840000 0.496500
v 1.537500 1.831000 0.496500
v 1.528500 1.831000 0.487500
v 1.501500 0.120000 0.893500
v 1.501500 0.129000 0.902500
v 1.492500 0.129000 0.893500
v 1.501500 1.831000 0.902500
v 1.501500 1.840000 0.893500
v 1.492500 1.831000 0.893500
v 1.501500 0.120000 0.846500
v 1.492500 0.129000 0.846500
v 1.501500 0.129000 0.837500
v 1.501500 1.840000 0.846500
v 1.501500 1.831000 0.837500
v 1.492500 1.831000 0.846500
v 1.528500 0.120000 0.893500
v 1.537500 0.129000 0.893500
v 1.528500 0.129000 0.902500
v 1.528500 1.840000 0.893500
v 1.528500 1.831000 0.902500
v 1.537500 1.831000 0.893500
v 1.528500 0.120000 0.846500
v 1.528500 0.129000 0.837500
v 1.537500 0.129000 0.846500
v 1.528500 1.840000 0.846500
v 1.537500 1.831000 0.846500
v 1.528500 1.831000 0.837500
v 1.501500 0.120000 1.243500
v 1.501500 0.129000 1.252500
v 1.492500 0.129000 1.243500
v 1.501500 1.831000 1.252500
v 1.501500 1.840000 1.243500
v 1.492500 1.831000 1.243500
v 1.501500 0.120000 1.196500
v 1.492500 0.129000 1.196500
v 1.501500 0.129000 1.187500
v 1.501500 1.840000 1.196500
v 1.501500 1.831000 1.187500
v 1.492500 1.831000 1.196500
v 1.528500 0.120000 1.243500
v 1.537500 0.129000 1.243500
v 1.528500 0.129000 1.252500
v 1.528500 1.840000 1.243500
v 1.528500 1.831000 1.252500
v 1.537500 1.831000 1.243500
v 1.528500 0.120000 1.196500
v 1.528500 0.129000 1.187500
v 1.537500 0.129000 1.196500
v 1.528500 1.840000 1.196500
v 1.537500 1.831000 1.196500
v 1.528500 1.831000 1.187500
v 0.000000 2.560000 -1.620000
v 0.000000 2.560000 1.620000
v 1.780000 1.910000 -1.620000
v 1.780000 1.910000 1.620000
v 0.000000 2.460000 -1.620000
v 0.000000 2.460000 1.620000
v 1.780000 1.810000 -1.620000
v 1.780000 1.810000 1.620000
v 0.000000 2.583000 -1.562000
v 1.780000 1.933000 -1.562000
v -0.005336 2.568387 -1.555556
v 1.774664 1.918388 -1.555556
v -0.007546 2.562335 -1.540000
v 1.772454 1.912335 -1.540000
v -0.005336 2.568387 -1.524444
v 1.774664 1.918388 -1.524444
v 0.000000 2.583000 -1.518000
v 1.780000 1.933000 -1.518000
v 0.005336 2.597612 -1.524444
v 1.785336 1.947613 -1.524444
v 0.007546 2.603665 -1.540000
v 1.787546 1.953665 -1.540000
v 0.005336 2.597612 -1.555556
v 1.785336 1.947613 -1.555556
v 0.000000 2.583000 -1.177000
v 1.780000 1.933000 -1.177000
v -0.005336 2.568387 -1.170556
v 1.774664 1.918388 -1.170556
v -0.007546 2.562335 -1.155000
v 1.772454 1.912335 -1.155000
v -0.005336 2.568387 -1.139444
v 1.774664 1.918388 -1.139444
v 0.000000 2.583000 -1.133000
v 1.780000 1.933000 -1.133000
v 0.005336 2.597612 -1.139444
v 1.785336 1.947613 -1.139444
v 0.007546 2.603665 -1.155000
v 1.787546 1.953665 -1.155000
v 0.005336 2.597612 -1.170556
v 1.785336 1.947613 -1.170556
v 0.000000 2.583000 -0.792000
v 1.780000 1.933000 -0.792000
v -0.005336 2.568387 -0.785556
v 1.774664 1.918388 -0.785556
v -0.007546 2.562335 -0.770000
v 1.772454 1.912335 -0.770000
v -0.005336 2.568387 -0.754444
v 1.774664 1.918388 -0.754444
v 0.000000 2.583000 -0.748000
v 1.780000 1.933000 -0.748000
v 0.005336 2.597612 -0.754444
v 1.785336 1.947613 -0.754444
v 0.007546 2.603665 -0.770000
v 1.787546 1.953665 -0.770000
v 0.005336 2.597612 -0.785556
v 1.785336 1.947613 -0.785556
v 0.000000 2.583000 -0.407000
v 1.780000 1.933000 -0.407000
v -0.005336 2.568387 -0.400556
v 1.774664 1.918388 -0.400556
v -0.007546 2.562335 -0.385000
v 1.772454 1.912335 -0.385000
v -0.005336 2.568387 -0.369444
v 1.774664 1.918388 -0.369444
v 0.000000 2.583000 -0.363000
v 1.780000 1.933000 -0.363000
v 0.005336 2.597612 -0.369444
v 1.785336 1.947613 -0.369444
v 0.007546 2.603665 -0.385000
v 1.787546 1.953665 -0.385000
v 0.005336 2.597612 -0.400556
v 1.785336 1.947613 -0.400556
v 0.000000 2.583000 -0.022000
v 1.780000 1.933000 -0.022000
v -0.005336 2.568387 -0.015556
v 1.774664 1.918388 -0.015556
v -0.007546 2.562335 0.000000
v 1.772454 1.912335 0.000000
v -0.005336 2.568387 0.015556
v 1.774664 1.918388 0.015556
v 0.000000 2.583000 0.022000
v 1.780000 1.933000 0.022000
v 0.005336 2.597612 0.015556
v 1.785336 1.947613 0.015556
v 0.007546 2.603665 0.000000
v 1.787546 1.953665 0.000000
v 0.005336 2.597612 -0.015556
v 1.785336 1.947613 -0.015556
v 0.000000 2.583000 0.363000
v 1.780000 1.933000 0.363000
v -0.005336 2.568387 0.369444
v 1.774664 1.918388 0.369444
v -0.007546 2.562335 0.385000
v 1.772454 1.912335 0.385000
v -0.005336 2.568387 0.400556
v 1.774664 1.918388 0.400556
v 0.000000 2.583000 0.407000
v 1.780000 1.933000 0.407000
v 0.005336 2.597612 0.400556
v 1.785336 1.947613 0.400556
v 0.007546 2.603665 0.385000
v 1.787546 1.953665 0.385000
v 0.005336 2.597612 0.369444
v 1.785336 1.947613 0.369444
v 0.000000 2.583000 0.748000
v 1.780000 1.933000 0.748000
v -0.005336 2.568387 0.754444
v 1.774664 1.918388 0.754444
v -0.007546 2.562335 0.770000
v 1.772454 1.912335 0.770000
v -0.005336 2.568387 0.785556
v 1.774664 1.918388 0.785556
v 0.000000 2.583000 0.792000
v 1.780000 1.933000 0.792000
v 0.005336 2.597612 0.785556
v 1.785336 1.947613 0.785556
v 0.007546 2.603665 0.770000
v 1.787546 1.953665 0.770000
v 0.005336 2.597612 0.754444
v 1.785336 1.947613 0.754444
v 0.000000 2.583000 1.133000
v 1.780000 1.933000 1.133000
v -0.005336 2.568387 1.139444
v 1.774664 1.918388 1.139444
v -0.007546 2.562335 1.155000
v 1.772454 1.912335 1.155000
v -0.005336 2.568387 1.170556
v 1.774664 1.918388 1.170556
v 0.000000 2.583000 1.177000
v 1.780000 1.933000 1.177000
v 0.005336 2.597612 1.170556
v 1.785336 1.947613 1.170556
v 0.007546 2.603665 1.155000
v 1.787546 1.953665 1.155000
v 0.005336 2.597612 1.139444
v 1.785336 1.947613 1.139444
v 0.000000 2.583000 1.518000
v 1.780000 1.933000 1.518000
v -0.005336 2.568387 1.524444
v 1.774664 1.918388 1.524444
v -0.007546 2.562335 1.540000
v 1.772454 1.912335 1.540000
v -0.005336 2.568387 1.555556
v 1.774664 1.918388 1.555556
v 0.000000 2.583000 1.562000
v 1.780000 1.933000 1.562000
v 0.005336 2.597612 1.555556
v 1.785336 1.947613 1.555556
v 0.007546 2.603665 1.540000
v 1.787546 1.953665 1.540000
v 0.005336 2.597612 1.524444
v 1.785336 1.947613 1.524444
v 0.000000 2.585000 -1.667000
v 1.780000 1.935000 -1.667000
v -0.011400 2.553782 -1.653234
v 1.768600 1.903782 -1.653234
v -0.016122 2.540852 -1.620000
v 1.763878 1.890851 -1.620000
v -0.011400 2.553782 -1.586766
v 1.768600 1.903782 -1.586766
v 0.000000 2.585000 -1.573000
v 1.780000 1.935000 -1.573000
v 0.011400 2.616218 -1.586766
v 1.791400 1.966218 -1.586766
v 0.016122 2.629149 -1.620000
v 1.796122 1.979149 -1.620000
v 0.011400 2.616218 -1.653234
v 1.791400 1.966218 -1.653234
v 0.000000 2.585000 1.573000
v 1.780000 1.935000 1.573000
v -0.011400 2.553782 1.586766
v 1.768600 1.903782 1.586766
v -0.016122 2.540852 1.620000
v 1.763878 1.890851 1.620000
v -0.011400 2.553782 1.653234
v 1.768600 1.903782 1.653234
v 0.000000 2.585000 1.667000
v 1.780000 1.935000 1.667000
v 0.011400 2.616218 1.653234
v 1.791400 1.966218 1.653234
v 0.016122 2.629149 1.620000
v 1.796122 1.979149 1.620000
v 0.011400 2.616218 1.586766
v 1.791400 1.966218 1.586766
v 1.780000 1.940000 -1.620000
v 1.780000 1.940000 1.620000
v 1.818891 1.923891 -1.620000
v 1.818891 1.923891 1.620000
v 1.835000 1.885000 -1.620000
v 1.835000 1.885000 1.620000
v 1.818891 1.846109 -1.620000
v 1.818891 1.846109 1.620000
v 1.780000 1.830000 -1.620000
v 1.780000 1.830000 1.620000
v 1.741109 1.846109 -1.620000
v 1.741109 1.846109 1.620000
v 1.725000 1.885000 -1.620000
v 1.725000 1.885000 1.620000
v 1.741109 1.923891 -1.620000
v 1.741109 1.923891 1.620000
v -1.500000 1.870000 1.405000
v 1.500000 1.870000 1.405000
v 0.000000 2.440000 1.405000
v -1.500000 1.870000 1.325000
v 1.500000 1.870000 1.325000
v 0.000000 2.440000 1.325000
v -1.529000 0.190000 1.444000
v -1.529000 0.206000 1.460000
v -1.545000 0.206000 1.444000
v -1.529000 1.854000 1.460000
v -1.529000 1.870000 1.444000
v -1.545000 1.854000 1.444000
v -1.529000 0.190000 1.396000
v -1.545000 0.206000 1.396000
v -1.529000 0.206000 1.380000
v -1.529000 1.870000 1.396000
v -1.529000 1.854000 1.380000
v -1.545000 1.854000 1.396000
v -1.471000 0.190000 1.444000
v -1.455000 0.206000 1.444000
v -1.471000 0.206000 1.460000
v -1.471000 1.870000 1.444000
v -1.471000 1.854000 1.460000
v -1.455000 1.854000 1.444000
v -1.471000 0.190000 1.396000
v -1.471000 0.206000 1.380000
v -1.455000 0.206000 1.396000
v -1.471000 1.870000 1.396000
v -1.455000 1.854000 1.396000
v -1.471000 1.854000 1.380000
v 1.471000 0.190000 1.444000
v 1.471000 0.206000 1.460000
v 1.455000 0.206000 1.444000
v 1.471000 1.854000 1.460000
v 1.471000 1.870000 1.444000
v 1.455000 1.854000 1.444000
v 1.471000 0.190000 1.396000
v 1.455000 0.206000 1.396000
v 1.471000 0.206000 1.380000
v 1.471000 1.870000 1.396000
v 1.471000 1.854000 1.380000
v 1.455000 1.854000 1.396000
v 1.529000 0.190000 1.444000
v 1.545000 0.206000 1.444000
v 1.529000 0.206000 1.460000
v 1.529000 1.870000 1.444000
v 1.529000 1.854000 1.460000
v 1.545000 1.854000 1.444000
v 1.529000 0.190000 1.396000
v 1.529000 0.206000 1.380000
v 1.545000 0.206000 1.396000
v 1.529000 1.870000 1.396000
v 1.545000 1.854000 1.396000
v 1.529000 1.854000 1.380000
v 0.000000 2.643000 -1.660000
v 0.000000 2.643000 1.660000
v 0.045962 2.623962 -1.660000
v 0.045962 2.623962 1.660000
v 0.065000 2.578000 -1.660000
v 0.065000 2.578000 1.660000
v 0.045962 2.532038 -1.660000
v 0.045962 2.532038 1.660000
v 0.000000 2.513000 -1.660000
v 0.000000 2.513000 1.660000
v -0.045962 2.532038 -1.660000
v -0.045962 2.532038 1.660000
v -0.065000 2.578000 -1.660000
v -0.065000 2.578000 1.660000
v -0.045962 2.623962 -1.660000
v -0.045962 2.623962 1.660000
v -1.510000 1.880000 -1.480000
v -1.510000 0.300000 -1.480000
v -1.521716 1.880000 -1.508284
v -1.521716 0.300000 -1.508284
v -1.550000 1.880000 -1.520000
v -1.550000 0.300000 -1.520000
v -1.578284 1.880000 -1.508284
v -1.578284 0.300000 -1.508284
v -1.590000 1.880000 -1.480000
v -1.590000 0.300000 -1.480000
v -1.578284 1.880000 -1.451716
v -1.578284 0.300000 -1.451716
v -1.550000 1.880000 -1.440000
v -1.550000 0.300000 -1.440000
v -1.521716 1.880000 -1.451716
v -1.521716 0.300000 -1.451716
v -1.550000 0.264223 -1.462111
v -1.550000 0.164223 -1.662111
v -1.521716 0.274702 -1.467351
v -1.521716 0.174702 -1.667351
v -1.510000 0.300000 -1.480000
v -1.510000 0.200000 -1.680000
v -1.521716 0.325298 -1.492649
v -1.521716 0.225298 -1.692649
v -1.550000 0.335777 -1.497889
v -1.550000 0.235777 -1.697888
v -1.578284 0.325298 -1.492649
v -1.578284 0.225298 -1.692649
v -1.590000 0.300000 -1.480000
v -1.590000 0.200000 -1.680000
v -1.578284 0.274702 -1.467351
v -1.578284 0.174702 -1.667351
v 1.590000 1.880000 -1.480000
v 1.590000 0.300000 -1.480000
v 1.578284 1.880000 -1.508284
v 1.578284 0.300000 -1.508284
v 1.550000 1.880000 -1.520000
v 1.550000 0.300000 -1.520000
v 1.521716 1.880000 -1.508284
v 1.521716 0.300000 -1.508284
v 1.510000 1.880000 -1.480000
v 1.510000 0.300000 -1.480000
v 1.521716 1.880000 -1.451716
v 1.521716 0.300000 -1.451716
v 1.550000 1.880000 -1.440000
v 1.550000 0.300000 -1.440000
v 1.578284 1.880000 -1.451716
v 1.578284 0.300000 -1.451716
v 1.550000 0.264223 -1.462111
v 1.550000 0.164223 -1.662111
v 1.578284 0.274702 -1.467351
v 1.578284 0.174702 -1.667351
v 1.590000 0.300000 -1.480000
v 1.590000 0.200000 -1.680000
v 1.578284 0.325298 -1.492649
v 1.578284 0.225298 -1.692649
v 1.550000 0.335777 -1.497889
v 1.550000 0.235777 -1.697888
v 1.521716 0.325298 -1.492649
v 1.521716 0.225298 -1.692649
v 1.510000 0.300000 -1.480000
v 1.510000 0.200000 -1.680000
v 1.521716 0.274702 -1.467351
v 1.521716 0.174702 -1.667351
v -0.384000 0.015000 1.459000
v -0.384000 0.031000 1.475000
v -0.400000 0.031000 1.459000
v -0.384000 1.249000 1.475000
v -0.384000 1.265000 1.459000
v -0.400000 1.249000 1.459000
v -0.384000 0.015000 1.411000
v -0.400000 0.031000 1.411000
v -0.384000 0.031000 1.395000
v -0.384000 1.265000 1.411000
v -0.384000 1.249000 1.395000
v -0.400000 1.249000 1.411000
v 0.384000 0.015000 1.459000
v 0.400000 0.031000 1.459000
v 0.384000 0.031000 1.475000
v 0.384000 1.265000 1.459000
v 0.384000 1.249000 1.475000
v 0.400000 1.249000 1.459000
v 0.384000 0.015000 1.411000
v 0.384000 0.031000 1.395000
v 0.400000 0.031000 1.411000
v 0.384000 1.265000 1.411000
v 0.400000 1.249000 1.411000
v 0.384000 1.249000 1.395000
v -0.454000 -0.020000 1.544000
v -0.454000 -0.004000 1.560000
v -0.470000 -0.004000 1.544000
v -0.454000 1.364000 1.560000
v -0.454000 1.380000 1.544000
v -0.470000 1.364000 1.544000
v -0.454000 -0.020000 1.476000
v -0.470000 -0.004000 1.476000
v -0.454000 -0.004000 1.460000
v -0.454000 1.380000 1.476000
v -0.454000 1.364000 1.460000
v -0.470000 1.364000 1.476000
v -0.406000 -0.020000 1.544000
v -0.390000 -0.004000 1.544000
v -0.406000 -0.004000 1.560000
v -0.406000 1.380000 1.544000
v -0.406000 1.364000 1.560000
v -0.390000 1.364000 1.544000
v -0.406000 -0.020000 1.476000
v -0.406000 -0.004000 1.460000
v -0.390000 -0.004000 1.476000
v -0.406000 1.380000 1.476000
v -0.390000 1.364000 1.476000
v -0.406000 1.364000 1.460000
v 0.406000 -0.020000 1.544000
v 0.406000 -0.004000 1.560000
v 0.390000 -0.004000 1.544000
v 0.406000 1.364000 1.560000
v 0.406000 1.380000 1.544000
v 0.390000 1.364000 1.544000
v 0.406000 -0.020000 1.476000
v 0.390000 -0.004000 1.476000
v 0.406000 -0.004000 1.460000
v 0.406000 1.380000 1.476000
v 0.406000 1.364000 1.460000
v 0.390000 1.364000 1.476000
v 0.454000 -0.020000 1.544000
v 0.470000 -0.004000 1.544000
v 0.454000 -0.004000 1.560000
v 0.454000 1.380000 1.544000
v 0.454000 1.364000 1.560000
v 0.470000 1.364000 1.544000
v 0.454000 -0.020000 1.476000
v 0.454000 -0.004000 1.460000
v 0.470000 -0.004000 1.476000
v 0.454000 1.380000 1.476000
v 0.470000 1.364000 1.476000
v 0.454000 1.364000 1.460000
v -0.452000 1.345000 1.542000
v -0.452000 1.363000 1.560000
v -0.470000 1.363000 1.542000
v -0.452000 1.417000 1.560000
v -0.452000 1.435000 1.542000
v -0.470000 1.417000 1.542000
v -0.452000 1.345000 1.478000
v -0.470000 1.363000 1.478000
v -0.452000 1.363000 1.460000
v -0.452000 1.435000 1.478000
v -0.452000 1.417000 1.460000
v -0.470000 1.417000 1.478000
v 0.452000 1.345000 1.542000
v 0.470000 1.363000 1.542000
v 0.452000 1.363000 1.560000
v 0.452000 1.435000 1.542000
v 0.452000 1.417000 1.560000
v 0.470000 1.417000 1.542000
v 0.452000 1.345000 1.478000
v 0.452000 1.363000 1.460000
v 0.470000 1.363000 1.478000
v 0.452000 1.435000 1.478000
v 0.470000 1.417000 1.478000
v 0.452000 1.417000 1.460000
v 0.249500 0.595000 1.523000
v 0.249500 0.602000 1.530000
v 0.242500 0.602000 1.523000
v 0.249500 0.718000 1.530000
v 0.249500 0.725000 1.523000
v 0.242500 0.718000 1.523000
v 0.249500 0.595000 1.497000
v 0.242500 0.602000 1.497000
v 0.249500 0.602000 1.490000
v 0.249500 0.725000 1.497000
v 0.249500 0.718000 1.490000
v 0.242500 0.718000 1.497000
v 0.270500 0.595000 1.523000
v 0.277500 0.602000 1.523000
v 0.270500 0.602000 1.530000
v 0.270500 0.725000 1.523000
v 0.270500 0.718000 1.530000
v 0.277500 0.718000 1.523000
v 0.270500 0.595000 1.497000
v 0.270500 0.602000 1.490000
v 0.277500 0.602000 1.497000
v 0.270500 0.725000 1.497000
v 0.277500 0.718000 1.497000
v 0.270500 0.718000 1.490000
v -1.268000 0.930000 1.448000
v -1.268000 0.942000 1.460000
v -1.280000 0.942000 1.448000
v -1.268000 1.458000 1.460000
v -1.268000 1.470000 1.448000
v -1.280000 1.458000 1.448000
v -1.268000 0.930000 1.412000
v -1.280000 0.942000 1.412000
v -1.268000 0.942000 1.400000
v -1.268000 1.470000 1.412000
v -1.268000 1.458000 1.400000
v -1.280000 1.458000 1.412000
v -0.692000 0.930000 1.448000
v -0.680000 0.942000 1.448000
v -0.692000 0.942000 1.460000
v -0.692000 1.470000 1.448000
v -0.692000 1.458000 1.460000
v -0.680000 1.458000 1.448000
v -0.692000 0.930000 1.412000
v -0.692000 0.942000 1.400000
v -0.680000 0.942000 1.412000
v -0.692000 1.470000 1.412000
v -0.680000 1.458000 1.412000
v -0.692000 1.458000 1.400000
v -1.213000 0.985000 1.480500
v -1.213000 0.992000 1.487500
v -1.220000 0.992000 1.480500
v -1.213000 1.408000 1.487500
v -1.213000 1.415000 1.480500
v -1.220000 1.408000 1.480500
v -1.213000 0.985000 1.459500
v -1.220000 0.992000 1.459500
v -1.213000 0.992000 1.452500
v -1.213000 1.415000 1.459500
v -1.213000 1.408000 1.452500
v -1.220000 1.408000 1.459500
v -0.747000 0.985000 1.480500
v -0.740000 0.992000 1.480500
v -0.747000 0.992000 1.487500
v -0.747000 1.415000 1.480500
v -0.747000 1.408000 1.487500
v -0.740000 1.408000 1.480500
v -0.747000 0.985000 1.459500
v -0.747000 0.992000 1.452500
v -0.740000 0.992000 1.459500
v -0.747000 1.415000 1.459500
v -0.740000 1.408000 1.459500
v -0.747000 1.408000 1.452500
v -0.991500 0.960000 1.509000
v -0.991500 0.966000 1.515000
v -0.997500 0.966000 1.509000
v -0.991500 1.434000 1.515000
v -0.991500 1.440000 1.509000
v -0.997500 1.434000 1.509000
v -0.991500 0.960000 1.491000
v -0.997500 0.966000 1.491000
v -0.991500 0.966000 1.485000
v -0.991500 1.440000 1.491000
v -0.991500 1.434000 1.485000
v -0.997500 1.434000 1.491000
v -0.968500 0.960000 1.509000
v -0.962500 0.966000 1.509000
v -0.968500 0.966000 1.515000
v -0.968500 1.440000 1.509000
v -0.968500 1.434000 1.515000
v -0.962500 1.434000 1.509000
v -0.968500 0.960000 1.491000
v -0.968500 0.966000 1.485000
v -0.962500 0.966000 1.491000
v -0.968500 1.440000 1.491000
v -0.962500 1.434000 1.491000
v -0.968500 1.434000 1.485000
v -1.316000 0.875000 1.571000
v -1.316000 0.889000 1.585000
v -1.330000 0.889000 1.571000
v -1.316000 0.931000 1.585000
v -1.316000 0.945000 1.571000
v -1.330000 0.931000 1.571000
v -1.316000 0.875000 1.429000
v -1.330000 0.889000 1.429000
v -1.316000 0.889000 1.415000
v -1.316000 0.945000 1.429000
v -1.316000 0.931000 1.415000
v -1.330000 0.931000 1.429000
v -0.644000 0.875000 1.571000
v -0.630000 0.889000 1.571000
v -0.644000 0.889000 1.585000
v -0.644000 0.945000 1.571000
v -0.644000 0.931000 1.585000
v -0.630000 0.931000 1.571000
v -0.644000 0.875000 1.429000
v -0.644000 0.889000 1.415000
v -0.630000 0.889000 1.429000
v -0.644000 0.945000 1.429000
v -0.630000 0.931000 1.429000
v -0.644000 0.931000 1.415000
v 0.692000 0.930000 1.448000
v 0.692000 0.942000 1.460000
v 0.680000 0.942000 1.448000
v 0.692000 1.458000 1.460000
v 0.692000 1.470000 1.448000
v 0.680000 1.458000 1.448000
v 0.692000 0.930000 1.412000
v 0.680000 0.942000 1.412000
v 0.692000 0.942000 1.400000
v 0.692000 1.470000 1.412000
v 0.692000 1.458000 1.400000
v 0.680000 1.458000 1.412000
v 1.268000 0.930000 1.448000
v 1.280000 0.942000 1.448000
v 1.268000 0.942000 1.460000
v 1.268000 1.470000 1.448000
v 1.268000 1.458000 1.460000
v 1.280000 1.458000 1.448000
v 1.268000 0.930000 1.412000
v 1.268000 0.942000 1.400000
v 1.280000 0.942000 1.412000
v 1.268000 1.470000 1.412000
v 1.280000 1.458000 1.412000
v 1.268000 1.458000 1.400000
v 0.747000 0.985000 1.480500
v 0.747000 0.992000 1.487500
v 0.740000 0.992000 1.480500
v 0.747000 1.408000 1.487500
v 0.747000 1.415000 1.480500
v 0.740000 1.408000 1.480500
v 0.747000 0.985000 1.459500
v 0.740000 0.992000 1.459500
v 0.747000 0.992000 1.452500
v 0.747000 1.415000 1.459500
v 0.747000 1.408000 1.452500
v 0.740000 1.408000 1.459500
v 1.213000 0.985000 1.480500
v 1.220000 0.992000 1.480500
v 1.213000 0.992000 1.487500
v 1.213000 1.415000 1.480500
v 1.213000 1.408000 1.487500
v 1.220000 1.408000 1.480500
v 1.213000 0.985000 1.459500
v 1.213000 0.992000 1.452500
v 1.220000 0.992000 1.459500
v 1.213000 1.415000 1.459500
v 1.220000 1.408000 1.459500
v 1.213000 1.408000 1.452500
v 0.968500 0.960000 1.509000
v 0.968500 0.966000 1.515000
v 0.962500 0.966000 1.509000
v 0.968500 1.434000 1.515000
v 0.968500 1.440000 1.509000
v 0.962500 1.434000 1.509000
v 0.968500 0.960000 1.491000
v 0.962500 0.966000 1.491000
v 0.968500 0.966000 1.485000
v 0.968500 1.440000 1.491000
v 0.968500 1.434000 1.485000
v 0.962500 1.434000 1.491000
v 0.991500 0.960000 1.509000
v 0.997500 0.966000 1.509000
v 0.991500 0.966000 1.515000
v 0.991500 1.440000 1.509000
v 0.991500 1.434000 1.515000
v 0.997500 1.434000 1.509000
v 0.991500 0.960000 1.491000
v 0.991500 0.966000 1.485000
v 0.997500 0.966000 1.491000
v 0.991500 1.440000 1.491000
v 0.997500 1.434000 1.491000
v 0.991500 1.434000 1.485000
v 0.644000 0.875000 1.571000
v 0.644000 0.889000 1.585000
v 0.630000 0.889000 1.571000
v 0.644000 0.931000 1.585000
v 0.644000 0.945000 1.571000
v 0.630000 0.931000 1.571000
v 0.644000 0.875000 1.429000
v 0.630000 0.889000 1.429000
v 0.644000 0.889000 1.415000
v 0.644000 0.945000 1.429000
v 0.644000 0.931000 1.415000
v 0.630000 0.931000 1.429000
v 1.316000 0.875000 1.571000
v 1.330000 0.889000 1.571000
v 1.316000 0.889000 1.585000
v 1.316000 0.945000 1.571000
v 1.316000 0.931000 1.585000
v 1.330000 0.931000 1.571000
v 1.316000 0.875000 1.429000
v 1.316000 0.889000 1.415000
v 1.330000 0.889000 1.429000
v 1.316000 0.945000 1.429000
v 1.330000 0.931000 1.429000
v 1.316000 0.931000 1.415000
v -0.940000 1.720000 -0.950000
v -0.940000 3.020000 -0.950000
v -0.890000 1.720000 -0.936603
v -0.890000 3.020000 -0.936603
v -0.853397 1.720000 -0.900000
v -0.853397 3.020000 -0.900000
v -0.840000 1.720000 -0.850000
v -0.840000 3.020000 -0.850000
v -0.853397 1.720000 -0.800000
v -0.853397 3.020000 -0.800000
v -0.890000 1.720000 -0.763397
v -0.890000 3.020000 -0.763397
v -0.940000 1.720000 -0.750000
v -0.940000 3.020000 -0.750000
v -0.990000 1.720000 -0.763397
v -0.990000 3.020000 -0.763397
v -1.026603 1.720000 -0.800000
v -1.026603 3.020000 -0.800000
v -1.040000 1.720000 -0.850000
v -1.040000 3.020000 -0.850000
v -1.026603 1.720000 -0.900000
v -1.026603 3.020000 -0.900000
v -0.990000 1.720000 -0.936603
v -0.990000 3.020000 -0.936603
v -0.940000 3.000000 -1.000000
v -0.940000 3.080000 -1.000000
v -0.865000 3.000000 -0.979904
v -0.865000 3.080000 -0.979904
v -0.810096 3.000000 -0.925000
v -0.810096 3.080000 -0.925000
v -0.790000 3.000000 -0.850000
v -0.790000 3.080000 -0.850000
v -0.810096 3.000000 -0.775000
v -0.810096 3.080000 -0.775000
v -0.865000 3.000000 -0.720096
v -0.865000 3.080000 -0.720096
v -0.940000 3.000000 -0.700000
v -0.940000 3.080000 -0.700000
v -1.015000 3.000000 -0.720096
v -1.015000 3.080000 -0.720096
v -1.069904 3.000000 -0.775000
v -1.069904 3.080000 -0.775000
v -1.090000 3.000000 -0.850000
v -1.090000 3.080000 -0.850000
v -1.069904 3.000000 -0.925000
v -1.069904 3.080000 -0.925000
v -1.015000 3.000000 -0.979904
v -1.015000 3.080000 -0.979904
v -1.123000 2.182500 -0.667000
v -1.123000 2.189500 -0.660000
v -1.130000 2.189500 -0.667000
v -1.123000 2.210500 -0.660000
v -1.123000 2.217500 -0.667000
v -1.130000 2.210500 -0.667000
v -1.123000 2.182500 -1.033000
v -1.130000 2.189500 -1.033000
v -1.123000 2.189500 -1.040000
v -1.123000 2.217500 -1.033000
v -1.123000 2.210500 -1.040000
v -1.130000 2.210500 -1.033000
v -0.757000 2.182500 -0.667000
v -0.750000 2.189500 -0.667000
v -0.757000 2.189500 -0.660000
v -0.757000 2.217500 -0.667000
v -0.757000 2.210500 -0.660000
v -0.750000 2.210500 -0.667000
v -0.757000 2.182500 -1.033000
v -0.757000 2.189500 -1.040000
v -0.750000 2.189500 -1.033000
v -0.757000 2.217500 -1.033000
v -0.750000 2.210500 -1.033000
v -0.757000 2.210500 -1.040000
v 1.523000 0.450000 -0.268000
v 1.523000 0.468000 -0.250000
v 1.505000 0.468000 -0.268000
v 1.523000 1.032000 -0.250000
v 1.523000 1.050000 -0.268000
v 1.505000 1.032000 -0.268000
v 1.523000 0.450000 -0.832000
v 1.505000 0.468000 -0.832000
v 1.523000 0.468000 -0.850000
v 1.523000 1.050000 -0.832000
v 1.523000 1.032000 -0.850000
v 1.505000 1.032000 -0.832000
v 1.577000 0.450000 -0.268000
v 1.595000 0.468000 -0.268000
v 1.577000 0.468000 -0.250000
v 1.577000 1.050000 -0.268000
v 1.577000 1.032000 -0.250000
v 1.595000 1.032000 -0.268000
v 1.577000 0.450000 -0.832000
v 1.577000 0.468000 -0.850000
v 1.595000 0.468000 -0.832000
v 1.577000 1.050000 -0.832000
v 1.595000 1.032000 -0.832000
v 1.577000 1.032000 -0.850000
v 1.514000 0.542000 -0.250000
v 1.514000 0.542000 -0.222000
v 1.541713 0.526000 -0.250000
v 1.541713 0.526000 -0.222000
v 1.541713 0.494000 -0.250000
v 1.541713 0.494000 -0.222000
v 1.514000 0.478000 -0.250000
v 1.514000 0.478000 -0.222000
v 1.486287 0.494000 -0.250000
v 1.486287 0.494000 -0.222000
v 1.486287 0.526000 -0.250000
v 1.486287 0.526000 -0.222000
v 1.514000 1.022000 -0.250000
v 1.514000 1.022000 -0.222000
v 1.541713 1.006000 -0.250000
v 1.541713 1.006000 -0.222000
v 1.541713 0.974000 -0.250000
v 1.541713 0.974000 -0.222000
v 1.514000 0.958000 -0.250000
v 1.514000 0.958000 -0.222000
v 1.486287 0.974000 -0.250000
v 1.486287 0.974000 -0.222000
v 1.486287 1.006000 -0.250000
v 1.486287 1.006000 -0.222000
v 1.586000 0.542000 -0.250000
v 1.586000 0.542000 -0.222000
v 1.613713 0.526000 -0.250000
v 1.613713 0.526000 -0.222000
v 1.613713 0.494000 -0.250000
v 1.613713 0.494000 -0.222000
v 1.586000 0.478000 -0.250000
v 1.586000 0.478000 -0.222000
v 1.558287 0.494000 -0.250000
v 1.558287 0.494000 -0.222000
v 1.558287 0.526000 -0.250000
v 1.558287 0.526000 -0.222000
v 1.586000 1.022000 -0.250000
v 1.586000 1.022000 -0.222000
v 1.613713 1.006000 -0.250000
v 1.613713 1.006000 -0.222000
v 1.613713 0.974000 -0.250000
v 1.613713 0.974000 -0.222000
v 1.586000 0.958000 -0.250000
v 1.586000 0.958000 -0.222000
v 1.558287 0.974000 -0.250000
v 1.558287 0.974000 -0.222000
v 1.558287 1.006000 -0.250000
v 1.558287 1.006000 -0.222000
v -0.584000 0.000000 2.034000
v -0.584000 0.016000 2.050000
v -0.600000 0.016000 2.034000
v -0.584000 0.064000 2.050000
v -0.584000 0.080000 2.034000
v -0.600000 0.064000 2.034000
v -0.584000 0.000000 1.766000
v -0.600000 0.016000 1.766000
v -0.584000 0.016000 1.750000
v -0.584000 0.080000 1.766000
v -0.584000 0.064000 1.750000
v -0.600000 0.064000 1.766000
v 0.584000 0.000000 2.034000
v 0.600000 0.016000 2.034000
v 0.584000 0.016000 2.050000
v 0.584000 0.080000 2.034000
v 0.584000 0.064000 2.050000
v 0.600000 0.064000 2.034000
v 0.584000 0.000000 1.766000
v 0.584000 0.016000 1.750000
v 0.600000 0.016000 1.766000
v 0.584000 0.080000 1.766000
v 0.600000 0.064000 1.766000
v 0.584000 0.064000 1.750000
v -0.584000 0.060000 1.874000
v -0.584000 0.076000 1.890000
v -0.600000 0.076000 1.874000
v -0.584000 0.124000 1.890000
v -0.584000 0.140000 1.874000
v -0.600000 0.124000 1.874000
v -0.584000 0.060000 1.606000
v -0.600000 0.076000 1.606000
v -0.584000 0.076000 1.590000
v -0.584000 0.140000 1.606000
v -0.584000 0.124000 1.590000
v -0.600000 0.124000 1.606000
v 0.584000 0.060000 1.874000
v 0.600000 0.076000 1.874000
v 0.584000 0.076000 1.890000
v 0.584000 0.140000 1.874000
v 0.584000 0.124000 1.890000
v 0.600000 0.124000 1.874000
v 0.584000 0.060000 1.606000
v 0.584000 0.076000 1.590000
v 0.600000 0.076000 1.606000
v 0.584000 0.140000 1.606000
v 0.600000 0.124000 1.606000
v 0.584000 0.124000 1.590000
v -0.584000 0.120000 1.714000
v -0.584000 0.136000 1.730000
v -0.600000 0.136000 1.714000
v -0.584000 0.184000 1.730000
v -0.584000 0.200000 1.714000
v -0.600000 0.184000 1.714000
v -0.584000 0.120000 1.446000
v -0.600000 0.136000 1.446000
v -0.584000 0.136000 1.430000
v -0.584000 0.200000 1.446000
v -0.584000 0.184000 1.430000
v -0.600000 0.184000 1.446000
v 0.584000 0.120000 1.714000
v 0.600000 0.136000 1.714000
v 0.584000 0.136000 1.730000
v 0.584000 0.200000 1.714000
v 0.584000 0.184000 1.730000
v 0.600000 0.184000 1.714000
v 0.584000 0.120000 1.446000
v 0.584000 0.136000 1.430000
v 0.600000 0.136000 1.446000
v 0.584000 0.200000 1.446000
v 0.600000 0.184000 1.446000
v 0.584000 0.184000 1.430000
vn -0.5774 -0.5774 0.5774
vn -0.5773 0.5774 0.5774
vn -0.5774 -0.5774 -0.5774
vn -0.5773 0.5774 -0.5774
vn 0.5774 -0.5774 0.5774
vn 0.5773 0.5774 0.5774
vn 0.5774 -0.5774 -0.5774
vn 0.5773 0.5774 -0.5774
vn -0.7071 -0.7071 -0.0000
vn -0.7071 -0.0000 0.7071
vn -0.7071 0.7071 -0.0000
vn -0.7071 -0.0000 -0.7071
vn -0.0000 -0.7071 -0.7071
vn -0.0000 0.7071 -0.7071
vn 0.7071 -0.0000 -0.7071
vn 0.7071 -0.7071 -0.0000
vn 0.7071 0.7071 -0.0000
vn 0.7071 -0.0000 0.7071
vn -0.0000 -0.7071 0.7071
vn -0.0000 0.7071 0.7071
vn -0.0000 -1.0000 -0.0000
vn -1.0000 -0.0000 -0.0000
vn -0.0000 -0.0000 1.0000
vn -0.0000 1.0000 -0.0000
vn -0.0000 -0.0000 -1.0000
vn 1.0000 -0.0000 -0.0000
vn -0.5773 -0.5773 0.5774
vn -0.5774 0.5774 0.5774
vn -0.5773 -0.5773 -0.5774
vn -0.5774 0.5774 -0.5774
vn 0.5773 -0.5773 0.5774
vn 0.5774 0.5774 0.5774
vn 0.5773 -0.5773 -0.5774
vn 0.5774 0.5774 -0.5774
vn -0.5773 -0.5774 0.5773
vn -0.5774 0.5774 0.5773
vn -0.5773 -0.5774 -0.5774
vn -0.5774 0.5773 -0.5773
vn 0.5773 -0.5774 0.5773
vn 0.5774 0.5774 0.5773
vn 0.5773 -0.5774 -0.5774
vn 0.5774 0.5773 -0.5773
vn -0.5774 -0.5773 -0.5774
vn -0.5773 0.5773 -0.5774
vn 0.5774 -0.5773 -0.5774
vn 0.5773 0.5773 -0.5774
vn -0.5773 -0.5774 0.5774
vn 0.5773 -0.5774 0.5774
vn -0.5774 -0.5773 0.5774
vn -0.5773 0.5773 0.5774
vn 0.5774 -0.5773 0.5774
vn 0.5773 0.5773 0.5774
vn -0.5774 0.5773 0.5773
vn 0.5774 0.5773 0.5773
vn -0.3430 0.9393 -0.0000
vn 0.3430 -0.9393 -0.0000
vn -0.1313 0.3595 -0.9239
vn -0.3169 0.8678 -0.3827
vn -0.3169 0.8678 0.3827
vn -0.1313 0.3595 0.9239
vn 0.1313 -0.3595 0.9239
vn 0.3169 -0.8678 0.3827
vn -0.9393 -0.3430 -0.0000
vn 0.3169 -0.8678 -0.3827
vn 0.1313 -0.3595 -0.9239
vn 0.9393 0.3430 -0.0000
vn 0.3827 0.9239 -0.0000
vn 0.9239 0.3827 -0.0000
vn 0.9239 -0.3827 -0.0000
vn 0.3827 -0.9239 -0.0000
vn -0.3827 -0.9239 -0.0000
vn -0.9239 -0.3827 -0.0000
vn -0.9239 0.3827 -0.0000
vn -0.3827 0.9239 -0.0000
vn 0.3552 0.9348 -0.0000
vn -0.3552 0.9348 -0.0000
vn -0.5774 0.5773 0.5774
vn 0.5774 0.5773 0.5774
vn 0.3430 0.9393 -0.0000
vn -0.3430 -0.9393 -0.0000
vn -0.1313 -0.3595 -0.9239
vn -0.3169 -0.8678 -0.3827
vn -0.3169 -0.8678 0.3827
vn -0.1313 -0.3595 0.9239
vn 0.1313 0.3595 0.9239
vn 0.3169 0.8678 0.3827
vn 0.9393 -0.3430 -0.0000
vn 0.3169 0.8678 -0.3827
vn 0.1313 0.3595 -0.9239
vn -0.9393 0.3430 -0.0000
vn -0.5774 0.5773 -0.5774
vn 0.5774 0.5773 -0.5774
vn 0.9239 -0.0000 -0.3827
vn 0.3827 -0.0000 -0.9239
vn -0.3827 -0.0000 -0.9239
vn -0.9239 -0.0000 -0.3827
vn -0.9239 -0.0000 0.3827
vn -0.3827 -0.0000 0.9239
vn 0.3827 -0.0000 0.9239
vn 0.9239 -0.0000 0.3827
vn 0.3827 -0.8263 0.4132
vn 0.9239 -0.3423 0.1711
vn 0.9239 0.3423 -0.1711
vn 0.3827 0.8263 -0.4132
vn -0.3827 0.8263 -0.4132
vn -0.9239 0.3423 -0.1711
vn -0.0000 -0.4472 -0.8944
vn -0.9239 -0.3423 0.1711
vn -0.3827 -0.8263 0.4132
vn -0.0000 0.4472 0.8944
vn -0.5774 -0.5774 0.5773
vn -0.5773 0.5774 0.5773
vn -0.5774 -0.5774 -0.5773
vn -0.5773 0.5774 -0.5773
vn 0.5773 -0.5774 -0.5773
vn -0.5774 0.5774 -0.5773
vn 0.5774 -0.5774 -0.5773
vn 0.5773 0.5774 -0.5773
vn -0.5773 -0.5774 -0.5773
vn 0.5774 -0.5774 0.5773
vn 0.5773 0.5774 0.5773
vn 0.5774 0.5774 -0.5773
vn 0.2588 -0.0000 -0.9659
vn 0.9659 -0.0000 -0.2588
vn 0.9659 -0.0000 0.2588
vn 0.2588 -0.0000 0.9659
vn -0.2588 -0.0000 0.9659
vn -0.9659 -0.0000 0.2588
vn -0.9659 -0.0000 -0.2588
vn -0.2588 -0.0000 -0.9659
vn 0.5774 -0.5773 0.5773
vn 0.5000 0.8660 -0.0000
vn 0.5000 -0.8660 -0.0000
vn -0.5000 -0.8660 -0.0000
vn -0.5000 0.8660 -0.0000
vn -0.5774 -0.5773 0.5773
vn -0.5774 -0.5773 -0.5773
vn 0.5774 -0.5773 -0.5773
vn 0.1313 -0.3594 0.9239
vn -0.1313 0.3594 -0.9239
vn -0.1313 0.3594 0.9239
vn 0.1313 -0.3594 -0.9239
vn -0.1313 -0.3594 0.9239
vn 0.1313 0.3594 -0.9239
vn 0.1313 0.3594 0.9239
vn -0.1313 -0.3594 -0.9239
vt 0.125000 0.625000
vt 0.625000 0.125000
vt 0.125000 0.125000
vt 0.000000 0.000000
vt 0.375000 0.125000
vt 0.375000 0.875000
vt 0.875000 0.125000
vt 0.125000 0.875000
vt 0.625000 0.875000
vt 0.875000 0.375000
s 0
usemtl WorldPickupPalette
f 1/1/1 2/1/1 3/1/1
f 4/1/2 5/1/2 6/1/2
f 7/1/3 8/1/3 9/1/3
f 10/1/4 11/1/4 12/1/4
f 13/1/5 14/1/5 15/1/5
f 16/1/6 17/1/6 18/1/6
f 19/1/7 20/1/7 21/1/7
f 22/1/8 23/1/8 24/1/8
f 1/1/9 8/1/9 7/1/9
f 4/1/10 3/1/10 2/1/10
f 10/1/11 6/1/11 5/1/11
f 9/1/12 12/1/12 11/1/12
f 7/1/13 20/1/13 19/1/13
f 22/1/14 11/1/14 10/1/14
f 21/1/15 24/1/15 23/1/15
f 19/1/16 14/1/16 13/1/16
f 16/1/17 23/1/17 22/1/17
f 15/1/18 18/1/18 17/1/18
f 13/1/19 2/1/19 1/1/19
f 5/1/20 17/1/20 16/1/20
f 19/1/21 1/1/21 7/1/21
f 6/1/22 8/1/22 3/1/22
f 17/1/23 2/1/23 15/1/23
f 10/1/24 16/1/24 22/1/24
f 11/1/25 20/1/25 9/1/25
f 23/1/26 14/1/26 21/1/26
f 25/2/27 26/2/27 27/2/27
f 28/2/28 29/2/28 30/2/28
f 31/2/29 32/2/29 33/2/29
f 34/2/30 35/2/30 36/2/30
f 37/2/31 38/2/31 39/2/31
f 40/2/32 41/2/32 42/2/32
f 43/2/33 44/2/33 45/2/33
f 46/2/34 47/2/34 48/2/34
f 25/2/9 32/2/9 31/2/9
f 28/2/10 27/2/10 26/2/10
f 34/2/11 30/2/11 29/2/11
f 33/2/12 36/2/12 35/2/12
f 31/2/13 44/2/13 43/2/13
f 46/2/14 35/2/14 34/2/14
f 45/2/15 48/2/15 47/2/15
f 43/2/16 38/2/16 37/2/16
f 40/2/17 47/2/17 46/2/17
f 39/2/18 42/2/18 41/2/18
f 37/2/19 26/2/19 25/2/19
f 29/2/20 41/2/20 40/2/20
f 43/2/21 25/2/21 31/2/21
f 30/2/22 32/2/22 27/2/22
f 41/2/23 26/2/23 39/2/23
f 34/2/24 40/2/24 46/2/24
f 35/2/25 44/2/25 33/2/25
f 47/2/26 38/2/26 45/2/26
f 49/3/35 50/3/35 51/3/35
f 52/3/36 53/3/36 54/3/36
f 55/3/37 56/3/37 57/3/37
f 58/3/38 59/3/38 60/3/38
f 61/3/39 62/3/39 63/3/39
f 64/3/40 65/3/40 66/3/40
f 67/3/41 68/3/41 69/3/41
f 70/3/42 71/3/42 72/3/42
f 49/3/9 56/3/9 55/3/9
f 52/3/10 51/3/10 50/3/10
f 58/3/11 54/3/11 53/3/11
f 57/3/12 60/3/12 59/3/12
f 55/3/13 68/3/13 67/3/13
f 70/3/14 59/3/14 58/3/14
f 69/3/15 72/3/15 71/3/15
f 67/3/16 62/3/16 61/3/16
f 64/3/17 71/3/17 70/3/17
f 63/3/18 66/3/18 65/3/18
f 61/3/19 50/3/19 49/3/19
f 53/3/20 65/3/20 64/3/20
f 67/3/21 49/3/21 55/3/21
f 54/3/22 56/3/22 51/3/22
f 65/3/23 50/3/23 63/3/23
f 58/3/24 64/3/24 70/3/24
f 59/3/25 68/3/25 57/3/25
f 71/3/26 62/3/26 69/3/26
f 73/3/27 74/3/27 75/3/27
f 76/3/2 77/3/2 78/3/2
f 79/3/43 80/3/43 81/3/43
f 82/3/44 83/3/44 84/3/44
f 85/3/31 86/3/31 87/3/31
f 88/3/6 89/3/6 90/3/6
f 91/3/45 92/3/45 93/3/45
f 94/3/46 95/3/46 96/3/46
f 73/3/9 80/3/9 79/3/9
f 76/3/10 75/3/10 74/3/10
f 82/3/11 78/3/11 77/3/11
f 81/3/12 84/3/12 83/3/12
f 79/3/13 92/3/13 91/3/13
f 94/3/14 83/3/14 82/3/14
f 93/3/15 96/3/15 95/3/15
f 91/3/16 86/3/16 85/3/16
f 88/3/17 95/3/17 94/3/17
f 87/3/18 90/3/18 89/3/18
f 85/3/19 74/3/19 73/3/19
f 77/3/20 89/3/20 88/3/20
f 91/3/21 73/3/21 79/3/21
f 78/3/22 80/3/22 75/3/22
f 89/3/23 74/3/23 87/3/23
f 82/3/24 88/3/24 94/3/24
f 83/3/25 92/3/25 81/3/25
f 95/3/26 86/3/26 93/3/26
f 97/3/47 98/3/47 99/3/47
f 100/3/2 101/3/2 102/3/2
f 103/3/29 104/3/29 105/3/29
f 106/3/4 107/3/4 108/3/4
f 109/3/48 110/3/48 111/3/48
f 112/3/6 113/3/6 114/3/6
f 115/3/33 116/3/33 117/3/33
f 118/3/8 119/3/8 120/3/8
f 97/3/9 104/3/9 103/3/9
f 100/3/10 99/3/10 98/3/10
f 106/3/11 102/3/11 101/3/11
f 105/3/12 108/3/12 107/3/12
f 103/3/13 116/3/13 115/3/13
f 118/3/14 107/3/14 106/3/14
f 117/3/15 120/3/15 119/3/15
f 115/3/16 110/3/16 109/3/16
f 112/3/17 119/3/17 118/3/17
f 111/3/18 114/3/18 113/3/18
f 109/3/19 98/3/19 97/3/19
f 101/3/20 113/3/20 112/3/20
f 115/3/21 97/3/21 103/3/21
f 102/3/22 104/3/22 99/3/22
f 113/3/23 98/3/23 111/3/23
f 106/3/24 112/3/24 118/3/24
f 107/3/25 116/3/25 105/3/25
f 119/3/26 110/3/26 117/3/26
f 121/3/47 122/3/47 123/3/47
f 124/3/2 125/3/2 126/3/2
f 127/3/37 128/3/37 129/3/37
f 130/3/4 131/3/4 132/3/4
f 133/3/48 134/3/48 135/3/48
f 136/3/6 137/3/6 138/3/6
f 139/3/41 140/3/41 141/3/41
f 142/3/8 143/3/8 144/3/8
f 121/3/9 128/3/9 127/3/9
f 124/3/10 123/3/10 122/3/10
f 130/3/11 126/3/11 125/3/11
f 129/3/12 132/3/12 131/3/12
f 127/3/13 140/3/13 139/3/13
f 142/3/14 131/3/14 130/3/14
f 141/3/15 144/3/15 143/3/15
f 139/3/16 134/3/16 133/3/16
f 136/3/17 143/3/17 142/3/17
f 135/3/18 138/3/18 137/3/18
f 133/3/19 122/3/19 121/3/19
f 125/3/20 137/3/20 136/3/20
f 139/3/21 121/3/21 127/3/21
f 126/3/22 128/3/22 123/3/22
f 137/3/23 122/3/23 135/3/23
f 130/3/24 136/3/24 142/3/24
f 131/3/25 140/3/25 129/3/25
f 143/3/26 134/3/26 141/3/26
f 145/3/27 146/3/27 147/3/27
f 148/3/2 149/3/2 150/3/2
f 151/3/29 152/3/29 153/3/29
f 154/3/4 155/3/4 156/3/4
f 157/3/31 158/3/31 159/3/31
f 160/3/6 161/3/6 162/3/6
f 163/3/33 164/3/33 165/3/33
f 166/3/8 167/3/8 168/3/8
f 145/3/9 152/3/9 151/3/9
f 148/3/10 147/3/10 146/3/10
f 154/3/11 150/3/11 149/3/11
f 153/3/12 156/3/12 155/3/12
f 151/3/13 164/3/13 163/3/13
f 166/3/14 155/3/14 154/3/14
f 165/3/15 168/3/15 167/3/15
f 163/3/16 158/3/16 157/3/16
f 160/3/17 167/3/17 166/3/17
f 159/3/18 162/3/18 161/3/18
f 157/3/19 146/3/19 145/3/19
f 149/3/20 161/3/20 160/3/20
f 163/3/21 145/3/21 151/3/21
f 150/3/22 152/3/22 147/3/22
f 161/3/23 146/3/23 159/3/23
f 154/3/24 160/3/24 166/3/24
f 155/3/25 164/3/25 153/3/25
f 167/3/26 158/3/26 165/3/26
f 169/3/27 170/3/27 171/3/27
f 172/3/2 173/3/2 174/3/2
f 175/3/37 176/3/37 177/3/37
f 178/3/4 179/3/4 180/3/4
f 181/3/31 182/3/31 183/3/31
f 184/3/6 185/3/6 186/3/6
f 187/3/41 188/3/41 189/3/41
f 190/3/8 191/3/8 192/3/8
f 169/3/9 176/3/9 175/3/9
f 172/3/10 171/3/10 170/3/10
f 178/3/11 174/3/11 173/3/11
f 177/3/12 180/3/12 179/3/12
f 175/3/13 188/3/13 187/3/13
f 190/3/14 179/3/14 178/3/14
f 189/3/15 192/3/15 191/3/15
f 187/3/16 182/3/16 181/3/16
f 184/3/17 191/3/17 190/3/17
f 183/3/18 186/3/18 185/3/18
f 181/3/19 170/3/19 169/3/19
f 173/3/20 185/3/20 184/3/20
f 187/3/21 169/3/21 175/3/21
f 174/3/22 176/3/22 171/3/22
f 185/3/23 170/3/23 183/3/23
f 178/3/24 184/3/24 190/3/24
f 179/3/25 188/3/25 177/3/25
f 191/3/26 182/3/26 189/3/26
f 193/3/49 194/3/49 195/3/49
f 196/3/50 197/3/50 198/3/50
f 199/3/29 200/3/29 201/3/29
f 202/3/4 203/3/4 204/3/4
f 205/3/51 206/3/51 207/3/51
f 208/3/52 209/3/52 210/3/52
f 211/3/33 212/3/33 213/3/33
f 214/3/8 215/3/8 216/3/8
f 193/3/9 200/3/9 199/3/9
f 196/3/10 195/3/10 194/3/10
f 202/3/11 198/3/11 197/3/11
f 201/3/12 204/3/12 203/3/12
f 199/3/13 212/3/13 211/3/13
f 214/3/14 203/3/14 202/3/14
f 213/3/15 216/3/15 215/3/15
f 211/3/16 206/3/16 205/3/16
f 208/3/17 215/3/17 214/3/17
f 207/3/18 210/3/18 209/3/18
f 205/3/19 194/3/19 193/3/19
f 197/3/20 209/3/20 208/3/20
f 211/3/21 193/3/21 199/3/21
f 198/3/22 200/3/22 195/3/22
f 209/3/23 194/3/23 207/3/23
f 202/3/24 208/3/24 214/3/24
f 203/3/25 212/3/25 201/3/25
f 215/3/26 206/3/26 213/3/26
f 217/3/47 218/3/47 219/3/47
f 220/3/53 221/3/53 222/3/53
f 223/3/37 224/3/37 225/3/37
f 226/3/38 227/3/38 228/3/38
f 229/3/48 230/3/48 231/3/48
f 232/3/54 233/3/54 234/3/54
f 235/3/41 236/3/41 237/3/41
f 238/3/42 239/3/42 240/3/42
f 217/3/9 224/3/9 223/3/9
f 220/3/10 219/3/10 218/3/10
f 226/3/11 222/3/11 221/3/11
f 225/3/12 228/3/12 227/3/12
f 223/3/13 236/3/13 235/3/13
f 238/3/14 227/3/14 226/3/14
f 237/3/15 240/3/15 239/3/15
f 235/3/16 230/3/16 229/3/16
f 232/3/17 239/3/17 238/3/17
f 231/3/18 234/3/18 233/3/18
f 229/3/19 218/3/19 217/3/19
f 221/3/20 233/3/20 232/3/20
f 235/3/21 217/3/21 223/3/21
f 222/3/22 224/3/22 219/3/22
f 233/3/23 218/3/23 231/3/23
f 226/3/24 232/3/24 238/3/24
f 227/3/25 236/3/25 225/3/25
f 239/3/26 230/3/26 237/3/26
f 243/4/55 242/4/55 241/4/55
f 246/4/56 247/4/56 245/4/56
f 242/4/26 245/4/26 241/4/26
f 247/4/22 244/4/22 243/4/22
f 245/4/25 243/4/25 241/4/25
f 244/4/23 246/4/23 242/4/23
f 250/5/57 251/5/57 249/5/57
f 252/5/58 253/5/58 251/5/58
f 254/5/59 255/5/59 253/5/59
f 255/5/60 258/5/60 257/5/60
f 258/5/61 259/5/61 257/5/61
f 260/5/62 261/5/62 259/5/62
f 254/5/63 250/5/63 262/5/63
f 262/5/64 263/5/64 261/5/64
f 263/5/65 250/5/65 249/5/65
f 259/5/66 261/5/66 263/5/66
f 266/5/57 267/5/57 265/5/57
f 268/5/58 269/5/58 267/5/58
f 270/5/59 271/5/59 269/5/59
f 271/5/60 274/5/60 273/5/60
f 274/5/61 275/5/61 273/5/61
f 276/5/62 277/5/62 275/5/62
f 266/5/63 278/5/63 274/5/63
f 278/5/64 279/5/64 277/5/64
f 279/5/65 266/5/65 265/5/65
f 275/5/66 277/5/66 279/5/66
f 282/5/57 283/5/57 281/5/57
f 284/5/58 285/5/58 283/5/58
f 286/5/59 287/5/59 285/5/59
f 287/5/60 290/5/60 289/5/60
f 290/5/61 291/5/61 289/5/61
f 292/5/62 293/5/62 291/5/62
f 282/5/63 294/5/63 290/5/63
f 294/5/64 295/5/64 293/5/64
f 295/5/65 282/5/65 281/5/65
f 287/5/66 291/5/66 295/5/66
f 298/5/57 299/5/57 297/5/57
f 300/5/58 301/5/58 299/5/58
f 302/5/59 303/5/59 301/5/59
f 303/5/60 306/5/60 305/5/60
f 306/5/61 307/5/61 305/5/61
f 308/5/62 309/5/62 307/5/62
f 306/5/63 304/5/63 302/5/63
f 310/5/64 311/5/64 309/5/64
f 311/5/65 298/5/65 297/5/65
f 303/5/66 307/5/66 311/5/66
f 314/5/57 315/5/57 313/5/57
f 316/5/58 317/5/58 315/5/58
f 318/5/59 319/5/59 317/5/59
f 319/5/60 322/5/60 321/5/60
f 322/5/61 323/5/61 321/5/61
f 324/5/62 325/5/62 323/5/62
f 322/5/63 320/5/63 318/5/63
f 326/5/64 327/5/64 325/5/64
f 327/5/65 314/5/65 313/5/65
f 319/5/66 323/5/66 327/5/66
f 330/5/57 331/5/57 329/5/57
f 332/5/58 333/5/58 331/5/58
f 334/5/59 335/5/59 333/5/59
f 335/5/60 338/5/60 337/5/60
f 338/5/61 339/5/61 337/5/61
f 340/5/62 341/5/62 339/5/62
f 330/5/63 342/5/63 338/5/63
f 342/5/64 343/5/64 341/5/64
f 343/5/65 330/5/65 329/5/65
f 335/5/66 339/5/66 343/5/66
f 346/5/57 347/5/57 345/5/57
f 348/5/58 349/5/58 347/5/58
f 350/5/59 351/5/59 349/5/59
f 351/5/60 354/5/60 353/5/60
f 354/5/61 355/5/61 353/5/61
f 356/5/62 357/5/62 355/5/62
f 350/5/63 346/5/63 358/5/63
f 358/5/64 359/5/64 357/5/64
f 359/5/65 346/5/65 345/5/65
f 351/5/66 355/5/66 359/5/66
f 362/5/57 363/5/57 361/5/57
f 364/5/58 365/5/58 363/5/58
f 366/5/59 367/5/59 365/5/59
f 367/5/60 370/5/60 369/5/60
f 370/5/61 371/5/61 369/5/61
f 372/5/62 373/5/62 371/5/62
f 366/5/63 362/5/63 374/5/63
f 374/5/64 375/5/64 373/5/64
f 375/5/65 362/5/65 361/5/65
f 371/5/66 373/5/66 375/5/66
f 378/5/57 379/5/57 377/5/57
f 380/5/58 381/5/58 379/5/58
f 382/5/59 383/5/59 381/5/59
f 383/5/60 386/5/60 385/5/60
f 386/5/61 387/5/61 385/5/61
f 388/5/62 389/5/62 387/5/62
f 378/5/63 390/5/63 386/5/63
f 390/5/64 391/5/64 389/5/64
f 391/5/65 378/5/65 377/5/65
f 387/5/66 389/5/66 391/5/66
f 393/6/57 396/6/57 395/6/57
f 396/6/58 397/6/58 395/6/58
f 398/6/59 399/6/59 397/6/59
f 400/6/60 401/6/60 399/6/60
f 401/6/61 404/6/61 403/6/61
f 403/6/62 406/6/62 405/6/62
f 400/6/63 398/6/63 406/6/63
f 406/6/64 407/6/64 405/6/64
f 408/6/65 393/6/65 407/6/65
f 399/6/66 403/6/66 407/6/66
f 409/6/57 412/6/57 411/6/57
f 412/6/58 413/6/58 411/6/58
f 414/6/59 415/6/59 413/6/59
f 416/6/60 417/6/60 415/6/60
f 417/6/61 420/6/61 419/6/61
f 419/6/62 422/6/62 421/6/62
f 416/6/63 414/6/63 422/6/63
f 422/6/64 423/6/64 421/6/64
f 424/6/65 409/6/65 423/6/65
f 415/6/66 419/6/66 423/6/66
f 426/7/67 427/7/67 425/7/67
f 428/7/68 429/7/68 427/7/68
f 430/7/69 431/7/69 429/7/69
f 432/7/70 433/7/70 431/7/70
f 434/7/71 435/7/71 433/7/71
f 436/7/72 437/7/72 435/7/72
f 432/7/23 430/7/23 438/7/23
f 438/7/73 439/7/73 437/7/73
f 440/7/74 425/7/74 439/7/74
f 437/7/25 439/7/25 431/7/25
f 441/4/25 443/4/25 442/4/25
f 446/4/23 444/4/23 445/4/23
f 442/4/21 444/4/21 441/4/21
f 443/4/75 445/4/75 442/4/75
f 441/4/76 446/4/76 443/4/76
f 447/6/49 448/6/49 449/6/49
f 450/6/77 451/6/77 452/6/77
f 453/6/3 454/6/3 455/6/3
f 456/6/30 457/6/30 458/6/30
f 459/6/51 460/6/51 461/6/51
f 462/6/78 463/6/78 464/6/78
f 465/6/7 466/6/7 467/6/7
f 468/6/34 469/6/34 470/6/34
f 447/6/9 454/6/9 453/6/9
f 450/6/10 449/6/10 448/6/10
f 456/6/11 452/6/11 451/6/11
f 455/6/12 458/6/12 457/6/12
f 453/6/13 466/6/13 465/6/13
f 468/6/14 457/6/14 456/6/14
f 467/6/15 470/6/15 469/6/15
f 465/6/16 460/6/16 459/6/16
f 462/6/17 469/6/17 468/6/17
f 461/6/18 464/6/18 463/6/18
f 459/6/19 448/6/19 447/6/19
f 451/6/20 463/6/20 462/6/20
f 465/6/21 447/6/21 453/6/21
f 452/6/22 454/6/22 449/6/22
f 463/6/23 448/6/23 461/6/23
f 456/6/24 462/6/24 468/6/24
f 457/6/25 466/6/25 455/6/25
f 469/6/26 460/6/26 467/6/26
f 471/6/49 472/6/49 473/6/49
f 474/6/77 475/6/77 476/6/77
f 477/6/3 478/6/3 479/6/3
f 480/6/30 481/6/30 482/6/30
f 483/6/51 484/6/51 485/6/51
f 486/6/78 487/6/78 488/6/78
f 489/6/7 490/6/7 491/6/7
f 492/6/34 493/6/34 494/6/34
f 471/6/9 478/6/9 477/6/9
f 474/6/10 473/6/10 472/6/10
f 480/6/11 476/6/11 475/6/11
f 479/6/12 482/6/12 481/6/12
f 477/6/13 490/6/13 489/6/13
f 492/6/14 481/6/14 480/6/14
f 491/6/15 494/6/15 493/6/15
f 489/6/16 484/6/16 483/6/16
f 486/6/17 493/6/17 492/6/17
f 485/6/18 488/6/18 487/6/18
f 483/6/19 472/6/19 471/6/19
f 475/6/20 487/6/20 486/6/20
f 489/6/21 471/6/21 477/6/21
f 476/6/22 478/6/22 473/6/22
f 487/6/23 472/6/23 485/6/23
f 480/6/24 486/6/24 492/6/24
f 481/6/25 490/6/25 479/6/25
f 493/6/26 484/6/26 491/6/26
f 495/3/35 496/3/35 497/3/35
f 498/3/36 499/3/36 500/3/36
f 501/3/37 502/3/37 503/3/37
f 504/3/38 505/3/38 506/3/38
f 507/3/39 508/3/39 509/3/39
f 510/3/40 511/3/40 512/3/40
f 513/3/41 514/3/41 515/3/41
f 516/3/42 517/3/42 518/3/42
f 495/3/9 502/3/9 501/3/9
f 498/3/10 497/3/10 496/3/10
f 504/3/11 500/3/11 499/3/11
f 503/3/12 506/3/12 505/3/12
f 501/3/13 514/3/13 513/3/13
f 516/3/14 505/3/14 504/3/14
f 515/3/15 518/3/15 517/3/15
f 513/3/16 508/3/16 507/3/16
f 510/3/17 517/3/17 516/3/17
f 509/3/18 512/3/18 511/3/18
f 507/3/19 496/3/19 495/3/19
f 499/3/20 511/3/20 510/3/20
f 513/3/21 495/3/21 501/3/21
f 500/3/22 502/3/22 497/3/22
f 511/3/23 496/3/23 509/3/23
f 504/3/24 510/3/24 516/3/24
f 505/3/25 514/3/25 503/3/25
f 517/3/26 508/3/26 515/3/26
f 519/3/27 520/3/27 521/3/27
f 522/3/2 523/3/2 524/3/2
f 525/3/43 526/3/43 527/3/43
f 528/3/44 529/3/44 530/3/44
f 531/3/31 532/3/31 533/3/31
f 534/3/6 535/3/6 536/3/6
f 537/3/45 538/3/45 539/3/45
f 540/3/46 541/3/46 542/3/46
f 519/3/9 526/3/9 525/3/9
f 522/3/10 521/3/10 520/3/10
f 528/3/11 524/3/11 523/3/11
f 527/3/12 530/3/12 529/3/12
f 525/3/13 538/3/13 537/3/13
f 540/3/14 529/3/14 528/3/14
f 539/3/15 542/3/15 541/3/15
f 537/3/16 532/3/16 531/3/16
f 534/3/17 541/3/17 540/3/17
f 533/3/18 536/3/18 535/3/18
f 531/3/19 520/3/19 519/3/19
f 523/3/20 535/3/20 534/3/20
f 537/3/21 519/3/21 525/3/21
f 524/3/22 526/3/22 521/3/22
f 535/3/23 520/3/23 533/3/23
f 528/3/24 534/3/24 540/3/24
f 529/3/25 538/3/25 527/3/25
f 541/3/26 532/3/26 539/3/26
f 543/3/47 544/3/47 545/3/47
f 546/3/2 547/3/2 548/3/2
f 549/3/29 550/3/29 551/3/29
f 552/3/4 553/3/4 554/3/4
f 555/3/48 556/3/48 557/3/48
f 558/3/6 559/3/6 560/3/6
f 561/3/33 562/3/33 563/3/33
f 564/3/8 565/3/8 566/3/8
f 543/3/9 550/3/9 549/3/9
f 546/3/10 545/3/10 544/3/10
f 552/3/11 548/3/11 547/3/11
f 551/3/12 554/3/12 553/3/12
f 549/3/13 562/3/13 561/3/13
f 564/3/14 553/3/14 552/3/14
f 563/3/15 566/3/15 565/3/15
f 561/3/16 556/3/16 555/3/16
f 558/3/17 565/3/17 564/3/17
f 557/3/18 560/3/18 559/3/18
f 555/3/19 544/3/19 543/3/19
f 547/3/20 559/3/20 558/3/20
f 561/3/21 543/3/21 549/3/21
f 548/3/22 550/3/22 545/3/22
f 559/3/23 544/3/23 557/3/23
f 552/3/24 558/3/24 564/3/24
f 553/3/25 562/3/25 551/3/25
f 565/3/26 556/3/26 563/3/26
f 567/3/47 568/3/47 569/3/47
f 570/3/2 571/3/2 572/3/2
f 573/3/37 574/3/37 575/3/37
f 576/3/4 577/3/4 578/3/4
f 579/3/48 580/3/48 581/3/48
f 582/3/6 583/3/6 584/3/6
f 585/3/41 586/3/41 587/3/41
f 588/3/8 589/3/8 590/3/8
f 567/3/9 574/3/9 573/3/9
f 570/3/10 569/3/10 568/3/10
f 576/3/11 572/3/11 571/3/11
f 575/3/12 578/3/12 577/3/12
f 573/3/13 586/3/13 585/3/13
f 588/3/14 577/3/14 576/3/14
f 587/3/15 590/3/15 589/3/15
f 585/3/16 580/3/16 579/3/16
f 582/3/17 589/3/17 588/3/17
f 581/3/18 584/3/18 583/3/18
f 579/3/19 568/3/19 567/3/19
f 571/3/20 583/3/20 582/3/20
f 585/3/21 567/3/21 573/3/21
f 572/3/22 574/3/22 569/3/22
f 583/3/23 568/3/23 581/3/23
f 576/3/24 582/3/24 588/3/24
f 577/3/25 586/3/25 575/3/25
f 589/3/26 580/3/26 587/3/26
f 591/3/27 592/3/27 593/3/27
f 594/3/2 595/3/2 596/3/2
f 597/3/29 598/3/29 599/3/29
f 600/3/4 601/3/4 602/3/4
f 603/3/31 604/3/31 605/3/31
f 606/3/6 607/3/6 608/3/6
f 609/3/33 610/3/33 611/3/33
f 612/3/8 613/3/8 614/3/8
f 591/3/9 598/3/9 597/3/9
f 594/3/10 593/3/10 592/3/10
f 600/3/11 596/3/11 595/3/11
f 599/3/12 602/3/12 601/3/12
f 597/3/13 610/3/13 609/3/13
f 612/3/14 601/3/14 600/3/14
f 611/3/15 614/3/15 613/3/15
f 609/3/16 604/3/16 603/3/16
f 606/3/17 613/3/17 612/3/17
f 605/3/18 608/3/18 607/3/18
f 603/3/19 592/3/19 591/3/19
f 595/3/20 607/3/20 606/3/20
f 609/3/21 591/3/21 597/3/21
f 596/3/22 598/3/22 593/3/22
f 607/3/23 592/3/23 605/3/23
f 600/3/24 606/3/24 612/3/24
f 601/3/25 610/3/25 599/3/25
f 613/3/26 604/3/26 611/3/26
f 615/3/27 616/3/27 617/3/27
f 618/3/2 619/3/2 620/3/2
f 621/3/37 622/3/37 623/3/37
f 624/3/4 625/3/4 626/3/4
f 627/3/31 628/3/31 629/3/31
f 630/3/6 631/3/6 632/3/6
f 633/3/41 634/3/41 635/3/41
f 636/3/8 637/3/8 638/3/8
f 615/3/9 622/3/9 621/3/9
f 618/3/10 617/3/10 616/3/10
f 624/3/11 620/3/11 619/3/11
f 623/3/12 626/3/12 625/3/12
f 621/3/13 634/3/13 633/3/13
f 636/3/14 625/3/14 624/3/14
f 635/3/15 638/3/15 637/3/15
f 633/3/16 628/3/16 627/3/16
f 630/3/17 637/3/17 636/3/17
f 629/3/18 632/3/18 631/3/18
f 627/3/19 616/3/19 615/3/19
f 619/3/20 631/3/20 630/3/20
f 633/3/21 615/3/21 621/3/21
f 620/3/22 622/3/22 617/3/22
f 631/3/23 616/3/23 629/3/23
f 624/3/24 630/3/24 636/3/24
f 625/3/25 634/3/25 623/3/25
f 637/3/26 628/3/26 635/3/26
f 639/3/49 640/3/49 641/3/49
f 642/3/50 643/3/50 644/3/50
f 645/3/29 646/3/29 647/3/29
f 648/3/4 649/3/4 650/3/4
f 651/3/51 652/3/51 653/3/51
f 654/3/52 655/3/52 656/3/52
f 657/3/33 658/3/33 659/3/33
f 660/3/8 661/3/8 662/3/8
f 639/3/9 646/3/9 645/3/9
f 642/3/10 641/3/10 640/3/10
f 648/3/11 644/3/11 643/3/11
f 647/3/12 650/3/12 649/3/12
f 645/3/13 658/3/13 657/3/13
f 660/3/14 649/3/14 648/3/14
f 659/3/15 662/3/15 661/3/15
f 657/3/16 652/3/16 651/3/16
f 654/3/17 661/3/17 660/3/17
f 653/3/18 656/3/18 655/3/18
f 651/3/19 640/3/19 639/3/19
f 643/3/20 655/3/20 654/3/20
f 657/3/21 639/3/21 645/3/21
f 644/3/22 646/3/22 641/3/22
f 655/3/23 640/3/23 653/3/23
f 648/3/24 654/3/24 660/3/24
f 649/3/25 658/3/25 647/3/25
f 661/3/26 652/3/26 659/3/26
f 663/3/47 664/3/47 665/3/47
f 666/3/53 667/3/53 668/3/53
f 669/3/37 670/3/37 671/3/37
f 672/3/38 673/3/38 674/3/38
f 675/3/48 676/3/48 677/3/48
f 678/3/54 679/3/54 680/3/54
f 681/3/41 682/3/41 683/3/41
f 684/3/42 685/3/42 686/3/42
f 663/3/9 670/3/9 669/3/9
f 666/3/10 665/3/10 664/3/10
f 672/3/11 668/3/11 667/3/11
f 671/3/12 674/3/12 673/3/12
f 669/3/13 682/3/13 681/3/13
f 684/3/14 673/3/14 672/3/14
f 683/3/15 686/3/15 685/3/15
f 681/3/16 676/3/16 675/3/16
f 678/3/17 685/3/17 684/3/17
f 677/3/18 680/3/18 679/3/18
f 675/3/19 664/3/19 663/3/19
f 667/3/20 679/3/20 678/3/20
f 681/3/21 663/3/21 669/3/21
f 668/3/22 670/3/22 665/3/22
f 679/3/23 664/3/23 677/3/23
f 672/3/24 678/3/24 684/3/24
f 673/3/25 682/3/25 671/3/25
f 685/3/26 676/3/26 683/3/26
f 688/4/79 689/4/79 687/4/79
f 693/4/80 692/4/80 691/4/80
f 691/4/22 688/4/22 687/4/22
f 690/4/26 693/4/26 689/4/26
f 689/4/25 691/4/25 687/4/25
f 692/4/23 690/4/23 688/4/23
f 696/5/81 697/5/81 695/5/81
f 698/5/82 699/5/82 697/5/82
f 700/5/83 701/5/83 699/5/83
f 701/5/84 704/5/84 703/5/84
f 704/5/85 705/5/85 703/5/85
f 706/5/86 707/5/86 705/5/86
f 702/5/87 700/5/87 708/5/87
f 708/5/88 709/5/88 707/5/88
f 709/5/89 696/5/89 695/5/89
f 705/5/90 707/5/90 709/5/90
f 712/5/81 713/5/81 711/5/81
f 714/5/82 715/5/82 713/5/82
f 716/5/83 717/5/83 715/5/83
f 717/5/84 720/5/84 719/5/84
f 720/5/85 721/5/85 719/5/85
f 722/5/86 723/5/86 721/5/86
f 718/5/87 716/5/87 724/5/87
f 724/5/88 725/5/88 723/5/88
f 725/5/89 712/5/89 711/5/89
f 721/5/90 723/5/90 725/5/90
f 728/5/81 729/5/81 727/5/81
f 730/5/82 731/5/82 729/5/82
f 732/5/83 733/5/83 731/5/83
f 733/5/84 736/5/84 735/5/84
f 736/5/85 737/5/85 735/5/85
f 738/5/86 739/5/86 737/5/86
f 740/5/87 736/5/87 732/5/87
f 740/5/88 741/5/88 739/5/88
f 741/5/89 728/5/89 727/5/89
f 733/5/90 737/5/90 741/5/90
f 744/5/81 745/5/81 743/5/81
f 746/5/82 747/5/82 745/5/82
f 748/5/83 749/5/83 747/5/83
f 749/5/84 752/5/84 751/5/84
f 752/5/85 753/5/85 751/5/85
f 754/5/86 755/5/86 753/5/86
f 750/5/87 748/5/87 756/5/87
f 756/5/88 757/5/88 755/5/88
f 757/5/89 744/5/89 743/5/89
f 749/5/90 753/5/90 757/5/90
f 760/5/81 761/5/81 759/5/81
f 762/5/82 763/5/82 761/5/82
f 764/5/83 765/5/83 763/5/83
f 765/5/84 768/5/84 767/5/84
f 768/5/85 769/5/85 767/5/85
f 770/5/86 771/5/86 769/5/86
f 766/5/87 764/5/87 772/5/87
f 772/5/88 773/5/88 771/5/88
f 773/5/89 760/5/89 759/5/89
f 765/5/90 769/5/90 773/5/90
f 776/5/81 777/5/81 775/5/81
f 778/5/82 779/5/82 777/5/82
f 780/5/83 781/5/83 779/5/83
f 781/5/84 784/5/84 783/5/84
f 784/5/85 785/5/85 783/5/85
f 786/5/86 787/5/86 785/5/86
f 788/5/87 784/5/87 780/5/87
f 788/5/88 789/5/88 787/5/88
f 789/5/89 776/5/89 775/5/89
f 781/5/90 785/5/90 789/5/90
f 792/5/81 793/5/81 791/5/81
f 794/5/82 795/5/82 793/5/82
f 796/5/83 797/5/83 795/5/83
f 797/5/84 800/5/84 799/5/84
f 800/5/85 801/5/85 799/5/85
f 802/5/86 803/5/86 801/5/86
f 798/5/87 796/5/87 804/5/87
f 804/5/88 805/5/88 803/5/88
f 805/5/89 792/5/89 791/5/89
f 797/5/90 801/5/90 805/5/90
f 808/5/81 809/5/81 807/5/81
f 810/5/82 811/5/82 809/5/82
f 812/5/83 813/5/83 811/5/83
f 813/5/84 816/5/84 815/5/84
f 816/5/85 817/5/85 815/5/85
f 818/5/86 819/5/86 817/5/86
f 808/5/87 820/5/87 816/5/87
f 820/5/88 821/5/88 819/5/88
f 821/5/89 808/5/89 807/5/89
f 817/5/90 819/5/90 821/5/90
f 824/5/81 825/5/81 823/5/81
f 826/5/82 827/5/82 825/5/82
f 828/5/83 829/5/83 827/5/83
f 829/5/84 832/5/84 831/5/84
f 832/5/85 833/5/85 831/5/85
f 834/5/86 835/5/86 833/5/86
f 836/5/87 832/5/87 828/5/87
f 836/5/88 837/5/88 835/5/88
f 837/5/89 824/5/89 823/5/89
f 833/5/90 835/5/90 837/5/90
f 839/6/81 842/6/81 841/6/81
f 841/6/82 844/6/82 843/6/82
f 844/6/83 845/6/83 843/6/83
f 846/6/84 847/6/84 845/6/84
f 847/6/85 850/6/85 849/6/85
f 850/6/86 851/6/86 849/6/86
f 848/6/87 846/6/87 844/6/87
f 852/6/88 853/6/88 851/6/88
f 854/6/89 839/6/89 853/6/89
f 845/6/90 849/6/90 853/6/90
f 855/6/81 858/6/81 857/6/81
f 857/6/82 860/6/82 859/6/82
f 860/6/83 861/6/83 859/6/83
f 862/6/84 863/6/84 861/6/84
f 863/6/85 866/6/85 865/6/85
f 866/6/86 867/6/86 865/6/86
f 862/6/87 860/6/87 868/6/87
f 868/6/88 869/6/88 867/6/88
f 870/6/89 855/6/89 869/6/89
f 861/6/90 865/6/90 869/6/90
f 872/7/67 873/7/67 871/7/67
f 874/7/68 875/7/68 873/7/68
f 876/7/69 877/7/69 875/7/69
f 878/7/70 879/7/70 877/7/70
f 880/7/71 881/7/71 879/7/71
f 882/7/72 883/7/72 881/7/72
f 878/7/23 876/7/23 884/7/23
f 884/7/73 885/7/73 883/7/73
f 886/7/74 871/7/74 885/7/74
f 883/7/25 885/7/25 877/7/25
f 887/4/23 888/4/23 889/4/23
f 892/4/25 891/4/25 890/4/25
f 890/4/21 888/4/21 887/4/21
f 891/4/75 889/4/75 888/4/75
f 892/4/76 887/4/76 889/4/76
f 893/6/1 894/6/1 895/6/1
f 896/6/28 897/6/28 898/6/28
f 899/6/43 900/6/43 901/6/43
f 902/6/91 903/6/91 904/6/91
f 905/6/5 906/6/5 907/6/5
f 908/6/32 909/6/32 910/6/32
f 911/6/45 912/6/45 913/6/45
f 914/6/92 915/6/92 916/6/92
f 893/6/9 900/6/9 899/6/9
f 896/6/10 895/6/10 894/6/10
f 902/6/11 898/6/11 897/6/11
f 901/6/12 904/6/12 903/6/12
f 899/6/13 912/6/13 911/6/13
f 914/6/14 903/6/14 902/6/14
f 913/6/15 916/6/15 915/6/15
f 911/6/16 906/6/16 905/6/16
f 908/6/17 915/6/17 914/6/17
f 907/6/18 910/6/18 909/6/18
f 905/6/19 894/6/19 893/6/19
f 897/6/20 909/6/20 908/6/20
f 911/6/21 893/6/21 899/6/21
f 898/6/22 900/6/22 895/6/22
f 909/6/23 894/6/23 907/6/23
f 902/6/24 908/6/24 914/6/24
f 903/6/25 912/6/25 901/6/25
f 915/6/26 906/6/26 913/6/26
f 917/6/1 918/6/1 919/6/1
f 920/6/28 921/6/28 922/6/28
f 923/6/43 924/6/43 925/6/43
f 926/6/91 927/6/91 928/6/91
f 929/6/5 930/6/5 931/6/5
f 932/6/32 933/6/32 934/6/32
f 935/6/45 936/6/45 937/6/45
f 938/6/92 939/6/92 940/6/92
f 917/6/9 924/6/9 923/6/9
f 920/6/10 919/6/10 918/6/10
f 926/6/11 922/6/11 921/6/11
f 925/6/12 928/6/12 927/6/12
f 923/6/13 936/6/13 935/6/13
f 938/6/14 927/6/14 926/6/14
f 937/6/15 940/6/15 939/6/15
f 935/6/16 930/6/16 929/6/16
f 932/6/17 939/6/17 938/6/17
f 931/6/18 934/6/18 933/6/18
f 929/6/19 918/6/19 917/6/19
f 921/6/20 933/6/20 932/6/20
f 935/6/21 917/6/21 923/6/21
f 922/6/22 924/6/22 919/6/22
f 933/6/23 918/6/23 931/6/23
f 926/6/24 932/6/24 938/6/24
f 927/6/25 936/6/25 925/6/25
f 939/6/26 930/6/26 937/6/26
f 942/5/67 943/5/67 941/5/67
f 944/5/68 945/5/68 943/5/68
f 946/5/69 947/5/69 945/5/69
f 948/5/70 949/5/70 947/5/70
f 950/5/71 951/5/71 949/5/71
f 952/5/72 953/5/72 951/5/72
f 946/5/23 942/5/23 954/5/23
f 954/5/73 955/5/73 953/5/73
f 956/5/74 941/5/74 955/5/74
f 951/5/25 953/5/25 955/5/25
f 958/7/93 959/7/93 957/7/93
f 960/7/94 961/7/94 959/7/94
f 962/7/95 963/7/95 961/7/95
f 964/7/96 965/7/96 963/7/96
f 966/7/97 967/7/97 965/7/97
f 968/7/98 969/7/98 967/7/98
f 966/7/21 964/7/21 962/7/21
f 970/7/99 971/7/99 969/7/99
f 972/7/100 957/7/100 971/7/100
f 963/7/24 967/7/24 971/7/24
f 973/7/101 976/7/101 975/7/101
f 976/7/102 977/7/102 975/7/102
f 978/7/103 979/7/103 977/7/103
f 980/7/104 981/7/104 979/7/104
f 982/7/105 983/7/105 981/7/105
f 983/7/106 986/7/106 985/7/106
f 986/7/107 982/7/107 978/7/107
f 986/7/108 987/7/108 985/7/108
f 988/7/109 973/7/109 987/7/109
f 983/7/110 985/7/110 987/7/110
f 990/7/93 991/7/93 989/7/93
f 992/7/94 993/7/94 991/7/94
f 994/7/95 995/7/95 993/7/95
f 996/7/96 997/7/96 995/7/96
f 998/7/97 999/7/97 997/7/97
f 1000/7/98 1001/7/98 999/7/98
f 998/7/21 996/7/21 994/7/21
f 1002/7/99 1003/7/99 1001/7/99
f 1004/7/100 989/7/100 1003/7/100
f 995/7/24 999/7/24 1003/7/24
f 1005/7/101 1008/7/101 1007/7/101
f 1008/7/102 1009/7/102 1007/7/102
f 1010/7/103 1011/7/103 1009/7/103
f 1012/7/104 1013/7/104 1011/7/104
f 1014/7/105 1015/7/105 1013/7/105
f 1015/7/106 1018/7/106 1017/7/106
f 1018/7/107 1014/7/107 1010/7/107
f 1018/7/108 1019/7/108 1017/7/108
f 1020/7/109 1005/7/109 1019/7/109
f 1017/7/110 1019/7/110 1011/7/110
f 1021/8/27 1022/8/27 1023/8/27
f 1024/8/50 1025/8/50 1026/8/50
f 1027/8/37 1028/8/37 1029/8/37
f 1030/8/4 1031/8/4 1032/8/4
f 1033/8/31 1034/8/31 1035/8/31
f 1036/8/52 1037/8/52 1038/8/52
f 1039/8/41 1040/8/41 1041/8/41
f 1042/8/8 1043/8/8 1044/8/8
f 1021/8/9 1028/8/9 1027/8/9
f 1024/8/10 1023/8/10 1022/8/10
f 1030/8/11 1026/8/11 1025/8/11
f 1029/8/12 1032/8/12 1031/8/12
f 1027/8/13 1040/8/13 1039/8/13
f 1042/8/14 1031/8/14 1030/8/14
f 1041/8/15 1044/8/15 1043/8/15
f 1039/8/16 1034/8/16 1033/8/16
f 1036/8/17 1043/8/17 1042/8/17
f 1035/8/18 1038/8/18 1037/8/18
f 1033/8/19 1022/8/19 1021/8/19
f 1025/8/20 1037/8/20 1036/8/20
f 1039/8/21 1021/8/21 1027/8/21
f 1026/8/22 1028/8/22 1023/8/22
f 1037/8/23 1022/8/23 1035/8/23
f 1030/8/24 1036/8/24 1042/8/24
f 1031/8/25 1040/8/25 1029/8/25
f 1043/8/26 1034/8/26 1041/8/26
f 1045/6/47 1046/6/47 1047/6/47
f 1048/6/2 1049/6/2 1050/6/2
f 1051/6/37 1052/6/37 1053/6/37
f 1054/6/4 1055/6/4 1056/6/4
f 1057/6/48 1058/6/48 1059/6/48
f 1060/6/6 1061/6/6 1062/6/6
f 1063/6/41 1064/6/41 1065/6/41
f 1066/6/8 1067/6/8 1068/6/8
f 1045/6/9 1052/6/9 1051/6/9
f 1048/6/10 1047/6/10 1046/6/10
f 1054/6/11 1050/6/11 1049/6/11
f 1053/6/12 1056/6/12 1055/6/12
f 1051/6/13 1064/6/13 1063/6/13
f 1066/6/14 1055/6/14 1054/6/14
f 1065/6/15 1068/6/15 1067/6/15
f 1063/6/16 1058/6/16 1057/6/16
f 1060/6/17 1067/6/17 1066/6/17
f 1059/6/18 1062/6/18 1061/6/18
f 1057/6/19 1046/6/19 1045/6/19
f 1049/6/20 1061/6/20 1060/6/20
f 1063/6/21 1045/6/21 1051/6/21
f 1050/6/22 1052/6/22 1047/6/22
f 1061/6/23 1046/6/23 1059/6/23
f 1054/6/24 1060/6/24 1066/6/24
f 1055/6/25 1064/6/25 1053/6/25
f 1067/6/26 1058/6/26 1065/6/26
f 1069/6/47 1070/6/47 1071/6/47
f 1072/6/2 1073/6/2 1074/6/2
f 1075/6/37 1076/6/37 1077/6/37
f 1078/6/4 1079/6/4 1080/6/4
f 1081/6/48 1082/6/48 1083/6/48
f 1084/6/6 1085/6/6 1086/6/6
f 1087/6/41 1088/6/41 1089/6/41
f 1090/6/8 1091/6/8 1092/6/8
f 1069/6/9 1076/6/9 1075/6/9
f 1072/6/10 1071/6/10 1070/6/10
f 1078/6/11 1074/6/11 1073/6/11
f 1077/6/12 1080/6/12 1079/6/12
f 1075/6/13 1088/6/13 1087/6/13
f 1090/6/14 1079/6/14 1078/6/14
f 1089/6/15 1092/6/15 1091/6/15
f 1087/6/16 1082/6/16 1081/6/16
f 1084/6/17 1091/6/17 1090/6/17
f 1083/6/18 1086/6/18 1085/6/18
f 1081/6/19 1070/6/19 1069/6/19
f 1073/6/20 1085/6/20 1084/6/20
f 1087/6/21 1069/6/21 1075/6/21
f 1074/6/22 1076/6/22 1071/6/22
f 1085/6/23 1070/6/23 1083/6/23
f 1078/6/24 1084/6/24 1090/6/24
f 1079/6/25 1088/6/25 1077/6/25
f 1091/6/26 1082/6/26 1089/6/26
f 1093/6/27 1094/6/27 1095/6/27
f 1096/6/2 1097/6/2 1098/6/2
f 1099/6/29 1100/6/29 1101/6/29
f 1102/6/91 1103/6/91 1104/6/91
f 1105/6/48 1106/6/48 1107/6/48
f 1108/6/52 1109/6/52 1110/6/52
f 1111/6/45 1112/6/45 1113/6/45
f 1114/6/92 1115/6/92 1116/6/92
f 1099/6/9 1095/6/9 1100/6/9
f 1094/6/10 1098/6/10 1095/6/10
f 1097/6/11 1104/6/11 1098/6/11
f 1103/6/12 1100/6/12 1104/6/12
f 1099/6/13 1112/6/13 1111/6/13
f 1114/6/14 1103/6/14 1102/6/14
f 1115/6/15 1112/6/15 1116/6/15
f 1105/6/16 1113/6/16 1106/6/16
f 1114/6/17 1110/6/17 1115/6/17
f 1109/6/18 1106/6/18 1110/6/18
f 1105/6/19 1094/6/19 1093/6/19
f 1097/6/20 1109/6/20 1108/6/20
f 1099/6/21 1105/6/21 1093/6/21
f 1095/6/22 1104/6/22 1100/6/22
f 1109/6/23 1094/6/23 1107/6/23
f 1114/6/24 1097/6/24 1108/6/24
f 1103/6/25 1112/6/25 1101/6/25
f 1113/6/26 1110/6/26 1106/6/26
f 1117/1/35 1118/1/35 1119/1/35
f 1120/1/2 1121/1/2 1122/1/2
f 1123/1/43 1124/1/43 1125/1/43
f 1126/1/44 1127/1/44 1128/1/44
f 1129/1/39 1130/1/39 1131/1/39
f 1132/1/6 1133/1/6 1134/1/6
f 1135/1/45 1136/1/45 1137/1/45
f 1138/1/46 1139/1/46 1140/1/46
f 1117/1/9 1124/1/9 1123/1/9
f 1120/1/10 1119/1/10 1118/1/10
f 1126/1/11 1122/1/11 1121/1/11
f 1125/1/12 1128/1/12 1127/1/12
f 1123/1/13 1136/1/13 1135/1/13
f 1138/1/14 1127/1/14 1126/1/14
f 1137/1/15 1140/1/15 1139/1/15
f 1135/1/16 1130/1/16 1129/1/16
f 1132/1/17 1139/1/17 1138/1/17
f 1131/1/18 1134/1/18 1133/1/18
f 1129/1/19 1118/1/19 1117/1/19
f 1121/1/20 1133/1/20 1132/1/20
f 1135/1/21 1117/1/21 1123/1/21
f 1122/1/22 1124/1/22 1119/1/22
f 1133/1/23 1118/1/23 1131/1/23
f 1126/1/24 1132/1/24 1138/1/24
f 1127/1/25 1136/1/25 1125/1/25
f 1139/1/26 1130/1/26 1137/1/26
f 1141/9/111 1142/9/111 1143/9/111
f 1144/9/112 1145/9/112 1146/9/112
f 1147/9/113 1148/9/113 1149/9/113
f 1150/9/114 1151/9/114 1152/9/114
f 1153/9/39 1154/9/39 1155/9/39
f 1156/9/6 1157/9/6 1158/9/6
f 1159/9/115 1160/9/115 1161/9/115
f 1162/9/8 1163/9/8 1164/9/8
f 1141/9/9 1148/9/9 1147/9/9
f 1144/9/10 1143/9/10 1142/9/10
f 1150/9/11 1146/9/11 1145/9/11
f 1149/9/12 1152/9/12 1151/9/12
f 1147/9/13 1160/9/13 1159/9/13
f 1162/9/14 1151/9/14 1150/9/14
f 1161/9/15 1164/9/15 1163/9/15
f 1159/9/16 1154/9/16 1153/9/16
f 1156/9/17 1163/9/17 1162/9/17
f 1155/9/18 1158/9/18 1157/9/18
f 1153/9/19 1142/9/19 1141/9/19
f 1145/9/20 1157/9/20 1156/9/20
f 1159/9/21 1141/9/21 1147/9/21
f 1146/9/22 1148/9/22 1143/9/22
f 1157/9/23 1142/9/23 1155/9/23
f 1150/9/24 1156/9/24 1162/9/24
f 1151/9/25 1160/9/25 1149/9/25
f 1163/9/26 1154/9/26 1161/9/26
f 1165/10/49 1166/10/49 1167/10/49
f 1168/10/53 1169/10/53 1170/10/53
f 1171/10/43 1172/10/43 1173/10/43
f 1174/10/38 1175/10/38 1176/10/38
f 1177/10/51 1178/10/51 1179/10/51
f 1180/10/78 1181/10/78 1182/10/78
f 1183/10/45 1184/10/45 1185/10/45
f 1186/10/92 1187/10/92 1188/10/92
f 1165/10/9 1172/10/9 1171/10/9
f 1168/10/10 1167/10/10 1166/10/10
f 1174/10/11 1170/10/11 1169/10/11
f 1173/10/12 1176/10/12 1175/10/12
f 1171/10/13 1184/10/13 1183/10/13
f 1186/10/14 1175/10/14 1174/10/14
f 1185/10/15 1188/10/15 1187/10/15
f 1183/10/16 1178/10/16 1177/10/16
f 1180/10/17 1187/10/17 1186/10/17
f 1179/10/18 1182/10/18 1181/10/18
f 1177/10/19 1166/10/19 1165/10/19
f 1169/10/20 1181/10/20 1180/10/20
f 1183/10/21 1165/10/21 1171/10/21
f 1170/10/22 1172/10/22 1167/10/22
f 1181/10/23 1166/10/23 1179/10/23
f 1174/10/24 1180/10/24 1186/10/24
f 1175/10/25 1184/10/25 1173/10/25
f 1187/10/26 1178/10/26 1185/10/26
f 1189/1/49 1190/1/49 1191/1/49
f 1192/1/77 1193/1/77 1194/1/77
f 1195/1/43 1196/1/43 1197/1/43
f 1198/1/91 1199/1/91 1200/1/91
f 1201/1/51 1202/1/51 1203/1/51
f 1204/1/78 1205/1/78 1206/1/78
f 1207/1/45 1208/1/45 1209/1/45
f 1210/1/92 1211/1/92 1212/1/92
f 1189/1/9 1196/1/9 1195/1/9
f 1192/1/10 1191/1/10 1190/1/10
f 1198/1/11 1194/1/11 1193/1/11
f 1197/1/12 1200/1/12 1199/1/12
f 1195/1/13 1208/1/13 1207/1/13
f 1210/1/14 1199/1/14 1198/1/14
f 1209/1/15 1212/1/15 1211/1/15
f 1207/1/16 1202/1/16 1201/1/16
f 1204/1/17 1211/1/17 1210/1/17
f 1203/1/18 1206/1/18 1205/1/18
f 1201/1/19 1190/1/19 1189/1/19
f 1193/1/20 1205/1/20 1204/1/20
f 1207/1/21 1189/1/21 1195/1/21
f 1194/1/22 1196/1/22 1191/1/22
f 1205/1/23 1190/1/23 1203/1/23
f 1198/1/24 1204/1/24 1210/1/24
f 1199/1/25 1208/1/25 1197/1/25
f 1211/1/26 1202/1/26 1209/1/26
f 1213/6/111 1214/6/111 1215/6/111
f 1216/6/36 1217/6/36 1218/6/36
f 1219/6/113 1220/6/113 1221/6/113
f 1222/6/116 1223/6/116 1224/6/116
f 1225/6/39 1226/6/39 1227/6/39
f 1228/6/40 1229/6/40 1230/6/40
f 1231/6/117 1232/6/117 1233/6/117
f 1234/6/118 1235/6/118 1236/6/118
f 1213/6/9 1220/6/9 1219/6/9
f 1216/6/10 1215/6/10 1214/6/10
f 1222/6/11 1218/6/11 1217/6/11
f 1221/6/12 1224/6/12 1223/6/12
f 1219/6/13 1232/6/13 1231/6/13
f 1234/6/14 1223/6/14 1222/6/14
f 1233/6/15 1236/6/15 1235/6/15
f 1231/6/16 1226/6/16 1225/6/16
f 1228/6/17 1235/6/17 1234/6/17
f 1227/6/18 1230/6/18 1229/6/18
f 1225/6/19 1214/6/19 1213/6/19
f 1217/6/20 1229/6/20 1228/6/20
f 1231/6/21 1213/6/21 1219/6/21
f 1215/6/22 1224/6/22 1220/6/22
f 1229/6/23 1214/6/23 1227/6/23
f 1222/6/24 1228/6/24 1234/6/24
f 1223/6/25 1232/6/25 1221/6/25
f 1233/6/26 1230/6/26 1226/6/26
f 1237/9/35 1238/9/35 1239/9/35
f 1240/9/2 1241/9/2 1242/9/2
f 1243/9/119 1244/9/119 1245/9/119
f 1246/9/4 1247/9/4 1248/9/4
f 1249/9/120 1250/9/120 1251/9/120
f 1252/9/121 1253/9/121 1254/9/121
f 1255/9/117 1256/9/117 1257/9/117
f 1258/9/118 1259/9/118 1260/9/118
f 1237/9/9 1244/9/9 1243/9/9
f 1240/9/10 1239/9/10 1238/9/10
f 1246/9/11 1242/9/11 1241/9/11
f 1245/9/12 1248/9/12 1247/9/12
f 1243/9/13 1256/9/13 1255/9/13
f 1258/9/14 1247/9/14 1246/9/14
f 1257/9/15 1260/9/15 1259/9/15
f 1255/9/16 1250/9/16 1249/9/16
f 1252/9/17 1259/9/17 1258/9/17
f 1251/9/18 1254/9/18 1253/9/18
f 1249/9/19 1238/9/19 1237/9/19
f 1241/9/20 1253/9/20 1252/9/20
f 1255/9/21 1237/9/21 1243/9/21
f 1242/9/22 1244/9/22 1239/9/22
f 1253/9/23 1238/9/23 1251/9/23
f 1246/9/24 1252/9/24 1258/9/24
f 1247/9/25 1256/9/25 1245/9/25
f 1259/9/26 1250/9/26 1257/9/26
f 1261/10/49 1262/10/49 1263/10/49
f 1264/10/77 1265/10/77 1266/10/77
f 1267/10/43 1268/10/43 1269/10/43
f 1270/10/91 1271/10/91 1272/10/91
f 1273/10/51 1274/10/51 1275/10/51
f 1276/10/54 1277/10/54 1278/10/54
f 1279/10/45 1280/10/45 1281/10/45
f 1282/10/42 1283/10/42 1284/10/42
f 1261/10/9 1268/10/9 1267/10/9
f 1264/10/10 1263/10/10 1262/10/10
f 1270/10/11 1266/10/11 1265/10/11
f 1269/10/12 1272/10/12 1271/10/12
f 1267/10/13 1280/10/13 1279/10/13
f 1282/10/14 1271/10/14 1270/10/14
f 1281/10/15 1284/10/15 1283/10/15
f 1279/10/16 1274/10/16 1273/10/16
f 1276/10/17 1283/10/17 1282/10/17
f 1275/10/18 1278/10/18 1277/10/18
f 1273/10/19 1262/10/19 1261/10/19
f 1265/10/20 1277/10/20 1276/10/20
f 1279/10/21 1261/10/21 1267/10/21
f 1266/10/22 1268/10/22 1263/10/22
f 1277/10/23 1262/10/23 1275/10/23
f 1270/10/24 1276/10/24 1282/10/24
f 1271/10/25 1280/10/25 1269/10/25
f 1283/10/26 1274/10/26 1281/10/26
f 1285/1/49 1286/1/49 1287/1/49
f 1288/1/77 1289/1/77 1290/1/77
f 1291/1/43 1292/1/43 1293/1/43
f 1294/1/91 1295/1/91 1296/1/91
f 1297/1/51 1298/1/51 1299/1/51
f 1300/1/78 1301/1/78 1302/1/78
f 1303/1/45 1304/1/45 1305/1/45
f 1306/1/92 1307/1/92 1308/1/92
f 1285/1/9 1292/1/9 1291/1/9
f 1288/1/10 1287/1/10 1286/1/10
f 1294/1/11 1290/1/11 1289/1/11
f 1293/1/12 1296/1/12 1295/1/12
f 1291/1/13 1304/1/13 1303/1/13
f 1306/1/14 1295/1/14 1294/1/14
f 1305/1/15 1308/1/15 1307/1/15
f 1303/1/16 1298/1/16 1297/1/16
f 1300/1/17 1307/1/17 1306/1/17
f 1299/1/18 1302/1/18 1301/1/18
f 1297/1/19 1286/1/19 1285/1/19
f 1289/1/20 1301/1/20 1300/1/20
f 1303/1/21 1285/1/21 1291/1/21
f 1290/1/22 1292/1/22 1287/1/22
f 1301/1/23 1286/1/23 1299/1/23
f 1294/1/24 1300/1/24 1306/1/24
f 1295/1/25 1304/1/25 1293/1/25
f 1307/1/26 1298/1/26 1305/1/26
f 1309/6/111 1310/6/111 1311/6/111
f 1312/6/112 1313/6/112 1314/6/112
f 1315/6/119 1316/6/119 1317/6/119
f 1318/6/116 1319/6/116 1320/6/116
f 1321/6/120 1322/6/120 1323/6/120
f 1324/6/40 1325/6/40 1326/6/40
f 1327/6/117 1328/6/117 1329/6/117
f 1330/6/122 1331/6/122 1332/6/122
f 1309/6/9 1316/6/9 1315/6/9
f 1312/6/10 1311/6/10 1310/6/10
f 1318/6/11 1314/6/11 1313/6/11
f 1317/6/12 1320/6/12 1319/6/12
f 1315/6/13 1328/6/13 1327/6/13
f 1330/6/14 1319/6/14 1318/6/14
f 1329/6/15 1332/6/15 1331/6/15
f 1327/6/16 1322/6/16 1321/6/16
f 1324/6/17 1331/6/17 1330/6/17
f 1323/6/18 1326/6/18 1325/6/18
f 1321/6/19 1310/6/19 1309/6/19
f 1313/6/20 1325/6/20 1324/6/20
f 1327/6/21 1309/6/21 1315/6/21
f 1311/6/22 1320/6/22 1316/6/22
f 1325/6/23 1310/6/23 1323/6/23
f 1318/6/24 1324/6/24 1330/6/24
f 1319/6/25 1328/6/25 1317/6/25
f 1329/6/26 1326/6/26 1322/6/26
f 1334/7/123 1335/7/123 1333/7/123
f 1336/7/15 1337/7/15 1335/7/15
f 1338/7/124 1339/7/124 1337/7/124
f 1340/7/125 1341/7/125 1339/7/125
f 1342/7/18 1343/7/18 1341/7/18
f 1344/7/126 1345/7/126 1343/7/126
f 1346/7/127 1347/7/127 1345/7/127
f 1348/7/10 1349/7/10 1347/7/10
f 1350/7/128 1351/7/128 1349/7/128
f 1352/7/129 1353/7/129 1351/7/129
f 1342/7/24 1338/7/24 1354/7/24
f 1354/7/12 1355/7/12 1353/7/12
f 1356/7/130 1333/7/130 1355/7/130
f 1351/7/21 1355/7/21 1339/7/21
f 1358/1/123 1359/1/123 1357/1/123
f 1360/1/15 1361/1/15 1359/1/15
f 1362/1/124 1363/1/124 1361/1/124
f 1364/1/125 1365/1/125 1363/1/125
f 1366/1/18 1367/1/18 1365/1/18
f 1368/1/126 1369/1/126 1367/1/126
f 1370/1/127 1371/1/127 1369/1/127
f 1372/1/10 1373/1/10 1371/1/10
f 1374/1/128 1375/1/128 1373/1/128
f 1376/1/129 1377/1/129 1375/1/129
f 1378/1/24 1370/1/24 1362/1/24
f 1378/1/12 1379/1/12 1377/1/12
f 1380/1/130 1357/1/130 1379/1/130
f 1371/1/21 1375/1/21 1379/1/21
f 1381/2/111 1382/2/111 1383/2/111
f 1384/2/36 1385/2/36 1386/2/36
f 1387/2/119 1388/2/119 1389/2/119
f 1390/2/114 1391/2/114 1392/2/114
f 1393/2/131 1394/2/131 1395/2/131
f 1396/2/54 1397/2/54 1398/2/54
f 1399/2/41 1400/2/41 1401/2/41
f 1402/2/8 1403/2/8 1404/2/8
f 1381/2/9 1388/2/9 1387/2/9
f 1384/2/10 1383/2/10 1382/2/10
f 1390/2/11 1386/2/11 1385/2/11
f 1389/2/12 1392/2/12 1391/2/12
f 1387/2/13 1400/2/13 1399/2/13
f 1402/2/14 1391/2/14 1390/2/14
f 1401/2/15 1404/2/15 1403/2/15
f 1399/2/16 1394/2/16 1393/2/16
f 1396/2/17 1403/2/17 1402/2/17
f 1395/2/18 1398/2/18 1397/2/18
f 1393/2/19 1382/2/19 1381/2/19
f 1385/2/20 1397/2/20 1396/2/20
f 1399/2/21 1381/2/21 1387/2/21
f 1386/2/22 1388/2/22 1383/2/22
f 1397/2/23 1382/2/23 1395/2/23
f 1390/2/24 1396/2/24 1402/2/24
f 1391/2/25 1400/2/25 1389/2/25
f 1403/2/26 1394/2/26 1401/2/26
f 1405/2/49 1406/2/49 1407/2/49
f 1408/2/50 1409/2/50 1410/2/50
f 1411/2/43 1412/2/43 1413/2/43
f 1414/2/44 1415/2/44 1416/2/44
f 1417/2/51 1418/2/51 1419/2/51
f 1420/2/52 1421/2/52 1422/2/52
f 1423/2/45 1424/2/45 1425/2/45
f 1426/2/46 1427/2/46 1428/2/46
f 1405/2/9 1412/2/9 1411/2/9
f 1408/2/10 1407/2/10 1406/2/10
f 1414/2/11 1410/2/11 1409/2/11
f 1413/2/12 1416/2/12 1415/2/12
f 1411/2/13 1424/2/13 1423/2/13
f 1426/2/14 1415/2/14 1414/2/14
f 1425/2/15 1428/2/15 1427/2/15
f 1423/2/16 1418/2/16 1417/2/16
f 1420/2/17 1427/2/17 1426/2/17
f 1419/2/18 1422/2/18 1421/2/18
f 1417/2/19 1406/2/19 1405/2/19
f 1409/2/20 1421/2/20 1420/2/20
f 1423/2/21 1405/2/21 1411/2/21
f 1410/2/22 1412/2/22 1407/2/22
f 1421/2/23 1406/2/23 1419/2/23
f 1414/2/24 1420/2/24 1426/2/24
f 1415/2/25 1424/2/25 1413/2/25
f 1427/2/26 1418/2/26 1425/2/26
f 1430/1/132 1431/1/132 1429/1/132
f 1432/1/26 1433/1/26 1431/1/26
f 1434/1/133 1435/1/133 1433/1/133
f 1436/1/134 1437/1/134 1435/1/134
f 1430/1/23 1438/1/23 1434/1/23
f 1438/1/22 1439/1/22 1437/1/22
f 1440/1/135 1429/1/135 1439/1/135
f 1435/1/25 1437/1/25 1439/1/25
f 1442/1/132 1443/1/132 1441/1/132
f 1444/1/26 1445/1/26 1443/1/26
f 1446/1/133 1447/1/133 1445/1/133
f 1448/1/134 1449/1/134 1447/1/134
f 1442/1/23 1450/1/23 1446/1/23
f 1450/1/22 1451/1/22 1449/1/22
f 1452/1/135 1441/1/135 1451/1/135
f 1447/1/25 1449/1/25 1451/1/25
f 1454/1/132 1455/1/132 1453/1/132
f 1456/1/26 1457/1/26 1455/1/26
f 1458/1/133 1459/1/133 1457/1/133
f 1460/1/134 1461/1/134 1459/1/134
f 1454/1/23 1462/1/23 1458/1/23
f 1462/1/22 1463/1/22 1461/1/22
f 1464/1/135 1453/1/135 1463/1/135
f 1459/1/25 1461/1/25 1463/1/25
f 1466/1/132 1467/1/132 1465/1/132
f 1468/1/26 1469/1/26 1467/1/26
f 1470/1/133 1471/1/133 1469/1/133
f 1472/1/134 1473/1/134 1471/1/134
f 1466/1/23 1474/1/23 1470/1/23
f 1474/1/22 1475/1/22 1473/1/22
f 1476/1/135 1465/1/135 1475/1/135
f 1467/1/25 1471/1/25 1475/1/25
f 1477/1/111 1478/1/111 1479/1/111
f 1480/1/36 1481/1/36 1482/1/36
f 1483/1/113 1484/1/113 1485/1/113
f 1486/1/116 1487/1/116 1488/1/116
f 1489/1/120 1490/1/120 1491/1/120
f 1492/1/40 1493/1/40 1494/1/40
f 1495/1/117 1496/1/117 1497/1/117
f 1498/1/122 1499/1/122 1500/1/122
f 1477/1/9 1484/1/9 1483/1/9
f 1480/1/10 1479/1/10 1478/1/10
f 1486/1/11 1482/1/11 1481/1/11
f 1485/1/12 1488/1/12 1487/1/12
f 1483/1/13 1496/1/13 1495/1/13
f 1498/1/14 1487/1/14 1486/1/14
f 1497/1/15 1500/1/15 1499/1/15
f 1495/1/16 1490/1/16 1489/1/16
f 1492/1/17 1499/1/17 1498/1/17
f 1491/1/18 1494/1/18 1493/1/18
f 1489/1/19 1478/1/19 1477/1/19
f 1481/1/20 1493/1/20 1492/1/20
f 1495/1/21 1477/1/21 1483/1/21
f 1482/1/22 1484/1/22 1479/1/22
f 1493/1/23 1478/1/23 1491/1/23
f 1486/1/24 1492/1/24 1498/1/24
f 1487/1/25 1496/1/25 1485/1/25
f 1499/1/26 1490/1/26 1497/1/26
f 1501/1/49 1502/1/49 1503/1/49
f 1504/1/77 1505/1/77 1506/1/77
f 1507/1/43 1508/1/43 1509/1/43
f 1510/1/91 1511/1/91 1512/1/91
f 1513/1/51 1514/1/51 1515/1/51
f 1516/1/78 1517/1/78 1518/1/78
f 1519/1/45 1520/1/45 1521/1/45
f 1522/1/92 1523/1/92 1524/1/92
f 1501/1/9 1508/1/9 1507/1/9
f 1504/1/10 1503/1/10 1502/1/10
f 1510/1/11 1506/1/11 1505/1/11
f 1509/1/12 1512/1/12 1511/1/12
f 1507/1/13 1520/1/13 1519/1/13
f 1522/1/14 1511/1/14 1510/1/14
f 1521/1/15 1524/1/15 1523/1/15
f 1519/1/16 1514/1/16 1513/1/16
f 1516/1/17 1523/1/17 1522/1/17
f 1515/1/18 1518/1/18 1517/1/18
f 1513/1/19 1502/1/19 1501/1/19
f 1505/1/20 1517/1/20 1516/1/20
f 1519/1/21 1501/1/21 1507/1/21
f 1506/1/22 1508/1/22 1503/1/22
f 1517/1/23 1502/1/23 1515/1/23
f 1510/1/24 1516/1/24 1522/1/24
f 1511/1/25 1520/1/25 1509/1/25
f 1523/1/26 1514/1/26 1521/1/26
f 1525/1/136 1526/1/136 1527/1/136
f 1528/1/53 1529/1/53 1530/1/53
f 1531/1/137 1532/1/137 1533/1/137
f 1534/1/38 1535/1/38 1536/1/38
f 1537/1/131 1538/1/131 1539/1/131
f 1540/1/54 1541/1/54 1542/1/54
f 1543/1/138 1544/1/138 1545/1/138
f 1546/1/42 1547/1/42 1548/1/42
f 1525/1/9 1532/1/9 1531/1/9
f 1528/1/10 1527/1/10 1526/1/10
f 1534/1/11 1530/1/11 1529/1/11
f 1533/1/12 1536/1/12 1535/1/12
f 1531/1/13 1544/1/13 1543/1/13
f 1546/1/14 1535/1/14 1534/1/14
f 1545/1/15 1548/1/15 1547/1/15
f 1543/1/16 1538/1/16 1537/1/16
f 1540/1/17 1547/1/17 1546/1/17
f 1539/1/18 1542/1/18 1541/1/18
f 1537/1/19 1526/1/19 1525/1/19
f 1529/1/20 1541/1/20 1540/1/20
f 1543/1/21 1525/1/21 1531/1/21
f 1530/1/22 1532/1/22 1527/1/22
f 1541/1/23 1526/1/23 1539/1/23
f 1534/1/24 1540/1/24 1546/1/24
f 1535/1/25 1544/1/25 1533/1/25
f 1547/1/26 1538/1/26 1545/1/26
f 1/1/9 3/1/9 8/1/9
f 4/1/10 6/1/10 3/1/10
f 10/1/11 12/1/11 6/1/11
f 9/1/12 8/1/12 12/1/12
f 7/1/13 9/1/13 20/1/13
f 22/1/14 24/1/14 11/1/14
f 21/1/15 20/1/15 24/1/15
f 19/1/16 21/1/16 14/1/16
f 16/1/17 18/1/17 23/1/17
f 15/1/18 14/1/18 18/1/18
f 13/1/19 15/1/19 2/1/19
f 5/1/20 4/1/20 17/1/20
f 19/1/21 13/1/21 1/1/21
f 6/1/22 12/1/22 8/1/22
f 17/1/23 4/1/23 2/1/23
f 10/1/24 5/1/24 16/1/24
f 11/1/25 24/1/25 20/1/25
f 23/1/26 18/1/26 14/1/26
f 25/2/9 27/2/9 32/2/9
f 28/2/10 30/2/10 27/2/10
f 34/2/11 36/2/11 30/2/11
f 33/2/12 32/2/12 36/2/12
f 31/2/13 33/2/13 44/2/13
f 46/2/14 48/2/14 35/2/14
f 45/2/15 44/2/15 48/2/15
f 43/2/16 45/2/16 38/2/16
f 40/2/17 42/2/17 47/2/17
f 39/2/18 38/2/18 42/2/18
f 37/2/19 39/2/19 26/2/19
f 29/2/20 28/2/20 41/2/20
f 43/2/21 37/2/21 25/2/21
f 30/2/22 36/2/22 32/2/22
f 41/2/23 28/2/23 26/2/23
f 34/2/24 29/2/24 40/2/24
f 35/2/25 48/2/25 44/2/25
f 47/2/26 42/2/26 38/2/26
f 49/3/9 51/3/9 56/3/9
f 52/3/10 54/3/10 51/3/10
f 58/3/11 60/3/11 54/3/11
f 57/3/12 56/3/12 60/3/12
f 55/3/13 57/3/13 68/3/13
f 70/3/14 72/3/14 59/3/14
f 69/3/15 68/3/15 72/3/15
f 67/3/16 69/3/16 62/3/16
f 64/3/17 66/3/17 71/3/17
f 63/3/18 62/3/18 66/3/18
f 61/3/19 63/3/19 50/3/19
f 53/3/20 52/3/20 65/3/20
f 67/3/21 61/3/21 49/3/21
f 54/3/22 60/3/22 56/3/22
f 65/3/23 52/3/23 50/3/23
f 58/3/24 53/3/24 64/3/24
f 59/3/25 72/3/25 68/3/25
f 71/3/26 66/3/26 62/3/26
f 73/3/9 75/3/9 80/3/9
f 76/3/10 78/3/10 75/3/10
f 82/3/11 84/3/11 78/3/11
f 81/3/12 80/3/12 84/3/12
f 79/3/13 81/3/13 92/3/13
f 94/3/14 96/3/14 83/3/14
f 93/3/15 92/3/15 96/3/15
f 91/3/16 93/3/16 86/3/16
f 88/3/17 90/3/17 95/3/17
f 87/3/18 86/3/18 90/3/18
f 85/3/19 87/3/19 74/3/19
f 77/3/20 76/3/20 89/3/20
f 91/3/21 85/3/21 73/3/21
f 78/3/22 84/3/22 80/3/22
f 89/3/23 76/3/23 74/3/23
f 82/3/24 77/3/24 88/3/24
f 83/3/25 96/3/25 92/3/25
f 95/3/26 90/3/26 86/3/26
f 97/3/9 99/3/9 104/3/9
f 100/3/10 102/3/10 99/3/10
f 106/3/11 108/3/11 102/3/11
f 105/3/12 104/3/12 108/3/12
f 103/3/13 105/3/13 116/3/13
f 118/3/14 120/3/14 107/3/14
f 117/3/15 116/3/15 120/3/15
f 115/3/16 117/3/16 110/3/16
f 112/3/17 114/3/17 119/3/17
f 111/3/18 110/3/18 114/3/18
f 109/3/19 111/3/19 98/3/19
f 101/3/20 100/3/20 113/3/20
f 115/3/21 109/3/21 97/3/21
f 102/3/22 108/3/22 104/3/22
f 113/3/23 100/3/23 98/3/23
f 106/3/24 101/3/24 112/3/24
f 107/3/25 120/3/25 116/3/25
f 119/3/26 114/3/26 110/3/26
f 121/3/9 123/3/9 128/3/9
f 124/3/10 126/3/10 123/3/10
f 130/3/11 132/3/11 126/3/11
f 129/3/12 128/3/12 132/3/12
f 127/3/13 129/3/13 140/3/13
f 142/3/14 144/3/14 131/3/14
f 141/3/15 140/3/15 144/3/15
f 139/3/16 141/3/16 134/3/16
f 136/3/17 138/3/17 143/3/17
f 135/3/18 134/3/18 138/3/18
f 133/3/19 135/3/19 122/3/19
f 125/3/20 124/3/20 137/3/20
f 139/3/21 133/3/21 121/3/21
f 126/3/22 132/3/22 128/3/22
f 137/3/23 124/3/23 122/3/23
f 130/3/24 125/3/24 136/3/24
f 131/3/25 144/3/25 140/3/25
f 143/3/26 138/3/26 134/3/26
f 145/3/9 147/3/9 152/3/9
f 148/3/10 150/3/10 147/3/10
f 154/3/11 156/3/11 150/3/11
f 153/3/12 152/3/12 156/3/12
f 151/3/13 153/3/13 164/3/13
f 166/3/14 168/3/14 155/3/14
f 165/3/15 164/3/15 168/3/15
f 163/3/16 165/3/16 158/3/16
f 160/3/17 162/3/17 167/3/17
f 159/3/18 158/3/18 162/3/18
f 157/3/19 159/3/19 146/3/19
f 149/3/20 148/3/20 161/3/20
f 163/3/21 157/3/21 145/3/21
f 150/3/22 156/3/22 152/3/22
f 161/3/23 148/3/23 146/3/23
f 154/3/24 149/3/24 160/3/24
f 155/3/25 168/3/25 164/3/25
f 167/3/26 162/3/26 158/3/26
f 169/3/9 171/3/9 176/3/9
f 172/3/10 174/3/10 171/3/10
f 178/3/11 180/3/11 174/3/11
f 177/3/12 176/3/12 180/3/12
f 175/3/13 177/3/13 188/3/13
f 190/3/14 192/3/14 179/3/14
f 189/3/15 188/3/15 192/3/15
f 187/3/16 189/3/16 182/3/16
f 184/3/17 186/3/17 191/3/17
f 183/3/18 182/3/18 186/3/18
f 181/3/19 183/3/19 170/3/19
f 173/3/20 172/3/20 185/3/20
f 187/3/21 181/3/21 169/3/21
f 174/3/22 180/3/22 176/3/22
f 185/3/23 172/3/23 170/3/23
f 178/3/24 173/3/24 184/3/24
f 179/3/25 192/3/25 188/3/25
f 191/3/26 186/3/26 182/3/26
f 193/3/9 195/3/9 200/3/9
f 196/3/10 198/3/10 195/3/10
f 202/3/11 204/3/11 198/3/11
f 201/3/12 200/3/12 204/3/12
f 199/3/13 201/3/13 212/3/13
f 214/3/14 216/3/14 203/3/14
f 213/3/15 212/3/15 216/3/15
f 211/3/16 213/3/16 206/3/16
f 208/3/17 210/3/17 215/3/17
f 207/3/18 206/3/18 210/3/18
f 205/3/19 207/3/19 194/3/19
f 197/3/20 196/3/20 209/3/20
f 211/3/21 205/3/21 193/3/21
f 198/3/22 204/3/22 200/3/22
f 209/3/23 196/3/23 194/3/23
f 202/3/24 197/3/24 208/3/24
f 203/3/25 216/3/25 212/3/25
f 215/3/26 210/3/26 206/3/26
f 217/3/9 219/3/9 224/3/9
f 220/3/10 222/3/10 219/3/10
f 226/3/11 228/3/11 222/3/11
f 225/3/12 224/3/12 228/3/12
f 223/3/13 225/3/13 236/3/13
f 238/3/14 240/3/14 227/3/14
f 237/3/15 236/3/15 240/3/15
f 235/3/16 237/3/16 230/3/16
f 232/3/17 234/3/17 239/3/17
f 231/3/18 230/3/18 234/3/18
f 229/3/19 231/3/19 218/3/19
f 221/3/20 220/3/20 233/3/20
f 235/3/21 229/3/21 217/3/21
f 222/3/22 228/3/22 224/3/22
f 233/3/23 220/3/23 218/3/23
f 226/3/24 221/3/24 232/3/24
f 227/3/25 240/3/25 236/3/25
f 239/3/26 234/3/26 230/3/26
f 243/4/55 244/4/55 242/4/55
f 246/4/56 248/4/56 247/4/56
f 242/4/26 246/4/26 245/4/26
f 247/4/22 248/4/22 244/4/22
f 245/4/25 247/4/25 243/4/25
f 244/4/23 248/4/23 246/4/23
f 250/5/57 252/5/57 251/5/57
f 252/5/58 254/5/58 253/5/58
f 254/5/59 256/5/59 255/5/59
f 255/5/60 256/5/60 258/5/60
f 258/5/139 260/5/139 259/5/139
f 260/5/62 262/5/62 261/5/62
f 254/5/63 252/5/63 250/5/63
f 250/5/63 264/5/63 262/5/63
f 262/5/63 260/5/63 258/5/63
f 258/5/63 256/5/63 262/5/63
f 256/5/63 254/5/63 262/5/63
f 262/5/64 264/5/64 263/5/64
f 263/5/65 264/5/65 250/5/65
f 263/5/66 249/5/66 255/5/66
f 249/5/66 251/5/66 255/5/66
f 251/5/66 253/5/66 255/5/66
f 255/5/66 257/5/66 263/5/66
f 257/5/66 259/5/66 263/5/66
f 266/5/140 268/5/140 267/5/140
f 268/5/58 270/5/58 269/5/58
f 270/5/59 272/5/59 271/5/59
f 271/5/60 272/5/60 274/5/60
f 274/5/61 276/5/61 275/5/61
f 276/5/62 278/5/62 277/5/62
f 270/5/63 268/5/63 266/5/63
f 266/5/63 280/5/63 278/5/63
f 278/5/63 276/5/63 274/5/63
f 274/5/63 272/5/63 270/5/63
f 270/5/63 266/5/63 274/5/63
f 278/5/64 280/5/64 279/5/64
f 279/5/65 280/5/65 266/5/65
f 279/5/66 265/5/66 271/5/66
f 265/5/66 267/5/66 271/5/66
f 267/5/66 269/5/66 271/5/66
f 271/5/66 273/5/66 279/5/66
f 273/5/66 275/5/66 279/5/66
f 282/5/57 284/5/57 283/5/57
f 284/5/58 286/5/58 285/5/58
f 286/5/59 288/5/59 287/5/59
f 287/5/60 288/5/60 290/5/60
f 290/5/61 292/5/61 291/5/61
f 292/5/62 294/5/62 293/5/62
f 286/5/63 284/5/63 282/5/63
f 282/5/63 296/5/63 294/5/63
f 294/5/63 292/5/63 290/5/63
f 290/5/63 288/5/63 286/5/63
f 286/5/63 282/5/63 290/5/63
f 294/5/64 296/5/64 295/5/64
f 295/5/65 296/5/65 282/5/65
f 295/5/66 281/5/66 283/5/66
f 283/5/66 285/5/66 287/5/66
f 287/5/66 289/5/66 291/5/66
f 291/5/66 293/5/66 295/5/66
f 295/5/66 283/5/66 287/5/66
f 298/5/57 300/5/57 299/5/57
f 300/5/58 302/5/58 301/5/58
f 302/5/59 304/5/59 303/5/59
f 303/5/60 304/5/60 306/5/60
f 306/5/61 308/5/61 307/5/61
f 308/5/62 310/5/62 309/5/62
f 302/5/63 300/5/63 298/5/63
f 298/5/63 312/5/63 302/5/63
f 312/5/63 310/5/63 302/5/63
f 310/5/63 308/5/63 302/5/63
f 308/5/63 306/5/63 302/5/63
f 310/5/64 312/5/64 311/5/64
f 311/5/65 312/5/65 298/5/65
f 311/5/66 297/5/66 299/5/66
f 299/5/66 301/5/66 303/5/66
f 303/5/66 305/5/66 307/5/66
f 307/5/66 309/5/66 311/5/66
f 311/5/66 299/5/66 303/5/66
f 314/5/57 316/5/57 315/5/57
f 316/5/58 318/5/58 317/5/58
f 318/5/59 320/5/59 319/5/59
f 319/5/60 320/5/60 322/5/60
f 322/5/61 324/5/61 323/5/61
f 324/5/62 326/5/62 325/5/62
f 318/5/63 316/5/63 314/5/63
f 314/5/63 328/5/63 318/5/63
f 328/5/63 326/5/63 318/5/63
f 326/5/63 324/5/63 318/5/63
f 324/5/63 322/5/63 318/5/63
f 326/5/64 328/5/64 327/5/64
f 327/5/65 328/5/65 314/5/65
f 327/5/66 313/5/66 315/5/66
f 315/5/66 317/5/66 319/5/66
f 319/5/66 321/5/66 323/5/66
f 323/5/66 325/5/66 327/5/66
f 327/5/66 315/5/66 319/5/66
f 330/5/57 332/5/57 331/5/57
f 332/5/58 334/5/58 333/5/58
f 334/5/59 336/5/59 335/5/59
f 335/5/60 336/5/60 338/5/60
f 338/5/61 340/5/61 339/5/61
f 340/5/62 342/5/62 341/5/62
f 334/5/63 332/5/63 330/5/63
f 330/5/63 344/5/63 342/5/63
f 342/5/63 340/5/63 338/5/63
f 338/5/63 336/5/63 334/5/63
f 334/5/63 330/5/63 338/5/63
f 342/5/64 344/5/64 343/5/64
f 343/5/65 344/5/65 330/5/65
f 343/5/66 329/5/66 331/5/66
f 331/5/66 333/5/66 335/5/66
f 335/5/66 337/5/66 339/5/66
f 339/5/66 341/5/66 343/5/66
f 343/5/66 331/5/66 335/5/66
f 346/5/57 348/5/57 347/5/57
f 348/5/58 350/5/58 349/5/58
f 350/5/59 352/5/59 351/5/59
f 351/5/60 352/5/60 354/5/60
f 354/5/61 356/5/61 355/5/61
f 356/5/62 358/5/62 357/5/62
f 350/5/63 348/5/63 346/5/63
f 346/5/63 360/5/63 358/5/63
f 358/5/63 356/5/63 350/5/63
f 356/5/63 354/5/63 350/5/63
f 354/5/63 352/5/63 350/5/63
f 358/5/64 360/5/64 359/5/64
f 359/5/65 360/5/65 346/5/65
f 359/5/66 345/5/66 347/5/66
f 347/5/66 349/5/66 351/5/66
f 351/5/66 353/5/66 355/5/66
f 355/5/66 357/5/66 359/5/66
f 359/5/66 347/5/66 351/5/66
f 362/5/57 364/5/57 363/5/57
f 364/5/58 366/5/58 365/5/58
f 366/5/59 368/5/59 367/5/59
f 367/5/141 368/5/141 370/5/141
f 370/5/61 372/5/61 371/5/61
f 372/5/62 374/5/62 373/5/62
f 366/5/63 364/5/63 362/5/63
f 362/5/63 376/5/63 374/5/63
f 374/5/63 372/5/63 366/5/63
f 372/5/63 370/5/63 366/5/63
f 370/5/63 368/5/63 366/5/63
f 374/5/64 376/5/64 375/5/64
f 375/5/65 376/5/65 362/5/65
f 375/5/66 361/5/66 367/5/66
f 361/5/66 363/5/66 367/5/66
f 363/5/66 365/5/66 367/5/66
f 367/5/66 369/5/66 375/5/66
f 369/5/66 371/5/66 375/5/66
f 378/5/57 380/5/57 379/5/57
f 380/5/58 382/5/58 381/5/58
f 382/5/59 384/5/59 383/5/59
f 383/5/60 384/5/60 386/5/60
f 386/5/61 388/5/61 387/5/61
f 388/5/62 390/5/62 389/5/62
f 382/5/63 380/5/63 378/5/63
f 378/5/63 392/5/63 390/5/63
f 390/5/63 388/5/63 386/5/63
f 386/5/63 384/5/63 382/5/63
f 382/5/63 378/5/63 386/5/63
f 390/5/64 392/5/64 391/5/64
f 391/5/142 392/5/142 378/5/142
f 391/5/66 377/5/66 383/5/66
f 377/5/66 379/5/66 383/5/66
f 379/5/66 381/5/66 383/5/66
f 383/5/66 385/5/66 391/5/66
f 385/5/66 387/5/66 391/5/66
f 393/6/57 394/6/57 396/6/57
f 396/6/58 398/6/58 397/6/58
f 398/6/59 400/6/59 399/6/59
f 400/6/60 402/6/60 401/6/60
f 401/6/61 402/6/61 404/6/61
f 403/6/62 404/6/62 406/6/62
f 398/6/63 396/6/63 406/6/63
f 396/6/63 394/6/63 406/6/63
f 394/6/63 408/6/63 406/6/63
f 406/6/63 404/6/63 402/6/63
f 402/6/63 400/6/63 406/6/63
f 406/6/64 408/6/64 407/6/64
f 408/6/65 394/6/65 393/6/65
f 407/6/66 393/6/66 395/6/66
f 395/6/66 397/6/66 399/6/66
f 399/6/66 401/6/66 403/6/66
f 403/6/66 405/6/66 407/6/66
f 407/6/66 395/6/66 399/6/66
f 409/6/57 410/6/57 412/6/57
f 412/6/58 414/6/58 413/6/58
f 414/6/59 416/6/59 415/6/59
f 416/6/60 418/6/60 417/6/60
f 417/6/61 418/6/61 420/6/61
f 419/6/62 420/6/62 422/6/62
f 414/6/63 412/6/63 422/6/63
f 412/6/63 410/6/63 422/6/63
f 410/6/63 424/6/63 422/6/63
f 422/6/63 420/6/63 418/6/63
f 418/6/63 416/6/63 422/6/63
f 422/6/64 424/6/64 423/6/64
f 424/6/65 410/6/65 409/6/65
f 423/6/66 409/6/66 411/6/66
f 411/6/66 413/6/66 415/6/66
f 415/6/66 417/6/66 419/6/66
f 419/6/66 421/6/66 423/6/66
f 423/6/66 411/6/66 415/6/66
f 426/7/67 428/7/67 427/7/67
f 428/7/68 430/7/68 429/7/68
f 430/7/69 432/7/69 431/7/69
f 432/7/70 434/7/70 433/7/70
f 434/7/71 436/7/71 435/7/71
f 436/7/72 438/7/72 437/7/72
f 430/7/23 428/7/23 426/7/23
f 426/7/23 440/7/23 430/7/23
f 440/7/23 438/7/23 430/7/23
f 438/7/23 436/7/23 434/7/23
f 434/7/23 432/7/23 438/7/23
f 438/7/73 440/7/73 439/7/73
f 440/7/74 426/7/74 425/7/74
f 439/7/25 425/7/25 427/7/25
f 427/7/25 429/7/25 439/7/25
f 429/7/25 431/7/25 439/7/25
f 431/7/25 433/7/25 435/7/25
f 435/7/25 437/7/25 431/7/25
f 442/4/21 445/4/21 444/4/21
f 443/4/75 446/4/75 445/4/75
f 441/4/76 444/4/76 446/4/76
f 447/6/9 449/6/9 454/6/9
f 450/6/10 452/6/10 449/6/10
f 456/6/11 458/6/11 452/6/11
f 455/6/12 454/6/12 458/6/12
f 453/6/13 455/6/13 466/6/13
f 468/6/14 470/6/14 457/6/14
f 467/6/15 466/6/15 470/6/15
f 465/6/16 467/6/16 460/6/16
f 462/6/17 464/6/17 469/6/17
f 461/6/18 460/6/18 464/6/18
f 459/6/19 461/6/19 448/6/19
f 451/6/20 450/6/20 463/6/20
f 465/6/21 459/6/21 447/6/21
f 452/6/22 458/6/22 454/6/22
f 463/6/23 450/6/23 448/6/23
f 456/6/24 451/6/24 462/6/24
f 457/6/25 470/6/25 466/6/25
f 469/6/26 464/6/26 460/6/26
f 471/6/9 473/6/9 478/6/9
f 474/6/10 476/6/10 473/6/10
f 480/6/11 482/6/11 476/6/11
f 479/6/12 478/6/12 482/6/12
f 477/6/13 479/6/13 490/6/13
f 492/6/14 494/6/14 481/6/14
f 491/6/15 490/6/15 494/6/15
f 489/6/16 491/6/16 484/6/16
f 486/6/17 488/6/17 493/6/17
f 485/6/18 484/6/18 488/6/18
f 483/6/19 485/6/19 472/6/19
f 475/6/20 474/6/20 487/6/20
f 489/6/21 483/6/21 471/6/21
f 476/6/22 482/6/22 478/6/22
f 487/6/23 474/6/23 472/6/23
f 480/6/24 475/6/24 486/6/24
f 481/6/25 494/6/25 490/6/25
f 493/6/26 488/6/26 484/6/26
f 495/3/9 497/3/9 502/3/9
f 498/3/10 500/3/10 497/3/10
f 504/3/11 506/3/11 500/3/11
f 503/3/12 502/3/12 506/3/12
f 501/3/13 503/3/13 514/3/13
f 516/3/14 518/3/14 505/3/14
f 515/3/15 514/3/15 518/3/15
f 513/3/16 515/3/16 508/3/16
f 510/3/17 512/3/17 517/3/17
f 509/3/18 508/3/18 512/3/18
f 507/3/19 509/3/19 496/3/19
f 499/3/20 498/3/20 511/3/20
f 513/3/21 507/3/21 495/3/21
f 500/3/22 506/3/22 502/3/22
f 511/3/23 498/3/23 496/3/23
f 504/3/24 499/3/24 510/3/24
f 505/3/25 518/3/25 514/3/25
f 517/3/26 512/3/26 508/3/26
f 519/3/9 521/3/9 526/3/9
f 522/3/10 524/3/10 521/3/10
f 528/3/11 530/3/11 524/3/11
f 527/3/12 526/3/12 530/3/12
f 525/3/13 527/3/13 538/3/13
f 540/3/14 542/3/14 529/3/14
f 539/3/15 538/3/15 542/3/15
f 537/3/16 539/3/16 532/3/16
f 534/3/17 536/3/17 541/3/17
f 533/3/18 532/3/18 536/3/18
f 531/3/19 533/3/19 520/3/19
f 523/3/20 522/3/20 535/3/20
f 537/3/21 531/3/21 519/3/21
f 524/3/22 530/3/22 526/3/22
f 535/3/23 522/3/23 520/3/23
f 528/3/24 523/3/24 534/3/24
f 529/3/25 542/3/25 538/3/25
f 541/3/26 536/3/26 532/3/26
f 543/3/9 545/3/9 550/3/9
f 546/3/10 548/3/10 545/3/10
f 552/3/11 554/3/11 548/3/11
f 551/3/12 550/3/12 554/3/12
f 549/3/13 551/3/13 562/3/13
f 564/3/14 566/3/14 553/3/14
f 563/3/15 562/3/15 566/3/15
f 561/3/16 563/3/16 556/3/16
f 558/3/17 560/3/17 565/3/17
f 557/3/18 556/3/18 560/3/18
f 555/3/19 557/3/19 544/3/19
f 547/3/20 546/3/20 559/3/20
f 561/3/21 555/3/21 543/3/21
f 548/3/22 554/3/22 550/3/22
f 559/3/23 546/3/23 544/3/23
f 552/3/24 547/3/24 558/3/24
f 553/3/25 566/3/25 562/3/25
f 565/3/26 560/3/26 556/3/26
f 567/3/9 569/3/9 574/3/9
f 570/3/10 572/3/10 569/3/10
f 576/3/11 578/3/11 572/3/11
f 575/3/12 574/3/12 578/3/12
f 573/3/13 575/3/13 586/3/13
f 588/3/14 590/3/14 577/3/14
f 587/3/15 586/3/15 590/3/15
f 585/3/16 587/3/16 580/3/16
f 582/3/17 584/3/17 589/3/17
f 581/3/18 580/3/18 584/3/18
f 579/3/19 581/3/19 568/3/19
f 571/3/20 570/3/20 583/3/20
f 585/3/21 579/3/21 567/3/21
f 572/3/22 578/3/22 574/3/22
f 583/3/23 570/3/23 568/3/23
f 576/3/24 571/3/24 582/3/24
f 577/3/25 590/3/25 586/3/25
f 589/3/26 584/3/26 580/3/26
f 591/3/9 593/3/9 598/3/9
f 594/3/10 596/3/10 593/3/10
f 600/3/11 602/3/11 596/3/11
f 599/3/12 598/3/12 602/3/12
f 597/3/13 599/3/13 610/3/13
f 612/3/14 614/3/14 601/3/14
f 611/3/15 610/3/15 614/3/15
f 609/3/16 611/3/16 604/3/16
f 606/3/17 608/3/17 613/3/17
f 605/3/18 604/3/18 608/3/18
f 603/3/19 605/3/19 592/3/19
f 595/3/20 594/3/20 607/3/20
f 609/3/21 603/3/21 591/3/21
f 596/3/22 602/3/22 598/3/22
f 607/3/23 594/3/23 592/3/23
f 600/3/24 595/3/24 606/3/24
f 601/3/25 614/3/25 610/3/25
f 613/3/26 608/3/26 604/3/26
f 615/3/9 617/3/9 622/3/9
f 618/3/10 620/3/10 617/3/10
f 624/3/11 626/3/11 620/3/11
f 623/3/12 622/3/12 626/3/12
f 621/3/13 623/3/13 634/3/13
f 636/3/14 638/3/14 625/3/14
f 635/3/15 634/3/15 638/3/15
f 633/3/16 635/3/16 628/3/16
f 630/3/17 632/3/17 637/3/17
f 629/3/18 628/3/18 632/3/18
f 627/3/19 629/3/19 616/3/19
f 619/3/20 618/3/20 631/3/20
f 633/3/21 627/3/21 615/3/21
f 620/3/22 626/3/22 622/3/22
f 631/3/23 618/3/23 616/3/23
f 624/3/24 619/3/24 630/3/24
f 625/3/25 638/3/25 634/3/25
f 637/3/26 632/3/26 628/3/26
f 639/3/9 641/3/9 646/3/9
f 642/3/10 644/3/10 641/3/10
f 648/3/11 650/3/11 644/3/11
f 647/3/12 646/3/12 650/3/12
f 645/3/13 647/3/13 658/3/13
f 660/3/14 662/3/14 649/3/14
f 659/3/15 658/3/15 662/3/15
f 657/3/16 659/3/16 652/3/16
f 654/3/17 656/3/17 661/3/17
f 653/3/18 652/3/18 656/3/18
f 651/3/19 653/3/19 640/3/19
f 643/3/20 642/3/20 655/3/20
f 657/3/21 651/3/21 639/3/21
f 644/3/22 650/3/22 646/3/22
f 655/3/23 642/3/23 640/3/23
f 648/3/24 643/3/24 654/3/24
f 649/3/25 662/3/25 658/3/25
f 661/3/26 656/3/26 652/3/26
f 663/3/9 665/3/9 670/3/9
f 666/3/10 668/3/10 665/3/10
f 672/3/11 674/3/11 668/3/11
f 671/3/12 670/3/12 674/3/12
f 669/3/13 671/3/13 682/3/13
f 684/3/14 686/3/14 673/3/14
f 683/3/15 682/3/15 686/3/15
f 681/3/16 683/3/16 676/3/16
f 678/3/17 680/3/17 685/3/17
f 677/3/18 676/3/18 680/3/18
f 675/3/19 677/3/19 664/3/19
f 667/3/20 666/3/20 679/3/20
f 681/3/21 675/3/21 663/3/21
f 668/3/22 674/3/22 670/3/22
f 679/3/23 666/3/23 664/3/23
f 672/3/24 667/3/24 678/3/24
f 673/3/25 686/3/25 682/3/25
f 685/3/26 680/3/26 676/3/26
f 688/4/79 690/4/79 689/4/79
f 693/4/80 694/4/80 692/4/80
f 691/4/22 692/4/22 688/4/22
f 690/4/26 694/4/26 693/4/26
f 689/4/25 693/4/25 691/4/25
f 692/4/23 694/4/23 690/4/23
f 696/5/81 698/5/81 697/5/81
f 698/5/82 700/5/82 699/5/82
f 700/5/83 702/5/83 701/5/83
f 701/5/143 702/5/143 704/5/143
f 704/5/85 706/5/85 705/5/85
f 706/5/86 708/5/86 707/5/86
f 700/5/87 698/5/87 708/5/87
f 698/5/87 696/5/87 708/5/87
f 696/5/87 710/5/87 708/5/87
f 708/5/87 706/5/87 704/5/87
f 704/5/87 702/5/87 708/5/87
f 708/5/88 710/5/88 709/5/88
f 709/5/89 710/5/89 696/5/89
f 709/5/90 695/5/90 701/5/90
f 695/5/90 697/5/90 701/5/90
f 697/5/90 699/5/90 701/5/90
f 701/5/90 703/5/90 709/5/90
f 703/5/90 705/5/90 709/5/90
f 712/5/81 714/5/81 713/5/81
f 714/5/82 716/5/82 715/5/82
f 716/5/83 718/5/83 717/5/83
f 717/5/84 718/5/84 720/5/84
f 720/5/85 722/5/85 721/5/85
f 722/5/86 724/5/86 723/5/86
f 716/5/87 714/5/87 724/5/87
f 714/5/87 712/5/87 724/5/87
f 712/5/87 726/5/87 724/5/87
f 724/5/87 722/5/87 720/5/87
f 720/5/87 718/5/87 724/5/87
f 724/5/88 726/5/88 725/5/88
f 725/5/144 726/5/144 712/5/144
f 725/5/90 711/5/90 717/5/90
f 711/5/90 713/5/90 717/5/90
f 713/5/90 715/5/90 717/5/90
f 717/5/90 719/5/90 725/5/90
f 719/5/90 721/5/90 725/5/90
f 728/5/81 730/5/81 729/5/81
f 730/5/82 732/5/82 731/5/82
f 732/5/83 734/5/83 733/5/83
f 733/5/84 734/5/84 736/5/84
f 736/5/85 738/5/85 737/5/85
f 738/5/86 740/5/86 739/5/86
f 732/5/87 730/5/87 728/5/87
f 728/5/87 742/5/87 740/5/87
f 740/5/87 738/5/87 736/5/87
f 736/5/87 734/5/87 732/5/87
f 732/5/87 728/5/87 740/5/87
f 740/5/88 742/5/88 741/5/88
f 741/5/89 742/5/89 728/5/89
f 741/5/90 727/5/90 729/5/90
f 729/5/90 731/5/90 733/5/90
f 733/5/90 735/5/90 737/5/90
f 737/5/90 739/5/90 741/5/90
f 741/5/90 729/5/90 733/5/90
f 744/5/81 746/5/81 745/5/81
f 746/5/82 748/5/82 747/5/82
f 748/5/83 750/5/83 749/5/83
f 749/5/84 750/5/84 752/5/84
f 752/5/85 754/5/85 753/5/85
f 754/5/86 756/5/86 755/5/86
f 748/5/87 746/5/87 756/5/87
f 746/5/87 744/5/87 756/5/87
f 744/5/87 758/5/87 756/5/87
f 756/5/87 754/5/87 752/5/87
f 752/5/87 750/5/87 756/5/87
f 756/5/88 758/5/88 757/5/88
f 757/5/89 758/5/89 744/5/89
f 757/5/90 743/5/90 745/5/90
f 745/5/90 747/5/90 749/5/90
f 749/5/90 751/5/90 753/5/90
f 753/5/90 755/5/90 757/5/90
f 757/5/90 745/5/90 749/5/90
f 760/5/81 762/5/81 761/5/81
f 762/5/82 764/5/82 763/5/82
f 764/5/83 766/5/83 765/5/83
f 765/5/84 766/5/84 768/5/84
f 768/5/85 770/5/85 769/5/85
f 770/5/86 772/5/86 771/5/86
f 764/5/87 762/5/87 772/5/87
f 762/5/87 760/5/87 772/5/87
f 760/5/87 774/5/87 772/5/87
f 772/5/87 770/5/87 768/5/87
f 768/5/87 766/5/87 772/5/87
f 772/5/88 774/5/88 773/5/88
f 773/5/89 774/5/89 760/5/89
f 773/5/90 759/5/90 761/5/90
f 761/5/90 763/5/90 765/5/90
f 765/5/90 767/5/90 769/5/90
f 769/5/90 771/5/90 773/5/90
f 773/5/90 761/5/90 765/5/90
f 776/5/81 778/5/81 777/5/81
f 778/5/82 780/5/82 779/5/82
f 780/5/83 782/5/83 781/5/83
f 781/5/84 782/5/84 784/5/84
f 784/5/85 786/5/85 785/5/85
f 786/5/86 788/5/86 787/5/86
f 780/5/87 778/5/87 776/5/87
f 776/5/87 790/5/87 788/5/87
f 788/5/87 786/5/87 784/5/87
f 784/5/87 782/5/87 780/5/87
f 780/5/87 776/5/87 788/5/87
f 788/5/88 790/5/88 789/5/88
f 789/5/89 790/5/89 776/5/89
f 789/5/90 775/5/90 777/5/90
f 777/5/90 779/5/90 781/5/90
f 781/5/90 783/5/90 785/5/90
f 785/5/90 787/5/90 789/5/90
f 789/5/90 777/5/90 781/5/90
f 792/5/81 794/5/81 793/5/81
f 794/5/82 796/5/82 795/5/82
f 796/5/83 798/5/83 797/5/83
f 797/5/84 798/5/84 800/5/84
f 800/5/85 802/5/85 801/5/85
f 802/5/86 804/5/86 803/5/86
f 796/5/87 794/5/87 804/5/87
f 794/5/87 792/5/87 804/5/87
f 792/5/87 806/5/87 804/5/87
f 804/5/87 802/5/87 800/5/87
f 800/5/87 798/5/87 804/5/87
f 804/5/88 806/5/88 805/5/88
f 805/5/89 806/5/89 792/5/89
f 805/5/90 791/5/90 793/5/90
f 793/5/90 795/5/90 797/5/90
f 797/5/90 799/5/90 801/5/90
f 801/5/90 803/5/90 805/5/90
f 805/5/90 793/5/90 797/5/90
f 808/5/81 810/5/81 809/5/81
f 810/5/82 812/5/82 811/5/82
f 812/5/83 814/5/83 813/5/83
f 813/5/84 814/5/84 816/5/84
f 816/5/145 818/5/145 817/5/145
f 818/5/86 820/5/86 819/5/86
f 812/5/87 810/5/87 808/5/87
f 808/5/87 822/5/87 820/5/87
f 820/5/87 818/5/87 816/5/87
f 816/5/87 814/5/87 812/5/87
f 812/5/87 808/5/87 816/5/87
f 820/5/88 822/5/88 821/5/88
f 821/5/89 822/5/89 808/5/89
f 821/5/90 807/5/90 813/5/90
f 807/5/90 809/5/90 813/5/90
f 809/5/90 811/5/90 813/5/90
f 813/5/90 815/5/90 821/5/90
f 815/5/90 817/5/90 821/5/90
f 824/5/146 826/5/146 825/5/146
f 826/5/82 828/5/82 827/5/82
f 828/5/83 830/5/83 829/5/83
f 829/5/84 830/5/84 832/5/84
f 832/5/85 834/5/85 833/5/85
f 834/5/86 836/5/86 835/5/86
f 828/5/87 826/5/87 836/5/87
f 826/5/87 824/5/87 836/5/87
f 824/5/87 838/5/87 836/5/87
f 836/5/87 834/5/87 832/5/87
f 832/5/87 830/5/87 828/5/87
f 836/5/88 838/5/88 837/5/88
f 837/5/89 838/5/89 824/5/89
f 837/5/90 823/5/90 829/5/90
f 823/5/90 825/5/90 829/5/90
f 825/5/90 827/5/90 829/5/90
f 829/5/90 831/5/90 837/5/90
f 831/5/90 833/5/90 837/5/90
f 839/6/81 840/6/81 842/6/81
f 841/6/82 842/6/82 844/6/82
f 844/6/83 846/6/83 845/6/83
f 846/6/84 848/6/84 847/6/84
f 847/6/85 848/6/85 850/6/85
f 850/6/86 852/6/86 851/6/86
f 844/6/87 842/6/87 840/6/87
f 840/6/87 854/6/87 844/6/87
f 854/6/87 852/6/87 844/6/87
f 852/6/87 850/6/87 844/6/87
f 850/6/87 848/6/87 844/6/87
f 852/6/88 854/6/88 853/6/88
f 854/6/89 840/6/89 839/6/89
f 853/6/90 839/6/90 841/6/90
f 841/6/90 843/6/90 845/6/90
f 845/6/90 847/6/90 849/6/90
f 849/6/90 851/6/90 853/6/90
f 853/6/90 841/6/90 845/6/90
f 855/6/81 856/6/81 858/6/81
f 857/6/82 858/6/82 860/6/82
f 860/6/83 862/6/83 861/6/83
f 862/6/84 864/6/84 863/6/84
f 863/6/85 864/6/85 866/6/85
f 866/6/86 868/6/86 867/6/86
f 860/6/87 858/6/87 856/6/87
f 856/6/87 870/6/87 860/6/87
f 870/6/87 868/6/87 860/6/87
f 868/6/87 866/6/87 864/6/87
f 864/6/87 862/6/87 868/6/87
f 868/6/88 870/6/88 869/6/88
f 870/6/89 856/6/89 855/6/89
f 869/6/90 855/6/90 857/6/90
f 857/6/90 859/6/90 861/6/90
f 861/6/90 863/6/90 865/6/90
f 865/6/90 867/6/90 869/6/90
f 869/6/90 857/6/90 861/6/90
f 872/7/67 874/7/67 873/7/67
f 874/7/68 876/7/68 875/7/68
f 876/7/69 878/7/69 877/7/69
f 878/7/70 880/7/70 879/7/70
f 880/7/71 882/7/71 881/7/71
f 882/7/72 884/7/72 883/7/72
f 876/7/23 874/7/23 872/7/23
f 872/7/23 886/7/23 876/7/23
f 886/7/23 884/7/23 876/7/23
f 884/7/23 882/7/23 880/7/23
f 880/7/23 878/7/23 884/7/23
f 884/7/73 886/7/73 885/7/73
f 886/7/74 872/7/74 871/7/74
f 885/7/25 871/7/25 873/7/25
f 873/7/25 875/7/25 885/7/25
f 875/7/25 877/7/25 885/7/25
f 877/7/25 879/7/25 881/7/25
f 881/7/25 883/7/25 877/7/25
f 890/4/21 891/4/21 888/4/21
f 891/4/75 892/4/75 889/4/75
f 892/4/76 890/4/76 887/4/76
f 893/6/9 895/6/9 900/6/9
f 896/6/10 898/6/10 895/6/10
f 902/6/11 904/6/11 898/6/11
f 901/6/12 900/6/12 904/6/12
f 899/6/13 901/6/13 912/6/13
f 914/6/14 916/6/14 903/6/14
f 913/6/15 912/6/15 916/6/15
f 911/6/16 913/6/16 906/6/16
f 908/6/17 910/6/17 915/6/17
f 907/6/18 906/6/18 910/6/18
f 905/6/19 907/6/19 894/6/19
f 897/6/20 896/6/20 909/6/20
f 911/6/21 905/6/21 893/6/21
f 898/6/22 904/6/22 900/6/22
f 909/6/23 896/6/23 894/6/23
f 902/6/24 897/6/24 908/6/24
f 903/6/25 916/6/25 912/6/25
f 915/6/26 910/6/26 906/6/26
f 917/6/9 919/6/9 924/6/9
f 920/6/10 922/6/10 919/6/10
f 926/6/11 928/6/11 922/6/11
f 925/6/12 924/6/12 928/6/12
f 923/6/13 925/6/13 936/6/13
f 938/6/14 940/6/14 927/6/14
f 937/6/15 936/6/15 940/6/15
f 935/6/16 937/6/16 930/6/16
f 932/6/17 934/6/17 939/6/17
f 931/6/18 930/6/18 934/6/18
f 929/6/19 931/6/19 918/6/19
f 921/6/20 920/6/20 933/6/20
f 935/6/21 929/6/21 917/6/21
f 922/6/22 928/6/22 924/6/22
f 933/6/23 920/6/23 918/6/23
f 926/6/24 921/6/24 932/6/24
f 927/6/25 940/6/25 936/6/25
f 939/6/26 934/6/26 930/6/26
f 942/5/67 944/5/67 943/5/67
f 944/5/68 946/5/68 945/5/68
f 946/5/69 948/5/69 947/5/69
f 948/5/70 950/5/70 949/5/70
f 950/5/71 952/5/71 951/5/71
f 952/5/72 954/5/72 953/5/72
f 946/5/23 944/5/23 942/5/23
f 942/5/23 956/5/23 954/5/23
f 954/5/23 952/5/23 950/5/23
f 950/5/23 948/5/23 954/5/23
f 948/5/23 946/5/23 954/5/23
f 954/5/73 956/5/73 955/5/73
f 956/5/74 942/5/74 941/5/74
f 955/5/25 941/5/25 943/5/25
f 943/5/25 945/5/25 955/5/25
f 945/5/25 947/5/25 955/5/25
f 947/5/25 949/5/25 955/5/25
f 949/5/25 951/5/25 955/5/25
f 958/7/93 960/7/93 959/7/93
f 960/7/94 962/7/94 961/7/94
f 962/7/95 964/7/95 963/7/95
f 964/7/96 966/7/96 965/7/96
f 966/7/97 968/7/97 967/7/97
f 968/7/98 970/7/98 969/7/98
f 962/7/21 960/7/21 958/7/21
f 958/7/21 972/7/21 962/7/21
f 972/7/21 970/7/21 962/7/21
f 970/7/21 968/7/21 962/7/21
f 968/7/21 966/7/21 962/7/21
f 970/7/99 972/7/99 971/7/99
f 972/7/100 958/7/100 957/7/100
f 971/7/24 957/7/24 959/7/24
f 959/7/24 961/7/24 963/7/24
f 963/7/24 965/7/24 967/7/24
f 967/7/24 969/7/24 971/7/24
f 971/7/24 959/7/24 963/7/24
f 973/7/101 974/7/101 976/7/101
f 976/7/102 978/7/102 977/7/102
f 978/7/103 980/7/103 979/7/103
f 980/7/104 982/7/104 981/7/104
f 982/7/105 984/7/105 983/7/105
f 983/7/106 984/7/106 986/7/106
f 978/7/107 976/7/107 974/7/107
f 974/7/107 988/7/107 986/7/107
f 986/7/107 984/7/107 982/7/107
f 982/7/107 980/7/107 978/7/107
f 978/7/107 974/7/107 986/7/107
f 986/7/108 988/7/108 987/7/108
f 988/7/109 974/7/109 973/7/109
f 987/7/110 973/7/110 979/7/110
f 973/7/110 975/7/110 979/7/110
f 975/7/110 977/7/110 979/7/110
f 979/7/110 981/7/110 987/7/110
f 981/7/110 983/7/110 987/7/110
f 990/7/93 992/7/93 991/7/93
f 992/7/94 994/7/94 993/7/94
f 994/7/95 996/7/95 995/7/95
f 996/7/96 998/7/96 997/7/96
f 998/7/97 1000/7/97 999/7/97
f 1000/7/98 1002/7/98 1001/7/98
f 994/7/21 992/7/21 990/7/21
f 990/7/21 1004/7/21 994/7/21
f 1004/7/21 1002/7/21 994/7/21
f 1002/7/21 1000/7/21 994/7/21
f 1000/7/21 998/7/21 994/7/21
f 1002/7/99 1004/7/99 1003/7/99
f 1004/7/100 990/7/100 989/7/100
f 1003/7/24 989/7/24 991/7/24
f 991/7/24 993/7/24 995/7/24
f 995/7/24 997/7/24 999/7/24
f 999/7/24 1001/7/24 1003/7/24
f 1003/7/24 991/7/24 995/7/24
f 1005/7/101 1006/7/101 1008/7/101
f 1008/7/102 1010/7/102 1009/7/102
f 1010/7/103 1012/7/103 1011/7/103
f 1012/7/104 1014/7/104 1013/7/104
f 1014/7/105 1016/7/105 1015/7/105
f 1015/7/106 1016/7/106 1018/7/106
f 1010/7/107 1008/7/107 1006/7/107
f 1006/7/107 1020/7/107 1018/7/107
f 1018/7/107 1016/7/107 1014/7/107
f 1014/7/107 1012/7/107 1010/7/107
f 1010/7/107 1006/7/107 1018/7/107
f 1018/7/108 1020/7/108 1019/7/108
f 1020/7/109 1006/7/109 1005/7/109
f 1019/7/110 1005/7/110 1007/7/110
f 1007/7/110 1009/7/110 1019/7/110
f 1009/7/110 1011/7/110 1019/7/110
f 1011/7/110 1013/7/110 1015/7/110
f 1015/7/110 1017/7/110 1011/7/110
f 1021/8/9 1023/8/9 1028/8/9
f 1024/8/10 1026/8/10 1023/8/10
f 1030/8/11 1032/8/11 1026/8/11
f 1029/8/12 1028/8/12 1032/8/12
f 1027/8/13 1029/8/13 1040/8/13
f 1042/8/14 1044/8/14 1031/8/14
f 1041/8/15 1040/8/15 1044/8/15
f 1039/8/16 1041/8/16 1034/8/16
f 1036/8/17 1038/8/17 1043/8/17
f 1035/8/18 1034/8/18 1038/8/18
f 1033/8/19 1035/8/19 1022/8/19
f 1025/8/20 1024/8/20 1037/8/20
f 1039/8/21 1033/8/21 1021/8/21
f 1026/8/22 1032/8/22 1028/8/22
f 1037/8/23 1024/8/23 1022/8/23
f 1030/8/24 1025/8/24 1036/8/24
f 1031/8/25 1044/8/25 1040/8/25
f 1043/8/26 1038/8/26 1034/8/26
f 1045/6/9 1047/6/9 1052/6/9
f 1048/6/10 1050/6/10 1047/6/10
f 1054/6/11 1056/6/11 1050/6/11
f 1053/6/12 1052/6/12 1056/6/12
f 1051/6/13 1053/6/13 1064/6/13
f 1066/6/14 1068/6/14 1055/6/14
f 1065/6/15 1064/6/15 1068/6/15
f 1063/6/16 1065/6/16 1058/6/16
f 1060/6/17 1062/6/17 1067/6/17
f 1059/6/18 1058/6/18 1062/6/18
f 1057/6/19 1059/6/19 1046/6/19
f 1049/6/20 1048/6/20 1061/6/20
f 1063/6/21 1057/6/21 1045/6/21
f 1050/6/22 1056/6/22 1052/6/22
f 1061/6/23 1048/6/23 1046/6/23
f 1054/6/24 1049/6/24 1060/6/24
f 1055/6/25 1068/6/25 1064/6/25
f 1067/6/26 1062/6/26 1058/6/26
f 1069/6/9 1071/6/9 1076/6/9
f 1072/6/10 1074/6/10 1071/6/10
f 1078/6/11 1080/6/11 1074/6/11
f 1077/6/12 1076/6/12 1080/6/12
f 1075/6/13 1077/6/13 1088/6/13
f 1090/6/14 1092/6/14 1079/6/14
f 1089/6/15 1088/6/15 1092/6/15
f 1087/6/16 1089/6/16 1082/6/16
f 1084/6/17 1086/6/17 1091/6/17
f 1083/6/18 1082/6/18 1086/6/18
f 1081/6/19 1083/6/19 1070/6/19
f 1073/6/20 1072/6/20 1085/6/20
f 1087/6/21 1081/6/21 1069/6/21
f 1074/6/22 1080/6/22 1076/6/22
f 1085/6/23 1072/6/23 1070/6/23
f 1078/6/24 1073/6/24 1084/6/24
f 1079/6/25 1092/6/25 1088/6/25
f 1091/6/26 1086/6/26 1082/6/26
f 1099/6/9 1093/6/9 1095/6/9
f 1094/6/10 1096/6/10 1098/6/10
f 1097/6/11 1102/6/11 1104/6/11
f 1103/6/12 1101/6/12 1100/6/12
f 1099/6/13 1101/6/13 1112/6/13
f 1114/6/14 1116/6/14 1103/6/14
f 1115/6/15 1113/6/15 1112/6/15
f 1105/6/16 1111/6/16 1113/6/16
f 1114/6/17 1108/6/17 1110/6/17
f 1109/6/18 1107/6/18 1106/6/18
f 1105/6/19 1107/6/19 1094/6/19
f 1097/6/20 1096/6/20 1109/6/20
f 1099/6/21 1111/6/21 1105/6/21
f 1095/6/22 1098/6/22 1104/6/22
f 1109/6/23 1096/6/23 1094/6/23
f 1114/6/24 1102/6/24 1097/6/24
f 1103/6/25 1116/6/25 1112/6/25
f 1113/6/26 1115/6/26 1110/6/26
f 1117/1/9 1119/1/9 1124/1/9
f 1120/1/10 1122/1/10 1119/1/10
f 1126/1/11 1128/1/11 1122/1/11
f 1125/1/12 1124/1/12 1128/1/12
f 1123/1/13 1125/1/13 1136/1/13
f 1138/1/14 1140/1/14 1127/1/14
f 1137/1/15 1136/1/15 1140/1/15
f 1135/1/16 1137/1/16 1130/1/16
f 1132/1/17 1134/1/17 1139/1/17
f 1131/1/18 1130/1/18 1134/1/18
f 1129/1/19 1131/1/19 1118/1/19
f 1121/1/20 1120/1/20 1133/1/20
f 1135/1/21 1129/1/21 1117/1/21
f 1122/1/22 1128/1/22 1124/1/22
f 1133/1/23 1120/1/23 1118/1/23
f 1126/1/24 1121/1/24 1132/1/24
f 1127/1/25 1140/1/25 1136/1/25
f 1139/1/26 1134/1/26 1130/1/26
f 1141/9/9 1143/9/9 1148/9/9
f 1144/9/10 1146/9/10 1143/9/10
f 1150/9/11 1152/9/11 1146/9/11
f 1149/9/12 1148/9/12 1152/9/12
f 1147/9/13 1149/9/13 1160/9/13
f 1162/9/14 1164/9/14 1151/9/14
f 1161/9/15 1160/9/15 1164/9/15
f 1159/9/16 1161/9/16 1154/9/16
f 1156/9/17 1158/9/17 1163/9/17
f 1155/9/18 1154/9/18 1158/9/18
f 1153/9/19 1155/9/19 1142/9/19
f 1145/9/20 1144/9/20 1157/9/20
f 1159/9/21 1153/9/21 1141/9/21
f 1146/9/22 1152/9/22 1148/9/22
f 1157/9/23 1144/9/23 1142/9/23
f 1150/9/24 1145/9/24 1156/9/24
f 1151/9/25 1164/9/25 1160/9/25
f 1163/9/26 1158/9/26 1154/9/26
f 1165/10/9 1167/10/9 1172/10/9
f 1168/10/10 1170/10/10 1167/10/10
f 1174/10/11 1176/10/11 1170/10/11
f 1173/10/12 1172/10/12 1176/10/12
f 1171/10/13 1173/10/13 1184/10/13
f 1186/10/14 1188/10/14 1175/10/14
f 1185/10/15 1184/10/15 1188/10/15
f 1183/10/16 1185/10/16 1178/10/16
f 1180/10/17 1182/10/17 1187/10/17
f 1179/10/18 1178/10/18 1182/10/18
f 1177/10/19 1179/10/19 1166/10/19
f 1169/10/20 1168/10/20 1181/10/20
f 1183/10/21 1177/10/21 1165/10/21
f 1170/10/22 1176/10/22 1172/10/22
f 1181/10/23 1168/10/23 1166/10/23
f 1174/10/24 1169/10/24 1180/10/24
f 1175/10/25 1188/10/25 1184/10/25
f 1187/10/26 1182/10/26 1178/10/26
f 1189/1/9 1191/1/9 1196/1/9
f 1192/1/10 1194/1/10 1191/1/10
f 1198/1/11 1200/1/11 1194/1/11
f 1197/1/12 1196/1/12 1200/1/12
f 1195/1/13 1197/1/13 1208/1/13
f 1210/1/14 1212/1/14 1199/1/14
f 1209/1/15 1208/1/15 1212/1/15
f 1207/1/16 1209/1/16 1202/1/16
f 1204/1/17 1206/1/17 1211/1/17
f 1203/1/18 1202/1/18 1206/1/18
f 1201/1/19 1203/1/19 1190/1/19
f 1193/1/20 1192/1/20 1205/1/20
f 1207/1/21 1201/1/21 1189/1/21
f 1194/1/22 1200/1/22 1196/1/22
f 1205/1/23 1192/1/23 1190/1/23
f 1198/1/24 1193/1/24 1204/1/24
f 1199/1/25 1212/1/25 1208/1/25
f 1211/1/26 1206/1/26 1202/1/26
f 1213/6/9 1215/6/9 1220/6/9
f 1216/6/10 1218/6/10 1215/6/10
f 1222/6/11 1224/6/11 1218/6/11
f 1221/6/12 1220/6/12 1224/6/12
f 1219/6/13 1221/6/13 1232/6/13
f 1234/6/14 1236/6/14 1223/6/14
f 1233/6/15 1232/6/15 1236/6/15
f 1231/6/16 1233/6/16 1226/6/16
f 1228/6/17 1230/6/17 1235/6/17
f 1227/6/18 1226/6/18 1230/6/18
f 1225/6/19 1227/6/19 1214/6/19
f 1217/6/20 1216/6/20 1229/6/20
f 1231/6/21 1225/6/21 1213/6/21
f 1215/6/22 1218/6/22 1224/6/22
f 1229/6/23 1216/6/23 1214/6/23
f 1222/6/24 1217/6/24 1228/6/24
f 1223/6/25 1236/6/25 1232/6/25
f 1233/6/26 1235/6/26 1230/6/26
f 1237/9/9 1239/9/9 1244/9/9
f 1240/9/10 1242/9/10 1239/9/10
f 1246/9/11 1248/9/11 1242/9/11
f 1245/9/12 1244/9/12 1248/9/12
f 1243/9/13 1245/9/13 1256/9/13
f 1258/9/14 1260/9/14 1247/9/14
f 1257/9/15 1256/9/15 1260/9/15
f 1255/9/16 1257/9/16 1250/9/16
f 1252/9/17 1254/9/17 1259/9/17
f 1251/9/18 1250/9/18 1254/9/18
f 1249/9/19 1251/9/19 1238/9/19
f 1241/9/20 1240/9/20 1253/9/20
f 1255/9/21 1249/9/21 1237/9/21
f 1242/9/22 1248/9/22 1244/9/22
f 1253/9/23 1240/9/23 1238/9/23
f 1246/9/24 1241/9/24 1252/9/24
f 1247/9/25 1260/9/25 1256/9/25
f 1259/9/26 1254/9/26 1250/9/26
f 1261/10/9 1263/10/9 1268/10/9
f 1264/10/10 1266/10/10 1263/10/10
f 1270/10/11 1272/10/11 1266/10/11
f 1269/10/12 1268/10/12 1272/10/12
f 1267/10/13 1269/10/13 1280/10/13
f 1282/10/14 1284/10/14 1271/10/14
f 1281/10/15 1280/10/15 1284/10/15
f 1279/10/16 1281/10/16 1274/10/16
f 1276/10/17 1278/10/17 1283/10/17
f 1275/10/18 1274/10/18 1278/10/18
f 1273/10/19 1275/10/19 1262/10/19
f 1265/10/20 1264/10/20 1277/10/20
f 1279/10/21 1273/10/21 1261/10/21
f 1266/10/22 1272/10/22 1268/10/22
f 1277/10/23 1264/10/23 1262/10/23
f 1270/10/24 1265/10/24 1276/10/24
f 1271/10/25 1284/10/25 1280/10/25
f 1283/10/26 1278/10/26 1274/10/26
f 1285/1/9 1287/1/9 1292/1/9
f 1288/1/10 1290/1/10 1287/1/10
f 1294/1/11 1296/1/11 1290/1/11
f 1293/1/12 1292/1/12 1296/1/12
f 1291/1/13 1293/1/13 1304/1/13
f 1306/1/14 1308/1/14 1295/1/14
f 1305/1/15 1304/1/15 1308/1/15
f 1303/1/16 1305/1/16 1298/1/16
f 1300/1/17 1302/1/17 1307/1/17
f 1299/1/18 1298/1/18 1302/1/18
f 1297/1/19 1299/1/19 1286/1/19
f 1289/1/20 1288/1/20 1301/1/20
f 1303/1/21 1297/1/21 1285/1/21
f 1290/1/22 1296/1/22 1292/1/22
f 1301/1/23 1288/1/23 1286/1/23
f 1294/1/24 1289/1/24 1300/1/24
f 1295/1/25 1308/1/25 1304/1/25
f 1307/1/26 1302/1/26 1298/1/26
f 1309/6/9 1311/6/9 1316/6/9
f 1312/6/10 1314/6/10 1311/6/10
f 1318/6/11 1320/6/11 1314/6/11
f 1317/6/12 1316/6/12 1320/6/12
f 1315/6/13 1317/6/13 1328/6/13
f 1330/6/14 1332/6/14 1319/6/14
f 1329/6/15 1328/6/15 1332/6/15
f 1327/6/16 1329/6/16 1322/6/16
f 1324/6/17 1326/6/17 1331/6/17
f 1323/6/18 1322/6/18 1326/6/18
f 1321/6/19 1323/6/19 1310/6/19
f 1313/6/20 1312/6/20 1325/6/20
f 1327/6/21 1321/6/21 1309/6/21
f 1311/6/22 1314/6/22 1320/6/22
f 1325/6/23 1312/6/23 1310/6/23
f 1318/6/24 1313/6/24 1324/6/24
f 1319/6/25 1332/6/25 1328/6/25
f 1329/6/26 1331/6/26 1326/6/26
f 1334/7/123 1336/7/123 1335/7/123
f 1336/7/15 1338/7/15 1337/7/15
f 1338/7/124 1340/7/124 1339/7/124
f 1340/7/125 1342/7/125 1341/7/125
f 1342/7/18 1344/7/18 1343/7/18
f 1344/7/126 1346/7/126 1345/7/126
f 1346/7/127 1348/7/127 1347/7/127
f 1348/7/10 1350/7/10 1349/7/10
f 1350/7/128 1352/7/128 1351/7/128
f 1352/7/129 1354/7/129 1353/7/129
f 1338/7/24 1336/7/24 1334/7/24
f 1334/7/24 1356/7/24 1354/7/24
f 1354/7/24 1352/7/24 1346/7/24
f 1352/7/24 1350/7/24 1346/7/24
f 1350/7/24 1348/7/24 1346/7/24
f 1346/7/24 1344/7/24 1342/7/24
f 1342/7/24 1340/7/24 1338/7/24
f 1338/7/24 1334/7/24 1354/7/24
f 1346/7/24 1342/7/24 1354/7/24
f 1354/7/12 1356/7/12 1355/7/12
f 1356/7/130 1334/7/130 1333/7/130
f 1355/7/21 1333/7/21 1335/7/21
f 1335/7/21 1337/7/21 1355/7/21
f 1337/7/21 1339/7/21 1355/7/21
f 1339/7/21 1341/7/21 1347/7/21
f 1341/7/21 1343/7/21 1347/7/21
f 1343/7/21 1345/7/21 1347/7/21
f 1347/7/21 1349/7/21 1351/7/21
f 1351/7/21 1353/7/21 1355/7/21
f 1347/7/21 1351/7/21 1339/7/21
f 1358/1/123 1360/1/123 1359/1/123
f 1360/1/15 1362/1/15 1361/1/15
f 1362/1/124 1364/1/124 1363/1/124
f 1364/1/125 1366/1/125 1365/1/125
f 1366/1/18 1368/1/18 1367/1/18
f 1368/1/126 1370/1/126 1369/1/126
f 1370/1/127 1372/1/127 1371/1/127
f 1372/1/10 1374/1/10 1373/1/10
f 1374/1/128 1376/1/128 1375/1/128
f 1376/1/129 1378/1/129 1377/1/129
f 1362/1/24 1360/1/24 1358/1/24
f 1358/1/24 1380/1/24 1362/1/24
f 1380/1/24 1378/1/24 1362/1/24
f 1378/1/24 1376/1/24 1374/1/24
f 1374/1/24 1372/1/24 1378/1/24
f 1372/1/24 1370/1/24 1378/1/24
f 1370/1/24 1368/1/24 1366/1/24
f 1366/1/24 1364/1/24 1362/1/24
f 1370/1/24 1366/1/24 1362/1/24
f 1378/1/12 1380/1/12 1379/1/12
f 1380/1/130 1358/1/130 1357/1/130
f 1379/1/21 1357/1/21 1359/1/21
f 1359/1/21 1361/1/21 1363/1/21
f 1363/1/21 1365/1/21 1371/1/21
f 1365/1/21 1367/1/21 1371/1/21
f 1367/1/21 1369/1/21 1371/1/21
f 1371/1/21 1373/1/21 1375/1/21
f 1375/1/21 1377/1/21 1379/1/21
f 1379/1/21 1359/1/21 1371/1/21
f 1359/1/21 1363/1/21 1371/1/21
f 1381/2/9 1383/2/9 1388/2/9
f 1384/2/10 1386/2/10 1383/2/10
f 1390/2/11 1392/2/11 1386/2/11
f 1389/2/12 1388/2/12 1392/2/12
f 1387/2/13 1389/2/13 1400/2/13
f 1402/2/14 1404/2/14 1391/2/14
f 1401/2/15 1400/2/15 1404/2/15
f 1399/2/16 1401/2/16 1394/2/16
f 1396/2/17 1398/2/17 1403/2/17
f 1395/2/18 1394/2/18 1398/2/18
f 1393/2/19 1395/2/19 1382/2/19
f 1385/2/20 1384/2/20 1397/2/20
f 1399/2/21 1393/2/21 1381/2/21
f 1386/2/22 1392/2/22 1388/2/22
f 1397/2/23 1384/2/23 1382/2/23
f 1390/2/24 1385/2/24 1396/2/24
f 1391/2/25 1404/2/25 1400/2/25
f 1403/2/26 1398/2/26 1394/2/26
f 1405/2/9 1407/2/9 1412/2/9
f 1408/2/10 1410/2/10 1407/2/10
f 1414/2/11 1416/2/11 1410/2/11
f 1413/2/12 1412/2/12 1416/2/12
f 1411/2/13 1413/2/13 1424/2/13
f 1426/2/14 1428/2/14 1415/2/14
f 1425/2/15 1424/2/15 1428/2/15
f 1423/2/16 1425/2/16 1418/2/16
f 1420/2/17 1422/2/17 1427/2/17
f 1419/2/18 1418/2/18 1422/2/18
f 1417/2/19 1419/2/19 1406/2/19
f 1409/2/20 1408/2/20 1421/2/20
f 1423/2/21 1417/2/21 1405/2/21
f 1410/2/22 1416/2/22 1412/2/22
f 1421/2/23 1408/2/23 1406/2/23
f 1414/2/24 1409/2/24 1420/2/24
f 1415/2/25 1428/2/25 1424/2/25
f 1427/2/26 1422/2/26 1418/2/26
f 1430/1/132 1432/1/132 1431/1/132
f 1432/1/26 1434/1/26 1433/1/26
f 1434/1/133 1436/1/133 1435/1/133
f 1436/1/134 1438/1/134 1437/1/134
f 1434/1/23 1432/1/23 1430/1/23
f 1430/1/23 1440/1/23 1438/1/23
f 1438/1/23 1436/1/23 1434/1/23
f 1438/1/22 1440/1/22 1439/1/22
f 1440/1/135 1430/1/135 1429/1/135
f 1439/1/25 1429/1/25 1435/1/25
f 1429/1/25 1431/1/25 1435/1/25
f 1431/1/25 1433/1/25 1435/1/25
f 1442/1/132 1444/1/132 1443/1/132
f 1444/1/26 1446/1/26 1445/1/26
f 1446/1/133 1448/1/133 1447/1/133
f 1448/1/134 1450/1/134 1449/1/134
f 1446/1/23 1444/1/23 1442/1/23
f 1442/1/23 1452/1/23 1450/1/23
f 1450/1/23 1448/1/23 1446/1/23
f 1450/1/22 1452/1/22 1451/1/22
f 1452/1/135 1442/1/135 1441/1/135
f 1451/1/25 1441/1/25 1447/1/25
f 1441/1/25 1443/1/25 1447/1/25
f 1443/1/25 1445/1/25 1447/1/25
f 1454/1/132 1456/1/132 1455/1/132
f 1456/1/26 1458/1/26 1457/1/26
f 1458/1/133 1460/1/133 1459/1/133
f 1460/1/134 1462/1/134 1461/1/134
f 1458/1/23 1456/1/23 1454/1/23
f 1454/1/23 1464/1/23 1462/1/23
f 1462/1/23 1460/1/23 1458/1/23
f 1462/1/22 1464/1/22 1463/1/22
f 1464/1/135 1454/1/135 1453/1/135
f 1463/1/25 1453/1/25 1459/1/25
f 1453/1/25 1455/1/25 1459/1/25
f 1455/1/25 1457/1/25 1459/1/25
f 1466/1/132 1468/1/132 1467/1/132
f 1468/1/26 1470/1/26 1469/1/26
f 1470/1/133 1472/1/133 1471/1/133
f 1472/1/134 1474/1/134 1473/1/134
f 1470/1/23 1468/1/23 1466/1/23
f 1466/1/23 1476/1/23 1474/1/23
f 1474/1/23 1472/1/23 1470/1/23
f 1474/1/22 1476/1/22 1475/1/22
f 1476/1/135 1466/1/135 1465/1/135
f 1475/1/25 1465/1/25 1467/1/25
f 1467/1/25 1469/1/25 1471/1/25
f 1471/1/25 1473/1/25 1475/1/25
f 1477/1/9 1479/1/9 1484/1/9
f 1480/1/10 1482/1/10 1479/1/10
f 1486/1/11 1488/1/11 1482/1/11
f 1485/1/12 1484/1/12 1488/1/12
f 1483/1/13 1485/1/13 1496/1/13
f 1498/1/14 1500/1/14 1487/1/14
f 1497/1/15 1496/1/15 1500/1/15
f 1495/1/16 1497/1/16 1490/1/16
f 1492/1/17 1494/1/17 1499/1/17
f 1491/1/18 1490/1/18 1494/1/18
f 1489/1/19 1491/1/19 1478/1/19
f 1481/1/20 1480/1/20 1493/1/20
f 1495/1/21 1489/1/21 1477/1/21
f 1482/1/22 1488/1/22 1484/1/22
f 1493/1/23 1480/1/23 1478/1/23
f 1486/1/24 1481/1/24 1492/1/24
f 1487/1/25 1500/1/25 1496/1/25
f 1499/1/26 1494/1/26 1490/1/26
f 1501/1/9 1503/1/9 1508/1/9
f 1504/1/10 1506/1/10 1503/1/10
f 1510/1/11 1512/1/11 1506/1/11
f 1509/1/12 1508/1/12 1512/1/12
f 1507/1/13 1509/1/13 1520/1/13
f 1522/1/14 1524/1/14 1511/1/14
f 1521/1/15 1520/1/15 1524/1/15
f 1519/1/16 1521/1/16 1514/1/16
f 1516/1/17 1518/1/17 1523/1/17
f 1515/1/18 1514/1/18 1518/1/18
f 1513/1/19 1515/1/19 1502/1/19
f 1505/1/20 1504/1/20 1517/1/20
f 1519/1/21 1513/1/21 1501/1/21
f 1506/1/22 1512/1/22 1508/1/22
f 1517/1/23 1504/1/23 1502/1/23
f 1510/1/24 1505/1/24 1516/1/24
f 1511/1/25 1524/1/25 1520/1/25
f 1523/1/26 1518/1/26 1514/1/26
f 1525/1/9 1527/1/9 1532/1/9
f 1528/1/10 1530/1/10 1527/1/10
f 1534/1/11 1536/1/11 1530/1/11
f 1533/1/12 1532/1/12 1536/1/12
f 1531/1/13 1533/1/13 1544/1/13
f 1546/1/14 1548/1/14 1535/1/14
f 1545/1/15 1544/1/15 1548/1/15
f 1543/1/16 1545/1/16 1538/1/16
f 1540/1/17 1542/1/17 1547/1/17
f 1539/1/18 1538/1/18 1542/1/18
f 1537/1/19 1539/1/19 1526/1/19
f 1529/1/20 1528/1/20 1541/1/20
f 1543/1/21 1537/1/21 1525/1/21
f 1530/1/22 1536/1/22 1532/1/22
f 1541/1/23 1528/1/23 1526/1/23
f 1534/1/24 1529/1/24 1540/1/24
f 1535/1/25 1548/1/25 1544/1/25
f 1547/1/26 1542/1/26 1538/1/26
