# Blender 5.2.1 LTS
# www.blender.org
mtllib loot_circuit.mtl
o loot_circuit
v -0.735000 0.070000 0.485000
v -0.735000 0.085000 0.500000
v -0.750000 0.085000 0.485000
v -0.735000 0.155000 0.500000
v -0.735000 0.170000 0.485000
v -0.750000 0.155000 0.485000
v -0.735000 0.070000 -0.485000
v -0.750000 0.085000 -0.485000
v -0.735000 0.085000 -0.500000
v -0.735000 0.170000 -0.485000
v -0.735000 0.155000 -0.500000
v -0.750000 0.155000 -0.485000
v 0.735000 0.070000 0.485000
v 0.750000 0.085000 0.485000
v 0.735000 0.085000 0.500000
v 0.735000 0.170000 0.485000
v 0.735000 0.155000 0.500000
v 0.750000 0.155000 0.485000
v 0.735000 0.070000 -0.485000
v 0.735000 0.085000 -0.500000
v 0.750000 0.085000 -0.485000
v 0.735000 0.170000 -0.485000
v 0.750000 0.155000 -0.485000
v 0.735000 0.155000 -0.500000
v -0.455000 0.170000 0.000000
v -0.455000 0.195000 0.025000
v -0.480000 0.195000 0.000000
v -0.455000 0.285000 0.025000
v -0.455000 0.310000 0.000000
v -0.480000 0.285000 0.000000
v -0.455000 0.170000 -0.200000
v -0.480000 0.195000 -0.200000
v -0.455000 0.195000 -0.225000
v -0.455000 0.310000 -0.200000
v -0.455000 0.285000 -0.225000
v -0.480000 0.285000 -0.200000
v -0.145000 0.170000 0.000000
v -0.120000 0.195000 0.000000
v -0.145000 0.195000 0.025000
v -0.145000 0.310000 0.000000
v -0.145000 0.285000 0.025000
v -0.120000 0.285000 0.000000
v -0.145000 0.170000 -0.200000
v -0.145000 0.195000 -0.225000
v -0.120000 0.195000 -0.200000
v -0.145000 0.310000 -0.200000
v -0.120000 0.285000 -0.200000
v -0.145000 0.285000 -0.225000
v -0.449000 0.157500 -0.216000
v -0.449000 0.163500 -0.210000
v -0.455000 0.163500 -0.216000
v -0.449000 0.196500 -0.210000
v -0.449000 0.202500 -0.216000
v -0.455000 0.196500 -0.216000
v -0.449000 0.157500 -0.304000
v -0.455000 0.163500 -0.304000
v -0.449000 0.163500 -0.310000
v -0.449000 0.202500 -0.304000
v -0.449000 0.196500 -0.310000
v -0.455000 0.196500 -0.304000
v -0.431000 0.157500 -0.216000
v -0.425000 0.163500 -0.216000
v -0.431000 0.163500 -0.210000
v -0.431000 0.202500 -0.216000
v -0.431000 0.196500 -0.210000
v -0.425000 0.196500 -0.216000
v -0.431000 0.157500 -0.304000
v -0.431000 0.163500 -0.310000
v -0.425000 0.163500 -0.304000
v -0.431000 0.202500 -0.304000
v -0.425000 0.196500 -0.304000
v -0.431000 0.196500 -0.310000
v -0.449000 0.157500 0.104000
v -0.449000 0.163500 0.110000
v -0.455000 0.163500 0.104000
v -0.449000 0.196500 0.110000
v -0.449000 0.202500 0.104000
v -0.455000 0.196500 0.104000
v -0.449000 0.157500 0.016000
v -0.455000 0.163500 0.016000
v -0.449000 0.163500 0.010000
v -0.449000 0.202500 0.016000
v -0.449000 0.196500 0.010000
v -0.455000 0.196500 0.016000
v -0.431000 0.157500 0.104000
v -0.425000 0.163500 0.104000
v -0.431000 0.163500 0.110000
v -0.431000 0.202500 0.104000
v -0.431000 0.196500 0.110000
v -0.425000 0.196500 0.104000
v -0.431000 0.157500 0.016000
v -0.431000 0.163500 0.010000
v -0.425000 0.163500 0.016000
v -0.431000 0.202500 0.016000
v -0.425000 0.196500 0.016000
v -0.431000 0.196500 0.010000
v -0.379000 0.157500 -0.216000
v -0.379000 0.163500 -0.210000
v -0.385000 0.163500 -0.216000
v -0.379000 0.196500 -0.210000
v -0.379000 0.202500 -0.216000
v -0.385000 0.196500 -0.216000
v -0.379000 0.157500 -0.304000
v -0.385000 0.163500 -0.304000
v -0.379000 0.163500 -0.310000
v -0.379000 0.202500 -0.304000
v -0.379000 0.196500 -0.310000
v -0.385000 0.196500 -0.304000
v -0.361000 0.157500 -0.216000
v -0.355000 0.163500 -0.216000
v -0.361000 0.163500 -0.210000
v -0.361000 0.202500 -0.216000
v -0.361000 0.196500 -0.210000
v -0.355000 0.196500 -0.216000
v -0.361000 0.157500 -0.304000
v -0.361000 0.163500 -0.310000
v -0.355000 0.163500 -0.304000
v -0.361000 0.202500 -0.304000
v -0.355000 0.196500 -0.304000
v -0.361000 0.196500 -0.310000
v -0.379000 0.157500 0.104000
v -0.379000 0.163500 0.110000
v -0.385000 0.163500 0.104000
v -0.379000 0.196500 0.110000
v -0.379000 0.202500 0.104000
v -0.385000 0.196500 0.104000
v -0.379000 0.157500 0.016000
v -0.385000 0.163500 0.016000
v -0.379000 0.163500 0.010000
v -0.379000 0.202500 0.016000
v -0.379000 0.196500 0.010000
v -0.385000 0.196500 0.016000
v -0.361000 0.157500 0.104000
v -0.355000 0.163500 0.104000
v -0.361000 0.163500 0.110000
v -0.361000 0.202500 0.104000
v -0.361000 0.196500 0.110000
v -0.355000 0.196500 0.104000
v -0.361000 0.157500 0.016000
v -0.361000 0.163500 0.010000
v -0.355000 0.163500 0.016000
v -0.361000 0.202500 0.016000
v -0.355000 0.196500 0.016000
v -0.361000 0.196500 0.010000
v -0.309000 0.157500 -0.216000
v -0.309000 0.163500 -0.210000
v -0.315000 0.163500 -0.216000
v -0.309000 0.196500 -0.210000
v -0.309000 0.202500 -0.216000
v -0.315000 0.196500 -0.216000
v -0.309000 0.157500 -0.304000
v -0.315000 0.163500 -0.304000
v -0.309000 0.163500 -0.310000
v -0.309000 0.202500 -0.304000
v -0.309000 0.196500 -0.310000
v -0.315000 0.196500 -0.304000
v -0.291000 0.157500 -0.216000
v -0.285000 0.163500 -0.216000
v -0.291000 0.163500 -0.210000
v -0.291000 0.202500 -0.216000
v -0.291000 0.196500 -0.210000
v -0.285000 0.196500 -0.216000
v -0.291000 0.157500 -0.304000
v -0.291000 0.163500 -0.310000
v -0.285000 0.163500 -0.304000
v -0.291000 0.202500 -0.304000
v -0.285000 0.196500 -0.304000
v -0.291000 0.196500 -0.310000
v -0.309000 0.157500 0.104000
v -0.309000 0.163500 0.110000
v -0.315000 0.163500 0.104000
v -0.309000 0.196500 0.110000
v -0.309000 0.202500 0.104000
v -0.315000 0.196500 0.104000
v -0.309000 0.157500 0.016000
v -0.315000 0.163500 0.016000
v -0.309000 0.163500 0.010000
v -0.309000 0.202500 0.016000
v -0.309000 0.196500 0.010000
v -0.315000 0.196500 0.016000
v -0.291000 0.157500 0.104000
v -0.285000 0.163500 0.104000
v -0.291000 0.163500 0.110000
v -0.291000 0.202500 0.104000
v -0.291000 0.196500 0.110000
v -0.285000 0.196500 0.104000
v -0.291000 0.157500 0.016000
v -0.291000 0.163500 0.010000
v -0.285000 0.163500 0.016000
v -0.291000 0.202500 0.016000
v -0.285000 0.196500 0.016000
v -0.291000 0.196500 0.010000
v -0.239000 0.157500 -0.216000
v -0.239000 0.163500 -0.210000
v -0.245000 0.163500 -0.216000
v -0.239000 0.196500 -0.210000
v -0.239000 0.202500 -0.216000
v -0.245000 0.196500 -0.216000
v -0.239000 0.157500 -0.304000
v -0.245000 0.163500 -0.304000
v -0.239000 0.163500 -0.310000
v -0.239000 0.202500 -0.304000
v -0.239000 0.196500 -0.310000
v -0.245000 0.196500 -0.304000
v -0.221000 0.157500 -0.216000
v -0.215000 0.163500 -0.216000
v -0.221000 0.163500 -0.210000
v -0.221000 0.202500 -0.216000
v -0.221000 0.196500 -0.210000
v -0.215000 0.196500 -0.216000
v -0.221000 0.157500 -0.304000
v -0.221000 0.163500 -0.310000
v -0.215000 0.163500 -0.304000
v -0.221000 0.202500 -0.304000
v -0.215000 0.196500 -0.304000
v -0.221000 0.196500 -0.310000
v -0.239000 0.157500 0.104000
v -0.239000 0.163500 0.110000
v -0.245000 0.163500 0.104000
v -0.239000 0.196500 0.110000
v -0.239000 0.202500 0.104000
v -0.245000 0.196500 0.104000
v -0.239000 0.157500 0.016000
v -0.245000 0.163500 0.016000
v -0.239000 0.163500 0.010000
v -0.239000 0.202500 0.016000
v -0.239000 0.196500 0.010000
v -0.245000 0.196500 0.016000
v -0.221000 0.157500 0.104000
v -0.215000 0.163500 0.104000
v -0.221000 0.163500 0.110000
v -0.221000 0.202500 0.104000
v -0.221000 0.196500 0.110000
v -0.215000 0.196500 0.104000
v -0.221000 0.157500 0.016000
v -0.221000 0.163500 0.010000
v -0.215000 0.163500 0.016000
v -0.221000 0.202500 0.016000
v -0.215000 0.196500 0.016000
v -0.221000 0.196500 0.010000
v -0.169000 0.157500 -0.216000
v -0.169000 0.163500 -0.210000
v -0.175000 0.163500 -0.216000
v -0.169000 0.196500 -0.210000
v -0.169000 0.202500 -0.216000
v -0.175000 0.196500 -0.216000
v -0.169000 0.157500 -0.304000
v -0.175000 0.163500 -0.304000
v -0.169000 0.163500 -0.310000
v -0.169000 0.202500 -0.304000
v -0.169000 0.196500 -0.310000
v -0.175000 0.196500 -0.304000
v -0.151000 0.157500 -0.216000
v -0.145000 0.163500 -0.216000
v -0.151000 0.163500 -0.210000
v -0.151000 0.202500 -0.216000
v -0.151000 0.196500 -0.210000
v -0.145000 0.196500 -0.216000
v -0.151000 0.157500 -0.304000
v -0.151000 0.163500 -0.310000
v -0.145000 0.163500 -0.304000
v -0.151000 0.202500 -0.304000
v -0.145000 0.196500 -0.304000
v -0.151000 0.196500 -0.310000
v -0.169000 0.157500 0.104000
v -0.169000 0.163500 0.110000
v -0.175000 0.163500 0.104000
v -0.169000 0.196500 0.110000
v -0.169000 0.202500 0.104000
v -0.175000 0.196500 0.104000
v -0.169000 0.157500 0.016000
v -0.175000 0.163500 0.016000
v -0.169000 0.163500 0.010000
v -0.169000 0.202500 0.016000
v -0.169000 0.196500 0.010000
v -0.175000 0.196500 0.016000
v -0.151000 0.157500 0.104000
v -0.145000 0.163500 0.104000
v -0.151000 0.163500 0.110000
v -0.151000 0.202500 0.104000
v -0.151000 0.196500 0.110000
v -0.145000 0.196500 0.104000
v -0.151000 0.157500 0.016000
v -0.151000 0.163500 0.010000
v -0.145000 0.163500 0.016000
v -0.151000 0.202500 0.016000
v -0.145000 0.196500 0.016000
v -0.151000 0.196500 0.010000
v 0.145000 0.170000 0.300000
v 0.145000 0.195000 0.325000
v 0.120000 0.195000 0.300000
v 0.145000 0.285000 0.325000
v 0.145000 0.310000 0.300000
v 0.120000 0.285000 0.300000
v 0.145000 0.170000 0.100000
v 0.120000 0.195000 0.100000
v 0.145000 0.195000 0.075000
v 0.145000 0.310000 0.100000
v 0.145000 0.285000 0.075000
v 0.120000 0.285000 0.100000
v 0.455000 0.170000 0.300000
v 0.480000 0.195000 0.300000
v 0.455000 0.195000 0.325000
v 0.455000 0.310000 0.300000
v 0.455000 0.285000 0.325000
v 0.480000 0.285000 0.300000
v 0.455000 0.170000 0.100000
v 0.455000 0.195000 0.075000
v 0.480000 0.195000 0.100000
v 0.455000 0.310000 0.100000
v 0.480000 0.285000 0.100000
v 0.455000 0.285000 0.075000
v 0.151000 0.157500 0.084000
v 0.151000 0.163500 0.090000
v 0.145000 0.163500 0.084000
v 0.151000 0.196500 0.090000
v 0.151000 0.202500 0.084000
v 0.145000 0.196500 0.084000
v 0.151000 0.157500 -0.004000
v 0.145000 0.163500 -0.004000
v 0.151000 0.163500 -0.010000
v 0.151000 0.202500 -0.004000
v 0.151000 0.196500 -0.010000
v 0.145000 0.196500 -0.004000
v 0.169000 0.157500 0.084000
v 0.175000 0.163500 0.084000
v 0.169000 0.163500 0.090000
v 0.169000 0.202500 0.084000
v 0.169000 0.196500 0.090000
v 0.175000 0.196500 0.084000
v 0.169000 0.157500 -0.004000
v 0.169000 0.163500 -0.010000
v 0.175000 0.163500 -0.004000
v 0.169000 0.202500 -0.004000
v 0.175000 0.196500 -0.004000
v 0.169000 0.196500 -0.010000
v 0.151000 0.157500 0.404000
v 0.151000 0.163500 0.410000
v 0.145000 0.163500 0.404000
v 0.151000 0.196500 0.410000
v 0.151000 0.202500 0.404000
v 0.145000 0.196500 0.404000
v 0.151000 0.157500 0.316000
v 0.145000 0.163500 0.316000
v 0.151000 0.163500 0.310000
v 0.151000 0.202500 0.316000
v 0.151000 0.196500 0.310000
v 0.145000 0.196500 0.316000
v 0.169000 0.157500 0.404000
v 0.175000 0.163500 0.404000
v 0.169000 0.163500 0.410000
v 0.169000 0.202500 0.404000
v 0.169000 0.196500 0.410000
v 0.175000 0.196500 0.404000
v 0.169000 0.157500 0.316000
v 0.169000 0.163500 0.310000
v 0.175000 0.163500 0.316000
v 0.169000 0.202500 0.316000
v 0.175000 0.196500 0.316000
v 0.169000 0.196500 0.310000
v 0.221000 0.157500 0.084000
v 0.221000 0.163500 0.090000
v 0.215000 0.163500 0.084000
v 0.221000 0.196500 0.090000
v 0.221000 0.202500 0.084000
v 0.215000 0.196500 0.084000
v 0.221000 0.157500 -0.004000
v 0.215000 0.163500 -0.004000
v 0.221000 0.163500 -0.010000
v 0.221000 0.202500 -0.004000
v 0.221000 0.196500 -0.010000
v 0.215000 0.196500 -0.004000
v 0.239000 0.157500 0.084000
v 0.245000 0.163500 0.084000
v 0.239000 0.163500 0.090000
v 0.239000 0.202500 0.084000
v 0.239000 0.196500 0.090000
v 0.245000 0.196500 0.084000
v 0.239000 0.157500 -0.004000
v 0.239000 0.163500 -0.010000
v 0.245000 0.163500 -0.004000
v 0.239000 0.202500 -0.004000
v 0.245000 0.196500 -0.004000
v 0.239000 0.196500 -0.010000
v 0.221000 0.157500 0.404000
v 0.221000 0.163500 0.410000
v 0.215000 0.163500 0.404000
v 0.221000 0.196500 0.410000
v 0.221000 0.202500 0.404000
v 0.215000 0.196500 0.404000
v 0.221000 0.157500 0.316000
v 0.215000 0.163500 0.316000
v 0.221000 0.163500 0.310000
v 0.221000 0.202500 0.316000
v 0.221000 0.196500 0.310000
v 0.215000 0.196500 0.316000
v 0.239000 0.157500 0.404000
v 0.245000 0.163500 0.404000
v 0.239000 0.163500 0.410000
v 0.239000 0.202500 0.404000
v 0.239000 0.196500 0.410000
v 0.245000 0.196500 0.404000
v 0.239000 0.157500 0.316000
v 0.239000 0.163500 0.310000
v 0.245000 0.163500 0.316000
v 0.239000 0.202500 0.316000
v 0.245000 0.196500 0.316000
v 0.239000 0.196500 0.310000
v 0.291000 0.157500 0.084000
v 0.291000 0.163500 0.090000
v 0.285000 0.163500 0.084000
v 0.291000 0.196500 0.090000
v 0.291000 0.202500 0.084000
v 0.285000 0.196500 0.084000
v 0.291000 0.157500 -0.004000
v 0.285000 0.163500 -0.004000
v 0.291000 0.163500 -0.010000
v 0.291000 0.202500 -0.004000
v 0.291000 0.196500 -0.010000
v 0.285000 0.196500 -0.004000
v 0.309000 0.157500 0.084000
v 0.315000 0.163500 0.084000
v 0.309000 0.163500 0.090000
v 0.309000 0.202500 0.084000
v 0.309000 0.196500 0.090000
v 0.315000 0.196500 0.084000
v 0.309000 0.157500 -0.004000
v 0.309000 0.163500 -0.010000
v 0.315000 0.163500 -0.004000
v 0.309000 0.202500 -0.004000
v 0.315000 0.196500 -0.004000
v 0.309000 0.196500 -0.010000
v 0.291000 0.157500 0.404000
v 0.291000 0.163500 0.410000
v 0.285000 0.163500 0.404000
v 0.291000 0.196500 0.410000
v 0.291000 0.202500 0.404000
v 0.285000 0.196500 0.404000
v 0.291000 0.157500 0.316000
v 0.285000 0.163500 0.316000
v 0.291000 0.163500 0.310000
v 0.291000 0.202500 0.316000
v 0.291000 0.196500 0.310000
v 0.285000 0.196500 0.316000
v 0.309000 0.157500 0.404000
v 0.315000 0.163500 0.404000
v 0.309000 0.163500 0.410000
v 0.309000 0.202500 0.404000
v 0.309000 0.196500 0.410000
v 0.315000 0.196500 0.404000
v 0.309000 0.157500 0.316000
v 0.309000 0.163500 0.310000
v 0.315000 0.163500 0.316000
v 0.309000 0.202500 0.316000
v 0.315000 0.196500 0.316000
v 0.309000 0.196500 0.310000
v 0.361000 0.157500 0.084000
v 0.361000 0.163500 0.090000
v 0.355000 0.163500 0.084000
v 0.361000 0.196500 0.090000
v 0.361000 0.202500 0.084000
v 0.355000 0.196500 0.084000
v 0.361000 0.157500 -0.004000
v 0.355000 0.163500 -0.004000
v 0.361000 0.163500 -0.010000
v 0.361000 0.202500 -0.004000
v 0.361000 0.196500 -0.010000
v 0.355000 0.196500 -0.004000
v 0.379000 0.157500 0.084000
v 0.385000 0.163500 0.084000
v 0.379000 0.163500 0.090000
v 0.379000 0.202500 0.084000
v 0.379000 0.196500 0.090000
v 0.385000 0.196500 0.084000
v 0.379000 0.157500 -0.004000
v 0.379000 0.163500 -0.010000
v 0.385000 0.163500 -0.004000
v 0.379000 0.202500 -0.004000
v 0.385000 0.196500 -0.004000
v 0.379000 0.196500 -0.010000
v 0.361000 0.157500 0.404000
v 0.361000 0.163500 0.410000
v 0.355000 0.163500 0.404000
v 0.361000 0.196500 0.410000
v 0.361000 0.202500 0.404000
v 0.355000 0.196500 0.404000
v 0.361000 0.157500 0.316000
v 0.355000 0.163500 0.316000
v 0.361000 0.163500 0.310000
v 0.361000 0.202500 0.316000
v 0.361000 0.196500 0.310000
v 0.355000 0.196500 0.316000
v 0.379000 0.157500 0.404000
v 0.385000 0.163500 0.404000
v 0.379000 0.163500 0.410000
v 0.379000 0.202500 0.404000
v 0.379000 0.196500 0.410000
v 0.385000 0.196500 0.404000
v 0.379000 0.157500 0.316000
v 0.379000 0.163500 0.310000
v 0.385000 0.163500 0.316000
v 0.379000 0.202500 0.316000
v 0.385000 0.196500 0.316000
v 0.379000 0.196500 0.310000
v 0.431000 0.157500 0.084000
v 0.431000 0.163500 0.090000
v 0.425000 0.163500 0.084000
v 0.431000 0.196500 0.090000
v 0.431000 0.202500 0.084000
v 0.425000 0.196500 0.084000
v 0.431000 0.157500 -0.004000
v 0.425000 0.163500 -0.004000
v 0.431000 0.163500 -0.010000
v 0.431000 0.202500 -0.004000
v 0.431000 0.196500 -0.010000
v 0.425000 0.196500 -0.004000
v 0.449000 0.157500 0.084000
v 0.455000 0.163500 0.084000
v 0.449000 0.163500 0.090000
v 0.449000 0.202500 0.084000
v 0.449000 0.196500 0.090000
v 0.455000 0.196500 0.084000
v 0.449000 0.157500 -0.004000
v 0.449000 0.163500 -0.010000
v 0.455000 0.163500 -0.004000
v 0.449000 0.202500 -0.004000
v 0.455000 0.196500 -0.004000
v 0.449000 0.196500 -0.010000
v 0.431000 0.157500 0.404000
v 0.431000 0.163500 0.410000
v 0.425000 0.163500 0.404000
v 0.431000 0.196500 0.410000
v 0.431000 0.202500 0.404000
v 0.425000 0.196500 0.404000
v 0.431000 0.157500 0.316000
v 0.425000 0.163500 0.316000
v 0.431000 0.163500 0.310000
v 0.431000 0.202500 0.316000
v 0.431000 0.196500 0.310000
v 0.425000 0.196500 0.316000
v 0.449000 0.157500 0.404000
v 0.455000 0.163500 0.404000
v 0.449000 0.163500 0.410000
v 0.449000 0.202500 0.404000
v 0.449000 0.196500 0.410000
v 0.455000 0.196500 0.404000
v 0.449000 0.157500 0.316000
v 0.449000 0.163500 0.310000
v 0.455000 0.163500 0.316000
v 0.449000 0.202500 0.316000
v 0.455000 0.196500 0.316000
v 0.449000 0.196500 0.310000
v 0.195000 0.170000 -0.150000
v 0.195000 0.195000 -0.125000
v 0.170000 0.195000 -0.150000
v 0.195000 0.285000 -0.125000
v 0.195000 0.310000 -0.150000
v 0.170000 0.285000 -0.150000
v 0.195000 0.170000 -0.350000
v 0.170000 0.195000 -0.350000
v 0.195000 0.195000 -0.375000
v 0.195000 0.310000 -0.350000
v 0.195000 0.285000 -0.375000
v 0.170000 0.285000 -0.350000
v 0.505000 0.170000 -0.150000
v 0.530000 0.195000 -0.150000
v 0.505000 0.195000 -0.125000
v 0.505000 0.310000 -0.150000
v 0.505000 0.285000 -0.125000
v 0.530000 0.285000 -0.150000
v 0.505000 0.170000 -0.350000
v 0.505000 0.195000 -0.375000
v 0.530000 0.195000 -0.350000
v 0.505000 0.310000 -0.350000
v 0.530000 0.285000 -0.350000
v 0.505000 0.285000 -0.375000
v 0.201000 0.157500 -0.366000
v 0.201000 0.163500 -0.360000
v 0.195000 0.163500 -0.366000
v 0.201000 0.196500 -0.360000
v 0.201000 0.202500 -0.366000
v 0.195000 0.196500 -0.366000
v 0.201000 0.157500 -0.454000
v 0.195000 0.163500 -0.454000
v 0.201000 0.163500 -0.460000
v 0.201000 0.202500 -0.454000
v 0.201000 0.196500 -0.460000
v 0.195000 0.196500 -0.454000
v 0.219000 0.157500 -0.366000
v 0.225000 0.163500 -0.366000
v 0.219000 0.163500 -0.360000
v 0.219000 0.202500 -0.366000
v 0.219000 0.196500 -0.360000
v 0.225000 0.196500 -0.366000
v 0.219000 0.157500 -0.454000
v 0.219000 0.163500 -0.460000
v 0.225000 0.163500 -0.454000
v 0.219000 0.202500 -0.454000
v 0.225000 0.196500 -0.454000
v 0.219000 0.196500 -0.460000
v 0.201000 0.157500 -0.046000
v 0.201000 0.163500 -0.040000
v 0.195000 0.163500 -0.046000
v 0.201000 0.196500 -0.040000
v 0.201000 0.202500 -0.046000
v 0.195000 0.196500 -0.046000
v 0.201000 0.157500 -0.134000
v 0.195000 0.163500 -0.134000
v 0.201000 0.163500 -0.140000
v 0.201000 0.202500 -0.134000
v 0.201000 0.196500 -0.140000
v 0.195000 0.196500 -0.134000
v 0.219000 0.157500 -0.046000
v 0.225000 0.163500 -0.046000
v 0.219000 0.163500 -0.040000
v 0.219000 0.202500 -0.046000
v 0.219000 0.196500 -0.040000
v 0.225000 0.196500 -0.046000
v 0.219000 0.157500 -0.134000
v 0.219000 0.163500 -0.140000
v 0.225000 0.163500 -0.134000
v 0.219000 0.202500 -0.134000
v 0.225000 0.196500 -0.134000
v 0.219000 0.196500 -0.140000
v 0.271000 0.157500 -0.366000
v 0.271000 0.163500 -0.360000
v 0.265000 0.163500 -0.366000
v 0.271000 0.196500 -0.360000
v 0.271000 0.202500 -0.366000
v 0.265000 0.196500 -0.366000
v 0.271000 0.157500 -0.454000
v 0.265000 0.163500 -0.454000
v 0.271000 0.163500 -0.460000
v 0.271000 0.202500 -0.454000
v 0.271000 0.196500 -0.460000
v 0.265000 0.196500 -0.454000
v 0.289000 0.157500 -0.366000
v 0.295000 0.163500 -0.366000
v 0.289000 0.163500 -0.360000
v 0.289000 0.202500 -0.366000
v 0.289000 0.196500 -0.360000
v 0.295000 0.196500 -0.366000
v 0.289000 0.157500 -0.454000
v 0.289000 0.163500 -0.460000
v 0.295000 0.163500 -0.454000
v 0.289000 0.202500 -0.454000
v 0.295000 0.196500 -0.454000
v 0.289000 0.196500 -0.460000
v 0.271000 0.157500 -0.046000
v 0.271000 0.163500 -0.040000
v 0.265000 0.163500 -0.046000
v 0.271000 0.196500 -0.040000
v 0.271000 0.202500 -0.046000
v 0.265000 0.196500 -0.046000
v 0.271000 0.157500 -0.134000
v 0.265000 0.163500 -0.134000
v 0.271000 0.163500 -0.140000
v 0.271000 0.202500 -0.134000
v 0.271000 0.196500 -0.140000
v 0.265000 0.196500 -0.134000
v 0.289000 0.157500 -0.046000
v 0.295000 0.163500 -0.046000
v 0.289000 0.163500 -0.040000
v 0.289000 0.202500 -0.046000
v 0.289000 0.196500 -0.040000
v 0.295000 0.196500 -0.046000
v 0.289000 0.157500 -0.134000
v 0.289000 0.163500 -0.140000
v 0.295000 0.163500 -0.134000
v 0.289000 0.202500 -0.134000
v 0.295000 0.196500 -0.134000
v 0.289000 0.196500 -0.140000
v 0.341000 0.157500 -0.366000
v 0.341000 0.163500 -0.360000
v 0.335000 0.163500 -0.366000
v 0.341000 0.196500 -0.360000
v 0.341000 0.202500 -0.366000
v 0.335000 0.196500 -0.366000
v 0.341000 0.157500 -0.454000
v 0.335000 0.163500 -0.454000
v 0.341000 0.163500 -0.460000
v 0.341000 0.202500 -0.454000
v 0.341000 0.196500 -0.460000
v 0.335000 0.196500 -0.454000
v 0.359000 0.157500 -0.366000
v 0.365000 0.163500 -0.366000
v 0.359000 0.163500 -0.360000
v 0.359000 0.202500 -0.366000
v 0.359000 0.196500 -0.360000
v 0.365000 0.196500 -0.366000
v 0.359000 0.157500 -0.454000
v 0.359000 0.163500 -0.460000
v 0.365000 0.163500 -0.454000
v 0.359000 0.202500 -0.454000
v 0.365000 0.196500 -0.454000
v 0.359000 0.196500 -0.460000
v 0.341000 0.157500 -0.046000
v 0.341000 0.163500 -0.040000
v 0.335000 0.163500 -0.046000
v 0.341000 0.196500 -0.040000
v 0.341000 0.202500 -0.046000
v 0.335000 0.196500 -0.046000
v 0.341000 0.157500 -0.134000
v 0.335000 0.163500 -0.134000
v 0.341000 0.163500 -0.140000
v 0.341000 0.202500 -0.134000
v 0.341000 0.196500 -0.140000
v 0.335000 0.196500 -0.134000
v 0.359000 0.157500 -0.046000
v 0.365000 0.163500 -0.046000
v 0.359000 0.163500 -0.040000
v 0.359000 0.202500 -0.046000
v 0.359000 0.196500 -0.040000
v 0.365000 0.196500 -0.046000
v 0.359000 0.157500 -0.134000
v 0.359000 0.163500 -0.140000
v 0.365000 0.163500 -0.134000
v 0.359000 0.202500 -0.134000
v 0.365000 0.196500 -0.134000
v 0.359000 0.196500 -0.140000
v 0.411000 0.157500 -0.366000
v 0.411000 0.163500 -0.360000
v 0.405000 0.163500 -0.366000
v 0.411000 0.196500 -0.360000
v 0.411000 0.202500 -0.366000
v 0.405000 0.196500 -0.366000
v 0.411000 0.157500 -0.454000
v 0.405000 0.163500 -0.454000
v 0.411000 0.163500 -0.460000
v 0.411000 0.202500 -0.454000
v 0.411000 0.196500 -0.460000
v 0.405000 0.196500 -0.454000
v 0.429000 0.157500 -0.366000
v 0.435000 0.163500 -0.366000
v 0.429000 0.163500 -0.360000
v 0.429000 0.202500 -0.366000
v 0.429000 0.196500 -0.360000
v 0.435000 0.196500 -0.366000
v 0.429000 0.157500 -0.454000
v 0.429000 0.163500 -0.460000
v 0.435000 0.163500 -0.454000
v 0.429000 0.202500 -0.454000
v 0.435000 0.196500 -0.454000
v 0.429000 0.196500 -0.460000
v 0.411000 0.157500 -0.046000
v 0.411000 0.163500 -0.040000
v 0.405000 0.163500 -0.046000
v 0.411000 0.196500 -0.040000
v 0.411000 0.202500 -0.046000
v 0.405000 0.196500 -0.046000
v 0.411000 0.157500 -0.134000
v 0.405000 0.163500 -0.134000
v 0.411000 0.163500 -0.140000
v 0.411000 0.202500 -0.134000
v 0.411000 0.196500 -0.140000
v 0.405000 0.196500 -0.134000
v 0.429000 0.157500 -0.046000
v 0.435000 0.163500 -0.046000
v 0.429000 0.163500 -0.040000
v 0.429000 0.202500 -0.046000
v 0.429000 0.196500 -0.040000
v 0.435000 0.196500 -0.046000
v 0.429000 0.157500 -0.134000
v 0.429000 0.163500 -0.140000
v 0.435000 0.163500 -0.134000
v 0.429000 0.202500 -0.134000
v 0.435000 0.196500 -0.134000
v 0.429000 0.196500 -0.140000
v 0.481000 0.157500 -0.366000
v 0.481000 0.163500 -0.360000
v 0.475000 0.163500 -0.366000
v 0.481000 0.196500 -0.360000
v 0.481000 0.202500 -0.366000
v 0.475000 0.196500 -0.366000
v 0.481000 0.157500 -0.454000
v 0.475000 0.163500 -0.454000
v 0.481000 0.163500 -0.460000
v 0.481000 0.202500 -0.454000
v 0.481000 0.196500 -0.460000
v 0.475000 0.196500 -0.454000
v 0.499000 0.157500 -0.366000
v 0.505000 0.163500 -0.366000
v 0.499000 0.163500 -0.360000
v 0.499000 0.202500 -0.366000
v 0.499000 0.196500 -0.360000
v 0.505000 0.196500 -0.366000
v 0.499000 0.157500 -0.454000
v 0.499000 0.163500 -0.460000
v 0.505000 0.163500 -0.454000
v 0.499000 0.202500 -0.454000
v 0.505000 0.196500 -0.454000
v 0.499000 0.196500 -0.460000
v 0.481000 0.157500 -0.046000
v 0.481000 0.163500 -0.040000
v 0.475000 0.163500 -0.046000
v 0.481000 0.196500 -0.040000
v 0.481000 0.202500 -0.046000
v 0.475000 0.196500 -0.046000
v 0.481000 0.157500 -0.134000
v 0.475000 0.163500 -0.134000
v 0.481000 0.163500 -0.140000
v 0.481000 0.202500 -0.134000
v 0.481000 0.196500 -0.140000
v 0.475000 0.196500 -0.134000
v 0.499000 0.157500 -0.046000
v 0.505000 0.163500 -0.046000
v 0.499000 0.163500 -0.040000
v 0.499000 0.202500 -0.046000
v 0.499000 0.196500 -0.040000
v 0.505000 0.196500 -0.046000
v 0.499000 0.157500 -0.134000
v 0.499000 0.163500 -0.140000
v 0.505000 0.163500 -0.134000
v 0.499000 0.202500 -0.134000
v 0.505000 0.196500 -0.134000
v 0.499000 0.196500 -0.140000
v -0.673000 0.162500 0.513000
v -0.673000 0.169500 0.520000
v -0.680000 0.169500 0.513000
v -0.673000 0.190500 0.520000
v -0.673000 0.197500 0.513000
v -0.680000 0.190500 0.513000
v -0.673000 0.162500 0.407000
v -0.680000 0.169500 0.407000
v -0.673000 0.169500 0.400000
v -0.673000 0.197500 0.407000
v -0.673000 0.190500 0.400000
v -0.680000 0.190500 0.407000
v -0.627000 0.162500 0.513000
v -0.620000 0.169500 0.513000
v -0.627000 0.169500 0.520000
v -0.627000 0.197500 0.513000
v -0.627000 0.190500 0.520000
v -0.620000 0.190500 0.513000
v -0.627000 0.162500 0.407000
v -0.627000 0.169500 0.400000
v -0.620000 0.169500 0.407000
v -0.627000 0.197500 0.407000
v -0.620000 0.190500 0.407000
v -0.627000 0.190500 0.400000
v -0.558000 0.162500 0.513000
v -0.558000 0.169500 0.520000
v -0.565000 0.169500 0.513000
v -0.558000 0.190500 0.520000
v -0.558000 0.197500 0.513000
v -0.565000 0.190500 0.513000
v -0.558000 0.162500 0.407000
v -0.565000 0.169500 0.407000
v -0.558000 0.169500 0.400000
v -0.558000 0.197500 0.407000
v -0.558000 0.190500 0.400000
v -0.565000 0.190500 0.407000
v -0.512000 0.162500 0.513000
v -0.505000 0.169500 0.513000
v -0.512000 0.169500 0.520000
v -0.512000 0.197500 0.513000
v -0.512000 0.190500 0.520000
v -0.505000 0.190500 0.513000
v -0.512000 0.162500 0.407000
v -0.512000 0.169500 0.400000
v -0.505000 0.169500 0.407000
v -0.512000 0.197500 0.407000
v -0.505000 0.190500 0.407000
v -0.512000 0.190500 0.400000
v -0.443000 0.162500 0.513000
v -0.443000 0.169500 0.520000
v -0.450000 0.169500 0.513000
v -0.443000 0.190500 0.520000
v -0.443000 0.197500 0.513000
v -0.450000 0.190500 0.513000
v -0.443000 0.162500 0.407000
v -0.450000 0.169500 0.407000
v -0.443000 0.169500 0.400000
v -0.443000 0.197500 0.407000
v -0.443000 0.190500 0.400000
v -0.450000 0.190500 0.407000
v -0.397000 0.162500 0.513000
v -0.390000 0.169500 0.513000
v -0.397000 0.169500 0.520000
v -0.397000 0.197500 0.513000
v -0.397000 0.190500 0.520000
v -0.390000 0.190500 0.513000
v -0.397000 0.162500 0.407000
v -0.397000 0.169500 0.400000
v -0.390000 0.169500 0.407000
v -0.397000 0.197500 0.407000
v -0.390000 0.190500 0.407000
v -0.397000 0.190500 0.400000
v -0.328000 0.162500 0.513000
v -0.328000 0.169500 0.520000
v -0.335000 0.169500 0.513000
v -0.328000 0.190500 0.520000
v -0.328000 0.197500 0.513000
v -0.335000 0.190500 0.513000
v -0.328000 0.162500 0.407000
v -0.335000 0.169500 0.407000
v -0.328000 0.169500 0.400000
v -0.328000 0.197500 0.407000
v -0.328000 0.190500 0.400000
v -0.335000 0.190500 0.407000
v -0.282000 0.162500 0.513000
v -0.275000 0.169500 0.513000
v -0.282000 0.169500 0.520000
v -0.282000 0.197500 0.513000
v -0.282000 0.190500 0.520000
v -0.275000 0.190500 0.513000
v -0.282000 0.162500 0.407000
v -0.282000 0.169500 0.400000
v -0.275000 0.169500 0.407000
v -0.282000 0.197500 0.407000
v -0.275000 0.190500 0.407000
v -0.282000 0.190500 0.400000
v -0.213000 0.162500 0.513000
v -0.213000 0.169500 0.520000
v -0.220000 0.169500 0.513000
v -0.213000 0.190500 0.520000
v -0.213000 0.197500 0.513000
v -0.220000 0.190500 0.513000
v -0.213000 0.162500 0.407000
v -0.220000 0.169500 0.407000
v -0.213000 0.169500 0.400000
v -0.213000 0.197500 0.407000
v -0.213000 0.190500 0.400000
v -0.220000 0.190500 0.407000
v -0.167000 0.162500 0.513000
v -0.160000 0.169500 0.513000
v -0.167000 0.169500 0.520000
v -0.167000 0.197500 0.513000
v -0.167000 0.190500 0.520000
v -0.160000 0.190500 0.513000
v -0.167000 0.162500 0.407000
v -0.167000 0.169500 0.400000
v -0.160000 0.169500 0.407000
v -0.167000 0.197500 0.407000
v -0.160000 0.190500 0.407000
v -0.167000 0.190500 0.400000
v -0.098000 0.162500 0.513000
v -0.098000 0.169500 0.520000
v -0.105000 0.169500 0.513000
v -0.098000 0.190500 0.520000
v -0.098000 0.197500 0.513000
v -0.105000 0.190500 0.513000
v -0.098000 0.162500 0.407000
v -0.105000 0.169500 0.407000
v -0.098000 0.169500 0.400000
v -0.098000 0.197500 0.407000
v -0.098000 0.190500 0.400000
v -0.105000 0.190500 0.407000
v -0.052000 0.162500 0.513000
v -0.045000 0.169500 0.513000
v -0.052000 0.169500 0.520000
v -0.052000 0.197500 0.513000
v -0.052000 0.190500 0.520000
v -0.045000 0.190500 0.513000
v -0.052000 0.162500 0.407000
v -0.052000 0.169500 0.400000
v -0.045000 0.169500 0.407000
v -0.052000 0.197500 0.407000
v -0.045000 0.190500 0.407000
v -0.052000 0.190500 0.400000
v 0.017000 0.162500 0.513000
v 0.017000 0.169500 0.520000
v 0.010000 0.169500 0.513000
v 0.017000 0.190500 0.520000
v 0.017000 0.197500 0.513000
v 0.010000 0.190500 0.513000
v 0.017000 0.162500 0.407000
v 0.010000 0.169500 0.407000
v 0.017000 0.169500 0.400000
v 0.017000 0.197500 0.407000
v 0.017000 0.190500 0.400000
v 0.010000 0.190500 0.407000
v 0.063000 0.162500 0.513000
v 0.070000 0.169500 0.513000
v 0.063000 0.169500 0.520000
v 0.063000 0.197500 0.513000
v 0.063000 0.190500 0.520000
v 0.070000 0.190500 0.513000
v 0.063000 0.162500 0.407000
v 0.063000 0.169500 0.400000
v 0.070000 0.169500 0.407000
v 0.063000 0.197500 0.407000
v 0.070000 0.190500 0.407000
v 0.063000 0.190500 0.400000
v 0.132000 0.162500 0.513000
v 0.132000 0.169500 0.520000
v 0.125000 0.169500 0.513000
v 0.132000 0.190500 0.520000
v 0.132000 0.197500 0.513000
v 0.125000 0.190500 0.513000
v 0.132000 0.162500 0.407000
v 0.125000 0.169500 0.407000
v 0.132000 0.169500 0.400000
v 0.132000 0.197500 0.407000
v 0.132000 0.190500 0.400000
v 0.125000 0.190500 0.407000
v 0.178000 0.162500 0.513000
v 0.185000 0.169500 0.513000
v 0.178000 0.169500 0.520000
v 0.178000 0.197500 0.513000
v 0.178000 0.190500 0.520000
v 0.185000 0.190500 0.513000
v 0.178000 0.162500 0.407000
v 0.178000 0.169500 0.400000
v 0.185000 0.169500 0.407000
v 0.178000 0.197500 0.407000
v 0.185000 0.190500 0.407000
v 0.178000 0.190500 0.400000
v 0.247000 0.162500 0.513000
v 0.247000 0.169500 0.520000
v 0.240000 0.169500 0.513000
v 0.247000 0.190500 0.520000
v 0.247000 0.197500 0.513000
v 0.240000 0.190500 0.513000
v 0.247000 0.162500 0.407000
v 0.240000 0.169500 0.407000
v 0.247000 0.169500 0.400000
v 0.247000 0.197500 0.407000
v 0.247000 0.190500 0.400000
v 0.240000 0.190500 0.407000
v 0.293000 0.162500 0.513000
v 0.300000 0.169500 0.513000
v 0.293000 0.169500 0.520000
v 0.293000 0.197500 0.513000
v 0.293000 0.190500 0.520000
v 0.300000 0.190500 0.513000
v 0.293000 0.162500 0.407000
v 0.293000 0.169500 0.400000
v 0.300000 0.169500 0.407000
v 0.293000 0.197500 0.407000
v 0.300000 0.190500 0.407000
v 0.293000 0.190500 0.400000
v 0.362000 0.162500 0.513000
v 0.362000 0.169500 0.520000
v 0.355000 0.169500 0.513000
v 0.362000 0.190500 0.520000
v 0.362000 0.197500 0.513000
v 0.355000 0.190500 0.513000
v 0.362000 0.162500 0.407000
v 0.355000 0.169500 0.407000
v 0.362000 0.169500 0.400000
v 0.362000 0.197500 0.407000
v 0.362000 0.190500 0.400000
v 0.355000 0.190500 0.407000
v 0.408000 0.162500 0.513000
v 0.415000 0.169500 0.513000
v 0.408000 0.169500 0.520000
v 0.408000 0.197500 0.513000
v 0.408000 0.190500 0.520000
v 0.415000 0.190500 0.513000
v 0.408000 0.162500 0.407000
v 0.408000 0.169500 0.400000
v 0.415000 0.169500 0.407000
v 0.408000 0.197500 0.407000
v 0.415000 0.190500 0.407000
v 0.408000 0.190500 0.400000
v 0.477000 0.162500 0.513000
v 0.477000 0.169500 0.520000
v 0.470000 0.169500 0.513000
v 0.477000 0.190500 0.520000
v 0.477000 0.197500 0.513000
v 0.470000 0.190500 0.513000
v 0.477000 0.162500 0.407000
v 0.470000 0.169500 0.407000
v 0.477000 0.169500 0.400000
v 0.477000 0.197500 0.407000
v 0.477000 0.190500 0.400000
v 0.470000 0.190500 0.407000
v 0.523000 0.162500 0.513000
v 0.530000 0.169500 0.513000
v 0.523000 0.169500 0.520000
v 0.523000 0.197500 0.513000
v 0.523000 0.190500 0.520000
v 0.530000 0.190500 0.513000
v 0.523000 0.162500 0.407000
v 0.523000 0.169500 0.400000
v 0.530000 0.169500 0.407000
v 0.523000 0.197500 0.407000
v 0.530000 0.190500 0.407000
v 0.523000 0.190500 0.400000
v 0.592000 0.162500 0.513000
v 0.592000 0.169500 0.520000
v 0.585000 0.169500 0.513000
v 0.592000 0.190500 0.520000
v 0.592000 0.197500 0.513000
v 0.585000 0.190500 0.513000
v 0.592000 0.162500 0.407000
v 0.585000 0.169500 0.407000
v 0.592000 0.169500 0.400000
v 0.592000 0.197500 0.407000
v 0.592000 0.190500 0.400000
v 0.585000 0.190500 0.407000
v 0.638000 0.162500 0.513000
v 0.645000 0.169500 0.513000
v 0.638000 0.169500 0.520000
v 0.638000 0.197500 0.513000
v 0.638000 0.190500 0.520000
v 0.645000 0.190500 0.513000
v 0.638000 0.162500 0.407000
v 0.638000 0.169500 0.400000
v 0.645000 0.169500 0.407000
v 0.638000 0.197500 0.407000
v 0.645000 0.190500 0.407000
v 0.638000 0.190500 0.400000
v -0.650000 0.175000 -0.440000
v -0.650000 0.205000 -0.440000
v -0.630000 0.175000 -0.434641
v -0.630000 0.205000 -0.434641
v -0.615359 0.175000 -0.420000
v -0.615359 0.205000 -0.420000
v -0.610000 0.175000 -0.400000
v -0.610000 0.205000 -0.400000
v -0.615359 0.175000 -0.380000
v -0.615359 0.205000 -0.380000
v -0.630000 0.175000 -0.365359
v -0.630000 0.205000 -0.365359
v -0.650000 0.175000 -0.360000
v -0.650000 0.205000 -0.360000
v -0.670000 0.175000 -0.365359
v -0.670000 0.205000 -0.365359
v -0.684641 0.175000 -0.380000
v -0.684641 0.205000 -0.380000
v -0.690000 0.175000 -0.400000
v -0.690000 0.205000 -0.400000
v -0.684641 0.175000 -0.420000
v -0.684641 0.205000 -0.420000
v -0.670000 0.175000 -0.434641
v -0.670000 0.205000 -0.434641
v -0.650000 0.175000 0.360000
v -0.650000 0.205000 0.360000
v -0.630000 0.175000 0.365359
v -0.630000 0.205000 0.365359
v -0.615359 0.175000 0.380000
v -0.615359 0.205000 0.380000
v -0.610000 0.175000 0.400000
v -0.610000 0.205000 0.400000
v -0.615359 0.175000 0.420000
v -0.615359 0.205000 0.420000
v -0.630000 0.175000 0.434641
v -0.630000 0.205000 0.434641
v -0.650000 0.175000 0.440000
v -0.650000 0.205000 0.440000
v -0.670000 0.175000 0.434641
v -0.670000 0.205000 0.434641
v -0.684641 0.175000 0.420000
v -0.684641 0.205000 0.420000
v -0.690000 0.175000 0.400000
v -0.690000 0.205000 0.400000
v -0.684641 0.175000 0.380000
v -0.684641 0.205000 0.380000
v -0.670000 0.175000 0.365359
v -0.670000 0.205000 0.365359
v 0.650000 0.175000 -0.440000
v 0.650000 0.205000 -0.440000
v 0.670000 0.175000 -0.434641
v 0.670000 0.205000 -0.434641
v 0.684641 0.175000 -0.420000
v 0.684641 0.205000 -0.420000
v 0.690000 0.175000 -0.400000
v 0.690000 0.205000 -0.400000
v 0.684641 0.175000 -0.380000
v 0.684641 0.205000 -0.380000
v 0.670000 0.175000 -0.365359
v 0.670000 0.205000 -0.365359
v 0.650000 0.175000 -0.360000
v 0.650000 0.205000 -0.360000
v 0.630000 0.175000 -0.365359
v 0.630000 0.205000 -0.365359
v 0.615359 0.175000 -0.380000
v 0.615359 0.205000 -0.380000
v 0.610000 0.175000 -0.400000
v 0.610000 0.205000 -0.400000
v 0.615359 0.175000 -0.420000
v 0.615359 0.205000 -0.420000
v 0.630000 0.175000 -0.434641
v 0.630000 0.205000 -0.434641
v 0.650000 0.175000 0.360000
v 0.650000 0.205000 0.360000
v 0.670000 0.175000 0.365359
v 0.670000 0.205000 0.365359
v 0.684641 0.175000 0.380000
v 0.684641 0.205000 0.380000
v 0.690000 0.175000 0.400000
v 0.690000 0.205000 0.400000
v 0.684641 0.175000 0.420000
v 0.684641 0.205000 0.420000
v 0.670000 0.175000 0.434641
v 0.670000 0.205000 0.434641
v 0.650000 0.175000 0.440000
v 0.650000 0.205000 0.440000
v 0.630000 0.175000 0.434641
v 0.630000 0.205000 0.434641
v 0.615359 0.175000 0.420000
v 0.615359 0.205000 0.420000
v 0.610000 0.175000 0.400000
v 0.610000 0.205000 0.400000
v 0.615359 0.175000 0.380000
v 0.615359 0.205000 0.380000
v 0.630000 0.175000 0.365359
v 0.630000 0.205000 0.365359
v -0.560000 0.150000 -0.250000
v -0.560000 0.170000 -0.230000
v -0.580000 0.170000 -0.250000
v -0.560000 0.230000 -0.230000
v -0.560000 0.250000 -0.250000
v -0.580000 0.230000 -0.250000
v -0.560000 0.150000 -0.350000
v -0.580000 0.170000 -0.350000
v -0.560000 0.170000 -0.370000
v -0.560000 0.250000 -0.350000
v -0.560000 0.230000 -0.370000
v -0.580000 0.230000 -0.350000
v -0.500000 0.150000 -0.250000
v -0.480000 0.170000 -0.250000
v -0.500000 0.170000 -0.230000
v -0.500000 0.250000 -0.250000
v -0.500000 0.230000 -0.230000
v -0.480000 0.230000 -0.250000
v -0.500000 0.150000 -0.350000
v -0.500000 0.170000 -0.370000
v -0.480000 0.170000 -0.350000
v -0.500000 0.250000 -0.350000
v -0.480000 0.230000 -0.350000
v -0.500000 0.230000 -0.370000
v -0.560000 0.150000 -0.050000
v -0.560000 0.170000 -0.030000
v -0.580000 0.170000 -0.050000
v -0.560000 0.230000 -0.030000
v -0.560000 0.250000 -0.050000
v -0.580000 0.230000 -0.050000
v -0.560000 0.150000 -0.150000
v -0.580000 0.170000 -0.150000
v -0.560000 0.170000 -0.170000
v -0.560000 0.250000 -0.150000
v -0.560000 0.230000 -0.170000
v -0.580000 0.230000 -0.150000
v -0.500000 0.150000 -0.050000
v -0.480000 0.170000 -0.050000
v -0.500000 0.170000 -0.030000
v -0.500000 0.250000 -0.050000
v -0.500000 0.230000 -0.030000
v -0.480000 0.230000 -0.050000
v -0.500000 0.150000 -0.150000
v -0.500000 0.170000 -0.170000
v -0.480000 0.170000 -0.150000
v -0.500000 0.250000 -0.150000
v -0.480000 0.230000 -0.150000
v -0.500000 0.230000 -0.170000
v -0.560000 0.150000 0.150000
v -0.560000 0.170000 0.170000
v -0.580000 0.170000 0.150000
v -0.560000 0.230000 0.170000
v -0.560000 0.250000 0.150000
v -0.580000 0.230000 0.150000
v -0.560000 0.150000 0.050000
v -0.580000 0.170000 0.050000
v -0.560000 0.170000 0.030000
v -0.560000 0.250000 0.050000
v -0.560000 0.230000 0.030000
v -0.580000 0.230000 0.050000
v -0.500000 0.150000 0.150000
v -0.480000 0.170000 0.150000
v -0.500000 0.170000 0.170000
v -0.500000 0.250000 0.150000
v -0.500000 0.230000 0.170000
v -0.480000 0.230000 0.150000
v -0.500000 0.150000 0.050000
v -0.500000 0.170000 0.030000
v -0.480000 0.170000 0.050000
v -0.500000 0.250000 0.050000
v -0.480000 0.230000 0.050000
v -0.500000 0.230000 0.030000
vn -0.5773 -0.5774 0.5774
vn -0.5773 0.5774 0.5774
vn -0.5773 -0.5774 -0.5774
vn -0.5773 0.5774 -0.5774
vn 0.5773 -0.5774 0.5774
vn 0.5773 0.5774 0.5774
vn 0.5773 -0.5774 -0.5774
vn 0.5773 0.5774 -0.5774
vn -0.7071 -0.7071 -0.0000
vn -0.7071 -0.0000 0.7071
vn -0.7071 0.7071 -0.0000
vn -0.7071 -0.0000 -0.7071
vn -0.0000 -0.7071 -0.7071
vn -0.0000 0.7071 -0.7071
vn 0.7071 -0.0000 -0.7071
vn 0.7071 -0.7071 -0.0000
vn 0.7071 0.7071 -0.0000
vn 0.7071 -0.0000 0.7071
vn -0.0000 -0.7071 0.7071
vn -0.0000 0.7071 0.7071
vn -0.0000 -1.0000 -0.0000
vn -1.0000 -0.0000 -0.0000
vn -0.0000 -0.0000 1.0000
vn -0.0000 1.0000 -0.0000
vn -0.0000 -0.0000 -1.0000
vn 1.0000 -0.0000 -0.0000
vn -0.5774 -0.5774 0.5773
vn -0.5774 0.5774 0.5773
vn -0.5774 -0.5774 -0.5773
vn -0.5774 0.5774 -0.5773
vn 0.5774 -0.5774 0.5774
vn 0.5774 0.5774 0.5774
vn 0.5774 -0.5774 -0.5774
vn 0.5774 0.5773 -0.5774
vn -0.5774 -0.5773 0.5774
vn -0.5774 0.5773 0.5774
vn -0.5774 -0.5773 -0.5774
vn -0.5774 0.5773 -0.5774
vn 0.5774 -0.5773 0.5774
vn 0.5774 0.5773 0.5774
vn 0.5774 -0.5773 -0.5774
vn -0.5773 0.5773 0.5774
vn -0.5773 0.5773 -0.5774
vn 0.5773 0.5773 0.5774
vn 0.5773 0.5773 -0.5774
vn -0.5774 -0.5773 0.5773
vn -0.5774 0.5773 0.5773
vn -0.5774 -0.5773 -0.5773
vn -0.5774 0.5773 -0.5773
vn 0.5774 -0.5773 0.5773
vn 0.5774 0.5773 0.5773
vn 0.5774 -0.5773 -0.5773
vn 0.5774 0.5773 -0.5773
vn 0.5774 0.5774 0.5773
vn -0.5774 0.5774 0.5774
vn 0.5774 -0.5774 0.5773
vn 0.5774 0.5774 -0.5773
vn -0.5774 -0.5774 0.5774
vn -0.5774 -0.5774 -0.5774
vn 0.5774 -0.5774 -0.5773
vn -0.5773 -0.5773 0.5774
vn 0.5773 -0.5773 0.5774
vn -0.5773 -0.5774 -0.5773
vn 0.5773 -0.5774 0.5773
vn 0.5773 0.5774 0.5773
vn 0.5773 -0.5774 -0.5773
vn 0.5773 0.5774 -0.5773
vn -0.5773 0.5774 -0.5773
vn -0.5773 -0.5774 0.5773
vn -0.5773 0.5774 0.5773
vn 0.2588 -0.0000 -0.9659
vn 0.9659 -0.0000 -0.2588
vn 0.9659 -0.0000 0.2588
vn 0.2588 -0.0000 0.9659
vn -0.2588 -0.0000 0.9659
vn -0.9659 -0.0000 0.2588
vn -0.9659 -0.0000 -0.2588
vn -0.2588 -0.0000 -0.9659
vn 0.5774 0.5774 -0.5774
vt 0.125000 0.125000
vt 0.875000 0.125000
vt 0.375000 0.875000
vt 0.125000 0.625000
s 0
usemtl WorldPickupPalette
f 1/1/1 2/1/1 3/1/1
f 4/1/2 5/1/2 6/1/2
f 7/1/3 8/1/3 9/1/3
f 10/1/4 11/1/4 12/1/4
f 13/1/5 14/1/5 15/1/5
f 16/1/6 17/1/6 18/1/6
f 19/1/7 20/1/7 21/1/7
f 22/1/8 23/1/8 24/1/8
f 1/1/9 8/1/9 7/1/9
f 4/1/10 3/1/10 2/1/10
f 10/1/11 6/1/11 5/1/11
f 9/1/12 12/1/12 11/1/12
f 7/1/13 20/1/13 19/1/13
f 22/1/14 11/1/14 10/1/14
f 21/1/15 24/1/15 23/1/15
f 19/1/16 14/1/16 13/1/16
f 16/1/17 23/1/17 22/1/17
f 15/1/18 18/1/18 17/1/18
f 13/1/19 2/1/19 1/1/19
f 5/1/20 17/1/20 16/1/20
f 19/1/21 1/1/21 7/1/21
f 6/1/22 8/1/22 3/1/22
f 17/1/23 2/1/23 15/1/23
f 10/1/24 16/1/24 22/1/24
f 11/1/25 20/1/25 9/1/25
f 23/1/26 14/1/26 21/1/26
f 25/2/27 26/2/27 27/2/27
f 28/2/28 29/2/28 30/2/28
f 31/2/29 32/2/29 33/2/29
f 34/2/30 35/2/30 36/2/30
f 37/2/31 38/2/31 39/2/31
f 40/2/32 41/2/32 42/2/32
f 43/2/33 44/2/33 45/2/33
f 46/2/34 47/2/34 48/2/34
f 25/2/9 32/2/9 31/2/9
f 28/2/10 27/2/10 26/2/10
f 34/2/11 30/2/11 29/2/11
f 33/2/12 36/2/12 35/2/12
f 31/2/13 44/2/13 43/2/13
f 46/2/14 35/2/14 34/2/14
f 45/2/15 48/2/15 47/2/15
f 43/2/16 38/2/16 37/2/16
f 40/2/17 47/2/17 46/2/17
f 39/2/18 42/2/18 41/2/18
f 37/2/19 26/2/19 25/2/19
f 29/2/20 41/2/20 40/2/20
f 43/2/21 25/2/21 31/2/21
f 30/2/22 32/2/22 27/2/22
f 41/2/23 26/2/23 39/2/23
f 34/2/24 40/2/24 46/2/24
f 35/2/25 44/2/25 33/2/25
f 47/2/26 38/2/26 45/2/26
f 49/3/35 50/3/35 51/3/35
f 52/3/36 53/3/36 54/3/36
f 55/3/37 56/3/37 57/3/37
f 58/3/38 59/3/38 60/3/38
f 61/3/39 62/3/39 63/3/39
f 64/3/40 65/3/40 66/3/40
f 67/3/41 68/3/41 69/3/41
f 70/3/34 71/3/34 72/3/34
f 49/3/9 56/3/9 55/3/9
f 52/3/10 51/3/10 50/3/10
f 58/3/11 54/3/11 53/3/11
f 57/3/12 60/3/12 59/3/12
f 55/3/13 68/3/13 67/3/13
f 70/3/14 59/3/14 58/3/14
f 69/3/15 72/3/15 71/3/15
f 67/3/16 62/3/16 61/3/16
f 64/3/17 71/3/17 70/3/17
f 63/3/18 66/3/18 65/3/18
f 61/3/19 50/3/19 49/3/19
f 53/3/20 65/3/20 64/3/20
f 67/3/21 49/3/21 55/3/21
f 54/3/22 56/3/22 51/3/22
f 65/3/23 50/3/23 63/3/23
f 58/3/24 64/3/24 70/3/24
f 59/3/25 68/3/25 57/3/25
f 71/3/26 62/3/26 69/3/26
f 73/3/35 74/3/35 75/3/35
f 76/3/42 77/3/42 78/3/42
f 79/3/37 80/3/37 81/3/37
f 82/3/43 83/3/43 84/3/43
f 85/3/39 86/3/39 87/3/39
f 88/3/44 89/3/44 90/3/44
f 91/3/41 92/3/41 93/3/41
f 94/3/45 95/3/45 96/3/45
f 73/3/9 80/3/9 79/3/9
f 76/3/10 75/3/10 74/3/10
f 82/3/11 78/3/11 77/3/11
f 81/3/12 84/3/12 83/3/12
f 79/3/13 92/3/13 91/3/13
f 94/3/14 83/3/14 82/3/14
f 93/3/15 96/3/15 95/3/15
f 91/3/16 86/3/16 85/3/16
f 88/3/17 95/3/17 94/3/17
f 87/3/18 90/3/18 89/3/18
f 85/3/19 74/3/19 73/3/19
f 77/3/20 89/3/20 88/3/20
f 91/3/21 73/3/21 79/3/21
f 78/3/22 80/3/22 75/3/22
f 89/3/23 74/3/23 87/3/23
f 82/3/24 88/3/24 94/3/24
f 83/3/25 92/3/25 81/3/25
f 95/3/26 86/3/26 93/3/26
f 97/3/46 98/3/46 99/3/46
f 100/3/47 101/3/47 102/3/47
f 103/3/48 104/3/48 105/3/48
f 106/3/49 107/3/49 108/3/49
f 109/3/50 110/3/50 111/3/50
f 112/3/51 113/3/51 114/3/51
f 115/3/52 116/3/52 117/3/52
f 118/3/53 119/3/53 120/3/53
f 97/3/9 104/3/9 103/3/9
f 100/3/10 99/3/10 98/3/10
f 106/3/11 102/3/11 101/3/11
f 105/3/12 108/3/12 107/3/12
f 103/3/13 116/3/13 115/3/13
f 118/3/14 107/3/14 106/3/14
f 117/3/15 120/3/15 119/3/15
f 115/3/16 110/3/16 109/3/16
f 112/3/17 119/3/17 118/3/17
f 111/3/18 114/3/18 113/3/18
f 109/3/19 98/3/19 97/3/19
f 101/3/20 113/3/20 112/3/20
f 115/3/21 97/3/21 103/3/21
f 102/3/22 104/3/22 99/3/22
f 113/3/23 98/3/23 111/3/23
f 106/3/24 112/3/24 118/3/24
f 107/3/25 116/3/25 105/3/25
f 119/3/26 110/3/26 117/3/26
f 121/3/46 122/3/46 123/3/46
f 124/3/28 125/3/28 126/3/28
f 127/3/48 128/3/48 129/3/48
f 130/3/49 131/3/49 132/3/49
f 133/3/50 134/3/50 135/3/50
f 136/3/54 137/3/54 138/3/54
f 139/3/52 140/3/52 141/3/52
f 142/3/53 143/3/53 144/3/53
f 121/3/9 128/3/9 127/3/9
f 124/3/10 123/3/10 122/3/10
f 130/3/11 126/3/11 125/3/11
f 129/3/12 132/3/12 131/3/12
f 127/3/13 140/3/13 139/3/13
f 142/3/14 131/3/14 130/3/14
f 141/3/15 144/3/15 143/3/15
f 139/3/16 134/3/16 133/3/16
f 136/3/17 143/3/17 142/3/17
f 135/3/18 138/3/18 137/3/18
f 133/3/19 122/3/19 121/3/19
f 125/3/20 137/3/20 136/3/20
f 139/3/21 121/3/21 127/3/21
f 126/3/22 128/3/22 123/3/22
f 137/3/23 122/3/23 135/3/23
f 130/3/24 136/3/24 142/3/24
f 131/3/25 140/3/25 129/3/25
f 143/3/26 134/3/26 141/3/26
f 145/3/46 146/3/46 147/3/46
f 148/3/47 149/3/47 150/3/47
f 151/3/48 152/3/48 153/3/48
f 154/3/49 155/3/49 156/3/49
f 157/3/39 158/3/39 159/3/39
f 160/3/40 161/3/40 162/3/40
f 163/3/41 164/3/41 165/3/41
f 166/3/34 167/3/34 168/3/34
f 145/3/9 152/3/9 151/3/9
f 148/3/10 147/3/10 146/3/10
f 154/3/11 150/3/11 149/3/11
f 153/3/12 156/3/12 155/3/12
f 151/3/13 164/3/13 163/3/13
f 166/3/14 155/3/14 154/3/14
f 165/3/15 168/3/15 167/3/15
f 163/3/16 158/3/16 157/3/16
f 160/3/17 167/3/17 166/3/17
f 159/3/18 162/3/18 161/3/18
f 157/3/19 146/3/19 145/3/19
f 149/3/20 161/3/20 160/3/20
f 163/3/21 145/3/21 151/3/21
f 150/3/22 152/3/22 147/3/22
f 161/3/23 146/3/23 159/3/23
f 154/3/24 160/3/24 166/3/24
f 155/3/25 164/3/25 153/3/25
f 167/3/26 158/3/26 165/3/26
f 169/3/46 170/3/46 171/3/46
f 172/3/28 173/3/28 174/3/28
f 175/3/48 176/3/48 177/3/48
f 178/3/49 179/3/49 180/3/49
f 181/3/39 182/3/39 183/3/39
f 184/3/40 185/3/40 186/3/40
f 187/3/41 188/3/41 189/3/41
f 190/3/34 191/3/34 192/3/34
f 169/3/9 176/3/9 175/3/9
f 172/3/10 171/3/10 170/3/10
f 178/3/11 174/3/11 173/3/11
f 177/3/12 180/3/12 179/3/12
f 175/3/13 188/3/13 187/3/13
f 190/3/14 179/3/14 178/3/14
f 189/3/15 192/3/15 191/3/15
f 187/3/16 182/3/16 181/3/16
f 184/3/17 191/3/17 190/3/17
f 183/3/18 186/3/18 185/3/18
f 181/3/19 170/3/19 169/3/19
f 173/3/20 185/3/20 184/3/20
f 187/3/21 169/3/21 175/3/21
f 174/3/22 176/3/22 171/3/22
f 185/3/23 170/3/23 183/3/23
f 178/3/24 184/3/24 190/3/24
f 179/3/25 188/3/25 177/3/25
f 191/3/26 182/3/26 189/3/26
f 193/3/46 194/3/46 195/3/46
f 196/3/55 197/3/55 198/3/55
f 199/3/37 200/3/37 201/3/37
f 202/3/38 203/3/38 204/3/38
f 205/3/50 206/3/50 207/3/50
f 208/3/32 209/3/32 210/3/32
f 211/3/41 212/3/41 213/3/41
f 214/3/34 215/3/34 216/3/34
f 193/3/9 200/3/9 199/3/9
f 196/3/10 195/3/10 194/3/10
f 202/3/11 198/3/11 197/3/11
f 201/3/12 204/3/12 203/3/12
f 199/3/13 212/3/13 211/3/13
f 214/3/14 203/3/14 202/3/14
f 213/3/15 216/3/15 215/3/15
f 211/3/16 206/3/16 205/3/16
f 208/3/17 215/3/17 214/3/17
f 207/3/18 210/3/18 209/3/18
f 205/3/19 194/3/19 193/3/19
f 197/3/20 209/3/20 208/3/20
f 211/3/21 193/3/21 199/3/21
f 198/3/22 200/3/22 195/3/22
f 209/3/23 194/3/23 207/3/23
f 202/3/24 208/3/24 214/3/24
f 203/3/25 212/3/25 201/3/25
f 215/3/26 206/3/26 213/3/26
f 217/3/35 218/3/35 219/3/35
f 220/3/36 221/3/36 222/3/36
f 223/3/48 224/3/48 225/3/48
f 226/3/38 227/3/38 228/3/38
f 229/3/39 230/3/39 231/3/39
f 232/3/40 233/3/40 234/3/40
f 235/3/52 236/3/52 237/3/52
f 238/3/34 239/3/34 240/3/34
f 217/3/9 224/3/9 223/3/9
f 220/3/10 219/3/10 218/3/10
f 226/3/11 222/3/11 221/3/11
f 225/3/12 228/3/12 227/3/12
f 223/3/13 236/3/13 235/3/13
f 238/3/14 227/3/14 226/3/14
f 237/3/15 240/3/15 239/3/15
f 235/3/16 230/3/16 229/3/16
f 232/3/17 239/3/17 238/3/17
f 231/3/18 234/3/18 233/3/18
f 229/3/19 218/3/19 217/3/19
f 221/3/20 233/3/20 232/3/20
f 235/3/21 217/3/21 223/3/21
f 222/3/22 224/3/22 219/3/22
f 233/3/23 218/3/23 231/3/23
f 226/3/24 232/3/24 238/3/24
f 227/3/25 236/3/25 225/3/25
f 239/3/26 230/3/26 237/3/26
f 241/3/46 242/3/46 243/3/46
f 244/3/55 245/3/55 246/3/55
f 247/3/37 248/3/37 249/3/37
f 250/3/38 251/3/38 252/3/38
f 253/3/56 254/3/56 255/3/56
f 256/3/54 257/3/54 258/3/54
f 259/3/41 260/3/41 261/3/41
f 262/3/34 263/3/34 264/3/34
f 241/3/9 248/3/9 247/3/9
f 244/3/10 243/3/10 242/3/10
f 250/3/11 246/3/11 245/3/11
f 249/3/12 252/3/12 251/3/12
f 247/3/13 260/3/13 259/3/13
f 262/3/14 251/3/14 250/3/14
f 261/3/15 264/3/15 263/3/15
f 259/3/16 254/3/16 253/3/16
f 256/3/17 263/3/17 262/3/17
f 255/3/18 258/3/18 257/3/18
f 253/3/19 242/3/19 241/3/19
f 245/3/20 257/3/20 256/3/20
f 259/3/21 241/3/21 247/3/21
f 246/3/22 248/3/22 243/3/22
f 257/3/23 242/3/23 255/3/23
f 250/3/24 256/3/24 262/3/24
f 251/3/25 260/3/25 249/3/25
f 263/3/26 254/3/26 261/3/26
f 265/3/35 266/3/35 267/3/35
f 268/3/36 269/3/36 270/3/36
f 271/3/48 272/3/48 273/3/48
f 274/3/38 275/3/38 276/3/38
f 277/3/50 278/3/50 279/3/50
f 280/3/51 281/3/51 282/3/51
f 283/3/52 284/3/52 285/3/52
f 286/3/57 287/3/57 288/3/57
f 265/3/9 272/3/9 271/3/9
f 268/3/10 267/3/10 266/3/10
f 274/3/11 270/3/11 269/3/11
f 273/3/12 276/3/12 275/3/12
f 271/3/13 284/3/13 283/3/13
f 286/3/14 275/3/14 274/3/14
f 285/3/15 288/3/15 287/3/15
f 283/3/16 278/3/16 277/3/16
f 280/3/17 287/3/17 286/3/17
f 279/3/18 282/3/18 281/3/18
f 277/3/19 266/3/19 265/3/19
f 269/3/20 281/3/20 280/3/20
f 283/3/21 265/3/21 271/3/21
f 270/3/22 272/3/22 267/3/22
f 281/3/23 266/3/23 279/3/23
f 274/3/24 280/3/24 286/3/24
f 275/3/25 284/3/25 273/3/25
f 287/3/26 278/3/26 285/3/26
f 289/2/58 290/2/58 291/2/58
f 292/2/36 293/2/36 294/2/36
f 295/2/59 296/2/59 297/2/59
f 298/2/38 299/2/38 300/2/38
f 301/2/31 302/2/31 303/2/31
f 304/2/51 305/2/51 306/2/51
f 307/2/60 308/2/60 309/2/60
f 310/2/57 311/2/57 312/2/57
f 289/2/9 296/2/9 295/2/9
f 292/2/10 291/2/10 290/2/10
f 298/2/11 294/2/11 293/2/11
f 297/2/12 300/2/12 299/2/12
f 295/2/13 308/2/13 307/2/13
f 310/2/14 299/2/14 298/2/14
f 309/2/15 312/2/15 311/2/15
f 307/2/16 302/2/16 301/2/16
f 304/2/17 311/2/17 310/2/17
f 303/2/18 306/2/18 305/2/18
f 301/2/19 290/2/19 289/2/19
f 293/2/20 305/2/20 304/2/20
f 307/2/21 289/2/21 295/2/21
f 294/2/22 296/2/22 291/2/22
f 305/2/23 290/2/23 303/2/23
f 298/2/24 304/2/24 310/2/24
f 299/2/25 308/2/25 297/2/25
f 311/2/26 302/2/26 309/2/26
f 313/3/46 314/3/46 315/3/46
f 316/3/47 317/3/47 318/3/47
f 319/3/48 320/3/48 321/3/48
f 322/3/30 323/3/30 324/3/30
f 325/3/39 326/3/39 327/3/39
f 328/3/40 329/3/40 330/3/40
f 331/3/52 332/3/52 333/3/52
f 334/3/34 335/3/34 336/3/34
f 313/3/9 320/3/9 319/3/9
f 316/3/10 315/3/10 314/3/10
f 322/3/11 318/3/11 317/3/11
f 321/3/12 324/3/12 323/3/12
f 319/3/13 332/3/13 331/3/13
f 334/3/14 323/3/14 322/3/14
f 333/3/15 336/3/15 335/3/15
f 331/3/16 326/3/16 325/3/16
f 328/3/17 335/3/17 334/3/17
f 327/3/18 330/3/18 329/3/18
f 325/3/19 314/3/19 313/3/19
f 317/3/20 329/3/20 328/3/20
f 331/3/21 313/3/21 319/3/21
f 318/3/22 320/3/22 315/3/22
f 329/3/23 314/3/23 327/3/23
f 322/3/24 328/3/24 334/3/24
f 323/3/25 332/3/25 321/3/25
f 335/3/26 326/3/26 333/3/26
f 337/3/35 338/3/35 339/3/35
f 340/3/36 341/3/36 342/3/36
f 343/3/37 344/3/37 345/3/37
f 346/3/38 347/3/38 348/3/38
f 349/3/39 350/3/39 351/3/39
f 352/3/40 353/3/40 354/3/40
f 355/3/41 356/3/41 357/3/41
f 358/3/34 359/3/34 360/3/34
f 337/3/9 344/3/9 343/3/9
f 340/3/10 339/3/10 338/3/10
f 346/3/11 342/3/11 341/3/11
f 345/3/12 348/3/12 347/3/12
f 343/3/13 356/3/13 355/3/13
f 358/3/14 347/3/14 346/3/14
f 357/3/15 360/3/15 359/3/15
f 355/3/16 350/3/16 349/3/16
f 352/3/17 359/3/17 358/3/17
f 351/3/18 354/3/18 353/3/18
f 349/3/19 338/3/19 337/3/19
f 341/3/20 353/3/20 352/3/20
f 355/3/21 337/3/21 343/3/21
f 342/3/22 344/3/22 339/3/22
f 353/3/23 338/3/23 351/3/23
f 346/3/24 352/3/24 358/3/24
f 347/3/25 356/3/25 345/3/25
f 359/3/26 350/3/26 357/3/26
f 361/3/35 362/3/35 363/3/35
f 364/3/36 365/3/36 366/3/36
f 367/3/48 368/3/48 369/3/48
f 370/3/38 371/3/38 372/3/38
f 373/3/39 374/3/39 375/3/39
f 376/3/40 377/3/40 378/3/40
f 379/3/52 380/3/52 381/3/52
f 382/3/34 383/3/34 384/3/34
f 361/3/9 368/3/9 367/3/9
f 364/3/10 363/3/10 362/3/10
f 370/3/11 366/3/11 365/3/11
f 369/3/12 372/3/12 371/3/12
f 367/3/13 380/3/13 379/3/13
f 382/3/14 371/3/14 370/3/14
f 381/3/15 384/3/15 383/3/15
f 379/3/16 374/3/16 373/3/16
f 376/3/17 383/3/17 382/3/17
f 375/3/18 378/3/18 377/3/18
f 373/3/19 362/3/19 361/3/19
f 365/3/20 377/3/20 376/3/20
f 379/3/21 361/3/21 367/3/21
f 366/3/22 368/3/22 363/3/22
f 377/3/23 362/3/23 375/3/23
f 370/3/24 376/3/24 382/3/24
f 371/3/25 380/3/25 369/3/25
f 383/3/26 374/3/26 381/3/26
f 385/3/35 386/3/35 387/3/35
f 388/3/36 389/3/36 390/3/36
f 391/3/37 392/3/37 393/3/37
f 394/3/38 395/3/38 396/3/38
f 397/3/39 398/3/39 399/3/39
f 400/3/40 401/3/40 402/3/40
f 403/3/41 404/3/41 405/3/41
f 406/3/34 407/3/34 408/3/34
f 385/3/9 392/3/9 391/3/9
f 388/3/10 387/3/10 386/3/10
f 394/3/11 390/3/11 389/3/11
f 393/3/12 396/3/12 395/3/12
f 391/3/13 404/3/13 403/3/13
f 406/3/14 395/3/14 394/3/14
f 405/3/15 408/3/15 407/3/15
f 403/3/16 398/3/16 397/3/16
f 400/3/17 407/3/17 406/3/17
f 399/3/18 402/3/18 401/3/18
f 397/3/19 386/3/19 385/3/19
f 389/3/20 401/3/20 400/3/20
f 403/3/21 385/3/21 391/3/21
f 390/3/22 392/3/22 387/3/22
f 401/3/23 386/3/23 399/3/23
f 394/3/24 400/3/24 406/3/24
f 395/3/25 404/3/25 393/3/25
f 407/3/26 398/3/26 405/3/26
f 409/3/35 410/3/35 411/3/35
f 412/3/36 413/3/36 414/3/36
f 415/3/37 416/3/37 417/3/37
f 418/3/38 419/3/38 420/3/38
f 421/3/56 422/3/56 423/3/56
f 424/3/54 425/3/54 426/3/54
f 427/3/52 428/3/52 429/3/52
f 430/3/53 431/3/53 432/3/53
f 409/3/9 416/3/9 415/3/9
f 412/3/10 411/3/10 410/3/10
f 418/3/11 414/3/11 413/3/11
f 417/3/12 420/3/12 419/3/12
f 415/3/13 428/3/13 427/3/13
f 430/3/14 419/3/14 418/3/14
f 429/3/15 432/3/15 431/3/15
f 427/3/16 422/3/16 421/3/16
f 424/3/17 431/3/17 430/3/17
f 423/3/18 426/3/18 425/3/18
f 421/3/19 410/3/19 409/3/19
f 413/3/20 425/3/20 424/3/20
f 427/3/21 409/3/21 415/3/21
f 414/3/22 416/3/22 411/3/22
f 425/3/23 410/3/23 423/3/23
f 418/3/24 424/3/24 430/3/24
f 419/3/25 428/3/25 417/3/25
f 431/3/26 422/3/26 429/3/26
f 433/3/35 434/3/35 435/3/35
f 436/3/36 437/3/36 438/3/36
f 439/3/37 440/3/37 441/3/37
f 442/3/38 443/3/38 444/3/38
f 445/3/50 446/3/50 447/3/50
f 448/3/51 449/3/51 450/3/51
f 451/3/52 452/3/52 453/3/52
f 454/3/53 455/3/53 456/3/53
f 433/3/9 440/3/9 439/3/9
f 436/3/10 435/3/10 434/3/10
f 442/3/11 438/3/11 437/3/11
f 441/3/12 444/3/12 443/3/12
f 439/3/13 452/3/13 451/3/13
f 454/3/14 443/3/14 442/3/14
f 453/3/15 456/3/15 455/3/15
f 451/3/16 446/3/16 445/3/16
f 448/3/17 455/3/17 454/3/17
f 447/3/18 450/3/18 449/3/18
f 445/3/19 434/3/19 433/3/19
f 437/3/20 449/3/20 448/3/20
f 451/3/21 433/3/21 439/3/21
f 438/3/22 440/3/22 435/3/22
f 449/3/23 434/3/23 447/3/23
f 442/3/24 448/3/24 454/3/24
f 443/3/25 452/3/25 441/3/25
f 455/3/26 446/3/26 453/3/26
f 457/3/27 458/3/27 459/3/27
f 460/3/28 461/3/28 462/3/28
f 463/3/48 464/3/48 465/3/48
f 466/3/49 467/3/49 468/3/49
f 469/3/56 470/3/56 471/3/56
f 472/3/54 473/3/54 474/3/54
f 475/3/52 476/3/52 477/3/52
f 478/3/53 479/3/53 480/3/53
f 457/3/9 464/3/9 463/3/9
f 460/3/10 459/3/10 458/3/10
f 466/3/11 462/3/11 461/3/11
f 465/3/12 468/3/12 467/3/12
f 463/3/13 476/3/13 475/3/13
f 478/3/14 467/3/14 466/3/14
f 477/3/15 480/3/15 479/3/15
f 475/3/16 470/3/16 469/3/16
f 472/3/17 479/3/17 478/3/17
f 471/3/18 474/3/18 473/3/18
f 469/3/19 458/3/19 457/3/19
f 461/3/20 473/3/20 472/3/20
f 475/3/21 457/3/21 463/3/21
f 462/3/22 464/3/22 459/3/22
f 473/3/23 458/3/23 471/3/23
f 466/3/24 472/3/24 478/3/24
f 467/3/25 476/3/25 465/3/25
f 479/3/26 470/3/26 477/3/26
f 481/3/46 482/3/46 483/3/46
f 484/3/47 485/3/47 486/3/47
f 487/3/48 488/3/48 489/3/48
f 490/3/49 491/3/49 492/3/49
f 493/3/50 494/3/50 495/3/50
f 496/3/51 497/3/51 498/3/51
f 499/3/52 500/3/52 501/3/52
f 502/3/53 503/3/53 504/3/53
f 481/3/9 488/3/9 487/3/9
f 484/3/10 483/3/10 482/3/10
f 490/3/11 486/3/11 485/3/11
f 489/3/12 492/3/12 491/3/12
f 487/3/13 500/3/13 499/3/13
f 502/3/14 491/3/14 490/3/14
f 501/3/15 504/3/15 503/3/15
f 499/3/16 494/3/16 493/3/16
f 496/3/17 503/3/17 502/3/17
f 495/3/18 498/3/18 497/3/18
f 493/3/19 482/3/19 481/3/19
f 485/3/20 497/3/20 496/3/20
f 499/3/21 481/3/21 487/3/21
f 486/3/22 488/3/22 483/3/22
f 497/3/23 482/3/23 495/3/23
f 490/3/24 496/3/24 502/3/24
f 491/3/25 500/3/25 489/3/25
f 503/3/26 494/3/26 501/3/26
f 505/3/61 506/3/61 507/3/61
f 508/3/42 509/3/42 510/3/42
f 511/3/37 512/3/37 513/3/37
f 514/3/43 515/3/43 516/3/43
f 517/3/62 518/3/62 519/3/62
f 520/3/44 521/3/44 522/3/44
f 523/3/41 524/3/41 525/3/41
f 526/3/45 527/3/45 528/3/45
f 505/3/9 512/3/9 511/3/9
f 508/3/10 507/3/10 506/3/10
f 514/3/11 510/3/11 509/3/11
f 513/3/12 516/3/12 515/3/12
f 511/3/13 524/3/13 523/3/13
f 526/3/14 515/3/14 514/3/14
f 525/3/15 528/3/15 527/3/15
f 523/3/16 518/3/16 517/3/16
f 520/3/17 527/3/17 526/3/17
f 519/3/18 522/3/18 521/3/18
f 517/3/19 506/3/19 505/3/19
f 509/3/20 521/3/20 520/3/20
f 523/3/21 505/3/21 511/3/21
f 510/3/22 512/3/22 507/3/22
f 521/3/23 506/3/23 519/3/23
f 514/3/24 520/3/24 526/3/24
f 515/3/25 524/3/25 513/3/25
f 527/3/26 518/3/26 525/3/26
f 529/3/35 530/3/35 531/3/35
f 532/3/36 533/3/36 534/3/36
f 535/3/37 536/3/37 537/3/37
f 538/3/38 539/3/38 540/3/38
f 541/3/39 542/3/39 543/3/39
f 544/3/40 545/3/40 546/3/40
f 547/3/41 548/3/41 549/3/41
f 550/3/34 551/3/34 552/3/34
f 529/3/9 536/3/9 535/3/9
f 532/3/10 531/3/10 530/3/10
f 538/3/11 534/3/11 533/3/11
f 537/3/12 540/3/12 539/3/12
f 535/3/13 548/3/13 547/3/13
f 550/3/14 539/3/14 538/3/14
f 549/3/15 552/3/15 551/3/15
f 547/3/16 542/3/16 541/3/16
f 544/3/17 551/3/17 550/3/17
f 543/3/18 546/3/18 545/3/18
f 541/3/19 530/3/19 529/3/19
f 533/3/20 545/3/20 544/3/20
f 547/3/21 529/3/21 535/3/21
f 534/3/22 536/3/22 531/3/22
f 545/3/23 530/3/23 543/3/23
f 538/3/24 544/3/24 550/3/24
f 539/3/25 548/3/25 537/3/25
f 551/3/26 542/3/26 549/3/26
f 553/2/58 554/2/58 555/2/58
f 556/2/47 557/2/47 558/2/47
f 559/2/63 560/2/63 561/2/63
f 562/2/30 563/2/30 564/2/30
f 565/2/56 566/2/56 567/2/56
f 568/2/51 569/2/51 570/2/51
f 571/2/33 572/2/33 573/2/33
f 574/2/53 575/2/53 576/2/53
f 553/2/9 560/2/9 559/2/9
f 556/2/10 555/2/10 554/2/10
f 562/2/11 558/2/11 557/2/11
f 561/2/12 564/2/12 563/2/12
f 559/2/13 572/2/13 571/2/13
f 574/2/14 563/2/14 562/2/14
f 573/2/15 576/2/15 575/2/15
f 571/2/16 566/2/16 565/2/16
f 568/2/17 575/2/17 574/2/17
f 567/2/18 570/2/18 569/2/18
f 565/2/19 554/2/19 553/2/19
f 557/2/20 569/2/20 568/2/20
f 571/2/21 553/2/21 559/2/21
f 558/2/22 560/2/22 555/2/22
f 569/2/23 554/2/23 567/2/23
f 562/2/24 568/2/24 574/2/24
f 563/2/25 572/2/25 561/2/25
f 575/2/26 566/2/26 573/2/26
f 577/3/1 578/3/1 579/3/1
f 580/3/2 581/3/2 582/3/2
f 583/3/3 584/3/3 585/3/3
f 586/3/4 587/3/4 588/3/4
f 589/3/64 590/3/64 591/3/64
f 592/3/65 593/3/65 594/3/65
f 595/3/66 596/3/66 597/3/66
f 598/3/67 599/3/67 600/3/67
f 577/3/9 584/3/9 583/3/9
f 580/3/10 579/3/10 578/3/10
f 586/3/11 582/3/11 581/3/11
f 585/3/12 588/3/12 587/3/12
f 583/3/13 596/3/13 595/3/13
f 598/3/14 587/3/14 586/3/14
f 597/3/15 600/3/15 599/3/15
f 595/3/16 590/3/16 589/3/16
f 592/3/17 599/3/17 598/3/17
f 591/3/18 594/3/18 593/3/18
f 589/3/19 578/3/19 577/3/19
f 581/3/20 593/3/20 592/3/20
f 595/3/21 577/3/21 583/3/21
f 582/3/22 584/3/22 579/3/22
f 593/3/23 578/3/23 591/3/23
f 586/3/24 592/3/24 598/3/24
f 587/3/25 596/3/25 585/3/25
f 599/3/26 590/3/26 597/3/26
f 601/3/35 602/3/35 603/3/35
f 604/3/42 605/3/42 606/3/42
f 607/3/37 608/3/37 609/3/37
f 610/3/38 611/3/38 612/3/38
f 613/3/39 614/3/39 615/3/39
f 616/3/40 617/3/40 618/3/40
f 619/3/41 620/3/41 621/3/41
f 622/3/34 623/3/34 624/3/34
f 601/3/9 608/3/9 607/3/9
f 604/3/10 603/3/10 602/3/10
f 610/3/11 606/3/11 605/3/11
f 609/3/12 612/3/12 611/3/12
f 607/3/13 620/3/13 619/3/13
f 622/3/14 611/3/14 610/3/14
f 621/3/15 624/3/15 623/3/15
f 619/3/16 614/3/16 613/3/16
f 616/3/17 623/3/17 622/3/17
f 615/3/18 618/3/18 617/3/18
f 613/3/19 602/3/19 601/3/19
f 605/3/20 617/3/20 616/3/20
f 619/3/21 601/3/21 607/3/21
f 606/3/22 608/3/22 603/3/22
f 617/3/23 602/3/23 615/3/23
f 610/3/24 616/3/24 622/3/24
f 611/3/25 620/3/25 609/3/25
f 623/3/26 614/3/26 621/3/26
f 625/3/35 626/3/35 627/3/35
f 628/3/36 629/3/36 630/3/36
f 631/3/63 632/3/63 633/3/63
f 634/3/68 635/3/68 636/3/68
f 637/3/39 638/3/39 639/3/39
f 640/3/40 641/3/40 642/3/40
f 643/3/66 644/3/66 645/3/66
f 646/3/67 647/3/67 648/3/67
f 625/3/9 632/3/9 631/3/9
f 628/3/10 627/3/10 626/3/10
f 634/3/11 630/3/11 629/3/11
f 633/3/12 636/3/12 635/3/12
f 631/3/13 644/3/13 643/3/13
f 646/3/14 635/3/14 634/3/14
f 645/3/15 648/3/15 647/3/15
f 643/3/16 638/3/16 637/3/16
f 640/3/17 647/3/17 646/3/17
f 639/3/18 642/3/18 641/3/18
f 637/3/19 626/3/19 625/3/19
f 629/3/20 641/3/20 640/3/20
f 643/3/21 625/3/21 631/3/21
f 630/3/22 632/3/22 627/3/22
f 641/3/23 626/3/23 639/3/23
f 634/3/24 640/3/24 646/3/24
f 635/3/25 644/3/25 633/3/25
f 647/3/26 638/3/26 645/3/26
f 649/3/35 650/3/35 651/3/35
f 652/3/36 653/3/36 654/3/36
f 655/3/37 656/3/37 657/3/37
f 658/3/38 659/3/38 660/3/38
f 661/3/39 662/3/39 663/3/39
f 664/3/40 665/3/40 666/3/40
f 667/3/41 668/3/41 669/3/41
f 670/3/34 671/3/34 672/3/34
f 649/3/9 656/3/9 655/3/9
f 652/3/10 651/3/10 650/3/10
f 658/3/11 654/3/11 653/3/11
f 657/3/12 660/3/12 659/3/12
f 655/3/13 668/3/13 667/3/13
f 670/3/14 659/3/14 658/3/14
f 669/3/15 672/3/15 671/3/15
f 667/3/16 662/3/16 661/3/16
f 664/3/17 671/3/17 670/3/17
f 663/3/18 666/3/18 665/3/18
f 661/3/19 650/3/19 649/3/19
f 653/3/20 665/3/20 664/3/20
f 667/3/21 649/3/21 655/3/21
f 654/3/22 656/3/22 651/3/22
f 665/3/23 650/3/23 663/3/23
f 658/3/24 664/3/24 670/3/24
f 659/3/25 668/3/25 657/3/25
f 671/3/26 662/3/26 669/3/26
f 673/3/35 674/3/35 675/3/35
f 676/3/36 677/3/36 678/3/36
f 679/3/3 680/3/3 681/3/3
f 682/3/4 683/3/4 684/3/4
f 685/3/39 686/3/39 687/3/39
f 688/3/40 689/3/40 690/3/40
f 691/3/7 692/3/7 693/3/7
f 694/3/8 695/3/8 696/3/8
f 673/3/9 680/3/9 679/3/9
f 676/3/10 675/3/10 674/3/10
f 682/3/11 678/3/11 677/3/11
f 681/3/12 684/3/12 683/3/12
f 679/3/13 692/3/13 691/3/13
f 694/3/14 683/3/14 682/3/14
f 693/3/15 696/3/15 695/3/15
f 691/3/16 686/3/16 685/3/16
f 688/3/17 695/3/17 694/3/17
f 687/3/18 690/3/18 689/3/18
f 685/3/19 674/3/19 673/3/19
f 677/3/20 689/3/20 688/3/20
f 691/3/21 673/3/21 679/3/21
f 678/3/22 680/3/22 675/3/22
f 689/3/23 674/3/23 687/3/23
f 682/3/24 688/3/24 694/3/24
f 683/3/25 692/3/25 681/3/25
f 695/3/26 686/3/26 693/3/26
f 697/3/35 698/3/35 699/3/35
f 700/3/36 701/3/36 702/3/36
f 703/3/37 704/3/37 705/3/37
f 706/3/38 707/3/38 708/3/38
f 709/3/39 710/3/39 711/3/39
f 712/3/44 713/3/44 714/3/44
f 715/3/41 716/3/41 717/3/41
f 718/3/34 719/3/34 720/3/34
f 697/3/9 704/3/9 703/3/9
f 700/3/10 699/3/10 698/3/10
f 706/3/11 702/3/11 701/3/11
f 705/3/12 708/3/12 707/3/12
f 703/3/13 716/3/13 715/3/13
f 718/3/14 707/3/14 706/3/14
f 717/3/15 720/3/15 719/3/15
f 715/3/16 710/3/16 709/3/16
f 712/3/17 719/3/17 718/3/17
f 711/3/18 714/3/18 713/3/18
f 709/3/19 698/3/19 697/3/19
f 701/3/20 713/3/20 712/3/20
f 715/3/21 697/3/21 703/3/21
f 702/3/22 704/3/22 699/3/22
f 713/3/23 698/3/23 711/3/23
f 706/3/24 712/3/24 718/3/24
f 707/3/25 716/3/25 705/3/25
f 719/3/26 710/3/26 717/3/26
f 721/3/46 722/3/46 723/3/46
f 724/3/47 725/3/47 726/3/47
f 727/3/29 728/3/29 729/3/29
f 730/3/30 731/3/30 732/3/30
f 733/3/50 734/3/50 735/3/50
f 736/3/51 737/3/51 738/3/51
f 739/3/60 740/3/60 741/3/60
f 742/3/57 743/3/57 744/3/57
f 721/3/9 728/3/9 727/3/9
f 724/3/10 723/3/10 722/3/10
f 730/3/11 726/3/11 725/3/11
f 729/3/12 732/3/12 731/3/12
f 727/3/13 740/3/13 739/3/13
f 742/3/14 731/3/14 730/3/14
f 741/3/15 744/3/15 743/3/15
f 739/3/16 734/3/16 733/3/16
f 736/3/17 743/3/17 742/3/17
f 735/3/18 738/3/18 737/3/18
f 733/3/19 722/3/19 721/3/19
f 725/3/20 737/3/20 736/3/20
f 739/3/21 721/3/21 727/3/21
f 726/3/22 728/3/22 723/3/22
f 737/3/23 722/3/23 735/3/23
f 730/3/24 736/3/24 742/3/24
f 731/3/25 740/3/25 729/3/25
f 743/3/26 734/3/26 741/3/26
f 745/3/46 746/3/46 747/3/46
f 748/3/47 749/3/47 750/3/47
f 751/3/48 752/3/48 753/3/48
f 754/3/49 755/3/49 756/3/49
f 757/3/50 758/3/50 759/3/50
f 760/3/51 761/3/51 762/3/51
f 763/3/52 764/3/52 765/3/52
f 766/3/53 767/3/53 768/3/53
f 745/3/9 752/3/9 751/3/9
f 748/3/10 747/3/10 746/3/10
f 754/3/11 750/3/11 749/3/11
f 753/3/12 756/3/12 755/3/12
f 751/3/13 764/3/13 763/3/13
f 766/3/14 755/3/14 754/3/14
f 765/3/15 768/3/15 767/3/15
f 763/3/16 758/3/16 757/3/16
f 760/3/17 767/3/17 766/3/17
f 759/3/18 762/3/18 761/3/18
f 757/3/19 746/3/19 745/3/19
f 749/3/20 761/3/20 760/3/20
f 763/3/21 745/3/21 751/3/21
f 750/3/22 752/3/22 747/3/22
f 761/3/23 746/3/23 759/3/23
f 754/3/24 760/3/24 766/3/24
f 755/3/25 764/3/25 753/3/25
f 767/3/26 758/3/26 765/3/26
f 769/3/46 770/3/46 771/3/46
f 772/3/47 773/3/47 774/3/47
f 775/3/29 776/3/29 777/3/29
f 778/3/30 779/3/30 780/3/30
f 781/3/50 782/3/50 783/3/50
f 784/3/51 785/3/51 786/3/51
f 787/3/60 788/3/60 789/3/60
f 790/3/57 791/3/57 792/3/57
f 769/3/9 776/3/9 775/3/9
f 772/3/10 771/3/10 770/3/10
f 778/3/11 774/3/11 773/3/11
f 777/3/12 780/3/12 779/3/12
f 775/3/13 788/3/13 787/3/13
f 790/3/14 779/3/14 778/3/14
f 789/3/15 792/3/15 791/3/15
f 787/3/16 782/3/16 781/3/16
f 784/3/17 791/3/17 790/3/17
f 783/3/18 786/3/18 785/3/18
f 781/3/19 770/3/19 769/3/19
f 773/3/20 785/3/20 784/3/20
f 787/3/21 769/3/21 775/3/21
f 774/3/22 776/3/22 771/3/22
f 785/3/23 770/3/23 783/3/23
f 778/3/24 784/3/24 790/3/24
f 779/3/25 788/3/25 777/3/25
f 791/3/26 782/3/26 789/3/26
f 793/3/46 794/3/46 795/3/46
f 796/3/47 797/3/47 798/3/47
f 799/3/48 800/3/48 801/3/48
f 802/3/49 803/3/49 804/3/49
f 805/3/50 806/3/50 807/3/50
f 808/3/51 809/3/51 810/3/51
f 811/3/52 812/3/52 813/3/52
f 814/3/53 815/3/53 816/3/53
f 793/3/9 800/3/9 799/3/9
f 796/3/10 795/3/10 794/3/10
f 802/3/11 798/3/11 797/3/11
f 801/3/12 804/3/12 803/3/12
f 799/3/13 812/3/13 811/3/13
f 814/3/14 803/3/14 802/3/14
f 813/3/15 816/3/15 815/3/15
f 811/3/16 806/3/16 805/3/16
f 808/3/17 815/3/17 814/3/17
f 807/3/18 810/3/18 809/3/18
f 805/3/19 794/3/19 793/3/19
f 797/3/20 809/3/20 808/3/20
f 811/3/21 793/3/21 799/3/21
f 798/3/22 800/3/22 795/3/22
f 809/3/23 794/3/23 807/3/23
f 802/3/24 808/3/24 814/3/24
f 803/3/25 812/3/25 801/3/25
f 815/3/26 806/3/26 813/3/26
f 817/3/35 818/3/35 819/3/35
f 820/3/36 821/3/36 822/3/36
f 823/3/48 824/3/48 825/3/48
f 826/3/49 827/3/49 828/3/49
f 829/3/39 830/3/39 831/3/39
f 832/3/40 833/3/40 834/3/40
f 835/3/52 836/3/52 837/3/52
f 838/3/53 839/3/53 840/3/53
f 817/3/9 824/3/9 823/3/9
f 820/3/10 819/3/10 818/3/10
f 826/3/11 822/3/11 821/3/11
f 825/3/12 828/3/12 827/3/12
f 823/3/13 836/3/13 835/3/13
f 838/3/14 827/3/14 826/3/14
f 837/3/15 840/3/15 839/3/15
f 835/3/16 830/3/16 829/3/16
f 832/3/17 839/3/17 838/3/17
f 831/3/18 834/3/18 833/3/18
f 829/3/19 818/3/19 817/3/19
f 821/3/20 833/3/20 832/3/20
f 835/3/21 817/3/21 823/3/21
f 822/3/22 824/3/22 819/3/22
f 833/3/23 818/3/23 831/3/23
f 826/3/24 832/3/24 838/3/24
f 827/3/25 836/3/25 825/3/25
f 839/3/26 830/3/26 837/3/26
f 841/3/35 842/3/35 843/3/35
f 844/3/36 845/3/36 846/3/36
f 847/3/37 848/3/37 849/3/37
f 850/3/38 851/3/38 852/3/38
f 853/3/39 854/3/39 855/3/39
f 856/3/40 857/3/40 858/3/40
f 859/3/52 860/3/52 861/3/52
f 862/3/53 863/3/53 864/3/53
f 841/3/9 848/3/9 847/3/9
f 844/3/10 843/3/10 842/3/10
f 850/3/11 846/3/11 845/3/11
f 849/3/12 852/3/12 851/3/12
f 847/3/13 860/3/13 859/3/13
f 862/3/14 851/3/14 850/3/14
f 861/3/15 864/3/15 863/3/15
f 859/3/16 854/3/16 853/3/16
f 856/3/17 863/3/17 862/3/17
f 855/3/18 858/3/18 857/3/18
f 853/3/19 842/3/19 841/3/19
f 845/3/20 857/3/20 856/3/20
f 859/3/21 841/3/21 847/3/21
f 846/3/22 848/3/22 843/3/22
f 857/3/23 842/3/23 855/3/23
f 850/3/24 856/3/24 862/3/24
f 851/3/25 860/3/25 849/3/25
f 863/3/26 854/3/26 861/3/26
f 865/3/1 866/3/1 867/3/1
f 868/3/2 869/3/2 870/3/2
f 871/3/37 872/3/37 873/3/37
f 874/3/38 875/3/38 876/3/38
f 877/3/5 878/3/5 879/3/5
f 880/3/6 881/3/6 882/3/6
f 883/3/41 884/3/41 885/3/41
f 886/3/34 887/3/34 888/3/34
f 865/3/9 872/3/9 871/3/9
f 868/3/10 867/3/10 866/3/10
f 874/3/11 870/3/11 869/3/11
f 873/3/12 876/3/12 875/3/12
f 871/3/13 884/3/13 883/3/13
f 886/3/14 875/3/14 874/3/14
f 885/3/15 888/3/15 887/3/15
f 883/3/16 878/3/16 877/3/16
f 880/3/17 887/3/17 886/3/17
f 879/3/18 882/3/18 881/3/18
f 877/3/19 866/3/19 865/3/19
f 869/3/20 881/3/20 880/3/20
f 883/3/21 865/3/21 871/3/21
f 870/3/22 872/3/22 867/3/22
f 881/3/23 866/3/23 879/3/23
f 874/3/24 880/3/24 886/3/24
f 875/3/25 884/3/25 873/3/25
f 887/3/26 878/3/26 885/3/26
f 889/3/69 890/3/69 891/3/69
f 892/3/28 893/3/28 894/3/28
f 895/3/48 896/3/48 897/3/48
f 898/3/49 899/3/49 900/3/49
f 901/3/5 902/3/5 903/3/5
f 904/3/65 905/3/65 906/3/65
f 907/3/41 908/3/41 909/3/41
f 910/3/34 911/3/34 912/3/34
f 889/3/9 896/3/9 895/3/9
f 892/3/10 891/3/10 890/3/10
f 898/3/11 894/3/11 893/3/11
f 897/3/12 900/3/12 899/3/12
f 895/3/13 908/3/13 907/3/13
f 910/3/14 899/3/14 898/3/14
f 909/3/15 912/3/15 911/3/15
f 907/3/16 902/3/16 901/3/16
f 904/3/17 911/3/17 910/3/17
f 903/3/18 906/3/18 905/3/18
f 901/3/19 890/3/19 889/3/19
f 893/3/20 905/3/20 904/3/20
f 907/3/21 889/3/21 895/3/21
f 894/3/22 896/3/22 891/3/22
f 905/3/23 890/3/23 903/3/23
f 898/3/24 904/3/24 910/3/24
f 899/3/25 908/3/25 897/3/25
f 911/3/26 902/3/26 909/3/26
f 913/3/1 914/3/1 915/3/1
f 916/3/70 917/3/70 918/3/70
f 919/3/37 920/3/37 921/3/37
f 922/3/38 923/3/38 924/3/38
f 925/3/5 926/3/5 927/3/5
f 928/3/65 929/3/65 930/3/65
f 931/3/41 932/3/41 933/3/41
f 934/3/34 935/3/34 936/3/34
f 913/3/9 920/3/9 919/3/9
f 916/3/10 915/3/10 914/3/10
f 922/3/11 918/3/11 917/3/11
f 921/3/12 924/3/12 923/3/12
f 919/3/13 932/3/13 931/3/13
f 934/3/14 923/3/14 922/3/14
f 933/3/15 936/3/15 935/3/15
f 931/3/16 926/3/16 925/3/16
f 928/3/17 935/3/17 934/3/17
f 927/3/18 930/3/18 929/3/18
f 925/3/19 914/3/19 913/3/19
f 917/3/20 929/3/20 928/3/20
f 931/3/21 913/3/21 919/3/21
f 918/3/22 920/3/22 915/3/22
f 929/3/23 914/3/23 927/3/23
f 922/3/24 928/3/24 934/3/24
f 923/3/25 932/3/25 921/3/25
f 935/3/26 926/3/26 933/3/26
f 937/3/1 938/3/1 939/3/1
f 940/3/70 941/3/70 942/3/70
f 943/3/37 944/3/37 945/3/37
f 946/3/38 947/3/38 948/3/38
f 949/3/62 950/3/62 951/3/62
f 952/3/40 953/3/40 954/3/40
f 955/3/41 956/3/41 957/3/41
f 958/3/34 959/3/34 960/3/34
f 937/3/9 944/3/9 943/3/9
f 940/3/10 939/3/10 938/3/10
f 946/3/11 942/3/11 941/3/11
f 945/3/12 948/3/12 947/3/12
f 943/3/13 956/3/13 955/3/13
f 958/3/14 947/3/14 946/3/14
f 957/3/15 960/3/15 959/3/15
f 955/3/16 950/3/16 949/3/16
f 952/3/17 959/3/17 958/3/17
f 951/3/18 954/3/18 953/3/18
f 949/3/19 938/3/19 937/3/19
f 941/3/20 953/3/20 952/3/20
f 955/3/21 937/3/21 943/3/21
f 942/3/22 944/3/22 939/3/22
f 953/3/23 938/3/23 951/3/23
f 946/3/24 952/3/24 958/3/24
f 947/3/25 956/3/25 945/3/25
f 959/3/26 950/3/26 957/3/26
f 961/3/1 962/3/1 963/3/1
f 964/3/2 965/3/2 966/3/2
f 967/3/37 968/3/37 969/3/37
f 970/3/38 971/3/38 972/3/38
f 973/3/62 974/3/62 975/3/62
f 976/3/40 977/3/40 978/3/40
f 979/3/60 980/3/60 981/3/60
f 982/3/67 983/3/67 984/3/67
f 961/3/9 968/3/9 967/3/9
f 964/3/10 963/3/10 962/3/10
f 970/3/11 966/3/11 965/3/11
f 969/3/12 972/3/12 971/3/12
f 967/3/13 980/3/13 979/3/13
f 982/3/14 971/3/14 970/3/14
f 981/3/15 984/3/15 983/3/15
f 979/3/16 974/3/16 973/3/16
f 976/3/17 983/3/17 982/3/17
f 975/3/18 978/3/18 977/3/18
f 973/3/19 962/3/19 961/3/19
f 965/3/20 977/3/20 976/3/20
f 979/3/21 961/3/21 967/3/21
f 966/3/22 968/3/22 963/3/22
f 977/3/23 962/3/23 975/3/23
f 970/3/24 976/3/24 982/3/24
f 971/3/25 980/3/25 969/3/25
f 983/3/26 974/3/26 981/3/26
f 985/3/1 986/3/1 987/3/1
f 988/3/70 989/3/70 990/3/70
f 991/3/37 992/3/37 993/3/37
f 994/3/38 995/3/38 996/3/38
f 997/3/5 998/3/5 999/3/5
f 1000/3/65 1001/3/65 1002/3/65
f 1003/3/41 1004/3/41 1005/3/41
f 1006/3/34 1007/3/34 1008/3/34
f 985/3/9 992/3/9 991/3/9
f 988/3/10 987/3/10 986/3/10
f 994/3/11 990/3/11 989/3/11
f 993/3/12 996/3/12 995/3/12
f 991/3/13 1004/3/13 1003/3/13
f 1006/3/14 995/3/14 994/3/14
f 1005/3/15 1008/3/15 1007/3/15
f 1003/3/16 998/3/16 997/3/16
f 1000/3/17 1007/3/17 1006/3/17
f 999/3/18 1002/3/18 1001/3/18
f 997/3/19 986/3/19 985/3/19
f 989/3/20 1001/3/20 1000/3/20
f 1003/3/21 985/3/21 991/3/21
f 990/3/22 992/3/22 987/3/22
f 1001/3/23 986/3/23 999/3/23
f 994/3/24 1000/3/24 1006/3/24
f 995/3/25 1004/3/25 993/3/25
f 1007/3/26 998/3/26 1005/3/26
f 1009/3/1 1010/3/1 1011/3/1
f 1012/3/70 1013/3/70 1014/3/70
f 1015/3/37 1016/3/37 1017/3/37
f 1018/3/38 1019/3/38 1020/3/38
f 1021/3/5 1022/3/5 1023/3/5
f 1024/3/44 1025/3/44 1026/3/44
f 1027/3/41 1028/3/41 1029/3/41
f 1030/3/45 1031/3/45 1032/3/45
f 1009/3/9 1016/3/9 1015/3/9
f 1012/3/10 1011/3/10 1010/3/10
f 1018/3/11 1014/3/11 1013/3/11
f 1017/3/12 1020/3/12 1019/3/12
f 1015/3/13 1028/3/13 1027/3/13
f 1030/3/14 1019/3/14 1018/3/14
f 1029/3/15 1032/3/15 1031/3/15
f 1027/3/16 1022/3/16 1021/3/16
f 1024/3/17 1031/3/17 1030/3/17
f 1023/3/18 1026/3/18 1025/3/18
f 1021/3/19 1010/3/19 1009/3/19
f 1013/3/20 1025/3/20 1024/3/20
f 1027/3/21 1009/3/21 1015/3/21
f 1014/3/22 1016/3/22 1011/3/22
f 1025/3/23 1010/3/23 1023/3/23
f 1018/3/24 1024/3/24 1030/3/24
f 1019/3/25 1028/3/25 1017/3/25
f 1031/3/26 1022/3/26 1029/3/26
f 1033/3/1 1034/3/1 1035/3/1
f 1036/3/2 1037/3/2 1038/3/2
f 1039/3/37 1040/3/37 1041/3/37
f 1042/3/38 1043/3/38 1044/3/38
f 1045/3/64 1046/3/64 1047/3/64
f 1048/3/54 1049/3/54 1050/3/54
f 1051/3/52 1052/3/52 1053/3/52
f 1054/3/53 1055/3/53 1056/3/53
f 1033/3/9 1040/3/9 1039/3/9
f 1036/3/10 1035/3/10 1034/3/10
f 1042/3/11 1038/3/11 1037/3/11
f 1041/3/12 1044/3/12 1043/3/12
f 1039/3/13 1052/3/13 1051/3/13
f 1054/3/14 1043/3/14 1042/3/14
f 1053/3/15 1056/3/15 1055/3/15
f 1051/3/16 1046/3/16 1045/3/16
f 1048/3/17 1055/3/17 1054/3/17
f 1047/3/18 1050/3/18 1049/3/18
f 1045/3/19 1034/3/19 1033/3/19
f 1037/3/20 1049/3/20 1048/3/20
f 1051/3/21 1033/3/21 1039/3/21
f 1038/3/22 1040/3/22 1035/3/22
f 1049/3/23 1034/3/23 1047/3/23
f 1042/3/24 1048/3/24 1054/3/24
f 1043/3/25 1052/3/25 1041/3/25
f 1055/3/26 1046/3/26 1053/3/26
f 1057/3/69 1058/3/69 1059/3/69
f 1060/3/28 1061/3/28 1062/3/28
f 1063/3/48 1064/3/48 1065/3/48
f 1066/3/49 1067/3/49 1068/3/49
f 1069/3/39 1070/3/39 1071/3/39
f 1072/3/40 1073/3/40 1074/3/40
f 1075/3/52 1076/3/52 1077/3/52
f 1078/3/53 1079/3/53 1080/3/53
f 1057/3/9 1064/3/9 1063/3/9
f 1060/3/10 1059/3/10 1058/3/10
f 1066/3/11 1062/3/11 1061/3/11
f 1065/3/12 1068/3/12 1067/3/12
f 1063/3/13 1076/3/13 1075/3/13
f 1078/3/14 1067/3/14 1066/3/14
f 1077/3/15 1080/3/15 1079/3/15
f 1075/3/16 1070/3/16 1069/3/16
f 1072/3/17 1079/3/17 1078/3/17
f 1071/3/18 1074/3/18 1073/3/18
f 1069/3/19 1058/3/19 1057/3/19
f 1061/3/20 1073/3/20 1072/3/20
f 1075/3/21 1057/3/21 1063/3/21
f 1062/3/22 1064/3/22 1059/3/22
f 1073/3/23 1058/3/23 1071/3/23
f 1066/3/24 1072/3/24 1078/3/24
f 1067/3/25 1076/3/25 1065/3/25
f 1079/3/26 1070/3/26 1077/3/26
f 1081/3/35 1082/3/35 1083/3/35
f 1084/3/36 1085/3/36 1086/3/36
f 1087/3/48 1088/3/48 1089/3/48
f 1090/3/49 1091/3/49 1092/3/49
f 1093/3/39 1094/3/39 1095/3/39
f 1096/3/40 1097/3/40 1098/3/40
f 1099/3/52 1100/3/52 1101/3/52
f 1102/3/53 1103/3/53 1104/3/53
f 1081/3/9 1088/3/9 1087/3/9
f 1084/3/10 1083/3/10 1082/3/10
f 1090/3/11 1086/3/11 1085/3/11
f 1089/3/12 1092/3/12 1091/3/12
f 1087/3/13 1100/3/13 1099/3/13
f 1102/3/14 1091/3/14 1090/3/14
f 1101/3/15 1104/3/15 1103/3/15
f 1099/3/16 1094/3/16 1093/3/16
f 1096/3/17 1103/3/17 1102/3/17
f 1095/3/18 1098/3/18 1097/3/18
f 1093/3/19 1082/3/19 1081/3/19
f 1085/3/20 1097/3/20 1096/3/20
f 1099/3/21 1081/3/21 1087/3/21
f 1086/3/22 1088/3/22 1083/3/22
f 1097/3/23 1082/3/23 1095/3/23
f 1090/3/24 1096/3/24 1102/3/24
f 1091/3/25 1100/3/25 1089/3/25
f 1103/3/26 1094/3/26 1101/3/26
f 1106/4/71 1107/4/71 1105/4/71
f 1108/4/15 1109/4/15 1107/4/15
f 1110/4/72 1111/4/72 1109/4/72
f 1112/4/73 1113/4/73 1111/4/73
f 1114/4/18 1115/4/18 1113/4/18
f 1116/4/74 1117/4/74 1115/4/74
f 1118/4/75 1119/4/75 1117/4/75
f 1120/4/10 1121/4/10 1119/4/10
f 1122/4/76 1123/4/76 1121/4/76
f 1124/4/77 1125/4/77 1123/4/77
f 1106/4/24 1126/4/24 1118/4/24
f 1126/4/12 1127/4/12 1125/4/12
f 1128/4/78 1105/4/78 1127/4/78
f 1119/4/21 1123/4/21 1127/4/21
f 1130/4/71 1131/4/71 1129/4/71
f 1132/4/15 1133/4/15 1131/4/15
f 1134/4/72 1135/4/72 1133/4/72
f 1136/4/73 1137/4/73 1135/4/73
f 1138/4/18 1139/4/18 1137/4/18
f 1140/4/74 1141/4/74 1139/4/74
f 1142/4/75 1143/4/75 1141/4/75
f 1144/4/10 1145/4/10 1143/4/10
f 1146/4/76 1147/4/76 1145/4/76
f 1148/4/77 1149/4/77 1147/4/77
f 1130/4/24 1150/4/24 1142/4/24
f 1150/4/12 1151/4/12 1149/4/12
f 1152/4/78 1129/4/78 1151/4/78
f 1143/4/21 1147/4/21 1151/4/21
f 1154/4/71 1155/4/71 1153/4/71
f 1156/4/15 1157/4/15 1155/4/15
f 1158/4/72 1159/4/72 1157/4/72
f 1160/4/73 1161/4/73 1159/4/73
f 1162/4/18 1163/4/18 1161/4/18
f 1164/4/74 1165/4/74 1163/4/74
f 1166/4/75 1167/4/75 1165/4/75
f 1168/4/10 1169/4/10 1167/4/10
f 1170/4/76 1171/4/76 1169/4/76
f 1172/4/77 1173/4/77 1171/4/77
f 1154/4/24 1174/4/24 1166/4/24
f 1174/4/12 1175/4/12 1173/4/12
f 1176/4/78 1153/4/78 1175/4/78
f 1167/4/21 1171/4/21 1175/4/21
f 1178/4/71 1179/4/71 1177/4/71
f 1180/4/15 1181/4/15 1179/4/15
f 1182/4/72 1183/4/72 1181/4/72
f 1184/4/73 1185/4/73 1183/4/73
f 1186/4/18 1187/4/18 1185/4/18
f 1188/4/74 1189/4/74 1187/4/74
f 1190/4/75 1191/4/75 1189/4/75
f 1192/4/10 1193/4/10 1191/4/10
f 1194/4/76 1195/4/76 1193/4/76
f 1196/4/77 1197/4/77 1195/4/77
f 1178/4/24 1198/4/24 1190/4/24
f 1198/4/12 1199/4/12 1197/4/12
f 1200/4/78 1177/4/78 1199/4/78
f 1191/4/21 1195/4/21 1199/4/21
f 1201/4/27 1202/4/27 1203/4/27
f 1204/4/70 1205/4/70 1206/4/70
f 1207/4/29 1208/4/29 1209/4/29
f 1210/4/68 1211/4/68 1212/4/68
f 1213/4/56 1214/4/56 1215/4/56
f 1216/4/65 1217/4/65 1218/4/65
f 1219/4/33 1220/4/33 1221/4/33
f 1222/4/79 1223/4/79 1224/4/79
f 1201/4/9 1208/4/9 1207/4/9
f 1204/4/10 1203/4/10 1202/4/10
f 1210/4/11 1206/4/11 1205/4/11
f 1209/4/12 1212/4/12 1211/4/12
f 1207/4/13 1220/4/13 1219/4/13
f 1222/4/14 1211/4/14 1210/4/14
f 1221/4/15 1224/4/15 1223/4/15
f 1219/4/16 1214/4/16 1213/4/16
f 1216/4/17 1223/4/17 1222/4/17
f 1215/4/18 1218/4/18 1217/4/18
f 1213/4/19 1202/4/19 1201/4/19
f 1205/4/20 1217/4/20 1216/4/20
f 1219/4/21 1201/4/21 1207/4/21
f 1206/4/22 1208/4/22 1203/4/22
f 1217/4/23 1202/4/23 1215/4/23
f 1210/4/24 1216/4/24 1222/4/24
f 1211/4/25 1220/4/25 1209/4/25
f 1223/4/26 1214/4/26 1221/4/26
f 1225/4/27 1226/4/27 1227/4/27
f 1228/4/28 1229/4/28 1230/4/28
f 1231/4/29 1232/4/29 1233/4/29
f 1234/4/30 1235/4/30 1236/4/30
f 1237/4/56 1238/4/56 1239/4/56
f 1240/4/54 1241/4/54 1242/4/54
f 1243/4/60 1244/4/60 1245/4/60
f 1246/4/57 1247/4/57 1248/4/57
f 1225/4/9 1232/4/9 1231/4/9
f 1228/4/10 1227/4/10 1226/4/10
f 1234/4/11 1230/4/11 1229/4/11
f 1233/4/12 1236/4/12 1235/4/12
f 1231/4/13 1244/4/13 1243/4/13
f 1246/4/14 1235/4/14 1234/4/14
f 1245/4/15 1248/4/15 1247/4/15
f 1243/4/16 1238/4/16 1237/4/16
f 1240/4/17 1247/4/17 1246/4/17
f 1239/4/18 1242/4/18 1241/4/18
f 1237/4/19 1226/4/19 1225/4/19
f 1229/4/20 1241/4/20 1240/4/20
f 1243/4/21 1225/4/21 1231/4/21
f 1230/4/22 1232/4/22 1227/4/22
f 1241/4/23 1226/4/23 1239/4/23
f 1234/4/24 1240/4/24 1246/4/24
f 1235/4/25 1244/4/25 1233/4/25
f 1247/4/26 1238/4/26 1245/4/26
f 1249/4/27 1250/4/27 1251/4/27
f 1252/4/28 1253/4/28 1254/4/28
f 1255/4/63 1256/4/63 1257/4/63
f 1258/4/30 1259/4/30 1260/4/30
f 1261/4/56 1262/4/56 1263/4/56
f 1264/4/54 1265/4/54 1266/4/54
f 1267/4/60 1268/4/60 1269/4/60
f 1270/4/57 1271/4/57 1272/4/57
f 1249/4/9 1256/4/9 1255/4/9
f 1252/4/10 1251/4/10 1250/4/10
f 1258/4/11 1254/4/11 1253/4/11
f 1257/4/12 1260/4/12 1259/4/12
f 1255/4/13 1268/4/13 1267/4/13
f 1270/4/14 1259/4/14 1258/4/14
f 1269/4/15 1272/4/15 1271/4/15
f 1267/4/16 1262/4/16 1261/4/16
f 1264/4/17 1271/4/17 1270/4/17
f 1263/4/18 1266/4/18 1265/4/18
f 1261/4/19 1250/4/19 1249/4/19
f 1253/4/20 1265/4/20 1264/4/20
f 1267/4/21 1249/4/21 1255/4/21
f 1254/4/22 1256/4/22 1251/4/22
f 1265/4/23 1250/4/23 1263/4/23
f 1258/4/24 1264/4/24 1270/4/24
f 1259/4/25 1268/4/25 1257/4/25
f 1271/4/26 1262/4/26 1269/4/26
f 1/1/9 3/1/9 8/1/9
f 4/1/10 6/1/10 3/1/10
f 10/1/11 12/1/11 6/1/11
f 9/1/12 8/1/12 12/1/12
f 7/1/13 9/1/13 20/1/13
f 22/1/14 24/1/14 11/1/14
f 21/1/15 20/1/15 24/1/15
f 19/1/16 21/1/16 14/1/16
f 16/1/17 18/1/17 23/1/17
f 15/1/18 14/1/18 18/1/18
f 13/1/19 15/1/19 2/1/19
f 5/1/20 4/1/20 17/1/20
f 19/1/21 13/1/21 1/1/21
f 6/1/22 12/1/22 8/1/22
f 17/1/23 4/1/23 2/1/23
f 10/1/24 5/1/24 16/1/24
f 11/1/25 24/1/25 20/1/25
f 23/1/26 18/1/26 14/1/26
f 25/2/9 27/2/9 32/2/9
f 28/2/10 30/2/10 27/2/10
f 34/2/11 36/2/11 30/2/11
f 33/2/12 32/2/12 36/2/12
f 31/2/13 33/2/13 44/2/13
f 46/2/14 48/2/14 35/2/14
f 45/2/15 44/2/15 48/2/15
f 43/2/16 45/2/16 38/2/16
f 40/2/17 42/2/17 47/2/17
f 39/2/18 38/2/18 42/2/18
f 37/2/19 39/2/19 26/2/19
f 29/2/20 28/2/20 41/2/20
f 43/2/21 37/2/21 25/2/21
f 30/2/22 36/2/22 32/2/22
f 41/2/23 28/2/23 26/2/23
f 34/2/24 29/2/24 40/2/24
f 35/2/25 48/2/25 44/2/25
f 47/2/26 42/2/26 38/2/26
f 49/3/9 51/3/9 56/3/9
f 52/3/10 54/3/10 51/3/10
f 58/3/11 60/3/11 54/3/11
f 57/3/12 56/3/12 60/3/12
f 55/3/13 57/3/13 68/3/13
f 70/3/14 72/3/14 59/3/14
f 69/3/15 68/3/15 72/3/15
f 67/3/16 69/3/16 62/3/16
f 64/3/17 66/3/17 71/3/17
f 63/3/18 62/3/18 66/3/18
f 61/3/19 63/3/19 50/3/19
f 53/3/20 52/3/20 65/3/20
f 67/3/21 61/3/21 49/3/21
f 54/3/22 60/3/22 56/3/22
f 65/3/23 52/3/23 50/3/23
f 58/3/24 53/3/24 64/3/24
f 59/3/25 72/3/25 68/3/25
f 71/3/26 66/3/26 62/3/26
f 73/3/9 75/3/9 80/3/9
f 76/3/10 78/3/10 75/3/10
f 82/3/11 84/3/11 78/3/11
f 81/3/12 80/3/12 84/3/12
f 79/3/13 81/3/13 92/3/13
f 94/3/14 96/3/14 83/3/14
f 93/3/15 92/3/15 96/3/15
f 91/3/16 93/3/16 86/3/16
f 88/3/17 90/3/17 95/3/17
f 87/3/18 86/3/18 90/3/18
f 85/3/19 87/3/19 74/3/19
f 77/3/20 76/3/20 89/3/20
f 91/3/21 85/3/21 73/3/21
f 78/3/22 84/3/22 80/3/22
f 89/3/23 76/3/23 74/3/23
f 82/3/24 77/3/24 88/3/24
f 83/3/25 96/3/25 92/3/25
f 95/3/26 90/3/26 86/3/26
f 97/3/9 99/3/9 104/3/9
f 100/3/10 102/3/10 99/3/10
f 106/3/11 108/3/11 102/3/11
f 105/3/12 104/3/12 108/3/12
f 103/3/13 105/3/13 116/3/13
f 118/3/14 120/3/14 107/3/14
f 117/3/15 116/3/15 120/3/15
f 115/3/16 117/3/16 110/3/16
f 112/3/17 114/3/17 119/3/17
f 111/3/18 110/3/18 114/3/18
f 109/3/19 111/3/19 98/3/19
f 101/3/20 100/3/20 113/3/20
f 115/3/21 109/3/21 97/3/21
f 102/3/22 108/3/22 104/3/22
f 113/3/23 100/3/23 98/3/23
f 106/3/24 101/3/24 112/3/24
f 107/3/25 120/3/25 116/3/25
f 119/3/26 114/3/26 110/3/26
f 121/3/9 123/3/9 128/3/9
f 124/3/10 126/3/10 123/3/10
f 130/3/11 132/3/11 126/3/11
f 129/3/12 128/3/12 132/3/12
f 127/3/13 129/3/13 140/3/13
f 142/3/14 144/3/14 131/3/14
f 141/3/15 140/3/15 144/3/15
f 139/3/16 141/3/16 134/3/16
f 136/3/17 138/3/17 143/3/17
f 135/3/18 134/3/18 138/3/18
f 133/3/19 135/3/19 122/3/19
f 125/3/20 124/3/20 137/3/20
f 139/3/21 133/3/21 121/3/21
f 126/3/22 132/3/22 128/3/22
f 137/3/23 124/3/23 122/3/23
f 130/3/24 125/3/24 136/3/24
f 131/3/25 144/3/25 140/3/25
f 143/3/26 138/3/26 134/3/26
f 145/3/9 147/3/9 152/3/9
f 148/3/10 150/3/10 147/3/10
f 154/3/11 156/3/11 150/3/11
f 153/3/12 152/3/12 156/3/12
f 151/3/13 153/3/13 164/3/13
f 166/3/14 168/3/14 155/3/14
f 165/3/15 164/3/15 168/3/15
f 163/3/16 165/3/16 158/3/16
f 160/3/17 162/3/17 167/3/17
f 159/3/18 158/3/18 162/3/18
f 157/3/19 159/3/19 146/3/19
f 149/3/20 148/3/20 161/3/20
f 163/3/21 157/3/21 145/3/21
f 150/3/22 156/3/22 152/3/22
f 161/3/23 148/3/23 146/3/23
f 154/3/24 149/3/24 160/3/24
f 155/3/25 168/3/25 164/3/25
f 167/3/26 162/3/26 158/3/26
f 169/3/9 171/3/9 176/3/9
f 172/3/10 174/3/10 171/3/10
f 178/3/11 180/3/11 174/3/11
f 177/3/12 176/3/12 180/3/12
f 175/3/13 177/3/13 188/3/13
f 190/3/14 192/3/14 179/3/14
f 189/3/15 188/3/15 192/3/15
f 187/3/16 189/3/16 182/3/16
f 184/3/17 186/3/17 191/3/17
f 183/3/18 182/3/18 186/3/18
f 181/3/19 183/3/19 170/3/19
f 173/3/20 172/3/20 185/3/20
f 187/3/21 181/3/21 169/3/21
f 174/3/22 180/3/22 176/3/22
f 185/3/23 172/3/23 170/3/23
f 178/3/24 173/3/24 184/3/24
f 179/3/25 192/3/25 188/3/25
f 191/3/26 186/3/26 182/3/26
f 193/3/9 195/3/9 200/3/9
f 196/3/10 198/3/10 195/3/10
f 202/3/11 204/3/11 198/3/11
f 201/3/12 200/3/12 204/3/12
f 199/3/13 201/3/13 212/3/13
f 214/3/14 216/3/14 203/3/14
f 213/3/15 212/3/15 216/3/15
f 211/3/16 213/3/16 206/3/16
f 208/3/17 210/3/17 215/3/17
f 207/3/18 206/3/18 210/3/18
f 205/3/19 207/3/19 194/3/19
f 197/3/20 196/3/20 209/3/20
f 211/3/21 205/3/21 193/3/21
f 198/3/22 204/3/22 200/3/22
f 209/3/23 196/3/23 194/3/23
f 202/3/24 197/3/24 208/3/24
f 203/3/25 216/3/25 212/3/25
f 215/3/26 210/3/26 206/3/26
f 217/3/9 219/3/9 224/3/9
f 220/3/10 222/3/10 219/3/10
f 226/3/11 228/3/11 222/3/11
f 225/3/12 224/3/12 228/3/12
f 223/3/13 225/3/13 236/3/13
f 238/3/14 240/3/14 227/3/14
f 237/3/15 236/3/15 240/3/15
f 235/3/16 237/3/16 230/3/16
f 232/3/17 234/3/17 239/3/17
f 231/3/18 230/3/18 234/3/18
f 229/3/19 231/3/19 218/3/19
f 221/3/20 220/3/20 233/3/20
f 235/3/21 229/3/21 217/3/21
f 222/3/22 228/3/22 224/3/22
f 233/3/23 220/3/23 218/3/23
f 226/3/24 221/3/24 232/3/24
f 227/3/25 240/3/25 236/3/25
f 239/3/26 234/3/26 230/3/26
f 241/3/9 243/3/9 248/3/9
f 244/3/10 246/3/10 243/3/10
f 250/3/11 252/3/11 246/3/11
f 249/3/12 248/3/12 252/3/12
f 247/3/13 249/3/13 260/3/13
f 262/3/14 264/3/14 251/3/14
f 261/3/15 260/3/15 264/3/15
f 259/3/16 261/3/16 254/3/16
f 256/3/17 258/3/17 263/3/17
f 255/3/18 254/3/18 258/3/18
f 253/3/19 255/3/19 242/3/19
f 245/3/20 244/3/20 257/3/20
f 259/3/21 253/3/21 241/3/21
f 246/3/22 252/3/22 248/3/22
f 257/3/23 244/3/23 242/3/23
f 250/3/24 245/3/24 256/3/24
f 251/3/25 264/3/25 260/3/25
f 263/3/26 258/3/26 254/3/26
f 265/3/9 267/3/9 272/3/9
f 268/3/10 270/3/10 267/3/10
f 274/3/11 276/3/11 270/3/11
f 273/3/12 272/3/12 276/3/12
f 271/3/13 273/3/13 284/3/13
f 286/3/14 288/3/14 275/3/14
f 285/3/15 284/3/15 288/3/15
f 283/3/16 285/3/16 278/3/16
f 280/3/17 282/3/17 287/3/17
f 279/3/18 278/3/18 282/3/18
f 277/3/19 279/3/19 266/3/19
f 269/3/20 268/3/20 281/3/20
f 283/3/21 277/3/21 265/3/21
f 270/3/22 276/3/22 272/3/22
f 281/3/23 268/3/23 266/3/23
f 274/3/24 269/3/24 280/3/24
f 275/3/25 288/3/25 284/3/25
f 287/3/26 282/3/26 278/3/26
f 289/2/9 291/2/9 296/2/9
f 292/2/10 294/2/10 291/2/10
f 298/2/11 300/2/11 294/2/11
f 297/2/12 296/2/12 300/2/12
f 295/2/13 297/2/13 308/2/13
f 310/2/14 312/2/14 299/2/14
f 309/2/15 308/2/15 312/2/15
f 307/2/16 309/2/16 302/2/16
f 304/2/17 306/2/17 311/2/17
f 303/2/18 302/2/18 306/2/18
f 301/2/19 303/2/19 290/2/19
f 293/2/20 292/2/20 305/2/20
f 307/2/21 301/2/21 289/2/21
f 294/2/22 300/2/22 296/2/22
f 305/2/23 292/2/23 290/2/23
f 298/2/24 293/2/24 304/2/24
f 299/2/25 312/2/25 308/2/25
f 311/2/26 306/2/26 302/2/26
f 313/3/9 315/3/9 320/3/9
f 316/3/10 318/3/10 315/3/10
f 322/3/11 324/3/11 318/3/11
f 321/3/12 320/3/12 324/3/12
f 319/3/13 321/3/13 332/3/13
f 334/3/14 336/3/14 323/3/14
f 333/3/15 332/3/15 336/3/15
f 331/3/16 333/3/16 326/3/16
f 328/3/17 330/3/17 335/3/17
f 327/3/18 326/3/18 330/3/18
f 325/3/19 327/3/19 314/3/19
f 317/3/20 316/3/20 329/3/20
f 331/3/21 325/3/21 313/3/21
f 318/3/22 324/3/22 320/3/22
f 329/3/23 316/3/23 314/3/23
f 322/3/24 317/3/24 328/3/24
f 323/3/25 336/3/25 332/3/25
f 335/3/26 330/3/26 326/3/26
f 337/3/9 339/3/9 344/3/9
f 340/3/10 342/3/10 339/3/10
f 346/3/11 348/3/11 342/3/11
f 345/3/12 344/3/12 348/3/12
f 343/3/13 345/3/13 356/3/13
f 358/3/14 360/3/14 347/3/14
f 357/3/15 356/3/15 360/3/15
f 355/3/16 357/3/16 350/3/16
f 352/3/17 354/3/17 359/3/17
f 351/3/18 350/3/18 354/3/18
f 349/3/19 351/3/19 338/3/19
f 341/3/20 340/3/20 353/3/20
f 355/3/21 349/3/21 337/3/21
f 342/3/22 348/3/22 344/3/22
f 353/3/23 340/3/23 338/3/23
f 346/3/24 341/3/24 352/3/24
f 347/3/25 360/3/25 356/3/25
f 359/3/26 354/3/26 350/3/26
f 361/3/9 363/3/9 368/3/9
f 364/3/10 366/3/10 363/3/10
f 370/3/11 372/3/11 366/3/11
f 369/3/12 368/3/12 372/3/12
f 367/3/13 369/3/13 380/3/13
f 382/3/14 384/3/14 371/3/14
f 381/3/15 380/3/15 384/3/15
f 379/3/16 381/3/16 374/3/16
f 376/3/17 378/3/17 383/3/17
f 375/3/18 374/3/18 378/3/18
f 373/3/19 375/3/19 362/3/19
f 365/3/20 364/3/20 377/3/20
f 379/3/21 373/3/21 361/3/21
f 366/3/22 372/3/22 368/3/22
f 377/3/23 364/3/23 362/3/23
f 370/3/24 365/3/24 376/3/24
f 371/3/25 384/3/25 380/3/25
f 383/3/26 378/3/26 374/3/26
f 385/3/9 387/3/9 392/3/9
f 388/3/10 390/3/10 387/3/10
f 394/3/11 396/3/11 390/3/11
f 393/3/12 392/3/12 396/3/12
f 391/3/13 393/3/13 404/3/13
f 406/3/14 408/3/14 395/3/14
f 405/3/15 404/3/15 408/3/15
f 403/3/16 405/3/16 398/3/16
f 400/3/17 402/3/17 407/3/17
f 399/3/18 398/3/18 402/3/18
f 397/3/19 399/3/19 386/3/19
f 389/3/20 388/3/20 401/3/20
f 403/3/21 397/3/21 385/3/21
f 390/3/22 396/3/22 392/3/22
f 401/3/23 388/3/23 386/3/23
f 394/3/24 389/3/24 400/3/24
f 395/3/25 408/3/25 404/3/25
f 407/3/26 402/3/26 398/3/26
f 409/3/9 411/3/9 416/3/9
f 412/3/10 414/3/10 411/3/10
f 418/3/11 420/3/11 414/3/11
f 417/3/12 416/3/12 420/3/12
f 415/3/13 417/3/13 428/3/13
f 430/3/14 432/3/14 419/3/14
f 429/3/15 428/3/15 432/3/15
f 427/3/16 429/3/16 422/3/16
f 424/3/17 426/3/17 431/3/17
f 423/3/18 422/3/18 426/3/18
f 421/3/19 423/3/19 410/3/19
f 413/3/20 412/3/20 425/3/20
f 427/3/21 421/3/21 409/3/21
f 414/3/22 420/3/22 416/3/22
f 425/3/23 412/3/23 410/3/23
f 418/3/24 413/3/24 424/3/24
f 419/3/25 432/3/25 428/3/25
f 431/3/26 426/3/26 422/3/26
f 433/3/9 435/3/9 440/3/9
f 436/3/10 438/3/10 435/3/10
f 442/3/11 444/3/11 438/3/11
f 441/3/12 440/3/12 444/3/12
f 439/3/13 441/3/13 452/3/13
f 454/3/14 456/3/14 443/3/14
f 453/3/15 452/3/15 456/3/15
f 451/3/16 453/3/16 446/3/16
f 448/3/17 450/3/17 455/3/17
f 447/3/18 446/3/18 450/3/18
f 445/3/19 447/3/19 434/3/19
f 437/3/20 436/3/20 449/3/20
f 451/3/21 445/3/21 433/3/21
f 438/3/22 444/3/22 440/3/22
f 449/3/23 436/3/23 434/3/23
f 442/3/24 437/3/24 448/3/24
f 443/3/25 456/3/25 452/3/25
f 455/3/26 450/3/26 446/3/26
f 457/3/9 459/3/9 464/3/9
f 460/3/10 462/3/10 459/3/10
f 466/3/11 468/3/11 462/3/11
f 465/3/12 464/3/12 468/3/12
f 463/3/13 465/3/13 476/3/13
f 478/3/14 480/3/14 467/3/14
f 477/3/15 476/3/15 480/3/15
f 475/3/16 477/3/16 470/3/16
f 472/3/17 474/3/17 479/3/17
f 471/3/18 470/3/18 474/3/18
f 469/3/19 471/3/19 458/3/19
f 461/3/20 460/3/20 473/3/20
f 475/3/21 469/3/21 457/3/21
f 462/3/22 468/3/22 464/3/22
f 473/3/23 460/3/23 458/3/23
f 466/3/24 461/3/24 472/3/24
f 467/3/25 480/3/25 476/3/25
f 479/3/26 474/3/26 470/3/26
f 481/3/9 483/3/9 488/3/9
f 484/3/10 486/3/10 483/3/10
f 490/3/11 492/3/11 486/3/11
f 489/3/12 488/3/12 492/3/12
f 487/3/13 489/3/13 500/3/13
f 502/3/14 504/3/14 491/3/14
f 501/3/15 500/3/15 504/3/15
f 499/3/16 501/3/16 494/3/16
f 496/3/17 498/3/17 503/3/17
f 495/3/18 494/3/18 498/3/18
f 493/3/19 495/3/19 482/3/19
f 485/3/20 484/3/20 497/3/20
f 499/3/21 493/3/21 481/3/21
f 486/3/22 492/3/22 488/3/22
f 497/3/23 484/3/23 482/3/23
f 490/3/24 485/3/24 496/3/24
f 491/3/25 504/3/25 500/3/25
f 503/3/26 498/3/26 494/3/26
f 505/3/9 507/3/9 512/3/9
f 508/3/10 510/3/10 507/3/10
f 514/3/11 516/3/11 510/3/11
f 513/3/12 512/3/12 516/3/12
f 511/3/13 513/3/13 524/3/13
f 526/3/14 528/3/14 515/3/14
f 525/3/15 524/3/15 528/3/15
f 523/3/16 525/3/16 518/3/16
f 520/3/17 522/3/17 527/3/17
f 519/3/18 518/3/18 522/3/18
f 517/3/19 519/3/19 506/3/19
f 509/3/20 508/3/20 521/3/20
f 523/3/21 517/3/21 505/3/21
f 510/3/22 516/3/22 512/3/22
f 521/3/23 508/3/23 506/3/23
f 514/3/24 509/3/24 520/3/24
f 515/3/25 528/3/25 524/3/25
f 527/3/26 522/3/26 518/3/26
f 529/3/9 531/3/9 536/3/9
f 532/3/10 534/3/10 531/3/10
f 538/3/11 540/3/11 534/3/11
f 537/3/12 536/3/12 540/3/12
f 535/3/13 537/3/13 548/3/13
f 550/3/14 552/3/14 539/3/14
f 549/3/15 548/3/15 552/3/15
f 547/3/16 549/3/16 542/3/16
f 544/3/17 546/3/17 551/3/17
f 543/3/18 542/3/18 546/3/18
f 541/3/19 543/3/19 530/3/19
f 533/3/20 532/3/20 545/3/20
f 547/3/21 541/3/21 529/3/21
f 534/3/22 540/3/22 536/3/22
f 545/3/23 532/3/23 530/3/23
f 538/3/24 533/3/24 544/3/24
f 539/3/25 552/3/25 548/3/25
f 551/3/26 546/3/26 542/3/26
f 553/2/9 555/2/9 560/2/9
f 556/2/10 558/2/10 555/2/10
f 562/2/11 564/2/11 558/2/11
f 561/2/12 560/2/12 564/2/12
f 559/2/13 561/2/13 572/2/13
f 574/2/14 576/2/14 563/2/14
f 573/2/15 572/2/15 576/2/15
f 571/2/16 573/2/16 566/2/16
f 568/2/17 570/2/17 575/2/17
f 567/2/18 566/2/18 570/2/18
f 565/2/19 567/2/19 554/2/19
f 557/2/20 556/2/20 569/2/20
f 571/2/21 565/2/21 553/2/21
f 558/2/22 564/2/22 560/2/22
f 569/2/23 556/2/23 554/2/23
f 562/2/24 557/2/24 568/2/24
f 563/2/25 576/2/25 572/2/25
f 575/2/26 570/2/26 566/2/26
f 577/3/9 579/3/9 584/3/9
f 580/3/10 582/3/10 579/3/10
f 586/3/11 588/3/11 582/3/11
f 585/3/12 584/3/12 588/3/12
f 583/3/13 585/3/13 596/3/13
f 598/3/14 600/3/14 587/3/14
f 597/3/15 596/3/15 600/3/15
f 595/3/16 597/3/16 590/3/16
f 592/3/17 594/3/17 599/3/17
f 591/3/18 590/3/18 594/3/18
f 589/3/19 591/3/19 578/3/19
f 581/3/20 580/3/20 593/3/20
f 595/3/21 589/3/21 577/3/21
f 582/3/22 588/3/22 584/3/22
f 593/3/23 580/3/23 578/3/23
f 586/3/24 581/3/24 592/3/24
f 587/3/25 600/3/25 596/3/25
f 599/3/26 594/3/26 590/3/26
f 601/3/9 603/3/9 608/3/9
f 604/3/10 606/3/10 603/3/10
f 610/3/11 612/3/11 606/3/11
f 609/3/12 608/3/12 612/3/12
f 607/3/13 609/3/13 620/3/13
f 622/3/14 624/3/14 611/3/14
f 621/3/15 620/3/15 624/3/15
f 619/3/16 621/3/16 614/3/16
f 616/3/17 618/3/17 623/3/17
f 615/3/18 614/3/18 618/3/18
f 613/3/19 615/3/19 602/3/19
f 605/3/20 604/3/20 617/3/20
f 619/3/21 613/3/21 601/3/21
f 606/3/22 612/3/22 608/3/22
f 617/3/23 604/3/23 602/3/23
f 610/3/24 605/3/24 616/3/24
f 611/3/25 624/3/25 620/3/25
f 623/3/26 618/3/26 614/3/26
f 625/3/9 627/3/9 632/3/9
f 628/3/10 630/3/10 627/3/10
f 634/3/11 636/3/11 630/3/11
f 633/3/12 632/3/12 636/3/12
f 631/3/13 633/3/13 644/3/13
f 646/3/14 648/3/14 635/3/14
f 645/3/15 644/3/15 648/3/15
f 643/3/16 645/3/16 638/3/16
f 640/3/17 642/3/17 647/3/17
f 639/3/18 638/3/18 642/3/18
f 637/3/19 639/3/19 626/3/19
f 629/3/20 628/3/20 641/3/20
f 643/3/21 637/3/21 625/3/21
f 630/3/22 636/3/22 632/3/22
f 641/3/23 628/3/23 626/3/23
f 634/3/24 629/3/24 640/3/24
f 635/3/25 648/3/25 644/3/25
f 647/3/26 642/3/26 638/3/26
f 649/3/9 651/3/9 656/3/9
f 652/3/10 654/3/10 651/3/10
f 658/3/11 660/3/11 654/3/11
f 657/3/12 656/3/12 660/3/12
f 655/3/13 657/3/13 668/3/13
f 670/3/14 672/3/14 659/3/14
f 669/3/15 668/3/15 672/3/15
f 667/3/16 669/3/16 662/3/16
f 664/3/17 666/3/17 671/3/17
f 663/3/18 662/3/18 666/3/18
f 661/3/19 663/3/19 650/3/19
f 653/3/20 652/3/20 665/3/20
f 667/3/21 661/3/21 649/3/21
f 654/3/22 660/3/22 656/3/22
f 665/3/23 652/3/23 650/3/23
f 658/3/24 653/3/24 664/3/24
f 659/3/25 672/3/25 668/3/25
f 671/3/26 666/3/26 662/3/26
f 673/3/9 675/3/9 680/3/9
f 676/3/10 678/3/10 675/3/10
f 682/3/11 684/3/11 678/3/11
f 681/3/12 680/3/12 684/3/12
f 679/3/13 681/3/13 692/3/13
f 694/3/14 696/3/14 683/3/14
f 693/3/15 692/3/15 696/3/15
f 691/3/16 693/3/16 686/3/16
f 688/3/17 690/3/17 695/3/17
f 687/3/18 686/3/18 690/3/18
f 685/3/19 687/3/19 674/3/19
f 677/3/20 676/3/20 689/3/20
f 691/3/21 685/3/21 673/3/21
f 678/3/22 684/3/22 680/3/22
f 689/3/23 676/3/23 674/3/23
f 682/3/24 677/3/24 688/3/24
f 683/3/25 696/3/25 692/3/25
f 695/3/26 690/3/26 686/3/26
f 697/3/9 699/3/9 704/3/9
f 700/3/10 702/3/10 699/3/10
f 706/3/11 708/3/11 702/3/11
f 705/3/12 704/3/12 708/3/12
f 703/3/13 705/3/13 716/3/13
f 718/3/14 720/3/14 707/3/14
f 717/3/15 716/3/15 720/3/15
f 715/3/16 717/3/16 710/3/16
f 712/3/17 714/3/17 719/3/17
f 711/3/18 710/3/18 714/3/18
f 709/3/19 711/3/19 698/3/19
f 701/3/20 700/3/20 713/3/20
f 715/3/21 709/3/21 697/3/21
f 702/3/22 708/3/22 704/3/22
f 713/3/23 700/3/23 698/3/23
f 706/3/24 701/3/24 712/3/24
f 707/3/25 720/3/25 716/3/25
f 719/3/26 714/3/26 710/3/26
f 721/3/9 723/3/9 728/3/9
f 724/3/10 726/3/10 723/3/10
f 730/3/11 732/3/11 726/3/11
f 729/3/12 728/3/12 732/3/12
f 727/3/13 729/3/13 740/3/13
f 742/3/14 744/3/14 731/3/14
f 741/3/15 740/3/15 744/3/15
f 739/3/16 741/3/16 734/3/16
f 736/3/17 738/3/17 743/3/17
f 735/3/18 734/3/18 738/3/18
f 733/3/19 735/3/19 722/3/19
f 725/3/20 724/3/20 737/3/20
f 739/3/21 733/3/21 721/3/21
f 726/3/22 732/3/22 728/3/22
f 737/3/23 724/3/23 722/3/23
f 730/3/24 725/3/24 736/3/24
f 731/3/25 744/3/25 740/3/25
f 743/3/26 738/3/26 734/3/26
f 745/3/9 747/3/9 752/3/9
f 748/3/10 750/3/10 747/3/10
f 754/3/11 756/3/11 750/3/11
f 753/3/12 752/3/12 756/3/12
f 751/3/13 753/3/13 764/3/13
f 766/3/14 768/3/14 755/3/14
f 765/3/15 764/3/15 768/3/15
f 763/3/16 765/3/16 758/3/16
f 760/3/17 762/3/17 767/3/17
f 759/3/18 758/3/18 762/3/18
f 757/3/19 759/3/19 746/3/19
f 749/3/20 748/3/20 761/3/20
f 763/3/21 757/3/21 745/3/21
f 750/3/22 756/3/22 752/3/22
f 761/3/23 748/3/23 746/3/23
f 754/3/24 749/3/24 760/3/24
f 755/3/25 768/3/25 764/3/25
f 767/3/26 762/3/26 758/3/26
f 769/3/9 771/3/9 776/3/9
f 772/3/10 774/3/10 771/3/10
f 778/3/11 780/3/11 774/3/11
f 777/3/12 776/3/12 780/3/12
f 775/3/13 777/3/13 788/3/13
f 790/3/14 792/3/14 779/3/14
f 789/3/15 788/3/15 792/3/15
f 787/3/16 789/3/16 782/3/16
f 784/3/17 786/3/17 791/3/17
f 783/3/18 782/3/18 786/3/18
f 781/3/19 783/3/19 770/3/19
f 773/3/20 772/3/20 785/3/20
f 787/3/21 781/3/21 769/3/21
f 774/3/22 780/3/22 776/3/22
f 785/3/23 772/3/23 770/3/23
f 778/3/24 773/3/24 784/3/24
f 779/3/25 792/3/25 788/3/25
f 791/3/26 786/3/26 782/3/26
f 793/3/9 795/3/9 800/3/9
f 796/3/10 798/3/10 795/3/10
f 802/3/11 804/3/11 798/3/11
f 801/3/12 800/3/12 804/3/12
f 799/3/13 801/3/13 812/3/13
f 814/3/14 816/3/14 803/3/14
f 813/3/15 812/3/15 816/3/15
f 811/3/16 813/3/16 806/3/16
f 808/3/17 810/3/17 815/3/17
f 807/3/18 806/3/18 810/3/18
f 805/3/19 807/3/19 794/3/19
f 797/3/20 796/3/20 809/3/20
f 811/3/21 805/3/21 793/3/21
f 798/3/22 804/3/22 800/3/22
f 809/3/23 796/3/23 794/3/23
f 802/3/24 797/3/24 808/3/24
f 803/3/25 816/3/25 812/3/25
f 815/3/26 810/3/26 806/3/26
f 817/3/9 819/3/9 824/3/9
f 820/3/10 822/3/10 819/3/10
f 826/3/11 828/3/11 822/3/11
f 825/3/12 824/3/12 828/3/12
f 823/3/13 825/3/13 836/3/13
f 838/3/14 840/3/14 827/3/14
f 837/3/15 836/3/15 840/3/15
f 835/3/16 837/3/16 830/3/16
f 832/3/17 834/3/17 839/3/17
f 831/3/18 830/3/18 834/3/18
f 829/3/19 831/3/19 818/3/19
f 821/3/20 820/3/20 833/3/20
f 835/3/21 829/3/21 817/3/21
f 822/3/22 828/3/22 824/3/22
f 833/3/23 820/3/23 818/3/23
f 826/3/24 821/3/24 832/3/24
f 827/3/25 840/3/25 836/3/25
f 839/3/26 834/3/26 830/3/26
f 841/3/9 843/3/9 848/3/9
f 844/3/10 846/3/10 843/3/10
f 850/3/11 852/3/11 846/3/11
f 849/3/12 848/3/12 852/3/12
f 847/3/13 849/3/13 860/3/13
f 862/3/14 864/3/14 851/3/14
f 861/3/15 860/3/15 864/3/15
f 859/3/16 861/3/16 854/3/16
f 856/3/17 858/3/17 863/3/17
f 855/3/18 854/3/18 858/3/18
f 853/3/19 855/3/19 842/3/19
f 845/3/20 844/3/20 857/3/20
f 859/3/21 853/3/21 841/3/21
f 846/3/22 852/3/22 848/3/22
f 857/3/23 844/3/23 842/3/23
f 850/3/24 845/3/24 856/3/24
f 851/3/25 864/3/25 860/3/25
f 863/3/26 858/3/26 854/3/26
f 865/3/9 867/3/9 872/3/9
f 868/3/10 870/3/10 867/3/10
f 874/3/11 876/3/11 870/3/11
f 873/3/12 872/3/12 876/3/12
f 871/3/13 873/3/13 884/3/13
f 886/3/14 888/3/14 875/3/14
f 885/3/15 884/3/15 888/3/15
f 883/3/16 885/3/16 878/3/16
f 880/3/17 882/3/17 887/3/17
f 879/3/18 878/3/18 882/3/18
f 877/3/19 879/3/19 866/3/19
f 869/3/20 868/3/20 881/3/20
f 883/3/21 877/3/21 865/3/21
f 870/3/22 876/3/22 872/3/22
f 881/3/23 868/3/23 866/3/23
f 874/3/24 869/3/24 880/3/24
f 875/3/25 888/3/25 884/3/25
f 887/3/26 882/3/26 878/3/26
f 889/3/9 891/3/9 896/3/9
f 892/3/10 894/3/10 891/3/10
f 898/3/11 900/3/11 894/3/11
f 897/3/12 896/3/12 900/3/12
f 895/3/13 897/3/13 908/3/13
f 910/3/14 912/3/14 899/3/14
f 909/3/15 908/3/15 912/3/15
f 907/3/16 909/3/16 902/3/16
f 904/3/17 906/3/17 911/3/17
f 903/3/18 902/3/18 906/3/18
f 901/3/19 903/3/19 890/3/19
f 893/3/20 892/3/20 905/3/20
f 907/3/21 901/3/21 889/3/21
f 894/3/22 900/3/22 896/3/22
f 905/3/23 892/3/23 890/3/23
f 898/3/24 893/3/24 904/3/24
f 899/3/25 912/3/25 908/3/25
f 911/3/26 906/3/26 902/3/26
f 913/3/9 915/3/9 920/3/9
f 916/3/10 918/3/10 915/3/10
f 922/3/11 924/3/11 918/3/11
f 921/3/12 920/3/12 924/3/12
f 919/3/13 921/3/13 932/3/13
f 934/3/14 936/3/14 923/3/14
f 933/3/15 932/3/15 936/3/15
f 931/3/16 933/3/16 926/3/16
f 928/3/17 930/3/17 935/3/17
f 927/3/18 926/3/18 930/3/18
f 925/3/19 927/3/19 914/3/19
f 917/3/20 916/3/20 929/3/20
f 931/3/21 925/3/21 913/3/21
f 918/3/22 924/3/22 920/3/22
f 929/3/23 916/3/23 914/3/23
f 922/3/24 917/3/24 928/3/24
f 923/3/25 936/3/25 932/3/25
f 935/3/26 930/3/26 926/3/26
f 937/3/9 939/3/9 944/3/9
f 940/3/10 942/3/10 939/3/10
f 946/3/11 948/3/11 942/3/11
f 945/3/12 944/3/12 948/3/12
f 943/3/13 945/3/13 956/3/13
f 958/3/14 960/3/14 947/3/14
f 957/3/15 956/3/15 960/3/15
f 955/3/16 957/3/16 950/3/16
f 952/3/17 954/3/17 959/3/17
f 951/3/18 950/3/18 954/3/18
f 949/3/19 951/3/19 938/3/19
f 941/3/20 940/3/20 953/3/20
f 955/3/21 949/3/21 937/3/21
f 942/3/22 948/3/22 944/3/22
f 953/3/23 940/3/23 938/3/23
f 946/3/24 941/3/24 952/3/24
f 947/3/25 960/3/25 956/3/25
f 959/3/26 954/3/26 950/3/26
f 961/3/9 963/3/9 968/3/9
f 964/3/10 966/3/10 963/3/10
f 970/3/11 972/3/11 966/3/11
f 969/3/12 968/3/12 972/3/12
f 967/3/13 969/3/13 980/3/13
f 982/3/14 984/3/14 971/3/14
f 981/3/15 980/3/15 984/3/15
f 979/3/16 981/3/16 974/3/16
f 976/3/17 978/3/17 983/3/17
f 975/3/18 974/3/18 978/3/18
f 973/3/19 975/3/19 962/3/19
f 965/3/20 964/3/20 977/3/20
f 979/3/21 973/3/21 961/3/21
f 966/3/22 972/3/22 968/3/22
f 977/3/23 964/3/23 962/3/23
f 970/3/24 965/3/24 976/3/24
f 971/3/25 984/3/25 980/3/25
f 983/3/26 978/3/26 974/3/26
f 985/3/9 987/3/9 992/3/9
f 988/3/10 990/3/10 987/3/10
f 994/3/11 996/3/11 990/3/11
f 993/3/12 992/3/12 996/3/12
f 991/3/13 993/3/13 1004/3/13
f 1006/3/14 1008/3/14 995/3/14
f 1005/3/15 1004/3/15 1008/3/15
f 1003/3/16 1005/3/16 998/3/16
f 1000/3/17 1002/3/17 1007/3/17
f 999/3/18 998/3/18 1002/3/18
f 997/3/19 999/3/19 986/3/19
f 989/3/20 988/3/20 1001/3/20
f 1003/3/21 997/3/21 985/3/21
f 990/3/22 996/3/22 992/3/22
f 1001/3/23 988/3/23 986/3/23
f 994/3/24 989/3/24 1000/3/24
f 995/3/25 1008/3/25 1004/3/25
f 1007/3/26 1002/3/26 998/3/26
f 1009/3/9 1011/3/9 1016/3/9
f 1012/3/10 1014/3/10 1011/3/10
f 1018/3/11 1020/3/11 1014/3/11
f 1017/3/12 1016/3/12 1020/3/12
f 1015/3/13 1017/3/13 1028/3/13
f 1030/3/14 1032/3/14 1019/3/14
f 1029/3/15 1028/3/15 1032/3/15
f 1027/3/16 1029/3/16 1022/3/16
f 1024/3/17 1026/3/17 1031/3/17
f 1023/3/18 1022/3/18 1026/3/18
f 1021/3/19 1023/3/19 1010/3/19
f 1013/3/20 1012/3/20 1025/3/20
f 1027/3/21 1021/3/21 1009/3/21
f 1014/3/22 1020/3/22 1016/3/22
f 1025/3/23 1012/3/23 1010/3/23
f 1018/3/24 1013/3/24 1024/3/24
f 1019/3/25 1032/3/25 1028/3/25
f 1031/3/26 1026/3/26 1022/3/26
f 1033/3/9 1035/3/9 1040/3/9
f 1036/3/10 1038/3/10 1035/3/10
f 1042/3/11 1044/3/11 1038/3/11
f 1041/3/12 1040/3/12 1044/3/12
f 1039/3/13 1041/3/13 1052/3/13
f 1054/3/14 1056/3/14 1043/3/14
f 1053/3/15 1052/3/15 1056/3/15
f 1051/3/16 1053/3/16 1046/3/16
f 1048/3/17 1050/3/17 1055/3/17
f 1047/3/18 1046/3/18 1050/3/18
f 1045/3/19 1047/3/19 1034/3/19
f 1037/3/20 1036/3/20 1049/3/20
f 1051/3/21 1045/3/21 1033/3/21
f 1038/3/22 1044/3/22 1040/3/22
f 1049/3/23 1036/3/23 1034/3/23
f 1042/3/24 1037/3/24 1048/3/24
f 1043/3/25 1056/3/25 1052/3/25
f 1055/3/26 1050/3/26 1046/3/26
f 1057/3/9 1059/3/9 1064/3/9
f 1060/3/10 1062/3/10 1059/3/10
f 1066/3/11 1068/3/11 1062/3/11
f 1065/3/12 1064/3/12 1068/3/12
f 1063/3/13 1065/3/13 1076/3/13
f 1078/3/14 1080/3/14 1067/3/14
f 1077/3/15 1076/3/15 1080/3/15
f 1075/3/16 1077/3/16 1070/3/16
f 1072/3/17 1074/3/17 1079/3/17
f 1071/3/18 1070/3/18 1074/3/18
f 1069/3/19 1071/3/19 1058/3/19
f 1061/3/20 1060/3/20 1073/3/20
f 1075/3/21 1069/3/21 1057/3/21
f 1062/3/22 1068/3/22 1064/3/22
f 1073/3/23 1060/3/23 1058/3/23
f 1066/3/24 1061/3/24 1072/3/24
f 1067/3/25 1080/3/25 1076/3/25
f 1079/3/26 1074/3/26 1070/3/26
f 1081/3/9 1083/3/9 1088/3/9
f 1084/3/10 1086/3/10 1083/3/10
f 1090/3/11 1092/3/11 1086/3/11
f 1089/3/12 1088/3/12 1092/3/12
f 1087/3/13 1089/3/13 1100/3/13
f 1102/3/14 1104/3/14 1091/3/14
f 1101/3/15 1100/3/15 1104/3/15
f 1099/3/16 1101/3/16 1094/3/16
f 1096/3/17 1098/3/17 1103/3/17
f 1095/3/18 1094/3/18 1098/3/18
f 1093/3/19 1095/3/19 1082/3/19
f 1085/3/20 1084/3/20 1097/3/20
f 1099/3/21 1093/3/21 1081/3/21
f 1086/3/22 1092/3/22 1088/3/22
f 1097/3/23 1084/3/23 1082/3/23
f 1090/3/24 1085/3/24 1096/3/24
f 1091/3/25 1104/3/25 1100/3/25
f 1103/3/26 1098/3/26 1094/3/26
f 1106/4/71 1108/4/71 1107/4/71
f 1108/4/15 1110/4/15 1109/4/15
f 1110/4/72 1112/4/72 1111/4/72
f 1112/4/73 1114/4/73 1113/4/73
f 1114/4/18 1116/4/18 1115/4/18
f 1116/4/74 1118/4/74 1117/4/74
f 1118/4/75 1120/4/75 1119/4/75
f 1120/4/10 1122/4/10 1121/4/10
f 1122/4/76 1124/4/76 1123/4/76
f 1124/4/77 1126/4/77 1125/4/77
f 1110/4/24 1108/4/24 1106/4/24
f 1106/4/24 1128/4/24 1126/4/24
f 1126/4/24 1124/4/24 1122/4/24
f 1122/4/24 1120/4/24 1126/4/24
f 1120/4/24 1118/4/24 1126/4/24
f 1118/4/24 1116/4/24 1110/4/24
f 1116/4/24 1114/4/24 1110/4/24
f 1114/4/24 1112/4/24 1110/4/24
f 1110/4/24 1106/4/24 1118/4/24
f 1126/4/12 1128/4/12 1127/4/12
f 1128/4/78 1106/4/78 1105/4/78
f 1127/4/21 1105/4/21 1107/4/21
f 1107/4/21 1109/4/21 1111/4/21
f 1111/4/21 1113/4/21 1115/4/21
f 1115/4/21 1117/4/21 1111/4/21
f 1117/4/21 1119/4/21 1111/4/21
f 1119/4/21 1121/4/21 1123/4/21
f 1123/4/21 1125/4/21 1127/4/21
f 1127/4/21 1107/4/21 1119/4/21
f 1107/4/21 1111/4/21 1119/4/21
f 1130/4/71 1132/4/71 1131/4/71
f 1132/4/15 1134/4/15 1133/4/15
f 1134/4/72 1136/4/72 1135/4/72
f 1136/4/73 1138/4/73 1137/4/73
f 1138/4/18 1140/4/18 1139/4/18
f 1140/4/74 1142/4/74 1141/4/74
f 1142/4/75 1144/4/75 1143/4/75
f 1144/4/10 1146/4/10 1145/4/10
f 1146/4/76 1148/4/76 1147/4/76
f 1148/4/77 1150/4/77 1149/4/77
f 1134/4/24 1132/4/24 1130/4/24
f 1130/4/24 1152/4/24 1150/4/24
f 1150/4/24 1148/4/24 1146/4/24
f 1146/4/24 1144/4/24 1150/4/24
f 1144/4/24 1142/4/24 1150/4/24
f 1142/4/24 1140/4/24 1134/4/24
f 1140/4/24 1138/4/24 1134/4/24
f 1138/4/24 1136/4/24 1134/4/24
f 1134/4/24 1130/4/24 1142/4/24
f 1150/4/12 1152/4/12 1151/4/12
f 1152/4/78 1130/4/78 1129/4/78
f 1151/4/21 1129/4/21 1131/4/21
f 1131/4/21 1133/4/21 1135/4/21
f 1135/4/21 1137/4/21 1139/4/21
f 1139/4/21 1141/4/21 1135/4/21
f 1141/4/21 1143/4/21 1135/4/21
f 1143/4/21 1145/4/21 1147/4/21
f 1147/4/21 1149/4/21 1151/4/21
f 1151/4/21 1131/4/21 1143/4/21
f 1131/4/21 1135/4/21 1143/4/21
f 1154/4/71 1156/4/71 1155/4/71
f 1156/4/15 1158/4/15 1157/4/15
f 1158/4/72 1160/4/72 1159/4/72
f 1160/4/73 1162/4/73 1161/4/73
f 1162/4/18 1164/4/18 1163/4/18
f 1164/4/74 1166/4/74 1165/4/74
f 1166/4/75 1168/4/75 1167/4/75
f 1168/4/10 1170/4/10 1169/4/10
f 1170/4/76 1172/4/76 1171/4/76
f 1172/4/77 1174/4/77 1173/4/77
f 1158/4/24 1156/4/24 1154/4/24
f 1154/4/24 1176/4/24 1174/4/24
f 1174/4/24 1172/4/24 1170/4/24
f 1170/4/24 1168/4/24 1174/4/24
f 1168/4/24 1166/4/24 1174/4/24
f 1166/4/24 1164/4/24 1158/4/24
f 1164/4/24 1162/4/24 1158/4/24
f 1162/4/24 1160/4/24 1158/4/24
f 1158/4/24 1154/4/24 1166/4/24
f 1174/4/12 1176/4/12 1175/4/12
f 1176/4/78 1154/4/78 1153/4/78
f 1175/4/21 1153/4/21 1155/4/21
f 1155/4/21 1157/4/21 1159/4/21
f 1159/4/21 1161/4/21 1163/4/21
f 1163/4/21 1165/4/21 1159/4/21
f 1165/4/21 1167/4/21 1159/4/21
f 1167/4/21 1169/4/21 1171/4/21
f 1171/4/21 1173/4/21 1175/4/21
f 1175/4/21 1155/4/21 1167/4/21
f 1155/4/21 1159/4/21 1167/4/21
f 1178/4/71 1180/4/71 1179/4/71
f 1180/4/15 1182/4/15 1181/4/15
f 1182/4/72 1184/4/72 1183/4/72
f 1184/4/73 1186/4/73 1185/4/73
f 1186/4/18 1188/4/18 1187/4/18
f 1188/4/74 1190/4/74 1189/4/74
f 1190/4/75 1192/4/75 1191/4/75
f 1192/4/10 1194/4/10 1193/4/10
f 1194/4/76 1196/4/76 1195/4/76
f 1196/4/77 1198/4/77 1197/4/77
f 1182/4/24 1180/4/24 1178/4/24
f 1178/4/24 1200/4/24 1198/4/24
f 1198/4/24 1196/4/24 1194/4/24
f 1194/4/24 1192/4/24 1198/4/24
f 1192/4/24 1190/4/24 1198/4/24
f 1190/4/24 1188/4/24 1182/4/24
f 1188/4/24 1186/4/24 1182/4/24
f 1186/4/24 1184/4/24 1182/4/24
f 1182/4/24 1178/4/24 1190/4/24
f 1198/4/12 1200/4/12 1199/4/12
f 1200/4/78 1178/4/78 1177/4/78
f 1199/4/21 1177/4/21 1179/4/21
f 1179/4/21 1181/4/21 1183/4/21
f 1183/4/21 1185/4/21 1187/4/21
f 1187/4/21 1189/4/21 1183/4/21
f 1189/4/21 1191/4/21 1183/4/21
f 1191/4/21 1193/4/21 1195/4/21
f 1195/4/21 1197/4/21 1199/4/21
f 1199/4/21 1179/4/21 1191/4/21
f 1179/4/21 1183/4/21 1191/4/21
f 1201/4/9 1203/4/9 1208/4/9
f 1204/4/10 1206/4/10 1203/4/10
f 1210/4/11 1212/4/11 1206/4/11
f 1209/4/12 1208/4/12 1212/4/12
f 1207/4/13 1209/4/13 1220/4/13
f 1222/4/14 1224/4/14 1211/4/14
f 1221/4/15 1220/4/15 1224/4/15
f 1219/4/16 1221/4/16 1214/4/16
f 1216/4/17 1218/4/17 1223/4/17
f 1215/4/18 1214/4/18 1218/4/18
f 1213/4/19 1215/4/19 1202/4/19
f 1205/4/20 1204/4/20 1217/4/20
f 1219/4/21 1213/4/21 1201/4/21
f 1206/4/22 1212/4/22 1208/4/22
f 1217/4/23 1204/4/23 1202/4/23
f 1210/4/24 1205/4/24 1216/4/24
f 1211/4/25 1224/4/25 1220/4/25
f 1223/4/26 1218/4/26 1214/4/26
f 1225/4/9 1227/4/9 1232/4/9
f 1228/4/10 1230/4/10 1227/4/10
f 1234/4/11 1236/4/11 1230/4/11
f 1233/4/12 1232/4/12 1236/4/12
f 1231/4/13 1233/4/13 1244/4/13
f 1246/4/14 1248/4/14 1235/4/14
f 1245/4/15 1244/4/15 1248/4/15
f 1243/4/16 1245/4/16 1238/4/16
f 1240/4/17 1242/4/17 1247/4/17
f 1239/4/18 1238/4/18 1242/4/18
f 1237/4/19 1239/4/19 1226/4/19
f 1229/4/20 1228/4/20 1241/4/20
f 1243/4/21 1237/4/21 1225/4/21
f 1230/4/22 1236/4/22 1232/4/22
f 1241/4/23 1228/4/23 1226/4/23
f 1234/4/24 1229/4/24 1240/4/24
f 1235/4/25 1248/4/25 1244/4/25
f 1247/4/26 1242/4/26 1238/4/26
f 1249/4/9 1251/4/9 1256/4/9
f 1252/4/10 1254/4/10 1251/4/10
f 1258/4/11 1260/4/11 1254/4/11
f 1257/4/12 1256/4/12 1260/4/12
f 1255/4/13 1257/4/13 1268/4/13
f 1270/4/14 1272/4/14 1259/4/14
f 1269/4/15 1268/4/15 1272/4/15
f 1267/4/16 1269/4/16 1262/4/16
f 1264/4/17 1266/4/17 1271/4/17
f 1263/4/18 1262/4/18 1266/4/18
f 1261/4/19 1263/4/19 1250/4/19
f 1253/4/20 1252/4/20 1265/4/20
f 1267/4/21 1261/4/21 1249/4/21
f 1254/4/22 1260/4/22 1256/4/22
f 1265/4/23 1252/4/23 1250/4/23
f 1258/4/24 1253/4/24 1264/4/24
f 1259/4/25 1272/4/25 1268/4/25
f 1271/4/26 1266/4/26 1262/4/26
