# Blender 5.2.1 LTS
# www.blender.org
mtllib market_stall.mtl
o market_stall
v -1.110000 0.000000 -0.510000
v -1.110000 0.020000 -0.490000
v -1.130000 0.020000 -0.510000
v -1.110000 2.140000 -0.490000
v -1.110000 2.160000 -0.510000
v -1.130000 2.140000 -0.510000
v -1.110000 0.000000 -0.570000
v -1.130000 0.020000 -0.570000
v -1.110000 0.020000 -0.590000
v -1.110000 2.160000 -0.570000
v -1.110000 2.140000 -0.590000
v -1.130000 2.140000 -0.570000
v -1.050000 0.000000 -0.510000
v -1.030000 0.020000 -0.510000
v -1.050000 0.020000 -0.490000
v -1.050000 2.160000 -0.510000
v -1.050000 2.140000 -0.490000
v -1.030000 2.140000 -0.510000
v -1.050000 0.000000 -0.570000
v -1.050000 0.020000 -0.590000
v -1.030000 0.020000 -0.570000
v -1.050000 2.160000 -0.570000
v -1.030000 2.140000 -0.570000
v -1.050000 2.140000 -0.590000
v -1.110000 0.000000 0.570000
v -1.110000 0.020000 0.590000
v -1.130000 0.020000 0.570000
v -1.110000 2.140000 0.590000
v -1.110000 2.160000 0.570000
v -1.130000 2.140000 0.570000
v -1.110000 0.000000 0.510000
v -1.130000 0.020000 0.510000
v -1.110000 0.020000 0.490000
v -1.110000 2.160000 0.510000
v -1.110000 2.140000 0.490000
v -1.130000 2.140000 0.510000
v -1.050000 0.000000 0.570000
v -1.030000 0.020000 0.570000
v -1.050000 0.020000 0.590000
v -1.050000 2.160000 0.570000
v -1.050000 2.140000 0.590000
v -1.030000 2.140000 0.570000
v -1.050000 0.000000 0.510000
v -1.050000 0.020000 0.490000
v -1.030000 0.020000 0.510000
v -1.050000 2.160000 0.510000
v -1.030000 2.140000 0.510000
v -1.050000 2.140000 0.490000
v 1.050000 0.000000 -0.510000
v 1.050000 0.020000 -0.490000
v 1.030000 0.020000 -0.510000
v 1.050000 2.140000 -0.490000
v 1.050000 2.160000 -0.510000
v 1.030000 2.140000 -0.510000
v 1.050000 0.000000 -0.570000
v 1.030000 0.020000 -0.570000
v 1.050000 0.020000 -0.590000
v 1.050000 2.160000 -0.570000
v 1.050000 2.140000 -0.590000
v 1.030000 2.140000 -0.570000
v 1.110000 0.000000 -0.510000
v 1.130000 0.020000 -0.510000
v 1.110000 0.020000 -0.490000
v 1.110000 2.160000 -0.510000
v 1.110000 2.140000 -0.490000
v 1.130000 2.140000 -0.510000
v 1.110000 0.000000 -0.570000
v 1.110000 0.020000 -0.590000
v 1.130000 0.020000 -0.570000
v 1.110000 2.160000 -0.570000
v 1.130000 2.140000 -0.570000
v 1.110000 2.140000 -0.590000
v 1.050000 0.000000 0.570000
v 1.050000 0.020000 0.590000
v 1.030000 0.020000 0.570000
v 1.050000 2.140000 0.590000
v 1.050000 2.160000 0.570000
v 1.030000 2.140000 0.570000
v 1.050000 0.000000 0.510000
v 1.030000 0.020000 0.510000
v 1.050000 0.020000 0.490000
v 1.050000 2.160000 0.510000
v 1.050000 2.140000 0.490000
v 1.030000 2.140000 0.510000
v 1.110000 0.000000 0.570000
v 1.130000 0.020000 0.570000
v 1.110000 0.020000 0.590000
v 1.110000 2.160000 0.570000
v 1.110000 2.140000 0.590000
v 1.130000 2.140000 0.570000
v 1.110000 0.000000 0.510000
v 1.110000 0.020000 0.490000
v 1.130000 0.020000 0.510000
v 1.110000 2.160000 0.510000
v 1.130000 2.140000 0.510000
v 1.110000 2.140000 0.490000
v -1.186000 0.780000 0.676000
v -1.186000 0.804000 0.700000
v -1.210000 0.804000 0.676000
v -1.186000 0.876000 0.700000
v -1.186000 0.900000 0.676000
v -1.210000 0.876000 0.676000
v -1.186000 0.780000 -0.676000
v -1.210000 0.804000 -0.676000
v -1.186000 0.804000 -0.700000
v -1.186000 0.900000 -0.676000
v -1.186000 0.876000 -0.700000
v -1.210000 0.876000 -0.676000
v -0.914000 0.780000 0.676000
v -0.890000 0.804000 0.676000
v -0.914000 0.804000 0.700000
v -0.914000 0.900000 0.676000
v -0.914000 0.876000 0.700000
v -0.890000 0.876000 0.676000
v -0.914000 0.780000 -0.676000
v -0.914000 0.804000 -0.700000
v -0.890000 0.804000 -0.676000
v -0.914000 0.900000 -0.676000
v -0.890000 0.876000 -0.676000
v -0.914000 0.876000 -0.700000
v -0.836000 0.780000 0.676000
v -0.836000 0.804000 0.700000
v -0.860000 0.804000 0.676000
v -0.836000 0.876000 0.700000
v -0.836000 0.900000 0.676000
v -0.860000 0.876000 0.676000
v -0.836000 0.780000 -0.676000
v -0.860000 0.804000 -0.676000
v -0.836000 0.804000 -0.700000
v -0.836000 0.900000 -0.676000
v -0.836000 0.876000 -0.700000
v -0.860000 0.876000 -0.676000
v -0.564000 0.780000 0.676000
v -0.540000 0.804000 0.676000
v -0.564000 0.804000 0.700000
v -0.564000 0.900000 0.676000
v -0.564000 0.876000 0.700000
v -0.540000 0.876000 0.676000
v -0.564000 0.780000 -0.676000
v -0.564000 0.804000 -0.700000
v -0.540000 0.804000 -0.676000
v -0.564000 0.900000 -0.676000
v -0.540000 0.876000 -0.676000
v -0.564000 0.876000 -0.700000
v -0.486000 0.780000 0.676000
v -0.486000 0.804000 0.700000
v -0.510000 0.804000 0.676000
v -0.486000 0.876000 0.700000
v -0.486000 0.900000 0.676000
v -0.510000 0.876000 0.676000
v -0.486000 0.780000 -0.676000
v -0.510000 0.804000 -0.676000
v -0.486000 0.804000 -0.700000
v -0.486000 0.900000 -0.676000
v -0.486000 0.876000 -0.700000
v -0.510000 0.876000 -0.676000
v -0.214000 0.780000 0.676000
v -0.190000 0.804000 0.676000
v -0.214000 0.804000 0.700000
v -0.214000 0.900000 0.676000
v -0.214000 0.876000 0.700000
v -0.190000 0.876000 0.676000
v -0.214000 0.780000 -0.676000
v -0.214000 0.804000 -0.700000
v -0.190000 0.804000 -0.676000
v -0.214000 0.900000 -0.676000
v -0.190000 0.876000 -0.676000
v -0.214000 0.876000 -0.700000
v -0.136000 0.780000 0.676000
v -0.136000 0.804000 0.700000
v -0.160000 0.804000 0.676000
v -0.136000 0.876000 0.700000
v -0.136000 0.900000 0.676000
v -0.160000 0.876000 0.676000
v -0.136000 0.780000 -0.676000
v -0.160000 0.804000 -0.676000
v -0.136000 0.804000 -0.700000
v -0.136000 0.900000 -0.676000
v -0.136000 0.876000 -0.700000
v -0.160000 0.876000 -0.676000
v 0.136000 0.780000 0.676000
v 0.160000 0.804000 0.676000
v 0.136000 0.804000 0.700000
v 0.136000 0.900000 0.676000
v 0.136000 0.876000 0.700000
v 0.160000 0.876000 0.676000
v 0.136000 0.780000 -0.676000
v 0.136000 0.804000 -0.700000
v 0.160000 0.804000 -0.676000
v 0.136000 0.900000 -0.676000
v 0.160000 0.876000 -0.676000
v 0.136000 0.876000 -0.700000
v 0.214000 0.780000 0.676000
v 0.214000 0.804000 0.700000
v 0.190000 0.804000 0.676000
v 0.214000 0.876000 0.700000
v 0.214000 0.900000 0.676000
v 0.190000 0.876000 0.676000
v 0.214000 0.780000 -0.676000
v 0.190000 0.804000 -0.676000
v 0.214000 0.804000 -0.700000
v 0.214000 0.900000 -0.676000
v 0.214000 0.876000 -0.700000
v 0.190000 0.876000 -0.676000
v 0.486000 0.780000 0.676000
v 0.510000 0.804000 0.676000
v 0.486000 0.804000 0.700000
v 0.486000 0.900000 0.676000
v 0.486000 0.876000 0.700000
v 0.510000 0.876000 0.676000
v 0.486000 0.780000 -0.676000
v 0.486000 0.804000 -0.700000
v 0.510000 0.804000 -0.676000
v 0.486000 0.900000 -0.676000
v 0.510000 0.876000 -0.676000
v 0.486000 0.876000 -0.700000
v 0.564000 0.780000 0.676000
v 0.564000 0.804000 0.700000
v 0.540000 0.804000 0.676000
v 0.564000 0.876000 0.700000
v 0.564000 0.900000 0.676000
v 0.540000 0.876000 0.676000
v 0.564000 0.780000 -0.676000
v 0.540000 0.804000 -0.676000
v 0.564000 0.804000 -0.700000
v 0.564000 0.900000 -0.676000
v 0.564000 0.876000 -0.700000
v 0.540000 0.876000 -0.676000
v 0.836000 0.780000 0.676000
v 0.860000 0.804000 0.676000
v 0.836000 0.804000 0.700000
v 0.836000 0.900000 0.676000
v 0.836000 0.876000 0.700000
v 0.860000 0.876000 0.676000
v 0.836000 0.780000 -0.676000
v 0.836000 0.804000 -0.700000
v 0.860000 0.804000 -0.676000
v 0.836000 0.900000 -0.676000
v 0.860000 0.876000 -0.676000
v 0.836000 0.876000 -0.700000
v 0.914000 0.780000 0.676000
v 0.914000 0.804000 0.700000
v 0.890000 0.804000 0.676000
v 0.914000 0.876000 0.700000
v 0.914000 0.900000 0.676000
v 0.890000 0.876000 0.676000
v 0.914000 0.780000 -0.676000
v 0.890000 0.804000 -0.676000
v 0.914000 0.804000 -0.700000
v 0.914000 0.900000 -0.676000
v 0.914000 0.876000 -0.700000
v 0.890000 0.876000 -0.676000
v 1.186000 0.780000 0.676000
v 1.210000 0.804000 0.676000
v 1.186000 0.804000 0.700000
v 1.186000 0.900000 0.676000
v 1.186000 0.876000 0.700000
v 1.210000 0.876000 0.676000
v 1.186000 0.780000 -0.676000
v 1.186000 0.804000 -0.700000
v 1.210000 0.804000 -0.676000
v 1.186000 0.900000 -0.676000
v 1.210000 0.876000 -0.676000
v 1.186000 0.876000 -0.700000
v -1.100000 0.235240 -0.558925
v -1.100000 0.815240 0.521075
v -1.071716 0.224918 -0.553382
v -1.071716 0.804918 0.526618
v -1.060000 0.200000 -0.540000
v -1.060000 0.780000 0.540000
v -1.071716 0.175082 -0.526618
v -1.071716 0.755082 0.553382
v -1.100000 0.164760 -0.521075
v -1.100000 0.744760 0.558925
v -1.128284 0.175082 -0.526618
v -1.128284 0.755082 0.553382
v -1.140000 0.200000 -0.540000
v -1.140000 0.780000 0.540000
v -1.128284 0.224918 -0.553382
v -1.128284 0.804918 0.526618
v 1.100000 0.235240 -0.558925
v 1.100000 0.815240 0.521075
v 1.128284 0.224918 -0.553382
v 1.128284 0.804918 0.526618
v 1.140000 0.200000 -0.540000
v 1.140000 0.780000 0.540000
v 1.128284 0.175082 -0.526618
v 1.128284 0.755082 0.553382
v 1.100000 0.164760 -0.521075
v 1.100000 0.744760 0.558925
v 1.071716 0.175082 -0.526618
v 1.071716 0.755082 0.553382
v 1.060000 0.200000 -0.540000
v 1.060000 0.780000 0.540000
v 1.071716 0.224918 -0.553382
v 1.071716 0.804918 0.526618
v -1.436000 2.106614 0.831505
v -1.436000 2.119600 0.846450
v -1.450000 2.120579 0.832484
v -1.436000 2.161497 0.849387
v -1.436000 2.176442 0.836401
v -1.450000 2.162477 0.835422
v -1.436000 2.223558 -0.836401
v -1.450000 2.237524 -0.835421
v -1.436000 2.238503 -0.849387
v -1.436000 2.293386 -0.831505
v -1.436000 2.280400 -0.846450
v -1.450000 2.279421 -0.832484
v -1.104000 2.106614 0.831505
v -1.090000 2.120579 0.832484
v -1.104000 2.119600 0.846450
v -1.104000 2.176442 0.836401
v -1.104000 2.161497 0.849387
v -1.090000 2.162477 0.835422
v -1.104000 2.223558 -0.836401
v -1.104000 2.238503 -0.849387
v -1.090000 2.237524 -0.835421
v -1.104000 2.293386 -0.831505
v -1.090000 2.279421 -0.832484
v -1.104000 2.280400 -0.846450
v -1.442000 1.920000 0.852000
v -1.442000 1.928000 0.860000
v -1.450000 1.928000 0.852000
v -1.442000 2.192000 0.860000
v -1.442000 2.200000 0.852000
v -1.450000 2.192000 0.852000
v -1.442000 1.920000 0.828000
v -1.450000 1.928000 0.828000
v -1.442000 1.928000 0.820000
v -1.442000 2.200000 0.828000
v -1.442000 2.192000 0.820000
v -1.450000 2.192000 0.828000
v -1.098000 1.920000 0.852000
v -1.090000 1.928000 0.852000
v -1.098000 1.928000 0.860000
v -1.098000 2.200000 0.852000
v -1.098000 2.192000 0.860000
v -1.090000 2.192000 0.852000
v -1.098000 1.920000 0.828000
v -1.098000 1.928000 0.820000
v -1.090000 1.928000 0.828000
v -1.098000 2.200000 0.828000
v -1.090000 2.192000 0.828000
v -1.098000 2.192000 0.820000
v -1.076000 2.106614 0.831505
v -1.076000 2.119600 0.846450
v -1.090000 2.120579 0.832484
v -1.076000 2.161497 0.849387
v -1.076000 2.176442 0.836401
v -1.090000 2.162477 0.835422
v -1.076000 2.223558 -0.836401
v -1.090000 2.237524 -0.835421
v -1.076000 2.238503 -0.849387
v -1.076000 2.293386 -0.831505
v -1.076000 2.280400 -0.846450
v -1.090000 2.279421 -0.832484
v -0.744000 2.106614 0.831505
v -0.730000 2.120579 0.832484
v -0.744000 2.119600 0.846450
v -0.744000 2.176442 0.836401
v -0.744000 2.161497 0.849387
v -0.730000 2.162477 0.835422
v -0.744000 2.223558 -0.836401
v -0.744000 2.238503 -0.849387
v -0.730000 2.237524 -0.835421
v -0.744000 2.293386 -0.831505
v -0.730000 2.279421 -0.832484
v -0.744000 2.280400 -0.846450
v -1.082000 1.920000 0.852000
v -1.082000 1.928000 0.860000
v -1.090000 1.928000 0.852000
v -1.082000 2.192000 0.860000
v -1.082000 2.200000 0.852000
v -1.090000 2.192000 0.852000
v -1.082000 1.920000 0.828000
v -1.090000 1.928000 0.828000
v -1.082000 1.928000 0.820000
v -1.082000 2.200000 0.828000
v -1.082000 2.192000 0.820000
v -1.090000 2.192000 0.828000
v -0.738000 1.920000 0.852000
v -0.730000 1.928000 0.852000
v -0.738000 1.928000 0.860000
v -0.738000 2.200000 0.852000
v -0.738000 2.192000 0.860000
v -0.730000 2.192000 0.852000
v -0.738000 1.920000 0.828000
v -0.738000 1.928000 0.820000
v -0.730000 1.928000 0.828000
v -0.738000 2.200000 0.828000
v -0.730000 2.192000 0.828000
v -0.738000 2.192000 0.820000
v -0.716000 2.106614 0.831505
v -0.716000 2.119600 0.846450
v -0.730000 2.120579 0.832484
v -0.716000 2.161497 0.849387
v -0.716000 2.176442 0.836401
v -0.730000 2.162477 0.835422
v -0.716000 2.223558 -0.836401
v -0.730000 2.237524 -0.835421
v -0.716000 2.238503 -0.849387
v -0.716000 2.293386 -0.831505
v -0.716000 2.280400 -0.846450
v -0.730000 2.279421 -0.832484
v -0.384000 2.106614 0.831505
v -0.370000 2.120579 0.832484
v -0.384000 2.119600 0.846450
v -0.384000 2.176442 0.836401
v -0.384000 2.161497 0.849387
v -0.370000 2.162477 0.835422
v -0.384000 2.223558 -0.836401
v -0.384000 2.238503 -0.849387
v -0.370000 2.237524 -0.835421
v -0.384000 2.293386 -0.831505
v -0.370000 2.279421 -0.832484
v -0.384000 2.280400 -0.846450
v -0.722000 1.920000 0.852000
v -0.722000 1.928000 0.860000
v -0.730000 1.928000 0.852000
v -0.722000 2.192000 0.860000
v -0.722000 2.200000 0.852000
v -0.730000 2.192000 0.852000
v -0.722000 1.920000 0.828000
v -0.730000 1.928000 0.828000
v -0.722000 1.928000 0.820000
v -0.722000 2.200000 0.828000
v -0.722000 2.192000 0.820000
v -0.730000 2.192000 0.828000
v -0.378000 1.920000 0.852000
v -0.370000 1.928000 0.852000
v -0.378000 1.928000 0.860000
v -0.378000 2.200000 0.852000
v -0.378000 2.192000 0.860000
v -0.370000 2.192000 0.852000
v -0.378000 1.920000 0.828000
v -0.378000 1.928000 0.820000
v -0.370000 1.928000 0.828000
v -0.378000 2.200000 0.828000
v -0.370000 2.192000 0.828000
v -0.378000 2.192000 0.820000
v -0.356000 2.106614 0.831505
v -0.356000 2.119600 0.846450
v -0.370000 2.120579 0.832484
v -0.356000 2.161497 0.849387
v -0.356000 2.176442 0.836401
v -0.370000 2.162477 0.835422
v -0.356000 2.223558 -0.836401
v -0.370000 2.237524 -0.835421
v -0.356000 2.238503 -0.849387
v -0.356000 2.293386 -0.831505
v -0.356000 2.280400 -0.846450
v -0.370000 2.279421 -0.832484
v -0.024000 2.106614 0.831505
v -0.010000 2.120579 0.832484
v -0.024000 2.119600 0.846450
v -0.024000 2.176442 0.836401
v -0.024000 2.161497 0.849387
v -0.010000 2.162477 0.835422
v -0.024000 2.223558 -0.836401
v -0.024000 2.238503 -0.849387
v -0.010000 2.237524 -0.835421
v -0.024000 2.293386 -0.831505
v -0.010000 2.279421 -0.832484
v -0.024000 2.280400 -0.846450
v -0.362000 1.920000 0.852000
v -0.362000 1.928000 0.860000
v -0.370000 1.928000 0.852000
v -0.362000 2.192000 0.860000
v -0.362000 2.200000 0.852000
v -0.370000 2.192000 0.852000
v -0.362000 1.920000 0.828000
v -0.370000 1.928000 0.828000
v -0.362000 1.928000 0.820000
v -0.362000 2.200000 0.828000
v -0.362000 2.192000 0.820000
v -0.370000 2.192000 0.828000
v -0.018000 1.920000 0.852000
v -0.010000 1.928000 0.852000
v -0.018000 1.928000 0.860000
v -0.018000 2.200000 0.852000
v -0.018000 2.192000 0.860000
v -0.010000 2.192000 0.852000
v -0.018000 1.920000 0.828000
v -0.018000 1.928000 0.820000
v -0.010000 1.928000 0.828000
v -0.018000 2.200000 0.828000
v -0.010000 2.192000 0.828000
v -0.018000 2.192000 0.820000
v 0.004000 2.106614 0.831505
v 0.004000 2.119600 0.846450
v -0.010000 2.120579 0.832484
v 0.004000 2.161497 0.849387
v 0.004000 2.176442 0.836401
v -0.010000 2.162477 0.835422
v 0.004000 2.223558 -0.836401
v -0.010000 2.237524 -0.835421
v 0.004000 2.238503 -0.849387
v 0.004000 2.293386 -0.831505
v 0.004000 2.280400 -0.846450
v -0.010000 2.279421 -0.832484
v 0.336000 2.106614 0.831505
v 0.350000 2.120579 0.832484
v 0.336000 2.119600 0.846450
v 0.336000 2.176442 0.836401
v 0.336000 2.161497 0.849387
v 0.350000 2.162477 0.835422
v 0.336000 2.223558 -0.836401
v 0.336000 2.238503 -0.849387
v 0.350000 2.237524 -0.835421
v 0.336000 2.293386 -0.831505
v 0.350000 2.279421 -0.832484
v 0.336000 2.280400 -0.846450
v -0.002000 1.920000 0.852000
v -0.002000 1.928000 0.860000
v -0.010000 1.928000 0.852000
v -0.002000 2.192000 0.860000
v -0.002000 2.200000 0.852000
v -0.010000 2.192000 0.852000
v -0.002000 1.920000 0.828000
v -0.010000 1.928000 0.828000
v -0.002000 1.928000 0.820000
v -0.002000 2.200000 0.828000
v -0.002000 2.192000 0.820000
v -0.010000 2.192000 0.828000
v 0.342000 1.920000 0.852000
v 0.350000 1.928000 0.852000
v 0.342000 1.928000 0.860000
v 0.342000 2.200000 0.852000
v 0.342000 2.192000 0.860000
v 0.350000 2.192000 0.852000
v 0.342000 1.920000 0.828000
v 0.342000 1.928000 0.820000
v 0.350000 1.928000 0.828000
v 0.342000 2.200000 0.828000
v 0.350000 2.192000 0.828000
v 0.342000 2.192000 0.820000
v 0.364000 2.106614 0.831505
v 0.364000 2.119600 0.846450
v 0.350000 2.120579 0.832484
v 0.364000 2.161497 0.849387
v 0.364000 2.176442 0.836401
v 0.350000 2.162477 0.835422
v 0.364000 2.223558 -0.836401
v 0.350000 2.237524 -0.835421
v 0.364000 2.238503 -0.849387
v 0.364000 2.293386 -0.831505
v 0.364000 2.280400 -0.846450
v 0.350000 2.279421 -0.832484
v 0.696000 2.106614 0.831505
v 0.710000 2.120579 0.832484
v 0.696000 2.119600 0.846450
v 0.696000 2.176442 0.836401
v 0.696000 2.161497 0.849387
v 0.710000 2.162477 0.835422
v 0.696000 2.223558 -0.836401
v 0.696000 2.238503 -0.849387
v 0.710000 2.237524 -0.835421
v 0.696000 2.293386 -0.831505
v 0.710000 2.279421 -0.832484
v 0.696000 2.280400 -0.846450
v 0.358000 1.920000 0.852000
v 0.358000 1.928000 0.860000
v 0.350000 1.928000 0.852000
v 0.358000 2.192000 0.860000
v 0.358000 2.200000 0.852000
v 0.350000 2.192000 0.852000
v 0.358000 1.920000 0.828000
v 0.350000 1.928000 0.828000
v 0.358000 1.928000 0.820000
v 0.358000 2.200000 0.828000
v 0.358000 2.192000 0.820000
v 0.350000 2.192000 0.828000
v 0.702000 1.920000 0.852000
v 0.710000 1.928000 0.852000
v 0.702000 1.928000 0.860000
v 0.702000 2.200000 0.852000
v 0.702000 2.192000 0.860000
v 0.710000 2.192000 0.852000
v 0.702000 1.920000 0.828000
v 0.702000 1.928000 0.820000
v 0.710000 1.928000 0.828000
v 0.702000 2.200000 0.828000
v 0.710000 2.192000 0.828000
v 0.702000 2.192000 0.820000
v 0.724000 2.106614 0.831505
v 0.724000 2.119600 0.846450
v 0.710000 2.120579 0.832484
v 0.724000 2.161497 0.849387
v 0.724000 2.176442 0.836401
v 0.710000 2.162477 0.835422
v 0.724000 2.223558 -0.836401
v 0.710000 2.237524 -0.835421
v 0.724000 2.238503 -0.849387
v 0.724000 2.293386 -0.831505
v 0.724000 2.280400 -0.846450
v 0.710000 2.279421 -0.832484
v 1.056000 2.106614 0.831505
v 1.070000 2.120579 0.832484
v 1.056000 2.119600 0.846450
v 1.056000 2.176442 0.836401
v 1.056000 2.161497 0.849387
v 1.070000 2.162477 0.835422
v 1.056000 2.223558 -0.836401
v 1.056000 2.238503 -0.849387
v 1.070000 2.237524 -0.835421
v 1.056000 2.293386 -0.831505
v 1.070000 2.279421 -0.832484
v 1.056000 2.280400 -0.846450
v 0.718000 1.920000 0.852000
v 0.718000 1.928000 0.860000
v 0.710000 1.928000 0.852000
v 0.718000 2.192000 0.860000
v 0.718000 2.200000 0.852000
v 0.710000 2.192000 0.852000
v 0.718000 1.920000 0.828000
v 0.710000 1.928000 0.828000
v 0.718000 1.928000 0.820000
v 0.718000 2.200000 0.828000
v 0.718000 2.192000 0.820000
v 0.710000 2.192000 0.828000
v 1.062000 1.920000 0.852000
v 1.070000 1.928000 0.852000
v 1.062000 1.928000 0.860000
v 1.062000 2.200000 0.852000
v 1.062000 2.192000 0.860000
v 1.070000 2.192000 0.852000
v 1.062000 1.920000 0.828000
v 1.062000 1.928000 0.820000
v 1.070000 1.928000 0.828000
v 1.062000 2.200000 0.828000
v 1.070000 2.192000 0.828000
v 1.062000 2.192000 0.820000
v 1.084000 2.106614 0.831505
v 1.084000 2.119600 0.846450
v 1.070000 2.120579 0.832484
v 1.084000 2.161497 0.849387
v 1.084000 2.176442 0.836401
v 1.070000 2.162477 0.835422
v 1.084000 2.223558 -0.836401
v 1.070000 2.237524 -0.835421
v 1.084000 2.238503 -0.849387
v 1.084000 2.293386 -0.831505
v 1.084000 2.280400 -0.846450
v 1.070000 2.279421 -0.832484
v 1.416000 2.106614 0.831505
v 1.430000 2.120579 0.832484
v 1.416000 2.119600 0.846450
v 1.416000 2.176442 0.836401
v 1.416000 2.161497 0.849387
v 1.430000 2.162477 0.835422
v 1.416000 2.223558 -0.836401
v 1.416000 2.238503 -0.849387
v 1.430000 2.237524 -0.835421
v 1.416000 2.293386 -0.831505
v 1.430000 2.279421 -0.832484
v 1.416000 2.280400 -0.846450
v 1.078000 1.920000 0.852000
v 1.078000 1.928000 0.860000
v 1.070000 1.928000 0.852000
v 1.078000 2.192000 0.860000
v 1.078000 2.200000 0.852000
v 1.070000 2.192000 0.852000
v 1.078000 1.920000 0.828000
v 1.070000 1.928000 0.828000
v 1.078000 1.928000 0.820000
v 1.078000 2.200000 0.828000
v 1.078000 2.192000 0.820000
v 1.070000 2.192000 0.828000
v 1.422000 1.920000 0.852000
v 1.430000 1.928000 0.852000
v 1.422000 1.928000 0.860000
v 1.422000 2.200000 0.852000
v 1.422000 2.192000 0.860000
v 1.430000 2.192000 0.852000
v 1.422000 1.920000 0.828000
v 1.422000 1.928000 0.820000
v 1.430000 1.928000 0.828000
v 1.422000 2.200000 0.828000
v 1.430000 2.192000 0.828000
v 1.422000 2.192000 0.820000
v -0.950000 0.900000 0.300000
v -0.950000 0.925000 0.325000
v -0.975000 0.925000 0.300000
v -0.950000 1.225000 0.325000
v -0.950000 1.250000 0.300000
v -0.975000 1.225000 0.300000
v -0.950000 0.900000 -0.300000
v -0.975000 0.925000 -0.300000
v -0.950000 0.925000 -0.325000
v -0.950000 1.250000 -0.300000
v -0.950000 1.225000 -0.325000
v -0.975000 1.225000 -0.300000
v -0.450000 0.900000 0.300000
v -0.425000 0.925000 0.300000
v -0.450000 0.925000 0.325000
v -0.450000 1.250000 0.300000
v -0.450000 1.225000 0.325000
v -0.425000 1.225000 0.300000
v -0.450000 0.900000 -0.300000
v -0.450000 0.925000 -0.325000
v -0.425000 0.925000 -0.300000
v -0.450000 1.250000 -0.300000
v -0.425000 1.225000 -0.300000
v -0.450000 1.225000 -0.325000
v -0.899500 0.900000 -0.318000
v -0.899500 0.909000 -0.309000
v -0.908500 0.909000 -0.318000
v -0.899500 1.241000 -0.309000
v -0.899500 1.250000 -0.318000
v -0.908500 1.241000 -0.318000
v -0.899500 0.900000 -0.345000
v -0.908500 0.909000 -0.345000
v -0.899500 0.909000 -0.354000
v -0.899500 1.250000 -0.345000
v -0.899500 1.241000 -0.354000
v -0.908500 1.241000 -0.345000
v -0.852500 0.900000 -0.318000
v -0.843500 0.909000 -0.318000
v -0.852500 0.909000 -0.309000
v -0.852500 1.250000 -0.318000
v -0.852500 1.241000 -0.309000
v -0.843500 1.241000 -0.318000
v -0.852500 0.900000 -0.345000
v -0.852500 0.909000 -0.354000
v -0.843500 0.909000 -0.345000
v -0.852500 1.250000 -0.345000
v -0.843500 1.241000 -0.345000
v -0.852500 1.241000 -0.354000
v -0.547500 0.900000 -0.318000
v -0.547500 0.909000 -0.309000
v -0.556500 0.909000 -0.318000
v -0.547500 1.241000 -0.309000
v -0.547500 1.250000 -0.318000
v -0.556500 1.241000 -0.318000
v -0.547500 0.900000 -0.345000
v -0.556500 0.909000 -0.345000
v -0.547500 0.909000 -0.354000
v -0.547500 1.250000 -0.345000
v -0.547500 1.241000 -0.354000
v -0.556500 1.241000 -0.345000
v -0.500500 0.900000 -0.318000
v -0.491500 0.909000 -0.318000
v -0.500500 0.909000 -0.309000
v -0.500500 1.250000 -0.318000
v -0.500500 1.241000 -0.309000
v -0.491500 1.241000 -0.318000
v -0.500500 0.900000 -0.345000
v -0.500500 0.909000 -0.354000
v -0.491500 0.909000 -0.345000
v -0.500500 1.250000 -0.345000
v -0.491500 1.241000 -0.345000
v -0.500500 1.241000 -0.354000
v -0.964000 0.900000 -0.321500
v -0.964000 0.911000 -0.310500
v -0.975000 0.911000 -0.321500
v -0.964000 0.959000 -0.310500
v -0.964000 0.970000 -0.321500
v -0.975000 0.959000 -0.321500
v -0.964000 0.900000 -0.354500
v -0.975000 0.911000 -0.354500
v -0.964000 0.911000 -0.365500
v -0.964000 0.970000 -0.354500
v -0.964000 0.959000 -0.365500
v -0.975000 0.959000 -0.354500
v -0.436000 0.900000 -0.321500
v -0.425000 0.911000 -0.321500
v -0.436000 0.911000 -0.310500
v -0.436000 0.970000 -0.321500
v -0.436000 0.959000 -0.310500
v -0.425000 0.959000 -0.321500
v -0.436000 0.900000 -0.354500
v -0.436000 0.911000 -0.365500
v -0.425000 0.911000 -0.354500
v -0.436000 0.970000 -0.354500
v -0.425000 0.959000 -0.354500
v -0.436000 0.959000 -0.365500
v -0.964000 1.180000 -0.321500
v -0.964000 1.191000 -0.310500
v -0.975000 1.191000 -0.321500
v -0.964000 1.239000 -0.310500
v -0.964000 1.250000 -0.321500
v -0.975000 1.239000 -0.321500
v -0.964000 1.180000 -0.354500
v -0.975000 1.191000 -0.354500
v -0.964000 1.191000 -0.365500
v -0.964000 1.250000 -0.354500
v -0.964000 1.239000 -0.365500
v -0.975000 1.239000 -0.354500
v -0.436000 1.180000 -0.321500
v -0.425000 1.191000 -0.321500
v -0.436000 1.191000 -0.310500
v -0.436000 1.250000 -0.321500
v -0.436000 1.239000 -0.310500
v -0.425000 1.239000 -0.321500
v -0.436000 1.180000 -0.354500
v -0.436000 1.191000 -0.365500
v -0.425000 1.191000 -0.354500
v -0.436000 1.250000 -0.354500
v -0.425000 1.239000 -0.354500
v -0.436000 1.239000 -0.365500
v -0.998500 1.066000 0.134250
v -0.998500 1.078000 0.146250
v -1.010500 1.078000 0.134250
v -0.998500 1.114000 0.146250
v -0.998500 1.126000 0.134250
v -1.010500 1.114000 0.134250
v -0.998500 1.066000 -0.134250
v -1.010500 1.078000 -0.134250
v -0.998500 1.078000 -0.146250
v -0.998500 1.126000 -0.134250
v -0.998500 1.114000 -0.146250
v -1.010500 1.114000 -0.134250
v -0.962500 1.066000 0.134250
v -0.950500 1.078000 0.134250
v -0.962500 1.078000 0.146250
v -0.962500 1.126000 0.134250
v -0.962500 1.114000 0.146250
v -0.950500 1.114000 0.134250
v -0.962500 1.066000 -0.134250
v -0.962500 1.078000 -0.146250
v -0.950500 1.078000 -0.134250
v -0.962500 1.126000 -0.134250
v -0.950500 1.114000 -0.134250
v -0.962500 1.114000 -0.146250
v -0.899500 0.900000 0.345000
v -0.899500 0.909000 0.354000
v -0.908500 0.909000 0.345000
v -0.899500 1.241000 0.354000
v -0.899500 1.250000 0.345000
v -0.908500 1.241000 0.345000
v -0.899500 0.900000 0.318000
v -0.908500 0.909000 0.318000
v -0.899500 0.909000 0.309000
v -0.899500 1.250000 0.318000
v -0.899500 1.241000 0.309000
v -0.908500 1.241000 0.318000
v -0.852500 0.900000 0.345000
v -0.843500 0.909000 0.345000
v -0.852500 0.909000 0.354000
v -0.852500 1.250000 0.345000
v -0.852500 1.241000 0.354000
v -0.843500 1.241000 0.345000
v -0.852500 0.900000 0.318000
v -0.852500 0.909000 0.309000
v -0.843500 0.909000 0.318000
v -0.852500 1.250000 0.318000
v -0.843500 1.241000 0.318000
v -0.852500 1.241000 0.309000
v -0.547500 0.900000 0.345000
v -0.547500 0.909000 0.354000
v -0.556500 0.909000 0.345000
v -0.547500 1.241000 0.354000
v -0.547500 1.250000 0.345000
v -0.556500 1.241000 0.345000
v -0.547500 0.900000 0.318000
v -0.556500 0.909000 0.318000
v -0.547500 0.909000 0.309000
v -0.547500 1.250000 0.318000
v -0.547500 1.241000 0.309000
v -0.556500 1.241000 0.318000
v -0.500500 0.900000 0.345000
v -0.491500 0.909000 0.345000
v -0.500500 0.909000 0.354000
v -0.500500 1.250000 0.345000
v -0.500500 1.241000 0.354000
v -0.491500 1.241000 0.345000
v -0.500500 0.900000 0.318000
v -0.500500 0.909000 0.309000
v -0.491500 0.909000 0.318000
v -0.500500 1.250000 0.318000
v -0.491500 1.241000 0.318000
v -0.500500 1.241000 0.309000
v -0.964000 0.900000 0.354500
v -0.964000 0.911000 0.365500
v -0.975000 0.911000 0.354500
v -0.964000 0.959000 0.365500
v -0.964000 0.970000 0.354500
v -0.975000 0.959000 0.354500
v -0.964000 0.900000 0.321500
v -0.975000 0.911000 0.321500
v -0.964000 0.911000 0.310500
v -0.964000 0.970000 0.321500
v -0.964000 0.959000 0.310500
v -0.975000 0.959000 0.321500
v -0.436000 0.900000 0.354500
v -0.425000 0.911000 0.354500
v -0.436000 0.911000 0.365500
v -0.436000 0.970000 0.354500
v -0.436000 0.959000 0.365500
v -0.425000 0.959000 0.354500
v -0.436000 0.900000 0.321500
v -0.436000 0.911000 0.310500
v -0.425000 0.911000 0.321500
v -0.436000 0.970000 0.321500
v -0.425000 0.959000 0.321500
v -0.436000 0.959000 0.310500
v -0.964000 1.180000 0.354500
v -0.964000 1.191000 0.365500
v -0.975000 1.191000 0.354500
v -0.964000 1.239000 0.365500
v -0.964000 1.250000 0.354500
v -0.975000 1.239000 0.354500
v -0.964000 1.180000 0.321500
v -0.975000 1.191000 0.321500
v -0.964000 1.191000 0.310500
v -0.964000 1.250000 0.321500
v -0.964000 1.239000 0.310500
v -0.975000 1.239000 0.321500
v -0.436000 1.180000 0.354500
v -0.425000 1.191000 0.354500
v -0.436000 1.191000 0.365500
v -0.436000 1.250000 0.354500
v -0.436000 1.239000 0.365500
v -0.425000 1.239000 0.354500
v -0.436000 1.180000 0.321500
v -0.436000 1.191000 0.310500
v -0.425000 1.191000 0.321500
v -0.436000 1.250000 0.321500
v -0.425000 1.239000 0.321500
v -0.436000 1.239000 0.310500
v -0.437500 1.066000 0.134250
v -0.437500 1.078000 0.146250
v -0.449500 1.078000 0.134250
v -0.437500 1.114000 0.146250
v -0.437500 1.126000 0.134250
v -0.449500 1.114000 0.134250
v -0.437500 1.066000 -0.134250
v -0.449500 1.078000 -0.134250
v -0.437500 1.078000 -0.146250
v -0.437500 1.126000 -0.134250
v -0.437500 1.114000 -0.146250
v -0.449500 1.114000 -0.134250
v -0.401500 1.066000 0.134250
v -0.389500 1.078000 0.134250
v -0.401500 1.078000 0.146250
v -0.401500 1.126000 0.134250
v -0.401500 1.114000 0.146250
v -0.389500 1.114000 0.134250
v -0.401500 1.066000 -0.134250
v -0.401500 1.078000 -0.146250
v -0.389500 1.078000 -0.134250
v -0.401500 1.126000 -0.134250
v -0.389500 1.114000 -0.134250
v -0.401500 1.114000 -0.146250
v -0.898500 1.250000 0.315000
v -0.898500 1.260000 0.325000
v -0.908500 1.260000 0.315000
v -0.898500 1.290000 0.325000
v -0.898500 1.300000 0.315000
v -0.908500 1.290000 0.315000
v -0.898500 1.250000 -0.315000
v -0.908500 1.260000 -0.315000
v -0.898500 1.260000 -0.325000
v -0.898500 1.300000 -0.315000
v -0.898500 1.290000 -0.325000
v -0.908500 1.290000 -0.315000
v -0.853500 1.250000 0.315000
v -0.843500 1.260000 0.315000
v -0.853500 1.260000 0.325000
v -0.853500 1.300000 0.315000
v -0.853500 1.290000 0.325000
v -0.843500 1.290000 0.315000
v -0.853500 1.250000 -0.315000
v -0.853500 1.260000 -0.325000
v -0.843500 1.260000 -0.315000
v -0.853500 1.300000 -0.315000
v -0.843500 1.290000 -0.315000
v -0.853500 1.290000 -0.325000
v -0.546500 1.250000 0.315000
v -0.546500 1.260000 0.325000
v -0.556500 1.260000 0.315000
v -0.546500 1.290000 0.325000
v -0.546500 1.300000 0.315000
v -0.556500 1.290000 0.315000
v -0.546500 1.250000 -0.315000
v -0.556500 1.260000 -0.315000
v -0.546500 1.260000 -0.325000
v -0.546500 1.300000 -0.315000
v -0.546500 1.290000 -0.325000
v -0.556500 1.290000 -0.315000
v -0.501500 1.250000 0.315000
v -0.491500 1.260000 0.315000
v -0.501500 1.260000 0.325000
v -0.501500 1.300000 0.315000
v -0.501500 1.290000 0.325000
v -0.491500 1.290000 0.315000
v -0.501500 1.250000 -0.315000
v -0.501500 1.260000 -0.325000
v -0.491500 1.260000 -0.315000
v -0.501500 1.300000 -0.315000
v -0.491500 1.290000 -0.315000
v -0.501500 1.290000 -0.325000
v -0.816400 1.022500 0.349900
v -0.816400 1.026100 0.353500
v -0.820000 1.026100 0.349900
v -0.816400 1.158900 0.353500
v -0.816400 1.162500 0.349900
v -0.820000 1.158900 0.349900
v -0.816400 1.022500 0.339100
v -0.820000 1.026100 0.339100
v -0.816400 1.026100 0.335500
v -0.816400 1.162500 0.339100
v -0.816400 1.158900 0.335500
v -0.820000 1.158900 0.339100
v -0.583600 1.022500 0.349900
v -0.580000 1.026100 0.349900
v -0.583600 1.026100 0.353500
v -0.583600 1.162500 0.349900
v -0.583600 1.158900 0.353500
v -0.580000 1.158900 0.349900
v -0.583600 1.022500 0.339100
v -0.583600 1.026100 0.335500
v -0.580000 1.026100 0.339100
v -0.583600 1.162500 0.339100
v -0.580000 1.158900 0.339100
v -0.583600 1.158900 0.335500
v -0.920000 1.019500 0.343500
v -0.920000 1.019500 0.371500
v -0.892287 1.003500 0.343500
v -0.892287 1.003500 0.371500
v -0.892287 0.971500 0.343500
v -0.892287 0.971500 0.371500
v -0.920000 0.955500 0.343500
v -0.920000 0.955500 0.371500
v -0.947713 0.971500 0.343500
v -0.947713 0.971500 0.371500
v -0.947713 1.003500 0.343500
v -0.947713 1.003500 0.371500
v -0.920000 1.229500 0.343500
v -0.920000 1.229500 0.371500
v -0.892287 1.213500 0.343500
v -0.892287 1.213500 0.371500
v -0.892287 1.181500 0.343500
v -0.892287 1.181500 0.371500
v -0.920000 1.165500 0.343500
v -0.920000 1.165500 0.371500
v -0.947713 1.181500 0.343500
v -0.947713 1.181500 0.371500
v -0.947713 1.213500 0.343500
v -0.947713 1.213500 0.371500
v -0.480000 1.019500 0.343500
v -0.480000 1.019500 0.371500
v -0.452287 1.003500 0.343500
v -0.452287 1.003500 0.371500
v -0.452287 0.971500 0.343500
v -0.452287 0.971500 0.371500
v -0.480000 0.955500 0.343500
v -0.480000 0.955500 0.371500
v -0.507713 0.971500 0.343500
v -0.507713 0.971500 0.371500
v -0.507713 1.003500 0.343500
v -0.507713 1.003500 0.371500
v -0.480000 1.229500 0.343500
v -0.480000 1.229500 0.371500
v -0.452287 1.213500 0.343500
v -0.452287 1.213500 0.371500
v -0.452287 1.181500 0.343500
v -0.452287 1.181500 0.371500
v -0.480000 1.165500 0.343500
v -0.480000 1.165500 0.371500
v -0.507713 1.181500 0.343500
v -0.507713 1.181500 0.371500
v -0.507713 1.213500 0.343500
v -0.507713 1.213500 0.371500
v -0.250000 0.900000 0.300000
v -0.250000 0.925000 0.325000
v -0.275000 0.925000 0.300000
v -0.250000 1.225000 0.325000
v -0.250000 1.250000 0.300000
v -0.275000 1.225000 0.300000
v -0.250000 0.900000 -0.300000
v -0.275000 0.925000 -0.300000
v -0.250000 0.925000 -0.325000
v -0.250000 1.250000 -0.300000
v -0.250000 1.225000 -0.325000
v -0.275000 1.225000 -0.300000
v 0.250000 0.900000 0.300000
v 0.275000 0.925000 0.300000
v 0.250000 0.925000 0.325000
v 0.250000 1.250000 0.300000
v 0.250000 1.225000 0.325000
v 0.275000 1.225000 0.300000
v 0.250000 0.900000 -0.300000
v 0.250000 0.925000 -0.325000
v 0.275000 0.925000 -0.300000
v 0.250000 1.250000 -0.300000
v 0.275000 1.225000 -0.300000
v 0.250000 1.225000 -0.325000
v -0.199500 0.900000 -0.318000
v -0.199500 0.909000 -0.309000
v -0.208500 0.909000 -0.318000
v -0.199500 1.241000 -0.309000
v -0.199500 1.250000 -0.318000
v -0.208500 1.241000 -0.318000
v -0.199500 0.900000 -0.345000
v -0.208500 0.909000 -0.345000
v -0.199500 0.909000 -0.354000
v -0.199500 1.250000 -0.345000
v -0.199500 1.241000 -0.354000
v -0.208500 1.241000 -0.345000
v -0.152500 0.900000 -0.318000
v -0.143500 0.909000 -0.318000
v -0.152500 0.909000 -0.309000
v -0.152500 1.250000 -0.318000
v -0.152500 1.241000 -0.309000
v -0.143500 1.241000 -0.318000
v -0.152500 0.900000 -0.345000
v -0.152500 0.909000 -0.354000
v -0.143500 0.909000 -0.345000
v -0.152500 1.250000 -0.345000
v -0.143500 1.241000 -0.345000
v -0.152500 1.241000 -0.354000
v 0.152500 0.900000 -0.318000
v 0.152500 0.909000 -0.309000
v 0.143500 0.909000 -0.318000
v 0.152500 1.241000 -0.309000
v 0.152500 1.250000 -0.318000
v 0.143500 1.241000 -0.318000
v 0.152500 0.900000 -0.345000
v 0.143500 0.909000 -0.345000
v 0.152500 0.909000 -0.354000
v 0.152500 1.250000 -0.345000
v 0.152500 1.241000 -0.354000
v 0.143500 1.241000 -0.345000
v 0.199500 0.900000 -0.318000
v 0.208500 0.909000 -0.318000
v 0.199500 0.909000 -0.309000
v 0.199500 1.250000 -0.318000
v 0.199500 1.241000 -0.309000
v 0.208500 1.241000 -0.318000
v 0.199500 0.900000 -0.345000
v 0.199500 0.909000 -0.354000
v 0.208500 0.909000 -0.345000
v 0.199500 1.250000 -0.345000
v 0.208500 1.241000 -0.345000
v 0.199500 1.241000 -0.354000
v -0.264000 0.900000 -0.321500
v -0.264000 0.911000 -0.310500
v -0.275000 0.911000 -0.321500
v -0.264000 0.959000 -0.310500
v -0.264000 0.970000 -0.321500
v -0.275000 0.959000 -0.321500
v -0.264000 0.900000 -0.354500
v -0.275000 0.911000 -0.354500
v -0.264000 0.911000 -0.365500
v -0.264000 0.970000 -0.354500
v -0.264000 0.959000 -0.365500
v -0.275000 0.959000 -0.354500
v 0.264000 0.900000 -0.321500
v 0.275000 0.911000 -0.321500
v 0.264000 0.911000 -0.310500
v 0.264000 0.970000 -0.321500
v 0.264000 0.959000 -0.310500
v 0.275000 0.959000 -0.321500
v 0.264000 0.900000 -0.354500
v 0.264000 0.911000 -0.365500
v 0.275000 0.911000 -0.354500
v 0.264000 0.970000 -0.354500
v 0.275000 0.959000 -0.354500
v 0.264000 0.959000 -0.365500
v -0.264000 1.180000 -0.321500
v -0.264000 1.191000 -0.310500
v -0.275000 1.191000 -0.321500
v -0.264000 1.239000 -0.310500
v -0.264000 1.250000 -0.321500
v -0.275000 1.239000 -0.321500
v -0.264000 1.180000 -0.354500
v -0.275000 1.191000 -0.354500
v -0.264000 1.191000 -0.365500
v -0.264000 1.250000 -0.354500
v -0.264000 1.239000 -0.365500
v -0.275000 1.239000 -0.354500
v 0.264000 1.180000 -0.321500
v 0.275000 1.191000 -0.321500
v 0.264000 1.191000 -0.310500
v 0.264000 1.250000 -0.321500
v 0.264000 1.239000 -0.310500
v 0.275000 1.239000 -0.321500
v 0.264000 1.180000 -0.354500
v 0.264000 1.191000 -0.365500
v 0.275000 1.191000 -0.354500
v 0.264000 1.250000 -0.354500
v 0.275000 1.239000 -0.354500
v 0.264000 1.239000 -0.365500
v -0.298500 1.066000 0.134250
v -0.298500 1.078000 0.146250
v -0.310500 1.078000 0.134250
v -0.298500 1.114000 0.146250
v -0.298500 1.126000 0.134250
v -0.310500 1.114000 0.134250
v -0.298500 1.066000 -0.134250
v -0.310500 1.078000 -0.134250
v -0.298500 1.078000 -0.146250
v -0.298500 1.126000 -0.134250
v -0.298500 1.114000 -0.146250
v -0.310500 1.114000 -0.134250
v -0.262500 1.066000 0.134250
v -0.250500 1.078000 0.134250
v -0.262500 1.078000 0.146250
v -0.262500 1.126000 0.134250
v -0.262500 1.114000 0.146250
v -0.250500 1.114000 0.134250
v -0.262500 1.066000 -0.134250
v -0.262500 1.078000 -0.146250
v -0.250500 1.078000 -0.134250
v -0.262500 1.126000 -0.134250
v -0.250500 1.114000 -0.134250
v -0.262500 1.114000 -0.146250
v -0.199500 0.900000 0.345000
v -0.199500 0.909000 0.354000
v -0.208500 0.909000 0.345000
v -0.199500 1.241000 0.354000
v -0.199500 1.250000 0.345000
v -0.208500 1.241000 0.345000
v -0.199500 0.900000 0.318000
v -0.208500 0.909000 0.318000
v -0.199500 0.909000 0.309000
v -0.199500 1.250000 0.318000
v -0.199500 1.241000 0.309000
v -0.208500 1.241000 0.318000
v -0.152500 0.900000 0.345000
v -0.143500 0.909000 0.345000
v -0.152500 0.909000 0.354000
v -0.152500 1.250000 0.345000
v -0.152500 1.241000 0.354000
v -0.143500 1.241000 0.345000
v -0.152500 0.900000 0.318000
v -0.152500 0.909000 0.309000
v -0.143500 0.909000 0.318000
v -0.152500 1.250000 0.318000
v -0.143500 1.241000 0.318000
v -0.152500 1.241000 0.309000
v 0.152500 0.900000 0.345000
v 0.152500 0.909000 0.354000
v 0.143500 0.909000 0.345000
v 0.152500 1.241000 0.354000
v 0.152500 1.250000 0.345000
v 0.143500 1.241000 0.345000
v 0.152500 0.900000 0.318000
v 0.143500 0.909000 0.318000
v 0.152500 0.909000 0.309000
v 0.152500 1.250000 0.318000
v 0.152500 1.241000 0.309000
v 0.143500 1.241000 0.318000
v 0.199500 0.900000 0.345000
v 0.208500 0.909000 0.345000
v 0.199500 0.909000 0.354000
v 0.199500 1.250000 0.345000
v 0.199500 1.241000 0.354000
v 0.208500 1.241000 0.345000
v 0.199500 0.900000 0.318000
v 0.199500 0.909000 0.309000
v 0.208500 0.909000 0.318000
v 0.199500 1.250000 0.318000
v 0.208500 1.241000 0.318000
v 0.199500 1.241000 0.309000
v -0.264000 0.900000 0.354500
v -0.264000 0.911000 0.365500
v -0.275000 0.911000 0.354500
v -0.264000 0.959000 0.365500
v -0.264000 0.970000 0.354500
v -0.275000 0.959000 0.354500
v -0.264000 0.900000 0.321500
v -0.275000 0.911000 0.321500
v -0.264000 0.911000 0.310500
v -0.264000 0.970000 0.321500
v -0.264000 0.959000 0.310500
v -0.275000 0.959000 0.321500
v 0.264000 0.900000 0.354500
v 0.275000 0.911000 0.354500
v 0.264000 0.911000 0.365500
v 0.264000 0.970000 0.354500
v 0.264000 0.959000 0.365500
v 0.275000 0.959000 0.354500
v 0.264000 0.900000 0.321500
v 0.264000 0.911000 0.310500
v 0.275000 0.911000 0.321500
v 0.264000 0.970000 0.321500
v 0.275000 0.959000 0.321500
v 0.264000 0.959000 0.310500
v -0.264000 1.180000 0.354500
v -0.264000 1.191000 0.365500
v -0.275000 1.191000 0.354500
v -0.264000 1.239000 0.365500
v -0.264000 1.250000 0.354500
v -0.275000 1.239000 0.354500
v -0.264000 1.180000 0.321500
v -0.275000 1.191000 0.321500
v -0.264000 1.191000 0.310500
v -0.264000 1.250000 0.321500
v -0.264000 1.239000 0.310500
v -0.275000 1.239000 0.321500
v 0.264000 1.180000 0.354500
v 0.275000 1.191000 0.354500
v 0.264000 1.191000 0.365500
v 0.264000 1.250000 0.354500
v 0.264000 1.239000 0.365500
v 0.275000 1.239000 0.354500
v 0.264000 1.180000 0.321500
v 0.264000 1.191000 0.310500
v 0.275000 1.191000 0.321500
v 0.264000 1.250000 0.321500
v 0.275000 1.239000 0.321500
v 0.264000 1.239000 0.310500
v 0.262500 1.066000 0.134250
v 0.262500 1.078000 0.146250
v 0.250500 1.078000 0.134250
v 0.262500 1.114000 0.146250
v 0.262500 1.126000 0.134250
v 0.250500 1.114000 0.134250
v 0.262500 1.066000 -0.134250
v 0.250500 1.078000 -0.134250
v 0.262500 1.078000 -0.146250
v 0.262500 1.126000 -0.134250
v 0.262500 1.114000 -0.146250
v 0.250500 1.114000 -0.134250
v 0.298500 1.066000 0.134250
v 0.310500 1.078000 0.134250
v 0.298500 1.078000 0.146250
v 0.298500 1.126000 0.134250
v 0.298500 1.114000 0.146250
v 0.310500 1.114000 0.134250
v 0.298500 1.066000 -0.134250
v 0.298500 1.078000 -0.146250
v 0.310500 1.078000 -0.134250
v 0.298500 1.126000 -0.134250
v 0.310500 1.114000 -0.134250
v 0.298500 1.114000 -0.146250
v -0.198500 1.250000 0.315000
v -0.198500 1.260000 0.325000
v -0.208500 1.260000 0.315000
v -0.198500 1.290000 0.325000
v -0.198500 1.300000 0.315000
v -0.208500 1.290000 0.315000
v -0.198500 1.250000 -0.315000
v -0.208500 1.260000 -0.315000
v -0.198500 1.260000 -0.325000
v -0.198500 1.300000 -0.315000
v -0.198500 1.290000 -0.325000
v -0.208500 1.290000 -0.315000
v -0.153500 1.250000 0.315000
v -0.143500 1.260000 0.315000
v -0.153500 1.260000 0.325000
v -0.153500 1.300000 0.315000
v -0.153500 1.290000 0.325000
v -0.143500 1.290000 0.315000
v -0.153500 1.250000 -0.315000
v -0.153500 1.260000 -0.325000
v -0.143500 1.260000 -0.315000
v -0.153500 1.300000 -0.315000
v -0.143500 1.290000 -0.315000
v -0.153500 1.290000 -0.325000
v 0.153500 1.250000 0.315000
v 0.153500 1.260000 0.325000
v 0.143500 1.260000 0.315000
v 0.153500 1.290000 0.325000
v 0.153500 1.300000 0.315000
v 0.143500 1.290000 0.315000
v 0.153500 1.250000 -0.315000
v 0.143500 1.260000 -0.315000
v 0.153500 1.260000 -0.325000
v 0.153500 1.300000 -0.315000
v 0.153500 1.290000 -0.325000
v 0.143500 1.290000 -0.315000
v 0.198500 1.250000 0.315000
v 0.208500 1.260000 0.315000
v 0.198500 1.260000 0.325000
v 0.198500 1.300000 0.315000
v 0.198500 1.290000 0.325000
v 0.208500 1.290000 0.315000
v 0.198500 1.250000 -0.315000
v 0.198500 1.260000 -0.325000
v 0.208500 1.260000 -0.315000
v 0.198500 1.300000 -0.315000
v 0.208500 1.290000 -0.315000
v 0.198500 1.290000 -0.325000
v -0.116400 1.022500 0.349900
v -0.116400 1.026100 0.353500
v -0.120000 1.026100 0.349900
v -0.116400 1.158900 0.353500
v -0.116400 1.162500 0.349900
v -0.120000 1.158900 0.349900
v -0.116400 1.022500 0.339100
v -0.120000 1.026100 0.339100
v -0.116400 1.026100 0.335500
v -0.116400 1.162500 0.339100
v -0.116400 1.158900 0.335500
v -0.120000 1.158900 0.339100
v 0.116400 1.022500 0.349900
v 0.120000 1.026100 0.349900
v 0.116400 1.026100 0.353500
v 0.116400 1.162500 0.349900
v 0.116400 1.158900 0.353500
v 0.120000 1.158900 0.349900
v 0.116400 1.022500 0.339100
v 0.116400 1.026100 0.335500
v 0.120000 1.026100 0.339100
v 0.116400 1.162500 0.339100
v 0.120000 1.158900 0.339100
v 0.116400 1.158900 0.335500
v -0.220000 1.019500 0.343500
v -0.220000 1.019500 0.371500
v -0.192287 1.003500 0.343500
v -0.192287 1.003500 0.371500
v -0.192287 0.971500 0.343500
v -0.192287 0.971500 0.371500
v -0.220000 0.955500 0.343500
v -0.220000 0.955500 0.371500
v -0.247713 0.971500 0.343500
v -0.247713 0.971500 0.371500
v -0.247713 1.003500 0.343500
v -0.247713 1.003500 0.371500
v -0.220000 1.229500 0.343500
v -0.220000 1.229500 0.371500
v -0.192287 1.213500 0.343500
v -0.192287 1.213500 0.371500
v -0.192287 1.181500 0.343500
v -0.192287 1.181500 0.371500
v -0.220000 1.165500 0.343500
v -0.220000 1.165500 0.371500
v -0.247713 1.181500 0.343500
v -0.247713 1.181500 0.371500
v -0.247713 1.213500 0.343500
v -0.247713 1.213500 0.371500
v 0.220000 1.019500 0.343500
v 0.220000 1.019500 0.371500
v 0.247713 1.003500 0.343500
v 0.247713 1.003500 0.371500
v 0.247713 0.971500 0.343500
v 0.247713 0.971500 0.371500
v 0.220000 0.955500 0.343500
v 0.220000 0.955500 0.371500
v 0.192287 0.971500 0.343500
v 0.192287 0.971500 0.371500
v 0.192287 1.003500 0.343500
v 0.192287 1.003500 0.371500
v 0.220000 1.229500 0.343500
v 0.220000 1.229500 0.371500
v 0.247713 1.213500 0.343500
v 0.247713 1.213500 0.371500
v 0.247713 1.181500 0.343500
v 0.247713 1.181500 0.371500
v 0.220000 1.165500 0.343500
v 0.220000 1.165500 0.371500
v 0.192287 1.181500 0.343500
v 0.192287 1.181500 0.371500
v 0.192287 1.213500 0.343500
v 0.192287 1.213500 0.371500
v 0.450000 0.900000 0.300000
v 0.450000 0.925000 0.325000
v 0.425000 0.925000 0.300000
v 0.450000 1.225000 0.325000
v 0.450000 1.250000 0.300000
v 0.425000 1.225000 0.300000
v 0.450000 0.900000 -0.300000
v 0.425000 0.925000 -0.300000
v 0.450000 0.925000 -0.325000
v 0.450000 1.250000 -0.300000
v 0.450000 1.225000 -0.325000
v 0.425000 1.225000 -0.300000
v 0.950000 0.900000 0.300000
v 0.975000 0.925000 0.300000
v 0.950000 0.925000 0.325000
v 0.950000 1.250000 0.300000
v 0.950000 1.225000 0.325000
v 0.975000 1.225000 0.300000
v 0.950000 0.900000 -0.300000
v 0.950000 0.925000 -0.325000
v 0.975000 0.925000 -0.300000
v 0.950000 1.250000 -0.300000
v 0.975000 1.225000 -0.300000
v 0.950000 1.225000 -0.325000
v 0.500500 0.900000 -0.318000
v 0.500500 0.909000 -0.309000
v 0.491500 0.909000 -0.318000
v 0.500500 1.241000 -0.309000
v 0.500500 1.250000 -0.318000
v 0.491500 1.241000 -0.318000
v 0.500500 0.900000 -0.345000
v 0.491500 0.909000 -0.345000
v 0.500500 0.909000 -0.354000
v 0.500500 1.250000 -0.345000
v 0.500500 1.241000 -0.354000
v 0.491500 1.241000 -0.345000
v 0.547500 0.900000 -0.318000
v 0.556500 0.909000 -0.318000
v 0.547500 0.909000 -0.309000
v 0.547500 1.250000 -0.318000
v 0.547500 1.241000 -0.309000
v 0.556500 1.241000 -0.318000
v 0.547500 0.900000 -0.345000
v 0.547500 0.909000 -0.354000
v 0.556500 0.909000 -0.345000
v 0.547500 1.250000 -0.345000
v 0.556500 1.241000 -0.345000
v 0.547500 1.241000 -0.354000
v 0.852500 0.900000 -0.318000
v 0.852500 0.909000 -0.309000
v 0.843500 0.909000 -0.318000
v 0.852500 1.241000 -0.309000
v 0.852500 1.250000 -0.318000
v 0.843500 1.241000 -0.318000
v 0.852500 0.900000 -0.345000
v 0.843500 0.909000 -0.345000
v 0.852500 0.909000 -0.354000
v 0.852500 1.250000 -0.345000
v 0.852500 1.241000 -0.354000
v 0.843500 1.241000 -0.345000
v 0.899500 0.900000 -0.318000
v 0.908500 0.909000 -0.318000
v 0.899500 0.909000 -0.309000
v 0.899500 1.250000 -0.318000
v 0.899500 1.241000 -0.309000
v 0.908500 1.241000 -0.318000
v 0.899500 0.900000 -0.345000
v 0.899500 0.909000 -0.354000
v 0.908500 0.909000 -0.345000
v 0.899500 1.250000 -0.345000
v 0.908500 1.241000 -0.345000
v 0.899500 1.241000 -0.354000
v 0.436000 0.900000 -0.321500
v 0.436000 0.911000 -0.310500
v 0.425000 0.911000 -0.321500
v 0.436000 0.959000 -0.310500
v 0.436000 0.970000 -0.321500
v 0.425000 0.959000 -0.321500
v 0.436000 0.900000 -0.354500
v 0.425000 0.911000 -0.354500
v 0.436000 0.911000 -0.365500
v 0.436000 0.970000 -0.354500
v 0.436000 0.959000 -0.365500
v 0.425000 0.959000 -0.354500
v 0.964000 0.900000 -0.321500
v 0.975000 0.911000 -0.321500
v 0.964000 0.911000 -0.310500
v 0.964000 0.970000 -0.321500
v 0.964000 0.959000 -0.310500
v 0.975000 0.959000 -0.321500
v 0.964000 0.900000 -0.354500
v 0.964000 0.911000 -0.365500
v 0.975000 0.911000 -0.354500
v 0.964000 0.970000 -0.354500
v 0.975000 0.959000 -0.354500
v 0.964000 0.959000 -0.365500
v 0.436000 1.180000 -0.321500
v 0.436000 1.191000 -0.310500
v 0.425000 1.191000 -0.321500
v 0.436000 1.239000 -0.310500
v 0.436000 1.250000 -0.321500
v 0.425000 1.239000 -0.321500
v 0.436000 1.180000 -0.354500
v 0.425000 1.191000 -0.354500
v 0.436000 1.191000 -0.365500
v 0.436000 1.250000 -0.354500
v 0.436000 1.239000 -0.365500
v 0.425000 1.239000 -0.354500
v 0.964000 1.180000 -0.321500
v 0.975000 1.191000 -0.321500
v 0.964000 1.191000 -0.310500
v 0.964000 1.250000 -0.321500
v 0.964000 1.239000 -0.310500
v 0.975000 1.239000 -0.321500
v 0.964000 1.180000 -0.354500
v 0.964000 1.191000 -0.365500
v 0.975000 1.191000 -0.354500
v 0.964000 1.250000 -0.354500
v 0.975000 1.239000 -0.354500
v 0.964000 1.239000 -0.365500
v 0.401500 1.066000 0.134250
v 0.401500 1.078000 0.146250
v 0.389500 1.078000 0.134250
v 0.401500 1.114000 0.146250
v 0.401500 1.126000 0.134250
v 0.389500 1.114000 0.134250
v 0.401500 1.066000 -0.134250
v 0.389500 1.078000 -0.134250
v 0.401500 1.078000 -0.146250
v 0.401500 1.126000 -0.134250
v 0.401500 1.114000 -0.146250
v 0.389500 1.114000 -0.134250
v 0.437500 1.066000 0.134250
v 0.449500 1.078000 0.134250
v 0.437500 1.078000 0.146250
v 0.437500 1.126000 0.134250
v 0.437500 1.114000 0.146250
v 0.449500 1.114000 0.134250
v 0.437500 1.066000 -0.134250
v 0.437500 1.078000 -0.146250
v 0.449500 1.078000 -0.134250
v 0.437500 1.126000 -0.134250
v 0.449500 1.114000 -0.134250
v 0.437500 1.114000 -0.146250
v 0.500500 0.900000 0.345000
v 0.500500 0.909000 0.354000
v 0.491500 0.909000 0.345000
v 0.500500 1.241000 0.354000
v 0.500500 1.250000 0.345000
v 0.491500 1.241000 0.345000
v 0.500500 0.900000 0.318000
v 0.491500 0.909000 0.318000
v 0.500500 0.909000 0.309000
v 0.500500 1.250000 0.318000
v 0.500500 1.241000 0.309000
v 0.491500 1.241000 0.318000
v 0.547500 0.900000 0.345000
v 0.556500 0.909000 0.345000
v 0.547500 0.909000 0.354000
v 0.547500 1.250000 0.345000
v 0.547500 1.241000 0.354000
v 0.556500 1.241000 0.345000
v 0.547500 0.900000 0.318000
v 0.547500 0.909000 0.309000
v 0.556500 0.909000 0.318000
v 0.547500 1.250000 0.318000
v 0.556500 1.241000 0.318000
v 0.547500 1.241000 0.309000
v 0.852500 0.900000 0.345000
v 0.852500 0.909000 0.354000
v 0.843500 0.909000 0.345000
v 0.852500 1.241000 0.354000
v 0.852500 1.250000 0.345000
v 0.843500 1.241000 0.345000
v 0.852500 0.900000 0.318000
v 0.843500 0.909000 0.318000
v 0.852500 0.909000 0.309000
v 0.852500 1.250000 0.318000
v 0.852500 1.241000 0.309000
v 0.843500 1.241000 0.318000
v 0.899500 0.900000 0.345000
v 0.908500 0.909000 0.345000
v 0.899500 0.909000 0.354000
v 0.899500 1.250000 0.345000
v 0.899500 1.241000 0.354000
v 0.908500 1.241000 0.345000
v 0.899500 0.900000 0.318000
v 0.899500 0.909000 0.309000
v 0.908500 0.909000 0.318000
v 0.899500 1.250000 0.318000
v 0.908500 1.241000 0.318000
v 0.899500 1.241000 0.309000
v 0.436000 0.900000 0.354500
v 0.436000 0.911000 0.365500
v 0.425000 0.911000 0.354500
v 0.436000 0.959000 0.365500
v 0.436000 0.970000 0.354500
v 0.425000 0.959000 0.354500
v 0.436000 0.900000 0.321500
v 0.425000 0.911000 0.321500
v 0.436000 0.911000 0.310500
v 0.436000 0.970000 0.321500
v 0.436000 0.959000 0.310500
v 0.425000 0.959000 0.321500
v 0.964000 0.900000 0.354500
v 0.975000 0.911000 0.354500
v 0.964000 0.911000 0.365500
v 0.964000 0.970000 0.354500
v 0.964000 0.959000 0.365500
v 0.975000 0.959000 0.354500
v 0.964000 0.900000 0.321500
v 0.964000 0.911000 0.310500
v 0.975000 0.911000 0.321500
v 0.964000 0.970000 0.321500
v 0.975000 0.959000 0.321500
v 0.964000 0.959000 0.310500
v 0.436000 1.180000 0.354500
v 0.436000 1.191000 0.365500
v 0.425000 1.191000 0.354500
v 0.436000 1.239000 0.365500
v 0.436000 1.250000 0.354500
v 0.425000 1.239000 0.354500
v 0.436000 1.180000 0.321500
v 0.425000 1.191000 0.321500
v 0.436000 1.191000 0.310500
v 0.436000 1.250000 0.321500
v 0.436000 1.239000 0.310500
v 0.425000 1.239000 0.321500
v 0.964000 1.180000 0.354500
v 0.975000 1.191000 0.354500
v 0.964000 1.191000 0.365500
v 0.964000 1.250000 0.354500
v 0.964000 1.239000 0.365500
v 0.975000 1.239000 0.354500
v 0.964000 1.180000 0.321500
v 0.964000 1.191000 0.310500
v 0.975000 1.191000 0.321500
v 0.964000 1.250000 0.321500
v 0.975000 1.239000 0.321500
v 0.964000 1.239000 0.310500
v 0.962500 1.066000 0.134250
v 0.962500 1.078000 0.146250
v 0.950500 1.078000 0.134250
v 0.962500 1.114000 0.146250
v 0.962500 1.126000 0.134250
v 0.950500 1.114000 0.134250
v 0.962500 1.066000 -0.134250
v 0.950500 1.078000 -0.134250
v 0.962500 1.078000 -0.146250
v 0.962500 1.126000 -0.134250
v 0.962500 1.114000 -0.146250
v 0.950500 1.114000 -0.134250
v 0.998500 1.066000 0.134250
v 1.010500 1.078000 0.134250
v 0.998500 1.078000 0.146250
v 0.998500 1.126000 0.134250
v 0.998500 1.114000 0.146250
v 1.010500 1.114000 0.134250
v 0.998500 1.066000 -0.134250
v 0.998500 1.078000 -0.146250
v 1.010500 1.078000 -0.134250
v 0.998500 1.126000 -0.134250
v 1.010500 1.114000 -0.134250
v 0.998500 1.114000 -0.146250
v 0.501500 1.250000 0.315000
v 0.501500 1.260000 0.325000
v 0.491500 1.260000 0.315000
v 0.501500 1.290000 0.325000
v 0.501500 1.300000 0.315000
v 0.491500 1.290000 0.315000
v 0.501500 1.250000 -0.315000
v 0.491500 1.260000 -0.315000
v 0.501500 1.260000 -0.325000
v 0.501500 1.300000 -0.315000
v 0.501500 1.290000 -0.325000
v 0.491500 1.290000 -0.315000
v 0.546500 1.250000 0.315000
v 0.556500 1.260000 0.315000
v 0.546500 1.260000 0.325000
v 0.546500 1.300000 0.315000
v 0.546500 1.290000 0.325000
v 0.556500 1.290000 0.315000
v 0.546500 1.250000 -0.315000
v 0.546500 1.260000 -0.325000
v 0.556500 1.260000 -0.315000
v 0.546500 1.300000 -0.315000
v 0.556500 1.290000 -0.315000
v 0.546500 1.290000 -0.325000
v 0.853500 1.250000 0.315000
v 0.853500 1.260000 0.325000
v 0.843500 1.260000 0.315000
v 0.853500 1.290000 0.325000
v 0.853500 1.300000 0.315000
v 0.843500 1.290000 0.315000
v 0.853500 1.250000 -0.315000
v 0.843500 1.260000 -0.315000
v 0.853500 1.260000 -0.325000
v 0.853500 1.300000 -0.315000
v 0.853500 1.290000 -0.325000
v 0.843500 1.290000 -0.315000
v 0.898500 1.250000 0.315000
v 0.908500 1.260000 0.315000
v 0.898500 1.260000 0.325000
v 0.898500 1.300000 0.315000
v 0.898500 1.290000 0.325000
v 0.908500 1.290000 0.315000
v 0.898500 1.250000 -0.315000
v 0.898500 1.260000 -0.325000
v 0.908500 1.260000 -0.315000
v 0.898500 1.300000 -0.315000
v 0.908500 1.290000 -0.315000
v 0.898500 1.290000 -0.325000
v 0.583600 1.022500 0.349900
v 0.583600 1.026100 0.353500
v 0.580000 1.026100 0.349900
v 0.583600 1.158900 0.353500
v 0.583600 1.162500 0.349900
v 0.580000 1.158900 0.349900
v 0.583600 1.022500 0.339100
v 0.580000 1.026100 0.339100
v 0.583600 1.026100 0.335500
v 0.583600 1.162500 0.339100
v 0.583600 1.158900 0.335500
v 0.580000 1.158900 0.339100
v 0.816400 1.022500 0.349900
v 0.820000 1.026100 0.349900
v 0.816400 1.026100 0.353500
v 0.816400 1.162500 0.349900
v 0.816400 1.158900 0.353500
v 0.820000 1.158900 0.349900
v 0.816400 1.022500 0.339100
v 0.816400 1.026100 0.335500
v 0.820000 1.026100 0.339100
v 0.816400 1.162500 0.339100
v 0.820000 1.158900 0.339100
v 0.816400 1.158900 0.335500
v 0.480000 1.019500 0.343500
v 0.480000 1.019500 0.371500
v 0.507713 1.003500 0.343500
v 0.507713 1.003500 0.371500
v 0.507713 0.971500 0.343500
v 0.507713 0.971500 0.371500
v 0.480000 0.955500 0.343500
v 0.480000 0.955500 0.371500
v 0.452287 0.971500 0.343500
v 0.452287 0.971500 0.371500
v 0.452287 1.003500 0.343500
v 0.452287 1.003500 0.371500
v 0.480000 1.229500 0.343500
v 0.480000 1.229500 0.371500
v 0.507713 1.213500 0.343500
v 0.507713 1.213500 0.371500
v 0.507713 1.181500 0.343500
v 0.507713 1.181500 0.371500
v 0.480000 1.165500 0.343500
v 0.480000 1.165500 0.371500
v 0.452287 1.181500 0.343500
v 0.452287 1.181500 0.371500
v 0.452287 1.213500 0.343500
v 0.452287 1.213500 0.371500
v 0.920000 1.019500 0.343500
v 0.920000 1.019500 0.371500
v 0.947713 1.003500 0.343500
v 0.947713 1.003500 0.371500
v 0.947713 0.971500 0.343500
v 0.947713 0.971500 0.371500
v 0.920000 0.955500 0.343500
v 0.920000 0.955500 0.371500
v 0.892287 0.971500 0.343500
v 0.892287 0.971500 0.371500
v 0.892287 1.003500 0.343500
v 0.892287 1.003500 0.371500
v 0.920000 1.229500 0.343500
v 0.920000 1.229500 0.371500
v 0.947713 1.213500 0.343500
v 0.947713 1.213500 0.371500
v 0.947713 1.181500 0.343500
v 0.947713 1.181500 0.371500
v 0.920000 1.165500 0.343500
v 0.920000 1.165500 0.371500
v 0.892287 1.181500 0.343500
v 0.892287 1.181500 0.371500
v 0.892287 1.213500 0.343500
v 0.892287 1.213500 0.371500
v -0.692000 1.225000 -0.648000
v -0.692000 1.233000 -0.640000
v -0.700000 1.233000 -0.648000
v -0.692000 1.567000 -0.640000
v -0.692000 1.575000 -0.648000
v -0.700000 1.567000 -0.648000
v -0.692000 1.225000 -0.672000
v -0.700000 1.233000 -0.672000
v -0.692000 1.233000 -0.680000
v -0.692000 1.575000 -0.672000
v -0.692000 1.567000 -0.680000
v -0.700000 1.567000 -0.672000
v 0.692000 1.225000 -0.648000
v 0.700000 1.233000 -0.648000
v 0.692000 1.233000 -0.640000
v 0.692000 1.575000 -0.648000
v 0.692000 1.567000 -0.640000
v 0.700000 1.567000 -0.648000
v 0.692000 1.225000 -0.672000
v 0.692000 1.233000 -0.680000
v 0.700000 1.233000 -0.672000
v 0.692000 1.575000 -0.672000
v 0.700000 1.567000 -0.672000
v 0.692000 1.567000 -0.680000
vn -0.5774 -0.5774 0.5774
vn -0.5774 0.5773 0.5773
vn -0.5774 -0.5773 -0.5773
vn -0.5774 0.5773 -0.5773
vn 0.5774 -0.5773 0.5773
vn 0.5774 0.5773 0.5773
vn 0.5774 -0.5774 -0.5774
vn 0.5774 0.5774 -0.5774
vn -0.7071 -0.7071 -0.0000
vn -0.7071 -0.0000 0.7071
vn -0.7071 0.7071 -0.0000
vn -0.7071 -0.0000 -0.7071
vn -0.0000 -0.7071 -0.7071
vn -0.0000 0.7071 -0.7071
vn 0.7071 -0.0000 -0.7071
vn 0.7071 -0.7071 -0.0000
vn 0.7071 0.7071 -0.0000
vn 0.7071 -0.0000 0.7071
vn -0.0000 -0.7071 0.7071
vn -0.0000 0.7071 0.7071
vn -0.0000 -1.0000 -0.0000
vn -1.0000 -0.0000 -0.0000
vn -0.0000 -0.0000 1.0000
vn -0.0000 1.0000 -0.0000
vn -0.0000 -0.0000 -1.0000
vn 1.0000 -0.0000 -0.0000
vn -0.5774 0.5774 0.5774
vn -0.5774 -0.5774 -0.5774
vn -0.5774 0.5774 -0.5774
vn 0.5774 -0.5774 0.5774
vn 0.5774 0.5774 0.5774
vn -0.5774 -0.5773 0.5773
vn 0.5773 0.5774 0.5774
vn 0.5774 -0.5773 -0.5774
vn 0.5774 0.5773 -0.5774
vn -0.5773 0.5774 0.5774
vn -0.5774 -0.5774 0.5773
vn -0.5774 -0.5773 -0.5774
vn -0.5774 0.5773 -0.5774
vn 0.5774 -0.5774 0.5773
vn 0.5773 0.5773 0.5774
vn 0.5774 -0.5773 -0.5773
vn 0.5774 0.5773 -0.5773
vn -0.5773 0.5773 0.5774
vn 0.5774 -0.5773 0.5774
vn -0.5774 -0.5773 0.5774
vn 0.5773 -0.5774 0.5773
vn 0.3827 0.8139 -0.4371
vn 0.9239 0.3371 -0.1811
vn 0.9239 -0.3371 0.1811
vn 0.3827 -0.8139 0.4371
vn -0.3827 -0.8139 0.4371
vn -0.9239 -0.3371 0.1811
vn -0.0000 0.4731 0.8810
vn -0.9239 0.3371 -0.1811
vn -0.3827 0.8139 -0.4371
vn -0.0000 -0.4731 -0.8810
vn -0.5773 -0.6163 0.5356
vn -0.5773 0.5356 0.6163
vn -0.5773 -0.5356 -0.6163
vn -0.5773 0.6163 -0.5356
vn 0.5773 -0.6163 0.5356
vn 0.5773 0.5356 0.6163
vn 0.5773 -0.5356 -0.6163
vn 0.5773 0.6163 -0.5356
vn -0.7071 -0.7054 -0.0495
vn -0.7071 -0.0495 0.7054
vn -0.7071 0.7054 0.0495
vn -0.7071 0.0495 -0.7054
vn -0.0000 -0.6559 -0.7548
vn -0.0000 0.7548 -0.6559
vn 0.7071 0.0495 -0.7054
vn 0.7071 -0.7054 -0.0495
vn 0.7071 0.7054 0.0495
vn 0.7071 -0.0495 0.7054
vn -0.0000 -0.7548 0.6559
vn -0.0000 0.6559 0.7548
vn -0.0000 -0.9976 -0.0699
vn -0.0000 -0.0699 0.9976
vn -0.0000 0.9976 0.0699
vn -0.0000 0.0699 -0.9976
vn -0.5773 -0.5774 0.5774
vn -0.5773 0.5774 0.5773
vn -0.5773 -0.5774 -0.5774
vn -0.5773 0.5774 -0.5773
vn 0.5773 -0.5774 0.5774
vn 0.5773 -0.5774 -0.5774
vn -0.5774 -0.6163 0.5355
vn 0.5773 0.5355 0.6163
vn -0.5774 0.5774 0.5773
vn -0.5774 0.5774 -0.5773
vn 0.5774 0.5774 0.5773
vn 0.5774 0.5774 -0.5773
vn -0.5773 0.5355 0.6163
vn 0.5773 0.5774 0.5773
vn 0.5773 0.5774 -0.5773
vn -0.5774 -0.5774 -0.5773
vn -0.5773 0.5774 -0.5774
vn 0.5774 -0.5774 -0.5773
vn 0.5773 0.5774 -0.5774
vn -0.5773 -0.5773 0.5774
vn -0.5773 -0.5773 -0.5774
vn -0.5773 -0.5774 0.5773
vn -0.5773 -0.5774 -0.5773
vn 0.5773 -0.5774 -0.5773
vn -0.5774 0.5773 0.5774
vn 0.5774 0.5773 0.5774
vn 0.5000 0.8660 -0.0000
vn 0.5000 -0.8660 -0.0000
vn -0.5000 -0.8660 -0.0000
vn -0.5000 0.8660 -0.0000
vn 0.5773 0.5773 -0.5774
vn 0.5773 -0.5773 0.5774
vn 0.5773 -0.5773 -0.5774
vt 0.125000 0.875000
vt 0.375000 0.125000
vt 0.375000 0.875000
vt 0.125000 0.125000
vt 0.875000 0.875000
vt 0.125000 0.625000
vt 0.875000 0.125000
s 0
usemtl WorldPickupPalette
f 1/1/1 2/1/1 3/1/1
f 4/1/2 5/1/2 6/1/2
f 7/1/3 8/1/3 9/1/3
f 10/1/4 11/1/4 12/1/4
f 13/1/5 14/1/5 15/1/5
f 16/1/6 17/1/6 18/1/6
f 19/1/7 20/1/7 21/1/7
f 22/1/8 23/1/8 24/1/8
f 1/1/9 8/1/9 7/1/9
f 4/1/10 3/1/10 2/1/10
f 10/1/11 6/1/11 5/1/11
f 9/1/12 12/1/12 11/1/12
f 7/1/13 20/1/13 19/1/13
f 22/1/14 11/1/14 10/1/14
f 21/1/15 24/1/15 23/1/15
f 19/1/16 14/1/16 13/1/16
f 16/1/17 23/1/17 22/1/17
f 15/1/18 18/1/18 17/1/18
f 13/1/19 2/1/19 1/1/19
f 5/1/20 17/1/20 16/1/20
f 19/1/21 1/1/21 7/1/21
f 6/1/22 8/1/22 3/1/22
f 17/1/23 2/1/23 15/1/23
f 10/1/24 16/1/24 22/1/24
f 11/1/25 20/1/25 9/1/25
f 23/1/26 14/1/26 21/1/26
f 25/1/1 26/1/1 27/1/1
f 28/1/27 29/1/27 30/1/27
f 31/1/28 32/1/28 33/1/28
f 34/1/29 35/1/29 36/1/29
f 37/1/30 38/1/30 39/1/30
f 40/1/31 41/1/31 42/1/31
f 43/1/7 44/1/7 45/1/7
f 46/1/8 47/1/8 48/1/8
f 25/1/9 32/1/9 31/1/9
f 28/1/10 27/1/10 26/1/10
f 34/1/11 30/1/11 29/1/11
f 33/1/12 36/1/12 35/1/12
f 31/1/13 44/1/13 43/1/13
f 46/1/14 35/1/14 34/1/14
f 45/1/15 48/1/15 47/1/15
f 43/1/16 38/1/16 37/1/16
f 40/1/17 47/1/17 46/1/17
f 39/1/18 42/1/18 41/1/18
f 37/1/19 26/1/19 25/1/19
f 29/1/20 41/1/20 40/1/20
f 43/1/21 25/1/21 31/1/21
f 30/1/22 32/1/22 27/1/22
f 41/1/23 26/1/23 39/1/23
f 34/1/24 40/1/24 46/1/24
f 35/1/25 44/1/25 33/1/25
f 47/1/26 38/1/26 45/1/26
f 49/1/1 50/1/1 51/1/1
f 52/1/2 53/1/2 54/1/2
f 55/1/3 56/1/3 57/1/3
f 58/1/4 59/1/4 60/1/4
f 61/1/5 62/1/5 63/1/5
f 64/1/6 65/1/6 66/1/6
f 67/1/7 68/1/7 69/1/7
f 70/1/8 71/1/8 72/1/8
f 49/1/9 56/1/9 55/1/9
f 52/1/10 51/1/10 50/1/10
f 58/1/11 54/1/11 53/1/11
f 57/1/12 60/1/12 59/1/12
f 55/1/13 68/1/13 67/1/13
f 70/1/14 59/1/14 58/1/14
f 69/1/15 72/1/15 71/1/15
f 67/1/16 62/1/16 61/1/16
f 64/1/17 71/1/17 70/1/17
f 63/1/18 66/1/18 65/1/18
f 61/1/19 50/1/19 49/1/19
f 53/1/20 65/1/20 64/1/20
f 67/1/21 49/1/21 55/1/21
f 54/1/22 56/1/22 51/1/22
f 65/1/23 50/1/23 63/1/23
f 58/1/24 64/1/24 70/1/24
f 59/1/25 68/1/25 57/1/25
f 71/1/26 62/1/26 69/1/26
f 73/1/1 74/1/1 75/1/1
f 76/1/27 77/1/27 78/1/27
f 79/1/28 80/1/28 81/1/28
f 82/1/29 83/1/29 84/1/29
f 85/1/30 86/1/30 87/1/30
f 88/1/31 89/1/31 90/1/31
f 91/1/7 92/1/7 93/1/7
f 94/1/8 95/1/8 96/1/8
f 73/1/9 80/1/9 79/1/9
f 76/1/10 75/1/10 74/1/10
f 82/1/11 78/1/11 77/1/11
f 81/1/12 84/1/12 83/1/12
f 79/1/13 92/1/13 91/1/13
f 94/1/14 83/1/14 82/1/14
f 93/1/15 96/1/15 95/1/15
f 91/1/16 86/1/16 85/1/16
f 88/1/17 95/1/17 94/1/17
f 87/1/18 90/1/18 89/1/18
f 85/1/19 74/1/19 73/1/19
f 77/1/20 89/1/20 88/1/20
f 91/1/21 73/1/21 79/1/21
f 78/1/22 80/1/22 75/1/22
f 89/1/23 74/1/23 87/1/23
f 82/1/24 88/1/24 94/1/24
f 83/1/25 92/1/25 81/1/25
f 95/1/26 86/1/26 93/1/26
f 97/2/32 98/2/32 99/2/32
f 100/2/27 101/2/27 102/2/27
f 103/2/3 104/2/3 105/2/3
f 106/2/4 107/2/4 108/2/4
f 109/2/30 110/2/30 111/2/30
f 112/2/33 113/2/33 114/2/33
f 115/2/34 116/2/34 117/2/34
f 118/2/35 119/2/35 120/2/35
f 97/2/9 104/2/9 103/2/9
f 100/2/10 99/2/10 98/2/10
f 106/2/11 102/2/11 101/2/11
f 105/2/12 108/2/12 107/2/12
f 103/2/13 116/2/13 115/2/13
f 118/2/14 107/2/14 106/2/14
f 117/2/15 120/2/15 119/2/15
f 115/2/16 110/2/16 109/2/16
f 112/2/17 119/2/17 118/2/17
f 111/2/18 114/2/18 113/2/18
f 109/2/19 98/2/19 97/2/19
f 101/2/20 113/2/20 112/2/20
f 115/2/21 97/2/21 103/2/21
f 102/2/22 104/2/22 99/2/22
f 113/2/23 98/2/23 111/2/23
f 106/2/24 112/2/24 118/2/24
f 107/2/25 116/2/25 105/2/25
f 119/2/26 110/2/26 117/2/26
f 121/2/1 122/2/1 123/2/1
f 124/2/36 125/2/36 126/2/36
f 127/2/28 128/2/28 129/2/28
f 130/2/29 131/2/29 132/2/29
f 133/2/30 134/2/30 135/2/30
f 136/2/33 137/2/33 138/2/33
f 139/2/7 140/2/7 141/2/7
f 142/2/8 143/2/8 144/2/8
f 121/2/9 128/2/9 127/2/9
f 124/2/10 123/2/10 122/2/10
f 130/2/11 126/2/11 125/2/11
f 129/2/12 132/2/12 131/2/12
f 127/2/13 140/2/13 139/2/13
f 142/2/14 131/2/14 130/2/14
f 141/2/15 144/2/15 143/2/15
f 139/2/16 134/2/16 133/2/16
f 136/2/17 143/2/17 142/2/17
f 135/2/18 138/2/18 137/2/18
f 133/2/19 122/2/19 121/2/19
f 125/2/20 137/2/20 136/2/20
f 139/2/21 121/2/21 127/2/21
f 126/2/22 128/2/22 123/2/22
f 137/2/23 122/2/23 135/2/23
f 130/2/24 136/2/24 142/2/24
f 131/2/25 140/2/25 129/2/25
f 143/2/26 134/2/26 141/2/26
f 145/2/37 146/2/37 147/2/37
f 148/2/36 149/2/36 150/2/36
f 151/2/38 152/2/38 153/2/38
f 154/2/39 155/2/39 156/2/39
f 157/2/40 158/2/40 159/2/40
f 160/2/33 161/2/33 162/2/33
f 163/2/34 164/2/34 165/2/34
f 166/2/35 167/2/35 168/2/35
f 145/2/9 152/2/9 151/2/9
f 148/2/10 147/2/10 146/2/10
f 154/2/11 150/2/11 149/2/11
f 153/2/12 156/2/12 155/2/12
f 151/2/13 164/2/13 163/2/13
f 166/2/14 155/2/14 154/2/14
f 165/2/15 168/2/15 167/2/15
f 163/2/16 158/2/16 157/2/16
f 160/2/17 167/2/17 166/2/17
f 159/2/18 162/2/18 161/2/18
f 157/2/19 146/2/19 145/2/19
f 149/2/20 161/2/20 160/2/20
f 163/2/21 145/2/21 151/2/21
f 150/2/22 152/2/22 147/2/22
f 161/2/23 146/2/23 159/2/23
f 154/2/24 160/2/24 166/2/24
f 155/2/25 164/2/25 153/2/25
f 167/2/26 158/2/26 165/2/26
f 169/2/37 170/2/37 171/2/37
f 172/2/36 173/2/36 174/2/36
f 175/2/38 176/2/38 177/2/38
f 178/2/39 179/2/39 180/2/39
f 181/2/5 182/2/5 183/2/5
f 184/2/41 185/2/41 186/2/41
f 187/2/42 188/2/42 189/2/42
f 190/2/43 191/2/43 192/2/43
f 169/2/9 176/2/9 175/2/9
f 172/2/10 171/2/10 170/2/10
f 178/2/11 174/2/11 173/2/11
f 177/2/12 180/2/12 179/2/12
f 175/2/13 188/2/13 187/2/13
f 190/2/14 179/2/14 178/2/14
f 189/2/15 192/2/15 191/2/15
f 187/2/16 182/2/16 181/2/16
f 184/2/17 191/2/17 190/2/17
f 183/2/18 186/2/18 185/2/18
f 181/2/19 170/2/19 169/2/19
f 173/2/20 185/2/20 184/2/20
f 187/2/21 169/2/21 175/2/21
f 174/2/22 176/2/22 171/2/22
f 185/2/23 170/2/23 183/2/23
f 178/2/24 184/2/24 190/2/24
f 179/2/25 188/2/25 177/2/25
f 191/2/26 182/2/26 189/2/26
f 193/2/32 194/2/32 195/2/32
f 196/2/44 197/2/44 198/2/44
f 199/2/3 200/2/3 201/2/3
f 202/2/4 203/2/4 204/2/4
f 205/2/45 206/2/45 207/2/45
f 208/2/41 209/2/41 210/2/41
f 211/2/34 212/2/34 213/2/34
f 214/2/35 215/2/35 216/2/35
f 193/2/9 200/2/9 199/2/9
f 196/2/10 195/2/10 194/2/10
f 202/2/11 198/2/11 197/2/11
f 201/2/12 204/2/12 203/2/12
f 199/2/13 212/2/13 211/2/13
f 214/2/14 203/2/14 202/2/14
f 213/2/15 216/2/15 215/2/15
f 211/2/16 206/2/16 205/2/16
f 208/2/17 215/2/17 214/2/17
f 207/2/18 210/2/18 209/2/18
f 205/2/19 194/2/19 193/2/19
f 197/2/20 209/2/20 208/2/20
f 211/2/21 193/2/21 199/2/21
f 198/2/22 200/2/22 195/2/22
f 209/2/23 194/2/23 207/2/23
f 202/2/24 208/2/24 214/2/24
f 203/2/25 212/2/25 201/2/25
f 215/2/26 206/2/26 213/2/26
f 217/2/46 218/2/46 219/2/46
f 220/2/44 221/2/44 222/2/44
f 223/2/38 224/2/38 225/2/38
f 226/2/39 227/2/39 228/2/39
f 229/2/5 230/2/5 231/2/5
f 232/2/31 233/2/31 234/2/31
f 235/2/42 236/2/42 237/2/42
f 238/2/43 239/2/43 240/2/43
f 217/2/9 224/2/9 223/2/9
f 220/2/10 219/2/10 218/2/10
f 226/2/11 222/2/11 221/2/11
f 225/2/12 228/2/12 227/2/12
f 223/2/13 236/2/13 235/2/13
f 238/2/14 227/2/14 226/2/14
f 237/2/15 240/2/15 239/2/15
f 235/2/16 230/2/16 229/2/16
f 232/2/17 239/2/17 238/2/17
f 231/2/18 234/2/18 233/2/18
f 229/2/19 218/2/19 217/2/19
f 221/2/20 233/2/20 232/2/20
f 235/2/21 217/2/21 223/2/21
f 222/2/22 224/2/22 219/2/22
f 233/2/23 218/2/23 231/2/23
f 226/2/24 232/2/24 238/2/24
f 227/2/25 236/2/25 225/2/25
f 239/2/26 230/2/26 237/2/26
f 241/2/32 242/2/32 243/2/32
f 244/2/27 245/2/27 246/2/27
f 247/2/3 248/2/3 249/2/3
f 250/2/4 251/2/4 252/2/4
f 253/2/47 254/2/47 255/2/47
f 256/2/33 257/2/33 258/2/33
f 259/2/7 260/2/7 261/2/7
f 262/2/8 263/2/8 264/2/8
f 241/2/9 248/2/9 247/2/9
f 244/2/10 243/2/10 242/2/10
f 250/2/11 246/2/11 245/2/11
f 249/2/12 252/2/12 251/2/12
f 247/2/13 260/2/13 259/2/13
f 262/2/14 251/2/14 250/2/14
f 261/2/15 264/2/15 263/2/15
f 259/2/16 254/2/16 253/2/16
f 256/2/17 263/2/17 262/2/17
f 255/2/18 258/2/18 257/2/18
f 253/2/19 242/2/19 241/2/19
f 245/2/20 257/2/20 256/2/20
f 259/2/21 241/2/21 247/2/21
f 246/2/22 248/2/22 243/2/22
f 257/2/23 242/2/23 255/2/23
f 250/2/24 256/2/24 262/2/24
f 251/2/25 260/2/25 249/2/25
f 263/2/26 254/2/26 261/2/26
f 266/3/48 267/3/48 265/3/48
f 268/3/49 269/3/49 267/3/49
f 270/3/50 271/3/50 269/3/50
f 272/3/51 273/3/51 271/3/51
f 273/3/52 276/3/52 275/3/52
f 275/3/53 278/3/53 277/3/53
f 278/3/54 274/3/54 270/3/54
f 277/3/55 280/3/55 279/3/55
f 279/3/56 266/3/56 265/3/56
f 277/3/57 279/3/57 271/3/57
f 282/3/48 283/3/48 281/3/48
f 284/3/49 285/3/49 283/3/49
f 286/3/50 287/3/50 285/3/50
f 288/3/51 289/3/51 287/3/51
f 289/3/52 292/3/52 291/3/52
f 291/3/53 294/3/53 293/3/53
f 294/3/54 290/3/54 286/3/54
f 293/3/55 296/3/55 295/3/55
f 295/3/56 282/3/56 281/3/56
f 293/3/57 295/3/57 287/3/57
f 297/4/58 298/4/58 299/4/58
f 300/4/59 301/4/59 302/4/59
f 303/4/60 304/4/60 305/4/60
f 306/4/61 307/4/61 308/4/61
f 309/4/62 310/4/62 311/4/62
f 312/4/63 313/4/63 314/4/63
f 315/4/64 316/4/64 317/4/64
f 318/4/65 319/4/65 320/4/65
f 297/4/66 304/4/66 303/4/66
f 300/4/67 299/4/67 298/4/67
f 306/4/68 302/4/68 301/4/68
f 305/4/69 308/4/69 307/4/69
f 303/4/70 316/4/70 315/4/70
f 318/4/71 307/4/71 306/4/71
f 319/4/72 316/4/72 320/4/72
f 309/4/73 317/4/73 310/4/73
f 312/4/74 319/4/74 318/4/74
f 313/4/75 310/4/75 314/4/75
f 309/4/76 298/4/76 297/4/76
f 301/4/77 313/4/77 312/4/77
f 315/4/78 297/4/78 303/4/78
f 302/4/22 304/4/22 299/4/22
f 313/4/79 298/4/79 311/4/79
f 306/4/80 312/4/80 318/4/80
f 307/4/81 316/4/81 305/4/81
f 317/4/26 314/4/26 310/4/26
f 321/4/82 322/4/82 323/4/82
f 324/4/83 325/4/83 326/4/83
f 327/4/84 328/4/84 329/4/84
f 330/4/85 331/4/85 332/4/85
f 333/4/86 334/4/86 335/4/86
f 336/4/31 337/4/31 338/4/31
f 339/4/87 340/4/87 341/4/87
f 342/4/8 343/4/8 344/4/8
f 321/4/9 328/4/9 327/4/9
f 324/4/10 323/4/10 322/4/10
f 330/4/11 326/4/11 325/4/11
f 329/4/12 332/4/12 331/4/12
f 327/4/13 340/4/13 339/4/13
f 342/4/14 331/4/14 330/4/14
f 341/4/15 344/4/15 343/4/15
f 339/4/16 334/4/16 333/4/16
f 336/4/17 343/4/17 342/4/17
f 335/4/18 338/4/18 337/4/18
f 333/4/19 322/4/19 321/4/19
f 325/4/20 337/4/20 336/4/20
f 339/4/21 321/4/21 327/4/21
f 326/4/22 328/4/22 323/4/22
f 337/4/23 322/4/23 335/4/23
f 330/4/24 336/4/24 342/4/24
f 331/4/25 340/4/25 329/4/25
f 343/4/26 334/4/26 341/4/26
f 345/5/88 346/5/88 347/5/88
f 348/5/59 349/5/59 350/5/59
f 351/5/60 352/5/60 353/5/60
f 354/5/61 355/5/61 356/5/61
f 357/5/62 358/5/62 359/5/62
f 360/5/89 361/5/89 362/5/89
f 363/5/64 364/5/64 365/5/64
f 366/5/65 367/5/65 368/5/65
f 345/5/66 352/5/66 351/5/66
f 348/5/67 347/5/67 346/5/67
f 354/5/68 350/5/68 349/5/68
f 353/5/69 356/5/69 355/5/69
f 351/5/70 364/5/70 363/5/70
f 366/5/71 355/5/71 354/5/71
f 367/5/72 364/5/72 368/5/72
f 357/5/73 365/5/73 358/5/73
f 360/5/74 367/5/74 366/5/74
f 361/5/75 358/5/75 362/5/75
f 357/5/76 346/5/76 345/5/76
f 349/5/77 361/5/77 360/5/77
f 363/5/78 345/5/78 351/5/78
f 350/5/22 352/5/22 347/5/22
f 361/5/79 346/5/79 359/5/79
f 354/5/80 360/5/80 366/5/80
f 355/5/81 364/5/81 353/5/81
f 365/5/26 362/5/26 358/5/26
f 369/5/82 370/5/82 371/5/82
f 372/5/90 373/5/90 374/5/90
f 375/5/84 376/5/84 377/5/84
f 378/5/91 379/5/91 380/5/91
f 381/5/86 382/5/86 383/5/86
f 384/5/92 385/5/92 386/5/92
f 387/5/87 388/5/87 389/5/87
f 390/5/93 391/5/93 392/5/93
f 369/5/9 376/5/9 375/5/9
f 372/5/10 371/5/10 370/5/10
f 378/5/11 374/5/11 373/5/11
f 377/5/12 380/5/12 379/5/12
f 375/5/13 388/5/13 387/5/13
f 390/5/14 379/5/14 378/5/14
f 389/5/15 392/5/15 391/5/15
f 387/5/16 382/5/16 381/5/16
f 384/5/17 391/5/17 390/5/17
f 383/5/18 386/5/18 385/5/18
f 381/5/19 370/5/19 369/5/19
f 373/5/20 385/5/20 384/5/20
f 387/5/21 369/5/21 375/5/21
f 374/5/22 376/5/22 371/5/22
f 385/5/23 370/5/23 383/5/23
f 378/5/24 384/5/24 390/5/24
f 379/5/25 388/5/25 377/5/25
f 391/5/26 382/5/26 389/5/26
f 393/4/58 394/4/58 395/4/58
f 396/4/94 397/4/94 398/4/94
f 399/4/60 400/4/60 401/4/60
f 402/4/61 403/4/61 404/4/61
f 405/4/62 406/4/62 407/4/62
f 408/4/63 409/4/63 410/4/63
f 411/4/64 412/4/64 413/4/64
f 414/4/65 415/4/65 416/4/65
f 393/4/66 400/4/66 399/4/66
f 396/4/67 395/4/67 394/4/67
f 402/4/68 398/4/68 397/4/68
f 401/4/69 404/4/69 403/4/69
f 399/4/70 412/4/70 411/4/70
f 414/4/71 403/4/71 402/4/71
f 415/4/72 412/4/72 416/4/72
f 405/4/73 413/4/73 406/4/73
f 408/4/74 415/4/74 414/4/74
f 409/4/75 406/4/75 410/4/75
f 405/4/76 394/4/76 393/4/76
f 397/4/77 409/4/77 408/4/77
f 411/4/78 393/4/78 399/4/78
f 398/4/22 400/4/22 395/4/22
f 409/4/79 394/4/79 407/4/79
f 402/4/80 408/4/80 414/4/80
f 403/4/81 412/4/81 401/4/81
f 413/4/26 410/4/26 406/4/26
f 417/4/82 418/4/82 419/4/82
f 420/4/90 421/4/90 422/4/90
f 423/4/84 424/4/84 425/4/84
f 426/4/91 427/4/91 428/4/91
f 429/4/86 430/4/86 431/4/86
f 432/4/92 433/4/92 434/4/92
f 435/4/87 436/4/87 437/4/87
f 438/4/93 439/4/93 440/4/93
f 417/4/9 424/4/9 423/4/9
f 420/4/10 419/4/10 418/4/10
f 426/4/11 422/4/11 421/4/11
f 425/4/12 428/4/12 427/4/12
f 423/4/13 436/4/13 435/4/13
f 438/4/14 427/4/14 426/4/14
f 437/4/15 440/4/15 439/4/15
f 435/4/16 430/4/16 429/4/16
f 432/4/17 439/4/17 438/4/17
f 431/4/18 434/4/18 433/4/18
f 429/4/19 418/4/19 417/4/19
f 421/4/20 433/4/20 432/4/20
f 435/4/21 417/4/21 423/4/21
f 422/4/22 424/4/22 419/4/22
f 433/4/23 418/4/23 431/4/23
f 426/4/24 432/4/24 438/4/24
f 427/4/25 436/4/25 425/4/25
f 439/4/26 430/4/26 437/4/26
f 441/5/58 442/5/58 443/5/58
f 444/5/94 445/5/94 446/5/94
f 447/5/60 448/5/60 449/5/60
f 450/5/61 451/5/61 452/5/61
f 453/5/62 454/5/62 455/5/62
f 456/5/63 457/5/63 458/5/63
f 459/5/64 460/5/64 461/5/64
f 462/5/65 463/5/65 464/5/65
f 441/5/66 448/5/66 447/5/66
f 444/5/67 443/5/67 442/5/67
f 450/5/68 446/5/68 445/5/68
f 449/5/69 452/5/69 451/5/69
f 447/5/70 460/5/70 459/5/70
f 462/5/71 451/5/71 450/5/71
f 463/5/72 460/5/72 464/5/72
f 453/5/73 461/5/73 454/5/73
f 456/5/74 463/5/74 462/5/74
f 457/5/75 454/5/75 458/5/75
f 453/5/76 442/5/76 441/5/76
f 445/5/77 457/5/77 456/5/77
f 459/5/78 441/5/78 447/5/78
f 446/5/22 448/5/22 443/5/22
f 457/5/79 442/5/79 455/5/79
f 450/5/80 456/5/80 462/5/80
f 451/5/81 460/5/81 449/5/81
f 461/5/26 458/5/26 454/5/26
f 465/5/82 466/5/82 467/5/82
f 468/5/90 469/5/90 470/5/90
f 471/5/84 472/5/84 473/5/84
f 474/5/91 475/5/91 476/5/91
f 477/5/86 478/5/86 479/5/86
f 480/5/92 481/5/92 482/5/92
f 483/5/87 484/5/87 485/5/87
f 486/5/93 487/5/93 488/5/93
f 465/5/9 472/5/9 471/5/9
f 468/5/10 467/5/10 466/5/10
f 474/5/11 470/5/11 469/5/11
f 473/5/12 476/5/12 475/5/12
f 471/5/13 484/5/13 483/5/13
f 486/5/14 475/5/14 474/5/14
f 485/5/15 488/5/15 487/5/15
f 483/5/16 478/5/16 477/5/16
f 480/5/17 487/5/17 486/5/17
f 479/5/18 482/5/18 481/5/18
f 477/5/19 466/5/19 465/5/19
f 469/5/20 481/5/20 480/5/20
f 483/5/21 465/5/21 471/5/21
f 470/5/22 472/5/22 467/5/22
f 481/5/23 466/5/23 479/5/23
f 474/5/24 480/5/24 486/5/24
f 475/5/25 484/5/25 473/5/25
f 487/5/26 478/5/26 485/5/26
f 489/4/58 490/4/58 491/4/58
f 492/4/59 493/4/59 494/4/59
f 495/4/60 496/4/60 497/4/60
f 498/4/61 499/4/61 500/4/61
f 501/4/62 502/4/62 503/4/62
f 504/4/63 505/4/63 506/4/63
f 507/4/64 508/4/64 509/4/64
f 510/4/65 511/4/65 512/4/65
f 489/4/66 496/4/66 495/4/66
f 492/4/67 491/4/67 490/4/67
f 498/4/68 494/4/68 493/4/68
f 497/4/69 500/4/69 499/4/69
f 495/4/70 508/4/70 507/4/70
f 510/4/71 499/4/71 498/4/71
f 511/4/72 508/4/72 512/4/72
f 501/4/73 509/4/73 502/4/73
f 504/4/74 511/4/74 510/4/74
f 505/4/75 502/4/75 506/4/75
f 501/4/76 490/4/76 489/4/76
f 493/4/77 505/4/77 504/4/77
f 507/4/78 489/4/78 495/4/78
f 494/4/22 496/4/22 491/4/22
f 505/4/79 490/4/79 503/4/79
f 498/4/80 504/4/80 510/4/80
f 499/4/81 508/4/81 497/4/81
f 509/4/26 506/4/26 502/4/26
f 513/4/82 514/4/82 515/4/82
f 516/4/90 517/4/90 518/4/90
f 519/4/84 520/4/84 521/4/84
f 522/4/91 523/4/91 524/4/91
f 525/4/86 526/4/86 527/4/86
f 528/4/92 529/4/92 530/4/92
f 531/4/87 532/4/87 533/4/87
f 534/4/93 535/4/93 536/4/93
f 513/4/9 520/4/9 519/4/9
f 516/4/10 515/4/10 514/4/10
f 522/4/11 518/4/11 517/4/11
f 521/4/12 524/4/12 523/4/12
f 519/4/13 532/4/13 531/4/13
f 534/4/14 523/4/14 522/4/14
f 533/4/15 536/4/15 535/4/15
f 531/4/16 526/4/16 525/4/16
f 528/4/17 535/4/17 534/4/17
f 527/4/18 530/4/18 529/4/18
f 525/4/19 514/4/19 513/4/19
f 517/4/20 529/4/20 528/4/20
f 531/4/21 513/4/21 519/4/21
f 518/4/22 520/4/22 515/4/22
f 529/4/23 514/4/23 527/4/23
f 522/4/24 528/4/24 534/4/24
f 523/4/25 532/4/25 521/4/25
f 535/4/26 526/4/26 533/4/26
f 537/5/58 538/5/58 539/5/58
f 540/5/94 541/5/94 542/5/94
f 543/5/60 544/5/60 545/5/60
f 546/5/61 547/5/61 548/5/61
f 549/5/62 550/5/62 551/5/62
f 552/5/63 553/5/63 554/5/63
f 555/5/64 556/5/64 557/5/64
f 558/5/65 559/5/65 560/5/65
f 537/5/66 544/5/66 543/5/66
f 540/5/67 539/5/67 538/5/67
f 546/5/68 542/5/68 541/5/68
f 545/5/69 548/5/69 547/5/69
f 543/5/70 556/5/70 555/5/70
f 558/5/71 547/5/71 546/5/71
f 559/5/72 556/5/72 560/5/72
f 549/5/73 557/5/73 550/5/73
f 552/5/74 559/5/74 558/5/74
f 553/5/75 550/5/75 554/5/75
f 549/5/76 538/5/76 537/5/76
f 541/5/77 553/5/77 552/5/77
f 555/5/78 537/5/78 543/5/78
f 542/5/22 544/5/22 539/5/22
f 553/5/79 538/5/79 551/5/79
f 546/5/80 552/5/80 558/5/80
f 547/5/81 556/5/81 545/5/81
f 557/5/26 554/5/26 550/5/26
f 561/5/82 562/5/82 563/5/82
f 564/5/90 565/5/90 566/5/90
f 567/5/84 568/5/84 569/5/84
f 570/5/91 571/5/91 572/5/91
f 573/5/86 574/5/86 575/5/86
f 576/5/92 577/5/92 578/5/92
f 579/5/87 580/5/87 581/5/87
f 582/5/93 583/5/93 584/5/93
f 561/5/9 568/5/9 567/5/9
f 564/5/10 563/5/10 562/5/10
f 570/5/11 566/5/11 565/5/11
f 569/5/12 572/5/12 571/5/12
f 567/5/13 580/5/13 579/5/13
f 582/5/14 571/5/14 570/5/14
f 581/5/15 584/5/15 583/5/15
f 579/5/16 574/5/16 573/5/16
f 576/5/17 583/5/17 582/5/17
f 575/5/18 578/5/18 577/5/18
f 573/5/19 562/5/19 561/5/19
f 565/5/20 577/5/20 576/5/20
f 579/5/21 561/5/21 567/5/21
f 566/5/22 568/5/22 563/5/22
f 577/5/23 562/5/23 575/5/23
f 570/5/24 576/5/24 582/5/24
f 571/5/25 580/5/25 569/5/25
f 583/5/26 574/5/26 581/5/26
f 585/4/58 586/4/58 587/4/58
f 588/4/59 589/4/59 590/4/59
f 591/4/60 592/4/60 593/4/60
f 594/4/61 595/4/61 596/4/61
f 597/4/62 598/4/62 599/4/62
f 600/4/63 601/4/63 602/4/63
f 603/4/64 604/4/64 605/4/64
f 606/4/65 607/4/65 608/4/65
f 585/4/66 592/4/66 591/4/66
f 588/4/67 587/4/67 586/4/67
f 594/4/68 590/4/68 589/4/68
f 593/4/69 596/4/69 595/4/69
f 591/4/70 604/4/70 603/4/70
f 606/4/71 595/4/71 594/4/71
f 607/4/72 604/4/72 608/4/72
f 597/4/73 605/4/73 598/4/73
f 600/4/74 607/4/74 606/4/74
f 601/4/75 598/4/75 602/4/75
f 597/4/76 586/4/76 585/4/76
f 589/4/77 601/4/77 600/4/77
f 603/4/78 585/4/78 591/4/78
f 590/4/22 592/4/22 587/4/22
f 601/4/79 586/4/79 599/4/79
f 594/4/80 600/4/80 606/4/80
f 595/4/81 604/4/81 593/4/81
f 605/4/26 602/4/26 598/4/26
f 609/4/82 610/4/82 611/4/82
f 612/4/90 613/4/90 614/4/90
f 615/4/84 616/4/84 617/4/84
f 618/4/91 619/4/91 620/4/91
f 621/4/86 622/4/86 623/4/86
f 624/4/95 625/4/95 626/4/95
f 627/4/87 628/4/87 629/4/87
f 630/4/96 631/4/96 632/4/96
f 609/4/9 616/4/9 615/4/9
f 612/4/10 611/4/10 610/4/10
f 618/4/11 614/4/11 613/4/11
f 617/4/12 620/4/12 619/4/12
f 615/4/13 628/4/13 627/4/13
f 630/4/14 619/4/14 618/4/14
f 629/4/15 632/4/15 631/4/15
f 627/4/16 622/4/16 621/4/16
f 624/4/17 631/4/17 630/4/17
f 623/4/18 626/4/18 625/4/18
f 621/4/19 610/4/19 609/4/19
f 613/4/20 625/4/20 624/4/20
f 627/4/21 609/4/21 615/4/21
f 614/4/22 616/4/22 611/4/22
f 625/4/23 610/4/23 623/4/23
f 618/4/24 624/4/24 630/4/24
f 619/4/25 628/4/25 617/4/25
f 631/4/26 622/4/26 629/4/26
f 633/5/58 634/5/58 635/5/58
f 636/5/59 637/5/59 638/5/59
f 639/5/60 640/5/60 641/5/60
f 642/5/61 643/5/61 644/5/61
f 645/5/62 646/5/62 647/5/62
f 648/5/63 649/5/63 650/5/63
f 651/5/64 652/5/64 653/5/64
f 654/5/65 655/5/65 656/5/65
f 633/5/66 640/5/66 639/5/66
f 636/5/67 635/5/67 634/5/67
f 642/5/68 638/5/68 637/5/68
f 641/5/69 644/5/69 643/5/69
f 639/5/70 652/5/70 651/5/70
f 654/5/71 643/5/71 642/5/71
f 655/5/72 652/5/72 656/5/72
f 645/5/73 653/5/73 646/5/73
f 648/5/74 655/5/74 654/5/74
f 649/5/75 646/5/75 650/5/75
f 645/5/76 634/5/76 633/5/76
f 637/5/77 649/5/77 648/5/77
f 651/5/78 633/5/78 639/5/78
f 638/5/22 640/5/22 635/5/22
f 649/5/79 634/5/79 647/5/79
f 642/5/80 648/5/80 654/5/80
f 643/5/81 652/5/81 641/5/81
f 653/5/26 650/5/26 646/5/26
f 657/5/82 658/5/82 659/5/82
f 660/5/83 661/5/83 662/5/83
f 663/5/84 664/5/84 665/5/84
f 666/5/85 667/5/85 668/5/85
f 669/5/86 670/5/86 671/5/86
f 672/5/95 673/5/95 674/5/95
f 675/5/87 676/5/87 677/5/87
f 678/5/96 679/5/96 680/5/96
f 657/5/9 664/5/9 663/5/9
f 660/5/10 659/5/10 658/5/10
f 666/5/11 662/5/11 661/5/11
f 665/5/12 668/5/12 667/5/12
f 663/5/13 676/5/13 675/5/13
f 678/5/14 667/5/14 666/5/14
f 677/5/15 680/5/15 679/5/15
f 675/5/16 670/5/16 669/5/16
f 672/5/17 679/5/17 678/5/17
f 671/5/18 674/5/18 673/5/18
f 669/5/19 658/5/19 657/5/19
f 661/5/20 673/5/20 672/5/20
f 675/5/21 657/5/21 663/5/21
f 662/5/22 664/5/22 659/5/22
f 673/5/23 658/5/23 671/5/23
f 666/5/24 672/5/24 678/5/24
f 667/5/25 676/5/25 665/5/25
f 679/5/26 670/5/26 677/5/26
f 681/1/32 682/1/32 683/1/32
f 684/1/36 685/1/36 686/1/36
f 687/1/97 688/1/97 689/1/97
f 690/1/98 691/1/98 692/1/98
f 693/1/5 694/1/5 695/1/5
f 696/1/33 697/1/33 698/1/33
f 699/1/99 700/1/99 701/1/99
f 702/1/100 703/1/100 704/1/100
f 681/1/9 688/1/9 687/1/9
f 684/1/10 683/1/10 682/1/10
f 690/1/11 686/1/11 685/1/11
f 689/1/12 692/1/12 691/1/12
f 687/1/13 700/1/13 699/1/13
f 702/1/14 691/1/14 690/1/14
f 701/1/15 704/1/15 703/1/15
f 699/1/16 694/1/16 693/1/16
f 696/1/17 703/1/17 702/1/17
f 695/1/18 698/1/18 697/1/18
f 693/1/19 682/1/19 681/1/19
f 685/1/20 697/1/20 696/1/20
f 699/1/21 681/1/21 687/1/21
f 686/1/22 688/1/22 683/1/22
f 697/1/23 682/1/23 695/1/23
f 690/1/24 696/1/24 702/1/24
f 691/1/25 700/1/25 689/1/25
f 703/1/26 694/1/26 701/1/26
f 705/6/101 706/6/101 707/6/101
f 708/6/2 709/6/2 710/6/2
f 711/6/102 712/6/102 713/6/102
f 714/6/4 715/6/4 716/6/4
f 717/6/86 718/6/86 719/6/86
f 720/6/6 721/6/6 722/6/6
f 723/6/87 724/6/87 725/6/87
f 726/6/43 727/6/43 728/6/43
f 705/6/9 712/6/9 711/6/9
f 708/6/10 707/6/10 706/6/10
f 714/6/11 710/6/11 709/6/11
f 713/6/12 716/6/12 715/6/12
f 711/6/13 724/6/13 723/6/13
f 726/6/14 715/6/14 714/6/14
f 725/6/15 728/6/15 727/6/15
f 723/6/16 718/6/16 717/6/16
f 720/6/17 727/6/17 726/6/17
f 719/6/18 722/6/18 721/6/18
f 717/6/19 706/6/19 705/6/19
f 709/6/20 721/6/20 720/6/20
f 723/6/21 705/6/21 711/6/21
f 710/6/22 712/6/22 707/6/22
f 721/6/23 706/6/23 719/6/23
f 714/6/24 720/6/24 726/6/24
f 715/6/25 724/6/25 713/6/25
f 727/6/26 718/6/26 725/6/26
f 729/6/103 730/6/103 731/6/103
f 732/6/2 733/6/2 734/6/2
f 735/6/104 736/6/104 737/6/104
f 738/6/4 739/6/4 740/6/4
f 741/6/86 742/6/86 743/6/86
f 744/6/6 745/6/6 746/6/6
f 747/6/87 748/6/87 749/6/87
f 750/6/43 751/6/43 752/6/43
f 729/6/9 736/6/9 735/6/9
f 732/6/10 731/6/10 730/6/10
f 738/6/11 734/6/11 733/6/11
f 737/6/12 740/6/12 739/6/12
f 735/6/13 748/6/13 747/6/13
f 750/6/14 739/6/14 738/6/14
f 749/6/15 752/6/15 751/6/15
f 747/6/16 742/6/16 741/6/16
f 744/6/17 751/6/17 750/6/17
f 743/6/18 746/6/18 745/6/18
f 741/6/19 730/6/19 729/6/19
f 733/6/20 745/6/20 744/6/20
f 747/6/21 729/6/21 735/6/21
f 734/6/22 736/6/22 731/6/22
f 745/6/23 730/6/23 743/6/23
f 738/6/24 744/6/24 750/6/24
f 739/6/25 748/6/25 737/6/25
f 751/6/26 742/6/26 749/6/26
f 753/2/103 754/2/103 755/2/103
f 756/2/90 757/2/90 758/2/90
f 759/2/104 760/2/104 761/2/104
f 762/2/91 763/2/91 764/2/91
f 765/2/86 766/2/86 767/2/86
f 768/2/92 769/2/92 770/2/92
f 771/2/87 772/2/87 773/2/87
f 774/2/93 775/2/93 776/2/93
f 753/2/9 760/2/9 759/2/9
f 756/2/10 755/2/10 754/2/10
f 762/2/11 758/2/11 757/2/11
f 761/2/12 764/2/12 763/2/12
f 759/2/13 772/2/13 771/2/13
f 774/2/14 763/2/14 762/2/14
f 773/2/15 776/2/15 775/2/15
f 771/2/16 766/2/16 765/2/16
f 768/2/17 775/2/17 774/2/17
f 767/2/18 770/2/18 769/2/18
f 765/2/19 754/2/19 753/2/19
f 757/2/20 769/2/20 768/2/20
f 771/2/21 753/2/21 759/2/21
f 758/2/22 760/2/22 755/2/22
f 769/2/23 754/2/23 767/2/23
f 762/2/24 768/2/24 774/2/24
f 763/2/25 772/2/25 761/2/25
f 775/2/26 766/2/26 773/2/26
f 777/2/103 778/2/103 779/2/103
f 780/2/83 781/2/83 782/2/83
f 783/2/104 784/2/104 785/2/104
f 786/2/85 787/2/85 788/2/85
f 789/2/86 790/2/86 791/2/86
f 792/2/33 793/2/33 794/2/33
f 795/2/87 796/2/87 797/2/87
f 798/2/100 799/2/100 800/2/100
f 777/2/9 784/2/9 783/2/9
f 780/2/10 779/2/10 778/2/10
f 786/2/11 782/2/11 781/2/11
f 785/2/12 788/2/12 787/2/12
f 783/2/13 796/2/13 795/2/13
f 798/2/14 787/2/14 786/2/14
f 797/2/15 800/2/15 799/2/15
f 795/2/16 790/2/16 789/2/16
f 792/2/17 799/2/17 798/2/17
f 791/2/18 794/2/18 793/2/18
f 789/2/19 778/2/19 777/2/19
f 781/2/20 793/2/20 792/2/20
f 795/2/21 777/2/21 783/2/21
f 782/2/22 784/2/22 779/2/22
f 793/2/23 778/2/23 791/2/23
f 786/2/24 792/2/24 798/2/24
f 787/2/25 796/2/25 785/2/25
f 799/2/26 790/2/26 797/2/26
f 801/7/37 802/7/37 803/7/37
f 804/7/90 805/7/90 806/7/90
f 807/7/97 808/7/97 809/7/97
f 810/7/91 811/7/91 812/7/91
f 813/7/47 814/7/47 815/7/47
f 816/7/95 817/7/95 818/7/95
f 819/7/105 820/7/105 821/7/105
f 822/7/96 823/7/96 824/7/96
f 801/7/9 808/7/9 807/7/9
f 804/7/10 803/7/10 802/7/10
f 810/7/11 806/7/11 805/7/11
f 809/7/12 812/7/12 811/7/12
f 807/7/13 820/7/13 819/7/13
f 822/7/14 811/7/14 810/7/14
f 821/7/15 824/7/15 823/7/15
f 819/7/16 814/7/16 813/7/16
f 816/7/17 823/7/17 822/7/17
f 815/7/18 818/7/18 817/7/18
f 813/7/19 802/7/19 801/7/19
f 805/7/20 817/7/20 816/7/20
f 819/7/21 801/7/21 807/7/21
f 806/7/22 808/7/22 803/7/22
f 817/7/23 802/7/23 815/7/23
f 810/7/24 816/7/24 822/7/24
f 811/7/25 820/7/25 809/7/25
f 823/7/26 814/7/26 821/7/26
f 825/6/101 826/6/101 827/6/101
f 828/6/2 829/6/2 830/6/2
f 831/6/102 832/6/102 833/6/102
f 834/6/4 835/6/4 836/6/4
f 837/6/86 838/6/86 839/6/86
f 840/6/6 841/6/6 842/6/6
f 843/6/87 844/6/87 845/6/87
f 846/6/43 847/6/43 848/6/43
f 825/6/9 832/6/9 831/6/9
f 828/6/10 827/6/10 826/6/10
f 834/6/11 830/6/11 829/6/11
f 833/6/12 836/6/12 835/6/12
f 831/6/13 844/6/13 843/6/13
f 846/6/14 835/6/14 834/6/14
f 845/6/15 848/6/15 847/6/15
f 843/6/16 838/6/16 837/6/16
f 840/6/17 847/6/17 846/6/17
f 839/6/18 842/6/18 841/6/18
f 837/6/19 826/6/19 825/6/19
f 829/6/20 841/6/20 840/6/20
f 843/6/21 825/6/21 831/6/21
f 830/6/22 832/6/22 827/6/22
f 841/6/23 826/6/23 839/6/23
f 834/6/24 840/6/24 846/6/24
f 835/6/25 844/6/25 833/6/25
f 847/6/26 838/6/26 845/6/26
f 849/6/103 850/6/103 851/6/103
f 852/6/2 853/6/2 854/6/2
f 855/6/104 856/6/104 857/6/104
f 858/6/4 859/6/4 860/6/4
f 861/6/86 862/6/86 863/6/86
f 864/6/6 865/6/6 866/6/6
f 867/6/87 868/6/87 869/6/87
f 870/6/43 871/6/43 872/6/43
f 849/6/9 856/6/9 855/6/9
f 852/6/10 851/6/10 850/6/10
f 858/6/11 854/6/11 853/6/11
f 857/6/12 860/6/12 859/6/12
f 855/6/13 868/6/13 867/6/13
f 870/6/14 859/6/14 858/6/14
f 869/6/15 872/6/15 871/6/15
f 867/6/16 862/6/16 861/6/16
f 864/6/17 871/6/17 870/6/17
f 863/6/18 866/6/18 865/6/18
f 861/6/19 850/6/19 849/6/19
f 853/6/20 865/6/20 864/6/20
f 867/6/21 849/6/21 855/6/21
f 854/6/22 856/6/22 851/6/22
f 865/6/23 850/6/23 863/6/23
f 858/6/24 864/6/24 870/6/24
f 859/6/25 868/6/25 857/6/25
f 871/6/26 862/6/26 869/6/26
f 873/2/103 874/2/103 875/2/103
f 876/2/90 877/2/90 878/2/90
f 879/2/104 880/2/104 881/2/104
f 882/2/91 883/2/91 884/2/91
f 885/2/86 886/2/86 887/2/86
f 888/2/92 889/2/92 890/2/92
f 891/2/87 892/2/87 893/2/87
f 894/2/43 895/2/43 896/2/43
f 873/2/9 880/2/9 879/2/9
f 876/2/10 875/2/10 874/2/10
f 882/2/11 878/2/11 877/2/11
f 881/2/12 884/2/12 883/2/12
f 879/2/13 892/2/13 891/2/13
f 894/2/14 883/2/14 882/2/14
f 893/2/15 896/2/15 895/2/15
f 891/2/16 886/2/16 885/2/16
f 888/2/17 895/2/17 894/2/17
f 887/2/18 890/2/18 889/2/18
f 885/2/19 874/2/19 873/2/19
f 877/2/20 889/2/20 888/2/20
f 891/2/21 873/2/21 879/2/21
f 878/2/22 880/2/22 875/2/22
f 889/2/23 874/2/23 887/2/23
f 882/2/24 888/2/24 894/2/24
f 883/2/25 892/2/25 881/2/25
f 895/2/26 886/2/26 893/2/26
f 897/2/103 898/2/103 899/2/103
f 900/2/83 901/2/83 902/2/83
f 903/2/104 904/2/104 905/2/104
f 906/2/85 907/2/85 908/2/85
f 909/2/86 910/2/86 911/2/86
f 912/2/33 913/2/33 914/2/33
f 915/2/87 916/2/87 917/2/87
f 918/2/100 919/2/100 920/2/100
f 897/2/9 904/2/9 903/2/9
f 900/2/10 899/2/10 898/2/10
f 906/2/11 902/2/11 901/2/11
f 905/2/12 908/2/12 907/2/12
f 903/2/13 916/2/13 915/2/13
f 918/2/14 907/2/14 906/2/14
f 917/2/15 920/2/15 919/2/15
f 915/2/16 910/2/16 909/2/16
f 912/2/17 919/2/17 918/2/17
f 911/2/18 914/2/18 913/2/18
f 909/2/19 898/2/19 897/2/19
f 901/2/20 913/2/20 912/2/20
f 915/2/21 897/2/21 903/2/21
f 902/2/22 904/2/22 899/2/22
f 913/2/23 898/2/23 911/2/23
f 906/2/24 912/2/24 918/2/24
f 907/2/25 916/2/25 905/2/25
f 919/2/26 910/2/26 917/2/26
f 921/7/103 922/7/103 923/7/103
f 924/7/83 925/7/83 926/7/83
f 927/7/104 928/7/104 929/7/104
f 930/7/85 931/7/85 932/7/85
f 933/7/40 934/7/40 935/7/40
f 936/7/92 937/7/92 938/7/92
f 939/7/99 940/7/99 941/7/99
f 942/7/93 943/7/93 944/7/93
f 921/7/9 928/7/9 927/7/9
f 924/7/10 923/7/10 922/7/10
f 930/7/11 926/7/11 925/7/11
f 929/7/12 932/7/12 931/7/12
f 927/7/13 940/7/13 939/7/13
f 942/7/14 931/7/14 930/7/14
f 941/7/15 944/7/15 943/7/15
f 939/7/16 934/7/16 933/7/16
f 936/7/17 943/7/17 942/7/17
f 935/7/18 938/7/18 937/7/18
f 933/7/19 922/7/19 921/7/19
f 925/7/20 937/7/20 936/7/20
f 939/7/21 921/7/21 927/7/21
f 926/7/22 928/7/22 923/7/22
f 937/7/23 922/7/23 935/7/23
f 930/7/24 936/7/24 942/7/24
f 931/7/25 940/7/25 929/7/25
f 943/7/26 934/7/26 941/7/26
f 945/6/1 946/6/1 947/6/1
f 948/6/27 949/6/27 950/6/27
f 951/6/28 952/6/28 953/6/28
f 954/6/29 955/6/29 956/6/29
f 957/6/30 958/6/30 959/6/30
f 960/6/31 961/6/31 962/6/31
f 963/6/7 964/6/7 965/6/7
f 966/6/8 967/6/8 968/6/8
f 945/6/9 952/6/9 951/6/9
f 948/6/10 947/6/10 946/6/10
f 954/6/11 950/6/11 949/6/11
f 953/6/12 956/6/12 955/6/12
f 951/6/13 964/6/13 963/6/13
f 966/6/14 955/6/14 954/6/14
f 965/6/15 968/6/15 967/6/15
f 963/6/16 958/6/16 957/6/16
f 960/6/17 967/6/17 966/6/17
f 959/6/18 962/6/18 961/6/18
f 957/6/19 946/6/19 945/6/19
f 949/6/20 961/6/20 960/6/20
f 963/6/21 945/6/21 951/6/21
f 950/6/22 952/6/22 947/6/22
f 961/6/23 946/6/23 959/6/23
f 954/6/24 960/6/24 966/6/24
f 955/6/25 964/6/25 953/6/25
f 967/6/26 958/6/26 965/6/26
f 969/6/1 970/6/1 971/6/1
f 972/6/27 973/6/27 974/6/27
f 975/6/28 976/6/28 977/6/28
f 978/6/29 979/6/29 980/6/29
f 981/6/30 982/6/30 983/6/30
f 984/6/31 985/6/31 986/6/31
f 987/6/7 988/6/7 989/6/7
f 990/6/8 991/6/8 992/6/8
f 969/6/9 976/6/9 975/6/9
f 972/6/10 971/6/10 970/6/10
f 978/6/11 974/6/11 973/6/11
f 977/6/12 980/6/12 979/6/12
f 975/6/13 988/6/13 987/6/13
f 990/6/14 979/6/14 978/6/14
f 989/6/15 992/6/15 991/6/15
f 987/6/16 982/6/16 981/6/16
f 984/6/17 991/6/17 990/6/17
f 983/6/18 986/6/18 985/6/18
f 981/6/19 970/6/19 969/6/19
f 973/6/20 985/6/20 984/6/20
f 987/6/21 969/6/21 975/6/21
f 974/6/22 976/6/22 971/6/22
f 985/6/23 970/6/23 983/6/23
f 978/6/24 984/6/24 990/6/24
f 979/6/25 988/6/25 977/6/25
f 991/6/26 982/6/26 989/6/26
f 993/3/46 994/3/46 995/3/46
f 996/3/106 997/3/106 998/3/106
f 999/3/38 1000/3/38 1001/3/38
f 1002/3/39 1003/3/39 1004/3/39
f 1005/3/45 1006/3/45 1007/3/45
f 1008/3/107 1009/3/107 1010/3/107
f 1011/3/34 1012/3/34 1013/3/34
f 1014/3/35 1015/3/35 1016/3/35
f 993/3/9 1000/3/9 999/3/9
f 996/3/10 995/3/10 994/3/10
f 1002/3/11 998/3/11 997/3/11
f 1001/3/12 1004/3/12 1003/3/12
f 999/3/13 1012/3/13 1011/3/13
f 1014/3/14 1003/3/14 1002/3/14
f 1013/3/15 1016/3/15 1015/3/15
f 1011/3/16 1006/3/16 1005/3/16
f 1008/3/17 1015/3/17 1014/3/17
f 1007/3/18 1010/3/18 1009/3/18
f 1005/3/19 994/3/19 993/3/19
f 997/3/20 1009/3/20 1008/3/20
f 1011/3/21 993/3/21 999/3/21
f 998/3/22 1000/3/22 995/3/22
f 1009/3/23 994/3/23 1007/3/23
f 1002/3/24 1008/3/24 1014/3/24
f 1003/3/25 1012/3/25 1001/3/25
f 1015/3/26 1006/3/26 1013/3/26
f 1018/6/108 1019/6/108 1017/6/108
f 1020/6/26 1021/6/26 1019/6/26
f 1022/6/109 1023/6/109 1021/6/109
f 1024/6/110 1025/6/110 1023/6/110
f 1026/6/23 1024/6/23 1022/6/23
f 1026/6/22 1027/6/22 1025/6/22
f 1028/6/111 1017/6/111 1027/6/111
f 1025/6/25 1027/6/25 1019/6/25
f 1030/6/108 1031/6/108 1029/6/108
f 1032/6/26 1033/6/26 1031/6/26
f 1034/6/109 1035/6/109 1033/6/109
f 1036/6/110 1037/6/110 1035/6/110
f 1038/6/23 1036/6/23 1034/6/23
f 1038/6/22 1039/6/22 1037/6/22
f 1040/6/111 1029/6/111 1039/6/111
f 1037/6/25 1039/6/25 1031/6/25
f 1042/6/108 1043/6/108 1041/6/108
f 1044/6/26 1045/6/26 1043/6/26
f 1046/6/109 1047/6/109 1045/6/109
f 1048/6/110 1049/6/110 1047/6/110
f 1050/6/23 1048/6/23 1046/6/23
f 1050/6/22 1051/6/22 1049/6/22
f 1052/6/111 1041/6/111 1051/6/111
f 1049/6/25 1051/6/25 1043/6/25
f 1054/6/108 1055/6/108 1053/6/108
f 1056/6/26 1057/6/26 1055/6/26
f 1058/6/109 1059/6/109 1057/6/109
f 1060/6/110 1061/6/110 1059/6/110
f 1062/6/23 1060/6/23 1058/6/23
f 1062/6/22 1063/6/22 1061/6/22
f 1064/6/111 1053/6/111 1063/6/111
f 1061/6/25 1063/6/25 1055/6/25
f 1065/1/32 1066/1/32 1067/1/32
f 1068/1/36 1069/1/36 1070/1/36
f 1071/1/3 1072/1/3 1073/1/3
f 1074/1/98 1075/1/98 1076/1/98
f 1077/1/5 1078/1/5 1079/1/5
f 1080/1/33 1081/1/33 1082/1/33
f 1083/1/42 1084/1/42 1085/1/42
f 1086/1/100 1087/1/100 1088/1/100
f 1065/1/9 1072/1/9 1071/1/9
f 1068/1/10 1067/1/10 1066/1/10
f 1074/1/11 1070/1/11 1069/1/11
f 1073/1/12 1076/1/12 1075/1/12
f 1071/1/13 1084/1/13 1083/1/13
f 1086/1/14 1075/1/14 1074/1/14
f 1085/1/15 1088/1/15 1087/1/15
f 1083/1/16 1078/1/16 1077/1/16
f 1080/1/17 1087/1/17 1086/1/17
f 1079/1/18 1082/1/18 1081/1/18
f 1077/1/19 1066/1/19 1065/1/19
f 1069/1/20 1081/1/20 1080/1/20
f 1083/1/21 1065/1/21 1071/1/21
f 1070/1/22 1072/1/22 1067/1/22
f 1081/1/23 1066/1/23 1079/1/23
f 1074/1/24 1080/1/24 1086/1/24
f 1075/1/25 1084/1/25 1073/1/25
f 1087/1/26 1078/1/26 1085/1/26
f 1089/6/82 1090/6/82 1091/6/82
f 1092/6/90 1093/6/90 1094/6/90
f 1095/6/84 1096/6/84 1097/6/84
f 1098/6/91 1099/6/91 1100/6/91
f 1101/6/86 1102/6/86 1103/6/86
f 1104/6/92 1105/6/92 1106/6/92
f 1107/6/87 1108/6/87 1109/6/87
f 1110/6/93 1111/6/93 1112/6/93
f 1089/6/9 1096/6/9 1095/6/9
f 1092/6/10 1091/6/10 1090/6/10
f 1098/6/11 1094/6/11 1093/6/11
f 1097/6/12 1100/6/12 1099/6/12
f 1095/6/13 1108/6/13 1107/6/13
f 1110/6/14 1099/6/14 1098/6/14
f 1109/6/15 1112/6/15 1111/6/15
f 1107/6/16 1102/6/16 1101/6/16
f 1104/6/17 1111/6/17 1110/6/17
f 1103/6/18 1106/6/18 1105/6/18
f 1101/6/19 1090/6/19 1089/6/19
f 1093/6/20 1105/6/20 1104/6/20
f 1107/6/21 1089/6/21 1095/6/21
f 1094/6/22 1096/6/22 1091/6/22
f 1105/6/23 1090/6/23 1103/6/23
f 1098/6/24 1104/6/24 1110/6/24
f 1099/6/25 1108/6/25 1097/6/25
f 1111/6/26 1102/6/26 1109/6/26
f 1113/6/82 1114/6/82 1115/6/82
f 1116/6/90 1117/6/90 1118/6/90
f 1119/6/84 1120/6/84 1121/6/84
f 1122/6/4 1123/6/4 1124/6/4
f 1125/6/86 1126/6/86 1127/6/86
f 1128/6/92 1129/6/92 1130/6/92
f 1131/6/87 1132/6/87 1133/6/87
f 1134/6/43 1135/6/43 1136/6/43
f 1113/6/9 1120/6/9 1119/6/9
f 1116/6/10 1115/6/10 1114/6/10
f 1122/6/11 1118/6/11 1117/6/11
f 1121/6/12 1124/6/12 1123/6/12
f 1119/6/13 1132/6/13 1131/6/13
f 1134/6/14 1123/6/14 1122/6/14
f 1133/6/15 1136/6/15 1135/6/15
f 1131/6/16 1126/6/16 1125/6/16
f 1128/6/17 1135/6/17 1134/6/17
f 1127/6/18 1130/6/18 1129/6/18
f 1125/6/19 1114/6/19 1113/6/19
f 1117/6/20 1129/6/20 1128/6/20
f 1131/6/21 1113/6/21 1119/6/21
f 1118/6/22 1120/6/22 1115/6/22
f 1129/6/23 1114/6/23 1127/6/23
f 1122/6/24 1128/6/24 1134/6/24
f 1123/6/25 1132/6/25 1121/6/25
f 1135/6/26 1126/6/26 1133/6/26
f 1137/2/82 1138/2/82 1139/2/82
f 1140/2/2 1141/2/2 1142/2/2
f 1143/2/84 1144/2/84 1145/2/84
f 1146/2/4 1147/2/4 1148/2/4
f 1149/2/47 1150/2/47 1151/2/47
f 1152/2/6 1153/2/6 1154/2/6
f 1155/2/7 1156/2/7 1157/2/7
f 1158/2/43 1159/2/43 1160/2/43
f 1137/2/9 1144/2/9 1143/2/9
f 1140/2/10 1139/2/10 1138/2/10
f 1146/2/11 1142/2/11 1141/2/11
f 1145/2/12 1148/2/12 1147/2/12
f 1143/2/13 1156/2/13 1155/2/13
f 1158/2/14 1147/2/14 1146/2/14
f 1157/2/15 1160/2/15 1159/2/15
f 1155/2/16 1150/2/16 1149/2/16
f 1152/2/17 1159/2/17 1158/2/17
f 1151/2/18 1154/2/18 1153/2/18
f 1149/2/19 1138/2/19 1137/2/19
f 1141/2/20 1153/2/20 1152/2/20
f 1155/2/21 1137/2/21 1143/2/21
f 1142/2/22 1144/2/22 1139/2/22
f 1153/2/23 1138/2/23 1151/2/23
f 1146/2/24 1152/2/24 1158/2/24
f 1147/2/25 1156/2/25 1145/2/25
f 1159/2/26 1150/2/26 1157/2/26
f 1161/2/103 1162/2/103 1163/2/103
f 1164/2/83 1165/2/83 1166/2/83
f 1167/2/97 1168/2/97 1169/2/97
f 1170/2/91 1171/2/91 1172/2/91
f 1173/2/40 1174/2/40 1175/2/40
f 1176/2/92 1177/2/92 1178/2/92
f 1179/2/99 1180/2/99 1181/2/99
f 1182/2/93 1183/2/93 1184/2/93
f 1161/2/9 1168/2/9 1167/2/9
f 1164/2/10 1163/2/10 1162/2/10
f 1170/2/11 1166/2/11 1165/2/11
f 1169/2/12 1172/2/12 1171/2/12
f 1167/2/13 1180/2/13 1179/2/13
f 1182/2/14 1171/2/14 1170/2/14
f 1181/2/15 1184/2/15 1183/2/15
f 1179/2/16 1174/2/16 1173/2/16
f 1176/2/17 1183/2/17 1182/2/17
f 1175/2/18 1178/2/18 1177/2/18
f 1173/2/19 1162/2/19 1161/2/19
f 1165/2/20 1177/2/20 1176/2/20
f 1179/2/21 1161/2/21 1167/2/21
f 1166/2/22 1168/2/22 1163/2/22
f 1177/2/23 1162/2/23 1175/2/23
f 1170/2/24 1176/2/24 1182/2/24
f 1171/2/25 1180/2/25 1169/2/25
f 1183/2/26 1174/2/26 1181/2/26
f 1185/7/103 1186/7/103 1187/7/103
f 1188/7/83 1189/7/83 1190/7/83
f 1191/7/104 1192/7/104 1193/7/104
f 1194/7/85 1195/7/85 1196/7/85
f 1197/7/47 1198/7/47 1199/7/47
f 1200/7/95 1201/7/95 1202/7/95
f 1203/7/105 1204/7/105 1205/7/105
f 1206/7/96 1207/7/96 1208/7/96
f 1185/7/9 1192/7/9 1191/7/9
f 1188/7/10 1187/7/10 1186/7/10
f 1194/7/11 1190/7/11 1189/7/11
f 1193/7/12 1196/7/12 1195/7/12
f 1191/7/13 1204/7/13 1203/7/13
f 1206/7/14 1195/7/14 1194/7/14
f 1205/7/15 1208/7/15 1207/7/15
f 1203/7/16 1198/7/16 1197/7/16
f 1200/7/17 1207/7/17 1206/7/17
f 1199/7/18 1202/7/18 1201/7/18
f 1197/7/19 1186/7/19 1185/7/19
f 1189/7/20 1201/7/20 1200/7/20
f 1203/7/21 1185/7/21 1191/7/21
f 1190/7/22 1192/7/22 1187/7/22
f 1201/7/23 1186/7/23 1199/7/23
f 1194/7/24 1200/7/24 1206/7/24
f 1195/7/25 1204/7/25 1193/7/25
f 1207/7/26 1198/7/26 1205/7/26
f 1209/6/82 1210/6/82 1211/6/82
f 1212/6/90 1213/6/90 1214/6/90
f 1215/6/84 1216/6/84 1217/6/84
f 1218/6/91 1219/6/91 1220/6/91
f 1221/6/86 1222/6/86 1223/6/86
f 1224/6/92 1225/6/92 1226/6/92
f 1227/6/87 1228/6/87 1229/6/87
f 1230/6/93 1231/6/93 1232/6/93
f 1209/6/9 1216/6/9 1215/6/9
f 1212/6/10 1211/6/10 1210/6/10
f 1218/6/11 1214/6/11 1213/6/11
f 1217/6/12 1220/6/12 1219/6/12
f 1215/6/13 1228/6/13 1227/6/13
f 1230/6/14 1219/6/14 1218/6/14
f 1229/6/15 1232/6/15 1231/6/15
f 1227/6/16 1222/6/16 1221/6/16
f 1224/6/17 1231/6/17 1230/6/17
f 1223/6/18 1226/6/18 1225/6/18
f 1221/6/19 1210/6/19 1209/6/19
f 1213/6/20 1225/6/20 1224/6/20
f 1227/6/21 1209/6/21 1215/6/21
f 1214/6/22 1216/6/22 1211/6/22
f 1225/6/23 1210/6/23 1223/6/23
f 1218/6/24 1224/6/24 1230/6/24
f 1219/6/25 1228/6/25 1217/6/25
f 1231/6/26 1222/6/26 1229/6/26
f 1233/6/82 1234/6/82 1235/6/82
f 1236/6/2 1237/6/2 1238/6/2
f 1239/6/84 1240/6/84 1241/6/84
f 1242/6/4 1243/6/4 1244/6/4
f 1245/6/86 1246/6/86 1247/6/86
f 1248/6/6 1249/6/6 1250/6/6
f 1251/6/87 1252/6/87 1253/6/87
f 1254/6/43 1255/6/43 1256/6/43
f 1233/6/9 1240/6/9 1239/6/9
f 1236/6/10 1235/6/10 1234/6/10
f 1242/6/11 1238/6/11 1237/6/11
f 1241/6/12 1244/6/12 1243/6/12
f 1239/6/13 1252/6/13 1251/6/13
f 1254/6/14 1243/6/14 1242/6/14
f 1253/6/15 1256/6/15 1255/6/15
f 1251/6/16 1246/6/16 1245/6/16
f 1248/6/17 1255/6/17 1254/6/17
f 1247/6/18 1250/6/18 1249/6/18
f 1245/6/19 1234/6/19 1233/6/19
f 1237/6/20 1249/6/20 1248/6/20
f 1251/6/21 1233/6/21 1239/6/21
f 1238/6/22 1240/6/22 1235/6/22
f 1249/6/23 1234/6/23 1247/6/23
f 1242/6/24 1248/6/24 1254/6/24
f 1243/6/25 1252/6/25 1241/6/25
f 1255/6/26 1246/6/26 1253/6/26
f 1257/2/82 1258/2/82 1259/2/82
f 1260/2/2 1261/2/2 1262/2/2
f 1263/2/102 1264/2/102 1265/2/102
f 1266/2/39 1267/2/39 1268/2/39
f 1269/2/45 1270/2/45 1271/2/45
f 1272/2/6 1273/2/6 1274/2/6
f 1275/2/34 1276/2/34 1277/2/34
f 1278/2/43 1279/2/43 1280/2/43
f 1257/2/9 1264/2/9 1263/2/9
f 1260/2/10 1259/2/10 1258/2/10
f 1266/2/11 1262/2/11 1261/2/11
f 1265/2/12 1268/2/12 1267/2/12
f 1263/2/13 1276/2/13 1275/2/13
f 1278/2/14 1267/2/14 1266/2/14
f 1277/2/15 1280/2/15 1279/2/15
f 1275/2/16 1270/2/16 1269/2/16
f 1272/2/17 1279/2/17 1278/2/17
f 1271/2/18 1274/2/18 1273/2/18
f 1269/2/19 1258/2/19 1257/2/19
f 1261/2/20 1273/2/20 1272/2/20
f 1275/2/21 1257/2/21 1263/2/21
f 1262/2/22 1264/2/22 1259/2/22
f 1273/2/23 1258/2/23 1271/2/23
f 1266/2/24 1272/2/24 1278/2/24
f 1267/2/25 1276/2/25 1265/2/25
f 1279/2/26 1270/2/26 1277/2/26
f 1281/2/37 1282/2/37 1283/2/37
f 1284/2/90 1285/2/90 1286/2/90
f 1287/2/97 1288/2/97 1289/2/97
f 1290/2/91 1291/2/91 1292/2/91
f 1293/2/5 1294/2/5 1295/2/5
f 1296/2/6 1297/2/6 1298/2/6
f 1299/2/99 1300/2/99 1301/2/99
f 1302/2/93 1303/2/93 1304/2/93
f 1281/2/9 1288/2/9 1287/2/9
f 1284/2/10 1283/2/10 1282/2/10
f 1290/2/11 1286/2/11 1285/2/11
f 1289/2/12 1292/2/12 1291/2/12
f 1287/2/13 1300/2/13 1299/2/13
f 1302/2/14 1291/2/14 1290/2/14
f 1301/2/15 1304/2/15 1303/2/15
f 1299/2/16 1294/2/16 1293/2/16
f 1296/2/17 1303/2/17 1302/2/17
f 1295/2/18 1298/2/18 1297/2/18
f 1293/2/19 1282/2/19 1281/2/19
f 1285/2/20 1297/2/20 1296/2/20
f 1299/2/21 1281/2/21 1287/2/21
f 1286/2/22 1288/2/22 1283/2/22
f 1297/2/23 1282/2/23 1295/2/23
f 1290/2/24 1296/2/24 1302/2/24
f 1291/2/25 1300/2/25 1289/2/25
f 1303/2/26 1294/2/26 1301/2/26
f 1305/7/103 1306/7/103 1307/7/103
f 1308/7/83 1309/7/83 1310/7/83
f 1311/7/104 1312/7/104 1313/7/104
f 1314/7/85 1315/7/85 1316/7/85
f 1317/7/47 1318/7/47 1319/7/47
f 1320/7/95 1321/7/95 1322/7/95
f 1323/7/105 1324/7/105 1325/7/105
f 1326/7/96 1327/7/96 1328/7/96
f 1305/7/9 1312/7/9 1311/7/9
f 1308/7/10 1307/7/10 1306/7/10
f 1314/7/11 1310/7/11 1309/7/11
f 1313/7/12 1316/7/12 1315/7/12
f 1311/7/13 1324/7/13 1323/7/13
f 1326/7/14 1315/7/14 1314/7/14
f 1325/7/15 1328/7/15 1327/7/15
f 1323/7/16 1318/7/16 1317/7/16
f 1320/7/17 1327/7/17 1326/7/17
f 1319/7/18 1322/7/18 1321/7/18
f 1317/7/19 1306/7/19 1305/7/19
f 1309/7/20 1321/7/20 1320/7/20
f 1323/7/21 1305/7/21 1311/7/21
f 1310/7/22 1312/7/22 1307/7/22
f 1321/7/23 1306/7/23 1319/7/23
f 1314/7/24 1320/7/24 1326/7/24
f 1315/7/25 1324/7/25 1313/7/25
f 1327/7/26 1318/7/26 1325/7/26
f 1329/6/82 1330/6/82 1331/6/82
f 1332/6/36 1333/6/36 1334/6/36
f 1335/6/84 1336/6/84 1337/6/84
f 1338/6/98 1339/6/98 1340/6/98
f 1341/6/86 1342/6/86 1343/6/86
f 1344/6/33 1345/6/33 1346/6/33
f 1347/6/87 1348/6/87 1349/6/87
f 1350/6/100 1351/6/100 1352/6/100
f 1329/6/9 1336/6/9 1335/6/9
f 1332/6/10 1331/6/10 1330/6/10
f 1338/6/11 1334/6/11 1333/6/11
f 1337/6/12 1340/6/12 1339/6/12
f 1335/6/13 1348/6/13 1347/6/13
f 1350/6/14 1339/6/14 1338/6/14
f 1349/6/15 1352/6/15 1351/6/15
f 1347/6/16 1342/6/16 1341/6/16
f 1344/6/17 1351/6/17 1350/6/17
f 1343/6/18 1346/6/18 1345/6/18
f 1341/6/19 1330/6/19 1329/6/19
f 1333/6/20 1345/6/20 1344/6/20
f 1347/6/21 1329/6/21 1335/6/21
f 1334/6/22 1336/6/22 1331/6/22
f 1345/6/23 1330/6/23 1343/6/23
f 1338/6/24 1344/6/24 1350/6/24
f 1339/6/25 1348/6/25 1337/6/25
f 1351/6/26 1342/6/26 1349/6/26
f 1353/6/1 1354/6/1 1355/6/1
f 1356/6/27 1357/6/27 1358/6/27
f 1359/6/28 1360/6/28 1361/6/28
f 1362/6/29 1363/6/29 1364/6/29
f 1365/6/30 1366/6/30 1367/6/30
f 1368/6/31 1369/6/31 1370/6/31
f 1371/6/7 1372/6/7 1373/6/7
f 1374/6/8 1375/6/8 1376/6/8
f 1353/6/9 1360/6/9 1359/6/9
f 1356/6/10 1355/6/10 1354/6/10
f 1362/6/11 1358/6/11 1357/6/11
f 1361/6/12 1364/6/12 1363/6/12
f 1359/6/13 1372/6/13 1371/6/13
f 1374/6/14 1363/6/14 1362/6/14
f 1373/6/15 1376/6/15 1375/6/15
f 1371/6/16 1366/6/16 1365/6/16
f 1368/6/17 1375/6/17 1374/6/17
f 1367/6/18 1370/6/18 1369/6/18
f 1365/6/19 1354/6/19 1353/6/19
f 1357/6/20 1369/6/20 1368/6/20
f 1371/6/21 1353/6/21 1359/6/21
f 1358/6/22 1360/6/22 1355/6/22
f 1369/6/23 1354/6/23 1367/6/23
f 1362/6/24 1368/6/24 1374/6/24
f 1363/6/25 1372/6/25 1361/6/25
f 1375/6/26 1366/6/26 1373/6/26
f 1377/3/32 1378/3/32 1379/3/32
f 1380/3/2 1381/3/2 1382/3/2
f 1383/3/3 1384/3/3 1385/3/3
f 1386/3/4 1387/3/4 1388/3/4
f 1389/3/5 1390/3/5 1391/3/5
f 1392/3/6 1393/3/6 1394/3/6
f 1395/3/42 1396/3/42 1397/3/42
f 1398/3/43 1399/3/43 1400/3/43
f 1377/3/9 1384/3/9 1383/3/9
f 1380/3/10 1379/3/10 1378/3/10
f 1386/3/11 1382/3/11 1381/3/11
f 1385/3/12 1388/3/12 1387/3/12
f 1383/3/13 1396/3/13 1395/3/13
f 1398/3/14 1387/3/14 1386/3/14
f 1397/3/15 1400/3/15 1399/3/15
f 1395/3/16 1390/3/16 1389/3/16
f 1392/3/17 1399/3/17 1398/3/17
f 1391/3/18 1394/3/18 1393/3/18
f 1389/3/19 1378/3/19 1377/3/19
f 1381/3/20 1393/3/20 1392/3/20
f 1395/3/21 1377/3/21 1383/3/21
f 1382/3/22 1384/3/22 1379/3/22
f 1393/3/23 1378/3/23 1391/3/23
f 1386/3/24 1392/3/24 1398/3/24
f 1387/3/25 1396/3/25 1385/3/25
f 1399/3/26 1390/3/26 1397/3/26
f 1402/6/108 1403/6/108 1401/6/108
f 1404/6/26 1405/6/26 1403/6/26
f 1406/6/109 1407/6/109 1405/6/109
f 1408/6/110 1409/6/110 1407/6/110
f 1410/6/23 1408/6/23 1406/6/23
f 1410/6/22 1411/6/22 1409/6/22
f 1412/6/111 1401/6/111 1411/6/111
f 1409/6/25 1411/6/25 1403/6/25
f 1414/6/108 1415/6/108 1413/6/108
f 1416/6/26 1417/6/26 1415/6/26
f 1418/6/109 1419/6/109 1417/6/109
f 1420/6/110 1421/6/110 1419/6/110
f 1422/6/23 1420/6/23 1418/6/23
f 1422/6/22 1423/6/22 1421/6/22
f 1424/6/111 1413/6/111 1423/6/111
f 1421/6/25 1423/6/25 1415/6/25
f 1426/6/108 1427/6/108 1425/6/108
f 1428/6/26 1429/6/26 1427/6/26
f 1430/6/109 1431/6/109 1429/6/109
f 1432/6/110 1433/6/110 1431/6/110
f 1434/6/23 1432/6/23 1430/6/23
f 1434/6/22 1435/6/22 1433/6/22
f 1436/6/111 1425/6/111 1435/6/111
f 1433/6/25 1435/6/25 1427/6/25
f 1438/6/108 1439/6/108 1437/6/108
f 1440/6/26 1441/6/26 1439/6/26
f 1442/6/109 1443/6/109 1441/6/109
f 1444/6/110 1445/6/110 1443/6/110
f 1446/6/23 1444/6/23 1442/6/23
f 1446/6/22 1447/6/22 1445/6/22
f 1448/6/111 1437/6/111 1447/6/111
f 1445/6/25 1447/6/25 1439/6/25
f 1449/1/46 1450/1/46 1451/1/46
f 1452/1/36 1453/1/36 1454/1/36
f 1455/1/38 1456/1/38 1457/1/38
f 1458/1/98 1459/1/98 1460/1/98
f 1461/1/45 1462/1/45 1463/1/45
f 1464/1/33 1465/1/33 1466/1/33
f 1467/1/7 1468/1/7 1469/1/7
f 1470/1/100 1471/1/100 1472/1/100
f 1449/1/9 1456/1/9 1455/1/9
f 1452/1/10 1451/1/10 1450/1/10
f 1458/1/11 1454/1/11 1453/1/11
f 1457/1/12 1460/1/12 1459/1/12
f 1455/1/13 1468/1/13 1467/1/13
f 1470/1/14 1459/1/14 1458/1/14
f 1469/1/15 1472/1/15 1471/1/15
f 1467/1/16 1462/1/16 1461/1/16
f 1464/1/17 1471/1/17 1470/1/17
f 1463/1/18 1466/1/18 1465/1/18
f 1461/1/19 1450/1/19 1449/1/19
f 1453/1/20 1465/1/20 1464/1/20
f 1467/1/21 1449/1/21 1455/1/21
f 1454/1/22 1456/1/22 1451/1/22
f 1465/1/23 1450/1/23 1463/1/23
f 1458/1/24 1464/1/24 1470/1/24
f 1459/1/25 1468/1/25 1457/1/25
f 1471/1/26 1462/1/26 1469/1/26
f 1473/6/82 1474/6/82 1475/6/82
f 1476/6/90 1477/6/90 1478/6/90
f 1479/6/84 1480/6/84 1481/6/84
f 1482/6/91 1483/6/91 1484/6/91
f 1485/6/86 1486/6/86 1487/6/86
f 1488/6/92 1489/6/92 1490/6/92
f 1491/6/87 1492/6/87 1493/6/87
f 1494/6/93 1495/6/93 1496/6/93
f 1473/6/9 1480/6/9 1479/6/9
f 1476/6/10 1475/6/10 1474/6/10
f 1482/6/11 1478/6/11 1477/6/11
f 1481/6/12 1484/6/12 1483/6/12
f 1479/6/13 1492/6/13 1491/6/13
f 1494/6/14 1483/6/14 1482/6/14
f 1493/6/15 1496/6/15 1495/6/15
f 1491/6/16 1486/6/16 1485/6/16
f 1488/6/17 1495/6/17 1494/6/17
f 1487/6/18 1490/6/18 1489/6/18
f 1485/6/19 1474/6/19 1473/6/19
f 1477/6/20 1489/6/20 1488/6/20
f 1491/6/21 1473/6/21 1479/6/21
f 1478/6/22 1480/6/22 1475/6/22
f 1489/6/23 1474/6/23 1487/6/23
f 1482/6/24 1488/6/24 1494/6/24
f 1483/6/25 1492/6/25 1481/6/25
f 1495/6/26 1486/6/26 1493/6/26
f 1497/6/82 1498/6/82 1499/6/82
f 1500/6/90 1501/6/90 1502/6/90
f 1503/6/84 1504/6/84 1505/6/84
f 1506/6/91 1507/6/91 1508/6/91
f 1509/6/86 1510/6/86 1511/6/86
f 1512/6/92 1513/6/92 1514/6/92
f 1515/6/87 1516/6/87 1517/6/87
f 1518/6/93 1519/6/93 1520/6/93
f 1497/6/9 1504/6/9 1503/6/9
f 1500/6/10 1499/6/10 1498/6/10
f 1506/6/11 1502/6/11 1501/6/11
f 1505/6/12 1508/6/12 1507/6/12
f 1503/6/13 1516/6/13 1515/6/13
f 1518/6/14 1507/6/14 1506/6/14
f 1517/6/15 1520/6/15 1519/6/15
f 1515/6/16 1510/6/16 1509/6/16
f 1512/6/17 1519/6/17 1518/6/17
f 1511/6/18 1514/6/18 1513/6/18
f 1509/6/19 1498/6/19 1497/6/19
f 1501/6/20 1513/6/20 1512/6/20
f 1515/6/21 1497/6/21 1503/6/21
f 1502/6/22 1504/6/22 1499/6/22
f 1513/6/23 1498/6/23 1511/6/23
f 1506/6/24 1512/6/24 1518/6/24
f 1507/6/25 1516/6/25 1505/6/25
f 1519/6/26 1510/6/26 1517/6/26
f 1521/2/82 1522/2/82 1523/2/82
f 1524/2/90 1525/2/90 1526/2/90
f 1527/2/84 1528/2/84 1529/2/84
f 1530/2/91 1531/2/91 1532/2/91
f 1533/2/86 1534/2/86 1535/2/86
f 1536/2/33 1537/2/33 1538/2/33
f 1539/2/87 1540/2/87 1541/2/87
f 1542/2/112 1543/2/112 1544/2/112
f 1521/2/9 1528/2/9 1527/2/9
f 1524/2/10 1523/2/10 1522/2/10
f 1530/2/11 1526/2/11 1525/2/11
f 1529/2/12 1532/2/12 1531/2/12
f 1527/2/13 1540/2/13 1539/2/13
f 1542/2/14 1531/2/14 1530/2/14
f 1541/2/15 1544/2/15 1543/2/15
f 1539/2/16 1534/2/16 1533/2/16
f 1536/2/17 1543/2/17 1542/2/17
f 1535/2/18 1538/2/18 1537/2/18
f 1533/2/19 1522/2/19 1521/2/19
f 1525/2/20 1537/2/20 1536/2/20
f 1539/2/21 1521/2/21 1527/2/21
f 1526/2/22 1528/2/22 1523/2/22
f 1537/2/23 1522/2/23 1535/2/23
f 1530/2/24 1536/2/24 1542/2/24
f 1531/2/25 1540/2/25 1529/2/25
f 1543/2/26 1534/2/26 1541/2/26
f 1545/2/82 1546/2/82 1547/2/82
f 1548/2/36 1549/2/36 1550/2/36
f 1551/2/84 1552/2/84 1553/2/84
f 1554/2/98 1555/2/98 1556/2/98
f 1557/2/86 1558/2/86 1559/2/86
f 1560/2/33 1561/2/33 1562/2/33
f 1563/2/87 1564/2/87 1565/2/87
f 1566/2/100 1567/2/100 1568/2/100
f 1545/2/9 1552/2/9 1551/2/9
f 1548/2/10 1547/2/10 1546/2/10
f 1554/2/11 1550/2/11 1549/2/11
f 1553/2/12 1556/2/12 1555/2/12
f 1551/2/13 1564/2/13 1563/2/13
f 1566/2/14 1555/2/14 1554/2/14
f 1565/2/15 1568/2/15 1567/2/15
f 1563/2/16 1558/2/16 1557/2/16
f 1560/2/17 1567/2/17 1566/2/17
f 1559/2/18 1562/2/18 1561/2/18
f 1557/2/19 1546/2/19 1545/2/19
f 1549/2/20 1561/2/20 1560/2/20
f 1563/2/21 1545/2/21 1551/2/21
f 1550/2/22 1552/2/22 1547/2/22
f 1561/2/23 1546/2/23 1559/2/23
f 1554/2/24 1560/2/24 1566/2/24
f 1555/2/25 1564/2/25 1553/2/25
f 1567/2/26 1558/2/26 1565/2/26
f 1569/7/37 1570/7/37 1571/7/37
f 1572/7/90 1573/7/90 1574/7/90
f 1575/7/97 1576/7/97 1577/7/97
f 1578/7/91 1579/7/91 1580/7/91
f 1581/7/47 1582/7/47 1583/7/47
f 1584/7/95 1585/7/95 1586/7/95
f 1587/7/105 1588/7/105 1589/7/105
f 1590/7/96 1591/7/96 1592/7/96
f 1569/7/9 1576/7/9 1575/7/9
f 1572/7/10 1571/7/10 1570/7/10
f 1578/7/11 1574/7/11 1573/7/11
f 1577/7/12 1580/7/12 1579/7/12
f 1575/7/13 1588/7/13 1587/7/13
f 1590/7/14 1579/7/14 1578/7/14
f 1589/7/15 1592/7/15 1591/7/15
f 1587/7/16 1582/7/16 1581/7/16
f 1584/7/17 1591/7/17 1590/7/17
f 1583/7/18 1586/7/18 1585/7/18
f 1581/7/19 1570/7/19 1569/7/19
f 1573/7/20 1585/7/20 1584/7/20
f 1587/7/21 1569/7/21 1575/7/21
f 1574/7/22 1576/7/22 1571/7/22
f 1585/7/23 1570/7/23 1583/7/23
f 1578/7/24 1584/7/24 1590/7/24
f 1579/7/25 1588/7/25 1577/7/25
f 1591/7/26 1582/7/26 1589/7/26
f 1593/6/82 1594/6/82 1595/6/82
f 1596/6/90 1597/6/90 1598/6/90
f 1599/6/84 1600/6/84 1601/6/84
f 1602/6/91 1603/6/91 1604/6/91
f 1605/6/86 1606/6/86 1607/6/86
f 1608/6/92 1609/6/92 1610/6/92
f 1611/6/87 1612/6/87 1613/6/87
f 1614/6/93 1615/6/93 1616/6/93
f 1593/6/9 1600/6/9 1599/6/9
f 1596/6/10 1595/6/10 1594/6/10
f 1602/6/11 1598/6/11 1597/6/11
f 1601/6/12 1604/6/12 1603/6/12
f 1599/6/13 1612/6/13 1611/6/13
f 1614/6/14 1603/6/14 1602/6/14
f 1613/6/15 1616/6/15 1615/6/15
f 1611/6/16 1606/6/16 1605/6/16
f 1608/6/17 1615/6/17 1614/6/17
f 1607/6/18 1610/6/18 1609/6/18
f 1605/6/19 1594/6/19 1593/6/19
f 1597/6/20 1609/6/20 1608/6/20
f 1611/6/21 1593/6/21 1599/6/21
f 1598/6/22 1600/6/22 1595/6/22
f 1609/6/23 1594/6/23 1607/6/23
f 1602/6/24 1608/6/24 1614/6/24
f 1603/6/25 1612/6/25 1601/6/25
f 1615/6/26 1606/6/26 1613/6/26
f 1617/6/82 1618/6/82 1619/6/82
f 1620/6/90 1621/6/90 1622/6/90
f 1623/6/84 1624/6/84 1625/6/84
f 1626/6/91 1627/6/91 1628/6/91
f 1629/6/86 1630/6/86 1631/6/86
f 1632/6/92 1633/6/92 1634/6/92
f 1635/6/87 1636/6/87 1637/6/87
f 1638/6/93 1639/6/93 1640/6/93
f 1617/6/9 1624/6/9 1623/6/9
f 1620/6/10 1619/6/10 1618/6/10
f 1626/6/11 1622/6/11 1621/6/11
f 1625/6/12 1628/6/12 1627/6/12
f 1623/6/13 1636/6/13 1635/6/13
f 1638/6/14 1627/6/14 1626/6/14
f 1637/6/15 1640/6/15 1639/6/15
f 1635/6/16 1630/6/16 1629/6/16
f 1632/6/17 1639/6/17 1638/6/17
f 1631/6/18 1634/6/18 1633/6/18
f 1629/6/19 1618/6/19 1617/6/19
f 1621/6/20 1633/6/20 1632/6/20
f 1635/6/21 1617/6/21 1623/6/21
f 1622/6/22 1624/6/22 1619/6/22
f 1633/6/23 1618/6/23 1631/6/23
f 1626/6/24 1632/6/24 1638/6/24
f 1627/6/25 1636/6/25 1625/6/25
f 1639/6/26 1630/6/26 1637/6/26
f 1641/2/82 1642/2/82 1643/2/82
f 1644/2/90 1645/2/90 1646/2/90
f 1647/2/84 1648/2/84 1649/2/84
f 1650/2/4 1651/2/4 1652/2/4
f 1653/2/86 1654/2/86 1655/2/86
f 1656/2/41 1657/2/41 1658/2/41
f 1659/2/87 1660/2/87 1661/2/87
f 1662/2/112 1663/2/112 1664/2/112
f 1641/2/9 1648/2/9 1647/2/9
f 1644/2/10 1643/2/10 1642/2/10
f 1650/2/11 1646/2/11 1645/2/11
f 1649/2/12 1652/2/12 1651/2/12
f 1647/2/13 1660/2/13 1659/2/13
f 1662/2/14 1651/2/14 1650/2/14
f 1661/2/15 1664/2/15 1663/2/15
f 1659/2/16 1654/2/16 1653/2/16
f 1656/2/17 1663/2/17 1662/2/17
f 1655/2/18 1658/2/18 1657/2/18
f 1653/2/19 1642/2/19 1641/2/19
f 1645/2/20 1657/2/20 1656/2/20
f 1659/2/21 1641/2/21 1647/2/21
f 1646/2/22 1648/2/22 1643/2/22
f 1657/2/23 1642/2/23 1655/2/23
f 1650/2/24 1656/2/24 1662/2/24
f 1651/2/25 1660/2/25 1649/2/25
f 1663/2/26 1654/2/26 1661/2/26
f 1665/2/82 1666/2/82 1667/2/82
f 1668/2/36 1669/2/36 1670/2/36
f 1671/2/84 1672/2/84 1673/2/84
f 1674/2/98 1675/2/98 1676/2/98
f 1677/2/86 1678/2/86 1679/2/86
f 1680/2/33 1681/2/33 1682/2/33
f 1683/2/87 1684/2/87 1685/2/87
f 1686/2/100 1687/2/100 1688/2/100
f 1665/2/9 1672/2/9 1671/2/9
f 1668/2/10 1667/2/10 1666/2/10
f 1674/2/11 1670/2/11 1669/2/11
f 1673/2/12 1676/2/12 1675/2/12
f 1671/2/13 1684/2/13 1683/2/13
f 1686/2/14 1675/2/14 1674/2/14
f 1685/2/15 1688/2/15 1687/2/15
f 1683/2/16 1678/2/16 1677/2/16
f 1680/2/17 1687/2/17 1686/2/17
f 1679/2/18 1682/2/18 1681/2/18
f 1677/2/19 1666/2/19 1665/2/19
f 1669/2/20 1681/2/20 1680/2/20
f 1683/2/21 1665/2/21 1671/2/21
f 1670/2/22 1672/2/22 1667/2/22
f 1681/2/23 1666/2/23 1679/2/23
f 1674/2/24 1680/2/24 1686/2/24
f 1675/2/25 1684/2/25 1673/2/25
f 1687/2/26 1678/2/26 1685/2/26
f 1689/7/103 1690/7/103 1691/7/103
f 1692/7/83 1693/7/83 1694/7/83
f 1695/7/104 1696/7/104 1697/7/104
f 1698/7/85 1699/7/85 1700/7/85
f 1701/7/47 1702/7/47 1703/7/47
f 1704/7/95 1705/7/95 1706/7/95
f 1707/7/105 1708/7/105 1709/7/105
f 1710/7/96 1711/7/96 1712/7/96
f 1689/7/9 1696/7/9 1695/7/9
f 1692/7/10 1691/7/10 1690/7/10
f 1698/7/11 1694/7/11 1693/7/11
f 1697/7/12 1700/7/12 1699/7/12
f 1695/7/13 1708/7/13 1707/7/13
f 1710/7/14 1699/7/14 1698/7/14
f 1709/7/15 1712/7/15 1711/7/15
f 1707/7/16 1702/7/16 1701/7/16
f 1704/7/17 1711/7/17 1710/7/17
f 1703/7/18 1706/7/18 1705/7/18
f 1701/7/19 1690/7/19 1689/7/19
f 1693/7/20 1705/7/20 1704/7/20
f 1707/7/21 1689/7/21 1695/7/21
f 1694/7/22 1696/7/22 1691/7/22
f 1705/7/23 1690/7/23 1703/7/23
f 1698/7/24 1704/7/24 1710/7/24
f 1699/7/25 1708/7/25 1697/7/25
f 1711/7/26 1702/7/26 1709/7/26
f 1713/6/1 1714/6/1 1715/6/1
f 1716/6/27 1717/6/27 1718/6/27
f 1719/6/28 1720/6/28 1721/6/28
f 1722/6/29 1723/6/29 1724/6/29
f 1725/6/30 1726/6/30 1727/6/30
f 1728/6/31 1729/6/31 1730/6/31
f 1731/6/7 1732/6/7 1733/6/7
f 1734/6/8 1735/6/8 1736/6/8
f 1713/6/9 1720/6/9 1719/6/9
f 1716/6/10 1715/6/10 1714/6/10
f 1722/6/11 1718/6/11 1717/6/11
f 1721/6/12 1724/6/12 1723/6/12
f 1719/6/13 1732/6/13 1731/6/13
f 1734/6/14 1723/6/14 1722/6/14
f 1733/6/15 1736/6/15 1735/6/15
f 1731/6/16 1726/6/16 1725/6/16
f 1728/6/17 1735/6/17 1734/6/17
f 1727/6/18 1730/6/18 1729/6/18
f 1725/6/19 1714/6/19 1713/6/19
f 1717/6/20 1729/6/20 1728/6/20
f 1731/6/21 1713/6/21 1719/6/21
f 1718/6/22 1720/6/22 1715/6/22
f 1729/6/23 1714/6/23 1727/6/23
f 1722/6/24 1728/6/24 1734/6/24
f 1723/6/25 1732/6/25 1721/6/25
f 1735/6/26 1726/6/26 1733/6/26
f 1737/6/1 1738/6/1 1739/6/1
f 1740/6/27 1741/6/27 1742/6/27
f 1743/6/28 1744/6/28 1745/6/28
f 1746/6/29 1747/6/29 1748/6/29
f 1749/6/30 1750/6/30 1751/6/30
f 1752/6/31 1753/6/31 1754/6/31
f 1755/6/7 1756/6/7 1757/6/7
f 1758/6/8 1759/6/8 1760/6/8
f 1737/6/9 1744/6/9 1743/6/9
f 1740/6/10 1739/6/10 1738/6/10
f 1746/6/11 1742/6/11 1741/6/11
f 1745/6/12 1748/6/12 1747/6/12
f 1743/6/13 1756/6/13 1755/6/13
f 1758/6/14 1747/6/14 1746/6/14
f 1757/6/15 1760/6/15 1759/6/15
f 1755/6/16 1750/6/16 1749/6/16
f 1752/6/17 1759/6/17 1758/6/17
f 1751/6/18 1754/6/18 1753/6/18
f 1749/6/19 1738/6/19 1737/6/19
f 1741/6/20 1753/6/20 1752/6/20
f 1755/6/21 1737/6/21 1743/6/21
f 1742/6/22 1744/6/22 1739/6/22
f 1753/6/23 1738/6/23 1751/6/23
f 1746/6/24 1752/6/24 1758/6/24
f 1747/6/25 1756/6/25 1745/6/25
f 1759/6/26 1750/6/26 1757/6/26
f 1761/3/46 1762/3/46 1763/3/46
f 1764/3/106 1765/3/106 1766/3/106
f 1767/3/38 1768/3/38 1769/3/38
f 1770/3/39 1771/3/39 1772/3/39
f 1773/3/45 1774/3/45 1775/3/45
f 1776/3/107 1777/3/107 1778/3/107
f 1779/3/34 1780/3/34 1781/3/34
f 1782/3/35 1783/3/35 1784/3/35
f 1761/3/9 1768/3/9 1767/3/9
f 1764/3/10 1763/3/10 1762/3/10
f 1770/3/11 1766/3/11 1765/3/11
f 1769/3/12 1772/3/12 1771/3/12
f 1767/3/13 1780/3/13 1779/3/13
f 1782/3/14 1771/3/14 1770/3/14
f 1781/3/15 1784/3/15 1783/3/15
f 1779/3/16 1774/3/16 1773/3/16
f 1776/3/17 1783/3/17 1782/3/17
f 1775/3/18 1778/3/18 1777/3/18
f 1773/3/19 1762/3/19 1761/3/19
f 1765/3/20 1777/3/20 1776/3/20
f 1779/3/21 1761/3/21 1767/3/21
f 1766/3/22 1768/3/22 1763/3/22
f 1777/3/23 1762/3/23 1775/3/23
f 1770/3/24 1776/3/24 1782/3/24
f 1771/3/25 1780/3/25 1769/3/25
f 1783/3/26 1774/3/26 1781/3/26
f 1786/6/108 1787/6/108 1785/6/108
f 1788/6/26 1789/6/26 1787/6/26
f 1790/6/109 1791/6/109 1789/6/109
f 1792/6/110 1793/6/110 1791/6/110
f 1794/6/23 1792/6/23 1790/6/23
f 1794/6/22 1795/6/22 1793/6/22
f 1796/6/111 1785/6/111 1795/6/111
f 1793/6/25 1795/6/25 1787/6/25
f 1798/6/108 1799/6/108 1797/6/108
f 1800/6/26 1801/6/26 1799/6/26
f 1802/6/109 1803/6/109 1801/6/109
f 1804/6/110 1805/6/110 1803/6/110
f 1806/6/23 1804/6/23 1802/6/23
f 1806/6/22 1807/6/22 1805/6/22
f 1808/6/111 1797/6/111 1807/6/111
f 1805/6/25 1807/6/25 1799/6/25
f 1810/6/108 1811/6/108 1809/6/108
f 1812/6/26 1813/6/26 1811/6/26
f 1814/6/109 1815/6/109 1813/6/109
f 1816/6/110 1817/6/110 1815/6/110
f 1810/6/23 1818/6/23 1814/6/23
f 1818/6/22 1819/6/22 1817/6/22
f 1820/6/111 1809/6/111 1819/6/111
f 1811/6/25 1815/6/25 1819/6/25
f 1822/6/108 1823/6/108 1821/6/108
f 1824/6/26 1825/6/26 1823/6/26
f 1826/6/109 1827/6/109 1825/6/109
f 1828/6/110 1829/6/110 1827/6/110
f 1830/6/23 1828/6/23 1826/6/23
f 1830/6/22 1831/6/22 1829/6/22
f 1832/6/111 1821/6/111 1831/6/111
f 1829/6/25 1831/6/25 1823/6/25
f 1833/1/82 1834/1/82 1835/1/82
f 1836/1/106 1837/1/106 1838/1/106
f 1839/1/84 1840/1/84 1841/1/84
f 1842/1/39 1843/1/39 1844/1/39
f 1845/1/113 1846/1/113 1847/1/113
f 1848/1/107 1849/1/107 1850/1/107
f 1851/1/114 1852/1/114 1853/1/114
f 1854/1/35 1855/1/35 1856/1/35
f 1833/1/9 1840/1/9 1839/1/9
f 1836/1/10 1835/1/10 1834/1/10
f 1842/1/11 1838/1/11 1837/1/11
f 1841/1/12 1844/1/12 1843/1/12
f 1839/1/13 1852/1/13 1851/1/13
f 1854/1/14 1843/1/14 1842/1/14
f 1853/1/15 1856/1/15 1855/1/15
f 1851/1/16 1846/1/16 1845/1/16
f 1848/1/17 1855/1/17 1854/1/17
f 1847/1/18 1850/1/18 1849/1/18
f 1845/1/19 1834/1/19 1833/1/19
f 1837/1/20 1849/1/20 1848/1/20
f 1851/1/21 1833/1/21 1839/1/21
f 1838/1/22 1840/1/22 1835/1/22
f 1849/1/23 1834/1/23 1847/1/23
f 1842/1/24 1848/1/24 1854/1/24
f 1843/1/25 1852/1/25 1841/1/25
f 1855/1/26 1846/1/26 1853/1/26
f 1/1/9 3/1/9 8/1/9
f 4/1/10 6/1/10 3/1/10
f 10/1/11 12/1/11 6/1/11
f 9/1/12 8/1/12 12/1/12
f 7/1/13 9/1/13 20/1/13
f 22/1/14 24/1/14 11/1/14
f 21/1/15 20/1/15 24/1/15
f 19/1/16 21/1/16 14/1/16
f 16/1/17 18/1/17 23/1/17
f 15/1/18 14/1/18 18/1/18
f 13/1/19 15/1/19 2/1/19
f 5/1/20 4/1/20 17/1/20
f 19/1/21 13/1/21 1/1/21
f 6/1/22 12/1/22 8/1/22
f 17/1/23 4/1/23 2/1/23
f 10/1/24 5/1/24 16/1/24
f 11/1/25 24/1/25 20/1/25
f 23/1/26 18/1/26 14/1/26
f 25/1/9 27/1/9 32/1/9
f 28/1/10 30/1/10 27/1/10
f 34/1/11 36/1/11 30/1/11
f 33/1/12 32/1/12 36/1/12
f 31/1/13 33/1/13 44/1/13
f 46/1/14 48/1/14 35/1/14
f 45/1/15 44/1/15 48/1/15
f 43/1/16 45/1/16 38/1/16
f 40/1/17 42/1/17 47/1/17
f 39/1/18 38/1/18 42/1/18
f 37/1/19 39/1/19 26/1/19
f 29/1/20 28/1/20 41/1/20
f 43/1/21 37/1/21 25/1/21
f 30/1/22 36/1/22 32/1/22
f 41/1/23 28/1/23 26/1/23
f 34/1/24 29/1/24 40/1/24
f 35/1/25 48/1/25 44/1/25
f 47/1/26 42/1/26 38/1/26
f 49/1/9 51/1/9 56/1/9
f 52/1/10 54/1/10 51/1/10
f 58/1/11 60/1/11 54/1/11
f 57/1/12 56/1/12 60/1/12
f 55/1/13 57/1/13 68/1/13
f 70/1/14 72/1/14 59/1/14
f 69/1/15 68/1/15 72/1/15
f 67/1/16 69/1/16 62/1/16
f 64/1/17 66/1/17 71/1/17
f 63/1/18 62/1/18 66/1/18
f 61/1/19 63/1/19 50/1/19
f 53/1/20 52/1/20 65/1/20
f 67/1/21 61/1/21 49/1/21
f 54/1/22 60/1/22 56/1/22
f 65/1/23 52/1/23 50/1/23
f 58/1/24 53/1/24 64/1/24
f 59/1/25 72/1/25 68/1/25
f 71/1/26 66/1/26 62/1/26
f 73/1/9 75/1/9 80/1/9
f 76/1/10 78/1/10 75/1/10
f 82/1/11 84/1/11 78/1/11
f 81/1/12 80/1/12 84/1/12
f 79/1/13 81/1/13 92/1/13
f 94/1/14 96/1/14 83/1/14
f 93/1/15 92/1/15 96/1/15
f 91/1/16 93/1/16 86/1/16
f 88/1/17 90/1/17 95/1/17
f 87/1/18 86/1/18 90/1/18
f 85/1/19 87/1/19 74/1/19
f 77/1/20 76/1/20 89/1/20
f 91/1/21 85/1/21 73/1/21
f 78/1/22 84/1/22 80/1/22
f 89/1/23 76/1/23 74/1/23
f 82/1/24 77/1/24 88/1/24
f 83/1/25 96/1/25 92/1/25
f 95/1/26 90/1/26 86/1/26
f 97/2/9 99/2/9 104/2/9
f 100/2/10 102/2/10 99/2/10
f 106/2/11 108/2/11 102/2/11
f 105/2/12 104/2/12 108/2/12
f 103/2/13 105/2/13 116/2/13
f 118/2/14 120/2/14 107/2/14
f 117/2/15 116/2/15 120/2/15
f 115/2/16 117/2/16 110/2/16
f 112/2/17 114/2/17 119/2/17
f 111/2/18 110/2/18 114/2/18
f 109/2/19 111/2/19 98/2/19
f 101/2/20 100/2/20 113/2/20
f 115/2/21 109/2/21 97/2/21
f 102/2/22 108/2/22 104/2/22
f 113/2/23 100/2/23 98/2/23
f 106/2/24 101/2/24 112/2/24
f 107/2/25 120/2/25 116/2/25
f 119/2/26 114/2/26 110/2/26
f 121/2/9 123/2/9 128/2/9
f 124/2/10 126/2/10 123/2/10
f 130/2/11 132/2/11 126/2/11
f 129/2/12 128/2/12 132/2/12
f 127/2/13 129/2/13 140/2/13
f 142/2/14 144/2/14 131/2/14
f 141/2/15 140/2/15 144/2/15
f 139/2/16 141/2/16 134/2/16
f 136/2/17 138/2/17 143/2/17
f 135/2/18 134/2/18 138/2/18
f 133/2/19 135/2/19 122/2/19
f 125/2/20 124/2/20 137/2/20
f 139/2/21 133/2/21 121/2/21
f 126/2/22 132/2/22 128/2/22
f 137/2/23 124/2/23 122/2/23
f 130/2/24 125/2/24 136/2/24
f 131/2/25 144/2/25 140/2/25
f 143/2/26 138/2/26 134/2/26
f 145/2/9 147/2/9 152/2/9
f 148/2/10 150/2/10 147/2/10
f 154/2/11 156/2/11 150/2/11
f 153/2/12 152/2/12 156/2/12
f 151/2/13 153/2/13 164/2/13
f 166/2/14 168/2/14 155/2/14
f 165/2/15 164/2/15 168/2/15
f 163/2/16 165/2/16 158/2/16
f 160/2/17 162/2/17 167/2/17
f 159/2/18 158/2/18 162/2/18
f 157/2/19 159/2/19 146/2/19
f 149/2/20 148/2/20 161/2/20
f 163/2/21 157/2/21 145/2/21
f 150/2/22 156/2/22 152/2/22
f 161/2/23 148/2/23 146/2/23
f 154/2/24 149/2/24 160/2/24
f 155/2/25 168/2/25 164/2/25
f 167/2/26 162/2/26 158/2/26
f 169/2/9 171/2/9 176/2/9
f 172/2/10 174/2/10 171/2/10
f 178/2/11 180/2/11 174/2/11
f 177/2/12 176/2/12 180/2/12
f 175/2/13 177/2/13 188/2/13
f 190/2/14 192/2/14 179/2/14
f 189/2/15 188/2/15 192/2/15
f 187/2/16 189/2/16 182/2/16
f 184/2/17 186/2/17 191/2/17
f 183/2/18 182/2/18 186/2/18
f 181/2/19 183/2/19 170/2/19
f 173/2/20 172/2/20 185/2/20
f 187/2/21 181/2/21 169/2/21
f 174/2/22 180/2/22 176/2/22
f 185/2/23 172/2/23 170/2/23
f 178/2/24 173/2/24 184/2/24
f 179/2/25 192/2/25 188/2/25
f 191/2/26 186/2/26 182/2/26
f 193/2/9 195/2/9 200/2/9
f 196/2/10 198/2/10 195/2/10
f 202/2/11 204/2/11 198/2/11
f 201/2/12 200/2/12 204/2/12
f 199/2/13 201/2/13 212/2/13
f 214/2/14 216/2/14 203/2/14
f 213/2/15 212/2/15 216/2/15
f 211/2/16 213/2/16 206/2/16
f 208/2/17 210/2/17 215/2/17
f 207/2/18 206/2/18 210/2/18
f 205/2/19 207/2/19 194/2/19
f 197/2/20 196/2/20 209/2/20
f 211/2/21 205/2/21 193/2/21
f 198/2/22 204/2/22 200/2/22
f 209/2/23 196/2/23 194/2/23
f 202/2/24 197/2/24 208/2/24
f 203/2/25 216/2/25 212/2/25
f 215/2/26 210/2/26 206/2/26
f 217/2/9 219/2/9 224/2/9
f 220/2/10 222/2/10 219/2/10
f 226/2/11 228/2/11 222/2/11
f 225/2/12 224/2/12 228/2/12
f 223/2/13 225/2/13 236/2/13
f 238/2/14 240/2/14 227/2/14
f 237/2/15 236/2/15 240/2/15
f 235/2/16 237/2/16 230/2/16
f 232/2/17 234/2/17 239/2/17
f 231/2/18 230/2/18 234/2/18
f 229/2/19 231/2/19 218/2/19
f 221/2/20 220/2/20 233/2/20
f 235/2/21 229/2/21 217/2/21
f 222/2/22 228/2/22 224/2/22
f 233/2/23 220/2/23 218/2/23
f 226/2/24 221/2/24 232/2/24
f 227/2/25 240/2/25 236/2/25
f 239/2/26 234/2/26 230/2/26
f 241/2/9 243/2/9 248/2/9
f 244/2/10 246/2/10 243/2/10
f 250/2/11 252/2/11 246/2/11
f 249/2/12 248/2/12 252/2/12
f 247/2/13 249/2/13 260/2/13
f 262/2/14 264/2/14 251/2/14
f 261/2/15 260/2/15 264/2/15
f 259/2/16 261/2/16 254/2/16
f 256/2/17 258/2/17 263/2/17
f 255/2/18 254/2/18 258/2/18
f 253/2/19 255/2/19 242/2/19
f 245/2/20 244/2/20 257/2/20
f 259/2/21 253/2/21 241/2/21
f 246/2/22 252/2/22 248/2/22
f 257/2/23 244/2/23 242/2/23
f 250/2/24 245/2/24 256/2/24
f 251/2/25 264/2/25 260/2/25
f 263/2/26 258/2/26 254/2/26
f 266/3/48 268/3/48 267/3/48
f 268/3/49 270/3/49 269/3/49
f 270/3/50 272/3/50 271/3/50
f 272/3/51 274/3/51 273/3/51
f 273/3/52 274/3/52 276/3/52
f 275/3/53 276/3/53 278/3/53
f 270/3/54 268/3/54 266/3/54
f 266/3/54 280/3/54 278/3/54
f 278/3/54 276/3/54 274/3/54
f 274/3/54 272/3/54 270/3/54
f 270/3/54 266/3/54 278/3/54
f 277/3/55 278/3/55 280/3/55
f 279/3/56 280/3/56 266/3/56
f 279/3/57 265/3/57 267/3/57
f 267/3/57 269/3/57 279/3/57
f 269/3/57 271/3/57 279/3/57
f 271/3/57 273/3/57 275/3/57
f 275/3/57 277/3/57 271/3/57
f 282/3/48 284/3/48 283/3/48
f 284/3/49 286/3/49 285/3/49
f 286/3/50 288/3/50 287/3/50
f 288/3/51 290/3/51 289/3/51
f 289/3/52 290/3/52 292/3/52
f 291/3/53 292/3/53 294/3/53
f 286/3/54 284/3/54 282/3/54
f 282/3/54 296/3/54 294/3/54
f 294/3/54 292/3/54 290/3/54
f 290/3/54 288/3/54 286/3/54
f 286/3/54 282/3/54 294/3/54
f 293/3/55 294/3/55 296/3/55
f 295/3/56 296/3/56 282/3/56
f 295/3/57 281/3/57 283/3/57
f 283/3/57 285/3/57 295/3/57
f 285/3/57 287/3/57 295/3/57
f 287/3/57 289/3/57 291/3/57
f 291/3/57 293/3/57 287/3/57
f 297/4/66 299/4/66 304/4/66
f 300/4/67 302/4/67 299/4/67
f 306/4/68 308/4/68 302/4/68
f 305/4/69 304/4/69 308/4/69
f 303/4/70 305/4/70 316/4/70
f 318/4/71 320/4/71 307/4/71
f 319/4/72 317/4/72 316/4/72
f 309/4/73 315/4/73 317/4/73
f 312/4/74 314/4/74 319/4/74
f 313/4/75 311/4/75 310/4/75
f 309/4/76 311/4/76 298/4/76
f 301/4/77 300/4/77 313/4/77
f 315/4/78 309/4/78 297/4/78
f 302/4/22 308/4/22 304/4/22
f 313/4/79 300/4/79 298/4/79
f 306/4/80 301/4/80 312/4/80
f 307/4/81 320/4/81 316/4/81
f 317/4/26 319/4/26 314/4/26
f 321/4/9 323/4/9 328/4/9
f 324/4/10 326/4/10 323/4/10
f 330/4/11 332/4/11 326/4/11
f 329/4/12 328/4/12 332/4/12
f 327/4/13 329/4/13 340/4/13
f 342/4/14 344/4/14 331/4/14
f 341/4/15 340/4/15 344/4/15
f 339/4/16 341/4/16 334/4/16
f 336/4/17 338/4/17 343/4/17
f 335/4/18 334/4/18 338/4/18
f 333/4/19 335/4/19 322/4/19
f 325/4/20 324/4/20 337/4/20
f 339/4/21 333/4/21 321/4/21
f 326/4/22 332/4/22 328/4/22
f 337/4/23 324/4/23 322/4/23
f 330/4/24 325/4/24 336/4/24
f 331/4/25 344/4/25 340/4/25
f 343/4/26 338/4/26 334/4/26
f 345/5/66 347/5/66 352/5/66
f 348/5/67 350/5/67 347/5/67
f 354/5/68 356/5/68 350/5/68
f 353/5/69 352/5/69 356/5/69
f 351/5/70 353/5/70 364/5/70
f 366/5/71 368/5/71 355/5/71
f 367/5/72 365/5/72 364/5/72
f 357/5/73 363/5/73 365/5/73
f 360/5/74 362/5/74 367/5/74
f 361/5/75 359/5/75 358/5/75
f 357/5/76 359/5/76 346/5/76
f 349/5/77 348/5/77 361/5/77
f 363/5/78 357/5/78 345/5/78
f 350/5/22 356/5/22 352/5/22
f 361/5/79 348/5/79 346/5/79
f 354/5/80 349/5/80 360/5/80
f 355/5/81 368/5/81 364/5/81
f 365/5/26 367/5/26 362/5/26
f 369/5/9 371/5/9 376/5/9
f 372/5/10 374/5/10 371/5/10
f 378/5/11 380/5/11 374/5/11
f 377/5/12 376/5/12 380/5/12
f 375/5/13 377/5/13 388/5/13
f 390/5/14 392/5/14 379/5/14
f 389/5/15 388/5/15 392/5/15
f 387/5/16 389/5/16 382/5/16
f 384/5/17 386/5/17 391/5/17
f 383/5/18 382/5/18 386/5/18
f 381/5/19 383/5/19 370/5/19
f 373/5/20 372/5/20 385/5/20
f 387/5/21 381/5/21 369/5/21
f 374/5/22 380/5/22 376/5/22
f 385/5/23 372/5/23 370/5/23
f 378/5/24 373/5/24 384/5/24
f 379/5/25 392/5/25 388/5/25
f 391/5/26 386/5/26 382/5/26
f 393/4/66 395/4/66 400/4/66
f 396/4/67 398/4/67 395/4/67
f 402/4/68 404/4/68 398/4/68
f 401/4/69 400/4/69 404/4/69
f 399/4/70 401/4/70 412/4/70
f 414/4/71 416/4/71 403/4/71
f 415/4/72 413/4/72 412/4/72
f 405/4/73 411/4/73 413/4/73
f 408/4/74 410/4/74 415/4/74
f 409/4/75 407/4/75 406/4/75
f 405/4/76 407/4/76 394/4/76
f 397/4/77 396/4/77 409/4/77
f 411/4/78 405/4/78 393/4/78
f 398/4/22 404/4/22 400/4/22
f 409/4/79 396/4/79 394/4/79
f 402/4/80 397/4/80 408/4/80
f 403/4/81 416/4/81 412/4/81
f 413/4/26 415/4/26 410/4/26
f 417/4/9 419/4/9 424/4/9
f 420/4/10 422/4/10 419/4/10
f 426/4/11 428/4/11 422/4/11
f 425/4/12 424/4/12 428/4/12
f 423/4/13 425/4/13 436/4/13
f 438/4/14 440/4/14 427/4/14
f 437/4/15 436/4/15 440/4/15
f 435/4/16 437/4/16 430/4/16
f 432/4/17 434/4/17 439/4/17
f 431/4/18 430/4/18 434/4/18
f 429/4/19 431/4/19 418/4/19
f 421/4/20 420/4/20 433/4/20
f 435/4/21 429/4/21 417/4/21
f 422/4/22 428/4/22 424/4/22
f 433/4/23 420/4/23 418/4/23
f 426/4/24 421/4/24 432/4/24
f 427/4/25 440/4/25 436/4/25
f 439/4/26 434/4/26 430/4/26
f 441/5/66 443/5/66 448/5/66
f 444/5/67 446/5/67 443/5/67
f 450/5/68 452/5/68 446/5/68
f 449/5/69 448/5/69 452/5/69
f 447/5/70 449/5/70 460/5/70
f 462/5/71 464/5/71 451/5/71
f 463/5/72 461/5/72 460/5/72
f 453/5/73 459/5/73 461/5/73
f 456/5/74 458/5/74 463/5/74
f 457/5/75 455/5/75 454/5/75
f 453/5/76 455/5/76 442/5/76
f 445/5/77 444/5/77 457/5/77
f 459/5/78 453/5/78 441/5/78
f 446/5/22 452/5/22 448/5/22
f 457/5/79 444/5/79 442/5/79
f 450/5/80 445/5/80 456/5/80
f 451/5/81 464/5/81 460/5/81
f 461/5/26 463/5/26 458/5/26
f 465/5/9 467/5/9 472/5/9
f 468/5/10 470/5/10 467/5/10
f 474/5/11 476/5/11 470/5/11
f 473/5/12 472/5/12 476/5/12
f 471/5/13 473/5/13 484/5/13
f 486/5/14 488/5/14 475/5/14
f 485/5/15 484/5/15 488/5/15
f 483/5/16 485/5/16 478/5/16
f 480/5/17 482/5/17 487/5/17
f 479/5/18 478/5/18 482/5/18
f 477/5/19 479/5/19 466/5/19
f 469/5/20 468/5/20 481/5/20
f 483/5/21 477/5/21 465/5/21
f 470/5/22 476/5/22 472/5/22
f 481/5/23 468/5/23 466/5/23
f 474/5/24 469/5/24 480/5/24
f 475/5/25 488/5/25 484/5/25
f 487/5/26 482/5/26 478/5/26
f 489/4/66 491/4/66 496/4/66
f 492/4/67 494/4/67 491/4/67
f 498/4/68 500/4/68 494/4/68
f 497/4/69 496/4/69 500/4/69
f 495/4/70 497/4/70 508/4/70
f 510/4/71 512/4/71 499/4/71
f 511/4/72 509/4/72 508/4/72
f 501/4/73 507/4/73 509/4/73
f 504/4/74 506/4/74 511/4/74
f 505/4/75 503/4/75 502/4/75
f 501/4/76 503/4/76 490/4/76
f 493/4/77 492/4/77 505/4/77
f 507/4/78 501/4/78 489/4/78
f 494/4/22 500/4/22 496/4/22
f 505/4/79 492/4/79 490/4/79
f 498/4/80 493/4/80 504/4/80
f 499/4/81 512/4/81 508/4/81
f 509/4/26 511/4/26 506/4/26
f 513/4/9 515/4/9 520/4/9
f 516/4/10 518/4/10 515/4/10
f 522/4/11 524/4/11 518/4/11
f 521/4/12 520/4/12 524/4/12
f 519/4/13 521/4/13 532/4/13
f 534/4/14 536/4/14 523/4/14
f 533/4/15 532/4/15 536/4/15
f 531/4/16 533/4/16 526/4/16
f 528/4/17 530/4/17 535/4/17
f 527/4/18 526/4/18 530/4/18
f 525/4/19 527/4/19 514/4/19
f 517/4/20 516/4/20 529/4/20
f 531/4/21 525/4/21 513/4/21
f 518/4/22 524/4/22 520/4/22
f 529/4/23 516/4/23 514/4/23
f 522/4/24 517/4/24 528/4/24
f 523/4/25 536/4/25 532/4/25
f 535/4/26 530/4/26 526/4/26
f 537/5/66 539/5/66 544/5/66
f 540/5/67 542/5/67 539/5/67
f 546/5/68 548/5/68 542/5/68
f 545/5/69 544/5/69 548/5/69
f 543/5/70 545/5/70 556/5/70
f 558/5/71 560/5/71 547/5/71
f 559/5/72 557/5/72 556/5/72
f 549/5/73 555/5/73 557/5/73
f 552/5/74 554/5/74 559/5/74
f 553/5/75 551/5/75 550/5/75
f 549/5/76 551/5/76 538/5/76
f 541/5/77 540/5/77 553/5/77
f 555/5/78 549/5/78 537/5/78
f 542/5/22 548/5/22 544/5/22
f 553/5/79 540/5/79 538/5/79
f 546/5/80 541/5/80 552/5/80
f 547/5/81 560/5/81 556/5/81
f 557/5/26 559/5/26 554/5/26
f 561/5/9 563/5/9 568/5/9
f 564/5/10 566/5/10 563/5/10
f 570/5/11 572/5/11 566/5/11
f 569/5/12 568/5/12 572/5/12
f 567/5/13 569/5/13 580/5/13
f 582/5/14 584/5/14 571/5/14
f 581/5/15 580/5/15 584/5/15
f 579/5/16 581/5/16 574/5/16
f 576/5/17 578/5/17 583/5/17
f 575/5/18 574/5/18 578/5/18
f 573/5/19 575/5/19 562/5/19
f 565/5/20 564/5/20 577/5/20
f 579/5/21 573/5/21 561/5/21
f 566/5/22 572/5/22 568/5/22
f 577/5/23 564/5/23 562/5/23
f 570/5/24 565/5/24 576/5/24
f 571/5/25 584/5/25 580/5/25
f 583/5/26 578/5/26 574/5/26
f 585/4/66 587/4/66 592/4/66
f 588/4/67 590/4/67 587/4/67
f 594/4/68 596/4/68 590/4/68
f 593/4/69 592/4/69 596/4/69
f 591/4/70 593/4/70 604/4/70
f 606/4/71 608/4/71 595/4/71
f 607/4/72 605/4/72 604/4/72
f 597/4/73 603/4/73 605/4/73
f 600/4/74 602/4/74 607/4/74
f 601/4/75 599/4/75 598/4/75
f 597/4/76 599/4/76 586/4/76
f 589/4/77 588/4/77 601/4/77
f 603/4/78 597/4/78 585/4/78
f 590/4/22 596/4/22 592/4/22
f 601/4/79 588/4/79 586/4/79
f 594/4/80 589/4/80 600/4/80
f 595/4/81 608/4/81 604/4/81
f 605/4/26 607/4/26 602/4/26
f 609/4/9 611/4/9 616/4/9
f 612/4/10 614/4/10 611/4/10
f 618/4/11 620/4/11 614/4/11
f 617/4/12 616/4/12 620/4/12
f 615/4/13 617/4/13 628/4/13
f 630/4/14 632/4/14 619/4/14
f 629/4/15 628/4/15 632/4/15
f 627/4/16 629/4/16 622/4/16
f 624/4/17 626/4/17 631/4/17
f 623/4/18 622/4/18 626/4/18
f 621/4/19 623/4/19 610/4/19
f 613/4/20 612/4/20 625/4/20
f 627/4/21 621/4/21 609/4/21
f 614/4/22 620/4/22 616/4/22
f 625/4/23 612/4/23 610/4/23
f 618/4/24 613/4/24 624/4/24
f 619/4/25 632/4/25 628/4/25
f 631/4/26 626/4/26 622/4/26
f 633/5/66 635/5/66 640/5/66
f 636/5/67 638/5/67 635/5/67
f 642/5/68 644/5/68 638/5/68
f 641/5/69 640/5/69 644/5/69
f 639/5/70 641/5/70 652/5/70
f 654/5/71 656/5/71 643/5/71
f 655/5/72 653/5/72 652/5/72
f 645/5/73 651/5/73 653/5/73
f 648/5/74 650/5/74 655/5/74
f 649/5/75 647/5/75 646/5/75
f 645/5/76 647/5/76 634/5/76
f 637/5/77 636/5/77 649/5/77
f 651/5/78 645/5/78 633/5/78
f 638/5/22 644/5/22 640/5/22
f 649/5/79 636/5/79 634/5/79
f 642/5/80 637/5/80 648/5/80
f 643/5/81 656/5/81 652/5/81
f 653/5/26 655/5/26 650/5/26
f 657/5/9 659/5/9 664/5/9
f 660/5/10 662/5/10 659/5/10
f 666/5/11 668/5/11 662/5/11
f 665/5/12 664/5/12 668/5/12
f 663/5/13 665/5/13 676/5/13
f 678/5/14 680/5/14 667/5/14
f 677/5/15 676/5/15 680/5/15
f 675/5/16 677/5/16 670/5/16
f 672/5/17 674/5/17 679/5/17
f 671/5/18 670/5/18 674/5/18
f 669/5/19 671/5/19 658/5/19
f 661/5/20 660/5/20 673/5/20
f 675/5/21 669/5/21 657/5/21
f 662/5/22 668/5/22 664/5/22
f 673/5/23 660/5/23 658/5/23
f 666/5/24 661/5/24 672/5/24
f 667/5/25 680/5/25 676/5/25
f 679/5/26 674/5/26 670/5/26
f 681/1/9 683/1/9 688/1/9
f 684/1/10 686/1/10 683/1/10
f 690/1/11 692/1/11 686/1/11
f 689/1/12 688/1/12 692/1/12
f 687/1/13 689/1/13 700/1/13
f 702/1/14 704/1/14 691/1/14
f 701/1/15 700/1/15 704/1/15
f 699/1/16 701/1/16 694/1/16
f 696/1/17 698/1/17 703/1/17
f 695/1/18 694/1/18 698/1/18
f 693/1/19 695/1/19 682/1/19
f 685/1/20 684/1/20 697/1/20
f 699/1/21 693/1/21 681/1/21
f 686/1/22 692/1/22 688/1/22
f 697/1/23 684/1/23 682/1/23
f 690/1/24 685/1/24 696/1/24
f 691/1/25 704/1/25 700/1/25
f 703/1/26 698/1/26 694/1/26
f 705/6/9 707/6/9 712/6/9
f 708/6/10 710/6/10 707/6/10
f 714/6/11 716/6/11 710/6/11
f 713/6/12 712/6/12 716/6/12
f 711/6/13 713/6/13 724/6/13
f 726/6/14 728/6/14 715/6/14
f 725/6/15 724/6/15 728/6/15
f 723/6/16 725/6/16 718/6/16
f 720/6/17 722/6/17 727/6/17
f 719/6/18 718/6/18 722/6/18
f 717/6/19 719/6/19 706/6/19
f 709/6/20 708/6/20 721/6/20
f 723/6/21 717/6/21 705/6/21
f 710/6/22 716/6/22 712/6/22
f 721/6/23 708/6/23 706/6/23
f 714/6/24 709/6/24 720/6/24
f 715/6/25 728/6/25 724/6/25
f 727/6/26 722/6/26 718/6/26
f 729/6/9 731/6/9 736/6/9
f 732/6/10 734/6/10 731/6/10
f 738/6/11 740/6/11 734/6/11
f 737/6/12 736/6/12 740/6/12
f 735/6/13 737/6/13 748/6/13
f 750/6/14 752/6/14 739/6/14
f 749/6/15 748/6/15 752/6/15
f 747/6/16 749/6/16 742/6/16
f 744/6/17 746/6/17 751/6/17
f 743/6/18 742/6/18 746/6/18
f 741/6/19 743/6/19 730/6/19
f 733/6/20 732/6/20 745/6/20
f 747/6/21 741/6/21 729/6/21
f 734/6/22 740/6/22 736/6/22
f 745/6/23 732/6/23 730/6/23
f 738/6/24 733/6/24 744/6/24
f 739/6/25 752/6/25 748/6/25
f 751/6/26 746/6/26 742/6/26
f 753/2/9 755/2/9 760/2/9
f 756/2/10 758/2/10 755/2/10
f 762/2/11 764/2/11 758/2/11
f 761/2/12 760/2/12 764/2/12
f 759/2/13 761/2/13 772/2/13
f 774/2/14 776/2/14 763/2/14
f 773/2/15 772/2/15 776/2/15
f 771/2/16 773/2/16 766/2/16
f 768/2/17 770/2/17 775/2/17
f 767/2/18 766/2/18 770/2/18
f 765/2/19 767/2/19 754/2/19
f 757/2/20 756/2/20 769/2/20
f 771/2/21 765/2/21 753/2/21
f 758/2/22 764/2/22 760/2/22
f 769/2/23 756/2/23 754/2/23
f 762/2/24 757/2/24 768/2/24
f 763/2/25 776/2/25 772/2/25
f 775/2/26 770/2/26 766/2/26
f 777/2/9 779/2/9 784/2/9
f 780/2/10 782/2/10 779/2/10
f 786/2/11 788/2/11 782/2/11
f 785/2/12 784/2/12 788/2/12
f 783/2/13 785/2/13 796/2/13
f 798/2/14 800/2/14 787/2/14
f 797/2/15 796/2/15 800/2/15
f 795/2/16 797/2/16 790/2/16
f 792/2/17 794/2/17 799/2/17
f 791/2/18 790/2/18 794/2/18
f 789/2/19 791/2/19 778/2/19
f 781/2/20 780/2/20 793/2/20
f 795/2/21 789/2/21 777/2/21
f 782/2/22 788/2/22 784/2/22
f 793/2/23 780/2/23 778/2/23
f 786/2/24 781/2/24 792/2/24
f 787/2/25 800/2/25 796/2/25
f 799/2/26 794/2/26 790/2/26
f 801/7/9 803/7/9 808/7/9
f 804/7/10 806/7/10 803/7/10
f 810/7/11 812/7/11 806/7/11
f 809/7/12 808/7/12 812/7/12
f 807/7/13 809/7/13 820/7/13
f 822/7/14 824/7/14 811/7/14
f 821/7/15 820/7/15 824/7/15
f 819/7/16 821/7/16 814/7/16
f 816/7/17 818/7/17 823/7/17
f 815/7/18 814/7/18 818/7/18
f 813/7/19 815/7/19 802/7/19
f 805/7/20 804/7/20 817/7/20
f 819/7/21 813/7/21 801/7/21
f 806/7/22 812/7/22 808/7/22
f 817/7/23 804/7/23 802/7/23
f 810/7/24 805/7/24 816/7/24
f 811/7/25 824/7/25 820/7/25
f 823/7/26 818/7/26 814/7/26
f 825/6/9 827/6/9 832/6/9
f 828/6/10 830/6/10 827/6/10
f 834/6/11 836/6/11 830/6/11
f 833/6/12 832/6/12 836/6/12
f 831/6/13 833/6/13 844/6/13
f 846/6/14 848/6/14 835/6/14
f 845/6/15 844/6/15 848/6/15
f 843/6/16 845/6/16 838/6/16
f 840/6/17 842/6/17 847/6/17
f 839/6/18 838/6/18 842/6/18
f 837/6/19 839/6/19 826/6/19
f 829/6/20 828/6/20 841/6/20
f 843/6/21 837/6/21 825/6/21
f 830/6/22 836/6/22 832/6/22
f 841/6/23 828/6/23 826/6/23
f 834/6/24 829/6/24 840/6/24
f 835/6/25 848/6/25 844/6/25
f 847/6/26 842/6/26 838/6/26
f 849/6/9 851/6/9 856/6/9
f 852/6/10 854/6/10 851/6/10
f 858/6/11 860/6/11 854/6/11
f 857/6/12 856/6/12 860/6/12
f 855/6/13 857/6/13 868/6/13
f 870/6/14 872/6/14 859/6/14
f 869/6/15 868/6/15 872/6/15
f 867/6/16 869/6/16 862/6/16
f 864/6/17 866/6/17 871/6/17
f 863/6/18 862/6/18 866/6/18
f 861/6/19 863/6/19 850/6/19
f 853/6/20 852/6/20 865/6/20
f 867/6/21 861/6/21 849/6/21
f 854/6/22 860/6/22 856/6/22
f 865/6/23 852/6/23 850/6/23
f 858/6/24 853/6/24 864/6/24
f 859/6/25 872/6/25 868/6/25
f 871/6/26 866/6/26 862/6/26
f 873/2/9 875/2/9 880/2/9
f 876/2/10 878/2/10 875/2/10
f 882/2/11 884/2/11 878/2/11
f 881/2/12 880/2/12 884/2/12
f 879/2/13 881/2/13 892/2/13
f 894/2/14 896/2/14 883/2/14
f 893/2/15 892/2/15 896/2/15
f 891/2/16 893/2/16 886/2/16
f 888/2/17 890/2/17 895/2/17
f 887/2/18 886/2/18 890/2/18
f 885/2/19 887/2/19 874/2/19
f 877/2/20 876/2/20 889/2/20
f 891/2/21 885/2/21 873/2/21
f 878/2/22 884/2/22 880/2/22
f 889/2/23 876/2/23 874/2/23
f 882/2/24 877/2/24 888/2/24
f 883/2/25 896/2/25 892/2/25
f 895/2/26 890/2/26 886/2/26
f 897/2/9 899/2/9 904/2/9
f 900/2/10 902/2/10 899/2/10
f 906/2/11 908/2/11 902/2/11
f 905/2/12 904/2/12 908/2/12
f 903/2/13 905/2/13 916/2/13
f 918/2/14 920/2/14 907/2/14
f 917/2/15 916/2/15 920/2/15
f 915/2/16 917/2/16 910/2/16
f 912/2/17 914/2/17 919/2/17
f 911/2/18 910/2/18 914/2/18
f 909/2/19 911/2/19 898/2/19
f 901/2/20 900/2/20 913/2/20
f 915/2/21 909/2/21 897/2/21
f 902/2/22 908/2/22 904/2/22
f 913/2/23 900/2/23 898/2/23
f 906/2/24 901/2/24 912/2/24
f 907/2/25 920/2/25 916/2/25
f 919/2/26 914/2/26 910/2/26
f 921/7/9 923/7/9 928/7/9
f 924/7/10 926/7/10 923/7/10
f 930/7/11 932/7/11 926/7/11
f 929/7/12 928/7/12 932/7/12
f 927/7/13 929/7/13 940/7/13
f 942/7/14 944/7/14 931/7/14
f 941/7/15 940/7/15 944/7/15
f 939/7/16 941/7/16 934/7/16
f 936/7/17 938/7/17 943/7/17
f 935/7/18 934/7/18 938/7/18
f 933/7/19 935/7/19 922/7/19
f 925/7/20 924/7/20 937/7/20
f 939/7/21 933/7/21 921/7/21
f 926/7/22 932/7/22 928/7/22
f 937/7/23 924/7/23 922/7/23
f 930/7/24 925/7/24 936/7/24
f 931/7/25 944/7/25 940/7/25
f 943/7/26 938/7/26 934/7/26
f 945/6/9 947/6/9 952/6/9
f 948/6/10 950/6/10 947/6/10
f 954/6/11 956/6/11 950/6/11
f 953/6/12 952/6/12 956/6/12
f 951/6/13 953/6/13 964/6/13
f 966/6/14 968/6/14 955/6/14
f 965/6/15 964/6/15 968/6/15
f 963/6/16 965/6/16 958/6/16
f 960/6/17 962/6/17 967/6/17
f 959/6/18 958/6/18 962/6/18
f 957/6/19 959/6/19 946/6/19
f 949/6/20 948/6/20 961/6/20
f 963/6/21 957/6/21 945/6/21
f 950/6/22 956/6/22 952/6/22
f 961/6/23 948/6/23 946/6/23
f 954/6/24 949/6/24 960/6/24
f 955/6/25 968/6/25 964/6/25
f 967/6/26 962/6/26 958/6/26
f 969/6/9 971/6/9 976/6/9
f 972/6/10 974/6/10 971/6/10
f 978/6/11 980/6/11 974/6/11
f 977/6/12 976/6/12 980/6/12
f 975/6/13 977/6/13 988/6/13
f 990/6/14 992/6/14 979/6/14
f 989/6/15 988/6/15 992/6/15
f 987/6/16 989/6/16 982/6/16
f 984/6/17 986/6/17 991/6/17
f 983/6/18 982/6/18 986/6/18
f 981/6/19 983/6/19 970/6/19
f 973/6/20 972/6/20 985/6/20
f 987/6/21 981/6/21 969/6/21
f 974/6/22 980/6/22 976/6/22
f 985/6/23 972/6/23 970/6/23
f 978/6/24 973/6/24 984/6/24
f 979/6/25 992/6/25 988/6/25
f 991/6/26 986/6/26 982/6/26
f 993/3/9 995/3/9 1000/3/9
f 996/3/10 998/3/10 995/3/10
f 1002/3/11 1004/3/11 998/3/11
f 1001/3/12 1000/3/12 1004/3/12
f 999/3/13 1001/3/13 1012/3/13
f 1014/3/14 1016/3/14 1003/3/14
f 1013/3/15 1012/3/15 1016/3/15
f 1011/3/16 1013/3/16 1006/3/16
f 1008/3/17 1010/3/17 1015/3/17
f 1007/3/18 1006/3/18 1010/3/18
f 1005/3/19 1007/3/19 994/3/19
f 997/3/20 996/3/20 1009/3/20
f 1011/3/21 1005/3/21 993/3/21
f 998/3/22 1004/3/22 1000/3/22
f 1009/3/23 996/3/23 994/3/23
f 1002/3/24 997/3/24 1008/3/24
f 1003/3/25 1016/3/25 1012/3/25
f 1015/3/26 1010/3/26 1006/3/26
f 1018/6/108 1020/6/108 1019/6/108
f 1020/6/26 1022/6/26 1021/6/26
f 1022/6/109 1024/6/109 1023/6/109
f 1024/6/110 1026/6/110 1025/6/110
f 1022/6/23 1020/6/23 1026/6/23
f 1020/6/23 1018/6/23 1026/6/23
f 1018/6/23 1028/6/23 1026/6/23
f 1026/6/22 1028/6/22 1027/6/22
f 1028/6/111 1018/6/111 1017/6/111
f 1027/6/25 1017/6/25 1019/6/25
f 1019/6/25 1021/6/25 1023/6/25
f 1023/6/25 1025/6/25 1019/6/25
f 1030/6/108 1032/6/108 1031/6/108
f 1032/6/26 1034/6/26 1033/6/26
f 1034/6/109 1036/6/109 1035/6/109
f 1036/6/110 1038/6/110 1037/6/110
f 1034/6/23 1032/6/23 1038/6/23
f 1032/6/23 1030/6/23 1038/6/23
f 1030/6/23 1040/6/23 1038/6/23
f 1038/6/22 1040/6/22 1039/6/22
f 1040/6/111 1030/6/111 1029/6/111
f 1039/6/25 1029/6/25 1031/6/25
f 1031/6/25 1033/6/25 1035/6/25
f 1035/6/25 1037/6/25 1031/6/25
f 1042/6/108 1044/6/108 1043/6/108
f 1044/6/26 1046/6/26 1045/6/26
f 1046/6/109 1048/6/109 1047/6/109
f 1048/6/110 1050/6/110 1049/6/110
f 1046/6/23 1044/6/23 1050/6/23
f 1044/6/23 1042/6/23 1050/6/23
f 1042/6/23 1052/6/23 1050/6/23
f 1050/6/22 1052/6/22 1051/6/22
f 1052/6/111 1042/6/111 1041/6/111
f 1051/6/25 1041/6/25 1043/6/25
f 1043/6/25 1045/6/25 1047/6/25
f 1047/6/25 1049/6/25 1043/6/25
f 1054/6/108 1056/6/108 1055/6/108
f 1056/6/26 1058/6/26 1057/6/26
f 1058/6/109 1060/6/109 1059/6/109
f 1060/6/110 1062/6/110 1061/6/110
f 1058/6/23 1056/6/23 1062/6/23
f 1056/6/23 1054/6/23 1062/6/23
f 1054/6/23 1064/6/23 1062/6/23
f 1062/6/22 1064/6/22 1063/6/22
f 1064/6/111 1054/6/111 1053/6/111
f 1063/6/25 1053/6/25 1055/6/25
f 1055/6/25 1057/6/25 1059/6/25
f 1059/6/25 1061/6/25 1055/6/25
f 1065/1/9 1067/1/9 1072/1/9
f 1068/1/10 1070/1/10 1067/1/10
f 1074/1/11 1076/1/11 1070/1/11
f 1073/1/12 1072/1/12 1076/1/12
f 1071/1/13 1073/1/13 1084/1/13
f 1086/1/14 1088/1/14 1075/1/14
f 1085/1/15 1084/1/15 1088/1/15
f 1083/1/16 1085/1/16 1078/1/16
f 1080/1/17 1082/1/17 1087/1/17
f 1079/1/18 1078/1/18 1082/1/18
f 1077/1/19 1079/1/19 1066/1/19
f 1069/1/20 1068/1/20 1081/1/20
f 1083/1/21 1077/1/21 1065/1/21
f 1070/1/22 1076/1/22 1072/1/22
f 1081/1/23 1068/1/23 1066/1/23
f 1074/1/24 1069/1/24 1080/1/24
f 1075/1/25 1088/1/25 1084/1/25
f 1087/1/26 1082/1/26 1078/1/26
f 1089/6/9 1091/6/9 1096/6/9
f 1092/6/10 1094/6/10 1091/6/10
f 1098/6/11 1100/6/11 1094/6/11
f 1097/6/12 1096/6/12 1100/6/12
f 1095/6/13 1097/6/13 1108/6/13
f 1110/6/14 1112/6/14 1099/6/14
f 1109/6/15 1108/6/15 1112/6/15
f 1107/6/16 1109/6/16 1102/6/16
f 1104/6/17 1106/6/17 1111/6/17
f 1103/6/18 1102/6/18 1106/6/18
f 1101/6/19 1103/6/19 1090/6/19
f 1093/6/20 1092/6/20 1105/6/20
f 1107/6/21 1101/6/21 1089/6/21
f 1094/6/22 1100/6/22 1096/6/22
f 1105/6/23 1092/6/23 1090/6/23
f 1098/6/24 1093/6/24 1104/6/24
f 1099/6/25 1112/6/25 1108/6/25
f 1111/6/26 1106/6/26 1102/6/26
f 1113/6/9 1115/6/9 1120/6/9
f 1116/6/10 1118/6/10 1115/6/10
f 1122/6/11 1124/6/11 1118/6/11
f 1121/6/12 1120/6/12 1124/6/12
f 1119/6/13 1121/6/13 1132/6/13
f 1134/6/14 1136/6/14 1123/6/14
f 1133/6/15 1132/6/15 1136/6/15
f 1131/6/16 1133/6/16 1126/6/16
f 1128/6/17 1130/6/17 1135/6/17
f 1127/6/18 1126/6/18 1130/6/18
f 1125/6/19 1127/6/19 1114/6/19
f 1117/6/20 1116/6/20 1129/6/20
f 1131/6/21 1125/6/21 1113/6/21
f 1118/6/22 1124/6/22 1120/6/22
f 1129/6/23 1116/6/23 1114/6/23
f 1122/6/24 1117/6/24 1128/6/24
f 1123/6/25 1136/6/25 1132/6/25
f 1135/6/26 1130/6/26 1126/6/26
f 1137/2/9 1139/2/9 1144/2/9
f 1140/2/10 1142/2/10 1139/2/10
f 1146/2/11 1148/2/11 1142/2/11
f 1145/2/12 1144/2/12 1148/2/12
f 1143/2/13 1145/2/13 1156/2/13
f 1158/2/14 1160/2/14 1147/2/14
f 1157/2/15 1156/2/15 1160/2/15
f 1155/2/16 1157/2/16 1150/2/16
f 1152/2/17 1154/2/17 1159/2/17
f 1151/2/18 1150/2/18 1154/2/18
f 1149/2/19 1151/2/19 1138/2/19
f 1141/2/20 1140/2/20 1153/2/20
f 1155/2/21 1149/2/21 1137/2/21
f 1142/2/22 1148/2/22 1144/2/22
f 1153/2/23 1140/2/23 1138/2/23
f 1146/2/24 1141/2/24 1152/2/24
f 1147/2/25 1160/2/25 1156/2/25
f 1159/2/26 1154/2/26 1150/2/26
f 1161/2/9 1163/2/9 1168/2/9
f 1164/2/10 1166/2/10 1163/2/10
f 1170/2/11 1172/2/11 1166/2/11
f 1169/2/12 1168/2/12 1172/2/12
f 1167/2/13 1169/2/13 1180/2/13
f 1182/2/14 1184/2/14 1171/2/14
f 1181/2/15 1180/2/15 1184/2/15
f 1179/2/16 1181/2/16 1174/2/16
f 1176/2/17 1178/2/17 1183/2/17
f 1175/2/18 1174/2/18 1178/2/18
f 1173/2/19 1175/2/19 1162/2/19
f 1165/2/20 1164/2/20 1177/2/20
f 1179/2/21 1173/2/21 1161/2/21
f 1166/2/22 1172/2/22 1168/2/22
f 1177/2/23 1164/2/23 1162/2/23
f 1170/2/24 1165/2/24 1176/2/24
f 1171/2/25 1184/2/25 1180/2/25
f 1183/2/26 1178/2/26 1174/2/26
f 1185/7/9 1187/7/9 1192/7/9
f 1188/7/10 1190/7/10 1187/7/10
f 1194/7/11 1196/7/11 1190/7/11
f 1193/7/12 1192/7/12 1196/7/12
f 1191/7/13 1193/7/13 1204/7/13
f 1206/7/14 1208/7/14 1195/7/14
f 1205/7/15 1204/7/15 1208/7/15
f 1203/7/16 1205/7/16 1198/7/16
f 1200/7/17 1202/7/17 1207/7/17
f 1199/7/18 1198/7/18 1202/7/18
f 1197/7/19 1199/7/19 1186/7/19
f 1189/7/20 1188/7/20 1201/7/20
f 1203/7/21 1197/7/21 1185/7/21
f 1190/7/22 1196/7/22 1192/7/22
f 1201/7/23 1188/7/23 1186/7/23
f 1194/7/24 1189/7/24 1200/7/24
f 1195/7/25 1208/7/25 1204/7/25
f 1207/7/26 1202/7/26 1198/7/26
f 1209/6/9 1211/6/9 1216/6/9
f 1212/6/10 1214/6/10 1211/6/10
f 1218/6/11 1220/6/11 1214/6/11
f 1217/6/12 1216/6/12 1220/6/12
f 1215/6/13 1217/6/13 1228/6/13
f 1230/6/14 1232/6/14 1219/6/14
f 1229/6/15 1228/6/15 1232/6/15
f 1227/6/16 1229/6/16 1222/6/16
f 1224/6/17 1226/6/17 1231/6/17
f 1223/6/18 1222/6/18 1226/6/18
f 1221/6/19 1223/6/19 1210/6/19
f 1213/6/20 1212/6/20 1225/6/20
f 1227/6/21 1221/6/21 1209/6/21
f 1214/6/22 1220/6/22 1216/6/22
f 1225/6/23 1212/6/23 1210/6/23
f 1218/6/24 1213/6/24 1224/6/24
f 1219/6/25 1232/6/25 1228/6/25
f 1231/6/26 1226/6/26 1222/6/26
f 1233/6/9 1235/6/9 1240/6/9
f 1236/6/10 1238/6/10 1235/6/10
f 1242/6/11 1244/6/11 1238/6/11
f 1241/6/12 1240/6/12 1244/6/12
f 1239/6/13 1241/6/13 1252/6/13
f 1254/6/14 1256/6/14 1243/6/14
f 1253/6/15 1252/6/15 1256/6/15
f 1251/6/16 1253/6/16 1246/6/16
f 1248/6/17 1250/6/17 1255/6/17
f 1247/6/18 1246/6/18 1250/6/18
f 1245/6/19 1247/6/19 1234/6/19
f 1237/6/20 1236/6/20 1249/6/20
f 1251/6/21 1245/6/21 1233/6/21
f 1238/6/22 1244/6/22 1240/6/22
f 1249/6/23 1236/6/23 1234/6/23
f 1242/6/24 1237/6/24 1248/6/24
f 1243/6/25 1256/6/25 1252/6/25
f 1255/6/26 1250/6/26 1246/6/26
f 1257/2/9 1259/2/9 1264/2/9
f 1260/2/10 1262/2/10 1259/2/10
f 1266/2/11 1268/2/11 1262/2/11
f 1265/2/12 1264/2/12 1268/2/12
f 1263/2/13 1265/2/13 1276/2/13
f 1278/2/14 1280/2/14 1267/2/14
f 1277/2/15 1276/2/15 1280/2/15
f 1275/2/16 1277/2/16 1270/2/16
f 1272/2/17 1274/2/17 1279/2/17
f 1271/2/18 1270/2/18 1274/2/18
f 1269/2/19 1271/2/19 1258/2/19
f 1261/2/20 1260/2/20 1273/2/20
f 1275/2/21 1269/2/21 1257/2/21
f 1262/2/22 1268/2/22 1264/2/22
f 1273/2/23 1260/2/23 1258/2/23
f 1266/2/24 1261/2/24 1272/2/24
f 1267/2/25 1280/2/25 1276/2/25
f 1279/2/26 1274/2/26 1270/2/26
f 1281/2/9 1283/2/9 1288/2/9
f 1284/2/10 1286/2/10 1283/2/10
f 1290/2/11 1292/2/11 1286/2/11
f 1289/2/12 1288/2/12 1292/2/12
f 1287/2/13 1289/2/13 1300/2/13
f 1302/2/14 1304/2/14 1291/2/14
f 1301/2/15 1300/2/15 1304/2/15
f 1299/2/16 1301/2/16 1294/2/16
f 1296/2/17 1298/2/17 1303/2/17
f 1295/2/18 1294/2/18 1298/2/18
f 1293/2/19 1295/2/19 1282/2/19
f 1285/2/20 1284/2/20 1297/2/20
f 1299/2/21 1293/2/21 1281/2/21
f 1286/2/22 1292/2/22 1288/2/22
f 1297/2/23 1284/2/23 1282/2/23
f 1290/2/24 1285/2/24 1296/2/24
f 1291/2/25 1304/2/25 1300/2/25
f 1303/2/26 1298/2/26 1294/2/26
f 1305/7/9 1307/7/9 1312/7/9
f 1308/7/10 1310/7/10 1307/7/10
f 1314/7/11 1316/7/11 1310/7/11
f 1313/7/12 1312/7/12 1316/7/12
f 1311/7/13 1313/7/13 1324/7/13
f 1326/7/14 1328/7/14 1315/7/14
f 1325/7/15 1324/7/15 1328/7/15
f 1323/7/16 1325/7/16 1318/7/16
f 1320/7/17 1322/7/17 1327/7/17
f 1319/7/18 1318/7/18 1322/7/18
f 1317/7/19 1319/7/19 1306/7/19
f 1309/7/20 1308/7/20 1321/7/20
f 1323/7/21 1317/7/21 1305/7/21
f 1310/7/22 1316/7/22 1312/7/22
f 1321/7/23 1308/7/23 1306/7/23
f 1314/7/24 1309/7/24 1320/7/24
f 1315/7/25 1328/7/25 1324/7/25
f 1327/7/26 1322/7/26 1318/7/26
f 1329/6/9 1331/6/9 1336/6/9
f 1332/6/10 1334/6/10 1331/6/10
f 1338/6/11 1340/6/11 1334/6/11
f 1337/6/12 1336/6/12 1340/6/12
f 1335/6/13 1337/6/13 1348/6/13
f 1350/6/14 1352/6/14 1339/6/14
f 1349/6/15 1348/6/15 1352/6/15
f 1347/6/16 1349/6/16 1342/6/16
f 1344/6/17 1346/6/17 1351/6/17
f 1343/6/18 1342/6/18 1346/6/18
f 1341/6/19 1343/6/19 1330/6/19
f 1333/6/20 1332/6/20 1345/6/20
f 1347/6/21 1341/6/21 1329/6/21
f 1334/6/22 1340/6/22 1336/6/22
f 1345/6/23 1332/6/23 1330/6/23
f 1338/6/24 1333/6/24 1344/6/24
f 1339/6/25 1352/6/25 1348/6/25
f 1351/6/26 1346/6/26 1342/6/26
f 1353/6/9 1355/6/9 1360/6/9
f 1356/6/10 1358/6/10 1355/6/10
f 1362/6/11 1364/6/11 1358/6/11
f 1361/6/12 1360/6/12 1364/6/12
f 1359/6/13 1361/6/13 1372/6/13
f 1374/6/14 1376/6/14 1363/6/14
f 1373/6/15 1372/6/15 1376/6/15
f 1371/6/16 1373/6/16 1366/6/16
f 1368/6/17 1370/6/17 1375/6/17
f 1367/6/18 1366/6/18 1370/6/18
f 1365/6/19 1367/6/19 1354/6/19
f 1357/6/20 1356/6/20 1369/6/20
f 1371/6/21 1365/6/21 1353/6/21
f 1358/6/22 1364/6/22 1360/6/22
f 1369/6/23 1356/6/23 1354/6/23
f 1362/6/24 1357/6/24 1368/6/24
f 1363/6/25 1376/6/25 1372/6/25
f 1375/6/26 1370/6/26 1366/6/26
f 1377/3/9 1379/3/9 1384/3/9
f 1380/3/10 1382/3/10 1379/3/10
f 1386/3/11 1388/3/11 1382/3/11
f 1385/3/12 1384/3/12 1388/3/12
f 1383/3/13 1385/3/13 1396/3/13
f 1398/3/14 1400/3/14 1387/3/14
f 1397/3/15 1396/3/15 1400/3/15
f 1395/3/16 1397/3/16 1390/3/16
f 1392/3/17 1394/3/17 1399/3/17
f 1391/3/18 1390/3/18 1394/3/18
f 1389/3/19 1391/3/19 1378/3/19
f 1381/3/20 1380/3/20 1393/3/20
f 1395/3/21 1389/3/21 1377/3/21
f 1382/3/22 1388/3/22 1384/3/22
f 1393/3/23 1380/3/23 1378/3/23
f 1386/3/24 1381/3/24 1392/3/24
f 1387/3/25 1400/3/25 1396/3/25
f 1399/3/26 1394/3/26 1390/3/26
f 1402/6/108 1404/6/108 1403/6/108
f 1404/6/26 1406/6/26 1405/6/26
f 1406/6/109 1408/6/109 1407/6/109
f 1408/6/110 1410/6/110 1409/6/110
f 1406/6/23 1404/6/23 1410/6/23
f 1404/6/23 1402/6/23 1410/6/23
f 1402/6/23 1412/6/23 1410/6/23
f 1410/6/22 1412/6/22 1411/6/22
f 1412/6/111 1402/6/111 1401/6/111
f 1411/6/25 1401/6/25 1403/6/25
f 1403/6/25 1405/6/25 1407/6/25
f 1407/6/25 1409/6/25 1403/6/25
f 1414/6/108 1416/6/108 1415/6/108
f 1416/6/26 1418/6/26 1417/6/26
f 1418/6/109 1420/6/109 1419/6/109
f 1420/6/110 1422/6/110 1421/6/110
f 1418/6/23 1416/6/23 1422/6/23
f 1416/6/23 1414/6/23 1422/6/23
f 1414/6/23 1424/6/23 1422/6/23
f 1422/6/22 1424/6/22 1423/6/22
f 1424/6/111 1414/6/111 1413/6/111
f 1423/6/25 1413/6/25 1415/6/25
f 1415/6/25 1417/6/25 1419/6/25
f 1419/6/25 1421/6/25 1415/6/25
f 1426/6/108 1428/6/108 1427/6/108
f 1428/6/26 1430/6/26 1429/6/26
f 1430/6/109 1432/6/109 1431/6/109
f 1432/6/110 1434/6/110 1433/6/110
f 1430/6/23 1428/6/23 1434/6/23
f 1428/6/23 1426/6/23 1434/6/23
f 1426/6/23 1436/6/23 1434/6/23
f 1434/6/22 1436/6/22 1435/6/22
f 1436/6/111 1426/6/111 1425/6/111
f 1435/6/25 1425/6/25 1427/6/25
f 1427/6/25 1429/6/25 1431/6/25
f 1431/6/25 1433/6/25 1427/6/25
f 1438/6/108 1440/6/108 1439/6/108
f 1440/6/26 1442/6/26 1441/6/26
f 1442/6/109 1444/6/109 1443/6/109
f 1444/6/110 1446/6/110 1445/6/110
f 1442/6/23 1440/6/23 1446/6/23
f 1440/6/23 1438/6/23 1446/6/23
f 1438/6/23 1448/6/23 1446/6/23
f 1446/6/22 1448/6/22 1447/6/22
f 1448/6/111 1438/6/111 1437/6/111
f 1447/6/25 1437/6/25 1439/6/25
f 1439/6/25 1441/6/25 1443/6/25
f 1443/6/25 1445/6/25 1439/6/25
f 1449/1/9 1451/1/9 1456/1/9
f 1452/1/10 1454/1/10 1451/1/10
f 1458/1/11 1460/1/11 1454/1/11
f 1457/1/12 1456/1/12 1460/1/12
f 1455/1/13 1457/1/13 1468/1/13
f 1470/1/14 1472/1/14 1459/1/14
f 1469/1/15 1468/1/15 1472/1/15
f 1467/1/16 1469/1/16 1462/1/16
f 1464/1/17 1466/1/17 1471/1/17
f 1463/1/18 1462/1/18 1466/1/18
f 1461/1/19 1463/1/19 1450/1/19
f 1453/1/20 1452/1/20 1465/1/20
f 1467/1/21 1461/1/21 1449/1/21
f 1454/1/22 1460/1/22 1456/1/22
f 1465/1/23 1452/1/23 1450/1/23
f 1458/1/24 1453/1/24 1464/1/24
f 1459/1/25 1472/1/25 1468/1/25
f 1471/1/26 1466/1/26 1462/1/26
f 1473/6/9 1475/6/9 1480/6/9
f 1476/6/10 1478/6/10 1475/6/10
f 1482/6/11 1484/6/11 1478/6/11
f 1481/6/12 1480/6/12 1484/6/12
f 1479/6/13 1481/6/13 1492/6/13
f 1494/6/14 1496/6/14 1483/6/14
f 1493/6/15 1492/6/15 1496/6/15
f 1491/6/16 1493/6/16 1486/6/16
f 1488/6/17 1490/6/17 1495/6/17
f 1487/6/18 1486/6/18 1490/6/18
f 1485/6/19 1487/6/19 1474/6/19
f 1477/6/20 1476/6/20 1489/6/20
f 1491/6/21 1485/6/21 1473/6/21
f 1478/6/22 1484/6/22 1480/6/22
f 1489/6/23 1476/6/23 1474/6/23
f 1482/6/24 1477/6/24 1488/6/24
f 1483/6/25 1496/6/25 1492/6/25
f 1495/6/26 1490/6/26 1486/6/26
f 1497/6/9 1499/6/9 1504/6/9
f 1500/6/10 1502/6/10 1499/6/10
f 1506/6/11 1508/6/11 1502/6/11
f 1505/6/12 1504/6/12 1508/6/12
f 1503/6/13 1505/6/13 1516/6/13
f 1518/6/14 1520/6/14 1507/6/14
f 1517/6/15 1516/6/15 1520/6/15
f 1515/6/16 1517/6/16 1510/6/16
f 1512/6/17 1514/6/17 1519/6/17
f 1511/6/18 1510/6/18 1514/6/18
f 1509/6/19 1511/6/19 1498/6/19
f 1501/6/20 1500/6/20 1513/6/20
f 1515/6/21 1509/6/21 1497/6/21
f 1502/6/22 1508/6/22 1504/6/22
f 1513/6/23 1500/6/23 1498/6/23
f 1506/6/24 1501/6/24 1512/6/24
f 1507/6/25 1520/6/25 1516/6/25
f 1519/6/26 1514/6/26 1510/6/26
f 1521/2/9 1523/2/9 1528/2/9
f 1524/2/10 1526/2/10 1523/2/10
f 1530/2/11 1532/2/11 1526/2/11
f 1529/2/12 1528/2/12 1532/2/12
f 1527/2/13 1529/2/13 1540/2/13
f 1542/2/14 1544/2/14 1531/2/14
f 1541/2/15 1540/2/15 1544/2/15
f 1539/2/16 1541/2/16 1534/2/16
f 1536/2/17 1538/2/17 1543/2/17
f 1535/2/18 1534/2/18 1538/2/18
f 1533/2/19 1535/2/19 1522/2/19
f 1525/2/20 1524/2/20 1537/2/20
f 1539/2/21 1533/2/21 1521/2/21
f 1526/2/22 1532/2/22 1528/2/22
f 1537/2/23 1524/2/23 1522/2/23
f 1530/2/24 1525/2/24 1536/2/24
f 1531/2/25 1544/2/25 1540/2/25
f 1543/2/26 1538/2/26 1534/2/26
f 1545/2/9 1547/2/9 1552/2/9
f 1548/2/10 1550/2/10 1547/2/10
f 1554/2/11 1556/2/11 1550/2/11
f 1553/2/12 1552/2/12 1556/2/12
f 1551/2/13 1553/2/13 1564/2/13
f 1566/2/14 1568/2/14 1555/2/14
f 1565/2/15 1564/2/15 1568/2/15
f 1563/2/16 1565/2/16 1558/2/16
f 1560/2/17 1562/2/17 1567/2/17
f 1559/2/18 1558/2/18 1562/2/18
f 1557/2/19 1559/2/19 1546/2/19
f 1549/2/20 1548/2/20 1561/2/20
f 1563/2/21 1557/2/21 1545/2/21
f 1550/2/22 1556/2/22 1552/2/22
f 1561/2/23 1548/2/23 1546/2/23
f 1554/2/24 1549/2/24 1560/2/24
f 1555/2/25 1568/2/25 1564/2/25
f 1567/2/26 1562/2/26 1558/2/26
f 1569/7/9 1571/7/9 1576/7/9
f 1572/7/10 1574/7/10 1571/7/10
f 1578/7/11 1580/7/11 1574/7/11
f 1577/7/12 1576/7/12 1580/7/12
f 1575/7/13 1577/7/13 1588/7/13
f 1590/7/14 1592/7/14 1579/7/14
f 1589/7/15 1588/7/15 1592/7/15
f 1587/7/16 1589/7/16 1582/7/16
f 1584/7/17 1586/7/17 1591/7/17
f 1583/7/18 1582/7/18 1586/7/18
f 1581/7/19 1583/7/19 1570/7/19
f 1573/7/20 1572/7/20 1585/7/20
f 1587/7/21 1581/7/21 1569/7/21
f 1574/7/22 1580/7/22 1576/7/22
f 1585/7/23 1572/7/23 1570/7/23
f 1578/7/24 1573/7/24 1584/7/24
f 1579/7/25 1592/7/25 1588/7/25
f 1591/7/26 1586/7/26 1582/7/26
f 1593/6/9 1595/6/9 1600/6/9
f 1596/6/10 1598/6/10 1595/6/10
f 1602/6/11 1604/6/11 1598/6/11
f 1601/6/12 1600/6/12 1604/6/12
f 1599/6/13 1601/6/13 1612/6/13
f 1614/6/14 1616/6/14 1603/6/14
f 1613/6/15 1612/6/15 1616/6/15
f 1611/6/16 1613/6/16 1606/6/16
f 1608/6/17 1610/6/17 1615/6/17
f 1607/6/18 1606/6/18 1610/6/18
f 1605/6/19 1607/6/19 1594/6/19
f 1597/6/20 1596/6/20 1609/6/20
f 1611/6/21 1605/6/21 1593/6/21
f 1598/6/22 1604/6/22 1600/6/22
f 1609/6/23 1596/6/23 1594/6/23
f 1602/6/24 1597/6/24 1608/6/24
f 1603/6/25 1616/6/25 1612/6/25
f 1615/6/26 1610/6/26 1606/6/26
f 1617/6/9 1619/6/9 1624/6/9
f 1620/6/10 1622/6/10 1619/6/10
f 1626/6/11 1628/6/11 1622/6/11
f 1625/6/12 1624/6/12 1628/6/12
f 1623/6/13 1625/6/13 1636/6/13
f 1638/6/14 1640/6/14 1627/6/14
f 1637/6/15 1636/6/15 1640/6/15
f 1635/6/16 1637/6/16 1630/6/16
f 1632/6/17 1634/6/17 1639/6/17
f 1631/6/18 1630/6/18 1634/6/18
f 1629/6/19 1631/6/19 1618/6/19
f 1621/6/20 1620/6/20 1633/6/20
f 1635/6/21 1629/6/21 1617/6/21
f 1622/6/22 1628/6/22 1624/6/22
f 1633/6/23 1620/6/23 1618/6/23
f 1626/6/24 1621/6/24 1632/6/24
f 1627/6/25 1640/6/25 1636/6/25
f 1639/6/26 1634/6/26 1630/6/26
f 1641/2/9 1643/2/9 1648/2/9
f 1644/2/10 1646/2/10 1643/2/10
f 1650/2/11 1652/2/11 1646/2/11
f 1649/2/12 1648/2/12 1652/2/12
f 1647/2/13 1649/2/13 1660/2/13
f 1662/2/14 1664/2/14 1651/2/14
f 1661/2/15 1660/2/15 1664/2/15
f 1659/2/16 1661/2/16 1654/2/16
f 1656/2/17 1658/2/17 1663/2/17
f 1655/2/18 1654/2/18 1658/2/18
f 1653/2/19 1655/2/19 1642/2/19
f 1645/2/20 1644/2/20 1657/2/20
f 1659/2/21 1653/2/21 1641/2/21
f 1646/2/22 1652/2/22 1648/2/22
f 1657/2/23 1644/2/23 1642/2/23
f 1650/2/24 1645/2/24 1656/2/24
f 1651/2/25 1664/2/25 1660/2/25
f 1663/2/26 1658/2/26 1654/2/26
f 1665/2/9 1667/2/9 1672/2/9
f 1668/2/10 1670/2/10 1667/2/10
f 1674/2/11 1676/2/11 1670/2/11
f 1673/2/12 1672/2/12 1676/2/12
f 1671/2/13 1673/2/13 1684/2/13
f 1686/2/14 1688/2/14 1675/2/14
f 1685/2/15 1684/2/15 1688/2/15
f 1683/2/16 1685/2/16 1678/2/16
f 1680/2/17 1682/2/17 1687/2/17
f 1679/2/18 1678/2/18 1682/2/18
f 1677/2/19 1679/2/19 1666/2/19
f 1669/2/20 1668/2/20 1681/2/20
f 1683/2/21 1677/2/21 1665/2/21
f 1670/2/22 1676/2/22 1672/2/22
f 1681/2/23 1668/2/23 1666/2/23
f 1674/2/24 1669/2/24 1680/2/24
f 1675/2/25 1688/2/25 1684/2/25
f 1687/2/26 1682/2/26 1678/2/26
f 1689/7/9 1691/7/9 1696/7/9
f 1692/7/10 1694/7/10 1691/7/10
f 1698/7/11 1700/7/11 1694/7/11
f 1697/7/12 1696/7/12 1700/7/12
f 1695/7/13 1697/7/13 1708/7/13
f 1710/7/14 1712/7/14 1699/7/14
f 1709/7/15 1708/7/15 1712/7/15
f 1707/7/16 1709/7/16 1702/7/16
f 1704/7/17 1706/7/17 1711/7/17
f 1703/7/18 1702/7/18 1706/7/18
f 1701/7/19 1703/7/19 1690/7/19
f 1693/7/20 1692/7/20 1705/7/20
f 1707/7/21 1701/7/21 1689/7/21
f 1694/7/22 1700/7/22 1696/7/22
f 1705/7/23 1692/7/23 1690/7/23
f 1698/7/24 1693/7/24 1704/7/24
f 1699/7/25 1712/7/25 1708/7/25
f 1711/7/26 1706/7/26 1702/7/26
f 1713/6/9 1715/6/9 1720/6/9
f 1716/6/10 1718/6/10 1715/6/10
f 1722/6/11 1724/6/11 1718/6/11
f 1721/6/12 1720/6/12 1724/6/12
f 1719/6/13 1721/6/13 1732/6/13
f 1734/6/14 1736/6/14 1723/6/14
f 1733/6/15 1732/6/15 1736/6/15
f 1731/6/16 1733/6/16 1726/6/16
f 1728/6/17 1730/6/17 1735/6/17
f 1727/6/18 1726/6/18 1730/6/18
f 1725/6/19 1727/6/19 1714/6/19
f 1717/6/20 1716/6/20 1729/6/20
f 1731/6/21 1725/6/21 1713/6/21
f 1718/6/22 1724/6/22 1720/6/22
f 1729/6/23 1716/6/23 1714/6/23
f 1722/6/24 1717/6/24 1728/6/24
f 1723/6/25 1736/6/25 1732/6/25
f 1735/6/26 1730/6/26 1726/6/26
f 1737/6/9 1739/6/9 1744/6/9
f 1740/6/10 1742/6/10 1739/6/10
f 1746/6/11 1748/6/11 1742/6/11
f 1745/6/12 1744/6/12 1748/6/12
f 1743/6/13 1745/6/13 1756/6/13
f 1758/6/14 1760/6/14 1747/6/14
f 1757/6/15 1756/6/15 1760/6/15
f 1755/6/16 1757/6/16 1750/6/16
f 1752/6/17 1754/6/17 1759/6/17
f 1751/6/18 1750/6/18 1754/6/18
f 1749/6/19 1751/6/19 1738/6/19
f 1741/6/20 1740/6/20 1753/6/20
f 1755/6/21 1749/6/21 1737/6/21
f 1742/6/22 1748/6/22 1744/6/22
f 1753/6/23 1740/6/23 1738/6/23
f 1746/6/24 1741/6/24 1752/6/24
f 1747/6/25 1760/6/25 1756/6/25
f 1759/6/26 1754/6/26 1750/6/26
f 1761/3/9 1763/3/9 1768/3/9
f 1764/3/10 1766/3/10 1763/3/10
f 1770/3/11 1772/3/11 1766/3/11
f 1769/3/12 1768/3/12 1772/3/12
f 1767/3/13 1769/3/13 1780/3/13
f 1782/3/14 1784/3/14 1771/3/14
f 1781/3/15 1780/3/15 1784/3/15
f 1779/3/16 1781/3/16 1774/3/16
f 1776/3/17 1778/3/17 1783/3/17
f 1775/3/18 1774/3/18 1778/3/18
f 1773/3/19 1775/3/19 1762/3/19
f 1765/3/20 1764/3/20 1777/3/20
f 1779/3/21 1773/3/21 1761/3/21
f 1766/3/22 1772/3/22 1768/3/22
f 1777/3/23 1764/3/23 1762/3/23
f 1770/3/24 1765/3/24 1776/3/24
f 1771/3/25 1784/3/25 1780/3/25
f 1783/3/26 1778/3/26 1774/3/26
f 1786/6/108 1788/6/108 1787/6/108
f 1788/6/26 1790/6/26 1789/6/26
f 1790/6/109 1792/6/109 1791/6/109
f 1792/6/110 1794/6/110 1793/6/110
f 1790/6/23 1788/6/23 1794/6/23
f 1788/6/23 1786/6/23 1794/6/23
f 1786/6/23 1796/6/23 1794/6/23
f 1794/6/22 1796/6/22 1795/6/22
f 1796/6/111 1786/6/111 1785/6/111
f 1795/6/25 1785/6/25 1787/6/25
f 1787/6/25 1789/6/25 1791/6/25
f 1791/6/25 1793/6/25 1787/6/25
f 1798/6/108 1800/6/108 1799/6/108
f 1800/6/26 1802/6/26 1801/6/26
f 1802/6/109 1804/6/109 1803/6/109
f 1804/6/110 1806/6/110 1805/6/110
f 1802/6/23 1800/6/23 1806/6/23
f 1800/6/23 1798/6/23 1806/6/23
f 1798/6/23 1808/6/23 1806/6/23
f 1806/6/22 1808/6/22 1807/6/22
f 1808/6/111 1798/6/111 1797/6/111
f 1807/6/25 1797/6/25 1799/6/25
f 1799/6/25 1801/6/25 1803/6/25
f 1803/6/25 1805/6/25 1799/6/25
f 1810/6/108 1812/6/108 1811/6/108
f 1812/6/26 1814/6/26 1813/6/26
f 1814/6/109 1816/6/109 1815/6/109
f 1816/6/110 1818/6/110 1817/6/110
f 1814/6/23 1812/6/23 1810/6/23
f 1810/6/23 1820/6/23 1818/6/23
f 1818/6/23 1816/6/23 1814/6/23
f 1818/6/22 1820/6/22 1819/6/22
f 1820/6/111 1810/6/111 1809/6/111
f 1819/6/25 1809/6/25 1811/6/25
f 1811/6/25 1813/6/25 1815/6/25
f 1815/6/25 1817/6/25 1819/6/25
f 1822/6/108 1824/6/108 1823/6/108
f 1824/6/26 1826/6/26 1825/6/26
f 1826/6/109 1828/6/109 1827/6/109
f 1828/6/110 1830/6/110 1829/6/110
f 1826/6/23 1824/6/23 1830/6/23
f 1824/6/23 1822/6/23 1830/6/23
f 1822/6/23 1832/6/23 1830/6/23
f 1830/6/22 1832/6/22 1831/6/22
f 1832/6/111 1822/6/111 1821/6/111
f 1831/6/25 1821/6/25 1823/6/25
f 1823/6/25 1825/6/25 1827/6/25
f 1827/6/25 1829/6/25 1823/6/25
f 1833/1/9 1835/1/9 1840/1/9
f 1836/1/10 1838/1/10 1835/1/10
f 1842/1/11 1844/1/11 1838/1/11
f 1841/1/12 1840/1/12 1844/1/12
f 1839/1/13 1841/1/13 1852/1/13
f 1854/1/14 1856/1/14 1843/1/14
f 1853/1/15 1852/1/15 1856/1/15
f 1851/1/16 1853/1/16 1846/1/16
f 1848/1/17 1850/1/17 1855/1/17
f 1847/1/18 1846/1/18 1850/1/18
f 1845/1/19 1847/1/19 1834/1/19
f 1837/1/20 1836/1/20 1849/1/20
f 1851/1/21 1845/1/21 1833/1/21
f 1838/1/22 1844/1/22 1840/1/22
f 1849/1/23 1836/1/23 1834/1/23
f 1842/1/24 1837/1/24 1848/1/24
f 1843/1/25 1856/1/25 1852/1/25
f 1855/1/26 1850/1/26 1846/1/26
