# Blender 5.2.1 LTS
# www.blender.org
mtllib well.mtl
o well
v -0.175000 0.055000 0.895000
v -0.175000 0.080000 0.920000
v -0.200000 0.080000 0.895000
v -0.175000 0.260000 0.920000
v -0.175000 0.285000 0.895000
v -0.200000 0.260000 0.895000
v -0.175000 0.055000 0.665000
v -0.200000 0.080000 0.665000
v -0.175000 0.080000 0.640000
v -0.175000 0.285000 0.665000
v -0.175000 0.260000 0.640000
v -0.200000 0.260000 0.665000
v 0.175000 0.055000 0.895000
v 0.200000 0.080000 0.895000
v 0.175000 0.080000 0.920000
v 0.175000 0.285000 0.895000
v 0.175000 0.260000 0.920000
v 0.200000 0.260000 0.895000
v 0.175000 0.055000 0.665000
v 0.175000 0.080000 0.640000
v 0.200000 0.080000 0.665000
v 0.175000 0.285000 0.665000
v 0.200000 0.260000 0.665000
v 0.175000 0.260000 0.640000
v 0.180946 0.055000 0.687593
v 0.168446 0.080000 0.709243
v 0.159295 0.080000 0.675093
v 0.168446 0.260000 0.709243
v 0.180946 0.285000 0.687593
v 0.159295 0.260000 0.675093
v 0.295946 0.055000 0.488407
v 0.274295 0.080000 0.475907
v 0.308446 0.080000 0.466756
v 0.295946 0.285000 0.488407
v 0.308446 0.260000 0.466756
v 0.274295 0.260000 0.475907
v 0.484054 0.055000 0.862593
v 0.505705 0.080000 0.875093
v 0.471554 0.080000 0.884243
v 0.484054 0.285000 0.862593
v 0.471554 0.260000 0.884243
v 0.505705 0.260000 0.875093
v 0.599054 0.055000 0.663407
v 0.611554 0.080000 0.641756
v 0.620705 0.080000 0.675907
v 0.599054 0.285000 0.663407
v 0.620705 0.260000 0.675907
v 0.611554 0.260000 0.641756
v 0.488407 0.055000 0.295946
v 0.466756 0.080000 0.308446
v 0.475907 0.080000 0.274295
v 0.466756 0.260000 0.308446
v 0.488407 0.285000 0.295946
v 0.475907 0.260000 0.274295
v 0.687593 0.055000 0.180946
v 0.675093 0.080000 0.159295
v 0.709243 0.080000 0.168446
v 0.687593 0.285000 0.180946
v 0.709243 0.260000 0.168446
v 0.675093 0.260000 0.159295
v 0.663407 0.055000 0.599054
v 0.675907 0.080000 0.620705
v 0.641756 0.080000 0.611554
v 0.663407 0.285000 0.599054
v 0.641756 0.260000 0.611554
v 0.675907 0.260000 0.620705
v 0.862593 0.055000 0.484054
v 0.884243 0.080000 0.471554
v 0.875093 0.080000 0.505705
v 0.862593 0.285000 0.484054
v 0.875093 0.260000 0.505705
v 0.884243 0.260000 0.471554
v 0.665000 0.055000 -0.175000
v 0.640000 0.080000 -0.175000
v 0.665000 0.080000 -0.200000
v 0.640000 0.260000 -0.175000
v 0.665000 0.285000 -0.175000
v 0.665000 0.260000 -0.200000
v 0.895000 0.055000 -0.175000
v 0.895000 0.080000 -0.200000
v 0.920000 0.080000 -0.175000
v 0.895000 0.285000 -0.175000
v 0.920000 0.260000 -0.175000
v 0.895000 0.260000 -0.200000
v 0.665000 0.055000 0.175000
v 0.665000 0.080000 0.200000
v 0.640000 0.080000 0.175000
v 0.665000 0.285000 0.175000
v 0.640000 0.260000 0.175000
v 0.665000 0.260000 0.200000
v 0.895000 0.055000 0.175000
v 0.920000 0.080000 0.175000
v 0.895000 0.080000 0.200000
v 0.895000 0.285000 0.175000
v 0.895000 0.260000 0.200000
v 0.920000 0.260000 0.175000
v 0.663407 0.055000 -0.599054
v 0.641756 0.080000 -0.611554
v 0.675907 0.080000 -0.620705
v 0.641756 0.260000 -0.611554
v 0.663407 0.285000 -0.599054
v 0.675907 0.260000 -0.620705
v 0.862593 0.055000 -0.484054
v 0.875093 0.080000 -0.505705
v 0.884243 0.080000 -0.471554
v 0.862593 0.285000 -0.484054
v 0.884243 0.260000 -0.471554
v 0.875093 0.260000 -0.505705
v 0.488407 0.055000 -0.295946
v 0.475907 0.080000 -0.274295
v 0.466756 0.080000 -0.308446
v 0.488407 0.285000 -0.295946
v 0.466756 0.260000 -0.308446
v 0.475907 0.260000 -0.274295
v 0.687593 0.055000 -0.180946
v 0.709243 0.080000 -0.168446
v 0.675093 0.080000 -0.159295
v 0.687593 0.285000 -0.180946
v 0.675093 0.260000 -0.159295
v 0.709243 0.260000 -0.168446
v 0.484054 0.055000 -0.862593
v 0.471554 0.080000 -0.884243
v 0.505705 0.080000 -0.875093
v 0.471554 0.260000 -0.884243
v 0.484054 0.285000 -0.862593
v 0.505705 0.260000 -0.875093
v 0.599054 0.055000 -0.663407
v 0.620705 0.080000 -0.675907
v 0.611554 0.080000 -0.641756
v 0.599054 0.285000 -0.663407
v 0.611554 0.260000 -0.641756
v 0.620705 0.260000 -0.675907
v 0.180946 0.055000 -0.687593
v 0.159295 0.080000 -0.675093
v 0.168446 0.080000 -0.709243
v 0.180946 0.285000 -0.687593
v 0.168446 0.260000 -0.709243
v 0.159295 0.260000 -0.675093
v 0.295946 0.055000 -0.488407
v 0.308446 0.080000 -0.466756
v 0.274295 0.080000 -0.475907
v 0.295946 0.285000 -0.488407
v 0.274295 0.260000 -0.475907
v 0.308446 0.260000 -0.466756
v 0.175000 0.055000 -0.895000
v 0.175000 0.080000 -0.920000
v 0.200000 0.080000 -0.895000
v 0.175000 0.260000 -0.920000
v 0.175000 0.285000 -0.895000
v 0.200000 0.260000 -0.895000
v 0.175000 0.055000 -0.665000
v 0.200000 0.080000 -0.665000
v 0.175000 0.080000 -0.640000
v 0.175000 0.285000 -0.665000
v 0.175000 0.260000 -0.640000
v 0.200000 0.260000 -0.665000
v -0.175000 0.055000 -0.895000
v -0.200000 0.080000 -0.895000
v -0.175000 0.080000 -0.920000
v -0.175000 0.285000 -0.895000
v -0.175000 0.260000 -0.920000
v -0.200000 0.260000 -0.895000
v -0.175000 0.055000 -0.665000
v -0.175000 0.080000 -0.640000
v -0.200000 0.080000 -0.665000
v -0.175000 0.285000 -0.665000
v -0.200000 0.260000 -0.665000
v -0.175000 0.260000 -0.640000
v -0.180946 0.055000 -0.687593
v -0.168446 0.080000 -0.709243
v -0.159295 0.080000 -0.675093
v -0.168446 0.260000 -0.709243
v -0.180946 0.285000 -0.687593
v -0.159295 0.260000 -0.675093
v -0.295946 0.055000 -0.488407
v -0.274295 0.080000 -0.475907
v -0.308446 0.080000 -0.466756
v -0.295946 0.285000 -0.488407
v -0.308446 0.260000 -0.466756
v -0.274295 0.260000 -0.475907
v -0.484054 0.055000 -0.862593
v -0.505705 0.080000 -0.875093
v -0.471554 0.080000 -0.884243
v -0.484054 0.285000 -0.862593
v -0.471554 0.260000 -0.884243
v -0.505705 0.260000 -0.875093
v -0.599054 0.055000 -0.663407
v -0.611554 0.080000 -0.641756
v -0.620705 0.080000 -0.675907
v -0.599054 0.285000 -0.663407
v -0.620705 0.260000 -0.675907
v -0.611554 0.260000 -0.641756
v -0.488407 0.055000 -0.295946
v -0.466756 0.080000 -0.308446
v -0.475907 0.080000 -0.274295
v -0.466756 0.260000 -0.308446
v -0.488407 0.285000 -0.295946
v -0.475907 0.260000 -0.274295
v -0.687593 0.055000 -0.180946
v -0.675093 0.080000 -0.159295
v -0.709243 0.080000 -0.168446
v -0.687593 0.285000 -0.180946
v -0.709243 0.260000 -0.168446
v -0.675093 0.260000 -0.159295
v -0.663407 0.055000 -0.599054
v -0.675907 0.080000 -0.620705
v -0.641756 0.080000 -0.611554
v -0.663407 0.285000 -0.599054
v -0.641756 0.260000 -0.611554
v -0.675907 0.260000 -0.620705
v -0.862593 0.055000 -0.484054
v -0.884243 0.080000 -0.471554
v -0.875093 0.080000 -0.505705
v -0.862593 0.285000 -0.484054
v -0.875093 0.260000 -0.505705
v -0.884243 0.260000 -0.471554
v -0.665000 0.055000 0.175000
v -0.640000 0.080000 0.175000
v -0.665000 0.080000 0.200000
v -0.640000 0.260000 0.175000
v -0.665000 0.285000 0.175000
v -0.665000 0.260000 0.200000
v -0.895000 0.055000 0.175000
v -0.895000 0.080000 0.200000
v -0.920000 0.080000 0.175000
v -0.895000 0.285000 0.175000
v -0.920000 0.260000 0.175000
v -0.895000 0.260000 0.200000
v -0.665000 0.055000 -0.175000
v -0.665000 0.080000 -0.200000
v -0.640000 0.080000 -0.175000
v -0.665000 0.285000 -0.175000
v -0.640000 0.260000 -0.175000
v -0.665000 0.260000 -0.200000
v -0.895000 0.055000 -0.175000
v -0.920000 0.080000 -0.175000
v -0.895000 0.080000 -0.200000
v -0.895000 0.285000 -0.175000
v -0.895000 0.260000 -0.200000
v -0.920000 0.260000 -0.175000
v -0.663407 0.055000 0.599054
v -0.641756 0.080000 0.611554
v -0.675907 0.080000 0.620705
v -0.641756 0.260000 0.611554
v -0.663407 0.285000 0.599054
v -0.675907 0.260000 0.620705
v -0.862593 0.055000 0.484054
v -0.875093 0.080000 0.505705
v -0.884243 0.080000 0.471554
v -0.862593 0.285000 0.484054
v -0.884243 0.260000 0.471554
v -0.875093 0.260000 0.505705
v -0.488407 0.055000 0.295946
v -0.475907 0.080000 0.274295
v -0.466756 0.080000 0.308446
v -0.488407 0.285000 0.295946
v -0.466756 0.260000 0.308446
v -0.475907 0.260000 0.274295
v -0.687593 0.055000 0.180946
v -0.709243 0.080000 0.168446
v -0.675093 0.080000 0.159295
v -0.687593 0.285000 0.180946
v -0.675093 0.260000 0.159295
v -0.709243 0.260000 0.168446
v -0.484054 0.055000 0.862593
v -0.471554 0.080000 0.884243
v -0.505705 0.080000 0.875093
v -0.471554 0.260000 0.884243
v -0.484054 0.285000 0.862593
v -0.505705 0.260000 0.875093
v -0.599054 0.055000 0.663407
v -0.620705 0.080000 0.675907
v -0.611554 0.080000 0.641756
v -0.599054 0.285000 0.663407
v -0.611554 0.260000 0.641756
v -0.620705 0.260000 0.675907
v -0.180946 0.055000 0.687593
v -0.159295 0.080000 0.675093
v -0.168446 0.080000 0.709243
v -0.180946 0.285000 0.687593
v -0.168446 0.260000 0.709243
v -0.159295 0.260000 0.675093
v -0.295946 0.055000 0.488407
v -0.308446 0.080000 0.466756
v -0.274295 0.080000 0.475907
v -0.295946 0.285000 0.488407
v -0.274295 0.260000 0.475907
v -0.308446 0.260000 0.466756
v 0.003078 0.305000 0.819210
v -0.003393 0.330000 0.843358
v -0.021070 0.330000 0.812740
v -0.003393 0.510000 0.843358
v 0.003078 0.535000 0.819210
v -0.021070 0.510000 0.812740
v 0.062606 0.305000 0.597047
v 0.038458 0.330000 0.590577
v 0.069077 0.330000 0.572899
v 0.062606 0.535000 0.597047
v 0.069077 0.510000 0.572899
v 0.038458 0.510000 0.590577
v 0.341152 0.305000 0.909797
v 0.365300 0.330000 0.916267
v 0.334681 0.330000 0.933945
v 0.341152 0.535000 0.909797
v 0.334681 0.510000 0.933945
v 0.365300 0.510000 0.916267
v 0.400680 0.305000 0.687634
v 0.407151 0.330000 0.663486
v 0.424828 0.330000 0.694104
v 0.400680 0.535000 0.687634
v 0.424828 0.510000 0.694104
v 0.407151 0.510000 0.663486
v 0.346482 0.305000 0.509117
v 0.328805 0.330000 0.526795
v 0.328805 0.330000 0.491439
v 0.328805 0.510000 0.526795
v 0.346482 0.535000 0.509117
v 0.328805 0.510000 0.491439
v 0.509117 0.305000 0.346482
v 0.491439 0.330000 0.328805
v 0.526795 0.330000 0.328805
v 0.509117 0.535000 0.346482
v 0.526795 0.510000 0.328805
v 0.491439 0.510000 0.328805
v 0.593970 0.305000 0.756604
v 0.611647 0.330000 0.774282
v 0.576292 0.330000 0.774282
v 0.593970 0.535000 0.756604
v 0.576292 0.510000 0.774282
v 0.611647 0.510000 0.774282
v 0.756604 0.305000 0.593970
v 0.774282 0.330000 0.576292
v 0.774282 0.330000 0.611647
v 0.756604 0.535000 0.593970
v 0.774282 0.510000 0.611647
v 0.774282 0.510000 0.576292
v 0.597047 0.305000 0.062606
v 0.572899 0.330000 0.069077
v 0.590577 0.330000 0.038458
v 0.572899 0.510000 0.069077
v 0.597047 0.535000 0.062606
v 0.590577 0.510000 0.038458
v 0.819210 0.305000 0.003078
v 0.812740 0.330000 -0.021070
v 0.843358 0.330000 -0.003393
v 0.819210 0.535000 0.003078
v 0.843358 0.510000 -0.003393
v 0.812740 0.510000 -0.021070
v 0.687634 0.305000 0.400680
v 0.694104 0.330000 0.424828
v 0.663486 0.330000 0.407151
v 0.687634 0.535000 0.400680
v 0.663486 0.510000 0.407151
v 0.694104 0.510000 0.424828
v 0.909797 0.305000 0.341152
v 0.933945 0.330000 0.334681
v 0.916267 0.330000 0.365300
v 0.909797 0.535000 0.341152
v 0.916267 0.510000 0.365300
v 0.933945 0.510000 0.334681
v 0.687634 0.305000 -0.400680
v 0.663486 0.330000 -0.407151
v 0.694104 0.330000 -0.424828
v 0.663486 0.510000 -0.407151
v 0.687634 0.535000 -0.400680
v 0.694104 0.510000 -0.424828
v 0.909797 0.305000 -0.341152
v 0.916267 0.330000 -0.365300
v 0.933945 0.330000 -0.334681
v 0.909797 0.535000 -0.341152
v 0.933945 0.510000 -0.334681
v 0.916267 0.510000 -0.365300
v 0.597047 0.305000 -0.062606
v 0.590577 0.330000 -0.038458
v 0.572899 0.330000 -0.069076
v 0.597047 0.535000 -0.062606
v 0.572899 0.510000 -0.069076
v 0.590577 0.510000 -0.038458
v 0.819210 0.305000 -0.003078
v 0.843358 0.330000 0.003393
v 0.812740 0.330000 0.021070
v 0.819210 0.535000 -0.003078
v 0.812740 0.510000 0.021070
v 0.843358 0.510000 0.003393
v 0.593970 0.305000 -0.756604
v 0.576292 0.330000 -0.774282
v 0.611647 0.330000 -0.774282
v 0.576292 0.510000 -0.774282
v 0.593970 0.535000 -0.756604
v 0.611647 0.510000 -0.774282
v 0.756604 0.305000 -0.593970
v 0.774282 0.330000 -0.611647
v 0.774282 0.330000 -0.576292
v 0.756604 0.535000 -0.593970
v 0.774282 0.510000 -0.576292
v 0.774282 0.510000 -0.611647
v 0.346482 0.305000 -0.509117
v 0.328805 0.330000 -0.491439
v 0.328805 0.330000 -0.526795
v 0.346482 0.535000 -0.509117
v 0.328805 0.510000 -0.526795
v 0.328805 0.510000 -0.491439
v 0.509117 0.305000 -0.346482
v 0.526795 0.330000 -0.328805
v 0.491439 0.330000 -0.328805
v 0.509117 0.535000 -0.346482
v 0.491439 0.510000 -0.328805
v 0.526795 0.510000 -0.328805
v 0.341152 0.305000 -0.909797
v 0.334681 0.330000 -0.933945
v 0.365300 0.330000 -0.916267
v 0.334681 0.510000 -0.933945
v 0.341152 0.535000 -0.909797
v 0.365300 0.510000 -0.916267
v 0.400680 0.305000 -0.687634
v 0.424828 0.330000 -0.694105
v 0.407151 0.330000 -0.663486
v 0.400680 0.535000 -0.687634
v 0.407151 0.510000 -0.663486
v 0.424828 0.510000 -0.694105
v 0.003078 0.305000 -0.819210
v -0.021071 0.330000 -0.812740
v -0.003393 0.330000 -0.843358
v 0.003078 0.535000 -0.819210
v -0.003393 0.510000 -0.843358
v -0.021071 0.510000 -0.812740
v 0.062606 0.305000 -0.597047
v 0.069077 0.330000 -0.572899
v 0.038458 0.330000 -0.590577
v 0.062606 0.535000 -0.597047
v 0.038458 0.510000 -0.590577
v 0.069077 0.510000 -0.572899
v -0.003078 0.305000 -0.819210
v 0.003393 0.330000 -0.843358
v 0.021070 0.330000 -0.812740
v 0.003393 0.510000 -0.843358
v -0.003078 0.535000 -0.819210
v 0.021070 0.510000 -0.812740
v -0.062606 0.305000 -0.597047
v -0.038458 0.330000 -0.590577
v -0.069077 0.330000 -0.572899
v -0.062606 0.535000 -0.597047
v -0.069077 0.510000 -0.572899
v -0.038458 0.510000 -0.590577
v -0.341152 0.305000 -0.909797
v -0.365300 0.330000 -0.916267
v -0.334681 0.330000 -0.933945
v -0.341152 0.535000 -0.909797
v -0.334681 0.510000 -0.933945
v -0.365300 0.510000 -0.916267
v -0.400680 0.305000 -0.687634
v -0.407151 0.330000 -0.663486
v -0.424828 0.330000 -0.694104
v -0.400680 0.535000 -0.687634
v -0.424828 0.510000 -0.694104
v -0.407151 0.510000 -0.663486
v -0.346482 0.305000 -0.509117
v -0.328805 0.330000 -0.526795
v -0.328805 0.330000 -0.491439
v -0.328805 0.510000 -0.526795
v -0.346482 0.535000 -0.509117
v -0.328805 0.510000 -0.491439
v -0.509117 0.305000 -0.346482
v -0.491439 0.330000 -0.328805
v -0.526795 0.330000 -0.328805
v -0.509117 0.535000 -0.346482
v -0.526795 0.510000 -0.328805
v -0.491439 0.510000 -0.328805
v -0.593970 0.305000 -0.756604
v -0.611647 0.330000 -0.774282
v -0.576292 0.330000 -0.774282
v -0.593970 0.535000 -0.756604
v -0.576292 0.510000 -0.774282
v -0.611647 0.510000 -0.774282
v -0.756604 0.305000 -0.593970
v -0.774282 0.330000 -0.576292
v -0.774282 0.330000 -0.611647
v -0.756604 0.535000 -0.593970
v -0.774282 0.510000 -0.611647
v -0.774282 0.510000 -0.576292
v -0.597047 0.305000 -0.062606
v -0.572899 0.330000 -0.069076
v -0.590577 0.330000 -0.038458
v -0.572899 0.510000 -0.069076
v -0.597047 0.535000 -0.062606
v -0.590577 0.510000 -0.038458
v -0.819210 0.305000 -0.003078
v -0.812740 0.330000 0.021070
v -0.843358 0.330000 0.003393
v -0.819210 0.535000 -0.003078
v -0.843358 0.510000 0.003393
v -0.812740 0.510000 0.021070
v -0.687634 0.305000 -0.400680
v -0.694104 0.330000 -0.424828
v -0.663486 0.330000 -0.407151
v -0.687634 0.535000 -0.400680
v -0.663486 0.510000 -0.407151
v -0.694104 0.510000 -0.424828
v -0.909797 0.305000 -0.341152
v -0.933945 0.330000 -0.334681
v -0.916267 0.330000 -0.365300
v -0.909797 0.535000 -0.341152
v -0.916267 0.510000 -0.365300
v -0.933945 0.510000 -0.334681
v -0.687634 0.305000 0.400680
v -0.663486 0.330000 0.407151
v -0.694104 0.330000 0.424828
v -0.663486 0.510000 0.407151
v -0.687634 0.535000 0.400680
v -0.694104 0.510000 0.424828
v -0.909797 0.305000 0.341152
v -0.916267 0.330000 0.365300
v -0.933945 0.330000 0.334681
v -0.909797 0.535000 0.341152
v -0.933945 0.510000 0.334681
v -0.916267 0.510000 0.365300
v -0.597047 0.305000 0.062606
v -0.590577 0.330000 0.038458
v -0.572899 0.330000 0.069076
v -0.597047 0.535000 0.062606
v -0.572899 0.510000 0.069076
v -0.590577 0.510000 0.038458
v -0.819210 0.305000 0.003078
v -0.843358 0.330000 -0.003393
v -0.812740 0.330000 -0.021070
v -0.819210 0.535000 0.003078
v -0.812740 0.510000 -0.021070
v -0.843358 0.510000 -0.003393
v -0.593970 0.305000 0.756604
v -0.576292 0.330000 0.774282
v -0.611647 0.330000 0.774282
v -0.576292 0.510000 0.774282
v -0.593970 0.535000 0.756604
v -0.611647 0.510000 0.774282
v -0.756604 0.305000 0.593970
v -0.774282 0.330000 0.611647
v -0.774282 0.330000 0.576292
v -0.756604 0.535000 0.593970
v -0.774282 0.510000 0.576292
v -0.774282 0.510000 0.611647
v -0.346482 0.305000 0.509117
v -0.328805 0.330000 0.491439
v -0.328805 0.330000 0.526795
v -0.346482 0.535000 0.509117
v -0.328805 0.510000 0.526795
v -0.328805 0.510000 0.491439
v -0.509117 0.305000 0.346482
v -0.526795 0.330000 0.328805
v -0.491439 0.330000 0.328805
v -0.509117 0.535000 0.346482
v -0.491439 0.510000 0.328805
v -0.526795 0.510000 0.328805
v -0.341152 0.305000 0.909797
v -0.334681 0.330000 0.933945
v -0.365300 0.330000 0.916267
v -0.334681 0.510000 0.933945
v -0.341152 0.535000 0.909797
v -0.365300 0.510000 0.916267
v -0.400680 0.305000 0.687634
v -0.424828 0.330000 0.694104
v -0.407151 0.330000 0.663486
v -0.400680 0.535000 0.687634
v -0.407151 0.510000 0.663486
v -0.424828 0.510000 0.694104
v -0.003078 0.305000 0.819210
v 0.021070 0.330000 0.812740
v 0.003393 0.330000 0.843358
v -0.003078 0.535000 0.819210
v 0.003393 0.510000 0.843358
v 0.021070 0.510000 0.812740
v -0.062606 0.305000 0.597047
v -0.069076 0.330000 0.572899
v -0.038458 0.330000 0.590577
v -0.062606 0.535000 0.597047
v -0.038458 0.510000 0.590577
v -0.069076 0.510000 0.572899
v -0.175000 0.555000 0.895000
v -0.175000 0.580000 0.920000
v -0.200000 0.580000 0.895000
v -0.175000 0.760000 0.920000
v -0.175000 0.785000 0.895000
v -0.200000 0.760000 0.895000
v -0.175000 0.555000 0.665000
v -0.200000 0.580000 0.665000
v -0.175000 0.580000 0.640000
v -0.175000 0.785000 0.665000
v -0.175000 0.760000 0.640000
v -0.200000 0.760000 0.665000
v 0.175000 0.555000 0.895000
v 0.200000 0.580000 0.895000
v 0.175000 0.580000 0.920000
v 0.175000 0.785000 0.895000
v 0.175000 0.760000 0.920000
v 0.200000 0.760000 0.895000
v 0.175000 0.555000 0.665000
v 0.175000 0.580000 0.640000
v 0.200000 0.580000 0.665000
v 0.175000 0.785000 0.665000
v 0.200000 0.760000 0.665000
v 0.175000 0.760000 0.640000
v 0.180946 0.555000 0.687593
v 0.168446 0.580000 0.709243
v 0.159295 0.580000 0.675093
v 0.168446 0.760000 0.709243
v 0.180946 0.785000 0.687593
v 0.159295 0.760000 0.675093
v 0.295946 0.555000 0.488407
v 0.274295 0.580000 0.475907
v 0.308446 0.580000 0.466756
v 0.295946 0.785000 0.488407
v 0.308446 0.760000 0.466756
v 0.274295 0.760000 0.475907
v 0.484054 0.555000 0.862593
v 0.505705 0.580000 0.875093
v 0.471554 0.580000 0.884243
v 0.484054 0.785000 0.862593
v 0.471554 0.760000 0.884243
v 0.505705 0.760000 0.875093
v 0.599054 0.555000 0.663407
v 0.611554 0.580000 0.641756
v 0.620705 0.580000 0.675907
v 0.599054 0.785000 0.663407
v 0.620705 0.760000 0.675907
v 0.611554 0.760000 0.641756
v 0.488407 0.555000 0.295946
v 0.466756 0.580000 0.308446
v 0.475907 0.580000 0.274295
v 0.466756 0.760000 0.308446
v 0.488407 0.785000 0.295946
v 0.475907 0.760000 0.274295
v 0.687593 0.555000 0.180946
v 0.675093 0.580000 0.159295
v 0.709243 0.580000 0.168446
v 0.687593 0.785000 0.180946
v 0.709243 0.760000 0.168446
v 0.675093 0.760000 0.159295
v 0.663407 0.555000 0.599054
v 0.675907 0.580000 0.620705
v 0.641756 0.580000 0.611554
v 0.663407 0.785000 0.599054
v 0.641756 0.760000 0.611554
v 0.675907 0.760000 0.620705
v 0.862593 0.555000 0.484054
v 0.884243 0.580000 0.471554
v 0.875093 0.580000 0.505705
v 0.862593 0.785000 0.484054
v 0.875093 0.760000 0.505705
v 0.884243 0.760000 0.471554
v 0.665000 0.555000 -0.175000
v 0.640000 0.580000 -0.175000
v 0.665000 0.580000 -0.200000
v 0.640000 0.760000 -0.175000
v 0.665000 0.785000 -0.175000
v 0.665000 0.760000 -0.200000
v 0.895000 0.555000 -0.175000
v 0.895000 0.580000 -0.200000
v 0.920000 0.580000 -0.175000
v 0.895000 0.785000 -0.175000
v 0.920000 0.760000 -0.175000
v 0.895000 0.760000 -0.200000
v 0.665000 0.555000 0.175000
v 0.665000 0.580000 0.200000
v 0.640000 0.580000 0.175000
v 0.665000 0.785000 0.175000
v 0.640000 0.760000 0.175000
v 0.665000 0.760000 0.200000
v 0.895000 0.555000 0.175000
v 0.920000 0.580000 0.175000
v 0.895000 0.580000 0.200000
v 0.895000 0.785000 0.175000
v 0.895000 0.760000 0.200000
v 0.920000 0.760000 0.175000
v 0.663407 0.555000 -0.599054
v 0.641756 0.580000 -0.611554
v 0.675907 0.580000 -0.620705
v 0.641756 0.760000 -0.611554
v 0.663407 0.785000 -0.599054
v 0.675907 0.760000 -0.620705
v 0.862593 0.555000 -0.484054
v 0.875093 0.580000 -0.505705
v 0.884243 0.580000 -0.471554
v 0.862593 0.785000 -0.484054
v 0.884243 0.760000 -0.471554
v 0.875093 0.760000 -0.505705
v 0.488407 0.555000 -0.295946
v 0.475907 0.580000 -0.274295
v 0.466756 0.580000 -0.308446
v 0.488407 0.785000 -0.295946
v 0.466756 0.760000 -0.308446
v 0.475907 0.760000 -0.274295
v 0.687593 0.555000 -0.180946
v 0.709243 0.580000 -0.168446
v 0.675093 0.580000 -0.159295
v 0.687593 0.785000 -0.180946
v 0.675093 0.760000 -0.159295
v 0.709243 0.760000 -0.168446
v 0.484054 0.555000 -0.862593
v 0.471554 0.580000 -0.884243
v 0.505705 0.580000 -0.875093
v 0.471554 0.760000 -0.884243
v 0.484054 0.785000 -0.862593
v 0.505705 0.760000 -0.875093
v 0.599054 0.555000 -0.663407
v 0.620705 0.580000 -0.675907
v 0.611554 0.580000 -0.641756
v 0.599054 0.785000 -0.663407
v 0.611554 0.760000 -0.641756
v 0.620705 0.760000 -0.675907
v 0.180946 0.555000 -0.687593
v 0.159295 0.580000 -0.675093
v 0.168446 0.580000 -0.709243
v 0.180946 0.785000 -0.687593
v 0.168446 0.760000 -0.709243
v 0.159295 0.760000 -0.675093
v 0.295946 0.555000 -0.488407
v 0.308446 0.580000 -0.466756
v 0.274295 0.580000 -0.475907
v 0.295946 0.785000 -0.488407
v 0.274295 0.760000 -0.475907
v 0.308446 0.760000 -0.466756
v 0.175000 0.555000 -0.895000
v 0.175000 0.580000 -0.920000
v 0.200000 0.580000 -0.895000
v 0.175000 0.760000 -0.920000
v 0.175000 0.785000 -0.895000
v 0.200000 0.760000 -0.895000
v 0.175000 0.555000 -0.665000
v 0.200000 0.580000 -0.665000
v 0.175000 0.580000 -0.640000
v 0.175000 0.785000 -0.665000
v 0.175000 0.760000 -0.640000
v 0.200000 0.760000 -0.665000
v -0.175000 0.555000 -0.895000
v -0.200000 0.580000 -0.895000
v -0.175000 0.580000 -0.920000
v -0.175000 0.785000 -0.895000
v -0.175000 0.760000 -0.920000
v -0.200000 0.760000 -0.895000
v -0.175000 0.555000 -0.665000
v -0.175000 0.580000 -0.640000
v -0.200000 0.580000 -0.665000
v -0.175000 0.785000 -0.665000
v -0.200000 0.760000 -0.665000
v -0.175000 0.760000 -0.640000
v -0.180946 0.555000 -0.687593
v -0.168446 0.580000 -0.709243
v -0.159295 0.580000 -0.675093
v -0.168446 0.760000 -0.709243
v -0.180946 0.785000 -0.687593
v -0.159295 0.760000 -0.675093
v -0.295946 0.555000 -0.488407
v -0.274295 0.580000 -0.475907
v -0.308446 0.580000 -0.466756
v -0.295946 0.785000 -0.488407
v -0.308446 0.760000 -0.466756
v -0.274295 0.760000 -0.475907
v -0.484054 0.555000 -0.862593
v -0.505705 0.580000 -0.875093
v -0.471554 0.580000 -0.884243
v -0.484054 0.785000 -0.862593
v -0.471554 0.760000 -0.884243
v -0.505705 0.760000 -0.875093
v -0.599054 0.555000 -0.663407
v -0.611554 0.580000 -0.641756
v -0.620705 0.580000 -0.675907
v -0.599054 0.785000 -0.663407
v -0.620705 0.760000 -0.675907
v -0.611554 0.760000 -0.641756
v -0.488407 0.555000 -0.295946
v -0.466756 0.580000 -0.308446
v -0.475907 0.580000 -0.274295
v -0.466756 0.760000 -0.308446
v -0.488407 0.785000 -0.295946
v -0.475907 0.760000 -0.274295
v -0.687593 0.555000 -0.180946
v -0.675093 0.580000 -0.159295
v -0.709243 0.580000 -0.168446
v -0.687593 0.785000 -0.180946
v -0.709243 0.760000 -0.168446
v -0.675093 0.760000 -0.159295
v -0.663407 0.555000 -0.599054
v -0.675907 0.580000 -0.620705
v -0.641756 0.580000 -0.611554
v -0.663407 0.785000 -0.599054
v -0.641756 0.760000 -0.611554
v -0.675907 0.760000 -0.620705
v -0.862593 0.555000 -0.484054
v -0.884243 0.580000 -0.471554
v -0.875093 0.580000 -0.505705
v -0.862593 0.785000 -0.484054
v -0.875093 0.760000 -0.505705
v -0.884243 0.760000 -0.471554
v -0.665000 0.555000 0.175000
v -0.640000 0.580000 0.175000
v -0.665000 0.580000 0.200000
v -0.640000 0.760000 0.175000
v -0.665000 0.785000 0.175000
v -0.665000 0.760000 0.200000
v -0.895000 0.555000 0.175000
v -0.895000 0.580000 0.200000
v -0.920000 0.580000 0.175000
v -0.895000 0.785000 0.175000
v -0.920000 0.760000 0.175000
v -0.895000 0.760000 0.200000
v -0.665000 0.555000 -0.175000
v -0.665000 0.580000 -0.200000
v -0.640000 0.580000 -0.175000
v -0.665000 0.785000 -0.175000
v -0.640000 0.760000 -0.175000
v -0.665000 0.760000 -0.200000
v -0.895000 0.555000 -0.175000
v -0.920000 0.580000 -0.175000
v -0.895000 0.580000 -0.200000
v -0.895000 0.785000 -0.175000
v -0.895000 0.760000 -0.200000
v -0.920000 0.760000 -0.175000
v -0.663407 0.555000 0.599054
v -0.641756 0.580000 0.611554
v -0.675907 0.580000 0.620705
v -0.641756 0.760000 0.611554
v -0.663407 0.785000 0.599054
v -0.675907 0.760000 0.620705
v -0.862593 0.555000 0.484054
v -0.875093 0.580000 0.505705
v -0.884243 0.580000 0.471554
v -0.862593 0.785000 0.484054
v -0.884243 0.760000 0.471554
v -0.875093 0.760000 0.505705
v -0.488407 0.555000 0.295946
v -0.475907 0.580000 0.274295
v -0.466756 0.580000 0.308446
v -0.488407 0.785000 0.295946
v -0.466756 0.760000 0.308446
v -0.475907 0.760000 0.274295
v -0.687593 0.555000 0.180946
v -0.709243 0.580000 0.168446
v -0.675093 0.580000 0.159295
v -0.687593 0.785000 0.180946
v -0.675093 0.760000 0.159295
v -0.709243 0.760000 0.168446
v -0.484054 0.555000 0.862593
v -0.471554 0.580000 0.884243
v -0.505705 0.580000 0.875093
v -0.471554 0.760000 0.884243
v -0.484054 0.785000 0.862593
v -0.505705 0.760000 0.875093
v -0.599054 0.555000 0.663407
v -0.620705 0.580000 0.675907
v -0.611554 0.580000 0.641756
v -0.599054 0.785000 0.663407
v -0.611554 0.760000 0.641756
v -0.620705 0.760000 0.675907
v -0.180946 0.555000 0.687593
v -0.159295 0.580000 0.675093
v -0.168446 0.580000 0.709243
v -0.180946 0.785000 0.687593
v -0.168446 0.760000 0.709243
v -0.159295 0.760000 0.675093
v -0.295946 0.555000 0.488407
v -0.308446 0.580000 0.466756
v -0.274295 0.580000 0.475907
v -0.295946 0.785000 0.488407
v -0.274295 0.760000 0.475907
v -0.308446 0.760000 0.466756
v 0.003078 0.805000 0.819210
v -0.003393 0.830000 0.843358
v -0.021070 0.830000 0.812740
v -0.003393 1.010000 0.843358
v 0.003078 1.035000 0.819210
v -0.021070 1.010000 0.812740
v 0.062606 0.805000 0.597047
v 0.038458 0.830000 0.590577
v 0.069077 0.830000 0.572899
v 0.062606 1.035000 0.597047
v 0.069077 1.010000 0.572899
v 0.038458 1.010000 0.590577
v 0.341152 0.805000 0.909797
v 0.365300 0.830000 0.916267
v 0.334681 0.830000 0.933945
v 0.341152 1.035000 0.909797
v 0.334681 1.010000 0.933945
v 0.365300 1.010000 0.916267
v 0.400680 0.805000 0.687634
v 0.407151 0.830000 0.663486
v 0.424828 0.830000 0.694104
v 0.400680 1.035000 0.687634
v 0.424828 1.010000 0.694104
v 0.407151 1.010000 0.663486
v 0.346482 0.805000 0.509117
v 0.328805 0.830000 0.526795
v 0.328805 0.830000 0.491439
v 0.328805 1.010000 0.526795
v 0.346482 1.035000 0.509117
v 0.328805 1.010000 0.491439
v 0.509117 0.805000 0.346482
v 0.491439 0.830000 0.328805
v 0.526795 0.830000 0.328805
v 0.509117 1.035000 0.346482
v 0.526795 1.010000 0.328805
v 0.491439 1.010000 0.328805
v 0.593970 0.805000 0.756604
v 0.611647 0.830000 0.774282
v 0.576292 0.830000 0.774282
v 0.593970 1.035000 0.756604
v 0.576292 1.010000 0.774282
v 0.611647 1.010000 0.774282
v 0.756604 0.805000 0.593970
v 0.774282 0.830000 0.576292
v 0.774282 0.830000 0.611647
v 0.756604 1.035000 0.593970
v 0.774282 1.010000 0.611647
v 0.774282 1.010000 0.576292
v 0.597047 0.805000 0.062606
v 0.572899 0.830000 0.069077
v 0.590577 0.830000 0.038458
v 0.572899 1.010000 0.069077
v 0.597047 1.035000 0.062606
v 0.590577 1.010000 0.038458
v 0.819210 0.805000 0.003078
v 0.812740 0.830000 -0.021070
v 0.843358 0.830000 -0.003393
v 0.819210 1.035000 0.003078
v 0.843358 1.010000 -0.003393
v 0.812740 1.010000 -0.021070
v 0.687634 0.805000 0.400680
v 0.694104 0.830000 0.424828
v 0.663486 0.830000 0.407151
v 0.687634 1.035000 0.400680
v 0.663486 1.010000 0.407151
v 0.694104 1.010000 0.424828
v 0.909797 0.805000 0.341152
v 0.933945 0.830000 0.334681
v 0.916267 0.830000 0.365300
v 0.909797 1.035000 0.341152
v 0.916267 1.010000 0.365300
v 0.933945 1.010000 0.334681
v 0.687634 0.805000 -0.400680
v 0.663486 0.830000 -0.407151
v 0.694104 0.830000 -0.424828
v 0.663486 1.010000 -0.407151
v 0.687634 1.035000 -0.400680
v 0.694104 1.010000 -0.424828
v 0.909797 0.805000 -0.341152
v 0.916267 0.830000 -0.365300
v 0.933945 0.830000 -0.334681
v 0.909797 1.035000 -0.341152
v 0.933945 1.010000 -0.334681
v 0.916267 1.010000 -0.365300
v 0.597047 0.805000 -0.062606
v 0.590577 0.830000 -0.038458
v 0.572899 0.830000 -0.069076
v 0.597047 1.035000 -0.062606
v 0.572899 1.010000 -0.069076
v 0.590577 1.010000 -0.038458
v 0.819210 0.805000 -0.003078
v 0.843358 0.830000 0.003393
v 0.812740 0.830000 0.021070
v 0.819210 1.035000 -0.003078
v 0.812740 1.010000 0.021070
v 0.843358 1.010000 0.003393
v 0.593970 0.805000 -0.756604
v 0.576292 0.830000 -0.774282
v 0.611647 0.830000 -0.774282
v 0.576292 1.010000 -0.774282
v 0.593970 1.035000 -0.756604
v 0.611647 1.010000 -0.774282
v 0.756604 0.805000 -0.593970
v 0.774282 0.830000 -0.611647
v 0.774282 0.830000 -0.576292
v 0.756604 1.035000 -0.593970
v 0.774282 1.010000 -0.576292
v 0.774282 1.010000 -0.611647
v 0.346482 0.805000 -0.509117
v 0.328805 0.830000 -0.491439
v 0.328805 0.830000 -0.526795
v 0.346482 1.035000 -0.509117
v 0.328805 1.010000 -0.526795
v 0.328805 1.010000 -0.491439
v 0.509117 0.805000 -0.346482
v 0.526795 0.830000 -0.328805
v 0.491439 0.830000 -0.328805
v 0.509117 1.035000 -0.346482
v 0.491439 1.010000 -0.328805
v 0.526795 1.010000 -0.328805
v 0.341152 0.805000 -0.909797
v 0.334681 0.830000 -0.933945
v 0.365300 0.830000 -0.916267
v 0.334681 1.010000 -0.933945
v 0.341152 1.035000 -0.909797
v 0.365300 1.010000 -0.916267
v 0.400680 0.805000 -0.687634
v 0.424828 0.830000 -0.694105
v 0.407151 0.830000 -0.663486
v 0.400680 1.035000 -0.687634
v 0.407151 1.010000 -0.663486
v 0.424828 1.010000 -0.694105
v 0.003078 0.805000 -0.819210
v -0.021071 0.830000 -0.812740
v -0.003393 0.830000 -0.843358
v 0.003078 1.035000 -0.819210
v -0.003393 1.010000 -0.843358
v -0.021071 1.010000 -0.812740
v 0.062606 0.805000 -0.597047
v 0.069077 0.830000 -0.572899
v 0.038458 0.830000 -0.590577
v 0.062606 1.035000 -0.597047
v 0.038458 1.010000 -0.590577
v 0.069077 1.010000 -0.572899
v -0.003078 0.805000 -0.819210
v 0.003393 0.830000 -0.843358
v 0.021070 0.830000 -0.812740
v 0.003393 1.010000 -0.843358
v -0.003078 1.035000 -0.819210
v 0.021070 1.010000 -0.812740
v -0.062606 0.805000 -0.597047
v -0.038458 0.830000 -0.590577
v -0.069077 0.830000 -0.572899
v -0.062606 1.035000 -0.597047
v -0.069077 1.010000 -0.572899
v -0.038458 1.010000 -0.590577
v -0.341152 0.805000 -0.909797
v -0.365300 0.830000 -0.916267
v -0.334681 0.830000 -0.933945
v -0.341152 1.035000 -0.909797
v -0.334681 1.010000 -0.933945
v -0.365300 1.010000 -0.916267
v -0.400680 0.805000 -0.687634
v -0.407151 0.830000 -0.663486
v -0.424828 0.830000 -0.694104
v -0.400680 1.035000 -0.687634
v -0.424828 1.010000 -0.694104
v -0.407151 1.010000 -0.663486
v -0.346482 0.805000 -0.509117
v -0.328805 0.830000 -0.526795
v -0.328805 0.830000 -0.491439
v -0.328805 1.010000 -0.526795
v -0.346482 1.035000 -0.509117
v -0.328805 1.010000 -0.491439
v -0.509117 0.805000 -0.346482
v -0.491439 0.830000 -0.328805
v -0.526795 0.830000 -0.328805
v -0.509117 1.035000 -0.346482
v -0.526795 1.010000 -0.328805
v -0.491439 1.010000 -0.328805
v -0.593970 0.805000 -0.756604
v -0.611647 0.830000 -0.774282
v -0.576292 0.830000 -0.774282
v -0.593970 1.035000 -0.756604
v -0.576292 1.010000 -0.774282
v -0.611647 1.010000 -0.774282
v -0.756604 0.805000 -0.593970
v -0.774282 0.830000 -0.576292
v -0.774282 0.830000 -0.611647
v -0.756604 1.035000 -0.593970
v -0.774282 1.010000 -0.611647
v -0.774282 1.010000 -0.576292
v -0.597047 0.805000 -0.062606
v -0.572899 0.830000 -0.069076
v -0.590577 0.830000 -0.038458
v -0.572899 1.010000 -0.069076
v -0.597047 1.035000 -0.062606
v -0.590577 1.010000 -0.038458
v -0.819210 0.805000 -0.003078
v -0.812740 0.830000 0.021070
v -0.843358 0.830000 0.003393
v -0.819210 1.035000 -0.003078
v -0.843358 1.010000 0.003393
v -0.812740 1.010000 0.021070
v -0.687634 0.805000 -0.400680
v -0.694104 0.830000 -0.424828
v -0.663486 0.830000 -0.407151
v -0.687634 1.035000 -0.400680
v -0.663486 1.010000 -0.407151
v -0.694104 1.010000 -0.424828
v -0.909797 0.805000 -0.341152
v -0.933945 0.830000 -0.334681
v -0.916267 0.830000 -0.365300
v -0.909797 1.035000 -0.341152
v -0.916267 1.010000 -0.365300
v -0.933945 1.010000 -0.334681
v -0.687634 0.805000 0.400680
v -0.663486 0.830000 0.407151
v -0.694104 0.830000 0.424828
v -0.663486 1.010000 0.407151
v -0.687634 1.035000 0.400680
v -0.694104 1.010000 0.424828
v -0.909797 0.805000 0.341152
v -0.916267 0.830000 0.365300
v -0.933945 0.830000 0.334681
v -0.909797 1.035000 0.341152
v -0.933945 1.010000 0.334681
v -0.916267 1.010000 0.365300
v -0.597047 0.805000 0.062606
v -0.590577 0.830000 0.038458
v -0.572899 0.830000 0.069076
v -0.597047 1.035000 0.062606
v -0.572899 1.010000 0.069076
v -0.590577 1.010000 0.038458
v -0.819210 0.805000 0.003078
v -0.843358 0.830000 -0.003393
v -0.812740 0.830000 -0.021070
v -0.819210 1.035000 0.003078
v -0.812740 1.010000 -0.021070
v -0.843358 1.010000 -0.003393
v -0.593970 0.805000 0.756604
v -0.576292 0.830000 0.774282
v -0.611647 0.830000 0.774282
v -0.576292 1.010000 0.774282
v -0.593970 1.035000 0.756604
v -0.611647 1.010000 0.774282
v -0.756604 0.805000 0.593970
v -0.774282 0.830000 0.611647
v -0.774282 0.830000 0.576292
v -0.756604 1.035000 0.593970
v -0.774282 1.010000 0.576292
v -0.774282 1.010000 0.611647
v -0.346482 0.805000 0.509117
v -0.328805 0.830000 0.491439
v -0.328805 0.830000 0.526795
v -0.346482 1.035000 0.509117
v -0.328805 1.010000 0.526795
v -0.328805 1.010000 0.491439
v -0.509117 0.805000 0.346482
v -0.526795 0.830000 0.328805
v -0.491439 0.830000 0.328805
v -0.509117 1.035000 0.346482
v -0.491439 1.010000 0.328805
v -0.526795 1.010000 0.328805
v -0.341152 0.805000 0.909797
v -0.334681 0.830000 0.933945
v -0.365300 0.830000 0.916267
v -0.334681 1.010000 0.933945
v -0.341152 1.035000 0.909797
v -0.365300 1.010000 0.916267
v -0.400680 0.805000 0.687634
v -0.424828 0.830000 0.694104
v -0.407151 0.830000 0.663486
v -0.400680 1.035000 0.687634
v -0.407151 1.010000 0.663486
v -0.424828 1.010000 0.694104
v -0.003078 0.805000 0.819210
v 0.021070 0.830000 0.812740
v 0.003393 0.830000 0.843358
v -0.003078 1.035000 0.819210
v 0.003393 1.010000 0.843358
v 0.021070 1.010000 0.812740
v -0.062606 0.805000 0.597047
v -0.069076 0.830000 0.572899
v -0.038458 0.830000 0.590577
v -0.062606 1.035000 0.597047
v -0.038458 1.010000 0.590577
v -0.069076 1.010000 0.572899
v -0.905000 0.000000 0.055000
v -0.905000 0.025000 0.080000
v -0.930000 0.025000 0.055000
v -0.905000 2.375000 0.080000
v -0.905000 2.400000 0.055000
v -0.930000 2.375000 0.055000
v -0.905000 0.000000 -0.055000
v -0.930000 0.025000 -0.055000
v -0.905000 0.025000 -0.080000
v -0.905000 2.400000 -0.055000
v -0.905000 2.375000 -0.080000
v -0.930000 2.375000 -0.055000
v -0.815000 0.000000 0.055000
v -0.790000 0.025000 0.055000
v -0.815000 0.025000 0.080000
v -0.815000 2.400000 0.055000
v -0.815000 2.375000 0.080000
v -0.790000 2.375000 0.055000
v -0.815000 0.000000 -0.055000
v -0.815000 0.025000 -0.080000
v -0.790000 0.025000 -0.055000
v -0.815000 2.400000 -0.055000
v -0.790000 2.375000 -0.055000
v -0.815000 2.375000 -0.080000
v -0.860000 1.700000 -0.055000
v -0.450000 2.300000 -0.055000
v -0.827890 1.678058 -0.038891
v -0.417890 2.278058 -0.038891
v -0.814590 1.668970 0.000000
v -0.404590 2.268970 0.000000
v -0.827890 1.678058 0.038891
v -0.417890 2.278058 0.038891
v -0.860000 1.700000 0.055000
v -0.450000 2.300000 0.055000
v -0.892110 1.721942 0.038891
v -0.482110 2.321942 0.038891
v -0.905410 1.731031 0.000000
v -0.495410 2.331031 0.000000
v -0.892110 1.721942 -0.038891
v -0.482110 2.321942 -0.038891
v 0.815000 0.000000 0.055000
v 0.815000 0.025000 0.080000
v 0.790000 0.025000 0.055000
v 0.815000 2.375000 0.080000
v 0.815000 2.400000 0.055000
v 0.790000 2.375000 0.055000
v 0.815000 0.000000 -0.055000
v 0.790000 0.025000 -0.055000
v 0.815000 0.025000 -0.080000
v 0.815000 2.400000 -0.055000
v 0.815000 2.375000 -0.080000
v 0.790000 2.375000 -0.055000
v 0.905000 0.000000 0.055000
v 0.930000 0.025000 0.055000
v 0.905000 0.025000 0.080000
v 0.905000 2.400000 0.055000
v 0.905000 2.375000 0.080000
v 0.930000 2.375000 0.055000
v 0.905000 0.000000 -0.055000
v 0.905000 0.025000 -0.080000
v 0.930000 0.025000 -0.055000
v 0.905000 2.400000 -0.055000
v 0.930000 2.375000 -0.055000
v 0.905000 2.375000 -0.080000
v 0.860000 1.700000 -0.055000
v 0.450000 2.300000 -0.055000
v 0.892110 1.721942 -0.038891
v 0.482110 2.321942 -0.038891
v 0.905410 1.731031 0.000000
v 0.495410 2.331031 0.000000
v 0.892110 1.721942 0.038891
v 0.482110 2.321942 0.038891
v 0.860000 1.700000 0.055000
v 0.450000 2.300000 0.055000
v 0.827890 1.678058 0.038891
v 0.417890 2.278058 0.038891
v 0.814590 1.668970 0.000000
v 0.404590 2.268970 0.000000
v 0.827890 1.678058 -0.038891
v 0.417890 2.278058 -0.038891
v -0.975000 1.860000 -0.130000
v 0.975000 1.860000 -0.130000
v -0.975000 1.795000 -0.112583
v 0.975000 1.795000 -0.112583
v -0.975000 1.747417 -0.065000
v 0.975000 1.747417 -0.065000
v -0.975000 1.730000 0.000000
v 0.975000 1.730000 0.000000
v -0.975000 1.747417 0.065000
v 0.975000 1.747417 0.065000
v -0.975000 1.795000 0.112583
v 0.975000 1.795000 0.112583
v -0.975000 1.860000 0.130000
v 0.975000 1.860000 0.130000
v -0.975000 1.925000 0.112583
v 0.975000 1.925000 0.112583
v -0.975000 1.972583 0.065000
v 0.975000 1.972583 0.065000
v -0.975000 1.990000 0.000000
v 0.975000 1.990000 0.000000
v -0.975000 1.972583 -0.065000
v 0.975000 1.972583 -0.065000
v -0.975000 1.925000 -0.112583
v 0.975000 1.925000 -0.112583
v -0.312500 1.860000 -0.150000
v -0.287500 1.860000 -0.150000
v -0.312500 1.785000 -0.129904
v -0.287500 1.785000 -0.129904
v -0.312500 1.730096 -0.075000
v -0.287500 1.730096 -0.075000
v -0.312500 1.710000 0.000000
v -0.287500 1.710000 0.000000
v -0.312500 1.730096 0.075000
v -0.287500 1.730096 0.075000
v -0.312500 1.785000 0.129904
v -0.287500 1.785000 0.129904
v -0.312500 1.860000 0.150000
v -0.287500 1.860000 0.150000
v -0.312500 1.935000 0.129904
v -0.287500 1.935000 0.129904
v -0.312500 1.989904 0.075000
v -0.287500 1.989904 0.075000
v -0.312500 2.010000 0.000000
v -0.287500 2.010000 0.000000
v -0.312500 1.989904 -0.075000
v -0.287500 1.989904 -0.075000
v -0.312500 1.935000 -0.129904
v -0.287500 1.935000 -0.129904
v -0.262500 1.860000 -0.150000
v -0.237500 1.860000 -0.150000
v -0.262500 1.785000 -0.129904
v -0.237500 1.785000 -0.129904
v -0.262500 1.730096 -0.075000
v -0.237500 1.730096 -0.075000
v -0.262500 1.710000 0.000000
v -0.237500 1.710000 0.000000
v -0.262500 1.730096 0.075000
v -0.237500 1.730096 0.075000
v -0.262500 1.785000 0.129904
v -0.237500 1.785000 0.129904
v -0.262500 1.860000 0.150000
v -0.237500 1.860000 0.150000
v -0.262500 1.935000 0.129904
v -0.237500 1.935000 0.129904
v -0.262500 1.989904 0.075000
v -0.237500 1.989904 0.075000
v -0.262500 2.010000 0.000000
v -0.237500 2.010000 0.000000
v -0.262500 1.989904 -0.075000
v -0.237500 1.989904 -0.075000
v -0.262500 1.935000 -0.129904
v -0.237500 1.935000 -0.129904
v -0.212500 1.860000 -0.150000
v -0.187500 1.860000 -0.150000
v -0.212500 1.785000 -0.129904
v -0.187500 1.785000 -0.129904
v -0.212500 1.730096 -0.075000
v -0.187500 1.730096 -0.075000
v -0.212500 1.710000 0.000000
v -0.187500 1.710000 0.000000
v -0.212500 1.730096 0.075000
v -0.187500 1.730096 0.075000
v -0.212500 1.785000 0.129904
v -0.187500 1.785000 0.129904
v -0.212500 1.860000 0.150000
v -0.187500 1.860000 0.150000
v -0.212500 1.935000 0.129904
v -0.187500 1.935000 0.129904
v -0.212500 1.989904 0.075000
v -0.187500 1.989904 0.075000
v -0.212500 2.010000 0.000000
v -0.187500 2.010000 0.000000
v -0.212500 1.989904 -0.075000
v -0.187500 1.989904 -0.075000
v -0.212500 1.935000 -0.129904
v -0.187500 1.935000 -0.129904
v -0.162500 1.860000 -0.150000
v -0.137500 1.860000 -0.150000
v -0.162500 1.785000 -0.129904
v -0.137500 1.785000 -0.129904
v -0.162500 1.730096 -0.075000
v -0.137500 1.730096 -0.075000
v -0.162500 1.710000 0.000000
v -0.137500 1.710000 0.000000
v -0.162500 1.730096 0.075000
v -0.137500 1.730096 0.075000
v -0.162500 1.785000 0.129904
v -0.137500 1.785000 0.129904
v -0.162500 1.860000 0.150000
v -0.137500 1.860000 0.150000
v -0.162500 1.935000 0.129904
v -0.137500 1.935000 0.129904
v -0.162500 1.989904 0.075000
v -0.137500 1.989904 0.075000
v -0.162500 2.010000 0.000000
v -0.137500 2.010000 0.000000
v -0.162500 1.989904 -0.075000
v -0.137500 1.989904 -0.075000
v -0.162500 1.935000 -0.129904
v -0.137500 1.935000 -0.129904
v -0.112500 1.860000 -0.150000
v -0.087500 1.860000 -0.150000
v -0.112500 1.785000 -0.129904
v -0.087500 1.785000 -0.129904
v -0.112500 1.730096 -0.075000
v -0.087500 1.730096 -0.075000
v -0.112500 1.710000 0.000000
v -0.087500 1.710000 0.000000
v -0.112500 1.730096 0.075000
v -0.087500 1.730096 0.075000
v -0.112500 1.785000 0.129904
v -0.087500 1.785000 0.129904
v -0.112500 1.860000 0.150000
v -0.087500 1.860000 0.150000
v -0.112500 1.935000 0.129904
v -0.087500 1.935000 0.129904
v -0.112500 1.989904 0.075000
v -0.087500 1.989904 0.075000
v -0.112500 2.010000 0.000000
v -0.087500 2.010000 0.000000
v -0.112500 1.989904 -0.075000
v -0.087500 1.989904 -0.075000
v -0.112500 1.935000 -0.129904
v -0.087500 1.935000 -0.129904
v -0.062500 1.860000 -0.150000
v -0.037500 1.860000 -0.150000
v -0.062500 1.785000 -0.129904
v -0.037500 1.785000 -0.129904
v -0.062500 1.730096 -0.075000
v -0.037500 1.730096 -0.075000
v -0.062500 1.710000 0.000000
v -0.037500 1.710000 0.000000
v -0.062500 1.730096 0.075000
v -0.037500 1.730096 0.075000
v -0.062500 1.785000 0.129904
v -0.037500 1.785000 0.129904
v -0.062500 1.860000 0.150000
v -0.037500 1.860000 0.150000
v -0.062500 1.935000 0.129904
v -0.037500 1.935000 0.129904
v -0.062500 1.989904 0.075000
v -0.037500 1.989904 0.075000
v -0.062500 2.010000 0.000000
v -0.037500 2.010000 0.000000
v -0.062500 1.989904 -0.075000
v -0.037500 1.989904 -0.075000
v -0.062500 1.935000 -0.129904
v -0.037500 1.935000 -0.129904
v -0.012500 1.860000 -0.150000
v 0.012500 1.860000 -0.150000
v -0.012500 1.785000 -0.129904
v 0.012500 1.785000 -0.129904
v -0.012500 1.730096 -0.075000
v 0.012500 1.730096 -0.075000
v -0.012500 1.710000 0.000000
v 0.012500 1.710000 0.000000
v -0.012500 1.730096 0.075000
v 0.012500 1.730096 0.075000
v -0.012500 1.785000 0.129904
v 0.012500 1.785000 0.129904
v -0.012500 1.860000 0.150000
v 0.012500 1.860000 0.150000
v -0.012500 1.935000 0.129904
v 0.012500 1.935000 0.129904
v -0.012500 1.989904 0.075000
v 0.012500 1.989904 0.075000
v -0.012500 2.010000 0.000000
v 0.012500 2.010000 0.000000
v -0.012500 1.989904 -0.075000
v 0.012500 1.989904 -0.075000
v -0.012500 1.935000 -0.129904
v 0.012500 1.935000 -0.129904
v 0.037500 1.860000 -0.150000
v 0.062500 1.860000 -0.150000
v 0.037500 1.785000 -0.129904
v 0.062500 1.785000 -0.129904
v 0.037500 1.730096 -0.075000
v 0.062500 1.730096 -0.075000
v 0.037500 1.710000 0.000000
v 0.062500 1.710000 0.000000
v 0.037500 1.730096 0.075000
v 0.062500 1.730096 0.075000
v 0.037500 1.785000 0.129904
v 0.062500 1.785000 0.129904
v 0.037500 1.860000 0.150000
v 0.062500 1.860000 0.150000
v 0.037500 1.935000 0.129904
v 0.062500 1.935000 0.129904
v 0.037500 1.989904 0.075000
v 0.062500 1.989904 0.075000
v 0.037500 2.010000 0.000000
v 0.062500 2.010000 0.000000
v 0.037500 1.989904 -0.075000
v 0.062500 1.989904 -0.075000
v 0.037500 1.935000 -0.129904
v 0.062500 1.935000 -0.129904
v 0.087500 1.860000 -0.150000
v 0.112500 1.860000 -0.150000
v 0.087500 1.785000 -0.129904
v 0.112500 1.785000 -0.129904
v 0.087500 1.730096 -0.075000
v 0.112500 1.730096 -0.075000
v 0.087500 1.710000 0.000000
v 0.112500 1.710000 0.000000
v 0.087500 1.730096 0.075000
v 0.112500 1.730096 0.075000
v 0.087500 1.785000 0.129904
v 0.112500 1.785000 0.129904
v 0.087500 1.860000 0.150000
v 0.112500 1.860000 0.150000
v 0.087500 1.935000 0.129904
v 0.112500 1.935000 0.129904
v 0.087500 1.989904 0.075000
v 0.112500 1.989904 0.075000
v 0.087500 2.010000 0.000000
v 0.112500 2.010000 0.000000
v 0.087500 1.989904 -0.075000
v 0.112500 1.989904 -0.075000
v 0.087500 1.935000 -0.129904
v 0.112500 1.935000 -0.129904
v 0.137500 1.860000 -0.150000
v 0.162500 1.860000 -0.150000
v 0.137500 1.785000 -0.129904
v 0.162500 1.785000 -0.129904
v 0.137500 1.730096 -0.075000
v 0.162500 1.730096 -0.075000
v 0.137500 1.710000 0.000000
v 0.162500 1.710000 0.000000
v 0.137500 1.730096 0.075000
v 0.162500 1.730096 0.075000
v 0.137500 1.785000 0.129904
v 0.162500 1.785000 0.129904
v 0.137500 1.860000 0.150000
v 0.162500 1.860000 0.150000
v 0.137500 1.935000 0.129904
v 0.162500 1.935000 0.129904
v 0.137500 1.989904 0.075000
v 0.162500 1.989904 0.075000
v 0.137500 2.010000 0.000000
v 0.162500 2.010000 0.000000
v 0.137500 1.989904 -0.075000
v 0.162500 1.989904 -0.075000
v 0.137500 1.935000 -0.129904
v 0.162500 1.935000 -0.129904
v 0.187500 1.860000 -0.150000
v 0.212500 1.860000 -0.150000
v 0.187500 1.785000 -0.129904
v 0.212500 1.785000 -0.129904
v 0.187500 1.730096 -0.075000
v 0.212500 1.730096 -0.075000
v 0.187500 1.710000 0.000000
v 0.212500 1.710000 0.000000
v 0.187500 1.730096 0.075000
v 0.212500 1.730096 0.075000
v 0.187500 1.785000 0.129904
v 0.212500 1.785000 0.129904
v 0.187500 1.860000 0.150000
v 0.212500 1.860000 0.150000
v 0.187500 1.935000 0.129904
v 0.212500 1.935000 0.129904
v 0.187500 1.989904 0.075000
v 0.212500 1.989904 0.075000
v 0.187500 2.010000 0.000000
v 0.212500 2.010000 0.000000
v 0.187500 1.989904 -0.075000
v 0.212500 1.989904 -0.075000
v 0.187500 1.935000 -0.129904
v 0.212500 1.935000 -0.129904
v 0.237500 1.860000 -0.150000
v 0.262500 1.860000 -0.150000
v 0.237500 1.785000 -0.129904
v 0.262500 1.785000 -0.129904
v 0.237500 1.730096 -0.075000
v 0.262500 1.730096 -0.075000
v 0.237500 1.710000 0.000000
v 0.262500 1.710000 0.000000
v 0.237500 1.730096 0.075000
v 0.262500 1.730096 0.075000
v 0.237500 1.785000 0.129904
v 0.262500 1.785000 0.129904
v 0.237500 1.860000 0.150000
v 0.262500 1.860000 0.150000
v 0.237500 1.935000 0.129904
v 0.262500 1.935000 0.129904
v 0.237500 1.989904 0.075000
v 0.262500 1.989904 0.075000
v 0.237500 2.010000 0.000000
v 0.262500 2.010000 0.000000
v 0.237500 1.989904 -0.075000
v 0.262500 1.989904 -0.075000
v 0.237500 1.935000 -0.129904
v 0.262500 1.935000 -0.129904
v 0.018000 1.860000 0.150000
v 0.018000 0.450000 0.150000
v 0.012728 1.860000 0.137272
v 0.012728 0.450000 0.137272
v 0.000000 1.860000 0.132000
v -0.000000 0.450000 0.132000
v -0.012728 1.860000 0.137272
v -0.012728 0.450000 0.137272
v -0.018000 1.860000 0.150000
v -0.018000 0.450000 0.150000
v -0.012728 1.860000 0.162728
v -0.012728 0.450000 0.162728
v 0.000000 1.860000 0.168000
v -0.000000 0.450000 0.168000
v 0.012728 1.860000 0.162728
v 0.012728 0.450000 0.162728
v -1.130000 2.479307 0.045571
v -1.130000 2.504324 0.058767
v -1.150000 2.498414 0.039660
v -1.130000 2.561644 0.041036
v -1.130000 2.574841 0.016019
v -1.150000 2.555734 0.021929
v -1.130000 2.225160 -0.776019
v -1.150000 2.244266 -0.781929
v -1.130000 2.238356 -0.801036
v -1.130000 2.320693 -0.805571
v -1.130000 2.295676 -0.818767
v -1.150000 2.301586 -0.799660
v 1.130000 2.479307 0.045571
v 1.150000 2.498414 0.039660
v 1.130000 2.504324 0.058767
v 1.130000 2.574841 0.016019
v 1.130000 2.561644 0.041036
v 1.150000 2.555734 0.021929
v 1.130000 2.225160 -0.776019
v 1.130000 2.238356 -0.801036
v 1.150000 2.244266 -0.781929
v 1.130000 2.320693 -0.805571
v 1.150000 2.301586 -0.799660
v 1.130000 2.295676 -0.818767
v -1.130000 2.225160 0.776019
v -1.130000 2.238356 0.801036
v -1.150000 2.244266 0.781929
v -1.130000 2.295676 0.818767
v -1.130000 2.320693 0.805571
v -1.150000 2.301586 0.799660
v -1.130000 2.479307 -0.045571
v -1.150000 2.498414 -0.039660
v -1.130000 2.504324 -0.058767
v -1.130000 2.574841 -0.016019
v -1.130000 2.561644 -0.041036
v -1.150000 2.555734 -0.021929
v 1.130000 2.225160 0.776019
v 1.150000 2.244266 0.781929
v 1.130000 2.238356 0.801036
v 1.130000 2.320693 0.805571
v 1.130000 2.295676 0.818767
v 1.150000 2.301586 0.799660
v 1.130000 2.479307 -0.045571
v 1.130000 2.504324 -0.058767
v 1.150000 2.498414 -0.039660
v 1.130000 2.574841 -0.016019
v 1.150000 2.555734 -0.021929
v 1.130000 2.561644 -0.041036
v 1.020000 1.400000 -0.060000
v 1.020000 1.900000 -0.060000
v 1.050000 1.400000 -0.051962
v 1.050000 1.900000 -0.051962
v 1.071962 1.400000 -0.030000
v 1.071962 1.900000 -0.030000
v 1.080000 1.400000 0.000000
v 1.080000 1.900000 0.000000
v 1.071962 1.400000 0.030000
v 1.071962 1.900000 0.030000
v 1.050000 1.400000 0.051962
v 1.050000 1.900000 0.051962
v 1.020000 1.400000 0.060000
v 1.020000 1.900000 0.060000
v 0.990000 1.400000 0.051962
v 0.990000 1.900000 0.051962
v 0.968038 1.400000 0.030000
v 0.968038 1.900000 0.030000
v 0.960000 1.400000 0.000000
v 0.960000 1.900000 0.000000
v 0.968038 1.400000 -0.030000
v 0.968038 1.900000 -0.030000
v 0.990000 1.400000 -0.051962
v 0.990000 1.900000 -0.051962
v 1.025000 1.420000 -0.055000
v 1.275000 1.420000 -0.055000
v 1.025000 1.392500 -0.047631
v 1.275000 1.392500 -0.047631
v 1.025000 1.372369 -0.027500
v 1.275000 1.372369 -0.027500
v 1.025000 1.365000 0.000000
v 1.275000 1.365000 0.000000
v 1.025000 1.372369 0.027500
v 1.275000 1.372369 0.027500
v 1.025000 1.392500 0.047631
v 1.275000 1.392500 0.047631
v 1.025000 1.420000 0.055000
v 1.275000 1.420000 0.055000
v 1.025000 1.447500 0.047631
v 1.275000 1.447500 0.047631
v 1.025000 1.467631 0.027500
v 1.275000 1.467631 0.027500
v 1.025000 1.475000 0.000000
v 1.275000 1.475000 0.000000
v 1.025000 1.467631 -0.027500
v 1.275000 1.467631 -0.027500
v 1.025000 1.447500 -0.047631
v 1.275000 1.447500 -0.047631
vn -0.5774 -0.5774 0.5774
vn -0.5773 0.5774 0.5774
vn -0.5773 -0.5774 -0.5773
vn -0.5773 0.5774 -0.5774
vn 0.5773 -0.5774 0.5774
vn 0.5773 0.5774 0.5774
vn 0.5773 -0.5774 -0.5773
vn 0.5773 0.5774 -0.5774
vn -0.7071 -0.7071 -0.0000
vn -0.7071 -0.0000 0.7071
vn -0.7071 0.7071 -0.0000
vn -0.7071 -0.0000 -0.7071
vn -0.0000 -0.7071 -0.7071
vn -0.0000 0.7071 -0.7071
vn 0.7071 -0.0000 -0.7071
vn 0.7071 -0.7071 -0.0000
vn 0.7071 0.7071 -0.0000
vn 0.7071 -0.0000 0.7071
vn -0.0000 -0.7071 0.7071
vn -0.0000 0.7071 0.7071
vn -0.0000 -1.0000 -0.0000
vn -1.0000 -0.0000 -0.0000
vn -0.0000 -0.0000 1.0000
vn -0.0000 1.0000 -0.0000
vn -0.0000 -0.0000 -1.0000
vn 1.0000 -0.0000 -0.0000
vn -0.7887 -0.5773 0.2113
vn -0.7887 0.5773 0.2113
vn -0.2113 -0.5774 -0.7887
vn -0.2113 0.5773 -0.7887
vn 0.2113 -0.5773 0.7887
vn 0.2113 0.5774 0.7887
vn 0.7887 -0.5773 -0.2113
vn 0.7887 0.5773 -0.2113
vn -0.6124 -0.7071 -0.3536
vn -0.9659 -0.0000 0.2588
vn -0.6124 0.7071 -0.3536
vn -0.2588 -0.0000 -0.9659
vn 0.3536 -0.7071 -0.6124
vn 0.3536 0.7071 -0.6124
vn 0.9659 -0.0000 -0.2588
vn 0.6124 -0.7071 0.3536
vn 0.6124 0.7071 0.3536
vn 0.2588 -0.0000 0.9659
vn -0.3536 -0.7071 0.6124
vn -0.3536 0.7071 0.6124
vn -0.8660 -0.0000 -0.5000
vn -0.5000 -0.0000 0.8660
vn 0.5000 -0.0000 -0.8660
vn 0.8660 -0.0000 0.5000
vn -0.7887 -0.5774 -0.2113
vn -0.7887 0.5774 -0.2113
vn 0.2113 -0.5774 -0.7887
vn 0.2113 0.5773 -0.7887
vn -0.2113 -0.5773 0.7887
vn -0.2113 0.5773 0.7887
vn 0.7887 -0.5774 0.2113
vn 0.7887 0.5774 0.2113
vn -0.3536 -0.7071 -0.6124
vn -0.9659 -0.0000 -0.2588
vn -0.3536 0.7071 -0.6124
vn 0.2588 -0.0000 -0.9659
vn 0.6124 -0.7071 -0.3536
vn 0.6124 0.7071 -0.3536
vn 0.9659 -0.0000 0.2588
vn 0.3536 -0.7071 0.6124
vn 0.3536 0.7071 0.6124
vn -0.2588 -0.0000 0.9659
vn -0.6124 -0.7071 0.3536
vn -0.6124 0.7071 0.3536
vn -0.5000 -0.0000 -0.8660
vn -0.8660 -0.0000 0.5000
vn 0.8660 -0.0000 -0.5000
vn 0.5000 -0.0000 0.8660
vn -0.5774 -0.5773 -0.5774
vn -0.5773 0.5773 -0.5774
vn 0.5774 -0.5773 -0.5774
vn 0.5773 0.5773 -0.5774
vn -0.5774 -0.5773 0.5774
vn -0.5773 0.5773 0.5774
vn 0.5774 -0.5773 0.5774
vn 0.5773 0.5773 0.5774
vn -0.2113 0.5774 -0.7887
vn 0.7887 -0.5774 -0.2113
vn 0.7887 0.5774 -0.2113
vn -0.7887 -0.5774 0.2113
vn -0.7887 0.5774 0.2113
vn 0.2113 -0.5774 0.7887
vn 0.2113 -0.5773 -0.7887
vn 0.2113 0.5774 -0.7887
vn -0.7887 -0.5773 -0.2113
vn -0.7887 0.5773 -0.2113
vn -0.2113 -0.5774 0.7887
vn -0.2113 0.5774 0.7887
vn 0.5773 -0.5774 -0.5774
vn 0.5773 -0.5774 0.5773
vn 0.5773 0.5774 0.5773
vn -0.5774 -0.5774 -0.5774
vn -0.5773 -0.5774 0.5773
vn -0.5773 0.5774 0.5773
vn -0.2113 -0.5773 -0.7887
vn 0.7887 -0.5773 0.2113
vn 0.7887 0.5773 0.2113
vn -0.7071 -0.5773 0.4082
vn -0.7071 0.5773 0.4082
vn -0.4082 -0.5774 -0.7071
vn -0.4082 0.5774 -0.7071
vn 0.4082 -0.5773 0.7071
vn 0.4082 0.5773 0.7071
vn 0.7071 -0.5773 -0.4082
vn 0.7071 0.5773 -0.4082
vn -0.6830 -0.7071 -0.1830
vn -0.6830 0.7071 -0.1830
vn 0.1830 -0.7071 -0.6830
vn 0.1830 0.7071 -0.6830
vn 0.6830 -0.7071 0.1830
vn 0.6830 0.7071 0.1830
vn -0.1830 -0.7071 0.6830
vn -0.1830 0.7071 0.6830
vn -0.8165 -0.5774 -0.0000
vn -0.8165 0.5773 -0.0000
vn -0.0000 -0.5774 -0.8165
vn -0.0000 0.5774 -0.8165
vn -0.0000 -0.5774 0.8165
vn -0.0000 0.5774 0.8165
vn 0.8165 -0.5774 -0.0000
vn 0.8165 0.5774 -0.0000
vn -0.5000 -0.7071 -0.5000
vn -0.5000 0.7071 -0.5000
vn 0.5000 -0.7071 -0.5000
vn 0.5000 0.7071 -0.5000
vn 0.5000 -0.7071 0.5000
vn 0.5000 0.7071 0.5000
vn -0.5000 -0.7071 0.5000
vn -0.5000 0.7071 0.5000
vn -0.7071 -0.5774 -0.4082
vn -0.7071 0.5773 -0.4082
vn 0.4082 -0.5774 -0.7071
vn 0.4083 0.5774 -0.7071
vn -0.4082 -0.5774 0.7071
vn -0.4082 0.5773 0.7071
vn 0.7071 -0.5774 0.4082
vn 0.7071 0.5773 0.4082
vn -0.1830 -0.7071 -0.6830
vn -0.1830 0.7071 -0.6830
vn 0.6830 -0.7071 -0.1830
vn 0.6830 0.7071 -0.1830
vn 0.1830 -0.7071 0.6830
vn 0.1830 0.7071 0.6830
vn -0.6830 -0.7071 0.1830
vn -0.6830 0.7071 0.1830
vn -0.4082 -0.5773 -0.7071
vn -0.4082 0.5773 -0.7071
vn 0.7071 -0.5774 -0.4082
vn -0.7071 -0.5774 0.4082
vn -0.7071 0.5774 0.4082
vn 0.4082 -0.5774 0.7071
vn 0.4083 0.5774 0.7071
vn 0.8165 0.5773 -0.0000
vn 0.4082 0.5774 -0.7071
vn 0.7071 0.5774 0.4082
vn -0.7071 -0.5773 -0.4082
vn -0.4082 0.5774 0.7071
vn 0.7071 0.5774 -0.4082
vn 0.7071 -0.5773 0.4082
vn -0.4082 -0.5773 0.7071
vn 0.4082 0.5773 -0.7071
vn -0.7071 0.5774 -0.4082
vn -0.4083 0.5774 -0.7071
vn 0.8165 -0.5773 -0.0000
vn -0.5774 0.5774 0.5774
vn -0.5773 0.5774 -0.5773
vn 0.5774 -0.5774 0.5774
vn 0.5774 0.5774 0.5774
vn 0.5773 0.5774 -0.5773
vn -0.5774 0.5773 -0.5774
vn 0.5774 0.5773 -0.5774
vn -0.5774 0.5773 0.5774
vn 0.5774 0.5773 0.5774
vn 0.5774 -0.5774 -0.5774
vn 0.5774 0.5774 -0.5774
vn -0.5774 0.5774 -0.5774
vn -0.4083 0.5773 -0.7071
vn 0.4083 0.5773 0.7071
vn -0.8165 -0.5773 -0.0000
vn 0.4083 -0.5774 -0.7071
vn 0.4083 0.5773 -0.7071
vn 0.4083 -0.5774 0.7071
vn -0.4083 0.5773 0.7071
vn 0.4082 -0.5773 -0.7071
vn -0.4083 -0.5774 -0.7071
vn -0.5774 0.5774 0.5773
vn -0.5774 0.5774 -0.5773
vn 0.5774 -0.5774 0.5773
vn 0.5774 0.5774 0.5773
vn 0.5774 -0.5774 -0.5773
vn 0.5774 0.5774 -0.5773
vn 0.3160 -0.2159 -0.9239
vn 0.7628 -0.5212 -0.3827
vn 0.7628 -0.5212 0.3827
vn 0.3160 -0.2159 0.9239
vn -0.3160 0.2159 0.9239
vn -0.7628 0.5212 0.3827
vn 0.5642 0.8256 -0.0000
vn -0.7628 0.5212 -0.3827
vn -0.3160 0.2159 -0.9239
vn -0.5642 -0.8256 -0.0000
vn -0.5774 -0.5774 0.5773
vn -0.5774 -0.5774 -0.5773
vn 0.3160 0.2159 -0.9239
vn 0.7628 0.5212 -0.3827
vn 0.7628 0.5212 0.3827
vn 0.3160 0.2159 0.9239
vn -0.3160 -0.2159 0.9239
vn -0.7628 -0.5212 0.3827
vn -0.5642 0.8256 -0.0000
vn -0.7628 -0.5212 -0.3827
vn -0.3160 -0.2159 -0.9239
vn 0.5642 -0.8257 -0.0000
vn -0.0000 -0.2588 -0.9659
vn -0.0000 -0.9659 -0.2588
vn -0.0000 -0.9659 0.2588
vn -0.0000 -0.2588 0.9659
vn -0.0000 0.2588 0.9659
vn -0.0000 0.9659 0.2588
vn -0.0000 0.9659 -0.2588
vn -0.0000 0.2588 -0.9659
vn 0.9239 -0.0000 -0.3827
vn 0.3827 -0.0000 -0.9239
vn -0.3827 -0.0000 -0.9239
vn -0.9239 -0.0000 -0.3827
vn -0.9239 -0.0000 0.3827
vn -0.3827 -0.0000 0.9239
vn 0.3827 -0.0000 0.9239
vn 0.9239 -0.0000 0.3827
vn -0.5773 -0.3809 0.7222
vn -0.5774 0.7222 0.3809
vn -0.5774 -0.7222 -0.3809
vn -0.5774 0.3809 -0.7222
vn 0.5773 -0.3809 0.7222
vn 0.5774 0.7222 0.3809
vn 0.5774 -0.7222 -0.3809
vn 0.5774 0.3809 -0.7222
vn -0.7071 -0.6755 0.2090
vn -0.7071 0.2090 0.6755
vn -0.7071 0.6755 -0.2090
vn -0.7071 -0.2090 -0.6755
vn -0.0000 -0.8845 -0.4666
vn -0.0000 0.4666 -0.8845
vn 0.7071 -0.2090 -0.6755
vn 0.7071 -0.6755 0.2090
vn 0.7071 0.6755 -0.2090
vn 0.7071 0.2090 0.6755
vn -0.0000 -0.4666 0.8845
vn -0.0000 0.8845 0.4666
vn -0.0000 -0.9553 0.2955
vn -0.0000 0.2955 0.9553
vn -0.0000 0.9553 -0.2955
vn -0.0000 -0.2955 -0.9553
vn -0.5774 -0.7222 0.3809
vn -0.5774 0.3809 0.7222
vn -0.5773 -0.3809 -0.7222
vn -0.5774 0.7222 -0.3809
vn 0.5774 -0.7222 0.3809
vn 0.5774 0.3809 0.7222
vn 0.5773 -0.3809 -0.7222
vn 0.5774 0.7222 -0.3809
vn -0.7071 -0.6755 -0.2090
vn -0.7071 -0.2090 0.6755
vn -0.7071 0.6755 0.2090
vn -0.7071 0.2090 -0.6755
vn -0.0000 -0.4666 -0.8845
vn -0.0000 0.8845 -0.4666
vn 0.7071 0.2090 -0.6755
vn 0.7071 -0.6755 -0.2090
vn 0.7071 0.6755 0.2090
vn 0.7071 -0.2090 0.6755
vn -0.0000 -0.8845 0.4666
vn -0.0000 0.4666 0.8845
vn -0.0000 -0.9553 -0.2955
vn -0.0000 -0.2955 0.9553
vn -0.0000 0.9553 0.2955
vn -0.0000 0.2955 -0.9553
vn 0.5642 0.8257 -0.0000
vn -0.5642 -0.8257 -0.0000
vn -0.5642 0.8257 -0.0000
vn 0.5642 -0.8256 -0.0000
vt 0.125000 0.625000
vt 0.125000 0.875000
vt 0.375000 0.875000
vt 0.125000 0.125000
s 0
usemtl WorldPickupPalette
f 1/1/1 2/1/1 3/1/1
f 4/1/2 5/1/2 6/1/2
f 7/1/3 8/1/3 9/1/3
f 10/1/4 11/1/4 12/1/4
f 13/1/5 14/1/5 15/1/5
f 16/1/6 17/1/6 18/1/6
f 19/1/7 20/1/7 21/1/7
f 22/1/8 23/1/8 24/1/8
f 1/1/9 8/1/9 7/1/9
f 4/1/10 3/1/10 2/1/10
f 10/1/11 6/1/11 5/1/11
f 9/1/12 12/1/12 11/1/12
f 7/1/13 20/1/13 19/1/13
f 22/1/14 11/1/14 10/1/14
f 21/1/15 24/1/15 23/1/15
f 19/1/16 14/1/16 13/1/16
f 16/1/17 23/1/17 22/1/17
f 15/1/18 18/1/18 17/1/18
f 13/1/19 2/1/19 1/1/19
f 5/1/20 17/1/20 16/1/20
f 19/1/21 1/1/21 7/1/21
f 6/1/22 8/1/22 3/1/22
f 17/1/23 2/1/23 15/1/23
f 10/1/24 16/1/24 22/1/24
f 11/1/25 20/1/25 9/1/25
f 23/1/26 14/1/26 21/1/26
f 25/1/27 26/1/27 27/1/27
f 28/1/28 29/1/28 30/1/28
f 31/1/29 32/1/29 33/1/29
f 34/1/30 35/1/30 36/1/30
f 37/1/31 38/1/31 39/1/31
f 40/1/32 41/1/32 42/1/32
f 43/1/33 44/1/33 45/1/33
f 46/1/34 47/1/34 48/1/34
f 31/1/35 27/1/35 32/1/35
f 28/1/36 27/1/36 26/1/36
f 34/1/37 30/1/37 29/1/37
f 33/1/38 36/1/38 35/1/38
f 31/1/39 44/1/39 43/1/39
f 34/1/40 48/1/40 35/1/40
f 45/1/41 48/1/41 47/1/41
f 37/1/42 45/1/42 38/1/42
f 40/1/43 47/1/43 46/1/43
f 39/1/44 42/1/44 41/1/44
f 37/1/45 26/1/45 25/1/45
f 40/1/46 28/1/46 41/1/46
f 31/1/21 37/1/21 25/1/21
f 30/1/47 32/1/47 27/1/47
f 41/1/48 26/1/48 39/1/48
f 34/1/24 40/1/24 46/1/24
f 35/1/49 44/1/49 33/1/49
f 47/1/50 38/1/50 45/1/50
f 49/1/51 50/1/51 51/1/51
f 52/1/52 53/1/52 54/1/52
f 55/1/53 56/1/53 57/1/53
f 58/1/54 59/1/54 60/1/54
f 61/1/55 62/1/55 63/1/55
f 64/1/56 65/1/56 66/1/56
f 67/1/57 68/1/57 69/1/57
f 70/1/58 71/1/58 72/1/58
f 49/1/59 56/1/59 55/1/59
f 52/1/60 51/1/60 50/1/60
f 58/1/61 54/1/61 53/1/61
f 57/1/62 60/1/62 59/1/62
f 67/1/63 57/1/63 68/1/63
f 70/1/64 59/1/64 58/1/64
f 69/1/65 72/1/65 71/1/65
f 67/1/66 62/1/66 61/1/66
f 70/1/67 66/1/67 71/1/67
f 63/1/68 66/1/68 65/1/68
f 49/1/69 63/1/69 50/1/69
f 53/1/70 65/1/70 64/1/70
f 67/1/21 49/1/21 55/1/21
f 54/1/71 56/1/71 51/1/71
f 65/1/72 50/1/72 63/1/72
f 70/1/24 53/1/24 64/1/24
f 59/1/73 68/1/73 57/1/73
f 71/1/74 62/1/74 69/1/74
f 73/1/75 74/1/75 75/1/75
f 76/1/76 77/1/76 78/1/76
f 79/1/77 80/1/77 81/1/77
f 82/1/78 83/1/78 84/1/78
f 85/1/79 86/1/79 87/1/79
f 88/1/80 89/1/80 90/1/80
f 91/1/81 92/1/81 93/1/81
f 94/1/82 95/1/82 96/1/82
f 73/1/13 80/1/13 79/1/13
f 76/1/12 75/1/12 74/1/12
f 82/1/14 78/1/14 77/1/14
f 81/1/15 84/1/15 83/1/15
f 79/1/16 92/1/16 91/1/16
f 94/1/17 83/1/17 82/1/17
f 93/1/18 96/1/18 95/1/18
f 91/1/19 86/1/19 85/1/19
f 88/1/20 95/1/20 94/1/20
f 87/1/10 90/1/10 89/1/10
f 85/1/9 74/1/9 73/1/9
f 77/1/11 89/1/11 88/1/11
f 91/1/21 73/1/21 79/1/21
f 78/1/25 80/1/25 75/1/25
f 89/1/22 74/1/22 87/1/22
f 82/1/24 88/1/24 94/1/24
f 83/1/26 92/1/26 81/1/26
f 95/1/23 86/1/23 93/1/23
f 97/1/29 98/1/29 99/1/29
f 100/1/83 101/1/83 102/1/83
f 103/1/84 104/1/84 105/1/84
f 106/1/85 107/1/85 108/1/85
f 109/1/86 110/1/86 111/1/86
f 112/1/87 113/1/87 114/1/87
f 115/1/88 116/1/88 117/1/88
f 118/1/32 119/1/32 120/1/32
f 103/1/39 99/1/39 104/1/39
f 100/1/38 99/1/38 98/1/38
f 106/1/40 102/1/40 101/1/40
f 105/1/41 108/1/41 107/1/41
f 115/1/42 105/1/42 116/1/42
f 118/1/43 107/1/43 106/1/43
f 117/1/44 120/1/44 119/1/44
f 109/1/45 117/1/45 110/1/45
f 112/1/46 119/1/46 118/1/46
f 111/1/36 114/1/36 113/1/36
f 109/1/35 98/1/35 97/1/35
f 112/1/37 100/1/37 113/1/37
f 103/1/21 109/1/21 97/1/21
f 102/1/49 104/1/49 99/1/49
f 113/1/47 98/1/47 111/1/47
f 106/1/24 112/1/24 118/1/24
f 107/1/50 116/1/50 105/1/50
f 119/1/48 110/1/48 117/1/48
f 121/1/89 122/1/89 123/1/89
f 124/1/90 125/1/90 126/1/90
f 127/1/57 128/1/57 129/1/57
f 130/1/58 131/1/58 132/1/58
f 133/1/91 134/1/91 135/1/91
f 136/1/92 137/1/92 138/1/92
f 139/1/93 140/1/93 141/1/93
f 142/1/94 143/1/94 144/1/94
f 121/1/63 128/1/63 127/1/63
f 124/1/62 123/1/62 122/1/62
f 125/1/64 132/1/64 126/1/64
f 129/1/65 132/1/65 131/1/65
f 127/1/66 140/1/66 139/1/66
f 130/1/67 144/1/67 131/1/67
f 141/1/68 144/1/68 143/1/68
f 139/1/69 134/1/69 133/1/69
f 142/1/70 138/1/70 143/1/70
f 135/1/60 138/1/60 137/1/60
f 133/1/59 122/1/59 121/1/59
f 136/1/61 124/1/61 137/1/61
f 139/1/21 121/1/21 127/1/21
f 126/1/73 128/1/73 123/1/73
f 137/1/71 122/1/71 135/1/71
f 142/1/24 125/1/24 136/1/24
f 131/1/74 140/1/74 129/1/74
f 143/1/72 134/1/72 141/1/72
f 145/1/95 146/1/95 147/1/95
f 148/1/8 149/1/8 150/1/8
f 151/1/96 152/1/96 153/1/96
f 154/1/97 155/1/97 156/1/97
f 157/1/98 158/1/98 159/1/98
f 160/1/4 161/1/4 162/1/4
f 163/1/99 164/1/99 165/1/99
f 166/1/100 167/1/100 168/1/100
f 145/1/16 152/1/16 151/1/16
f 148/1/15 147/1/15 146/1/15
f 149/1/17 156/1/17 150/1/17
f 153/1/18 156/1/18 155/1/18
f 151/1/19 164/1/19 163/1/19
f 166/1/20 155/1/20 154/1/20
f 165/1/10 168/1/10 167/1/10
f 163/1/9 158/1/9 157/1/9
f 166/1/11 162/1/11 167/1/11
f 159/1/12 162/1/12 161/1/12
f 157/1/13 146/1/13 145/1/13
f 149/1/14 161/1/14 160/1/14
f 151/1/21 157/1/21 145/1/21
f 150/1/26 152/1/26 147/1/26
f 161/1/25 146/1/25 159/1/25
f 154/1/24 160/1/24 166/1/24
f 155/1/23 164/1/23 153/1/23
f 167/1/22 158/1/22 165/1/22
f 169/1/33 170/1/33 171/1/33
f 172/1/34 173/1/34 174/1/34
f 175/1/88 176/1/88 177/1/88
f 178/1/32 179/1/32 180/1/32
f 181/1/101 182/1/101 183/1/101
f 184/1/83 185/1/83 186/1/83
f 187/1/27 188/1/27 189/1/27
f 190/1/87 191/1/87 192/1/87
f 175/1/42 171/1/42 176/1/42
f 172/1/41 171/1/41 170/1/41
f 178/1/43 174/1/43 173/1/43
f 177/1/44 180/1/44 179/1/44
f 175/1/45 188/1/45 187/1/45
f 178/1/46 192/1/46 179/1/46
f 189/1/36 192/1/36 191/1/36
f 181/1/35 189/1/35 182/1/35
f 184/1/37 191/1/37 190/1/37
f 183/1/38 186/1/38 185/1/38
f 181/1/39 170/1/39 169/1/39
f 173/1/40 185/1/40 184/1/40
f 175/1/21 181/1/21 169/1/21
f 174/1/50 176/1/50 171/1/50
f 185/1/49 170/1/49 183/1/49
f 178/1/24 184/1/24 190/1/24
f 179/1/48 188/1/48 177/1/48
f 191/1/47 182/1/47 189/1/47
f 193/1/57 194/1/57 195/1/57
f 196/1/58 197/1/58 198/1/58
f 199/1/93 200/1/93 201/1/93
f 202/1/56 203/1/56 204/1/56
f 205/1/89 206/1/89 207/1/89
f 208/1/54 209/1/54 210/1/54
f 211/1/51 212/1/51 213/1/51
f 214/1/52 215/1/52 216/1/52
f 193/1/66 200/1/66 199/1/66
f 196/1/65 195/1/65 194/1/65
f 197/1/67 204/1/67 198/1/67
f 201/1/68 204/1/68 203/1/68
f 211/1/69 201/1/69 212/1/69
f 214/1/70 203/1/70 202/1/70
f 213/1/60 216/1/60 215/1/60
f 205/1/59 213/1/59 206/1/59
f 208/1/61 215/1/61 214/1/61
f 207/1/62 210/1/62 209/1/62
f 193/1/63 207/1/63 194/1/63
f 197/1/64 209/1/64 208/1/64
f 211/1/21 193/1/21 199/1/21
f 198/1/74 200/1/74 195/1/74
f 209/1/73 194/1/73 207/1/73
f 214/1/24 197/1/24 208/1/24
f 203/1/72 212/1/72 201/1/72
f 215/1/71 206/1/71 213/1/71
f 217/1/81 218/1/81 219/1/81
f 220/1/82 221/1/82 222/1/82
f 223/1/79 224/1/79 225/1/79
f 226/1/80 227/1/80 228/1/80
f 229/1/77 230/1/77 231/1/77
f 232/1/78 233/1/78 234/1/78
f 235/1/75 236/1/75 237/1/75
f 238/1/76 239/1/76 240/1/76
f 217/1/19 224/1/19 223/1/19
f 220/1/18 219/1/18 218/1/18
f 226/1/20 222/1/20 221/1/20
f 225/1/10 228/1/10 227/1/10
f 223/1/9 236/1/9 235/1/9
f 238/1/11 227/1/11 226/1/11
f 237/1/12 240/1/12 239/1/12
f 235/1/13 230/1/13 229/1/13
f 232/1/14 239/1/14 238/1/14
f 231/1/15 234/1/15 233/1/15
f 229/1/16 218/1/16 217/1/16
f 221/1/17 233/1/17 232/1/17
f 235/1/21 217/1/21 223/1/21
f 222/1/23 224/1/23 219/1/23
f 233/1/26 218/1/26 231/1/26
f 226/1/24 232/1/24 238/1/24
f 227/1/22 236/1/22 225/1/22
f 239/1/25 230/1/25 237/1/25
f 241/1/31 242/1/31 243/1/31
f 244/1/32 245/1/32 246/1/32
f 247/1/86 248/1/86 249/1/86
f 250/1/87 251/1/87 252/1/87
f 253/1/84 254/1/84 255/1/84
f 256/1/85 257/1/85 258/1/85
f 259/1/29 260/1/29 261/1/29
f 262/1/30 263/1/30 264/1/30
f 247/1/45 243/1/45 248/1/45
f 244/1/44 243/1/44 242/1/44
f 250/1/46 246/1/46 245/1/46
f 249/1/36 252/1/36 251/1/36
f 247/1/35 260/1/35 259/1/35
f 250/1/37 264/1/37 251/1/37
f 261/1/38 264/1/38 263/1/38
f 253/1/39 261/1/39 254/1/39
f 256/1/40 263/1/40 262/1/40
f 255/1/41 258/1/41 257/1/41
f 253/1/42 242/1/42 241/1/42
f 256/1/43 244/1/43 257/1/43
f 247/1/21 253/1/21 241/1/21
f 246/1/48 248/1/48 243/1/48
f 257/1/50 242/1/50 255/1/50
f 250/1/24 256/1/24 262/1/24
f 251/1/47 260/1/47 249/1/47
f 263/1/49 254/1/49 261/1/49
f 265/1/55 266/1/55 267/1/55
f 268/1/56 269/1/56 270/1/56
f 271/1/51 272/1/51 273/1/51
f 274/1/52 275/1/52 276/1/52
f 277/1/102 278/1/102 279/1/102
f 280/1/103 281/1/103 282/1/103
f 283/1/89 284/1/89 285/1/89
f 286/1/54 287/1/54 288/1/54
f 271/1/69 267/1/69 272/1/69
f 268/1/68 267/1/68 266/1/68
f 274/1/70 270/1/70 269/1/70
f 273/1/60 276/1/60 275/1/60
f 283/1/59 273/1/59 284/1/59
f 286/1/61 275/1/61 274/1/61
f 285/1/62 288/1/62 287/1/62
f 277/1/63 285/1/63 278/1/63
f 280/1/64 287/1/64 286/1/64
f 279/1/65 282/1/65 281/1/65
f 265/1/66 279/1/66 266/1/66
f 269/1/67 281/1/67 280/1/67
f 283/1/21 265/1/21 271/1/21
f 270/1/72 272/1/72 267/1/72
f 281/1/74 266/1/74 279/1/74
f 286/1/24 269/1/24 280/1/24
f 275/1/71 284/1/71 273/1/71
f 287/1/73 278/1/73 285/1/73
f 289/1/104 290/1/104 291/1/104
f 292/1/105 293/1/105 294/1/105
f 295/1/106 296/1/106 297/1/106
f 298/1/107 299/1/107 300/1/107
f 301/1/108 302/1/108 303/1/108
f 304/1/109 305/1/109 306/1/109
f 307/1/110 308/1/110 309/1/110
f 310/1/111 311/1/111 312/1/111
f 289/1/112 296/1/112 295/1/112
f 292/1/72 291/1/72 290/1/72
f 293/1/113 300/1/113 294/1/113
f 297/1/71 300/1/71 299/1/71
f 307/1/114 297/1/114 308/1/114
f 310/1/115 299/1/115 298/1/115
f 309/1/73 312/1/73 311/1/73
f 307/1/116 302/1/116 301/1/116
f 310/1/117 306/1/117 311/1/117
f 303/1/74 306/1/74 305/1/74
f 289/1/118 303/1/118 290/1/118
f 293/1/119 305/1/119 304/1/119
f 307/1/21 289/1/21 295/1/21
f 294/1/60 296/1/60 291/1/60
f 305/1/68 290/1/68 303/1/68
f 310/1/24 293/1/24 304/1/24
f 299/1/62 308/1/62 297/1/62
f 311/1/65 302/1/65 309/1/65
f 313/1/120 314/1/120 315/1/120
f 316/1/121 317/1/121 318/1/121
f 319/1/122 320/1/122 321/1/122
f 322/1/123 323/1/123 324/1/123
f 325/1/124 326/1/124 327/1/124
f 328/1/125 329/1/125 330/1/125
f 331/1/126 332/1/126 333/1/126
f 334/1/127 335/1/127 336/1/127
f 313/1/128 320/1/128 319/1/128
f 316/1/22 315/1/22 314/1/22
f 322/1/129 318/1/129 317/1/129
f 321/1/25 324/1/25 323/1/25
f 319/1/130 332/1/130 331/1/130
f 334/1/131 323/1/131 322/1/131
f 333/1/26 336/1/26 335/1/26
f 331/1/132 326/1/132 325/1/132
f 328/1/133 335/1/133 334/1/133
f 327/1/23 330/1/23 329/1/23
f 325/1/134 314/1/134 313/1/134
f 317/1/135 329/1/135 328/1/135
f 331/1/21 313/1/21 319/1/21
f 318/1/12 320/1/12 315/1/12
f 329/1/10 314/1/10 327/1/10
f 322/1/24 328/1/24 334/1/24
f 323/1/15 332/1/15 321/1/15
f 335/1/18 326/1/18 333/1/18
f 337/1/136 338/1/136 339/1/136
f 340/1/137 341/1/137 342/1/137
f 343/1/138 344/1/138 345/1/138
f 346/1/139 347/1/139 348/1/139
f 349/1/140 350/1/140 351/1/140
f 352/1/141 353/1/141 354/1/141
f 355/1/142 356/1/142 357/1/142
f 358/1/143 359/1/143 360/1/143
f 337/1/144 344/1/144 343/1/144
f 340/1/47 339/1/47 338/1/47
f 346/1/145 342/1/145 341/1/145
f 345/1/49 348/1/49 347/1/49
f 355/1/146 345/1/146 356/1/146
f 358/1/147 347/1/147 346/1/147
f 357/1/50 360/1/50 359/1/50
f 349/1/148 357/1/148 350/1/148
f 352/1/149 359/1/149 358/1/149
f 351/1/48 354/1/48 353/1/48
f 349/1/150 338/1/150 337/1/150
f 352/1/151 340/1/151 353/1/151
f 355/1/21 337/1/21 343/1/21
f 342/1/38 344/1/38 339/1/38
f 353/1/36 338/1/36 351/1/36
f 358/1/24 341/1/24 352/1/24
f 347/1/41 356/1/41 345/1/41
f 359/1/44 350/1/44 357/1/44
f 361/1/152 362/1/152 363/1/152
f 364/1/153 365/1/153 366/1/153
f 367/1/154 368/1/154 369/1/154
f 370/1/111 371/1/111 372/1/111
f 373/1/155 374/1/155 375/1/155
f 376/1/156 377/1/156 378/1/156
f 379/1/157 380/1/157 381/1/157
f 382/1/158 383/1/158 384/1/158
f 367/1/114 363/1/114 368/1/114
f 364/1/71 363/1/71 362/1/71
f 370/1/115 366/1/115 365/1/115
f 369/1/73 372/1/73 371/1/73
f 379/1/116 369/1/116 380/1/116
f 382/1/117 371/1/117 370/1/117
f 381/1/74 384/1/74 383/1/74
f 379/1/118 374/1/118 373/1/118
f 376/1/119 383/1/119 382/1/119
f 375/1/72 378/1/72 377/1/72
f 373/1/112 362/1/112 361/1/112
f 376/1/113 364/1/113 377/1/113
f 379/1/21 361/1/21 367/1/21
f 366/1/62 368/1/62 363/1/62
f 377/1/60 362/1/60 375/1/60
f 370/1/24 376/1/24 382/1/24
f 371/1/65 380/1/65 369/1/65
f 383/1/68 374/1/68 381/1/68
f 385/1/122 386/1/122 387/1/122
f 388/1/123 389/1/123 390/1/123
f 391/1/126 392/1/126 393/1/126
f 394/1/159 395/1/159 396/1/159
f 397/1/120 398/1/120 399/1/120
f 400/1/121 401/1/121 402/1/121
f 403/1/124 404/1/124 405/1/124
f 406/1/125 407/1/125 408/1/125
f 385/1/130 392/1/130 391/1/130
f 388/1/25 387/1/25 386/1/25
f 389/1/131 396/1/131 390/1/131
f 393/1/26 396/1/26 395/1/26
f 391/1/132 404/1/132 403/1/132
f 394/1/133 408/1/133 395/1/133
f 405/1/23 408/1/23 407/1/23
f 403/1/134 398/1/134 397/1/134
f 406/1/135 402/1/135 407/1/135
f 399/1/22 402/1/22 401/1/22
f 397/1/128 386/1/128 385/1/128
f 400/1/129 388/1/129 401/1/129
f 391/1/21 397/1/21 385/1/21
f 390/1/15 392/1/15 387/1/15
f 401/1/12 386/1/12 399/1/12
f 394/1/24 400/1/24 406/1/24
f 395/1/18 404/1/18 393/1/18
f 407/1/10 398/1/10 405/1/10
f 409/1/138 410/1/138 411/1/138
f 412/1/160 413/1/160 414/1/160
f 415/1/142 416/1/142 417/1/142
f 418/1/161 419/1/161 420/1/161
f 421/1/162 422/1/162 423/1/162
f 424/1/137 425/1/137 426/1/137
f 427/1/140 428/1/140 429/1/140
f 430/1/163 431/1/163 432/1/163
f 409/1/146 416/1/146 415/1/146
f 412/1/49 411/1/49 410/1/49
f 413/1/147 420/1/147 414/1/147
f 417/1/50 420/1/50 419/1/50
f 415/1/148 428/1/148 427/1/148
f 418/1/149 432/1/149 419/1/149
f 429/1/48 432/1/48 431/1/48
f 427/1/150 422/1/150 421/1/150
f 430/1/151 426/1/151 431/1/151
f 423/1/47 426/1/47 425/1/47
f 409/1/144 423/1/144 410/1/144
f 413/1/145 425/1/145 424/1/145
f 427/1/21 409/1/21 415/1/21
f 414/1/41 416/1/41 411/1/41
f 425/1/38 410/1/38 423/1/38
f 430/1/24 413/1/24 424/1/24
f 419/1/44 428/1/44 417/1/44
f 431/1/36 422/1/36 429/1/36
f 433/1/154 434/1/154 435/1/154
f 436/1/164 437/1/164 438/1/164
f 439/1/157 440/1/157 441/1/157
f 442/1/109 443/1/109 444/1/109
f 445/1/152 446/1/152 447/1/152
f 448/1/153 449/1/153 450/1/153
f 451/1/155 452/1/155 453/1/155
f 454/1/156 455/1/156 456/1/156
f 433/1/116 440/1/116 439/1/116
f 436/1/73 435/1/73 434/1/73
f 437/1/117 444/1/117 438/1/117
f 441/1/74 444/1/74 443/1/74
f 451/1/118 441/1/118 452/1/118
f 454/1/119 443/1/119 442/1/119
f 453/1/72 456/1/72 455/1/72
f 451/1/112 446/1/112 445/1/112
f 454/1/113 450/1/113 455/1/113
f 447/1/71 450/1/71 449/1/71
f 433/1/114 447/1/114 434/1/114
f 437/1/115 449/1/115 448/1/115
f 451/1/21 433/1/21 439/1/21
f 438/1/65 440/1/65 435/1/65
f 449/1/62 434/1/62 447/1/62
f 454/1/24 437/1/24 448/1/24
f 443/1/68 452/1/68 441/1/68
f 455/1/60 446/1/60 453/1/60
f 457/1/126 458/1/126 459/1/126
f 460/1/159 461/1/159 462/1/159
f 463/1/124 464/1/124 465/1/124
f 466/1/125 467/1/125 468/1/125
f 469/1/122 470/1/122 471/1/122
f 472/1/123 473/1/123 474/1/123
f 475/1/120 476/1/120 477/1/120
f 478/1/121 479/1/121 480/1/121
f 457/1/132 464/1/132 463/1/132
f 460/1/26 459/1/26 458/1/26
f 466/1/133 462/1/133 461/1/133
f 465/1/23 468/1/23 467/1/23
f 475/1/134 465/1/134 476/1/134
f 478/1/135 467/1/135 466/1/135
f 477/1/22 480/1/22 479/1/22
f 475/1/128 470/1/128 469/1/128
f 472/1/129 479/1/129 478/1/129
f 471/1/25 474/1/25 473/1/25
f 457/1/130 471/1/130 458/1/130
f 461/1/131 473/1/131 472/1/131
f 475/1/21 457/1/21 463/1/21
f 462/1/18 464/1/18 459/1/18
f 473/1/15 458/1/15 471/1/15
f 478/1/24 461/1/24 472/1/24
f 467/1/10 476/1/10 465/1/10
f 479/1/12 470/1/12 477/1/12
f 481/1/165 482/1/165 483/1/165
f 484/1/143 485/1/143 486/1/143
f 487/1/166 488/1/166 489/1/166
f 490/1/141 491/1/141 492/1/141
f 493/1/138 494/1/138 495/1/138
f 496/1/167 497/1/167 498/1/167
f 499/1/136 500/1/136 501/1/136
f 502/1/168 503/1/168 504/1/168
f 487/1/148 483/1/148 488/1/148
f 484/1/50 483/1/50 482/1/50
f 490/1/149 486/1/149 485/1/149
f 489/1/48 492/1/48 491/1/48
f 499/1/150 489/1/150 500/1/150
f 502/1/151 491/1/151 490/1/151
f 501/1/47 504/1/47 503/1/47
f 493/1/144 501/1/144 494/1/144
f 496/1/145 503/1/145 502/1/145
f 495/1/49 498/1/49 497/1/49
f 493/1/146 482/1/146 481/1/146
f 496/1/147 484/1/147 497/1/147
f 487/1/21 493/1/21 481/1/21
f 486/1/44 488/1/44 483/1/44
f 497/1/41 482/1/41 495/1/41
f 490/1/24 496/1/24 502/1/24
f 491/1/36 500/1/36 489/1/36
f 503/1/38 494/1/38 501/1/38
f 505/1/108 506/1/108 507/1/108
f 508/1/109 509/1/109 510/1/109
f 511/1/155 512/1/155 513/1/155
f 514/1/156 515/1/156 516/1/156
f 517/1/154 518/1/154 519/1/154
f 520/1/164 521/1/164 522/1/164
f 523/1/106 524/1/106 525/1/106
f 526/1/169 527/1/169 528/1/169
f 505/1/118 512/1/118 511/1/118
f 508/1/74 507/1/74 506/1/74
f 509/1/119 516/1/119 510/1/119
f 513/1/72 516/1/72 515/1/72
f 511/1/112 524/1/112 523/1/112
f 514/1/113 528/1/113 515/1/113
f 525/1/71 528/1/71 527/1/71
f 523/1/114 518/1/114 517/1/114
f 520/1/115 527/1/115 526/1/115
f 519/1/73 522/1/73 521/1/73
f 517/1/116 506/1/116 505/1/116
f 520/1/117 508/1/117 521/1/117
f 511/1/21 517/1/21 505/1/21
f 510/1/68 512/1/68 507/1/68
f 521/1/65 506/1/65 519/1/65
f 514/1/24 520/1/24 526/1/24
f 515/1/60 524/1/60 513/1/60
f 527/1/62 518/1/62 525/1/62
f 529/1/124 530/1/124 531/1/124
f 532/1/125 533/1/125 534/1/125
f 535/1/120 536/1/120 537/1/120
f 538/1/121 539/1/121 540/1/121
f 541/1/170 542/1/170 543/1/170
f 544/1/159 545/1/159 546/1/159
f 547/1/122 548/1/122 549/1/122
f 550/1/123 551/1/123 552/1/123
f 529/1/134 536/1/134 535/1/134
f 532/1/23 531/1/23 530/1/23
f 538/1/135 534/1/135 533/1/135
f 537/1/22 540/1/22 539/1/22
f 547/1/128 537/1/128 548/1/128
f 550/1/129 539/1/129 538/1/129
f 549/1/25 552/1/25 551/1/25
f 547/1/130 542/1/130 541/1/130
f 550/1/131 546/1/131 551/1/131
f 543/1/26 546/1/26 545/1/26
f 529/1/132 543/1/132 530/1/132
f 533/1/133 545/1/133 544/1/133
f 547/1/21 529/1/21 535/1/21
f 534/1/10 536/1/10 531/1/10
f 545/1/18 530/1/18 543/1/18
f 550/1/24 533/1/24 544/1/24
f 539/1/12 548/1/12 537/1/12
f 551/1/15 542/1/15 549/1/15
f 553/1/140 554/1/140 555/1/140
f 556/1/163 557/1/163 558/1/163
f 559/1/136 560/1/136 561/1/136
f 562/1/168 563/1/168 564/1/168
f 565/1/142 566/1/142 567/1/142
f 568/1/161 569/1/161 570/1/161
f 571/1/138 572/1/138 573/1/138
f 574/1/167 575/1/167 576/1/167
f 553/1/150 560/1/150 559/1/150
f 556/1/48 555/1/48 554/1/48
f 557/1/151 564/1/151 558/1/151
f 561/1/47 564/1/47 563/1/47
f 559/1/144 572/1/144 571/1/144
f 562/1/145 576/1/145 563/1/145
f 573/1/49 576/1/49 575/1/49
f 571/1/146 566/1/146 565/1/146
f 574/1/147 570/1/147 575/1/147
f 567/1/50 570/1/50 569/1/50
f 565/1/148 554/1/148 553/1/148
f 568/1/149 556/1/149 569/1/149
f 559/1/21 565/1/21 553/1/21
f 558/1/36 560/1/36 555/1/36
f 569/1/44 554/1/44 567/1/44
f 562/1/24 568/1/24 574/1/24
f 563/1/38 572/1/38 561/1/38
f 575/1/41 566/1/41 573/1/41
f 577/1/1 578/1/1 579/1/1
f 580/1/171 581/1/171 582/1/171
f 583/1/3 584/1/3 585/1/3
f 586/1/172 587/1/172 588/1/172
f 589/1/173 590/1/173 591/1/173
f 592/1/174 593/1/174 594/1/174
f 595/1/7 596/1/7 597/1/7
f 598/1/175 599/1/175 600/1/175
f 577/1/9 584/1/9 583/1/9
f 580/1/10 579/1/10 578/1/10
f 586/1/11 582/1/11 581/1/11
f 585/1/12 588/1/12 587/1/12
f 583/1/13 596/1/13 595/1/13
f 598/1/14 587/1/14 586/1/14
f 597/1/15 600/1/15 599/1/15
f 595/1/16 590/1/16 589/1/16
f 592/1/17 599/1/17 598/1/17
f 591/1/18 594/1/18 593/1/18
f 589/1/19 578/1/19 577/1/19
f 581/1/20 593/1/20 592/1/20
f 595/1/21 577/1/21 583/1/21
f 582/1/22 584/1/22 579/1/22
f 593/1/23 578/1/23 591/1/23
f 586/1/24 592/1/24 598/1/24
f 587/1/25 596/1/25 585/1/25
f 599/1/26 590/1/26 597/1/26
f 601/1/27 602/1/27 603/1/27
f 604/1/28 605/1/28 606/1/28
f 607/1/29 608/1/29 609/1/29
f 610/1/83 611/1/83 612/1/83
f 613/1/88 614/1/88 615/1/88
f 616/1/32 617/1/32 618/1/32
f 619/1/33 620/1/33 621/1/33
f 622/1/34 623/1/34 624/1/34
f 607/1/35 603/1/35 608/1/35
f 604/1/36 603/1/36 602/1/36
f 610/1/37 606/1/37 605/1/37
f 609/1/38 612/1/38 611/1/38
f 607/1/39 620/1/39 619/1/39
f 610/1/40 624/1/40 611/1/40
f 621/1/41 624/1/41 623/1/41
f 613/1/42 621/1/42 614/1/42
f 616/1/43 623/1/43 622/1/43
f 615/1/44 618/1/44 617/1/44
f 613/1/45 602/1/45 601/1/45
f 616/1/46 604/1/46 617/1/46
f 607/1/21 613/1/21 601/1/21
f 606/1/47 608/1/47 603/1/47
f 617/1/48 602/1/48 615/1/48
f 610/1/24 616/1/24 622/1/24
f 611/1/49 620/1/49 609/1/49
f 623/1/50 614/1/50 621/1/50
f 625/1/91 626/1/91 627/1/91
f 628/1/52 629/1/52 630/1/52
f 631/1/53 632/1/53 633/1/53
f 634/1/54 635/1/54 636/1/54
f 637/1/93 638/1/93 639/1/93
f 640/1/56 641/1/56 642/1/56
f 643/1/57 644/1/57 645/1/57
f 646/1/58 647/1/58 648/1/58
f 625/1/59 632/1/59 631/1/59
f 628/1/60 627/1/60 626/1/60
f 634/1/61 630/1/61 629/1/61
f 633/1/62 636/1/62 635/1/62
f 643/1/63 633/1/63 644/1/63
f 646/1/64 635/1/64 634/1/64
f 645/1/65 648/1/65 647/1/65
f 643/1/66 638/1/66 637/1/66
f 646/1/67 642/1/67 647/1/67
f 639/1/68 642/1/68 641/1/68
f 625/1/69 639/1/69 626/1/69
f 629/1/70 641/1/70 640/1/70
f 643/1/21 625/1/21 631/1/21
f 630/1/71 632/1/71 627/1/71
f 641/1/72 626/1/72 639/1/72
f 646/1/24 629/1/24 640/1/24
f 635/1/73 644/1/73 633/1/73
f 647/1/74 638/1/74 645/1/74
f 649/1/75 650/1/75 651/1/75
f 652/1/176 653/1/176 654/1/176
f 655/1/77 656/1/77 657/1/77
f 658/1/177 659/1/177 660/1/177
f 661/1/79 662/1/79 663/1/79
f 664/1/178 665/1/178 666/1/178
f 667/1/81 668/1/81 669/1/81
f 670/1/179 671/1/179 672/1/179
f 649/1/13 656/1/13 655/1/13
f 652/1/12 651/1/12 650/1/12
f 658/1/14 654/1/14 653/1/14
f 657/1/15 660/1/15 659/1/15
f 655/1/16 668/1/16 667/1/16
f 670/1/17 659/1/17 658/1/17
f 669/1/18 672/1/18 671/1/18
f 667/1/19 662/1/19 661/1/19
f 664/1/20 671/1/20 670/1/20
f 663/1/10 666/1/10 665/1/10
f 661/1/9 650/1/9 649/1/9
f 653/1/11 665/1/11 664/1/11
f 667/1/21 649/1/21 655/1/21
f 654/1/25 656/1/25 651/1/25
f 665/1/22 650/1/22 663/1/22
f 658/1/24 664/1/24 670/1/24
f 659/1/26 668/1/26 657/1/26
f 671/1/23 662/1/23 669/1/23
f 673/1/29 674/1/29 675/1/29
f 676/1/83 677/1/83 678/1/83
f 679/1/84 680/1/84 681/1/84
f 682/1/85 683/1/85 684/1/85
f 685/1/86 686/1/86 687/1/86
f 688/1/87 689/1/87 690/1/87
f 691/1/88 692/1/88 693/1/88
f 694/1/32 695/1/32 696/1/32
f 679/1/39 675/1/39 680/1/39
f 676/1/38 675/1/38 674/1/38
f 682/1/40 678/1/40 677/1/40
f 681/1/41 684/1/41 683/1/41
f 691/1/42 681/1/42 692/1/42
f 694/1/43 683/1/43 682/1/43
f 693/1/44 696/1/44 695/1/44
f 685/1/45 693/1/45 686/1/45
f 688/1/46 695/1/46 694/1/46
f 687/1/36 690/1/36 689/1/36
f 685/1/35 674/1/35 673/1/35
f 688/1/37 676/1/37 689/1/37
f 679/1/21 685/1/21 673/1/21
f 678/1/49 680/1/49 675/1/49
f 689/1/47 674/1/47 687/1/47
f 682/1/24 688/1/24 694/1/24
f 683/1/50 692/1/50 681/1/50
f 695/1/48 686/1/48 693/1/48
f 697/1/53 698/1/53 699/1/53
f 700/1/90 701/1/90 702/1/90
f 703/1/57 704/1/57 705/1/57
f 706/1/58 707/1/58 708/1/58
f 709/1/91 710/1/91 711/1/91
f 712/1/52 713/1/52 714/1/52
f 715/1/93 716/1/93 717/1/93
f 718/1/94 719/1/94 720/1/94
f 697/1/63 704/1/63 703/1/63
f 700/1/62 699/1/62 698/1/62
f 701/1/64 708/1/64 702/1/64
f 705/1/65 708/1/65 707/1/65
f 703/1/66 716/1/66 715/1/66
f 706/1/67 720/1/67 707/1/67
f 717/1/68 720/1/68 719/1/68
f 715/1/69 710/1/69 709/1/69
f 718/1/70 714/1/70 719/1/70
f 711/1/60 714/1/60 713/1/60
f 709/1/59 698/1/59 697/1/59
f 712/1/61 700/1/61 713/1/61
f 715/1/21 697/1/21 703/1/21
f 702/1/73 704/1/73 699/1/73
f 713/1/71 698/1/71 711/1/71
f 718/1/24 701/1/24 712/1/24
f 707/1/74 716/1/74 705/1/74
f 719/1/72 710/1/72 717/1/72
f 721/1/180 722/1/180 723/1/180
f 724/1/181 725/1/181 726/1/181
f 727/1/96 728/1/96 729/1/96
f 730/1/97 731/1/97 732/1/97
f 733/1/98 734/1/98 735/1/98
f 736/1/182 737/1/182 738/1/182
f 739/1/99 740/1/99 741/1/99
f 742/1/100 743/1/100 744/1/100
f 721/1/16 728/1/16 727/1/16
f 724/1/15 723/1/15 722/1/15
f 725/1/17 732/1/17 726/1/17
f 729/1/18 732/1/18 731/1/18
f 727/1/19 740/1/19 739/1/19
f 742/1/20 731/1/20 730/1/20
f 741/1/10 744/1/10 743/1/10
f 739/1/9 734/1/9 733/1/9
f 742/1/11 738/1/11 743/1/11
f 735/1/12 738/1/12 737/1/12
f 733/1/13 722/1/13 721/1/13
f 725/1/14 737/1/14 736/1/14
f 727/1/21 733/1/21 721/1/21
f 726/1/26 728/1/26 723/1/26
f 737/1/25 722/1/25 735/1/25
f 730/1/24 736/1/24 742/1/24
f 731/1/23 740/1/23 729/1/23
f 743/1/22 734/1/22 741/1/22
f 745/1/33 746/1/33 747/1/33
f 748/1/85 749/1/85 750/1/85
f 751/1/88 752/1/88 753/1/88
f 754/1/32 755/1/32 756/1/32
f 757/1/29 758/1/29 759/1/29
f 760/1/83 761/1/83 762/1/83
f 763/1/27 764/1/27 765/1/27
f 766/1/87 767/1/87 768/1/87
f 751/1/42 747/1/42 752/1/42
f 748/1/41 747/1/41 746/1/41
f 754/1/43 750/1/43 749/1/43
f 753/1/44 756/1/44 755/1/44
f 751/1/45 764/1/45 763/1/45
f 754/1/46 768/1/46 755/1/46
f 765/1/36 768/1/36 767/1/36
f 757/1/35 765/1/35 758/1/35
f 760/1/37 767/1/37 766/1/37
f 759/1/38 762/1/38 761/1/38
f 757/1/39 746/1/39 745/1/39
f 749/1/40 761/1/40 760/1/40
f 751/1/21 757/1/21 745/1/21
f 750/1/50 752/1/50 747/1/50
f 761/1/49 746/1/49 759/1/49
f 754/1/24 760/1/24 766/1/24
f 755/1/48 764/1/48 753/1/48
f 767/1/47 758/1/47 765/1/47
f 769/1/57 770/1/57 771/1/57
f 772/1/58 773/1/58 774/1/58
f 775/1/55 776/1/55 777/1/55
f 778/1/56 779/1/56 780/1/56
f 781/1/89 782/1/89 783/1/89
f 784/1/54 785/1/54 786/1/54
f 787/1/51 788/1/51 789/1/51
f 790/1/52 791/1/52 792/1/52
f 769/1/66 776/1/66 775/1/66
f 772/1/65 771/1/65 770/1/65
f 773/1/67 780/1/67 774/1/67
f 777/1/68 780/1/68 779/1/68
f 787/1/69 777/1/69 788/1/69
f 790/1/70 779/1/70 778/1/70
f 789/1/60 792/1/60 791/1/60
f 781/1/59 789/1/59 782/1/59
f 784/1/61 791/1/61 790/1/61
f 783/1/62 786/1/62 785/1/62
f 769/1/63 783/1/63 770/1/63
f 773/1/64 785/1/64 784/1/64
f 787/1/21 769/1/21 775/1/21
f 774/1/74 776/1/74 771/1/74
f 785/1/73 770/1/73 783/1/73
f 790/1/24 773/1/24 784/1/24
f 779/1/72 788/1/72 777/1/72
f 791/1/71 782/1/71 789/1/71
f 793/1/81 794/1/81 795/1/81
f 796/1/179 797/1/179 798/1/179
f 799/1/79 800/1/79 801/1/79
f 802/1/178 803/1/178 804/1/178
f 805/1/77 806/1/77 807/1/77
f 808/1/177 809/1/177 810/1/177
f 811/1/75 812/1/75 813/1/75
f 814/1/176 815/1/176 816/1/176
f 793/1/19 800/1/19 799/1/19
f 796/1/18 795/1/18 794/1/18
f 802/1/20 798/1/20 797/1/20
f 801/1/10 804/1/10 803/1/10
f 799/1/9 812/1/9 811/1/9
f 814/1/11 803/1/11 802/1/11
f 813/1/12 816/1/12 815/1/12
f 811/1/13 806/1/13 805/1/13
f 808/1/14 815/1/14 814/1/14
f 807/1/15 810/1/15 809/1/15
f 805/1/16 794/1/16 793/1/16
f 797/1/17 809/1/17 808/1/17
f 811/1/21 793/1/21 799/1/21
f 798/1/23 800/1/23 795/1/23
f 809/1/26 794/1/26 807/1/26
f 802/1/24 808/1/24 814/1/24
f 803/1/22 812/1/22 801/1/22
f 815/1/25 806/1/25 813/1/25
f 817/1/31 818/1/31 819/1/31
f 820/1/32 821/1/32 822/1/32
f 823/1/86 824/1/86 825/1/86
f 826/1/87 827/1/87 828/1/87
f 829/1/84 830/1/84 831/1/84
f 832/1/85 833/1/85 834/1/85
f 835/1/101 836/1/101 837/1/101
f 838/1/30 839/1/30 840/1/30
f 823/1/45 819/1/45 824/1/45
f 820/1/44 819/1/44 818/1/44
f 826/1/46 822/1/46 821/1/46
f 825/1/36 828/1/36 827/1/36
f 823/1/35 836/1/35 835/1/35
f 826/1/37 840/1/37 827/1/37
f 837/1/38 840/1/38 839/1/38
f 829/1/39 837/1/39 830/1/39
f 832/1/40 839/1/40 838/1/40
f 831/1/41 834/1/41 833/1/41
f 829/1/42 818/1/42 817/1/42
f 832/1/43 820/1/43 833/1/43
f 823/1/21 829/1/21 817/1/21
f 822/1/48 824/1/48 819/1/48
f 833/1/50 818/1/50 831/1/50
f 826/1/24 832/1/24 838/1/24
f 827/1/47 836/1/47 825/1/47
f 839/1/49 830/1/49 837/1/49
f 841/1/93 842/1/93 843/1/93
f 844/1/94 845/1/94 846/1/94
f 847/1/51 848/1/51 849/1/51
f 850/1/52 851/1/52 852/1/52
f 853/1/102 854/1/102 855/1/102
f 856/1/58 857/1/58 858/1/58
f 859/1/53 860/1/53 861/1/53
f 862/1/54 863/1/54 864/1/54
f 847/1/69 843/1/69 848/1/69
f 844/1/68 843/1/68 842/1/68
f 850/1/70 846/1/70 845/1/70
f 849/1/60 852/1/60 851/1/60
f 859/1/59 849/1/59 860/1/59
f 862/1/61 851/1/61 850/1/61
f 861/1/62 864/1/62 863/1/62
f 853/1/63 861/1/63 854/1/63
f 856/1/64 863/1/64 862/1/64
f 855/1/65 858/1/65 857/1/65
f 841/1/66 855/1/66 842/1/66
f 845/1/67 857/1/67 856/1/67
f 859/1/21 841/1/21 847/1/21
f 846/1/72 848/1/72 843/1/72
f 857/1/74 842/1/74 855/1/74
f 862/1/24 845/1/24 856/1/24
f 851/1/71 860/1/71 849/1/71
f 863/1/73 854/1/73 861/1/73
f 865/1/104 866/1/104 867/1/104
f 868/1/105 869/1/105 870/1/105
f 871/1/106 872/1/106 873/1/106
f 874/1/183 875/1/183 876/1/183
f 877/1/108 878/1/108 879/1/108
f 880/1/184 881/1/184 882/1/184
f 883/1/110 884/1/110 885/1/110
f 886/1/111 887/1/111 888/1/111
f 865/1/112 872/1/112 871/1/112
f 868/1/72 867/1/72 866/1/72
f 869/1/113 876/1/113 870/1/113
f 873/1/71 876/1/71 875/1/71
f 883/1/114 873/1/114 884/1/114
f 886/1/115 875/1/115 874/1/115
f 885/1/73 888/1/73 887/1/73
f 883/1/116 878/1/116 877/1/116
f 886/1/117 882/1/117 887/1/117
f 879/1/74 882/1/74 881/1/74
f 865/1/118 879/1/118 866/1/118
f 869/1/119 881/1/119 880/1/119
f 883/1/21 865/1/21 871/1/21
f 870/1/60 872/1/60 867/1/60
f 881/1/68 866/1/68 879/1/68
f 886/1/24 869/1/24 880/1/24
f 875/1/62 884/1/62 873/1/62
f 887/1/65 878/1/65 885/1/65
f 889/1/185 890/1/185 891/1/185
f 892/1/121 893/1/121 894/1/121
f 895/1/122 896/1/122 897/1/122
f 898/1/123 899/1/123 900/1/123
f 901/1/124 902/1/124 903/1/124
f 904/1/125 905/1/125 906/1/125
f 907/1/126 908/1/126 909/1/126
f 910/1/127 911/1/127 912/1/127
f 889/1/128 896/1/128 895/1/128
f 892/1/22 891/1/22 890/1/22
f 898/1/129 894/1/129 893/1/129
f 897/1/25 900/1/25 899/1/25
f 895/1/130 908/1/130 907/1/130
f 910/1/131 899/1/131 898/1/131
f 909/1/26 912/1/26 911/1/26
f 907/1/132 902/1/132 901/1/132
f 904/1/133 911/1/133 910/1/133
f 903/1/23 906/1/23 905/1/23
f 901/1/134 890/1/134 889/1/134
f 893/1/135 905/1/135 904/1/135
f 907/1/21 889/1/21 895/1/21
f 894/1/12 896/1/12 891/1/12
f 905/1/10 890/1/10 903/1/10
f 898/1/24 904/1/24 910/1/24
f 899/1/15 908/1/15 897/1/15
f 911/1/18 902/1/18 909/1/18
f 913/1/136 914/1/136 915/1/136
f 916/1/137 917/1/137 918/1/137
f 919/1/186 920/1/186 921/1/186
f 922/1/187 923/1/187 924/1/187
f 925/1/166 926/1/166 927/1/166
f 928/1/141 929/1/141 930/1/141
f 931/1/142 932/1/142 933/1/142
f 934/1/143 935/1/143 936/1/143
f 913/1/144 920/1/144 919/1/144
f 916/1/47 915/1/47 914/1/47
f 922/1/145 918/1/145 917/1/145
f 921/1/49 924/1/49 923/1/49
f 931/1/146 921/1/146 932/1/146
f 934/1/147 923/1/147 922/1/147
f 933/1/50 936/1/50 935/1/50
f 925/1/148 933/1/148 926/1/148
f 928/1/149 935/1/149 934/1/149
f 927/1/48 930/1/48 929/1/48
f 925/1/150 914/1/150 913/1/150
f 928/1/151 916/1/151 929/1/151
f 931/1/21 913/1/21 919/1/21
f 918/1/38 920/1/38 915/1/38
f 929/1/36 914/1/36 927/1/36
f 934/1/24 917/1/24 928/1/24
f 923/1/41 932/1/41 921/1/41
f 935/1/44 926/1/44 933/1/44
f 937/1/152 938/1/152 939/1/152
f 940/1/183 941/1/183 942/1/183
f 943/1/154 944/1/154 945/1/154
f 946/1/111 947/1/111 948/1/111
f 949/1/155 950/1/155 951/1/155
f 952/1/105 953/1/105 954/1/105
f 955/1/188 956/1/188 957/1/188
f 958/1/184 959/1/184 960/1/184
f 943/1/114 939/1/114 944/1/114
f 940/1/71 939/1/71 938/1/71
f 946/1/115 942/1/115 941/1/115
f 945/1/73 948/1/73 947/1/73
f 955/1/116 945/1/116 956/1/116
f 958/1/117 947/1/117 946/1/117
f 957/1/74 960/1/74 959/1/74
f 955/1/118 950/1/118 949/1/118
f 952/1/119 959/1/119 958/1/119
f 951/1/72 954/1/72 953/1/72
f 949/1/112 938/1/112 937/1/112
f 952/1/113 940/1/113 953/1/113
f 955/1/21 937/1/21 943/1/21
f 942/1/62 944/1/62 939/1/62
f 953/1/60 938/1/60 951/1/60
f 946/1/24 952/1/24 958/1/24
f 947/1/65 956/1/65 945/1/65
f 959/1/68 950/1/68 957/1/68
f 961/1/122 962/1/122 963/1/122
f 964/1/123 965/1/123 966/1/123
f 967/1/126 968/1/126 969/1/126
f 970/1/159 971/1/159 972/1/159
f 973/1/185 974/1/185 975/1/185
f 976/1/121 977/1/121 978/1/121
f 979/1/124 980/1/124 981/1/124
f 982/1/125 983/1/125 984/1/125
f 961/1/130 968/1/130 967/1/130
f 964/1/25 963/1/25 962/1/25
f 965/1/131 972/1/131 966/1/131
f 969/1/26 972/1/26 971/1/26
f 967/1/132 980/1/132 979/1/132
f 970/1/133 984/1/133 971/1/133
f 981/1/23 984/1/23 983/1/23
f 979/1/134 974/1/134 973/1/134
f 982/1/135 978/1/135 983/1/135
f 975/1/22 978/1/22 977/1/22
f 973/1/128 962/1/128 961/1/128
f 976/1/129 964/1/129 977/1/129
f 967/1/21 973/1/21 961/1/21
f 966/1/15 968/1/15 963/1/15
f 977/1/12 962/1/12 975/1/12
f 970/1/24 976/1/24 982/1/24
f 971/1/18 980/1/18 969/1/18
f 983/1/10 974/1/10 981/1/10
f 985/1/138 986/1/138 987/1/138
f 988/1/139 989/1/139 990/1/139
f 991/1/142 992/1/142 993/1/142
f 994/1/161 995/1/161 996/1/161
f 997/1/136 998/1/136 999/1/136
f 1000/1/137 1001/1/137 1002/1/137
f 1003/1/140 1004/1/140 1005/1/140
f 1006/1/189 1007/1/189 1008/1/189
f 985/1/146 992/1/146 991/1/146
f 988/1/49 987/1/49 986/1/49
f 989/1/147 996/1/147 990/1/147
f 993/1/50 996/1/50 995/1/50
f 991/1/148 1004/1/148 1003/1/148
f 994/1/149 1008/1/149 995/1/149
f 1005/1/48 1008/1/48 1007/1/48
f 1003/1/150 998/1/150 997/1/150
f 1006/1/151 1002/1/151 1007/1/151
f 999/1/47 1002/1/47 1001/1/47
f 985/1/144 999/1/144 986/1/144
f 989/1/145 1001/1/145 1000/1/145
f 1003/1/21 985/1/21 991/1/21
f 990/1/41 992/1/41 987/1/41
f 1001/1/38 986/1/38 999/1/38
f 1006/1/24 989/1/24 1000/1/24
f 995/1/44 1004/1/44 993/1/44
f 1007/1/36 998/1/36 1005/1/36
f 1009/1/154 1010/1/154 1011/1/154
f 1012/1/111 1013/1/111 1014/1/111
f 1015/1/108 1016/1/108 1017/1/108
f 1018/1/184 1019/1/184 1020/1/184
f 1021/1/152 1022/1/152 1023/1/152
f 1024/1/183 1025/1/183 1026/1/183
f 1027/1/155 1028/1/155 1029/1/155
f 1030/1/156 1031/1/156 1032/1/156
f 1009/1/116 1016/1/116 1015/1/116
f 1012/1/73 1011/1/73 1010/1/73
f 1013/1/117 1020/1/117 1014/1/117
f 1017/1/74 1020/1/74 1019/1/74
f 1027/1/118 1017/1/118 1028/1/118
f 1030/1/119 1019/1/119 1018/1/119
f 1029/1/72 1032/1/72 1031/1/72
f 1027/1/112 1022/1/112 1021/1/112
f 1030/1/113 1026/1/113 1031/1/113
f 1023/1/71 1026/1/71 1025/1/71
f 1009/1/114 1023/1/114 1010/1/114
f 1013/1/115 1025/1/115 1024/1/115
f 1027/1/21 1009/1/21 1015/1/21
f 1014/1/65 1016/1/65 1011/1/65
f 1025/1/62 1010/1/62 1023/1/62
f 1030/1/24 1013/1/24 1024/1/24
f 1019/1/68 1028/1/68 1017/1/68
f 1031/1/60 1022/1/60 1029/1/60
f 1033/1/170 1034/1/170 1035/1/170
f 1036/1/159 1037/1/159 1038/1/159
f 1039/1/124 1040/1/124 1041/1/124
f 1042/1/125 1043/1/125 1044/1/125
f 1045/1/122 1046/1/122 1047/1/122
f 1048/1/123 1049/1/123 1050/1/123
f 1051/1/185 1052/1/185 1053/1/185
f 1054/1/121 1055/1/121 1056/1/121
f 1033/1/132 1040/1/132 1039/1/132
f 1036/1/26 1035/1/26 1034/1/26
f 1042/1/133 1038/1/133 1037/1/133
f 1041/1/23 1044/1/23 1043/1/23
f 1051/1/134 1041/1/134 1052/1/134
f 1054/1/135 1043/1/135 1042/1/135
f 1053/1/22 1056/1/22 1055/1/22
f 1051/1/128 1046/1/128 1045/1/128
f 1048/1/129 1055/1/129 1054/1/129
f 1047/1/25 1050/1/25 1049/1/25
f 1033/1/130 1047/1/130 1034/1/130
f 1037/1/131 1049/1/131 1048/1/131
f 1051/1/21 1033/1/21 1039/1/21
f 1038/1/18 1040/1/18 1035/1/18
f 1049/1/15 1034/1/15 1047/1/15
f 1054/1/24 1037/1/24 1048/1/24
f 1043/1/10 1052/1/10 1041/1/10
f 1055/1/12 1046/1/12 1053/1/12
f 1057/1/165 1058/1/165 1059/1/165
f 1060/1/143 1061/1/143 1062/1/143
f 1063/1/166 1064/1/166 1065/1/166
f 1066/1/189 1067/1/189 1068/1/189
f 1069/1/190 1070/1/190 1071/1/190
f 1072/1/187 1073/1/187 1074/1/187
f 1075/1/136 1076/1/136 1077/1/136
f 1078/1/168 1079/1/168 1080/1/168
f 1063/1/148 1059/1/148 1064/1/148
f 1060/1/50 1059/1/50 1058/1/50
f 1066/1/149 1062/1/149 1061/1/149
f 1065/1/48 1068/1/48 1067/1/48
f 1075/1/150 1065/1/150 1076/1/150
f 1078/1/151 1067/1/151 1066/1/151
f 1077/1/47 1080/1/47 1079/1/47
f 1069/1/144 1077/1/144 1070/1/144
f 1072/1/145 1079/1/145 1078/1/145
f 1071/1/49 1074/1/49 1073/1/49
f 1069/1/146 1058/1/146 1057/1/146
f 1072/1/147 1060/1/147 1073/1/147
f 1063/1/21 1069/1/21 1057/1/21
f 1062/1/44 1064/1/44 1059/1/44
f 1073/1/41 1058/1/41 1071/1/41
f 1066/1/24 1072/1/24 1078/1/24
f 1067/1/36 1076/1/36 1065/1/36
f 1079/1/38 1070/1/38 1077/1/38
f 1081/1/108 1082/1/108 1083/1/108
f 1084/1/184 1085/1/184 1086/1/184
f 1087/1/155 1088/1/155 1089/1/155
f 1090/1/105 1091/1/105 1092/1/105
f 1093/1/154 1094/1/154 1095/1/154
f 1096/1/111 1097/1/111 1098/1/111
f 1099/1/191 1100/1/191 1101/1/191
f 1102/1/183 1103/1/183 1104/1/183
f 1081/1/118 1088/1/118 1087/1/118
f 1084/1/74 1083/1/74 1082/1/74
f 1085/1/119 1092/1/119 1086/1/119
f 1089/1/72 1092/1/72 1091/1/72
f 1087/1/112 1100/1/112 1099/1/112
f 1090/1/113 1104/1/113 1091/1/113
f 1101/1/71 1104/1/71 1103/1/71
f 1099/1/114 1094/1/114 1093/1/114
f 1096/1/115 1103/1/115 1102/1/115
f 1095/1/73 1098/1/73 1097/1/73
f 1093/1/116 1082/1/116 1081/1/116
f 1096/1/117 1084/1/117 1097/1/117
f 1087/1/21 1093/1/21 1081/1/21
f 1086/1/68 1088/1/68 1083/1/68
f 1097/1/65 1082/1/65 1095/1/65
f 1090/1/24 1096/1/24 1102/1/24
f 1091/1/60 1100/1/60 1089/1/60
f 1103/1/62 1094/1/62 1101/1/62
f 1105/1/124 1106/1/124 1107/1/124
f 1108/1/125 1109/1/125 1110/1/125
f 1111/1/185 1112/1/185 1113/1/185
f 1114/1/121 1115/1/121 1116/1/121
f 1117/1/170 1118/1/170 1119/1/170
f 1120/1/159 1121/1/159 1122/1/159
f 1123/1/122 1124/1/122 1125/1/122
f 1126/1/123 1127/1/123 1128/1/123
f 1105/1/134 1112/1/134 1111/1/134
f 1108/1/23 1107/1/23 1106/1/23
f 1114/1/135 1110/1/135 1109/1/135
f 1113/1/22 1116/1/22 1115/1/22
f 1123/1/128 1113/1/128 1124/1/128
f 1126/1/129 1115/1/129 1114/1/129
f 1125/1/25 1128/1/25 1127/1/25
f 1123/1/130 1118/1/130 1117/1/130
f 1126/1/131 1122/1/131 1127/1/131
f 1119/1/26 1122/1/26 1121/1/26
f 1105/1/132 1119/1/132 1106/1/132
f 1109/1/133 1121/1/133 1120/1/133
f 1123/1/21 1105/1/21 1111/1/21
f 1110/1/10 1112/1/10 1107/1/10
f 1121/1/18 1106/1/18 1119/1/18
f 1126/1/24 1109/1/24 1120/1/24
f 1115/1/12 1124/1/12 1113/1/12
f 1127/1/15 1118/1/15 1125/1/15
f 1129/1/166 1130/1/166 1131/1/166
f 1132/1/189 1133/1/189 1134/1/189
f 1135/1/136 1136/1/136 1137/1/136
f 1138/1/137 1139/1/137 1140/1/137
f 1141/1/142 1142/1/142 1143/1/142
f 1144/1/143 1145/1/143 1146/1/143
f 1147/1/138 1148/1/138 1149/1/138
f 1150/1/187 1151/1/187 1152/1/187
f 1129/1/150 1136/1/150 1135/1/150
f 1132/1/48 1131/1/48 1130/1/48
f 1133/1/151 1140/1/151 1134/1/151
f 1137/1/47 1140/1/47 1139/1/47
f 1135/1/144 1148/1/144 1147/1/144
f 1138/1/145 1152/1/145 1139/1/145
f 1149/1/49 1152/1/49 1151/1/49
f 1147/1/146 1142/1/146 1141/1/146
f 1150/1/147 1146/1/147 1151/1/147
f 1143/1/50 1146/1/50 1145/1/50
f 1141/1/148 1130/1/148 1129/1/148
f 1144/1/149 1132/1/149 1145/1/149
f 1135/1/21 1141/1/21 1129/1/21
f 1134/1/36 1136/1/36 1131/1/36
f 1145/1/44 1130/1/44 1143/1/44
f 1138/1/24 1144/1/24 1150/1/24
f 1139/1/38 1148/1/38 1137/1/38
f 1151/1/41 1142/1/41 1149/1/41
f 1153/2/1 1154/2/1 1155/2/1
f 1156/2/192 1157/2/192 1158/2/192
f 1159/2/98 1160/2/98 1161/2/98
f 1162/2/193 1163/2/193 1164/2/193
f 1165/2/194 1166/2/194 1167/2/194
f 1168/2/195 1169/2/195 1170/2/195
f 1171/2/196 1172/2/196 1173/2/196
f 1174/2/197 1175/2/197 1176/2/197
f 1153/2/9 1160/2/9 1159/2/9
f 1156/2/10 1155/2/10 1154/2/10
f 1162/2/11 1158/2/11 1157/2/11
f 1161/2/12 1164/2/12 1163/2/12
f 1159/2/13 1172/2/13 1171/2/13
f 1174/2/14 1163/2/14 1162/2/14
f 1173/2/15 1176/2/15 1175/2/15
f 1171/2/16 1166/2/16 1165/2/16
f 1168/2/17 1175/2/17 1174/2/17
f 1167/2/18 1170/2/18 1169/2/18
f 1165/2/19 1154/2/19 1153/2/19
f 1157/2/20 1169/2/20 1168/2/20
f 1171/2/21 1153/2/21 1159/2/21
f 1158/2/22 1160/2/22 1155/2/22
f 1169/2/23 1154/2/23 1167/2/23
f 1162/2/24 1168/2/24 1174/2/24
f 1163/2/25 1172/2/25 1161/2/25
f 1175/2/26 1166/2/26 1173/2/26
f 1177/3/198 1180/3/198 1179/3/198
f 1179/3/199 1182/3/199 1181/3/199
f 1182/3/200 1183/3/200 1181/3/200
f 1184/3/201 1185/3/201 1183/3/201
f 1185/3/202 1188/3/202 1187/3/202
f 1188/3/203 1189/3/203 1187/3/203
f 1190/3/204 1186/3/204 1182/3/204
f 1189/3/205 1192/3/205 1191/3/205
f 1192/3/206 1177/3/206 1191/3/206
f 1189/3/207 1191/3/207 1183/3/207
f 1193/2/208 1194/2/208 1195/2/208
f 1196/2/192 1197/2/192 1198/2/192
f 1199/2/209 1200/2/209 1201/2/209
f 1202/2/193 1203/2/193 1204/2/193
f 1205/2/173 1206/2/173 1207/2/173
f 1208/2/195 1209/2/195 1210/2/195
f 1211/2/180 1212/2/180 1213/2/180
f 1214/2/197 1215/2/197 1216/2/197
f 1193/2/9 1200/2/9 1199/2/9
f 1196/2/10 1195/2/10 1194/2/10
f 1202/2/11 1198/2/11 1197/2/11
f 1201/2/12 1204/2/12 1203/2/12
f 1199/2/13 1212/2/13 1211/2/13
f 1214/2/14 1203/2/14 1202/2/14
f 1213/2/15 1216/2/15 1215/2/15
f 1211/2/16 1206/2/16 1205/2/16
f 1208/2/17 1215/2/17 1214/2/17
f 1207/2/18 1210/2/18 1209/2/18
f 1205/2/19 1194/2/19 1193/2/19
f 1197/2/20 1209/2/20 1208/2/20
f 1211/2/21 1193/2/21 1199/2/21
f 1198/2/22 1200/2/22 1195/2/22
f 1209/2/23 1194/2/23 1207/2/23
f 1202/2/24 1208/2/24 1214/2/24
f 1203/2/25 1212/2/25 1201/2/25
f 1215/2/26 1206/2/26 1213/2/26
f 1217/3/210 1220/3/210 1219/3/210
f 1220/3/211 1221/3/211 1219/3/211
f 1221/3/212 1224/3/212 1223/3/212
f 1224/3/213 1225/3/213 1223/3/213
f 1225/3/214 1228/3/214 1227/3/214
f 1227/3/215 1230/3/215 1229/3/215
f 1218/3/216 1230/3/216 1226/3/216
f 1230/3/217 1231/3/217 1229/3/217
f 1232/3/218 1217/3/218 1231/3/218
f 1227/3/219 1229/3/219 1231/3/219
f 1234/2/220 1235/2/220 1233/2/220
f 1236/2/13 1237/2/13 1235/2/13
f 1238/2/221 1239/2/221 1237/2/221
f 1240/2/222 1241/2/222 1239/2/222
f 1242/2/19 1243/2/19 1241/2/19
f 1244/2/223 1245/2/223 1243/2/223
f 1246/2/224 1247/2/224 1245/2/224
f 1248/2/20 1249/2/20 1247/2/20
f 1250/2/225 1251/2/225 1249/2/225
f 1252/2/226 1253/2/226 1251/2/226
f 1254/2/26 1246/2/26 1238/2/26
f 1254/2/14 1255/2/14 1253/2/14
f 1256/2/227 1233/2/227 1255/2/227
f 1239/2/22 1247/2/22 1255/2/22
f 1258/3/220 1259/3/220 1257/3/220
f 1260/3/13 1261/3/13 1259/3/13
f 1262/3/221 1263/3/221 1261/3/221
f 1264/3/222 1265/3/222 1263/3/222
f 1265/3/19 1268/3/19 1267/3/19
f 1268/3/223 1269/3/223 1267/3/223
f 1270/3/224 1271/3/224 1269/3/224
f 1271/3/20 1274/3/20 1273/3/20
f 1274/3/225 1275/3/225 1273/3/225
f 1276/3/226 1277/3/226 1275/3/226
f 1278/3/26 1270/3/26 1262/3/26
f 1278/3/14 1279/3/14 1277/3/14
f 1280/3/227 1257/3/227 1279/3/227
f 1275/3/22 1279/3/22 1263/3/22
f 1282/3/220 1283/3/220 1281/3/220
f 1284/3/13 1285/3/13 1283/3/13
f 1286/3/221 1287/3/221 1285/3/221
f 1288/3/222 1289/3/222 1287/3/222
f 1290/3/19 1291/3/19 1289/3/19
f 1292/3/223 1293/3/223 1291/3/223
f 1294/3/224 1295/3/224 1293/3/224
f 1295/3/20 1298/3/20 1297/3/20
f 1298/3/225 1299/3/225 1297/3/225
f 1300/3/226 1301/3/226 1299/3/226
f 1302/3/26 1294/3/26 1286/3/26
f 1302/3/14 1303/3/14 1301/3/14
f 1304/3/227 1281/3/227 1303/3/227
f 1299/3/22 1303/3/22 1287/3/22
f 1306/3/220 1307/3/220 1305/3/220
f 1308/3/13 1309/3/13 1307/3/13
f 1310/3/221 1311/3/221 1309/3/221
f 1311/3/222 1314/3/222 1313/3/222
f 1314/3/19 1315/3/19 1313/3/19
f 1316/3/223 1317/3/223 1315/3/223
f 1318/3/224 1319/3/224 1317/3/224
f 1320/3/20 1321/3/20 1319/3/20
f 1321/3/225 1324/3/225 1323/3/225
f 1324/3/226 1325/3/226 1323/3/226
f 1326/3/26 1318/3/26 1310/3/26
f 1326/3/14 1327/3/14 1325/3/14
f 1328/3/227 1305/3/227 1327/3/227
f 1323/3/22 1327/3/22 1311/3/22
f 1330/3/220 1331/3/220 1329/3/220
f 1332/3/13 1333/3/13 1331/3/13
f 1334/3/221 1335/3/221 1333/3/221
f 1336/3/222 1337/3/222 1335/3/222
f 1337/3/19 1340/3/19 1339/3/19
f 1340/3/223 1341/3/223 1339/3/223
f 1342/3/224 1343/3/224 1341/3/224
f 1343/3/20 1346/3/20 1345/3/20
f 1346/3/225 1347/3/225 1345/3/225
f 1348/3/226 1349/3/226 1347/3/226
f 1350/3/26 1342/3/26 1334/3/26
f 1350/3/14 1351/3/14 1349/3/14
f 1352/3/227 1329/3/227 1351/3/227
f 1347/3/22 1351/3/22 1335/3/22
f 1354/3/220 1355/3/220 1353/3/220
f 1356/3/13 1357/3/13 1355/3/13
f 1358/3/221 1359/3/221 1357/3/221
f 1360/3/222 1361/3/222 1359/3/222
f 1362/3/19 1363/3/19 1361/3/19
f 1364/3/223 1365/3/223 1363/3/223
f 1366/3/224 1367/3/224 1365/3/224
f 1368/3/20 1369/3/20 1367/3/20
f 1370/3/225 1371/3/225 1369/3/225
f 1372/3/226 1373/3/226 1371/3/226
f 1374/3/26 1366/3/26 1358/3/26
f 1374/3/14 1375/3/14 1373/3/14
f 1376/3/227 1353/3/227 1375/3/227
f 1371/3/22 1375/3/22 1359/3/22
f 1378/3/220 1379/3/220 1377/3/220
f 1380/3/13 1381/3/13 1379/3/13
f 1382/3/221 1383/3/221 1381/3/221
f 1384/3/222 1385/3/222 1383/3/222
f 1385/3/19 1388/3/19 1387/3/19
f 1388/3/223 1389/3/223 1387/3/223
f 1390/3/224 1391/3/224 1389/3/224
f 1391/3/20 1394/3/20 1393/3/20
f 1394/3/225 1395/3/225 1393/3/225
f 1396/3/226 1397/3/226 1395/3/226
f 1398/3/26 1390/3/26 1382/3/26
f 1398/3/14 1399/3/14 1397/3/14
f 1400/3/227 1377/3/227 1399/3/227
f 1395/3/22 1399/3/22 1383/3/22
f 1402/3/220 1403/3/220 1401/3/220
f 1404/3/13 1405/3/13 1403/3/13
f 1406/3/221 1407/3/221 1405/3/221
f 1407/3/222 1410/3/222 1409/3/222
f 1410/3/19 1411/3/19 1409/3/19
f 1412/3/223 1413/3/223 1411/3/223
f 1414/3/224 1415/3/224 1413/3/224
f 1416/3/20 1417/3/20 1415/3/20
f 1417/3/225 1420/3/225 1419/3/225
f 1420/3/226 1421/3/226 1419/3/226
f 1422/3/26 1414/3/26 1406/3/26
f 1422/3/14 1423/3/14 1421/3/14
f 1424/3/227 1401/3/227 1423/3/227
f 1419/3/22 1423/3/22 1407/3/22
f 1426/3/220 1427/3/220 1425/3/220
f 1428/3/13 1429/3/13 1427/3/13
f 1430/3/221 1431/3/221 1429/3/221
f 1432/3/222 1433/3/222 1431/3/222
f 1433/3/19 1436/3/19 1435/3/19
f 1436/3/223 1437/3/223 1435/3/223
f 1438/3/224 1439/3/224 1437/3/224
f 1439/3/20 1442/3/20 1441/3/20
f 1442/3/225 1443/3/225 1441/3/225
f 1444/3/226 1445/3/226 1443/3/226
f 1446/3/26 1438/3/26 1430/3/26
f 1446/3/14 1447/3/14 1445/3/14
f 1448/3/227 1425/3/227 1447/3/227
f 1443/3/22 1447/3/22 1431/3/22
f 1450/3/220 1451/3/220 1449/3/220
f 1452/3/13 1453/3/13 1451/3/13
f 1454/3/221 1455/3/221 1453/3/221
f 1456/3/222 1457/3/222 1455/3/222
f 1458/3/19 1459/3/19 1457/3/19
f 1460/3/223 1461/3/223 1459/3/223
f 1462/3/224 1463/3/224 1461/3/224
f 1464/3/20 1465/3/20 1463/3/20
f 1466/3/225 1467/3/225 1465/3/225
f 1468/3/226 1469/3/226 1467/3/226
f 1470/3/26 1462/3/26 1454/3/26
f 1470/3/14 1471/3/14 1469/3/14
f 1472/3/227 1449/3/227 1471/3/227
f 1467/3/22 1471/3/22 1455/3/22
f 1474/3/220 1475/3/220 1473/3/220
f 1476/3/13 1477/3/13 1475/3/13
f 1478/3/221 1479/3/221 1477/3/221
f 1480/3/222 1481/3/222 1479/3/222
f 1481/3/19 1484/3/19 1483/3/19
f 1484/3/223 1485/3/223 1483/3/223
f 1486/3/224 1487/3/224 1485/3/224
f 1487/3/20 1490/3/20 1489/3/20
f 1490/3/225 1491/3/225 1489/3/225
f 1492/3/226 1493/3/226 1491/3/226
f 1494/3/26 1486/3/26 1478/3/26
f 1494/3/14 1495/3/14 1493/3/14
f 1496/3/227 1473/3/227 1495/3/227
f 1491/3/22 1495/3/22 1479/3/22
f 1498/3/220 1499/3/220 1497/3/220
f 1500/3/13 1501/3/13 1499/3/13
f 1502/3/221 1503/3/221 1501/3/221
f 1503/3/222 1506/3/222 1505/3/222
f 1506/3/19 1507/3/19 1505/3/19
f 1508/3/223 1509/3/223 1507/3/223
f 1510/3/224 1511/3/224 1509/3/224
f 1512/3/20 1513/3/20 1511/3/20
f 1513/3/225 1516/3/225 1515/3/225
f 1516/3/226 1517/3/226 1515/3/226
f 1518/3/26 1510/3/26 1502/3/26
f 1518/3/14 1519/3/14 1517/3/14
f 1520/3/227 1497/3/227 1519/3/227
f 1515/3/22 1519/3/22 1503/3/22
f 1522/3/220 1523/3/220 1521/3/220
f 1524/3/13 1525/3/13 1523/3/13
f 1526/3/221 1527/3/221 1525/3/221
f 1528/3/222 1529/3/222 1527/3/222
f 1529/3/19 1532/3/19 1531/3/19
f 1532/3/223 1533/3/223 1531/3/223
f 1534/3/224 1535/3/224 1533/3/224
f 1536/3/20 1537/3/20 1535/3/20
f 1538/3/225 1539/3/225 1537/3/225
f 1540/3/226 1541/3/226 1539/3/226
f 1542/3/26 1534/3/26 1526/3/26
f 1542/3/14 1543/3/14 1541/3/14
f 1544/3/227 1521/3/227 1543/3/227
f 1539/3/22 1543/3/22 1527/3/22
f 1546/3/228 1547/3/228 1545/3/228
f 1548/3/229 1549/3/229 1547/3/229
f 1550/3/230 1551/3/230 1549/3/230
f 1552/3/231 1553/3/231 1551/3/231
f 1554/3/232 1555/3/232 1553/3/232
f 1556/3/233 1557/3/233 1555/3/233
f 1552/3/21 1550/3/21 1558/3/21
f 1558/3/234 1559/3/234 1557/3/234
f 1560/3/235 1545/3/235 1559/3/235
f 1547/3/24 1551/3/24 1555/3/24
f 1561/4/236 1562/4/236 1563/4/236
f 1564/4/237 1565/4/237 1566/4/237
f 1567/4/238 1568/4/238 1569/4/238
f 1570/4/239 1571/4/239 1572/4/239
f 1573/4/240 1574/4/240 1575/4/240
f 1576/4/241 1577/4/241 1578/4/241
f 1579/4/242 1580/4/242 1581/4/242
f 1582/4/243 1583/4/243 1584/4/243
f 1561/4/244 1568/4/244 1567/4/244
f 1564/4/245 1563/4/245 1562/4/245
f 1565/4/246 1572/4/246 1566/4/246
f 1569/4/247 1572/4/247 1571/4/247
f 1567/4/248 1580/4/248 1579/4/248
f 1582/4/249 1571/4/249 1570/4/249
f 1583/4/250 1580/4/250 1584/4/250
f 1579/4/251 1574/4/251 1573/4/251
f 1576/4/252 1583/4/252 1582/4/252
f 1577/4/253 1574/4/253 1578/4/253
f 1573/4/254 1562/4/254 1561/4/254
f 1565/4/255 1577/4/255 1576/4/255
f 1579/4/256 1561/4/256 1567/4/256
f 1566/4/22 1568/4/22 1563/4/22
f 1577/4/257 1562/4/257 1575/4/257
f 1570/4/258 1576/4/258 1582/4/258
f 1571/4/259 1580/4/259 1569/4/259
f 1583/4/26 1574/4/26 1581/4/26
f 1585/4/260 1586/4/260 1587/4/260
f 1588/4/261 1589/4/261 1590/4/261
f 1591/4/262 1592/4/262 1593/4/262
f 1594/4/263 1595/4/263 1596/4/263
f 1597/4/264 1598/4/264 1599/4/264
f 1600/4/265 1601/4/265 1602/4/265
f 1603/4/266 1604/4/266 1605/4/266
f 1606/4/267 1607/4/267 1608/4/267
f 1585/4/268 1592/4/268 1591/4/268
f 1586/4/269 1590/4/269 1587/4/269
f 1594/4/270 1590/4/270 1589/4/270
f 1595/4/271 1592/4/271 1596/4/271
f 1591/4/272 1604/4/272 1603/4/272
f 1606/4/273 1595/4/273 1594/4/273
f 1605/4/274 1608/4/274 1607/4/274
f 1597/4/275 1605/4/275 1598/4/275
f 1606/4/276 1602/4/276 1607/4/276
f 1599/4/277 1602/4/277 1601/4/277
f 1597/4/278 1586/4/278 1585/4/278
f 1589/4/279 1601/4/279 1600/4/279
f 1603/4/280 1585/4/280 1591/4/280
f 1590/4/22 1592/4/22 1587/4/22
f 1601/4/281 1586/4/281 1599/4/281
f 1594/4/282 1600/4/282 1606/4/282
f 1595/4/283 1604/4/283 1593/4/283
f 1605/4/26 1602/4/26 1598/4/26
f 1610/1/62 1611/1/62 1609/1/62
f 1612/1/15 1613/1/15 1611/1/15
f 1614/1/41 1615/1/41 1613/1/41
f 1616/1/65 1617/1/65 1615/1/65
f 1618/1/18 1619/1/18 1617/1/18
f 1620/1/44 1621/1/44 1619/1/44
f 1622/1/68 1623/1/68 1621/1/68
f 1624/1/10 1625/1/10 1623/1/10
f 1626/1/36 1627/1/36 1625/1/36
f 1628/1/60 1629/1/60 1627/1/60
f 1630/1/24 1622/1/24 1614/1/24
f 1630/1/12 1631/1/12 1629/1/12
f 1632/1/38 1609/1/38 1631/1/38
f 1627/1/21 1631/1/21 1615/1/21
f 1634/2/220 1635/2/220 1633/2/220
f 1636/2/13 1637/2/13 1635/2/13
f 1638/2/221 1639/2/221 1637/2/221
f 1640/2/222 1641/2/222 1639/2/222
f 1642/2/19 1643/2/19 1641/2/19
f 1644/2/223 1645/2/223 1643/2/223
f 1646/2/224 1647/2/224 1645/2/224
f 1648/2/20 1649/2/20 1647/2/20
f 1650/2/225 1651/2/225 1649/2/225
f 1652/2/226 1653/2/226 1651/2/226
f 1642/2/26 1638/2/26 1654/2/26
f 1654/2/14 1655/2/14 1653/2/14
f 1656/2/227 1633/2/227 1655/2/227
f 1651/2/22 1655/2/22 1639/2/22
f 1/1/9 3/1/9 8/1/9
f 4/1/10 6/1/10 3/1/10
f 10/1/11 12/1/11 6/1/11
f 9/1/12 8/1/12 12/1/12
f 7/1/13 9/1/13 20/1/13
f 22/1/14 24/1/14 11/1/14
f 21/1/15 20/1/15 24/1/15
f 19/1/16 21/1/16 14/1/16
f 16/1/17 18/1/17 23/1/17
f 15/1/18 14/1/18 18/1/18
f 13/1/19 15/1/19 2/1/19
f 5/1/20 4/1/20 17/1/20
f 19/1/21 13/1/21 1/1/21
f 6/1/22 12/1/22 8/1/22
f 17/1/23 4/1/23 2/1/23
f 10/1/24 5/1/24 16/1/24
f 11/1/25 24/1/25 20/1/25
f 23/1/26 18/1/26 14/1/26
f 31/1/35 25/1/35 27/1/35
f 28/1/36 30/1/36 27/1/36
f 34/1/37 36/1/37 30/1/37
f 33/1/38 32/1/38 36/1/38
f 31/1/39 33/1/39 44/1/39
f 34/1/40 46/1/40 48/1/40
f 45/1/41 44/1/41 48/1/41
f 37/1/42 43/1/42 45/1/42
f 40/1/43 42/1/43 47/1/43
f 39/1/44 38/1/44 42/1/44
f 37/1/45 39/1/45 26/1/45
f 40/1/46 29/1/46 28/1/46
f 31/1/21 43/1/21 37/1/21
f 30/1/47 36/1/47 32/1/47
f 41/1/48 28/1/48 26/1/48
f 34/1/24 29/1/24 40/1/24
f 35/1/49 48/1/49 44/1/49
f 47/1/50 42/1/50 38/1/50
f 49/1/59 51/1/59 56/1/59
f 52/1/60 54/1/60 51/1/60
f 58/1/61 60/1/61 54/1/61
f 57/1/62 56/1/62 60/1/62
f 67/1/63 55/1/63 57/1/63
f 70/1/64 72/1/64 59/1/64
f 69/1/65 68/1/65 72/1/65
f 67/1/66 69/1/66 62/1/66
f 70/1/67 64/1/67 66/1/67
f 63/1/68 62/1/68 66/1/68
f 49/1/69 61/1/69 63/1/69
f 53/1/70 52/1/70 65/1/70
f 67/1/21 61/1/21 49/1/21
f 54/1/71 60/1/71 56/1/71
f 65/1/72 52/1/72 50/1/72
f 70/1/24 58/1/24 53/1/24
f 59/1/73 72/1/73 68/1/73
f 71/1/74 66/1/74 62/1/74
f 73/1/13 75/1/13 80/1/13
f 76/1/12 78/1/12 75/1/12
f 82/1/14 84/1/14 78/1/14
f 81/1/15 80/1/15 84/1/15
f 79/1/16 81/1/16 92/1/16
f 94/1/17 96/1/17 83/1/17
f 93/1/18 92/1/18 96/1/18
f 91/1/19 93/1/19 86/1/19
f 88/1/20 90/1/20 95/1/20
f 87/1/10 86/1/10 90/1/10
f 85/1/9 87/1/9 74/1/9
f 77/1/11 76/1/11 89/1/11
f 91/1/21 85/1/21 73/1/21
f 78/1/25 84/1/25 80/1/25
f 89/1/22 76/1/22 74/1/22
f 82/1/24 77/1/24 88/1/24
f 83/1/26 96/1/26 92/1/26
f 95/1/23 90/1/23 86/1/23
f 103/1/39 97/1/39 99/1/39
f 100/1/38 102/1/38 99/1/38
f 106/1/40 108/1/40 102/1/40
f 105/1/41 104/1/41 108/1/41
f 115/1/42 103/1/42 105/1/42
f 118/1/43 120/1/43 107/1/43
f 117/1/44 116/1/44 120/1/44
f 109/1/45 115/1/45 117/1/45
f 112/1/46 114/1/46 119/1/46
f 111/1/36 110/1/36 114/1/36
f 109/1/35 111/1/35 98/1/35
f 112/1/37 101/1/37 100/1/37
f 103/1/21 115/1/21 109/1/21
f 102/1/49 108/1/49 104/1/49
f 113/1/47 100/1/47 98/1/47
f 106/1/24 101/1/24 112/1/24
f 107/1/50 120/1/50 116/1/50
f 119/1/48 114/1/48 110/1/48
f 121/1/63 123/1/63 128/1/63
f 124/1/62 126/1/62 123/1/62
f 125/1/64 130/1/64 132/1/64
f 129/1/65 128/1/65 132/1/65
f 127/1/66 129/1/66 140/1/66
f 130/1/67 142/1/67 144/1/67
f 141/1/68 140/1/68 144/1/68
f 139/1/69 141/1/69 134/1/69
f 142/1/70 136/1/70 138/1/70
f 135/1/60 134/1/60 138/1/60
f 133/1/59 135/1/59 122/1/59
f 136/1/61 125/1/61 124/1/61
f 139/1/21 133/1/21 121/1/21
f 126/1/73 132/1/73 128/1/73
f 137/1/71 124/1/71 122/1/71
f 142/1/24 130/1/24 125/1/24
f 131/1/74 144/1/74 140/1/74
f 143/1/72 138/1/72 134/1/72
f 145/1/16 147/1/16 152/1/16
f 148/1/15 150/1/15 147/1/15
f 149/1/17 154/1/17 156/1/17
f 153/1/18 152/1/18 156/1/18
f 151/1/19 153/1/19 164/1/19
f 166/1/20 168/1/20 155/1/20
f 165/1/10 164/1/10 168/1/10
f 163/1/9 165/1/9 158/1/9
f 166/1/11 160/1/11 162/1/11
f 159/1/12 158/1/12 162/1/12
f 157/1/13 159/1/13 146/1/13
f 149/1/14 148/1/14 161/1/14
f 151/1/21 163/1/21 157/1/21
f 150/1/26 156/1/26 152/1/26
f 161/1/25 148/1/25 146/1/25
f 154/1/24 149/1/24 160/1/24
f 155/1/23 168/1/23 164/1/23
f 167/1/22 162/1/22 158/1/22
f 175/1/42 169/1/42 171/1/42
f 172/1/41 174/1/41 171/1/41
f 178/1/43 180/1/43 174/1/43
f 177/1/44 176/1/44 180/1/44
f 175/1/45 177/1/45 188/1/45
f 178/1/46 190/1/46 192/1/46
f 189/1/36 188/1/36 192/1/36
f 181/1/35 187/1/35 189/1/35
f 184/1/37 186/1/37 191/1/37
f 183/1/38 182/1/38 186/1/38
f 181/1/39 183/1/39 170/1/39
f 173/1/40 172/1/40 185/1/40
f 175/1/21 187/1/21 181/1/21
f 174/1/50 180/1/50 176/1/50
f 185/1/49 172/1/49 170/1/49
f 178/1/24 173/1/24 184/1/24
f 179/1/48 192/1/48 188/1/48
f 191/1/47 186/1/47 182/1/47
f 193/1/66 195/1/66 200/1/66
f 196/1/65 198/1/65 195/1/65
f 197/1/67 202/1/67 204/1/67
f 201/1/68 200/1/68 204/1/68
f 211/1/69 199/1/69 201/1/69
f 214/1/70 216/1/70 203/1/70
f 213/1/60 212/1/60 216/1/60
f 205/1/59 211/1/59 213/1/59
f 208/1/61 210/1/61 215/1/61
f 207/1/62 206/1/62 210/1/62
f 193/1/63 205/1/63 207/1/63
f 197/1/64 196/1/64 209/1/64
f 211/1/21 205/1/21 193/1/21
f 198/1/74 204/1/74 200/1/74
f 209/1/73 196/1/73 194/1/73
f 214/1/24 202/1/24 197/1/24
f 203/1/72 216/1/72 212/1/72
f 215/1/71 210/1/71 206/1/71
f 217/1/19 219/1/19 224/1/19
f 220/1/18 222/1/18 219/1/18
f 226/1/20 228/1/20 222/1/20
f 225/1/10 224/1/10 228/1/10
f 223/1/9 225/1/9 236/1/9
f 238/1/11 240/1/11 227/1/11
f 237/1/12 236/1/12 240/1/12
f 235/1/13 237/1/13 230/1/13
f 232/1/14 234/1/14 239/1/14
f 231/1/15 230/1/15 234/1/15
f 229/1/16 231/1/16 218/1/16
f 221/1/17 220/1/17 233/1/17
f 235/1/21 229/1/21 217/1/21
f 222/1/23 228/1/23 224/1/23
f 233/1/26 220/1/26 218/1/26
f 226/1/24 221/1/24 232/1/24
f 227/1/22 240/1/22 236/1/22
f 239/1/25 234/1/25 230/1/25
f 247/1/45 241/1/45 243/1/45
f 244/1/44 246/1/44 243/1/44
f 250/1/46 252/1/46 246/1/46
f 249/1/36 248/1/36 252/1/36
f 247/1/35 249/1/35 260/1/35
f 250/1/37 262/1/37 264/1/37
f 261/1/38 260/1/38 264/1/38
f 253/1/39 259/1/39 261/1/39
f 256/1/40 258/1/40 263/1/40
f 255/1/41 254/1/41 258/1/41
f 253/1/42 255/1/42 242/1/42
f 256/1/43 245/1/43 244/1/43
f 247/1/21 259/1/21 253/1/21
f 246/1/48 252/1/48 248/1/48
f 257/1/50 244/1/50 242/1/50
f 250/1/24 245/1/24 256/1/24
f 251/1/47 264/1/47 260/1/47
f 263/1/49 258/1/49 254/1/49
f 271/1/69 265/1/69 267/1/69
f 268/1/68 270/1/68 267/1/68
f 274/1/70 276/1/70 270/1/70
f 273/1/60 272/1/60 276/1/60
f 283/1/59 271/1/59 273/1/59
f 286/1/61 288/1/61 275/1/61
f 285/1/62 284/1/62 288/1/62
f 277/1/63 283/1/63 285/1/63
f 280/1/64 282/1/64 287/1/64
f 279/1/65 278/1/65 282/1/65
f 265/1/66 277/1/66 279/1/66
f 269/1/67 268/1/67 281/1/67
f 283/1/21 277/1/21 265/1/21
f 270/1/72 276/1/72 272/1/72
f 281/1/74 268/1/74 266/1/74
f 286/1/24 274/1/24 269/1/24
f 275/1/71 288/1/71 284/1/71
f 287/1/73 282/1/73 278/1/73
f 289/1/112 291/1/112 296/1/112
f 292/1/72 294/1/72 291/1/72
f 293/1/113 298/1/113 300/1/113
f 297/1/71 296/1/71 300/1/71
f 307/1/114 295/1/114 297/1/114
f 310/1/115 312/1/115 299/1/115
f 309/1/73 308/1/73 312/1/73
f 307/1/116 309/1/116 302/1/116
f 310/1/117 304/1/117 306/1/117
f 303/1/74 302/1/74 306/1/74
f 289/1/118 301/1/118 303/1/118
f 293/1/119 292/1/119 305/1/119
f 307/1/21 301/1/21 289/1/21
f 294/1/60 300/1/60 296/1/60
f 305/1/68 292/1/68 290/1/68
f 310/1/24 298/1/24 293/1/24
f 299/1/62 312/1/62 308/1/62
f 311/1/65 306/1/65 302/1/65
f 313/1/128 315/1/128 320/1/128
f 316/1/22 318/1/22 315/1/22
f 322/1/129 324/1/129 318/1/129
f 321/1/25 320/1/25 324/1/25
f 319/1/130 321/1/130 332/1/130
f 334/1/131 336/1/131 323/1/131
f 333/1/26 332/1/26 336/1/26
f 331/1/132 333/1/132 326/1/132
f 328/1/133 330/1/133 335/1/133
f 327/1/23 326/1/23 330/1/23
f 325/1/134 327/1/134 314/1/134
f 317/1/135 316/1/135 329/1/135
f 331/1/21 325/1/21 313/1/21
f 318/1/12 324/1/12 320/1/12
f 329/1/10 316/1/10 314/1/10
f 322/1/24 317/1/24 328/1/24
f 323/1/15 336/1/15 332/1/15
f 335/1/18 330/1/18 326/1/18
f 337/1/144 339/1/144 344/1/144
f 340/1/47 342/1/47 339/1/47
f 346/1/145 348/1/145 342/1/145
f 345/1/49 344/1/49 348/1/49
f 355/1/146 343/1/146 345/1/146
f 358/1/147 360/1/147 347/1/147
f 357/1/50 356/1/50 360/1/50
f 349/1/148 355/1/148 357/1/148
f 352/1/149 354/1/149 359/1/149
f 351/1/48 350/1/48 354/1/48
f 349/1/150 351/1/150 338/1/150
f 352/1/151 341/1/151 340/1/151
f 355/1/21 349/1/21 337/1/21
f 342/1/38 348/1/38 344/1/38
f 353/1/36 340/1/36 338/1/36
f 358/1/24 346/1/24 341/1/24
f 347/1/41 360/1/41 356/1/41
f 359/1/44 354/1/44 350/1/44
f 367/1/114 361/1/114 363/1/114
f 364/1/71 366/1/71 363/1/71
f 370/1/115 372/1/115 366/1/115
f 369/1/73 368/1/73 372/1/73
f 379/1/116 367/1/116 369/1/116
f 382/1/117 384/1/117 371/1/117
f 381/1/74 380/1/74 384/1/74
f 379/1/118 381/1/118 374/1/118
f 376/1/119 378/1/119 383/1/119
f 375/1/72 374/1/72 378/1/72
f 373/1/112 375/1/112 362/1/112
f 376/1/113 365/1/113 364/1/113
f 379/1/21 373/1/21 361/1/21
f 366/1/62 372/1/62 368/1/62
f 377/1/60 364/1/60 362/1/60
f 370/1/24 365/1/24 376/1/24
f 371/1/65 384/1/65 380/1/65
f 383/1/68 378/1/68 374/1/68
f 385/1/130 387/1/130 392/1/130
f 388/1/25 390/1/25 387/1/25
f 389/1/131 394/1/131 396/1/131
f 393/1/26 392/1/26 396/1/26
f 391/1/132 393/1/132 404/1/132
f 394/1/133 406/1/133 408/1/133
f 405/1/23 404/1/23 408/1/23
f 403/1/134 405/1/134 398/1/134
f 406/1/135 400/1/135 402/1/135
f 399/1/22 398/1/22 402/1/22
f 397/1/128 399/1/128 386/1/128
f 400/1/129 389/1/129 388/1/129
f 391/1/21 403/1/21 397/1/21
f 390/1/15 396/1/15 392/1/15
f 401/1/12 388/1/12 386/1/12
f 394/1/24 389/1/24 400/1/24
f 395/1/18 408/1/18 404/1/18
f 407/1/10 402/1/10 398/1/10
f 409/1/146 411/1/146 416/1/146
f 412/1/49 414/1/49 411/1/49
f 413/1/147 418/1/147 420/1/147
f 417/1/50 416/1/50 420/1/50
f 415/1/148 417/1/148 428/1/148
f 418/1/149 430/1/149 432/1/149
f 429/1/48 428/1/48 432/1/48
f 427/1/150 429/1/150 422/1/150
f 430/1/151 424/1/151 426/1/151
f 423/1/47 422/1/47 426/1/47
f 409/1/144 421/1/144 423/1/144
f 413/1/145 412/1/145 425/1/145
f 427/1/21 421/1/21 409/1/21
f 414/1/41 420/1/41 416/1/41
f 425/1/38 412/1/38 410/1/38
f 430/1/24 418/1/24 413/1/24
f 419/1/44 432/1/44 428/1/44
f 431/1/36 426/1/36 422/1/36
f 433/1/116 435/1/116 440/1/116
f 436/1/73 438/1/73 435/1/73
f 437/1/117 442/1/117 444/1/117
f 441/1/74 440/1/74 444/1/74
f 451/1/118 439/1/118 441/1/118
f 454/1/119 456/1/119 443/1/119
f 453/1/72 452/1/72 456/1/72
f 451/1/112 453/1/112 446/1/112
f 454/1/113 448/1/113 450/1/113
f 447/1/71 446/1/71 450/1/71
f 433/1/114 445/1/114 447/1/114
f 437/1/115 436/1/115 449/1/115
f 451/1/21 445/1/21 433/1/21
f 438/1/65 444/1/65 440/1/65
f 449/1/62 436/1/62 434/1/62
f 454/1/24 442/1/24 437/1/24
f 443/1/68 456/1/68 452/1/68
f 455/1/60 450/1/60 446/1/60
f 457/1/132 459/1/132 464/1/132
f 460/1/26 462/1/26 459/1/26
f 466/1/133 468/1/133 462/1/133
f 465/1/23 464/1/23 468/1/23
f 475/1/134 463/1/134 465/1/134
f 478/1/135 480/1/135 467/1/135
f 477/1/22 476/1/22 480/1/22
f 475/1/128 477/1/128 470/1/128
f 472/1/129 474/1/129 479/1/129
f 471/1/25 470/1/25 474/1/25
f 457/1/130 469/1/130 471/1/130
f 461/1/131 460/1/131 473/1/131
f 475/1/21 469/1/21 457/1/21
f 462/1/18 468/1/18 464/1/18
f 473/1/15 460/1/15 458/1/15
f 478/1/24 466/1/24 461/1/24
f 467/1/10 480/1/10 476/1/10
f 479/1/12 474/1/12 470/1/12
f 487/1/148 481/1/148 483/1/148
f 484/1/50 486/1/50 483/1/50
f 490/1/149 492/1/149 486/1/149
f 489/1/48 488/1/48 492/1/48
f 499/1/150 487/1/150 489/1/150
f 502/1/151 504/1/151 491/1/151
f 501/1/47 500/1/47 504/1/47
f 493/1/144 499/1/144 501/1/144
f 496/1/145 498/1/145 503/1/145
f 495/1/49 494/1/49 498/1/49
f 493/1/146 495/1/146 482/1/146
f 496/1/147 485/1/147 484/1/147
f 487/1/21 499/1/21 493/1/21
f 486/1/44 492/1/44 488/1/44
f 497/1/41 484/1/41 482/1/41
f 490/1/24 485/1/24 496/1/24
f 491/1/36 504/1/36 500/1/36
f 503/1/38 498/1/38 494/1/38
f 505/1/118 507/1/118 512/1/118
f 508/1/74 510/1/74 507/1/74
f 509/1/119 514/1/119 516/1/119
f 513/1/72 512/1/72 516/1/72
f 511/1/112 513/1/112 524/1/112
f 514/1/113 526/1/113 528/1/113
f 525/1/71 524/1/71 528/1/71
f 523/1/114 525/1/114 518/1/114
f 520/1/115 522/1/115 527/1/115
f 519/1/73 518/1/73 522/1/73
f 517/1/116 519/1/116 506/1/116
f 520/1/117 509/1/117 508/1/117
f 511/1/21 523/1/21 517/1/21
f 510/1/68 516/1/68 512/1/68
f 521/1/65 508/1/65 506/1/65
f 514/1/24 509/1/24 520/1/24
f 515/1/60 528/1/60 524/1/60
f 527/1/62 522/1/62 518/1/62
f 529/1/134 531/1/134 536/1/134
f 532/1/23 534/1/23 531/1/23
f 538/1/135 540/1/135 534/1/135
f 537/1/22 536/1/22 540/1/22
f 547/1/128 535/1/128 537/1/128
f 550/1/129 552/1/129 539/1/129
f 549/1/25 548/1/25 552/1/25
f 547/1/130 549/1/130 542/1/130
f 550/1/131 544/1/131 546/1/131
f 543/1/26 542/1/26 546/1/26
f 529/1/132 541/1/132 543/1/132
f 533/1/133 532/1/133 545/1/133
f 547/1/21 541/1/21 529/1/21
f 534/1/10 540/1/10 536/1/10
f 545/1/18 532/1/18 530/1/18
f 550/1/24 538/1/24 533/1/24
f 539/1/12 552/1/12 548/1/12
f 551/1/15 546/1/15 542/1/15
f 553/1/150 555/1/150 560/1/150
f 556/1/48 558/1/48 555/1/48
f 557/1/151 562/1/151 564/1/151
f 561/1/47 560/1/47 564/1/47
f 559/1/144 561/1/144 572/1/144
f 562/1/145 574/1/145 576/1/145
f 573/1/49 572/1/49 576/1/49
f 571/1/146 573/1/146 566/1/146
f 574/1/147 568/1/147 570/1/147
f 567/1/50 566/1/50 570/1/50
f 565/1/148 567/1/148 554/1/148
f 568/1/149 557/1/149 556/1/149
f 559/1/21 571/1/21 565/1/21
f 558/1/36 564/1/36 560/1/36
f 569/1/44 556/1/44 554/1/44
f 562/1/24 557/1/24 568/1/24
f 563/1/38 576/1/38 572/1/38
f 575/1/41 570/1/41 566/1/41
f 577/1/9 579/1/9 584/1/9
f 580/1/10 582/1/10 579/1/10
f 586/1/11 588/1/11 582/1/11
f 585/1/12 584/1/12 588/1/12
f 583/1/13 585/1/13 596/1/13
f 598/1/14 600/1/14 587/1/14
f 597/1/15 596/1/15 600/1/15
f 595/1/16 597/1/16 590/1/16
f 592/1/17 594/1/17 599/1/17
f 591/1/18 590/1/18 594/1/18
f 589/1/19 591/1/19 578/1/19
f 581/1/20 580/1/20 593/1/20
f 595/1/21 589/1/21 577/1/21
f 582/1/22 588/1/22 584/1/22
f 593/1/23 580/1/23 578/1/23
f 586/1/24 581/1/24 592/1/24
f 587/1/25 600/1/25 596/1/25
f 599/1/26 594/1/26 590/1/26
f 607/1/35 601/1/35 603/1/35
f 604/1/36 606/1/36 603/1/36
f 610/1/37 612/1/37 606/1/37
f 609/1/38 608/1/38 612/1/38
f 607/1/39 609/1/39 620/1/39
f 610/1/40 622/1/40 624/1/40
f 621/1/41 620/1/41 624/1/41
f 613/1/42 619/1/42 621/1/42
f 616/1/43 618/1/43 623/1/43
f 615/1/44 614/1/44 618/1/44
f 613/1/45 615/1/45 602/1/45
f 616/1/46 605/1/46 604/1/46
f 607/1/21 619/1/21 613/1/21
f 606/1/47 612/1/47 608/1/47
f 617/1/48 604/1/48 602/1/48
f 610/1/24 605/1/24 616/1/24
f 611/1/49 624/1/49 620/1/49
f 623/1/50 618/1/50 614/1/50
f 625/1/59 627/1/59 632/1/59
f 628/1/60 630/1/60 627/1/60
f 634/1/61 636/1/61 630/1/61
f 633/1/62 632/1/62 636/1/62
f 643/1/63 631/1/63 633/1/63
f 646/1/64 648/1/64 635/1/64
f 645/1/65 644/1/65 648/1/65
f 643/1/66 645/1/66 638/1/66
f 646/1/67 640/1/67 642/1/67
f 639/1/68 638/1/68 642/1/68
f 625/1/69 637/1/69 639/1/69
f 629/1/70 628/1/70 641/1/70
f 643/1/21 637/1/21 625/1/21
f 630/1/71 636/1/71 632/1/71
f 641/1/72 628/1/72 626/1/72
f 646/1/24 634/1/24 629/1/24
f 635/1/73 648/1/73 644/1/73
f 647/1/74 642/1/74 638/1/74
f 649/1/13 651/1/13 656/1/13
f 652/1/12 654/1/12 651/1/12
f 658/1/14 660/1/14 654/1/14
f 657/1/15 656/1/15 660/1/15
f 655/1/16 657/1/16 668/1/16
f 670/1/17 672/1/17 659/1/17
f 669/1/18 668/1/18 672/1/18
f 667/1/19 669/1/19 662/1/19
f 664/1/20 666/1/20 671/1/20
f 663/1/10 662/1/10 666/1/10
f 661/1/9 663/1/9 650/1/9
f 653/1/11 652/1/11 665/1/11
f 667/1/21 661/1/21 649/1/21
f 654/1/25 660/1/25 656/1/25
f 665/1/22 652/1/22 650/1/22
f 658/1/24 653/1/24 664/1/24
f 659/1/26 672/1/26 668/1/26
f 671/1/23 666/1/23 662/1/23
f 679/1/39 673/1/39 675/1/39
f 676/1/38 678/1/38 675/1/38
f 682/1/40 684/1/40 678/1/40
f 681/1/41 680/1/41 684/1/41
f 691/1/42 679/1/42 681/1/42
f 694/1/43 696/1/43 683/1/43
f 693/1/44 692/1/44 696/1/44
f 685/1/45 691/1/45 693/1/45
f 688/1/46 690/1/46 695/1/46
f 687/1/36 686/1/36 690/1/36
f 685/1/35 687/1/35 674/1/35
f 688/1/37 677/1/37 676/1/37
f 679/1/21 691/1/21 685/1/21
f 678/1/49 684/1/49 680/1/49
f 689/1/47 676/1/47 674/1/47
f 682/1/24 677/1/24 688/1/24
f 683/1/50 696/1/50 692/1/50
f 695/1/48 690/1/48 686/1/48
f 697/1/63 699/1/63 704/1/63
f 700/1/62 702/1/62 699/1/62
f 701/1/64 706/1/64 708/1/64
f 705/1/65 704/1/65 708/1/65
f 703/1/66 705/1/66 716/1/66
f 706/1/67 718/1/67 720/1/67
f 717/1/68 716/1/68 720/1/68
f 715/1/69 717/1/69 710/1/69
f 718/1/70 712/1/70 714/1/70
f 711/1/60 710/1/60 714/1/60
f 709/1/59 711/1/59 698/1/59
f 712/1/61 701/1/61 700/1/61
f 715/1/21 709/1/21 697/1/21
f 702/1/73 708/1/73 704/1/73
f 713/1/71 700/1/71 698/1/71
f 718/1/24 706/1/24 701/1/24
f 707/1/74 720/1/74 716/1/74
f 719/1/72 714/1/72 710/1/72
f 721/1/16 723/1/16 728/1/16
f 724/1/15 726/1/15 723/1/15
f 725/1/17 730/1/17 732/1/17
f 729/1/18 728/1/18 732/1/18
f 727/1/19 729/1/19 740/1/19
f 742/1/20 744/1/20 731/1/20
f 741/1/10 740/1/10 744/1/10
f 739/1/9 741/1/9 734/1/9
f 742/1/11 736/1/11 738/1/11
f 735/1/12 734/1/12 738/1/12
f 733/1/13 735/1/13 722/1/13
f 725/1/14 724/1/14 737/1/14
f 727/1/21 739/1/21 733/1/21
f 726/1/26 732/1/26 728/1/26
f 737/1/25 724/1/25 722/1/25
f 730/1/24 725/1/24 736/1/24
f 731/1/23 744/1/23 740/1/23
f 743/1/22 738/1/22 734/1/22
f 751/1/42 745/1/42 747/1/42
f 748/1/41 750/1/41 747/1/41
f 754/1/43 756/1/43 750/1/43
f 753/1/44 752/1/44 756/1/44
f 751/1/45 753/1/45 764/1/45
f 754/1/46 766/1/46 768/1/46
f 765/1/36 764/1/36 768/1/36
f 757/1/35 763/1/35 765/1/35
f 760/1/37 762/1/37 767/1/37
f 759/1/38 758/1/38 762/1/38
f 757/1/39 759/1/39 746/1/39
f 749/1/40 748/1/40 761/1/40
f 751/1/21 763/1/21 757/1/21
f 750/1/50 756/1/50 752/1/50
f 761/1/49 748/1/49 746/1/49
f 754/1/24 749/1/24 760/1/24
f 755/1/48 768/1/48 764/1/48
f 767/1/47 762/1/47 758/1/47
f 769/1/66 771/1/66 776/1/66
f 772/1/65 774/1/65 771/1/65
f 773/1/67 778/1/67 780/1/67
f 777/1/68 776/1/68 780/1/68
f 787/1/69 775/1/69 777/1/69
f 790/1/70 792/1/70 779/1/70
f 789/1/60 788/1/60 792/1/60
f 781/1/59 787/1/59 789/1/59
f 784/1/61 786/1/61 791/1/61
f 783/1/62 782/1/62 786/1/62
f 769/1/63 781/1/63 783/1/63
f 773/1/64 772/1/64 785/1/64
f 787/1/21 781/1/21 769/1/21
f 774/1/74 780/1/74 776/1/74
f 785/1/73 772/1/73 770/1/73
f 790/1/24 778/1/24 773/1/24
f 779/1/72 792/1/72 788/1/72
f 791/1/71 786/1/71 782/1/71
f 793/1/19 795/1/19 800/1/19
f 796/1/18 798/1/18 795/1/18
f 802/1/20 804/1/20 798/1/20
f 801/1/10 800/1/10 804/1/10
f 799/1/9 801/1/9 812/1/9
f 814/1/11 816/1/11 803/1/11
f 813/1/12 812/1/12 816/1/12
f 811/1/13 813/1/13 806/1/13
f 808/1/14 810/1/14 815/1/14
f 807/1/15 806/1/15 810/1/15
f 805/1/16 807/1/16 794/1/16
f 797/1/17 796/1/17 809/1/17
f 811/1/21 805/1/21 793/1/21
f 798/1/23 804/1/23 800/1/23
f 809/1/26 796/1/26 794/1/26
f 802/1/24 797/1/24 808/1/24
f 803/1/22 816/1/22 812/1/22
f 815/1/25 810/1/25 806/1/25
f 823/1/45 817/1/45 819/1/45
f 820/1/44 822/1/44 819/1/44
f 826/1/46 828/1/46 822/1/46
f 825/1/36 824/1/36 828/1/36
f 823/1/35 825/1/35 836/1/35
f 826/1/37 838/1/37 840/1/37
f 837/1/38 836/1/38 840/1/38
f 829/1/39 835/1/39 837/1/39
f 832/1/40 834/1/40 839/1/40
f 831/1/41 830/1/41 834/1/41
f 829/1/42 831/1/42 818/1/42
f 832/1/43 821/1/43 820/1/43
f 823/1/21 835/1/21 829/1/21
f 822/1/48 828/1/48 824/1/48
f 833/1/50 820/1/50 818/1/50
f 826/1/24 821/1/24 832/1/24
f 827/1/47 840/1/47 836/1/47
f 839/1/49 834/1/49 830/1/49
f 847/1/69 841/1/69 843/1/69
f 844/1/68 846/1/68 843/1/68
f 850/1/70 852/1/70 846/1/70
f 849/1/60 848/1/60 852/1/60
f 859/1/59 847/1/59 849/1/59
f 862/1/61 864/1/61 851/1/61
f 861/1/62 860/1/62 864/1/62
f 853/1/63 859/1/63 861/1/63
f 856/1/64 858/1/64 863/1/64
f 855/1/65 854/1/65 858/1/65
f 841/1/66 853/1/66 855/1/66
f 845/1/67 844/1/67 857/1/67
f 859/1/21 853/1/21 841/1/21
f 846/1/72 852/1/72 848/1/72
f 857/1/74 844/1/74 842/1/74
f 862/1/24 850/1/24 845/1/24
f 851/1/71 864/1/71 860/1/71
f 863/1/73 858/1/73 854/1/73
f 865/1/112 867/1/112 872/1/112
f 868/1/72 870/1/72 867/1/72
f 869/1/113 874/1/113 876/1/113
f 873/1/71 872/1/71 876/1/71
f 883/1/114 871/1/114 873/1/114
f 886/1/115 888/1/115 875/1/115
f 885/1/73 884/1/73 888/1/73
f 883/1/116 885/1/116 878/1/116
f 886/1/117 880/1/117 882/1/117
f 879/1/74 878/1/74 882/1/74
f 865/1/118 877/1/118 879/1/118
f 869/1/119 868/1/119 881/1/119
f 883/1/21 877/1/21 865/1/21
f 870/1/60 876/1/60 872/1/60
f 881/1/68 868/1/68 866/1/68
f 886/1/24 874/1/24 869/1/24
f 875/1/62 888/1/62 884/1/62
f 887/1/65 882/1/65 878/1/65
f 889/1/128 891/1/128 896/1/128
f 892/1/22 894/1/22 891/1/22
f 898/1/129 900/1/129 894/1/129
f 897/1/25 896/1/25 900/1/25
f 895/1/130 897/1/130 908/1/130
f 910/1/131 912/1/131 899/1/131
f 909/1/26 908/1/26 912/1/26
f 907/1/132 909/1/132 902/1/132
f 904/1/133 906/1/133 911/1/133
f 903/1/23 902/1/23 906/1/23
f 901/1/134 903/1/134 890/1/134
f 893/1/135 892/1/135 905/1/135
f 907/1/21 901/1/21 889/1/21
f 894/1/12 900/1/12 896/1/12
f 905/1/10 892/1/10 890/1/10
f 898/1/24 893/1/24 904/1/24
f 899/1/15 912/1/15 908/1/15
f 911/1/18 906/1/18 902/1/18
f 913/1/144 915/1/144 920/1/144
f 916/1/47 918/1/47 915/1/47
f 922/1/145 924/1/145 918/1/145
f 921/1/49 920/1/49 924/1/49
f 931/1/146 919/1/146 921/1/146
f 934/1/147 936/1/147 923/1/147
f 933/1/50 932/1/50 936/1/50
f 925/1/148 931/1/148 933/1/148
f 928/1/149 930/1/149 935/1/149
f 927/1/48 926/1/48 930/1/48
f 925/1/150 927/1/150 914/1/150
f 928/1/151 917/1/151 916/1/151
f 931/1/21 925/1/21 913/1/21
f 918/1/38 924/1/38 920/1/38
f 929/1/36 916/1/36 914/1/36
f 934/1/24 922/1/24 917/1/24
f 923/1/41 936/1/41 932/1/41
f 935/1/44 930/1/44 926/1/44
f 943/1/114 937/1/114 939/1/114
f 940/1/71 942/1/71 939/1/71
f 946/1/115 948/1/115 942/1/115
f 945/1/73 944/1/73 948/1/73
f 955/1/116 943/1/116 945/1/116
f 958/1/117 960/1/117 947/1/117
f 957/1/74 956/1/74 960/1/74
f 955/1/118 957/1/118 950/1/118
f 952/1/119 954/1/119 959/1/119
f 951/1/72 950/1/72 954/1/72
f 949/1/112 951/1/112 938/1/112
f 952/1/113 941/1/113 940/1/113
f 955/1/21 949/1/21 937/1/21
f 942/1/62 948/1/62 944/1/62
f 953/1/60 940/1/60 938/1/60
f 946/1/24 941/1/24 952/1/24
f 947/1/65 960/1/65 956/1/65
f 959/1/68 954/1/68 950/1/68
f 961/1/130 963/1/130 968/1/130
f 964/1/25 966/1/25 963/1/25
f 965/1/131 970/1/131 972/1/131
f 969/1/26 968/1/26 972/1/26
f 967/1/132 969/1/132 980/1/132
f 970/1/133 982/1/133 984/1/133
f 981/1/23 980/1/23 984/1/23
f 979/1/134 981/1/134 974/1/134
f 982/1/135 976/1/135 978/1/135
f 975/1/22 974/1/22 978/1/22
f 973/1/128 975/1/128 962/1/128
f 976/1/129 965/1/129 964/1/129
f 967/1/21 979/1/21 973/1/21
f 966/1/15 972/1/15 968/1/15
f 977/1/12 964/1/12 962/1/12
f 970/1/24 965/1/24 976/1/24
f 971/1/18 984/1/18 980/1/18
f 983/1/10 978/1/10 974/1/10
f 985/1/146 987/1/146 992/1/146
f 988/1/49 990/1/49 987/1/49
f 989/1/147 994/1/147 996/1/147
f 993/1/50 992/1/50 996/1/50
f 991/1/148 993/1/148 1004/1/148
f 994/1/149 1006/1/149 1008/1/149
f 1005/1/48 1004/1/48 1008/1/48
f 1003/1/150 1005/1/150 998/1/150
f 1006/1/151 1000/1/151 1002/1/151
f 999/1/47 998/1/47 1002/1/47
f 985/1/144 997/1/144 999/1/144
f 989/1/145 988/1/145 1001/1/145
f 1003/1/21 997/1/21 985/1/21
f 990/1/41 996/1/41 992/1/41
f 1001/1/38 988/1/38 986/1/38
f 1006/1/24 994/1/24 989/1/24
f 995/1/44 1008/1/44 1004/1/44
f 1007/1/36 1002/1/36 998/1/36
f 1009/1/116 1011/1/116 1016/1/116
f 1012/1/73 1014/1/73 1011/1/73
f 1013/1/117 1018/1/117 1020/1/117
f 1017/1/74 1016/1/74 1020/1/74
f 1027/1/118 1015/1/118 1017/1/118
f 1030/1/119 1032/1/119 1019/1/119
f 1029/1/72 1028/1/72 1032/1/72
f 1027/1/112 1029/1/112 1022/1/112
f 1030/1/113 1024/1/113 1026/1/113
f 1023/1/71 1022/1/71 1026/1/71
f 1009/1/114 1021/1/114 1023/1/114
f 1013/1/115 1012/1/115 1025/1/115
f 1027/1/21 1021/1/21 1009/1/21
f 1014/1/65 1020/1/65 1016/1/65
f 1025/1/62 1012/1/62 1010/1/62
f 1030/1/24 1018/1/24 1013/1/24
f 1019/1/68 1032/1/68 1028/1/68
f 1031/1/60 1026/1/60 1022/1/60
f 1033/1/132 1035/1/132 1040/1/132
f 1036/1/26 1038/1/26 1035/1/26
f 1042/1/133 1044/1/133 1038/1/133
f 1041/1/23 1040/1/23 1044/1/23
f 1051/1/134 1039/1/134 1041/1/134
f 1054/1/135 1056/1/135 1043/1/135
f 1053/1/22 1052/1/22 1056/1/22
f 1051/1/128 1053/1/128 1046/1/128
f 1048/1/129 1050/1/129 1055/1/129
f 1047/1/25 1046/1/25 1050/1/25
f 1033/1/130 1045/1/130 1047/1/130
f 1037/1/131 1036/1/131 1049/1/131
f 1051/1/21 1045/1/21 1033/1/21
f 1038/1/18 1044/1/18 1040/1/18
f 1049/1/15 1036/1/15 1034/1/15
f 1054/1/24 1042/1/24 1037/1/24
f 1043/1/10 1056/1/10 1052/1/10
f 1055/1/12 1050/1/12 1046/1/12
f 1063/1/148 1057/1/148 1059/1/148
f 1060/1/50 1062/1/50 1059/1/50
f 1066/1/149 1068/1/149 1062/1/149
f 1065/1/48 1064/1/48 1068/1/48
f 1075/1/150 1063/1/150 1065/1/150
f 1078/1/151 1080/1/151 1067/1/151
f 1077/1/47 1076/1/47 1080/1/47
f 1069/1/144 1075/1/144 1077/1/144
f 1072/1/145 1074/1/145 1079/1/145
f 1071/1/49 1070/1/49 1074/1/49
f 1069/1/146 1071/1/146 1058/1/146
f 1072/1/147 1061/1/147 1060/1/147
f 1063/1/21 1075/1/21 1069/1/21
f 1062/1/44 1068/1/44 1064/1/44
f 1073/1/41 1060/1/41 1058/1/41
f 1066/1/24 1061/1/24 1072/1/24
f 1067/1/36 1080/1/36 1076/1/36
f 1079/1/38 1074/1/38 1070/1/38
f 1081/1/118 1083/1/118 1088/1/118
f 1084/1/74 1086/1/74 1083/1/74
f 1085/1/119 1090/1/119 1092/1/119
f 1089/1/72 1088/1/72 1092/1/72
f 1087/1/112 1089/1/112 1100/1/112
f 1090/1/113 1102/1/113 1104/1/113
f 1101/1/71 1100/1/71 1104/1/71
f 1099/1/114 1101/1/114 1094/1/114
f 1096/1/115 1098/1/115 1103/1/115
f 1095/1/73 1094/1/73 1098/1/73
f 1093/1/116 1095/1/116 1082/1/116
f 1096/1/117 1085/1/117 1084/1/117
f 1087/1/21 1099/1/21 1093/1/21
f 1086/1/68 1092/1/68 1088/1/68
f 1097/1/65 1084/1/65 1082/1/65
f 1090/1/24 1085/1/24 1096/1/24
f 1091/1/60 1104/1/60 1100/1/60
f 1103/1/62 1098/1/62 1094/1/62
f 1105/1/134 1107/1/134 1112/1/134
f 1108/1/23 1110/1/23 1107/1/23
f 1114/1/135 1116/1/135 1110/1/135
f 1113/1/22 1112/1/22 1116/1/22
f 1123/1/128 1111/1/128 1113/1/128
f 1126/1/129 1128/1/129 1115/1/129
f 1125/1/25 1124/1/25 1128/1/25
f 1123/1/130 1125/1/130 1118/1/130
f 1126/1/131 1120/1/131 1122/1/131
f 1119/1/26 1118/1/26 1122/1/26
f 1105/1/132 1117/1/132 1119/1/132
f 1109/1/133 1108/1/133 1121/1/133
f 1123/1/21 1117/1/21 1105/1/21
f 1110/1/10 1116/1/10 1112/1/10
f 1121/1/18 1108/1/18 1106/1/18
f 1126/1/24 1114/1/24 1109/1/24
f 1115/1/12 1128/1/12 1124/1/12
f 1127/1/15 1122/1/15 1118/1/15
f 1129/1/150 1131/1/150 1136/1/150
f 1132/1/48 1134/1/48 1131/1/48
f 1133/1/151 1138/1/151 1140/1/151
f 1137/1/47 1136/1/47 1140/1/47
f 1135/1/144 1137/1/144 1148/1/144
f 1138/1/145 1150/1/145 1152/1/145
f 1149/1/49 1148/1/49 1152/1/49
f 1147/1/146 1149/1/146 1142/1/146
f 1150/1/147 1144/1/147 1146/1/147
f 1143/1/50 1142/1/50 1146/1/50
f 1141/1/148 1143/1/148 1130/1/148
f 1144/1/149 1133/1/149 1132/1/149
f 1135/1/21 1147/1/21 1141/1/21
f 1134/1/36 1140/1/36 1136/1/36
f 1145/1/44 1132/1/44 1130/1/44
f 1138/1/24 1133/1/24 1144/1/24
f 1139/1/38 1152/1/38 1148/1/38
f 1151/1/41 1146/1/41 1142/1/41
f 1153/2/9 1155/2/9 1160/2/9
f 1156/2/10 1158/2/10 1155/2/10
f 1162/2/11 1164/2/11 1158/2/11
f 1161/2/12 1160/2/12 1164/2/12
f 1159/2/13 1161/2/13 1172/2/13
f 1174/2/14 1176/2/14 1163/2/14
f 1173/2/15 1172/2/15 1176/2/15
f 1171/2/16 1173/2/16 1166/2/16
f 1168/2/17 1170/2/17 1175/2/17
f 1167/2/18 1166/2/18 1170/2/18
f 1165/2/19 1167/2/19 1154/2/19
f 1157/2/20 1156/2/20 1169/2/20
f 1171/2/21 1165/2/21 1153/2/21
f 1158/2/22 1164/2/22 1160/2/22
f 1169/2/23 1156/2/23 1154/2/23
f 1162/2/24 1157/2/24 1168/2/24
f 1163/2/25 1176/2/25 1172/2/25
f 1175/2/26 1170/2/26 1166/2/26
f 1177/3/198 1178/3/198 1180/3/198
f 1179/3/199 1180/3/199 1182/3/199
f 1182/3/200 1184/3/200 1183/3/200
f 1184/3/201 1186/3/201 1185/3/201
f 1185/3/202 1186/3/202 1188/3/202
f 1188/3/203 1190/3/203 1189/3/203
f 1182/3/204 1180/3/204 1178/3/204
f 1178/3/204 1192/3/204 1182/3/204
f 1192/3/204 1190/3/204 1182/3/204
f 1190/3/284 1188/3/284 1186/3/284
f 1186/3/204 1184/3/204 1182/3/204
f 1189/3/205 1190/3/205 1192/3/205
f 1192/3/206 1178/3/206 1177/3/206
f 1191/3/207 1177/3/207 1183/3/207
f 1177/3/207 1179/3/207 1183/3/207
f 1179/3/285 1181/3/285 1183/3/285
f 1183/3/207 1185/3/207 1187/3/207
f 1187/3/207 1189/3/207 1183/3/207
f 1193/2/9 1195/2/9 1200/2/9
f 1196/2/10 1198/2/10 1195/2/10
f 1202/2/11 1204/2/11 1198/2/11
f 1201/2/12 1200/2/12 1204/2/12
f 1199/2/13 1201/2/13 1212/2/13
f 1214/2/14 1216/2/14 1203/2/14
f 1213/2/15 1212/2/15 1216/2/15
f 1211/2/16 1213/2/16 1206/2/16
f 1208/2/17 1210/2/17 1215/2/17
f 1207/2/18 1206/2/18 1210/2/18
f 1205/2/19 1207/2/19 1194/2/19
f 1197/2/20 1196/2/20 1209/2/20
f 1211/2/21 1205/2/21 1193/2/21
f 1198/2/22 1204/2/22 1200/2/22
f 1209/2/23 1196/2/23 1194/2/23
f 1202/2/24 1197/2/24 1208/2/24
f 1203/2/25 1216/2/25 1212/2/25
f 1215/2/26 1210/2/26 1206/2/26
f 1217/3/210 1218/3/210 1220/3/210
f 1220/3/211 1222/3/211 1221/3/211
f 1221/3/212 1222/3/212 1224/3/212
f 1224/3/213 1226/3/213 1225/3/213
f 1225/3/214 1226/3/214 1228/3/214
f 1227/3/215 1228/3/215 1230/3/215
f 1222/3/286 1220/3/286 1218/3/286
f 1218/3/216 1232/3/216 1230/3/216
f 1230/3/216 1228/3/216 1226/3/216
f 1226/3/286 1224/3/286 1222/3/286
f 1222/3/216 1218/3/216 1226/3/216
f 1230/3/217 1232/3/217 1231/3/217
f 1232/3/218 1218/3/218 1217/3/218
f 1231/3/287 1217/3/287 1219/3/287
f 1219/3/287 1221/3/287 1231/3/287
f 1221/3/287 1223/3/287 1231/3/287
f 1223/3/287 1225/3/287 1231/3/287
f 1225/3/287 1227/3/287 1231/3/287
f 1234/2/220 1236/2/220 1235/2/220
f 1236/2/13 1238/2/13 1237/2/13
f 1238/2/221 1240/2/221 1239/2/221
f 1240/2/222 1242/2/222 1241/2/222
f 1242/2/19 1244/2/19 1243/2/19
f 1244/2/223 1246/2/223 1245/2/223
f 1246/2/224 1248/2/224 1247/2/224
f 1248/2/20 1250/2/20 1249/2/20
f 1250/2/225 1252/2/225 1251/2/225
f 1252/2/226 1254/2/226 1253/2/226
f 1238/2/26 1236/2/26 1254/2/26
f 1236/2/26 1234/2/26 1254/2/26
f 1234/2/26 1256/2/26 1254/2/26
f 1254/2/26 1252/2/26 1250/2/26
f 1250/2/26 1248/2/26 1246/2/26
f 1246/2/26 1244/2/26 1238/2/26
f 1244/2/26 1242/2/26 1238/2/26
f 1242/2/26 1240/2/26 1238/2/26
f 1254/2/26 1250/2/26 1246/2/26
f 1254/2/14 1256/2/14 1255/2/14
f 1256/2/227 1234/2/227 1233/2/227
f 1255/2/22 1233/2/22 1235/2/22
f 1235/2/22 1237/2/22 1255/2/22
f 1237/2/22 1239/2/22 1255/2/22
f 1239/2/22 1241/2/22 1247/2/22
f 1241/2/22 1243/2/22 1247/2/22
f 1243/2/22 1245/2/22 1247/2/22
f 1247/2/22 1249/2/22 1251/2/22
f 1251/2/22 1253/2/22 1255/2/22
f 1247/2/22 1251/2/22 1255/2/22
f 1258/3/220 1260/3/220 1259/3/220
f 1260/3/13 1262/3/13 1261/3/13
f 1262/3/221 1264/3/221 1263/3/221
f 1264/3/222 1266/3/222 1265/3/222
f 1265/3/19 1266/3/19 1268/3/19
f 1268/3/223 1270/3/223 1269/3/223
f 1270/3/224 1272/3/224 1271/3/224
f 1271/3/20 1272/3/20 1274/3/20
f 1274/3/225 1276/3/225 1275/3/225
f 1276/3/226 1278/3/226 1277/3/226
f 1262/3/26 1260/3/26 1258/3/26
f 1258/3/26 1280/3/26 1278/3/26
f 1278/3/26 1276/3/26 1274/3/26
f 1274/3/26 1272/3/26 1270/3/26
f 1270/3/26 1268/3/26 1266/3/26
f 1266/3/26 1264/3/26 1262/3/26
f 1262/3/26 1258/3/26 1278/3/26
f 1278/3/26 1274/3/26 1270/3/26
f 1270/3/26 1266/3/26 1262/3/26
f 1278/3/14 1280/3/14 1279/3/14
f 1280/3/227 1258/3/227 1257/3/227
f 1279/3/22 1257/3/22 1263/3/22
f 1257/3/22 1259/3/22 1263/3/22
f 1259/3/22 1261/3/22 1263/3/22
f 1263/3/22 1265/3/22 1267/3/22
f 1267/3/22 1269/3/22 1263/3/22
f 1269/3/22 1271/3/22 1263/3/22
f 1271/3/22 1273/3/22 1275/3/22
f 1275/3/22 1277/3/22 1279/3/22
f 1271/3/22 1275/3/22 1263/3/22
f 1282/3/220 1284/3/220 1283/3/220
f 1284/3/13 1286/3/13 1285/3/13
f 1286/3/221 1288/3/221 1287/3/221
f 1288/3/222 1290/3/222 1289/3/222
f 1290/3/19 1292/3/19 1291/3/19
f 1292/3/223 1294/3/223 1293/3/223
f 1294/3/224 1296/3/224 1295/3/224
f 1295/3/20 1296/3/20 1298/3/20
f 1298/3/225 1300/3/225 1299/3/225
f 1300/3/226 1302/3/226 1301/3/226
f 1286/3/26 1284/3/26 1282/3/26
f 1282/3/26 1304/3/26 1302/3/26
f 1302/3/26 1300/3/26 1298/3/26
f 1298/3/26 1296/3/26 1294/3/26
f 1294/3/26 1292/3/26 1290/3/26
f 1290/3/26 1288/3/26 1286/3/26
f 1286/3/26 1282/3/26 1302/3/26
f 1302/3/26 1298/3/26 1294/3/26
f 1294/3/26 1290/3/26 1286/3/26
f 1302/3/14 1304/3/14 1303/3/14
f 1304/3/227 1282/3/227 1281/3/227
f 1303/3/22 1281/3/22 1287/3/22
f 1281/3/22 1283/3/22 1287/3/22
f 1283/3/22 1285/3/22 1287/3/22
f 1287/3/22 1289/3/22 1291/3/22
f 1291/3/22 1293/3/22 1287/3/22
f 1293/3/22 1295/3/22 1287/3/22
f 1295/3/22 1297/3/22 1299/3/22
f 1299/3/22 1301/3/22 1303/3/22
f 1295/3/22 1299/3/22 1287/3/22
f 1306/3/220 1308/3/220 1307/3/220
f 1308/3/13 1310/3/13 1309/3/13
f 1310/3/221 1312/3/221 1311/3/221
f 1311/3/222 1312/3/222 1314/3/222
f 1314/3/19 1316/3/19 1315/3/19
f 1316/3/223 1318/3/223 1317/3/223
f 1318/3/224 1320/3/224 1319/3/224
f 1320/3/20 1322/3/20 1321/3/20
f 1321/3/225 1322/3/225 1324/3/225
f 1324/3/226 1326/3/226 1325/3/226
f 1310/3/26 1308/3/26 1306/3/26
f 1306/3/26 1328/3/26 1326/3/26
f 1326/3/26 1324/3/26 1322/3/26
f 1322/3/26 1320/3/26 1318/3/26
f 1318/3/26 1316/3/26 1314/3/26
f 1314/3/26 1312/3/26 1310/3/26
f 1310/3/26 1306/3/26 1326/3/26
f 1326/3/26 1322/3/26 1318/3/26
f 1318/3/26 1314/3/26 1310/3/26
f 1326/3/14 1328/3/14 1327/3/14
f 1328/3/227 1306/3/227 1305/3/227
f 1327/3/22 1305/3/22 1311/3/22
f 1305/3/22 1307/3/22 1311/3/22
f 1307/3/22 1309/3/22 1311/3/22
f 1311/3/22 1313/3/22 1315/3/22
f 1315/3/22 1317/3/22 1311/3/22
f 1317/3/22 1319/3/22 1311/3/22
f 1319/3/22 1321/3/22 1323/3/22
f 1323/3/22 1325/3/22 1327/3/22
f 1319/3/22 1323/3/22 1311/3/22
f 1330/3/220 1332/3/220 1331/3/220
f 1332/3/13 1334/3/13 1333/3/13
f 1334/3/221 1336/3/221 1335/3/221
f 1336/3/222 1338/3/222 1337/3/222
f 1337/3/19 1338/3/19 1340/3/19
f 1340/3/223 1342/3/223 1341/3/223
f 1342/3/224 1344/3/224 1343/3/224
f 1343/3/20 1344/3/20 1346/3/20
f 1346/3/225 1348/3/225 1347/3/225
f 1348/3/226 1350/3/226 1349/3/226
f 1334/3/26 1332/3/26 1330/3/26
f 1330/3/26 1352/3/26 1350/3/26
f 1350/3/26 1348/3/26 1346/3/26
f 1346/3/26 1344/3/26 1342/3/26
f 1342/3/26 1340/3/26 1338/3/26
f 1338/3/26 1336/3/26 1334/3/26
f 1334/3/26 1330/3/26 1350/3/26
f 1350/3/26 1346/3/26 1342/3/26
f 1342/3/26 1338/3/26 1334/3/26
f 1350/3/14 1352/3/14 1351/3/14
f 1352/3/227 1330/3/227 1329/3/227
f 1351/3/22 1329/3/22 1335/3/22
f 1329/3/22 1331/3/22 1335/3/22
f 1331/3/22 1333/3/22 1335/3/22
f 1335/3/22 1337/3/22 1339/3/22
f 1339/3/22 1341/3/22 1335/3/22
f 1341/3/22 1343/3/22 1335/3/22
f 1343/3/22 1345/3/22 1347/3/22
f 1347/3/22 1349/3/22 1351/3/22
f 1343/3/22 1347/3/22 1335/3/22
f 1354/3/220 1356/3/220 1355/3/220
f 1356/3/13 1358/3/13 1357/3/13
f 1358/3/221 1360/3/221 1359/3/221
f 1360/3/222 1362/3/222 1361/3/222
f 1362/3/19 1364/3/19 1363/3/19
f 1364/3/223 1366/3/223 1365/3/223
f 1366/3/224 1368/3/224 1367/3/224
f 1368/3/20 1370/3/20 1369/3/20
f 1370/3/225 1372/3/225 1371/3/225
f 1372/3/226 1374/3/226 1373/3/226
f 1358/3/26 1356/3/26 1354/3/26
f 1354/3/26 1376/3/26 1374/3/26
f 1374/3/26 1372/3/26 1370/3/26
f 1370/3/26 1368/3/26 1366/3/26
f 1366/3/26 1364/3/26 1362/3/26
f 1362/3/26 1360/3/26 1358/3/26
f 1358/3/26 1354/3/26 1374/3/26
f 1374/3/26 1370/3/26 1366/3/26
f 1366/3/26 1362/3/26 1358/3/26
f 1374/3/14 1376/3/14 1375/3/14
f 1376/3/227 1354/3/227 1353/3/227
f 1375/3/22 1353/3/22 1359/3/22
f 1353/3/22 1355/3/22 1359/3/22
f 1355/3/22 1357/3/22 1359/3/22
f 1359/3/22 1361/3/22 1363/3/22
f 1363/3/22 1365/3/22 1359/3/22
f 1365/3/22 1367/3/22 1359/3/22
f 1367/3/22 1369/3/22 1371/3/22
f 1371/3/22 1373/3/22 1375/3/22
f 1367/3/22 1371/3/22 1359/3/22
f 1378/3/220 1380/3/220 1379/3/220
f 1380/3/13 1382/3/13 1381/3/13
f 1382/3/221 1384/3/221 1383/3/221
f 1384/3/222 1386/3/222 1385/3/222
f 1385/3/19 1386/3/19 1388/3/19
f 1388/3/223 1390/3/223 1389/3/223
f 1390/3/224 1392/3/224 1391/3/224
f 1391/3/20 1392/3/20 1394/3/20
f 1394/3/225 1396/3/225 1395/3/225
f 1396/3/226 1398/3/226 1397/3/226
f 1382/3/26 1380/3/26 1378/3/26
f 1378/3/26 1400/3/26 1398/3/26
f 1398/3/26 1396/3/26 1394/3/26
f 1394/3/26 1392/3/26 1390/3/26
f 1390/3/26 1388/3/26 1386/3/26
f 1386/3/26 1384/3/26 1382/3/26
f 1382/3/26 1378/3/26 1398/3/26
f 1398/3/26 1394/3/26 1390/3/26
f 1390/3/26 1386/3/26 1382/3/26
f 1398/3/14 1400/3/14 1399/3/14
f 1400/3/227 1378/3/227 1377/3/227
f 1399/3/22 1377/3/22 1383/3/22
f 1377/3/22 1379/3/22 1383/3/22
f 1379/3/22 1381/3/22 1383/3/22
f 1383/3/22 1385/3/22 1387/3/22
f 1387/3/22 1389/3/22 1383/3/22
f 1389/3/22 1391/3/22 1383/3/22
f 1391/3/22 1393/3/22 1395/3/22
f 1395/3/22 1397/3/22 1399/3/22
f 1391/3/22 1395/3/22 1383/3/22
f 1402/3/220 1404/3/220 1403/3/220
f 1404/3/13 1406/3/13 1405/3/13
f 1406/3/221 1408/3/221 1407/3/221
f 1407/3/222 1408/3/222 1410/3/222
f 1410/3/19 1412/3/19 1411/3/19
f 1412/3/223 1414/3/223 1413/3/223
f 1414/3/224 1416/3/224 1415/3/224
f 1416/3/20 1418/3/20 1417/3/20
f 1417/3/225 1418/3/225 1420/3/225
f 1420/3/226 1422/3/226 1421/3/226
f 1406/3/26 1404/3/26 1402/3/26
f 1402/3/26 1424/3/26 1422/3/26
f 1422/3/26 1420/3/26 1418/3/26
f 1418/3/26 1416/3/26 1414/3/26
f 1414/3/26 1412/3/26 1410/3/26
f 1410/3/26 1408/3/26 1406/3/26
f 1406/3/26 1402/3/26 1422/3/26
f 1422/3/26 1418/3/26 1414/3/26
f 1414/3/26 1410/3/26 1406/3/26
f 1422/3/14 1424/3/14 1423/3/14
f 1424/3/227 1402/3/227 1401/3/227
f 1423/3/22 1401/3/22 1407/3/22
f 1401/3/22 1403/3/22 1407/3/22
f 1403/3/22 1405/3/22 1407/3/22
f 1407/3/22 1409/3/22 1411/3/22
f 1411/3/22 1413/3/22 1407/3/22
f 1413/3/22 1415/3/22 1407/3/22
f 1415/3/22 1417/3/22 1419/3/22
f 1419/3/22 1421/3/22 1423/3/22
f 1415/3/22 1419/3/22 1407/3/22
f 1426/3/220 1428/3/220 1427/3/220
f 1428/3/13 1430/3/13 1429/3/13
f 1430/3/221 1432/3/221 1431/3/221
f 1432/3/222 1434/3/222 1433/3/222
f 1433/3/19 1434/3/19 1436/3/19
f 1436/3/223 1438/3/223 1437/3/223
f 1438/3/224 1440/3/224 1439/3/224
f 1439/3/20 1440/3/20 1442/3/20
f 1442/3/225 1444/3/225 1443/3/225
f 1444/3/226 1446/3/226 1445/3/226
f 1430/3/26 1428/3/26 1426/3/26
f 1426/3/26 1448/3/26 1446/3/26
f 1446/3/26 1444/3/26 1442/3/26
f 1442/3/26 1440/3/26 1438/3/26
f 1438/3/26 1436/3/26 1434/3/26
f 1434/3/26 1432/3/26 1430/3/26
f 1430/3/26 1426/3/26 1446/3/26
f 1446/3/26 1442/3/26 1438/3/26
f 1438/3/26 1434/3/26 1430/3/26
f 1446/3/14 1448/3/14 1447/3/14
f 1448/3/227 1426/3/227 1425/3/227
f 1447/3/22 1425/3/22 1431/3/22
f 1425/3/22 1427/3/22 1431/3/22
f 1427/3/22 1429/3/22 1431/3/22
f 1431/3/22 1433/3/22 1435/3/22
f 1435/3/22 1437/3/22 1431/3/22
f 1437/3/22 1439/3/22 1431/3/22
f 1439/3/22 1441/3/22 1443/3/22
f 1443/3/22 1445/3/22 1447/3/22
f 1439/3/22 1443/3/22 1431/3/22
f 1450/3/220 1452/3/220 1451/3/220
f 1452/3/13 1454/3/13 1453/3/13
f 1454/3/221 1456/3/221 1455/3/221
f 1456/3/222 1458/3/222 1457/3/222
f 1458/3/19 1460/3/19 1459/3/19
f 1460/3/223 1462/3/223 1461/3/223
f 1462/3/224 1464/3/224 1463/3/224
f 1464/3/20 1466/3/20 1465/3/20
f 1466/3/225 1468/3/225 1467/3/225
f 1468/3/226 1470/3/226 1469/3/226
f 1454/3/26 1452/3/26 1450/3/26
f 1450/3/26 1472/3/26 1470/3/26
f 1470/3/26 1468/3/26 1466/3/26
f 1466/3/26 1464/3/26 1462/3/26
f 1462/3/26 1460/3/26 1458/3/26
f 1458/3/26 1456/3/26 1454/3/26
f 1454/3/26 1450/3/26 1470/3/26
f 1470/3/26 1466/3/26 1462/3/26
f 1462/3/26 1458/3/26 1454/3/26
f 1470/3/14 1472/3/14 1471/3/14
f 1472/3/227 1450/3/227 1449/3/227
f 1471/3/22 1449/3/22 1455/3/22
f 1449/3/22 1451/3/22 1455/3/22
f 1451/3/22 1453/3/22 1455/3/22
f 1455/3/22 1457/3/22 1459/3/22
f 1459/3/22 1461/3/22 1455/3/22
f 1461/3/22 1463/3/22 1455/3/22
f 1463/3/22 1465/3/22 1467/3/22
f 1467/3/22 1469/3/22 1471/3/22
f 1463/3/22 1467/3/22 1455/3/22
f 1474/3/220 1476/3/220 1475/3/220
f 1476/3/13 1478/3/13 1477/3/13
f 1478/3/221 1480/3/221 1479/3/221
f 1480/3/222 1482/3/222 1481/3/222
f 1481/3/19 1482/3/19 1484/3/19
f 1484/3/223 1486/3/223 1485/3/223
f 1486/3/224 1488/3/224 1487/3/224
f 1487/3/20 1488/3/20 1490/3/20
f 1490/3/225 1492/3/225 1491/3/225
f 1492/3/226 1494/3/226 1493/3/226
f 1478/3/26 1476/3/26 1474/3/26
f 1474/3/26 1496/3/26 1494/3/26
f 1494/3/26 1492/3/26 1490/3/26
f 1490/3/26 1488/3/26 1486/3/26
f 1486/3/26 1484/3/26 1482/3/26
f 1482/3/26 1480/3/26 1478/3/26
f 1478/3/26 1474/3/26 1494/3/26
f 1494/3/26 1490/3/26 1486/3/26
f 1486/3/26 1482/3/26 1478/3/26
f 1494/3/14 1496/3/14 1495/3/14
f 1496/3/227 1474/3/227 1473/3/227
f 1495/3/22 1473/3/22 1479/3/22
f 1473/3/22 1475/3/22 1479/3/22
f 1475/3/22 1477/3/22 1479/3/22
f 1479/3/22 1481/3/22 1483/3/22
f 1483/3/22 1485/3/22 1479/3/22
f 1485/3/22 1487/3/22 1479/3/22
f 1487/3/22 1489/3/22 1491/3/22
f 1491/3/22 1493/3/22 1495/3/22
f 1487/3/22 1491/3/22 1479/3/22
f 1498/3/220 1500/3/220 1499/3/220
f 1500/3/13 1502/3/13 1501/3/13
f 1502/3/221 1504/3/221 1503/3/221
f 1503/3/222 1504/3/222 1506/3/222
f 1506/3/19 1508/3/19 1507/3/19
f 1508/3/223 1510/3/223 1509/3/223
f 1510/3/224 1512/3/224 1511/3/224
f 1512/3/20 1514/3/20 1513/3/20
f 1513/3/225 1514/3/225 1516/3/225
f 1516/3/226 1518/3/226 1517/3/226
f 1502/3/26 1500/3/26 1498/3/26
f 1498/3/26 1520/3/26 1518/3/26
f 1518/3/26 1516/3/26 1514/3/26
f 1514/3/26 1512/3/26 1510/3/26
f 1510/3/26 1508/3/26 1506/3/26
f 1506/3/26 1504/3/26 1502/3/26
f 1502/3/26 1498/3/26 1518/3/26
f 1518/3/26 1514/3/26 1510/3/26
f 1510/3/26 1506/3/26 1502/3/26
f 1518/3/14 1520/3/14 1519/3/14
f 1520/3/227 1498/3/227 1497/3/227
f 1519/3/22 1497/3/22 1503/3/22
f 1497/3/22 1499/3/22 1503/3/22
f 1499/3/22 1501/3/22 1503/3/22
f 1503/3/22 1505/3/22 1507/3/22
f 1507/3/22 1509/3/22 1503/3/22
f 1509/3/22 1511/3/22 1503/3/22
f 1511/3/22 1513/3/22 1515/3/22
f 1515/3/22 1517/3/22 1519/3/22
f 1511/3/22 1515/3/22 1503/3/22
f 1522/3/220 1524/3/220 1523/3/220
f 1524/3/13 1526/3/13 1525/3/13
f 1526/3/221 1528/3/221 1527/3/221
f 1528/3/222 1530/3/222 1529/3/222
f 1529/3/19 1530/3/19 1532/3/19
f 1532/3/223 1534/3/223 1533/3/223
f 1534/3/224 1536/3/224 1535/3/224
f 1536/3/20 1538/3/20 1537/3/20
f 1538/3/225 1540/3/225 1539/3/225
f 1540/3/226 1542/3/226 1541/3/226
f 1526/3/26 1524/3/26 1522/3/26
f 1522/3/26 1544/3/26 1542/3/26
f 1542/3/26 1540/3/26 1538/3/26
f 1538/3/26 1536/3/26 1534/3/26
f 1534/3/26 1532/3/26 1530/3/26
f 1530/3/26 1528/3/26 1526/3/26
f 1526/3/26 1522/3/26 1542/3/26
f 1542/3/26 1538/3/26 1534/3/26
f 1534/3/26 1530/3/26 1526/3/26
f 1542/3/14 1544/3/14 1543/3/14
f 1544/3/227 1522/3/227 1521/3/227
f 1543/3/22 1521/3/22 1527/3/22
f 1521/3/22 1523/3/22 1527/3/22
f 1523/3/22 1525/3/22 1527/3/22
f 1527/3/22 1529/3/22 1531/3/22
f 1531/3/22 1533/3/22 1527/3/22
f 1533/3/22 1535/3/22 1527/3/22
f 1535/3/22 1537/3/22 1539/3/22
f 1539/3/22 1541/3/22 1543/3/22
f 1535/3/22 1539/3/22 1527/3/22
f 1546/3/228 1548/3/228 1547/3/228
f 1548/3/229 1550/3/229 1549/3/229
f 1550/3/230 1552/3/230 1551/3/230
f 1552/3/231 1554/3/231 1553/3/231
f 1554/3/232 1556/3/232 1555/3/232
f 1556/3/233 1558/3/233 1557/3/233
f 1550/3/21 1548/3/21 1558/3/21
f 1548/3/21 1546/3/21 1558/3/21
f 1546/3/21 1560/3/21 1558/3/21
f 1558/3/21 1556/3/21 1554/3/21
f 1554/3/21 1552/3/21 1558/3/21
f 1558/3/234 1560/3/234 1559/3/234
f 1560/3/235 1546/3/235 1545/3/235
f 1559/3/24 1545/3/24 1547/3/24
f 1547/3/24 1549/3/24 1551/3/24
f 1551/3/24 1553/3/24 1555/3/24
f 1555/3/24 1557/3/24 1559/3/24
f 1559/3/24 1547/3/24 1555/3/24
f 1561/4/244 1563/4/244 1568/4/244
f 1564/4/245 1566/4/245 1563/4/245
f 1565/4/246 1570/4/246 1572/4/246
f 1569/4/247 1568/4/247 1572/4/247
f 1567/4/248 1569/4/248 1580/4/248
f 1582/4/249 1584/4/249 1571/4/249
f 1583/4/250 1581/4/250 1580/4/250
f 1579/4/251 1581/4/251 1574/4/251
f 1576/4/252 1578/4/252 1583/4/252
f 1577/4/253 1575/4/253 1574/4/253
f 1573/4/254 1575/4/254 1562/4/254
f 1565/4/255 1564/4/255 1577/4/255
f 1579/4/256 1573/4/256 1561/4/256
f 1566/4/22 1572/4/22 1568/4/22
f 1577/4/257 1564/4/257 1562/4/257
f 1570/4/258 1565/4/258 1576/4/258
f 1571/4/259 1584/4/259 1580/4/259
f 1583/4/26 1578/4/26 1574/4/26
f 1585/4/268 1587/4/268 1592/4/268
f 1586/4/269 1588/4/269 1590/4/269
f 1594/4/270 1596/4/270 1590/4/270
f 1595/4/271 1593/4/271 1592/4/271
f 1591/4/272 1593/4/272 1604/4/272
f 1606/4/273 1608/4/273 1595/4/273
f 1605/4/274 1604/4/274 1608/4/274
f 1597/4/275 1603/4/275 1605/4/275
f 1606/4/276 1600/4/276 1602/4/276
f 1599/4/277 1598/4/277 1602/4/277
f 1597/4/278 1599/4/278 1586/4/278
f 1589/4/279 1588/4/279 1601/4/279
f 1603/4/280 1597/4/280 1585/4/280
f 1590/4/22 1596/4/22 1592/4/22
f 1601/4/281 1588/4/281 1586/4/281
f 1594/4/282 1589/4/282 1600/4/282
f 1595/4/283 1608/4/283 1604/4/283
f 1605/4/26 1607/4/26 1602/4/26
f 1610/1/62 1612/1/62 1611/1/62
f 1612/1/15 1614/1/15 1613/1/15
f 1614/1/41 1616/1/41 1615/1/41
f 1616/1/65 1618/1/65 1617/1/65
f 1618/1/18 1620/1/18 1619/1/18
f 1620/1/44 1622/1/44 1621/1/44
f 1622/1/68 1624/1/68 1623/1/68
f 1624/1/10 1626/1/10 1625/1/10
f 1626/1/36 1628/1/36 1627/1/36
f 1628/1/60 1630/1/60 1629/1/60
f 1614/1/24 1612/1/24 1610/1/24
f 1610/1/24 1632/1/24 1614/1/24
f 1632/1/24 1630/1/24 1614/1/24
f 1630/1/24 1628/1/24 1626/1/24
f 1626/1/24 1624/1/24 1622/1/24
f 1622/1/24 1620/1/24 1618/1/24
f 1618/1/24 1616/1/24 1622/1/24
f 1616/1/24 1614/1/24 1622/1/24
f 1630/1/24 1626/1/24 1622/1/24
f 1630/1/12 1632/1/12 1631/1/12
f 1632/1/38 1610/1/38 1609/1/38
f 1631/1/21 1609/1/21 1615/1/21
f 1609/1/21 1611/1/21 1615/1/21
f 1611/1/21 1613/1/21 1615/1/21
f 1615/1/21 1617/1/21 1619/1/21
f 1619/1/21 1621/1/21 1615/1/21
f 1621/1/21 1623/1/21 1615/1/21
f 1623/1/21 1625/1/21 1627/1/21
f 1627/1/21 1629/1/21 1631/1/21
f 1623/1/21 1627/1/21 1615/1/21
f 1634/2/220 1636/2/220 1635/2/220
f 1636/2/13 1638/2/13 1637/2/13
f 1638/2/221 1640/2/221 1639/2/221
f 1640/2/222 1642/2/222 1641/2/222
f 1642/2/19 1644/2/19 1643/2/19
f 1644/2/223 1646/2/223 1645/2/223
f 1646/2/224 1648/2/224 1647/2/224
f 1648/2/20 1650/2/20 1649/2/20
f 1650/2/225 1652/2/225 1651/2/225
f 1652/2/226 1654/2/226 1653/2/226
f 1638/2/26 1636/2/26 1634/2/26
f 1634/2/26 1656/2/26 1654/2/26
f 1654/2/26 1652/2/26 1646/2/26
f 1652/2/26 1650/2/26 1646/2/26
f 1650/2/26 1648/2/26 1646/2/26
f 1646/2/26 1644/2/26 1642/2/26
f 1642/2/26 1640/2/26 1638/2/26
f 1638/2/26 1634/2/26 1654/2/26
f 1646/2/26 1642/2/26 1654/2/26
f 1654/2/14 1656/2/14 1655/2/14
f 1656/2/227 1634/2/227 1633/2/227
f 1655/2/22 1633/2/22 1635/2/22
f 1635/2/22 1637/2/22 1655/2/22
f 1637/2/22 1639/2/22 1655/2/22
f 1639/2/22 1641/2/22 1647/2/22
f 1641/2/22 1643/2/22 1647/2/22
f 1643/2/22 1645/2/22 1647/2/22
f 1647/2/22 1649/2/22 1651/2/22
f 1651/2/22 1653/2/22 1655/2/22
f 1647/2/22 1651/2/22 1639/2/22
