# Blender 5.2.1 LTS
# www.blender.org
mtllib wreck.mtl
o wreck
v -0.560000 0.344985 -1.301500
v -0.560000 0.394985 1.198500
v -0.506967 0.323023 -1.301060
v -0.506967 0.373022 1.198940
v -0.485000 0.270000 -1.300000
v -0.485000 0.320000 1.200000
v -0.506967 0.216978 -1.298939
v -0.506967 0.266977 1.201061
v -0.560000 0.195015 -1.298500
v -0.560000 0.245015 1.201500
v -0.613033 0.216978 -1.298939
v -0.613033 0.266977 1.201061
v -0.635000 0.270000 -1.300000
v -0.635000 0.320000 1.200000
v -0.613033 0.323023 -1.301060
v -0.613033 0.373022 1.198940
v 0.560000 0.344985 -1.301499
v 0.560000 0.394985 1.198500
v 0.613033 0.323023 -1.301060
v 0.613033 0.373022 1.198939
v 0.635000 0.270000 -1.300000
v 0.635000 0.320000 1.200000
v 0.613033 0.216978 -1.298939
v 0.613033 0.266977 1.201060
v 0.560000 0.195015 -1.298500
v 0.560000 0.245015 1.201500
v 0.506967 0.216978 -1.298939
v 0.506967 0.266977 1.201060
v 0.485000 0.270000 -1.300000
v 0.485000 0.320000 1.200000
v 0.506967 0.323023 -1.301060
v 0.506967 0.373022 1.198939
v -0.620000 0.310000 -1.055000
v 0.620000 0.310000 -1.055000
v -0.620000 0.271109 -1.038891
v 0.620000 0.271109 -1.038891
v -0.620000 0.255000 -1.000000
v 0.620000 0.255000 -1.000000
v -0.620000 0.271109 -0.961109
v 0.620000 0.271109 -0.961109
v -0.620000 0.310000 -0.945000
v 0.620000 0.310000 -0.945000
v -0.620000 0.348891 -0.961109
v 0.620000 0.348891 -0.961109
v -0.620000 0.365000 -1.000000
v 0.620000 0.365000 -1.000000
v -0.620000 0.348891 -1.038891
v 0.620000 0.348891 -1.038891
v -0.620000 0.310000 -0.605000
v 0.620000 0.310000 -0.605000
v -0.620000 0.271109 -0.588891
v 0.620000 0.271109 -0.588891
v -0.620000 0.255000 -0.550000
v 0.620000 0.255000 -0.550000
v -0.620000 0.271109 -0.511109
v 0.620000 0.271109 -0.511109
v -0.620000 0.310000 -0.495000
v 0.620000 0.310000 -0.495000
v -0.620000 0.348891 -0.511109
v 0.620000 0.348891 -0.511109
v -0.620000 0.365000 -0.550000
v 0.620000 0.365000 -0.550000
v -0.620000 0.348891 -0.588891
v 0.620000 0.348891 -0.588891
v -0.620000 0.310000 0.045000
v 0.620000 0.310000 0.045000
v -0.620000 0.271109 0.061109
v 0.620000 0.271109 0.061109
v -0.620000 0.255000 0.100000
v 0.620000 0.255000 0.100000
v -0.620000 0.271109 0.138891
v 0.620000 0.271109 0.138891
v -0.620000 0.310000 0.155000
v 0.620000 0.310000 0.155000
v -0.620000 0.348891 0.138891
v 0.620000 0.348891 0.138891
v -0.620000 0.365000 0.100000
v 0.620000 0.365000 0.100000
v -0.620000 0.348891 0.061109
v 0.620000 0.348891 0.061109
v -0.620000 0.310000 0.795000
v 0.620000 0.310000 0.795000
v -0.620000 0.271109 0.811109
v 0.620000 0.271109 0.811109
v -0.620000 0.255000 0.850000
v 0.620000 0.255000 0.850000
v -0.620000 0.271109 0.888891
v 0.620000 0.271109 0.888891
v -0.620000 0.310000 0.905000
v 0.620000 0.310000 0.905000
v -0.620000 0.348891 0.888891
v 0.620000 0.348891 0.888891
v -0.620000 0.365000 0.850000
v 0.620000 0.365000 0.850000
v -0.620000 0.348891 0.811109
v 0.620000 0.348891 0.811109
v -0.559000 0.362500 0.159000
v -0.559000 0.373500 0.170000
v -0.570000 0.373500 0.159000
v -0.559000 0.406500 0.170000
v -0.559000 0.417500 0.159000
v -0.570000 0.406500 0.159000
v -0.559000 0.362500 -1.119000
v -0.570000 0.373500 -1.119000
v -0.559000 0.373500 -1.130000
v -0.559000 0.417500 -1.119000
v -0.559000 0.406500 -1.130000
v -0.570000 0.406500 -1.119000
v 0.559000 0.362500 0.159000
v 0.570000 0.373500 0.159000
v 0.559000 0.373500 0.170000
v 0.559000 0.417500 0.159000
v 0.559000 0.406500 0.170000
v 0.570000 0.406500 0.159000
v 0.559000 0.362500 -1.119000
v 0.559000 0.373500 -1.130000
v 0.570000 0.373500 -1.119000
v 0.559000 0.417500 -1.119000
v 0.570000 0.406500 -1.119000
v 0.559000 0.406500 -1.130000
v -0.502000 0.412500 -0.182000
v -0.502000 0.414500 -0.180000
v -0.504000 0.414500 -0.182000
v -0.502000 0.435500 -0.180000
v -0.502000 0.437500 -0.182000
v -0.504000 0.435500 -0.182000
v -0.502000 0.412500 -1.178000
v -0.504000 0.414500 -1.178000
v -0.502000 0.414500 -1.180000
v -0.502000 0.437500 -1.178000
v -0.502000 0.435500 -1.180000
v -0.504000 0.435500 -1.178000
v -0.478000 0.412500 -0.182000
v -0.476000 0.414500 -0.182000
v -0.478000 0.414500 -0.180000
v -0.478000 0.437500 -0.182000
v -0.478000 0.435500 -0.180000
v -0.476000 0.435500 -0.182000
v -0.478000 0.412500 -1.178000
v -0.478000 0.414500 -1.180000
v -0.476000 0.414500 -1.178000
v -0.478000 0.437500 -1.178000
v -0.476000 0.435500 -1.178000
v -0.478000 0.435500 -1.180000
v -0.362000 0.412500 -0.182000
v -0.362000 0.414500 -0.180000
v -0.364000 0.414500 -0.182000
v -0.362000 0.435500 -0.180000
v -0.362000 0.437500 -0.182000
v -0.364000 0.435500 -0.182000
v -0.362000 0.412500 -1.178000
v -0.364000 0.414500 -1.178000
v -0.362000 0.414500 -1.180000
v -0.362000 0.437500 -1.178000
v -0.362000 0.435500 -1.180000
v -0.364000 0.435500 -1.178000
v -0.338000 0.412500 -0.182000
v -0.336000 0.414500 -0.182000
v -0.338000 0.414500 -0.180000
v -0.338000 0.437500 -0.182000
v -0.338000 0.435500 -0.180000
v -0.336000 0.435500 -0.182000
v -0.338000 0.412500 -1.178000
v -0.338000 0.414500 -1.180000
v -0.336000 0.414500 -1.178000
v -0.338000 0.437500 -1.178000
v -0.336000 0.435500 -1.178000
v -0.338000 0.435500 -1.180000
v -0.222000 0.412500 -0.182000
v -0.222000 0.414500 -0.180000
v -0.224000 0.414500 -0.182000
v -0.222000 0.435500 -0.180000
v -0.222000 0.437500 -0.182000
v -0.224000 0.435500 -0.182000
v -0.222000 0.412500 -1.178000
v -0.224000 0.414500 -1.178000
v -0.222000 0.414500 -1.180000
v -0.222000 0.437500 -1.178000
v -0.222000 0.435500 -1.180000
v -0.224000 0.435500 -1.178000
v -0.198000 0.412500 -0.182000
v -0.196000 0.414500 -0.182000
v -0.198000 0.414500 -0.180000
v -0.198000 0.437500 -0.182000
v -0.198000 0.435500 -0.180000
v -0.196000 0.435500 -0.182000
v -0.198000 0.412500 -1.178000
v -0.198000 0.414500 -1.180000
v -0.196000 0.414500 -1.178000
v -0.198000 0.437500 -1.178000
v -0.196000 0.435500 -1.178000
v -0.198000 0.435500 -1.180000
v -0.082000 0.412500 -0.182000
v -0.082000 0.414500 -0.180000
v -0.084000 0.414500 -0.182000
v -0.082000 0.435500 -0.180000
v -0.082000 0.437500 -0.182000
v -0.084000 0.435500 -0.182000
v -0.082000 0.412500 -1.178000
v -0.084000 0.414500 -1.178000
v -0.082000 0.414500 -1.180000
v -0.082000 0.437500 -1.178000
v -0.082000 0.435500 -1.180000
v -0.084000 0.435500 -1.178000
v -0.058000 0.412500 -0.182000
v -0.056000 0.414500 -0.182000
v -0.058000 0.414500 -0.180000
v -0.058000 0.437500 -0.182000
v -0.058000 0.435500 -0.180000
v -0.056000 0.435500 -0.182000
v -0.058000 0.412500 -1.178000
v -0.058000 0.414500 -1.180000
v -0.056000 0.414500 -1.178000
v -0.058000 0.437500 -1.178000
v -0.056000 0.435500 -1.178000
v -0.058000 0.435500 -1.180000
v 0.058000 0.412500 -0.182000
v 0.058000 0.414500 -0.180000
v 0.056000 0.414500 -0.182000
v 0.058000 0.435500 -0.180000
v 0.058000 0.437500 -0.182000
v 0.056000 0.435500 -0.182000
v 0.058000 0.412500 -1.178000
v 0.056000 0.414500 -1.178000
v 0.058000 0.414500 -1.180000
v 0.058000 0.437500 -1.178000
v 0.058000 0.435500 -1.180000
v 0.056000 0.435500 -1.178000
v 0.082000 0.412500 -0.182000
v 0.084000 0.414500 -0.182000
v 0.082000 0.414500 -0.180000
v 0.082000 0.437500 -0.182000
v 0.082000 0.435500 -0.180000
v 0.084000 0.435500 -0.182000
v 0.082000 0.412500 -1.178000
v 0.082000 0.414500 -1.180000
v 0.084000 0.414500 -1.178000
v 0.082000 0.437500 -1.178000
v 0.084000 0.435500 -1.178000
v 0.082000 0.435500 -1.180000
v 0.198000 0.412500 -0.182000
v 0.198000 0.414500 -0.180000
v 0.196000 0.414500 -0.182000
v 0.198000 0.435500 -0.180000
v 0.198000 0.437500 -0.182000
v 0.196000 0.435500 -0.182000
v 0.198000 0.412500 -1.178000
v 0.196000 0.414500 -1.178000
v 0.198000 0.414500 -1.180000
v 0.198000 0.437500 -1.178000
v 0.198000 0.435500 -1.180000
v 0.196000 0.435500 -1.178000
v 0.222000 0.412500 -0.182000
v 0.224000 0.414500 -0.182000
v 0.222000 0.414500 -0.180000
v 0.222000 0.437500 -0.182000
v 0.222000 0.435500 -0.180000
v 0.224000 0.435500 -0.182000
v 0.222000 0.412500 -1.178000
v 0.222000 0.414500 -1.180000
v 0.224000 0.414500 -1.178000
v 0.222000 0.437500 -1.178000
v 0.224000 0.435500 -1.178000
v 0.222000 0.435500 -1.180000
v 0.338000 0.412500 -0.182000
v 0.338000 0.414500 -0.180000
v 0.336000 0.414500 -0.182000
v 0.338000 0.435500 -0.180000
v 0.338000 0.437500 -0.182000
v 0.336000 0.435500 -0.182000
v 0.338000 0.412500 -1.178000
v 0.336000 0.414500 -1.178000
v 0.338000 0.414500 -1.180000
v 0.338000 0.437500 -1.178000
v 0.338000 0.435500 -1.180000
v 0.336000 0.435500 -1.178000
v 0.362000 0.412500 -0.182000
v 0.364000 0.414500 -0.182000
v 0.362000 0.414500 -0.180000
v 0.362000 0.437500 -0.182000
v 0.362000 0.435500 -0.180000
v 0.364000 0.435500 -0.182000
v 0.362000 0.412500 -1.178000
v 0.362000 0.414500 -1.180000
v 0.364000 0.414500 -1.178000
v 0.362000 0.437500 -1.178000
v 0.364000 0.435500 -1.178000
v 0.362000 0.435500 -1.180000
v 0.478000 0.412500 -0.182000
v 0.478000 0.414500 -0.180000
v 0.476000 0.414500 -0.182000
v 0.478000 0.435500 -0.180000
v 0.478000 0.437500 -0.182000
v 0.476000 0.435500 -0.182000
v 0.478000 0.412500 -1.178000
v 0.476000 0.414500 -1.178000
v 0.478000 0.414500 -1.180000
v 0.478000 0.437500 -1.178000
v 0.478000 0.435500 -1.180000
v 0.476000 0.435500 -1.178000
v 0.502000 0.412500 -0.182000
v 0.504000 0.414500 -0.182000
v 0.502000 0.414500 -0.180000
v 0.502000 0.437500 -0.182000
v 0.502000 0.435500 -0.180000
v 0.504000 0.435500 -0.182000
v 0.502000 0.412500 -1.178000
v 0.502000 0.414500 -1.180000
v 0.504000 0.414500 -1.178000
v 0.502000 0.437500 -1.178000
v 0.504000 0.435500 -1.178000
v 0.502000 0.435500 -1.180000
v -0.688000 0.385000 -0.352000
v -0.688000 0.397000 -0.340000
v -0.700000 0.397000 -0.352000
v -0.688000 0.763000 -0.340000
v -0.688000 0.775000 -0.352000
v -0.700000 0.763000 -0.352000
v -0.688000 0.385000 -1.328000
v -0.700000 0.397000 -1.328000
v -0.688000 0.397000 -1.340000
v -0.688000 0.775000 -1.328000
v -0.688000 0.763000 -1.340000
v -0.700000 0.763000 -1.328000
v -0.612000 0.385000 -0.352000
v -0.600000 0.397000 -0.352000
v -0.612000 0.397000 -0.340000
v -0.612000 0.775000 -0.352000
v -0.612000 0.763000 -0.340000
v -0.600000 0.763000 -0.352000
v -0.612000 0.385000 -1.328000
v -0.612000 0.397000 -1.340000
v -0.600000 0.397000 -1.328000
v -0.612000 0.775000 -1.328000
v -0.600000 0.763000 -1.328000
v -0.612000 0.763000 -1.340000
v -0.697000 0.820000 -0.323000
v -0.697000 0.828000 -0.315000
v -0.705000 0.828000 -0.323000
v -0.697000 0.852000 -0.315000
v -0.697000 0.860000 -0.323000
v -0.705000 0.852000 -0.323000
v -0.697000 0.820000 -1.357000
v -0.705000 0.828000 -1.357000
v -0.697000 0.828000 -1.365000
v -0.697000 0.860000 -1.357000
v -0.697000 0.852000 -1.365000
v -0.705000 0.852000 -1.357000
v -0.643000 0.820000 -0.323000
v -0.635000 0.828000 -0.323000
v -0.643000 0.828000 -0.315000
v -0.643000 0.860000 -0.323000
v -0.643000 0.852000 -0.315000
v -0.635000 0.852000 -0.323000
v -0.643000 0.820000 -1.357000
v -0.643000 0.828000 -1.365000
v -0.635000 0.828000 -1.357000
v -0.643000 0.860000 -1.357000
v -0.635000 0.852000 -1.357000
v -0.643000 0.852000 -1.365000
v -0.603556 0.727641 0.335669
v -0.503556 1.127641 0.035669
v -0.564462 0.729491 0.351168
v -0.464462 1.129491 0.051168
v -0.546185 0.749214 0.383556
v -0.446185 1.149214 0.083556
v -0.559433 0.775254 0.413861
v -0.459433 1.175254 0.113861
v -0.596444 0.792359 0.424331
v -0.496444 1.192359 0.124331
v -0.635538 0.790508 0.408832
v -0.535538 1.190508 0.108832
v -0.653815 0.770786 0.376444
v -0.553814 1.170786 0.076444
v -0.640567 0.744746 0.346139
v -0.540567 1.144746 0.046139
v -0.493432 1.112628 0.094587
v -0.553432 0.922628 -0.495413
v -0.460472 1.129910 0.085670
v -0.520472 0.939910 -0.504330
v -0.450668 1.164817 0.073432
v -0.510668 0.974817 -0.516568
v -0.469761 1.196903 0.065041
v -0.529761 1.006903 -0.524959
v -0.506568 1.207372 0.065413
v -0.566568 1.017371 -0.524587
v -0.539527 1.190090 0.074330
v -0.599527 1.000090 -0.515670
v -0.549332 1.155183 0.086568
v -0.609332 0.965182 -0.503432
v -0.530239 1.123097 0.094959
v -0.590239 0.933097 -0.495041
v -0.517335 0.957993 -0.486859
v -0.587335 0.477993 -0.606859
v -0.512074 0.966462 -0.523806
v -0.582074 0.486462 -0.643806
v -0.534888 0.977004 -0.552665
v -0.604888 0.497004 -0.672665
v -0.572412 0.983443 -0.556532
v -0.642412 0.503443 -0.676532
v -0.602665 0.982007 -0.533141
v -0.672665 0.502007 -0.653141
v -0.607926 0.973538 -0.496194
v -0.677926 0.493538 -0.616194
v -0.585112 0.962996 -0.467335
v -0.655112 0.482996 -0.587335
v -0.547588 0.956557 -0.463468
v -0.617588 0.476557 -0.583468
v 0.612000 0.385000 -0.352000
v 0.612000 0.397000 -0.340000
v 0.600000 0.397000 -0.352000
v 0.612000 0.763000 -0.340000
v 0.612000 0.775000 -0.352000
v 0.600000 0.763000 -0.352000
v 0.612000 0.385000 -1.328000
v 0.600000 0.397000 -1.328000
v 0.612000 0.397000 -1.340000
v 0.612000 0.775000 -1.328000
v 0.612000 0.763000 -1.340000
v 0.600000 0.763000 -1.328000
v 0.688000 0.385000 -0.352000
v 0.700000 0.397000 -0.352000
v 0.688000 0.397000 -0.340000
v 0.688000 0.775000 -0.352000
v 0.688000 0.763000 -0.340000
v 0.700000 0.763000 -0.352000
v 0.688000 0.385000 -1.328000
v 0.688000 0.397000 -1.340000
v 0.700000 0.397000 -1.328000
v 0.688000 0.775000 -1.328000
v 0.700000 0.763000 -1.328000
v 0.688000 0.763000 -1.340000
v 0.643000 0.820000 -0.323000
v 0.643000 0.828000 -0.315000
v 0.635000 0.828000 -0.323000
v 0.643000 0.852000 -0.315000
v 0.643000 0.860000 -0.323000
v 0.635000 0.852000 -0.323000
v 0.643000 0.820000 -1.357000
v 0.635000 0.828000 -1.357000
v 0.643000 0.828000 -1.365000
v 0.643000 0.860000 -1.357000
v 0.643000 0.852000 -1.365000
v 0.635000 0.852000 -1.357000
v 0.697000 0.820000 -0.323000
v 0.705000 0.828000 -0.323000
v 0.697000 0.828000 -0.315000
v 0.697000 0.860000 -0.323000
v 0.697000 0.852000 -0.315000
v 0.705000 0.852000 -0.323000
v 0.697000 0.820000 -1.357000
v 0.697000 0.828000 -1.365000
v 0.705000 0.828000 -1.357000
v 0.697000 0.860000 -1.357000
v 0.705000 0.852000 -1.357000
v 0.697000 0.852000 -1.365000
v 0.603556 0.727641 0.335669
v 0.503556 1.127641 0.035669
v 0.640567 0.744746 0.346139
v 0.540567 1.144746 0.046139
v 0.653814 0.770786 0.376444
v 0.553814 1.170786 0.076444
v 0.635538 0.790508 0.408832
v 0.535538 1.190508 0.108832
v 0.596444 0.792359 0.424331
v 0.496444 1.192359 0.124331
v 0.559433 0.775254 0.413861
v 0.459433 1.175254 0.113861
v 0.546185 0.749214 0.383556
v 0.446185 1.149214 0.083556
v 0.564462 0.729491 0.351168
v 0.464462 1.129491 0.051168
v 0.493432 1.112628 0.094587
v 0.553432 0.922628 -0.495413
v 0.530239 1.123097 0.094959
v 0.590239 0.933097 -0.495041
v 0.549332 1.155183 0.086568
v 0.609332 0.965182 -0.503432
v 0.539527 1.190090 0.074330
v 0.599527 1.000090 -0.515670
v 0.506568 1.207372 0.065413
v 0.566568 1.017371 -0.524587
v 0.469761 1.196903 0.065041
v 0.529761 1.006903 -0.524959
v 0.450668 1.164817 0.073432
v 0.510668 0.974817 -0.516568
v 0.460473 1.129910 0.085670
v 0.520472 0.939910 -0.504330
v 0.517335 0.957993 -0.486859
v 0.587335 0.477993 -0.606859
v 0.547588 0.956557 -0.463468
v 0.617588 0.476557 -0.583468
v 0.585112 0.962996 -0.467335
v 0.655112 0.482996 -0.587335
v 0.607926 0.973538 -0.496194
v 0.677926 0.493538 -0.616194
v 0.602665 0.982007 -0.533141
v 0.672665 0.502007 -0.653141
v 0.572412 0.983443 -0.556532
v 0.642412 0.503443 -0.676532
v 0.534888 0.977004 -0.552665
v 0.604888 0.497004 -0.672665
v 0.512074 0.966462 -0.523806
v 0.582074 0.486462 -0.643806
v -0.500000 1.160000 0.035000
v 0.500000 1.160000 0.035000
v -0.500000 1.128180 0.048180
v 0.500000 1.128180 0.048180
v -0.500000 1.115000 0.080000
v 0.500000 1.115000 0.080000
v -0.500000 1.128180 0.111820
v 0.500000 1.128180 0.111820
v -0.500000 1.160000 0.125000
v 0.500000 1.160000 0.125000
v -0.500000 1.191820 0.111820
v 0.500000 1.191820 0.111820
v -0.500000 1.205000 0.080000
v 0.500000 1.205000 0.080000
v -0.500000 1.191820 0.048180
v 0.500000 1.191820 0.048180
v -0.560000 0.970000 -0.555000
v 0.560000 0.970000 -0.555000
v -0.560000 0.938180 -0.541820
v 0.560000 0.938180 -0.541820
v -0.560000 0.925000 -0.510000
v 0.560000 0.925000 -0.510000
v -0.560000 0.938180 -0.478180
v 0.560000 0.938180 -0.478180
v -0.560000 0.970000 -0.465000
v 0.560000 0.970000 -0.465000
v -0.560000 1.001820 -0.478180
v 0.560000 1.001820 -0.478180
v -0.560000 1.015000 -0.510000
v 0.560000 1.015000 -0.510000
v -0.560000 1.001820 -0.541820
v 0.560000 1.001820 -0.541820
v -0.478705 1.044867 0.031557
v -0.477484 1.052437 0.045092
v -0.487876 1.057086 0.034491
v -0.472417 1.083835 0.053895
v -0.470260 1.097197 0.046227
v -0.482809 1.088484 0.043293
v -0.454993 1.191802 -0.506227
v -0.464163 1.204021 -0.503293
v -0.452836 1.205165 -0.513895
v -0.446548 1.244133 -0.491557
v -0.447769 1.236563 -0.505092
v -0.459096 1.235419 -0.494491
v 0.506548 0.885867 0.031557
v 0.519096 0.894581 0.034491
v 0.507769 0.893437 0.045092
v 0.514993 0.938198 0.046227
v 0.512836 0.924835 0.053895
v 0.524163 0.925979 0.043293
v 0.530260 1.032803 -0.506227
v 0.532417 1.046165 -0.513895
v 0.542808 1.041516 -0.503293
v 0.538705 1.085133 -0.491557
v 0.547875 1.072914 -0.494491
v 0.537483 1.077563 -0.505092
v -0.368500 1.031777 0.010832
v -0.368500 1.033868 0.014523
v -0.371500 1.034668 0.011632
v -0.368500 1.045433 0.017724
v -0.368500 1.049125 0.015633
v -0.371500 1.046233 0.014833
v -0.368500 1.160875 -0.455633
v -0.371500 1.163766 -0.454833
v -0.368500 1.164567 -0.457724
v -0.368500 1.178223 -0.450832
v -0.368500 1.176132 -0.454523
v -0.371500 1.175332 -0.451632
v -0.351500 1.031777 0.010832
v -0.348500 1.034668 0.011632
v -0.351500 1.033868 0.014523
v -0.351500 1.049125 0.015633
v -0.351500 1.045433 0.017724
v -0.348500 1.046233 0.014833
v -0.351500 1.160875 -0.455633
v -0.351500 1.164567 -0.457724
v -0.348500 1.163766 -0.454833
v -0.351500 1.178223 -0.450832
v -0.348500 1.175332 -0.451632
v -0.351500 1.176132 -0.454523
v -0.028500 1.031777 0.010832
v -0.028500 1.033868 0.014523
v -0.031500 1.034668 0.011632
v -0.028500 1.045433 0.017724
v -0.028500 1.049125 0.015633
v -0.031500 1.046233 0.014833
v -0.028500 1.160875 -0.455633
v -0.031500 1.163766 -0.454833
v -0.028500 1.164567 -0.457724
v -0.028500 1.178223 -0.450832
v -0.028500 1.176132 -0.454523
v -0.031500 1.175332 -0.451632
v -0.011500 1.031777 0.010832
v -0.008500 1.034668 0.011632
v -0.011500 1.033868 0.014523
v -0.011500 1.049125 0.015633
v -0.011500 1.045433 0.017724
v -0.008500 1.046233 0.014833
v -0.011500 1.160875 -0.455633
v -0.011500 1.164567 -0.457724
v -0.008500 1.163766 -0.454833
v -0.011500 1.178223 -0.450832
v -0.008500 1.175332 -0.451632
v -0.011500 1.176132 -0.454523
v 0.311500 1.031777 0.010832
v 0.311500 1.033868 0.014523
v 0.308500 1.034668 0.011632
v 0.311500 1.045433 0.017724
v 0.311500 1.049125 0.015633
v 0.308500 1.046233 0.014833
v 0.311500 1.160875 -0.455633
v 0.308500 1.163766 -0.454833
v 0.311500 1.164567 -0.457724
v 0.311500 1.178223 -0.450832
v 0.311500 1.176132 -0.454523
v 0.308500 1.175332 -0.451632
v 0.328500 1.031777 0.010832
v 0.331500 1.034668 0.011632
v 0.328500 1.033868 0.014523
v 0.328500 1.049125 0.015633
v 0.328500 1.045433 0.017724
v 0.331500 1.046233 0.014833
v 0.328500 1.160875 -0.455633
v 0.328500 1.164567 -0.457724
v 0.331500 1.163766 -0.454833
v 0.328500 1.178223 -0.450832
v 0.331500 1.175332 -0.451632
v 0.328500 1.176132 -0.454523
v -0.748413 0.435000 0.246527
v -0.751057 0.449000 0.260275
v -0.762161 0.449000 0.243883
v -0.751057 0.831000 0.260275
v -0.748413 0.845000 0.246527
v -0.762161 0.831000 0.243883
v -0.632831 0.435000 -0.354459
v -0.646579 0.449000 -0.357103
v -0.630187 0.449000 -0.368207
v -0.632831 0.845000 -0.354459
v -0.630187 0.831000 -0.368207
v -0.646579 0.831000 -0.357103
v -0.707169 0.435000 0.254459
v -0.693421 0.449000 0.257103
v -0.709813 0.449000 0.268207
v -0.707169 0.845000 0.254459
v -0.709813 0.831000 0.268207
v -0.693421 0.831000 0.257103
v -0.591587 0.435000 -0.346527
v -0.588943 0.449000 -0.360275
v -0.577839 0.449000 -0.343883
v -0.591587 0.845000 -0.346527
v -0.577839 0.831000 -0.343883
v -0.588943 0.831000 -0.360275
v -0.728500 0.717500 -0.094000
v -0.728500 0.721500 -0.090000
v -0.732500 0.721500 -0.094000
v -0.728500 0.758500 -0.090000
v -0.728500 0.762500 -0.094000
v -0.732500 0.758500 -0.094000
v -0.728500 0.717500 -0.246000
v -0.732500 0.721500 -0.246000
v -0.728500 0.721500 -0.250000
v -0.728500 0.762500 -0.246000
v -0.728500 0.758500 -0.250000
v -0.732500 0.758500 -0.246000
v -0.711500 0.717500 -0.094000
v -0.707500 0.721500 -0.094000
v -0.711500 0.721500 -0.090000
v -0.711500 0.762500 -0.094000
v -0.711500 0.758500 -0.090000
v -0.707500 0.758500 -0.094000
v -0.711500 0.717500 -0.246000
v -0.711500 0.721500 -0.250000
v -0.707500 0.721500 -0.246000
v -0.711500 0.762500 -0.246000
v -0.707500 0.758500 -0.246000
v -0.711500 0.758500 -0.250000
v 0.785007 0.116808 0.480926
v 0.786252 0.127668 0.491995
v 0.772852 0.125915 0.484290
v 0.781185 0.160246 0.493397
v 0.776562 0.171106 0.483263
v 0.767785 0.158494 0.485692
v 0.593494 0.116808 -0.211062
v 0.581339 0.125915 -0.207698
v 0.588871 0.127668 -0.221196
v 0.585049 0.171106 -0.208724
v 0.583804 0.160246 -0.219793
v 0.576272 0.158494 -0.206295
v 1.334951 0.208894 0.328724
v 1.343728 0.221506 0.326295
v 1.336196 0.219754 0.339793
v 1.326506 0.263192 0.331062
v 1.331129 0.252332 0.341196
v 1.338661 0.254085 0.327698
v 1.143438 0.208894 -0.363263
v 1.138815 0.219754 -0.373397
v 1.152215 0.221506 -0.365692
v 1.134993 0.263192 -0.360926
v 1.147148 0.254085 -0.364290
v 1.133748 0.252332 -0.371995
v 0.650000 0.250000 0.422000
v 1.190000 0.190000 0.422000
v 0.647813 0.230322 0.430201
v 1.187814 0.170322 0.430201
v 0.646908 0.222171 0.450000
v 1.186908 0.162171 0.450000
v 0.647813 0.230322 0.469799
v 1.187814 0.170322 0.469799
v 0.650000 0.250000 0.478000
v 1.190000 0.190000 0.478000
v 0.652186 0.269678 0.469799
v 1.192187 0.209678 0.469799
v 0.653092 0.277829 0.450000
v 1.193092 0.217829 0.450000
v 0.652186 0.269678 0.430201
v 1.192187 0.209678 0.430201
v -0.435000 0.450000 -0.080000
v -0.435000 0.475000 -0.055000
v -0.460000 0.475000 -0.080000
v -0.435000 0.565000 -0.055000
v -0.435000 0.590000 -0.080000
v -0.460000 0.565000 -0.080000
v -0.435000 0.450000 -0.340000
v -0.460000 0.475000 -0.340000
v -0.435000 0.475000 -0.365000
v -0.435000 0.590000 -0.340000
v -0.435000 0.565000 -0.365000
v -0.460000 0.565000 -0.340000
v -0.125000 0.450000 -0.080000
v -0.100000 0.475000 -0.080000
v -0.125000 0.475000 -0.055000
v -0.125000 0.590000 -0.080000
v -0.125000 0.565000 -0.055000
v -0.100000 0.565000 -0.080000
v -0.125000 0.450000 -0.340000
v -0.125000 0.475000 -0.365000
v -0.100000 0.475000 -0.340000
v -0.125000 0.590000 -0.340000
v -0.100000 0.565000 -0.340000
v -0.125000 0.565000 -0.365000
v -0.432000 0.482422 -0.403428
v -0.432000 0.496908 -0.382496
v -0.450000 0.500131 -0.400205
v -0.432000 0.845189 -0.319120
v -0.432000 0.866121 -0.333606
v -0.450000 0.848411 -0.336829
v -0.432000 0.493879 -0.466394
v -0.450000 0.511589 -0.463171
v -0.432000 0.514811 -0.480880
v -0.432000 0.877578 -0.396572
v -0.432000 0.863092 -0.417504
v -0.450000 0.859869 -0.399795
v -0.128000 0.482422 -0.403428
v -0.110000 0.500131 -0.400205
v -0.128000 0.496908 -0.382496
v -0.128000 0.866121 -0.333606
v -0.128000 0.845189 -0.319120
v -0.110000 0.848411 -0.336829
v -0.128000 0.493879 -0.466394
v -0.128000 0.514811 -0.480880
v -0.110000 0.511589 -0.463171
v -0.128000 0.877578 -0.396572
v -0.110000 0.859869 -0.399795
v -0.128000 0.863092 -0.417504
v 0.125000 0.450000 -0.080000
v 0.125000 0.475000 -0.055000
v 0.100000 0.475000 -0.080000
v 0.125000 0.565000 -0.055000
v 0.125000 0.590000 -0.080000
v 0.100000 0.565000 -0.080000
v 0.125000 0.450000 -0.340000
v 0.100000 0.475000 -0.340000
v 0.125000 0.475000 -0.365000
v 0.125000 0.590000 -0.340000
v 0.125000 0.565000 -0.365000
v 0.100000 0.565000 -0.340000
v 0.435000 0.450000 -0.080000
v 0.460000 0.475000 -0.080000
v 0.435000 0.475000 -0.055000
v 0.435000 0.590000 -0.080000
v 0.435000 0.565000 -0.055000
v 0.460000 0.565000 -0.080000
v 0.435000 0.450000 -0.340000
v 0.435000 0.475000 -0.365000
v 0.460000 0.475000 -0.340000
v 0.435000 0.590000 -0.340000
v 0.460000 0.565000 -0.340000
v 0.435000 0.565000 -0.365000
v 0.128000 0.482422 -0.403428
v 0.128000 0.496908 -0.382496
v 0.110000 0.500131 -0.400205
v 0.128000 0.845189 -0.319120
v 0.128000 0.866121 -0.333606
v 0.110000 0.848411 -0.336829
v 0.128000 0.493879 -0.466394
v 0.110000 0.511589 -0.463171
v 0.128000 0.514811 -0.480880
v 0.128000 0.877578 -0.396572
v 0.128000 0.863092 -0.417504
v 0.110000 0.859869 -0.399795
v 0.432000 0.482422 -0.403428
v 0.450000 0.500131 -0.400205
v 0.432000 0.496908 -0.382496
v 0.432000 0.866121 -0.333606
v 0.432000 0.845189 -0.319120
v 0.450000 0.848411 -0.336829
v 0.432000 0.493879 -0.466394
v 0.432000 0.514811 -0.480880
v 0.450000 0.511589 -0.463171
v 0.432000 0.877578 -0.396572
v 0.450000 0.859869 -0.399795
v 0.432000 0.863092 -0.417504
v -0.525000 0.595000 0.435000
v -0.525000 0.620000 0.460000
v -0.550000 0.620000 0.435000
v -0.525000 0.700000 0.460000
v -0.525000 0.725000 0.435000
v -0.550000 0.700000 0.435000
v -0.525000 0.595000 0.325000
v -0.550000 0.620000 0.325000
v -0.525000 0.620000 0.300000
v -0.525000 0.725000 0.325000
v -0.525000 0.700000 0.300000
v -0.550000 0.700000 0.325000
v 0.525000 0.595000 0.435000
v 0.550000 0.620000 0.435000
v 0.525000 0.620000 0.460000
v 0.525000 0.725000 0.435000
v 0.525000 0.700000 0.460000
v 0.550000 0.700000 0.435000
v 0.525000 0.595000 0.325000
v 0.525000 0.620000 0.300000
v 0.550000 0.620000 0.325000
v 0.525000 0.725000 0.325000
v 0.550000 0.700000 0.325000
v 0.525000 0.700000 0.300000
v -0.280000 0.711560 0.136308
v -0.280000 0.736308 0.111560
v -0.205000 0.725770 0.150518
v -0.205000 0.750518 0.125770
v -0.150096 0.764593 0.189341
v -0.150096 0.789341 0.164593
v -0.130000 0.817626 0.242374
v -0.130000 0.842374 0.217626
v -0.150096 0.870659 0.295407
v -0.150096 0.895407 0.270659
v -0.205000 0.909481 0.334230
v -0.205000 0.934230 0.309481
v -0.280000 0.923692 0.348440
v -0.280000 0.948440 0.323692
v -0.355000 0.909481 0.334230
v -0.355000 0.934230 0.309481
v -0.409904 0.870659 0.295407
v -0.409904 0.895407 0.270659
v -0.430000 0.817626 0.242374
v -0.430000 0.842374 0.217626
v -0.409904 0.764593 0.189341
v -0.409904 0.789341 0.164593
v -0.355000 0.725770 0.150518
v -0.355000 0.750518 0.125770
v -0.280000 0.781340 0.307742
v -0.280000 0.651340 0.407742
v -0.255251 0.775090 0.299616
v -0.255251 0.645090 0.399616
v -0.245000 0.760000 0.280000
v -0.245000 0.630000 0.380000
v -0.255251 0.744910 0.260383
v -0.255251 0.614910 0.360384
v -0.280000 0.738660 0.252258
v -0.280000 0.608660 0.352258
v -0.304749 0.744910 0.260383
v -0.304749 0.614910 0.360384
v -0.315000 0.760000 0.280000
v -0.315000 0.630000 0.380000
v -0.304749 0.775090 0.299616
v -0.304749 0.645090 0.399616
v -0.250000 0.350000 1.085000
v -0.250000 0.385000 1.120000
v -0.285000 0.385000 1.085000
v -0.250000 0.635000 1.120000
v -0.250000 0.670000 1.085000
v -0.285000 0.635000 1.085000
v -0.250000 0.350000 0.575000
v -0.285000 0.385000 0.575000
v -0.250000 0.385000 0.540000
v -0.250000 0.670000 0.575000
v -0.250000 0.635000 0.540000
v -0.285000 0.635000 0.575000
v 0.250000 0.350000 1.085000
v 0.285000 0.385000 1.085000
v 0.250000 0.385000 1.120000
v 0.250000 0.670000 1.085000
v 0.250000 0.635000 1.120000
v 0.285000 0.635000 1.085000
v 0.250000 0.350000 0.575000
v 0.250000 0.385000 0.540000
v 0.285000 0.385000 0.575000
v 0.250000 0.670000 0.575000
v 0.285000 0.635000 0.575000
v 0.250000 0.635000 0.540000
v -0.250000 0.652500 1.110000
v -0.250000 0.667500 1.125000
v -0.265000 0.667500 1.110000
v -0.250000 0.732500 1.125000
v -0.250000 0.747500 1.110000
v -0.265000 0.732500 1.110000
v -0.250000 0.652500 0.570000
v -0.265000 0.667500 0.570000
v -0.250000 0.667500 0.555000
v -0.250000 0.747500 0.570000
v -0.250000 0.732500 0.555000
v -0.265000 0.732500 0.570000
v -0.090000 0.652500 1.110000
v -0.075000 0.667500 1.110000
v -0.090000 0.667500 1.125000
v -0.090000 0.747500 1.110000
v -0.090000 0.732500 1.125000
v -0.075000 0.732500 1.110000
v -0.090000 0.652500 0.570000
v -0.090000 0.667500 0.555000
v -0.075000 0.667500 0.570000
v -0.090000 0.747500 0.570000
v -0.075000 0.732500 0.570000
v -0.090000 0.732500 0.555000
v -0.170000 0.747500 0.614000
v -0.170000 0.772500 0.614000
v -0.147483 0.747500 0.627000
v -0.147483 0.772500 0.627000
v -0.147483 0.747500 0.653000
v -0.147483 0.772500 0.653000
v -0.170000 0.747500 0.666000
v -0.170000 0.772500 0.666000
v -0.192517 0.747500 0.653000
v -0.192517 0.772500 0.653000
v -0.192517 0.747500 0.627000
v -0.192517 0.772500 0.627000
v -0.170000 0.747500 0.794000
v -0.170000 0.772500 0.794000
v -0.147483 0.747500 0.807000
v -0.147483 0.772500 0.807000
v -0.147483 0.747500 0.833000
v -0.147483 0.772500 0.833000
v -0.170000 0.747500 0.846000
v -0.170000 0.772500 0.846000
v -0.192517 0.747500 0.833000
v -0.192517 0.772500 0.833000
v -0.192517 0.747500 0.807000
v -0.192517 0.772500 0.807000
v -0.170000 0.747500 0.974000
v -0.170000 0.772500 0.974000
v -0.147483 0.747500 0.987000
v -0.147483 0.772500 0.987000
v -0.147483 0.747500 1.013000
v -0.147483 0.772500 1.013000
v -0.170000 0.747500 1.026000
v -0.170000 0.772500 1.026000
v -0.192517 0.747500 1.013000
v -0.192517 0.772500 1.013000
v -0.192517 0.747500 0.987000
v -0.192517 0.772500 0.987000
v 0.090000 0.652500 1.110000
v 0.090000 0.667500 1.125000
v 0.075000 0.667500 1.110000
v 0.090000 0.732500 1.125000
v 0.090000 0.747500 1.110000
v 0.075000 0.732500 1.110000
v 0.090000 0.652500 0.570000
v 0.075000 0.667500 0.570000
v 0.090000 0.667500 0.555000
v 0.090000 0.747500 0.570000
v 0.090000 0.732500 0.555000
v 0.075000 0.732500 0.570000
v 0.250000 0.652500 1.110000
v 0.265000 0.667500 1.110000
v 0.250000 0.667500 1.125000
v 0.250000 0.747500 1.110000
v 0.250000 0.732500 1.125000
v 0.265000 0.732500 1.110000
v 0.250000 0.652500 0.570000
v 0.250000 0.667500 0.555000
v 0.265000 0.667500 0.570000
v 0.250000 0.747500 0.570000
v 0.265000 0.732500 0.570000
v 0.250000 0.732500 0.555000
v 0.170000 0.747500 0.614000
v 0.170000 0.772500 0.614000
v 0.192517 0.747500 0.627000
v 0.192517 0.772500 0.627000
v 0.192517 0.747500 0.653000
v 0.192517 0.772500 0.653000
v 0.170000 0.747500 0.666000
v 0.170000 0.772500 0.666000
v 0.147483 0.747500 0.653000
v 0.147483 0.772500 0.653000
v 0.147483 0.747500 0.627000
v 0.147483 0.772500 0.627000
v 0.170000 0.747500 0.794000
v 0.170000 0.772500 0.794000
v 0.192517 0.747500 0.807000
v 0.192517 0.772500 0.807000
v 0.192517 0.747500 0.833000
v 0.192517 0.772500 0.833000
v 0.170000 0.747500 0.846000
v 0.170000 0.772500 0.846000
v 0.147483 0.747500 0.833000
v 0.147483 0.772500 0.833000
v 0.147483 0.747500 0.807000
v 0.147483 0.772500 0.807000
v 0.170000 0.747500 0.974000
v 0.170000 0.772500 0.974000
v 0.192517 0.747500 0.987000
v 0.192517 0.772500 0.987000
v 0.192517 0.747500 1.013000
v 0.192517 0.772500 1.013000
v 0.170000 0.747500 1.026000
v 0.170000 0.772500 1.026000
v 0.147483 0.747500 1.013000
v 0.147483 0.772500 1.013000
v 0.147483 0.747500 0.987000
v 0.147483 0.772500 0.987000
v -0.300975 0.643237 0.640493
v -0.398174 0.473236 0.720493
v -0.293765 0.650732 0.665180
v -0.390965 0.480731 0.745180
v -0.272634 0.646082 0.680974
v -0.369834 0.476082 0.760975
v -0.249960 0.632012 0.678624
v -0.347160 0.462012 0.758624
v -0.239025 0.616764 0.659506
v -0.336225 0.446764 0.739506
v -0.246235 0.609269 0.634820
v -0.343435 0.439268 0.714820
v -0.267366 0.613918 0.619025
v -0.364566 0.443918 0.699025
v -0.290040 0.627988 0.621376
v -0.387240 0.457988 0.701376
v -0.300975 0.643237 0.830493
v -0.398174 0.473236 0.910493
v -0.293765 0.650732 0.855180
v -0.390965 0.480731 0.935180
v -0.272634 0.646082 0.870974
v -0.369834 0.476082 0.950974
v -0.249960 0.632012 0.868624
v -0.347160 0.462012 0.948624
v -0.239025 0.616764 0.849506
v -0.336225 0.446764 0.929506
v -0.246235 0.609269 0.824820
v -0.343435 0.439268 0.904820
v -0.267366 0.613918 0.809025
v -0.364566 0.443918 0.889025
v -0.290040 0.627988 0.811375
v -0.387240 0.457988 0.891376
v -0.300975 0.643237 1.020493
v -0.398174 0.473237 1.100493
v -0.293765 0.650732 1.045180
v -0.390965 0.480732 1.125180
v -0.272634 0.646082 1.060974
v -0.369834 0.476082 1.140974
v -0.249960 0.632012 1.058624
v -0.347160 0.462012 1.138624
v -0.239025 0.616764 1.039506
v -0.336225 0.446764 1.119506
v -0.246235 0.609269 1.014820
v -0.343435 0.439268 1.094820
v -0.267366 0.613918 0.999025
v -0.364566 0.443918 1.079025
v -0.290040 0.627988 1.001375
v -0.387240 0.457988 1.081375
v 0.300975 0.643237 0.640493
v 0.398175 0.473236 0.720493
v 0.290040 0.627988 0.621376
v 0.387240 0.457988 0.701376
v 0.267366 0.613918 0.619025
v 0.364566 0.443918 0.699025
v 0.246235 0.609269 0.634820
v 0.343435 0.439268 0.714820
v 0.239025 0.616764 0.659506
v 0.336225 0.446764 0.739506
v 0.249960 0.632012 0.678624
v 0.347160 0.462012 0.758624
v 0.272634 0.646082 0.680974
v 0.369834 0.476082 0.760975
v 0.293765 0.650732 0.665180
v 0.390965 0.480731 0.745180
v 0.300975 0.643237 0.830493
v 0.398175 0.473236 0.910493
v 0.290040 0.627988 0.811375
v 0.387240 0.457988 0.891376
v 0.267366 0.613918 0.809025
v 0.364566 0.443918 0.889025
v 0.246235 0.609269 0.824820
v 0.343435 0.439268 0.904820
v 0.239025 0.616764 0.849506
v 0.336225 0.446764 0.929506
v 0.249960 0.632012 0.868624
v 0.347160 0.462012 0.948624
v 0.272634 0.646082 0.870974
v 0.369834 0.476082 0.950974
v 0.293765 0.650732 0.855180
v 0.390965 0.480731 0.935180
v 0.300975 0.643237 1.020493
v 0.398175 0.473237 1.100493
v 0.290040 0.627988 1.001375
v 0.387240 0.457988 1.081375
v 0.267366 0.613918 0.999025
v 0.364566 0.443918 1.079025
v 0.246235 0.609269 1.014820
v 0.343435 0.439268 1.094820
v 0.239025 0.616764 1.039506
v 0.336225 0.446764 1.119506
v 0.249960 0.632012 1.058624
v 0.347160 0.462012 1.138624
v 0.272634 0.646082 1.060974
v 0.369834 0.476082 1.140974
v 0.293765 0.650732 1.045180
v 0.390965 0.480732 1.125180
v 0.000000 0.585000 0.640000
v 0.000000 0.675000 0.640000
v 0.080000 0.585000 0.661436
v 0.080000 0.675000 0.661436
v 0.138564 0.585000 0.720000
v 0.138564 0.675000 0.720000
v 0.160000 0.585000 0.800000
v 0.160000 0.675000 0.800000
v 0.138564 0.585000 0.880000
v 0.138564 0.675000 0.880000
v 0.080000 0.585000 0.938564
v 0.080000 0.675000 0.938564
v 0.000000 0.585000 0.960000
v 0.000000 0.675000 0.960000
v -0.080000 0.585000 0.938564
v -0.080000 0.675000 0.938564
v -0.138564 0.585000 0.880000
v -0.138564 0.675000 0.880000
v -0.160000 0.585000 0.800000
v -0.160000 0.675000 0.800000
v -0.138564 0.585000 0.720000
v -0.138564 0.675000 0.720000
v -0.080000 0.585000 0.661436
v -0.080000 0.675000 0.661436
v 0.000000 0.677500 0.690000
v 0.000000 0.702500 0.690000
v 0.055000 0.677500 0.704737
v 0.055000 0.702500 0.704737
v 0.095263 0.677500 0.745000
v 0.095263 0.702500 0.745000
v 0.110000 0.677500 0.800000
v 0.110000 0.702500 0.800000
v 0.095263 0.677500 0.855000
v 0.095263 0.702500 0.855000
v 0.055000 0.677500 0.895263
v 0.055000 0.702500 0.895263
v 0.000000 0.677500 0.910000
v 0.000000 0.702500 0.910000
v -0.055000 0.677500 0.895263
v -0.055000 0.702500 0.895263
v -0.095263 0.677500 0.855000
v -0.095263 0.702500 0.855000
v -0.110000 0.677500 0.800000
v -0.110000 0.702500 0.800000
v -0.095263 0.677500 0.745000
v -0.095263 0.702500 0.745000
v -0.055000 0.677500 0.704737
v -0.055000 0.702500 0.704737
v -0.448000 0.290000 1.213000
v -0.448000 0.302000 1.225000
v -0.460000 0.302000 1.213000
v -0.448000 0.658000 1.225000
v -0.448000 0.670000 1.213000
v -0.460000 0.658000 1.213000
v -0.448000 0.290000 1.167000
v -0.460000 0.302000 1.167000
v -0.448000 0.302000 1.155000
v -0.448000 0.670000 1.167000
v -0.448000 0.658000 1.155000
v -0.460000 0.658000 1.167000
v 0.448000 0.290000 1.213000
v 0.460000 0.302000 1.213000
v 0.448000 0.302000 1.225000
v 0.448000 0.670000 1.213000
v 0.448000 0.658000 1.225000
v 0.460000 0.658000 1.213000
v 0.448000 0.290000 1.167000
v 0.448000 0.302000 1.155000
v 0.460000 0.302000 1.167000
v 0.448000 0.670000 1.167000
v 0.460000 0.658000 1.167000
v 0.448000 0.658000 1.155000
v -0.413000 0.330000 1.241500
v -0.413000 0.331000 1.242500
v -0.414000 0.331000 1.241500
v -0.413000 0.629000 1.242500
v -0.413000 0.630000 1.241500
v -0.414000 0.629000 1.241500
v -0.413000 0.330000 1.228500
v -0.414000 0.331000 1.228500
v -0.413000 0.331000 1.227500
v -0.413000 0.630000 1.228500
v -0.413000 0.629000 1.227500
v -0.414000 0.629000 1.228500
v -0.387000 0.330000 1.241500
v -0.386000 0.331000 1.241500
v -0.387000 0.331000 1.242500
v -0.387000 0.630000 1.241500
v -0.387000 0.629000 1.242500
v -0.386000 0.629000 1.241500
v -0.387000 0.330000 1.228500
v -0.387000 0.331000 1.227500
v -0.386000 0.331000 1.228500
v -0.387000 0.630000 1.228500
v -0.386000 0.629000 1.228500
v -0.387000 0.629000 1.227500
v -0.323000 0.330000 1.241500
v -0.323000 0.331000 1.242500
v -0.324000 0.331000 1.241500
v -0.323000 0.629000 1.242500
v -0.323000 0.630000 1.241500
v -0.324000 0.629000 1.241500
v -0.323000 0.330000 1.228500
v -0.324000 0.331000 1.228500
v -0.323000 0.331000 1.227500
v -0.323000 0.630000 1.228500
v -0.323000 0.629000 1.227500
v -0.324000 0.629000 1.228500
v -0.297000 0.330000 1.241500
v -0.296000 0.331000 1.241500
v -0.297000 0.331000 1.242500
v -0.297000 0.630000 1.241500
v -0.297000 0.629000 1.242500
v -0.296000 0.629000 1.241500
v -0.297000 0.330000 1.228500
v -0.297000 0.331000 1.227500
v -0.296000 0.331000 1.228500
v -0.297000 0.630000 1.228500
v -0.296000 0.629000 1.228500
v -0.297000 0.629000 1.227500
v -0.233000 0.330000 1.241500
v -0.233000 0.331000 1.242500
v -0.234000 0.331000 1.241500
v -0.233000 0.629000 1.242500
v -0.233000 0.630000 1.241500
v -0.234000 0.629000 1.241500
v -0.233000 0.330000 1.228500
v -0.234000 0.331000 1.228500
v -0.233000 0.331000 1.227500
v -0.233000 0.630000 1.228500
v -0.233000 0.629000 1.227500
v -0.234000 0.629000 1.228500
v -0.207000 0.330000 1.241500
v -0.206000 0.331000 1.241500
v -0.207000 0.331000 1.242500
v -0.207000 0.630000 1.241500
v -0.207000 0.629000 1.242500
v -0.206000 0.629000 1.241500
v -0.207000 0.330000 1.228500
v -0.207000 0.331000 1.227500
v -0.206000 0.331000 1.228500
v -0.207000 0.630000 1.228500
v -0.206000 0.629000 1.228500
v -0.207000 0.629000 1.227500
v -0.143000 0.330000 1.241500
v -0.143000 0.331000 1.242500
v -0.144000 0.331000 1.241500
v -0.143000 0.629000 1.242500
v -0.143000 0.630000 1.241500
v -0.144000 0.629000 1.241500
v -0.143000 0.330000 1.228500
v -0.144000 0.331000 1.228500
v -0.143000 0.331000 1.227500
v -0.143000 0.630000 1.228500
v -0.143000 0.629000 1.227500
v -0.144000 0.629000 1.228500
v -0.117000 0.330000 1.241500
v -0.116000 0.331000 1.241500
v -0.117000 0.331000 1.242500
v -0.117000 0.630000 1.241500
v -0.117000 0.629000 1.242500
v -0.116000 0.629000 1.241500
v -0.117000 0.330000 1.228500
v -0.117000 0.331000 1.227500
v -0.116000 0.331000 1.228500
v -0.117000 0.630000 1.228500
v -0.116000 0.629000 1.228500
v -0.117000 0.629000 1.227500
v -0.053000 0.330000 1.241500
v -0.053000 0.331000 1.242500
v -0.054000 0.331000 1.241500
v -0.053000 0.629000 1.242500
v -0.053000 0.630000 1.241500
v -0.054000 0.629000 1.241500
v -0.053000 0.330000 1.228500
v -0.054000 0.331000 1.228500
v -0.053000 0.331000 1.227500
v -0.053000 0.630000 1.228500
v -0.053000 0.629000 1.227500
v -0.054000 0.629000 1.228500
v -0.027000 0.330000 1.241500
v -0.026000 0.331000 1.241500
v -0.027000 0.331000 1.242500
v -0.027000 0.630000 1.241500
v -0.027000 0.629000 1.242500
v -0.026000 0.629000 1.241500
v -0.027000 0.330000 1.228500
v -0.027000 0.331000 1.227500
v -0.026000 0.331000 1.228500
v -0.027000 0.630000 1.228500
v -0.026000 0.629000 1.228500
v -0.027000 0.629000 1.227500
v 0.037000 0.330000 1.241500
v 0.037000 0.331000 1.242500
v 0.036000 0.331000 1.241500
v 0.037000 0.629000 1.242500
v 0.037000 0.630000 1.241500
v 0.036000 0.629000 1.241500
v 0.037000 0.330000 1.228500
v 0.036000 0.331000 1.228500
v 0.037000 0.331000 1.227500
v 0.037000 0.630000 1.228500
v 0.037000 0.629000 1.227500
v 0.036000 0.629000 1.228500
v 0.063000 0.330000 1.241500
v 0.064000 0.331000 1.241500
v 0.063000 0.331000 1.242500
v 0.063000 0.630000 1.241500
v 0.063000 0.629000 1.242500
v 0.064000 0.629000 1.241500
v 0.063000 0.330000 1.228500
v 0.063000 0.331000 1.227500
v 0.064000 0.331000 1.228500
v 0.063000 0.630000 1.228500
v 0.064000 0.629000 1.228500
v 0.063000 0.629000 1.227500
v 0.127000 0.330000 1.241500
v 0.127000 0.331000 1.242500
v 0.126000 0.331000 1.241500
v 0.127000 0.629000 1.242500
v 0.127000 0.630000 1.241500
v 0.126000 0.629000 1.241500
v 0.127000 0.330000 1.228500
v 0.126000 0.331000 1.228500
v 0.127000 0.331000 1.227500
v 0.127000 0.630000 1.228500
v 0.127000 0.629000 1.227500
v 0.126000 0.629000 1.228500
v 0.153000 0.330000 1.241500
v 0.154000 0.331000 1.241500
v 0.153000 0.331000 1.242500
v 0.153000 0.630000 1.241500
v 0.153000 0.629000 1.242500
v 0.154000 0.629000 1.241500
v 0.153000 0.330000 1.228500
v 0.153000 0.331000 1.227500
v 0.154000 0.331000 1.228500
v 0.153000 0.630000 1.228500
v 0.154000 0.629000 1.228500
v 0.153000 0.629000 1.227500
v 0.217000 0.330000 1.241500
v 0.217000 0.331000 1.242500
v 0.216000 0.331000 1.241500
v 0.217000 0.629000 1.242500
v 0.217000 0.630000 1.241500
v 0.216000 0.629000 1.241500
v 0.217000 0.330000 1.228500
v 0.216000 0.331000 1.228500
v 0.217000 0.331000 1.227500
v 0.217000 0.630000 1.228500
v 0.217000 0.629000 1.227500
v 0.216000 0.629000 1.228500
v 0.243000 0.330000 1.241500
v 0.244000 0.331000 1.241500
v 0.243000 0.331000 1.242500
v 0.243000 0.630000 1.241500
v 0.243000 0.629000 1.242500
v 0.244000 0.629000 1.241500
v 0.243000 0.330000 1.228500
v 0.243000 0.331000 1.227500
v 0.244000 0.331000 1.228500
v 0.243000 0.630000 1.228500
v 0.244000 0.629000 1.228500
v 0.243000 0.629000 1.227500
v 0.307000 0.330000 1.241500
v 0.307000 0.331000 1.242500
v 0.306000 0.331000 1.241500
v 0.307000 0.629000 1.242500
v 0.307000 0.630000 1.241500
v 0.306000 0.629000 1.241500
v 0.307000 0.330000 1.228500
v 0.306000 0.331000 1.228500
v 0.307000 0.331000 1.227500
v 0.307000 0.630000 1.228500
v 0.307000 0.629000 1.227500
v 0.306000 0.629000 1.228500
v 0.333000 0.330000 1.241500
v 0.334000 0.331000 1.241500
v 0.333000 0.331000 1.242500
v 0.333000 0.630000 1.241500
v 0.333000 0.629000 1.242500
v 0.334000 0.629000 1.241500
v 0.333000 0.330000 1.228500
v 0.333000 0.331000 1.227500
v 0.334000 0.331000 1.228500
v 0.333000 0.630000 1.228500
v 0.334000 0.629000 1.228500
v 0.333000 0.629000 1.227500
v 0.397000 0.330000 1.241500
v 0.397000 0.331000 1.242500
v 0.396000 0.331000 1.241500
v 0.397000 0.629000 1.242500
v 0.397000 0.630000 1.241500
v 0.396000 0.629000 1.241500
v 0.397000 0.330000 1.228500
v 0.396000 0.331000 1.228500
v 0.397000 0.331000 1.227500
v 0.397000 0.630000 1.228500
v 0.397000 0.629000 1.227500
v 0.396000 0.629000 1.228500
v 0.423000 0.330000 1.241500
v 0.424000 0.331000 1.241500
v 0.423000 0.331000 1.242500
v 0.423000 0.630000 1.241500
v 0.423000 0.629000 1.242500
v 0.424000 0.629000 1.241500
v 0.423000 0.330000 1.228500
v 0.423000 0.331000 1.227500
v 0.424000 0.331000 1.228500
v 0.423000 0.630000 1.228500
v 0.424000 0.629000 1.228500
v 0.423000 0.629000 1.227500
v -0.711507 0.628769 1.223647
v -0.713811 0.643047 1.234997
v -0.726397 0.639439 1.222091
v -0.719980 0.681271 1.230328
v -0.721788 0.692477 1.215865
v -0.732566 0.677664 1.217422
v -0.699606 0.555022 0.604134
v -0.714496 0.565693 0.602578
v -0.701414 0.566227 0.589672
v -0.709887 0.618731 0.596353
v -0.707583 0.604452 0.585003
v -0.720665 0.603918 0.597909
v -0.510113 0.661269 1.223647
v -0.499335 0.676082 1.222091
v -0.512417 0.675547 1.234997
v -0.520394 0.724978 1.215866
v -0.518586 0.713772 1.230328
v -0.505504 0.714307 1.217422
v -0.498212 0.587523 0.604134
v -0.500020 0.598728 0.589672
v -0.487434 0.602336 0.602578
v -0.508493 0.651231 0.596353
v -0.493603 0.640561 0.597909
v -0.506189 0.636953 0.585003
v -0.530000 0.615000 1.277500
v -0.530000 0.615000 1.302500
v -0.472500 0.599593 1.277500
v -0.472500 0.599593 1.302500
v -0.430407 0.557500 1.277500
v -0.430407 0.557500 1.302500
v -0.415000 0.500000 1.277500
v -0.415000 0.500000 1.302500
v -0.430407 0.442500 1.277500
v -0.430407 0.442500 1.302500
v -0.472500 0.400407 1.277500
v -0.472500 0.400407 1.302500
v -0.530000 0.385000 1.277500
v -0.530000 0.385000 1.302500
v -0.587500 0.400407 1.277500
v -0.587500 0.400407 1.302500
v -0.629593 0.442500 1.277500
v -0.629593 0.442500 1.302500
v -0.645000 0.500000 1.277500
v -0.645000 0.500000 1.302500
v -0.629593 0.557500 1.277500
v -0.629593 0.557500 1.302500
v -0.587500 0.599593 1.277500
v -0.587500 0.599593 1.302500
v -0.689077 0.260781 1.247184
v -0.389078 0.250781 1.307184
v -0.692002 0.219508 1.254930
v -0.392002 0.209508 1.314930
v -0.699612 0.196097 1.289077
v -0.399612 0.186097 1.349077
v -0.707449 0.204262 1.329623
v -0.407449 0.194262 1.389623
v -0.710922 0.239219 1.352815
v -0.410922 0.229219 1.412815
v -0.707997 0.280492 1.345069
v -0.407997 0.270492 1.405069
v -0.700388 0.303903 1.310922
v -0.400388 0.293903 1.370922
v -0.692551 0.295738 1.270377
v -0.392551 0.285738 1.330377
v 0.498212 0.587523 1.215866
v 0.500020 0.598728 1.230328
v 0.487434 0.602336 1.217422
v 0.506189 0.636953 1.234997
v 0.508493 0.651231 1.223647
v 0.493603 0.640561 1.222091
v 0.510113 0.661269 0.596353
v 0.499335 0.676082 0.597909
v 0.512417 0.675547 0.585003
v 0.520394 0.724978 0.604134
v 0.518586 0.713772 0.589672
v 0.505504 0.714307 0.602578
v 0.699606 0.555022 1.215865
v 0.714496 0.565693 1.217422
v 0.701414 0.566227 1.230328
v 0.709887 0.618731 1.223647
v 0.707583 0.604452 1.234997
v 0.720665 0.603918 1.222091
v 0.711507 0.628769 0.596353
v 0.713811 0.643047 0.585003
v 0.726397 0.639439 0.597909
v 0.721788 0.692477 0.604134
v 0.732566 0.677664 0.602578
v 0.719980 0.681272 0.589671
v 0.530000 0.615000 1.277500
v 0.530000 0.615000 1.302500
v 0.587500 0.599593 1.277500
v 0.587500 0.599593 1.302500
v 0.629593 0.557500 1.277500
v 0.629593 0.557500 1.302500
v 0.645000 0.500000 1.277500
v 0.645000 0.500000 1.302500
v 0.629593 0.442500 1.277500
v 0.629593 0.442500 1.302500
v 0.587500 0.400407 1.277500
v 0.587500 0.400407 1.302500
v 0.530000 0.385000 1.277500
v 0.530000 0.385000 1.302500
v 0.472500 0.400407 1.277500
v 0.472500 0.400407 1.302500
v 0.430407 0.442500 1.277500
v 0.430407 0.442500 1.302500
v 0.415000 0.500000 1.277500
v 0.415000 0.500000 1.302500
v 0.430407 0.557500 1.277500
v 0.430407 0.557500 1.302500
v 0.472500 0.599593 1.277500
v 0.472500 0.599593 1.302500
v 0.689077 0.260781 1.247184
v 0.389077 0.250781 1.307184
v 0.692551 0.295738 1.270377
v 0.392551 0.285738 1.330377
v 0.700388 0.303903 1.310922
v 0.400388 0.293903 1.370922
v 0.707997 0.280492 1.345069
v 0.407997 0.270492 1.405069
v 0.710922 0.239219 1.352815
v 0.410922 0.229219 1.412815
v 0.707449 0.204262 1.329623
v 0.407449 0.194262 1.389623
v 0.699612 0.196097 1.289077
v 0.399612 0.186097 1.349077
v 0.692002 0.219508 1.254930
v 0.392002 0.209508 1.314930
v -0.255256 1.010298 1.235849
v -0.252752 1.023318 1.240770
v -0.263360 1.021113 1.231681
v -0.247602 1.050096 1.228264
v -0.246673 1.054929 1.215006
v -0.258210 1.047891 1.219174
v -0.289110 0.834270 0.844994
v -0.297214 0.845084 0.840825
v -0.288181 0.839102 0.831736
v -0.280527 0.878900 0.824150
v -0.283031 0.865880 0.819230
v -0.292064 0.871863 0.828319
v 0.520527 0.861100 1.235849
v 0.532064 0.868137 1.231680
v 0.523031 0.874120 1.240770
v 0.529110 0.905730 1.215006
v 0.528181 0.900898 1.228264
v 0.537214 0.894916 1.219174
v 0.486673 0.685071 0.844994
v 0.487602 0.689904 0.831736
v 0.498210 0.692109 0.840825
v 0.495256 0.729702 0.824151
v 0.503360 0.718887 0.828319
v 0.492752 0.716682 0.819230
v -0.770000 0.250000 -0.955000
v 0.770000 0.250000 -0.955000
v -0.770000 0.211109 -0.938891
v 0.770000 0.211109 -0.938891
v -0.770000 0.195000 -0.900000
v 0.770000 0.195000 -0.900000
v -0.770000 0.211109 -0.861109
v 0.770000 0.211109 -0.861109
v -0.770000 0.250000 -0.845000
v 0.770000 0.250000 -0.845000
v -0.770000 0.288891 -0.861109
v 0.770000 0.288891 -0.861109
v -0.770000 0.305000 -0.900000
v 0.770000 0.305000 -0.900000
v -0.770000 0.288891 -0.938891
v 0.770000 0.288891 -0.938891
v -0.110000 0.250000 -1.020000
v 0.110000 0.250000 -1.020000
v -0.110000 0.190000 -1.003923
v 0.110000 0.190000 -1.003923
v -0.110000 0.146077 -0.960000
v 0.110000 0.146077 -0.960000
v -0.110000 0.130000 -0.900000
v 0.110000 0.130000 -0.900000
v -0.110000 0.146077 -0.840000
v 0.110000 0.146077 -0.840000
v -0.110000 0.190000 -0.796077
v 0.110000 0.190000 -0.796077
v -0.110000 0.250000 -0.780000
v 0.110000 0.250000 -0.780000
v -0.110000 0.310000 -0.796077
v 0.110000 0.310000 -0.796077
v -0.110000 0.353923 -0.840000
v 0.110000 0.353923 -0.840000
v -0.110000 0.370000 -0.900000
v 0.110000 0.370000 -0.900000
v -0.110000 0.353923 -0.960000
v 0.110000 0.353923 -0.960000
v -0.110000 0.310000 -1.003923
v 0.110000 0.310000 -1.003923
v -0.865000 0.250000 -1.155000
v -0.675000 0.250000 -1.155000
v -0.865000 0.152416 -1.135589
v -0.675000 0.152416 -1.135589
v -0.865000 0.069688 -1.080312
v -0.675000 0.069688 -1.080312
v -0.865000 0.014411 -0.997584
v -0.675000 0.014411 -0.997584
v -0.865000 -0.005000 -0.900000
v -0.675000 -0.005000 -0.900000
v -0.865000 0.014411 -0.802416
v -0.675000 0.014411 -0.802416
v -0.865000 0.069688 -0.719688
v -0.675000 0.069688 -0.719688
v -0.865000 0.152416 -0.664411
v -0.675000 0.152416 -0.664411
v -0.865000 0.250000 -0.645000
v -0.675000 0.250000 -0.645000
v -0.865000 0.347584 -0.664411
v -0.675000 0.347584 -0.664411
v -0.865000 0.430312 -0.719688
v -0.675000 0.430312 -0.719688
v -0.865000 0.485589 -0.802416
v -0.675000 0.485589 -0.802416
v -0.865000 0.505000 -0.900000
v -0.675000 0.505000 -0.900000
v -0.865000 0.485589 -0.997584
v -0.675000 0.485589 -0.997584
v -0.865000 0.430312 -1.080312
v -0.675000 0.430312 -1.080312
v -0.865000 0.347584 -1.135589
v -0.675000 0.347584 -1.135589
v -0.894000 0.250000 -1.070000
v -0.866000 0.250000 -1.070000
v -0.894000 0.165000 -1.047224
v -0.866000 0.165000 -1.047224
v -0.894000 0.102776 -0.985000
v -0.866000 0.102776 -0.985000
v -0.894000 0.080000 -0.900000
v -0.866000 0.080000 -0.900000
v -0.894000 0.102776 -0.815000
v -0.866000 0.102776 -0.815000
v -0.894000 0.165000 -0.752776
v -0.866000 0.165000 -0.752776
v -0.894000 0.250000 -0.730000
v -0.866000 0.250000 -0.730000
v -0.894000 0.335000 -0.752776
v -0.866000 0.335000 -0.752776
v -0.894000 0.397224 -0.815000
v -0.866000 0.397224 -0.815000
v -0.894000 0.420000 -0.900000
v -0.866000 0.420000 -0.900000
v -0.894000 0.397224 -0.985000
v -0.866000 0.397224 -0.985000
v -0.894000 0.335000 -1.047224
v -0.866000 0.335000 -1.047224
v -0.917500 0.250000 -1.005000
v -0.882500 0.250000 -1.005000
v -0.917500 0.197500 -0.990933
v -0.882500 0.197500 -0.990933
v -0.917500 0.159067 -0.952500
v -0.882500 0.159067 -0.952500
v -0.917500 0.145000 -0.900000
v -0.882500 0.145000 -0.900000
v -0.917500 0.159067 -0.847500
v -0.882500 0.159067 -0.847500
v -0.917500 0.197500 -0.809067
v -0.882500 0.197500 -0.809067
v -0.917500 0.250000 -0.795000
v -0.882500 0.250000 -0.795000
v -0.917500 0.302500 -0.809067
v -0.882500 0.302500 -0.809067
v -0.917500 0.340933 -0.847500
v -0.882500 0.340933 -0.847500
v -0.917500 0.355000 -0.900000
v -0.882500 0.355000 -0.900000
v -0.917500 0.340933 -0.952500
v -0.882500 0.340933 -0.952500
v -0.917500 0.302500 -0.990933
v -0.882500 0.302500 -0.990933
v -0.934500 0.250000 -0.843000
v -0.919500 0.250000 -0.843000
v -0.934500 0.234412 -0.834000
v -0.919500 0.234412 -0.834000
v -0.934500 0.234412 -0.816000
v -0.919500 0.234412 -0.816000
v -0.934500 0.250000 -0.807000
v -0.919500 0.250000 -0.807000
v -0.934500 0.265588 -0.816000
v -0.919500 0.265588 -0.816000
v -0.934500 0.265588 -0.834000
v -0.919500 0.265588 -0.834000
v -0.934500 0.321329 -0.894824
v -0.919500 0.321329 -0.894824
v -0.934500 0.305741 -0.885824
v -0.919500 0.305741 -0.885824
v -0.934500 0.305741 -0.867824
v -0.919500 0.305741 -0.867824
v -0.934500 0.321329 -0.858824
v -0.919500 0.321329 -0.858824
v -0.934500 0.336918 -0.867824
v -0.919500 0.336918 -0.867824
v -0.934500 0.336918 -0.885824
v -0.919500 0.336918 -0.885824
v -0.934500 0.294084 -0.978676
v -0.919500 0.294084 -0.978676
v -0.934500 0.278495 -0.969676
v -0.919500 0.278495 -0.969676
v -0.934500 0.278495 -0.951676
v -0.919500 0.278495 -0.951676
v -0.934500 0.294084 -0.942676
v -0.919500 0.294084 -0.942676
v -0.934500 0.309672 -0.951676
v -0.919500 0.309672 -0.951676
v -0.934500 0.309672 -0.969676
v -0.919500 0.309672 -0.969676
v -0.934500 0.205916 -0.978676
v -0.919500 0.205916 -0.978676
v -0.934500 0.190328 -0.969676
v -0.919500 0.190328 -0.969676
v -0.934500 0.190328 -0.951676
v -0.919500 0.190328 -0.951676
v -0.934500 0.205916 -0.942676
v -0.919500 0.205916 -0.942676
v -0.934500 0.221505 -0.951676
v -0.919500 0.221505 -0.951676
v -0.934500 0.221505 -0.969676
v -0.919500 0.221505 -0.969676
v -0.934500 0.178671 -0.894824
v -0.919500 0.178671 -0.894824
v -0.934500 0.163082 -0.885824
v -0.919500 0.163082 -0.885824
v -0.934500 0.163082 -0.867824
v -0.919500 0.163082 -0.867824
v -0.934500 0.178671 -0.858824
v -0.919500 0.178671 -0.858824
v -0.934500 0.194259 -0.867824
v -0.919500 0.194259 -0.867824
v -0.934500 0.194259 -0.885824
v -0.919500 0.194259 -0.885824
v 0.675000 0.250000 -1.155000
v 0.865000 0.250000 -1.155000
v 0.675000 0.152416 -1.135589
v 0.865000 0.152416 -1.135589
v 0.675000 0.069688 -1.080312
v 0.865000 0.069688 -1.080312
v 0.675000 0.014411 -0.997584
v 0.865000 0.014411 -0.997584
v 0.675000 -0.005000 -0.900000
v 0.865000 -0.005000 -0.900000
v 0.675000 0.014411 -0.802416
v 0.865000 0.014411 -0.802416
v 0.675000 0.069688 -0.719688
v 0.865000 0.069688 -0.719688
v 0.675000 0.152416 -0.664411
v 0.865000 0.152416 -0.664411
v 0.675000 0.250000 -0.645000
v 0.865000 0.250000 -0.645000
v 0.675000 0.347584 -0.664411
v 0.865000 0.347584 -0.664411
v 0.675000 0.430312 -0.719688
v 0.865000 0.430312 -0.719688
v 0.675000 0.485589 -0.802416
v 0.865000 0.485589 -0.802416
v 0.675000 0.505000 -0.900000
v 0.865000 0.505000 -0.900000
v 0.675000 0.485589 -0.997584
v 0.865000 0.485589 -0.997584
v 0.675000 0.430312 -1.080312
v 0.865000 0.430312 -1.080312
v 0.675000 0.347584 -1.135589
v 0.865000 0.347584 -1.135589
v 0.866000 0.250000 -1.070000
v 0.894000 0.250000 -1.070000
v 0.866000 0.165000 -1.047224
v 0.894000 0.165000 -1.047224
v 0.866000 0.102776 -0.985000
v 0.894000 0.102776 -0.985000
v 0.866000 0.080000 -0.900000
v 0.894000 0.080000 -0.900000
v 0.866000 0.102776 -0.815000
v 0.894000 0.102776 -0.815000
v 0.866000 0.165000 -0.752776
v 0.894000 0.165000 -0.752776
v 0.866000 0.250000 -0.730000
v 0.894000 0.250000 -0.730000
v 0.866000 0.335000 -0.752776
v 0.894000 0.335000 -0.752776
v 0.866000 0.397224 -0.815000
v 0.894000 0.397224 -0.815000
v 0.866000 0.420000 -0.900000
v 0.894000 0.420000 -0.900000
v 0.866000 0.397224 -0.985000
v 0.894000 0.397224 -0.985000
v 0.866000 0.335000 -1.047224
v 0.894000 0.335000 -1.047224
v 0.882500 0.250000 -1.005000
v 0.917500 0.250000 -1.005000
v 0.882500 0.197500 -0.990933
v 0.917500 0.197500 -0.990933
v 0.882500 0.159067 -0.952500
v 0.917500 0.159067 -0.952500
v 0.882500 0.145000 -0.900000
v 0.917500 0.145000 -0.900000
v 0.882500 0.159067 -0.847500
v 0.917500 0.159067 -0.847500
v 0.882500 0.197500 -0.809067
v 0.917500 0.197500 -0.809067
v 0.882500 0.250000 -0.795000
v 0.917500 0.250000 -0.795000
v 0.882500 0.302500 -0.809067
v 0.917500 0.302500 -0.809067
v 0.882500 0.340933 -0.847500
v 0.917500 0.340933 -0.847500
v 0.882500 0.355000 -0.900000
v 0.917500 0.355000 -0.900000
v 0.882500 0.340933 -0.952500
v 0.917500 0.340933 -0.952500
v 0.882500 0.302500 -0.990933
v 0.917500 0.302500 -0.990933
v 0.919500 0.250000 -0.843000
v 0.934500 0.250000 -0.843000
v 0.919500 0.234412 -0.834000
v 0.934500 0.234412 -0.834000
v 0.919500 0.234412 -0.816000
v 0.934500 0.234412 -0.816000
v 0.919500 0.250000 -0.807000
v 0.934500 0.250000 -0.807000
v 0.919500 0.265588 -0.816000
v 0.934500 0.265588 -0.816000
v 0.919500 0.265588 -0.834000
v 0.934500 0.265588 -0.834000
v 0.919500 0.321329 -0.894824
v 0.934500 0.321329 -0.894824
v 0.919500 0.305741 -0.885824
v 0.934500 0.305741 -0.885824
v 0.919500 0.305741 -0.867824
v 0.934500 0.305741 -0.867824
v 0.919500 0.321329 -0.858824
v 0.934500 0.321329 -0.858824
v 0.919500 0.336918 -0.867824
v 0.934500 0.336918 -0.867824
v 0.919500 0.336918 -0.885824
v 0.934500 0.336918 -0.885824
v 0.919500 0.294084 -0.978676
v 0.934500 0.294084 -0.978676
v 0.919500 0.278495 -0.969676
v 0.934500 0.278495 -0.969676
v 0.919500 0.278495 -0.951676
v 0.934500 0.278495 -0.951676
v 0.919500 0.294084 -0.942676
v 0.934500 0.294084 -0.942676
v 0.919500 0.309672 -0.951676
v 0.934500 0.309672 -0.951676
v 0.919500 0.309672 -0.969676
v 0.934500 0.309672 -0.969676
v 0.919500 0.205916 -0.978676
v 0.934500 0.205916 -0.978676
v 0.919500 0.190328 -0.969676
v 0.934500 0.190328 -0.969676
v 0.919500 0.190328 -0.951676
v 0.934500 0.190328 -0.951676
v 0.919500 0.205916 -0.942676
v 0.934500 0.205916 -0.942676
v 0.919500 0.221505 -0.951676
v 0.934500 0.221505 -0.951676
v 0.919500 0.221505 -0.969676
v 0.934500 0.221505 -0.969676
v 0.919500 0.178671 -0.894824
v 0.934500 0.178671 -0.894824
v 0.919500 0.163082 -0.885824
v 0.934500 0.163082 -0.885824
v 0.919500 0.163082 -0.867824
v 0.934500 0.163082 -0.867824
v 0.919500 0.178671 -0.858824
v 0.934500 0.178671 -0.858824
v 0.919500 0.194259 -0.867824
v 0.934500 0.194259 -0.867824
v 0.919500 0.194259 -0.885824
v 0.934500 0.194259 -0.885824
v -0.770000 0.250000 0.815000
v 0.770000 0.250000 0.815000
v -0.770000 0.211109 0.831109
v 0.770000 0.211109 0.831109
v -0.770000 0.195000 0.870000
v 0.770000 0.195000 0.870000
v -0.770000 0.211109 0.908891
v 0.770000 0.211109 0.908891
v -0.770000 0.250000 0.925000
v 0.770000 0.250000 0.925000
v -0.770000 0.288891 0.908891
v 0.770000 0.288891 0.908891
v -0.770000 0.305000 0.870000
v 0.770000 0.305000 0.870000
v -0.770000 0.288891 0.831109
v 0.770000 0.288891 0.831109
v -0.110000 0.250000 0.750000
v 0.110000 0.250000 0.750000
v -0.110000 0.190000 0.766077
v 0.110000 0.190000 0.766077
v -0.110000 0.146077 0.810000
v 0.110000 0.146077 0.810000
v -0.110000 0.130000 0.870000
v 0.110000 0.130000 0.870000
v -0.110000 0.146077 0.930000
v 0.110000 0.146077 0.930000
v -0.110000 0.190000 0.973923
v 0.110000 0.190000 0.973923
v -0.110000 0.250000 0.990000
v 0.110000 0.250000 0.990000
v -0.110000 0.310000 0.973923
v 0.110000 0.310000 0.973923
v -0.110000 0.353923 0.930000
v 0.110000 0.353923 0.930000
v -0.110000 0.370000 0.870000
v 0.110000 0.370000 0.870000
v -0.110000 0.353923 0.810000
v 0.110000 0.353923 0.810000
v -0.110000 0.310000 0.766077
v 0.110000 0.310000 0.766077
v -0.865000 0.250000 0.615000
v -0.675000 0.250000 0.615000
v -0.865000 0.152416 0.634411
v -0.675000 0.152416 0.634411
v -0.865000 0.069688 0.689688
v -0.675000 0.069688 0.689688
v -0.865000 0.014411 0.772416
v -0.675000 0.014411 0.772416
v -0.865000 -0.005000 0.870000
v -0.675000 -0.005000 0.870000
v -0.865000 0.014411 0.967584
v -0.675000 0.014411 0.967584
v -0.865000 0.069688 1.050312
v -0.675000 0.069688 1.050312
v -0.865000 0.152416 1.105589
v -0.675000 0.152416 1.105589
v -0.865000 0.250000 1.125000
v -0.675000 0.250000 1.125000
v -0.865000 0.347584 1.105589
v -0.675000 0.347584 1.105589
v -0.865000 0.430312 1.050312
v -0.675000 0.430312 1.050312
v -0.865000 0.485589 0.967584
v -0.675000 0.485589 0.967584
v -0.865000 0.505000 0.870000
v -0.675000 0.505000 0.870000
v -0.865000 0.485589 0.772416
v -0.675000 0.485589 0.772416
v -0.865000 0.430312 0.689688
v -0.675000 0.430312 0.689688
v -0.865000 0.347584 0.634411
v -0.675000 0.347584 0.634411
v -0.894000 0.250000 0.700000
v -0.866000 0.250000 0.700000
v -0.894000 0.165000 0.722776
v -0.866000 0.165000 0.722776
v -0.894000 0.102776 0.785000
v -0.866000 0.102776 0.785000
v -0.894000 0.080000 0.870000
v -0.866000 0.080000 0.870000
v -0.894000 0.102776 0.955000
v -0.866000 0.102776 0.955000
v -0.894000 0.165000 1.017224
v -0.866000 0.165000 1.017224
v -0.894000 0.250000 1.040000
v -0.866000 0.250000 1.040000
v -0.894000 0.335000 1.017224
v -0.866000 0.335000 1.017224
v -0.894000 0.397224 0.955000
v -0.866000 0.397224 0.955000
v -0.894000 0.420000 0.870000
v -0.866000 0.420000 0.870000
v -0.894000 0.397224 0.785000
v -0.866000 0.397224 0.785000
v -0.894000 0.335000 0.722776
v -0.866000 0.335000 0.722776
v -0.917500 0.250000 0.765000
v -0.882500 0.250000 0.765000
v -0.917500 0.197500 0.779067
v -0.882500 0.197500 0.779067
v -0.917500 0.159067 0.817500
v -0.882500 0.159067 0.817500
v -0.917500 0.145000 0.870000
v -0.882500 0.145000 0.870000
v -0.917500 0.159067 0.922500
v -0.882500 0.159067 0.922500
v -0.917500 0.197500 0.960933
v -0.882500 0.197500 0.960933
v -0.917500 0.250000 0.975000
v -0.882500 0.250000 0.975000
v -0.917500 0.302500 0.960933
v -0.882500 0.302500 0.960933
v -0.917500 0.340933 0.922500
v -0.882500 0.340933 0.922500
v -0.917500 0.355000 0.870000
v -0.882500 0.355000 0.870000
v -0.917500 0.340933 0.817500
v -0.882500 0.340933 0.817500
v -0.917500 0.302500 0.779067
v -0.882500 0.302500 0.779067
v -0.934500 0.250000 0.927000
v -0.919500 0.250000 0.927000
v -0.934500 0.234412 0.936000
v -0.919500 0.234412 0.936000
v -0.934500 0.234412 0.954000
v -0.919500 0.234412 0.954000
v -0.934500 0.250000 0.963000
v -0.919500 0.250000 0.963000
v -0.934500 0.265588 0.954000
v -0.919500 0.265588 0.954000
v -0.934500 0.265588 0.936000
v -0.919500 0.265588 0.936000
v -0.934500 0.321329 0.875176
v -0.919500 0.321329 0.875176
v -0.934500 0.305741 0.884176
v -0.919500 0.305741 0.884176
v -0.934500 0.305741 0.902176
v -0.919500 0.305741 0.902176
v -0.934500 0.321329 0.911176
v -0.919500 0.321329 0.911176
v -0.934500 0.336918 0.902176
v -0.919500 0.336918 0.902176
v -0.934500 0.336918 0.884176
v -0.919500 0.336918 0.884176
v -0.934500 0.294084 0.791324
v -0.919500 0.294084 0.791324
v -0.934500 0.278495 0.800324
v -0.919500 0.278495 0.800324
v -0.934500 0.278495 0.818324
v -0.919500 0.278495 0.818324
v -0.934500 0.294084 0.827324
v -0.919500 0.294084 0.827324
v -0.934500 0.309672 0.818324
v -0.919500 0.309672 0.818324
v -0.934500 0.309672 0.800324
v -0.919500 0.309672 0.800324
v -0.934500 0.205916 0.791324
v -0.919500 0.205916 0.791324
v -0.934500 0.190328 0.800324
v -0.919500 0.190328 0.800324
v -0.934500 0.190328 0.818324
v -0.919500 0.190328 0.818324
v -0.934500 0.205916 0.827324
v -0.919500 0.205916 0.827324
v -0.934500 0.221505 0.818324
v -0.919500 0.221505 0.818324
v -0.934500 0.221505 0.800324
v -0.919500 0.221505 0.800324
v -0.934500 0.178671 0.875176
v -0.919500 0.178671 0.875176
v -0.934500 0.163082 0.884176
v -0.919500 0.163082 0.884176
v -0.934500 0.163082 0.902176
v -0.919500 0.163082 0.902176
v -0.934500 0.178671 0.911176
v -0.919500 0.178671 0.911176
v -0.934500 0.194259 0.902176
v -0.919500 0.194259 0.902176
v -0.934500 0.194259 0.884176
v -0.919500 0.194259 0.884176
v 0.770000 0.270000 0.720000
v 0.830000 0.270000 0.720000
v 0.770000 0.195000 0.740096
v 0.830000 0.195000 0.740096
v 0.770000 0.140096 0.795000
v 0.830000 0.140096 0.795000
v 0.770000 0.120000 0.870000
v 0.830000 0.120000 0.870000
v 0.770000 0.140096 0.945000
v 0.830000 0.140096 0.945000
v 0.770000 0.195000 0.999904
v 0.830000 0.195000 0.999904
v 0.770000 0.270000 1.020000
v 0.830000 0.270000 1.020000
v 0.770000 0.345000 0.999904
v 0.830000 0.345000 0.999904
v 0.770000 0.399904 0.945000
v 0.830000 0.399904 0.945000
v 0.770000 0.420000 0.870000
v 0.830000 0.420000 0.870000
v 0.770000 0.399904 0.795000
v 0.830000 0.399904 0.795000
v 0.770000 0.345000 0.740096
v 0.830000 0.345000 0.740096
v 1.100000 0.045000 0.730000
v 1.100000 0.215000 0.730000
v 1.199497 0.045000 0.749791
v 1.199497 0.215000 0.749791
v 1.283848 0.045000 0.806152
v 1.283848 0.215000 0.806152
v 1.340209 0.045000 0.890502
v 1.340209 0.215000 0.890502
v 1.360000 0.045000 0.990000
v 1.360000 0.215000 0.990000
v 1.340209 0.045000 1.089498
v 1.340209 0.215000 1.089498
v 1.283848 0.045000 1.173848
v 1.283848 0.215000 1.173848
v 1.199497 0.045000 1.230209
v 1.199497 0.215000 1.230209
v 1.100000 0.045000 1.250000
v 1.100000 0.215000 1.250000
v 1.000502 0.045000 1.230209
v 1.000502 0.215000 1.230209
v 0.916152 0.045000 1.173848
v 0.916152 0.215000 1.173848
v 0.859791 0.045000 1.089498
v 0.859791 0.215000 1.089498
v 0.840000 0.045000 0.990000
v 0.840000 0.215000 0.990000
v 0.859791 0.045000 0.890502
v 0.859791 0.215000 0.890502
v 0.916152 0.045000 0.806152
v 0.916152 0.215000 0.806152
v 1.000502 0.045000 0.749791
v 1.000502 0.215000 0.749791
v 1.100000 0.217500 0.830000
v 1.100000 0.242500 0.830000
v 1.180000 0.217500 0.851436
v 1.180000 0.242500 0.851436
v 1.238564 0.217500 0.910000
v 1.238564 0.242500 0.910000
v 1.260000 0.217500 0.990000
v 1.260000 0.242500 0.990000
v 1.238564 0.217500 1.070000
v 1.238564 0.242500 1.070000
v 1.180000 0.217500 1.128564
v 1.180000 0.242500 1.128564
v 1.100000 0.217500 1.150000
v 1.100000 0.242500 1.150000
v 1.020000 0.217500 1.128564
v 1.020000 0.242500 1.128564
v 0.961436 0.217500 1.070000
v 0.961436 0.242500 1.070000
v 0.940000 0.217500 0.990000
v 0.940000 0.242500 0.990000
v 0.961436 0.217500 0.910000
v 0.961436 0.242500 0.910000
v 1.020000 0.217500 0.851436
v 1.020000 0.242500 0.851436
v -0.604000 0.425000 -1.358500
v -0.604000 0.431000 -1.352500
v -0.610000 0.431000 -1.358500
v -0.604000 0.529000 -1.352500
v -0.604000 0.535000 -1.358500
v -0.610000 0.529000 -1.358500
v -0.604000 0.425000 -1.381500
v -0.610000 0.431000 -1.381500
v -0.604000 0.431000 -1.387500
v -0.604000 0.535000 -1.381500
v -0.604000 0.529000 -1.387500
v -0.610000 0.529000 -1.381500
v -0.396000 0.425000 -1.358500
v -0.390000 0.431000 -1.358500
v -0.396000 0.431000 -1.352500
v -0.396000 0.535000 -1.358500
v -0.396000 0.529000 -1.352500
v -0.390000 0.529000 -1.358500
v -0.396000 0.425000 -1.381500
v -0.396000 0.431000 -1.387500
v -0.390000 0.431000 -1.381500
v -0.396000 0.535000 -1.381500
v -0.390000 0.529000 -1.381500
v -0.396000 0.529000 -1.387500
v 0.396000 0.425000 -1.358500
v 0.396000 0.431000 -1.352500
v 0.390000 0.431000 -1.358500
v 0.396000 0.529000 -1.352500
v 0.396000 0.535000 -1.358500
v 0.390000 0.529000 -1.358500
v 0.396000 0.425000 -1.381500
v 0.390000 0.431000 -1.381500
v 0.396000 0.431000 -1.387500
v 0.396000 0.535000 -1.381500
v 0.396000 0.529000 -1.387500
v 0.390000 0.529000 -1.381500
v 0.604000 0.425000 -1.358500
v 0.610000 0.431000 -1.358500
v 0.604000 0.431000 -1.352500
v 0.604000 0.535000 -1.358500
v 0.604000 0.529000 -1.352500
v 0.610000 0.529000 -1.358500
v 0.604000 0.425000 -1.381500
v 0.604000 0.431000 -1.387500
v 0.610000 0.431000 -1.381500
v 0.604000 0.535000 -1.381500
v 0.610000 0.529000 -1.381500
v 0.604000 0.529000 -1.387500
v -0.646432 0.243691 -1.524797
v 0.583568 0.283691 -1.454797
v -0.645842 0.196747 -1.508341
v 0.584158 0.236747 -1.438341
v -0.647688 0.175139 -1.463567
v 0.582312 0.215139 -1.393567
v -0.650888 0.191526 -1.416704
v 0.579112 0.231526 -1.346704
v -0.653567 0.236309 -1.395203
v 0.576432 0.276309 -1.325203
v -0.654158 0.283253 -1.411659
v 0.575842 0.323253 -1.341659
v -0.652312 0.304861 -1.456432
v 0.577688 0.344861 -1.386432
v -0.649112 0.288474 -1.503296
v 0.580888 0.328474 -1.433296
vn 0.3827 0.9237 -0.0185
vn 0.9239 0.3826 -0.0077
vn 0.9239 -0.3826 0.0077
vn 0.3827 -0.9237 0.0185
vn -0.3827 -0.9237 0.0185
vn -0.9239 -0.3826 0.0077
vn -0.0000 0.0200 0.9998
vn -0.9239 0.3826 -0.0077
vn -0.3827 0.9237 -0.0185
vn -0.0000 -0.0200 -0.9998
vn -0.0000 -0.3827 -0.9239
vn -0.0000 -0.9239 -0.3827
vn -0.0000 -0.9239 0.3827
vn -0.0000 -0.3827 0.9239
vn -0.0000 0.3827 0.9239
vn -0.0000 0.9239 0.3827
vn 1.0000 -0.0000 -0.0000
vn -0.0000 0.9239 -0.3827
vn -0.0000 0.3827 -0.9239
vn -1.0000 -0.0000 -0.0000
vn -0.5773 -0.5773 0.5774
vn -0.5774 0.5773 0.5774
vn -0.5774 -0.5773 -0.5774
vn -0.5773 0.5773 -0.5774
vn 0.5774 -0.5773 0.5774
vn 0.5774 0.5773 0.5774
vn 0.5774 -0.5773 -0.5774
vn 0.5774 0.5773 -0.5774
vn -0.7071 -0.7071 -0.0000
vn -0.7071 -0.0000 0.7071
vn -0.7071 0.7071 -0.0000
vn -0.7071 -0.0000 -0.7071
vn -0.0000 -0.7071 -0.7071
vn -0.0000 0.7071 -0.7071
vn 0.7071 -0.0000 -0.7071
vn 0.7071 -0.7071 -0.0000
vn 0.7071 0.7071 -0.0000
vn 0.7071 -0.0000 0.7071
vn -0.0000 -0.7071 0.7071
vn -0.0000 0.7071 0.7071
vn -0.0000 -1.0000 -0.0000
vn -0.0000 -0.0000 1.0000
vn -0.0000 1.0000 -0.0000
vn -0.0000 -0.0000 -1.0000
vn -0.5773 -0.5774 0.5774
vn -0.5774 0.5773 0.5773
vn -0.5774 -0.5774 -0.5773
vn -0.5773 0.5774 -0.5773
vn 0.5773 -0.5774 0.5774
vn 0.5774 0.5774 0.5773
vn 0.5773 -0.5774 -0.5773
vn 0.5773 0.5774 -0.5773
vn -0.5774 0.5774 0.5773
vn -0.5773 -0.5774 -0.5773
vn 0.5773 0.5774 -0.5774
vn -0.5773 0.5774 -0.5774
vn 0.5773 -0.5774 0.5773
vn 0.5774 0.5773 0.5773
vn -0.5773 -0.5774 0.5773
vn -0.5773 0.5774 0.5774
vn -0.5774 0.5773 -0.5774
vn 0.5773 0.5774 0.5774
vn 0.5774 -0.5773 -0.5773
vn -0.5774 -0.5774 0.5773
vn 0.5774 -0.5774 0.5773
vn -0.5774 -0.5773 0.5773
vn 0.5774 -0.5773 0.5773
vn 0.5773 0.5774 0.5773
vn 0.3147 -0.6186 -0.7199
vn 0.8792 -0.4063 -0.2487
vn 0.9287 0.0440 0.3682
vn 0.4342 0.4685 0.7694
vn -0.3147 0.6186 0.7199
vn -0.8792 0.4063 0.2487
vn 0.1961 0.7845 -0.5883
vn -0.9287 -0.0440 -0.3682
vn -0.4342 -0.4685 -0.7694
vn -0.1961 -0.7845 0.5883
vn 0.4989 -0.8384 0.2193
vn 0.9618 -0.2736 -0.0097
vn 0.8613 0.4516 -0.2330
vn 0.2562 0.9122 -0.3198
vn -0.4989 0.8384 -0.2193
vn -0.9618 0.2736 0.0097
vn -0.0963 -0.3051 -0.9474
vn -0.8613 -0.4516 0.2330
vn -0.2562 -0.9122 0.3198
vn 0.0963 0.3051 0.9474
vn 0.9806 -0.1683 0.1010
vn 0.7906 0.0375 -0.6112
vn 0.1375 0.2213 -0.9655
vn -0.5962 0.2755 -0.7541
vn -0.9806 0.1683 -0.1010
vn -0.7906 -0.0375 0.6112
vn -0.1401 -0.9606 -0.2401
vn -0.1375 -0.2213 0.9655
vn 0.5962 -0.2755 0.7541
vn 0.1401 0.9606 0.2401
vn 0.5773 0.5773 -0.5774
vn 0.4342 -0.4685 -0.7694
vn 0.9287 -0.0440 -0.3682
vn 0.8792 0.4063 0.2487
vn 0.3147 0.6186 0.7199
vn -0.4342 0.4685 0.7694
vn -0.9287 0.0440 0.3682
vn -0.1961 0.7845 -0.5883
vn -0.8792 -0.4063 -0.2487
vn -0.3147 -0.6186 -0.7199
vn 0.1961 -0.7845 0.5883
vn 0.2562 -0.9122 0.3198
vn 0.8613 -0.4516 0.2330
vn 0.9618 0.2736 0.0097
vn 0.4989 0.8384 -0.2193
vn -0.2562 0.9122 -0.3198
vn -0.8613 0.4516 -0.2330
vn 0.0963 -0.3051 -0.9474
vn -0.9618 -0.2736 -0.0097
vn -0.4989 -0.8384 0.2193
vn -0.0963 0.3051 0.9474
vn -0.5962 -0.2755 0.7541
vn 0.1375 -0.2213 0.9655
vn 0.7906 -0.0375 0.6112
vn 0.9806 0.1683 -0.1010
vn 0.5962 0.2755 -0.7541
vn -0.1375 0.2213 -0.9655
vn 0.1401 -0.9606 -0.2401
vn -0.7906 0.0375 -0.6112
vn -0.9806 -0.1683 0.1010
vn -0.1401 0.9606 0.2401
vn -0.6832 -0.6094 0.4024
vn -0.5059 0.4893 0.7104
vn -0.6341 -0.3053 -0.7104
vn -0.4568 0.7933 -0.4024
vn 0.4568 -0.7933 0.4024
vn 0.6341 0.3053 0.7104
vn 0.5059 -0.4893 -0.7104
vn 0.6832 0.6094 -0.4024
vn -0.8066 -0.5601 -0.1886
vn -0.7281 -0.0735 0.6815
vn -0.5895 0.7854 0.1886
vn -0.6680 0.2989 -0.6815
vn -0.0785 -0.4866 -0.8701
vn 0.1386 0.8590 -0.4929
vn 0.7281 0.0735 -0.6815
vn 0.5895 -0.7854 -0.1886
vn 0.8067 0.5601 0.1886
vn 0.6680 -0.2989 0.6815
vn -0.1386 -0.8590 0.4929
vn 0.0785 0.4866 0.8701
vn -0.1535 -0.9515 -0.2667
vn -0.9872 0.1593 -0.0000
vn -0.0425 -0.2633 0.9638
vn 0.1535 0.9515 0.2667
vn 0.0425 0.2633 -0.9638
vn 0.9872 -0.1593 -0.0000
vn -0.5773 -0.7104 0.4025
vn -0.5774 0.4024 0.7104
vn -0.5774 -0.4024 -0.7104
vn -0.5773 0.7104 -0.4025
vn 0.5773 -0.7104 0.4024
vn 0.5774 0.4024 0.7104
vn 0.5774 -0.4024 -0.7104
vn 0.5773 0.7104 -0.4024
vn -0.7071 -0.6815 -0.1886
vn -0.7071 -0.1886 0.6815
vn -0.7072 0.6814 0.1886
vn -0.7071 0.1886 -0.6815
vn -0.0000 -0.4929 -0.8701
vn -0.0000 0.8701 -0.4929
vn 0.7071 0.1886 -0.6815
vn 0.7072 -0.6814 -0.1886
vn 0.7071 0.6815 0.1886
vn 0.7071 -0.1886 0.6815
vn -0.0000 -0.8701 0.4929
vn -0.0000 0.4929 0.8701
vn -0.0000 -0.9638 -0.2667
vn -0.0000 -0.2667 0.9638
vn -0.0000 0.9638 0.2667
vn -0.0000 0.2667 -0.9638
vn -0.5773 -0.7104 0.4024
vn -0.5773 0.7104 -0.4024
vn -0.7071 0.6814 0.1886
vn 0.7071 -0.6815 -0.1886
vn 0.5773 0.7104 -0.4025
vn -0.6760 -0.5774 0.4579
vn -0.6760 0.5774 0.4579
vn -0.4579 -0.5773 -0.6760
vn -0.4579 0.5773 -0.6760
vn 0.4579 -0.5773 0.6760
vn 0.4579 0.5773 0.6760
vn 0.6760 -0.5774 -0.4579
vn 0.6760 0.5774 -0.4579
vn -0.6944 -0.7071 -0.1335
vn -0.8279 -0.0000 0.5608
vn -0.6944 0.7071 -0.1335
vn -0.5608 -0.0000 -0.8279
vn 0.1335 -0.7071 -0.6944
vn 0.1335 0.7071 -0.6944
vn 0.8279 -0.0000 -0.5608
vn 0.6944 -0.7071 0.1335
vn 0.6944 0.7071 0.1335
vn 0.5608 -0.0000 0.8279
vn -0.1335 -0.7071 0.6944
vn -0.1335 0.7071 0.6944
vn -0.9820 -0.0000 -0.1889
vn -0.1889 -0.0000 0.9820
vn 0.1889 -0.0000 -0.9820
vn 0.9820 -0.0000 0.1889
vn -0.5773 -0.5774 -0.5774
vn -0.5774 0.5774 -0.5774
vn 0.5773 -0.5774 -0.5774
vn 0.5774 0.5774 -0.5774
vn -0.3067 -0.6620 0.6839
vn -0.4840 0.4780 0.7330
vn -0.6147 -0.6620 -0.4289
vn -0.7920 0.4780 -0.3799
vn 0.7920 -0.4780 0.3799
vn 0.6147 0.6620 0.4289
vn 0.4840 -0.4780 -0.7330
vn 0.3067 0.6620 -0.6839
vn -0.5642 -0.8107 0.1562
vn -0.4842 -0.1127 0.8677
vn -0.7814 0.5854 0.2162
vn -0.8614 -0.1127 -0.4953
vn -0.0800 -0.6981 -0.7115
vn -0.2972 0.6981 -0.6514
vn 0.4842 0.1127 -0.8677
vn 0.7814 -0.5854 -0.2162
vn 0.5642 0.8107 -0.1562
vn 0.8614 0.1127 0.4953
vn 0.2972 -0.6981 0.6514
vn 0.0800 0.6981 0.7115
vn 0.1535 -0.9872 -0.0425
vn -0.9515 -0.1593 0.2633
vn 0.2667 -0.0000 0.9638
vn -0.1535 0.9872 0.0425
vn -0.2667 -0.0000 -0.9638
vn 0.9515 0.1593 -0.2633
vn -0.0423 -0.3803 -0.9239
vn -0.1020 -0.9182 -0.3827
vn -0.1020 -0.9182 0.3827
vn -0.0423 -0.3803 0.9239
vn 0.0423 0.3803 0.9239
vn 0.1020 0.9182 0.3827
vn 0.9939 -0.1104 -0.0000
vn 0.1020 0.9182 -0.3827
vn 0.0423 0.3803 -0.9239
vn -0.9939 0.1104 -0.0000
vn -0.5773 0.5774 0.5773
vn -0.5774 0.5773 -0.5773
vn -0.5774 -0.6714 0.4647
vn -0.5773 0.4647 0.6714
vn -0.5774 -0.4647 -0.6714
vn -0.5774 0.6714 -0.4647
vn 0.5774 -0.6714 0.4647
vn 0.5773 0.4647 0.6714
vn 0.5774 -0.4647 -0.6714
vn 0.5774 0.6714 -0.4647
vn -0.7071 -0.6957 -0.1266
vn -0.7071 -0.1266 0.6957
vn -0.7071 0.6957 0.1266
vn -0.7071 0.1266 -0.6957
vn -0.0000 -0.5691 -0.8223
vn -0.0000 0.8223 -0.5691
vn 0.7071 0.1266 -0.6957
vn 0.7071 -0.6957 -0.1266
vn 0.7071 0.6957 0.1266
vn 0.7071 -0.1266 0.6957
vn -0.0000 -0.8223 0.5691
vn -0.0000 0.5691 0.8223
vn -0.0000 -0.9838 -0.1790
vn -0.0000 -0.1790 0.9838
vn -0.0000 0.9838 0.1790
vn -0.0000 0.1790 -0.9838
vn 0.5774 0.5773 -0.5773
vn -0.5773 -0.6714 0.4647
vn 0.5773 -0.6714 0.4647
vn -0.5774 0.5774 -0.5773
vn 0.2588 -0.6830 -0.6830
vn 0.7071 -0.5000 -0.5000
vn 0.9659 -0.1830 -0.1830
vn 0.9659 0.1830 0.1830
vn 0.7071 0.5000 0.5000
vn 0.2588 0.6830 0.6830
vn -0.2588 0.6830 0.6830
vn -0.7071 0.5000 0.5000
vn -0.9659 0.1830 0.1830
vn -0.9659 -0.1830 -0.1830
vn -0.7071 -0.5000 -0.5000
vn -0.2588 -0.6830 -0.6830
vn 0.3827 0.5633 0.7323
vn 0.9239 0.2333 0.3033
vn 0.9239 -0.2333 -0.3033
vn 0.3827 -0.5633 -0.7323
vn -0.3827 -0.5633 -0.7323
vn -0.9239 -0.2333 -0.3033
vn -0.0000 -0.7926 0.6097
vn -0.9239 0.2333 0.3033
vn -0.3827 0.5633 0.7323
vn -0.0000 0.7926 -0.6097
vn -0.5773 0.5773 0.5774
vn 0.5773 0.5773 0.5774
vn -0.5774 -0.5773 0.5774
vn -0.5773 -0.5773 -0.5774
vn 0.5774 -0.5774 -0.5774
vn 0.5000 -0.0000 -0.8660
vn 0.5000 -0.0000 0.8660
vn -0.5000 -0.0000 0.8660
vn -0.5000 -0.0000 -0.8660
vn 0.5774 -0.5774 -0.5773
vn 0.5774 0.5774 -0.5773
vn -0.8464 0.5252 0.0877
vn -0.4082 0.5692 0.7137
vn 0.2691 0.2798 0.9216
vn 0.7888 -0.1736 0.5896
vn 0.8464 -0.5252 -0.0877
vn 0.4082 -0.5692 -0.7137
vn -0.4595 -0.8036 0.3782
vn -0.2691 -0.2798 -0.9216
vn -0.7888 0.1736 -0.5896
vn 0.4595 0.8036 -0.3782
vn 0.7888 0.1736 -0.5896
vn 0.2691 -0.2798 -0.9216
vn -0.4082 -0.5692 -0.7137
vn -0.8464 -0.5252 -0.0877
vn -0.7888 -0.1736 0.5896
vn -0.2691 0.2798 0.9216
vn 0.4595 -0.8036 0.3782
vn 0.4082 0.5692 0.7137
vn 0.8464 0.5252 0.0877
vn -0.4595 0.8036 -0.3782
vn 0.2588 -0.0000 -0.9659
vn 0.9659 -0.0000 -0.2588
vn 0.9659 -0.0000 0.2588
vn 0.2588 -0.0000 0.9659
vn -0.2588 -0.0000 0.9659
vn -0.9659 -0.0000 0.2588
vn -0.9659 -0.0000 -0.2588
vn -0.2588 -0.0000 -0.9659
vn 0.5773 -0.5773 0.5774
vn -0.5774 -0.5774 -0.5772
vn -0.5773 0.5775 -0.5773
vn 0.5774 -0.5774 -0.5772
vn 0.5773 0.5775 -0.5773
vn -0.0000 -0.7072 -0.7070
vn -0.0000 0.7072 -0.7070
vn -0.0000 -0.7070 0.7072
vn -0.0000 0.7070 0.7072
vn -0.5774 -0.5773 -0.5773
vn 0.5774 -0.5772 0.5774
vn -0.4897 -0.5896 0.6423
vn -0.6723 0.5421 0.5041
vn -0.4676 -0.7261 -0.5041
vn -0.6503 0.4057 -0.6423
vn 0.6503 -0.4057 0.6423
vn 0.4677 0.7261 0.5041
vn 0.6723 -0.5421 -0.5041
vn 0.4897 0.5896 -0.6423
vn -0.5862 -0.8057 0.0847
vn -0.7116 -0.0291 0.7020
vn -0.8099 0.5804 -0.0846
vn -0.6846 -0.1962 -0.7020
vn 0.1253 -0.7766 -0.6174
vn -0.0984 0.6095 -0.7867
vn 0.7116 0.0291 -0.7020
vn 0.8099 -0.5804 0.0846
vn 0.5862 0.8057 -0.0846
vn 0.6846 0.1962 0.7020
vn 0.0984 -0.6095 0.7867
vn -0.1253 0.7766 0.6174
vn 0.1582 -0.9801 0.1197
vn -0.9872 -0.1593 -0.0000
vn -0.0191 0.1182 0.9928
vn -0.1582 0.9801 -0.1197
vn 0.0191 -0.1182 -0.9928
vn 0.9872 0.1593 -0.0000
vn 0.2588 0.9659 -0.0000
vn 0.9659 0.2588 -0.0000
vn 0.9659 -0.2588 -0.0000
vn 0.2588 -0.9659 -0.0000
vn -0.2588 -0.9659 -0.0000
vn -0.9659 -0.2588 -0.0000
vn -0.9659 0.2588 -0.0000
vn -0.2588 0.9659 -0.0000
vn 0.1862 -0.1940 -0.9632
vn 0.0825 -0.8304 -0.5510
vn -0.0695 -0.9805 0.1840
vn -0.1808 -0.5561 0.8112
vn -0.1862 0.1940 0.9632
vn -0.0825 0.8304 0.5510
vn 0.9801 -0.0327 0.1960
vn 0.0695 0.9805 -0.1840
vn 0.1808 0.5561 -0.8112
vn -0.9801 0.0327 -0.1960
vn -0.6723 -0.5421 0.5041
vn -0.4897 0.5896 0.6423
vn -0.6503 -0.4057 -0.6423
vn -0.4676 0.7261 -0.5041
vn 0.4676 -0.7261 0.5041
vn 0.6503 0.4057 0.6423
vn 0.4897 -0.5896 -0.6423
vn 0.6723 0.5421 -0.5041
vn -0.8099 -0.5804 -0.0846
vn -0.7116 0.0291 0.7020
vn -0.5862 0.8057 0.0846
vn -0.6846 0.1962 -0.7020
vn -0.0984 -0.6095 -0.7867
vn 0.1253 0.7766 -0.6174
vn 0.7116 -0.0291 -0.7020
vn 0.5862 -0.8057 -0.0846
vn 0.8099 0.5804 0.0846
vn 0.6846 -0.1962 0.7020
vn -0.1253 -0.7766 0.6174
vn 0.0984 0.6095 0.7867
vn -0.1582 -0.9801 -0.1197
vn -0.0191 -0.1182 0.9928
vn 0.1582 0.9801 0.1197
vn 0.0191 0.1182 -0.9928
vn -0.1808 0.5561 -0.8112
vn -0.0695 0.9805 -0.1840
vn 0.0825 0.8304 0.5510
vn 0.1862 0.1940 0.9632
vn 0.1808 -0.5561 0.8112
vn 0.0695 -0.9805 0.1840
vn -0.9801 -0.0327 0.1960
vn -0.0825 -0.8304 -0.5510
vn -0.1862 -0.1940 -0.9632
vn 0.9801 0.0327 -0.1960
vn -0.6206 -0.1700 0.7655
vn -0.4224 0.8607 0.2841
vn -0.7115 -0.6427 -0.2841
vn -0.5133 0.3880 -0.7655
vn 0.5133 -0.3880 0.7655
vn 0.7115 0.6427 0.2841
vn 0.4224 -0.8607 -0.2841
vn 0.6206 0.1700 -0.7655
vn -0.8158 -0.4976 0.2948
vn -0.6387 0.4230 0.6427
vn -0.5730 0.7647 -0.2948
vn -0.7501 -0.1559 -0.6427
vn -0.1771 -0.9206 -0.3480
vn 0.0657 0.3417 -0.9375
vn 0.6387 -0.4230 -0.6427
vn 0.5730 -0.7647 0.2948
vn 0.8158 0.4976 -0.2948
vn 0.7501 0.1559 0.6427
vn -0.0657 -0.3417 0.9375
vn 0.1771 0.9206 0.3480
vn -0.1717 -0.8926 0.4169
vn -0.9820 0.1889 -0.0000
vn 0.0787 0.4094 0.9090
vn 0.1717 0.8926 -0.4169
vn -0.0787 -0.4094 -0.9090
vn 0.9820 -0.1889 -0.0000
vn -0.0000 -0.2588 -0.9659
vn -0.0000 -0.9659 -0.2588
vn -0.0000 -0.9659 0.2588
vn -0.0000 -0.2588 0.9659
vn -0.0000 0.2588 0.9659
vn -0.0000 0.9659 0.2588
vn -0.0000 0.9659 -0.2588
vn -0.0000 0.2588 -0.9659
vn -0.0000 -0.1951 -0.9808
vn -0.0000 -0.5556 -0.8315
vn -0.0000 -0.8315 -0.5556
vn -0.0000 -0.9808 -0.1951
vn -0.0000 -0.9808 0.1951
vn -0.0000 -0.8315 0.5556
vn -0.0000 -0.5556 0.8315
vn -0.0000 -0.1951 0.9808
vn -0.0000 0.1951 0.9808
vn -0.0000 0.5556 0.8315
vn -0.0000 0.8315 0.5556
vn -0.0000 0.9808 0.1951
vn -0.0000 0.9808 -0.1951
vn -0.0000 0.8315 -0.5556
vn -0.0000 0.5556 -0.8315
vn -0.0000 0.1951 -0.9808
vn -0.0000 -0.5000 -0.8660
vn -0.0000 -0.5000 0.8660
vn -0.0000 0.5000 0.8660
vn -0.0000 0.5000 -0.8660
vn 0.1951 -0.0000 -0.9808
vn 0.5556 -0.0000 -0.8315
vn 0.8315 -0.0000 -0.5556
vn 0.9808 -0.0000 -0.1951
vn 0.9808 -0.0000 0.1951
vn 0.8315 -0.0000 0.5556
vn 0.5556 -0.0000 0.8315
vn 0.1951 -0.0000 0.9808
vn -0.1951 -0.0000 0.9808
vn -0.5556 -0.0000 0.8315
vn -0.8315 -0.0000 0.5556
vn -0.9808 -0.0000 0.1951
vn -0.9808 -0.0000 -0.1951
vn -0.8315 -0.0000 -0.5556
vn -0.5556 -0.0000 -0.8315
vn -0.1951 -0.0000 -0.9808
vn 0.0643 -0.3294 -0.9420
vn 0.0539 -0.9002 -0.4322
vn 0.0119 -0.9436 0.3308
vn -0.0371 -0.4343 0.9000
vn -0.0643 0.3294 0.9420
vn -0.0539 0.9002 0.4322
vn 0.9979 0.0325 0.0568
vn -0.0119 0.9436 -0.3308
vn 0.0371 0.4343 -0.9000
vn -0.9979 -0.0325 -0.0568
vn 0.1961 0.7845 -0.5884
vn -0.1961 -0.7845 0.5884
vn -0.0964 -0.3051 -0.9474
vn 0.0964 0.3051 0.9474
vn -0.1961 0.7845 -0.5884
vn -0.0964 0.3051 0.9474
vn 0.8066 0.5601 0.1886
vn -0.7072 -0.6814 -0.1886
vn -0.7071 0.6815 0.1886
vn 0.7072 0.6814 0.1886
vn 0.7071 0.6814 0.1886
vn -0.5642 -0.8107 0.1561
vn -0.7072 -0.0000 -0.7070
vn -0.0000 0.7070 -0.7072
vn 0.7072 -0.0000 -0.7070
vn -0.0000 -0.7072 0.7070
vn -0.7072 -0.0000 -0.7071
vn -0.5862 -0.8057 0.0846
vn 0.9979 0.0324 0.0568
vn -0.9979 -0.0324 -0.0568
vt 0.875000 0.125000
vt 0.125000 0.625000
vt 0.125000 0.875000
vt 0.625000 0.125000
vt 0.125000 0.125000
vt 0.375000 0.875000
vt 0.625000 0.875000
vt 0.125000 0.375000
vt 0.625000 0.625000
s 0
usemtl WorldPickupPalette
f 1/1/1 4/1/1 3/1/1
f 4/1/2 5/1/2 3/1/2
f 6/1/3 7/1/3 5/1/3
f 7/1/4 10/1/4 9/1/4
f 10/1/5 11/1/5 9/1/5
f 11/1/6 14/1/6 13/1/6
f 6/1/7 2/1/7 14/1/7
f 13/1/8 16/1/8 15/1/8
f 16/1/9 1/1/9 15/1/9
f 7/1/10 11/1/10 15/1/10
f 17/1/1 20/1/1 19/1/1
f 20/1/2 21/1/2 19/1/2
f 22/1/3 23/1/3 21/1/3
f 23/1/4 26/1/4 25/1/4
f 26/1/5 27/1/5 25/1/5
f 27/1/6 30/1/6 29/1/6
f 18/1/7 30/1/7 26/1/7
f 29/1/8 32/1/8 31/1/8
f 32/1/9 17/1/9 31/1/9
f 31/1/10 19/1/10 23/1/10
f 34/2/11 35/2/11 33/2/11
f 36/2/12 37/2/12 35/2/12
f 38/2/13 39/2/13 37/2/13
f 40/2/14 41/2/14 39/2/14
f 42/2/15 43/2/15 41/2/15
f 44/2/16 45/2/16 43/2/16
f 34/2/17 46/2/17 42/2/17
f 46/2/18 47/2/18 45/2/18
f 48/2/19 33/2/19 47/2/19
f 43/2/20 45/2/20 47/2/20
f 50/2/11 51/2/11 49/2/11
f 52/2/12 53/2/12 51/2/12
f 54/2/13 55/2/13 53/2/13
f 56/2/14 57/2/14 55/2/14
f 58/2/15 59/2/15 57/2/15
f 60/2/16 61/2/16 59/2/16
f 50/2/17 62/2/17 58/2/17
f 62/2/18 63/2/18 61/2/18
f 64/2/19 49/2/19 63/2/19
f 55/2/20 59/2/20 63/2/20
f 66/2/11 67/2/11 65/2/11
f 68/2/12 69/2/12 67/2/12
f 70/2/13 71/2/13 69/2/13
f 72/2/14 73/2/14 71/2/14
f 74/2/15 75/2/15 73/2/15
f 76/2/16 77/2/16 75/2/16
f 72/2/17 70/2/17 78/2/17
f 78/2/18 79/2/18 77/2/18
f 80/2/19 65/2/19 79/2/19
f 71/2/20 75/2/20 79/2/20
f 82/2/11 83/2/11 81/2/11
f 84/2/12 85/2/12 83/2/12
f 86/2/13 87/2/13 85/2/13
f 88/2/14 89/2/14 87/2/14
f 90/2/15 91/2/15 89/2/15
f 92/2/16 93/2/16 91/2/16
f 86/2/17 82/2/17 94/2/17
f 94/2/18 95/2/18 93/2/18
f 96/2/19 81/2/19 95/2/19
f 93/2/20 95/2/20 87/2/20
f 97/3/21 98/3/21 99/3/21
f 100/3/22 101/3/22 102/3/22
f 103/3/23 104/3/23 105/3/23
f 106/3/24 107/3/24 108/3/24
f 109/3/25 110/3/25 111/3/25
f 112/3/26 113/3/26 114/3/26
f 115/3/27 116/3/27 117/3/27
f 118/3/28 119/3/28 120/3/28
f 97/3/29 104/3/29 103/3/29
f 100/3/30 99/3/30 98/3/30
f 106/3/31 102/3/31 101/3/31
f 105/3/32 108/3/32 107/3/32
f 103/3/33 116/3/33 115/3/33
f 118/3/34 107/3/34 106/3/34
f 117/3/35 120/3/35 119/3/35
f 115/3/36 110/3/36 109/3/36
f 112/3/37 119/3/37 118/3/37
f 113/3/38 110/3/38 114/3/38
f 109/3/39 98/3/39 97/3/39
f 101/3/40 113/3/40 112/3/40
f 115/3/41 97/3/41 103/3/41
f 102/3/20 104/3/20 99/3/20
f 113/3/42 98/3/42 111/3/42
f 106/3/43 112/3/43 118/3/43
f 107/3/44 116/3/44 105/3/44
f 119/3/17 110/3/17 117/3/17
f 121/2/45 122/2/45 123/2/45
f 124/2/46 125/2/46 126/2/46
f 127/2/47 128/2/47 129/2/47
f 130/2/48 131/2/48 132/2/48
f 133/2/49 134/2/49 135/2/49
f 136/2/50 137/2/50 138/2/50
f 139/2/51 140/2/51 141/2/51
f 142/2/52 143/2/52 144/2/52
f 121/2/29 128/2/29 127/2/29
f 122/2/30 126/2/30 123/2/30
f 130/2/31 126/2/31 125/2/31
f 129/2/32 132/2/32 131/2/32
f 127/2/33 140/2/33 139/2/33
f 142/2/34 131/2/34 130/2/34
f 143/2/35 140/2/35 144/2/35
f 139/2/36 134/2/36 133/2/36
f 136/2/37 143/2/37 142/2/37
f 135/2/38 138/2/38 137/2/38
f 133/2/39 122/2/39 121/2/39
f 125/2/40 137/2/40 136/2/40
f 139/2/41 121/2/41 127/2/41
f 126/2/20 128/2/20 123/2/20
f 137/2/42 122/2/42 135/2/42
f 130/2/43 136/2/43 142/2/43
f 131/2/44 140/2/44 129/2/44
f 143/2/17 134/2/17 141/2/17
f 145/2/45 146/2/45 147/2/45
f 148/2/53 149/2/53 150/2/53
f 151/2/54 152/2/54 153/2/54
f 154/2/48 155/2/48 156/2/48
f 157/2/49 158/2/49 159/2/49
f 160/2/50 161/2/50 162/2/50
f 163/2/51 164/2/51 165/2/51
f 166/2/55 167/2/55 168/2/55
f 145/2/29 152/2/29 151/2/29
f 146/2/30 150/2/30 147/2/30
f 154/2/31 150/2/31 149/2/31
f 153/2/32 156/2/32 155/2/32
f 151/2/33 164/2/33 163/2/33
f 166/2/34 155/2/34 154/2/34
f 167/2/35 164/2/35 168/2/35
f 163/2/36 158/2/36 157/2/36
f 160/2/37 167/2/37 166/2/37
f 159/2/38 162/2/38 161/2/38
f 157/2/39 146/2/39 145/2/39
f 149/2/40 161/2/40 160/2/40
f 163/2/41 145/2/41 151/2/41
f 150/2/20 152/2/20 147/2/20
f 161/2/42 146/2/42 159/2/42
f 154/2/43 160/2/43 166/2/43
f 155/2/44 164/2/44 153/2/44
f 167/2/17 158/2/17 165/2/17
f 169/2/45 170/2/45 171/2/45
f 172/2/53 173/2/53 174/2/53
f 175/2/54 176/2/54 177/2/54
f 178/2/48 179/2/48 180/2/48
f 181/2/49 182/2/49 183/2/49
f 184/2/50 185/2/50 186/2/50
f 187/2/51 188/2/51 189/2/51
f 190/2/52 191/2/52 192/2/52
f 169/2/29 176/2/29 175/2/29
f 170/2/30 174/2/30 171/2/30
f 178/2/31 174/2/31 173/2/31
f 177/2/32 180/2/32 179/2/32
f 175/2/33 188/2/33 187/2/33
f 190/2/34 179/2/34 178/2/34
f 191/2/35 188/2/35 192/2/35
f 187/2/36 182/2/36 181/2/36
f 184/2/37 191/2/37 190/2/37
f 183/2/38 186/2/38 185/2/38
f 181/2/39 170/2/39 169/2/39
f 173/2/40 185/2/40 184/2/40
f 187/2/41 169/2/41 175/2/41
f 174/2/20 176/2/20 171/2/20
f 185/2/42 170/2/42 183/2/42
f 178/2/43 184/2/43 190/2/43
f 179/2/44 188/2/44 177/2/44
f 191/2/17 182/2/17 189/2/17
f 193/2/45 194/2/45 195/2/45
f 196/2/53 197/2/53 198/2/53
f 199/2/54 200/2/54 201/2/54
f 202/2/56 203/2/56 204/2/56
f 205/2/57 206/2/57 207/2/57
f 208/2/58 209/2/58 210/2/58
f 211/2/51 212/2/51 213/2/51
f 214/2/52 215/2/52 216/2/52
f 193/2/29 200/2/29 199/2/29
f 194/2/30 198/2/30 195/2/30
f 202/2/31 198/2/31 197/2/31
f 201/2/32 204/2/32 203/2/32
f 199/2/33 212/2/33 211/2/33
f 214/2/34 203/2/34 202/2/34
f 215/2/35 212/2/35 216/2/35
f 211/2/36 206/2/36 205/2/36
f 208/2/37 215/2/37 214/2/37
f 207/2/38 210/2/38 209/2/38
f 205/2/39 194/2/39 193/2/39
f 197/2/40 209/2/40 208/2/40
f 211/2/41 193/2/41 199/2/41
f 198/2/20 200/2/20 195/2/20
f 209/2/42 194/2/42 207/2/42
f 202/2/43 208/2/43 214/2/43
f 203/2/44 212/2/44 201/2/44
f 215/2/17 206/2/17 213/2/17
f 217/2/59 218/2/59 219/2/59
f 220/2/46 221/2/46 222/2/46
f 223/2/54 224/2/54 225/2/54
f 226/2/48 227/2/48 228/2/48
f 229/2/49 230/2/49 231/2/49
f 232/2/58 233/2/58 234/2/58
f 235/2/51 236/2/51 237/2/51
f 238/2/52 239/2/52 240/2/52
f 217/2/29 224/2/29 223/2/29
f 218/2/30 222/2/30 219/2/30
f 226/2/31 222/2/31 221/2/31
f 225/2/32 228/2/32 227/2/32
f 223/2/33 236/2/33 235/2/33
f 238/2/34 227/2/34 226/2/34
f 239/2/35 236/2/35 240/2/35
f 235/2/36 230/2/36 229/2/36
f 232/2/37 239/2/37 238/2/37
f 231/2/38 234/2/38 233/2/38
f 229/2/39 218/2/39 217/2/39
f 221/2/40 233/2/40 232/2/40
f 235/2/41 217/2/41 223/2/41
f 222/2/20 224/2/20 219/2/20
f 233/2/42 218/2/42 231/2/42
f 226/2/43 232/2/43 238/2/43
f 227/2/44 236/2/44 225/2/44
f 239/2/17 230/2/17 237/2/17
f 241/2/45 242/2/45 243/2/45
f 244/2/46 245/2/46 246/2/46
f 247/2/54 248/2/54 249/2/54
f 250/2/48 251/2/48 252/2/48
f 253/2/49 254/2/49 255/2/49
f 256/2/58 257/2/58 258/2/58
f 259/2/51 260/2/51 261/2/51
f 262/2/52 263/2/52 264/2/52
f 241/2/29 248/2/29 247/2/29
f 242/2/30 246/2/30 243/2/30
f 250/2/31 246/2/31 245/2/31
f 249/2/32 252/2/32 251/2/32
f 247/2/33 260/2/33 259/2/33
f 262/2/34 251/2/34 250/2/34
f 263/2/35 260/2/35 264/2/35
f 259/2/36 254/2/36 253/2/36
f 256/2/37 263/2/37 262/2/37
f 255/2/38 258/2/38 257/2/38
f 253/2/39 242/2/39 241/2/39
f 245/2/40 257/2/40 256/2/40
f 259/2/41 241/2/41 247/2/41
f 246/2/20 248/2/20 243/2/20
f 257/2/42 242/2/42 255/2/42
f 250/2/43 256/2/43 262/2/43
f 251/2/44 260/2/44 249/2/44
f 263/2/17 254/2/17 261/2/17
f 265/2/59 266/2/59 267/2/59
f 268/2/53 269/2/53 270/2/53
f 271/2/54 272/2/54 273/2/54
f 274/2/48 275/2/48 276/2/48
f 277/2/57 278/2/57 279/2/57
f 280/2/50 281/2/50 282/2/50
f 283/2/51 284/2/51 285/2/51
f 286/2/52 287/2/52 288/2/52
f 265/2/29 272/2/29 271/2/29
f 266/2/30 270/2/30 267/2/30
f 274/2/31 270/2/31 269/2/31
f 273/2/32 276/2/32 275/2/32
f 271/2/33 284/2/33 283/2/33
f 286/2/34 275/2/34 274/2/34
f 287/2/35 284/2/35 288/2/35
f 283/2/36 278/2/36 277/2/36
f 280/2/37 287/2/37 286/2/37
f 279/2/38 282/2/38 281/2/38
f 277/2/39 266/2/39 265/2/39
f 269/2/40 281/2/40 280/2/40
f 283/2/41 265/2/41 271/2/41
f 270/2/20 272/2/20 267/2/20
f 281/2/42 266/2/42 279/2/42
f 274/2/43 280/2/43 286/2/43
f 275/2/44 284/2/44 273/2/44
f 287/2/17 278/2/17 285/2/17
f 289/2/45 290/2/45 291/2/45
f 292/2/60 293/2/60 294/2/60
f 295/2/23 296/2/23 297/2/23
f 298/2/61 299/2/61 300/2/61
f 301/2/49 302/2/49 303/2/49
f 304/2/62 305/2/62 306/2/62
f 307/2/63 308/2/63 309/2/63
f 310/2/28 311/2/28 312/2/28
f 289/2/29 296/2/29 295/2/29
f 290/2/30 294/2/30 291/2/30
f 298/2/31 294/2/31 293/2/31
f 297/2/32 300/2/32 299/2/32
f 295/2/33 308/2/33 307/2/33
f 310/2/34 299/2/34 298/2/34
f 311/2/35 308/2/35 312/2/35
f 307/2/36 302/2/36 301/2/36
f 304/2/37 311/2/37 310/2/37
f 303/2/38 306/2/38 305/2/38
f 301/2/39 290/2/39 289/2/39
f 293/2/40 305/2/40 304/2/40
f 307/2/41 289/2/41 295/2/41
f 294/2/20 296/2/20 291/2/20
f 305/2/42 290/2/42 303/2/42
f 298/2/43 304/2/43 310/2/43
f 299/2/44 308/2/44 297/2/44
f 311/2/17 302/2/17 309/2/17
f 313/4/64 314/4/64 315/4/64
f 316/4/53 317/4/53 318/4/53
f 319/4/54 320/4/54 321/4/54
f 322/4/56 323/4/56 324/4/56
f 325/4/65 326/4/65 327/4/65
f 328/4/58 329/4/58 330/4/58
f 331/4/51 332/4/51 333/4/51
f 334/4/55 335/4/55 336/4/55
f 313/4/29 320/4/29 319/4/29
f 316/4/30 315/4/30 314/4/30
f 317/4/31 324/4/31 318/4/31
f 321/4/32 324/4/32 323/4/32
f 319/4/33 332/4/33 331/4/33
f 334/4/34 323/4/34 322/4/34
f 335/4/35 332/4/35 336/4/35
f 325/4/36 333/4/36 326/4/36
f 328/4/37 335/4/37 334/4/37
f 329/4/38 326/4/38 330/4/38
f 325/4/39 314/4/39 313/4/39
f 317/4/40 329/4/40 328/4/40
f 331/4/41 313/4/41 319/4/41
f 315/4/20 324/4/20 320/4/20
f 329/4/42 314/4/42 327/4/42
f 322/4/43 328/4/43 334/4/43
f 323/4/44 332/4/44 321/4/44
f 335/4/17 326/4/17 333/4/17
f 337/2/66 338/2/66 339/2/66
f 340/2/53 341/2/53 342/2/53
f 343/2/23 344/2/23 345/2/23
f 346/2/61 347/2/61 348/2/61
f 349/2/67 350/2/67 351/2/67
f 352/2/68 353/2/68 354/2/68
f 355/2/27 356/2/27 357/2/27
f 358/2/28 359/2/28 360/2/28
f 343/2/29 339/2/29 344/2/29
f 340/2/30 339/2/30 338/2/30
f 346/2/31 342/2/31 341/2/31
f 345/2/32 348/2/32 347/2/32
f 343/2/33 356/2/33 355/2/33
f 358/2/34 347/2/34 346/2/34
f 359/2/35 356/2/35 360/2/35
f 355/2/36 350/2/36 349/2/36
f 358/2/37 354/2/37 359/2/37
f 353/2/38 350/2/38 354/2/38
f 349/2/39 338/2/39 337/2/39
f 341/2/40 353/2/40 352/2/40
f 355/2/41 337/2/41 343/2/41
f 339/2/20 348/2/20 344/2/20
f 353/2/42 338/2/42 351/2/42
f 346/2/43 352/2/43 358/2/43
f 347/2/44 356/2/44 345/2/44
f 359/2/17 350/2/17 357/2/17
f 361/1/69 364/1/69 363/1/69
f 364/1/70 365/1/70 363/1/70
f 365/1/71 368/1/71 367/1/71
f 368/1/72 369/1/72 367/1/72
f 369/1/73 372/1/73 371/1/73
f 372/1/74 373/1/74 371/1/74
f 366/1/75 362/1/75 374/1/75
f 373/1/76 376/1/76 375/1/76
f 376/1/77 361/1/77 375/1/77
f 363/1/78 367/1/78 371/1/78
f 377/2/79 380/2/79 379/2/79
f 380/2/80 381/2/80 379/2/80
f 381/2/81 384/2/81 383/2/81
f 384/2/82 385/2/82 383/2/82
f 385/2/83 388/2/83 387/2/83
f 388/2/84 389/2/84 387/2/84
f 390/2/85 386/2/85 382/2/85
f 390/2/86 391/2/86 389/2/86
f 392/2/87 377/2/87 391/2/87
f 391/2/88 379/2/88 383/2/88
f 393/1/89 396/1/89 395/1/89
f 396/1/90 397/1/90 395/1/90
f 398/1/91 399/1/91 397/1/91
f 400/1/92 401/1/92 399/1/92
f 401/1/93 404/1/93 403/1/93
f 404/1/94 405/1/94 403/1/94
f 394/1/95 406/1/95 402/1/95
f 405/1/96 408/1/96 407/1/96
f 407/1/97 394/1/97 393/1/97
f 407/1/98 395/1/98 399/1/98
f 409/4/66 410/4/66 411/4/66
f 412/4/46 413/4/46 414/4/46
f 415/4/23 416/4/23 417/4/23
f 418/4/24 419/4/24 420/4/24
f 421/4/67 422/4/67 423/4/67
f 424/4/58 425/4/58 426/4/58
f 427/4/27 428/4/27 429/4/27
f 430/4/99 431/4/99 432/4/99
f 409/4/29 416/4/29 415/4/29
f 412/4/30 411/4/30 410/4/30
f 413/4/31 420/4/31 414/4/31
f 417/4/32 420/4/32 419/4/32
f 415/4/33 428/4/33 427/4/33
f 430/4/34 419/4/34 418/4/34
f 431/4/35 428/4/35 432/4/35
f 421/4/36 429/4/36 422/4/36
f 424/4/37 431/4/37 430/4/37
f 425/4/38 422/4/38 426/4/38
f 421/4/39 410/4/39 409/4/39
f 413/4/40 425/4/40 424/4/40
f 427/4/41 409/4/41 415/4/41
f 411/4/20 420/4/20 416/4/20
f 425/4/42 410/4/42 423/4/42
f 418/4/43 424/4/43 430/4/43
f 419/4/44 428/4/44 417/4/44
f 431/4/17 422/4/17 429/4/17
f 433/2/66 434/2/66 435/2/66
f 436/2/53 437/2/53 438/2/53
f 439/2/23 440/2/23 441/2/23
f 442/2/61 443/2/61 444/2/61
f 445/2/67 446/2/67 447/2/67
f 448/2/68 449/2/68 450/2/68
f 451/2/27 452/2/27 453/2/27
f 454/2/28 455/2/28 456/2/28
f 439/2/29 435/2/29 440/2/29
f 436/2/30 435/2/30 434/2/30
f 442/2/31 438/2/31 437/2/31
f 441/2/32 444/2/32 443/2/32
f 439/2/33 452/2/33 451/2/33
f 454/2/34 443/2/34 442/2/34
f 455/2/35 452/2/35 456/2/35
f 451/2/36 446/2/36 445/2/36
f 454/2/37 450/2/37 455/2/37
f 449/2/38 446/2/38 450/2/38
f 445/2/39 434/2/39 433/2/39
f 437/2/40 449/2/40 448/2/40
f 451/2/41 433/2/41 439/2/41
f 435/2/20 444/2/20 440/2/20
f 449/2/42 434/2/42 447/2/42
f 442/2/43 448/2/43 454/2/43
f 443/2/44 452/2/44 441/2/44
f 455/2/17 446/2/17 453/2/17
f 457/1/100 460/1/100 459/1/100
f 460/1/101 461/1/101 459/1/101
f 461/1/102 464/1/102 463/1/102
f 464/1/103 465/1/103 463/1/103
f 465/1/104 468/1/104 467/1/104
f 468/1/105 469/1/105 467/1/105
f 464/1/106 462/1/106 470/1/106
f 469/1/107 472/1/107 471/1/107
f 472/1/108 457/1/108 471/1/108
f 471/1/109 459/1/109 463/1/109
f 473/2/110 476/2/110 475/2/110
f 475/2/111 478/2/111 477/2/111
f 478/2/112 479/2/112 477/2/112
f 480/2/113 481/2/113 479/2/113
f 481/2/114 484/2/114 483/2/114
f 484/2/115 485/2/115 483/2/115
f 486/2/116 482/2/116 478/2/116
f 486/2/117 487/2/117 485/2/117
f 488/2/118 473/2/118 487/2/118
f 485/2/119 487/2/119 479/2/119
f 490/1/120 491/1/120 489/1/120
f 492/1/121 493/1/121 491/1/121
f 493/1/122 496/1/122 495/1/122
f 496/1/123 497/1/123 495/1/123
f 497/1/124 500/1/124 499/1/124
f 499/1/125 502/1/125 501/1/125
f 494/1/126 490/1/126 502/1/126
f 501/1/127 504/1/127 503/1/127
f 504/1/128 489/1/128 503/1/128
f 501/1/129 503/1/129 495/1/129
f 506/2/11 507/2/11 505/2/11
f 508/2/12 509/2/12 507/2/12
f 510/2/13 511/2/13 509/2/13
f 512/2/14 513/2/14 511/2/14
f 514/2/15 515/2/15 513/2/15
f 516/2/16 517/2/16 515/2/16
f 518/2/17 514/2/17 510/2/17
f 518/2/18 519/2/18 517/2/18
f 520/2/19 505/2/19 519/2/19
f 517/2/20 519/2/20 511/2/20
f 521/2/11 524/2/11 523/2/11
f 524/2/12 525/2/12 523/2/12
f 526/2/13 527/2/13 525/2/13
f 528/2/14 529/2/14 527/2/14
f 530/2/15 531/2/15 529/2/15
f 532/2/16 533/2/16 531/2/16
f 528/2/17 526/2/17 534/2/17
f 534/2/18 535/2/18 533/2/18
f 535/2/19 522/2/19 521/2/19
f 533/2/20 535/2/20 527/2/20
f 537/4/130 538/4/130 539/4/130
f 540/4/131 541/4/131 542/4/131
f 543/4/132 544/4/132 545/4/132
f 546/4/133 547/4/133 548/4/133
f 549/4/134 550/4/134 551/4/134
f 552/4/135 553/4/135 554/4/135
f 555/4/136 556/4/136 557/4/136
f 558/4/137 559/4/137 560/4/137
f 537/4/138 544/4/138 543/4/138
f 538/4/139 542/4/139 539/4/139
f 546/4/140 542/4/140 541/4/140
f 547/4/141 544/4/141 548/4/141
f 555/4/142 545/4/142 556/4/142
f 546/4/143 560/4/143 547/4/143
f 557/4/144 560/4/144 559/4/144
f 549/4/145 557/4/145 550/4/145
f 552/4/146 559/4/146 558/4/146
f 551/4/147 554/4/147 553/4/147
f 549/4/148 538/4/148 537/4/148
f 552/4/149 540/4/149 553/4/149
f 555/4/150 537/4/150 543/4/150
f 542/4/151 544/4/151 539/4/151
f 553/4/152 538/4/152 551/4/152
f 558/4/153 541/4/153 552/4/153
f 545/4/154 560/4/154 556/4/154
f 557/4/155 554/4/155 550/4/155
f 561/2/156 562/2/156 563/2/156
f 564/2/157 565/2/157 566/2/157
f 567/2/158 568/2/158 569/2/158
f 570/2/159 571/2/159 572/2/159
f 573/2/160 574/2/160 575/2/160
f 576/2/161 577/2/161 578/2/161
f 579/2/162 580/2/162 581/2/162
f 582/2/163 583/2/163 584/2/163
f 567/2/164 563/2/164 568/2/164
f 562/2/165 566/2/165 563/2/165
f 570/2/166 566/2/166 565/2/166
f 571/2/167 568/2/167 572/2/167
f 567/2/168 580/2/168 579/2/168
f 582/2/169 571/2/169 570/2/169
f 581/2/170 584/2/170 583/2/170
f 579/2/171 574/2/171 573/2/171
f 582/2/172 578/2/172 583/2/172
f 575/2/173 578/2/173 577/2/173
f 573/2/174 562/2/174 561/2/174
f 565/2/175 577/2/175 576/2/175
f 579/2/176 561/2/176 567/2/176
f 566/2/20 568/2/20 563/2/20
f 577/2/177 562/2/177 575/2/177
f 570/2/178 576/2/178 582/2/178
f 571/2/179 580/2/179 569/2/179
f 581/2/17 578/2/17 574/2/17
f 585/2/180 586/2/180 587/2/180
f 588/2/157 589/2/157 590/2/157
f 591/2/158 592/2/158 593/2/158
f 594/2/181 595/2/181 596/2/181
f 597/2/160 598/2/160 599/2/160
f 600/2/161 601/2/161 602/2/161
f 603/2/162 604/2/162 605/2/162
f 606/2/163 607/2/163 608/2/163
f 591/2/164 587/2/164 592/2/164
f 586/2/165 590/2/165 587/2/165
f 594/2/182 590/2/182 589/2/182
f 595/2/167 592/2/167 596/2/167
f 591/2/168 604/2/168 603/2/168
f 606/2/169 595/2/169 594/2/169
f 605/2/170 608/2/170 607/2/170
f 603/2/183 598/2/183 597/2/183
f 606/2/172 602/2/172 607/2/172
f 599/2/173 602/2/173 601/2/173
f 597/2/174 586/2/174 585/2/174
f 589/2/175 601/2/175 600/2/175
f 603/2/176 585/2/176 591/2/176
f 590/2/20 592/2/20 587/2/20
f 601/2/177 586/2/177 599/2/177
f 594/2/178 600/2/178 606/2/178
f 595/2/179 604/2/179 593/2/179
f 605/2/17 602/2/17 598/2/17
f 609/2/180 610/2/180 611/2/180
f 612/2/157 613/2/157 614/2/157
f 615/2/158 616/2/158 617/2/158
f 618/2/181 619/2/181 620/2/181
f 621/2/160 622/2/160 623/2/160
f 624/2/161 625/2/161 626/2/161
f 627/2/162 628/2/162 629/2/162
f 630/2/184 631/2/184 632/2/184
f 615/2/164 611/2/164 616/2/164
f 610/2/165 614/2/165 611/2/165
f 618/2/182 614/2/182 613/2/182
f 619/2/167 616/2/167 620/2/167
f 615/2/168 628/2/168 627/2/168
f 630/2/169 619/2/169 618/2/169
f 629/2/170 632/2/170 631/2/170
f 627/2/183 622/2/183 621/2/183
f 630/2/172 626/2/172 631/2/172
f 623/2/173 626/2/173 625/2/173
f 621/2/174 610/2/174 609/2/174
f 613/2/175 625/2/175 624/2/175
f 627/2/176 609/2/176 615/2/176
f 614/2/20 616/2/20 611/2/20
f 625/2/177 610/2/177 623/2/177
f 618/2/178 624/2/178 630/2/178
f 619/2/179 628/2/179 617/2/179
f 629/2/17 626/2/17 622/2/17
f 633/5/185 634/5/185 635/5/185
f 636/5/186 637/5/186 638/5/186
f 639/5/187 640/5/187 641/5/187
f 642/5/188 643/5/188 644/5/188
f 645/5/189 646/5/189 647/5/189
f 648/5/190 649/5/190 650/5/190
f 651/5/191 652/5/191 653/5/191
f 654/5/192 655/5/192 656/5/192
f 639/5/193 635/5/193 640/5/193
f 634/5/194 638/5/194 635/5/194
f 642/5/195 638/5/195 637/5/195
f 641/5/196 644/5/196 643/5/196
f 651/5/197 641/5/197 652/5/197
f 654/5/198 643/5/198 642/5/198
f 653/5/199 656/5/199 655/5/199
f 645/5/200 653/5/200 646/5/200
f 648/5/201 655/5/201 654/5/201
f 649/5/202 646/5/202 650/5/202
f 633/5/203 647/5/203 634/5/203
f 637/5/204 649/5/204 648/5/204
f 651/5/41 633/5/41 639/5/41
f 638/5/205 640/5/205 635/5/205
f 649/5/206 634/5/206 647/5/206
f 642/5/43 648/5/43 654/5/43
f 641/5/207 656/5/207 652/5/207
f 653/5/208 650/5/208 646/5/208
f 657/6/45 658/6/45 659/6/45
f 660/6/60 661/6/60 662/6/60
f 663/6/209 664/6/209 665/6/209
f 666/6/210 667/6/210 668/6/210
f 669/6/49 670/6/49 671/6/49
f 672/6/62 673/6/62 674/6/62
f 675/6/211 676/6/211 677/6/211
f 678/6/212 679/6/212 680/6/212
f 657/6/29 664/6/29 663/6/29
f 660/6/30 659/6/30 658/6/30
f 661/6/31 668/6/31 662/6/31
f 665/6/32 668/6/32 667/6/32
f 663/6/33 676/6/33 675/6/33
f 678/6/34 667/6/34 666/6/34
f 679/6/35 676/6/35 680/6/35
f 675/6/36 670/6/36 669/6/36
f 672/6/37 679/6/37 678/6/37
f 671/6/38 674/6/38 673/6/38
f 669/6/39 658/6/39 657/6/39
f 661/6/40 673/6/40 672/6/40
f 675/6/41 657/6/41 663/6/41
f 662/6/20 664/6/20 659/6/20
f 673/6/42 658/6/42 671/6/42
f 666/6/43 672/6/43 678/6/43
f 667/6/44 676/6/44 665/6/44
f 679/6/17 670/6/17 677/6/17
f 681/4/213 682/4/213 683/4/213
f 684/4/214 685/4/214 686/4/214
f 687/4/215 688/4/215 689/4/215
f 690/4/216 691/4/216 692/4/216
f 693/4/217 694/4/217 695/4/217
f 696/4/218 697/4/218 698/4/218
f 699/4/219 700/4/219 701/4/219
f 702/4/220 703/4/220 704/4/220
f 687/4/221 683/4/221 688/4/221
f 682/4/222 686/4/222 683/4/222
f 690/4/223 686/4/223 685/4/223
f 691/4/224 688/4/224 692/4/224
f 699/4/225 689/4/225 700/4/225
f 702/4/226 691/4/226 690/4/226
f 703/4/227 700/4/227 704/4/227
f 693/4/228 701/4/228 694/4/228
f 702/4/229 698/4/229 703/4/229
f 695/4/230 698/4/230 697/4/230
f 681/4/231 695/4/231 682/4/231
f 685/4/232 697/4/232 696/4/232
f 699/4/233 681/4/233 687/4/233
f 683/4/234 692/4/234 688/4/234
f 697/4/235 682/4/235 695/4/235
f 702/4/236 685/4/236 696/4/236
f 689/4/237 704/4/237 700/4/237
f 701/4/238 698/4/238 694/4/238
f 705/2/239 708/2/239 707/2/239
f 708/2/240 709/2/240 707/2/240
f 709/2/241 712/2/241 711/2/241
f 712/2/242 713/2/242 711/2/242
f 714/2/243 715/2/243 713/2/243
f 715/2/244 718/2/244 717/2/244
f 712/2/245 710/2/245 718/2/245
f 718/2/246 719/2/246 717/2/246
f 719/2/247 706/2/247 705/2/247
f 715/2/248 717/2/248 719/2/248
f 721/7/45 722/7/45 723/7/45
f 724/7/249 725/7/249 726/7/249
f 727/7/23 728/7/23 729/7/23
f 730/7/250 731/7/250 732/7/250
f 733/7/49 734/7/49 735/7/49
f 736/7/62 737/7/62 738/7/62
f 739/7/27 740/7/27 741/7/27
f 742/7/28 743/7/28 744/7/28
f 721/7/29 728/7/29 727/7/29
f 724/7/30 723/7/30 722/7/30
f 730/7/31 726/7/31 725/7/31
f 731/7/32 728/7/32 732/7/32
f 727/7/33 740/7/33 739/7/33
f 742/7/34 731/7/34 730/7/34
f 741/7/35 744/7/35 743/7/35
f 733/7/36 741/7/36 734/7/36
f 742/7/37 738/7/37 743/7/37
f 737/7/38 734/7/38 738/7/38
f 733/7/39 722/7/39 721/7/39
f 725/7/40 737/7/40 736/7/40
f 739/7/41 721/7/41 727/7/41
f 726/7/20 728/7/20 723/7/20
f 737/7/42 722/7/42 735/7/42
f 730/7/43 736/7/43 742/7/43
f 731/7/44 740/7/44 729/7/44
f 741/7/17 738/7/17 734/7/17
f 745/1/251 746/1/251 747/1/251
f 748/1/252 749/1/252 750/1/252
f 751/1/253 752/1/253 753/1/253
f 754/1/254 755/1/254 756/1/254
f 757/1/255 758/1/255 759/1/255
f 760/1/256 761/1/256 762/1/256
f 763/1/257 764/1/257 765/1/257
f 766/1/258 767/1/258 768/1/258
f 745/1/259 752/1/259 751/1/259
f 748/1/260 747/1/260 746/1/260
f 754/1/261 750/1/261 749/1/261
f 755/1/262 752/1/262 756/1/262
f 751/1/263 764/1/263 763/1/263
f 766/1/264 755/1/264 754/1/264
f 765/1/265 768/1/265 767/1/265
f 763/1/266 758/1/266 757/1/266
f 760/1/267 767/1/267 766/1/267
f 761/1/268 758/1/268 762/1/268
f 757/1/269 746/1/269 745/1/269
f 749/1/270 761/1/270 760/1/270
f 763/1/271 745/1/271 751/1/271
f 747/1/20 756/1/20 752/1/20
f 761/1/272 746/1/272 759/1/272
f 754/1/273 760/1/273 766/1/273
f 755/1/274 764/1/274 753/1/274
f 767/1/17 758/1/17 765/1/17
f 769/7/45 770/7/45 771/7/45
f 772/7/60 773/7/60 774/7/60
f 775/7/23 776/7/23 777/7/23
f 778/7/61 779/7/61 780/7/61
f 781/7/49 782/7/49 783/7/49
f 784/7/68 785/7/68 786/7/68
f 787/7/27 788/7/27 789/7/27
f 790/7/275 791/7/275 792/7/275
f 769/7/29 776/7/29 775/7/29
f 772/7/30 771/7/30 770/7/30
f 778/7/31 774/7/31 773/7/31
f 779/7/32 776/7/32 780/7/32
f 775/7/33 788/7/33 787/7/33
f 790/7/34 779/7/34 778/7/34
f 789/7/35 792/7/35 791/7/35
f 781/7/36 789/7/36 782/7/36
f 790/7/37 786/7/37 791/7/37
f 785/7/38 782/7/38 786/7/38
f 781/7/39 770/7/39 769/7/39
f 773/7/40 785/7/40 784/7/40
f 787/7/41 769/7/41 775/7/41
f 774/7/20 776/7/20 771/7/20
f 785/7/42 770/7/42 783/7/42
f 778/7/43 784/7/43 790/7/43
f 779/7/44 788/7/44 777/7/44
f 789/7/17 786/7/17 782/7/17
f 793/1/276 794/1/276 795/1/276
f 796/1/252 797/1/252 798/1/252
f 799/1/253 800/1/253 801/1/253
f 802/1/254 803/1/254 804/1/254
f 805/1/277 806/1/277 807/1/277
f 808/1/256 809/1/256 810/1/256
f 811/1/257 812/1/257 813/1/257
f 814/1/258 815/1/258 816/1/258
f 793/1/259 800/1/259 799/1/259
f 796/1/260 795/1/260 794/1/260
f 802/1/261 798/1/261 797/1/261
f 803/1/262 800/1/262 804/1/262
f 799/1/263 812/1/263 811/1/263
f 814/1/264 803/1/264 802/1/264
f 813/1/265 816/1/265 815/1/265
f 811/1/266 806/1/266 805/1/266
f 808/1/267 815/1/267 814/1/267
f 809/1/268 806/1/268 810/1/268
f 805/1/269 794/1/269 793/1/269
f 797/1/270 809/1/270 808/1/270
f 811/1/271 793/1/271 799/1/271
f 795/1/20 804/1/20 800/1/20
f 809/1/272 794/1/272 807/1/272
f 802/1/273 808/1/273 814/1/273
f 803/1/274 812/1/274 801/1/274
f 815/1/17 806/1/17 813/1/17
f 817/1/21 818/1/21 819/1/21
f 820/1/60 821/1/60 822/1/60
f 823/1/23 824/1/23 825/1/23
f 826/1/278 827/1/278 828/1/278
f 829/1/67 830/1/67 831/1/67
f 832/1/26 833/1/26 834/1/26
f 835/1/63 836/1/63 837/1/63
f 838/1/275 839/1/275 840/1/275
f 817/1/29 824/1/29 823/1/29
f 820/1/30 819/1/30 818/1/30
f 826/1/31 822/1/31 821/1/31
f 825/1/32 828/1/32 827/1/32
f 823/1/33 836/1/33 835/1/33
f 838/1/34 827/1/34 826/1/34
f 839/1/35 836/1/35 840/1/35
f 829/1/36 837/1/36 830/1/36
f 832/1/37 839/1/37 838/1/37
f 833/1/38 830/1/38 834/1/38
f 829/1/39 818/1/39 817/1/39
f 821/1/40 833/1/40 832/1/40
f 835/1/41 817/1/41 823/1/41
f 819/1/20 828/1/20 824/1/20
f 833/1/42 818/1/42 831/1/42
f 826/1/43 832/1/43 838/1/43
f 827/1/44 836/1/44 825/1/44
f 839/1/17 830/1/17 837/1/17
f 842/7/279 843/7/279 841/7/279
f 843/7/280 846/7/280 845/7/280
f 846/7/281 847/7/281 845/7/281
f 848/7/282 849/7/282 847/7/282
f 849/7/283 852/7/283 851/7/283
f 851/7/284 854/7/284 853/7/284
f 854/7/285 855/7/285 853/7/285
f 856/7/286 857/7/286 855/7/286
f 857/7/287 860/7/287 859/7/287
f 860/7/288 861/7/288 859/7/288
f 862/7/34 854/7/34 846/7/34
f 862/7/289 863/7/289 861/7/289
f 863/7/290 842/7/290 841/7/290
f 847/7/39 855/7/39 863/7/39
f 866/2/291 867/2/291 865/2/291
f 867/2/292 870/2/292 869/2/292
f 870/2/293 871/2/293 869/2/293
f 871/2/294 874/2/294 873/2/294
f 874/2/295 875/2/295 873/2/295
f 875/2/296 878/2/296 877/2/296
f 878/2/297 874/2/297 870/2/297
f 878/2/298 879/2/298 877/2/298
f 879/2/299 866/2/299 865/2/299
f 875/2/300 877/2/300 879/2/300
f 881/1/59 882/1/59 883/1/59
f 884/1/301 885/1/301 886/1/301
f 887/1/23 888/1/23 889/1/23
f 890/1/210 891/1/210 892/1/210
f 893/1/57 894/1/57 895/1/57
f 896/1/302 897/1/302 898/1/302
f 899/1/27 900/1/27 901/1/27
f 902/1/212 903/1/212 904/1/212
f 881/1/29 888/1/29 887/1/29
f 882/1/30 886/1/30 883/1/30
f 885/1/31 892/1/31 886/1/31
f 889/1/32 892/1/32 891/1/32
f 887/1/33 900/1/33 899/1/33
f 902/1/34 891/1/34 890/1/34
f 901/1/35 904/1/35 903/1/35
f 893/1/36 901/1/36 894/1/36
f 896/1/37 903/1/37 902/1/37
f 895/1/38 898/1/38 897/1/38
f 893/1/39 882/1/39 881/1/39
f 885/1/40 897/1/40 896/1/40
f 899/1/41 881/1/41 887/1/41
f 886/1/20 888/1/20 883/1/20
f 897/1/42 882/1/42 895/1/42
f 890/1/43 896/1/43 902/1/43
f 891/1/44 900/1/44 889/1/44
f 901/1/17 898/1/17 894/1/17
f 905/2/303 906/2/303 907/2/303
f 908/2/249 909/2/249 910/2/249
f 911/2/304 912/2/304 913/2/304
f 914/2/24 915/2/24 916/2/24
f 917/2/67 918/2/67 919/2/67
f 920/2/50 921/2/50 922/2/50
f 923/2/305 924/2/305 925/2/305
f 926/2/212 927/2/212 928/2/212
f 905/2/29 912/2/29 911/2/29
f 906/2/30 910/2/30 907/2/30
f 914/2/31 910/2/31 909/2/31
f 913/2/32 916/2/32 915/2/32
f 911/2/33 924/2/33 923/2/33
f 926/2/34 915/2/34 914/2/34
f 927/2/35 924/2/35 928/2/35
f 923/2/36 918/2/36 917/2/36
f 920/2/37 927/2/37 926/2/37
f 919/2/38 922/2/38 921/2/38
f 917/2/39 906/2/39 905/2/39
f 909/2/40 921/2/40 920/2/40
f 923/2/41 905/2/41 911/2/41
f 910/2/20 912/2/20 907/2/20
f 921/2/42 906/2/42 919/2/42
f 914/2/43 920/2/43 926/2/43
f 915/2/44 924/2/44 913/2/44
f 927/2/17 918/2/17 925/2/17
f 930/6/306 931/6/306 929/6/306
f 932/6/17 933/6/17 931/6/17
f 934/6/307 935/6/307 933/6/307
f 936/6/308 937/6/308 935/6/308
f 936/6/43 934/6/43 930/6/43
f 938/6/20 939/6/20 937/6/20
f 939/6/309 930/6/309 929/6/309
f 931/6/41 935/6/41 939/6/41
f 941/6/306 944/6/306 943/6/306
f 944/6/17 945/6/17 943/6/17
f 946/6/307 947/6/307 945/6/307
f 948/6/308 949/6/308 947/6/308
f 948/6/43 946/6/43 942/6/43
f 950/6/20 951/6/20 949/6/20
f 952/6/309 941/6/309 951/6/309
f 947/6/41 949/6/41 951/6/41
f 954/6/306 955/6/306 953/6/306
f 956/6/17 957/6/17 955/6/17
f 958/6/307 959/6/307 957/6/307
f 959/6/308 962/6/308 961/6/308
f 960/6/43 958/6/43 954/6/43
f 961/6/20 964/6/20 963/6/20
f 963/6/309 954/6/309 953/6/309
f 959/6/41 961/6/41 963/6/41
f 965/2/66 966/2/66 967/2/66
f 968/2/53 969/2/53 970/2/53
f 971/2/47 972/2/47 973/2/47
f 974/2/278 975/2/278 976/2/278
f 977/2/67 978/2/67 979/2/67
f 980/2/50 981/2/50 982/2/50
f 983/2/310 984/2/310 985/2/310
f 986/2/311 987/2/311 988/2/311
f 965/2/29 972/2/29 971/2/29
f 966/2/30 970/2/30 967/2/30
f 974/2/31 970/2/31 969/2/31
f 973/2/32 976/2/32 975/2/32
f 971/2/33 984/2/33 983/2/33
f 986/2/34 975/2/34 974/2/34
f 987/2/35 984/2/35 988/2/35
f 983/2/36 978/2/36 977/2/36
f 980/2/37 987/2/37 986/2/37
f 979/2/38 982/2/38 981/2/38
f 977/2/39 966/2/39 965/2/39
f 969/2/40 981/2/40 980/2/40
f 983/2/41 965/2/41 971/2/41
f 970/2/20 972/2/20 967/2/20
f 981/2/42 966/2/42 979/2/42
f 974/2/43 980/2/43 986/2/43
f 975/2/44 984/2/44 973/2/44
f 987/2/17 978/2/17 985/2/17
f 990/6/306 991/6/306 989/6/306
f 992/6/17 993/6/17 991/6/17
f 994/6/307 995/6/307 993/6/307
f 996/6/308 997/6/308 995/6/308
f 996/6/43 994/6/43 990/6/43
f 998/6/20 999/6/20 997/6/20
f 999/6/309 990/6/309 989/6/309
f 991/6/41 995/6/41 999/6/41
f 1001/6/306 1004/6/306 1003/6/306
f 1004/6/17 1005/6/17 1003/6/17
f 1006/6/307 1007/6/307 1005/6/307
f 1008/6/308 1009/6/308 1007/6/308
f 1008/6/43 1006/6/43 1002/6/43
f 1010/6/20 1011/6/20 1009/6/20
f 1012/6/309 1001/6/309 1011/6/309
f 1007/6/41 1009/6/41 1011/6/41
f 1014/6/306 1015/6/306 1013/6/306
f 1016/6/17 1017/6/17 1015/6/17
f 1018/6/307 1019/6/307 1017/6/307
f 1019/6/308 1022/6/308 1021/6/308
f 1020/6/43 1018/6/43 1014/6/43
f 1021/6/20 1024/6/20 1023/6/20
f 1023/6/309 1014/6/309 1013/6/309
f 1019/6/41 1021/6/41 1023/6/41
f 1025/3/312 1028/3/312 1027/3/312
f 1028/3/313 1029/3/313 1027/3/313
f 1029/3/314 1032/3/314 1031/3/314
f 1031/3/315 1034/3/315 1033/3/315
f 1034/3/316 1035/3/316 1033/3/316
f 1036/3/317 1037/3/317 1035/3/317
f 1026/3/318 1038/3/318 1034/3/318
f 1037/3/319 1040/3/319 1039/3/319
f 1040/3/320 1025/3/320 1039/3/320
f 1039/3/321 1027/3/321 1031/3/321
f 1042/3/312 1043/3/312 1041/3/312
f 1043/3/313 1046/3/313 1045/3/313
f 1046/3/314 1047/3/314 1045/3/314
f 1047/3/315 1050/3/315 1049/3/315
f 1050/3/316 1051/3/316 1049/3/316
f 1052/3/317 1053/3/317 1051/3/317
f 1046/3/318 1042/3/318 1054/3/318
f 1053/3/319 1056/3/319 1055/3/319
f 1056/3/320 1041/3/320 1055/3/320
f 1055/3/321 1043/3/321 1047/3/321
f 1058/3/312 1059/3/312 1057/3/312
f 1059/3/313 1062/3/313 1061/3/313
f 1062/3/314 1063/3/314 1061/3/314
f 1063/3/315 1066/3/315 1065/3/315
f 1066/3/316 1067/3/316 1065/3/316
f 1068/3/317 1069/3/317 1067/3/317
f 1070/3/318 1066/3/318 1062/3/318
f 1069/3/319 1072/3/319 1071/3/319
f 1071/3/320 1058/3/320 1057/3/320
f 1069/3/321 1071/3/321 1063/3/321
f 1073/3/322 1076/3/322 1075/3/322
f 1076/3/323 1077/3/323 1075/3/323
f 1078/3/324 1079/3/324 1077/3/324
f 1079/3/325 1082/3/325 1081/3/325
f 1082/3/326 1083/3/326 1081/3/326
f 1084/3/327 1085/3/327 1083/3/327
f 1074/3/328 1086/3/328 1082/3/328
f 1085/3/329 1088/3/329 1087/3/329
f 1088/3/330 1073/3/330 1087/3/330
f 1079/3/331 1083/3/331 1087/3/331
f 1090/3/322 1091/3/322 1089/3/322
f 1092/3/323 1093/3/323 1091/3/323
f 1093/3/324 1096/3/324 1095/3/324
f 1095/3/325 1098/3/325 1097/3/325
f 1098/3/326 1099/3/326 1097/3/326
f 1099/3/327 1102/3/327 1101/3/327
f 1096/3/328 1094/3/328 1102/3/328
f 1102/3/329 1103/3/329 1101/3/329
f 1104/3/330 1089/3/330 1103/3/330
f 1103/3/331 1091/3/331 1095/3/331
f 1106/3/322 1107/3/322 1105/3/322
f 1108/3/323 1109/3/323 1107/3/323
f 1109/3/324 1112/3/324 1111/3/324
f 1111/3/325 1114/3/325 1113/3/325
f 1114/3/326 1115/3/326 1113/3/326
f 1115/3/327 1118/3/327 1117/3/327
f 1112/3/328 1110/3/328 1118/3/328
f 1118/3/329 1119/3/329 1117/3/329
f 1119/3/330 1106/3/330 1105/3/330
f 1111/3/331 1115/3/331 1119/3/331
f 1122/4/332 1123/4/332 1121/4/332
f 1123/4/35 1126/4/35 1125/4/35
f 1125/4/333 1128/4/333 1127/4/333
f 1127/4/334 1130/4/334 1129/4/334
f 1130/4/38 1131/4/38 1129/4/38
f 1132/4/335 1133/4/335 1131/4/335
f 1133/4/336 1136/4/336 1135/4/336
f 1136/4/30 1137/4/30 1135/4/30
f 1138/4/337 1139/4/337 1137/4/337
f 1140/4/338 1141/4/338 1139/4/338
f 1122/4/43 1142/4/43 1134/4/43
f 1142/4/32 1143/4/32 1141/4/32
f 1143/4/339 1122/4/339 1121/4/339
f 1139/4/41 1143/4/41 1127/4/41
f 1145/7/332 1148/7/332 1147/7/332
f 1147/7/35 1150/7/35 1149/7/35
f 1149/7/333 1152/7/333 1151/7/333
f 1151/7/334 1154/7/334 1153/7/334
f 1153/7/38 1156/7/38 1155/7/38
f 1156/7/335 1157/7/335 1155/7/335
f 1158/7/336 1159/7/336 1157/7/336
f 1160/7/30 1161/7/30 1159/7/30
f 1162/7/337 1163/7/337 1161/7/337
f 1164/7/338 1165/7/338 1163/7/338
f 1154/7/43 1150/7/43 1166/7/43
f 1166/7/32 1167/7/32 1165/7/32
f 1168/7/339 1145/7/339 1167/7/339
f 1163/7/41 1167/7/41 1151/7/41
f 1169/2/21 1170/2/21 1171/2/21
f 1172/2/60 1173/2/60 1174/2/60
f 1175/2/209 1176/2/209 1177/2/209
f 1178/2/48 1179/2/48 1180/2/48
f 1181/2/340 1182/2/340 1183/2/340
f 1184/2/68 1185/2/68 1186/2/68
f 1187/2/51 1188/2/51 1189/2/51
f 1190/2/52 1191/2/52 1192/2/52
f 1169/2/29 1176/2/29 1175/2/29
f 1170/2/30 1174/2/30 1171/2/30
f 1173/2/31 1180/2/31 1174/2/31
f 1177/2/32 1180/2/32 1179/2/32
f 1175/2/33 1188/2/33 1187/2/33
f 1190/2/34 1179/2/34 1178/2/34
f 1189/2/35 1192/2/35 1191/2/35
f 1181/2/36 1189/2/36 1182/2/36
f 1184/2/37 1191/2/37 1190/2/37
f 1183/2/38 1186/2/38 1185/2/38
f 1181/2/39 1170/2/39 1169/2/39
f 1173/2/40 1185/2/40 1184/2/40
f 1187/2/41 1169/2/41 1175/2/41
f 1174/2/20 1176/2/20 1171/2/20
f 1185/2/42 1170/2/42 1183/2/42
f 1178/2/43 1184/2/43 1190/2/43
f 1179/2/44 1188/2/44 1177/2/44
f 1189/2/17 1186/2/17 1182/2/17
f 1193/7/303 1194/7/303 1195/7/303
f 1196/7/22 1197/7/22 1198/7/22
f 1199/7/341 1200/7/341 1201/7/341
f 1202/7/342 1203/7/342 1204/7/342
f 1205/7/25 1206/7/25 1207/7/25
f 1208/7/302 1209/7/302 1210/7/302
f 1211/7/343 1212/7/343 1213/7/343
f 1214/7/344 1215/7/344 1216/7/344
f 1193/7/29 1200/7/29 1199/7/29
f 1196/7/30 1195/7/30 1194/7/30
f 1202/7/31 1198/7/31 1197/7/31
f 1201/7/32 1204/7/32 1203/7/32
f 1199/7/345 1212/7/345 1211/7/345
f 1214/7/346 1203/7/346 1202/7/346
f 1213/7/35 1216/7/35 1215/7/35
f 1211/7/36 1206/7/36 1205/7/36
f 1214/7/37 1210/7/37 1215/7/37
f 1207/7/38 1210/7/38 1209/7/38
f 1205/7/347 1194/7/347 1193/7/347
f 1197/7/348 1209/7/348 1208/7/348
f 1211/7/41 1193/7/41 1199/7/41
f 1195/7/20 1204/7/20 1200/7/20
f 1209/7/42 1194/7/42 1207/7/42
f 1202/7/43 1208/7/43 1214/7/43
f 1203/7/44 1212/7/44 1201/7/44
f 1215/7/17 1206/7/17 1213/7/17
f 1217/7/66 1218/7/66 1219/7/66
f 1220/7/60 1221/7/60 1222/7/60
f 1223/7/349 1224/7/349 1225/7/349
f 1226/7/210 1227/7/210 1228/7/210
f 1229/7/350 1230/7/350 1231/7/350
f 1232/7/302 1233/7/302 1234/7/302
f 1235/7/310 1236/7/310 1237/7/310
f 1238/7/52 1239/7/52 1240/7/52
f 1217/7/29 1224/7/29 1223/7/29
f 1220/7/30 1219/7/30 1218/7/30
f 1226/7/31 1222/7/31 1221/7/31
f 1225/7/32 1228/7/32 1227/7/32
f 1223/7/345 1236/7/345 1235/7/345
f 1238/7/346 1227/7/346 1226/7/346
f 1237/7/35 1240/7/35 1239/7/35
f 1235/7/36 1230/7/36 1229/7/36
f 1238/7/37 1234/7/37 1239/7/37
f 1231/7/38 1234/7/38 1233/7/38
f 1229/7/347 1218/7/347 1217/7/347
f 1221/7/348 1233/7/348 1232/7/348
f 1235/7/41 1217/7/41 1223/7/41
f 1219/7/20 1228/7/20 1224/7/20
f 1233/7/42 1218/7/42 1231/7/42
f 1226/7/43 1232/7/43 1238/7/43
f 1227/7/44 1236/7/44 1225/7/44
f 1239/7/17 1230/7/17 1237/7/17
f 1241/7/303 1242/7/303 1243/7/303
f 1244/7/301 1245/7/301 1246/7/301
f 1247/7/341 1248/7/341 1249/7/341
f 1250/7/342 1251/7/342 1252/7/342
f 1253/7/25 1254/7/25 1255/7/25
f 1256/7/26 1257/7/26 1258/7/26
f 1259/7/310 1260/7/310 1261/7/310
f 1262/7/52 1263/7/52 1264/7/52
f 1241/7/29 1248/7/29 1247/7/29
f 1244/7/30 1243/7/30 1242/7/30
f 1250/7/31 1246/7/31 1245/7/31
f 1249/7/32 1252/7/32 1251/7/32
f 1247/7/345 1260/7/345 1259/7/345
f 1262/7/346 1251/7/346 1250/7/346
f 1261/7/35 1264/7/35 1263/7/35
f 1259/7/36 1254/7/36 1253/7/36
f 1262/7/37 1258/7/37 1263/7/37
f 1255/7/38 1258/7/38 1257/7/38
f 1253/7/347 1242/7/347 1241/7/347
f 1245/7/348 1257/7/348 1256/7/348
f 1259/7/41 1241/7/41 1247/7/41
f 1243/7/20 1252/7/20 1248/7/20
f 1257/7/42 1242/7/42 1255/7/42
f 1250/7/43 1256/7/43 1262/7/43
f 1251/7/44 1260/7/44 1249/7/44
f 1263/7/17 1254/7/17 1261/7/17
f 1265/7/303 1266/7/303 1267/7/303
f 1268/7/301 1269/7/301 1270/7/301
f 1271/7/47 1272/7/47 1273/7/47
f 1274/7/48 1275/7/48 1276/7/48
f 1277/7/25 1278/7/25 1279/7/25
f 1280/7/302 1281/7/302 1282/7/302
f 1283/7/310 1284/7/310 1285/7/310
f 1286/7/52 1287/7/52 1288/7/52
f 1265/7/29 1272/7/29 1271/7/29
f 1268/7/30 1267/7/30 1266/7/30
f 1274/7/31 1270/7/31 1269/7/31
f 1273/7/32 1276/7/32 1275/7/32
f 1271/7/345 1284/7/345 1283/7/345
f 1286/7/346 1275/7/346 1274/7/346
f 1285/7/35 1288/7/35 1287/7/35
f 1283/7/36 1278/7/36 1277/7/36
f 1286/7/37 1282/7/37 1287/7/37
f 1279/7/38 1282/7/38 1281/7/38
f 1277/7/347 1266/7/347 1265/7/347
f 1269/7/348 1281/7/348 1280/7/348
f 1283/7/41 1265/7/41 1271/7/41
f 1267/7/20 1276/7/20 1272/7/20
f 1281/7/42 1266/7/42 1279/7/42
f 1274/7/43 1280/7/43 1286/7/43
f 1275/7/44 1284/7/44 1273/7/44
f 1287/7/17 1278/7/17 1285/7/17
f 1289/7/303 1290/7/303 1291/7/303
f 1292/7/301 1293/7/301 1294/7/301
f 1295/7/47 1296/7/47 1297/7/47
f 1298/7/48 1299/7/48 1300/7/48
f 1301/7/25 1302/7/25 1303/7/25
f 1304/7/302 1305/7/302 1306/7/302
f 1307/7/310 1308/7/310 1309/7/310
f 1310/7/52 1311/7/52 1312/7/52
f 1289/7/29 1296/7/29 1295/7/29
f 1292/7/30 1291/7/30 1290/7/30
f 1298/7/31 1294/7/31 1293/7/31
f 1297/7/32 1300/7/32 1299/7/32
f 1295/7/345 1308/7/345 1307/7/345
f 1310/7/346 1299/7/346 1298/7/346
f 1309/7/35 1312/7/35 1311/7/35
f 1307/7/36 1302/7/36 1301/7/36
f 1310/7/37 1306/7/37 1311/7/37
f 1303/7/38 1306/7/38 1305/7/38
f 1301/7/347 1290/7/347 1289/7/347
f 1293/7/348 1305/7/348 1304/7/348
f 1307/7/41 1289/7/41 1295/7/41
f 1291/7/20 1300/7/20 1296/7/20
f 1305/7/42 1290/7/42 1303/7/42
f 1298/7/43 1304/7/43 1310/7/43
f 1299/7/44 1308/7/44 1297/7/44
f 1311/7/17 1302/7/17 1309/7/17
f 1313/7/303 1314/7/303 1315/7/303
f 1316/7/301 1317/7/301 1318/7/301
f 1319/7/47 1320/7/47 1321/7/47
f 1322/7/48 1323/7/48 1324/7/48
f 1325/7/25 1326/7/25 1327/7/25
f 1328/7/302 1329/7/302 1330/7/302
f 1331/7/310 1332/7/310 1333/7/310
f 1334/7/52 1335/7/52 1336/7/52
f 1313/7/29 1320/7/29 1319/7/29
f 1316/7/30 1315/7/30 1314/7/30
f 1322/7/31 1318/7/31 1317/7/31
f 1321/7/32 1324/7/32 1323/7/32
f 1319/7/345 1332/7/345 1331/7/345
f 1334/7/346 1323/7/346 1322/7/346
f 1333/7/35 1336/7/35 1335/7/35
f 1331/7/36 1326/7/36 1325/7/36
f 1334/7/37 1330/7/37 1335/7/37
f 1327/7/38 1330/7/38 1329/7/38
f 1325/7/347 1314/7/347 1313/7/347
f 1317/7/348 1329/7/348 1328/7/348
f 1331/7/41 1313/7/41 1319/7/41
f 1315/7/20 1324/7/20 1320/7/20
f 1329/7/42 1314/7/42 1327/7/42
f 1322/7/43 1328/7/43 1334/7/43
f 1323/7/44 1332/7/44 1321/7/44
f 1335/7/17 1326/7/17 1333/7/17
f 1337/7/303 1338/7/303 1339/7/303
f 1340/7/301 1341/7/301 1342/7/301
f 1343/7/341 1344/7/341 1345/7/341
f 1346/7/342 1347/7/342 1348/7/342
f 1349/7/25 1350/7/25 1351/7/25
f 1352/7/302 1353/7/302 1354/7/302
f 1355/7/310 1356/7/310 1357/7/310
f 1358/7/52 1359/7/52 1360/7/52
f 1337/7/29 1344/7/29 1343/7/29
f 1340/7/30 1339/7/30 1338/7/30
f 1346/7/31 1342/7/31 1341/7/31
f 1345/7/32 1348/7/32 1347/7/32
f 1343/7/345 1356/7/345 1355/7/345
f 1358/7/346 1347/7/346 1346/7/346
f 1357/7/35 1360/7/35 1359/7/35
f 1355/7/36 1350/7/36 1349/7/36
f 1358/7/37 1354/7/37 1359/7/37
f 1351/7/38 1354/7/38 1353/7/38
f 1349/7/347 1338/7/347 1337/7/347
f 1341/7/348 1353/7/348 1352/7/348
f 1355/7/41 1337/7/41 1343/7/41
f 1339/7/20 1348/7/20 1344/7/20
f 1353/7/42 1338/7/42 1351/7/42
f 1346/7/43 1352/7/43 1358/7/43
f 1347/7/44 1356/7/44 1345/7/44
f 1359/7/17 1350/7/17 1357/7/17
f 1361/7/303 1362/7/303 1363/7/303
f 1364/7/301 1365/7/301 1366/7/301
f 1367/7/47 1368/7/47 1369/7/47
f 1370/7/48 1371/7/48 1372/7/48
f 1373/7/25 1374/7/25 1375/7/25
f 1376/7/302 1377/7/302 1378/7/302
f 1379/7/310 1380/7/310 1381/7/310
f 1382/7/52 1383/7/52 1384/7/52
f 1361/7/29 1368/7/29 1367/7/29
f 1364/7/30 1363/7/30 1362/7/30
f 1370/7/31 1366/7/31 1365/7/31
f 1369/7/32 1372/7/32 1371/7/32
f 1367/7/345 1380/7/345 1379/7/345
f 1382/7/346 1371/7/346 1370/7/346
f 1381/7/35 1384/7/35 1383/7/35
f 1379/7/36 1374/7/36 1373/7/36
f 1382/7/37 1378/7/37 1383/7/37
f 1375/7/38 1378/7/38 1377/7/38
f 1373/7/347 1362/7/347 1361/7/347
f 1365/7/348 1377/7/348 1376/7/348
f 1379/7/41 1361/7/41 1367/7/41
f 1363/7/20 1372/7/20 1368/7/20
f 1377/7/42 1362/7/42 1375/7/42
f 1370/7/43 1376/7/43 1382/7/43
f 1371/7/44 1380/7/44 1369/7/44
f 1383/7/17 1374/7/17 1381/7/17
f 1385/7/303 1386/7/303 1387/7/303
f 1388/7/22 1389/7/22 1390/7/22
f 1391/7/341 1392/7/341 1393/7/341
f 1394/7/342 1395/7/342 1396/7/342
f 1397/7/25 1398/7/25 1399/7/25
f 1400/7/26 1401/7/26 1402/7/26
f 1403/7/343 1404/7/343 1405/7/343
f 1406/7/344 1407/7/344 1408/7/344
f 1385/7/29 1392/7/29 1391/7/29
f 1388/7/30 1387/7/30 1386/7/30
f 1394/7/31 1390/7/31 1389/7/31
f 1393/7/32 1396/7/32 1395/7/32
f 1391/7/345 1404/7/345 1403/7/345
f 1406/7/346 1395/7/346 1394/7/346
f 1405/7/35 1408/7/35 1407/7/35
f 1403/7/36 1398/7/36 1397/7/36
f 1406/7/37 1402/7/37 1407/7/37
f 1399/7/38 1402/7/38 1401/7/38
f 1397/7/347 1386/7/347 1385/7/347
f 1389/7/348 1401/7/348 1400/7/348
f 1403/7/41 1385/7/41 1391/7/41
f 1387/7/20 1396/7/20 1392/7/20
f 1401/7/42 1386/7/42 1399/7/42
f 1394/7/43 1400/7/43 1406/7/43
f 1395/7/44 1404/7/44 1393/7/44
f 1407/7/17 1398/7/17 1405/7/17
f 1409/7/303 1410/7/303 1411/7/303
f 1412/7/22 1413/7/22 1414/7/22
f 1415/7/341 1416/7/341 1417/7/341
f 1418/7/342 1419/7/342 1420/7/342
f 1421/7/350 1422/7/350 1423/7/350
f 1424/7/26 1425/7/26 1426/7/26
f 1427/7/310 1428/7/310 1429/7/310
f 1430/7/52 1431/7/52 1432/7/52
f 1409/7/29 1416/7/29 1415/7/29
f 1412/7/30 1411/7/30 1410/7/30
f 1418/7/31 1414/7/31 1413/7/31
f 1417/7/32 1420/7/32 1419/7/32
f 1415/7/345 1428/7/345 1427/7/345
f 1430/7/346 1419/7/346 1418/7/346
f 1429/7/35 1432/7/35 1431/7/35
f 1427/7/36 1422/7/36 1421/7/36
f 1430/7/37 1426/7/37 1431/7/37
f 1423/7/38 1426/7/38 1425/7/38
f 1421/7/347 1410/7/347 1409/7/347
f 1413/7/348 1425/7/348 1424/7/348
f 1427/7/41 1409/7/41 1415/7/41
f 1411/7/20 1420/7/20 1416/7/20
f 1425/7/42 1410/7/42 1423/7/42
f 1418/7/43 1424/7/43 1430/7/43
f 1419/7/44 1428/7/44 1417/7/44
f 1431/7/17 1422/7/17 1429/7/17
f 1433/5/351 1434/5/351 1435/5/351
f 1436/5/352 1437/5/352 1438/5/352
f 1439/5/353 1440/5/353 1441/5/353
f 1442/5/354 1443/5/354 1444/5/354
f 1445/5/355 1446/5/355 1447/5/355
f 1448/5/356 1449/5/356 1450/5/356
f 1451/5/357 1452/5/357 1453/5/357
f 1454/5/358 1455/5/358 1456/5/358
f 1439/5/359 1435/5/359 1440/5/359
f 1436/5/360 1435/5/360 1434/5/360
f 1437/5/361 1444/5/361 1438/5/361
f 1443/5/362 1440/5/362 1444/5/362
f 1451/5/363 1441/5/363 1452/5/363
f 1454/5/364 1443/5/364 1442/5/364
f 1453/5/365 1456/5/365 1455/5/365
f 1445/5/366 1453/5/366 1446/5/366
f 1454/5/367 1450/5/367 1455/5/367
f 1449/5/368 1446/5/368 1450/5/368
f 1433/5/369 1447/5/369 1434/5/369
f 1437/5/370 1449/5/370 1448/5/370
f 1439/5/371 1445/5/371 1433/5/371
f 1438/5/372 1440/5/372 1435/5/372
f 1447/5/373 1436/5/373 1434/5/373
f 1454/5/374 1437/5/374 1448/5/374
f 1443/5/375 1452/5/375 1441/5/375
f 1453/5/376 1450/5/376 1446/5/376
f 1458/7/377 1459/7/377 1457/7/377
f 1460/7/37 1461/7/37 1459/7/37
f 1462/7/378 1463/7/378 1461/7/378
f 1464/7/379 1465/7/379 1463/7/379
f 1465/7/36 1468/7/36 1467/7/36
f 1468/7/380 1469/7/380 1467/7/380
f 1469/7/381 1472/7/381 1471/7/381
f 1472/7/29 1473/7/29 1471/7/29
f 1474/7/382 1475/7/382 1473/7/382
f 1476/7/383 1477/7/383 1475/7/383
f 1478/7/42 1470/7/42 1462/7/42
f 1477/7/31 1480/7/31 1479/7/31
f 1480/7/384 1457/7/384 1479/7/384
f 1463/7/44 1471/7/44 1479/7/44
f 1482/2/385 1483/2/385 1481/2/385
f 1483/2/386 1486/2/386 1485/2/386
f 1486/2/387 1487/2/387 1485/2/387
f 1487/2/388 1490/2/388 1489/2/388
f 1489/2/389 1492/2/389 1491/2/389
f 1492/2/390 1493/2/390 1491/2/390
f 1490/2/391 1488/2/391 1486/2/391
f 1494/2/392 1495/2/392 1493/2/392
f 1496/2/393 1481/2/393 1495/2/393
f 1493/2/394 1495/2/394 1487/2/394
f 1497/5/395 1498/5/395 1499/5/395
f 1500/5/396 1501/5/396 1502/5/396
f 1503/5/397 1504/5/397 1505/5/397
f 1506/5/398 1507/5/398 1508/5/398
f 1509/5/399 1510/5/399 1511/5/399
f 1512/5/400 1513/5/400 1514/5/400
f 1515/5/401 1516/5/401 1517/5/401
f 1518/5/402 1519/5/402 1520/5/402
f 1497/5/403 1504/5/403 1503/5/403
f 1500/5/404 1499/5/404 1498/5/404
f 1501/5/405 1508/5/405 1502/5/405
f 1507/5/406 1504/5/406 1508/5/406
f 1515/5/407 1505/5/407 1516/5/407
f 1506/5/408 1520/5/408 1507/5/408
f 1519/5/409 1516/5/409 1520/5/409
f 1509/5/410 1517/5/410 1510/5/410
f 1518/5/411 1514/5/411 1519/5/411
f 1511/5/412 1514/5/412 1513/5/412
f 1509/5/413 1498/5/413 1497/5/413
f 1501/5/414 1513/5/414 1512/5/414
f 1503/5/415 1509/5/415 1497/5/415
f 1499/5/151 1508/5/151 1504/5/151
f 1513/5/416 1498/5/416 1511/5/416
f 1506/5/417 1512/5/417 1518/5/417
f 1505/5/418 1520/5/418 1516/5/418
f 1519/5/155 1510/5/155 1517/5/155
f 1522/7/377 1523/7/377 1521/7/377
f 1524/7/37 1525/7/37 1523/7/37
f 1526/7/378 1527/7/378 1525/7/378
f 1528/7/379 1529/7/379 1527/7/379
f 1529/7/36 1532/7/36 1531/7/36
f 1532/7/380 1533/7/380 1531/7/380
f 1533/7/381 1536/7/381 1535/7/381
f 1536/7/29 1537/7/29 1535/7/29
f 1538/7/382 1539/7/382 1537/7/382
f 1540/7/383 1541/7/383 1539/7/383
f 1542/7/42 1534/7/42 1526/7/42
f 1541/7/31 1544/7/31 1543/7/31
f 1544/7/384 1521/7/384 1543/7/384
f 1527/7/44 1535/7/44 1543/7/44
f 1546/2/419 1547/2/419 1545/2/419
f 1548/2/420 1549/2/420 1547/2/420
f 1549/2/421 1552/2/421 1551/2/421
f 1552/2/422 1553/2/422 1551/2/422
f 1554/2/423 1555/2/423 1553/2/423
f 1556/2/424 1557/2/424 1555/2/424
f 1552/2/425 1550/2/425 1558/2/425
f 1557/2/426 1560/2/426 1559/2/426
f 1559/2/427 1546/2/427 1545/2/427
f 1557/2/428 1559/2/428 1551/2/428
f 1561/4/429 1562/4/429 1563/4/429
f 1564/4/430 1565/4/430 1566/4/430
f 1567/4/431 1568/4/431 1569/4/431
f 1570/4/432 1571/4/432 1572/4/432
f 1573/4/433 1574/4/433 1575/4/433
f 1576/4/434 1577/4/434 1578/4/434
f 1579/4/435 1580/4/435 1581/4/435
f 1582/4/436 1583/4/436 1584/4/436
f 1561/4/437 1568/4/437 1567/4/437
f 1564/4/438 1563/4/438 1562/4/438
f 1570/4/439 1566/4/439 1565/4/439
f 1571/4/440 1568/4/440 1572/4/440
f 1567/4/441 1580/4/441 1579/4/441
f 1582/4/442 1571/4/442 1570/4/442
f 1583/4/443 1580/4/443 1584/4/443
f 1579/4/444 1574/4/444 1573/4/444
f 1582/4/445 1578/4/445 1583/4/445
f 1575/4/446 1578/4/446 1577/4/446
f 1573/4/447 1562/4/447 1561/4/447
f 1576/4/448 1564/4/448 1577/4/448
f 1579/4/449 1561/4/449 1567/4/449
f 1563/4/450 1572/4/450 1568/4/450
f 1577/4/451 1562/4/451 1575/4/451
f 1570/4/452 1576/4/452 1582/4/452
f 1571/4/453 1580/4/453 1569/4/453
f 1583/4/454 1574/4/454 1581/4/454
f 1586/1/11 1587/1/11 1585/1/11
f 1588/1/12 1589/1/12 1587/1/12
f 1590/1/13 1591/1/13 1589/1/13
f 1592/1/14 1593/1/14 1591/1/14
f 1594/1/15 1595/1/15 1593/1/15
f 1596/1/16 1597/1/16 1595/1/16
f 1586/1/17 1598/1/17 1594/1/17
f 1598/1/18 1599/1/18 1597/1/18
f 1600/1/19 1585/1/19 1599/1/19
f 1595/1/20 1597/1/20 1599/1/20
f 1601/2/455 1604/2/455 1603/2/455
f 1603/2/33 1606/2/33 1605/2/33
f 1606/2/456 1607/2/456 1605/2/456
f 1608/2/457 1609/2/457 1607/2/457
f 1610/2/39 1611/2/39 1609/2/39
f 1612/2/458 1613/2/458 1611/2/458
f 1614/2/459 1615/2/459 1613/2/459
f 1616/2/40 1617/2/40 1615/2/40
f 1617/2/460 1620/2/460 1619/2/460
f 1620/2/461 1621/2/461 1619/2/461
f 1622/2/17 1614/2/17 1606/2/17
f 1621/2/34 1624/2/34 1623/2/34
f 1624/2/462 1601/2/462 1623/2/462
f 1607/2/20 1615/2/20 1623/2/20
f 1626/8/463 1627/8/463 1625/8/463
f 1628/8/464 1629/8/464 1627/8/464
f 1630/8/465 1631/8/465 1629/8/465
f 1632/8/466 1633/8/466 1631/8/466
f 1634/8/467 1635/8/467 1633/8/467
f 1636/8/468 1637/8/468 1635/8/468
f 1638/8/469 1639/8/469 1637/8/469
f 1640/8/470 1641/8/470 1639/8/470
f 1642/8/471 1643/8/471 1641/8/471
f 1644/8/472 1645/8/472 1643/8/472
f 1646/8/473 1647/8/473 1645/8/473
f 1648/8/474 1649/8/474 1647/8/474
f 1650/8/475 1651/8/475 1649/8/475
f 1652/8/476 1653/8/476 1651/8/476
f 1630/8/17 1654/8/17 1646/8/17
f 1654/8/477 1655/8/477 1653/8/477
f 1656/8/478 1625/8/478 1655/8/478
f 1639/8/20 1647/8/20 1655/8/20
f 1658/2/455 1659/2/455 1657/2/455
f 1660/2/33 1661/2/33 1659/2/33
f 1662/2/456 1663/2/456 1661/2/456
f 1664/2/457 1665/2/457 1663/2/457
f 1666/2/39 1667/2/39 1665/2/39
f 1668/2/458 1669/2/458 1667/2/458
f 1670/2/459 1671/2/459 1669/2/459
f 1672/2/40 1673/2/40 1671/2/40
f 1674/2/460 1675/2/460 1673/2/460
f 1676/2/461 1677/2/461 1675/2/461
f 1666/2/17 1662/2/17 1678/2/17
f 1678/2/34 1679/2/34 1677/2/34
f 1680/2/462 1657/2/462 1679/2/462
f 1659/2/20 1663/2/20 1671/2/20
f 1682/1/455 1683/1/455 1681/1/455
f 1684/1/33 1685/1/33 1683/1/33
f 1686/1/456 1687/1/456 1685/1/456
f 1688/1/457 1689/1/457 1687/1/457
f 1690/1/39 1691/1/39 1689/1/39
f 1692/1/458 1693/1/458 1691/1/458
f 1694/1/459 1695/1/459 1693/1/459
f 1696/1/40 1697/1/40 1695/1/40
f 1698/1/460 1699/1/460 1697/1/460
f 1700/1/461 1701/1/461 1699/1/461
f 1690/1/17 1686/1/17 1702/1/17
f 1702/1/34 1703/1/34 1701/1/34
f 1704/1/462 1681/1/462 1703/1/462
f 1691/1/20 1695/1/20 1703/1/20
f 1706/6/479 1707/6/479 1705/6/479
f 1708/6/41 1709/6/41 1707/6/41
f 1710/6/480 1711/6/480 1709/6/480
f 1712/6/481 1713/6/481 1711/6/481
f 1712/6/17 1710/6/17 1706/6/17
f 1714/6/43 1715/6/43 1713/6/43
f 1716/6/482 1705/6/482 1715/6/482
f 1711/6/20 1713/6/20 1715/6/20
f 1718/6/479 1719/6/479 1717/6/479
f 1720/6/41 1721/6/41 1719/6/41
f 1722/6/480 1723/6/480 1721/6/480
f 1724/6/481 1725/6/481 1723/6/481
f 1726/6/17 1724/6/17 1722/6/17
f 1726/6/43 1727/6/43 1725/6/43
f 1728/6/482 1717/6/482 1727/6/482
f 1725/6/20 1727/6/20 1719/6/20
f 1730/6/479 1731/6/479 1729/6/479
f 1732/6/41 1733/6/41 1731/6/41
f 1734/6/480 1735/6/480 1733/6/480
f 1736/6/481 1737/6/481 1735/6/481
f 1736/6/17 1734/6/17 1730/6/17
f 1738/6/43 1739/6/43 1737/6/43
f 1740/6/482 1729/6/482 1739/6/482
f 1735/6/20 1737/6/20 1739/6/20
f 1742/6/479 1743/6/479 1741/6/479
f 1744/6/41 1745/6/41 1743/6/41
f 1746/6/480 1747/6/480 1745/6/480
f 1748/6/481 1749/6/481 1747/6/481
f 1748/6/17 1746/6/17 1742/6/17
f 1750/6/43 1751/6/43 1749/6/43
f 1752/6/482 1741/6/482 1751/6/482
f 1747/6/20 1749/6/20 1751/6/20
f 1754/6/479 1755/6/479 1753/6/479
f 1756/6/41 1757/6/41 1755/6/41
f 1758/6/480 1759/6/480 1757/6/480
f 1760/6/481 1761/6/481 1759/6/481
f 1754/6/17 1762/6/17 1758/6/17
f 1762/6/43 1763/6/43 1761/6/43
f 1764/6/482 1753/6/482 1763/6/482
f 1759/6/20 1761/6/20 1763/6/20
f 1766/8/463 1767/8/463 1765/8/463
f 1768/8/464 1769/8/464 1767/8/464
f 1770/8/465 1771/8/465 1769/8/465
f 1772/8/466 1773/8/466 1771/8/466
f 1774/8/467 1775/8/467 1773/8/467
f 1776/8/468 1777/8/468 1775/8/468
f 1778/8/469 1779/8/469 1777/8/469
f 1780/8/470 1781/8/470 1779/8/470
f 1782/8/471 1783/8/471 1781/8/471
f 1784/8/472 1785/8/472 1783/8/472
f 1786/8/473 1787/8/473 1785/8/473
f 1788/8/474 1789/8/474 1787/8/474
f 1790/8/475 1791/8/475 1789/8/475
f 1792/8/476 1793/8/476 1791/8/476
f 1786/8/17 1778/8/17 1770/8/17
f 1794/8/477 1795/8/477 1793/8/477
f 1796/8/478 1765/8/478 1795/8/478
f 1795/8/20 1771/8/20 1779/8/20
f 1798/2/455 1799/2/455 1797/2/455
f 1800/2/33 1801/2/33 1799/2/33
f 1802/2/456 1803/2/456 1801/2/456
f 1804/2/457 1805/2/457 1803/2/457
f 1806/2/39 1807/2/39 1805/2/39
f 1807/2/458 1810/2/458 1809/2/458
f 1809/2/459 1812/2/459 1811/2/459
f 1812/2/40 1813/2/40 1811/2/40
f 1814/2/460 1815/2/460 1813/2/460
f 1816/2/461 1817/2/461 1815/2/461
f 1806/2/17 1802/2/17 1818/2/17
f 1818/2/34 1819/2/34 1817/2/34
f 1820/2/462 1797/2/462 1819/2/462
f 1799/2/20 1803/2/20 1811/2/20
f 1822/1/455 1823/1/455 1821/1/455
f 1824/1/33 1825/1/33 1823/1/33
f 1826/1/456 1827/1/456 1825/1/456
f 1828/1/457 1829/1/457 1827/1/457
f 1830/1/39 1831/1/39 1829/1/39
f 1832/1/458 1833/1/458 1831/1/458
f 1834/1/459 1835/1/459 1833/1/459
f 1836/1/40 1837/1/40 1835/1/40
f 1838/1/460 1839/1/460 1837/1/460
f 1840/1/461 1841/1/461 1839/1/461
f 1834/1/17 1830/1/17 1826/1/17
f 1842/1/34 1843/1/34 1841/1/34
f 1844/1/462 1821/1/462 1843/1/462
f 1831/1/20 1835/1/20 1843/1/20
f 1846/6/479 1847/6/479 1845/6/479
f 1848/6/41 1849/6/41 1847/6/41
f 1850/6/480 1851/6/480 1849/6/480
f 1852/6/481 1853/6/481 1851/6/481
f 1852/6/17 1850/6/17 1846/6/17
f 1854/6/43 1855/6/43 1853/6/43
f 1856/6/482 1845/6/482 1855/6/482
f 1851/6/20 1853/6/20 1855/6/20
f 1858/6/479 1859/6/479 1857/6/479
f 1860/6/41 1861/6/41 1859/6/41
f 1862/6/480 1863/6/480 1861/6/480
f 1864/6/481 1865/6/481 1863/6/481
f 1866/6/17 1864/6/17 1862/6/17
f 1866/6/43 1867/6/43 1865/6/43
f 1868/6/482 1857/6/482 1867/6/482
f 1865/6/20 1867/6/20 1859/6/20
f 1870/6/479 1871/6/479 1869/6/479
f 1872/6/41 1873/6/41 1871/6/41
f 1874/6/480 1875/6/480 1873/6/480
f 1876/6/481 1877/6/481 1875/6/481
f 1876/6/17 1874/6/17 1870/6/17
f 1878/6/43 1879/6/43 1877/6/43
f 1880/6/482 1869/6/482 1879/6/482
f 1875/6/20 1877/6/20 1879/6/20
f 1882/6/479 1883/6/479 1881/6/479
f 1884/6/41 1885/6/41 1883/6/41
f 1886/6/480 1887/6/480 1885/6/480
f 1888/6/481 1889/6/481 1887/6/481
f 1888/6/17 1886/6/17 1882/6/17
f 1890/6/43 1891/6/43 1889/6/43
f 1892/6/482 1881/6/482 1891/6/482
f 1887/6/20 1889/6/20 1891/6/20
f 1894/6/479 1895/6/479 1893/6/479
f 1896/6/41 1897/6/41 1895/6/41
f 1898/6/480 1899/6/480 1897/6/480
f 1900/6/481 1901/6/481 1899/6/481
f 1894/6/17 1902/6/17 1898/6/17
f 1902/6/43 1903/6/43 1901/6/43
f 1904/6/482 1893/6/482 1903/6/482
f 1899/6/20 1901/6/20 1903/6/20
f 1906/1/11 1907/1/11 1905/1/11
f 1908/1/12 1909/1/12 1907/1/12
f 1910/1/13 1911/1/13 1909/1/13
f 1912/1/14 1913/1/14 1911/1/14
f 1914/1/15 1915/1/15 1913/1/15
f 1916/1/16 1917/1/16 1915/1/16
f 1910/1/17 1906/1/17 1918/1/17
f 1918/1/18 1919/1/18 1917/1/18
f 1920/1/19 1905/1/19 1919/1/19
f 1911/1/20 1915/1/20 1919/1/20
f 1922/2/455 1923/2/455 1921/2/455
f 1924/2/33 1925/2/33 1923/2/33
f 1926/2/456 1927/2/456 1925/2/456
f 1928/2/457 1929/2/457 1927/2/457
f 1930/2/39 1931/2/39 1929/2/39
f 1932/2/458 1933/2/458 1931/2/458
f 1934/2/459 1935/2/459 1933/2/459
f 1936/2/40 1937/2/40 1935/2/40
f 1937/2/460 1940/2/460 1939/2/460
f 1940/2/461 1941/2/461 1939/2/461
f 1922/2/17 1942/2/17 1934/2/17
f 1941/2/34 1944/2/34 1943/2/34
f 1944/2/462 1921/2/462 1943/2/462
f 1923/2/20 1927/2/20 1935/2/20
f 1946/8/463 1947/8/463 1945/8/463
f 1948/8/464 1949/8/464 1947/8/464
f 1950/8/465 1951/8/465 1949/8/465
f 1952/8/466 1953/8/466 1951/8/466
f 1954/8/467 1955/8/467 1953/8/467
f 1956/8/468 1957/8/468 1955/8/468
f 1958/8/469 1959/8/469 1957/8/469
f 1960/8/470 1961/8/470 1959/8/470
f 1962/8/471 1963/8/471 1961/8/471
f 1964/8/472 1965/8/472 1963/8/472
f 1966/8/473 1967/8/473 1965/8/473
f 1968/8/474 1969/8/474 1967/8/474
f 1970/8/475 1971/8/475 1969/8/475
f 1972/8/476 1973/8/476 1971/8/476
f 1974/8/17 1966/8/17 1958/8/17
f 1974/8/477 1975/8/477 1973/8/477
f 1976/8/478 1945/8/478 1975/8/478
f 1951/8/20 1959/8/20 1967/8/20
f 1978/2/455 1979/2/455 1977/2/455
f 1980/2/33 1981/2/33 1979/2/33
f 1982/2/456 1983/2/456 1981/2/456
f 1984/2/457 1985/2/457 1983/2/457
f 1986/2/39 1987/2/39 1985/2/39
f 1988/2/458 1989/2/458 1987/2/458
f 1990/2/459 1991/2/459 1989/2/459
f 1992/2/40 1993/2/40 1991/2/40
f 1994/2/460 1995/2/460 1993/2/460
f 1996/2/461 1997/2/461 1995/2/461
f 1998/2/17 1990/2/17 1982/2/17
f 1998/2/34 1999/2/34 1997/2/34
f 2000/2/462 1977/2/462 1999/2/462
f 1991/2/20 1995/2/20 1999/2/20
f 2002/1/455 2003/1/455 2001/1/455
f 2004/1/33 2005/1/33 2003/1/33
f 2006/1/456 2007/1/456 2005/1/456
f 2008/1/457 2009/1/457 2007/1/457
f 2010/1/39 2011/1/39 2009/1/39
f 2012/1/458 2013/1/458 2011/1/458
f 2014/1/459 2015/1/459 2013/1/459
f 2016/1/40 2017/1/40 2015/1/40
f 2018/1/460 2019/1/460 2017/1/460
f 2020/1/461 2021/1/461 2019/1/461
f 2022/1/17 2014/1/17 2006/1/17
f 2022/1/34 2023/1/34 2021/1/34
f 2024/1/462 2001/1/462 2023/1/462
f 2007/1/20 2015/1/20 2023/1/20
f 2026/6/479 2027/6/479 2025/6/479
f 2028/6/41 2029/6/41 2027/6/41
f 2030/6/480 2031/6/480 2029/6/480
f 2032/6/481 2033/6/481 2031/6/481
f 2034/6/17 2032/6/17 2030/6/17
f 2034/6/43 2035/6/43 2033/6/43
f 2036/6/482 2025/6/482 2035/6/482
f 2031/6/20 2033/6/20 2035/6/20
f 2038/6/479 2039/6/479 2037/6/479
f 2040/6/41 2041/6/41 2039/6/41
f 2042/6/480 2043/6/480 2041/6/480
f 2044/6/481 2045/6/481 2043/6/481
f 2044/6/17 2042/6/17 2038/6/17
f 2046/6/43 2047/6/43 2045/6/43
f 2048/6/482 2037/6/482 2047/6/482
f 2043/6/20 2045/6/20 2047/6/20
f 2050/6/479 2051/6/479 2049/6/479
f 2052/6/41 2053/6/41 2051/6/41
f 2054/6/480 2055/6/480 2053/6/480
f 2056/6/481 2057/6/481 2055/6/481
f 2056/6/17 2054/6/17 2050/6/17
f 2058/6/43 2059/6/43 2057/6/43
f 2060/6/482 2049/6/482 2059/6/482
f 2055/6/20 2057/6/20 2059/6/20
f 2062/6/479 2063/6/479 2061/6/479
f 2064/6/41 2065/6/41 2063/6/41
f 2066/6/480 2067/6/480 2065/6/480
f 2068/6/481 2069/6/481 2067/6/481
f 2062/6/17 2070/6/17 2066/6/17
f 2070/6/43 2071/6/43 2069/6/43
f 2072/6/482 2061/6/482 2071/6/482
f 2067/6/20 2069/6/20 2071/6/20
f 2074/6/479 2075/6/479 2073/6/479
f 2076/6/41 2077/6/41 2075/6/41
f 2078/6/480 2079/6/480 2077/6/480
f 2080/6/481 2081/6/481 2079/6/481
f 2080/6/17 2078/6/17 2074/6/17
f 2082/6/43 2083/6/43 2081/6/43
f 2084/6/482 2073/6/482 2083/6/482
f 2079/6/20 2081/6/20 2083/6/20
f 2086/2/455 2087/2/455 2085/2/455
f 2088/2/33 2089/2/33 2087/2/33
f 2090/2/456 2091/2/456 2089/2/456
f 2092/2/457 2093/2/457 2091/2/457
f 2094/2/39 2095/2/39 2093/2/39
f 2096/2/458 2097/2/458 2095/2/458
f 2098/2/459 2099/2/459 2097/2/459
f 2100/2/40 2101/2/40 2099/2/40
f 2102/2/460 2103/2/460 2101/2/460
f 2104/2/461 2105/2/461 2103/2/461
f 2094/2/17 2090/2/17 2106/2/17
f 2106/2/34 2107/2/34 2105/2/34
f 2108/2/462 2085/2/462 2107/2/462
f 2091/2/20 2095/2/20 2099/2/20
f 2109/8/483 2112/8/483 2111/8/483
f 2112/8/484 2113/8/484 2111/8/484
f 2114/8/485 2115/8/485 2113/8/485
f 2116/8/486 2117/8/486 2115/8/486
f 2118/8/487 2119/8/487 2117/8/487
f 2119/8/488 2122/8/488 2121/8/488
f 2121/8/489 2124/8/489 2123/8/489
f 2124/8/490 2125/8/490 2123/8/490
f 2125/8/491 2128/8/491 2127/8/491
f 2128/8/492 2129/8/492 2127/8/492
f 2130/8/493 2131/8/493 2129/8/493
f 2131/8/494 2134/8/494 2133/8/494
f 2133/8/495 2136/8/495 2135/8/495
f 2135/8/496 2138/8/496 2137/8/496
f 2126/8/43 2122/8/43 2114/8/43
f 2137/8/497 2140/8/497 2139/8/497
f 2140/8/498 2109/8/498 2139/8/498
f 2123/8/41 2131/8/41 2139/8/41
f 2142/2/332 2143/2/332 2141/2/332
f 2144/2/35 2145/2/35 2143/2/35
f 2146/2/333 2147/2/333 2145/2/333
f 2148/2/334 2149/2/334 2147/2/334
f 2149/2/38 2152/2/38 2151/2/38
f 2152/2/335 2153/2/335 2151/2/335
f 2154/2/336 2155/2/336 2153/2/336
f 2156/2/30 2157/2/30 2155/2/30
f 2157/2/337 2160/2/337 2159/2/337
f 2159/2/338 2162/2/338 2161/2/338
f 2142/2/43 2162/2/43 2154/2/43
f 2162/2/32 2163/2/32 2161/2/32
f 2163/2/339 2142/2/339 2141/2/339
f 2159/2/41 2163/2/41 2147/2/41
f 2165/9/303 2166/9/303 2167/9/303
f 2168/9/301 2169/9/301 2170/9/301
f 2171/9/54 2172/9/54 2173/9/54
f 2174/9/24 2175/9/24 2176/9/24
f 2177/9/67 2178/9/67 2179/9/67
f 2180/9/26 2181/9/26 2182/9/26
f 2183/9/51 2184/9/51 2185/9/51
f 2186/9/212 2187/9/212 2188/9/212
f 2171/9/29 2167/9/29 2172/9/29
f 2168/9/30 2167/9/30 2166/9/30
f 2174/9/31 2170/9/31 2169/9/31
f 2173/9/32 2176/9/32 2175/9/32
f 2171/9/33 2184/9/33 2183/9/33
f 2186/9/34 2175/9/34 2174/9/34
f 2187/9/35 2184/9/35 2188/9/35
f 2183/9/36 2178/9/36 2177/9/36
f 2180/9/37 2187/9/37 2186/9/37
f 2181/9/38 2178/9/38 2182/9/38
f 2177/9/39 2166/9/39 2165/9/39
f 2169/9/40 2181/9/40 2180/9/40
f 2183/9/41 2165/9/41 2171/9/41
f 2167/9/20 2176/9/20 2172/9/20
f 2181/9/42 2166/9/42 2179/9/42
f 2174/9/43 2180/9/43 2186/9/43
f 2175/9/44 2184/9/44 2173/9/44
f 2187/9/17 2178/9/17 2185/9/17
f 2189/9/64 2190/9/64 2191/9/64
f 2192/9/301 2193/9/301 2194/9/301
f 2195/9/23 2196/9/23 2197/9/23
f 2198/9/48 2199/9/48 2200/9/48
f 2201/9/65 2202/9/65 2203/9/65
f 2204/9/302 2205/9/302 2206/9/302
f 2207/9/27 2208/9/27 2209/9/27
f 2210/9/55 2211/9/55 2212/9/55
f 2195/9/29 2191/9/29 2196/9/29
f 2192/9/30 2191/9/30 2190/9/30
f 2198/9/31 2194/9/31 2193/9/31
f 2197/9/32 2200/9/32 2199/9/32
f 2195/9/33 2208/9/33 2207/9/33
f 2210/9/34 2199/9/34 2198/9/34
f 2211/9/35 2208/9/35 2212/9/35
f 2207/9/36 2202/9/36 2201/9/36
f 2204/9/37 2211/9/37 2210/9/37
f 2205/9/38 2202/9/38 2206/9/38
f 2201/9/39 2190/9/39 2189/9/39
f 2193/9/40 2205/9/40 2204/9/40
f 2207/9/41 2189/9/41 2195/9/41
f 2191/9/20 2200/9/20 2196/9/20
f 2205/9/42 2190/9/42 2203/9/42
f 2198/9/43 2204/9/43 2210/9/43
f 2199/9/44 2208/9/44 2197/9/44
f 2211/9/17 2202/9/17 2209/9/17
f 2214/2/499 2215/2/499 2213/2/499
f 2216/2/500 2217/2/500 2215/2/500
f 2218/2/501 2219/2/501 2217/2/501
f 2220/2/502 2221/2/502 2219/2/502
f 2221/2/503 2224/2/503 2223/2/503
f 2224/2/504 2225/2/504 2223/2/504
f 2226/2/505 2222/2/505 2218/2/505
f 2226/2/506 2227/2/506 2225/2/506
f 2227/2/507 2214/2/507 2213/2/507
f 2223/2/508 2225/2/508 2227/2/508
f 1/1/1 2/1/1 4/1/1
f 4/1/2 6/1/2 5/1/2
f 6/1/3 8/1/3 7/1/3
f 7/1/4 8/1/4 10/1/4
f 10/1/5 12/1/5 11/1/5
f 11/1/6 12/1/6 14/1/6
f 6/1/7 4/1/7 2/1/7
f 2/1/7 16/1/7 14/1/7
f 14/1/7 12/1/7 10/1/7
f 10/1/7 8/1/7 14/1/7
f 8/1/7 6/1/7 14/1/7
f 13/1/8 14/1/8 16/1/8
f 16/1/9 2/1/9 1/1/9
f 15/1/10 1/1/10 7/1/10
f 1/1/10 3/1/10 7/1/10
f 3/1/10 5/1/10 7/1/10
f 7/1/10 9/1/10 11/1/10
f 11/1/10 13/1/10 15/1/10
f 17/1/1 18/1/1 20/1/1
f 20/1/2 22/1/2 21/1/2
f 22/1/3 24/1/3 23/1/3
f 23/1/4 24/1/4 26/1/4
f 26/1/5 28/1/5 27/1/5
f 27/1/6 28/1/6 30/1/6
f 22/1/7 20/1/7 18/1/7
f 18/1/7 32/1/7 30/1/7
f 30/1/7 28/1/7 26/1/7
f 26/1/7 24/1/7 22/1/7
f 22/1/7 18/1/7 26/1/7
f 29/1/8 30/1/8 32/1/8
f 32/1/9 18/1/9 17/1/9
f 31/1/10 17/1/10 19/1/10
f 19/1/10 21/1/10 23/1/10
f 23/1/10 25/1/10 31/1/10
f 25/1/10 27/1/10 31/1/10
f 27/1/10 29/1/10 31/1/10
f 34/2/11 36/2/11 35/2/11
f 36/2/12 38/2/12 37/2/12
f 38/2/13 40/2/13 39/2/13
f 40/2/14 42/2/14 41/2/14
f 42/2/15 44/2/15 43/2/15
f 44/2/16 46/2/16 45/2/16
f 38/2/17 36/2/17 34/2/17
f 34/2/17 48/2/17 46/2/17
f 46/2/17 44/2/17 42/2/17
f 42/2/17 40/2/17 38/2/17
f 38/2/17 34/2/17 42/2/17
f 46/2/18 48/2/18 47/2/18
f 48/2/19 34/2/19 33/2/19
f 47/2/20 33/2/20 39/2/20
f 33/2/20 35/2/20 39/2/20
f 35/2/20 37/2/20 39/2/20
f 39/2/20 41/2/20 47/2/20
f 41/2/20 43/2/20 47/2/20
f 50/2/11 52/2/11 51/2/11
f 52/2/12 54/2/12 53/2/12
f 54/2/13 56/2/13 55/2/13
f 56/2/14 58/2/14 57/2/14
f 58/2/15 60/2/15 59/2/15
f 60/2/16 62/2/16 61/2/16
f 54/2/17 52/2/17 50/2/17
f 50/2/17 64/2/17 62/2/17
f 62/2/17 60/2/17 58/2/17
f 58/2/17 56/2/17 54/2/17
f 54/2/17 50/2/17 58/2/17
f 62/2/18 64/2/18 63/2/18
f 64/2/19 50/2/19 49/2/19
f 63/2/20 49/2/20 55/2/20
f 49/2/20 51/2/20 55/2/20
f 51/2/20 53/2/20 55/2/20
f 55/2/20 57/2/20 59/2/20
f 59/2/20 61/2/20 63/2/20
f 66/2/11 68/2/11 67/2/11
f 68/2/12 70/2/12 69/2/12
f 70/2/13 72/2/13 71/2/13
f 72/2/14 74/2/14 73/2/14
f 74/2/15 76/2/15 75/2/15
f 76/2/16 78/2/16 77/2/16
f 70/2/17 68/2/17 78/2/17
f 68/2/17 66/2/17 78/2/17
f 66/2/17 80/2/17 78/2/17
f 78/2/17 76/2/17 74/2/17
f 74/2/17 72/2/17 78/2/17
f 78/2/18 80/2/18 79/2/18
f 80/2/19 66/2/19 65/2/19
f 79/2/20 65/2/20 67/2/20
f 67/2/20 69/2/20 79/2/20
f 69/2/20 71/2/20 79/2/20
f 71/2/20 73/2/20 75/2/20
f 75/2/20 77/2/20 79/2/20
f 82/2/11 84/2/11 83/2/11
f 84/2/12 86/2/12 85/2/12
f 86/2/13 88/2/13 87/2/13
f 88/2/14 90/2/14 89/2/14
f 90/2/15 92/2/15 91/2/15
f 92/2/16 94/2/16 93/2/16
f 86/2/17 84/2/17 82/2/17
f 82/2/17 96/2/17 94/2/17
f 94/2/17 92/2/17 90/2/17
f 90/2/17 88/2/17 94/2/17
f 88/2/17 86/2/17 94/2/17
f 94/2/18 96/2/18 95/2/18
f 96/2/19 82/2/19 81/2/19
f 95/2/20 81/2/20 87/2/20
f 81/2/20 83/2/20 87/2/20
f 83/2/20 85/2/20 87/2/20
f 87/2/20 89/2/20 91/2/20
f 91/2/20 93/2/20 87/2/20
f 97/3/29 99/3/29 104/3/29
f 100/3/30 102/3/30 99/3/30
f 106/3/31 108/3/31 102/3/31
f 105/3/32 104/3/32 108/3/32
f 103/3/33 105/3/33 116/3/33
f 118/3/34 120/3/34 107/3/34
f 117/3/35 116/3/35 120/3/35
f 115/3/36 117/3/36 110/3/36
f 112/3/37 114/3/37 119/3/37
f 113/3/38 111/3/38 110/3/38
f 109/3/39 111/3/39 98/3/39
f 101/3/40 100/3/40 113/3/40
f 115/3/41 109/3/41 97/3/41
f 102/3/20 108/3/20 104/3/20
f 113/3/42 100/3/42 98/3/42
f 106/3/43 101/3/43 112/3/43
f 107/3/44 120/3/44 116/3/44
f 119/3/17 114/3/17 110/3/17
f 121/2/29 123/2/29 128/2/29
f 122/2/30 124/2/30 126/2/30
f 130/2/31 132/2/31 126/2/31
f 129/2/32 128/2/32 132/2/32
f 127/2/33 129/2/33 140/2/33
f 142/2/34 144/2/34 131/2/34
f 143/2/35 141/2/35 140/2/35
f 139/2/36 141/2/36 134/2/36
f 136/2/37 138/2/37 143/2/37
f 135/2/38 134/2/38 138/2/38
f 133/2/39 135/2/39 122/2/39
f 125/2/40 124/2/40 137/2/40
f 139/2/41 133/2/41 121/2/41
f 126/2/20 132/2/20 128/2/20
f 137/2/42 124/2/42 122/2/42
f 130/2/43 125/2/43 136/2/43
f 131/2/44 144/2/44 140/2/44
f 143/2/17 138/2/17 134/2/17
f 145/2/29 147/2/29 152/2/29
f 146/2/30 148/2/30 150/2/30
f 154/2/31 156/2/31 150/2/31
f 153/2/32 152/2/32 156/2/32
f 151/2/33 153/2/33 164/2/33
f 166/2/34 168/2/34 155/2/34
f 167/2/35 165/2/35 164/2/35
f 163/2/36 165/2/36 158/2/36
f 160/2/37 162/2/37 167/2/37
f 159/2/38 158/2/38 162/2/38
f 157/2/39 159/2/39 146/2/39
f 149/2/40 148/2/40 161/2/40
f 163/2/41 157/2/41 145/2/41
f 150/2/20 156/2/20 152/2/20
f 161/2/42 148/2/42 146/2/42
f 154/2/43 149/2/43 160/2/43
f 155/2/44 168/2/44 164/2/44
f 167/2/17 162/2/17 158/2/17
f 169/2/29 171/2/29 176/2/29
f 170/2/30 172/2/30 174/2/30
f 178/2/31 180/2/31 174/2/31
f 177/2/32 176/2/32 180/2/32
f 175/2/33 177/2/33 188/2/33
f 190/2/34 192/2/34 179/2/34
f 191/2/35 189/2/35 188/2/35
f 187/2/36 189/2/36 182/2/36
f 184/2/37 186/2/37 191/2/37
f 183/2/38 182/2/38 186/2/38
f 181/2/39 183/2/39 170/2/39
f 173/2/40 172/2/40 185/2/40
f 187/2/41 181/2/41 169/2/41
f 174/2/20 180/2/20 176/2/20
f 185/2/42 172/2/42 170/2/42
f 178/2/43 173/2/43 184/2/43
f 179/2/44 192/2/44 188/2/44
f 191/2/17 186/2/17 182/2/17
f 193/2/29 195/2/29 200/2/29
f 194/2/30 196/2/30 198/2/30
f 202/2/31 204/2/31 198/2/31
f 201/2/32 200/2/32 204/2/32
f 199/2/33 201/2/33 212/2/33
f 214/2/34 216/2/34 203/2/34
f 215/2/35 213/2/35 212/2/35
f 211/2/36 213/2/36 206/2/36
f 208/2/37 210/2/37 215/2/37
f 207/2/38 206/2/38 210/2/38
f 205/2/39 207/2/39 194/2/39
f 197/2/40 196/2/40 209/2/40
f 211/2/41 205/2/41 193/2/41
f 198/2/20 204/2/20 200/2/20
f 209/2/42 196/2/42 194/2/42
f 202/2/43 197/2/43 208/2/43
f 203/2/44 216/2/44 212/2/44
f 215/2/17 210/2/17 206/2/17
f 217/2/29 219/2/29 224/2/29
f 218/2/30 220/2/30 222/2/30
f 226/2/31 228/2/31 222/2/31
f 225/2/32 224/2/32 228/2/32
f 223/2/33 225/2/33 236/2/33
f 238/2/34 240/2/34 227/2/34
f 239/2/35 237/2/35 236/2/35
f 235/2/36 237/2/36 230/2/36
f 232/2/37 234/2/37 239/2/37
f 231/2/38 230/2/38 234/2/38
f 229/2/39 231/2/39 218/2/39
f 221/2/40 220/2/40 233/2/40
f 235/2/41 229/2/41 217/2/41
f 222/2/20 228/2/20 224/2/20
f 233/2/42 220/2/42 218/2/42
f 226/2/43 221/2/43 232/2/43
f 227/2/44 240/2/44 236/2/44
f 239/2/17 234/2/17 230/2/17
f 241/2/29 243/2/29 248/2/29
f 242/2/30 244/2/30 246/2/30
f 250/2/31 252/2/31 246/2/31
f 249/2/32 248/2/32 252/2/32
f 247/2/33 249/2/33 260/2/33
f 262/2/34 264/2/34 251/2/34
f 263/2/35 261/2/35 260/2/35
f 259/2/36 261/2/36 254/2/36
f 256/2/37 258/2/37 263/2/37
f 255/2/38 254/2/38 258/2/38
f 253/2/39 255/2/39 242/2/39
f 245/2/40 244/2/40 257/2/40
f 259/2/41 253/2/41 241/2/41
f 246/2/20 252/2/20 248/2/20
f 257/2/42 244/2/42 242/2/42
f 250/2/43 245/2/43 256/2/43
f 251/2/44 264/2/44 260/2/44
f 263/2/17 258/2/17 254/2/17
f 265/2/29 267/2/29 272/2/29
f 266/2/30 268/2/30 270/2/30
f 274/2/31 276/2/31 270/2/31
f 273/2/32 272/2/32 276/2/32
f 271/2/33 273/2/33 284/2/33
f 286/2/34 288/2/34 275/2/34
f 287/2/35 285/2/35 284/2/35
f 283/2/36 285/2/36 278/2/36
f 280/2/37 282/2/37 287/2/37
f 279/2/38 278/2/38 282/2/38
f 277/2/39 279/2/39 266/2/39
f 269/2/40 268/2/40 281/2/40
f 283/2/41 277/2/41 265/2/41
f 270/2/20 276/2/20 272/2/20
f 281/2/42 268/2/42 266/2/42
f 274/2/43 269/2/43 280/2/43
f 275/2/44 288/2/44 284/2/44
f 287/2/17 282/2/17 278/2/17
f 289/2/29 291/2/29 296/2/29
f 290/2/30 292/2/30 294/2/30
f 298/2/31 300/2/31 294/2/31
f 297/2/32 296/2/32 300/2/32
f 295/2/33 297/2/33 308/2/33
f 310/2/34 312/2/34 299/2/34
f 311/2/35 309/2/35 308/2/35
f 307/2/36 309/2/36 302/2/36
f 304/2/37 306/2/37 311/2/37
f 303/2/38 302/2/38 306/2/38
f 301/2/39 303/2/39 290/2/39
f 293/2/40 292/2/40 305/2/40
f 307/2/41 301/2/41 289/2/41
f 294/2/20 300/2/20 296/2/20
f 305/2/42 292/2/42 290/2/42
f 298/2/43 293/2/43 304/2/43
f 299/2/44 312/2/44 308/2/44
f 311/2/17 306/2/17 302/2/17
f 313/4/29 315/4/29 320/4/29
f 316/4/30 318/4/30 315/4/30
f 317/4/31 322/4/31 324/4/31
f 321/4/32 320/4/32 324/4/32
f 319/4/33 321/4/33 332/4/33
f 334/4/34 336/4/34 323/4/34
f 335/4/35 333/4/35 332/4/35
f 325/4/36 331/4/36 333/4/36
f 328/4/37 330/4/37 335/4/37
f 329/4/38 327/4/38 326/4/38
f 325/4/39 327/4/39 314/4/39
f 317/4/40 316/4/40 329/4/40
f 331/4/41 325/4/41 313/4/41
f 315/4/20 318/4/20 324/4/20
f 329/4/42 316/4/42 314/4/42
f 322/4/43 317/4/43 328/4/43
f 323/4/44 336/4/44 332/4/44
f 335/4/17 330/4/17 326/4/17
f 343/2/29 337/2/29 339/2/29
f 340/2/30 342/2/30 339/2/30
f 346/2/31 348/2/31 342/2/31
f 345/2/32 344/2/32 348/2/32
f 343/2/33 345/2/33 356/2/33
f 358/2/34 360/2/34 347/2/34
f 359/2/35 357/2/35 356/2/35
f 355/2/36 357/2/36 350/2/36
f 358/2/37 352/2/37 354/2/37
f 353/2/38 351/2/38 350/2/38
f 349/2/39 351/2/39 338/2/39
f 341/2/40 340/2/40 353/2/40
f 355/2/41 349/2/41 337/2/41
f 339/2/20 342/2/20 348/2/20
f 353/2/42 340/2/42 338/2/42
f 346/2/43 341/2/43 352/2/43
f 347/2/44 360/2/44 356/2/44
f 359/2/17 354/2/17 350/2/17
f 361/1/69 362/1/69 364/1/69
f 364/1/70 366/1/70 365/1/70
f 365/1/71 366/1/71 368/1/71
f 368/1/72 370/1/72 369/1/72
f 369/1/73 370/1/73 372/1/73
f 372/1/74 374/1/74 373/1/74
f 366/1/509 364/1/509 362/1/509
f 362/1/509 376/1/509 374/1/509
f 374/1/75 372/1/75 366/1/75
f 372/1/75 370/1/75 366/1/75
f 370/1/75 368/1/75 366/1/75
f 373/1/76 374/1/76 376/1/76
f 376/1/77 362/1/77 361/1/77
f 375/1/78 361/1/78 363/1/78
f 363/1/510 365/1/510 367/1/510
f 367/1/78 369/1/78 371/1/78
f 371/1/78 373/1/78 375/1/78
f 375/1/78 363/1/78 371/1/78
f 377/2/79 378/2/79 380/2/79
f 380/2/80 382/2/80 381/2/80
f 381/2/81 382/2/81 384/2/81
f 384/2/82 386/2/82 385/2/82
f 385/2/83 386/2/83 388/2/83
f 388/2/84 390/2/84 389/2/84
f 382/2/85 380/2/85 378/2/85
f 378/2/511 392/2/511 390/2/511
f 390/2/85 388/2/85 386/2/85
f 386/2/85 384/2/85 382/2/85
f 382/2/85 378/2/85 390/2/85
f 390/2/86 392/2/86 391/2/86
f 392/2/87 378/2/87 377/2/87
f 391/2/512 377/2/512 379/2/512
f 379/2/88 381/2/88 383/2/88
f 383/2/512 385/2/512 387/2/512
f 387/2/88 389/2/88 383/2/88
f 389/2/88 391/2/88 383/2/88
f 393/1/89 394/1/89 396/1/89
f 396/1/90 398/1/90 397/1/90
f 398/1/91 400/1/91 399/1/91
f 400/1/92 402/1/92 401/1/92
f 401/1/93 402/1/93 404/1/93
f 404/1/94 406/1/94 405/1/94
f 398/1/95 396/1/95 394/1/95
f 394/1/95 408/1/95 406/1/95
f 406/1/95 404/1/95 402/1/95
f 402/1/95 400/1/95 398/1/95
f 398/1/95 394/1/95 402/1/95
f 405/1/96 406/1/96 408/1/96
f 407/1/97 408/1/97 394/1/97
f 407/1/98 393/1/98 395/1/98
f 395/1/98 397/1/98 399/1/98
f 399/1/98 401/1/98 407/1/98
f 401/1/98 403/1/98 407/1/98
f 403/1/98 405/1/98 407/1/98
f 409/4/29 411/4/29 416/4/29
f 412/4/30 414/4/30 411/4/30
f 413/4/31 418/4/31 420/4/31
f 417/4/32 416/4/32 420/4/32
f 415/4/33 417/4/33 428/4/33
f 430/4/34 432/4/34 419/4/34
f 431/4/35 429/4/35 428/4/35
f 421/4/36 427/4/36 429/4/36
f 424/4/37 426/4/37 431/4/37
f 425/4/38 423/4/38 422/4/38
f 421/4/39 423/4/39 410/4/39
f 413/4/40 412/4/40 425/4/40
f 427/4/41 421/4/41 409/4/41
f 411/4/20 414/4/20 420/4/20
f 425/4/42 412/4/42 410/4/42
f 418/4/43 413/4/43 424/4/43
f 419/4/44 432/4/44 428/4/44
f 431/4/17 426/4/17 422/4/17
f 439/2/29 433/2/29 435/2/29
f 436/2/30 438/2/30 435/2/30
f 442/2/31 444/2/31 438/2/31
f 441/2/32 440/2/32 444/2/32
f 439/2/33 441/2/33 452/2/33
f 454/2/34 456/2/34 443/2/34
f 455/2/35 453/2/35 452/2/35
f 451/2/36 453/2/36 446/2/36
f 454/2/37 448/2/37 450/2/37
f 449/2/38 447/2/38 446/2/38
f 445/2/39 447/2/39 434/2/39
f 437/2/40 436/2/40 449/2/40
f 451/2/41 445/2/41 433/2/41
f 435/2/20 438/2/20 444/2/20
f 449/2/42 436/2/42 434/2/42
f 442/2/43 437/2/43 448/2/43
f 443/2/44 456/2/44 452/2/44
f 455/2/17 450/2/17 446/2/17
f 457/1/100 458/1/100 460/1/100
f 460/1/101 462/1/101 461/1/101
f 461/1/102 462/1/102 464/1/102
f 464/1/103 466/1/103 465/1/103
f 465/1/104 466/1/104 468/1/104
f 468/1/105 470/1/105 469/1/105
f 462/1/513 460/1/513 470/1/513
f 460/1/106 458/1/106 470/1/106
f 458/1/513 472/1/513 470/1/513
f 470/1/106 468/1/106 466/1/106
f 466/1/106 464/1/106 470/1/106
f 469/1/107 470/1/107 472/1/107
f 472/1/108 458/1/108 457/1/108
f 471/1/109 457/1/109 459/1/109
f 459/1/109 461/1/109 463/1/109
f 463/1/109 465/1/109 471/1/109
f 465/1/109 467/1/109 471/1/109
f 467/1/109 469/1/109 471/1/109
f 473/2/110 474/2/110 476/2/110
f 475/2/111 476/2/111 478/2/111
f 478/2/112 480/2/112 479/2/112
f 480/2/113 482/2/113 481/2/113
f 481/2/114 482/2/114 484/2/114
f 484/2/115 486/2/115 485/2/115
f 478/2/116 476/2/116 474/2/116
f 474/2/116 488/2/116 478/2/116
f 488/2/116 486/2/116 478/2/116
f 486/2/116 484/2/116 482/2/116
f 482/2/116 480/2/116 478/2/116
f 486/2/117 488/2/117 487/2/117
f 488/2/118 474/2/118 473/2/118
f 487/2/119 473/2/119 479/2/119
f 473/2/119 475/2/119 479/2/119
f 475/2/514 477/2/514 479/2/514
f 479/2/514 481/2/514 483/2/514
f 483/2/119 485/2/119 479/2/119
f 490/1/120 492/1/120 491/1/120
f 492/1/121 494/1/121 493/1/121
f 493/1/122 494/1/122 496/1/122
f 496/1/123 498/1/123 497/1/123
f 497/1/124 498/1/124 500/1/124
f 499/1/125 500/1/125 502/1/125
f 494/1/126 492/1/126 490/1/126
f 490/1/126 504/1/126 502/1/126
f 502/1/126 500/1/126 494/1/126
f 500/1/126 498/1/126 494/1/126
f 498/1/126 496/1/126 494/1/126
f 501/1/127 502/1/127 504/1/127
f 504/1/128 490/1/128 489/1/128
f 503/1/129 489/1/129 495/1/129
f 489/1/129 491/1/129 495/1/129
f 491/1/129 493/1/129 495/1/129
f 495/1/129 497/1/129 499/1/129
f 499/1/129 501/1/129 495/1/129
f 506/2/11 508/2/11 507/2/11
f 508/2/12 510/2/12 509/2/12
f 510/2/13 512/2/13 511/2/13
f 512/2/14 514/2/14 513/2/14
f 514/2/15 516/2/15 515/2/15
f 516/2/16 518/2/16 517/2/16
f 510/2/17 508/2/17 506/2/17
f 506/2/17 520/2/17 510/2/17
f 520/2/17 518/2/17 510/2/17
f 518/2/17 516/2/17 514/2/17
f 514/2/17 512/2/17 510/2/17
f 518/2/18 520/2/18 519/2/18
f 520/2/19 506/2/19 505/2/19
f 519/2/20 505/2/20 507/2/20
f 507/2/20 509/2/20 519/2/20
f 509/2/20 511/2/20 519/2/20
f 511/2/20 513/2/20 515/2/20
f 515/2/20 517/2/20 511/2/20
f 521/2/11 522/2/11 524/2/11
f 524/2/12 526/2/12 525/2/12
f 526/2/13 528/2/13 527/2/13
f 528/2/14 530/2/14 529/2/14
f 530/2/15 532/2/15 531/2/15
f 532/2/16 534/2/16 533/2/16
f 526/2/17 524/2/17 522/2/17
f 522/2/17 536/2/17 526/2/17
f 536/2/17 534/2/17 526/2/17
f 534/2/17 532/2/17 530/2/17
f 530/2/17 528/2/17 534/2/17
f 534/2/18 536/2/18 535/2/18
f 535/2/19 536/2/19 522/2/19
f 535/2/20 521/2/20 523/2/20
f 523/2/20 525/2/20 535/2/20
f 525/2/20 527/2/20 535/2/20
f 527/2/20 529/2/20 531/2/20
f 531/2/20 533/2/20 527/2/20
f 537/4/138 539/4/138 544/4/138
f 538/4/139 540/4/139 542/4/139
f 546/4/140 548/4/140 542/4/140
f 547/4/141 545/4/141 544/4/141
f 555/4/142 543/4/142 545/4/142
f 546/4/143 558/4/143 560/4/143
f 557/4/144 556/4/144 560/4/144
f 549/4/145 555/4/145 557/4/145
f 552/4/515 554/4/515 559/4/515
f 551/4/147 550/4/147 554/4/147
f 549/4/148 551/4/148 538/4/148
f 552/4/149 541/4/149 540/4/149
f 555/4/150 549/4/150 537/4/150
f 542/4/151 548/4/151 544/4/151
f 553/4/152 540/4/152 538/4/152
f 558/4/153 546/4/153 541/4/153
f 545/4/154 547/4/154 560/4/154
f 557/4/155 559/4/155 554/4/155
f 567/2/516 561/2/516 563/2/516
f 562/2/165 564/2/165 566/2/165
f 570/2/517 572/2/517 566/2/517
f 571/2/167 569/2/167 568/2/167
f 567/2/168 569/2/168 580/2/168
f 582/2/169 584/2/169 571/2/169
f 581/2/170 580/2/170 584/2/170
f 579/2/183 581/2/183 574/2/183
f 582/2/518 576/2/518 578/2/518
f 575/2/173 574/2/173 578/2/173
f 573/2/174 575/2/174 562/2/174
f 565/2/175 564/2/175 577/2/175
f 579/2/176 573/2/176 561/2/176
f 566/2/20 572/2/20 568/2/20
f 577/2/177 564/2/177 562/2/177
f 570/2/178 565/2/178 576/2/178
f 571/2/179 584/2/179 580/2/179
f 581/2/17 583/2/17 578/2/17
f 591/2/164 585/2/164 587/2/164
f 586/2/165 588/2/165 590/2/165
f 594/2/517 596/2/517 590/2/517
f 595/2/167 593/2/167 592/2/167
f 591/2/168 593/2/168 604/2/168
f 606/2/169 608/2/169 595/2/169
f 605/2/170 604/2/170 608/2/170
f 603/2/183 605/2/183 598/2/183
f 606/2/519 600/2/519 602/2/519
f 599/2/173 598/2/173 602/2/173
f 597/2/174 599/2/174 586/2/174
f 589/2/175 588/2/175 601/2/175
f 603/2/176 597/2/176 585/2/176
f 590/2/20 596/2/20 592/2/20
f 601/2/177 588/2/177 586/2/177
f 594/2/178 589/2/178 600/2/178
f 595/2/179 608/2/179 604/2/179
f 605/2/17 607/2/17 602/2/17
f 615/2/164 609/2/164 611/2/164
f 610/2/165 612/2/165 614/2/165
f 618/2/517 620/2/517 614/2/517
f 619/2/167 617/2/167 616/2/167
f 615/2/168 617/2/168 628/2/168
f 630/2/169 632/2/169 619/2/169
f 629/2/170 628/2/170 632/2/170
f 627/2/183 629/2/183 622/2/183
f 630/2/519 624/2/519 626/2/519
f 623/2/173 622/2/173 626/2/173
f 621/2/174 623/2/174 610/2/174
f 613/2/175 612/2/175 625/2/175
f 627/2/176 621/2/176 609/2/176
f 614/2/20 620/2/20 616/2/20
f 625/2/177 612/2/177 610/2/177
f 618/2/178 613/2/178 624/2/178
f 619/2/179 632/2/179 628/2/179
f 629/2/17 631/2/17 626/2/17
f 639/5/193 633/5/193 635/5/193
f 634/5/194 636/5/194 638/5/194
f 642/5/195 644/5/195 638/5/195
f 641/5/196 640/5/196 644/5/196
f 651/5/197 639/5/197 641/5/197
f 654/5/198 656/5/198 643/5/198
f 653/5/199 652/5/199 656/5/199
f 645/5/200 651/5/200 653/5/200
f 648/5/201 650/5/201 655/5/201
f 649/5/202 647/5/202 646/5/202
f 633/5/203 645/5/203 647/5/203
f 637/5/204 636/5/204 649/5/204
f 651/5/41 645/5/41 633/5/41
f 638/5/205 644/5/205 640/5/205
f 649/5/206 636/5/206 634/5/206
f 642/5/43 637/5/43 648/5/43
f 641/5/207 643/5/207 656/5/207
f 653/5/208 655/5/208 650/5/208
f 657/6/29 659/6/29 664/6/29
f 660/6/30 662/6/30 659/6/30
f 661/6/31 666/6/31 668/6/31
f 665/6/32 664/6/32 668/6/32
f 663/6/33 665/6/33 676/6/33
f 678/6/34 680/6/34 667/6/34
f 679/6/35 677/6/35 676/6/35
f 675/6/36 677/6/36 670/6/36
f 672/6/37 674/6/37 679/6/37
f 671/6/38 670/6/38 674/6/38
f 669/6/39 671/6/39 658/6/39
f 661/6/40 660/6/40 673/6/40
f 675/6/41 669/6/41 657/6/41
f 662/6/20 668/6/20 664/6/20
f 673/6/42 660/6/42 658/6/42
f 666/6/43 661/6/43 672/6/43
f 667/6/44 680/6/44 676/6/44
f 679/6/17 674/6/17 670/6/17
f 687/4/520 681/4/520 683/4/520
f 682/4/222 684/4/222 686/4/222
f 690/4/223 692/4/223 686/4/223
f 691/4/224 689/4/224 688/4/224
f 699/4/225 687/4/225 689/4/225
f 702/4/226 704/4/226 691/4/226
f 703/4/227 701/4/227 700/4/227
f 693/4/228 699/4/228 701/4/228
f 702/4/229 696/4/229 698/4/229
f 695/4/230 694/4/230 698/4/230
f 681/4/231 693/4/231 695/4/231
f 685/4/232 684/4/232 697/4/232
f 699/4/233 693/4/233 681/4/233
f 683/4/234 686/4/234 692/4/234
f 697/4/235 684/4/235 682/4/235
f 702/4/236 690/4/236 685/4/236
f 689/4/237 691/4/237 704/4/237
f 701/4/238 703/4/238 698/4/238
f 705/2/239 706/2/239 708/2/239
f 708/2/240 710/2/240 709/2/240
f 709/2/241 710/2/241 712/2/241
f 712/2/242 714/2/242 713/2/242
f 714/2/243 716/2/243 715/2/243
f 715/2/244 716/2/244 718/2/244
f 710/2/245 708/2/245 718/2/245
f 708/2/245 706/2/245 718/2/245
f 706/2/245 720/2/245 718/2/245
f 718/2/245 716/2/245 714/2/245
f 714/2/245 712/2/245 718/2/245
f 718/2/246 720/2/246 719/2/246
f 719/2/247 720/2/247 706/2/247
f 719/2/248 705/2/248 711/2/248
f 705/2/248 707/2/248 711/2/248
f 707/2/248 709/2/248 711/2/248
f 711/2/248 713/2/248 719/2/248
f 713/2/248 715/2/248 719/2/248
f 721/7/29 723/7/29 728/7/29
f 724/7/30 726/7/30 723/7/30
f 730/7/31 732/7/31 726/7/31
f 731/7/32 729/7/32 728/7/32
f 727/7/33 729/7/33 740/7/33
f 742/7/34 744/7/34 731/7/34
f 741/7/35 740/7/35 744/7/35
f 733/7/36 739/7/36 741/7/36
f 742/7/37 736/7/37 738/7/37
f 737/7/38 735/7/38 734/7/38
f 733/7/39 735/7/39 722/7/39
f 725/7/40 724/7/40 737/7/40
f 739/7/41 733/7/41 721/7/41
f 726/7/20 732/7/20 728/7/20
f 737/7/42 724/7/42 722/7/42
f 730/7/43 725/7/43 736/7/43
f 731/7/44 744/7/44 740/7/44
f 741/7/17 743/7/17 738/7/17
f 745/1/259 747/1/259 752/1/259
f 748/1/260 750/1/260 747/1/260
f 754/1/261 756/1/261 750/1/261
f 755/1/262 753/1/262 752/1/262
f 751/1/263 753/1/263 764/1/263
f 766/1/264 768/1/264 755/1/264
f 765/1/265 764/1/265 768/1/265
f 763/1/266 765/1/266 758/1/266
f 760/1/267 762/1/267 767/1/267
f 761/1/268 759/1/268 758/1/268
f 757/1/269 759/1/269 746/1/269
f 749/1/270 748/1/270 761/1/270
f 763/1/271 757/1/271 745/1/271
f 747/1/20 750/1/20 756/1/20
f 761/1/272 748/1/272 746/1/272
f 754/1/273 749/1/273 760/1/273
f 755/1/274 768/1/274 764/1/274
f 767/1/17 762/1/17 758/1/17
f 769/7/29 771/7/29 776/7/29
f 772/7/30 774/7/30 771/7/30
f 778/7/31 780/7/31 774/7/31
f 779/7/32 777/7/32 776/7/32
f 775/7/33 777/7/33 788/7/33
f 790/7/34 792/7/34 779/7/34
f 789/7/35 788/7/35 792/7/35
f 781/7/36 787/7/36 789/7/36
f 790/7/37 784/7/37 786/7/37
f 785/7/38 783/7/38 782/7/38
f 781/7/39 783/7/39 770/7/39
f 773/7/40 772/7/40 785/7/40
f 787/7/41 781/7/41 769/7/41
f 774/7/20 780/7/20 776/7/20
f 785/7/42 772/7/42 770/7/42
f 778/7/43 773/7/43 784/7/43
f 779/7/44 792/7/44 788/7/44
f 789/7/17 791/7/17 786/7/17
f 793/1/259 795/1/259 800/1/259
f 796/1/260 798/1/260 795/1/260
f 802/1/261 804/1/261 798/1/261
f 803/1/262 801/1/262 800/1/262
f 799/1/263 801/1/263 812/1/263
f 814/1/264 816/1/264 803/1/264
f 813/1/265 812/1/265 816/1/265
f 811/1/266 813/1/266 806/1/266
f 808/1/267 810/1/267 815/1/267
f 809/1/268 807/1/268 806/1/268
f 805/1/269 807/1/269 794/1/269
f 797/1/270 796/1/270 809/1/270
f 811/1/271 805/1/271 793/1/271
f 795/1/20 798/1/20 804/1/20
f 809/1/272 796/1/272 794/1/272
f 802/1/273 797/1/273 808/1/273
f 803/1/274 816/1/274 812/1/274
f 815/1/17 810/1/17 806/1/17
f 817/1/29 819/1/29 824/1/29
f 820/1/30 822/1/30 819/1/30
f 826/1/31 828/1/31 822/1/31
f 825/1/32 824/1/32 828/1/32
f 823/1/33 825/1/33 836/1/33
f 838/1/34 840/1/34 827/1/34
f 839/1/35 837/1/35 836/1/35
f 829/1/36 835/1/36 837/1/36
f 832/1/37 834/1/37 839/1/37
f 833/1/38 831/1/38 830/1/38
f 829/1/39 831/1/39 818/1/39
f 821/1/40 820/1/40 833/1/40
f 835/1/41 829/1/41 817/1/41
f 819/1/20 822/1/20 828/1/20
f 833/1/42 820/1/42 818/1/42
f 826/1/43 821/1/43 832/1/43
f 827/1/44 840/1/44 836/1/44
f 839/1/17 834/1/17 830/1/17
f 842/7/279 844/7/279 843/7/279
f 843/7/280 844/7/280 846/7/280
f 846/7/281 848/7/281 847/7/281
f 848/7/282 850/7/282 849/7/282
f 849/7/283 850/7/283 852/7/283
f 851/7/284 852/7/284 854/7/284
f 854/7/285 856/7/285 855/7/285
f 856/7/286 858/7/286 857/7/286
f 857/7/287 858/7/287 860/7/287
f 860/7/288 862/7/288 861/7/288
f 846/7/34 844/7/34 842/7/34
f 842/7/34 864/7/34 862/7/34
f 862/7/34 860/7/34 858/7/34
f 858/7/34 856/7/34 862/7/34
f 856/7/34 854/7/34 862/7/34
f 854/7/34 852/7/34 846/7/34
f 852/7/34 850/7/34 846/7/34
f 850/7/34 848/7/34 846/7/34
f 846/7/34 842/7/34 862/7/34
f 862/7/289 864/7/289 863/7/289
f 863/7/290 864/7/290 842/7/290
f 863/7/39 841/7/39 843/7/39
f 843/7/39 845/7/39 847/7/39
f 847/7/39 849/7/39 855/7/39
f 849/7/39 851/7/39 855/7/39
f 851/7/39 853/7/39 855/7/39
f 855/7/39 857/7/39 859/7/39
f 859/7/39 861/7/39 863/7/39
f 863/7/39 843/7/39 847/7/39
f 855/7/39 859/7/39 863/7/39
f 866/2/291 868/2/291 867/2/291
f 867/2/292 868/2/292 870/2/292
f 870/2/293 872/2/293 871/2/293
f 871/2/294 872/2/294 874/2/294
f 874/2/295 876/2/295 875/2/295
f 875/2/296 876/2/296 878/2/296
f 870/2/297 868/2/297 866/2/297
f 866/2/297 880/2/297 878/2/297
f 878/2/297 876/2/297 874/2/297
f 874/2/297 872/2/297 870/2/297
f 870/2/297 866/2/297 878/2/297
f 878/2/298 880/2/298 879/2/298
f 879/2/299 880/2/299 866/2/299
f 879/2/300 865/2/300 867/2/300
f 867/2/300 869/2/300 879/2/300
f 869/2/300 871/2/300 879/2/300
f 871/2/300 873/2/300 879/2/300
f 873/2/300 875/2/300 879/2/300
f 881/1/29 883/1/29 888/1/29
f 882/1/30 884/1/30 886/1/30
f 885/1/31 890/1/31 892/1/31
f 889/1/32 888/1/32 892/1/32
f 887/1/33 889/1/33 900/1/33
f 902/1/34 904/1/34 891/1/34
f 901/1/35 900/1/35 904/1/35
f 893/1/36 899/1/36 901/1/36
f 896/1/37 898/1/37 903/1/37
f 895/1/38 894/1/38 898/1/38
f 893/1/39 895/1/39 882/1/39
f 885/1/40 884/1/40 897/1/40
f 899/1/41 893/1/41 881/1/41
f 886/1/20 892/1/20 888/1/20
f 897/1/42 884/1/42 882/1/42
f 890/1/43 885/1/43 896/1/43
f 891/1/44 904/1/44 900/1/44
f 901/1/17 903/1/17 898/1/17
f 905/2/29 907/2/29 912/2/29
f 906/2/30 908/2/30 910/2/30
f 914/2/31 916/2/31 910/2/31
f 913/2/32 912/2/32 916/2/32
f 911/2/33 913/2/33 924/2/33
f 926/2/34 928/2/34 915/2/34
f 927/2/35 925/2/35 924/2/35
f 923/2/36 925/2/36 918/2/36
f 920/2/37 922/2/37 927/2/37
f 919/2/38 918/2/38 922/2/38
f 917/2/39 919/2/39 906/2/39
f 909/2/40 908/2/40 921/2/40
f 923/2/41 917/2/41 905/2/41
f 910/2/20 916/2/20 912/2/20
f 921/2/42 908/2/42 906/2/42
f 914/2/43 909/2/43 920/2/43
f 915/2/44 928/2/44 924/2/44
f 927/2/17 922/2/17 918/2/17
f 930/6/306 932/6/306 931/6/306
f 932/6/17 934/6/17 933/6/17
f 934/6/307 936/6/307 935/6/307
f 936/6/308 938/6/308 937/6/308
f 934/6/43 932/6/43 930/6/43
f 930/6/43 940/6/43 938/6/43
f 938/6/43 936/6/43 930/6/43
f 938/6/20 940/6/20 939/6/20
f 939/6/309 940/6/309 930/6/309
f 939/6/41 929/6/41 931/6/41
f 931/6/41 933/6/41 935/6/41
f 935/6/41 937/6/41 939/6/41
f 941/6/306 942/6/306 944/6/306
f 944/6/17 946/6/17 945/6/17
f 946/6/307 948/6/307 947/6/307
f 948/6/308 950/6/308 949/6/308
f 946/6/43 944/6/43 942/6/43
f 942/6/43 952/6/43 950/6/43
f 950/6/43 948/6/43 942/6/43
f 950/6/20 952/6/20 951/6/20
f 952/6/309 942/6/309 941/6/309
f 951/6/41 941/6/41 947/6/41
f 941/6/41 943/6/41 947/6/41
f 943/6/41 945/6/41 947/6/41
f 954/6/306 956/6/306 955/6/306
f 956/6/17 958/6/17 957/6/17
f 958/6/307 960/6/307 959/6/307
f 959/6/308 960/6/308 962/6/308
f 958/6/43 956/6/43 954/6/43
f 954/6/43 964/6/43 962/6/43
f 962/6/43 960/6/43 954/6/43
f 961/6/20 962/6/20 964/6/20
f 963/6/309 964/6/309 954/6/309
f 963/6/41 953/6/41 959/6/41
f 953/6/41 955/6/41 959/6/41
f 955/6/41 957/6/41 959/6/41
f 965/2/29 967/2/29 972/2/29
f 966/2/30 968/2/30 970/2/30
f 974/2/31 976/2/31 970/2/31
f 973/2/32 972/2/32 976/2/32
f 971/2/33 973/2/33 984/2/33
f 986/2/34 988/2/34 975/2/34
f 987/2/35 985/2/35 984/2/35
f 983/2/36 985/2/36 978/2/36
f 980/2/37 982/2/37 987/2/37
f 979/2/38 978/2/38 982/2/38
f 977/2/39 979/2/39 966/2/39
f 969/2/40 968/2/40 981/2/40
f 983/2/41 977/2/41 965/2/41
f 970/2/20 976/2/20 972/2/20
f 981/2/42 968/2/42 966/2/42
f 974/2/43 969/2/43 980/2/43
f 975/2/44 988/2/44 984/2/44
f 987/2/17 982/2/17 978/2/17
f 990/6/306 992/6/306 991/6/306
f 992/6/17 994/6/17 993/6/17
f 994/6/307 996/6/307 995/6/307
f 996/6/308 998/6/308 997/6/308
f 994/6/43 992/6/43 990/6/43
f 990/6/43 1000/6/43 998/6/43
f 998/6/43 996/6/43 990/6/43
f 998/6/20 1000/6/20 999/6/20
f 999/6/309 1000/6/309 990/6/309
f 999/6/41 989/6/41 991/6/41
f 991/6/41 993/6/41 995/6/41
f 995/6/41 997/6/41 999/6/41
f 1001/6/306 1002/6/306 1004/6/306
f 1004/6/17 1006/6/17 1005/6/17
f 1006/6/307 1008/6/307 1007/6/307
f 1008/6/308 1010/6/308 1009/6/308
f 1006/6/43 1004/6/43 1002/6/43
f 1002/6/43 1012/6/43 1010/6/43
f 1010/6/43 1008/6/43 1002/6/43
f 1010/6/20 1012/6/20 1011/6/20
f 1012/6/309 1002/6/309 1001/6/309
f 1011/6/41 1001/6/41 1007/6/41
f 1001/6/41 1003/6/41 1007/6/41
f 1003/6/41 1005/6/41 1007/6/41
f 1014/6/306 1016/6/306 1015/6/306
f 1016/6/17 1018/6/17 1017/6/17
f 1018/6/307 1020/6/307 1019/6/307
f 1019/6/308 1020/6/308 1022/6/308
f 1018/6/43 1016/6/43 1014/6/43
f 1014/6/43 1024/6/43 1022/6/43
f 1022/6/43 1020/6/43 1014/6/43
f 1021/6/20 1022/6/20 1024/6/20
f 1023/6/309 1024/6/309 1014/6/309
f 1023/6/41 1013/6/41 1019/6/41
f 1013/6/41 1015/6/41 1019/6/41
f 1015/6/41 1017/6/41 1019/6/41
f 1025/3/312 1026/3/312 1028/3/312
f 1028/3/313 1030/3/313 1029/3/313
f 1029/3/314 1030/3/314 1032/3/314
f 1031/3/315 1032/3/315 1034/3/315
f 1034/3/316 1036/3/316 1035/3/316
f 1036/3/317 1038/3/317 1037/3/317
f 1030/3/318 1028/3/318 1026/3/318
f 1026/3/318 1040/3/318 1038/3/318
f 1038/3/318 1036/3/318 1034/3/318
f 1034/3/318 1032/3/318 1030/3/318
f 1030/3/318 1026/3/318 1034/3/318
f 1037/3/319 1038/3/319 1040/3/319
f 1040/3/320 1026/3/320 1025/3/320
f 1039/3/321 1025/3/321 1027/3/321
f 1027/3/321 1029/3/321 1031/3/321
f 1031/3/321 1033/3/321 1039/3/321
f 1033/3/321 1035/3/321 1039/3/321
f 1035/3/321 1037/3/321 1039/3/321
f 1042/3/312 1044/3/312 1043/3/312
f 1043/3/313 1044/3/313 1046/3/313
f 1046/3/314 1048/3/314 1047/3/314
f 1047/3/315 1048/3/315 1050/3/315
f 1050/3/316 1052/3/316 1051/3/316
f 1052/3/317 1054/3/317 1053/3/317
f 1046/3/318 1044/3/318 1042/3/318
f 1042/3/318 1056/3/318 1054/3/318
f 1054/3/318 1052/3/318 1046/3/318
f 1052/3/318 1050/3/318 1046/3/318
f 1050/3/318 1048/3/318 1046/3/318
f 1053/3/319 1054/3/319 1056/3/319
f 1056/3/320 1042/3/320 1041/3/320
f 1055/3/321 1041/3/321 1043/3/321
f 1043/3/321 1045/3/321 1047/3/321
f 1047/3/321 1049/3/321 1055/3/321
f 1049/3/321 1051/3/321 1055/3/321
f 1051/3/321 1053/3/321 1055/3/321
f 1058/3/312 1060/3/312 1059/3/312
f 1059/3/313 1060/3/313 1062/3/313
f 1062/3/314 1064/3/314 1063/3/314
f 1063/3/315 1064/3/315 1066/3/315
f 1066/3/316 1068/3/316 1067/3/316
f 1068/3/317 1070/3/317 1069/3/317
f 1062/3/318 1060/3/318 1058/3/318
f 1058/3/318 1072/3/318 1070/3/318
f 1070/3/318 1068/3/318 1066/3/318
f 1066/3/318 1064/3/318 1062/3/318
f 1062/3/318 1058/3/318 1070/3/318
f 1069/3/319 1070/3/319 1072/3/319
f 1071/3/320 1072/3/320 1058/3/320
f 1071/3/321 1057/3/321 1059/3/321
f 1059/3/321 1061/3/321 1071/3/321
f 1061/3/321 1063/3/321 1071/3/321
f 1063/3/321 1065/3/321 1067/3/321
f 1067/3/321 1069/3/321 1063/3/321
f 1073/3/322 1074/3/322 1076/3/322
f 1076/3/323 1078/3/323 1077/3/323
f 1078/3/324 1080/3/324 1079/3/324
f 1079/3/325 1080/3/325 1082/3/325
f 1082/3/326 1084/3/326 1083/3/326
f 1084/3/327 1086/3/327 1085/3/327
f 1078/3/328 1076/3/328 1074/3/328
f 1074/3/328 1088/3/328 1086/3/328
f 1086/3/328 1084/3/328 1082/3/328
f 1082/3/328 1080/3/328 1078/3/328
f 1078/3/328 1074/3/328 1082/3/328
f 1085/3/329 1086/3/329 1088/3/329
f 1088/3/330 1074/3/330 1073/3/330
f 1087/3/331 1073/3/331 1079/3/331
f 1073/3/331 1075/3/331 1079/3/331
f 1075/3/331 1077/3/331 1079/3/331
f 1079/3/331 1081/3/331 1083/3/331
f 1083/3/331 1085/3/331 1087/3/331
f 1090/3/322 1092/3/322 1091/3/322
f 1092/3/323 1094/3/323 1093/3/323
f 1093/3/324 1094/3/324 1096/3/324
f 1095/3/325 1096/3/325 1098/3/325
f 1098/3/326 1100/3/326 1099/3/326
f 1099/3/327 1100/3/327 1102/3/327
f 1094/3/328 1092/3/328 1102/3/328
f 1092/3/328 1090/3/328 1102/3/328
f 1090/3/328 1104/3/328 1102/3/328
f 1102/3/328 1100/3/328 1098/3/328
f 1098/3/328 1096/3/328 1102/3/328
f 1102/3/329 1104/3/329 1103/3/329
f 1104/3/330 1090/3/330 1089/3/330
f 1103/3/331 1089/3/331 1091/3/331
f 1091/3/331 1093/3/331 1095/3/331
f 1095/3/331 1097/3/331 1103/3/331
f 1097/3/331 1099/3/331 1103/3/331
f 1099/3/331 1101/3/331 1103/3/331
f 1106/3/322 1108/3/322 1107/3/322
f 1108/3/323 1110/3/323 1109/3/323
f 1109/3/324 1110/3/324 1112/3/324
f 1111/3/325 1112/3/325 1114/3/325
f 1114/3/326 1116/3/326 1115/3/326
f 1115/3/327 1116/3/327 1118/3/327
f 1110/3/328 1108/3/328 1118/3/328
f 1108/3/328 1106/3/328 1118/3/328
f 1106/3/328 1120/3/328 1118/3/328
f 1118/3/328 1116/3/328 1114/3/328
f 1114/3/328 1112/3/328 1118/3/328
f 1118/3/329 1120/3/329 1119/3/329
f 1119/3/330 1120/3/330 1106/3/330
f 1119/3/331 1105/3/331 1111/3/331
f 1105/3/331 1107/3/331 1111/3/331
f 1107/3/331 1109/3/331 1111/3/331
f 1111/3/331 1113/3/331 1115/3/331
f 1115/3/331 1117/3/331 1119/3/331
f 1122/4/332 1124/4/332 1123/4/332
f 1123/4/35 1124/4/35 1126/4/35
f 1125/4/333 1126/4/333 1128/4/333
f 1127/4/334 1128/4/334 1130/4/334
f 1130/4/38 1132/4/38 1131/4/38
f 1132/4/335 1134/4/335 1133/4/335
f 1133/4/336 1134/4/336 1136/4/336
f 1136/4/30 1138/4/30 1137/4/30
f 1138/4/337 1140/4/337 1139/4/337
f 1140/4/338 1142/4/338 1141/4/338
f 1126/4/43 1124/4/43 1122/4/43
f 1122/4/43 1144/4/43 1142/4/43
f 1142/4/43 1140/4/43 1134/4/43
f 1140/4/43 1138/4/43 1134/4/43
f 1138/4/43 1136/4/43 1134/4/43
f 1134/4/43 1132/4/43 1130/4/43
f 1130/4/43 1128/4/43 1134/4/43
f 1128/4/43 1126/4/43 1134/4/43
f 1126/4/43 1122/4/43 1134/4/43
f 1142/4/32 1144/4/32 1143/4/32
f 1143/4/339 1144/4/339 1122/4/339
f 1143/4/41 1121/4/41 1123/4/41
f 1123/4/41 1125/4/41 1143/4/41
f 1125/4/41 1127/4/41 1143/4/41
f 1127/4/41 1129/4/41 1131/4/41
f 1131/4/41 1133/4/41 1127/4/41
f 1133/4/41 1135/4/41 1127/4/41
f 1135/4/41 1137/4/41 1139/4/41
f 1139/4/41 1141/4/41 1143/4/41
f 1135/4/41 1139/4/41 1127/4/41
f 1145/7/332 1146/7/332 1148/7/332
f 1147/7/35 1148/7/35 1150/7/35
f 1149/7/333 1150/7/333 1152/7/333
f 1151/7/334 1152/7/334 1154/7/334
f 1153/7/38 1154/7/38 1156/7/38
f 1156/7/335 1158/7/335 1157/7/335
f 1158/7/336 1160/7/336 1159/7/336
f 1160/7/30 1162/7/30 1161/7/30
f 1162/7/337 1164/7/337 1163/7/337
f 1164/7/338 1166/7/338 1165/7/338
f 1150/7/43 1148/7/43 1146/7/43
f 1146/7/43 1168/7/43 1166/7/43
f 1166/7/43 1164/7/43 1158/7/43
f 1164/7/43 1162/7/43 1158/7/43
f 1162/7/43 1160/7/43 1158/7/43
f 1158/7/43 1156/7/43 1154/7/43
f 1154/7/43 1152/7/43 1150/7/43
f 1150/7/43 1146/7/43 1166/7/43
f 1158/7/43 1154/7/43 1166/7/43
f 1166/7/32 1168/7/32 1167/7/32
f 1168/7/339 1146/7/339 1145/7/339
f 1167/7/41 1145/7/41 1147/7/41
f 1147/7/41 1149/7/41 1167/7/41
f 1149/7/41 1151/7/41 1167/7/41
f 1151/7/41 1153/7/41 1155/7/41
f 1155/7/41 1157/7/41 1151/7/41
f 1157/7/41 1159/7/41 1151/7/41
f 1159/7/41 1161/7/41 1163/7/41
f 1163/7/41 1165/7/41 1167/7/41
f 1159/7/41 1163/7/41 1151/7/41
f 1169/2/29 1171/2/29 1176/2/29
f 1170/2/30 1172/2/30 1174/2/30
f 1173/2/31 1178/2/31 1180/2/31
f 1177/2/32 1176/2/32 1180/2/32
f 1175/2/33 1177/2/33 1188/2/33
f 1190/2/34 1192/2/34 1179/2/34
f 1189/2/35 1188/2/35 1192/2/35
f 1181/2/36 1187/2/36 1189/2/36
f 1184/2/37 1186/2/37 1191/2/37
f 1183/2/38 1182/2/38 1186/2/38
f 1181/2/39 1183/2/39 1170/2/39
f 1173/2/40 1172/2/40 1185/2/40
f 1187/2/41 1181/2/41 1169/2/41
f 1174/2/20 1180/2/20 1176/2/20
f 1185/2/42 1172/2/42 1170/2/42
f 1178/2/43 1173/2/43 1184/2/43
f 1179/2/44 1192/2/44 1188/2/44
f 1189/2/17 1191/2/17 1186/2/17
f 1193/7/29 1195/7/29 1200/7/29
f 1196/7/30 1198/7/30 1195/7/30
f 1202/7/31 1204/7/31 1198/7/31
f 1201/7/521 1200/7/521 1204/7/521
f 1199/7/33 1201/7/33 1212/7/33
f 1214/7/522 1216/7/522 1203/7/522
f 1213/7/523 1212/7/523 1216/7/523
f 1211/7/36 1213/7/36 1206/7/36
f 1214/7/37 1208/7/37 1210/7/37
f 1207/7/38 1206/7/38 1210/7/38
f 1205/7/524 1207/7/524 1194/7/524
f 1197/7/40 1196/7/40 1209/7/40
f 1211/7/41 1205/7/41 1193/7/41
f 1195/7/20 1198/7/20 1204/7/20
f 1209/7/42 1196/7/42 1194/7/42
f 1202/7/43 1197/7/43 1208/7/43
f 1203/7/44 1216/7/44 1212/7/44
f 1215/7/17 1210/7/17 1206/7/17
f 1217/7/29 1219/7/29 1224/7/29
f 1220/7/30 1222/7/30 1219/7/30
f 1226/7/31 1228/7/31 1222/7/31
f 1225/7/521 1224/7/521 1228/7/521
f 1223/7/33 1225/7/33 1236/7/33
f 1238/7/522 1240/7/522 1227/7/522
f 1237/7/523 1236/7/523 1240/7/523
f 1235/7/36 1237/7/36 1230/7/36
f 1238/7/37 1232/7/37 1234/7/37
f 1231/7/38 1230/7/38 1234/7/38
f 1229/7/524 1231/7/524 1218/7/524
f 1221/7/40 1220/7/40 1233/7/40
f 1235/7/41 1229/7/41 1217/7/41
f 1219/7/20 1222/7/20 1228/7/20
f 1233/7/42 1220/7/42 1218/7/42
f 1226/7/43 1221/7/43 1232/7/43
f 1227/7/44 1240/7/44 1236/7/44
f 1239/7/17 1234/7/17 1230/7/17
f 1241/7/29 1243/7/29 1248/7/29
f 1244/7/30 1246/7/30 1243/7/30
f 1250/7/31 1252/7/31 1246/7/31
f 1249/7/525 1248/7/525 1252/7/525
f 1247/7/33 1249/7/33 1260/7/33
f 1262/7/522 1264/7/522 1251/7/522
f 1261/7/523 1260/7/523 1264/7/523
f 1259/7/36 1261/7/36 1254/7/36
f 1262/7/37 1256/7/37 1258/7/37
f 1255/7/38 1254/7/38 1258/7/38
f 1253/7/524 1255/7/524 1242/7/524
f 1245/7/40 1244/7/40 1257/7/40
f 1259/7/41 1253/7/41 1241/7/41
f 1243/7/20 1246/7/20 1252/7/20
f 1257/7/42 1244/7/42 1242/7/42
f 1250/7/43 1245/7/43 1256/7/43
f 1251/7/44 1264/7/44 1260/7/44
f 1263/7/17 1258/7/17 1254/7/17
f 1265/7/29 1267/7/29 1272/7/29
f 1268/7/30 1270/7/30 1267/7/30
f 1274/7/31 1276/7/31 1270/7/31
f 1273/7/521 1272/7/521 1276/7/521
f 1271/7/33 1273/7/33 1284/7/33
f 1286/7/522 1288/7/522 1275/7/522
f 1285/7/523 1284/7/523 1288/7/523
f 1283/7/36 1285/7/36 1278/7/36
f 1286/7/37 1280/7/37 1282/7/37
f 1279/7/38 1278/7/38 1282/7/38
f 1277/7/524 1279/7/524 1266/7/524
f 1269/7/40 1268/7/40 1281/7/40
f 1283/7/41 1277/7/41 1265/7/41
f 1267/7/20 1270/7/20 1276/7/20
f 1281/7/42 1268/7/42 1266/7/42
f 1274/7/43 1269/7/43 1280/7/43
f 1275/7/44 1288/7/44 1284/7/44
f 1287/7/17 1282/7/17 1278/7/17
f 1289/7/29 1291/7/29 1296/7/29
f 1292/7/30 1294/7/30 1291/7/30
f 1298/7/31 1300/7/31 1294/7/31
f 1297/7/521 1296/7/521 1300/7/521
f 1295/7/33 1297/7/33 1308/7/33
f 1310/7/522 1312/7/522 1299/7/522
f 1309/7/523 1308/7/523 1312/7/523
f 1307/7/36 1309/7/36 1302/7/36
f 1310/7/37 1304/7/37 1306/7/37
f 1303/7/38 1302/7/38 1306/7/38
f 1301/7/524 1303/7/524 1290/7/524
f 1293/7/40 1292/7/40 1305/7/40
f 1307/7/41 1301/7/41 1289/7/41
f 1291/7/20 1294/7/20 1300/7/20
f 1305/7/42 1292/7/42 1290/7/42
f 1298/7/43 1293/7/43 1304/7/43
f 1299/7/44 1312/7/44 1308/7/44
f 1311/7/17 1306/7/17 1302/7/17
f 1313/7/29 1315/7/29 1320/7/29
f 1316/7/30 1318/7/30 1315/7/30
f 1322/7/31 1324/7/31 1318/7/31
f 1321/7/521 1320/7/521 1324/7/521
f 1319/7/33 1321/7/33 1332/7/33
f 1334/7/522 1336/7/522 1323/7/522
f 1333/7/523 1332/7/523 1336/7/523
f 1331/7/36 1333/7/36 1326/7/36
f 1334/7/37 1328/7/37 1330/7/37
f 1327/7/38 1326/7/38 1330/7/38
f 1325/7/524 1327/7/524 1314/7/524
f 1317/7/40 1316/7/40 1329/7/40
f 1331/7/41 1325/7/41 1313/7/41
f 1315/7/20 1318/7/20 1324/7/20
f 1329/7/42 1316/7/42 1314/7/42
f 1322/7/43 1317/7/43 1328/7/43
f 1323/7/44 1336/7/44 1332/7/44
f 1335/7/17 1330/7/17 1326/7/17
f 1337/7/29 1339/7/29 1344/7/29
f 1340/7/30 1342/7/30 1339/7/30
f 1346/7/31 1348/7/31 1342/7/31
f 1345/7/521 1344/7/521 1348/7/521
f 1343/7/33 1345/7/33 1356/7/33
f 1358/7/522 1360/7/522 1347/7/522
f 1357/7/523 1356/7/523 1360/7/523
f 1355/7/36 1357/7/36 1350/7/36
f 1358/7/37 1352/7/37 1354/7/37
f 1351/7/38 1350/7/38 1354/7/38
f 1349/7/524 1351/7/524 1338/7/524
f 1341/7/40 1340/7/40 1353/7/40
f 1355/7/41 1349/7/41 1337/7/41
f 1339/7/20 1342/7/20 1348/7/20
f 1353/7/42 1340/7/42 1338/7/42
f 1346/7/43 1341/7/43 1352/7/43
f 1347/7/44 1360/7/44 1356/7/44
f 1359/7/17 1354/7/17 1350/7/17
f 1361/7/29 1363/7/29 1368/7/29
f 1364/7/30 1366/7/30 1363/7/30
f 1370/7/31 1372/7/31 1366/7/31
f 1369/7/521 1368/7/521 1372/7/521
f 1367/7/33 1369/7/33 1380/7/33
f 1382/7/522 1384/7/522 1371/7/522
f 1381/7/523 1380/7/523 1384/7/523
f 1379/7/36 1381/7/36 1374/7/36
f 1382/7/37 1376/7/37 1378/7/37
f 1375/7/38 1374/7/38 1378/7/38
f 1373/7/524 1375/7/524 1362/7/524
f 1365/7/40 1364/7/40 1377/7/40
f 1379/7/41 1373/7/41 1361/7/41
f 1363/7/20 1366/7/20 1372/7/20
f 1377/7/42 1364/7/42 1362/7/42
f 1370/7/43 1365/7/43 1376/7/43
f 1371/7/44 1384/7/44 1380/7/44
f 1383/7/17 1378/7/17 1374/7/17
f 1385/7/29 1387/7/29 1392/7/29
f 1388/7/30 1390/7/30 1387/7/30
f 1394/7/31 1396/7/31 1390/7/31
f 1393/7/521 1392/7/521 1396/7/521
f 1391/7/33 1393/7/33 1404/7/33
f 1406/7/522 1408/7/522 1395/7/522
f 1405/7/523 1404/7/523 1408/7/523
f 1403/7/36 1405/7/36 1398/7/36
f 1406/7/37 1400/7/37 1402/7/37
f 1399/7/38 1398/7/38 1402/7/38
f 1397/7/524 1399/7/524 1386/7/524
f 1389/7/40 1388/7/40 1401/7/40
f 1403/7/41 1397/7/41 1385/7/41
f 1387/7/20 1390/7/20 1396/7/20
f 1401/7/42 1388/7/42 1386/7/42
f 1394/7/43 1389/7/43 1400/7/43
f 1395/7/44 1408/7/44 1404/7/44
f 1407/7/17 1402/7/17 1398/7/17
f 1409/7/29 1411/7/29 1416/7/29
f 1412/7/30 1414/7/30 1411/7/30
f 1418/7/31 1420/7/31 1414/7/31
f 1417/7/521 1416/7/521 1420/7/521
f 1415/7/33 1417/7/33 1428/7/33
f 1430/7/522 1432/7/522 1419/7/522
f 1429/7/523 1428/7/523 1432/7/523
f 1427/7/36 1429/7/36 1422/7/36
f 1430/7/37 1424/7/37 1426/7/37
f 1423/7/38 1422/7/38 1426/7/38
f 1421/7/524 1423/7/524 1410/7/524
f 1413/7/40 1412/7/40 1425/7/40
f 1427/7/41 1421/7/41 1409/7/41
f 1411/7/20 1414/7/20 1420/7/20
f 1425/7/42 1412/7/42 1410/7/42
f 1418/7/43 1413/7/43 1424/7/43
f 1419/7/44 1432/7/44 1428/7/44
f 1431/7/17 1426/7/17 1422/7/17
f 1439/5/526 1433/5/526 1435/5/526
f 1436/5/360 1438/5/360 1435/5/360
f 1437/5/361 1442/5/361 1444/5/361
f 1443/5/362 1441/5/362 1440/5/362
f 1451/5/363 1439/5/363 1441/5/363
f 1454/5/364 1456/5/364 1443/5/364
f 1453/5/365 1452/5/365 1456/5/365
f 1445/5/366 1451/5/366 1453/5/366
f 1454/5/367 1448/5/367 1450/5/367
f 1449/5/368 1447/5/368 1446/5/368
f 1433/5/369 1445/5/369 1447/5/369
f 1437/5/370 1436/5/370 1449/5/370
f 1439/5/371 1451/5/371 1445/5/371
f 1438/5/372 1444/5/372 1440/5/372
f 1447/5/373 1449/5/373 1436/5/373
f 1454/5/374 1442/5/374 1437/5/374
f 1443/5/375 1456/5/375 1452/5/375
f 1453/5/376 1455/5/376 1450/5/376
f 1458/7/377 1460/7/377 1459/7/377
f 1460/7/37 1462/7/37 1461/7/37
f 1462/7/378 1464/7/378 1463/7/378
f 1464/7/379 1466/7/379 1465/7/379
f 1465/7/36 1466/7/36 1468/7/36
f 1468/7/380 1470/7/380 1469/7/380
f 1469/7/381 1470/7/381 1472/7/381
f 1472/7/29 1474/7/29 1473/7/29
f 1474/7/382 1476/7/382 1475/7/382
f 1476/7/383 1478/7/383 1477/7/383
f 1462/7/42 1460/7/42 1458/7/42
f 1458/7/42 1480/7/42 1478/7/42
f 1478/7/42 1476/7/42 1474/7/42
f 1474/7/42 1472/7/42 1470/7/42
f 1470/7/42 1468/7/42 1466/7/42
f 1466/7/42 1464/7/42 1462/7/42
f 1462/7/42 1458/7/42 1478/7/42
f 1478/7/42 1474/7/42 1470/7/42
f 1470/7/42 1466/7/42 1462/7/42
f 1477/7/31 1478/7/31 1480/7/31
f 1480/7/384 1458/7/384 1457/7/384
f 1479/7/44 1457/7/44 1459/7/44
f 1459/7/44 1461/7/44 1463/7/44
f 1463/7/44 1465/7/44 1467/7/44
f 1467/7/44 1469/7/44 1471/7/44
f 1471/7/44 1473/7/44 1475/7/44
f 1475/7/44 1477/7/44 1479/7/44
f 1479/7/44 1459/7/44 1463/7/44
f 1463/7/44 1467/7/44 1471/7/44
f 1471/7/44 1475/7/44 1479/7/44
f 1482/2/385 1484/2/385 1483/2/385
f 1483/2/386 1484/2/386 1486/2/386
f 1486/2/387 1488/2/387 1487/2/387
f 1487/2/388 1488/2/388 1490/2/388
f 1489/2/389 1490/2/389 1492/2/389
f 1492/2/390 1494/2/390 1493/2/390
f 1486/2/391 1484/2/391 1494/2/391
f 1484/2/391 1482/2/391 1494/2/391
f 1482/2/391 1496/2/391 1494/2/391
f 1494/2/391 1492/2/391 1486/2/391
f 1492/2/391 1490/2/391 1486/2/391
f 1494/2/392 1496/2/392 1495/2/392
f 1496/2/393 1482/2/393 1481/2/393
f 1495/2/394 1481/2/394 1483/2/394
f 1483/2/394 1485/2/394 1495/2/394
f 1485/2/394 1487/2/394 1495/2/394
f 1487/2/394 1489/2/394 1491/2/394
f 1491/2/394 1493/2/394 1487/2/394
f 1497/5/403 1499/5/403 1504/5/403
f 1500/5/404 1502/5/404 1499/5/404
f 1501/5/405 1506/5/405 1508/5/405
f 1507/5/406 1505/5/406 1504/5/406
f 1515/5/407 1503/5/407 1505/5/407
f 1506/5/408 1518/5/408 1520/5/408
f 1519/5/409 1517/5/409 1516/5/409
f 1509/5/410 1515/5/410 1517/5/410
f 1518/5/411 1512/5/411 1514/5/411
f 1511/5/412 1510/5/412 1514/5/412
f 1509/5/413 1511/5/413 1498/5/413
f 1501/5/414 1500/5/414 1513/5/414
f 1503/5/415 1515/5/415 1509/5/415
f 1499/5/151 1502/5/151 1508/5/151
f 1513/5/416 1500/5/416 1498/5/416
f 1506/5/417 1501/5/417 1512/5/417
f 1505/5/418 1507/5/418 1520/5/418
f 1519/5/155 1514/5/155 1510/5/155
f 1522/7/377 1524/7/377 1523/7/377
f 1524/7/37 1526/7/37 1525/7/37
f 1526/7/378 1528/7/378 1527/7/378
f 1528/7/379 1530/7/379 1529/7/379
f 1529/7/36 1530/7/36 1532/7/36
f 1532/7/380 1534/7/380 1533/7/380
f 1533/7/381 1534/7/381 1536/7/381
f 1536/7/29 1538/7/29 1537/7/29
f 1538/7/382 1540/7/382 1539/7/382
f 1540/7/383 1542/7/383 1541/7/383
f 1526/7/42 1524/7/42 1522/7/42
f 1522/7/42 1544/7/42 1542/7/42
f 1542/7/42 1540/7/42 1538/7/42
f 1538/7/42 1536/7/42 1534/7/42
f 1534/7/42 1532/7/42 1530/7/42
f 1530/7/42 1528/7/42 1526/7/42
f 1526/7/42 1522/7/42 1542/7/42
f 1542/7/42 1538/7/42 1534/7/42
f 1534/7/42 1530/7/42 1526/7/42
f 1541/7/31 1542/7/31 1544/7/31
f 1544/7/384 1522/7/384 1521/7/384
f 1543/7/44 1521/7/44 1523/7/44
f 1523/7/44 1525/7/44 1527/7/44
f 1527/7/44 1529/7/44 1531/7/44
f 1531/7/44 1533/7/44 1535/7/44
f 1535/7/44 1537/7/44 1539/7/44
f 1539/7/44 1541/7/44 1543/7/44
f 1543/7/44 1523/7/44 1527/7/44
f 1527/7/44 1531/7/44 1535/7/44
f 1535/7/44 1539/7/44 1543/7/44
f 1546/2/419 1548/2/419 1547/2/419
f 1548/2/420 1550/2/420 1549/2/420
f 1549/2/421 1550/2/421 1552/2/421
f 1552/2/422 1554/2/422 1553/2/422
f 1554/2/423 1556/2/423 1555/2/423
f 1556/2/424 1558/2/424 1557/2/424
f 1550/2/425 1548/2/425 1558/2/425
f 1548/2/425 1546/2/425 1558/2/425
f 1546/2/425 1560/2/425 1558/2/425
f 1558/2/425 1556/2/425 1554/2/425
f 1554/2/425 1552/2/425 1558/2/425
f 1557/2/426 1558/2/426 1560/2/426
f 1559/2/427 1560/2/427 1546/2/427
f 1559/2/428 1545/2/428 1551/2/428
f 1545/2/428 1547/2/428 1551/2/428
f 1547/2/428 1549/2/428 1551/2/428
f 1551/2/428 1553/2/428 1555/2/428
f 1555/2/428 1557/2/428 1551/2/428
f 1561/4/437 1563/4/437 1568/4/437
f 1564/4/438 1566/4/438 1563/4/438
f 1570/4/439 1572/4/439 1566/4/439
f 1571/4/440 1569/4/440 1568/4/440
f 1567/4/441 1569/4/441 1580/4/441
f 1582/4/442 1584/4/442 1571/4/442
f 1583/4/443 1581/4/443 1580/4/443
f 1579/4/444 1581/4/444 1574/4/444
f 1582/4/445 1576/4/445 1578/4/445
f 1575/4/446 1574/4/446 1578/4/446
f 1573/4/447 1575/4/447 1562/4/447
f 1576/4/448 1565/4/448 1564/4/448
f 1579/4/449 1573/4/449 1561/4/449
f 1563/4/450 1566/4/450 1572/4/450
f 1577/4/451 1564/4/451 1562/4/451
f 1570/4/452 1565/4/452 1576/4/452
f 1571/4/453 1584/4/453 1580/4/453
f 1583/4/454 1578/4/454 1574/4/454
f 1586/1/11 1588/1/11 1587/1/11
f 1588/1/12 1590/1/12 1589/1/12
f 1590/1/13 1592/1/13 1591/1/13
f 1592/1/14 1594/1/14 1593/1/14
f 1594/1/15 1596/1/15 1595/1/15
f 1596/1/16 1598/1/16 1597/1/16
f 1590/1/17 1588/1/17 1586/1/17
f 1586/1/17 1600/1/17 1598/1/17
f 1598/1/17 1596/1/17 1594/1/17
f 1594/1/17 1592/1/17 1590/1/17
f 1590/1/17 1586/1/17 1594/1/17
f 1598/1/18 1600/1/18 1599/1/18
f 1600/1/19 1586/1/19 1585/1/19
f 1599/1/20 1585/1/20 1591/1/20
f 1585/1/20 1587/1/20 1591/1/20
f 1587/1/20 1589/1/20 1591/1/20
f 1591/1/20 1593/1/20 1599/1/20
f 1593/1/20 1595/1/20 1599/1/20
f 1601/2/455 1602/2/455 1604/2/455
f 1603/2/33 1604/2/33 1606/2/33
f 1606/2/456 1608/2/456 1607/2/456
f 1608/2/457 1610/2/457 1609/2/457
f 1610/2/39 1612/2/39 1611/2/39
f 1612/2/458 1614/2/458 1613/2/458
f 1614/2/459 1616/2/459 1615/2/459
f 1616/2/40 1618/2/40 1617/2/40
f 1617/2/460 1618/2/460 1620/2/460
f 1620/2/461 1622/2/461 1621/2/461
f 1606/2/17 1604/2/17 1602/2/17
f 1602/2/17 1624/2/17 1606/2/17
f 1624/2/17 1622/2/17 1606/2/17
f 1622/2/17 1620/2/17 1618/2/17
f 1618/2/17 1616/2/17 1614/2/17
f 1614/2/17 1612/2/17 1610/2/17
f 1610/2/17 1608/2/17 1614/2/17
f 1608/2/17 1606/2/17 1614/2/17
f 1622/2/17 1618/2/17 1614/2/17
f 1621/2/34 1622/2/34 1624/2/34
f 1624/2/462 1602/2/462 1601/2/462
f 1623/2/20 1601/2/20 1603/2/20
f 1603/2/20 1605/2/20 1607/2/20
f 1607/2/20 1609/2/20 1611/2/20
f 1611/2/20 1613/2/20 1607/2/20
f 1613/2/20 1615/2/20 1607/2/20
f 1615/2/20 1617/2/20 1623/2/20
f 1617/2/20 1619/2/20 1623/2/20
f 1619/2/20 1621/2/20 1623/2/20
f 1623/2/20 1603/2/20 1607/2/20
f 1626/8/463 1628/8/463 1627/8/463
f 1628/8/464 1630/8/464 1629/8/464
f 1630/8/465 1632/8/465 1631/8/465
f 1632/8/466 1634/8/466 1633/8/466
f 1634/8/467 1636/8/467 1635/8/467
f 1636/8/468 1638/8/468 1637/8/468
f 1638/8/469 1640/8/469 1639/8/469
f 1640/8/470 1642/8/470 1641/8/470
f 1642/8/471 1644/8/471 1643/8/471
f 1644/8/472 1646/8/472 1645/8/472
f 1646/8/473 1648/8/473 1647/8/473
f 1648/8/474 1650/8/474 1649/8/474
f 1650/8/475 1652/8/475 1651/8/475
f 1652/8/476 1654/8/476 1653/8/476
f 1630/8/17 1628/8/17 1626/8/17
f 1626/8/17 1656/8/17 1654/8/17
f 1654/8/17 1652/8/17 1646/8/17
f 1652/8/17 1650/8/17 1646/8/17
f 1650/8/17 1648/8/17 1646/8/17
f 1646/8/17 1644/8/17 1638/8/17
f 1644/8/17 1642/8/17 1638/8/17
f 1642/8/17 1640/8/17 1638/8/17
f 1638/8/17 1636/8/17 1634/8/17
f 1634/8/17 1632/8/17 1630/8/17
f 1630/8/17 1626/8/17 1654/8/17
f 1638/8/17 1634/8/17 1646/8/17
f 1634/8/17 1630/8/17 1646/8/17
f 1654/8/477 1656/8/477 1655/8/477
f 1656/8/478 1626/8/478 1625/8/478
f 1655/8/20 1625/8/20 1627/8/20
f 1627/8/20 1629/8/20 1655/8/20
f 1629/8/20 1631/8/20 1655/8/20
f 1631/8/20 1633/8/20 1635/8/20
f 1635/8/20 1637/8/20 1631/8/20
f 1637/8/20 1639/8/20 1631/8/20
f 1639/8/20 1641/8/20 1643/8/20
f 1643/8/20 1645/8/20 1647/8/20
f 1647/8/20 1649/8/20 1651/8/20
f 1651/8/20 1653/8/20 1647/8/20
f 1653/8/20 1655/8/20 1647/8/20
f 1639/8/20 1643/8/20 1647/8/20
f 1655/8/20 1631/8/20 1639/8/20
f 1658/2/455 1660/2/455 1659/2/455
f 1660/2/33 1662/2/33 1661/2/33
f 1662/2/456 1664/2/456 1663/2/456
f 1664/2/457 1666/2/457 1665/2/457
f 1666/2/39 1668/2/39 1667/2/39
f 1668/2/458 1670/2/458 1669/2/458
f 1670/2/459 1672/2/459 1671/2/459
f 1672/2/40 1674/2/40 1673/2/40
f 1674/2/460 1676/2/460 1675/2/460
f 1676/2/461 1678/2/461 1677/2/461
f 1662/2/17 1660/2/17 1678/2/17
f 1660/2/17 1658/2/17 1678/2/17
f 1658/2/17 1680/2/17 1678/2/17
f 1678/2/17 1676/2/17 1674/2/17
f 1674/2/17 1672/2/17 1678/2/17
f 1672/2/17 1670/2/17 1678/2/17
f 1670/2/17 1668/2/17 1666/2/17
f 1666/2/17 1664/2/17 1662/2/17
f 1670/2/17 1666/2/17 1678/2/17
f 1678/2/34 1680/2/34 1679/2/34
f 1680/2/462 1658/2/462 1657/2/462
f 1679/2/20 1657/2/20 1659/2/20
f 1659/2/20 1661/2/20 1663/2/20
f 1663/2/20 1665/2/20 1671/2/20
f 1665/2/20 1667/2/20 1671/2/20
f 1667/2/20 1669/2/20 1671/2/20
f 1671/2/20 1673/2/20 1679/2/20
f 1673/2/20 1675/2/20 1679/2/20
f 1675/2/20 1677/2/20 1679/2/20
f 1679/2/20 1659/2/20 1671/2/20
f 1682/1/455 1684/1/455 1683/1/455
f 1684/1/33 1686/1/33 1685/1/33
f 1686/1/456 1688/1/456 1687/1/456
f 1688/1/457 1690/1/457 1689/1/457
f 1690/1/39 1692/1/39 1691/1/39
f 1692/1/458 1694/1/458 1693/1/458
f 1694/1/459 1696/1/459 1695/1/459
f 1696/1/40 1698/1/40 1697/1/40
f 1698/1/460 1700/1/460 1699/1/460
f 1700/1/461 1702/1/461 1701/1/461
f 1686/1/17 1684/1/17 1682/1/17
f 1682/1/17 1704/1/17 1686/1/17
f 1704/1/17 1702/1/17 1686/1/17
f 1702/1/17 1700/1/17 1698/1/17
f 1698/1/17 1696/1/17 1694/1/17
f 1694/1/17 1692/1/17 1690/1/17
f 1690/1/17 1688/1/17 1686/1/17
f 1702/1/17 1698/1/17 1694/1/17
f 1694/1/17 1690/1/17 1702/1/17
f 1702/1/34 1704/1/34 1703/1/34
f 1704/1/462 1682/1/462 1681/1/462
f 1703/1/20 1681/1/20 1687/1/20
f 1681/1/20 1683/1/20 1687/1/20
f 1683/1/20 1685/1/20 1687/1/20
f 1687/1/20 1689/1/20 1691/1/20
f 1691/1/20 1693/1/20 1695/1/20
f 1695/1/20 1697/1/20 1703/1/20
f 1697/1/20 1699/1/20 1703/1/20
f 1699/1/20 1701/1/20 1703/1/20
f 1687/1/20 1691/1/20 1703/1/20
f 1706/6/479 1708/6/479 1707/6/479
f 1708/6/41 1710/6/41 1709/6/41
f 1710/6/480 1712/6/480 1711/6/480
f 1712/6/481 1714/6/481 1713/6/481
f 1710/6/17 1708/6/17 1706/6/17
f 1706/6/17 1716/6/17 1714/6/17
f 1714/6/17 1712/6/17 1706/6/17
f 1714/6/43 1716/6/43 1715/6/43
f 1716/6/482 1706/6/482 1705/6/482
f 1715/6/20 1705/6/20 1711/6/20
f 1705/6/20 1707/6/20 1711/6/20
f 1707/6/20 1709/6/20 1711/6/20
f 1718/6/479 1720/6/479 1719/6/479
f 1720/6/41 1722/6/41 1721/6/41
f 1722/6/480 1724/6/480 1723/6/480
f 1724/6/481 1726/6/481 1725/6/481
f 1722/6/17 1720/6/17 1726/6/17
f 1720/6/17 1718/6/17 1726/6/17
f 1718/6/17 1728/6/17 1726/6/17
f 1726/6/43 1728/6/43 1727/6/43
f 1728/6/482 1718/6/482 1717/6/482
f 1727/6/20 1717/6/20 1719/6/20
f 1719/6/20 1721/6/20 1723/6/20
f 1723/6/20 1725/6/20 1719/6/20
f 1730/6/479 1732/6/479 1731/6/479
f 1732/6/41 1734/6/41 1733/6/41
f 1734/6/480 1736/6/480 1735/6/480
f 1736/6/481 1738/6/481 1737/6/481
f 1734/6/17 1732/6/17 1730/6/17
f 1730/6/17 1740/6/17 1738/6/17
f 1738/6/17 1736/6/17 1730/6/17
f 1738/6/43 1740/6/43 1739/6/43
f 1740/6/482 1730/6/482 1729/6/482
f 1739/6/20 1729/6/20 1735/6/20
f 1729/6/20 1731/6/20 1735/6/20
f 1731/6/20 1733/6/20 1735/6/20
f 1742/6/479 1744/6/479 1743/6/479
f 1744/6/41 1746/6/41 1745/6/41
f 1746/6/480 1748/6/480 1747/6/480
f 1748/6/481 1750/6/481 1749/6/481
f 1746/6/17 1744/6/17 1742/6/17
f 1742/6/17 1752/6/17 1750/6/17
f 1750/6/17 1748/6/17 1742/6/17
f 1750/6/43 1752/6/43 1751/6/43
f 1752/6/482 1742/6/482 1741/6/482
f 1751/6/20 1741/6/20 1747/6/20
f 1741/6/20 1743/6/20 1747/6/20
f 1743/6/20 1745/6/20 1747/6/20
f 1754/6/479 1756/6/479 1755/6/479
f 1756/6/41 1758/6/41 1757/6/41
f 1758/6/480 1760/6/480 1759/6/480
f 1760/6/481 1762/6/481 1761/6/481
f 1758/6/17 1756/6/17 1754/6/17
f 1754/6/17 1764/6/17 1762/6/17
f 1762/6/17 1760/6/17 1758/6/17
f 1762/6/43 1764/6/43 1763/6/43
f 1764/6/482 1754/6/482 1753/6/482
f 1763/6/20 1753/6/20 1755/6/20
f 1755/6/20 1757/6/20 1763/6/20
f 1757/6/20 1759/6/20 1763/6/20
f 1766/8/463 1768/8/463 1767/8/463
f 1768/8/464 1770/8/464 1769/8/464
f 1770/8/465 1772/8/465 1771/8/465
f 1772/8/466 1774/8/466 1773/8/466
f 1774/8/467 1776/8/467 1775/8/467
f 1776/8/468 1778/8/468 1777/8/468
f 1778/8/469 1780/8/469 1779/8/469
f 1780/8/470 1782/8/470 1781/8/470
f 1782/8/471 1784/8/471 1783/8/471
f 1784/8/472 1786/8/472 1785/8/472
f 1786/8/473 1788/8/473 1787/8/473
f 1788/8/474 1790/8/474 1789/8/474
f 1790/8/475 1792/8/475 1791/8/475
f 1792/8/476 1794/8/476 1793/8/476
f 1770/8/17 1768/8/17 1766/8/17
f 1766/8/17 1796/8/17 1794/8/17
f 1794/8/17 1792/8/17 1786/8/17
f 1792/8/17 1790/8/17 1786/8/17
f 1790/8/17 1788/8/17 1786/8/17
f 1786/8/17 1784/8/17 1778/8/17
f 1784/8/17 1782/8/17 1778/8/17
f 1782/8/17 1780/8/17 1778/8/17
f 1778/8/17 1776/8/17 1774/8/17
f 1774/8/17 1772/8/17 1770/8/17
f 1770/8/17 1766/8/17 1794/8/17
f 1778/8/17 1774/8/17 1770/8/17
f 1770/8/17 1794/8/17 1786/8/17
f 1794/8/477 1796/8/477 1795/8/477
f 1796/8/478 1766/8/478 1765/8/478
f 1795/8/20 1765/8/20 1767/8/20
f 1767/8/20 1769/8/20 1795/8/20
f 1769/8/20 1771/8/20 1795/8/20
f 1771/8/20 1773/8/20 1775/8/20
f 1775/8/20 1777/8/20 1771/8/20
f 1777/8/20 1779/8/20 1771/8/20
f 1779/8/20 1781/8/20 1783/8/20
f 1783/8/20 1785/8/20 1787/8/20
f 1787/8/20 1789/8/20 1791/8/20
f 1791/8/20 1793/8/20 1795/8/20
f 1779/8/20 1783/8/20 1787/8/20
f 1787/8/20 1791/8/20 1779/8/20
f 1791/8/20 1795/8/20 1779/8/20
f 1798/2/455 1800/2/455 1799/2/455
f 1800/2/33 1802/2/33 1801/2/33
f 1802/2/456 1804/2/456 1803/2/456
f 1804/2/457 1806/2/457 1805/2/457
f 1806/2/39 1808/2/39 1807/2/39
f 1807/2/458 1808/2/458 1810/2/458
f 1809/2/459 1810/2/459 1812/2/459
f 1812/2/40 1814/2/40 1813/2/40
f 1814/2/460 1816/2/460 1815/2/460
f 1816/2/461 1818/2/461 1817/2/461
f 1802/2/17 1800/2/17 1818/2/17
f 1800/2/17 1798/2/17 1818/2/17
f 1798/2/17 1820/2/17 1818/2/17
f 1818/2/17 1816/2/17 1814/2/17
f 1814/2/17 1812/2/17 1818/2/17
f 1812/2/17 1810/2/17 1818/2/17
f 1810/2/17 1808/2/17 1806/2/17
f 1806/2/17 1804/2/17 1802/2/17
f 1810/2/17 1806/2/17 1818/2/17
f 1818/2/34 1820/2/34 1819/2/34
f 1820/2/462 1798/2/462 1797/2/462
f 1819/2/20 1797/2/20 1799/2/20
f 1799/2/20 1801/2/20 1803/2/20
f 1803/2/20 1805/2/20 1811/2/20
f 1805/2/20 1807/2/20 1811/2/20
f 1807/2/20 1809/2/20 1811/2/20
f 1811/2/20 1813/2/20 1815/2/20
f 1815/2/20 1817/2/20 1811/2/20
f 1817/2/20 1819/2/20 1811/2/20
f 1819/2/20 1799/2/20 1811/2/20
f 1822/1/455 1824/1/455 1823/1/455
f 1824/1/33 1826/1/33 1825/1/33
f 1826/1/456 1828/1/456 1827/1/456
f 1828/1/457 1830/1/457 1829/1/457
f 1830/1/39 1832/1/39 1831/1/39
f 1832/1/458 1834/1/458 1833/1/458
f 1834/1/459 1836/1/459 1835/1/459
f 1836/1/40 1838/1/40 1837/1/40
f 1838/1/460 1840/1/460 1839/1/460
f 1840/1/461 1842/1/461 1841/1/461
f 1826/1/17 1824/1/17 1822/1/17
f 1822/1/17 1844/1/17 1842/1/17
f 1842/1/17 1840/1/17 1838/1/17
f 1838/1/17 1836/1/17 1834/1/17
f 1834/1/17 1832/1/17 1830/1/17
f 1830/1/17 1828/1/17 1826/1/17
f 1826/1/17 1822/1/17 1834/1/17
f 1822/1/17 1842/1/17 1834/1/17
f 1842/1/17 1838/1/17 1834/1/17
f 1842/1/34 1844/1/34 1843/1/34
f 1844/1/462 1822/1/462 1821/1/462
f 1843/1/20 1821/1/20 1823/1/20
f 1823/1/20 1825/1/20 1827/1/20
f 1827/1/20 1829/1/20 1831/1/20
f 1831/1/20 1833/1/20 1835/1/20
f 1835/1/20 1837/1/20 1843/1/20
f 1837/1/20 1839/1/20 1843/1/20
f 1839/1/20 1841/1/20 1843/1/20
f 1843/1/20 1823/1/20 1827/1/20
f 1827/1/20 1831/1/20 1843/1/20
f 1846/6/479 1848/6/479 1847/6/479
f 1848/6/41 1850/6/41 1849/6/41
f 1850/6/480 1852/6/480 1851/6/480
f 1852/6/481 1854/6/481 1853/6/481
f 1850/6/17 1848/6/17 1846/6/17
f 1846/6/17 1856/6/17 1854/6/17
f 1854/6/17 1852/6/17 1846/6/17
f 1854/6/43 1856/6/43 1855/6/43
f 1856/6/482 1846/6/482 1845/6/482
f 1855/6/20 1845/6/20 1851/6/20
f 1845/6/20 1847/6/20 1851/6/20
f 1847/6/20 1849/6/20 1851/6/20
f 1858/6/479 1860/6/479 1859/6/479
f 1860/6/41 1862/6/41 1861/6/41
f 1862/6/480 1864/6/480 1863/6/480
f 1864/6/481 1866/6/481 1865/6/481
f 1862/6/17 1860/6/17 1866/6/17
f 1860/6/17 1858/6/17 1866/6/17
f 1858/6/17 1868/6/17 1866/6/17
f 1866/6/43 1868/6/43 1867/6/43
f 1868/6/482 1858/6/482 1857/6/482
f 1867/6/20 1857/6/20 1859/6/20
f 1859/6/20 1861/6/20 1863/6/20
f 1863/6/20 1865/6/20 1859/6/20
f 1870/6/479 1872/6/479 1871/6/479
f 1872/6/41 1874/6/41 1873/6/41
f 1874/6/480 1876/6/480 1875/6/480
f 1876/6/481 1878/6/481 1877/6/481
f 1874/6/17 1872/6/17 1870/6/17
f 1870/6/17 1880/6/17 1878/6/17
f 1878/6/17 1876/6/17 1870/6/17
f 1878/6/43 1880/6/43 1879/6/43
f 1880/6/482 1870/6/482 1869/6/482
f 1879/6/20 1869/6/20 1875/6/20
f 1869/6/20 1871/6/20 1875/6/20
f 1871/6/20 1873/6/20 1875/6/20
f 1882/6/479 1884/6/479 1883/6/479
f 1884/6/41 1886/6/41 1885/6/41
f 1886/6/480 1888/6/480 1887/6/480
f 1888/6/481 1890/6/481 1889/6/481
f 1886/6/17 1884/6/17 1882/6/17
f 1882/6/17 1892/6/17 1890/6/17
f 1890/6/17 1888/6/17 1882/6/17
f 1890/6/43 1892/6/43 1891/6/43
f 1892/6/482 1882/6/482 1881/6/482
f 1891/6/20 1881/6/20 1887/6/20
f 1881/6/20 1883/6/20 1887/6/20
f 1883/6/20 1885/6/20 1887/6/20
f 1894/6/479 1896/6/479 1895/6/479
f 1896/6/41 1898/6/41 1897/6/41
f 1898/6/480 1900/6/480 1899/6/480
f 1900/6/481 1902/6/481 1901/6/481
f 1898/6/17 1896/6/17 1894/6/17
f 1894/6/17 1904/6/17 1902/6/17
f 1902/6/17 1900/6/17 1898/6/17
f 1902/6/43 1904/6/43 1903/6/43
f 1904/6/482 1894/6/482 1893/6/482
f 1903/6/20 1893/6/20 1895/6/20
f 1895/6/20 1897/6/20 1903/6/20
f 1897/6/20 1899/6/20 1903/6/20
f 1906/1/11 1908/1/11 1907/1/11
f 1908/1/12 1910/1/12 1909/1/12
f 1910/1/13 1912/1/13 1911/1/13
f 1912/1/14 1914/1/14 1913/1/14
f 1914/1/15 1916/1/15 1915/1/15
f 1916/1/16 1918/1/16 1917/1/16
f 1910/1/17 1908/1/17 1906/1/17
f 1906/1/17 1920/1/17 1918/1/17
f 1918/1/17 1916/1/17 1910/1/17
f 1916/1/17 1914/1/17 1910/1/17
f 1914/1/17 1912/1/17 1910/1/17
f 1918/1/18 1920/1/18 1919/1/18
f 1920/1/19 1906/1/19 1905/1/19
f 1919/1/20 1905/1/20 1911/1/20
f 1905/1/20 1907/1/20 1911/1/20
f 1907/1/20 1909/1/20 1911/1/20
f 1911/1/20 1913/1/20 1915/1/20
f 1915/1/20 1917/1/20 1919/1/20
f 1922/2/455 1924/2/455 1923/2/455
f 1924/2/33 1926/2/33 1925/2/33
f 1926/2/456 1928/2/456 1927/2/456
f 1928/2/457 1930/2/457 1929/2/457
f 1930/2/39 1932/2/39 1931/2/39
f 1932/2/458 1934/2/458 1933/2/458
f 1934/2/459 1936/2/459 1935/2/459
f 1936/2/40 1938/2/40 1937/2/40
f 1937/2/460 1938/2/460 1940/2/460
f 1940/2/461 1942/2/461 1941/2/461
f 1926/2/17 1924/2/17 1922/2/17
f 1922/2/17 1944/2/17 1942/2/17
f 1942/2/17 1940/2/17 1938/2/17
f 1938/2/17 1936/2/17 1942/2/17
f 1936/2/17 1934/2/17 1942/2/17
f 1934/2/17 1932/2/17 1926/2/17
f 1932/2/17 1930/2/17 1926/2/17
f 1930/2/17 1928/2/17 1926/2/17
f 1926/2/17 1922/2/17 1934/2/17
f 1941/2/34 1942/2/34 1944/2/34
f 1944/2/462 1922/2/462 1921/2/462
f 1943/2/20 1921/2/20 1923/2/20
f 1923/2/20 1925/2/20 1927/2/20
f 1927/2/20 1929/2/20 1931/2/20
f 1931/2/20 1933/2/20 1927/2/20
f 1933/2/20 1935/2/20 1927/2/20
f 1935/2/20 1937/2/20 1939/2/20
f 1939/2/20 1941/2/20 1935/2/20
f 1941/2/20 1943/2/20 1935/2/20
f 1943/2/20 1923/2/20 1935/2/20
f 1946/8/463 1948/8/463 1947/8/463
f 1948/8/464 1950/8/464 1949/8/464
f 1950/8/465 1952/8/465 1951/8/465
f 1952/8/466 1954/8/466 1953/8/466
f 1954/8/467 1956/8/467 1955/8/467
f 1956/8/468 1958/8/468 1957/8/468
f 1958/8/469 1960/8/469 1959/8/469
f 1960/8/470 1962/8/470 1961/8/470
f 1962/8/471 1964/8/471 1963/8/471
f 1964/8/472 1966/8/472 1965/8/472
f 1966/8/473 1968/8/473 1967/8/473
f 1968/8/474 1970/8/474 1969/8/474
f 1970/8/475 1972/8/475 1971/8/475
f 1972/8/476 1974/8/476 1973/8/476
f 1950/8/17 1948/8/17 1974/8/17
f 1948/8/17 1946/8/17 1974/8/17
f 1946/8/17 1976/8/17 1974/8/17
f 1974/8/17 1972/8/17 1970/8/17
f 1970/8/17 1968/8/17 1974/8/17
f 1968/8/17 1966/8/17 1974/8/17
f 1966/8/17 1964/8/17 1958/8/17
f 1964/8/17 1962/8/17 1958/8/17
f 1962/8/17 1960/8/17 1958/8/17
f 1958/8/17 1956/8/17 1954/8/17
f 1954/8/17 1952/8/17 1958/8/17
f 1952/8/17 1950/8/17 1958/8/17
f 1950/8/17 1974/8/17 1958/8/17
f 1974/8/477 1976/8/477 1975/8/477
f 1976/8/478 1946/8/478 1945/8/478
f 1975/8/20 1945/8/20 1947/8/20
f 1947/8/20 1949/8/20 1975/8/20
f 1949/8/20 1951/8/20 1975/8/20
f 1951/8/20 1953/8/20 1955/8/20
f 1955/8/20 1957/8/20 1951/8/20
f 1957/8/20 1959/8/20 1951/8/20
f 1959/8/20 1961/8/20 1963/8/20
f 1963/8/20 1965/8/20 1967/8/20
f 1967/8/20 1969/8/20 1971/8/20
f 1971/8/20 1973/8/20 1975/8/20
f 1959/8/20 1963/8/20 1967/8/20
f 1967/8/20 1971/8/20 1975/8/20
f 1975/8/20 1951/8/20 1967/8/20
f 1978/2/455 1980/2/455 1979/2/455
f 1980/2/33 1982/2/33 1981/2/33
f 1982/2/456 1984/2/456 1983/2/456
f 1984/2/457 1986/2/457 1985/2/457
f 1986/2/39 1988/2/39 1987/2/39
f 1988/2/458 1990/2/458 1989/2/458
f 1990/2/459 1992/2/459 1991/2/459
f 1992/2/40 1994/2/40 1993/2/40
f 1994/2/460 1996/2/460 1995/2/460
f 1996/2/461 1998/2/461 1997/2/461
f 1982/2/17 1980/2/17 1998/2/17
f 1980/2/17 1978/2/17 1998/2/17
f 1978/2/17 2000/2/17 1998/2/17
f 1998/2/17 1996/2/17 1994/2/17
f 1994/2/17 1992/2/17 1998/2/17
f 1992/2/17 1990/2/17 1998/2/17
f 1990/2/17 1988/2/17 1982/2/17
f 1988/2/17 1986/2/17 1982/2/17
f 1986/2/17 1984/2/17 1982/2/17
f 1998/2/34 2000/2/34 1999/2/34
f 2000/2/462 1978/2/462 1977/2/462
f 1999/2/20 1977/2/20 1979/2/20
f 1979/2/20 1981/2/20 1983/2/20
f 1983/2/20 1985/2/20 1987/2/20
f 1987/2/20 1989/2/20 1991/2/20
f 1991/2/20 1993/2/20 1995/2/20
f 1995/2/20 1997/2/20 1999/2/20
f 1999/2/20 1979/2/20 1991/2/20
f 1979/2/20 1983/2/20 1991/2/20
f 1983/2/20 1987/2/20 1991/2/20
f 2002/1/455 2004/1/455 2003/1/455
f 2004/1/33 2006/1/33 2005/1/33
f 2006/1/456 2008/1/456 2007/1/456
f 2008/1/457 2010/1/457 2009/1/457
f 2010/1/39 2012/1/39 2011/1/39
f 2012/1/458 2014/1/458 2013/1/458
f 2014/1/459 2016/1/459 2015/1/459
f 2016/1/40 2018/1/40 2017/1/40
f 2018/1/460 2020/1/460 2019/1/460
f 2020/1/461 2022/1/461 2021/1/461
f 2006/1/17 2004/1/17 2002/1/17
f 2002/1/17 2024/1/17 2006/1/17
f 2024/1/17 2022/1/17 2006/1/17
f 2022/1/17 2020/1/17 2018/1/17
f 2018/1/17 2016/1/17 2014/1/17
f 2014/1/17 2012/1/17 2010/1/17
f 2010/1/17 2008/1/17 2006/1/17
f 2022/1/17 2018/1/17 2014/1/17
f 2014/1/17 2010/1/17 2006/1/17
f 2022/1/34 2024/1/34 2023/1/34
f 2024/1/462 2002/1/462 2001/1/462
f 2023/1/20 2001/1/20 2003/1/20
f 2003/1/20 2005/1/20 2007/1/20
f 2007/1/20 2009/1/20 2011/1/20
f 2011/1/20 2013/1/20 2007/1/20
f 2013/1/20 2015/1/20 2007/1/20
f 2015/1/20 2017/1/20 2023/1/20
f 2017/1/20 2019/1/20 2023/1/20
f 2019/1/20 2021/1/20 2023/1/20
f 2023/1/20 2003/1/20 2007/1/20
f 2026/6/479 2028/6/479 2027/6/479
f 2028/6/41 2030/6/41 2029/6/41
f 2030/6/480 2032/6/480 2031/6/480
f 2032/6/481 2034/6/481 2033/6/481
f 2030/6/17 2028/6/17 2026/6/17
f 2026/6/17 2036/6/17 2030/6/17
f 2036/6/17 2034/6/17 2030/6/17
f 2034/6/43 2036/6/43 2035/6/43
f 2036/6/482 2026/6/482 2025/6/482
f 2035/6/20 2025/6/20 2027/6/20
f 2027/6/20 2029/6/20 2035/6/20
f 2029/6/20 2031/6/20 2035/6/20
f 2038/6/479 2040/6/479 2039/6/479
f 2040/6/41 2042/6/41 2041/6/41
f 2042/6/480 2044/6/480 2043/6/480
f 2044/6/481 2046/6/481 2045/6/481
f 2042/6/17 2040/6/17 2038/6/17
f 2038/6/17 2048/6/17 2046/6/17
f 2046/6/17 2044/6/17 2038/6/17
f 2046/6/43 2048/6/43 2047/6/43
f 2048/6/482 2038/6/482 2037/6/482
f 2047/6/20 2037/6/20 2043/6/20
f 2037/6/20 2039/6/20 2043/6/20
f 2039/6/20 2041/6/20 2043/6/20
f 2050/6/479 2052/6/479 2051/6/479
f 2052/6/41 2054/6/41 2053/6/41
f 2054/6/480 2056/6/480 2055/6/480
f 2056/6/481 2058/6/481 2057/6/481
f 2054/6/17 2052/6/17 2050/6/17
f 2050/6/17 2060/6/17 2058/6/17
f 2058/6/17 2056/6/17 2050/6/17
f 2058/6/43 2060/6/43 2059/6/43
f 2060/6/482 2050/6/482 2049/6/482
f 2059/6/20 2049/6/20 2055/6/20
f 2049/6/20 2051/6/20 2055/6/20
f 2051/6/20 2053/6/20 2055/6/20
f 2062/6/479 2064/6/479 2063/6/479
f 2064/6/41 2066/6/41 2065/6/41
f 2066/6/480 2068/6/480 2067/6/480
f 2068/6/481 2070/6/481 2069/6/481
f 2066/6/17 2064/6/17 2062/6/17
f 2062/6/17 2072/6/17 2070/6/17
f 2070/6/17 2068/6/17 2066/6/17
f 2070/6/43 2072/6/43 2071/6/43
f 2072/6/482 2062/6/482 2061/6/482
f 2071/6/20 2061/6/20 2067/6/20
f 2061/6/20 2063/6/20 2067/6/20
f 2063/6/20 2065/6/20 2067/6/20
f 2074/6/479 2076/6/479 2075/6/479
f 2076/6/41 2078/6/41 2077/6/41
f 2078/6/480 2080/6/480 2079/6/480
f 2080/6/481 2082/6/481 2081/6/481
f 2078/6/17 2076/6/17 2074/6/17
f 2074/6/17 2084/6/17 2082/6/17
f 2082/6/17 2080/6/17 2074/6/17
f 2082/6/43 2084/6/43 2083/6/43
f 2084/6/482 2074/6/482 2073/6/482
f 2083/6/20 2073/6/20 2079/6/20
f 2073/6/20 2075/6/20 2079/6/20
f 2075/6/20 2077/6/20 2079/6/20
f 2086/2/455 2088/2/455 2087/2/455
f 2088/2/33 2090/2/33 2089/2/33
f 2090/2/456 2092/2/456 2091/2/456
f 2092/2/457 2094/2/457 2093/2/457
f 2094/2/39 2096/2/39 2095/2/39
f 2096/2/458 2098/2/458 2097/2/458
f 2098/2/459 2100/2/459 2099/2/459
f 2100/2/40 2102/2/40 2101/2/40
f 2102/2/460 2104/2/460 2103/2/460
f 2104/2/461 2106/2/461 2105/2/461
f 2090/2/17 2088/2/17 2086/2/17
f 2086/2/17 2108/2/17 2106/2/17
f 2106/2/17 2104/2/17 2102/2/17
f 2102/2/17 2100/2/17 2106/2/17
f 2100/2/17 2098/2/17 2106/2/17
f 2098/2/17 2096/2/17 2094/2/17
f 2094/2/17 2092/2/17 2090/2/17
f 2090/2/17 2086/2/17 2106/2/17
f 2098/2/17 2094/2/17 2106/2/17
f 2106/2/34 2108/2/34 2107/2/34
f 2108/2/462 2086/2/462 2085/2/462
f 2107/2/20 2085/2/20 2087/2/20
f 2087/2/20 2089/2/20 2091/2/20
f 2091/2/20 2093/2/20 2095/2/20
f 2095/2/20 2097/2/20 2099/2/20
f 2099/2/20 2101/2/20 2103/2/20
f 2103/2/20 2105/2/20 2099/2/20
f 2105/2/20 2107/2/20 2099/2/20
f 2107/2/20 2087/2/20 2099/2/20
f 2087/2/20 2091/2/20 2099/2/20
f 2109/8/483 2110/8/483 2112/8/483
f 2112/8/484 2114/8/484 2113/8/484
f 2114/8/485 2116/8/485 2115/8/485
f 2116/8/486 2118/8/486 2117/8/486
f 2118/8/487 2120/8/487 2119/8/487
f 2119/8/488 2120/8/488 2122/8/488
f 2121/8/489 2122/8/489 2124/8/489
f 2124/8/490 2126/8/490 2125/8/490
f 2125/8/491 2126/8/491 2128/8/491
f 2128/8/492 2130/8/492 2129/8/492
f 2130/8/493 2132/8/493 2131/8/493
f 2131/8/494 2132/8/494 2134/8/494
f 2133/8/495 2134/8/495 2136/8/495
f 2135/8/496 2136/8/496 2138/8/496
f 2114/8/43 2112/8/43 2110/8/43
f 2110/8/43 2140/8/43 2138/8/43
f 2138/8/43 2136/8/43 2130/8/43
f 2136/8/43 2134/8/43 2130/8/43
f 2134/8/43 2132/8/43 2130/8/43
f 2130/8/43 2128/8/43 2126/8/43
f 2126/8/43 2124/8/43 2122/8/43
f 2122/8/43 2120/8/43 2118/8/43
f 2118/8/43 2116/8/43 2122/8/43
f 2116/8/43 2114/8/43 2122/8/43
f 2114/8/43 2110/8/43 2130/8/43
f 2110/8/43 2138/8/43 2130/8/43
f 2130/8/43 2126/8/43 2114/8/43
f 2137/8/497 2138/8/497 2140/8/497
f 2140/8/498 2110/8/498 2109/8/498
f 2139/8/41 2109/8/41 2111/8/41
f 2111/8/41 2113/8/41 2115/8/41
f 2115/8/41 2117/8/41 2119/8/41
f 2119/8/41 2121/8/41 2123/8/41
f 2123/8/41 2125/8/41 2131/8/41
f 2125/8/41 2127/8/41 2131/8/41
f 2127/8/41 2129/8/41 2131/8/41
f 2131/8/41 2133/8/41 2135/8/41
f 2135/8/41 2137/8/41 2139/8/41
f 2139/8/41 2111/8/41 2123/8/41
f 2111/8/41 2115/8/41 2123/8/41
f 2115/8/41 2119/8/41 2123/8/41
f 2131/8/41 2135/8/41 2139/8/41
f 2142/2/332 2144/2/332 2143/2/332
f 2144/2/35 2146/2/35 2145/2/35
f 2146/2/333 2148/2/333 2147/2/333
f 2148/2/334 2150/2/334 2149/2/334
f 2149/2/38 2150/2/38 2152/2/38
f 2152/2/335 2154/2/335 2153/2/335
f 2154/2/336 2156/2/336 2155/2/336
f 2156/2/30 2158/2/30 2157/2/30
f 2157/2/337 2158/2/337 2160/2/337
f 2159/2/338 2160/2/338 2162/2/338
f 2146/2/43 2144/2/43 2142/2/43
f 2142/2/43 2164/2/43 2162/2/43
f 2162/2/43 2160/2/43 2154/2/43
f 2160/2/43 2158/2/43 2154/2/43
f 2158/2/43 2156/2/43 2154/2/43
f 2154/2/43 2152/2/43 2150/2/43
f 2150/2/43 2148/2/43 2154/2/43
f 2148/2/43 2146/2/43 2154/2/43
f 2146/2/43 2142/2/43 2154/2/43
f 2162/2/32 2164/2/32 2163/2/32
f 2163/2/339 2164/2/339 2142/2/339
f 2163/2/41 2141/2/41 2147/2/41
f 2141/2/41 2143/2/41 2147/2/41
f 2143/2/41 2145/2/41 2147/2/41
f 2147/2/41 2149/2/41 2151/2/41
f 2151/2/41 2153/2/41 2155/2/41
f 2155/2/41 2157/2/41 2159/2/41
f 2159/2/41 2161/2/41 2163/2/41
f 2147/2/41 2151/2/41 2155/2/41
f 2155/2/41 2159/2/41 2147/2/41
f 2171/9/29 2165/9/29 2167/9/29
f 2168/9/30 2170/9/30 2167/9/30
f 2174/9/31 2176/9/31 2170/9/31
f 2173/9/32 2172/9/32 2176/9/32
f 2171/9/33 2173/9/33 2184/9/33
f 2186/9/34 2188/9/34 2175/9/34
f 2187/9/35 2185/9/35 2184/9/35
f 2183/9/36 2185/9/36 2178/9/36
f 2180/9/37 2182/9/37 2187/9/37
f 2181/9/38 2179/9/38 2178/9/38
f 2177/9/39 2179/9/39 2166/9/39
f 2169/9/40 2168/9/40 2181/9/40
f 2183/9/41 2177/9/41 2165/9/41
f 2167/9/20 2170/9/20 2176/9/20
f 2181/9/42 2168/9/42 2166/9/42
f 2174/9/43 2169/9/43 2180/9/43
f 2175/9/44 2188/9/44 2184/9/44
f 2187/9/17 2182/9/17 2178/9/17
f 2195/9/29 2189/9/29 2191/9/29
f 2192/9/30 2194/9/30 2191/9/30
f 2198/9/31 2200/9/31 2194/9/31
f 2197/9/32 2196/9/32 2200/9/32
f 2195/9/33 2197/9/33 2208/9/33
f 2210/9/34 2212/9/34 2199/9/34
f 2211/9/35 2209/9/35 2208/9/35
f 2207/9/36 2209/9/36 2202/9/36
f 2204/9/37 2206/9/37 2211/9/37
f 2205/9/38 2203/9/38 2202/9/38
f 2201/9/39 2203/9/39 2190/9/39
f 2193/9/40 2192/9/40 2205/9/40
f 2207/9/41 2201/9/41 2189/9/41
f 2191/9/20 2194/9/20 2200/9/20
f 2205/9/42 2192/9/42 2190/9/42
f 2198/9/43 2193/9/43 2204/9/43
f 2199/9/44 2212/9/44 2208/9/44
f 2211/9/17 2206/9/17 2202/9/17
f 2214/2/499 2216/2/499 2215/2/499
f 2216/2/500 2218/2/500 2217/2/500
f 2218/2/501 2220/2/501 2219/2/501
f 2220/2/502 2222/2/502 2221/2/502
f 2221/2/503 2222/2/503 2224/2/503
f 2224/2/504 2226/2/504 2225/2/504
f 2218/2/527 2216/2/527 2214/2/527
f 2214/2/527 2228/2/527 2218/2/527
f 2228/2/505 2226/2/505 2218/2/505
f 2226/2/527 2224/2/527 2222/2/527
f 2222/2/505 2220/2/505 2218/2/505
f 2226/2/506 2228/2/506 2227/2/506
f 2227/2/507 2228/2/507 2214/2/507
f 2227/2/508 2213/2/508 2215/2/508
f 2215/2/508 2217/2/508 2227/2/508
f 2217/2/508 2219/2/508 2227/2/508
f 2219/2/528 2221/2/528 2227/2/528
f 2221/2/508 2223/2/508 2227/2/508
