# Blender 5.2.1 LTS
# www.blender.org
mtllib landmark_scrap_yard.mtl
o barrelInstances_0002
v 2.104568 0.805680 -0.388688
v 2.057235 -0.005680 -0.406886
v 2.111337 0.805680 -0.124855
v 2.057235 -0.005680 -0.406886
v 2.064999 -0.005680 -0.104254
v 2.111337 0.805680 -0.124855
v 2.111337 0.805680 -0.124855
v 2.064999 -0.005680 -0.104254
v 2.302681 0.805680 0.056917
v 2.064999 -0.005680 -0.104254
v 2.284483 -0.005680 0.104249
v 2.302681 0.805680 0.056917
v 2.302681 0.805680 0.056917
v 2.284483 -0.005680 0.104249
v 2.566514 0.805680 0.050148
v 2.284483 -0.005680 0.104249
v 2.587115 -0.005680 0.096485
v 2.566514 0.805680 0.050148
v 2.566514 0.805680 0.050148
v 2.587115 -0.005680 0.096485
v 2.748286 0.805680 -0.141196
v 2.587115 -0.005680 0.096485
v 2.795618 -0.005680 -0.122998
v 2.748286 0.805680 -0.141196
v 2.748286 0.805680 -0.141196
v 2.795618 -0.005680 -0.122998
v 2.741516 0.805680 -0.405029
v 2.795618 -0.005680 -0.122998
v 2.787854 -0.005680 -0.425630
v 2.741516 0.805680 -0.405029
v 2.741516 0.805680 -0.405029
v 2.787854 -0.005680 -0.425630
v 2.550173 0.805680 -0.586801
v 2.787854 -0.005680 -0.425630
v 2.568370 -0.005680 -0.634133
v 2.550173 0.805680 -0.586801
v 2.550173 0.805680 -0.586801
v 2.568370 -0.005680 -0.634133
v 2.286340 0.805680 -0.580032
v 2.568370 -0.005680 -0.634133
v 2.265738 -0.005680 -0.626369
v 2.286340 0.805680 -0.580032
v 2.286340 0.805680 -0.580032
v 2.265738 -0.005680 -0.626369
v 2.104568 0.805680 -0.388688
v 2.265738 -0.005680 -0.626369
v 2.057235 -0.005680 -0.406886
v 2.104568 0.805680 -0.388688
v 2.104568 0.805680 -0.388688
v 2.111337 0.805680 -0.124855
v 2.426427 0.805680 -0.264942
v 2.111337 0.805680 -0.124855
v 2.302681 0.805680 0.056917
v 2.426427 0.805680 -0.264942
v 2.302681 0.805680 0.056917
v 2.566514 0.805680 0.050148
v 2.426427 0.805680 -0.264942
v 2.566514 0.805680 0.050148
v 2.748286 0.805680 -0.141196
v 2.426427 0.805680 -0.264942
v 2.748286 0.805680 -0.141196
v 2.741516 0.805680 -0.405029
v 2.426427 0.805680 -0.264942
v 2.741516 0.805680 -0.405029
v 2.550173 0.805680 -0.586801
v 2.426427 0.805680 -0.264942
v 2.550173 0.805680 -0.586801
v 2.286340 0.805680 -0.580032
v 2.426427 0.805680 -0.264942
v 2.286340 0.805680 -0.580032
v 2.104568 0.805680 -0.388688
v 2.426427 0.805680 -0.264942
v 2.064999 -0.005680 -0.104254
v 2.057235 -0.005680 -0.406886
v 2.426427 -0.005680 -0.264942
v 2.284483 -0.005680 0.104249
v 2.064999 -0.005680 -0.104254
v 2.426427 -0.005680 -0.264942
v 2.587115 -0.005680 0.096485
v 2.284483 -0.005680 0.104249
v 2.426427 -0.005680 -0.264942
v 2.795618 -0.005680 -0.122998
v 2.587115 -0.005680 0.096485
v 2.426427 -0.005680 -0.264942
v 2.787854 -0.005680 -0.425630
v 2.795618 -0.005680 -0.122998
v 2.426427 -0.005680 -0.264942
v 2.568370 -0.005680 -0.634133
v 2.787854 -0.005680 -0.425630
v 2.426427 -0.005680 -0.264942
v 2.265738 -0.005680 -0.626369
v 2.568370 -0.005680 -0.634133
v 2.426427 -0.005680 -0.264942
v 2.057235 -0.005680 -0.406886
v 2.265738 -0.005680 -0.626369
v 2.426427 -0.005680 -0.264942
vn -0.9980 0.0576 0.0256
vn -0.6876 0.0576 0.7238
vn 0.0256 0.0576 0.9980
vn 0.7238 0.0576 0.6876
vn 0.9980 0.0576 -0.0256
vn 0.6876 0.0576 -0.7238
vn -0.0256 0.0576 -0.9980
vn -0.7238 0.0576 -0.6876
vn -0.0000 1.0000 -0.0000
vn -0.0000 -1.0000 -0.0000
vt 0.000000 1.000000
vt 0.125000 0.000000
vt 0.000000 0.000000
vt 0.125000 1.000000
vt 0.250000 0.000000
vt 0.250000 1.000000
vt 0.375000 0.000000
vt 0.375000 1.000000
vt 0.500000 0.000000
vt 0.500000 1.000000
vt 0.625000 0.000000
vt 0.625000 1.000000
vt 0.750000 0.000000
vt 0.750000 1.000000
vt 0.875000 0.000000
vt 0.875000 1.000000
vt 1.000000 0.000000
vt 1.000000 1.000000
vt 0.853553 0.146447
vt 0.500000 0.500000
vt 1.000000 0.500000
vt 0.146447 0.146447
vt 0.000000 0.500000
vt 0.146447 0.853553
vt 0.853553 0.853553
s 0
usemtl Material_4
f 2/1/1 3/2/1 1/3/1
f 5/4/1 6/2/1 4/1/1
f 8/4/2 9/5/2 7/2/2
f 11/6/2 12/5/2 10/4/2
f 14/6/3 15/7/3 13/5/3
f 17/8/3 18/7/3 16/6/3
f 20/8/4 21/9/4 19/7/4
f 23/10/4 24/9/4 22/8/4
f 26/10/5 27/11/5 25/9/5
f 29/12/5 30/11/5 28/10/5
f 32/12/6 33/13/6 31/11/6
f 35/14/6 36/13/6 34/12/6
f 38/14/7 39/15/7 37/13/7
f 41/16/7 42/15/7 40/14/7
f 44/16/8 45/17/8 43/15/8
f 47/18/8 48/17/8 46/16/8
f 50/19/9 51/20/9 49/21/9
f 53/9/9 54/20/9 52/19/9
f 56/22/9 57/20/9 55/9/9
f 59/23/9 60/20/9 58/22/9
f 62/24/9 63/20/9 61/23/9
f 65/10/9 66/20/9 64/24/9
f 68/25/9 69/20/9 67/10/9
f 71/21/9 72/20/9 70/25/9
f 74/21/10 75/20/10 73/25/10
f 77/25/10 78/20/10 76/10/10
f 80/10/10 81/20/10 79/24/10
f 83/24/10 84/20/10 82/23/10
f 86/23/10 87/20/10 85/22/10
f 89/22/10 90/20/10 88/9/10
f 92/9/10 93/20/10 91/19/10
f 95/19/10 96/20/10 94/21/10
o barrelInstances_001
v -2.044978 0.752475 -3.957104
v -2.009851 0.047525 -3.983700
v -2.242819 0.752475 -4.073036
v -2.009851 0.047525 -3.983700
v -2.236786 0.047525 -4.116682
v -2.242819 0.752475 -4.073036
v -2.242819 0.752475 -4.073036
v -2.236786 0.047525 -4.116682
v -2.464690 0.752475 -4.015118
v -2.236786 0.047525 -4.116682
v -2.491286 0.047525 -4.050245
v -2.464690 0.752475 -4.015118
v -2.464690 0.752475 -4.015118
v -2.491286 0.047525 -4.050245
v -2.580622 0.752475 -3.817277
v -2.491286 0.047525 -4.050245
v -2.624268 0.047525 -3.823309
v -2.580622 0.752475 -3.817277
v -2.580622 0.752475 -3.817277
v -2.624268 0.047525 -3.823309
v -2.522704 0.752475 -3.595405
v -2.624268 0.047525 -3.823309
v -2.557831 0.047525 -3.568810
v -2.522704 0.752475 -3.595405
v -2.522704 0.752475 -3.595405
v -2.557831 0.047525 -3.568810
v -2.324863 0.752475 -3.479474
v -2.557831 0.047525 -3.568810
v -2.330895 0.047525 -3.435828
v -2.324863 0.752475 -3.479474
v -2.324863 0.752475 -3.479474
v -2.330895 0.047525 -3.435828
v -2.102991 0.752475 -3.537392
v -2.330895 0.047525 -3.435828
v -2.076396 0.047525 -3.502265
v -2.102991 0.752475 -3.537392
v -2.102991 0.752475 -3.537392
v -2.076396 0.047525 -3.502265
v -1.987059 0.752475 -3.735233
v -2.076396 0.047525 -3.502265
v -1.943414 0.047525 -3.729200
v -1.987059 0.752475 -3.735233
v -1.987059 0.752475 -3.735233
v -1.943414 0.047525 -3.729200
v -2.044978 0.752475 -3.957104
v -1.943414 0.047525 -3.729200
v -2.009851 0.047525 -3.983700
v -2.044978 0.752475 -3.957104
v -2.044978 0.752475 -3.957104
v -2.242819 0.752475 -4.073036
v -2.283841 0.752475 -3.776255
v -2.242819 0.752475 -4.073036
v -2.464690 0.752475 -4.015118
v -2.283841 0.752475 -3.776255
v -2.464690 0.752475 -4.015118
v -2.580622 0.752475 -3.817277
v -2.283841 0.752475 -3.776255
v -2.580622 0.752475 -3.817277
v -2.522704 0.752475 -3.595405
v -2.283841 0.752475 -3.776255
v -2.522704 0.752475 -3.595405
v -2.324863 0.752475 -3.479474
v -2.283841 0.752475 -3.776255
v -2.324863 0.752475 -3.479474
v -2.102991 0.752475 -3.537392
v -2.283841 0.752475 -3.776255
v -2.102991 0.752475 -3.537392
v -1.987059 0.752475 -3.735233
v -2.283841 0.752475 -3.776255
v -1.987059 0.752475 -3.735233
v -2.044978 0.752475 -3.957104
v -2.283841 0.752475 -3.776255
v -2.236786 0.047525 -4.116682
v -2.009851 0.047525 -3.983700
v -2.283841 0.047525 -3.776255
v -2.491286 0.047525 -4.050245
v -2.236786 0.047525 -4.116682
v -2.283841 0.047525 -3.776255
v -2.624268 0.047525 -3.823309
v -2.491286 0.047525 -4.050245
v -2.283841 0.047525 -3.776255
v -2.557831 0.047525 -3.568810
v -2.624268 0.047525 -3.823309
v -2.283841 0.047525 -3.776255
v -2.330895 0.047525 -3.435828
v -2.557831 0.047525 -3.568810
v -2.283841 0.047525 -3.776255
v -2.076396 0.047525 -3.502265
v -2.330895 0.047525 -3.435828
v -2.283841 0.047525 -3.776255
v -1.943414 0.047525 -3.729200
v -2.076396 0.047525 -3.502265
v -2.283841 0.047525 -3.776255
v -2.009851 0.047525 -3.983700
v -1.943414 0.047525 -3.729200
v -2.283841 0.047525 -3.776255
vn 0.5047 0.0576 -0.8613
vn -0.2522 0.0576 -0.9660
vn -0.8613 0.0576 -0.5047
vn -0.9660 0.0576 0.2522
vn -0.5047 0.0576 0.8613
vn 0.2522 0.0576 0.9660
vn 0.8613 0.0576 0.5047
vn 0.9660 0.0576 -0.2522
vn -0.0000 1.0000 -0.0000
vn -0.0000 -1.0000 -0.0000
vt 0.000000 1.000000
vt 0.125000 0.000000
vt 0.000000 0.000000
vt 0.125000 1.000000
vt 0.250000 0.000000
vt 0.250000 1.000000
vt 0.375000 0.000000
vt 0.375000 1.000000
vt 0.500000 0.000000
vt 0.500000 1.000000
vt 0.625000 0.000000
vt 0.625000 1.000000
vt 0.750000 0.000000
vt 0.750000 1.000000
vt 0.875000 0.000000
vt 0.875000 1.000000
vt 1.000000 0.000000
vt 1.000000 1.000000
vt 0.853553 0.146447
vt 0.500000 0.500000
vt 1.000000 0.500000
vt 0.146447 0.146447
vt 0.000000 0.500000
vt 0.146447 0.853553
vt 0.853553 0.853553
s 0
usemtl Material_4
f 98/26/11 99/27/11 97/28/11
f 101/29/11 102/27/11 100/26/11
f 104/29/12 105/30/12 103/27/12
f 107/31/12 108/30/12 106/29/12
f 110/31/13 111/32/13 109/30/13
f 113/33/13 114/32/13 112/31/13
f 116/33/14 117/34/14 115/32/14
f 119/35/14 120/34/14 118/33/14
f 122/35/15 123/36/15 121/34/15
f 125/37/15 126/36/15 124/35/15
f 128/37/16 129/38/16 127/36/16
f 131/39/16 132/38/16 130/37/16
f 134/39/17 135/40/17 133/38/17
f 137/41/17 138/40/17 136/39/17
f 140/41/18 141/42/18 139/40/18
f 143/43/18 144/42/18 142/41/18
f 146/44/19 147/45/19 145/46/19
f 149/34/19 150/45/19 148/44/19
f 152/47/19 153/45/19 151/34/19
f 155/48/19 156/45/19 154/47/19
f 158/49/19 159/45/19 157/48/19
f 161/35/19 162/45/19 160/49/19
f 164/50/19 165/45/19 163/35/19
f 167/46/19 168/45/19 166/50/19
f 170/46/20 171/45/20 169/50/20
f 173/50/20 174/45/20 172/35/20
f 176/35/20 177/45/20 175/49/20
f 179/49/20 180/45/20 178/48/20
f 182/48/20 183/45/20 181/47/20
f 185/47/20 186/45/20 184/34/20
f 188/34/20 189/45/20 187/44/20
f 191/44/20 192/45/20 190/46/20
o barrelInstances_002
v -0.259296 0.716067 -3.332785
v -0.242374 0.083933 -3.297084
v -0.121339 0.716067 -3.485256
v -0.242374 0.083933 -3.297084
v -0.084128 0.083933 -3.471977
v -0.121339 0.716067 -3.485256
v -0.121339 0.716067 -3.485256
v -0.084128 0.083933 -3.471977
v -0.131601 0.716067 -3.690621
v -0.084128 0.083933 -3.471977
v -0.095900 0.083933 -3.707543
v -0.131601 0.716067 -3.690621
v -0.131601 0.716067 -3.690621
v -0.095900 0.083933 -3.707543
v -0.284072 0.716067 -3.828579
v -0.095900 0.083933 -3.707543
v -0.270793 0.083933 -3.865789
v -0.284072 0.716067 -3.828579
v -0.284072 0.716067 -3.828579
v -0.270793 0.083933 -3.865789
v -0.489437 0.716067 -3.818317
v -0.270793 0.083933 -3.865789
v -0.506359 0.083933 -3.854017
v -0.489437 0.716067 -3.818317
v -0.489437 0.716067 -3.818317
v -0.506359 0.083933 -3.854017
v -0.627394 0.716067 -3.665845
v -0.506359 0.083933 -3.854017
v -0.664605 0.083933 -3.679124
v -0.627394 0.716067 -3.665845
v -0.627394 0.716067 -3.665845
v -0.664605 0.083933 -3.679124
v -0.617132 0.716067 -3.460481
v -0.664605 0.083933 -3.679124
v -0.652833 0.083933 -3.443559
v -0.617132 0.716067 -3.460481
v -0.617132 0.716067 -3.460481
v -0.652833 0.083933 -3.443559
v -0.464661 0.716067 -3.322523
v -0.652833 0.083933 -3.443559
v -0.477940 0.083933 -3.285312
v -0.464661 0.716067 -3.322523
v -0.464661 0.716067 -3.322523
v -0.477940 0.083933 -3.285312
v -0.259296 0.716067 -3.332785
v -0.477940 0.083933 -3.285312
v -0.242374 0.083933 -3.297084
v -0.259296 0.716067 -3.332785
v -0.259296 0.716067 -3.332785
v -0.121339 0.716067 -3.485256
v -0.374366 0.716067 -3.575551
v -0.121339 0.716067 -3.485256
v -0.131601 0.716067 -3.690621
v -0.374366 0.716067 -3.575551
v -0.131601 0.716067 -3.690621
v -0.284072 0.716067 -3.828579
v -0.374366 0.716067 -3.575551
v -0.284072 0.716067 -3.828579
v -0.489437 0.716067 -3.818317
v -0.374366 0.716067 -3.575551
v -0.489437 0.716067 -3.818317
v -0.627394 0.716067 -3.665845
v -0.374366 0.716067 -3.575551
v -0.627394 0.716067 -3.665845
v -0.617132 0.716067 -3.460481
v -0.374366 0.716067 -3.575551
v -0.617132 0.716067 -3.460481
v -0.464661 0.716067 -3.322523
v -0.374366 0.716067 -3.575551
v -0.464661 0.716067 -3.322523
v -0.259296 0.716067 -3.332785
v -0.374366 0.716067 -3.575551
v -0.084128 0.083933 -3.471977
v -0.242374 0.083933 -3.297084
v -0.374366 0.083933 -3.575551
v -0.095900 0.083933 -3.707543
v -0.084128 0.083933 -3.471977
v -0.374366 0.083933 -3.575551
v -0.270793 0.083933 -3.865789
v -0.095900 0.083933 -3.707543
v -0.374366 0.083933 -3.575551
v -0.506359 0.083933 -3.854017
v -0.270793 0.083933 -3.865789
v -0.374366 0.083933 -3.575551
v -0.664605 0.083933 -3.679124
v -0.506359 0.083933 -3.854017
v -0.374366 0.083933 -3.575551
v -0.652833 0.083933 -3.443559
v -0.664605 0.083933 -3.679124
v -0.374366 0.083933 -3.575551
v -0.477940 0.083933 -3.285312
v -0.652833 0.083933 -3.443559
v -0.374366 0.083933 -3.575551
v -0.242374 0.083933 -3.297084
v -0.477940 0.083933 -3.285312
v -0.374366 0.083933 -3.575551
vn 0.7403 0.0576 0.6698
vn 0.9971 0.0576 -0.0498
vn 0.6698 0.0576 -0.7403
vn -0.0498 0.0576 -0.9971
vn -0.7403 0.0576 -0.6698
vn -0.9971 0.0576 0.0498
vn -0.6698 0.0576 0.7403
vn 0.0498 0.0576 0.9971
vn -0.0000 1.0000 -0.0000
vn -0.0000 -1.0000 -0.0000
vt 0.000000 1.000000
vt 0.125000 0.000000
vt 0.000000 0.000000
vt 0.125000 1.000000
vt 0.250000 0.000000
vt 0.250000 1.000000
vt 0.375000 0.000000
vt 0.375000 1.000000
vt 0.500000 0.000000
vt 0.500000 1.000000
vt 0.625000 0.000000
vt 0.625000 1.000000
vt 0.750000 0.000000
vt 0.750000 1.000000
vt 0.875000 0.000000
vt 0.875000 1.000000
vt 1.000000 0.000000
vt 1.000000 1.000000
vt 0.853553 0.146447
vt 0.500000 0.500000
vt 1.000000 0.500000
vt 0.146447 0.146447
vt 0.000000 0.500000
vt 0.146447 0.853553
vt 0.853553 0.853553
s 0
usemtl Material_4
f 194/51/21 195/52/21 193/53/21
f 197/54/21 198/52/21 196/51/21
f 200/54/22 201/55/22 199/52/22
f 203/56/22 204/55/22 202/54/22
f 206/56/23 207/57/23 205/55/23
f 209/58/23 210/57/23 208/56/23
f 212/58/24 213/59/24 211/57/24
f 215/60/24 216/59/24 214/58/24
f 218/60/25 219/61/25 217/59/25
f 221/62/25 222/61/25 220/60/25
f 224/62/26 225/63/26 223/61/26
f 227/64/26 228/63/26 226/62/26
f 230/64/27 231/65/27 229/63/27
f 233/66/27 234/65/27 232/64/27
f 236/66/28 237/67/28 235/65/28
f 239/68/28 240/67/28 238/66/28
f 242/69/29 243/70/29 241/71/29
f 245/59/29 246/70/29 244/69/29
f 248/72/29 249/70/29 247/59/29
f 251/73/29 252/70/29 250/72/29
f 254/74/29 255/70/29 253/73/29
f 257/60/29 258/70/29 256/74/29
f 260/75/29 261/70/29 259/60/29
f 263/71/29 264/70/29 262/75/29
f 266/71/30 267/70/30 265/75/30
f 269/75/30 270/70/30 268/60/30
f 272/60/30 273/70/30 271/74/30
f 275/74/30 276/70/30 274/73/30
f 278/73/30 279/70/30 277/72/30
f 281/72/30 282/70/30 280/59/30
f 284/59/30 285/70/30 283/69/30
f 287/69/30 288/70/30 286/71/30
o barrelInstances_003
v 0.981692 0.716067 -1.997116
v 1.020138 0.083933 -1.988014
v 0.948887 0.716067 -2.200103
v 1.020138 0.083933 -1.988014
v 0.982509 0.083933 -2.220853
v 0.948887 0.716067 -2.200103
v 0.948887 0.716067 -2.200103
v 0.982509 0.083933 -2.220853
v 0.782157 0.716067 -2.320441
v 0.982509 0.083933 -2.220853
v 0.791259 0.083933 -2.358886
v 0.782157 0.716067 -2.320441
v 0.782157 0.716067 -2.320441
v 0.791259 0.083933 -2.358886
v 0.579170 0.716067 -2.287636
v 0.791259 0.083933 -2.358886
v 0.558421 0.083933 -2.321257
v 0.579170 0.716067 -2.287636
v 0.579170 0.716067 -2.287636
v 0.558421 0.083933 -2.321257
v 0.458833 0.716067 -2.120906
v 0.558421 0.083933 -2.321257
v 0.420387 0.083933 -2.130008
v 0.458833 0.716067 -2.120906
v 0.458833 0.716067 -2.120906
v 0.420387 0.083933 -2.130008
v 0.491638 0.716067 -1.917919
v 0.420387 0.083933 -2.130008
v 0.458016 0.083933 -1.897169
v 0.491638 0.716067 -1.917919
v 0.491638 0.716067 -1.917919
v 0.458016 0.083933 -1.897169
v 0.658368 0.716067 -1.797581
v 0.458016 0.083933 -1.897169
v 0.649266 0.083933 -1.759136
v 0.658368 0.716067 -1.797581
v 0.658368 0.716067 -1.797581
v 0.649266 0.083933 -1.759136
v 0.861355 0.716067 -1.830386
v 0.649266 0.083933 -1.759136
v 0.882104 0.083933 -1.796765
v 0.861355 0.716067 -1.830386
v 0.861355 0.716067 -1.830386
v 0.882104 0.083933 -1.796765
v 0.981692 0.716067 -1.997116
v 0.882104 0.083933 -1.796765
v 1.020138 0.083933 -1.988014
v 0.981692 0.716067 -1.997116
v 0.981692 0.716067 -1.997116
v 0.948887 0.716067 -2.200103
v 0.720262 0.716067 -2.059011
v 0.948887 0.716067 -2.200103
v 0.782157 0.716067 -2.320441
v 0.720262 0.716067 -2.059011
v 0.782157 0.716067 -2.320441
v 0.579170 0.716067 -2.287636
v 0.720262 0.716067 -2.059011
v 0.579170 0.716067 -2.287636
v 0.458833 0.716067 -2.120906
v 0.720262 0.716067 -2.059011
v 0.458833 0.716067 -2.120906
v 0.491638 0.716067 -1.917919
v 0.720262 0.716067 -2.059011
v 0.491638 0.716067 -1.917919
v 0.658368 0.716067 -1.797581
v 0.720262 0.716067 -2.059011
v 0.658368 0.716067 -1.797581
v 0.861355 0.716067 -1.830386
v 0.720262 0.716067 -2.059011
v 0.861355 0.716067 -1.830386
v 0.981692 0.716067 -1.997116
v 0.720262 0.716067 -2.059011
v 0.982509 0.083933 -2.220853
v 1.020138 0.083933 -1.988014
v 0.720262 0.083933 -2.059011
v 0.791259 0.083933 -2.358886
v 0.982509 0.083933 -2.220853
v 0.720262 0.083933 -2.059011
v 0.558421 0.083933 -2.321257
v 0.791259 0.083933 -2.358886
v 0.720262 0.083933 -2.059011
v 0.420387 0.083933 -2.130008
v 0.558421 0.083933 -2.321257
v 0.720262 0.083933 -2.059011
v 0.458016 0.083933 -1.897169
v 0.420387 0.083933 -2.130008
v 0.720262 0.083933 -2.059011
v 0.649266 0.083933 -1.759136
v 0.458016 0.083933 -1.897169
v 0.720262 0.083933 -2.059011
v 0.882104 0.083933 -1.796765
v 0.649266 0.083933 -1.759136
v 0.720262 0.083933 -2.059011
v 1.020138 0.083933 -1.988014
v 0.882104 0.083933 -1.796765
v 0.720262 0.083933 -2.059011
vn 0.9855 0.0576 -0.1593
vn 0.5843 0.0576 -0.8095
vn -0.1593 0.0576 -0.9855
vn -0.1593 0.0576 -0.9856
vn -0.8095 0.0576 -0.5843
vn -0.9855 0.0576 0.1593
vn -0.9856 0.0576 0.1593
vn -0.5843 0.0576 0.8095
vn 0.1593 0.0576 0.9855
vn 0.8095 0.0576 0.5843
vn -0.0000 1.0000 -0.0000
vn -0.0000 -1.0000 -0.0000
vt 0.000000 1.000000
vt 0.125000 0.000000
vt 0.000000 0.000000
vt 0.125000 1.000000
vt 0.250000 0.000000
vt 0.250000 1.000000
vt 0.375000 0.000000
vt 0.375000 1.000000
vt 0.500000 0.000000
vt 0.500000 1.000000
vt 0.625000 0.000000
vt 0.625000 1.000000
vt 0.750000 0.000000
vt 0.750000 1.000000
vt 0.875000 0.000000
vt 0.875000 1.000000
vt 1.000000 0.000000
vt 1.000000 1.000000
vt 0.853553 0.146447
vt 0.500000 0.500000
vt 1.000000 0.500000
vt 0.146447 0.146447
vt 0.000000 0.500000
vt 0.146447 0.853553
vt 0.853553 0.853553
s 0
usemtl Material_4
f 290/76/31 291/77/31 289/78/31
f 293/79/31 294/77/31 292/76/31
f 296/79/32 297/80/32 295/77/32
f 299/81/32 300/80/32 298/79/32
f 302/81/33 303/82/33 301/80/33
f 305/83/34 306/82/34 304/81/34
f 308/83/35 309/84/35 307/82/35
f 311/85/35 312/84/35 310/83/35
f 314/85/36 315/86/36 313/84/36
f 317/87/37 318/86/37 316/85/37
f 320/87/38 321/88/38 319/86/38
f 323/89/38 324/88/38 322/87/38
f 326/89/39 327/90/39 325/88/39
f 329/91/39 330/90/39 328/89/39
f 332/91/40 333/92/40 331/90/40
f 335/93/40 336/92/40 334/91/40
f 338/94/41 339/95/41 337/96/41
f 341/84/41 342/95/41 340/94/41
f 344/97/41 345/95/41 343/84/41
f 347/98/41 348/95/41 346/97/41
f 350/99/41 351/95/41 349/98/41
f 353/85/41 354/95/41 352/99/41
f 356/100/41 357/95/41 355/85/41
f 359/96/41 360/95/41 358/100/41
f 362/96/42 363/95/42 361/100/42
f 365/100/42 366/95/42 364/85/42
f 368/85/42 369/95/42 367/99/42
f 371/99/42 372/95/42 370/98/42
f 374/98/42 375/95/42 373/97/42
f 377/97/42 378/95/42 376/84/42
f 380/84/42 381/95/42 379/94/42
f 383/94/42 384/95/42 382/96/42
o crateInstances_000
v 3.042588 0.765112 -1.230623
v 3.042588 0.034888 -1.230623
v 2.320897 0.765112 -1.341932
v 3.042588 0.034888 -1.230623
v 2.320897 0.034888 -1.341932
v 2.320897 0.765112 -1.341932
v 2.209588 0.765112 -0.620242
v 2.209588 0.034888 -0.620242
v 2.931278 0.765112 -0.508932
v 2.209588 0.034888 -0.620242
v 2.931278 0.034888 -0.508932
v 2.931278 0.765112 -0.508932
v 2.209588 0.765112 -0.620242
v 2.931278 0.765112 -0.508932
v 2.320897 0.765112 -1.341932
v 2.931278 0.765112 -0.508932
v 3.042588 0.765112 -1.230623
v 2.320897 0.765112 -1.341932
v 2.931278 0.034888 -0.508932
v 2.209588 0.034888 -0.620242
v 3.042588 0.034888 -1.230623
v 2.209588 0.034888 -0.620242
v 2.320897 0.034888 -1.341932
v 3.042588 0.034888 -1.230623
v 2.931278 0.765112 -0.508932
v 2.931278 0.034888 -0.508932
v 3.042588 0.765112 -1.230623
v 2.931278 0.034888 -0.508932
v 3.042588 0.034888 -1.230623
v 3.042588 0.765112 -1.230623
v 2.320897 0.765112 -1.341932
v 2.320897 0.034888 -1.341932
v 2.209588 0.765112 -0.620242
v 2.320897 0.034888 -1.341932
v 2.209588 0.034888 -0.620242
v 2.209588 0.765112 -0.620242
vn 0.1524 -0.0000 -0.9883
vn -0.1524 -0.0000 0.9883
vn -0.0000 1.0000 -0.0000
vn -0.0000 -1.0000 -0.0000
vn 0.9883 -0.0000 0.1524
vn -0.9883 -0.0000 -0.1524
vt 0.000000 1.000000
vt 1.000000 0.000000
vt 0.000000 0.000000
vt 1.000000 1.000000
s 0
usemtl Material_2
f 386/101/43 387/102/43 385/103/43
f 389/104/43 390/102/43 388/101/43
f 392/101/44 393/102/44 391/103/44
f 395/104/44 396/102/44 394/101/44
f 398/101/45 399/102/45 397/103/45
f 401/104/45 402/102/45 400/101/45
f 404/101/46 405/102/46 403/103/46
f 407/104/46 408/102/46 406/101/46
f 410/101/47 411/102/47 409/103/47
f 413/104/47 414/102/47 412/101/47
f 416/101/48 417/102/48 415/103/48
f 419/104/48 420/102/48 418/101/48
o crateInstances_001
v 0.436093 0.717227 -4.237123
v 0.436093 0.082773 -4.237123
v 0.846424 0.717227 -3.753222
v 0.436093 0.082773 -4.237123
v 0.846424 0.082773 -3.753222
v 0.846424 0.717227 -3.753222
v 1.330325 0.717227 -4.163553
v 1.330325 0.082773 -4.163553
v 0.919994 0.717227 -4.647454
v 1.330325 0.082773 -4.163553
v 0.919994 0.082773 -4.647454
v 0.919994 0.717227 -4.647454
v 1.330325 0.717227 -4.163553
v 0.919994 0.717227 -4.647454
v 0.846424 0.717227 -3.753222
v 0.919994 0.717227 -4.647454
v 0.436093 0.717227 -4.237123
v 0.846424 0.717227 -3.753222
v 0.919994 0.082773 -4.647454
v 1.330325 0.082773 -4.163553
v 0.436093 0.082773 -4.237123
v 1.330325 0.082773 -4.163553
v 0.846424 0.082773 -3.753222
v 0.436093 0.082773 -4.237123
v 0.919994 0.717227 -4.647454
v 0.919994 0.082773 -4.647454
v 0.436093 0.717227 -4.237123
v 0.919994 0.082773 -4.647454
v 0.436093 0.082773 -4.237123
v 0.436093 0.717227 -4.237123
v 0.846424 0.717227 -3.753222
v 0.846424 0.082773 -3.753222
v 1.330325 0.717227 -4.163553
v 0.846424 0.082773 -3.753222
v 1.330325 0.082773 -4.163553
v 1.330325 0.717227 -4.163553
vn -0.7627 -0.0000 0.6467
vn 0.7627 -0.0000 -0.6467
vn -0.0000 1.0000 -0.0000
vn -0.0000 -1.0000 -0.0000
vn -0.6467 -0.0000 -0.7627
vn 0.6467 -0.0000 0.7627
vt 0.000000 1.000000
vt 1.000000 0.000000
vt 0.000000 0.000000
vt 1.000000 1.000000
s 0
usemtl Material_2
f 422/105/49 423/106/49 421/107/49
f 425/108/49 426/106/49 424/105/49
f 428/105/50 429/106/50 427/107/50
f 431/108/50 432/106/50 430/105/50
f 434/105/51 435/106/51 433/107/51
f 437/108/51 438/106/51 436/105/51
f 440/105/52 441/106/52 439/107/52
f 443/108/52 444/106/52 442/105/52
f 446/105/53 447/106/53 445/107/53
f 449/108/53 450/106/53 448/105/53
f 452/105/54 453/106/54 451/107/54
f 455/108/54 456/106/54 454/105/54
o crateInstances_002
v 1.033676 0.684460 -0.613097
v 1.033676 0.115540 -0.613097
v 1.102354 0.684460 -1.177856
v 1.033676 0.115540 -0.613097
v 1.102354 0.115540 -1.177856
v 1.102354 0.684460 -1.177856
v 0.537594 0.684460 -1.246534
v 0.537594 0.115540 -1.246534
v 0.468917 0.684460 -0.681774
v 0.537594 0.115540 -1.246534
v 0.468917 0.115540 -0.681774
v 0.468917 0.684460 -0.681774
v 0.537594 0.684460 -1.246534
v 0.468917 0.684460 -0.681774
v 1.102354 0.684460 -1.177856
v 0.468917 0.684460 -0.681774
v 1.033676 0.684460 -0.613097
v 1.102354 0.684460 -1.177856
v 0.468917 0.115540 -0.681774
v 0.537594 0.115540 -1.246534
v 1.033676 0.115540 -0.613097
v 0.537594 0.115540 -1.246534
v 1.102354 0.115540 -1.177856
v 1.033676 0.115540 -0.613097
v 0.468917 0.684460 -0.681774
v 0.468917 0.115540 -0.681774
v 1.033676 0.684460 -0.613097
v 0.468917 0.115540 -0.681774
v 1.033676 0.115540 -0.613097
v 1.033676 0.684460 -0.613097
v 1.102354 0.684460 -1.177856
v 1.102354 0.115540 -1.177856
v 0.537594 0.684460 -1.246534
v 1.102354 0.115540 -1.177856
v 0.537594 0.115540 -1.246534
v 0.537594 0.684460 -1.246534
vn 0.9927 -0.0000 0.1207
vn -0.9927 -0.0000 -0.1207
vn -0.0000 1.0000 -0.0000
vn -0.0000 -1.0000 -0.0000
vn -0.1207 -0.0000 0.9927
vn 0.1207 -0.0000 -0.9927
vt 0.000000 1.000000
vt 1.000000 0.000000
vt 0.000000 0.000000
vt 1.000000 1.000000
s 0
usemtl Material_2
f 458/109/55 459/110/55 457/111/55
f 461/112/55 462/110/55 460/109/55
f 464/109/56 465/110/56 463/111/56
f 467/112/56 468/110/56 466/109/56
f 470/109/57 471/110/57 469/111/57
f 473/112/57 474/110/57 472/109/57
f 476/109/58 477/110/58 475/111/58
f 479/112/58 480/110/58 478/109/58
f 482/109/59 483/110/59 481/111/59
f 485/112/59 486/110/59 484/109/59
f 488/109/60 489/110/60 487/111/60
f 491/112/60 492/110/60 490/109/60
o fencePosts_0002
v -8.210517 1.145000 -5.325431
v -8.210517 -0.005000 -5.325431
v -8.243871 1.145000 -5.481916
v -8.210517 -0.005000 -5.325431
v -8.243871 -0.005000 -5.481916
v -8.243871 1.145000 -5.481916
v -8.400355 1.145000 -5.448563
v -8.400355 -0.005000 -5.448563
v -8.367002 1.145000 -5.292078
v -8.400355 -0.005000 -5.448563
v -8.367002 -0.005000 -5.292078
v -8.367002 1.145000 -5.292078
v -8.400355 1.145000 -5.448563
v -8.367002 1.145000 -5.292078
v -8.243871 1.145000 -5.481916
v -8.367002 1.145000 -5.292078
v -8.210517 1.145000 -5.325431
v -8.243871 1.145000 -5.481916
v -8.367002 -0.005000 -5.292078
v -8.400355 -0.005000 -5.448563
v -8.210517 -0.005000 -5.325431
v -8.400355 -0.005000 -5.448563
v -8.243871 -0.005000 -5.481916
v -8.210517 -0.005000 -5.325431
v -8.367002 1.145000 -5.292078
v -8.367002 -0.005000 -5.292078
v -8.210517 1.145000 -5.325431
v -8.367002 -0.005000 -5.292078
v -8.210517 -0.005000 -5.325431
v -8.210517 1.145000 -5.325431
v -8.243871 1.145000 -5.481916
v -8.243871 -0.005000 -5.481916
v -8.400355 1.145000 -5.448563
v -8.243871 -0.005000 -5.481916
v -8.400355 -0.005000 -5.448563
v -8.400355 1.145000 -5.448563
vn 0.9780 -0.0000 -0.2085
vn -0.9780 -0.0000 0.2085
vn -0.0000 1.0000 -0.0000
vn -0.0000 -1.0000 -0.0000
vn 0.2085 -0.0000 0.9780
vn -0.2085 -0.0000 -0.9780
vt 0.000000 1.000000
vt 1.000000 0.000000
vt 0.000000 0.000000
vt 1.000000 1.000000
s 0
usemtl Material_3
f 494/113/61 495/114/61 493/115/61
f 497/116/61 498/114/61 496/113/61
f 500/113/62 501/114/62 499/115/62
f 503/116/62 504/114/62 502/113/62
f 506/113/63 507/114/63 505/115/63
f 509/116/63 510/114/63 508/113/63
f 512/113/64 513/114/64 511/115/64
f 515/116/64 516/114/64 514/113/64
f 518/113/65 519/114/65 517/115/65
f 521/116/65 522/114/65 520/113/65
f 524/113/66 525/114/66 523/115/66
f 527/116/66 528/114/66 526/113/66
o fencePosts_0012
v -6.498962 1.145000 -5.690236
v -6.498962 -0.005000 -5.690236
v -6.532316 1.145000 -5.846721
v -6.498962 -0.005000 -5.690236
v -6.532316 -0.005000 -5.846721
v -6.532316 1.145000 -5.846721
v -6.688801 1.145000 -5.813368
v -6.688801 -0.005000 -5.813368
v -6.655447 1.145000 -5.656883
v -6.688801 -0.005000 -5.813368
v -6.655447 -0.005000 -5.656883
v -6.655447 1.145000 -5.656883
v -6.688801 1.145000 -5.813368
v -6.655447 1.145000 -5.656883
v -6.532316 1.145000 -5.846721
v -6.655447 1.145000 -5.656883
v -6.498962 1.145000 -5.690236
v -6.532316 1.145000 -5.846721
v -6.655447 -0.005000 -5.656883
v -6.688801 -0.005000 -5.813368
v -6.498962 -0.005000 -5.690236
v -6.688801 -0.005000 -5.813368
v -6.532316 -0.005000 -5.846721
v -6.498962 -0.005000 -5.690236
v -6.655447 1.145000 -5.656883
v -6.655447 -0.005000 -5.656883
v -6.498962 1.145000 -5.690236
v -6.655447 -0.005000 -5.656883
v -6.498962 -0.005000 -5.690236
v -6.498962 1.145000 -5.690236
v -6.532316 1.145000 -5.846721
v -6.532316 -0.005000 -5.846721
v -6.688801 1.145000 -5.813368
v -6.532316 -0.005000 -5.846721
v -6.688801 -0.005000 -5.813368
v -6.688801 1.145000 -5.813368
vn 0.9780 -0.0000 -0.2085
vn -0.9780 -0.0000 0.2085
vn -0.0000 1.0000 -0.0000
vn -0.0000 -1.0000 -0.0000
vn 0.2085 -0.0000 0.9780
vn -0.2085 -0.0000 -0.9780
vt 0.000000 1.000000
vt 1.000000 0.000000
vt 0.000000 0.000000
vt 1.000000 1.000000
s 0
usemtl Material_3
f 530/117/67 531/118/67 529/119/67
f 533/120/67 534/118/67 532/117/67
f 536/117/68 537/118/68 535/119/68
f 539/120/68 540/118/68 538/117/68
f 542/117/69 543/118/69 541/119/69
f 545/120/69 546/118/69 544/117/69
f 548/117/70 549/118/70 547/119/70
f 551/120/70 552/118/70 550/117/70
f 554/117/71 555/118/71 553/119/71
f 557/120/71 558/118/71 556/117/71
f 560/117/72 561/118/72 559/119/72
f 563/120/72 564/118/72 562/117/72
o fencePosts_0022
v -4.787408 1.145000 -6.055041
v -4.787408 -0.005000 -6.055041
v -4.820762 1.145000 -6.211526
v -4.787408 -0.005000 -6.055041
v -4.820762 -0.005000 -6.211526
v -4.820762 1.145000 -6.211526
v -4.977247 1.145000 -6.178173
v -4.977247 -0.005000 -6.178173
v -4.943893 1.145000 -6.021688
v -4.977247 -0.005000 -6.178173
v -4.943893 -0.005000 -6.021688
v -4.943893 1.145000 -6.021688
v -4.977247 1.145000 -6.178173
v -4.943893 1.145000 -6.021688
v -4.820762 1.145000 -6.211526
v -4.943893 1.145000 -6.021688
v -4.787408 1.145000 -6.055041
v -4.820762 1.145000 -6.211526
v -4.943893 -0.005000 -6.021688
v -4.977247 -0.005000 -6.178173
v -4.787408 -0.005000 -6.055041
v -4.977247 -0.005000 -6.178173
v -4.820762 -0.005000 -6.211526
v -4.787408 -0.005000 -6.055041
v -4.943893 1.145000 -6.021688
v -4.943893 -0.005000 -6.021688
v -4.787408 1.145000 -6.055041
v -4.943893 -0.005000 -6.021688
v -4.787408 -0.005000 -6.055041
v -4.787408 1.145000 -6.055041
v -4.820762 1.145000 -6.211526
v -4.820762 -0.005000 -6.211526
v -4.977247 1.145000 -6.178173
v -4.820762 -0.005000 -6.211526
v -4.977247 -0.005000 -6.178173
v -4.977247 1.145000 -6.178173
vn 0.9780 -0.0000 -0.2085
vn -0.9780 -0.0000 0.2085
vn -0.0000 1.0000 -0.0000
vn -0.0000 -1.0000 -0.0000
vn 0.2085 -0.0000 0.9780
vn -0.2085 -0.0000 -0.9780
vt 0.000000 1.000000
vt 1.000000 0.000000
vt 0.000000 0.000000
vt 1.000000 1.000000
s 0
usemtl Material_3
f 566/121/73 567/122/73 565/123/73
f 569/124/73 570/122/73 568/121/73
f 572/121/74 573/122/74 571/123/74
f 575/124/74 576/122/74 574/121/74
f 578/121/75 579/122/75 577/123/75
f 581/124/75 582/122/75 580/121/75
f 584/121/76 585/122/76 583/123/76
f 587/124/76 588/122/76 586/121/76
f 590/121/77 591/122/77 589/123/77
f 593/124/77 594/122/77 592/121/77
f 596/121/78 597/122/78 595/123/78
f 599/124/78 600/122/78 598/121/78
o fencePosts_0032
v -3.075854 1.145000 -6.419846
v -3.075854 -0.005000 -6.419846
v -3.109208 1.145000 -6.576331
v -3.075854 -0.005000 -6.419846
v -3.109208 -0.005000 -6.576331
v -3.109208 1.145000 -6.576331
v -3.265693 1.145000 -6.542977
v -3.265693 -0.005000 -6.542977
v -3.232339 1.145000 -6.386492
v -3.265693 -0.005000 -6.542977
v -3.232339 -0.005000 -6.386492
v -3.232339 1.145000 -6.386492
v -3.265693 1.145000 -6.542977
v -3.232339 1.145000 -6.386492
v -3.109208 1.145000 -6.576331
v -3.232339 1.145000 -6.386492
v -3.075854 1.145000 -6.419846
v -3.109208 1.145000 -6.576331
v -3.232339 -0.005000 -6.386492
v -3.265693 -0.005000 -6.542977
v -3.075854 -0.005000 -6.419846
v -3.265693 -0.005000 -6.542977
v -3.109208 -0.005000 -6.576331
v -3.075854 -0.005000 -6.419846
v -3.232339 1.145000 -6.386492
v -3.232339 -0.005000 -6.386492
v -3.075854 1.145000 -6.419846
v -3.232339 -0.005000 -6.386492
v -3.075854 -0.005000 -6.419846
v -3.075854 1.145000 -6.419846
v -3.109208 1.145000 -6.576331
v -3.109208 -0.005000 -6.576331
v -3.265693 1.145000 -6.542977
v -3.109208 -0.005000 -6.576331
v -3.265693 -0.005000 -6.542977
v -3.265693 1.145000 -6.542977
vn 0.9780 -0.0000 -0.2085
vn -0.9780 -0.0000 0.2085
vn -0.0000 1.0000 -0.0000
vn -0.0000 -1.0000 -0.0000
vn 0.2085 -0.0000 0.9780
vn -0.2085 -0.0000 -0.9780
vt 0.000000 1.000000
vt 1.000000 0.000000
vt 0.000000 0.000000
vt 1.000000 1.000000
s 0
usemtl Material_3
f 602/125/79 603/126/79 601/127/79
f 605/128/79 606/126/79 604/125/79
f 608/125/80 609/126/80 607/127/80
f 611/128/80 612/126/80 610/125/80
f 614/125/81 615/126/81 613/127/81
f 617/128/81 618/126/81 616/125/81
f 620/125/82 621/126/82 619/127/82
f 623/128/82 624/126/82 622/125/82
f 626/125/83 627/126/83 625/127/83
f 629/128/83 630/126/83 628/125/83
f 632/125/84 633/126/84 631/127/84
f 635/128/84 636/126/84 634/125/84
o fencePosts_0042
v -1.364300 1.145000 -6.784650
v -1.364300 -0.005000 -6.784650
v -1.397654 1.145000 -6.941135
v -1.364300 -0.005000 -6.784650
v -1.397654 -0.005000 -6.941135
v -1.397654 1.145000 -6.941135
v -1.554139 1.145000 -6.907782
v -1.554139 -0.005000 -6.907782
v -1.520785 1.145000 -6.751297
v -1.554139 -0.005000 -6.907782
v -1.520785 -0.005000 -6.751297
v -1.520785 1.145000 -6.751297
v -1.554139 1.145000 -6.907782
v -1.520785 1.145000 -6.751297
v -1.397654 1.145000 -6.941135
v -1.520785 1.145000 -6.751297
v -1.364300 1.145000 -6.784650
v -1.397654 1.145000 -6.941135
v -1.520785 -0.005000 -6.751297
v -1.554139 -0.005000 -6.907782
v -1.364300 -0.005000 -6.784650
v -1.554139 -0.005000 -6.907782
v -1.397654 -0.005000 -6.941135
v -1.364300 -0.005000 -6.784650
v -1.520785 1.145000 -6.751297
v -1.520785 -0.005000 -6.751297
v -1.364300 1.145000 -6.784650
v -1.520785 -0.005000 -6.751297
v -1.364300 -0.005000 -6.784650
v -1.364300 1.145000 -6.784650
v -1.397654 1.145000 -6.941135
v -1.397654 -0.005000 -6.941135
v -1.554139 1.145000 -6.907782
v -1.397654 -0.005000 -6.941135
v -1.554139 -0.005000 -6.907782
v -1.554139 1.145000 -6.907782
vn 0.9780 -0.0000 -0.2085
vn -0.9780 -0.0000 0.2085
vn -0.0000 1.0000 -0.0000
vn -0.0000 -1.0000 -0.0000
vn 0.2085 -0.0000 0.9780
vn -0.2085 -0.0000 -0.9780
vt 0.000000 1.000000
vt 1.000000 0.000000
vt 0.000000 0.000000
vt 1.000000 1.000000
s 0
usemtl Material_3
f 638/129/85 639/130/85 637/131/85
f 641/132/85 642/130/85 640/129/85
f 644/129/86 645/130/86 643/131/86
f 647/132/86 648/130/86 646/129/86
f 650/129/87 651/130/87 649/131/87
f 653/132/87 654/130/87 652/129/87
f 656/129/88 657/130/88 655/131/88
f 659/132/88 660/130/88 658/129/88
f 662/129/89 663/130/89 661/131/89
f 665/132/89 666/130/89 664/129/89
f 668/129/90 669/130/90 667/131/90
f 671/132/90 672/130/90 670/129/90
o fencePosts_0052
v 0.347254 1.145000 -7.149456
v 0.347254 -0.005000 -7.149456
v 0.313900 1.145000 -7.305941
v 0.347254 -0.005000 -7.149456
v 0.313900 -0.005000 -7.305941
v 0.313900 1.145000 -7.305941
v 0.157416 1.145000 -7.272587
v 0.157416 -0.005000 -7.272587
v 0.190769 1.145000 -7.116102
v 0.157416 -0.005000 -7.272587
v 0.190769 -0.005000 -7.116102
v 0.190769 1.145000 -7.116102
v 0.157416 1.145000 -7.272587
v 0.190769 1.145000 -7.116102
v 0.313900 1.145000 -7.305941
v 0.190769 1.145000 -7.116102
v 0.347254 1.145000 -7.149456
v 0.313900 1.145000 -7.305941
v 0.190769 -0.005000 -7.116102
v 0.157416 -0.005000 -7.272587
v 0.347254 -0.005000 -7.149456
v 0.157416 -0.005000 -7.272587
v 0.313900 -0.005000 -7.305941
v 0.347254 -0.005000 -7.149456
v 0.190769 1.145000 -7.116102
v 0.190769 -0.005000 -7.116102
v 0.347254 1.145000 -7.149456
v 0.190769 -0.005000 -7.116102
v 0.347254 -0.005000 -7.149456
v 0.347254 1.145000 -7.149456
v 0.313900 1.145000 -7.305941
v 0.313900 -0.005000 -7.305941
v 0.157416 1.145000 -7.272587
v 0.313900 -0.005000 -7.305941
v 0.157416 -0.005000 -7.272587
v 0.157416 1.145000 -7.272587
vn 0.9780 -0.0000 -0.2085
vn -0.9780 -0.0000 0.2085
vn -0.0000 1.0000 -0.0000
vn -0.0000 -1.0000 -0.0000
vn 0.2085 -0.0000 0.9780
vn -0.2085 -0.0000 -0.9780
vt 0.000000 1.000000
vt 1.000000 0.000000
vt 0.000000 0.000000
vt 1.000000 1.000000
s 0
usemtl Material_3
f 674/133/91 675/134/91 673/135/91
f 677/136/91 678/134/91 676/133/91
f 680/133/92 681/134/92 679/135/92
f 683/136/92 684/134/92 682/133/92
f 686/133/93 687/134/93 685/135/93
f 689/136/93 690/134/93 688/133/93
f 692/133/94 693/134/94 691/135/94
f 695/136/94 696/134/94 694/133/94
f 698/133/95 699/134/95 697/135/95
f 701/136/95 702/134/95 700/133/95
f 704/133/96 705/134/96 703/135/96
f 707/136/96 708/134/96 706/133/96
o fencePosts_006
v 2.058808 1.145000 -7.514260
v 2.058808 -0.005000 -7.514260
v 2.025455 1.145000 -7.670745
v 2.058808 -0.005000 -7.514260
v 2.025455 -0.005000 -7.670745
v 2.025455 1.145000 -7.670745
v 1.868970 1.145000 -7.637392
v 1.868970 -0.005000 -7.637392
v 1.902323 1.145000 -7.480907
v 1.868970 -0.005000 -7.637392
v 1.902323 -0.005000 -7.480907
v 1.902323 1.145000 -7.480907
v 1.868970 1.145000 -7.637392
v 1.902323 1.145000 -7.480907
v 2.025455 1.145000 -7.670745
v 1.902323 1.145000 -7.480907
v 2.058808 1.145000 -7.514260
v 2.025455 1.145000 -7.670745
v 1.902323 -0.005000 -7.480907
v 1.868970 -0.005000 -7.637392
v 2.058808 -0.005000 -7.514260
v 1.868970 -0.005000 -7.637392
v 2.025455 -0.005000 -7.670745
v 2.058808 -0.005000 -7.514260
v 1.902323 1.145000 -7.480907
v 1.902323 -0.005000 -7.480907
v 2.058808 1.145000 -7.514260
v 1.902323 -0.005000 -7.480907
v 2.058808 -0.005000 -7.514260
v 2.058808 1.145000 -7.514260
v 2.025455 1.145000 -7.670745
v 2.025455 -0.005000 -7.670745
v 1.868970 1.145000 -7.637392
v 2.025455 -0.005000 -7.670745
v 1.868970 -0.005000 -7.637392
v 1.868970 1.145000 -7.637392
vn 0.9780 -0.0000 -0.2085
vn -0.9780 -0.0000 0.2085
vn -0.0000 1.0000 -0.0000
vn -0.0000 -1.0000 -0.0000
vn 0.2085 -0.0000 0.9780
vn -0.2085 -0.0000 -0.9780
vt 0.000000 1.000000
vt 1.000000 0.000000
vt 0.000000 0.000000
vt 1.000000 1.000000
s 0
usemtl Material_3
f 710/137/97 711/138/97 709/139/97
f 713/140/97 714/138/97 712/137/97
f 716/137/98 717/138/98 715/139/98
f 719/140/98 720/138/98 718/137/98
f 722/137/99 723/138/99 721/139/99
f 725/140/99 726/138/99 724/137/99
f 728/137/100 729/138/100 727/139/100
f 731/140/100 732/138/100 730/137/100
f 734/137/101 735/138/101 733/139/101
f 737/140/101 738/138/101 736/137/101
f 740/137/102 741/138/102 739/139/102
f 743/140/102 744/138/102 742/137/102
o fencePosts_007
v 3.770362 1.145000 -7.879065
v 3.770362 -0.005000 -7.879065
v 3.737009 1.145000 -8.035550
v 3.770362 -0.005000 -7.879065
v 3.737009 -0.005000 -8.035550
v 3.737009 1.145000 -8.035550
v 3.580524 1.145000 -8.002196
v 3.580524 -0.005000 -8.002196
v 3.613877 1.145000 -7.845712
v 3.580524 -0.005000 -8.002196
v 3.613877 -0.005000 -7.845712
v 3.613877 1.145000 -7.845712
v 3.580524 1.145000 -8.002196
v 3.613877 1.145000 -7.845712
v 3.737009 1.145000 -8.035550
v 3.613877 1.145000 -7.845712
v 3.770362 1.145000 -7.879065
v 3.737009 1.145000 -8.035550
v 3.613877 -0.005000 -7.845712
v 3.580524 -0.005000 -8.002196
v 3.770362 -0.005000 -7.879065
v 3.580524 -0.005000 -8.002196
v 3.737009 -0.005000 -8.035550
v 3.770362 -0.005000 -7.879065
v 3.613877 1.145000 -7.845712
v 3.613877 -0.005000 -7.845712
v 3.770362 1.145000 -7.879065
v 3.613877 -0.005000 -7.845712
v 3.770362 -0.005000 -7.879065
v 3.770362 1.145000 -7.879065
v 3.737009 1.145000 -8.035550
v 3.737009 -0.005000 -8.035550
v 3.580524 1.145000 -8.002196
v 3.737009 -0.005000 -8.035550
v 3.580524 -0.005000 -8.002196
v 3.580524 1.145000 -8.002196
vn 0.9780 -0.0000 -0.2085
vn -0.9780 -0.0000 0.2085
vn -0.0000 1.0000 -0.0000
vn -0.0000 -1.0000 -0.0000
vn 0.2085 -0.0000 0.9780
vn -0.2085 -0.0000 -0.9780
vt 0.000000 1.000000
vt 1.000000 0.000000
vt 0.000000 0.000000
vt 1.000000 1.000000
s 0
usemtl Material_3
f 746/141/103 747/142/103 745/143/103
f 749/144/103 750/142/103 748/141/103
f 752/141/104 753/142/104 751/143/104
f 755/144/104 756/142/104 754/141/104
f 758/141/105 759/142/105 757/143/105
f 761/144/105 762/142/105 760/141/105
f 764/141/106 765/142/106 763/143/106
f 767/144/106 768/142/106 766/141/106
f 770/141/107 771/142/107 769/143/107
f 773/144/107 774/142/107 772/141/107
f 776/141/108 777/142/108 775/143/108
f 779/144/108 780/142/108 778/141/108
o fencePosts_008
v 5.481916 1.145000 -8.243871
v 5.481916 -0.005000 -8.243871
v 5.448563 1.145000 -8.400355
v 5.481916 -0.005000 -8.243871
v 5.448563 -0.005000 -8.400355
v 5.448563 1.145000 -8.400355
v 5.292078 1.145000 -8.367002
v 5.292078 -0.005000 -8.367002
v 5.325431 1.145000 -8.210517
v 5.292078 -0.005000 -8.367002
v 5.325431 -0.005000 -8.210517
v 5.325431 1.145000 -8.210517
v 5.292078 1.145000 -8.367002
v 5.325431 1.145000 -8.210517
v 5.448563 1.145000 -8.400355
v 5.325431 1.145000 -8.210517
v 5.481916 1.145000 -8.243871
v 5.448563 1.145000 -8.400355
v 5.325431 -0.005000 -8.210517
v 5.292078 -0.005000 -8.367002
v 5.481916 -0.005000 -8.243871
v 5.292078 -0.005000 -8.367002
v 5.448563 -0.005000 -8.400355
v 5.481916 -0.005000 -8.243871
v 5.325431 1.145000 -8.210517
v 5.325431 -0.005000 -8.210517
v 5.481916 1.145000 -8.243871
v 5.325431 -0.005000 -8.210517
v 5.481916 -0.005000 -8.243871
v 5.481916 1.145000 -8.243871
v 5.448563 1.145000 -8.400355
v 5.448563 -0.005000 -8.400355
v 5.292078 1.145000 -8.367002
v 5.448563 -0.005000 -8.400355
v 5.292078 -0.005000 -8.367002
v 5.292078 1.145000 -8.367002
vn 0.9780 -0.0000 -0.2085
vn -0.9780 -0.0000 0.2085
vn -0.0000 1.0000 -0.0000
vn -0.0000 -1.0000 -0.0000
vn 0.2085 -0.0000 0.9780
vn -0.2085 -0.0000 -0.9780
vt 0.000000 1.000000
vt 1.000000 0.000000
vt 0.000000 0.000000
vt 1.000000 1.000000
s 0
usemtl Material_3
f 782/145/109 783/146/109 781/147/109
f 785/148/109 786/146/109 784/145/109
f 788/145/110 789/146/110 787/147/110
f 791/148/110 792/146/110 790/145/110
f 794/145/111 795/146/111 793/147/111
f 797/148/111 798/146/111 796/145/111
f 800/145/112 801/146/112 799/147/112
f 803/148/112 804/146/112 802/145/112
f 806/145/113 807/146/113 805/147/113
f 809/148/113 810/146/113 808/145/113
f 812/145/114 813/146/114 811/147/114
f 815/148/114 816/146/114 814/145/114
o fencePosts_009
v 8.210517 1.145000 5.325431
v 8.210517 -0.005000 5.325431
v 8.243871 1.145000 5.481916
v 8.210517 -0.005000 5.325431
v 8.243871 -0.005000 5.481916
v 8.243871 1.145000 5.481916
v 8.400355 1.145000 5.448563
v 8.400355 -0.005000 5.448563
v 8.367002 1.145000 5.292078
v 8.400355 -0.005000 5.448563
v 8.367002 -0.005000 5.292078
v 8.367002 1.145000 5.292078
v 8.400355 1.145000 5.448563
v 8.367002 1.145000 5.292078
v 8.243871 1.145000 5.481916
v 8.367002 1.145000 5.292078
v 8.210517 1.145000 5.325431
v 8.243871 1.145000 5.481916
v 8.367002 -0.005000 5.292078
v 8.400355 -0.005000 5.448563
v 8.210517 -0.005000 5.325431
v 8.400355 -0.005000 5.448563
v 8.243871 -0.005000 5.481916
v 8.210517 -0.005000 5.325431
v 8.367002 1.145000 5.292078
v 8.367002 -0.005000 5.292078
v 8.210517 1.145000 5.325431
v 8.367002 -0.005000 5.292078
v 8.210517 -0.005000 5.325431
v 8.210517 1.145000 5.325431
v 8.243871 1.145000 5.481916
v 8.243871 -0.005000 5.481916
v 8.400355 1.145000 5.448563
v 8.243871 -0.005000 5.481916
v 8.400355 -0.005000 5.448563
v 8.400355 1.145000 5.448563
vn -0.9780 -0.0000 0.2085
vn 0.9780 -0.0000 -0.2085
vn -0.0000 1.0000 -0.0000
vn -0.0000 -1.0000 -0.0000
vn -0.2085 -0.0000 -0.9780
vn 0.2085 -0.0000 0.9780
vt 0.000000 1.000000
vt 1.000000 0.000000
vt 0.000000 0.000000
vt 1.000000 1.000000
s 0
usemtl Material_3
f 818/149/115 819/150/115 817/151/115
f 821/152/115 822/150/115 820/149/115
f 824/149/116 825/150/116 823/151/116
f 827/152/116 828/150/116 826/149/116
f 830/149/117 831/150/117 829/151/117
f 833/152/117 834/150/117 832/149/117
f 836/149/118 837/150/118 835/151/118
f 839/152/118 840/150/118 838/149/118
f 842/149/119 843/150/119 841/151/119
f 845/152/119 846/150/119 844/149/119
f 848/149/120 849/150/120 847/151/120
f 851/152/120 852/150/120 850/149/120
o fencePosts_010
v 6.498962 1.145000 5.690236
v 6.498962 -0.005000 5.690236
v 6.532316 1.145000 5.846721
v 6.498962 -0.005000 5.690236
v 6.532316 -0.005000 5.846721
v 6.532316 1.145000 5.846721
v 6.688801 1.145000 5.813368
v 6.688801 -0.005000 5.813368
v 6.655447 1.145000 5.656883
v 6.688801 -0.005000 5.813368
v 6.655447 -0.005000 5.656883
v 6.655447 1.145000 5.656883
v 6.688801 1.145000 5.813368
v 6.655447 1.145000 5.656883
v 6.532316 1.145000 5.846721
v 6.655447 1.145000 5.656883
v 6.498962 1.145000 5.690236
v 6.532316 1.145000 5.846721
v 6.655447 -0.005000 5.656883
v 6.688801 -0.005000 5.813368
v 6.498962 -0.005000 5.690236
v 6.688801 -0.005000 5.813368
v 6.532316 -0.005000 5.846721
v 6.498962 -0.005000 5.690236
v 6.655447 1.145000 5.656883
v 6.655447 -0.005000 5.656883
v 6.498962 1.145000 5.690236
v 6.655447 -0.005000 5.656883
v 6.498962 -0.005000 5.690236
v 6.498962 1.145000 5.690236
v 6.532316 1.145000 5.846721
v 6.532316 -0.005000 5.846721
v 6.688801 1.145000 5.813368
v 6.532316 -0.005000 5.846721
v 6.688801 -0.005000 5.813368
v 6.688801 1.145000 5.813368
vn -0.9780 -0.0000 0.2085
vn 0.9780 -0.0000 -0.2085
vn -0.0000 1.0000 -0.0000
vn -0.0000 -1.0000 -0.0000
vn -0.2085 -0.0000 -0.9780
vn 0.2085 -0.0000 0.9780
vt 0.000000 1.000000
vt 1.000000 0.000000
vt 0.000000 0.000000
vt 1.000000 1.000000
s 0
usemtl Material_3
f 854/153/121 855/154/121 853/155/121
f 857/156/121 858/154/121 856/153/121
f 860/153/122 861/154/122 859/155/122
f 863/156/122 864/154/122 862/153/122
f 866/153/123 867/154/123 865/155/123
f 869/156/123 870/154/123 868/153/123
f 872/153/124 873/154/124 871/155/124
f 875/156/124 876/154/124 874/153/124
f 878/153/125 879/154/125 877/155/125
f 881/156/125 882/154/125 880/153/125
f 884/153/126 885/154/126 883/155/126
f 887/156/126 888/154/126 886/153/126
o fencePosts_011
v 4.787408 1.145000 6.055041
v 4.787408 -0.005000 6.055041
v 4.820762 1.145000 6.211526
v 4.787408 -0.005000 6.055041
v 4.820762 -0.005000 6.211526
v 4.820762 1.145000 6.211526
v 4.977247 1.145000 6.178173
v 4.977247 -0.005000 6.178173
v 4.943893 1.145000 6.021688
v 4.977247 -0.005000 6.178173
v 4.943893 -0.005000 6.021688
v 4.943893 1.145000 6.021688
v 4.977247 1.145000 6.178173
v 4.943893 1.145000 6.021688
v 4.820762 1.145000 6.211526
v 4.943893 1.145000 6.021688
v 4.787408 1.145000 6.055041
v 4.820762 1.145000 6.211526
v 4.943893 -0.005000 6.021688
v 4.977247 -0.005000 6.178173
v 4.787408 -0.005000 6.055041
v 4.977247 -0.005000 6.178173
v 4.820762 -0.005000 6.211526
v 4.787408 -0.005000 6.055041
v 4.943893 1.145000 6.021688
v 4.943893 -0.005000 6.021688
v 4.787408 1.145000 6.055041
v 4.943893 -0.005000 6.021688
v 4.787408 -0.005000 6.055041
v 4.787408 1.145000 6.055041
v 4.820762 1.145000 6.211526
v 4.820762 -0.005000 6.211526
v 4.977247 1.145000 6.178173
v 4.820762 -0.005000 6.211526
v 4.977247 -0.005000 6.178173
v 4.977247 1.145000 6.178173
vn -0.9780 -0.0000 0.2085
vn 0.9780 -0.0000 -0.2085
vn -0.0000 1.0000 -0.0000
vn -0.0000 -1.0000 -0.0000
vn -0.2085 -0.0000 -0.9780
vn 0.2085 -0.0000 0.9780
vt 0.000000 1.000000
vt 1.000000 0.000000
vt 0.000000 0.000000
vt 1.000000 1.000000
s 0
usemtl Material_3
f 890/157/127 891/158/127 889/159/127
f 893/160/127 894/158/127 892/157/127
f 896/157/128 897/158/128 895/159/128
f 899/160/128 900/158/128 898/157/128
f 902/157/129 903/158/129 901/159/129
f 905/160/129 906/158/129 904/157/129
f 908/157/130 909/158/130 907/159/130
f 911/160/130 912/158/130 910/157/130
f 914/157/131 915/158/131 913/159/131
f 917/160/131 918/158/131 916/157/131
f 920/157/132 921/158/132 919/159/132
f 923/160/132 924/158/132 922/157/132
o fencePosts_012
v 3.075854 1.145000 6.419846
v 3.075854 -0.005000 6.419846
v 3.109208 1.145000 6.576331
v 3.075854 -0.005000 6.419846
v 3.109208 -0.005000 6.576331
v 3.109208 1.145000 6.576331
v 3.265693 1.145000 6.542977
v 3.265693 -0.005000 6.542977
v 3.232339 1.145000 6.386492
v 3.265693 -0.005000 6.542977
v 3.232339 -0.005000 6.386492
v 3.232339 1.145000 6.386492
v 3.265693 1.145000 6.542977
v 3.232339 1.145000 6.386492
v 3.109208 1.145000 6.576331
v 3.232339 1.145000 6.386492
v 3.075854 1.145000 6.419846
v 3.109208 1.145000 6.576331
v 3.232339 -0.005000 6.386492
v 3.265693 -0.005000 6.542977
v 3.075854 -0.005000 6.419846
v 3.265693 -0.005000 6.542977
v 3.109208 -0.005000 6.576331
v 3.075854 -0.005000 6.419846
v 3.232339 1.145000 6.386492
v 3.232339 -0.005000 6.386492
v 3.075854 1.145000 6.419846
v 3.232339 -0.005000 6.386492
v 3.075854 -0.005000 6.419846
v 3.075854 1.145000 6.419846
v 3.109208 1.145000 6.576331
v 3.109208 -0.005000 6.576331
v 3.265693 1.145000 6.542977
v 3.109208 -0.005000 6.576331
v 3.265693 -0.005000 6.542977
v 3.265693 1.145000 6.542977
vn -0.9780 -0.0000 0.2085
vn 0.9780 -0.0000 -0.2085
vn -0.0000 1.0000 -0.0000
vn -0.0000 -1.0000 -0.0000
vn -0.2085 -0.0000 -0.9780
vn 0.2085 -0.0000 0.9780
vt 0.000000 1.000000
vt 1.000000 0.000000
vt 0.000000 0.000000
vt 1.000000 1.000000
s 0
usemtl Material_3
f 926/161/133 927/162/133 925/163/133
f 929/164/133 930/162/133 928/161/133
f 932/161/134 933/162/134 931/163/134
f 935/164/134 936/162/134 934/161/134
f 938/161/135 939/162/135 937/163/135
f 941/164/135 942/162/135 940/161/135
f 944/161/136 945/162/136 943/163/136
f 947/164/136 948/162/136 946/161/136
f 950/161/137 951/162/137 949/163/137
f 953/164/137 954/162/137 952/161/137
f 956/161/138 957/162/138 955/163/138
f 959/164/138 960/162/138 958/161/138
o fencePosts_013
v 1.364300 1.145000 6.784650
v 1.364300 -0.005000 6.784650
v 1.397654 1.145000 6.941135
v 1.364300 -0.005000 6.784650
v 1.397654 -0.005000 6.941135
v 1.397654 1.145000 6.941135
v 1.554139 1.145000 6.907782
v 1.554139 -0.005000 6.907782
v 1.520785 1.145000 6.751297
v 1.554139 -0.005000 6.907782
v 1.520785 -0.005000 6.751297
v 1.520785 1.145000 6.751297
v 1.554139 1.145000 6.907782
v 1.520785 1.145000 6.751297
v 1.397654 1.145000 6.941135
v 1.520785 1.145000 6.751297
v 1.364300 1.145000 6.784650
v 1.397654 1.145000 6.941135
v 1.520785 -0.005000 6.751297
v 1.554139 -0.005000 6.907782
v 1.364300 -0.005000 6.784650
v 1.554139 -0.005000 6.907782
v 1.397654 -0.005000 6.941135
v 1.364300 -0.005000 6.784650
v 1.520785 1.145000 6.751297
v 1.520785 -0.005000 6.751297
v 1.364300 1.145000 6.784650
v 1.520785 -0.005000 6.751297
v 1.364300 -0.005000 6.784650
v 1.364300 1.145000 6.784650
v 1.397654 1.145000 6.941135
v 1.397654 -0.005000 6.941135
v 1.554139 1.145000 6.907782
v 1.397654 -0.005000 6.941135
v 1.554139 -0.005000 6.907782
v 1.554139 1.145000 6.907782
vn -0.9780 -0.0000 0.2085
vn 0.9780 -0.0000 -0.2085
vn -0.0000 1.0000 -0.0000
vn -0.0000 -1.0000 -0.0000
vn -0.2085 -0.0000 -0.9780
vn 0.2085 -0.0000 0.9780
vt 0.000000 1.000000
vt 1.000000 0.000000
vt 0.000000 0.000000
vt 1.000000 1.000000
s 0
usemtl Material_3
f 962/165/139 963/166/139 961/167/139
f 965/168/139 966/166/139 964/165/139
f 968/165/140 969/166/140 967/167/140
f 971/168/140 972/166/140 970/165/140
f 974/165/141 975/166/141 973/167/141
f 977/168/141 978/166/141 976/165/141
f 980/165/142 981/166/142 979/167/142
f 983/168/142 984/166/142 982/165/142
f 986/165/143 987/166/143 985/167/143
f 989/168/143 990/166/143 988/165/143
f 992/165/144 993/166/144 991/167/144
f 995/168/144 996/166/144 994/165/144
o fencePosts_014
v -0.347254 1.145000 7.149456
v -0.347254 -0.005000 7.149456
v -0.313901 1.145000 7.305941
v -0.347254 -0.005000 7.149456
v -0.313901 -0.005000 7.305941
v -0.313901 1.145000 7.305941
v -0.157416 1.145000 7.272587
v -0.157416 -0.005000 7.272587
v -0.190769 1.145000 7.116102
v -0.157416 -0.005000 7.272587
v -0.190769 -0.005000 7.116102
v -0.190769 1.145000 7.116102
v -0.157416 1.145000 7.272587
v -0.190769 1.145000 7.116102
v -0.313901 1.145000 7.305941
v -0.190769 1.145000 7.116102
v -0.347254 1.145000 7.149456
v -0.313901 1.145000 7.305941
v -0.190769 -0.005000 7.116102
v -0.157416 -0.005000 7.272587
v -0.347254 -0.005000 7.149456
v -0.157416 -0.005000 7.272587
v -0.313901 -0.005000 7.305941
v -0.347254 -0.005000 7.149456
v -0.190769 1.145000 7.116102
v -0.190769 -0.005000 7.116102
v -0.347254 1.145000 7.149456
v -0.190769 -0.005000 7.116102
v -0.347254 -0.005000 7.149456
v -0.347254 1.145000 7.149456
v -0.313901 1.145000 7.305941
v -0.313901 -0.005000 7.305941
v -0.157416 1.145000 7.272587
v -0.313901 -0.005000 7.305941
v -0.157416 -0.005000 7.272587
v -0.157416 1.145000 7.272587
vn -0.9780 -0.0000 0.2085
vn 0.9780 -0.0000 -0.2085
vn -0.0000 1.0000 -0.0000
vn -0.0000 -1.0000 -0.0000
vn -0.2085 -0.0000 -0.9780
vn 0.2085 -0.0000 0.9780
vt 0.000000 1.000000
vt 1.000000 0.000000
vt 0.000000 0.000000
vt 1.000000 1.000000
s 0
usemtl Material_3
f 998/169/145 999/170/145 997/171/145
f 1001/172/145 1002/170/145 1000/169/145
f 1004/169/146 1005/170/146 1003/171/146
f 1007/172/146 1008/170/146 1006/169/146
f 1010/169/147 1011/170/147 1009/171/147
f 1013/172/147 1014/170/147 1012/169/147
f 1016/169/148 1017/170/148 1015/171/148
f 1019/172/148 1020/170/148 1018/169/148
f 1022/169/149 1023/170/149 1021/171/149
f 1025/172/149 1026/170/149 1024/169/149
f 1028/169/150 1029/170/150 1027/171/150
f 1031/172/150 1032/170/150 1030/169/150
o fencePosts_015
v -2.058808 1.145000 7.514260
v -2.058808 -0.005000 7.514260
v -2.025455 1.145000 7.670745
v -2.058808 -0.005000 7.514260
v -2.025455 -0.005000 7.670745
v -2.025455 1.145000 7.670745
v -1.868970 1.145000 7.637392
v -1.868970 -0.005000 7.637392
v -1.902323 1.145000 7.480907
v -1.868970 -0.005000 7.637392
v -1.902323 -0.005000 7.480907
v -1.902323 1.145000 7.480907
v -1.868970 1.145000 7.637392
v -1.902323 1.145000 7.480907
v -2.025455 1.145000 7.670745
v -1.902323 1.145000 7.480907
v -2.058808 1.145000 7.514260
v -2.025455 1.145000 7.670745
v -1.902323 -0.005000 7.480907
v -1.868970 -0.005000 7.637392
v -2.058808 -0.005000 7.514260
v -1.868970 -0.005000 7.637392
v -2.025455 -0.005000 7.670745
v -2.058808 -0.005000 7.514260
v -1.902323 1.145000 7.480907
v -1.902323 -0.005000 7.480907
v -2.058808 1.145000 7.514260
v -1.902323 -0.005000 7.480907
v -2.058808 -0.005000 7.514260
v -2.058808 1.145000 7.514260
v -2.025455 1.145000 7.670745
v -2.025455 -0.005000 7.670745
v -1.868970 1.145000 7.637392
v -2.025455 -0.005000 7.670745
v -1.868970 -0.005000 7.637392
v -1.868970 1.145000 7.637392
vn -0.9780 -0.0000 0.2085
vn 0.9780 -0.0000 -0.2085
vn -0.0000 1.0000 -0.0000
vn -0.0000 -1.0000 -0.0000
vn -0.2085 -0.0000 -0.9780
vn 0.2085 -0.0000 0.9780
vt 0.000000 1.000000
vt 1.000000 0.000000
vt 0.000000 0.000000
vt 1.000000 1.000000
s 0
usemtl Material_3
f 1034/173/151 1035/174/151 1033/175/151
f 1037/176/151 1038/174/151 1036/173/151
f 1040/173/152 1041/174/152 1039/175/152
f 1043/176/152 1044/174/152 1042/173/152
f 1046/173/153 1047/174/153 1045/175/153
f 1049/176/153 1050/174/153 1048/173/153
f 1052/173/154 1053/174/154 1051/175/154
f 1055/176/154 1056/174/154 1054/173/154
f 1058/173/155 1059/174/155 1057/175/155
f 1061/176/155 1062/174/155 1060/173/155
f 1064/173/156 1065/174/156 1063/175/156
f 1067/176/156 1068/174/156 1066/173/156
o fencePosts_016
v -3.770362 1.145000 7.879065
v -3.770362 -0.005000 7.879065
v -3.737009 1.145000 8.035550
v -3.770362 -0.005000 7.879065
v -3.737009 -0.005000 8.035550
v -3.737009 1.145000 8.035550
v -3.580524 1.145000 8.002196
v -3.580524 -0.005000 8.002196
v -3.613877 1.145000 7.845712
v -3.580524 -0.005000 8.002196
v -3.613877 -0.005000 7.845712
v -3.613877 1.145000 7.845712
v -3.580524 1.145000 8.002196
v -3.613877 1.145000 7.845712
v -3.737009 1.145000 8.035550
v -3.613877 1.145000 7.845712
v -3.770362 1.145000 7.879065
v -3.737009 1.145000 8.035550
v -3.613877 -0.005000 7.845712
v -3.580524 -0.005000 8.002196
v -3.770362 -0.005000 7.879065
v -3.580524 -0.005000 8.002196
v -3.737009 -0.005000 8.035550
v -3.770362 -0.005000 7.879065
v -3.613877 1.145000 7.845712
v -3.613877 -0.005000 7.845712
v -3.770362 1.145000 7.879065
v -3.613877 -0.005000 7.845712
v -3.770362 -0.005000 7.879065
v -3.770362 1.145000 7.879065
v -3.737009 1.145000 8.035550
v -3.737009 -0.005000 8.035550
v -3.580524 1.145000 8.002196
v -3.737009 -0.005000 8.035550
v -3.580524 -0.005000 8.002196
v -3.580524 1.145000 8.002196
vn -0.9780 -0.0000 0.2085
vn 0.9780 -0.0000 -0.2085
vn -0.0000 1.0000 -0.0000
vn -0.0000 -1.0000 -0.0000
vn -0.2085 -0.0000 -0.9780
vn 0.2085 -0.0000 0.9780
vt 0.000000 1.000000
vt 1.000000 0.000000
vt 0.000000 0.000000
vt 1.000000 1.000000
s 0
usemtl Material_3
f 1070/177/157 1071/178/157 1069/179/157
f 1073/180/157 1074/178/157 1072/177/157
f 1076/177/158 1077/178/158 1075/179/158
f 1079/180/158 1080/178/158 1078/177/158
f 1082/177/159 1083/178/159 1081/179/159
f 1085/180/159 1086/178/159 1084/177/159
f 1088/177/160 1089/178/160 1087/179/160
f 1091/180/160 1092/178/160 1090/177/160
f 1094/177/161 1095/178/161 1093/179/161
f 1097/180/161 1098/178/161 1096/177/161
f 1100/177/162 1101/178/162 1099/179/162
f 1103/180/162 1104/178/162 1102/177/162
o fencePosts_017
v -5.481916 1.145000 8.243871
v -5.481916 -0.005000 8.243871
v -5.448563 1.145000 8.400355
v -5.481916 -0.005000 8.243871
v -5.448563 -0.005000 8.400355
v -5.448563 1.145000 8.400355
v -5.292078 1.145000 8.367002
v -5.292078 -0.005000 8.367002
v -5.325431 1.145000 8.210517
v -5.292078 -0.005000 8.367002
v -5.325431 -0.005000 8.210517
v -5.325431 1.145000 8.210517
v -5.292078 1.145000 8.367002
v -5.325431 1.145000 8.210517
v -5.448563 1.145000 8.400355
v -5.325431 1.145000 8.210517
v -5.481916 1.145000 8.243871
v -5.448563 1.145000 8.400355
v -5.325431 -0.005000 8.210517
v -5.292078 -0.005000 8.367002
v -5.481916 -0.005000 8.243871
v -5.292078 -0.005000 8.367002
v -5.448563 -0.005000 8.400355
v -5.481916 -0.005000 8.243871
v -5.325431 1.145000 8.210517
v -5.325431 -0.005000 8.210517
v -5.481916 1.145000 8.243871
v -5.325431 -0.005000 8.210517
v -5.481916 -0.005000 8.243871
v -5.481916 1.145000 8.243871
v -5.448563 1.145000 8.400355
v -5.448563 -0.005000 8.400355
v -5.292078 1.145000 8.367002
v -5.448563 -0.005000 8.400355
v -5.292078 -0.005000 8.367002
v -5.292078 1.145000 8.367002
vn -0.9780 -0.0000 0.2085
vn 0.9780 -0.0000 -0.2085
vn -0.0000 1.0000 -0.0000
vn -0.0000 -1.0000 -0.0000
vn -0.2085 -0.0000 -0.9780
vn 0.2085 -0.0000 0.9780
vt 0.000000 1.000000
vt 1.000000 0.000000
vt 0.000000 0.000000
vt 1.000000 1.000000
s 0
usemtl Material_3
f 1106/181/163 1107/182/163 1105/183/163
f 1109/184/163 1110/182/163 1108/181/163
f 1112/181/164 1113/182/164 1111/183/164
f 1115/184/164 1116/182/164 1114/181/164
f 1118/181/165 1119/182/165 1117/183/165
f 1121/184/165 1122/182/165 1120/181/165
f 1124/181/166 1125/182/166 1123/183/166
f 1127/184/166 1128/182/166 1126/181/166
f 1130/181/167 1131/182/167 1129/183/167
f 1133/184/167 1134/182/167 1132/181/167
f 1136/181/168 1137/182/168 1135/183/168
f 1139/184/168 1140/182/168 1138/181/168
o fenceRails_0002
v -6.556923 0.510000 -5.698331
v -6.556923 0.390000 -5.698331
v -6.581939 0.510000 -5.815695
v -6.556923 0.390000 -5.698331
v -6.581939 0.390000 -5.815695
v -6.581939 0.510000 -5.815695
v -8.342394 0.510000 -5.440467
v -8.342394 0.390000 -5.440467
v -8.317379 0.510000 -5.323103
v -8.342394 0.390000 -5.440467
v -8.317379 0.390000 -5.323103
v -8.317379 0.510000 -5.323103
v -8.342394 0.510000 -5.440467
v -8.317379 0.510000 -5.323103
v -6.581939 0.510000 -5.815695
v -8.317379 0.510000 -5.323103
v -6.556923 0.510000 -5.698331
v -6.581939 0.510000 -5.815695
v -8.317379 0.390000 -5.323103
v -8.342394 0.390000 -5.440467
v -6.556923 0.390000 -5.698331
v -8.342394 0.390000 -5.440467
v -6.581939 0.390000 -5.815695
v -6.556923 0.390000 -5.698331
v -8.317379 0.510000 -5.323103
v -8.317379 0.390000 -5.323103
v -6.556923 0.510000 -5.698331
v -8.317379 0.390000 -5.323103
v -6.556923 0.390000 -5.698331
v -6.556923 0.510000 -5.698331
v -6.581939 0.510000 -5.815695
v -6.581939 0.390000 -5.815695
v -8.342394 0.510000 -5.440467
v -6.581939 0.390000 -5.815695
v -8.342394 0.390000 -5.440467
v -8.342394 0.510000 -5.440467
vn 0.9780 -0.0000 -0.2085
vn -0.9780 -0.0000 0.2085
vn -0.0000 1.0000 -0.0000
vn -0.0000 -1.0000 -0.0000
vn 0.2085 -0.0000 0.9780
vn -0.2085 -0.0000 -0.9780
vt 0.000000 1.000000
vt 1.000000 0.000000
vt 0.000000 0.000000
vt 1.000000 1.000000
s 0
usemtl Material_3
f 1142/185/169 1143/186/169 1141/187/169
f 1145/188/169 1146/186/169 1144/185/169
f 1148/185/170 1149/186/170 1147/187/170
f 1151/188/170 1152/186/170 1150/185/170
f 1154/185/171 1155/186/171 1153/187/171
f 1157/188/171 1158/186/171 1156/185/171
f 1160/185/172 1161/186/172 1159/187/172
f 1163/188/172 1164/186/172 1162/185/172
f 1166/185/173 1167/186/173 1165/187/173
f 1169/188/173 1170/186/173 1168/185/173
f 1172/185/174 1173/186/174 1171/187/174
f 1175/188/174 1176/186/174 1174/185/174
o fenceRails_0012
v -6.556923 0.940000 -5.698331
v -6.556923 0.820000 -5.698331
v -6.581939 0.940000 -5.815695
v -6.556923 0.820000 -5.698331
v -6.581939 0.820000 -5.815695
v -6.581939 0.940000 -5.815695
v -8.342394 0.940000 -5.440467
v -8.342394 0.820000 -5.440467
v -8.317379 0.940000 -5.323103
v -8.342394 0.820000 -5.440467
v -8.317379 0.820000 -5.323103
v -8.317379 0.940000 -5.323103
v -8.342394 0.940000 -5.440467
v -8.317379 0.940000 -5.323103
v -6.581939 0.940000 -5.815695
v -8.317379 0.940000 -5.323103
v -6.556923 0.940000 -5.698331
v -6.581939 0.940000 -5.815695
v -8.317379 0.820000 -5.323103
v -8.342394 0.820000 -5.440467
v -6.556923 0.820000 -5.698331
v -8.342394 0.820000 -5.440467
v -6.581939 0.820000 -5.815695
v -6.556923 0.820000 -5.698331
v -8.317379 0.940000 -5.323103
v -8.317379 0.820000 -5.323103
v -6.556923 0.940000 -5.698331
v -8.317379 0.820000 -5.323103
v -6.556923 0.820000 -5.698331
v -6.556923 0.940000 -5.698331
v -6.581939 0.940000 -5.815695
v -6.581939 0.820000 -5.815695
v -8.342394 0.940000 -5.440467
v -6.581939 0.820000 -5.815695
v -8.342394 0.820000 -5.440467
v -8.342394 0.940000 -5.440467
vn 0.9780 -0.0000 -0.2085
vn -0.9780 -0.0000 0.2085
vn -0.0000 1.0000 -0.0000
vn -0.0000 -1.0000 -0.0000
vn 0.2085 -0.0000 0.9780
vn -0.2085 -0.0000 -0.9780
vt 0.000000 1.000000
vt 1.000000 0.000000
vt 0.000000 0.000000
vt 1.000000 1.000000
s 0
usemtl Material_3
f 1178/189/175 1179/190/175 1177/191/175
f 1181/192/175 1182/190/175 1180/189/175
f 1184/189/176 1185/190/176 1183/191/176
f 1187/192/176 1188/190/176 1186/189/176
f 1190/189/177 1191/190/177 1189/191/177
f 1193/192/177 1194/190/177 1192/189/177
f 1196/189/178 1197/190/178 1195/191/178
f 1199/192/178 1200/190/178 1198/189/178
f 1202/189/179 1203/190/179 1201/191/179
f 1205/192/179 1206/190/179 1204/189/179
f 1208/189/180 1209/190/180 1207/191/180
f 1211/192/180 1212/190/180 1210/189/180
o fenceRails_0022
v -4.845369 0.510000 -6.063137
v -4.845369 0.390000 -6.063137
v -4.870384 0.510000 -6.180501
v -4.845369 0.390000 -6.063137
v -4.870384 0.390000 -6.180501
v -4.870384 0.510000 -6.180501
v -6.630840 0.510000 -5.805273
v -6.630840 0.390000 -5.805273
v -6.605824 0.510000 -5.687909
v -6.630840 0.390000 -5.805273
v -6.605824 0.390000 -5.687909
v -6.605824 0.510000 -5.687909
v -6.630840 0.510000 -5.805273
v -6.605824 0.510000 -5.687909
v -4.870384 0.510000 -6.180501
v -6.605824 0.510000 -5.687909
v -4.845369 0.510000 -6.063137
v -4.870384 0.510000 -6.180501
v -6.605824 0.390000 -5.687909
v -6.630840 0.390000 -5.805273
v -4.845369 0.390000 -6.063137
v -6.630840 0.390000 -5.805273
v -4.870384 0.390000 -6.180501
v -4.845369 0.390000 -6.063137
v -6.605824 0.510000 -5.687909
v -6.605824 0.390000 -5.687909
v -4.845369 0.510000 -6.063137
v -6.605824 0.390000 -5.687909
v -4.845369 0.390000 -6.063137
v -4.845369 0.510000 -6.063137
v -4.870384 0.510000 -6.180501
v -4.870384 0.390000 -6.180501
v -6.630840 0.510000 -5.805273
v -4.870384 0.390000 -6.180501
v -6.630840 0.390000 -5.805273
v -6.630840 0.510000 -5.805273
vn 0.9780 -0.0000 -0.2085
vn -0.9780 -0.0000 0.2085
vn -0.0000 1.0000 -0.0000
vn -0.0000 -1.0000 -0.0000
vn 0.2085 -0.0000 0.9780
vn -0.2085 -0.0000 -0.9780
vt 0.000000 1.000000
vt 1.000000 0.000000
vt 0.000000 0.000000
vt 1.000000 1.000000
s 0
usemtl Material_3
f 1214/193/181 1215/194/181 1213/195/181
f 1217/196/181 1218/194/181 1216/193/181
f 1220/193/182 1221/194/182 1219/195/182
f 1223/196/182 1224/194/182 1222/193/182
f 1226/193/183 1227/194/183 1225/195/183
f 1229/196/183 1230/194/183 1228/193/183
f 1232/193/184 1233/194/184 1231/195/184
f 1235/196/184 1236/194/184 1234/193/184
f 1238/193/185 1239/194/185 1237/195/185
f 1241/196/185 1242/194/185 1240/193/185
f 1244/193/186 1245/194/186 1243/195/186
f 1247/196/186 1248/194/186 1246/193/186
o fenceRails_0032
v -4.845369 0.940000 -6.063137
v -4.845369 0.820000 -6.063137
v -4.870384 0.940000 -6.180501
v -4.845369 0.820000 -6.063137
v -4.870384 0.820000 -6.180501
v -4.870384 0.940000 -6.180501
v -6.630840 0.940000 -5.805273
v -6.630840 0.820000 -5.805273
v -6.605824 0.940000 -5.687909
v -6.630840 0.820000 -5.805273
v -6.605824 0.820000 -5.687909
v -6.605824 0.940000 -5.687909
v -6.630840 0.940000 -5.805273
v -6.605824 0.940000 -5.687909
v -4.870384 0.940000 -6.180501
v -6.605824 0.940000 -5.687909
v -4.845369 0.940000 -6.063137
v -4.870384 0.940000 -6.180501
v -6.605824 0.820000 -5.687909
v -6.630840 0.820000 -5.805273
v -4.845369 0.820000 -6.063137
v -6.630840 0.820000 -5.805273
v -4.870384 0.820000 -6.180501
v -4.845369 0.820000 -6.063137
v -6.605824 0.940000 -5.687909
v -6.605824 0.820000 -5.687909
v -4.845369 0.940000 -6.063137
v -6.605824 0.820000 -5.687909
v -4.845369 0.820000 -6.063137
v -4.845369 0.940000 -6.063137
v -4.870384 0.940000 -6.180501
v -4.870384 0.820000 -6.180501
v -6.630840 0.940000 -5.805273
v -4.870384 0.820000 -6.180501
v -6.630840 0.820000 -5.805273
v -6.630840 0.940000 -5.805273
vn 0.9780 -0.0000 -0.2085
vn -0.9780 -0.0000 0.2085
vn -0.0000 1.0000 -0.0000
vn -0.0000 -1.0000 -0.0000
vn 0.2085 -0.0000 0.9780
vn -0.2085 -0.0000 -0.9780
vt 0.000000 1.000000
vt 1.000000 0.000000
vt 0.000000 0.000000
vt 1.000000 1.000000
s 0
usemtl Material_3
f 1250/197/187 1251/198/187 1249/199/187
f 1253/200/187 1254/198/187 1252/197/187
f 1256/197/188 1257/198/188 1255/199/188
f 1259/200/188 1260/198/188 1258/197/188
f 1262/197/189 1263/198/189 1261/199/189
f 1265/200/189 1266/198/189 1264/197/189
f 1268/197/190 1269/198/190 1267/199/190
f 1271/200/190 1272/198/190 1270/197/190
f 1274/197/191 1275/198/191 1273/199/191
f 1277/200/191 1278/198/191 1276/197/191
f 1280/197/192 1281/198/192 1279/199/192
f 1283/200/192 1284/198/192 1282/197/192
o fenceRails_0042
v -3.133815 0.510000 -6.427941
v -3.133815 0.390000 -6.427941
v -3.158830 0.510000 -6.545305
v -3.133815 0.390000 -6.427941
v -3.158830 0.390000 -6.545305
v -3.158830 0.510000 -6.545305
v -4.919286 0.510000 -6.170077
v -4.919286 0.390000 -6.170077
v -4.894270 0.510000 -6.052713
v -4.919286 0.390000 -6.170077
v -4.894270 0.390000 -6.052713
v -4.894270 0.510000 -6.052713
v -4.919286 0.510000 -6.170077
v -4.894270 0.510000 -6.052713
v -3.158830 0.510000 -6.545305
v -4.894270 0.510000 -6.052713
v -3.133815 0.510000 -6.427941
v -3.158830 0.510000 -6.545305
v -4.894270 0.390000 -6.052713
v -4.919286 0.390000 -6.170077
v -3.133815 0.390000 -6.427941
v -4.919286 0.390000 -6.170077
v -3.158830 0.390000 -6.545305
v -3.133815 0.390000 -6.427941
v -4.894270 0.510000 -6.052713
v -4.894270 0.390000 -6.052713
v -3.133815 0.510000 -6.427941
v -4.894270 0.390000 -6.052713
v -3.133815 0.390000 -6.427941
v -3.133815 0.510000 -6.427941
v -3.158830 0.510000 -6.545305
v -3.158830 0.390000 -6.545305
v -4.919286 0.510000 -6.170077
v -3.158830 0.390000 -6.545305
v -4.919286 0.390000 -6.170077
v -4.919286 0.510000 -6.170077
vn 0.9780 -0.0000 -0.2085
vn -0.9780 -0.0000 0.2085
vn -0.0000 1.0000 -0.0000
vn -0.0000 -1.0000 -0.0000
vn 0.2085 -0.0000 0.9780
vn -0.2085 -0.0000 -0.9780
vt 0.000000 1.000000
vt 1.000000 0.000000
vt 0.000000 0.000000
vt 1.000000 1.000000
s 0
usemtl Material_3
f 1286/201/193 1287/202/193 1285/203/193
f 1289/204/193 1290/202/193 1288/201/193
f 1292/201/194 1293/202/194 1291/203/194
f 1295/204/194 1296/202/194 1294/201/194
f 1298/201/195 1299/202/195 1297/203/195
f 1301/204/195 1302/202/195 1300/201/195
f 1304/201/196 1305/202/196 1303/203/196
f 1307/204/196 1308/202/196 1306/201/196
f 1310/201/197 1311/202/197 1309/203/197
f 1313/204/197 1314/202/197 1312/201/197
f 1316/201/198 1317/202/198 1315/203/198
f 1319/204/198 1320/202/198 1318/201/198
o fenceRails_0052
v -3.133815 0.940000 -6.427941
v -3.133815 0.820000 -6.427941
v -3.158830 0.940000 -6.545305
v -3.133815 0.820000 -6.427941
v -3.158830 0.820000 -6.545305
v -3.158830 0.940000 -6.545305
v -4.919286 0.940000 -6.170077
v -4.919286 0.820000 -6.170077
v -4.894270 0.940000 -6.052713
v -4.919286 0.820000 -6.170077
v -4.894270 0.820000 -6.052713
v -4.894270 0.940000 -6.052713
v -4.919286 0.940000 -6.170077
v -4.894270 0.940000 -6.052713
v -3.158830 0.940000 -6.545305
v -4.894270 0.940000 -6.052713
v -3.133815 0.940000 -6.427941
v -3.158830 0.940000 -6.545305
v -4.894270 0.820000 -6.052713
v -4.919286 0.820000 -6.170077
v -3.133815 0.820000 -6.427941
v -4.919286 0.820000 -6.170077
v -3.158830 0.820000 -6.545305
v -3.133815 0.820000 -6.427941
v -4.894270 0.940000 -6.052713
v -4.894270 0.820000 -6.052713
v -3.133815 0.940000 -6.427941
v -4.894270 0.820000 -6.052713
v -3.133815 0.820000 -6.427941
v -3.133815 0.940000 -6.427941
v -3.158830 0.940000 -6.545305
v -3.158830 0.820000 -6.545305
v -4.919286 0.940000 -6.170077
v -3.158830 0.820000 -6.545305
v -4.919286 0.820000 -6.170077
v -4.919286 0.940000 -6.170077
vn 0.9780 -0.0000 -0.2085
vn -0.9780 -0.0000 0.2085
vn -0.0000 1.0000 -0.0000
vn -0.0000 -1.0000 -0.0000
vn 0.2085 -0.0000 0.9780
vn -0.2085 -0.0000 -0.9780
vt 0.000000 1.000000
vt 1.000000 0.000000
vt 0.000000 0.000000
vt 1.000000 1.000000
s 0
usemtl Material_3
f 1322/205/199 1323/206/199 1321/207/199
f 1325/208/199 1326/206/199 1324/205/199
f 1328/205/200 1329/206/200 1327/207/200
f 1331/208/200 1332/206/200 1330/205/200
f 1334/205/201 1335/206/201 1333/207/201
f 1337/208/201 1338/206/201 1336/205/201
f 1340/205/202 1341/206/202 1339/207/202
f 1343/208/202 1344/206/202 1342/205/202
f 1346/205/203 1347/206/203 1345/207/203
f 1349/208/203 1350/206/203 1348/205/203
f 1352/205/204 1353/206/204 1351/207/204
f 1355/208/204 1356/206/204 1354/205/204
o fenceRails_0062
v -1.422261 0.510000 -6.792746
v -1.422261 0.390000 -6.792746
v -1.447276 0.510000 -6.910110
v -1.422261 0.390000 -6.792746
v -1.447276 0.390000 -6.910110
v -1.447276 0.510000 -6.910110
v -3.207732 0.510000 -6.534882
v -3.207732 0.390000 -6.534882
v -3.182716 0.510000 -6.417518
v -3.207732 0.390000 -6.534882
v -3.182716 0.390000 -6.417518
v -3.182716 0.510000 -6.417518
v -3.207732 0.510000 -6.534882
v -3.182716 0.510000 -6.417518
v -1.447276 0.510000 -6.910110
v -3.182716 0.510000 -6.417518
v -1.422261 0.510000 -6.792746
v -1.447276 0.510000 -6.910110
v -3.182716 0.390000 -6.417518
v -3.207732 0.390000 -6.534882
v -1.422261 0.390000 -6.792746
v -3.207732 0.390000 -6.534882
v -1.447276 0.390000 -6.910110
v -1.422261 0.390000 -6.792746
v -3.182716 0.510000 -6.417518
v -3.182716 0.390000 -6.417518
v -1.422261 0.510000 -6.792746
v -3.182716 0.390000 -6.417518
v -1.422261 0.390000 -6.792746
v -1.422261 0.510000 -6.792746
v -1.447276 0.510000 -6.910110
v -1.447276 0.390000 -6.910110
v -3.207732 0.510000 -6.534882
v -1.447276 0.390000 -6.910110
v -3.207732 0.390000 -6.534882
v -3.207732 0.510000 -6.534882
vn 0.9780 -0.0000 -0.2085
vn -0.9780 -0.0000 0.2085
vn -0.0000 1.0000 -0.0000
vn -0.0000 -1.0000 -0.0000
vn 0.2085 -0.0000 0.9780
vn -0.2085 -0.0000 -0.9780
vt 0.000000 1.000000
vt 1.000000 0.000000
vt 0.000000 0.000000
vt 1.000000 1.000000
s 0
usemtl Material_3
f 1358/209/205 1359/210/205 1357/211/205
f 1361/212/205 1362/210/205 1360/209/205
f 1364/209/206 1365/210/206 1363/211/206
f 1367/212/206 1368/210/206 1366/209/206
f 1370/209/207 1371/210/207 1369/211/207
f 1373/212/207 1374/210/207 1372/209/207
f 1376/209/208 1377/210/208 1375/211/208
f 1379/212/208 1380/210/208 1378/209/208
f 1382/209/209 1383/210/209 1381/211/209
f 1385/212/209 1386/210/209 1384/209/209
f 1388/209/210 1389/210/210 1387/211/210
f 1391/212/210 1392/210/210 1390/209/210
o fenceRails_0072
v -1.422261 0.940000 -6.792746
v -1.422261 0.820000 -6.792746
v -1.447276 0.940000 -6.910110
v -1.422261 0.820000 -6.792746
v -1.447276 0.820000 -6.910110
v -1.447276 0.940000 -6.910110
v -3.207732 0.940000 -6.534882
v -3.207732 0.820000 -6.534882
v -3.182716 0.940000 -6.417518
v -3.207732 0.820000 -6.534882
v -3.182716 0.820000 -6.417518
v -3.182716 0.940000 -6.417518
v -3.207732 0.940000 -6.534882
v -3.182716 0.940000 -6.417518
v -1.447276 0.940000 -6.910110
v -3.182716 0.940000 -6.417518
v -1.422261 0.940000 -6.792746
v -1.447276 0.940000 -6.910110
v -3.182716 0.820000 -6.417518
v -3.207732 0.820000 -6.534882
v -1.422261 0.820000 -6.792746
v -3.207732 0.820000 -6.534882
v -1.447276 0.820000 -6.910110
v -1.422261 0.820000 -6.792746
v -3.182716 0.940000 -6.417518
v -3.182716 0.820000 -6.417518
v -1.422261 0.940000 -6.792746
v -3.182716 0.820000 -6.417518
v -1.422261 0.820000 -6.792746
v -1.422261 0.940000 -6.792746
v -1.447276 0.940000 -6.910110
v -1.447276 0.820000 -6.910110
v -3.207732 0.940000 -6.534882
v -1.447276 0.820000 -6.910110
v -3.207732 0.820000 -6.534882
v -3.207732 0.940000 -6.534882
vn 0.9780 -0.0000 -0.2085
vn -0.9780 -0.0000 0.2085
vn -0.0000 1.0000 -0.0000
vn -0.0000 -1.0000 -0.0000
vn 0.2085 -0.0000 0.9780
vn -0.2085 -0.0000 -0.9780
vt 0.000000 1.000000
vt 1.000000 0.000000
vt 0.000000 0.000000
vt 1.000000 1.000000
s 0
usemtl Material_3
f 1394/213/211 1395/214/211 1393/215/211
f 1397/216/211 1398/214/211 1396/213/211
f 1400/213/212 1401/214/212 1399/215/212
f 1403/216/212 1404/214/212 1402/213/212
f 1406/213/213 1407/214/213 1405/215/213
f 1409/216/213 1410/214/213 1408/213/213
f 1412/213/214 1413/214/214 1411/215/214
f 1415/216/214 1416/214/214 1414/213/214
f 1418/213/215 1419/214/215 1417/215/215
f 1421/216/215 1422/214/215 1420/213/215
f 1424/213/216 1425/214/216 1423/215/216
f 1427/216/216 1428/214/216 1426/213/216
o fenceRails_0082
v 0.289293 0.510000 -7.157551
v 0.289293 0.390000 -7.157551
v 0.264278 0.510000 -7.274915
v 0.289293 0.390000 -7.157551
v 0.264278 0.390000 -7.274915
v 0.264278 0.510000 -7.274915
v -1.496178 0.510000 -6.899687
v -1.496178 0.390000 -6.899687
v -1.471162 0.510000 -6.782323
v -1.496178 0.390000 -6.899687
v -1.471162 0.390000 -6.782323
v -1.471162 0.510000 -6.782323
v -1.496178 0.510000 -6.899687
v -1.471162 0.510000 -6.782323
v 0.264278 0.510000 -7.274915
v -1.471162 0.510000 -6.782323
v 0.289293 0.510000 -7.157551
v 0.264278 0.510000 -7.274915
v -1.471162 0.390000 -6.782323
v -1.496178 0.390000 -6.899687
v 0.289293 0.390000 -7.157551
v -1.496178 0.390000 -6.899687
v 0.264278 0.390000 -7.274915
v 0.289293 0.390000 -7.157551
v -1.471162 0.510000 -6.782323
v -1.471162 0.390000 -6.782323
v 0.289293 0.510000 -7.157551
v -1.471162 0.390000 -6.782323
v 0.289293 0.390000 -7.157551
v 0.289293 0.510000 -7.157551
v 0.264278 0.510000 -7.274915
v 0.264278 0.390000 -7.274915
v -1.496178 0.510000 -6.899687
v 0.264278 0.390000 -7.274915
v -1.496178 0.390000 -6.899687
v -1.496178 0.510000 -6.899687
vn 0.9780 -0.0000 -0.2085
vn -0.9780 -0.0000 0.2085
vn -0.0000 1.0000 -0.0000
vn -0.0000 -1.0000 -0.0000
vn 0.2085 -0.0000 0.9780
vn -0.2085 -0.0000 -0.9780
vt 0.000000 1.000000
vt 1.000000 0.000000
vt 0.000000 0.000000
vt 1.000000 1.000000
s 0
usemtl Material_3
f 1430/217/217 1431/218/217 1429/219/217
f 1433/220/217 1434/218/217 1432/217/217
f 1436/217/218 1437/218/218 1435/219/218
f 1439/220/218 1440/218/218 1438/217/218
f 1442/217/219 1443/218/219 1441/219/219
f 1445/220/219 1446/218/219 1444/217/219
f 1448/217/220 1449/218/220 1447/219/220
f 1451/220/220 1452/218/220 1450/217/220
f 1454/217/221 1455/218/221 1453/219/221
f 1457/220/221 1458/218/221 1456/217/221
f 1460/217/222 1461/218/222 1459/219/222
f 1463/220/222 1464/218/222 1462/217/222
o fenceRails_0092
v 0.289293 0.940000 -7.157551
v 0.289293 0.820000 -7.157551
v 0.264278 0.940000 -7.274915
v 0.289293 0.820000 -7.157551
v 0.264278 0.820000 -7.274915
v 0.264278 0.940000 -7.274915
v -1.496178 0.940000 -6.899687
v -1.496178 0.820000 -6.899687
v -1.471162 0.940000 -6.782323
v -1.496178 0.820000 -6.899687
v -1.471162 0.820000 -6.782323
v -1.471162 0.940000 -6.782323
v -1.496178 0.940000 -6.899687
v -1.471162 0.940000 -6.782323
v 0.264278 0.940000 -7.274915
v -1.471162 0.940000 -6.782323
v 0.289293 0.940000 -7.157551
v 0.264278 0.940000 -7.274915
v -1.471162 0.820000 -6.782323
v -1.496178 0.820000 -6.899687
v 0.289293 0.820000 -7.157551
v -1.496178 0.820000 -6.899687
v 0.264278 0.820000 -7.274915
v 0.289293 0.820000 -7.157551
v -1.471162 0.940000 -6.782323
v -1.471162 0.820000 -6.782323
v 0.289293 0.940000 -7.157551
v -1.471162 0.820000 -6.782323
v 0.289293 0.820000 -7.157551
v 0.289293 0.940000 -7.157551
v 0.264278 0.940000 -7.274915
v 0.264278 0.820000 -7.274915
v -1.496178 0.940000 -6.899687
v 0.264278 0.820000 -7.274915
v -1.496178 0.820000 -6.899687
v -1.496178 0.940000 -6.899687
vn 0.9780 -0.0000 -0.2085
vn -0.9780 -0.0000 0.2085
vn -0.0000 1.0000 -0.0000
vn -0.0000 -1.0000 -0.0000
vn 0.2085 -0.0000 0.9780
vn -0.2085 -0.0000 -0.9780
vt 0.000000 1.000000
vt 1.000000 0.000000
vt 0.000000 0.000000
vt 1.000000 1.000000
s 0
usemtl Material_3
f 1466/221/223 1467/222/223 1465/223/223
f 1469/224/223 1470/222/223 1468/221/223
f 1472/221/224 1473/222/224 1471/223/224
f 1475/224/224 1476/222/224 1474/221/224
f 1478/221/225 1479/222/225 1477/223/225
f 1481/224/225 1482/222/225 1480/221/225
f 1484/221/226 1485/222/226 1483/223/226
f 1487/224/226 1488/222/226 1486/221/226
f 1490/221/227 1491/222/227 1489/223/227
f 1493/224/227 1494/222/227 1492/221/227
f 1496/221/228 1497/222/228 1495/223/228
f 1499/224/228 1500/222/228 1498/221/228
o fenceRails_010
v 2.000847 0.510000 -7.522356
v 2.000847 0.390000 -7.522356
v 1.975832 0.510000 -7.639719
v 2.000847 0.390000 -7.522356
v 1.975832 0.390000 -7.639719
v 1.975832 0.510000 -7.639719
v 0.215376 0.510000 -7.264492
v 0.215376 0.390000 -7.264492
v 0.240392 0.510000 -7.147128
v 0.215376 0.390000 -7.264492
v 0.240392 0.390000 -7.147128
v 0.240392 0.510000 -7.147128
v 0.215376 0.510000 -7.264492
v 0.240392 0.510000 -7.147128
v 1.975832 0.510000 -7.639719
v 0.240392 0.510000 -7.147128
v 2.000847 0.510000 -7.522356
v 1.975832 0.510000 -7.639719
v 0.240392 0.390000 -7.147128
v 0.215376 0.390000 -7.264492
v 2.000847 0.390000 -7.522356
v 0.215376 0.390000 -7.264492
v 1.975832 0.390000 -7.639719
v 2.000847 0.390000 -7.522356
v 0.240392 0.510000 -7.147128
v 0.240392 0.390000 -7.147128
v 2.000847 0.510000 -7.522356
v 0.240392 0.390000 -7.147128
v 2.000847 0.390000 -7.522356
v 2.000847 0.510000 -7.522356
v 1.975832 0.510000 -7.639719
v 1.975832 0.390000 -7.639719
v 0.215376 0.510000 -7.264492
v 1.975832 0.390000 -7.639719
v 0.215376 0.390000 -7.264492
v 0.215376 0.510000 -7.264492
vn 0.9780 -0.0000 -0.2085
vn -0.9780 -0.0000 0.2085
vn -0.0000 1.0000 -0.0000
vn -0.0000 -1.0000 -0.0000
vn 0.2085 -0.0000 0.9780
vn -0.2085 -0.0000 -0.9780
vt 0.000000 1.000000
vt 1.000000 0.000000
vt 0.000000 0.000000
vt 1.000000 1.000000
s 0
usemtl Material_3
f 1502/225/229 1503/226/229 1501/227/229
f 1505/228/229 1506/226/229 1504/225/229
f 1508/225/230 1509/226/230 1507/227/230
f 1511/228/230 1512/226/230 1510/225/230
f 1514/225/231 1515/226/231 1513/227/231
f 1517/228/231 1518/226/231 1516/225/231
f 1520/225/232 1521/226/232 1519/227/232
f 1523/228/232 1524/226/232 1522/225/232
f 1526/225/233 1527/226/233 1525/227/233
f 1529/228/233 1530/226/233 1528/225/233
f 1532/225/234 1533/226/234 1531/227/234
f 1535/228/234 1536/226/234 1534/225/234
o fenceRails_011
v 2.000847 0.940000 -7.522356
v 2.000847 0.820000 -7.522356
v 1.975832 0.940000 -7.639719
v 2.000847 0.820000 -7.522356
v 1.975832 0.820000 -7.639719
v 1.975832 0.940000 -7.639719
v 0.215376 0.940000 -7.264492
v 0.215376 0.820000 -7.264492
v 0.240392 0.940000 -7.147128
v 0.215376 0.820000 -7.264492
v 0.240392 0.820000 -7.147128
v 0.240392 0.940000 -7.147128
v 0.215376 0.940000 -7.264492
v 0.240392 0.940000 -7.147128
v 1.975832 0.940000 -7.639719
v 0.240392 0.940000 -7.147128
v 2.000847 0.940000 -7.522356
v 1.975832 0.940000 -7.639719
v 0.240392 0.820000 -7.147128
v 0.215376 0.820000 -7.264492
v 2.000847 0.820000 -7.522356
v 0.215376 0.820000 -7.264492
v 1.975832 0.820000 -7.639719
v 2.000847 0.820000 -7.522356
v 0.240392 0.940000 -7.147128
v 0.240392 0.820000 -7.147128
v 2.000847 0.940000 -7.522356
v 0.240392 0.820000 -7.147128
v 2.000847 0.820000 -7.522356
v 2.000847 0.940000 -7.522356
v 1.975832 0.940000 -7.639719
v 1.975832 0.820000 -7.639719
v 0.215376 0.940000 -7.264492
v 1.975832 0.820000 -7.639719
v 0.215376 0.820000 -7.264492
v 0.215376 0.940000 -7.264492
vn 0.9780 -0.0000 -0.2085
vn -0.9780 -0.0000 0.2085
vn -0.0000 1.0000 -0.0000
vn -0.0000 -1.0000 -0.0000
vn 0.2085 -0.0000 0.9780
vn -0.2085 -0.0000 -0.9780
vt 0.000000 1.000000
vt 1.000000 0.000000
vt 0.000000 0.000000
vt 1.000000 1.000000
s 0
usemtl Material_3
f 1538/229/235 1539/230/235 1537/231/235
f 1541/232/235 1542/230/235 1540/229/235
f 1544/229/236 1545/230/236 1543/231/236
f 1547/232/236 1548/230/236 1546/229/236
f 1550/229/237 1551/230/237 1549/231/237
f 1553/232/237 1554/230/237 1552/229/237
f 1556/229/238 1557/230/238 1555/231/238
f 1559/232/238 1560/230/238 1558/229/238
f 1562/229/239 1563/230/239 1561/231/239
f 1565/232/239 1566/230/239 1564/229/239
f 1568/229/240 1569/230/240 1567/231/240
f 1571/232/240 1572/230/240 1570/229/240
o fenceRails_012
v 3.712401 0.510000 -7.887160
v 3.712401 0.390000 -7.887160
v 3.687386 0.510000 -8.004524
v 3.712401 0.390000 -7.887160
v 3.687386 0.390000 -8.004524
v 3.687386 0.510000 -8.004524
v 1.926930 0.510000 -7.629296
v 1.926930 0.390000 -7.629296
v 1.951946 0.510000 -7.511932
v 1.926930 0.390000 -7.629296
v 1.951946 0.390000 -7.511932
v 1.951946 0.510000 -7.511932
v 1.926930 0.510000 -7.629296
v 1.951946 0.510000 -7.511932
v 3.687386 0.510000 -8.004524
v 1.951946 0.510000 -7.511932
v 3.712401 0.510000 -7.887160
v 3.687386 0.510000 -8.004524
v 1.951946 0.390000 -7.511932
v 1.926930 0.390000 -7.629296
v 3.712401 0.390000 -7.887160
v 1.926930 0.390000 -7.629296
v 3.687386 0.390000 -8.004524
v 3.712401 0.390000 -7.887160
v 1.951946 0.510000 -7.511932
v 1.951946 0.390000 -7.511932
v 3.712401 0.510000 -7.887160
v 1.951946 0.390000 -7.511932
v 3.712401 0.390000 -7.887160
v 3.712401 0.510000 -7.887160
v 3.687386 0.510000 -8.004524
v 3.687386 0.390000 -8.004524
v 1.926930 0.510000 -7.629296
v 3.687386 0.390000 -8.004524
v 1.926930 0.390000 -7.629296
v 1.926930 0.510000 -7.629296
vn 0.9780 -0.0000 -0.2085
vn -0.9780 -0.0000 0.2085
vn -0.0000 1.0000 -0.0000
vn -0.0000 -1.0000 -0.0000
vn 0.2085 -0.0000 0.9780
vn -0.2085 -0.0000 -0.9780
vt 0.000000 1.000000
vt 1.000000 0.000000
vt 0.000000 0.000000
vt 1.000000 1.000000
s 0
usemtl Material_3
f 1574/233/241 1575/234/241 1573/235/241
f 1577/236/241 1578/234/241 1576/233/241
f 1580/233/242 1581/234/242 1579/235/242
f 1583/236/242 1584/234/242 1582/233/242
f 1586/233/243 1587/234/243 1585/235/243
f 1589/236/243 1590/234/243 1588/233/243
f 1592/233/244 1593/234/244 1591/235/244
f 1595/236/244 1596/234/244 1594/233/244
f 1598/233/245 1599/234/245 1597/235/245
f 1601/236/245 1602/234/245 1600/233/245
f 1604/233/246 1605/234/246 1603/235/246
f 1607/236/246 1608/234/246 1606/233/246
o fenceRails_013
v 3.712401 0.940000 -7.887160
v 3.712401 0.820000 -7.887160
v 3.687386 0.940000 -8.004524
v 3.712401 0.820000 -7.887160
v 3.687386 0.820000 -8.004524
v 3.687386 0.940000 -8.004524
v 1.926930 0.940000 -7.629296
v 1.926930 0.820000 -7.629296
v 1.951946 0.940000 -7.511932
v 1.926930 0.820000 -7.629296
v 1.951946 0.820000 -7.511932
v 1.951946 0.940000 -7.511932
v 1.926930 0.940000 -7.629296
v 1.951946 0.940000 -7.511932
v 3.687386 0.940000 -8.004524
v 1.951946 0.940000 -7.511932
v 3.712401 0.940000 -7.887160
v 3.687386 0.940000 -8.004524
v 1.951946 0.820000 -7.511932
v 1.926930 0.820000 -7.629296
v 3.712401 0.820000 -7.887160
v 1.926930 0.820000 -7.629296
v 3.687386 0.820000 -8.004524
v 3.712401 0.820000 -7.887160
v 1.951946 0.940000 -7.511932
v 1.951946 0.820000 -7.511932
v 3.712401 0.940000 -7.887160
v 1.951946 0.820000 -7.511932
v 3.712401 0.820000 -7.887160
v 3.712401 0.940000 -7.887160
v 3.687386 0.940000 -8.004524
v 3.687386 0.820000 -8.004524
v 1.926930 0.940000 -7.629296
v 3.687386 0.820000 -8.004524
v 1.926930 0.820000 -7.629296
v 1.926930 0.940000 -7.629296
vn 0.9780 -0.0000 -0.2085
vn -0.9780 -0.0000 0.2085
vn -0.0000 1.0000 -0.0000
vn -0.0000 -1.0000 -0.0000
vn 0.2085 -0.0000 0.9780
vn -0.2085 -0.0000 -0.9780
vt 0.000000 1.000000
vt 1.000000 0.000000
vt 0.000000 0.000000
vt 1.000000 1.000000
s 0
usemtl Material_3
f 1610/237/247 1611/238/247 1609/239/247
f 1613/240/247 1614/238/247 1612/237/247
f 1616/237/248 1617/238/248 1615/239/248
f 1619/240/248 1620/238/248 1618/237/248
f 1622/237/249 1623/238/249 1621/239/249
f 1625/240/249 1626/238/249 1624/237/249
f 1628/237/250 1629/238/250 1627/239/250
f 1631/240/250 1632/238/250 1630/237/250
f 1634/237/251 1635/238/251 1633/239/251
f 1637/240/251 1638/238/251 1636/237/251
f 1640/237/252 1641/238/252 1639/239/252
f 1643/240/252 1644/238/252 1642/237/252
o fenceRails_014
v 5.423955 0.510000 -8.251966
v 5.423955 0.390000 -8.251966
v 5.398940 0.510000 -8.369329
v 5.423955 0.390000 -8.251966
v 5.398940 0.390000 -8.369329
v 5.398940 0.510000 -8.369329
v 3.638484 0.510000 -7.994102
v 3.638484 0.390000 -7.994102
v 3.663500 0.510000 -7.876738
v 3.638484 0.390000 -7.994102
v 3.663500 0.390000 -7.876738
v 3.663500 0.510000 -7.876738
v 3.638484 0.510000 -7.994102
v 3.663500 0.510000 -7.876738
v 5.398940 0.510000 -8.369329
v 3.663500 0.510000 -7.876738
v 5.423955 0.510000 -8.251966
v 5.398940 0.510000 -8.369329
v 3.663500 0.390000 -7.876738
v 3.638484 0.390000 -7.994102
v 5.423955 0.390000 -8.251966
v 3.638484 0.390000 -7.994102
v 5.398940 0.390000 -8.369329
v 5.423955 0.390000 -8.251966
v 3.663500 0.510000 -7.876738
v 3.663500 0.390000 -7.876738
v 5.423955 0.510000 -8.251966
v 3.663500 0.390000 -7.876738
v 5.423955 0.390000 -8.251966
v 5.423955 0.510000 -8.251966
v 5.398940 0.510000 -8.369329
v 5.398940 0.390000 -8.369329
v 3.638484 0.510000 -7.994102
v 5.398940 0.390000 -8.369329
v 3.638484 0.390000 -7.994102
v 3.638484 0.510000 -7.994102
vn 0.9780 -0.0000 -0.2085
vn -0.9780 -0.0000 0.2085
vn -0.0000 1.0000 -0.0000
vn -0.0000 -1.0000 -0.0000
vn 0.2085 -0.0000 0.9780
vn -0.2085 -0.0000 -0.9780
vt 0.000000 1.000000
vt 1.000000 0.000000
vt 0.000000 0.000000
vt 1.000000 1.000000
s 0
usemtl Material_3
f 1646/241/253 1647/242/253 1645/243/253
f 1649/244/253 1650/242/253 1648/241/253
f 1652/241/254 1653/242/254 1651/243/254
f 1655/244/254 1656/242/254 1654/241/254
f 1658/241/255 1659/242/255 1657/243/255
f 1661/244/255 1662/242/255 1660/241/255
f 1664/241/256 1665/242/256 1663/243/256
f 1667/244/256 1668/242/256 1666/241/256
f 1670/241/257 1671/242/257 1669/243/257
f 1673/244/257 1674/242/257 1672/241/257
f 1676/241/258 1677/242/258 1675/243/258
f 1679/244/258 1680/242/258 1678/241/258
o fenceRails_015
v 5.423955 0.940000 -8.251966
v 5.423955 0.820000 -8.251966
v 5.398940 0.940000 -8.369329
v 5.423955 0.820000 -8.251966
v 5.398940 0.820000 -8.369329
v 5.398940 0.940000 -8.369329
v 3.638484 0.940000 -7.994102
v 3.638484 0.820000 -7.994102
v 3.663500 0.940000 -7.876738
v 3.638484 0.820000 -7.994102
v 3.663500 0.820000 -7.876738
v 3.663500 0.940000 -7.876738
v 3.638484 0.940000 -7.994102
v 3.663500 0.940000 -7.876738
v 5.398940 0.940000 -8.369329
v 3.663500 0.940000 -7.876738
v 5.423955 0.940000 -8.251966
v 5.398940 0.940000 -8.369329
v 3.663500 0.820000 -7.876738
v 3.638484 0.820000 -7.994102
v 5.423955 0.820000 -8.251966
v 3.638484 0.820000 -7.994102
v 5.398940 0.820000 -8.369329
v 5.423955 0.820000 -8.251966
v 3.663500 0.940000 -7.876738
v 3.663500 0.820000 -7.876738
v 5.423955 0.940000 -8.251966
v 3.663500 0.820000 -7.876738
v 5.423955 0.820000 -8.251966
v 5.423955 0.940000 -8.251966
v 5.398940 0.940000 -8.369329
v 5.398940 0.820000 -8.369329
v 3.638484 0.940000 -7.994102
v 5.398940 0.820000 -8.369329
v 3.638484 0.820000 -7.994102
v 3.638484 0.940000 -7.994102
vn 0.9780 -0.0000 -0.2085
vn -0.9780 -0.0000 0.2085
vn -0.0000 1.0000 -0.0000
vn -0.0000 -1.0000 -0.0000
vn 0.2085 -0.0000 0.9780
vn -0.2085 -0.0000 -0.9780
vt 0.000000 1.000000
vt 1.000000 0.000000
vt 0.000000 0.000000
vt 1.000000 1.000000
s 0
usemtl Material_3
f 1682/245/259 1683/246/259 1681/247/259
f 1685/248/259 1686/246/259 1684/245/259
f 1688/245/260 1689/246/260 1687/247/260
f 1691/248/260 1692/246/260 1690/245/260
f 1694/245/261 1695/246/261 1693/247/261
f 1697/248/261 1698/246/261 1696/245/261
f 1700/245/262 1701/246/262 1699/247/262
f 1703/248/262 1704/246/262 1702/245/262
f 1706/245/263 1707/246/263 1705/247/263
f 1709/248/263 1710/246/263 1708/245/263
f 1712/245/264 1713/246/264 1711/247/264
f 1715/248/264 1716/246/264 1714/245/264
o fenceRails_016
v 6.556923 0.510000 5.698331
v 6.556923 0.390000 5.698331
v 6.581939 0.510000 5.815695
v 6.556923 0.390000 5.698331
v 6.581939 0.390000 5.815695
v 6.581939 0.510000 5.815695
v 8.342395 0.510000 5.440467
v 8.342395 0.390000 5.440467
v 8.317379 0.510000 5.323104
v 8.342395 0.390000 5.440467
v 8.317379 0.390000 5.323104
v 8.317379 0.510000 5.323104
v 8.342395 0.510000 5.440467
v 8.317379 0.510000 5.323104
v 6.581939 0.510000 5.815695
v 8.317379 0.510000 5.323104
v 6.556923 0.510000 5.698331
v 6.581939 0.510000 5.815695
v 8.317379 0.390000 5.323104
v 8.342395 0.390000 5.440467
v 6.556923 0.390000 5.698331
v 8.342395 0.390000 5.440467
v 6.581939 0.390000 5.815695
v 6.556923 0.390000 5.698331
v 8.317379 0.510000 5.323104
v 8.317379 0.390000 5.323104
v 6.556923 0.510000 5.698331
v 8.317379 0.390000 5.323104
v 6.556923 0.390000 5.698331
v 6.556923 0.510000 5.698331
v 6.581939 0.510000 5.815695
v 6.581939 0.390000 5.815695
v 8.342395 0.510000 5.440467
v 6.581939 0.390000 5.815695
v 8.342395 0.390000 5.440467
v 8.342395 0.510000 5.440467
vn -0.9780 -0.0000 0.2085
vn 0.9780 -0.0000 -0.2085
vn -0.0000 1.0000 -0.0000
vn -0.0000 -1.0000 -0.0000
vn -0.2085 -0.0000 -0.9780
vn 0.2085 -0.0000 0.9780
vt 0.000000 1.000000
vt 1.000000 0.000000
vt 0.000000 0.000000
vt 1.000000 1.000000
s 0
usemtl Material_3
f 1718/249/265 1719/250/265 1717/251/265
f 1721/252/265 1722/250/265 1720/249/265
f 1724/249/266 1725/250/266 1723/251/266
f 1727/252/266 1728/250/266 1726/249/266
f 1730/249/267 1731/250/267 1729/251/267
f 1733/252/267 1734/250/267 1732/249/267
f 1736/249/268 1737/250/268 1735/251/268
f 1739/252/268 1740/250/268 1738/249/268
f 1742/249/269 1743/250/269 1741/251/269
f 1745/252/269 1746/250/269 1744/249/269
f 1748/249/270 1749/250/270 1747/251/270
f 1751/252/270 1752/250/270 1750/249/270
o fenceRails_017
v 6.556923 0.940000 5.698331
v 6.556923 0.820000 5.698331
v 6.581939 0.940000 5.815695
v 6.556923 0.820000 5.698331
v 6.581939 0.820000 5.815695
v 6.581939 0.940000 5.815695
v 8.342395 0.940000 5.440467
v 8.342395 0.820000 5.440467
v 8.317379 0.940000 5.323104
v 8.342395 0.820000 5.440467
v 8.317379 0.820000 5.323104
v 8.317379 0.940000 5.323104
v 8.342395 0.940000 5.440467
v 8.317379 0.940000 5.323104
v 6.581939 0.940000 5.815695
v 8.317379 0.940000 5.323104
v 6.556923 0.940000 5.698331
v 6.581939 0.940000 5.815695
v 8.317379 0.820000 5.323104
v 8.342395 0.820000 5.440467
v 6.556923 0.820000 5.698331
v 8.342395 0.820000 5.440467
v 6.581939 0.820000 5.815695
v 6.556923 0.820000 5.698331
v 8.317379 0.940000 5.323104
v 8.317379 0.820000 5.323104
v 6.556923 0.940000 5.698331
v 8.317379 0.820000 5.323104
v 6.556923 0.820000 5.698331
v 6.556923 0.940000 5.698331
v 6.581939 0.940000 5.815695
v 6.581939 0.820000 5.815695
v 8.342395 0.940000 5.440467
v 6.581939 0.820000 5.815695
v 8.342395 0.820000 5.440467
v 8.342395 0.940000 5.440467
vn -0.9780 -0.0000 0.2085
vn 0.9780 -0.0000 -0.2085
vn -0.0000 1.0000 -0.0000
vn -0.0000 -1.0000 -0.0000
vn -0.2085 -0.0000 -0.9780
vn 0.2085 -0.0000 0.9780
vt 0.000000 1.000000
vt 1.000000 0.000000
vt 0.000000 0.000000
vt 1.000000 1.000000
s 0
usemtl Material_3
f 1754/253/271 1755/254/271 1753/255/271
f 1757/256/271 1758/254/271 1756/253/271
f 1760/253/272 1761/254/272 1759/255/272
f 1763/256/272 1764/254/272 1762/253/272
f 1766/253/273 1767/254/273 1765/255/273
f 1769/256/273 1770/254/273 1768/253/273
f 1772/253/274 1773/254/274 1771/255/274
f 1775/256/274 1776/254/274 1774/253/274
f 1778/253/275 1779/254/275 1777/255/275
f 1781/256/275 1782/254/275 1780/253/275
f 1784/253/276 1785/254/276 1783/255/276
f 1787/256/276 1788/254/276 1786/253/276
o fenceRails_018
v 4.845369 0.510000 6.063137
v 4.845369 0.390000 6.063137
v 4.870384 0.510000 6.180500
v 4.845369 0.390000 6.063137
v 4.870384 0.390000 6.180500
v 4.870384 0.510000 6.180500
v 6.630840 0.510000 5.805273
v 6.630840 0.390000 5.805273
v 6.605824 0.510000 5.687909
v 6.630840 0.390000 5.805273
v 6.605824 0.390000 5.687909
v 6.605824 0.510000 5.687909
v 6.630840 0.510000 5.805273
v 6.605824 0.510000 5.687909
v 4.870384 0.510000 6.180500
v 6.605824 0.510000 5.687909
v 4.845369 0.510000 6.063137
v 4.870384 0.510000 6.180500
v 6.605824 0.390000 5.687909
v 6.630840 0.390000 5.805273
v 4.845369 0.390000 6.063137
v 6.630840 0.390000 5.805273
v 4.870384 0.390000 6.180500
v 4.845369 0.390000 6.063137
v 6.605824 0.510000 5.687909
v 6.605824 0.390000 5.687909
v 4.845369 0.510000 6.063137
v 6.605824 0.390000 5.687909
v 4.845369 0.390000 6.063137
v 4.845369 0.510000 6.063137
v 4.870384 0.510000 6.180500
v 4.870384 0.390000 6.180500
v 6.630840 0.510000 5.805273
v 4.870384 0.390000 6.180500
v 6.630840 0.390000 5.805273
v 6.630840 0.510000 5.805273
vn -0.9780 -0.0000 0.2085
vn 0.9780 -0.0000 -0.2085
vn -0.0000 1.0000 -0.0000
vn -0.0000 -1.0000 -0.0000
vn -0.2085 -0.0000 -0.9780
vn 0.2085 -0.0000 0.9780
vt 0.000000 1.000000
vt 1.000000 0.000000
vt 0.000000 0.000000
vt 1.000000 1.000000
s 0
usemtl Material_3
f 1790/257/277 1791/258/277 1789/259/277
f 1793/260/277 1794/258/277 1792/257/277
f 1796/257/278 1797/258/278 1795/259/278
f 1799/260/278 1800/258/278 1798/257/278
f 1802/257/279 1803/258/279 1801/259/279
f 1805/260/279 1806/258/279 1804/257/279
f 1808/257/280 1809/258/280 1807/259/280
f 1811/260/280 1812/258/280 1810/257/280
f 1814/257/281 1815/258/281 1813/259/281
f 1817/260/281 1818/258/281 1816/257/281
f 1820/257/282 1821/258/282 1819/259/282
f 1823/260/282 1824/258/282 1822/257/282
o fenceRails_019
v 4.845369 0.940000 6.063137
v 4.845369 0.820000 6.063137
v 4.870384 0.940000 6.180500
v 4.845369 0.820000 6.063137
v 4.870384 0.820000 6.180500
v 4.870384 0.940000 6.180500
v 6.630840 0.940000 5.805273
v 6.630840 0.820000 5.805273
v 6.605824 0.940000 5.687909
v 6.630840 0.820000 5.805273
v 6.605824 0.820000 5.687909
v 6.605824 0.940000 5.687909
v 6.630840 0.940000 5.805273
v 6.605824 0.940000 5.687909
v 4.870384 0.940000 6.180500
v 6.605824 0.940000 5.687909
v 4.845369 0.940000 6.063137
v 4.870384 0.940000 6.180500
v 6.605824 0.820000 5.687909
v 6.630840 0.820000 5.805273
v 4.845369 0.820000 6.063137
v 6.630840 0.820000 5.805273
v 4.870384 0.820000 6.180500
v 4.845369 0.820000 6.063137
v 6.605824 0.940000 5.687909
v 6.605824 0.820000 5.687909
v 4.845369 0.940000 6.063137
v 6.605824 0.820000 5.687909
v 4.845369 0.820000 6.063137
v 4.845369 0.940000 6.063137
v 4.870384 0.940000 6.180500
v 4.870384 0.820000 6.180500
v 6.630840 0.940000 5.805273
v 4.870384 0.820000 6.180500
v 6.630840 0.820000 5.805273
v 6.630840 0.940000 5.805273
vn -0.9780 -0.0000 0.2085
vn 0.9780 -0.0000 -0.2085
vn -0.0000 1.0000 -0.0000
vn -0.0000 -1.0000 -0.0000
vn -0.2085 -0.0000 -0.9780
vn 0.2085 -0.0000 0.9780
vt 0.000000 1.000000
vt 1.000000 0.000000
vt 0.000000 0.000000
vt 1.000000 1.000000
s 0
usemtl Material_3
f 1826/261/283 1827/262/283 1825/263/283
f 1829/264/283 1830/262/283 1828/261/283
f 1832/261/284 1833/262/284 1831/263/284
f 1835/264/284 1836/262/284 1834/261/284
f 1838/261/285 1839/262/285 1837/263/285
f 1841/264/285 1842/262/285 1840/261/285
f 1844/261/286 1845/262/286 1843/263/286
f 1847/264/286 1848/262/286 1846/261/286
f 1850/261/287 1851/262/287 1849/263/287
f 1853/264/287 1854/262/287 1852/261/287
f 1856/261/288 1857/262/288 1855/263/288
f 1859/264/288 1860/262/288 1858/261/288
o fenceRails_020
v 3.133815 0.510000 6.427941
v 3.133815 0.390000 6.427941
v 3.158830 0.510000 6.545305
v 3.133815 0.390000 6.427941
v 3.158830 0.390000 6.545305
v 3.158830 0.510000 6.545305
v 4.919286 0.510000 6.170077
v 4.919286 0.390000 6.170077
v 4.894270 0.510000 6.052713
v 4.919286 0.390000 6.170077
v 4.894270 0.390000 6.052713
v 4.894270 0.510000 6.052713
v 4.919286 0.510000 6.170077
v 4.894270 0.510000 6.052713
v 3.158830 0.510000 6.545305
v 4.894270 0.510000 6.052713
v 3.133815 0.510000 6.427941
v 3.158830 0.510000 6.545305
v 4.894270 0.390000 6.052713
v 4.919286 0.390000 6.170077
v 3.133815 0.390000 6.427941
v 4.919286 0.390000 6.170077
v 3.158830 0.390000 6.545305
v 3.133815 0.390000 6.427941
v 4.894270 0.510000 6.052713
v 4.894270 0.390000 6.052713
v 3.133815 0.510000 6.427941
v 4.894270 0.390000 6.052713
v 3.133815 0.390000 6.427941
v 3.133815 0.510000 6.427941
v 3.158830 0.510000 6.545305
v 3.158830 0.390000 6.545305
v 4.919286 0.510000 6.170077
v 3.158830 0.390000 6.545305
v 4.919286 0.390000 6.170077
v 4.919286 0.510000 6.170077
vn -0.9780 -0.0000 0.2085
vn 0.9780 -0.0000 -0.2085
vn -0.0000 1.0000 -0.0000
vn -0.0000 -1.0000 -0.0000
vn -0.2085 -0.0000 -0.9780
vn 0.2085 -0.0000 0.9780
vt 0.000000 1.000000
vt 1.000000 0.000000
vt 0.000000 0.000000
vt 1.000000 1.000000
s 0
usemtl Material_3
f 1862/265/289 1863/266/289 1861/267/289
f 1865/268/289 1866/266/289 1864/265/289
f 1868/265/290 1869/266/290 1867/267/290
f 1871/268/290 1872/266/290 1870/265/290
f 1874/265/291 1875/266/291 1873/267/291
f 1877/268/291 1878/266/291 1876/265/291
f 1880/265/292 1881/266/292 1879/267/292
f 1883/268/292 1884/266/292 1882/265/292
f 1886/265/293 1887/266/293 1885/267/293
f 1889/268/293 1890/266/293 1888/265/293
f 1892/265/294 1893/266/294 1891/267/294
f 1895/268/294 1896/266/294 1894/265/294
o fenceRails_021
v 3.133815 0.940000 6.427941
v 3.133815 0.820000 6.427941
v 3.158830 0.940000 6.545305
v 3.133815 0.820000 6.427941
v 3.158830 0.820000 6.545305
v 3.158830 0.940000 6.545305
v 4.919286 0.940000 6.170077
v 4.919286 0.820000 6.170077
v 4.894270 0.940000 6.052713
v 4.919286 0.820000 6.170077
v 4.894270 0.820000 6.052713
v 4.894270 0.940000 6.052713
v 4.919286 0.940000 6.170077
v 4.894270 0.940000 6.052713
v 3.158830 0.940000 6.545305
v 4.894270 0.940000 6.052713
v 3.133815 0.940000 6.427941
v 3.158830 0.940000 6.545305
v 4.894270 0.820000 6.052713
v 4.919286 0.820000 6.170077
v 3.133815 0.820000 6.427941
v 4.919286 0.820000 6.170077
v 3.158830 0.820000 6.545305
v 3.133815 0.820000 6.427941
v 4.894270 0.940000 6.052713
v 4.894270 0.820000 6.052713
v 3.133815 0.940000 6.427941
v 4.894270 0.820000 6.052713
v 3.133815 0.820000 6.427941
v 3.133815 0.940000 6.427941
v 3.158830 0.940000 6.545305
v 3.158830 0.820000 6.545305
v 4.919286 0.940000 6.170077
v 3.158830 0.820000 6.545305
v 4.919286 0.820000 6.170077
v 4.919286 0.940000 6.170077
vn -0.9780 -0.0000 0.2085
vn 0.9780 -0.0000 -0.2085
vn -0.0000 1.0000 -0.0000
vn -0.0000 -1.0000 -0.0000
vn -0.2085 -0.0000 -0.9780
vn 0.2085 -0.0000 0.9780
vt 0.000000 1.000000
vt 1.000000 0.000000
vt 0.000000 0.000000
vt 1.000000 1.000000
s 0
usemtl Material_3
f 1898/269/295 1899/270/295 1897/271/295
f 1901/272/295 1902/270/295 1900/269/295
f 1904/269/296 1905/270/296 1903/271/296
f 1907/272/296 1908/270/296 1906/269/296
f 1910/269/297 1911/270/297 1909/271/297
f 1913/272/297 1914/270/297 1912/269/297
f 1916/269/298 1917/270/298 1915/271/298
f 1919/272/298 1920/270/298 1918/269/298
f 1922/269/299 1923/270/299 1921/271/299
f 1925/272/299 1926/270/299 1924/269/299
f 1928/269/300 1929/270/300 1927/271/300
f 1931/272/300 1932/270/300 1930/269/300
o fenceRails_022
v 1.422261 0.510000 6.792746
v 1.422261 0.390000 6.792746
v 1.447276 0.510000 6.910110
v 1.422261 0.390000 6.792746
v 1.447276 0.390000 6.910110
v 1.447276 0.510000 6.910110
v 3.207732 0.510000 6.534882
v 3.207732 0.390000 6.534882
v 3.182717 0.510000 6.417519
v 3.207732 0.390000 6.534882
v 3.182717 0.390000 6.417519
v 3.182717 0.510000 6.417519
v 3.207732 0.510000 6.534882
v 3.182717 0.510000 6.417519
v 1.447276 0.510000 6.910110
v 3.182717 0.510000 6.417519
v 1.422261 0.510000 6.792746
v 1.447276 0.510000 6.910110
v 3.182717 0.390000 6.417519
v 3.207732 0.390000 6.534882
v 1.422261 0.390000 6.792746
v 3.207732 0.390000 6.534882
v 1.447276 0.390000 6.910110
v 1.422261 0.390000 6.792746
v 3.182717 0.510000 6.417519
v 3.182717 0.390000 6.417519
v 1.422261 0.510000 6.792746
v 3.182717 0.390000 6.417519
v 1.422261 0.390000 6.792746
v 1.422261 0.510000 6.792746
v 1.447276 0.510000 6.910110
v 1.447276 0.390000 6.910110
v 3.207732 0.510000 6.534882
v 1.447276 0.390000 6.910110
v 3.207732 0.390000 6.534882
v 3.207732 0.510000 6.534882
vn -0.9780 -0.0000 0.2085
vn 0.9780 -0.0000 -0.2085
vn -0.0000 1.0000 -0.0000
vn -0.0000 -1.0000 -0.0000
vn -0.2085 -0.0000 -0.9780
vn 0.2085 -0.0000 0.9780
vt 0.000000 1.000000
vt 1.000000 0.000000
vt 0.000000 0.000000
vt 1.000000 1.000000
s 0
usemtl Material_3
f 1934/273/301 1935/274/301 1933/275/301
f 1937/276/301 1938/274/301 1936/273/301
f 1940/273/302 1941/274/302 1939/275/302
f 1943/276/302 1944/274/302 1942/273/302
f 1946/273/303 1947/274/303 1945/275/303
f 1949/276/303 1950/274/303 1948/273/303
f 1952/273/304 1953/274/304 1951/275/304
f 1955/276/304 1956/274/304 1954/273/304
f 1958/273/305 1959/274/305 1957/275/305
f 1961/276/305 1962/274/305 1960/273/305
f 1964/273/306 1965/274/306 1963/275/306
f 1967/276/306 1968/274/306 1966/273/306
o fenceRails_023
v 1.422261 0.940000 6.792746
v 1.422261 0.820000 6.792746
v 1.447276 0.940000 6.910110
v 1.422261 0.820000 6.792746
v 1.447276 0.820000 6.910110
v 1.447276 0.940000 6.910110
v 3.207732 0.940000 6.534882
v 3.207732 0.820000 6.534882
v 3.182717 0.940000 6.417519
v 3.207732 0.820000 6.534882
v 3.182717 0.820000 6.417519
v 3.182717 0.940000 6.417519
v 3.207732 0.940000 6.534882
v 3.182717 0.940000 6.417519
v 1.447276 0.940000 6.910110
v 3.182717 0.940000 6.417519
v 1.422261 0.940000 6.792746
v 1.447276 0.940000 6.910110
v 3.182717 0.820000 6.417519
v 3.207732 0.820000 6.534882
v 1.422261 0.820000 6.792746
v 3.207732 0.820000 6.534882
v 1.447276 0.820000 6.910110
v 1.422261 0.820000 6.792746
v 3.182717 0.940000 6.417519
v 3.182717 0.820000 6.417519
v 1.422261 0.940000 6.792746
v 3.182717 0.820000 6.417519
v 1.422261 0.820000 6.792746
v 1.422261 0.940000 6.792746
v 1.447276 0.940000 6.910110
v 1.447276 0.820000 6.910110
v 3.207732 0.940000 6.534882
v 1.447276 0.820000 6.910110
v 3.207732 0.820000 6.534882
v 3.207732 0.940000 6.534882
vn -0.9780 -0.0000 0.2085
vn 0.9780 -0.0000 -0.2085
vn -0.0000 1.0000 -0.0000
vn -0.0000 -1.0000 -0.0000
vn -0.2085 -0.0000 -0.9780
vn 0.2085 -0.0000 0.9780
vt 0.000000 1.000000
vt 1.000000 0.000000
vt 0.000000 0.000000
vt 1.000000 1.000000
s 0
usemtl Material_3
f 1970/277/307 1971/278/307 1969/279/307
f 1973/280/307 1974/278/307 1972/277/307
f 1976/277/308 1977/278/308 1975/279/308
f 1979/280/308 1980/278/308 1978/277/308
f 1982/277/309 1983/278/309 1981/279/309
f 1985/280/309 1986/278/309 1984/277/309
f 1988/277/310 1989/278/310 1987/279/310
f 1991/280/310 1992/278/310 1990/277/310
f 1994/277/311 1995/278/311 1993/279/311
f 1997/280/311 1998/278/311 1996/277/311
f 2000/277/312 2001/278/312 1999/279/312
f 2003/280/312 2004/278/312 2002/277/312
o fenceRails_024
v -0.289293 0.510000 7.157551
v -0.289293 0.390000 7.157551
v -0.264278 0.510000 7.274915
v -0.289293 0.390000 7.157551
v -0.264278 0.390000 7.274915
v -0.264278 0.510000 7.274915
v 1.496178 0.510000 6.899687
v 1.496178 0.390000 6.899687
v 1.471163 0.510000 6.782323
v 1.496178 0.390000 6.899687
v 1.471163 0.390000 6.782323
v 1.471163 0.510000 6.782323
v 1.496178 0.510000 6.899687
v 1.471163 0.510000 6.782323
v -0.264278 0.510000 7.274915
v 1.471163 0.510000 6.782323
v -0.289293 0.510000 7.157551
v -0.264278 0.510000 7.274915
v 1.471163 0.390000 6.782323
v 1.496178 0.390000 6.899687
v -0.289293 0.390000 7.157551
v 1.496178 0.390000 6.899687
v -0.264278 0.390000 7.274915
v -0.289293 0.390000 7.157551
v 1.471163 0.510000 6.782323
v 1.471163 0.390000 6.782323
v -0.289293 0.510000 7.157551
v 1.471163 0.390000 6.782323
v -0.289293 0.390000 7.157551
v -0.289293 0.510000 7.157551
v -0.264278 0.510000 7.274915
v -0.264278 0.390000 7.274915
v 1.496178 0.510000 6.899687
v -0.264278 0.390000 7.274915
v 1.496178 0.390000 6.899687
v 1.496178 0.510000 6.899687
vn -0.9780 -0.0000 0.2085
vn 0.9780 -0.0000 -0.2085
vn -0.0000 1.0000 -0.0000
vn -0.0000 -1.0000 -0.0000
vn -0.2085 -0.0000 -0.9780
vn 0.2085 -0.0000 0.9780
vt 0.000000 1.000000
vt 1.000000 0.000000
vt 0.000000 0.000000
vt 1.000000 1.000000
s 0
usemtl Material_3
f 2006/281/313 2007/282/313 2005/283/313
f 2009/284/313 2010/282/313 2008/281/313
f 2012/281/314 2013/282/314 2011/283/314
f 2015/284/314 2016/282/314 2014/281/314
f 2018/281/315 2019/282/315 2017/283/315
f 2021/284/315 2022/282/315 2020/281/315
f 2024/281/316 2025/282/316 2023/283/316
f 2027/284/316 2028/282/316 2026/281/316
f 2030/281/317 2031/282/317 2029/283/317
f 2033/284/317 2034/282/317 2032/281/317
f 2036/281/318 2037/282/318 2035/283/318
f 2039/284/318 2040/282/318 2038/281/318
o fenceRails_025
v -0.289293 0.940000 7.157551
v -0.289293 0.820000 7.157551
v -0.264278 0.940000 7.274915
v -0.289293 0.820000 7.157551
v -0.264278 0.820000 7.274915
v -0.264278 0.940000 7.274915
v 1.496178 0.940000 6.899687
v 1.496178 0.820000 6.899687
v 1.471163 0.940000 6.782323
v 1.496178 0.820000 6.899687
v 1.471163 0.820000 6.782323
v 1.471163 0.940000 6.782323
v 1.496178 0.940000 6.899687
v 1.471163 0.940000 6.782323
v -0.264278 0.940000 7.274915
v 1.471163 0.940000 6.782323
v -0.289293 0.940000 7.157551
v -0.264278 0.940000 7.274915
v 1.471163 0.820000 6.782323
v 1.496178 0.820000 6.899687
v -0.289293 0.820000 7.157551
v 1.496178 0.820000 6.899687
v -0.264278 0.820000 7.274915
v -0.289293 0.820000 7.157551
v 1.471163 0.940000 6.782323
v 1.471163 0.820000 6.782323
v -0.289293 0.940000 7.157551
v 1.471163 0.820000 6.782323
v -0.289293 0.820000 7.157551
v -0.289293 0.940000 7.157551
v -0.264278 0.940000 7.274915
v -0.264278 0.820000 7.274915
v 1.496178 0.940000 6.899687
v -0.264278 0.820000 7.274915
v 1.496178 0.820000 6.899687
v 1.496178 0.940000 6.899687
vn -0.9780 -0.0000 0.2085
vn 0.9780 -0.0000 -0.2085
vn -0.0000 1.0000 -0.0000
vn -0.0000 -1.0000 -0.0000
vn -0.2085 -0.0000 -0.9780
vn 0.2085 -0.0000 0.9780
vt 0.000000 1.000000
vt 1.000000 0.000000
vt 0.000000 0.000000
vt 1.000000 1.000000
s 0
usemtl Material_3
f 2042/285/319 2043/286/319 2041/287/319
f 2045/288/319 2046/286/319 2044/285/319
f 2048/285/320 2049/286/320 2047/287/320
f 2051/288/320 2052/286/320 2050/285/320
f 2054/285/321 2055/286/321 2053/287/321
f 2057/288/321 2058/286/321 2056/285/321
f 2060/285/322 2061/286/322 2059/287/322
f 2063/288/322 2064/286/322 2062/285/322
f 2066/285/323 2067/286/323 2065/287/323
f 2069/288/323 2070/286/323 2068/285/323
f 2072/285/324 2073/286/324 2071/287/324
f 2075/288/324 2076/286/324 2074/285/324
o fenceRails_026
v -2.000847 0.510000 7.522356
v -2.000847 0.390000 7.522356
v -1.975832 0.510000 7.639719
v -2.000847 0.390000 7.522356
v -1.975832 0.390000 7.639719
v -1.975832 0.510000 7.639719
v -0.215376 0.510000 7.264492
v -0.215376 0.390000 7.264492
v -0.240392 0.510000 7.147128
v -0.215376 0.390000 7.264492
v -0.240392 0.390000 7.147128
v -0.240392 0.510000 7.147128
v -0.215376 0.510000 7.264492
v -0.240392 0.510000 7.147128
v -1.975832 0.510000 7.639719
v -0.240392 0.510000 7.147128
v -2.000847 0.510000 7.522356
v -1.975832 0.510000 7.639719
v -0.240392 0.390000 7.147128
v -0.215376 0.390000 7.264492
v -2.000847 0.390000 7.522356
v -0.215376 0.390000 7.264492
v -1.975832 0.390000 7.639719
v -2.000847 0.390000 7.522356
v -0.240392 0.510000 7.147128
v -0.240392 0.390000 7.147128
v -2.000847 0.510000 7.522356
v -0.240392 0.390000 7.147128
v -2.000847 0.390000 7.522356
v -2.000847 0.510000 7.522356
v -1.975832 0.510000 7.639719
v -1.975832 0.390000 7.639719
v -0.215376 0.510000 7.264492
v -1.975832 0.390000 7.639719
v -0.215376 0.390000 7.264492
v -0.215376 0.510000 7.264492
vn -0.9780 -0.0000 0.2085
vn 0.9780 -0.0000 -0.2085
vn -0.0000 1.0000 -0.0000
vn -0.0000 -1.0000 -0.0000
vn -0.2085 -0.0000 -0.9780
vn 0.2085 -0.0000 0.9780
vt 0.000000 1.000000
vt 1.000000 0.000000
vt 0.000000 0.000000
vt 1.000000 1.000000
s 0
usemtl Material_3
f 2078/289/325 2079/290/325 2077/291/325
f 2081/292/325 2082/290/325 2080/289/325
f 2084/289/326 2085/290/326 2083/291/326
f 2087/292/326 2088/290/326 2086/289/326
f 2090/289/327 2091/290/327 2089/291/327
f 2093/292/327 2094/290/327 2092/289/327
f 2096/289/328 2097/290/328 2095/291/328
f 2099/292/328 2100/290/328 2098/289/328
f 2102/289/329 2103/290/329 2101/291/329
f 2105/292/329 2106/290/329 2104/289/329
f 2108/289/330 2109/290/330 2107/291/330
f 2111/292/330 2112/290/330 2110/289/330
o fenceRails_027
v -2.000847 0.940000 7.522356
v -2.000847 0.820000 7.522356
v -1.975832 0.940000 7.639719
v -2.000847 0.820000 7.522356
v -1.975832 0.820000 7.639719
v -1.975832 0.940000 7.639719
v -0.215376 0.940000 7.264492
v -0.215376 0.820000 7.264492
v -0.240392 0.940000 7.147128
v -0.215376 0.820000 7.264492
v -0.240392 0.820000 7.147128
v -0.240392 0.940000 7.147128
v -0.215376 0.940000 7.264492
v -0.240392 0.940000 7.147128
v -1.975832 0.940000 7.639719
v -0.240392 0.940000 7.147128
v -2.000847 0.940000 7.522356
v -1.975832 0.940000 7.639719
v -0.240392 0.820000 7.147128
v -0.215376 0.820000 7.264492
v -2.000847 0.820000 7.522356
v -0.215376 0.820000 7.264492
v -1.975832 0.820000 7.639719
v -2.000847 0.820000 7.522356
v -0.240392 0.940000 7.147128
v -0.240392 0.820000 7.147128
v -2.000847 0.940000 7.522356
v -0.240392 0.820000 7.147128
v -2.000847 0.820000 7.522356
v -2.000847 0.940000 7.522356
v -1.975832 0.940000 7.639719
v -1.975832 0.820000 7.639719
v -0.215376 0.940000 7.264492
v -1.975832 0.820000 7.639719
v -0.215376 0.820000 7.264492
v -0.215376 0.940000 7.264492
vn -0.9780 -0.0000 0.2085
vn 0.9780 -0.0000 -0.2085
vn -0.0000 1.0000 -0.0000
vn -0.0000 -1.0000 -0.0000
vn -0.2085 -0.0000 -0.9780
vn 0.2085 -0.0000 0.9780
vt 0.000000 1.000000
vt 1.000000 0.000000
vt 0.000000 0.000000
vt 1.000000 1.000000
s 0
usemtl Material_3
f 2114/293/331 2115/294/331 2113/295/331
f 2117/296/331 2118/294/331 2116/293/331
f 2120/293/332 2121/294/332 2119/295/332
f 2123/296/332 2124/294/332 2122/293/332
f 2126/293/333 2127/294/333 2125/295/333
f 2129/296/333 2130/294/333 2128/293/333
f 2132/293/334 2133/294/334 2131/295/334
f 2135/296/334 2136/294/334 2134/293/334
f 2138/293/335 2139/294/335 2137/295/335
f 2141/296/335 2142/294/335 2140/293/335
f 2144/293/336 2145/294/336 2143/295/336
f 2147/296/336 2148/294/336 2146/293/336
o fenceRails_028
v -3.712401 0.510000 7.887160
v -3.712401 0.390000 7.887160
v -3.687386 0.510000 8.004524
v -3.712401 0.390000 7.887160
v -3.687386 0.390000 8.004524
v -3.687386 0.510000 8.004524
v -1.926930 0.510000 7.629296
v -1.926930 0.390000 7.629296
v -1.951946 0.510000 7.511932
v -1.926930 0.390000 7.629296
v -1.951946 0.390000 7.511932
v -1.951946 0.510000 7.511932
v -1.926930 0.510000 7.629296
v -1.951946 0.510000 7.511932
v -3.687386 0.510000 8.004524
v -1.951946 0.510000 7.511932
v -3.712401 0.510000 7.887160
v -3.687386 0.510000 8.004524
v -1.951946 0.390000 7.511932
v -1.926930 0.390000 7.629296
v -3.712401 0.390000 7.887160
v -1.926930 0.390000 7.629296
v -3.687386 0.390000 8.004524
v -3.712401 0.390000 7.887160
v -1.951946 0.510000 7.511932
v -1.951946 0.390000 7.511932
v -3.712401 0.510000 7.887160
v -1.951946 0.390000 7.511932
v -3.712401 0.390000 7.887160
v -3.712401 0.510000 7.887160
v -3.687386 0.510000 8.004524
v -3.687386 0.390000 8.004524
v -1.926930 0.510000 7.629296
v -3.687386 0.390000 8.004524
v -1.926930 0.390000 7.629296
v -1.926930 0.510000 7.629296
vn -0.9780 -0.0000 0.2085
vn 0.9780 -0.0000 -0.2085
vn -0.0000 1.0000 -0.0000
vn -0.0000 -1.0000 -0.0000
vn -0.2085 -0.0000 -0.9780
vn 0.2085 -0.0000 0.9780
vt 0.000000 1.000000
vt 1.000000 0.000000
vt 0.000000 0.000000
vt 1.000000 1.000000
s 0
usemtl Material_3
f 2150/297/337 2151/298/337 2149/299/337
f 2153/300/337 2154/298/337 2152/297/337
f 2156/297/338 2157/298/338 2155/299/338
f 2159/300/338 2160/298/338 2158/297/338
f 2162/297/339 2163/298/339 2161/299/339
f 2165/300/339 2166/298/339 2164/297/339
f 2168/297/340 2169/298/340 2167/299/340
f 2171/300/340 2172/298/340 2170/297/340
f 2174/297/341 2175/298/341 2173/299/341
f 2177/300/341 2178/298/341 2176/297/341
f 2180/297/342 2181/298/342 2179/299/342
f 2183/300/342 2184/298/342 2182/297/342
o fenceRails_029
v -3.712401 0.940000 7.887160
v -3.712401 0.820000 7.887160
v -3.687386 0.940000 8.004524
v -3.712401 0.820000 7.887160
v -3.687386 0.820000 8.004524
v -3.687386 0.940000 8.004524
v -1.926930 0.940000 7.629296
v -1.926930 0.820000 7.629296
v -1.951946 0.940000 7.511932
v -1.926930 0.820000 7.629296
v -1.951946 0.820000 7.511932
v -1.951946 0.940000 7.511932
v -1.926930 0.940000 7.629296
v -1.951946 0.940000 7.511932
v -3.687386 0.940000 8.004524
v -1.951946 0.940000 7.511932
v -3.712401 0.940000 7.887160
v -3.687386 0.940000 8.004524
v -1.951946 0.820000 7.511932
v -1.926930 0.820000 7.629296
v -3.712401 0.820000 7.887160
v -1.926930 0.820000 7.629296
v -3.687386 0.820000 8.004524
v -3.712401 0.820000 7.887160
v -1.951946 0.940000 7.511932
v -1.951946 0.820000 7.511932
v -3.712401 0.940000 7.887160
v -1.951946 0.820000 7.511932
v -3.712401 0.820000 7.887160
v -3.712401 0.940000 7.887160
v -3.687386 0.940000 8.004524
v -3.687386 0.820000 8.004524
v -1.926930 0.940000 7.629296
v -3.687386 0.820000 8.004524
v -1.926930 0.820000 7.629296
v -1.926930 0.940000 7.629296
vn -0.9780 -0.0000 0.2085
vn 0.9780 -0.0000 -0.2085
vn -0.0000 1.0000 -0.0000
vn -0.0000 -1.0000 -0.0000
vn -0.2085 -0.0000 -0.9780
vn 0.2085 -0.0000 0.9780
vt 0.000000 1.000000
vt 1.000000 0.000000
vt 0.000000 0.000000
vt 1.000000 1.000000
s 0
usemtl Material_3
f 2186/301/343 2187/302/343 2185/303/343
f 2189/304/343 2190/302/343 2188/301/343
f 2192/301/344 2193/302/344 2191/303/344
f 2195/304/344 2196/302/344 2194/301/344
f 2198/301/345 2199/302/345 2197/303/345
f 2201/304/345 2202/302/345 2200/301/345
f 2204/301/346 2205/302/346 2203/303/346
f 2207/304/346 2208/302/346 2206/301/346
f 2210/301/347 2211/302/347 2209/303/347
f 2213/304/347 2214/302/347 2212/301/347
f 2216/301/348 2217/302/348 2215/303/348
f 2219/304/348 2220/302/348 2218/301/348
o fenceRails_030
v -5.423955 0.510000 8.251966
v -5.423955 0.390000 8.251966
v -5.398940 0.510000 8.369329
v -5.423955 0.390000 8.251966
v -5.398940 0.390000 8.369329
v -5.398940 0.510000 8.369329
v -3.638484 0.510000 7.994102
v -3.638484 0.390000 7.994102
v -3.663500 0.510000 7.876738
v -3.638484 0.390000 7.994102
v -3.663500 0.390000 7.876738
v -3.663500 0.510000 7.876738
v -3.638484 0.510000 7.994102
v -3.663500 0.510000 7.876738
v -5.398940 0.510000 8.369329
v -3.663500 0.510000 7.876738
v -5.423955 0.510000 8.251966
v -5.398940 0.510000 8.369329
v -3.663500 0.390000 7.876738
v -3.638484 0.390000 7.994102
v -5.423955 0.390000 8.251966
v -3.638484 0.390000 7.994102
v -5.398940 0.390000 8.369329
v -5.423955 0.390000 8.251966
v -3.663500 0.510000 7.876738
v -3.663500 0.390000 7.876738
v -5.423955 0.510000 8.251966
v -3.663500 0.390000 7.876738
v -5.423955 0.390000 8.251966
v -5.423955 0.510000 8.251966
v -5.398940 0.510000 8.369329
v -5.398940 0.390000 8.369329
v -3.638484 0.510000 7.994102
v -5.398940 0.390000 8.369329
v -3.638484 0.390000 7.994102
v -3.638484 0.510000 7.994102
vn -0.9780 -0.0000 0.2085
vn 0.9780 -0.0000 -0.2085
vn -0.0000 1.0000 -0.0000
vn -0.0000 -1.0000 -0.0000
vn -0.2085 -0.0000 -0.9780
vn 0.2085 -0.0000 0.9780
vt 0.000000 1.000000
vt 1.000000 0.000000
vt 0.000000 0.000000
vt 1.000000 1.000000
s 0
usemtl Material_3
f 2222/305/349 2223/306/349 2221/307/349
f 2225/308/349 2226/306/349 2224/305/349
f 2228/305/350 2229/306/350 2227/307/350
f 2231/308/350 2232/306/350 2230/305/350
f 2234/305/351 2235/306/351 2233/307/351
f 2237/308/351 2238/306/351 2236/305/351
f 2240/305/352 2241/306/352 2239/307/352
f 2243/308/352 2244/306/352 2242/305/352
f 2246/305/353 2247/306/353 2245/307/353
f 2249/308/353 2250/306/353 2248/305/353
f 2252/305/354 2253/306/354 2251/307/354
f 2255/308/354 2256/306/354 2254/305/354
o fenceRails_031
v -5.423955 0.940000 8.251966
v -5.423955 0.820000 8.251966
v -5.398940 0.940000 8.369329
v -5.423955 0.820000 8.251966
v -5.398940 0.820000 8.369329
v -5.398940 0.940000 8.369329
v -3.638484 0.940000 7.994102
v -3.638484 0.820000 7.994102
v -3.663500 0.940000 7.876738
v -3.638484 0.820000 7.994102
v -3.663500 0.820000 7.876738
v -3.663500 0.940000 7.876738
v -3.638484 0.940000 7.994102
v -3.663500 0.940000 7.876738
v -5.398940 0.940000 8.369329
v -3.663500 0.940000 7.876738
v -5.423955 0.940000 8.251966
v -5.398940 0.940000 8.369329
v -3.663500 0.820000 7.876738
v -3.638484 0.820000 7.994102
v -5.423955 0.820000 8.251966
v -3.638484 0.820000 7.994102
v -5.398940 0.820000 8.369329
v -5.423955 0.820000 8.251966
v -3.663500 0.940000 7.876738
v -3.663500 0.820000 7.876738
v -5.423955 0.940000 8.251966
v -3.663500 0.820000 7.876738
v -5.423955 0.820000 8.251966
v -5.423955 0.940000 8.251966
v -5.398940 0.940000 8.369329
v -5.398940 0.820000 8.369329
v -3.638484 0.940000 7.994102
v -5.398940 0.820000 8.369329
v -3.638484 0.820000 7.994102
v -3.638484 0.940000 7.994102
vn -0.9780 -0.0000 0.2085
vn 0.9780 -0.0000 -0.2085
vn -0.0000 1.0000 -0.0000
vn -0.0000 -1.0000 -0.0000
vn -0.2085 -0.0000 -0.9780
vn 0.2085 -0.0000 0.9780
vt 0.000000 1.000000
vt 1.000000 0.000000
vt 0.000000 0.000000
vt 1.000000 1.000000
s 0
usemtl Material_3
f 2258/309/355 2259/310/355 2257/311/355
f 2261/312/355 2262/310/355 2260/309/355
f 2264/309/356 2265/310/356 2263/311/356
f 2267/312/356 2268/310/356 2266/309/356
f 2270/309/357 2271/310/357 2269/311/357
f 2273/312/357 2274/310/357 2272/309/357
f 2276/309/358 2277/310/358 2275/311/358
f 2279/312/358 2280/310/358 2278/309/358
f 2282/309/359 2283/310/359 2281/311/359
f 2285/312/359 2286/310/359 2284/309/359
f 2288/309/360 2289/310/360 2287/311/360
f 2291/312/360 2292/310/360 2290/309/360
o ironStructure_0003
v 3.871658 0.439999 -2.284565
v 3.840473 0.130300 -2.348828
v 3.127870 0.439999 -1.923627
v 3.840473 0.130300 -2.348828
v 3.096686 0.130300 -1.987889
v 3.127870 0.439999 -1.923627
v 3.500433 0.243177 -1.155886
v 3.469248 -0.066521 -1.220148
v 4.244220 0.243177 -1.516824
v 3.469248 -0.066521 -1.220148
v 4.213036 -0.066521 -1.581087
v 4.244220 0.243177 -1.516824
v 3.500433 0.243177 -1.155886
v 4.244220 0.243177 -1.516824
v 3.127870 0.439999 -1.923627
v 4.244220 0.243177 -1.516824
v 3.871658 0.439999 -2.284565
v 3.127870 0.439999 -1.923627
v 4.213036 -0.066521 -1.581087
v 3.469248 -0.066521 -1.220148
v 3.840473 0.130300 -2.348828
v 3.469248 -0.066521 -1.220148
v 3.096686 0.130300 -1.987889
v 3.840473 0.130300 -2.348828
v 4.244220 0.243177 -1.516824
v 4.213036 -0.066521 -1.581087
v 3.871658 0.439999 -2.284565
v 4.213036 -0.066521 -1.581087
v 3.840473 0.130300 -2.348828
v 3.871658 0.439999 -2.284565
v 3.127870 0.439999 -1.923627
v 3.096686 0.130300 -1.987889
v 3.500433 0.243177 -1.155886
v 3.096686 0.130300 -1.987889
v 3.469248 -0.066521 -1.220148
v 3.500433 0.243177 -1.155886
vn -0.4254 0.2247 -0.8766
vn 0.4254 -0.2247 0.8766
vn 0.0981 0.9744 0.2022
vn -0.0981 -0.9744 -0.2022
vn 0.8997 -0.0000 -0.4366
vn -0.8997 -0.0000 0.4366
vt 0.000000 1.000000
vt 1.000000 0.000000
vt 0.000000 0.000000
vt 1.000000 1.000000
s 0
usemtl Material_2
f 2294/313/361 2295/314/361 2293/315/361
f 2297/316/361 2298/314/361 2296/313/361
f 2300/313/362 2301/314/362 2299/315/362
f 2303/316/362 2304/314/362 2302/313/362
f 2306/313/363 2307/314/363 2305/315/363
f 2309/316/363 2310/314/363 2308/313/363
f 2312/313/364 2313/314/364 2311/315/364
f 2315/316/364 2316/314/364 2314/313/364
f 2318/313/365 2319/314/365 2317/315/365
f 2321/316/365 2322/314/365 2320/313/365
f 2324/313/366 2325/314/366 2323/315/366
f 2327/316/366 2328/314/366 2326/313/366
o ironStructure_0013
v -1.585312 0.341363 -3.377367
v -1.559562 0.063348 -3.382754
v -1.379978 0.341363 -2.395864
v -1.559562 0.063348 -3.382754
v -1.354228 0.063348 -2.401252
v -1.379978 0.341363 -2.395864
v -0.256579 0.449967 -2.630883
v -0.230829 0.171951 -2.636270
v -0.461913 0.449967 -3.612386
v -0.230829 0.171951 -2.636270
v -0.436163 0.171951 -3.617773
v -0.461913 0.449967 -3.612386
v -0.256579 0.449967 -2.630883
v -0.461913 0.449967 -3.612386
v -1.379978 0.341363 -2.395864
v -0.461913 0.449967 -3.612386
v -1.585312 0.341363 -3.377367
v -1.379978 0.341363 -2.395864
v -0.436163 0.171951 -3.617773
v -0.230829 0.171951 -2.636270
v -1.559562 0.063348 -3.382754
v -0.230829 0.171951 -2.636270
v -1.354228 0.063348 -2.401252
v -1.559562 0.063348 -3.382754
v -0.461913 0.449967 -3.612386
v -0.436163 0.171951 -3.617773
v -1.585312 0.341363 -3.377367
v -0.436163 0.171951 -3.617773
v -1.559562 0.063348 -3.382754
v -1.585312 0.341363 -3.377367
v -1.379978 0.341363 -2.395864
v -1.354228 0.063348 -2.401252
v -0.256579 0.449967 -2.630883
v -1.354228 0.063348 -2.401252
v -0.230829 0.171951 -2.636270
v -0.256579 0.449967 -2.630883
vn -0.9745 -0.0942 0.2039
vn 0.9745 0.0942 -0.2039
vn -0.0922 0.9956 0.0193
vn 0.0922 -0.9956 -0.0193
vn -0.2048 -0.0000 -0.9788
vn 0.2048 -0.0000 0.9788
vt 0.000000 1.000000
vt 1.000000 0.000000
vt 0.000000 0.000000
vt 1.000000 1.000000
s 0
usemtl Material_2
f 2330/317/367 2331/318/367 2329/319/367
f 2333/320/367 2334/318/367 2332/317/367
f 2336/317/368 2337/318/368 2335/319/368
f 2339/320/368 2340/318/368 2338/317/368
f 2342/317/369 2343/318/369 2341/319/369
f 2345/320/369 2346/318/369 2344/317/369
f 2348/317/370 2349/318/370 2347/319/370
f 2351/320/370 2352/318/370 2350/317/370
f 2354/317/371 2355/318/371 2353/319/371
f 2357/320/371 2358/318/371 2356/317/371
f 2360/317/372 2361/318/372 2359/319/372
f 2363/320/372 2364/318/372 2362/317/372
o ironStructure_0023
v -6.255267 0.407250 -3.693817
v -6.303661 0.131774 -3.718432
v -6.745850 0.407250 -2.729317
v -6.303661 0.131774 -3.718432
v -6.794244 0.131774 -2.753932
v -6.745850 0.407250 -2.729317
v -6.297451 0.308099 -2.501244
v -6.345845 0.032622 -2.525859
v -5.806869 0.308099 -3.465744
v -6.345845 0.032622 -2.525859
v -5.855263 0.032622 -3.490359
v -5.806869 0.308099 -3.465744
v -6.297451 0.308099 -2.501244
v -5.806869 0.308099 -3.465744
v -6.745850 0.407250 -2.729317
v -5.806869 0.308099 -3.465744
v -6.255267 0.407250 -3.693817
v -6.745850 0.407250 -2.729317
v -5.855263 0.032622 -3.490359
v -6.345845 0.032622 -2.525859
v -6.303661 0.131774 -3.718432
v -6.345845 0.032622 -2.525859
v -6.794244 0.131774 -2.753932
v -6.303661 0.131774 -3.718432
v -5.806869 0.308099 -3.465744
v -5.855263 0.032622 -3.490359
v -6.255267 0.407250 -3.693817
v -5.855263 0.032622 -3.490359
v -6.303661 0.131774 -3.718432
v -6.255267 0.407250 -3.693817
v -6.745850 0.407250 -2.729317
v -6.794244 0.131774 -2.753932
v -6.297451 0.308099 -2.501244
v -6.794244 0.131774 -2.753932
v -6.345845 0.032622 -2.525859
v -6.297451 0.308099 -2.501244
vn -0.8745 0.1934 -0.4448
vn 0.8745 -0.1934 0.4448
vn 0.1724 0.9811 0.0877
vn -0.1724 -0.9811 -0.0877
vn 0.4534 -0.0000 -0.8913
vn -0.4534 -0.0000 0.8913
vt 0.000000 1.000000
vt 1.000000 0.000000
vt 0.000000 0.000000
vt 1.000000 1.000000
s 0
usemtl Material_2
f 2366/321/373 2367/322/373 2365/323/373
f 2369/324/373 2370/322/373 2368/321/373
f 2372/321/374 2373/322/374 2371/323/374
f 2375/324/374 2376/322/374 2374/321/374
f 2378/321/375 2379/322/375 2377/323/375
f 2381/324/375 2382/322/375 2380/321/375
f 2384/321/376 2385/322/376 2383/323/376
f 2387/324/376 2388/322/376 2386/321/376
f 2390/321/377 2391/322/377 2389/323/377
f 2393/324/377 2394/322/377 2392/321/377
f 2396/321/378 2397/322/378 2395/323/378
f 2399/324/378 2400/322/378 2398/321/378
o ironStructure_0032
v -2.818768 0.306508 -0.760134
v -2.805728 0.114198 -0.789063
v -3.827701 0.306508 -1.214920
v -2.805728 0.114198 -0.789063
v -3.814661 0.114199 -1.243849
v -3.827701 0.306508 -1.214920
v -4.363031 0.091555 -0.027303
v -4.349990 -0.100754 -0.056232
v -3.354097 0.091555 0.427483
v -4.349990 -0.100754 -0.056232
v -3.341057 -0.100754 0.398554
v -3.354097 0.091555 0.427483
v -4.363031 0.091555 -0.027303
v -3.354097 0.091555 0.427483
v -3.827701 0.306508 -1.214920
v -3.354097 0.091555 0.427483
v -2.818768 0.306508 -0.760134
v -3.827701 0.306508 -1.214920
v -3.341057 -0.100754 0.398554
v -4.349990 -0.100754 -0.056232
v -2.805728 0.114198 -0.789063
v -4.349990 -0.100754 -0.056232
v -3.814661 0.114199 -1.243849
v -2.805728 0.114198 -0.789063
v -3.354097 0.091555 0.427483
v -3.341057 -0.100754 0.398554
v -2.818768 0.306508 -0.760134
v -3.341057 -0.100754 0.398554
v -2.805728 0.114198 -0.789063
v -2.818768 0.306508 -0.760134
v -3.827701 0.306508 -1.214920
v -3.814661 0.114199 -1.243849
v -4.363031 0.091555 -0.027303
v -3.814661 0.114199 -1.243849
v -4.349990 -0.100754 -0.056232
v -4.363031 0.091555 -0.027303
vn 0.4055 0.1628 -0.8995
vn -0.4055 -0.1628 0.8995
vn -0.0669 0.9867 0.1484
vn 0.0669 -0.9867 -0.1484
vn 0.9117 -0.0000 0.4109
vn -0.9117 -0.0000 -0.4109
vt 0.000000 1.000000
vt 1.000000 0.000000
vt 0.000000 0.000000
vt 1.000000 1.000000
s 0
usemtl Material_2
f 2402/325/379 2403/326/379 2401/327/379
f 2405/328/379 2406/326/379 2404/325/379
f 2408/325/380 2409/326/380 2407/327/380
f 2411/328/380 2412/326/380 2410/325/380
f 2414/325/381 2415/326/381 2413/327/381
f 2417/328/381 2418/326/381 2416/325/381
f 2420/325/382 2421/326/382 2419/327/382
f 2423/328/382 2424/326/382 2422/325/382
f 2426/325/383 2427/326/383 2425/327/383
f 2429/328/383 2430/326/383 2428/325/383
f 2432/325/384 2433/326/384 2431/327/384
f 2435/328/384 2436/326/384 2434/325/384
o ironStructure_0042
v -0.889803 0.384687 4.201733
v -0.895291 0.034437 4.163904
v -1.964481 0.384687 4.357624
v -0.895291 0.034437 4.163904
v -1.969969 0.034437 4.319794
v -1.964481 0.384687 4.357624
v -1.794345 0.255343 5.530505
v -1.799833 -0.094907 5.492676
v -0.719667 0.255343 5.374614
v -1.799833 -0.094907 5.492676
v -0.725155 -0.094907 5.336785
v -0.719667 0.255343 5.374614
v -1.794345 0.255343 5.530505
v -0.719667 0.255343 5.374614
v -1.964481 0.384687 4.357624
v -0.719667 0.255343 5.374614
v -0.889803 0.384687 4.201733
v -1.964481 0.384687 4.357624
v -0.725155 -0.094907 5.336785
v -1.799833 -0.094907 5.492676
v -0.895291 0.034437 4.163904
v -1.799833 -0.094907 5.492676
v -1.969969 0.034437 4.319794
v -0.895291 0.034437 4.163904
v -0.719667 0.255343 5.374614
v -0.725155 -0.094907 5.336785
v -0.889803 0.384687 4.201733
v -0.725155 -0.094907 5.336785
v -0.895291 0.034437 4.163904
v -0.889803 0.384687 4.201733
v -1.964481 0.384687 4.357624
v -1.969969 0.034437 4.319794
v -1.794345 0.255343 5.530505
v -1.969969 0.034437 4.319794
v -1.799833 -0.094907 5.492676
v -1.794345 0.255343 5.530505
vn -0.1427 0.1085 -0.9838
vn 0.1427 -0.1085 0.9838
vn 0.0156 0.9941 0.1074
vn -0.0156 -0.9941 -0.1074
vn 0.9896 -0.0000 -0.1436
vn -0.9896 -0.0000 0.1436
vt 0.000000 1.000000
vt 1.000000 0.000000
vt 0.000000 0.000000
vt 1.000000 1.000000
s 0
usemtl Material_2
f 2438/329/385 2439/330/385 2437/331/385
f 2441/332/385 2442/330/385 2440/329/385
f 2444/329/386 2445/330/386 2443/331/386
f 2447/332/386 2448/330/386 2446/329/386
f 2450/329/387 2451/330/387 2449/331/387
f 2453/332/387 2454/330/387 2452/329/387
f 2456/329/388 2457/330/388 2455/331/388
f 2459/332/388 2460/330/388 2458/329/388
f 2462/329/389 2463/330/389 2461/331/389
f 2465/332/389 2466/330/389 2464/329/389
f 2468/329/390 2469/330/390 2467/331/390
f 2471/332/390 2472/330/390 2470/329/390
o metalStructure_0003
v -2.247364 0.395013 0.981912
v -2.245404 0.114613 0.976363
v -1.463530 0.395013 1.258865
v -2.245404 0.114613 0.976363
v -1.461569 0.114613 1.253317
v -1.463530 0.395013 1.258865
v -1.205223 0.411284 0.527805
v -1.203262 0.130884 0.522257
v -1.989057 0.411284 0.250852
v -1.203262 0.130884 0.522257
v -1.987097 0.130884 0.245303
v -1.989057 0.411284 0.250852
v -1.205223 0.411284 0.527805
v -1.989057 0.411284 0.250852
v -1.463530 0.395013 1.258865
v -1.989057 0.411284 0.250852
v -2.247364 0.395013 0.981912
v -1.463530 0.395013 1.258865
v -1.987097 0.130884 0.245303
v -1.203262 0.130884 0.522257
v -2.245404 0.114613 0.976363
v -1.203262 0.130884 0.522257
v -1.461569 0.114613 1.253317
v -2.245404 0.114613 0.976363
v -1.989057 0.411284 0.250852
v -1.987097 0.130884 0.245303
v -2.247364 0.395013 0.981912
v -1.987097 0.130884 0.245303
v -2.245404 0.114613 0.976363
v -2.247364 0.395013 0.981912
v -1.463530 0.395013 1.258865
v -1.461569 0.114613 1.253317
v -1.205223 0.411284 0.527805
v -1.461569 0.114613 1.253317
v -1.203262 0.130884 0.522257
v -1.205223 0.411284 0.527805
vn -0.3331 -0.0210 0.9427
vn 0.3331 0.0210 -0.9427
vn -0.0070 0.9998 0.0198
vn 0.0070 -0.9998 -0.0198
vn -0.9429 -0.0000 -0.3331
vn 0.9429 -0.0000 0.3331
vt 0.000000 1.000000
vt 1.000000 0.000000
vt 0.000000 0.000000
vt 1.000000 1.000000
s 0
usemtl Material_2
f 2474/333/391 2475/334/391 2473/335/391
f 2477/336/391 2478/334/391 2476/333/391
f 2480/333/392 2481/334/392 2479/335/392
f 2483/336/392 2484/334/392 2482/333/392
f 2486/333/393 2487/334/393 2485/335/393
f 2489/336/393 2490/334/393 2488/333/393
f 2492/333/394 2493/334/394 2491/335/394
f 2495/336/394 2496/334/394 2494/333/394
f 2498/333/395 2499/334/395 2497/335/395
f 2501/336/395 2502/334/395 2500/333/395
f 2504/333/396 2505/334/396 2503/335/396
f 2507/336/396 2508/334/396 2506/333/396
o metalStructure_001
v -1.291921 0.085683 -1.721671
v -1.281952 -0.222700 -1.641264
v -1.767244 0.085683 -1.662739
v -1.281952 -0.222700 -1.641264
v -1.757275 -0.222700 -1.582332
v -1.767244 0.085683 -1.662739
v -1.620906 0.398163 -0.482429
v -1.610937 0.089780 -0.402022
v -1.145583 0.398163 -0.541361
v -1.610937 0.089780 -0.402022
v -1.135614 0.089780 -0.460954
v -1.145583 0.398163 -0.541361
v -1.620906 0.398163 -0.482429
v -1.145583 0.398163 -0.541361
v -1.767244 0.085683 -1.662739
v -1.145583 0.398163 -0.541361
v -1.291921 0.085683 -1.721671
v -1.767244 0.085683 -1.662739
v -1.135614 0.089780 -0.460954
v -1.610937 0.089780 -0.402022
v -1.281952 -0.222700 -1.641264
v -1.610937 0.089780 -0.402022
v -1.757275 -0.222700 -1.582332
v -1.281952 -0.222700 -1.641264
v -1.145583 0.398163 -0.541361
v -1.135614 0.089780 -0.460954
v -1.291921 0.085683 -1.721671
v -1.135614 0.089780 -0.460954
v -1.281952 -0.222700 -1.641264
v -1.291921 0.085683 -1.721671
v -1.767244 0.085683 -1.662739
v -1.757275 -0.222700 -1.582332
v -1.620906 0.398163 -0.482429
v -1.757275 -0.222700 -1.582332
v -1.610937 0.089780 -0.402022
v -1.620906 0.398163 -0.482429
vn -0.1190 -0.2541 -0.9598
vn 0.1190 0.2541 0.9598
vn -0.0313 0.9672 -0.2522
vn 0.0313 -0.9672 0.2522
vn 0.9924 -0.0000 -0.1230
vn -0.9924 -0.0000 0.1230
vt 0.000000 1.000000
vt 1.000000 0.000000
vt 0.000000 0.000000
vt 1.000000 1.000000
s 0
usemtl Material_2
f 2510/337/397 2511/338/397 2509/339/397
f 2513/340/397 2514/338/397 2512/337/397
f 2516/337/398 2517/338/398 2515/339/398
f 2519/340/398 2520/338/398 2518/337/398
f 2522/337/399 2523/338/399 2521/339/399
f 2525/340/399 2526/338/399 2524/337/399
f 2528/337/400 2529/338/400 2527/339/400
f 2531/340/400 2532/338/400 2530/337/400
f 2534/337/401 2535/338/401 2533/339/401
f 2537/340/401 2538/338/401 2536/337/401
f 2540/337/402 2541/338/402 2539/339/402
f 2543/340/402 2544/338/402 2542/337/402
o metalStructure_002
v 2.631629 0.088213 -1.437603
v 2.638952 -0.061954 -1.410465
v 1.542537 0.088213 -1.143721
v 2.638952 -0.061954 -1.410465
v 1.549860 -0.061954 -1.116583
v 1.542537 0.088213 -1.143721
v 1.732276 0.224538 -0.440574
v 1.739599 0.074370 -0.413436
v 2.821367 0.224538 -0.734456
v 1.739599 0.074370 -0.413436
v 2.828690 0.074370 -0.707318
v 2.821367 0.224538 -0.734456
v 1.732276 0.224538 -0.440574
v 2.821367 0.224538 -0.734456
v 1.542537 0.088213 -1.143721
v 2.821367 0.224538 -0.734456
v 2.631629 0.088213 -1.437603
v 1.542537 0.088213 -1.143721
v 2.828690 0.074370 -0.707318
v 1.739599 0.074370 -0.413436
v 2.638952 -0.061954 -1.410465
v 1.739599 0.074370 -0.413436
v 1.549860 -0.061954 -1.116583
v 2.638952 -0.061954 -1.410465
v 2.821367 0.224538 -0.734456
v 2.828690 0.074370 -0.707318
v 2.631629 0.088213 -1.437603
v 2.828690 0.074370 -0.707318
v 2.638952 -0.061954 -1.410465
v 2.631629 0.088213 -1.437603
v 1.542537 0.088213 -1.143721
v 1.549860 -0.061954 -1.116583
v 1.732276 0.224538 -0.440574
v 1.549860 -0.061954 -1.116583
v 1.739599 0.074370 -0.413436
v 1.732276 0.224538 -0.440574
vn -0.2561 -0.1840 -0.9490
vn 0.2561 0.1840 0.9490
vn -0.0479 0.9829 -0.1776
vn 0.0479 -0.9829 0.1776
vn 0.9655 -0.0000 -0.2605
vn -0.9655 -0.0000 0.2605
vt 0.000000 1.000000
vt 1.000000 0.000000
vt 0.000000 0.000000
vt 1.000000 1.000000
s 0
usemtl Material_2
f 2546/341/403 2547/342/403 2545/343/403
f 2549/344/403 2550/342/403 2548/341/403
f 2552/341/404 2553/342/404 2551/343/404
f 2555/344/404 2556/342/404 2554/341/404
f 2558/341/405 2559/342/405 2557/343/405
f 2561/344/405 2562/342/405 2560/341/405
f 2564/341/406 2565/342/406 2563/343/406
f 2567/344/406 2568/342/406 2566/341/406
f 2570/341/407 2571/342/407 2569/343/407
f 2573/344/407 2574/342/407 2572/341/407
f 2576/341/408 2577/342/408 2575/343/408
f 2579/344/408 2580/342/408 2578/341/408
o metalStructure_003
v 6.015461 0.167165 -1.527038
v 6.037561 0.044797 -1.532846
v 6.179542 0.167165 -0.902642
v 6.037561 0.044797 -1.532846
v 6.201642 0.044797 -0.908449
v 6.179542 0.167165 -0.902642
v 7.067648 0.338637 -1.136020
v 7.089748 0.216268 -1.141828
v 6.903567 0.338637 -1.760417
v 7.089748 0.216268 -1.141828
v 6.925668 0.216268 -1.766224
v 6.903567 0.338637 -1.760417
v 7.067648 0.338637 -1.136020
v 6.903567 0.338637 -1.760417
v 6.179542 0.167165 -0.902642
v 6.903567 0.338637 -1.760417
v 6.015461 0.167165 -1.527038
v 6.179542 0.167165 -0.902642
v 6.925668 0.216268 -1.766224
v 7.089748 0.216268 -1.141828
v 6.037561 0.044797 -1.532846
v 7.089748 0.216268 -1.141828
v 6.201642 0.044797 -0.908449
v 6.037561 0.044797 -1.532846
v 6.903567 0.338637 -1.760417
v 6.925668 0.216268 -1.766224
v 6.015461 0.167165 -1.527038
v 6.925668 0.216268 -1.766224
v 6.037561 0.044797 -1.532846
v 6.015461 0.167165 -1.527038
v 6.179542 0.167165 -0.902642
v 6.201642 0.044797 -0.908449
v 7.067648 0.338637 -1.136020
v 6.201642 0.044797 -0.908449
v 7.089748 0.216268 -1.141828
v 7.067648 0.338637 -1.136020
vn -0.9507 -0.1836 0.2498
vn 0.9507 0.1836 -0.2498
vn -0.1775 0.9830 0.0467
vn 0.1775 -0.9830 -0.0467
vn -0.2542 -0.0000 -0.9672
vn 0.2542 -0.0000 0.9672
vt 0.000000 1.000000
vt 1.000000 0.000000
vt 0.000000 0.000000
vt 1.000000 1.000000
s 0
usemtl Material_2
f 2582/345/409 2583/346/409 2581/347/409
f 2585/348/409 2586/346/409 2584/345/409
f 2588/345/410 2589/346/410 2587/347/410
f 2591/348/410 2592/346/410 2590/345/410
f 2594/345/411 2595/346/411 2593/347/411
f 2597/348/411 2598/346/411 2596/345/411
f 2600/345/412 2601/346/412 2599/347/412
f 2603/348/412 2604/346/412 2602/345/412
f 2606/345/413 2607/346/413 2605/347/413
f 2609/348/413 2610/346/413 2608/345/413
f 2612/345/414 2613/346/414 2611/347/414
f 2615/348/414 2616/346/414 2614/345/414
o redStructure_0002
v -3.924367 0.266668 1.915733
v -3.954477 0.013271 1.891579
v -3.198717 0.266668 1.011154
v -3.954477 0.013271 1.891579
v -3.228827 0.013271 0.987000
v -3.198717 0.266668 1.011154
v -4.001646 0.423473 0.367047
v -4.031756 0.170076 0.342893
v -4.727295 0.423473 1.271626
v -4.031756 0.170076 0.342893
v -4.757405 0.170076 1.247472
v -4.727295 0.423473 1.271626
v -4.001646 0.423473 0.367047
v -4.727295 0.423473 1.271626
v -3.198717 0.266668 1.011154
v -4.727295 0.423473 1.271626
v -3.924367 0.266668 1.915733
v -3.198717 0.266668 1.011154
v -4.757405 0.170076 1.247472
v -4.031756 0.170076 0.342893
v -3.954477 0.013271 1.891579
v -4.031756 0.170076 0.342893
v -3.228827 0.013271 0.987000
v -3.954477 0.013271 1.891579
v -4.727295 0.423473 1.271626
v -4.757405 0.170076 1.247472
v -3.924367 0.266668 1.915733
v -4.757405 0.170076 1.247472
v -3.954477 0.013271 1.891579
v -3.924367 0.266668 1.915733
v -3.198717 0.266668 1.011154
v -3.228827 0.013271 0.987000
v -4.001646 0.423473 0.367047
v -3.228827 0.013271 0.987000
v -4.031756 0.170076 0.342893
v -4.001646 0.423473 0.367047
vn 0.7711 -0.1506 0.6186
vn -0.7711 0.1506 -0.6186
vn 0.1175 0.9886 0.0942
vn -0.1175 -0.9886 -0.0942
vn -0.6257 -0.0000 0.7800
vn 0.6257 -0.0000 -0.7800
vt 0.000000 1.000000
vt 1.000000 0.000000
vt 0.000000 0.000000
vt 1.000000 1.000000
s 0
usemtl Material_4
f 2618/349/415 2619/350/415 2617/351/415
f 2621/352/415 2622/350/415 2620/349/415
f 2624/349/416 2625/350/416 2623/351/416
f 2627/352/416 2628/350/416 2626/349/416
f 2630/349/417 2631/350/417 2629/351/417
f 2633/352/417 2634/350/417 2632/349/417
f 2636/349/418 2637/350/418 2635/351/418
f 2639/352/418 2640/350/418 2638/349/418
f 2642/349/419 2643/350/419 2641/351/419
f 2645/352/419 2646/350/419 2644/349/419
f 2648/349/420 2649/350/420 2647/351/420
f 2651/352/420 2652/350/420 2650/349/420
o redStructure_001
v -1.653762 0.273998 1.135461
v -1.653035 0.002705 1.134464
v -0.850150 0.273998 1.721551
v -1.653035 0.002705 1.134464
v -0.849424 0.002705 1.720554
v -0.850150 0.273998 1.721551
v -0.056436 0.280121 0.633257
v -0.055709 0.008828 0.632261
v -0.860047 0.280121 0.047167
v -0.055709 0.008828 0.632261
v -0.859320 0.008828 0.046171
v -0.860047 0.280121 0.047167
v -0.056436 0.280121 0.633257
v -0.860047 0.280121 0.047167
v -0.850150 0.273998 1.721551
v -0.860047 0.280121 0.047167
v -1.653762 0.273998 1.135461
v -0.850150 0.273998 1.721551
v -0.859320 0.008828 0.046171
v -0.055709 0.008828 0.632261
v -1.653035 0.002705 1.134464
v -0.055709 0.008828 0.632261
v -0.849424 0.002705 1.720554
v -1.653035 0.002705 1.134464
v -0.860047 0.280121 0.047167
v -0.859320 0.008828 0.046171
v -1.653762 0.273998 1.135461
v -0.859320 0.008828 0.046171
v -1.653035 0.002705 1.134464
v -1.653762 0.273998 1.135461
v -0.850150 0.273998 1.721551
v -0.849424 0.002705 1.720554
v -0.056436 0.280121 0.633257
v -0.849424 0.002705 1.720554
v -0.055709 0.008828 0.632261
v -0.056436 0.280121 0.633257
vn -0.5892 -0.0045 0.8079
vn 0.5892 0.0045 -0.8079
vn -0.0027 1.0000 0.0037
vn 0.0027 -1.0000 -0.0037
vn -0.8079 -0.0000 -0.5893
vn 0.8079 -0.0000 0.5893
vt 0.000000 1.000000
vt 1.000000 0.000000
vt 0.000000 0.000000
vt 1.000000 1.000000
s 0
usemtl Material_4
f 2654/353/421 2655/354/421 2653/355/421
f 2657/356/421 2658/354/421 2656/353/421
f 2660/353/422 2661/354/422 2659/355/422
f 2663/356/422 2664/354/422 2662/353/422
f 2666/353/423 2667/354/423 2665/355/423
f 2669/356/423 2670/354/423 2668/353/423
f 2672/353/424 2673/354/424 2671/355/424
f 2675/356/424 2676/354/424 2674/353/424
f 2678/353/425 2679/354/425 2677/355/425
f 2681/356/425 2682/354/425 2680/353/425
f 2684/353/426 2685/354/426 2683/355/426
f 2687/356/426 2688/354/426 2686/353/426
o redStructure_002
v 2.553416 0.315304 -3.589979
v 2.544589 0.116853 -3.612677
v 2.960563 0.315304 -3.748328
v 2.544589 0.116853 -3.612677
v 2.951735 0.116853 -3.771026
v 2.960563 0.315304 -3.748328
v 2.671167 0.413284 -4.492425
v 2.662339 0.214833 -4.515123
v 2.264020 0.413284 -4.334077
v 2.662339 0.214833 -4.515123
v 2.255192 0.214833 -4.356775
v 2.264020 0.413284 -4.334077
v 2.671167 0.413284 -4.492425
v 2.264020 0.413284 -4.334077
v 2.960563 0.315304 -3.748328
v 2.264020 0.413284 -4.334077
v 2.553416 0.315304 -3.589979
v 2.960563 0.315304 -3.748328
v 2.255192 0.214833 -4.356775
v 2.662339 0.214833 -4.515123
v 2.544589 0.116853 -3.612677
v 2.662339 0.214833 -4.515123
v 2.951735 0.116853 -3.771026
v 2.544589 0.116853 -3.612677
v 2.264020 0.413284 -4.334077
v 2.255192 0.214833 -4.356775
v 2.553416 0.315304 -3.589979
v 2.255192 0.214833 -4.356775
v 2.544589 0.116853 -3.612677
v 2.553416 0.315304 -3.589979
v 2.960563 0.315304 -3.748328
v 2.951735 0.116853 -3.771026
v 2.671167 0.413284 -4.492425
v 2.951735 0.116853 -3.771026
v 2.662339 0.214833 -4.515123
v 2.671167 0.413284 -4.492425
vn 0.3598 -0.1218 0.9251
vn -0.3598 0.1218 -0.9251
vn 0.0442 0.9926 0.1135
vn -0.0442 -0.9926 -0.1135
vn -0.9320 -0.0000 0.3625
vn 0.9320 -0.0000 -0.3625
vt 0.000000 1.000000
vt 1.000000 0.000000
vt 0.000000 0.000000
vt 1.000000 1.000000
s 0
usemtl Material_4
f 2690/357/427 2691/358/427 2689/359/427
f 2693/360/427 2694/358/427 2692/357/427
f 2696/357/428 2697/358/428 2695/359/428
f 2699/360/428 2700/358/428 2698/357/428
f 2702/357/429 2703/358/429 2701/359/429
f 2705/360/429 2706/358/429 2704/357/429
f 2708/357/430 2709/358/430 2707/359/430
f 2711/360/430 2712/358/430 2710/357/430
f 2714/357/431 2715/358/431 2713/359/431
f 2717/360/431 2718/358/431 2716/357/431
f 2720/357/432 2721/358/432 2719/359/432
f 2723/360/432 2724/358/432 2722/357/432
o redStructure_003
v 0.455808 0.392414 -4.738015
v 0.450861 0.118230 -4.734702
v 0.897154 0.392414 -4.079103
v 0.450861 0.118230 -4.734702
v 0.892208 0.118230 -4.075789
v 0.897154 0.392414 -4.079103
v 2.054420 0.362167 -4.854250
v 2.049473 0.087982 -4.850937
v 1.613074 0.362167 -5.513163
v 2.049473 0.087982 -4.850937
v 1.608127 0.087982 -5.509850
v 1.613074 0.362167 -5.513163
v 2.054420 0.362167 -4.854250
v 1.613074 0.362167 -5.513163
v 0.897154 0.392414 -4.079103
v 1.613074 0.362167 -5.513163
v 0.455808 0.392414 -4.738015
v 0.897154 0.392414 -4.079103
v 1.608127 0.087982 -5.509850
v 2.049473 0.087982 -4.850937
v 0.450861 0.118230 -4.734702
v 2.049473 0.087982 -4.850937
v 0.892208 0.118230 -4.075789
v 0.450861 0.118230 -4.734702
v 1.613074 0.362167 -5.513163
v 1.608127 0.087982 -5.509850
v 0.455808 0.392414 -4.738015
v 1.608127 0.087982 -5.509850
v 0.450861 0.118230 -4.734702
v 0.455808 0.392414 -4.738015
v 0.897154 0.392414 -4.079103
v 0.892208 0.118230 -4.075789
v 2.054420 0.362167 -4.854250
v 0.892208 0.118230 -4.075789
v 2.049473 0.087982 -4.850937
v 2.054420 0.362167 -4.854250
vn -0.8306 0.0217 0.5564
vn 0.8306 -0.0217 -0.5564
vn 0.0180 0.9998 -0.0121
vn -0.0180 -0.9998 0.0121
vn -0.5565 -0.0000 -0.8308
vn 0.5565 -0.0000 0.8308
vt 0.000000 1.000000
vt 1.000000 0.000000
vt 0.000000 0.000000
vt 1.000000 1.000000
s 0
usemtl Material_4
f 2726/361/433 2727/362/433 2725/363/433
f 2729/364/433 2730/362/433 2728/361/433
f 2732/361/434 2733/362/434 2731/363/434
f 2735/364/434 2736/362/434 2734/361/434
f 2738/361/435 2739/362/435 2737/363/435
f 2741/364/435 2742/362/435 2740/361/435
f 2744/361/436 2745/362/436 2743/363/436
f 2747/364/436 2748/362/436 2746/361/436
f 2750/361/437 2751/362/437 2749/363/437
f 2753/364/437 2754/362/437 2752/361/437
f 2756/361/438 2757/362/438 2755/363/438
f 2759/364/438 2760/362/438 2758/361/438
o redStructure_004
v 0.395810 0.247078 0.341773
v 0.408013 0.036347 0.395355
v -0.027194 0.247078 0.438108
v 0.408013 0.036347 0.395355
v -0.014992 0.036347 0.491690
v -0.027194 0.247078 0.438108
v 0.132772 0.434942 1.140517
v 0.144975 0.224211 1.194099
v 0.555777 0.434942 1.044182
v 0.144975 0.224211 1.194099
v 0.567979 0.224211 1.097764
v 0.555777 0.434942 1.044182
v 0.132772 0.434942 1.140517
v 0.555777 0.434942 1.044182
v -0.027194 0.247078 0.438108
v 0.555777 0.434942 1.044182
v 0.395810 0.247078 0.341773
v -0.027194 0.247078 0.438108
v 0.567979 0.224211 1.097764
v 0.144975 0.224211 1.194099
v 0.408013 0.036347 0.395355
v 0.144975 0.224211 1.194099
v -0.014992 0.036347 0.491690
v 0.408013 0.036347 0.395355
v 0.555777 0.434942 1.044182
v 0.567979 0.224211 1.097764
v 0.395810 0.247078 0.341773
v 0.567979 0.224211 1.097764
v 0.408013 0.036347 0.395355
v 0.395810 0.247078 0.341773
v -0.027194 0.247078 0.438108
v -0.014992 0.036347 0.491690
v 0.132772 0.434942 1.140517
v -0.014992 0.036347 0.491690
v 0.144975 0.224211 1.194099
v 0.132772 0.434942 1.140517
vn -0.2149 -0.2523 -0.9435
vn 0.2149 0.2523 0.9435
vn -0.0560 0.9676 -0.2460
vn 0.0560 -0.9676 0.2460
vn 0.9750 -0.0000 -0.2221
vn -0.9750 -0.0000 0.2221
vt 0.000000 1.000000
vt 1.000000 0.000000
vt 0.000000 0.000000
vt 1.000000 1.000000
s 0
usemtl Material_4
f 2762/365/439 2763/366/439 2761/367/439
f 2765/368/439 2766/366/439 2764/365/439
f 2768/365/440 2769/366/440 2767/367/440
f 2771/368/440 2772/366/440 2770/365/440
f 2774/365/441 2775/366/441 2773/367/441
f 2777/368/441 2778/366/441 2776/365/441
f 2780/365/442 2781/366/442 2779/367/442
f 2783/368/442 2784/366/442 2782/365/442
f 2786/365/443 2787/366/443 2785/367/443
f 2789/368/443 2790/366/443 2788/365/443
f 2792/365/444 2793/366/444 2791/367/444
f 2795/368/444 2796/366/444 2794/365/444
o iron_box3
v 4.496137 0.263692 -0.660120
v 4.496137 0.040568 -0.660120
v 3.712119 0.263692 -1.453797
v 4.496137 0.040568 -0.660120
v 3.712119 0.040568 -1.453797
v 3.712119 0.263692 -1.453797
v 3.062747 0.263692 -0.812329
v 3.062747 0.040568 -0.812329
v 3.846764 0.263692 -0.018652
v 3.062747 0.040568 -0.812329
v 3.846764 0.040568 -0.018652
v 3.846764 0.263692 -0.018652
v 3.062747 0.263692 -0.812329
v 3.846764 0.263692 -0.018652
v 3.712119 0.263692 -1.453797
v 3.846764 0.263692 -0.018652
v 4.496137 0.263692 -0.660120
v 3.712119 0.263692 -1.453797
v 3.846764 0.040568 -0.018652
v 3.062747 0.040568 -0.812329
v 4.496137 0.040568 -0.660120
v 3.062747 0.040568 -0.812329
v 3.712119 0.040568 -1.453797
v 4.496137 0.040568 -0.660120
v 3.846764 0.263692 -0.018652
v 3.846764 0.040568 -0.018652
v 4.496137 0.263692 -0.660120
v 3.846764 0.040568 -0.018652
v 4.496137 0.040568 -0.660120
v 4.496137 0.263692 -0.660120
v 3.712119 0.263692 -1.453797
v 3.712119 0.040568 -1.453797
v 3.062747 0.263692 -0.812329
v 3.712119 0.040568 -1.453797
v 3.062747 0.040568 -0.812329
v 3.062747 0.263692 -0.812329
vn 0.7114 -0.0000 -0.7028
vn -0.7114 -0.0000 0.7028
vn -0.0000 1.0000 -0.0000
vn -0.0000 -1.0000 -0.0000
vn 0.7028 -0.0000 0.7114
vn -0.7028 -0.0000 -0.7114
vt 0.000000 1.000000
vt 1.000000 0.000000
vt 0.000000 0.000000
vt 1.000000 1.000000
s 0
usemtl Material_2
f 2798/369/445 2799/370/445 2797/371/445
f 2801/372/445 2802/370/445 2800/369/445
f 2804/369/446 2805/370/446 2803/371/446
f 2807/372/446 2808/370/446 2806/369/446
f 2810/369/447 2811/370/447 2809/371/447
f 2813/372/447 2814/370/447 2812/369/447
f 2816/369/448 2817/370/448 2815/371/448
f 2819/372/448 2820/370/448 2818/369/448
f 2822/369/449 2823/370/449 2821/371/449
f 2825/372/449 2826/370/449 2824/369/449
f 2828/369/450 2829/370/450 2827/371/450
f 2831/372/450 2832/370/450 2830/369/450
o enemyRed_box3
v 4.142846 0.608520 -0.938390
v 4.142846 0.263692 -0.938390
v 3.872003 0.608520 -1.212570
v 4.142846 0.263692 -0.938390
v 3.872003 0.263692 -1.212570
v 3.872003 0.608520 -1.212570
v 3.475165 0.608520 -0.820561
v 3.475165 0.263692 -0.820561
v 3.746007 0.608520 -0.546382
v 3.475165 0.263692 -0.820561
v 3.746007 0.263692 -0.546382
v 3.746007 0.608520 -0.546382
v 3.475165 0.608520 -0.820561
v 3.746007 0.608520 -0.546382
v 3.872003 0.608520 -1.212570
v 3.746007 0.608520 -0.546382
v 4.142846 0.608520 -0.938390
v 3.872003 0.608520 -1.212570
v 3.746007 0.263692 -0.546382
v 3.475165 0.263692 -0.820561
v 4.142846 0.263692 -0.938390
v 3.475165 0.263692 -0.820561
v 3.872003 0.263692 -1.212570
v 4.142846 0.263692 -0.938390
v 3.746007 0.608520 -0.546382
v 3.746007 0.263692 -0.546382
v 4.142846 0.608520 -0.938390
v 3.746007 0.263692 -0.546382
v 4.142846 0.263692 -0.938390
v 4.142846 0.608520 -0.938390
v 3.872003 0.608520 -1.212570
v 3.872003 0.263692 -1.212570
v 3.475165 0.608520 -0.820561
v 3.872003 0.263692 -1.212570
v 3.475165 0.263692 -0.820561
v 3.475165 0.608520 -0.820561
vn 0.7114 -0.0000 -0.7028
vn -0.7114 -0.0000 0.7028
vn -0.0000 1.0000 -0.0000
vn -0.0000 -1.0000 -0.0000
vn 0.7028 -0.0000 0.7114
vn -0.7028 -0.0000 -0.7114
vt 0.000000 1.000000
vt 1.000000 0.000000
vt 0.000000 0.000000
vt 1.000000 1.000000
s 0
usemtl Material_4
f 2834/373/451 2835/374/451 2833/375/451
f 2837/376/451 2838/374/451 2836/373/451
f 2840/373/452 2841/374/452 2839/375/452
f 2843/376/452 2844/374/452 2842/373/452
f 2846/373/453 2847/374/453 2845/375/453
f 2849/376/453 2850/374/453 2848/373/453
f 2852/373/454 2853/374/454 2851/375/454
f 2855/376/454 2856/374/454 2854/373/454
f 2858/373/455 2859/374/455 2857/375/455
f 2861/376/455 2862/374/455 2860/373/455
f 2864/373/456 2865/374/456 2863/375/456
f 2867/376/456 2868/374/456 2866/373/456
o iron_box4
v -2.090042 0.205443 -1.175884
v -2.090042 0.031607 -1.175884
v -1.654815 0.205443 -0.423516
v -2.090042 0.031607 -1.175884
v -1.654815 0.031607 -0.423516
v -1.654815 0.205443 -0.423516
v -1.039241 0.205443 -0.779611
v -1.039241 0.031607 -0.779611
v -1.474468 0.205443 -1.531979
v -1.039241 0.031607 -0.779611
v -1.474468 0.031607 -1.531979
v -1.474468 0.205443 -1.531979
v -1.039241 0.205443 -0.779611
v -1.474468 0.205443 -1.531979
v -1.654815 0.205443 -0.423516
v -1.474468 0.205443 -1.531979
v -2.090042 0.205443 -1.175884
v -1.654815 0.205443 -0.423516
v -1.474468 0.031607 -1.531979
v -1.039241 0.031607 -0.779611
v -2.090042 0.031607 -1.175884
v -1.039241 0.031607 -0.779611
v -1.654815 0.031607 -0.423516
v -2.090042 0.031607 -1.175884
v -1.474468 0.205443 -1.531979
v -1.474468 0.031607 -1.531979
v -2.090042 0.205443 -1.175884
v -1.474468 0.031607 -1.531979
v -2.090042 0.031607 -1.175884
v -2.090042 0.205443 -1.175884
v -1.654815 0.205443 -0.423516
v -1.654815 0.031607 -0.423516
v -1.039241 0.205443 -0.779611
v -1.654815 0.031607 -0.423516
v -1.039241 0.031607 -0.779611
v -1.039241 0.205443 -0.779611
vn -0.8656 -0.0000 0.5007
vn 0.8656 -0.0000 -0.5007
vn -0.0000 1.0000 -0.0000
vn -0.0000 -1.0000 -0.0000
vn -0.5007 -0.0000 -0.8656
vn 0.5007 -0.0000 0.8656
vt 0.000000 1.000000
vt 1.000000 0.000000
vt 0.000000 0.000000
vt 1.000000 1.000000
s 0
usemtl Material_2
f 2870/377/457 2871/378/457 2869/379/457
f 2873/380/457 2874/378/457 2872/377/457
f 2876/377/458 2877/378/458 2875/379/458
f 2879/380/458 2880/378/458 2878/377/458
f 2882/377/459 2883/378/459 2881/379/459
f 2885/380/459 2886/378/459 2884/377/459
f 2888/377/460 2889/378/460 2887/379/460
f 2891/380/460 2892/378/460 2890/377/460
f 2894/377/461 2895/378/461 2893/379/461
f 2897/380/461 2898/378/461 2896/377/461
f 2900/377/462 2901/378/462 2899/379/462
f 2903/380/462 2904/378/462 2902/377/462
o enemyRed_box4
v -1.878333 0.474100 -0.896698
v -1.878333 0.205443 -0.896698
v -1.727981 0.474100 -0.636790
v -1.878333 0.205443 -0.896698
v -1.727981 0.205443 -0.636790
v -1.727981 0.474100 -0.636790
v -1.351797 0.474100 -0.854403
v -1.351797 0.205443 -0.854403
v -1.502149 0.474100 -1.114312
v -1.351797 0.205443 -0.854403
v -1.502149 0.205443 -1.114312
v -1.502149 0.474100 -1.114312
v -1.351797 0.474100 -0.854403
v -1.502149 0.474100 -1.114312
v -1.727981 0.474100 -0.636790
v -1.502149 0.474100 -1.114312
v -1.878333 0.474100 -0.896698
v -1.727981 0.474100 -0.636790
v -1.502149 0.205443 -1.114312
v -1.351797 0.205443 -0.854403
v -1.878333 0.205443 -0.896698
v -1.351797 0.205443 -0.854403
v -1.727981 0.205443 -0.636790
v -1.878333 0.205443 -0.896698
v -1.502149 0.474100 -1.114312
v -1.502149 0.205443 -1.114312
v -1.878333 0.474100 -0.896698
v -1.502149 0.205443 -1.114312
v -1.878333 0.205443 -0.896698
v -1.878333 0.474100 -0.896698
v -1.727981 0.474100 -0.636790
v -1.727981 0.205443 -0.636790
v -1.351797 0.474100 -0.854403
v -1.727981 0.205443 -0.636790
v -1.351797 0.205443 -0.854403
v -1.351797 0.474100 -0.854403
vn -0.8656 -0.0000 0.5007
vn 0.8656 -0.0000 -0.5007
vn -0.0000 1.0000 -0.0000
vn -0.0000 -1.0000 -0.0000
vn -0.5007 -0.0000 -0.8656
vn 0.5007 -0.0000 0.8656
vt 0.000000 1.000000
vt 1.000000 0.000000
vt 0.000000 0.000000
vt 1.000000 1.000000
s 0
usemtl Material_4
f 2906/381/463 2907/382/463 2905/383/463
f 2909/384/463 2910/382/463 2908/381/463
f 2912/381/464 2913/382/464 2911/383/464
f 2915/384/464 2916/382/464 2914/381/464
f 2918/381/465 2919/382/465 2917/383/465
f 2921/384/465 2922/382/465 2920/381/465
f 2924/381/466 2925/382/466 2923/383/466
f 2927/384/466 2928/382/466 2926/381/466
f 2930/381/467 2931/382/467 2929/383/467
f 2933/384/467 2934/382/467 2932/381/467
f 2936/381/468 2937/382/468 2935/383/468
f 2939/384/468 2940/382/468 2938/381/468
o iron_box5
v 0.598086 0.205443 -2.197262
v 0.598086 0.031607 -2.197262
v 1.456978 0.205443 -2.063905
v 0.598086 0.031607 -2.197262
v 1.456978 0.031607 -2.063905
v 1.456978 0.205443 -2.063905
v 1.566089 0.205443 -2.766634
v 1.566089 0.031607 -2.766634
v 0.707197 0.205443 -2.899992
v 1.566089 0.031607 -2.766634
v 0.707197 0.031607 -2.899992
v 0.707197 0.205443 -2.899992
v 1.566089 0.205443 -2.766634
v 0.707197 0.205443 -2.899992
v 1.456978 0.205443 -2.063905
v 0.707197 0.205443 -2.899992
v 0.598086 0.205443 -2.197262
v 1.456978 0.205443 -2.063905
v 0.707197 0.031607 -2.899992
v 1.566089 0.031607 -2.766634
v 0.598086 0.031607 -2.197262
v 1.566089 0.031607 -2.766634
v 1.456978 0.031607 -2.063905
v 0.598086 0.031607 -2.197262
v 0.707197 0.205443 -2.899992
v 0.707197 0.031607 -2.899992
v 0.598086 0.205443 -2.197262
v 0.707197 0.031607 -2.899992
v 0.598086 0.031607 -2.197262
v 0.598086 0.205443 -2.197262
v 1.456978 0.205443 -2.063905
v 1.456978 0.031607 -2.063905
v 1.566089 0.205443 -2.766634
v 1.456978 0.031607 -2.063905
v 1.566089 0.031607 -2.766634
v 1.566089 0.205443 -2.766634
vn -0.1534 -0.0000 0.9882
vn 0.1534 -0.0000 -0.9882
vn -0.0000 1.0000 -0.0000
vn -0.0000 -1.0000 -0.0000
vn -0.9882 -0.0000 -0.1534
vn 0.9882 -0.0000 0.1534
vt 0.000000 1.000000
vt 1.000000 0.000000
vt 0.000000 0.000000
vt 1.000000 1.000000
s 0
usemtl Material_2
f 2942/385/469 2943/386/469 2941/387/469
f 2945/388/469 2946/386/469 2944/385/469
f 2948/385/470 2949/386/470 2947/387/470
f 2951/388/470 2952/386/470 2950/385/470
f 2954/385/471 2955/386/471 2953/387/471
f 2957/388/471 2958/386/471 2956/385/471
f 2960/385/472 2961/386/472 2959/387/472
f 2963/388/472 2964/386/472 2962/385/472
f 2966/385/473 2967/386/473 2965/387/473
f 2969/388/473 2970/386/473 2968/385/473
f 2972/385/474 2973/386/474 2971/387/474
f 2975/388/474 2976/386/474 2974/385/474
o enemyRed_box5
v 0.948311 0.474100 -2.186864
v 0.948311 0.205443 -2.186864
v 1.245019 0.474100 -2.140795
v 0.948311 0.205443 -2.186864
v 1.245019 0.205443 -2.140795
v 1.245019 0.474100 -2.140795
v 1.311698 0.474100 -2.570241
v 1.311698 0.205443 -2.570241
v 1.014990 0.474100 -2.616310
v 1.311698 0.205443 -2.570241
v 1.014990 0.205443 -2.616310
v 1.014990 0.474100 -2.616310
v 1.311698 0.474100 -2.570241
v 1.014990 0.474100 -2.616310
v 1.245019 0.474100 -2.140795
v 1.014990 0.474100 -2.616310
v 0.948311 0.474100 -2.186864
v 1.245019 0.474100 -2.140795
v 1.014990 0.205443 -2.616310
v 1.311698 0.205443 -2.570241
v 0.948311 0.205443 -2.186864
v 1.311698 0.205443 -2.570241
v 1.245019 0.205443 -2.140795
v 0.948311 0.205443 -2.186864
v 1.014990 0.474100 -2.616310
v 1.014990 0.205443 -2.616310
v 0.948311 0.474100 -2.186864
v 1.014990 0.205443 -2.616310
v 0.948311 0.205443 -2.186864
v 0.948311 0.474100 -2.186864
v 1.245019 0.474100 -2.140795
v 1.245019 0.205443 -2.140795
v 1.311698 0.474100 -2.570241
v 1.245019 0.205443 -2.140795
v 1.311698 0.205443 -2.570241
v 1.311698 0.474100 -2.570241
vn -0.1534 -0.0000 0.9882
vn 0.1534 -0.0000 -0.9882
vn -0.0000 1.0000 -0.0000
vn -0.0000 -1.0000 -0.0000
vn -0.9882 -0.0000 -0.1534
vn 0.9882 -0.0000 0.1534
vt 0.000000 1.000000
vt 1.000000 0.000000
vt 0.000000 0.000000
vt 1.000000 1.000000
s 0
usemtl Material_4
f 2978/389/475 2979/390/475 2977/391/475
f 2981/392/475 2982/390/475 2980/389/475
f 2984/389/476 2985/390/476 2983/391/476
f 2987/392/476 2988/390/476 2986/389/476
f 2990/389/477 2991/390/477 2989/391/477
f 2993/392/477 2994/390/477 2992/389/477
f 2996/389/478 2997/390/478 2995/391/478
f 2999/392/478 3000/390/478 2998/389/478
f 3002/389/479 3003/390/479 3001/391/479
f 3005/392/479 3006/390/479 3004/389/479
f 3008/389/480 3009/390/480 3007/391/480
f 3011/392/480 3012/390/480 3010/389/480
o MilitaryStructure3
v 2.275344 0.550913 -0.312304
v 2.275104 0.025917 -0.319245
v 0.351344 0.550913 -0.245658
v 2.275104 0.025917 -0.319245
v 0.351103 0.025917 -0.252600
v 0.351344 0.550913 -0.245658
v 0.395265 0.534128 1.022322
v 0.395025 0.009132 1.015381
v 2.319266 0.534128 0.955677
v 0.395025 0.009132 1.015381
v 2.319025 0.009132 0.948735
v 2.319266 0.534128 0.955677
v 0.395265 0.534128 1.022322
v 2.319266 0.534128 0.955677
v 0.351344 0.550913 -0.245658
v 2.319266 0.534128 0.955677
v 2.275344 0.550913 -0.312304
v 0.351344 0.550913 -0.245658
v 2.319025 0.009132 0.948735
v 0.395025 0.009132 1.015381
v 2.275104 0.025917 -0.319245
v 0.395025 0.009132 1.015381
v 0.351103 0.025917 -0.252600
v 2.275104 0.025917 -0.319245
v 2.319266 0.534128 0.955677
v 2.319025 0.009132 0.948735
v 2.275344 0.550913 -0.312304
v 2.319025 0.009132 0.948735
v 2.275104 0.025917 -0.319245
v 2.275344 0.550913 -0.312304
v 0.351344 0.550913 -0.245658
v 0.351103 0.025917 -0.252600
v 0.395265 0.534128 1.022322
v 0.351103 0.025917 -0.252600
v 0.395025 0.009132 1.015381
v 0.395265 0.534128 1.022322
v 1.577706 0.905698 -0.230377
v 1.577706 0.424409 -0.230377
v 0.703160 0.905698 -0.200083
v 1.577706 0.424409 -0.230377
v 0.703160 0.424409 -0.200083
v 0.703160 0.905698 -0.200083
v 0.731939 0.905698 0.630735
v 0.731939 0.424409 0.630735
v 1.606485 0.905698 0.600442
v 0.731939 0.424409 0.630735
v 1.606485 0.424409 0.600442
v 1.606485 0.905698 0.600442
v 0.731939 0.905698 0.630735
v 1.606485 0.905698 0.600442
v 0.703160 0.905698 -0.200083
v 1.606485 0.905698 0.600442
v 1.577706 0.905698 -0.230377
v 0.703160 0.905698 -0.200083
v 1.606485 0.424409 0.600442
v 0.731939 0.424409 0.630735
v 1.577706 0.424409 -0.230377
v 0.731939 0.424409 0.630735
v 0.703160 0.424409 -0.200083
v 1.577706 0.424409 -0.230377
v 1.606485 0.905698 0.600442
v 1.606485 0.424409 0.600442
v 1.577706 0.905698 -0.230377
v 1.606485 0.424409 0.600442
v 1.577706 0.424409 -0.230377
v 1.577706 0.905698 -0.230377
v 0.703160 0.905698 -0.200083
v 0.703160 0.424409 -0.200083
v 0.731939 0.905698 0.630735
v 0.703160 0.424409 -0.200083
v 0.731939 0.424409 0.630735
v 0.731939 0.905698 0.630735
v 2.082906 0.866319 0.407495
v 2.082906 0.708807 0.407495
v 1.648659 0.866319 0.353951
v 2.082906 0.708807 0.407495
v 1.648659 0.708807 0.353951
v 1.648659 0.866319 0.353951
v 1.573698 0.866319 0.961896
v 1.573698 0.708807 0.961896
v 2.007945 0.866319 1.015440
v 1.573698 0.708807 0.961896
v 2.007945 0.708807 1.015440
v 2.007945 0.866319 1.015440
v 1.573698 0.866319 0.961896
v 2.007945 0.866319 1.015440
v 1.648659 0.866319 0.353951
v 2.007945 0.866319 1.015440
v 2.082906 0.866319 0.407495
v 1.648659 0.866319 0.353951
v 2.007945 0.708807 1.015440
v 1.573698 0.708807 0.961896
v 2.082906 0.708807 0.407495
v 1.573698 0.708807 0.961896
v 1.648659 0.708807 0.353951
v 2.082906 0.708807 0.407495
v 2.007945 0.866319 1.015440
v 2.007945 0.708807 1.015440
v 2.082906 0.866319 0.407495
v 2.007945 0.708807 1.015440
v 2.082906 0.708807 0.407495
v 2.082906 0.866319 0.407495
v 1.648659 0.866319 0.353951
v 1.648659 0.708807 0.353951
v 1.573698 0.866319 0.961896
v 1.648659 0.708807 0.353951
v 1.573698 0.708807 0.961896
v 1.573698 0.866319 0.961896
vn -0.0346 0.0132 -0.9993
vn 0.0346 -0.0132 0.9993
vn 0.0005 0.9999 0.0132
vn -0.0005 -0.9999 -0.0132
vn 0.9994 -0.0000 -0.0346
vn -0.9994 -0.0000 0.0346
vn -0.0346 -0.0000 -0.9994
vn 0.0346 -0.0000 0.9994
vn -0.0000 1.0000 -0.0000
vn -0.0000 -1.0000 -0.0000
vn 0.1224 -0.0000 -0.9925
vn -0.1224 -0.0000 0.9925
vn 0.9925 -0.0000 0.1224
vn -0.9925 -0.0000 -0.1224
vt 0.000000 1.000000
vt 1.000000 0.000000
vt 0.000000 0.000000
vt 1.000000 1.000000
s 0
usemtl Material_7
f 3014/393/481 3015/394/481 3013/395/481
f 3017/396/481 3018/394/481 3016/393/481
f 3020/393/482 3021/394/482 3019/395/482
f 3023/396/482 3024/394/482 3022/393/482
f 3026/393/483 3027/394/483 3025/395/483
f 3029/396/483 3030/394/483 3028/393/483
f 3032/393/484 3033/394/484 3031/395/484
f 3035/396/484 3036/394/484 3034/393/484
f 3038/393/485 3039/394/485 3037/395/485
f 3041/396/485 3042/394/485 3040/393/485
f 3044/393/486 3045/394/486 3043/395/486
f 3047/396/486 3048/394/486 3046/393/486
usemtl Material_5
f 3050/393/487 3051/394/487 3049/395/487
f 3053/396/487 3054/394/487 3052/393/487
f 3056/393/488 3057/394/488 3055/395/488
f 3059/396/488 3060/394/488 3058/393/488
f 3062/393/489 3063/394/489 3061/395/489
f 3065/396/489 3066/394/489 3064/393/489
f 3068/393/490 3069/394/490 3067/395/490
f 3071/396/490 3072/394/490 3070/393/490
f 3074/393/485 3075/394/485 3073/395/485
f 3077/396/485 3078/394/485 3076/393/485
f 3080/393/486 3081/394/486 3079/395/486
f 3083/396/486 3084/394/486 3082/393/486
usemtl Material_4
f 3086/393/491 3087/394/491 3085/395/491
f 3089/396/491 3090/394/491 3088/393/491
f 3092/393/492 3093/394/492 3091/395/492
f 3095/396/492 3096/394/492 3094/393/492
f 3098/393/489 3099/394/489 3097/395/489
f 3101/396/489 3102/394/489 3100/393/489
f 3104/393/490 3105/394/490 3103/395/490
f 3107/396/490 3108/394/490 3106/393/490
f 3110/393/493 3111/394/493 3109/395/493
f 3113/396/493 3114/394/493 3112/393/493
f 3116/393/494 3117/394/494 3115/395/494
f 3119/396/494 3120/394/494 3118/393/494
