# Blender 5.2.1 LTS
# www.blender.org
mtllib landmark_water_tower.mtl
o scrubInstances_000
v -5.941750 0.025024 -2.630803
v -6.132683 0.154396 -2.465226
v -5.784162 0.115706 -2.370695
v -5.784162 0.115706 -2.370695
v -5.637666 0.115706 -2.626599
v -5.941750 0.025024 -2.630803
v -5.941750 0.025024 -2.630803
v -6.201581 0.178307 -2.779547
v -6.132683 0.154396 -2.465226
v -5.941750 0.025024 -2.630803
v -5.895646 0.154396 -2.879289
v -6.201581 0.178307 -2.779547
v -5.941750 0.025024 -2.630803
v -5.637666 0.115706 -2.626599
v -5.895646 0.154396 -2.879289
v -5.784162 0.115706 -2.370695
v -5.640641 0.301127 -2.458427
v -5.637666 0.115706 -2.626599
v -6.132683 0.154396 -2.465226
v -5.946594 0.325041 -2.358696
v -5.784162 0.115706 -2.370695
v -6.201581 0.178307 -2.779547
v -6.204582 0.363731 -2.611372
v -6.132683 0.154396 -2.465226
v -5.895646 0.154396 -2.879289
v -6.058085 0.363731 -2.867275
v -6.201581 0.178307 -2.779547
v -5.637666 0.115706 -2.626599
v -5.709556 0.325041 -2.772759
v -5.895646 0.154396 -2.879289
v -5.784162 0.115706 -2.370695
v -5.946594 0.325041 -2.358696
v -5.640641 0.301127 -2.458427
v -6.132683 0.154396 -2.465226
v -6.204582 0.363731 -2.611372
v -5.946594 0.325041 -2.358696
v -6.201581 0.178307 -2.779547
v -6.058085 0.363731 -2.867275
v -6.204582 0.363731 -2.611372
v -5.895646 0.154396 -2.879289
v -5.709556 0.325041 -2.772759
v -6.058085 0.363731 -2.867275
v -5.637666 0.115706 -2.626599
v -5.640641 0.301127 -2.458427
v -5.709556 0.325041 -2.772759
v -5.946594 0.325041 -2.358696
v -5.900489 0.454413 -2.607182
v -5.640641 0.301127 -2.458427
v -6.204582 0.363731 -2.611372
v -5.900489 0.454413 -2.607182
v -5.946594 0.325041 -2.358696
v -6.058085 0.363731 -2.867275
v -5.900489 0.454413 -2.607182
v -6.204582 0.363731 -2.611372
v -5.709556 0.325041 -2.772759
v -5.900489 0.454413 -2.607182
v -6.058085 0.363731 -2.867275
v -5.640641 0.301127 -2.458427
v -5.900489 0.454413 -2.607182
v -5.709556 0.325041 -2.772759
v -6.066973 0.144409 -3.002138
v -6.257905 0.273790 -2.836561
v -5.909384 0.235100 -2.742031
v -5.909384 0.235100 -2.742031
v -5.762888 0.235100 -2.997934
v -6.066973 0.144409 -3.002138
v -6.066973 0.144409 -3.002138
v -6.326804 0.297701 -3.150883
v -6.257905 0.273790 -2.836561
v -6.066973 0.144409 -3.002138
v -6.020876 0.273790 -3.250610
v -6.326804 0.297701 -3.150883
v -6.066973 0.144409 -3.002138
v -5.762888 0.235100 -2.997934
v -6.020876 0.273790 -3.250610
v -5.909384 0.235100 -2.742031
v -5.765863 0.420513 -2.829763
v -5.762888 0.235100 -2.997934
v -6.257905 0.273790 -2.836561
v -6.071816 0.444426 -2.730031
v -5.909384 0.235100 -2.742031
v -6.326804 0.297701 -3.150883
v -6.329804 0.483116 -2.982708
v -6.257905 0.273790 -2.836561
v -6.020876 0.273790 -3.250610
v -6.183309 0.483116 -3.238611
v -6.326804 0.297701 -3.150883
v -5.762888 0.235100 -2.997934
v -5.834787 0.444426 -3.144080
v -6.020876 0.273790 -3.250610
v -5.909384 0.235100 -2.742031
v -6.071816 0.444426 -2.730031
v -5.765863 0.420513 -2.829763
v -6.257905 0.273790 -2.836561
v -6.329804 0.483116 -2.982708
v -6.071816 0.444426 -2.730031
v -6.326804 0.297701 -3.150883
v -6.183309 0.483116 -3.238611
v -6.329804 0.483116 -2.982708
v -6.020876 0.273790 -3.250610
v -5.834787 0.444426 -3.144080
v -6.183309 0.483116 -3.238611
v -5.762888 0.235100 -2.997934
v -5.765863 0.420513 -2.829763
v -5.834787 0.444426 -3.144080
v -6.071816 0.444426 -2.730031
v -6.025712 0.573806 -2.978518
v -5.765863 0.420513 -2.829763
v -6.329804 0.483116 -2.982708
v -6.025712 0.573806 -2.978518
v -6.071816 0.444426 -2.730031
v -6.183309 0.483116 -3.238611
v -6.025712 0.573806 -2.978518
v -6.329804 0.483116 -2.982708
v -5.834787 0.444426 -3.144080
v -6.025712 0.573806 -2.978518
v -6.183309 0.483116 -3.238611
v -5.765863 0.420513 -2.829763
v -6.025712 0.573806 -2.978518
v -5.834787 0.444426 -3.144080
v -6.479606 0.098139 -3.020396
v -6.670540 0.227511 -2.854819
v -6.322018 0.188821 -2.760288
v -6.322018 0.188821 -2.760288
v -6.175522 0.188821 -3.016191
v -6.479606 0.098139 -3.020396
v -6.479606 0.098139 -3.020396
v -6.739438 0.251422 -3.169141
v -6.670540 0.227511 -2.854819
v -6.479606 0.098139 -3.020396
v -6.433502 0.227511 -3.268882
v -6.739438 0.251422 -3.169141
v -6.479606 0.098139 -3.020396
v -6.175522 0.188821 -3.016191
v -6.433502 0.227511 -3.268882
v -6.322018 0.188821 -2.760288
v -6.178514 0.374244 -2.848030
v -6.175522 0.188821 -3.016191
v -6.670540 0.227511 -2.854819
v -6.484450 0.398155 -2.748289
v -6.322018 0.188821 -2.760288
v -6.739438 0.251422 -3.169141
v -6.742438 0.436845 -3.000965
v -6.670540 0.227511 -2.854819
v -6.433502 0.227511 -3.268882
v -6.595942 0.436845 -3.256868
v -6.739438 0.251422 -3.169141
v -6.175522 0.188821 -3.016191
v -6.247412 0.398155 -3.162352
v -6.433502 0.227511 -3.268882
v -6.322018 0.188821 -2.760288
v -6.484450 0.398155 -2.748289
v -6.178514 0.374244 -2.848030
v -6.670540 0.227511 -2.854819
v -6.742438 0.436845 -3.000965
v -6.484450 0.398155 -2.748289
v -6.739438 0.251422 -3.169141
v -6.595942 0.436845 -3.256868
v -6.742438 0.436845 -3.000965
v -6.433502 0.227511 -3.268882
v -6.247412 0.398155 -3.162352
v -6.595942 0.436845 -3.256868
v -6.175522 0.188821 -3.016191
v -6.178514 0.374244 -2.848030
v -6.247412 0.398155 -3.162352
v -6.484450 0.398155 -2.748289
v -6.438346 0.527528 -2.996775
v -6.178514 0.374244 -2.848030
v -6.742438 0.436845 -3.000965
v -6.438346 0.527528 -2.996775
v -6.484450 0.398155 -2.748289
v -6.595942 0.436845 -3.256868
v -6.438346 0.527528 -2.996775
v -6.742438 0.436845 -3.000965
v -6.247412 0.398155 -3.162352
v -6.438346 0.527528 -2.996775
v -6.595942 0.436845 -3.256868
v -6.178514 0.374244 -2.848030
v -6.438346 0.527528 -2.996775
v -6.247412 0.398155 -3.162352
v -6.587804 0.174975 -2.647979
v -6.778737 0.304355 -2.482402
v -6.430215 0.265665 -2.387871
v -6.430215 0.265665 -2.387871
v -6.283719 0.265665 -2.643774
v -6.587804 0.174975 -2.647979
v -6.587804 0.174975 -2.647979
v -6.847652 0.328268 -2.796733
v -6.778737 0.304355 -2.482402
v -6.587804 0.174975 -2.647979
v -6.541699 0.304355 -2.896465
v -6.847652 0.328268 -2.796733
v -6.587804 0.174975 -2.647979
v -6.283719 0.265665 -2.643774
v -6.541699 0.304355 -2.896465
v -6.430215 0.265665 -2.387871
v -6.286712 0.451080 -2.475613
v -6.283719 0.265665 -2.643774
v -6.778737 0.304355 -2.482402
v -6.592648 0.474992 -2.375872
v -6.430215 0.265665 -2.387871
v -6.847652 0.328268 -2.796733
v -6.850636 0.513682 -2.628548
v -6.778737 0.304355 -2.482402
v -6.541699 0.304355 -2.896465
v -6.704140 0.513682 -2.884451
v -6.847652 0.328268 -2.796733
v -6.283719 0.265665 -2.643774
v -6.355610 0.474992 -2.789935
v -6.541699 0.304355 -2.896465
v -6.430215 0.265665 -2.387871
v -6.592648 0.474992 -2.375872
v -6.286712 0.451080 -2.475613
v -6.778737 0.304355 -2.482402
v -6.850636 0.513682 -2.628548
v -6.592648 0.474992 -2.375872
v -6.847652 0.328268 -2.796733
v -6.704140 0.513682 -2.884451
v -6.850636 0.513682 -2.628548
v -6.541699 0.304355 -2.896465
v -6.355610 0.474992 -2.789935
v -6.704140 0.513682 -2.884451
v -6.283719 0.265665 -2.643774
v -6.286712 0.451080 -2.475613
v -6.355610 0.474992 -2.789935
v -6.592648 0.474992 -2.375872
v -6.546544 0.604364 -2.624358
v -6.286712 0.451080 -2.475613
v -6.850636 0.513682 -2.628548
v -6.546544 0.604364 -2.624358
v -6.592648 0.474992 -2.375872
v -6.704140 0.513682 -2.884451
v -6.546544 0.604364 -2.624358
v -6.850636 0.513682 -2.628548
v -6.355610 0.474992 -2.789935
v -6.546544 0.604364 -2.624358
v -6.704140 0.513682 -2.884451
v -6.286712 0.451080 -2.475613
v -6.546544 0.604364 -2.624358
v -6.355610 0.474992 -2.789935
v -6.263642 0.043914 -2.411911
v -6.454576 0.173286 -2.246334
v -6.106046 0.134596 -2.151818
v -6.106046 0.134596 -2.151818
v -5.959549 0.134596 -2.407721
v -6.263642 0.043914 -2.411911
v -6.263642 0.043914 -2.411911
v -6.523490 0.197199 -2.560665
v -6.454576 0.173286 -2.246334
v -6.263642 0.043914 -2.411911
v -6.217538 0.173286 -2.660397
v -6.523490 0.197199 -2.560665
v -6.263642 0.043914 -2.411911
v -5.959549 0.134596 -2.407721
v -6.217538 0.173286 -2.660397
v -6.106046 0.134596 -2.151818
v -5.962550 0.320020 -2.239545
v -5.959549 0.134596 -2.407721
v -6.454576 0.173286 -2.246334
v -6.268503 0.343933 -2.139813
v -6.106046 0.134596 -2.151818
v -6.523490 0.197199 -2.560665
v -6.526483 0.382623 -2.392504
v -6.454576 0.173286 -2.246334
v -6.217538 0.173286 -2.660397
v -6.379986 0.382623 -2.648407
v -6.523490 0.197199 -2.560665
v -5.959549 0.134596 -2.407721
v -6.031465 0.343933 -2.553877
v -6.217538 0.173286 -2.660397
v -6.106046 0.134596 -2.151818
v -6.268503 0.343933 -2.139813
v -5.962550 0.320020 -2.239545
v -6.454576 0.173286 -2.246334
v -6.526483 0.382623 -2.392504
v -6.268503 0.343933 -2.139813
v -6.523490 0.197199 -2.560665
v -6.379986 0.382623 -2.648407
v -6.526483 0.382623 -2.392504
v -6.217538 0.173286 -2.660397
v -6.031465 0.343933 -2.553877
v -6.379986 0.382623 -2.648407
v -5.959549 0.134596 -2.407721
v -5.962550 0.320020 -2.239545
v -6.031465 0.343933 -2.553877
v -6.268503 0.343933 -2.139813
v -6.222382 0.473303 -2.388290
v -5.962550 0.320020 -2.239545
v -6.526483 0.382623 -2.392504
v -6.222382 0.473303 -2.388290
v -6.268503 0.343933 -2.139813
v -6.379986 0.382623 -2.648407
v -6.222382 0.473303 -2.388290
v -6.526483 0.382623 -2.392504
v -6.031465 0.343933 -2.553877
v -6.222382 0.473303 -2.388290
v -6.379986 0.382623 -2.648407
v -5.962550 0.320020 -2.239545
v -6.222382 0.473303 -2.388290
v -6.031465 0.343933 -2.553877
v -6.250519 0.062997 -2.790017
v -5.904959 0.217831 -2.623406
v -5.909897 0.235742 -2.644677
v -6.241720 0.031023 -2.752049
v -6.241720 0.031023 -2.752049
v -5.916181 0.221807 -2.597721
v -5.904959 0.217831 -2.623406
v -6.261771 0.038120 -2.706170
v -6.261771 0.038120 -2.706170
v -5.932350 0.243695 -2.593293
v -5.916181 0.221807 -2.597721
v -6.290620 0.077200 -2.698259
v -6.290620 0.077200 -2.698259
v -5.937290 0.261598 -2.614564
v -5.932350 0.243695 -2.593293
v -6.299437 0.109176 -2.736238
v -5.916181 0.221807 -2.597721
v -5.909897 0.235742 -2.644677
v -5.904959 0.217831 -2.623406
v -5.937290 0.261598 -2.614564
v -5.932350 0.243695 -2.593293
v -5.926050 0.257619 -2.640240
v -6.299437 0.109176 -2.736238
v -5.926050 0.257619 -2.640240
v -5.937290 0.261598 -2.614564
v -6.279370 0.102068 -2.782107
v -6.279370 0.102068 -2.782107
v -5.909897 0.235742 -2.644677
v -5.926050 0.257619 -2.640240
v -6.250519 0.062997 -2.790017
v -6.279370 0.102068 -2.782107
v -6.241720 0.031023 -2.752049
v -6.250519 0.062997 -2.790017
v -6.290620 0.077200 -2.698259
v -6.299437 0.109176 -2.736238
v -6.261771 0.038120 -2.706170
v -6.257679 0.037234 -2.777736
v -6.020645 0.345174 -2.986129
v -6.039117 0.340705 -3.009127
v -6.224702 0.045220 -2.736649
v -6.224702 0.045220 -2.736649
v -6.027860 0.363578 -2.967305
v -6.020645 0.345174 -2.986129
v -6.237593 0.078080 -2.703051
v -6.237593 0.078080 -2.703051
v -6.053558 0.377508 -2.971504
v -6.027860 0.363578 -2.967305
v -6.283460 0.102962 -2.710540
v -6.283460 0.102962 -2.710540
v -6.072022 0.373040 -2.994517
v -6.053558 0.377508 -2.971504
v -6.316437 0.094977 -2.751627
v -6.027860 0.363578 -2.967305
v -6.039117 0.340705 -3.009127
v -6.020645 0.345174 -2.986129
v -6.072022 0.373040 -2.994517
v -6.053558 0.377508 -2.971504
v -6.064807 0.354635 -3.013341
v -6.316437 0.094977 -2.751627
v -6.064807 0.354635 -3.013341
v -6.072022 0.373040 -2.994517
v -6.303564 0.062111 -2.785235
v -6.303564 0.062111 -2.785235
v -6.039117 0.340705 -3.009127
v -6.064807 0.354635 -3.013341
v -6.257679 0.037234 -2.777736
v -6.303564 0.062111 -2.785235
v -6.224702 0.045220 -2.736649
v -6.257679 0.037234 -2.777736
v -6.283460 0.102962 -2.710540
v -6.316437 0.094977 -2.751627
v -6.237593 0.078080 -2.703051
v -6.241157 0.053223 -2.781294
v -6.432509 0.323129 -3.013159
v -6.442505 0.303384 -3.029392
v -6.223298 0.088486 -2.752320
v -6.223298 0.088486 -2.752320
v -6.448981 0.332578 -2.992351
v -6.432509 0.323129 -3.013159
v -6.252693 0.105356 -2.715155
v -6.252693 0.105356 -2.715155
v -6.475455 0.322282 -2.987764
v -6.448981 0.332578 -2.992351
v -6.299983 0.086974 -2.706982
v -6.299983 0.086974 -2.706982
v -6.485451 0.302537 -3.003998
v -6.475455 0.322282 -2.987764
v -6.317859 0.051713 -2.735966
v -6.448981 0.332578 -2.992351
v -6.442505 0.303384 -3.029392
v -6.432509 0.323129 -3.013159
v -6.485451 0.302537 -3.003998
v -6.475455 0.322282 -2.987764
v -6.468980 0.293088 -3.024805
v -6.317859 0.051713 -2.735966
v -6.468980 0.293088 -3.024805
v -6.485451 0.302537 -3.003998
v -6.288446 0.034841 -2.773122
v -6.288446 0.034841 -2.773122
v -6.442505 0.303384 -3.029392
v -6.468980 0.293088 -3.024805
v -6.241157 0.053223 -2.781294
v -6.288446 0.034841 -2.773122
v -6.223298 0.088486 -2.752320
v -6.241157 0.053223 -2.781294
v -6.299983 0.086974 -2.706982
v -6.317859 0.051713 -2.735966
v -6.252693 0.105356 -2.715155
v -6.254222 0.095522 -2.783574
v -6.543758 0.405203 -2.632167
v -6.558027 0.403909 -2.658244
v -6.228741 0.097827 -2.737012
v -6.228741 0.097827 -2.737012
v -6.552905 0.390964 -2.610091
v -6.543758 0.405203 -2.632167
v -6.245097 0.072408 -2.697561
v -6.245097 0.072408 -2.697561
v -6.576328 0.375438 -2.614078
v -6.552905 0.390964 -2.610091
v -6.286918 0.044674 -2.704702
v -6.286918 0.044674 -2.704702
v -6.590597 0.374143 -2.640155
v -6.576328 0.375438 -2.614078
v -6.312390 0.042369 -2.751279
v -6.552905 0.390964 -2.610091
v -6.558027 0.403909 -2.658244
v -6.543758 0.405203 -2.632167
v -6.590597 0.374143 -2.640155
v -6.576328 0.375438 -2.614078
v -6.581442 0.388383 -2.662245
v -6.312390 0.042369 -2.751279
v -6.581442 0.388383 -2.662245
v -6.590597 0.374143 -2.640155
v -6.296042 0.067789 -2.790715
v -6.296042 0.067789 -2.790715
v -6.558027 0.403909 -2.658244
v -6.581442 0.388383 -2.662245
v -6.254222 0.095522 -2.783574
v -6.296042 0.067789 -2.790715
v -6.228741 0.097827 -2.737012
v -6.254222 0.095522 -2.783574
v -6.286918 0.044674 -2.704702
v -6.312390 0.042369 -2.751279
v -6.245097 0.072408 -2.697561
v -6.241768 0.102317 -2.766888
v -6.213186 0.255898 -2.399253
v -6.226890 0.276651 -2.412851
v -6.217307 0.065264 -2.742622
v -6.217307 0.065264 -2.742622
v -6.229324 0.237858 -2.386512
v -6.213186 0.255898 -2.399253
v -6.246118 0.033041 -2.719858
v -6.246118 0.033041 -2.719858
v -6.259143 0.240560 -2.387374
v -6.229324 0.237858 -2.386512
v -6.299373 0.037871 -2.721388
v -6.299373 0.037871 -2.721388
v -6.272846 0.261321 -2.400972
v -6.259143 0.240560 -2.387374
v -6.323824 0.074933 -2.745669
v -6.229324 0.237858 -2.386512
v -6.226890 0.276651 -2.412851
v -6.213186 0.255898 -2.399253
v -6.272846 0.261321 -2.400972
v -6.259143 0.240560 -2.387374
v -6.256708 0.279361 -2.413713
v -6.323824 0.074933 -2.745669
v -6.256708 0.279361 -2.413713
v -6.272846 0.261321 -2.400972
v -6.295039 0.107158 -2.768428
v -6.295039 0.107158 -2.768428
v -6.226890 0.276651 -2.412851
v -6.256708 0.279361 -2.413713
v -6.241768 0.102317 -2.766888
v -6.295039 0.107158 -2.768428
v -6.217307 0.065264 -2.742622
v -6.241768 0.102317 -2.766888
v -6.299373 0.037871 -2.721388
v -6.323824 0.074933 -2.745669
v -6.246118 0.033041 -2.719858
vn 0.5498 -0.5717 -0.6090
vn 0.5498 -0.5718 -0.6089
vn 0.3730 -0.8783 0.2990
vn 0.3729 -0.8783 0.2994
vn -0.1400 -0.2947 0.9453
vn -0.4715 0.6177 0.6294
vn -0.4714 0.6176 0.6295
vn 0.8003 0.5371 0.2665
vn 0.8002 0.5373 0.2665
vn 0.8002 0.5373 0.2664
vn 0.8003 0.5369 0.2669
vn -0.2948 0.9164 -0.2707
vn -0.2949 0.9164 -0.2705
vn 0.2155 0.3440 -0.9139
vn 0.2154 0.3441 -0.9139
vn -0.8003 -0.5370 -0.2667
vn -0.8004 -0.5370 -0.2666
vn -0.8000 -0.5374 -0.2667
vn -0.8001 -0.5373 -0.2668
vn -0.2151 -0.8743 0.4351
vn 0.2800 -0.9465 0.1603
vn -0.5292 -0.8470 0.0516
vn -0.2235 -0.8470 -0.4824
vn 0.2663 -0.8743 -0.4058
vn 0.7953 -0.4002 0.4553
vn -0.2799 -0.2700 0.9213
vn -0.9614 -0.1933 0.1960
vn -0.3177 -0.1933 -0.9283
vn 0.6528 -0.2700 -0.7078
vn 0.3177 0.1933 0.9283
vn -0.6528 0.2700 0.7078
vn -0.7954 0.4001 -0.4553
vn 0.2798 0.2700 -0.9213
vn 0.9614 0.1935 -0.1958
vn 0.2235 0.8470 0.4824
vn -0.2663 0.8743 0.4058
vn -0.2800 0.9465 -0.1603
vn 0.2151 0.8743 -0.4351
vn 0.5292 0.8470 -0.0516
vn 0.6107 -0.7089 -0.3528
vn 0.6109 -0.7088 -0.3526
vn 0.8529 -0.1699 0.4936
vn 0.8530 -0.1699 0.4935
vn 0.1902 0.5880 0.7862
vn 0.1905 0.5878 0.7862
vn -0.5665 0.7652 0.3059
vn 0.4718 0.7141 -0.5172
vn 0.4718 0.7139 -0.5174
vn 0.4717 0.7142 -0.5171
vn 0.4720 0.7140 -0.5172
vn -0.8070 0.2369 -0.5409
vn -0.8070 0.2370 -0.5409
vn -0.1503 -0.5287 -0.8354
vn -0.1502 -0.5288 -0.8354
vn -0.4717 -0.7141 0.5173
vn -0.4717 -0.7140 0.5174
vn -0.4718 -0.7139 0.5174
vn -0.4718 -0.7140 0.5173
vn 0.2801 -0.9465 0.1603
vn -0.5292 -0.8469 0.0516
vn -0.2235 -0.8469 -0.4825
vn 0.2664 -0.8743 -0.4058
vn -0.2802 -0.2697 0.9213
vn -0.9613 -0.1934 0.1960
vn 0.2799 0.2700 -0.9213
vn 0.9613 0.1933 -0.1961
vn 0.2235 0.8469 0.4824
vn -0.2801 0.9465 -0.1603
vn 0.2151 0.8743 -0.4352
vn 0.5292 0.8469 -0.0516
vn 0.8083 0.0708 -0.5844
vn 0.8083 0.0709 -0.5845
vn 0.6386 0.7518 0.1641
vn 0.6387 0.7518 0.1640
vn -0.1555 0.7071 0.6898
vn -0.1556 0.7071 0.6898
vn -0.8494 -0.0038 0.5277
vn -0.8493 -0.0033 0.5279
vn -0.3762 0.6946 -0.6132
vn -0.3763 0.6945 -0.6132
vn -0.3764 0.6946 -0.6131
vn -0.3763 0.6944 -0.6133
vn -0.6824 -0.6957 -0.2243
vn 0.1216 -0.6478 -0.7520
vn 0.1218 -0.6478 -0.7520
vn 0.3760 -0.6945 0.6135
vn 0.3762 -0.6946 0.6132
vn 0.3761 -0.6947 0.6132
vn 0.3761 -0.6950 0.6129
vn 0.7954 -0.4001 0.4553
vn 0.3174 0.1933 0.9284
vn 0.9614 0.1933 -0.1960
vn 0.5885 0.7251 -0.3577
vn 0.5884 0.7251 -0.3579
vn 0.6592 0.4774 0.5810
vn 0.6590 0.4774 0.5812
vn 0.0070 -0.2585 0.9660
vn 0.0067 -0.2588 0.9659
vn -0.6406 -0.6655 0.3831
vn -0.6405 -0.6655 0.3832
vn -0.5639 0.7805 0.2698
vn -0.5636 0.7807 0.2698
vn -0.5635 0.7809 0.2696
vn -0.5637 0.7807 0.2696
vn -0.7165 -0.4123 -0.5627
vn -0.7165 -0.4123 -0.5628
vn -0.0565 0.3277 -0.9431
vn -0.0563 0.3278 -0.9431
vn 0.5637 -0.7808 -0.2696
vn 0.5636 -0.7808 -0.2696
vn 0.5637 -0.7807 -0.2697
vn -0.2235 -0.8469 -0.4824
vn -0.9613 -0.1933 0.1961
vn 0.3177 0.1934 0.9283
vn -0.7953 0.4002 -0.4553
vn 0.8750 0.4187 -0.2429
vn 0.8751 0.4186 -0.2426
vn 0.8055 -0.5221 0.2802
vn 0.8055 -0.5222 0.2803
vn -0.0919 -0.8463 0.5246
vn -0.0918 -0.8463 0.5246
vn -0.8731 -0.3631 0.3255
vn -0.8732 -0.3629 0.3254
vn 0.0271 0.5604 0.8278
vn 0.0270 0.5602 0.8279
vn 0.0271 0.5602 0.8279
vn -0.7954 0.5745 -0.1930
vn -0.7955 0.5744 -0.1929
vn 0.0935 0.8916 -0.4430
vn 0.0938 0.8916 -0.4430
vn -0.0270 -0.5601 -0.8280
vn -0.0269 -0.5603 -0.8279
vn -0.0273 -0.5603 -0.8278
vn -0.0271 -0.5605 -0.8277
vn -0.2798 -0.2700 0.9213
vn -0.3177 -0.1934 -0.9283
vn 0.6528 -0.2699 -0.7078
vn 0.2799 0.2699 -0.9213
vn 0.9613 0.1934 -0.1961
vt 1.000000 1.000015
vt 0.833310 1.000015
vt 1.000000 0.500008
vt 0.833310 0.500008
vt 0.666651 1.000015
vt 0.666651 0.500008
vt 0.499992 1.000015
vt 0.499992 0.500008
vt 0.333303 1.000015
vt 0.333303 0.500008
vt 0.457816 0.370001
vt 0.249989 0.490028
vt 0.457816 0.130007
vt 0.042130 0.130007
vt 0.249989 0.010010
vt 0.042130 0.370001
vt 0.166644 1.000015
vt 0.166644 0.500008
vt -0.000015 1.000015
vt -0.000015 0.500008
vt 0.749996 0.490028
vt 0.957824 0.370001
vt 0.542138 0.370001
vt 0.749996 0.010010
vt 0.542138 0.130007
vt 0.957824 0.130007
vt 0.272725 0.157473
vt 0.090898 0.157473
vt 0.181811 0.000000
vt 0.363607 0.000000
vt 0.454520 0.157473
vt 1.000000 0.157473
vt 0.818174 0.157473
vt 0.909087 0.000000
vt 0.636347 0.157473
vt 0.727260 0.000000
vt 0.545434 0.000000
vt 0.363607 0.314946
vt 0.181811 0.314946
vt 0.909087 0.314946
vt 0.727260 0.314946
vt 0.545434 0.314946
vt -0.000015 0.314946
vt 0.272725 0.472389
vt 0.090898 0.472389
vt 0.818174 0.472389
vt 0.636347 0.472389
vt 0.454520 0.472389
s 0
usemtl Material_1
f 303/1/1 302/2/1 301/3/1
f 302/2/2 304/4/2 301/3/2
f 307/2/3 306/5/3 305/4/3
f 306/5/4 308/6/4 305/4/4
f 311/5/5 310/7/5 309/6/5
f 310/7/5 312/8/5 309/6/5
f 315/7/6 314/9/6 313/8/6
f 314/9/7 316/10/7 313/8/7
f 319/11/8 318/12/8 317/13/8
f 320/14/9 317/13/9 318/12/9
f 321/15/10 317/13/10 320/14/10
f 322/16/11 320/14/11 318/12/11
f 325/9/12 324/17/12 323/10/12
s 1
f 324/17/13 326/18/13 323/10/13
s 0
f 329/17/14 328/19/14 327/18/14
f 328/19/15 330/20/15 327/18/15
f 333/21/16 332/22/16 331/23/16
f 334/24/17 331/23/17 332/22/17
f 335/25/18 331/23/18 334/24/18
s 1
f 336/26/19 334/24/19 332/22/19
s 0
f 3/27/20 2/28/20 1/29/20
f 6/30/21 5/31/21 4/27/21
f 9/32/22 8/33/22 7/34/22
f 12/33/23 11/35/23 10/36/23
f 15/35/24 14/31/24 13/37/24
f 18/31/25 17/38/25 16/27/25
f 21/27/26 20/39/26 19/28/26
f 24/32/27 23/40/27 22/33/27
f 27/33/28 26/41/28 25/35/28
f 30/35/29 29/42/29 28/31/29
f 33/38/30 32/39/30 31/27/30
f 36/39/31 35/43/31 34/28/31
f 39/40/32 38/41/32 37/33/32
f 42/41/33 41/42/33 40/35/33
f 45/42/34 44/38/34 43/31/34
f 48/38/35 47/44/35 46/39/35
f 51/39/36 50/45/36 49/43/36
f 54/40/37 53/46/37 52/41/37
f 57/41/38 56/47/38 55/42/38
f 60/42/39 59/48/39 58/38/39
f 339/1/40 338/2/40 337/3/40
f 338/2/41 340/4/41 337/3/41
f 343/2/42 342/5/42 341/4/42
f 342/5/43 344/6/43 341/4/43
f 347/5/44 346/7/44 345/6/44
f 346/7/45 348/8/45 345/6/45
f 351/7/46 350/9/46 349/8/46
f 350/9/46 352/10/46 349/8/46
s 1
f 355/11/47 354/12/47 353/13/47
s 0
f 356/14/48 353/13/48 354/12/48
f 357/15/49 353/13/49 356/14/49
f 358/16/50 356/14/50 354/12/50
f 361/9/51 360/17/51 359/10/51
f 360/17/52 362/18/52 359/10/52
s 1
f 365/17/53 364/19/53 363/18/53
s 0
f 364/19/54 366/20/54 363/18/54
f 369/21/55 368/22/55 367/23/55
f 370/24/56 367/23/56 368/22/56
f 371/25/57 367/23/57 370/24/57
f 372/26/58 370/24/58 368/22/58
f 63/27/20 62/28/20 61/29/20
f 66/30/59 65/31/59 64/27/59
f 69/32/60 68/33/60 67/34/60
f 72/33/61 71/35/61 70/36/61
f 75/35/62 74/31/62 73/37/62
f 78/31/25 77/38/25 76/27/25
s 1
f 81/27/63 80/39/63 79/28/63
s 0
f 84/32/64 83/40/64 82/33/64
f 87/33/28 86/41/28 85/35/28
f 90/35/29 89/42/29 88/31/29
s 1
f 93/38/30 92/39/30 91/27/30
s 0
f 96/39/31 95/43/31 94/28/31
f 99/40/32 98/41/32 97/33/32
f 102/41/65 101/42/65 100/35/65
f 105/42/66 104/38/66 103/31/66
f 108/38/67 107/44/67 106/39/67
f 111/39/36 110/45/36 109/43/36
f 114/40/68 113/46/68 112/41/68
f 117/41/69 116/47/69 115/42/69
f 120/42/70 119/48/70 118/38/70
f 375/1/71 374/2/71 373/3/71
f 374/2/72 376/4/72 373/3/72
f 379/2/73 378/5/73 377/4/73
f 378/5/74 380/6/74 377/4/74
f 383/5/75 382/7/75 381/6/75
f 382/7/76 384/8/76 381/6/76
f 387/7/77 386/9/77 385/8/77
f 386/9/78 388/10/78 385/8/78
f 391/11/79 390/12/79 389/13/79
f 392/14/80 389/13/80 390/12/80
f 393/15/81 389/13/81 392/14/81
f 394/16/82 392/14/82 390/12/82
f 397/9/83 396/17/83 395/10/83
f 396/17/83 398/18/83 395/10/83
f 401/17/84 400/19/84 399/18/84
f 400/19/85 402/20/85 399/18/85
f 405/21/86 404/22/86 403/23/86
f 406/24/87 403/23/87 404/22/87
f 407/25/88 403/23/88 406/24/88
f 408/26/89 406/24/89 404/22/89
f 123/27/20 122/28/20 121/29/20
f 126/30/21 125/31/21 124/27/21
f 129/32/22 128/33/22 127/34/22
f 132/33/23 131/35/23 130/36/23
f 135/35/24 134/31/24 133/37/24
f 138/31/90 137/38/90 136/27/90
f 141/27/26 140/39/26 139/28/26
f 144/32/27 143/40/27 142/33/27
f 147/33/28 146/41/28 145/35/28
f 150/35/29 149/42/29 148/31/29
f 153/38/91 152/39/91 151/27/91
f 156/39/31 155/43/31 154/28/31
f 159/40/32 158/41/32 157/33/32
f 162/41/33 161/42/33 160/35/33
s 1
f 165/42/92 164/38/92 163/31/92
s 0
f 168/38/35 167/44/35 166/39/35
f 171/39/36 170/45/36 169/43/36
f 174/40/37 173/46/37 172/41/37
f 177/41/38 176/47/38 175/42/38
f 180/42/39 179/48/39 178/38/39
f 411/1/93 410/2/93 409/3/93
f 410/2/94 412/4/94 409/3/94
f 415/2/95 414/5/95 413/4/95
f 414/5/96 416/6/96 413/4/96
f 419/5/97 418/7/97 417/6/97
f 418/7/98 420/8/98 417/6/98
s 1
f 423/7/99 422/9/99 421/8/99
s 0
f 422/9/100 424/10/100 421/8/100
f 427/11/101 426/12/101 425/13/101
f 428/14/102 425/13/102 426/12/102
f 429/15/103 425/13/103 428/14/103
f 430/16/104 428/14/104 426/12/104
f 433/9/105 432/17/105 431/10/105
f 432/17/106 434/18/106 431/10/106
f 437/17/107 436/19/107 435/18/107
f 436/19/108 438/20/108 435/18/108
f 441/21/109 440/22/109 439/23/109
f 442/24/110 439/23/110 440/22/110
f 443/25/109 439/23/109 442/24/109
f 444/26/111 442/24/111 440/22/111
f 183/27/20 182/28/20 181/29/20
f 186/30/59 185/31/59 184/27/59
f 189/32/60 188/33/60 187/34/60
f 192/33/112 191/35/112 190/36/112
f 195/35/62 194/31/62 193/37/62
f 198/31/90 197/38/90 196/27/90
f 201/27/26 200/39/26 199/28/26
f 204/32/113 203/40/113 202/33/113
f 207/33/28 206/41/28 205/35/28
f 210/35/29 209/42/29 208/31/29
f 213/38/114 212/39/114 211/27/114
f 216/39/31 215/43/31 214/28/31
f 219/40/115 218/41/115 217/33/115
f 222/41/33 221/42/33 220/35/33
f 225/42/92 224/38/92 223/31/92
f 228/38/35 227/44/35 226/39/35
s 1
f 231/39/36 230/45/36 229/43/36
s 0
f 234/40/37 233/46/37 232/41/37
f 237/41/38 236/47/38 235/42/38
f 240/42/39 239/48/39 238/38/39
f 447/1/116 446/2/116 445/3/116
f 446/2/117 448/4/117 445/3/117
f 451/2/118 450/5/118 449/4/118
s 1
f 450/5/119 452/6/119 449/4/119
s 0
f 455/5/120 454/7/120 453/6/120
f 454/7/121 456/8/121 453/6/121
f 459/7/122 458/9/122 457/8/122
f 458/9/123 460/10/123 457/8/123
f 463/11/124 462/12/124 461/13/124
f 464/14/124 461/13/124 462/12/124
f 465/15/125 461/13/125 464/14/125
f 466/16/126 464/14/126 462/12/126
s 1
f 469/9/127 468/17/127 467/10/127
s 0
f 468/17/128 470/18/128 467/10/128
f 473/17/129 472/19/129 471/18/129
f 472/19/130 474/20/130 471/18/130
f 477/21/131 476/22/131 475/23/131
f 478/24/132 475/23/132 476/22/132
f 479/25/133 475/23/133 478/24/133
f 480/26/134 478/24/134 476/22/134
f 243/27/20 242/28/20 241/29/20
f 246/30/21 245/31/21 244/27/21
f 249/32/22 248/33/22 247/34/22
f 252/33/23 251/35/23 250/36/23
f 255/35/24 254/31/24 253/37/24
f 258/31/90 257/38/90 256/27/90
f 261/27/135 260/39/135 259/28/135
f 264/32/113 263/40/113 262/33/113
f 267/33/136 266/41/136 265/35/136
f 270/35/137 269/42/137 268/31/137
f 273/38/30 272/39/30 271/27/30
f 276/39/31 275/43/31 274/28/31
f 279/40/32 278/41/32 277/33/32
f 282/41/138 281/42/138 280/35/138
f 285/42/139 284/38/139 283/31/139
f 288/38/67 287/44/67 286/39/67
f 291/39/36 290/45/36 289/43/36
f 294/40/37 293/46/37 292/41/37
f 297/41/38 296/47/38 295/42/38
f 300/42/70 299/48/70 298/38/70
o scrubInstances_001
v 5.438651 -0.068575 -2.752038
v 5.078858 0.136902 -2.792885
v 5.320926 0.128048 -2.363200
v 5.320926 0.128048 -2.363200
v 5.726958 0.128048 -2.465815
v 5.438651 -0.068575 -2.752038
v 5.438651 -0.068575 -2.752038
v 5.335282 0.142373 -3.161052
v 5.078858 0.136902 -2.792885
v 5.438651 -0.068575 -2.752038
v 5.735836 0.136902 -2.958921
v 5.335282 0.142373 -3.161052
v 5.438651 -0.068575 -2.752038
v 5.726958 0.128048 -2.465815
v 5.735836 0.136902 -2.958921
v 5.320926 0.128048 -2.363200
v 5.545375 0.455056 -2.329748
v 5.726958 0.128048 -2.465815
v 5.078858 0.136902 -2.792885
v 5.144815 0.460528 -2.531906
v 5.320926 0.128048 -2.363200
v 5.335282 0.142373 -3.161052
v 5.153670 0.469381 -3.025006
v 5.078858 0.136902 -2.792885
v 5.735836 0.136902 -2.958921
v 5.559702 0.469381 -3.127620
v 5.335282 0.142373 -3.161052
v 5.726958 0.128048 -2.465815
v 5.801793 0.460528 -2.697941
v 5.735836 0.136902 -2.958921
v 5.320926 0.128048 -2.363200
v 5.144815 0.460528 -2.531906
v 5.545375 0.455056 -2.329748
v 5.078858 0.136902 -2.792885
v 5.153670 0.469381 -3.025006
v 5.144815 0.460528 -2.531906
v 5.335282 0.142373 -3.161052
v 5.559702 0.469381 -3.127620
v 5.153670 0.469381 -3.025006
v 5.735836 0.136902 -2.958921
v 5.801793 0.460528 -2.697941
v 5.559702 0.469381 -3.127620
v 5.726958 0.128048 -2.465815
v 5.545375 0.455056 -2.329748
v 5.801793 0.460528 -2.697941
v 5.144815 0.460528 -2.531906
v 5.442000 0.666005 -2.738788
v 5.545375 0.455056 -2.329748
v 5.153670 0.469381 -3.025006
v 5.442000 0.666005 -2.738788
v 5.144815 0.460528 -2.531906
v 5.559702 0.469381 -3.127620
v 5.442000 0.666005 -2.738788
v 5.153670 0.469381 -3.025006
v 5.801793 0.460528 -2.697941
v 5.442000 0.666005 -2.738788
v 5.559702 0.469381 -3.127620
v 5.545375 0.455056 -2.329748
v 5.442000 0.666005 -2.738788
v 5.801793 0.460528 -2.697941
v 5.696409 0.086001 -3.239536
v 5.336616 0.291492 -3.280383
v 5.578684 0.282639 -2.850698
v 5.578684 0.282639 -2.850698
v 5.984715 0.282639 -2.953313
v 5.696409 0.086001 -3.239536
v 5.696409 0.086001 -3.239536
v 5.593040 0.296964 -3.648550
v 5.336616 0.291492 -3.280383
v 5.696409 0.086001 -3.239536
v 5.993571 0.291492 -3.446413
v 5.593040 0.296964 -3.648550
v 5.696409 0.086001 -3.239536
v 5.984715 0.282639 -2.953313
v 5.993571 0.291492 -3.446413
v 5.578684 0.282639 -2.850698
v 5.803133 0.609632 -2.817246
v 5.984715 0.282639 -2.953313
v 5.336616 0.291492 -3.280383
v 5.402573 0.615104 -3.019404
v 5.578684 0.282639 -2.850698
v 5.593040 0.296964 -3.648550
v 5.411428 0.623958 -3.512504
v 5.336616 0.291492 -3.280383
v 5.993571 0.291492 -3.446413
v 5.817460 0.623958 -3.615119
v 5.593040 0.296964 -3.648550
v 5.984715 0.282639 -2.953313
v 6.059527 0.615104 -3.185433
v 5.993571 0.291492 -3.446413
v 5.578684 0.282639 -2.850698
v 5.402573 0.615104 -3.019404
v 5.803133 0.609632 -2.817246
v 5.336616 0.291492 -3.280383
v 5.411428 0.623958 -3.512504
v 5.402573 0.615104 -3.019404
v 5.593040 0.296964 -3.648550
v 5.817460 0.623958 -3.615119
v 5.411428 0.623958 -3.512504
v 5.993571 0.291492 -3.446413
v 6.059527 0.615104 -3.185433
v 5.817460 0.623958 -3.615119
v 5.984715 0.282639 -2.953313
v 5.803133 0.609632 -2.817246
v 6.059527 0.615104 -3.185433
v 5.402573 0.615104 -3.019404
v 5.699757 0.820595 -3.226286
v 5.803133 0.609632 -2.817246
v 5.411428 0.623958 -3.512504
v 5.699757 0.820595 -3.226286
v 5.402573 0.615104 -3.019404
v 5.817460 0.623958 -3.615119
v 5.699757 0.820595 -3.226286
v 5.411428 0.623958 -3.512504
v 6.059527 0.615104 -3.185433
v 5.699757 0.820595 -3.226286
v 5.817460 0.623958 -3.615119
v 5.803133 0.609632 -2.817246
v 5.699757 0.820595 -3.226286
v 6.059527 0.615104 -3.185433
v 5.315914 -0.051844 -3.648628
v 4.956121 0.153633 -3.689476
v 5.198188 0.144779 -3.259791
v 5.198188 0.144779 -3.259791
v 5.604220 0.144779 -3.362405
v 5.315914 -0.051844 -3.648628
v 5.315914 -0.051844 -3.648628
v 5.212545 0.159104 -4.057643
v 4.956121 0.153633 -3.689476
v 5.315914 -0.051844 -3.648628
v 5.613098 0.153633 -3.855511
v 5.212545 0.159104 -4.057643
v 5.315914 -0.051844 -3.648628
v 5.604220 0.144779 -3.362405
v 5.613098 0.153633 -3.855511
v 5.198188 0.144779 -3.259791
v 5.422631 0.471787 -3.226365
v 5.604220 0.144779 -3.362405
v 4.956121 0.153633 -3.689476
v 5.022078 0.477259 -3.428496
v 5.198188 0.144779 -3.259791
v 5.212545 0.159104 -4.057643
v 5.030933 0.486112 -3.921596
v 4.956121 0.153633 -3.689476
v 5.613098 0.153633 -3.855511
v 5.436965 0.486112 -4.024211
v 5.212545 0.159104 -4.057643
v 5.604220 0.144779 -3.362405
v 5.679055 0.477259 -3.594532
v 5.613098 0.153633 -3.855511
v 5.198188 0.144779 -3.259791
v 5.022078 0.477259 -3.428496
v 5.422631 0.471787 -3.226365
v 4.956121 0.153633 -3.689476
v 5.030933 0.486112 -3.921596
v 5.022078 0.477259 -3.428496
v 5.212545 0.159104 -4.057643
v 5.436965 0.486112 -4.024211
v 5.030933 0.486112 -3.921596
v 5.613098 0.153633 -3.855511
v 5.679055 0.477259 -3.594532
v 5.436965 0.486112 -4.024211
v 5.604220 0.144779 -3.362405
v 5.422631 0.471787 -3.226365
v 5.679055 0.477259 -3.594532
v 5.022078 0.477259 -3.428496
v 5.319262 0.682736 -3.635379
v 5.422631 0.471787 -3.226365
v 5.030933 0.486112 -3.921596
v 5.319262 0.682736 -3.635379
v 5.022078 0.477259 -3.428496
v 5.436965 0.486112 -4.024211
v 5.319262 0.682736 -3.635379
v 5.030933 0.486112 -3.921596
v 5.679055 0.477259 -3.594532
v 5.319262 0.682736 -3.635379
v 5.436965 0.486112 -4.024211
v 5.422631 0.471787 -3.226365
v 5.319262 0.682736 -3.635379
v 5.679055 0.477259 -3.594532
v 4.824750 0.092995 -3.407030
v 4.464958 0.298486 -3.447878
v 4.707026 0.289633 -3.018192
v 4.707026 0.289633 -3.018192
v 5.113057 0.289633 -3.120807
v 4.824750 0.092995 -3.407030
v 4.824750 0.092995 -3.407030
v 4.721375 0.303959 -3.816071
v 4.464958 0.298486 -3.447878
v 4.824750 0.092995 -3.407030
v 5.121935 0.298486 -3.613913
v 4.721375 0.303959 -3.816071
v 4.824750 0.092995 -3.407030
v 5.113057 0.289633 -3.120807
v 5.121935 0.298486 -3.613913
v 4.707026 0.289633 -3.018192
v 4.931468 0.616627 -2.984766
v 5.113057 0.289633 -3.120807
v 4.464958 0.298486 -3.447878
v 4.530914 0.622098 -3.186898
v 4.707026 0.289633 -3.018192
v 4.721375 0.303959 -3.816071
v 4.539770 0.630952 -3.679998
v 4.464958 0.298486 -3.447878
v 5.121935 0.298486 -3.613913
v 4.945801 0.630952 -3.782613
v 4.721375 0.303959 -3.816071
v 5.113057 0.289633 -3.120807
v 5.187892 0.622098 -3.352933
v 5.121935 0.298486 -3.613913
v 4.707026 0.289633 -3.018192
v 4.530914 0.622098 -3.186898
v 4.931468 0.616627 -2.984766
v 4.464958 0.298486 -3.447878
v 4.539770 0.630952 -3.679998
v 4.530914 0.622098 -3.186898
v 4.721375 0.303959 -3.816071
v 4.945801 0.630952 -3.782613
v 4.539770 0.630952 -3.679998
v 5.121935 0.298486 -3.613913
v 5.187892 0.622098 -3.352933
v 4.945801 0.630952 -3.782613
v 5.113057 0.289633 -3.120807
v 4.931468 0.616627 -2.984766
v 5.187892 0.622098 -3.352933
v 4.530914 0.622098 -3.186898
v 4.828099 0.827575 -3.393781
v 4.931468 0.616627 -2.984766
v 4.539770 0.630952 -3.679998
v 4.828099 0.827575 -3.393781
v 4.530914 0.622098 -3.186898
v 4.945801 0.630952 -3.782613
v 4.828099 0.827575 -3.393781
v 4.539770 0.630952 -3.679998
v 5.187892 0.622098 -3.352933
v 4.828099 0.827575 -3.393781
v 4.945801 0.630952 -3.782613
v 4.931468 0.616627 -2.984766
v 4.828099 0.827575 -3.393781
v 5.187892 0.622098 -3.352933
v 4.899927 -0.064252 -2.855547
v 4.540134 0.141224 -2.896394
v 4.782225 0.132371 -2.466715
v 4.782225 0.132371 -2.466715
v 5.188256 0.132371 -2.569330
v 4.899927 -0.064252 -2.855547
v 4.899927 -0.064252 -2.855547
v 4.796552 0.146696 -3.264587
v 4.540134 0.141224 -2.896394
v 4.899927 -0.064252 -2.855547
v 5.197112 0.141224 -3.062430
v 4.796552 0.146696 -3.264587
v 4.899927 -0.064252 -2.855547
v 5.188256 0.132371 -2.569330
v 5.197112 0.141224 -3.062430
v 4.782225 0.132371 -2.466715
v 5.006644 0.459379 -2.433283
v 5.188256 0.132371 -2.569330
v 4.540134 0.141224 -2.896394
v 4.606084 0.464851 -2.635440
v 4.782225 0.132371 -2.466715
v 4.796552 0.146696 -3.264587
v 4.614963 0.473705 -3.128546
v 4.540134 0.141224 -2.896394
v 5.197112 0.141224 -3.062430
v 5.020994 0.473705 -3.231161
v 4.796552 0.146696 -3.264587
v 5.188256 0.132371 -2.569330
v 5.263062 0.464851 -2.801476
v 5.197112 0.141224 -3.062430
v 4.782225 0.132371 -2.466715
v 4.606084 0.464851 -2.635440
v 5.006644 0.459379 -2.433283
v 4.540134 0.141224 -2.896394
v 4.614963 0.473705 -3.128546
v 4.606084 0.464851 -2.635440
v 4.796552 0.146696 -3.264587
v 5.020994 0.473705 -3.231161
v 4.614963 0.473705 -3.128546
v 5.197112 0.141224 -3.062430
v 5.263062 0.464851 -2.801476
v 5.020994 0.473705 -3.231161
v 5.188256 0.132371 -2.569330
v 5.006644 0.459379 -2.433283
v 5.263062 0.464851 -2.801476
v 4.606084 0.464851 -2.635440
v 4.903275 0.670327 -2.842297
v 5.006644 0.459379 -2.433283
v 4.614963 0.473705 -3.128546
v 4.903275 0.670327 -2.842297
v 4.606084 0.464851 -2.635440
v 5.020994 0.473705 -3.231161
v 4.903275 0.670327 -2.842297
v 4.614963 0.473705 -3.128546
v 5.263062 0.464851 -2.801476
v 4.903275 0.670327 -2.842297
v 5.020994 0.473705 -3.231161
v 5.006644 0.459379 -2.433283
v 4.903275 0.670327 -2.842297
v 5.263062 0.464851 -2.801476
v 5.301879 -0.060553 -3.204960
v 5.461197 0.263581 -2.731572
v 5.477813 0.291493 -2.758609
v 5.272205 -0.110383 -3.156714
v 5.272205 -0.110383 -3.156714
v 5.423710 0.270803 -2.718376
v 5.461197 0.263581 -2.731572
v 5.205239 -0.097494 -3.133148
v 5.205239 -0.097494 -3.133148
v 5.402815 0.305936 -2.732212
v 5.423710 0.270803 -2.718376
v 5.167948 -0.034761 -3.157828
v 5.167948 -0.034761 -3.157828
v 5.419431 0.333834 -2.759249
v 5.402815 0.305936 -2.732212
v 5.197616 0.015070 -3.206100
v 5.423710 0.270803 -2.718376
v 5.477813 0.291493 -2.758609
v 5.461197 0.263581 -2.731572
v 5.419431 0.333834 -2.759249
v 5.402815 0.305936 -2.732212
v 5.456925 0.326612 -2.772419
v 5.197616 0.015070 -3.206100
v 5.456925 0.326612 -2.772419
v 5.419431 0.333834 -2.759249
v 5.264588 0.002166 -3.229640
v 5.264588 0.002166 -3.229640
v 5.477813 0.291493 -2.758609
v 5.456925 0.326612 -2.772419
v 5.301879 -0.060553 -3.204960
v 5.264588 0.002166 -3.229640
v 5.272205 -0.110383 -3.156714
v 5.301879 -0.060553 -3.204960
v 5.167948 -0.034761 -3.157828
v 5.197616 0.015070 -3.206100
v 5.205239 -0.097494 -3.133148
v 5.283010 -0.104181 -3.197225
v 5.719107 0.433664 -3.202604
v 5.725007 0.421648 -3.241756
v 5.272446 -0.082715 -3.127303
v 5.272446 -0.082715 -3.127303
v 5.692167 0.465320 -3.193727
v 5.719107 0.433664 -3.202604
v 5.224349 -0.026198 -3.111472
v 5.224349 -0.026198 -3.111472
v 5.671143 0.484947 -3.224035
v 5.692167 0.465320 -3.193727
v 5.186817 0.008868 -3.165563
v 5.186817 0.008868 -3.165563
v 5.677066 0.472932 -3.263192
v 5.671143 0.484947 -3.224035
v 5.197381 -0.012598 -3.235485
v 5.692167 0.465320 -3.193727
v 5.725007 0.421648 -3.241756
v 5.719107 0.433664 -3.202604
v 5.677066 0.472932 -3.263192
v 5.671143 0.484947 -3.224035
v 5.704006 0.441276 -3.272069
v 5.197381 -0.012598 -3.235485
v 5.704006 0.441276 -3.272069
v 5.677066 0.472932 -3.263192
v 5.245471 -0.069130 -3.251342
v 5.245471 -0.069130 -3.251342
v 5.725007 0.421648 -3.241756
v 5.704006 0.441276 -3.272069
v 5.283010 -0.104181 -3.197225
v 5.245471 -0.069130 -3.251342
v 5.272446 -0.082715 -3.127303
v 5.283010 -0.104181 -3.197225
v 5.186817 0.008868 -3.165563
v 5.197381 -0.012598 -3.235485
v 5.224349 -0.026198 -3.111472
v 5.302259 -0.075079 -3.186537
v 5.347703 0.336230 -3.622066
v 5.355301 0.300092 -3.644884
v 5.288718 -0.010539 -3.145796
v 5.288718 -0.010539 -3.145796
v 5.309990 0.351584 -3.619186
v 5.347703 0.336230 -3.622066
v 5.221379 0.016876 -3.140628
v 5.221379 0.016876 -3.140628
v 5.279851 0.330799 -3.639118
v 5.309990 0.351584 -3.619186
v 5.167568 -0.020235 -3.176251
v 5.167568 -0.020235 -3.176251
v 5.287450 0.294661 -3.661935
v 5.279851 0.330799 -3.639118
v 5.181103 -0.084774 -3.217017
v 5.309990 0.351584 -3.619186
v 5.355301 0.300092 -3.644884
v 5.347703 0.336230 -3.622066
v 5.287450 0.294661 -3.661935
v 5.279851 0.330799 -3.639118
v 5.325163 0.279308 -3.664815
v 5.181103 -0.084774 -3.217017
v 5.325163 0.279308 -3.664815
v 5.287450 0.294661 -3.661935
v 5.248448 -0.112189 -3.222160
v 5.248448 -0.112189 -3.222160
v 5.355301 0.300092 -3.644884
v 5.325163 0.279308 -3.664815
v 5.302259 -0.075079 -3.186537
v 5.248448 -0.112189 -3.222160
v 5.288718 -0.010539 -3.145796
v 5.302259 -0.075079 -3.186537
v 5.167568 -0.020235 -3.176251
v 5.181103 -0.084774 -3.217017
v 5.221379 0.016876 -3.140628
v 5.290706 -0.005495 -3.206096
v 4.844588 0.490198 -3.375839
v 4.857652 0.483899 -3.414239
v 5.267383 0.005741 -3.137529
v 5.267383 0.005741 -3.137529
v 4.813361 0.466584 -3.362006
v 4.844588 0.490198 -3.375839
v 5.211567 -0.036413 -3.112820
v 5.211567 -0.036413 -3.112820
v 4.795175 0.436686 -3.386566
v 4.813361 0.466584 -3.362006
v 5.179121 -0.089819 -3.156692
v 5.179121 -0.089819 -3.156692
v 4.808239 0.430387 -3.424966
v 4.795175 0.436686 -3.386566
v 5.202467 -0.101055 -3.225265
v 4.813361 0.466584 -3.362006
v 4.857652 0.483899 -3.414239
v 4.844588 0.490198 -3.375839
v 4.808239 0.430387 -3.424966
v 4.795175 0.436686 -3.386566
v 4.839489 0.454000 -3.438805
v 5.202467 -0.101055 -3.225265
v 4.839489 0.454000 -3.438805
v 4.808239 0.430387 -3.424966
v 5.258260 -0.058900 -3.249967
v 5.258260 -0.058900 -3.249967
v 4.857652 0.483899 -3.414239
v 4.839489 0.454000 -3.438805
v 5.290706 -0.005495 -3.206096
v 5.258260 -0.058900 -3.249967
v 5.267383 0.005741 -3.137529
v 5.290706 -0.005495 -3.206096
v 5.179121 -0.089819 -3.156692
v 5.202467 -0.101055 -3.225265
v 5.211567 -0.036413 -3.112820
v 5.285403 0.009103 -3.179008
v 4.929765 0.302714 -2.819112
v 4.929878 0.334821 -2.847603
v 5.285205 -0.048226 -3.128157
v 5.285205 -0.048226 -3.128157
v 4.901481 0.270931 -2.820457
v 4.929765 0.302714 -2.819112
v 5.234694 -0.104993 -3.130538
v 5.234694 -0.104993 -3.130538
v 4.873340 0.271240 -2.850273
v 4.901481 0.270931 -2.820457
v 5.184424 -0.104431 -3.183780
v 5.184424 -0.104431 -3.183780
v 4.873454 0.303362 -2.878764
v 4.873340 0.271240 -2.850273
v 5.184645 -0.047088 -3.234637
v 4.901481 0.270931 -2.820457
v 4.929878 0.334821 -2.847603
v 4.929765 0.302714 -2.819112
v 4.873454 0.303362 -2.878764
v 4.873340 0.271240 -2.850273
v 4.901737 0.335145 -2.877419
v 5.184645 -0.047088 -3.234637
v 4.901737 0.335145 -2.877419
v 4.873454 0.303362 -2.878764
v 5.235127 0.009680 -3.232276
v 5.235127 0.009680 -3.232276
v 4.929878 0.334821 -2.847603
v 4.901737 0.335145 -2.877419
v 5.285403 0.009103 -3.179008
v 5.235127 0.009680 -3.232276
v 5.285205 -0.048226 -3.128157
v 5.285403 0.009103 -3.179008
v 5.184424 -0.104431 -3.183780
v 5.184645 -0.047088 -3.234637
v 5.234694 -0.104993 -3.130538
vn 0.8742 -0.4842 0.0373
vn 0.8741 -0.4843 0.0374
vn 0.0774 -0.7654 0.6389
vn 0.0770 -0.7653 0.6390
vn -0.7685 -0.2205 0.6006
vn -0.8431 0.5367 0.0356
vn -0.8431 0.5366 0.0357
vn 0.3709 0.5227 0.7676
vn 0.3708 0.5229 0.7675
vn 0.3710 0.5228 0.7675
vn 0.3706 0.5225 0.7679
vn -0.0409 0.8229 -0.5667
vn -0.0412 0.8229 -0.5667
vn 0.8042 0.2697 -0.5297
vn -0.3708 -0.5226 -0.7678
vn -0.3708 -0.5226 -0.7677
vn -0.3706 -0.5230 -0.7676
vn -0.3706 -0.5229 -0.7677
vn -0.5007 -0.8240 0.2651
vn 0.1205 -0.8707 0.4768
vn -0.4421 -0.8378 -0.3204
vn 0.2368 -0.8378 -0.4919
vn 0.5665 -0.8240 -0.0046
vn 0.2367 -0.2583 0.9366
vn -0.8536 -0.2103 0.4766
vn -0.8006 -0.2113 -0.5607
vn 0.4380 -0.2113 -0.8738
vn 0.9775 -0.2104 0.0138
vn -0.4381 0.2113 0.8737
vn -0.9775 0.2103 -0.0138
vn -0.2367 0.2582 -0.9366
vn 0.8536 0.2104 -0.4766
vn 0.8004 0.2115 0.5609
vn -0.2368 0.8378 0.4919
vn -0.5665 0.8240 0.0046
vn -0.1205 0.8707 -0.4768
vn 0.5007 0.8240 -0.2651
vn 0.4421 0.8378 0.3203
vn 0.7434 -0.5998 0.2961
vn 0.7433 -0.5997 0.2964
vn 0.2402 -0.0667 0.9684
vn 0.2404 -0.0667 0.9684
vn -0.4666 0.5588 0.6856
vn -0.4664 0.5587 0.6858
vn -0.6859 0.6601 -0.3063
vn 0.7459 0.6600 -0.0897
vn 0.7460 0.6598 -0.0899
vn 0.7457 0.6602 -0.0898
vn 0.7460 0.6599 -0.0895
vn -0.1792 0.1213 -0.9763
vn -0.1792 0.1214 -0.9763
vn 0.5254 -0.4999 -0.6885
vn 0.5255 -0.5000 -0.6884
vn -0.7459 -0.6600 0.0899
vn -0.7460 -0.6599 0.0899
vn -0.7460 -0.6598 0.0899
vn -0.7459 -0.6599 0.0898
vn 0.2368 -0.8378 -0.4920
vn 0.5666 -0.8240 -0.0046
vn -0.8539 -0.2101 0.4762
vn 0.4381 -0.2113 -0.8737
vn 0.9775 -0.2103 0.0138
vn 0.8536 0.2103 -0.4766
vn 0.8006 0.2113 0.5607
vn -0.5666 0.8240 0.0046
vn 0.9787 0.0882 0.1856
vn 0.9787 0.0883 0.1855
vn 0.3448 0.7380 0.5801
vn 0.3450 0.7380 0.5800
vn -0.6749 0.6575 0.3349
vn -0.6750 0.6574 0.3348
vn -0.9643 -0.0372 -0.2622
vn -0.9644 -0.0368 -0.2619
vn 0.1618 0.5509 -0.8187
vn 0.1617 0.5509 -0.8188
vn 0.1615 0.5509 -0.8188
vn 0.1617 0.5508 -0.8188
vn -0.3267 -0.6792 -0.6573
vn 0.6860 -0.5999 -0.4117
vn 0.6861 -0.5998 -0.4116
vn -0.1621 -0.5508 0.8187
vn -0.1617 -0.5510 0.8187
vn -0.1618 -0.5510 0.8187
vn -0.1616 -0.5513 0.8185
vn 0.2367 -0.2582 0.9366
vn -0.4383 0.2113 0.8736
vn 0.4421 0.8378 0.3204
vn 0.7143 0.6875 0.1306
vn 0.7144 0.6875 0.1303
vn 0.0378 0.4674 0.8832
vn 0.0375 0.4674 0.8832
vn -0.6741 -0.1787 0.7167
vn -0.6743 -0.1789 0.7165
vn -0.7638 -0.6258 -0.1577
vn -0.7639 -0.6258 -0.1575
vn -0.6582 0.6744 -0.3346
vn -0.6580 0.6747 -0.3343
vn -0.6578 0.6749 -0.3345
vn -0.6580 0.6746 -0.3346
vn -0.0924 -0.4096 -0.9076
vn 0.6232 0.2341 -0.7462
vn 0.6233 0.2342 -0.7461
vn 0.6579 -0.6747 0.3346
vn 0.6579 -0.6747 0.3345
vn 0.6580 -0.6747 0.3345
vn 0.4381 -0.2113 -0.8738
vn -0.4380 0.2113 0.8738
vn -0.2367 0.2583 -0.9366
vn 0.7938 0.4021 0.4563
vn 0.7936 0.4021 0.4566
vn 0.3749 -0.3692 0.8504
vn 0.3748 -0.3692 0.8504
vn -0.4671 -0.7710 0.4328
vn -0.8484 -0.3496 -0.3975
vn -0.8484 -0.3495 -0.3977
vn -0.6165 0.5238 0.5878
vn -0.6166 0.5238 0.5877
vn -0.6167 0.5237 0.5878
vn -0.6167 0.5236 0.5879
vn -0.4358 0.4209 -0.7955
vn -0.4360 0.4208 -0.7955
vn 0.4091 0.8307 -0.3776
vn 0.4093 0.8307 -0.3773
vn 0.6168 -0.5235 -0.5878
vn 0.6168 -0.5237 -0.5876
vn 0.6165 -0.5238 -0.5879
vn 0.6166 -0.5240 -0.5876
vn -0.4421 -0.8378 -0.3203
vn -0.8536 -0.2104 0.4766
vn 0.4381 -0.2114 -0.8737
vn -0.9775 0.2104 -0.0138
vn 0.8006 0.2114 0.5607
vt 1.000000 1.000015
vt 0.833310 1.000015
vt 1.000000 0.500008
vt 0.833310 0.500008
vt 0.666651 1.000015
vt 0.666651 0.500008
vt 0.499992 1.000015
vt 0.499992 0.500008
vt 0.333303 1.000015
vt 0.333303 0.500008
vt 0.457816 0.370001
vt 0.249989 0.490028
vt 0.457816 0.130007
vt 0.042130 0.130007
vt 0.249989 0.010010
vt 0.042130 0.370001
vt 0.166644 1.000015
vt 0.166644 0.500008
vt -0.000015 1.000015
vt -0.000015 0.500008
vt 0.749996 0.490028
vt 0.957824 0.370001
vt 0.542138 0.370001
vt 0.749996 0.010010
vt 0.542138 0.130007
vt 0.957824 0.130007
vt 0.272725 0.157473
vt 0.090898 0.157473
vt 0.181811 0.000000
vt 0.363607 0.000000
vt 0.454520 0.157473
vt 1.000000 0.157473
vt 0.818174 0.157473
vt 0.909087 0.000000
vt 0.636347 0.157473
vt 0.727260 0.000000
vt 0.545434 0.000000
vt 0.363607 0.314946
vt 0.181811 0.314946
vt 0.909087 0.314946
vt 0.727260 0.314946
vt 0.545434 0.314946
vt -0.000015 0.314946
vt 0.272725 0.472389
vt 0.090898 0.472389
vt 0.818174 0.472389
vt 0.636347 0.472389
vt 0.454520 0.472389
s 0
usemtl Material_1
f 783/49/140 782/50/140 781/51/140
f 782/50/141 784/52/141 781/51/141
f 787/50/142 786/53/142 785/52/142
f 786/53/143 788/54/143 785/52/143
f 791/53/144 790/55/144 789/54/144
f 790/55/144 792/56/144 789/54/144
f 795/55/145 794/57/145 793/56/145
f 794/57/146 796/58/146 793/56/146
f 799/59/147 798/60/147 797/61/147
f 800/62/148 797/61/148 798/60/148
f 801/63/149 797/61/149 800/62/149
f 802/64/150 800/62/150 798/60/150
f 805/57/151 804/65/151 803/58/151
s 1
f 804/65/152 806/66/152 803/58/152
s 0
f 809/65/153 808/67/153 807/66/153
f 808/67/153 810/68/153 807/66/153
f 813/69/154 812/70/154 811/71/154
f 814/72/155 811/71/155 812/70/155
f 815/73/156 811/71/156 814/72/156
s 1
f 816/74/157 814/72/157 812/70/157
s 0
f 483/75/158 482/76/158 481/77/158
f 486/78/159 485/79/159 484/75/159
f 489/80/160 488/81/160 487/82/160
f 492/81/161 491/83/161 490/84/161
f 495/83/162 494/79/162 493/85/162
f 498/79/163 497/86/163 496/75/163
f 501/75/164 500/87/164 499/76/164
f 504/80/165 503/88/165 502/81/165
f 507/81/166 506/89/166 505/83/166
f 510/83/167 509/90/167 508/79/167
f 513/86/168 512/87/168 511/75/168
f 516/87/169 515/91/169 514/76/169
f 519/88/170 518/89/170 517/81/170
f 522/89/171 521/90/171 520/83/171
f 525/90/172 524/86/172 523/79/172
f 528/86/173 527/92/173 526/87/173
f 531/87/174 530/93/174 529/91/174
f 534/88/175 533/94/175 532/89/175
f 537/89/176 536/95/176 535/90/176
f 540/90/177 539/96/177 538/86/177
f 819/49/178 818/50/178 817/51/178
f 818/50/179 820/52/179 817/51/179
f 823/50/180 822/53/180 821/52/180
f 822/53/181 824/54/181 821/52/181
f 827/53/182 826/55/182 825/54/182
f 826/55/183 828/56/183 825/54/183
f 831/55/184 830/57/184 829/56/184
f 830/57/184 832/58/184 829/56/184
s 1
f 835/59/185 834/60/185 833/61/185
s 0
f 836/62/186 833/61/186 834/60/186
f 837/63/187 833/61/187 836/62/187
f 838/64/188 836/62/188 834/60/188
f 841/57/189 840/65/189 839/58/189
f 840/65/190 842/66/190 839/58/190
s 1
f 845/65/191 844/67/191 843/66/191
s 0
f 844/67/192 846/68/192 843/66/192
f 849/69/193 848/70/193 847/71/193
f 850/72/194 847/71/194 848/70/194
f 851/73/195 847/71/195 850/72/195
f 852/74/196 850/72/196 848/70/196
f 543/75/158 542/76/158 541/77/158
f 546/78/159 545/79/159 544/75/159
f 549/80/160 548/81/160 547/82/160
f 552/81/197 551/83/197 550/84/197
f 555/83/198 554/79/198 553/85/198
f 558/79/163 557/86/163 556/75/163
s 1
f 561/75/199 560/87/199 559/76/199
s 0
f 564/80/165 563/88/165 562/81/165
f 567/81/200 566/89/200 565/83/200
f 570/83/201 569/90/201 568/79/201
s 1
f 573/86/168 572/87/168 571/75/168
s 0
f 576/87/169 575/91/169 574/76/169
f 579/88/170 578/89/170 577/81/170
f 582/89/202 581/90/202 580/83/202
f 585/90/203 584/86/203 583/79/203
f 588/86/173 587/92/173 586/87/173
f 591/87/204 590/93/204 589/91/204
f 594/88/175 593/94/175 592/89/175
f 597/89/176 596/95/176 595/90/176
f 600/90/177 599/96/177 598/86/177
f 855/49/205 854/50/205 853/51/205
f 854/50/206 856/52/206 853/51/206
f 859/50/207 858/53/207 857/52/207
f 858/53/208 860/54/208 857/52/208
f 863/53/209 862/55/209 861/54/209
f 862/55/210 864/56/210 861/54/210
f 867/55/211 866/57/211 865/56/211
f 866/57/212 868/58/212 865/56/212
f 871/59/213 870/60/213 869/61/213
f 872/62/214 869/61/214 870/60/214
f 873/63/215 869/61/215 872/62/215
f 874/64/216 872/62/216 870/60/216
f 877/57/217 876/65/217 875/58/217
f 876/65/217 878/66/217 875/58/217
f 881/65/218 880/67/218 879/66/218
f 880/67/219 882/68/219 879/66/219
f 885/69/220 884/70/220 883/71/220
f 886/72/221 883/71/221 884/70/221
f 887/73/222 883/71/222 886/72/222
f 888/74/223 886/72/223 884/70/223
f 603/75/158 602/76/158 601/77/158
f 606/78/159 605/79/159 604/75/159
f 609/80/160 608/81/160 607/82/160
f 612/81/161 611/83/161 610/84/161
f 615/83/162 614/79/162 613/85/162
f 618/79/224 617/86/224 616/75/224
f 621/75/164 620/87/164 619/76/164
f 624/80/165 623/88/165 622/81/165
f 627/81/166 626/89/166 625/83/166
f 630/83/167 629/90/167 628/79/167
f 633/86/225 632/87/225 631/75/225
f 636/87/169 635/91/169 634/76/169
f 639/88/170 638/89/170 637/81/170
f 642/89/171 641/90/171 640/83/171
s 1
f 645/90/203 644/86/203 643/79/203
s 0
f 648/86/173 647/92/173 646/87/173
f 651/87/174 650/93/174 649/91/174
f 654/88/175 653/94/175 652/89/175
f 657/89/176 656/95/176 655/90/176
f 660/90/226 659/96/226 658/86/226
f 891/49/227 890/50/227 889/51/227
f 890/50/228 892/52/228 889/51/228
f 895/50/229 894/53/229 893/52/229
f 894/53/230 896/54/230 893/52/230
f 899/53/231 898/55/231 897/54/231
f 898/55/232 900/56/232 897/54/232
s 1
f 903/55/233 902/57/233 901/56/233
s 0
f 902/57/234 904/58/234 901/56/234
f 907/59/235 906/60/235 905/61/235
f 908/62/236 905/61/236 906/60/236
f 909/63/237 905/61/237 908/62/237
f 910/64/238 908/62/238 906/60/238
f 913/57/239 912/65/239 911/58/239
f 912/65/239 914/66/239 911/58/239
f 917/65/240 916/67/240 915/66/240
f 916/67/241 918/68/241 915/66/241
f 921/69/242 920/70/242 919/71/242
f 922/72/243 919/71/243 920/70/243
f 923/73/243 919/71/243 922/72/243
f 924/74/244 922/72/244 920/70/244
f 663/75/158 662/76/158 661/77/158
f 666/78/159 665/79/159 664/75/159
f 669/80/160 668/81/160 667/82/160
f 672/81/161 671/83/161 670/84/161
f 675/83/198 674/79/198 673/85/198
f 678/79/224 677/86/224 676/75/224
f 681/75/164 680/87/164 679/76/164
f 684/80/165 683/88/165 682/81/165
f 687/81/245 686/89/245 685/83/245
f 690/83/167 689/90/167 688/79/167
f 693/86/246 692/87/246 691/75/246
f 696/87/169 695/91/169 694/76/169
f 699/88/247 698/89/247 697/81/247
f 702/89/171 701/90/171 700/83/171
f 705/90/203 704/86/203 703/79/203
f 708/86/173 707/92/173 706/87/173
s 1
f 711/87/174 710/93/174 709/91/174
s 0
f 714/88/175 713/94/175 712/89/175
f 717/89/176 716/95/176 715/90/176
f 720/90/226 719/96/226 718/86/226
f 927/49/248 926/50/248 925/51/248
f 926/50/249 928/52/249 925/51/249
f 931/50/250 930/53/250 929/52/250
s 1
f 930/53/251 932/54/251 929/52/251
s 0
f 935/53/252 934/55/252 933/54/252
f 934/55/252 936/56/252 933/54/252
f 939/55/253 938/57/253 937/56/253
f 938/57/254 940/58/254 937/56/254
f 943/59/255 942/60/255 941/61/255
f 944/62/256 941/61/256 942/60/256
f 945/63/257 941/61/257 944/62/257
f 946/64/258 944/62/258 942/60/258
s 1
f 949/57/259 948/65/259 947/58/259
s 0
f 948/65/260 950/66/260 947/58/260
f 953/65/261 952/67/261 951/66/261
f 952/67/262 954/68/262 951/66/262
f 957/69/263 956/70/263 955/71/263
f 958/72/264 955/71/264 956/70/264
f 959/73/265 955/71/265 958/72/265
f 960/74/266 958/72/266 956/70/266
f 723/75/158 722/76/158 721/77/158
f 726/78/159 725/79/159 724/75/159
f 729/80/267 728/81/267 727/82/267
f 732/81/161 731/83/161 730/84/161
f 735/83/162 734/79/162 733/85/162
f 738/79/224 737/86/224 736/75/224
f 741/75/268 740/87/268 739/76/268
f 744/80/165 743/88/165 742/81/165
f 747/81/269 746/89/269 745/83/269
f 750/83/201 749/90/201 748/79/201
f 753/86/168 752/87/168 751/75/168
f 756/87/270 755/91/270 754/76/270
f 759/88/170 758/89/170 757/81/170
f 762/89/202 761/90/202 760/83/202
f 765/90/271 764/86/271 763/79/271
f 768/86/173 767/92/173 766/87/173
f 771/87/174 770/93/174 769/91/174
f 774/88/175 773/94/175 772/89/175
f 777/89/176 776/95/176 775/90/176
f 780/90/226 779/96/226 778/86/226
o scrubInstances_002
v -4.404336 -0.015358 2.995808
v -4.018064 0.171640 3.078897
v -4.244893 0.169827 2.578054
v -4.244893 0.169827 2.578054
v -4.692205 0.169827 2.653667
v -4.404336 -0.015358 2.995808
v -4.404336 -0.015358 2.995808
v -4.325186 0.172761 3.464040
v -4.018064 0.171640 3.078897
v -4.404336 -0.015358 2.995808
v -4.741836 0.171640 3.201242
v -4.325186 0.172761 3.464040
v -4.404336 -0.015358 2.995808
v -4.692205 0.169827 2.653667
v -4.741836 0.171640 3.201242
v -4.244893 0.169827 2.578054
v -4.483874 0.471286 2.525278
v -4.692205 0.169827 2.653667
v -4.018064 0.171640 3.078897
v -4.067220 0.472407 2.788104
v -4.244893 0.169827 2.578054
v -4.325186 0.172761 3.464040
v -4.116825 0.474220 3.335675
v -4.018064 0.171640 3.078897
v -4.741836 0.171640 3.201242
v -4.564137 0.474220 3.411289
v -4.325186 0.172761 3.464040
v -4.692205 0.169827 2.653667
v -4.790991 0.472407 2.910450
v -4.741836 0.171640 3.201242
v -4.244893 0.169827 2.578054
v -4.067220 0.472407 2.788104
v -4.483874 0.471286 2.525278
v -4.018064 0.171640 3.078897
v -4.116825 0.474220 3.335675
v -4.067220 0.472407 2.788104
v -4.325186 0.172761 3.464040
v -4.564137 0.474220 3.411289
v -4.116825 0.474220 3.335675
v -4.741836 0.171640 3.201242
v -4.790991 0.472407 2.910450
v -4.564137 0.474220 3.411289
v -4.692205 0.169827 2.653667
v -4.483874 0.471286 2.525278
v -4.790991 0.472407 2.910450
v -4.067220 0.472407 2.788104
v -4.404719 0.659405 2.993538
v -4.483874 0.471286 2.525278
v -4.116825 0.474220 3.335675
v -4.404719 0.659405 2.993538
v -4.067220 0.472407 2.788104
v -4.564137 0.474220 3.411289
v -4.404719 0.659405 2.993538
v -4.116825 0.474220 3.335675
v -4.790991 0.472407 2.910450
v -4.404719 0.659405 2.993538
v -4.564137 0.474220 3.411289
v -4.483874 0.471286 2.525278
v -4.404719 0.659405 2.993538
v -4.790991 0.472407 2.910450
v -4.722155 0.121158 3.516098
v -4.335884 0.308169 3.599186
v -4.562712 0.306355 3.098343
v -4.562712 0.306355 3.098343
v -5.010024 0.306355 3.173956
v -4.722155 0.121158 3.516098
v -4.722155 0.121158 3.516098
v -4.643005 0.309290 3.984329
v -4.335884 0.308169 3.599186
v -4.722155 0.121158 3.516098
v -5.059629 0.308169 3.721528
v -4.643005 0.309290 3.984329
v -4.722155 0.121158 3.516098
v -5.010024 0.306355 3.173956
v -5.059629 0.308169 3.721528
v -4.562712 0.306355 3.098343
v -4.801693 0.607801 3.045567
v -5.010024 0.306355 3.173956
v -4.335884 0.308169 3.599186
v -4.385039 0.608922 3.308393
v -4.562712 0.306355 3.098343
v -4.643005 0.309290 3.984329
v -4.434645 0.610736 3.855965
v -4.335884 0.308169 3.599186
v -5.059629 0.308169 3.721528
v -4.881957 0.610736 3.931578
v -4.643005 0.309290 3.984329
v -5.010024 0.306355 3.173956
v -5.108785 0.608922 3.430735
v -5.059629 0.308169 3.721528
v -4.562712 0.306355 3.098343
v -4.385039 0.608922 3.308393
v -4.801693 0.607801 3.045567
v -4.335884 0.308169 3.599186
v -4.434645 0.610736 3.855965
v -4.385039 0.608922 3.308393
v -4.643005 0.309290 3.984329
v -4.881957 0.610736 3.931578
v -4.434645 0.610736 3.855965
v -5.059629 0.308169 3.721528
v -5.108785 0.608922 3.430735
v -4.881957 0.610736 3.931578
v -5.010024 0.306355 3.173956
v -4.801693 0.607801 3.045567
v -5.108785 0.608922 3.430735
v -4.385039 0.608922 3.308393
v -4.722539 0.795933 3.513828
v -4.801693 0.607801 3.045567
v -4.434645 0.610736 3.855965
v -4.722539 0.795933 3.513828
v -4.385039 0.608922 3.308393
v -4.881957 0.610736 3.931578
v -4.722539 0.795933 3.513828
v -4.434645 0.610736 3.855965
v -5.108785 0.608922 3.430735
v -4.722539 0.795933 3.513828
v -4.881957 0.610736 3.931578
v -4.801693 0.607801 3.045567
v -4.722539 0.795933 3.513828
v -5.108785 0.608922 3.430735
v -4.344426 -0.011931 4.004611
v -3.958154 0.175068 4.087700
v -4.184983 0.173254 3.586857
v -4.184983 0.173254 3.586857
v -4.632295 0.173254 3.662470
v -4.344426 -0.011931 4.004611
v -4.344426 -0.011931 4.004611
v -4.265276 0.176188 4.472842
v -3.958154 0.175068 4.087700
v -4.344426 -0.011931 4.004611
v -4.681925 0.175068 4.210045
v -4.265276 0.176188 4.472842
v -4.344426 -0.011931 4.004611
v -4.632295 0.173254 3.662470
v -4.681925 0.175068 4.210045
v -4.184983 0.173254 3.586857
v -4.423959 0.474713 3.534110
v -4.632295 0.173254 3.662470
v -3.958154 0.175068 4.087700
v -4.007310 0.475834 3.796907
v -4.184983 0.173254 3.586857
v -4.265276 0.176188 4.472842
v -4.056915 0.477647 4.344478
v -3.958154 0.175068 4.087700
v -4.681925 0.175068 4.210045
v -4.504227 0.477647 4.420092
v -4.265276 0.176188 4.472842
v -4.632295 0.173254 3.662470
v -4.731081 0.475834 3.919252
v -4.681925 0.175068 4.210045
v -4.184983 0.173254 3.586857
v -4.007310 0.475834 3.796907
v -4.423959 0.474713 3.534110
v -3.958154 0.175068 4.087700
v -4.056915 0.477647 4.344478
v -4.007310 0.475834 3.796907
v -4.265276 0.176188 4.472842
v -4.504227 0.477647 4.420092
v -4.056915 0.477647 4.344478
v -4.681925 0.175068 4.210045
v -4.731081 0.475834 3.919252
v -4.504227 0.477647 4.420092
v -4.632295 0.173254 3.662470
v -4.423959 0.474713 3.534110
v -4.731081 0.475834 3.919252
v -4.007310 0.475834 3.796907
v -4.344810 0.662832 4.002341
v -4.423959 0.474713 3.534110
v -4.056915 0.477647 4.344478
v -4.344810 0.662832 4.002341
v -4.007310 0.475834 3.796907
v -4.504227 0.477647 4.420092
v -4.344810 0.662832 4.002341
v -4.056915 0.477647 4.344478
v -4.731081 0.475834 3.919252
v -4.344810 0.662832 4.002341
v -4.504227 0.477647 4.420092
v -4.423959 0.474713 3.534110
v -4.344810 0.662832 4.002341
v -4.731081 0.475834 3.919252
v -3.793359 0.122590 3.785056
v -3.407087 0.309602 3.868145
v -3.633916 0.307788 3.367301
v -3.633916 0.307788 3.367301
v -4.081228 0.307788 3.442915
v -3.793359 0.122590 3.785056
v -3.793359 0.122590 3.785056
v -3.714204 0.310723 4.253317
v -3.407087 0.309602 3.868145
v -3.793359 0.122590 3.785056
v -4.130858 0.309602 3.990490
v -3.714204 0.310723 4.253317
v -3.793359 0.122590 3.785056
v -4.081228 0.307788 3.442915
v -4.130858 0.309602 3.990490
v -3.633916 0.307788 3.367301
v -3.872892 0.609234 3.314555
v -4.081228 0.307788 3.442915
v -3.407087 0.309602 3.868145
v -3.456243 0.610355 3.577352
v -3.633916 0.307788 3.367301
v -3.714204 0.310723 4.253317
v -3.505848 0.612169 4.124923
v -3.407087 0.309602 3.868145
v -4.130858 0.309602 3.990490
v -3.953160 0.612169 4.200536
v -3.714204 0.310723 4.253317
v -4.081228 0.307788 3.442915
v -4.180014 0.610355 3.699697
v -4.130858 0.309602 3.990490
v -3.633916 0.307788 3.367301
v -3.456243 0.610355 3.577352
v -3.872892 0.609234 3.314555
v -3.407087 0.309602 3.868145
v -3.505848 0.612169 4.124923
v -3.456243 0.610355 3.577352
v -3.714204 0.310723 4.253317
v -3.953160 0.612169 4.200536
v -3.505848 0.612169 4.124923
v -4.130858 0.309602 3.990490
v -4.180014 0.610355 3.699697
v -3.953160 0.612169 4.200536
v -4.081228 0.307788 3.442915
v -3.872892 0.609234 3.314555
v -4.180014 0.610355 3.699697
v -3.456243 0.610355 3.577352
v -3.793742 0.797353 3.782786
v -3.872892 0.609234 3.314555
v -3.505848 0.612169 4.124923
v -3.793742 0.797353 3.782786
v -3.456243 0.610355 3.577352
v -3.953160 0.612169 4.200536
v -3.793742 0.797353 3.782786
v -3.505848 0.612169 4.124923
v -4.180014 0.610355 3.699697
v -3.793742 0.797353 3.782786
v -3.953160 0.612169 4.200536
v -3.872892 0.609234 3.314555
v -3.793742 0.797353 3.782786
v -4.180014 0.610355 3.699697
v -3.830297 -0.014472 3.162025
v -3.444025 0.172526 3.245114
v -3.670879 0.170712 2.744275
v -3.670879 0.170712 2.744275
v -4.118191 0.170712 2.819889
v -3.830297 -0.014472 3.162025
v -3.830297 -0.014472 3.162025
v -3.751142 0.173647 3.630286
v -3.444025 0.172526 3.245114
v -3.830297 -0.014472 3.162025
v -4.167796 0.172526 3.367460
v -3.751142 0.173647 3.630286
v -3.830297 -0.014472 3.162025
v -4.118191 0.170712 2.819889
v -4.167796 0.172526 3.367460
v -3.670879 0.170712 2.744275
v -3.909830 0.472171 2.691524
v -4.118191 0.170712 2.819889
v -3.444025 0.172526 3.245114
v -3.493176 0.473292 2.954351
v -3.670879 0.170712 2.744275
v -3.751142 0.173647 3.630286
v -3.542806 0.475106 3.501926
v -3.444025 0.172526 3.245114
v -4.167796 0.172526 3.367460
v -3.990118 0.475106 3.577539
v -3.751142 0.173647 3.630286
v -4.118191 0.170712 2.819889
v -4.216947 0.473292 3.076696
v -4.167796 0.172526 3.367460
v -3.670879 0.170712 2.744275
v -3.493176 0.473292 2.954351
v -3.909830 0.472171 2.691524
v -3.444025 0.172526 3.245114
v -3.542806 0.475106 3.501926
v -3.493176 0.473292 2.954351
v -3.751142 0.173647 3.630286
v -3.990118 0.475106 3.577539
v -3.542806 0.475106 3.501926
v -4.167796 0.172526 3.367460
v -4.216947 0.473292 3.076696
v -3.990118 0.475106 3.577539
v -4.118191 0.170712 2.819889
v -3.909830 0.472171 2.691524
v -4.216947 0.473292 3.076696
v -3.493176 0.473292 2.954351
v -3.830680 0.660290 3.159756
v -3.909830 0.472171 2.691524
v -3.542806 0.475106 3.501926
v -3.830680 0.660290 3.159756
v -3.493176 0.473292 2.954351
v -3.990118 0.475106 3.577539
v -3.830680 0.660290 3.159756
v -3.542806 0.475106 3.501926
v -4.216947 0.473292 3.076696
v -3.830680 0.660290 3.159756
v -3.990118 0.475106 3.577539
v -3.909830 0.472171 2.691524
v -3.830680 0.660290 3.159756
v -4.216947 0.473292 3.076696
v -4.293237 -0.014264 3.512494
v -4.426072 0.290005 2.976695
v -4.446150 0.315344 3.005667
v -4.257382 -0.059500 3.460797
v -4.257382 -0.059500 3.460797
v -4.384449 0.296685 2.965701
v -4.426072 0.290005 2.976695
v -4.183030 -0.047579 3.441165
v -4.183030 -0.047579 3.441165
v -4.362880 0.328703 2.983675
v -4.384449 0.296685 2.965701
v -4.144534 0.009592 3.473231
v -4.144534 0.009592 3.473231
v -4.382958 0.354029 3.012648
v -4.362880 0.328703 2.983675
v -4.180383 0.054828 3.524958
v -4.384449 0.296685 2.965701
v -4.446150 0.315344 3.005667
v -4.426072 0.290005 2.976695
v -4.382958 0.354029 3.012648
v -4.362880 0.328703 2.983675
v -4.424586 0.347349 3.023612
v -4.180383 0.054828 3.524958
v -4.424586 0.347349 3.023612
v -4.382958 0.354029 3.012648
v -4.254740 0.042893 3.544559
v -4.254740 0.042893 3.544559
v -4.446150 0.315344 3.005667
v -4.424586 0.347349 3.023612
v -4.293237 -0.014264 3.512494
v -4.254740 0.042893 3.544559
v -4.257382 -0.059500 3.460797
v -4.293237 -0.014264 3.512494
v -4.144534 0.009592 3.473231
v -4.180383 0.054828 3.524958
v -4.183030 -0.047579 3.441165
v -4.272336 -0.054291 3.504923
v -4.742672 0.440973 3.478931
v -4.752266 0.429455 3.521695
v -4.255171 -0.033713 3.428554
v -4.255171 -0.033713 3.428554
v -4.712732 0.470071 3.472166
v -4.742672 0.440973 3.478931
v -4.201720 0.018236 3.416494
v -4.201720 0.018236 3.416494
v -4.692407 0.487637 3.508197
v -4.712732 0.470071 3.472166
v -4.165434 0.049619 3.480802
v -4.165434 0.049619 3.480802
v -4.702026 0.476118 3.550964
v -4.692407 0.487637 3.508197
v -4.182599 0.029041 3.557171
v -4.712732 0.470071 3.472166
v -4.752266 0.429455 3.521695
v -4.742672 0.440973 3.478931
v -4.702026 0.476118 3.550964
v -4.692407 0.487637 3.508197
v -4.731966 0.447020 3.557730
v -4.182599 0.029041 3.557171
v -4.731966 0.447020 3.557730
v -4.702026 0.476118 3.550964
v -4.236045 -0.022921 3.569260
v -4.236045 -0.022921 3.569260
v -4.752266 0.429455 3.521695
v -4.731966 0.447020 3.557730
v -4.272336 -0.054291 3.504923
v -4.236045 -0.022921 3.569260
v -4.255171 -0.033713 3.428554
v -4.272336 -0.054291 3.504923
v -4.165434 0.049619 3.480802
v -4.182599 0.029041 3.557171
v -4.201720 0.018236 3.416494
v -4.292193 -0.027366 3.491721
v -4.375495 0.344892 3.978816
v -4.385670 0.311437 4.002837
v -4.274054 0.032383 3.448830
v -4.274054 0.032383 3.448830
v -4.334443 0.358906 3.979455
v -4.375495 0.344892 3.978816
v -4.200751 0.057406 3.449942
v -4.200751 0.057406 3.449942
v -4.303540 0.339465 4.004111
v -4.334443 0.358906 3.979455
v -4.145577 0.022693 3.494004
v -4.145577 0.022693 3.494004
v -4.313715 0.306009 4.028131
v -4.303540 0.339465 4.004111
v -4.163712 -0.037055 3.536925
v -4.334443 0.358906 3.979455
v -4.385670 0.311437 4.002837
v -4.375495 0.344892 3.978816
v -4.313715 0.306009 4.028131
v -4.303540 0.339465 4.004111
v -4.354767 0.291995 4.027493
v -4.163712 -0.037055 3.536925
v -4.354767 0.291995 4.027493
v -4.313715 0.306009 4.028131
v -4.237020 -0.062078 3.535783
v -4.237020 -0.062078 3.535783
v -4.385670 0.311437 4.002837
v -4.354767 0.291995 4.027493
v -4.292193 -0.027366 3.491721
v -4.237020 -0.062078 3.535783
v -4.274054 0.032383 3.448830
v -4.292193 -0.027366 3.491721
v -4.145577 0.022693 3.494004
v -4.163712 -0.037055 3.536925
v -4.200751 0.057406 3.449942
v -4.281087 0.036246 3.515774
v -3.811104 0.487817 3.755406
v -3.828366 0.481580 3.796753
v -4.250268 0.047371 3.441942
v -4.250268 0.047371 3.441942
v -3.776289 0.466208 3.742574
v -3.811104 0.487817 3.755406
v -4.188041 0.008795 3.419027
v -4.188041 0.008795 3.419027
v -3.758710 0.438376 3.771085
v -3.776289 0.466208 3.742574
v -4.156683 -0.040918 3.469951
v -4.156683 -0.040918 3.469951
v -3.775971 0.432140 3.812432
v -3.758710 0.438376 3.771085
v -4.187527 -0.052043 3.543787
v -3.776289 0.466208 3.742574
v -3.828366 0.481580 3.796753
v -3.811104 0.487817 3.755406
v -3.775971 0.432140 3.812432
v -3.758710 0.438376 3.771085
v -3.810812 0.453749 3.825268
v -4.187527 -0.052043 3.543787
v -3.810812 0.453749 3.825268
v -3.775971 0.432140 3.812432
v -4.249729 -0.013468 3.566698
v -4.249729 -0.013468 3.566698
v -3.828366 0.481580 3.796753
v -3.810812 0.453749 3.825268
v -4.281087 0.036246 3.515774
v -4.249729 -0.013468 3.566698
v -4.250268 0.047371 3.441942
v -4.281087 0.036246 3.515774
v -4.156683 -0.040918 3.469951
v -4.187527 -0.052043 3.543787
v -4.188041 0.008795 3.419027
v -4.273110 0.049983 3.486412
v -3.858516 0.323087 3.125071
v -3.860859 0.352205 3.157297
v -4.268934 -0.002010 3.428895
v -4.268934 -0.002010 3.428895
v -3.828140 0.293790 3.128694
v -3.858516 0.323087 3.125071
v -4.214684 -0.054335 3.435341
v -4.214684 -0.054335 3.435341
v -3.800138 0.293599 3.164517
v -3.828140 0.293790 3.128694
v -4.164660 -0.054668 3.499313
v -4.164660 -0.054668 3.499313
v -3.802480 0.322731 3.196744
v -3.800138 0.293599 3.164517
v -4.168861 -0.002662 3.556834
v -3.828140 0.293790 3.128694
v -3.860859 0.352205 3.157297
v -3.858516 0.323087 3.125071
v -3.802480 0.322731 3.196744
v -3.800138 0.293599 3.164517
v -3.832856 0.352028 3.193121
v -4.168861 -0.002662 3.556834
v -3.832856 0.352028 3.193121
v -3.802480 0.322731 3.196744
v -4.223081 0.049663 3.550413
v -4.223081 0.049663 3.550413
v -3.860859 0.352205 3.157297
v -3.832856 0.352028 3.193121
v -4.273110 0.049983 3.486412
v -4.223081 0.049663 3.550413
v -4.268934 -0.002010 3.428895
v -4.273110 0.049983 3.486412
v -4.164660 -0.054668 3.499313
v -4.168861 -0.002662 3.556834
v -4.214684 -0.054335 3.435341
vn -0.8332 -0.5435 -0.1021
vn -0.8331 -0.5436 -0.1022
vn -0.0225 -0.8143 -0.5800
vn -0.0221 -0.8142 -0.5802
vn 0.8122 -0.2517 -0.5263
vn 0.8009 0.5979 0.0325
vn 0.8010 0.5978 0.0324
vn -0.2924 0.6102 -0.7363
vn -0.2923 0.6103 -0.7362
vn -0.2925 0.6103 -0.7362
vn -0.2921 0.6100 -0.7366
vn -0.0049 0.8627 0.5058
vn -0.0047 0.8627 0.5057
vn -0.8362 0.3089 0.4532
vn 0.2923 -0.6100 0.7365
vn 0.2921 -0.6104 0.7363
vn 0.2921 -0.6103 0.7363
vn 0.4619 -0.8626 -0.2061
vn -0.0722 -0.9013 -0.4271
vn 0.3647 -0.8837 0.2934
vn -0.2480 -0.8837 0.3970
vn -0.5040 -0.8626 -0.0428
vn -0.1594 -0.2915 -0.9432
vn 0.8842 -0.2418 -0.3996
vn 0.7536 -0.2647 0.6017
vn -0.5140 -0.2646 0.8160
vn -0.9664 -0.2419 -0.0868
vn 0.5140 0.2646 -0.8160
vn 0.9664 0.2418 0.0868
vn 0.1594 0.2914 0.9432
vn -0.8842 0.2419 0.3996
vn -0.7534 0.2648 -0.6018
vn 0.2480 0.8837 -0.3969
vn 0.5040 0.8626 0.0428
vn 0.0722 0.9013 0.4271
vn -0.4619 0.8626 0.2061
vn -0.3647 0.8837 -0.2934
vn -0.6760 -0.6593 -0.3292
vn -0.6759 -0.6592 -0.3295
vn -0.1619 -0.0619 -0.9849
vn -0.1620 -0.0619 -0.9848
vn 0.4975 0.6355 -0.5905
vn 0.4974 0.6353 -0.5907
vn 0.6133 0.7171 0.3311
vn -0.6919 0.7210 0.0385
vn -0.6920 0.7208 0.0387
vn -0.6917 0.7211 0.0386
vn -0.6920 0.7209 0.0384
vn 0.0985 0.1281 0.9869
vn 0.0986 0.1282 0.9868
vn -0.5594 -0.5756 0.5964
vn -0.5595 -0.5757 0.5963
vn 0.6919 -0.7210 -0.0388
vn 0.6920 -0.7209 -0.0388
vn 0.6920 -0.7208 -0.0387
vn 0.6919 -0.7209 -0.0386
vn 0.4620 -0.8626 -0.2061
vn -0.5041 -0.8626 -0.0428
vn 0.8844 -0.2416 -0.3992
vn -0.9664 -0.2418 -0.0867
vn 0.9664 0.2418 0.0867
vn -0.8842 0.2418 0.3996
vn -0.7537 0.2646 -0.6017
vn 0.2480 0.8837 -0.3970
vn -0.4620 0.8626 0.2061
vn -0.9616 0.1122 -0.2504
vn -0.9616 0.1123 -0.2503
vn -0.2672 0.8068 -0.5269
vn -0.2674 0.8068 -0.5269
vn 0.6491 0.7198 -0.2460
vn 0.6492 0.7197 -0.2459
vn 0.9440 -0.0534 0.3255
vn 0.9441 -0.0529 0.3253
vn -0.2208 0.6123 0.7592
vn -0.2207 0.6122 0.7593
vn -0.2206 0.6122 0.7593
vn -0.2208 0.6121 0.7594
vn 0.2489 -0.7567 0.6045
vn -0.6737 -0.6667 0.3187
vn -0.6739 -0.6666 0.3186
vn 0.2212 -0.6121 -0.7592
vn 0.2208 -0.6123 -0.7592
vn 0.2208 -0.6123 -0.7591
vn 0.2206 -0.6126 -0.7589
vn -0.1594 -0.2914 -0.9432
vn 0.5142 0.2646 -0.8158
vn -0.7536 0.2646 -0.6017
vn -0.6422 0.7507 -0.1552
vn -0.6422 0.7507 -0.1550
vn 0.0376 0.5543 -0.8315
vn 0.0378 0.5543 -0.8315
vn 0.7337 -0.2014 -0.6490
vn 0.7338 -0.2017 -0.6487
vn 0.6953 -0.6942 0.1861
vn 0.6954 -0.6942 0.1859
vn 0.5839 0.7306 0.3540
vn 0.5838 0.7308 0.3537
vn 0.5835 0.7310 0.3538
vn 0.5837 0.7308 0.3540
vn 0.0138 -0.4941 0.8693
vn -0.6832 0.2655 0.6802
vn -0.6833 0.2656 0.6801
vn -0.5836 -0.7308 -0.3540
vn -0.5836 -0.7309 -0.3539
vn -0.5837 -0.7308 -0.3539
vn 0.7536 -0.2646 0.6017
vn 0.5140 0.2647 -0.8160
vn 0.1594 0.2915 0.9432
vn -0.7348 0.4759 -0.4834
vn -0.7346 0.4759 -0.4837
vn -0.3022 -0.4187 -0.8563
vn -0.3022 -0.4188 -0.8563
vn 0.4521 -0.8171 -0.3577
vn 0.4521 -0.8171 -0.3578
vn 0.7980 -0.4171 0.4350
vn 0.7980 -0.4169 0.4352
vn 0.6338 0.5963 -0.4927
vn 0.6339 0.5963 -0.4926
vn 0.6340 0.5961 -0.4926
vn 0.6340 0.5961 -0.4927
vn 0.3642 0.4759 0.8005
vn 0.3643 0.4758 0.8006
vn -0.3894 0.8677 0.3091
vn -0.3895 0.8677 0.3088
vn -0.6341 -0.5960 0.4927
vn -0.6341 -0.5962 0.4925
vn -0.6338 -0.5962 0.4928
vn -0.6338 -0.5964 0.4925
vn -0.2480 -0.8837 0.3969
vn -0.5140 -0.2647 0.8159
vn -0.9664 -0.2418 -0.0868
vn -0.7536 0.2647 -0.6017
vt 1.000000 1.000015
vt 0.833310 1.000015
vt 1.000000 0.500008
vt 0.833310 0.500008
vt 0.666651 1.000015
vt 0.666651 0.500008
vt 0.499992 1.000015
vt 0.499992 0.500008
vt 0.333303 1.000015
vt 0.333303 0.500008
vt 0.457816 0.370001
vt 0.249989 0.490028
vt 0.457816 0.130007
vt 0.042130 0.130007
vt 0.249989 0.010010
vt 0.042130 0.370001
vt 0.166644 1.000015
vt 0.166644 0.500008
vt -0.000015 1.000015
vt -0.000015 0.500008
vt 0.749996 0.490028
vt 0.957824 0.370001
vt 0.542138 0.370001
vt 0.749996 0.010010
vt 0.542138 0.130007
vt 0.957824 0.130007
vt 0.272725 0.157473
vt 0.090898 0.157473
vt 0.181811 0.000000
vt 0.363607 0.000000
vt 0.454520 0.157473
vt 1.000000 0.157473
vt 0.818174 0.157473
vt 0.909087 0.000000
vt 0.636347 0.157473
vt 0.727260 0.000000
vt 0.545434 0.000000
vt 0.363607 0.314946
vt 0.181811 0.314946
vt 0.909087 0.314946
vt 0.727260 0.314946
vt 0.545434 0.314946
vt -0.000015 0.314946
vt 0.272725 0.472389
vt 0.090898 0.472389
vt 0.818174 0.472389
vt 0.636347 0.472389
vt 0.454520 0.472389
s 0
usemtl Material_1
f 1263/97/272 1262/98/272 1261/99/272
f 1262/98/273 1264/100/273 1261/99/273
f 1267/98/274 1266/101/274 1265/100/274
f 1266/101/275 1268/102/275 1265/100/275
f 1271/101/276 1270/103/276 1269/102/276
f 1270/103/276 1272/104/276 1269/102/276
f 1275/103/277 1274/105/277 1273/104/277
f 1274/105/278 1276/106/278 1273/104/278
f 1279/107/279 1278/108/279 1277/109/279
f 1280/110/280 1277/109/280 1278/108/280
f 1281/111/281 1277/109/281 1280/110/281
f 1282/112/282 1280/110/282 1278/108/282
f 1285/105/283 1284/113/283 1283/106/283
s 1
f 1284/113/284 1286/114/284 1283/106/284
s 0
f 1289/113/285 1288/115/285 1287/114/285
f 1288/115/285 1290/116/285 1287/114/285
f 1293/117/286 1292/118/286 1291/119/286
f 1294/120/286 1291/119/286 1292/118/286
f 1295/121/287 1291/119/287 1294/120/287
s 1
f 1296/122/288 1294/120/288 1292/118/288
s 0
f 963/123/289 962/124/289 961/125/289
f 966/126/290 965/127/290 964/123/290
f 969/128/291 968/129/291 967/130/291
f 972/129/292 971/131/292 970/132/292
f 975/131/293 974/127/293 973/133/293
f 978/127/294 977/134/294 976/123/294
f 981/123/295 980/135/295 979/124/295
f 984/128/296 983/136/296 982/129/296
f 987/129/297 986/137/297 985/131/297
f 990/131/298 989/138/298 988/127/298
f 993/134/299 992/135/299 991/123/299
f 996/135/300 995/139/300 994/124/300
f 999/136/301 998/137/301 997/129/301
f 1002/137/302 1001/138/302 1000/131/302
f 1005/138/303 1004/134/303 1003/127/303
f 1008/134/304 1007/140/304 1006/135/304
f 1011/135/305 1010/141/305 1009/139/305
f 1014/136/306 1013/142/306 1012/137/306
f 1017/137/307 1016/143/307 1015/138/307
f 1020/138/308 1019/144/308 1018/134/308
f 1299/97/309 1298/98/309 1297/99/309
f 1298/98/310 1300/100/310 1297/99/310
f 1303/98/311 1302/101/311 1301/100/311
f 1302/101/312 1304/102/312 1301/100/312
f 1307/101/313 1306/103/313 1305/102/313
f 1306/103/314 1308/104/314 1305/102/314
f 1311/103/315 1310/105/315 1309/104/315
f 1310/105/315 1312/106/315 1309/104/315
s 1
f 1315/107/316 1314/108/316 1313/109/316
s 0
f 1316/110/317 1313/109/317 1314/108/317
f 1317/111/318 1313/109/318 1316/110/318
f 1318/112/319 1316/110/319 1314/108/319
f 1321/105/320 1320/113/320 1319/106/320
f 1320/113/321 1322/114/321 1319/106/321
s 1
f 1325/113/322 1324/115/322 1323/114/322
s 0
f 1324/115/323 1326/116/323 1323/114/323
f 1329/117/324 1328/118/324 1327/119/324
f 1330/120/325 1327/119/325 1328/118/325
f 1331/121/326 1327/119/326 1330/120/326
f 1332/122/327 1330/120/327 1328/118/327
f 1023/123/328 1022/124/328 1021/125/328
f 1026/126/290 1025/127/290 1024/123/290
f 1029/128/291 1028/129/291 1027/130/291
f 1032/129/292 1031/131/292 1030/132/292
f 1035/131/329 1034/127/329 1033/133/329
f 1038/127/294 1037/134/294 1036/123/294
s 1
f 1041/123/330 1040/135/330 1039/124/330
s 0
f 1044/128/296 1043/136/296 1042/129/296
f 1047/129/297 1046/137/297 1045/131/297
f 1050/131/331 1049/138/331 1048/127/331
s 1
f 1053/134/299 1052/135/299 1051/123/299
s 0
f 1056/135/332 1055/139/332 1054/124/332
f 1059/136/301 1058/137/301 1057/129/301
f 1062/137/333 1061/138/333 1060/131/333
f 1065/138/334 1064/134/334 1063/127/334
f 1068/134/335 1067/140/335 1066/135/335
f 1071/135/305 1070/141/305 1069/139/305
f 1074/136/306 1073/142/306 1072/137/306
f 1077/137/336 1076/143/336 1075/138/336
f 1080/138/308 1079/144/308 1078/134/308
f 1335/97/337 1334/98/337 1333/99/337
f 1334/98/338 1336/100/338 1333/99/338
f 1339/98/339 1338/101/339 1337/100/339
f 1338/101/340 1340/102/340 1337/100/340
f 1343/101/341 1342/103/341 1341/102/341
f 1342/103/342 1344/104/342 1341/102/342
f 1347/103/343 1346/105/343 1345/104/343
f 1346/105/344 1348/106/344 1345/104/344
f 1351/107/345 1350/108/345 1349/109/345
f 1352/110/346 1349/109/346 1350/108/346
f 1353/111/347 1349/109/347 1352/110/347
f 1354/112/348 1352/110/348 1350/108/348
f 1357/105/349 1356/113/349 1355/106/349
f 1356/113/349 1358/114/349 1355/106/349
f 1361/113/350 1360/115/350 1359/114/350
f 1360/115/351 1362/116/351 1359/114/351
f 1365/117/352 1364/118/352 1363/119/352
f 1366/120/353 1363/119/353 1364/118/353
f 1367/121/354 1363/119/354 1366/120/354
f 1368/122/355 1366/120/355 1364/118/355
f 1083/123/289 1082/124/289 1081/125/289
f 1086/126/290 1085/127/290 1084/123/290
f 1089/128/291 1088/129/291 1087/130/291
f 1092/129/292 1091/131/292 1090/132/292
f 1095/131/293 1094/127/293 1093/133/293
f 1098/127/356 1097/134/356 1096/123/356
f 1101/123/295 1100/135/295 1099/124/295
f 1104/128/296 1103/136/296 1102/129/296
f 1107/129/297 1106/137/297 1105/131/297
f 1110/131/298 1109/138/298 1108/127/298
f 1113/134/357 1112/135/357 1111/123/357
f 1116/135/300 1115/139/300 1114/124/300
f 1119/136/301 1118/137/301 1117/129/301
f 1122/137/302 1121/138/302 1120/131/302
s 1
f 1125/138/358 1124/134/358 1123/127/358
s 0
f 1128/134/335 1127/140/335 1126/135/335
f 1131/135/305 1130/141/305 1129/139/305
f 1134/136/306 1133/142/306 1132/137/306
f 1137/137/307 1136/143/307 1135/138/307
f 1140/138/308 1139/144/308 1138/134/308
f 1371/97/359 1370/98/359 1369/99/359
f 1370/98/360 1372/100/360 1369/99/360
f 1375/98/361 1374/101/361 1373/100/361
f 1374/101/362 1376/102/362 1373/100/362
f 1379/101/363 1378/103/363 1377/102/363
f 1378/103/364 1380/104/364 1377/102/364
s 1
f 1383/103/365 1382/105/365 1381/104/365
s 0
f 1382/105/366 1384/106/366 1381/104/366
f 1387/107/367 1386/108/367 1385/109/367
f 1388/110/368 1385/109/368 1386/108/368
f 1389/111/369 1385/109/369 1388/110/369
f 1390/112/370 1388/110/370 1386/108/370
f 1393/105/371 1392/113/371 1391/106/371
f 1392/113/371 1394/114/371 1391/106/371
f 1397/113/372 1396/115/372 1395/114/372
f 1396/115/373 1398/116/373 1395/114/373
f 1401/117/374 1400/118/374 1399/119/374
f 1402/120/375 1399/119/375 1400/118/375
f 1403/121/375 1399/119/375 1402/120/375
f 1404/122/376 1402/120/376 1400/118/376
f 1143/123/328 1142/124/328 1141/125/328
f 1146/126/290 1145/127/290 1144/123/290
f 1149/128/291 1148/129/291 1147/130/291
f 1152/129/292 1151/131/292 1150/132/292
f 1155/131/293 1154/127/293 1153/133/293
f 1158/127/356 1157/134/356 1156/123/356
f 1161/123/295 1160/135/295 1159/124/295
f 1164/128/377 1163/136/377 1162/129/377
f 1167/129/297 1166/137/297 1165/131/297
f 1170/131/298 1169/138/298 1168/127/298
f 1173/134/378 1172/135/378 1171/123/378
f 1176/135/332 1175/139/332 1174/124/332
f 1179/136/379 1178/137/379 1177/129/379
f 1182/137/302 1181/138/302 1180/131/302
f 1185/138/358 1184/134/358 1183/127/358
f 1188/134/335 1187/140/335 1186/135/335
s 1
f 1191/135/305 1190/141/305 1189/139/305
s 0
f 1194/136/306 1193/142/306 1192/137/306
f 1197/137/307 1196/143/307 1195/138/307
f 1200/138/308 1199/144/308 1198/134/308
f 1407/97/380 1406/98/380 1405/99/380
f 1406/98/381 1408/100/381 1405/99/381
f 1411/98/382 1410/101/382 1409/100/382
s 1
f 1410/101/383 1412/102/383 1409/100/383
s 0
f 1415/101/384 1414/103/384 1413/102/384
f 1414/103/385 1416/104/385 1413/102/385
f 1419/103/386 1418/105/386 1417/104/386
f 1418/105/387 1420/106/387 1417/104/387
f 1423/107/388 1422/108/388 1421/109/388
f 1424/110/389 1421/109/389 1422/108/389
f 1425/111/390 1421/109/390 1424/110/390
f 1426/112/391 1424/110/391 1422/108/391
s 1
f 1429/105/392 1428/113/392 1427/106/392
s 0
f 1428/113/393 1430/114/393 1427/106/393
f 1433/113/394 1432/115/394 1431/114/394
f 1432/115/395 1434/116/395 1431/114/395
f 1437/117/396 1436/118/396 1435/119/396
f 1438/120/397 1435/119/397 1436/118/397
f 1439/121/398 1435/119/398 1438/120/398
f 1440/122/399 1438/120/399 1436/118/399
f 1203/123/289 1202/124/289 1201/125/289
f 1206/126/290 1205/127/290 1204/123/290
f 1209/128/291 1208/129/291 1207/130/291
f 1212/129/400 1211/131/400 1210/132/400
f 1215/131/293 1214/127/293 1213/133/293
f 1218/127/356 1217/134/356 1216/123/356
f 1221/123/295 1220/135/295 1219/124/295
f 1224/128/377 1223/136/377 1222/129/377
f 1227/129/401 1226/137/401 1225/131/401
f 1230/131/402 1229/138/402 1228/127/402
f 1233/134/299 1232/135/299 1231/123/299
f 1236/135/300 1235/139/300 1234/124/300
f 1239/136/301 1238/137/301 1237/129/301
f 1242/137/333 1241/138/333 1240/131/333
f 1245/138/403 1244/134/403 1243/127/403
f 1248/134/335 1247/140/335 1246/135/335
f 1251/135/305 1250/141/305 1249/139/305
f 1254/136/306 1253/142/306 1252/137/306
f 1257/137/307 1256/143/307 1255/138/307
f 1260/138/308 1259/144/308 1258/134/308
o deadBrushInstances_0004
v -5.166504 0.054582 3.241434
v -5.014297 0.143645 3.130335
v -5.300224 0.149660 3.051093
v -5.300224 0.149660 3.051093
v -5.399055 0.149660 3.236120
v -5.166504 0.054582 3.241434
v -5.166504 0.054582 3.241434
v -4.936418 0.139928 3.364332
v -5.014297 0.143645 3.130335
v -5.166504 0.054582 3.241434
v -5.174210 0.143645 3.429717
v -4.936418 0.139928 3.364332
v -5.166504 0.054582 3.241434
v -5.399055 0.149660 3.236120
v -5.174210 0.143645 3.429717
v -5.300224 0.149660 3.051093
v -5.390590 0.297491 3.121740
v -5.399055 0.149660 3.236120
v -5.014297 0.143645 3.130335
v -5.152784 0.293773 3.056363
v -5.300224 0.149660 3.051093
v -4.936418 0.139928 3.364332
v -4.927933 0.287759 3.249950
v -5.014297 0.143645 3.130335
v -5.174210 0.143645 3.429717
v -5.026764 0.287759 3.434976
v -4.936418 0.139928 3.364332
v -5.399055 0.149660 3.236120
v -5.312696 0.293773 3.355745
v -5.174210 0.143645 3.429717
v -5.300224 0.149660 3.051093
v -5.152784 0.293773 3.056363
v -5.390590 0.297491 3.121740
v -5.014297 0.143645 3.130335
v -4.927933 0.287759 3.249950
v -5.152784 0.293773 3.056363
v -4.936418 0.139928 3.364332
v -5.026764 0.287759 3.434976
v -4.927933 0.287759 3.249950
v -5.174210 0.143645 3.429717
v -5.312696 0.293773 3.355745
v -5.026764 0.287759 3.434976
v -5.399055 0.149660 3.236120
v -5.390590 0.297491 3.121740
v -5.312696 0.293773 3.355745
v -5.152784 0.293773 3.056363
v -5.160490 0.382837 3.244646
v -5.390590 0.297491 3.121740
v -4.927933 0.287759 3.249950
v -5.160490 0.382837 3.244646
v -5.152784 0.293773 3.056363
v -5.026764 0.287759 3.434976
v -5.160490 0.382837 3.244646
v -4.927933 0.287759 3.249950
v -5.312696 0.293773 3.355745
v -5.160490 0.382837 3.244646
v -5.026764 0.287759 3.434976
v -5.390590 0.297491 3.121740
v -5.160490 0.382837 3.244646
v -5.312696 0.293773 3.355745
v -5.031250 0.115019 3.523415
v -4.879043 0.204089 3.412317
v -5.164969 0.210104 3.333075
v -5.164969 0.210104 3.333075
v -5.263800 0.210104 3.518102
v -5.031250 0.115019 3.523415
v -5.031250 0.115019 3.523415
v -4.801164 0.200372 3.646314
v -4.879043 0.204089 3.412317
v -5.031250 0.115019 3.523415
v -5.038949 0.204089 3.711688
v -4.801164 0.200372 3.646314
v -5.031250 0.115019 3.523415
v -5.263800 0.210104 3.518102
v -5.038949 0.204089 3.711688
v -5.164969 0.210104 3.333075
v -5.255335 0.357928 3.403722
v -5.263800 0.210104 3.518102
v -4.879043 0.204089 3.412317
v -5.017530 0.354211 3.338345
v -5.164969 0.210104 3.333075
v -4.801164 0.200372 3.646314
v -4.792679 0.348196 3.531931
v -4.879043 0.204089 3.412317
v -5.038949 0.204089 3.711688
v -4.891510 0.348196 3.716958
v -4.801164 0.200372 3.646314
v -5.263800 0.210104 3.518102
v -5.177437 0.354211 3.637716
v -5.038949 0.204089 3.711688
v -5.164969 0.210104 3.333075
v -5.017530 0.354211 3.338345
v -5.255335 0.357928 3.403722
v -4.879043 0.204089 3.412317
v -4.792679 0.348196 3.531931
v -5.017530 0.354211 3.338345
v -4.801164 0.200372 3.646314
v -4.891510 0.348196 3.716958
v -4.792679 0.348196 3.531931
v -5.038949 0.204089 3.711688
v -5.177437 0.354211 3.637716
v -4.891510 0.348196 3.716958
v -5.263800 0.210104 3.518102
v -5.255335 0.357928 3.403722
v -5.177437 0.354211 3.637716
v -5.017530 0.354211 3.338345
v -5.025235 0.443281 3.526628
v -5.255335 0.357928 3.403722
v -4.792679 0.348196 3.531931
v -5.025235 0.443281 3.526628
v -5.017530 0.354211 3.338345
v -4.891510 0.348196 3.716958
v -5.025235 0.443281 3.526628
v -4.792679 0.348196 3.531931
v -5.177437 0.354211 3.637716
v -5.025235 0.443281 3.526628
v -4.891510 0.348196 3.716958
v -5.255335 0.357928 3.403722
v -5.025235 0.443281 3.526628
v -5.177437 0.354211 3.637716
v -4.707643 0.043215 3.543708
v -4.555436 0.132279 3.432609
v -4.841362 0.138294 3.353367
v -4.841362 0.138294 3.353367
v -4.940193 0.138294 3.538394
v -4.707643 0.043215 3.543708
v -4.707643 0.043215 3.543708
v -4.477557 0.128562 3.666606
v -4.555436 0.132279 3.432609
v -4.707643 0.043215 3.543708
v -4.715348 0.132279 3.731991
v -4.477557 0.128562 3.666606
v -4.707643 0.043215 3.543708
v -4.940193 0.138294 3.538394
v -4.715348 0.132279 3.731991
v -4.841362 0.138294 3.353367
v -4.931714 0.286124 3.424022
v -4.940193 0.138294 3.538394
v -4.555436 0.132279 3.432609
v -4.693923 0.282407 3.358637
v -4.841362 0.138294 3.353367
v -4.477557 0.128562 3.666606
v -4.469072 0.276392 3.552224
v -4.555436 0.132279 3.432609
v -4.715348 0.132279 3.731991
v -4.567903 0.276392 3.737250
v -4.477557 0.128562 3.666606
v -4.940193 0.138294 3.538394
v -4.853835 0.282407 3.658019
v -4.715348 0.132279 3.731991
v -4.841362 0.138294 3.353367
v -4.693923 0.282407 3.358637
v -4.931714 0.286124 3.424022
v -4.555436 0.132279 3.432609
v -4.469072 0.276392 3.552224
v -4.693923 0.282407 3.358637
v -4.477557 0.128562 3.666606
v -4.567903 0.276392 3.737250
v -4.469072 0.276392 3.552224
v -4.715348 0.132279 3.731991
v -4.853835 0.282407 3.658019
v -4.567903 0.276392 3.737250
v -4.940193 0.138294 3.538394
v -4.931714 0.286124 3.424022
v -4.853835 0.282407 3.658019
v -4.693923 0.282407 3.358637
v -4.701628 0.371471 3.546921
v -4.931714 0.286124 3.424022
v -4.469072 0.276392 3.552224
v -4.701628 0.371471 3.546921
v -4.693923 0.282407 3.358637
v -4.567903 0.276392 3.737250
v -4.701628 0.371471 3.546921
v -4.469072 0.276392 3.552224
v -4.853835 0.282407 3.658019
v -4.701628 0.371471 3.546921
v -4.567903 0.276392 3.737250
v -4.931714 0.286124 3.424022
v -4.701628 0.371471 3.546921
v -4.853835 0.282407 3.658019
v -4.639746 0.110267 3.275952
v -4.487539 0.199338 3.164853
v -4.773466 0.205352 3.085611
v -4.773466 0.205352 3.085611
v -4.872296 0.205352 3.270638
v -4.639746 0.110267 3.275952
v -4.639746 0.110267 3.275952
v -4.409646 0.195620 3.398858
v -4.487539 0.199338 3.164853
v -4.639746 0.110267 3.275952
v -4.647451 0.199338 3.464235
v -4.409646 0.195620 3.398858
v -4.639746 0.110267 3.275952
v -4.872296 0.205352 3.270638
v -4.647451 0.199338 3.464235
v -4.773466 0.205352 3.085611
v -4.863817 0.353176 3.156265
v -4.872296 0.205352 3.270638
v -4.487539 0.199338 3.164853
v -4.626026 0.349459 3.090881
v -4.773466 0.205352 3.085611
v -4.409646 0.195620 3.398858
v -4.401175 0.343444 3.284467
v -4.487539 0.199338 3.164853
v -4.647451 0.199338 3.464235
v -4.500006 0.343444 3.469494
v -4.409646 0.195620 3.398858
v -4.872296 0.205352 3.270638
v -4.785938 0.349459 3.390263
v -4.647451 0.199338 3.464235
v -4.773466 0.205352 3.085611
v -4.626026 0.349459 3.090881
v -4.863817 0.353176 3.156265
v -4.487539 0.199338 3.164853
v -4.401175 0.343444 3.284467
v -4.626026 0.349459 3.090881
v -4.409646 0.195620 3.398858
v -4.500006 0.343444 3.469494
v -4.401175 0.343444 3.284467
v -4.647451 0.199338 3.464235
v -4.785938 0.349459 3.390263
v -4.500006 0.343444 3.469494
v -4.872296 0.205352 3.270638
v -4.863817 0.353176 3.156265
v -4.785938 0.349459 3.390263
v -4.626026 0.349459 3.090881
v -4.633731 0.438523 3.279164
v -4.863817 0.353176 3.156265
v -4.401175 0.343444 3.284467
v -4.633731 0.438523 3.279164
v -4.626026 0.349459 3.090881
v -4.500006 0.343444 3.469494
v -4.633731 0.438523 3.279164
v -4.401175 0.343444 3.284467
v -4.785938 0.349459 3.390263
v -4.633731 0.438523 3.279164
v -4.500006 0.343444 3.469494
v -4.863817 0.353176 3.156265
v -4.633731 0.438523 3.279164
v -4.785938 0.349459 3.390263
v -4.924541 0.051645 3.088486
v -4.772335 0.140709 2.977387
v -5.058267 0.146723 2.898156
v -5.058267 0.146723 2.898156
v -5.157098 0.146723 3.083183
v -4.924541 0.051645 3.088486
v -4.924541 0.051645 3.088486
v -4.694441 0.136991 3.211392
v -4.772335 0.140709 2.977387
v -4.924541 0.051645 3.088486
v -4.932247 0.140709 3.276769
v -4.694441 0.136991 3.211392
v -4.924541 0.051645 3.088486
v -5.157098 0.146723 3.083183
v -4.932247 0.140709 3.276769
v -5.058267 0.146723 2.898156
v -5.148613 0.294554 2.968800
v -5.157098 0.146723 3.083183
v -4.772335 0.140709 2.977387
v -4.910807 0.290836 2.903423
v -5.058267 0.146723 2.898156
v -4.694441 0.136991 3.211392
v -4.685962 0.284822 3.097020
v -4.772335 0.140709 2.977387
v -4.932247 0.140709 3.276769
v -4.784793 0.284822 3.282047
v -4.694441 0.136991 3.211392
v -5.157098 0.146723 3.083183
v -5.070720 0.290836 3.202805
v -4.932247 0.140709 3.276769
v -5.058267 0.146723 2.898156
v -4.910807 0.290836 2.903423
v -5.148613 0.294554 2.968800
v -4.772335 0.140709 2.977387
v -4.685962 0.284822 3.097020
v -4.910807 0.290836 2.903423
v -4.694441 0.136991 3.211392
v -4.784793 0.284822 3.282047
v -4.685962 0.284822 3.097020
v -4.932247 0.140709 3.276769
v -5.070720 0.290836 3.202805
v -4.784793 0.284822 3.282047
v -5.157098 0.146723 3.083183
v -5.148613 0.294554 2.968800
v -5.070720 0.290836 3.202805
v -4.910807 0.290836 2.903423
v -4.918527 0.379900 3.091699
v -5.148613 0.294554 2.968800
v -4.685962 0.284822 3.097020
v -4.918527 0.379900 3.091699
v -4.910807 0.290836 2.903423
v -4.784793 0.284822 3.282047
v -4.918527 0.379900 3.091699
v -4.685962 0.284822 3.097020
v -5.070720 0.290836 3.202805
v -4.918527 0.379900 3.091699
v -4.784793 0.284822 3.282047
v -5.148613 0.294554 2.968800
v -4.918527 0.379900 3.091699
v -5.070720 0.290836 3.202805
v -4.907781 0.048264 3.367348
v -5.178050 0.203411 3.244832
v -5.171033 0.215410 3.261489
v -4.920294 0.026844 3.337615
v -4.920294 0.026844 3.337615
v -5.170514 0.206711 3.226382
v -5.178050 0.203411 3.244832
v -4.906829 0.032733 3.304660
v -4.906829 0.032733 3.304660
v -5.155955 0.222009 3.224580
v -5.170514 0.206711 3.226382
v -4.880852 0.060049 3.301439
v -4.880852 0.060049 3.301439
v -5.148939 0.234001 3.241238
v -5.155955 0.222009 3.224580
v -4.868325 0.081470 3.331180
v -5.170514 0.206711 3.226382
v -5.171033 0.215410 3.261489
v -5.178050 0.203411 3.244832
v -5.148939 0.234001 3.241238
v -5.155955 0.222009 3.224580
v -5.156489 0.230702 3.259680
v -4.868325 0.081470 3.331180
v -5.156489 0.230702 3.259680
v -5.148939 0.234001 3.241238
v -4.881804 0.075574 3.364127
v -4.881804 0.075574 3.364127
v -5.171033 0.215410 3.261489
v -5.156489 0.230702 3.259680
v -4.907781 0.048264 3.367348
v -4.881804 0.075574 3.364127
v -4.920294 0.026844 3.337615
v -4.907781 0.048264 3.367348
v -4.880852 0.060049 3.301439
v -4.868325 0.081470 3.331180
v -4.906829 0.032733 3.304660
v -4.905352 0.028846 3.357181
v -5.050178 0.271107 3.520663
v -5.034428 0.264978 3.537771
v -4.933470 0.039795 3.326617
v -4.933470 0.039795 3.326617
v -5.044002 0.285283 3.507895
v -5.050178 0.271107 3.520663
v -4.922435 0.065103 3.303829
v -4.922435 0.065103 3.303829
v -5.022066 0.293323 3.512254
v -5.044002 0.285283 3.507895
v -4.883282 0.079468 3.311606
v -4.883282 0.079468 3.311606
v -5.006321 0.287193 3.529373
v -5.022066 0.293323 3.512254
v -4.855164 0.068519 3.342170
v -5.044002 0.285283 3.507895
v -5.034428 0.264978 3.537771
v -5.050178 0.271107 3.520663
v -5.006321 0.287193 3.529373
v -5.022066 0.293323 3.512254
v -5.012498 0.273018 3.542140
v -4.855164 0.068519 3.342170
v -5.012498 0.273018 3.542140
v -5.006321 0.287193 3.529373
v -4.866184 0.043204 3.364965
v -4.866184 0.043204 3.364965
v -5.034428 0.264978 3.537771
v -5.012498 0.273018 3.542140
v -4.905352 0.028846 3.357181
v -4.866184 0.043204 3.364965
v -4.933470 0.039795 3.326617
v -4.905352 0.028846 3.357181
v -4.883282 0.079468 3.311606
v -4.855164 0.068519 3.342170
v -4.922435 0.065103 3.303829
v -4.916696 0.042155 3.360232
v -4.724319 0.217182 3.548606
v -4.717168 0.200623 3.559784
v -4.929473 0.071728 3.340283
v -4.929473 0.071728 3.340283
v -4.711787 0.223902 3.534136
v -4.724319 0.217182 3.548606
v -4.907109 0.083727 3.314437
v -4.907109 0.083727 3.314437
v -4.692098 0.214063 3.530834
v -4.711787 0.223902 3.534136
v -4.871937 0.066159 3.308555
v -4.871937 0.066159 3.308555
v -4.684946 0.197504 3.542012
v -4.692098 0.214063 3.530834
v -4.859146 0.036585 3.328511
v -4.711787 0.223902 3.534136
v -4.717168 0.200623 3.559784
v -4.724319 0.217182 3.548606
v -4.684946 0.197504 3.542012
v -4.692098 0.214063 3.530834
v -4.697478 0.190784 3.556481
v -4.859146 0.036585 3.328511
v -4.697478 0.190784 3.556481
v -4.684946 0.197504 3.542012
v -4.881525 0.024587 3.354350
v -4.881525 0.024587 3.354350
v -4.717168 0.200623 3.559784
v -4.697478 0.190784 3.556481
v -4.916696 0.042155 3.360232
v -4.881525 0.024587 3.354350
v -4.929473 0.071728 3.340283
v -4.916696 0.042155 3.360232
v -4.871937 0.066159 3.308555
v -4.859146 0.036585 3.328511
v -4.907109 0.083727 3.314437
v -4.902232 0.072766 3.364319
v -4.654091 0.288342 3.274871
v -4.641165 0.284817 3.294311
v -4.925314 0.079055 3.329609
v -4.925314 0.079055 3.329609
v -4.649664 0.277920 3.258119
v -4.654091 0.288342 3.274871
v -4.917393 0.060449 3.299673
v -4.917393 0.060449 3.299673
v -4.632307 0.263979 3.260795
v -4.649664 0.277920 3.258119
v -4.886402 0.035548 3.304467
v -4.886402 0.035548 3.304467
v -4.619381 0.260454 3.280234
v -4.632307 0.263979 3.260795
v -4.863325 0.029259 3.339188
v -4.649664 0.277920 3.258119
v -4.641165 0.284817 3.294311
v -4.654091 0.288342 3.274871
v -4.619381 0.260454 3.280234
v -4.632307 0.263979 3.260795
v -4.623813 0.270876 3.296997
v -4.863325 0.029259 3.339188
v -4.623813 0.270876 3.296997
v -4.619381 0.260454 3.280234
v -4.871240 0.047864 3.369114
v -4.871240 0.047864 3.369114
v -4.641165 0.284817 3.294311
v -4.623813 0.270876 3.296997
v -4.902232 0.072766 3.364319
v -4.871240 0.047864 3.369114
v -4.925314 0.079055 3.329609
v -4.902232 0.072766 3.364319
v -4.886402 0.035548 3.304467
v -4.863325 0.029259 3.339188
v -4.917393 0.060449 3.299673
v -4.912575 0.079806 3.352105
v -4.945461 0.216378 3.088670
v -4.931752 0.230135 3.100019
v -4.937045 0.055242 3.331851
v -4.937045 0.055242 3.331851
v -4.935229 0.202015 3.078751
v -4.945461 0.216378 3.088670
v -4.918781 0.029590 3.314128
v -4.918781 0.029590 3.314128
v -4.911308 0.201404 3.080184
v -4.935229 0.202015 3.078751
v -4.876059 0.028501 3.316681
v -4.876059 0.028501 3.316681
v -4.897599 0.215167 3.091533
v -4.911308 0.201404 3.080184
v -4.851594 0.053072 3.336946
v -4.935229 0.202015 3.078751
v -4.931752 0.230135 3.100019
v -4.945461 0.216378 3.088670
v -4.897599 0.215167 3.091533
v -4.911308 0.201404 3.080184
v -4.907831 0.229530 3.101452
v -4.851594 0.053072 3.336946
v -4.907831 0.229530 3.101452
v -4.897599 0.215167 3.091533
v -4.869838 0.078724 3.354666
v -4.869838 0.078724 3.354666
v -4.931752 0.230135 3.100019
v -4.907831 0.229530 3.101452
v -4.912575 0.079806 3.352105
v -4.869838 0.078724 3.354666
v -4.937045 0.055242 3.331851
v -4.912575 0.079806 3.352105
v -4.876059 0.028501 3.316681
v -4.851594 0.053072 3.336946
v -4.918781 0.029590 3.314128
vn -0.5824 -0.5232 0.6222
vn -0.5824 -0.5233 0.6221
vn -0.4489 -0.8297 -0.3318
vn -0.4488 -0.8296 -0.3322
vn 0.1296 -0.2368 -0.9629
vn 0.5164 0.5769 -0.6328
vn 0.5164 0.5768 -0.6329
vn -0.7234 0.6676 -0.1761
vn -0.7233 0.6677 -0.1761
vn -0.7234 0.6677 -0.1760
vn -0.7235 0.6674 -0.1765
vn 0.3756 0.8735 0.3097
vn 0.3757 0.8735 0.3095
vn -0.1912 0.2923 0.9370
vn -0.1912 0.2924 0.9370
vn 0.7235 -0.6674 0.1763
vn 0.7232 -0.6678 0.1764
vn 0.7232 -0.6677 0.1764
vn 0.1239 -0.8502 -0.5117
vn -0.3672 -0.9092 -0.1962
vn 0.4141 -0.8974 -0.1521
vn 0.1039 -0.8974 0.4288
vn -0.3564 -0.8501 0.3876
vn -0.8415 -0.2996 -0.4495
vn 0.2556 -0.2272 -0.9397
vn 0.9069 -0.2892 -0.3064
vn 0.2496 -0.2891 0.9242
vn -0.6389 -0.2272 0.7350
vn -0.2496 0.2891 -0.9242
vn 0.6389 0.2272 -0.7350
vn 0.8416 0.2995 0.4495
vn -0.2556 0.2272 0.9397
vn -0.9069 0.2893 0.3062
vn -0.1038 0.8974 -0.4288
vn 0.3564 0.8502 -0.3876
vn 0.3672 0.9092 0.1962
vn -0.1239 0.8501 0.5118
vn -0.4141 0.8974 0.1521
vn -0.6612 -0.6491 0.3762
vn -0.6614 -0.6491 0.3759
vn -0.8787 -0.0447 -0.4754
vn -0.8787 -0.0447 -0.4752
vn -0.0885 0.6504 -0.7544
vn -0.0887 0.6503 -0.7545
vn 0.6268 0.7093 -0.3225
vn -0.3779 0.7051 0.6000
vn -0.3779 0.7050 0.6002
vn -0.3777 0.7053 0.5999
vn -0.3780 0.7051 0.6000
vn 0.8357 0.1187 0.5361
vn 0.8358 0.1188 0.5361
vn 0.0550 -0.5874 0.8074
vn 0.0549 -0.5875 0.8074
vn 0.3777 -0.7051 -0.6001
vn 0.3778 -0.7050 -0.6002
vn 0.3779 -0.7050 -0.6002
vn 0.3779 -0.7051 -0.6001
vn 0.1239 -0.8501 -0.5118
vn -0.3673 -0.9092 -0.1962
vn -0.3565 -0.8501 0.3876
vn 0.2560 -0.2270 -0.9397
vn -0.9069 0.2891 0.3065
vn -0.1039 0.8974 -0.4288
vn 0.3564 0.8501 -0.3876
vn 0.3673 0.9092 0.1962
vn -0.1240 0.8501 0.5118
vn -0.7475 0.1180 0.6536
vn -0.7475 0.1180 0.6537
vn -0.5307 0.8449 -0.0673
vn -0.5308 0.8448 -0.0671
vn 0.2414 0.7064 -0.6653
vn 0.2415 0.7063 -0.6654
vn 0.7959 -0.0628 -0.6022
vn 0.7958 -0.0623 -0.6024
vn 0.4223 0.6253 0.6562
vn 0.4224 0.6253 0.6562
vn 0.4225 0.6253 0.6561
vn 0.4225 0.6252 0.6563
vn 0.5815 -0.8030 0.1307
vn 0.5815 -0.8030 0.1308
vn -0.2058 -0.6557 0.7265
vn -0.2060 -0.6556 0.7265
vn -0.4221 -0.6252 -0.6565
vn -0.4224 -0.6254 -0.6561
vn -0.4223 -0.6254 -0.6562
vn -0.4222 -0.6257 -0.6559
vn -0.8416 -0.2995 -0.4495
vn -0.2493 0.2890 -0.9243
vn -0.9069 0.2891 0.3064
vn -0.4839 0.7465 0.4568
vn -0.4838 0.7464 0.4570
vn -0.5811 0.6132 -0.5350
vn -0.5810 0.6132 -0.5352
vn 0.0004 -0.1881 -0.9821
vn 0.0006 -0.1884 -0.9821
vn 0.5382 -0.6909 -0.4827
vn 0.5381 -0.6909 -0.4828
vn 0.6269 0.7250 -0.2854
vn 0.6266 0.7252 -0.2854
vn 0.6265 0.7254 -0.2851
vn 0.6268 0.7252 -0.2852
vn 0.6512 -0.5552 0.5174
vn 0.0539 0.2527 0.9660
vn 0.0537 0.2528 0.9660
vn -0.6267 -0.7252 0.2851
vn -0.6267 -0.7253 0.2851
vn -0.6267 -0.7252 0.2852
vn 0.9069 -0.2891 -0.3065
vn -0.2496 0.2892 -0.9242
vn 0.8415 0.2996 0.4495
vn -0.7922 0.4958 0.3559
vn -0.7923 0.4958 0.3556
vn -0.8624 -0.4352 -0.2586
vn -0.8623 -0.4353 -0.2586
vn 0.0148 -0.8061 -0.5916
vn 0.7915 -0.4312 -0.4332
vn 0.7916 -0.4310 -0.4331
vn 0.0629 0.5971 -0.7997
vn 0.0630 0.5971 -0.7997
vn 0.0630 0.5970 -0.7998
vn 0.0629 0.5969 -0.7998
vn 0.8540 0.4932 0.1656
vn 0.8541 0.4931 0.1655
vn -0.0087 0.8586 0.5127
vn -0.0090 0.8585 0.5127
vn -0.0630 -0.5968 0.7999
vn -0.0632 -0.5970 0.7998
vn -0.0628 -0.5971 0.7997
vn -0.0630 -0.5973 0.7996
vn 0.1038 -0.8974 0.4288
vn -0.3564 -0.8502 0.3876
vn 0.2496 -0.2892 0.9242
vn -0.2557 0.2272 0.9397
vn -0.9069 0.2892 0.3065
vn 0.3672 0.9092 0.1961
vn -0.1239 0.8502 0.5117
vt 1.000000 1.000015
vt 0.833310 1.000015
vt 1.000000 0.500008
vt 0.833310 0.500008
vt 0.666651 1.000015
vt 0.666651 0.500008
vt 0.499992 1.000015
vt 0.499992 0.500008
vt 0.333303 1.000015
vt 0.333303 0.500008
vt 0.457816 0.370001
vt 0.249989 0.490028
vt 0.457816 0.130007
vt 0.042130 0.130007
vt 0.249989 0.010010
vt 0.042130 0.370001
vt 0.166644 1.000015
vt 0.166644 0.500008
vt -0.000015 1.000015
vt -0.000015 0.500008
vt 0.749996 0.490028
vt 0.957824 0.370001
vt 0.542138 0.370001
vt 0.749996 0.010010
vt 0.542138 0.130007
vt 0.957824 0.130007
vt 0.272725 0.157473
vt 0.090898 0.157473
vt 0.181811 0.000000
vt 0.363607 0.000000
vt 0.454520 0.157473
vt 1.000000 0.157473
vt 0.818174 0.157473
vt 0.909087 0.000000
vt 0.636347 0.157473
vt 0.727260 0.000000
vt 0.545434 0.000000
vt 0.363607 0.314946
vt 0.181811 0.314946
vt 0.909087 0.314946
vt 0.727260 0.314946
vt 0.545434 0.314946
vt -0.000015 0.314946
vt 0.272725 0.472389
vt 0.090898 0.472389
vt 0.818174 0.472389
vt 0.636347 0.472389
vt 0.454520 0.472389
s 0
usemtl Material_1
f 1743/145/404 1742/146/404 1741/147/404
f 1742/146/405 1744/148/405 1741/147/405
f 1747/146/406 1746/149/406 1745/148/406
f 1746/149/407 1748/150/407 1745/148/407
f 1751/149/408 1750/151/408 1749/150/408
f 1750/151/408 1752/152/408 1749/150/408
f 1755/151/409 1754/153/409 1753/152/409
f 1754/153/410 1756/154/410 1753/152/410
f 1759/155/411 1758/156/411 1757/157/411
f 1760/158/412 1757/157/412 1758/156/412
f 1761/159/413 1757/157/413 1760/158/413
f 1762/160/414 1760/158/414 1758/156/414
f 1765/153/415 1764/161/415 1763/154/415
s 1
f 1764/161/416 1766/162/416 1763/154/416
s 0
f 1769/161/417 1768/163/417 1767/162/417
f 1768/163/418 1770/164/418 1767/162/418
f 1773/165/419 1772/166/419 1771/167/419
f 1774/168/419 1771/167/419 1772/166/419
f 1775/169/420 1771/167/420 1774/168/420
s 1
f 1776/170/421 1774/168/421 1772/166/421
s 0
f 1443/171/422 1442/172/422 1441/173/422
f 1446/174/423 1445/175/423 1444/171/423
f 1449/176/424 1448/177/424 1447/178/424
f 1452/177/425 1451/179/425 1450/180/425
f 1455/179/426 1454/175/426 1453/181/426
f 1458/175/427 1457/182/427 1456/171/427
f 1461/171/428 1460/183/428 1459/172/428
f 1464/176/429 1463/184/429 1462/177/429
f 1467/177/430 1466/185/430 1465/179/430
f 1470/179/431 1469/186/431 1468/175/431
f 1473/182/432 1472/183/432 1471/171/432
f 1476/183/433 1475/187/433 1474/172/433
f 1479/184/434 1478/185/434 1477/177/434
f 1482/185/435 1481/186/435 1480/179/435
f 1485/186/436 1484/182/436 1483/175/436
f 1488/182/437 1487/188/437 1486/183/437
f 1491/183/438 1490/189/438 1489/187/438
f 1494/184/439 1493/190/439 1492/185/439
f 1497/185/440 1496/191/440 1495/186/440
f 1500/186/441 1499/192/441 1498/182/441
f 1779/145/442 1778/146/442 1777/147/442
f 1778/146/443 1780/148/443 1777/147/443
f 1783/146/444 1782/149/444 1781/148/444
f 1782/149/445 1784/150/445 1781/148/445
f 1787/149/446 1786/151/446 1785/150/446
f 1786/151/447 1788/152/447 1785/150/447
f 1791/151/448 1790/153/448 1789/152/448
f 1790/153/448 1792/154/448 1789/152/448
s 1
f 1795/155/449 1794/156/449 1793/157/449
s 0
f 1796/158/450 1793/157/450 1794/156/450
f 1797/159/451 1793/157/451 1796/158/451
f 1798/160/452 1796/158/452 1794/156/452
f 1801/153/453 1800/161/453 1799/154/453
f 1800/161/454 1802/162/454 1799/154/454
s 1
f 1805/161/455 1804/163/455 1803/162/455
s 0
f 1804/163/456 1806/164/456 1803/162/456
f 1809/165/457 1808/166/457 1807/167/457
f 1810/168/458 1807/167/458 1808/166/458
f 1811/169/459 1807/167/459 1810/168/459
f 1812/170/460 1810/168/460 1808/166/460
f 1503/171/461 1502/172/461 1501/173/461
f 1506/174/462 1505/175/462 1504/171/462
f 1509/176/424 1508/177/424 1507/178/424
f 1512/177/425 1511/179/425 1510/180/425
f 1515/179/463 1514/175/463 1513/181/463
f 1518/175/427 1517/182/427 1516/171/427
s 1
f 1521/171/464 1520/183/464 1519/172/464
s 0
f 1524/176/429 1523/184/429 1522/177/429
f 1527/177/430 1526/185/430 1525/179/430
f 1530/179/431 1529/186/431 1528/175/431
s 1
f 1533/182/432 1532/183/432 1531/171/432
s 0
f 1536/183/433 1535/187/433 1534/172/433
f 1539/184/434 1538/185/434 1537/177/434
f 1542/185/435 1541/186/435 1540/179/435
f 1545/186/465 1544/182/465 1543/175/465
f 1548/182/466 1547/188/466 1546/183/466
f 1551/183/467 1550/189/467 1549/187/467
f 1554/184/468 1553/190/468 1552/185/468
f 1557/185/469 1556/191/469 1555/186/469
f 1560/186/441 1559/192/441 1558/182/441
f 1815/145/470 1814/146/470 1813/147/470
f 1814/146/471 1816/148/471 1813/147/471
f 1819/146/472 1818/149/472 1817/148/472
f 1818/149/473 1820/150/473 1817/148/473
f 1823/149/474 1822/151/474 1821/150/474
f 1822/151/475 1824/152/475 1821/150/475
f 1827/151/476 1826/153/476 1825/152/476
f 1826/153/477 1828/154/477 1825/152/477
f 1831/155/478 1830/156/478 1829/157/478
f 1832/158/479 1829/157/479 1830/156/479
f 1833/159/480 1829/157/480 1832/158/480
f 1834/160/481 1832/158/481 1830/156/481
f 1837/153/482 1836/161/482 1835/154/482
f 1836/161/483 1838/162/483 1835/154/483
f 1841/161/484 1840/163/484 1839/162/484
f 1840/163/485 1842/164/485 1839/162/485
f 1845/165/486 1844/166/486 1843/167/486
f 1846/168/487 1843/167/487 1844/166/487
f 1847/169/488 1843/167/488 1846/168/488
f 1848/170/489 1846/168/489 1844/166/489
f 1563/171/422 1562/172/422 1561/173/422
f 1566/174/423 1565/175/423 1564/171/423
f 1569/176/424 1568/177/424 1567/178/424
f 1572/177/425 1571/179/425 1570/180/425
f 1575/179/426 1574/175/426 1573/181/426
f 1578/175/490 1577/182/490 1576/171/490
f 1581/171/428 1580/183/428 1579/172/428
f 1584/176/429 1583/184/429 1582/177/429
f 1587/177/430 1586/185/430 1585/179/430
f 1590/179/431 1589/186/431 1588/175/431
f 1593/182/491 1592/183/491 1591/171/491
f 1596/183/433 1595/187/433 1594/172/433
f 1599/184/434 1598/185/434 1597/177/434
f 1602/185/435 1601/186/435 1600/179/435
s 1
f 1605/186/492 1604/182/492 1603/175/492
s 0
f 1608/182/466 1607/188/466 1606/183/466
f 1611/183/438 1610/189/438 1609/187/438
f 1614/184/439 1613/190/439 1612/185/439
f 1617/185/440 1616/191/440 1615/186/440
f 1620/186/441 1619/192/441 1618/182/441
f 1851/145/493 1850/146/493 1849/147/493
f 1850/146/494 1852/148/494 1849/147/494
f 1855/146/495 1854/149/495 1853/148/495
f 1854/149/496 1856/150/496 1853/148/496
f 1859/149/497 1858/151/497 1857/150/497
f 1858/151/498 1860/152/498 1857/150/498
s 1
f 1863/151/499 1862/153/499 1861/152/499
s 0
f 1862/153/500 1864/154/500 1861/152/500
f 1867/155/501 1866/156/501 1865/157/501
f 1868/158/502 1865/157/502 1866/156/502
f 1869/159/503 1865/157/503 1868/158/503
f 1870/160/504 1868/158/504 1866/156/504
f 1873/153/505 1872/161/505 1871/154/505
f 1872/161/505 1874/162/505 1871/154/505
f 1877/161/506 1876/163/506 1875/162/506
f 1876/163/507 1878/164/507 1875/162/507
f 1881/165/508 1880/166/508 1879/167/508
f 1882/168/509 1879/167/509 1880/166/509
f 1883/169/508 1879/167/508 1882/168/508
f 1884/170/510 1882/168/510 1880/166/510
f 1623/171/461 1622/172/461 1621/173/461
f 1626/174/462 1625/175/462 1624/171/462
f 1629/176/424 1628/177/424 1627/178/424
f 1632/177/425 1631/179/425 1630/180/425
f 1635/179/463 1634/175/463 1633/181/463
f 1638/175/490 1637/182/490 1636/171/490
f 1641/171/428 1640/183/428 1639/172/428
f 1644/176/511 1643/184/511 1642/177/511
f 1647/177/430 1646/185/430 1645/179/430
f 1650/179/431 1649/186/431 1648/175/431
f 1653/182/512 1652/183/512 1651/171/512
f 1656/183/433 1655/187/433 1654/172/433
f 1659/184/513 1658/185/513 1657/177/513
f 1662/185/435 1661/186/435 1660/179/435
f 1665/186/492 1664/182/492 1663/175/492
f 1668/182/466 1667/188/466 1666/183/466
s 1
f 1671/183/438 1670/189/438 1669/187/438
s 0
f 1674/184/439 1673/190/439 1672/185/439
f 1677/185/440 1676/191/440 1675/186/440
f 1680/186/441 1679/192/441 1678/182/441
f 1887/145/514 1886/146/514 1885/147/514
f 1886/146/515 1888/148/515 1885/147/515
f 1891/146/516 1890/149/516 1889/148/516
s 1
f 1890/149/517 1892/150/517 1889/148/517
s 0
f 1895/149/518 1894/151/518 1893/150/518
f 1894/151/518 1896/152/518 1893/150/518
f 1899/151/519 1898/153/519 1897/152/519
f 1898/153/520 1900/154/520 1897/152/520
f 1903/155/521 1902/156/521 1901/157/521
f 1904/158/522 1901/157/522 1902/156/522
f 1905/159/523 1901/157/523 1904/158/523
f 1906/160/524 1904/158/524 1902/156/524
s 1
f 1909/153/525 1908/161/525 1907/154/525
s 0
f 1908/161/526 1910/162/526 1907/154/526
f 1913/161/527 1912/163/527 1911/162/527
f 1912/163/528 1914/164/528 1911/162/528
f 1917/165/529 1916/166/529 1915/167/529
f 1918/168/530 1915/167/530 1916/166/530
f 1919/169/531 1915/167/531 1918/168/531
f 1920/170/532 1918/168/532 1916/166/532
f 1683/171/461 1682/172/461 1681/173/461
f 1686/174/423 1685/175/423 1684/171/423
f 1689/176/424 1688/177/424 1687/178/424
f 1692/177/533 1691/179/533 1690/180/533
f 1695/179/534 1694/175/534 1693/181/534
f 1698/175/490 1697/182/490 1696/171/490
f 1701/171/428 1700/183/428 1699/172/428
f 1704/176/511 1703/184/511 1702/177/511
f 1707/177/535 1706/185/535 1705/179/535
f 1710/179/431 1709/186/431 1708/175/431
f 1713/182/432 1712/183/432 1711/171/432
f 1716/183/433 1715/187/433 1714/172/433
f 1719/184/434 1718/185/434 1717/177/434
f 1722/185/536 1721/186/536 1720/179/536
f 1725/186/537 1724/182/537 1723/175/537
f 1728/182/466 1727/188/466 1726/183/466
f 1731/183/438 1730/189/438 1729/187/438
f 1734/184/538 1733/190/538 1732/185/538
f 1737/185/539 1736/191/539 1735/186/539
f 1740/186/441 1739/192/441 1738/182/441
o deadBrushInstances_0014
v 3.586734 0.031111 -1.717871
v 3.876840 0.175703 -1.795252
v 3.593355 0.149982 -2.039929
v 3.593355 0.149982 -2.039929
v 3.293454 0.149982 -1.851082
v 3.586734 0.031111 -1.717871
v 3.586734 0.031111 -1.717871
v 3.752142 0.191599 -1.455192
v 3.876840 0.175703 -1.795252
v 3.586734 0.031111 -1.717871
v 3.391587 0.175703 -1.489689
v 3.752142 0.191599 -1.455192
v 3.586734 0.031111 -1.717871
v 3.293454 0.149982 -1.851082
v 3.391587 0.175703 -1.489689
v 3.593355 0.149982 -2.039929
v 3.402277 0.368047 -2.010799
v 3.293454 0.149982 -1.851082
v 3.876840 0.175703 -1.795252
v 3.762844 0.383945 -1.976285
v 3.593355 0.149982 -2.039929
v 3.752142 0.191599 -1.455192
v 3.860993 0.409666 -1.614902
v 3.876840 0.175703 -1.795252
v 3.391587 0.175703 -1.489689
v 3.561092 0.409666 -1.426055
v 3.752142 0.191599 -1.455192
v 3.293454 0.149982 -1.851082
v 3.277590 0.383945 -1.670722
v 3.391587 0.175703 -1.489689
v 3.593355 0.149982 -2.039929
v 3.762844 0.383945 -1.976285
v 3.402277 0.368047 -2.010799
v 3.876840 0.175703 -1.795252
v 3.860993 0.409666 -1.614902
v 3.762844 0.383945 -1.976285
v 3.752142 0.191599 -1.455192
v 3.561092 0.409666 -1.426055
v 3.860993 0.409666 -1.614902
v 3.391587 0.175703 -1.489689
v 3.277590 0.383945 -1.670722
v 3.561092 0.409666 -1.426055
v 3.293454 0.149982 -1.851082
v 3.402277 0.368047 -2.010799
v 3.277590 0.383945 -1.670722
v 3.762844 0.383945 -1.976285
v 3.567696 0.528537 -1.748104
v 3.402277 0.368047 -2.010799
v 3.860993 0.409666 -1.614902
v 3.567696 0.528537 -1.748104
v 3.762844 0.383945 -1.976285
v 3.561092 0.409666 -1.426055
v 3.567696 0.528537 -1.748104
v 3.860993 0.409666 -1.614902
v 3.277590 0.383945 -1.670722
v 3.567696 0.528537 -1.748104
v 3.561092 0.409666 -1.426055
v 3.402277 0.368047 -2.010799
v 3.567696 0.528537 -1.748104
v 3.277590 0.383945 -1.670722
v 3.483718 0.152869 -1.294889
v 3.773824 0.297471 -1.372270
v 3.490339 0.271750 -1.616948
v 3.490339 0.271750 -1.616948
v 3.190438 0.271750 -1.428101
v 3.483718 0.152869 -1.294889
v 3.483718 0.152869 -1.294889
v 3.649126 0.313367 -1.032211
v 3.773824 0.297471 -1.372270
v 3.483718 0.152869 -1.294889
v 3.288588 0.297471 -1.066718
v 3.649126 0.313367 -1.032211
v 3.483718 0.152869 -1.294889
v 3.190438 0.271750 -1.428101
v 3.288588 0.297471 -1.066718
v 3.490339 0.271750 -1.616948
v 3.299262 0.489806 -1.587818
v 3.190438 0.271750 -1.428101
v 3.773824 0.297471 -1.372270
v 3.659828 0.505703 -1.553304
v 3.490339 0.271750 -1.616948
v 3.649126 0.313367 -1.032211
v 3.757978 0.531424 -1.191921
v 3.773824 0.297471 -1.372270
v 3.288588 0.297471 -1.066718
v 3.458077 0.531424 -1.003074
v 3.649126 0.313367 -1.032211
v 3.190438 0.271750 -1.428101
v 3.174592 0.505703 -1.247751
v 3.288588 0.297471 -1.066718
v 3.490339 0.271750 -1.616948
v 3.659828 0.505703 -1.553304
v 3.299262 0.489806 -1.587818
v 3.773824 0.297471 -1.372270
v 3.757978 0.531424 -1.191921
v 3.659828 0.505703 -1.553304
v 3.649126 0.313367 -1.032211
v 3.458077 0.531424 -1.003074
v 3.757978 0.531424 -1.191921
v 3.288588 0.297471 -1.066718
v 3.174592 0.505703 -1.247751
v 3.458077 0.531424 -1.003074
v 3.190438 0.271750 -1.428101
v 3.299262 0.489806 -1.587818
v 3.174592 0.505703 -1.247751
v 3.659828 0.505703 -1.553304
v 3.464680 0.650305 -1.325122
v 3.299262 0.489806 -1.587818
v 3.757978 0.531424 -1.191921
v 3.464680 0.650305 -1.325122
v 3.659828 0.505703 -1.553304
v 3.458077 0.531424 -1.003074
v 3.464680 0.650305 -1.325122
v 3.757978 0.531424 -1.191921
v 3.174592 0.505703 -1.247751
v 3.464680 0.650305 -1.325122
v 3.458077 0.531424 -1.003074
v 3.299262 0.489806 -1.587818
v 3.464680 0.650305 -1.325122
v 3.174592 0.505703 -1.247751
v 3.875229 0.079717 -1.099814
v 4.165336 0.224309 -1.177195
v 3.881850 0.198588 -1.421873
v 3.881850 0.198588 -1.421873
v 3.581949 0.198588 -1.233026
v 3.875229 0.079717 -1.099814
v 3.875229 0.079717 -1.099814
v 4.040637 0.240205 -0.837135
v 4.165336 0.224309 -1.177195
v 3.875229 0.079717 -1.099814
v 3.680082 0.224309 -0.871632
v 4.040637 0.240205 -0.837135
v 3.875229 0.079717 -1.099814
v 3.581949 0.198588 -1.233026
v 3.680082 0.224309 -0.871632
v 3.881850 0.198588 -1.421873
v 3.690784 0.416655 -1.392726
v 3.581949 0.198588 -1.233026
v 4.165336 0.224309 -1.177195
v 4.051339 0.432551 -1.358229
v 3.881850 0.198588 -1.421873
v 4.040637 0.240205 -0.837135
v 4.149488 0.458272 -0.996846
v 4.165336 0.224309 -1.177195
v 3.680082 0.224309 -0.871632
v 3.849588 0.458272 -0.807999
v 4.040637 0.240205 -0.837135
v 3.581949 0.198588 -1.233026
v 3.566085 0.432551 -1.052666
v 3.680082 0.224309 -0.871632
v 3.881850 0.198588 -1.421873
v 4.051339 0.432551 -1.358229
v 3.690784 0.416655 -1.392726
v 4.165336 0.224309 -1.177195
v 4.149488 0.458272 -0.996846
v 4.051339 0.432551 -1.358229
v 4.040637 0.240205 -0.837135
v 3.849588 0.458272 -0.807999
v 4.149488 0.458272 -0.996846
v 3.680082 0.224309 -0.871632
v 3.566085 0.432551 -1.052666
v 3.849588 0.458272 -0.807999
v 3.581949 0.198588 -1.233026
v 3.690784 0.416655 -1.392726
v 3.566085 0.432551 -1.052666
v 4.051339 0.432551 -1.358229
v 3.856192 0.577143 -1.130047
v 3.690784 0.416655 -1.392726
v 4.149488 0.458272 -0.996846
v 3.856192 0.577143 -1.130047
v 4.051339 0.432551 -1.358229
v 3.849588 0.458272 -0.807999
v 3.856192 0.577143 -1.130047
v 4.149488 0.458272 -0.996846
v 3.566085 0.432551 -1.052666
v 3.856192 0.577143 -1.130047
v 3.849588 0.458272 -0.807999
v 3.690784 0.416655 -1.392726
v 3.856192 0.577143 -1.130047
v 3.566085 0.432551 -1.052666
v 4.210245 0.173189 -1.418059
v 4.500351 0.317791 -1.495441
v 4.216866 0.292070 -1.740118
v 4.216866 0.292070 -1.740118
v 3.916964 0.292070 -1.551271
v 4.210245 0.173189 -1.418059
v 4.210245 0.173189 -1.418059
v 4.375663 0.333688 -1.155364
v 4.500351 0.317791 -1.495441
v 4.210245 0.173189 -1.418059
v 4.015097 0.317791 -1.189878
v 4.375663 0.333688 -1.155364
v 4.210245 0.173189 -1.418059
v 3.916964 0.292070 -1.551271
v 4.015097 0.317791 -1.189878
v 4.216866 0.292070 -1.740118
v 4.025799 0.510127 -1.710971
v 3.916964 0.292070 -1.551271
v 4.500351 0.317791 -1.495441
v 4.386354 0.526023 -1.676474
v 4.216866 0.292070 -1.740118
v 4.375663 0.333688 -1.155364
v 4.484504 0.551744 -1.315091
v 4.500351 0.317791 -1.495441
v 4.015097 0.317791 -1.189878
v 4.184603 0.551744 -1.126244
v 4.375663 0.333688 -1.155364
v 3.916964 0.292070 -1.551271
v 3.901101 0.526023 -1.370911
v 4.015097 0.317791 -1.189878
v 4.216866 0.292070 -1.740118
v 4.386354 0.526023 -1.676474
v 4.025799 0.510127 -1.710971
v 4.500351 0.317791 -1.495441
v 4.484504 0.551744 -1.315091
v 4.386354 0.526023 -1.676474
v 4.375663 0.333688 -1.155364
v 4.184603 0.551744 -1.126244
v 4.484504 0.551744 -1.315091
v 4.015097 0.317791 -1.189878
v 3.901101 0.526023 -1.370911
v 4.184603 0.551744 -1.126244
v 3.916964 0.292070 -1.551271
v 4.025799 0.510127 -1.710971
v 3.901101 0.526023 -1.370911
v 4.386354 0.526023 -1.676474
v 4.191207 0.670615 -1.448292
v 4.025799 0.510127 -1.710971
v 4.484504 0.551744 -1.315091
v 4.191207 0.670615 -1.448292
v 4.386354 0.526023 -1.676474
v 4.184603 0.551744 -1.126244
v 4.191207 0.670615 -1.448292
v 4.484504 0.551744 -1.315091
v 3.901101 0.526023 -1.370911
v 4.191207 0.670615 -1.448292
v 4.184603 0.551744 -1.126244
v 4.025799 0.510127 -1.710971
v 4.191207 0.670615 -1.448292
v 3.901101 0.526023 -1.370911
v 4.035758 0.043669 -1.794003
v 4.325864 0.188261 -1.871384
v 4.042362 0.162540 -2.116051
v 4.042362 0.162540 -2.116051
v 3.742461 0.162540 -1.927204
v 4.035758 0.043669 -1.794003
v 4.035758 0.043669 -1.794003
v 4.201177 0.204158 -1.531307
v 4.325864 0.188261 -1.871384
v 4.035758 0.043669 -1.794003
v 3.840611 0.188261 -1.565821
v 4.201177 0.204158 -1.531307
v 4.035758 0.043669 -1.794003
v 3.742461 0.162540 -1.927204
v 3.840611 0.188261 -1.565821
v 4.042362 0.162540 -2.116051
v 3.851312 0.380607 -2.086915
v 3.742461 0.162540 -1.927204
v 4.325864 0.188261 -1.871384
v 4.211878 0.396504 -2.052401
v 4.042362 0.162540 -2.116051
v 4.201177 0.204158 -1.531307
v 4.310011 0.422225 -1.691007
v 4.325864 0.188261 -1.871384
v 3.840611 0.188261 -1.565821
v 4.010110 0.422225 -1.502160
v 4.201177 0.204158 -1.531307
v 3.742461 0.162540 -1.927204
v 3.726625 0.396504 -1.746838
v 3.840611 0.188261 -1.565821
v 4.042362 0.162540 -2.116051
v 4.211878 0.396504 -2.052401
v 3.851312 0.380607 -2.086915
v 4.325864 0.188261 -1.871384
v 4.310011 0.422225 -1.691007
v 4.211878 0.396504 -2.052401
v 4.201177 0.204158 -1.531307
v 4.010110 0.422225 -1.502160
v 4.310011 0.422225 -1.691007
v 3.840611 0.188261 -1.565821
v 3.726625 0.396504 -1.746838
v 4.010110 0.422225 -1.502160
v 3.742461 0.162540 -1.927204
v 3.851312 0.380607 -2.086915
v 3.726625 0.396504 -1.746838
v 4.211878 0.396504 -2.052401
v 4.016720 0.541095 -1.824236
v 3.851312 0.380607 -2.086915
v 4.310011 0.422225 -1.691007
v 4.016720 0.541095 -1.824236
v 4.211878 0.396504 -2.052401
v 4.010110 0.422225 -1.502160
v 4.016720 0.541095 -1.824236
v 4.310011 0.422225 -1.691007
v 3.726625 0.396504 -1.746838
v 4.016720 0.541095 -1.824236
v 4.010110 0.422225 -1.502160
v 3.851312 0.380607 -2.086915
v 4.016720 0.541095 -1.824236
v 3.726625 0.396504 -1.746838
v 3.791741 0.056133 -1.426653
v 3.558364 0.255238 -1.736173
v 3.550455 0.275078 -1.712629
v 3.805874 0.020714 -1.468672
v 3.805874 0.020714 -1.468672
v 3.585124 0.259984 -1.756531
v 3.558364 0.255238 -1.736173
v 3.853680 0.029185 -1.505034
v 3.853680 0.029185 -1.505034
v 3.603993 0.284570 -1.753356
v 3.585124 0.259984 -1.756531
v 3.887351 0.073084 -1.499376
v 3.887351 0.073084 -1.499376
v 3.596084 0.304400 -1.729811
v 3.603993 0.284570 -1.753356
v 3.873229 0.108503 -1.457340
v 3.585124 0.259984 -1.756531
v 3.550455 0.275078 -1.712629
v 3.558364 0.255238 -1.736173
v 3.596084 0.304400 -1.729811
v 3.603993 0.284570 -1.753356
v 3.569313 0.299653 -1.709470
v 3.873229 0.108503 -1.457340
v 3.569313 0.299653 -1.709470
v 3.596084 0.304400 -1.729811
v 3.825413 0.100022 -1.420995
v 3.825413 0.100022 -1.420995
v 3.550455 0.275078 -1.712629
v 3.569313 0.299653 -1.709470
v 3.791741 0.056133 -1.426653
v 3.825413 0.100022 -1.420995
v 3.805874 0.020714 -1.468672
v 3.791741 0.056133 -1.426653
v 3.887351 0.073084 -1.499376
v 3.873229 0.108503 -1.457340
v 3.853680 0.029185 -1.505034
v 3.805849 0.026436 -1.436311
v 3.451424 0.386845 -1.325596
v 3.455333 0.380213 -1.295070
v 3.798891 0.038287 -1.490837
v 3.798891 0.038287 -1.490837
v 3.470297 0.408223 -1.340560
v 3.451424 0.386845 -1.325596
v 3.832587 0.076454 -1.517540
v 3.832587 0.076454 -1.517540
v 3.493072 0.422960 -1.324969
v 3.470297 0.408223 -1.340560
v 3.873243 0.102780 -1.489718
v 3.873243 0.102780 -1.489718
v 3.496964 0.416327 -1.294432
v 3.493072 0.422960 -1.324969
v 3.880201 0.090929 -1.435192
v 3.470297 0.408223 -1.340560
v 3.455333 0.380213 -1.295070
v 3.451424 0.386845 -1.325596
v 3.496964 0.416327 -1.294432
v 3.493072 0.422960 -1.324969
v 3.478092 0.394949 -1.279468
v 3.880201 0.090929 -1.435192
v 3.478092 0.394949 -1.279468
v 3.496964 0.416327 -1.294432
v 3.846516 0.052754 -1.408471
v 3.846516 0.052754 -1.408471
v 3.455333 0.380213 -1.295070
v 3.478092 0.394949 -1.279468
v 3.805849 0.026436 -1.436311
v 3.846516 0.052754 -1.408471
v 3.798891 0.038287 -1.490837
v 3.805849 0.026436 -1.436311
v 3.873243 0.102780 -1.489718
v 3.880201 0.090929 -1.435192
v 3.832587 0.076454 -1.517540
v 3.787773 0.045541 -1.439539
v 3.837199 0.341414 -1.121598
v 3.836717 0.317754 -1.101784
v 3.788612 0.087795 -1.474909
v 3.788612 0.087795 -1.474909
v 3.866192 0.352089 -1.134744
v 3.837199 0.341414 -1.121598
v 3.840375 0.106856 -1.498401
v 3.840375 0.106856 -1.498401
v 3.894721 0.339106 -1.128087
v 3.866192 0.352089 -1.134744
v 3.891319 0.083676 -1.486490
v 3.891319 0.083676 -1.486490
v 3.894239 0.315446 -1.108274
v 3.894721 0.339106 -1.128087
v 3.890491 0.041422 -1.451102
v 3.866192 0.352089 -1.134744
v 3.836717 0.317754 -1.101784
v 3.837199 0.341414 -1.121598
v 3.894239 0.315446 -1.108274
v 3.894721 0.339106 -1.128087
v 3.865246 0.304770 -1.095128
v 3.890491 0.041422 -1.451102
v 3.865246 0.304770 -1.095128
v 3.894239 0.315446 -1.108274
v 3.838717 0.022360 -1.427627
v 3.838717 0.022360 -1.427627
v 3.836717 0.317754 -1.101784
v 3.865246 0.304770 -1.095128
v 3.787773 0.045541 -1.439539
v 3.838717 0.022360 -1.427627
v 3.788612 0.087795 -1.474909
v 3.787773 0.045541 -1.439539
v 3.891319 0.083676 -1.486490
v 3.890491 0.041422 -1.451102
v 3.840375 0.106856 -1.498401
v 3.799824 0.093617 -1.430578
v 4.180530 0.441009 -1.446840
v 4.178494 0.438149 -1.415016
v 3.803456 0.098716 -1.487404
v 3.803456 0.098716 -1.487404
v 4.202762 0.424762 -1.465000
v 4.180530 0.441009 -1.446840
v 3.843195 0.069713 -1.519851
v 3.843195 0.069713 -1.519851
v 4.222974 0.405664 -1.451346
v 4.202762 0.424762 -1.465000
v 3.879268 0.035599 -1.495450
v 3.879268 0.035599 -1.495450
v 4.220939 0.402804 -1.419522
v 4.222974 0.405664 -1.451346
v 3.875619 0.030500 -1.438614
v 4.202762 0.424762 -1.465000
v 4.178494 0.438149 -1.415016
v 4.180530 0.441009 -1.446840
v 4.220939 0.402804 -1.419522
v 4.222974 0.405664 -1.451346
v 4.198690 0.419051 -1.401351
v 3.875619 0.030500 -1.438614
v 4.198690 0.419051 -1.401351
v 4.220939 0.402804 -1.419522
v 3.835897 0.059504 -1.406178
v 3.835897 0.059504 -1.406178
v 4.178494 0.438149 -1.415016
v 4.198690 0.419051 -1.401351
v 3.799824 0.093617 -1.430578
v 3.835897 0.059504 -1.406178
v 3.803456 0.098716 -1.487404
v 3.799824 0.093617 -1.430578
v 3.879268 0.035599 -1.495450
v 3.875619 0.030500 -1.438614
v 3.843195 0.069713 -1.519851
v 3.797971 0.102479 -1.452227
v 3.997555 0.290679 -1.822908
v 4.002958 0.313589 -1.803064
v 3.788323 0.061573 -1.487640
v 3.788323 0.061573 -1.487640
v 4.020846 0.269473 -1.828945
v 3.997555 0.290679 -1.822908
v 3.829915 0.023698 -1.498438
v 3.829915 0.023698 -1.498438
v 4.049514 0.271167 -1.815146
v 4.020846 0.269473 -1.828945
v 3.881121 0.026728 -1.473801
v 3.881121 0.026728 -1.473801
v 4.054917 0.294086 -1.795303
v 4.049514 0.271167 -1.815146
v 3.890752 0.067643 -1.438378
v 4.020846 0.269473 -1.828945
v 4.002958 0.313589 -1.803064
v 3.997555 0.290679 -1.822908
v 4.054917 0.294086 -1.795303
v 4.049514 0.271167 -1.815146
v 4.031626 0.315292 -1.789266
v 3.890752 0.067643 -1.438378
v 4.031626 0.315292 -1.789266
v 4.054917 0.294086 -1.795303
v 3.849188 0.105520 -1.427574
v 3.849188 0.105520 -1.427574
v 4.002958 0.313589 -1.803064
v 4.031626 0.315292 -1.789266
v 3.797971 0.102479 -1.452227
v 3.849188 0.105520 -1.427574
v 3.788323 0.061573 -1.487640
v 3.797971 0.102479 -1.452227
v 3.881121 0.026728 -1.473801
v 3.890752 0.067643 -1.438378
v 3.829915 0.023698 -1.498438
vn -0.7863 -0.5767 0.2218
vn -0.7862 -0.5768 0.2218
vn -0.2382 -0.8288 -0.5063
vn -0.2379 -0.8287 -0.5065
vn 0.5112 -0.2877 -0.8099
vn 0.7243 0.6277 -0.2854
vn 0.7243 0.6276 -0.2855
vn -0.5733 0.5215 -0.6320
vn -0.5732 0.5216 -0.6320
vn -0.5733 0.5216 -0.6319
vn -0.5731 0.5212 -0.6323
vn 0.1827 0.8769 0.4446
vn 0.1829 0.8769 0.4445
vn -0.5721 0.3428 0.7451
vn 0.5732 -0.5213 0.6322
vn 0.5733 -0.5213 0.6322
vn 0.5730 -0.5217 0.6321
vn 0.5730 -0.5216 0.6321
vn 0.3538 -0.8798 -0.3175
vn -0.2154 -0.9147 -0.3420
vn 0.4811 -0.8496 0.2161
vn -0.0130 -0.8496 0.5273
vn -0.4392 -0.8798 0.1819
vn -0.5023 -0.3336 -0.7977
vn 0.6429 -0.2709 -0.7164
vn 0.9160 -0.2042 0.3454
vn -0.0843 -0.2042 0.9753
vn -0.9239 -0.2709 0.2702
vn 0.0844 0.2042 -0.9753
vn 0.9239 0.2709 -0.2702
vn 0.5023 0.3335 0.7978
vn -0.6429 0.2709 0.7165
vn -0.9159 0.2044 -0.3456
vn 0.0130 0.8496 -0.5272
vn 0.4392 0.8798 -0.1819
vn 0.2154 0.9147 0.3420
vn -0.3538 0.8798 0.3175
vn -0.4811 0.8496 -0.2161
vn -0.7206 -0.6909 -0.0578
vn -0.7207 -0.6908 -0.0582
vn -0.5254 -0.1249 -0.8417
vn -0.5255 -0.1249 -0.8416
vn 0.1571 0.5929 -0.7898
vn 0.1568 0.5927 -0.7900
vn 0.6617 0.7457 0.0776
vn -0.6381 0.7315 0.2402
vn -0.6382 0.7314 0.2404
vn -0.6379 0.7317 0.2402
vn -0.6382 0.7315 0.2401
vn 0.4734 0.1850 0.8612
vn -0.2121 -0.5362 0.8170
vn -0.2122 -0.5363 0.8169
vn 0.6380 -0.7315 -0.2404
vn 0.6381 -0.7315 -0.2405
vn 0.6382 -0.7314 -0.2404
vn 0.6381 -0.7315 -0.2403
vn -0.2154 -0.9147 -0.3421
vn 0.6433 -0.2706 -0.7162
vn -0.6429 0.2709 0.7164
vn -0.9160 0.2042 -0.3454
vn 0.0130 0.8496 -0.5273
vn 0.2154 0.9147 0.3421
vn -0.3539 0.8798 0.3175
vn -0.9936 0.0837 0.0764
vn -0.9935 0.0838 0.0765
vn -0.4839 0.7411 -0.4654
vn -0.4841 0.7410 -0.4653
vn 0.4513 0.7247 -0.5207
vn 0.4515 0.7246 -0.5207
vn 0.9998 -0.0177 0.0031
vn 0.9998 -0.0172 0.0028
vn 0.1115 0.6367 0.7630
vn 0.1116 0.6366 0.7630
vn 0.1117 0.6367 0.7630
vn 0.1116 0.6365 0.7631
vn 0.4953 -0.6812 0.5391
vn -0.4430 -0.6655 0.6006
vn -0.4432 -0.6655 0.6006
vn -0.1112 -0.6366 -0.7631
vn -0.1116 -0.6367 -0.7630
vn -0.1115 -0.6368 -0.7629
vn -0.1115 -0.6371 -0.7627
vn -0.5023 -0.3335 -0.7978
vn 0.0846 0.2041 -0.9753
vn -0.6734 0.7390 0.0230
vn -0.6733 0.7390 0.0233
vn -0.3323 0.4634 -0.8215
vn -0.3321 0.4634 -0.8215
vn 0.3756 -0.2421 -0.8946
vn 0.3758 -0.2424 -0.8944
vn 0.7335 -0.6796 -0.0137
vn 0.7335 -0.6796 -0.0139
vn 0.6431 0.7579 0.1093
vn 0.6429 0.7581 0.1091
vn 0.6427 0.7583 0.1093
vn 0.6429 0.7581 0.1093
vn 0.3860 -0.4007 0.8309
vn 0.3860 -0.4006 0.8310
vn -0.3163 0.3072 0.8976
vn -0.3165 0.3073 0.8975
vn -0.6429 -0.7581 -0.1094
vn -0.6428 -0.7582 -0.1093
vn -0.6429 -0.7581 -0.1093
vn -0.0844 -0.2042 0.9753
vn 0.0843 0.2042 -0.9753
vn 0.5023 0.3336 0.7977
vn -0.8696 0.4241 -0.2529
vn -0.8695 0.4241 -0.2532
vn -0.5856 -0.4509 -0.6736
vn -0.5856 -0.4510 -0.6736
vn 0.2743 -0.8408 -0.4667
vn 0.2743 -0.8408 -0.4668
vn 0.9100 -0.3724 0.1823
vn 0.9101 -0.3722 0.1825
vn 0.3273 0.5734 -0.7511
vn 0.3274 0.5734 -0.7510
vn 0.3275 0.5732 -0.7511
vn 0.3274 0.5732 -0.7512
vn 0.6168 0.5048 0.6039
vn 0.6169 0.5047 0.6039
vn -0.2414 0.8873 0.3929
vn -0.2417 0.8873 0.3927
vn -0.3276 -0.5731 0.7512
vn -0.3276 -0.5733 0.7510
vn -0.3272 -0.5733 0.7512
vn -0.3273 -0.5735 0.7509
vn -0.0130 -0.8496 0.5272
vn 0.6429 -0.2709 -0.7165
vn -0.0843 -0.2043 0.9753
vn -0.9239 -0.2708 0.2702
vn -0.6429 0.2708 0.7164
vn -0.9160 0.2043 -0.3454
vn -0.3538 0.8798 0.3174
vt 1.000000 1.000015
vt 0.833310 1.000015
vt 1.000000 0.500008
vt 0.833310 0.500008
vt 0.666651 1.000015
vt 0.666651 0.500008
vt 0.499992 1.000015
vt 0.499992 0.500008
vt 0.333303 1.000015
vt 0.333303 0.500008
vt 0.457816 0.370001
vt 0.249989 0.490028
vt 0.457816 0.130007
vt 0.042130 0.130007
vt 0.249989 0.010010
vt 0.042130 0.370001
vt 0.166644 1.000015
vt 0.166644 0.500008
vt -0.000015 1.000015
vt -0.000015 0.500008
vt 0.749996 0.490028
vt 0.957824 0.370001
vt 0.542138 0.370001
vt 0.749996 0.010010
vt 0.542138 0.130007
vt 0.957824 0.130007
vt 0.272725 0.157473
vt 0.090898 0.157473
vt 0.181811 0.000000
vt 0.363607 0.000000
vt 0.454520 0.157473
vt 1.000000 0.157473
vt 0.818174 0.157473
vt 0.909087 0.000000
vt 0.636347 0.157473
vt 0.727260 0.000000
vt 0.545434 0.000000
vt 0.363607 0.314946
vt 0.181811 0.314946
vt 0.909087 0.314946
vt 0.727260 0.314946
vt 0.545434 0.314946
vt -0.000015 0.314946
vt 0.272725 0.472389
vt 0.090898 0.472389
vt 0.818174 0.472389
vt 0.636347 0.472389
vt 0.454520 0.472389
s 0
usemtl Material_1
f 2223/193/540 2222/194/540 2221/195/540
f 2222/194/541 2224/196/541 2221/195/541
f 2227/194/542 2226/197/542 2225/196/542
f 2226/197/543 2228/198/543 2225/196/543
f 2231/197/544 2230/199/544 2229/198/544
f 2230/199/544 2232/200/544 2229/198/544
f 2235/199/545 2234/201/545 2233/200/545
f 2234/201/546 2236/202/546 2233/200/546
f 2239/203/547 2238/204/547 2237/205/547
f 2240/206/548 2237/205/548 2238/204/548
f 2241/207/549 2237/205/549 2240/206/549
f 2242/208/550 2240/206/550 2238/204/550
f 2245/201/551 2244/209/551 2243/202/551
s 1
f 2244/209/552 2246/210/552 2243/202/552
s 0
f 2249/209/553 2248/211/553 2247/210/553
f 2248/211/553 2250/212/553 2247/210/553
f 2253/213/554 2252/214/554 2251/215/554
f 2254/216/555 2251/215/555 2252/214/555
f 2255/217/556 2251/215/556 2254/216/556
s 1
f 2256/218/557 2254/216/557 2252/214/557
s 0
f 1923/219/558 1922/220/558 1921/221/558
f 1926/222/559 1925/223/559 1924/219/559
f 1929/224/560 1928/225/560 1927/226/560
f 1932/225/561 1931/227/561 1930/228/561
f 1935/227/562 1934/223/562 1933/229/562
f 1938/223/563 1937/230/563 1936/219/563
f 1941/219/564 1940/231/564 1939/220/564
f 1944/224/565 1943/232/565 1942/225/565
f 1947/225/566 1946/233/566 1945/227/566
f 1950/227/567 1949/234/567 1948/223/567
f 1953/230/568 1952/231/568 1951/219/568
f 1956/231/569 1955/235/569 1954/220/569
f 1959/232/570 1958/233/570 1957/225/570
f 1962/233/571 1961/234/571 1960/227/571
f 1965/234/572 1964/230/572 1963/223/572
f 1968/230/573 1967/236/573 1966/231/573
f 1971/231/574 1970/237/574 1969/235/574
f 1974/232/575 1973/238/575 1972/233/575
f 1977/233/576 1976/239/576 1975/234/576
f 1980/234/577 1979/240/577 1978/230/577
f 2259/193/578 2258/194/578 2257/195/578
f 2258/194/579 2260/196/579 2257/195/579
f 2263/194/580 2262/197/580 2261/196/580
f 2262/197/581 2264/198/581 2261/196/581
f 2267/197/582 2266/199/582 2265/198/582
f 2266/199/583 2268/200/583 2265/198/583
f 2271/199/584 2270/201/584 2269/200/584
f 2270/201/584 2272/202/584 2269/200/584
s 1
f 2275/203/585 2274/204/585 2273/205/585
s 0
f 2276/206/586 2273/205/586 2274/204/586
f 2277/207/587 2273/205/587 2276/206/587
f 2278/208/588 2276/206/588 2274/204/588
f 2281/201/589 2280/209/589 2279/202/589
f 2280/209/589 2282/210/589 2279/202/589
s 1
f 2285/209/590 2284/211/590 2283/210/590
s 0
f 2284/211/591 2286/212/591 2283/210/591
f 2289/213/592 2288/214/592 2287/215/592
f 2290/216/593 2287/215/593 2288/214/593
f 2291/217/594 2287/215/594 2290/216/594
f 2292/218/595 2290/216/595 2288/214/595
f 1983/219/558 1982/220/558 1981/221/558
f 1986/222/596 1985/223/596 1984/219/596
f 1989/224/560 1988/225/560 1987/226/560
f 1992/225/561 1991/227/561 1990/228/561
f 1995/227/562 1994/223/562 1993/229/562
f 1998/223/563 1997/230/563 1996/219/563
s 1
f 2001/219/597 2000/231/597 1999/220/597
s 0
f 2004/224/565 2003/232/565 2002/225/565
f 2007/225/566 2006/233/566 2005/227/566
f 2010/227/567 2009/234/567 2008/223/567
s 1
f 2013/230/568 2012/231/568 2011/219/568
s 0
f 2016/231/569 2015/235/569 2014/220/569
f 2019/232/570 2018/233/570 2017/225/570
f 2022/233/598 2021/234/598 2020/227/598
f 2025/234/599 2024/230/599 2023/223/599
f 2028/230/600 2027/236/600 2026/231/600
f 2031/231/574 2030/237/574 2029/235/574
f 2034/232/601 2033/238/601 2032/233/601
f 2037/233/602 2036/239/602 2035/234/602
f 2040/234/577 2039/240/577 2038/230/577
f 2295/193/603 2294/194/603 2293/195/603
f 2294/194/604 2296/196/604 2293/195/604
f 2299/194/605 2298/197/605 2297/196/605
f 2298/197/606 2300/198/606 2297/196/606
f 2303/197/607 2302/199/607 2301/198/607
f 2302/199/608 2304/200/608 2301/198/608
f 2307/199/609 2306/201/609 2305/200/609
f 2306/201/610 2308/202/610 2305/200/610
f 2311/203/611 2310/204/611 2309/205/611
f 2312/206/612 2309/205/612 2310/204/612
f 2313/207/613 2309/205/613 2312/206/613
f 2314/208/614 2312/206/614 2310/204/614
f 2317/201/615 2316/209/615 2315/202/615
f 2316/209/615 2318/210/615 2315/202/615
f 2321/209/616 2320/211/616 2319/210/616
f 2320/211/617 2322/212/617 2319/210/617
f 2325/213/618 2324/214/618 2323/215/618
f 2326/216/619 2323/215/619 2324/214/619
f 2327/217/620 2323/215/620 2326/216/620
f 2328/218/621 2326/216/621 2324/214/621
f 2043/219/558 2042/220/558 2041/221/558
f 2046/222/559 2045/223/559 2044/219/559
f 2049/224/560 2048/225/560 2047/226/560
f 2052/225/561 2051/227/561 2050/228/561
f 2055/227/562 2054/223/562 2053/229/562
f 2058/223/622 2057/230/622 2056/219/622
f 2061/219/564 2060/231/564 2059/220/564
f 2064/224/565 2063/232/565 2062/225/565
f 2067/225/566 2066/233/566 2065/227/566
f 2070/227/567 2069/234/567 2068/223/567
f 2073/230/623 2072/231/623 2071/219/623
f 2076/231/569 2075/235/569 2074/220/569
f 2079/232/570 2078/233/570 2077/225/570
f 2082/233/571 2081/234/571 2080/227/571
s 1
f 2085/234/599 2084/230/599 2083/223/599
s 0
f 2088/230/600 2087/236/600 2086/231/600
f 2091/231/574 2090/237/574 2089/235/574
f 2094/232/575 2093/238/575 2092/233/575
f 2097/233/576 2096/239/576 2095/234/576
f 2100/234/577 2099/240/577 2098/230/577
f 2331/193/624 2330/194/624 2329/195/624
f 2330/194/625 2332/196/625 2329/195/625
f 2335/194/626 2334/197/626 2333/196/626
f 2334/197/627 2336/198/627 2333/196/627
f 2339/197/628 2338/199/628 2337/198/628
f 2338/199/629 2340/200/629 2337/198/629
s 1
f 2343/199/630 2342/201/630 2341/200/630
s 0
f 2342/201/631 2344/202/631 2341/200/631
f 2347/203/632 2346/204/632 2345/205/632
f 2348/206/633 2345/205/633 2346/204/633
f 2349/207/634 2345/205/634 2348/206/634
f 2350/208/635 2348/206/635 2346/204/635
f 2353/201/636 2352/209/636 2351/202/636
f 2352/209/637 2354/210/637 2351/202/637
f 2357/209/638 2356/211/638 2355/210/638
f 2356/211/639 2358/212/639 2355/210/639
f 2361/213/640 2360/214/640 2359/215/640
f 2362/216/641 2359/215/641 2360/214/641
f 2363/217/641 2359/215/641 2362/216/641
f 2364/218/642 2362/216/642 2360/214/642
f 2103/219/558 2102/220/558 2101/221/558
f 2106/222/596 2105/223/596 2104/219/596
f 2109/224/560 2108/225/560 2107/226/560
f 2112/225/561 2111/227/561 2110/228/561
f 2115/227/562 2114/223/562 2113/229/562
f 2118/223/622 2117/230/622 2116/219/622
f 2121/219/564 2120/231/564 2119/220/564
f 2124/224/565 2123/232/565 2122/225/565
f 2127/225/643 2126/233/643 2125/227/643
f 2130/227/567 2129/234/567 2128/223/567
f 2133/230/644 2132/231/644 2131/219/644
f 2136/231/569 2135/235/569 2134/220/569
f 2139/232/645 2138/233/645 2137/225/645
f 2142/233/598 2141/234/598 2140/227/598
f 2145/234/599 2144/230/599 2143/223/599
f 2148/230/600 2147/236/600 2146/231/600
s 1
f 2151/231/574 2150/237/574 2149/235/574
s 0
f 2154/232/575 2153/238/575 2152/233/575
f 2157/233/576 2156/239/576 2155/234/576
f 2160/234/577 2159/240/577 2158/230/577
f 2367/193/646 2366/194/646 2365/195/646
f 2366/194/647 2368/196/647 2365/195/647
f 2371/194/648 2370/197/648 2369/196/648
s 1
f 2370/197/649 2372/198/649 2369/196/649
s 0
f 2375/197/650 2374/199/650 2373/198/650
f 2374/199/651 2376/200/651 2373/198/651
f 2379/199/652 2378/201/652 2377/200/652
f 2378/201/653 2380/202/653 2377/200/653
f 2383/203/654 2382/204/654 2381/205/654
f 2384/206/655 2381/205/655 2382/204/655
f 2385/207/656 2381/205/656 2384/206/656
f 2386/208/657 2384/206/657 2382/204/657
s 1
f 2389/201/658 2388/209/658 2387/202/658
s 0
f 2388/209/659 2390/210/659 2387/202/659
f 2393/209/660 2392/211/660 2391/210/660
f 2392/211/661 2394/212/661 2391/210/661
f 2397/213/662 2396/214/662 2395/215/662
f 2398/216/663 2395/215/663 2396/214/663
f 2399/217/664 2395/215/664 2398/216/664
f 2400/218/665 2398/216/665 2396/214/665
f 2163/219/558 2162/220/558 2161/221/558
f 2166/222/559 2165/223/559 2164/219/559
f 2169/224/560 2168/225/560 2167/226/560
f 2172/225/666 2171/227/666 2170/228/666
f 2175/227/562 2174/223/562 2173/229/562
f 2178/223/622 2177/230/622 2176/219/622
f 2181/219/667 2180/231/667 2179/220/667
f 2184/224/565 2183/232/565 2182/225/565
f 2187/225/668 2186/233/668 2185/227/668
f 2190/227/669 2189/234/669 2188/223/669
f 2193/230/568 2192/231/568 2191/219/568
f 2196/231/569 2195/235/569 2194/220/569
f 2199/232/570 2198/233/570 2197/225/570
f 2202/233/670 2201/234/670 2200/227/670
f 2205/234/671 2204/230/671 2203/223/671
f 2208/230/600 2207/236/600 2206/231/600
f 2211/231/574 2210/237/574 2209/235/574
f 2214/232/575 2213/238/575 2212/233/575
f 2217/233/672 2216/239/672 2215/234/672
f 2220/234/577 2219/240/577 2218/230/577
o deadBrushInstances_0024
v 1.238207 -0.040226 5.327803
v 1.052886 0.086272 5.238842
v 1.083558 0.056286 5.499239
v 1.083558 0.056286 5.499239
v 1.324542 0.056286 5.541929
v 1.238207 -0.040226 5.327803
v 1.238207 -0.040226 5.327803
v 1.274912 0.104804 5.120600
v 1.052886 0.086272 5.238842
v 1.238207 -0.040226 5.327803
v 1.442811 0.086272 5.307915
v 1.274912 0.104804 5.120600
v 1.238207 -0.040226 5.327803
v 1.324542 0.056286 5.541929
v 1.442811 0.086272 5.307915
v 1.083558 0.056286 5.499239
v 1.192589 0.242437 5.585321
v 1.324542 0.056286 5.541929
v 1.052886 0.086272 5.238842
v 1.024694 0.260971 5.397992
v 1.083558 0.056286 5.499239
v 1.274912 0.104804 5.120600
v 1.142948 0.290958 5.163976
v 1.052886 0.086272 5.238842
v 1.442811 0.086272 5.307915
v 1.383933 0.290958 5.206665
v 1.274912 0.104804 5.120600
v 1.324542 0.056286 5.541929
v 1.414618 0.260971 5.467065
v 1.442811 0.086272 5.307915
v 1.083558 0.056286 5.499239
v 1.024694 0.260971 5.397992
v 1.192589 0.242437 5.585321
v 1.052886 0.086272 5.238842
v 1.142948 0.290958 5.163976
v 1.024694 0.260971 5.397992
v 1.274912 0.104804 5.120600
v 1.383933 0.290958 5.206665
v 1.142948 0.290958 5.163976
v 1.442811 0.086272 5.307915
v 1.414618 0.260971 5.467065
v 1.383933 0.290958 5.206665
v 1.324542 0.056286 5.541929
v 1.192589 0.242437 5.585321
v 1.414618 0.260971 5.467065
v 1.024694 0.260971 5.397992
v 1.229297 0.387470 5.378104
v 1.192589 0.242437 5.585321
v 1.142948 0.290958 5.163976
v 1.229297 0.387470 5.378104
v 1.024694 0.260971 5.397992
v 1.383933 0.290958 5.206665
v 1.229297 0.387470 5.378104
v 1.142948 0.290958 5.163976
v 1.414618 0.260971 5.467065
v 1.229297 0.387470 5.378104
v 1.383933 0.290958 5.206665
v 1.192589 0.242437 5.585321
v 1.229297 0.387470 5.378104
v 1.414618 0.260971 5.467065
v 1.486887 0.071282 5.161386
v 1.301566 0.197789 5.072425
v 1.332238 0.167802 5.332823
v 1.332238 0.167802 5.332823
v 1.573222 0.167802 5.375513
v 1.486887 0.071282 5.161386
v 1.486887 0.071282 5.161386
v 1.523592 0.216321 4.954184
v 1.301566 0.197789 5.072425
v 1.486887 0.071282 5.161386
v 1.691477 0.197789 5.141496
v 1.523592 0.216321 4.954184
v 1.486887 0.071282 5.161386
v 1.573222 0.167802 5.375513
v 1.691477 0.197789 5.141496
v 1.332238 0.167802 5.332823
v 1.441269 0.353945 5.418904
v 1.573222 0.167802 5.375513
v 1.301566 0.197789 5.072425
v 1.273374 0.372479 5.231575
v 1.332238 0.167802 5.332823
v 1.523592 0.216321 4.954184
v 1.391628 0.402466 4.997558
v 1.301566 0.197789 5.072425
v 1.691477 0.197789 5.141496
v 1.632613 0.402466 5.040247
v 1.523592 0.216321 4.954184
v 1.573222 0.167802 5.375513
v 1.663284 0.372479 5.300645
v 1.691477 0.197789 5.141496
v 1.332238 0.167802 5.332823
v 1.273374 0.372479 5.231575
v 1.441269 0.353945 5.418904
v 1.301566 0.197789 5.072425
v 1.391628 0.402466 4.997558
v 1.273374 0.372479 5.231575
v 1.523592 0.216321 4.954184
v 1.632613 0.402466 5.040247
v 1.391628 0.402466 4.997558
v 1.691477 0.197789 5.141496
v 1.663284 0.372479 5.300645
v 1.632613 0.402466 5.040247
v 1.573222 0.167802 5.375513
v 1.441269 0.353945 5.418904
v 1.663284 0.372479 5.300645
v 1.273374 0.372479 5.231575
v 1.477977 0.498986 5.211688
v 1.441269 0.353945 5.418904
v 1.391628 0.402466 4.997558
v 1.477977 0.498986 5.211688
v 1.273374 0.372479 5.231575
v 1.632613 0.402466 5.040247
v 1.477977 0.498986 5.211688
v 1.391628 0.402466 4.997558
v 1.663284 0.372479 5.300645
v 1.477977 0.498986 5.211688
v 1.632613 0.402466 5.040247
v 1.441269 0.353945 5.418904
v 1.477977 0.498986 5.211688
v 1.663284 0.372479 5.300645
v 1.378901 0.016441 4.870905
v 1.193580 0.142939 4.781944
v 1.224251 0.112953 5.042342
v 1.224251 0.112953 5.042342
v 1.465236 0.112953 5.085032
v 1.378901 0.016441 4.870905
v 1.378901 0.016441 4.870905
v 1.415606 0.161472 4.663702
v 1.193580 0.142939 4.781944
v 1.378901 0.016441 4.870905
v 1.583504 0.142939 4.851017
v 1.415606 0.161472 4.663702
v 1.378901 0.016441 4.870905
v 1.465236 0.112953 5.085032
v 1.583504 0.142939 4.851017
v 1.224251 0.112953 5.042342
v 1.333285 0.299106 5.128409
v 1.465236 0.112953 5.085032
v 1.193580 0.142939 4.781944
v 1.165387 0.317638 4.941094
v 1.224251 0.112953 5.042342
v 1.415606 0.161472 4.663702
v 1.283642 0.347625 4.707078
v 1.193580 0.142939 4.781944
v 1.583504 0.142939 4.851017
v 1.524626 0.347625 4.749767
v 1.415606 0.161472 4.663702
v 1.465236 0.112953 5.085032
v 1.555311 0.317638 5.010168
v 1.583504 0.142939 4.851017
v 1.224251 0.112953 5.042342
v 1.165387 0.317638 4.941094
v 1.333285 0.299106 5.128409
v 1.193580 0.142939 4.781944
v 1.283642 0.347625 4.707078
v 1.165387 0.317638 4.941094
v 1.415606 0.161472 4.663702
v 1.524626 0.347625 4.749767
v 1.283642 0.347625 4.707078
v 1.583504 0.142939 4.851017
v 1.555311 0.317638 5.010168
v 1.524626 0.347625 4.749767
v 1.465236 0.112953 5.085032
v 1.333285 0.299106 5.128409
v 1.555311 0.317638 5.010168
v 1.165387 0.317638 4.941094
v 1.369990 0.444137 4.921207
v 1.333285 0.299106 5.128409
v 1.283642 0.347625 4.707078
v 1.369990 0.444137 4.921207
v 1.165387 0.317638 4.941094
v 1.524626 0.347625 4.749767
v 1.369990 0.444137 4.921207
v 1.283642 0.347625 4.707078
v 1.555311 0.317638 5.010168
v 1.369990 0.444137 4.921207
v 1.524626 0.347625 4.749767
v 1.333285 0.299106 5.128409
v 1.369990 0.444137 4.921207
v 1.555311 0.317638 5.010168
v 1.058818 0.094971 4.884130
v 0.873496 0.221478 4.795171
v 0.904168 0.191492 5.055569
v 0.904168 0.191492 5.055569
v 1.145152 0.191492 5.098258
v 1.058818 0.094971 4.884130
v 1.058818 0.094971 4.884130
v 1.095525 0.240012 4.676915
v 0.873496 0.221478 4.795171
v 1.058818 0.094971 4.884130
v 1.263420 0.221478 4.864244
v 1.095525 0.240012 4.676915
v 1.058818 0.094971 4.884130
v 1.145152 0.191492 5.098258
v 1.263420 0.221478 4.864244
v 0.904168 0.191492 5.055569
v 1.013202 0.377637 5.141635
v 1.145152 0.191492 5.098258
v 0.873496 0.221478 4.795171
v 0.845304 0.396169 4.954320
v 0.904168 0.191492 5.055569
v 1.095525 0.240012 4.676915
v 0.963558 0.426155 4.720304
v 0.873496 0.221478 4.795171
v 1.263420 0.221478 4.864244
v 1.204543 0.426155 4.762993
v 1.095525 0.240012 4.676915
v 1.145152 0.191492 5.098258
v 1.235228 0.396169 5.023393
v 1.263420 0.221478 4.864244
v 0.904168 0.191492 5.055569
v 0.845304 0.396169 4.954320
v 1.013202 0.377637 5.141635
v 0.873496 0.221478 4.795171
v 0.963558 0.426155 4.720304
v 0.845304 0.396169 4.954320
v 1.095525 0.240012 4.676915
v 1.204543 0.426155 4.762993
v 0.963558 0.426155 4.720304
v 1.263420 0.221478 4.864244
v 1.235228 0.396169 5.023393
v 1.204543 0.426155 4.762993
v 1.145152 0.191492 5.098258
v 1.013202 0.377637 5.141635
v 1.235228 0.396169 5.023393
v 0.845304 0.396169 4.954320
v 1.049907 0.522667 4.934432
v 1.013202 0.377637 5.141635
v 0.963558 0.426155 4.720304
v 1.049907 0.522667 4.934432
v 0.845304 0.396169 4.954320
v 1.204543 0.426155 4.762993
v 1.049907 0.522667 4.934432
v 0.963558 0.426155 4.720304
v 1.235228 0.396169 5.023393
v 1.049907 0.522667 4.934432
v 1.204543 0.426155 4.762993
v 1.013202 0.377637 5.141635
v 1.049907 0.522667 4.934432
v 1.235228 0.396169 5.023393
v 0.973638 -0.025586 5.156452
v 0.788317 0.100913 5.067491
v 0.819002 0.070926 5.327891
v 0.819002 0.070926 5.327891
v 1.059987 0.070926 5.370580
v 0.973638 -0.025586 5.156452
v 0.973638 -0.025586 5.156452
v 1.010346 0.119447 4.949235
v 0.788317 0.100913 5.067491
v 0.973638 -0.025586 5.156452
v 1.178241 0.100913 5.136564
v 1.010346 0.119447 4.949235
v 0.973638 -0.025586 5.156452
v 1.059987 0.070926 5.370580
v 1.178241 0.100913 5.136564
v 0.819002 0.070926 5.327891
v 0.928023 0.257080 5.413956
v 1.059987 0.070926 5.370580
v 0.788317 0.100913 5.067491
v 0.760127 0.275614 5.226627
v 0.819002 0.070926 5.327891
v 1.010346 0.119447 4.949235
v 0.878395 0.305600 4.992613
v 0.788317 0.100913 5.067491
v 1.178241 0.100913 5.136564
v 1.119380 0.305600 5.035302
v 1.010346 0.119447 4.949235
v 1.059987 0.070926 5.370580
v 1.150051 0.275614 5.295700
v 1.178241 0.100913 5.136564
v 0.819002 0.070926 5.327891
v 0.760127 0.275614 5.226627
v 0.928023 0.257080 5.413956
v 0.788317 0.100913 5.067491
v 0.878395 0.305600 4.992613
v 0.760127 0.275614 5.226627
v 1.010346 0.119447 4.949235
v 1.119380 0.305600 5.035302
v 0.878395 0.305600 4.992613
v 1.178241 0.100913 5.136564
v 1.150051 0.275614 5.295700
v 1.119380 0.305600 5.035302
v 1.059987 0.070926 5.370580
v 0.928023 0.257080 5.413956
v 1.150051 0.275614 5.295700
v 0.760127 0.275614 5.226627
v 0.964728 0.402111 5.206753
v 0.928023 0.257080 5.413956
v 0.878395 0.305600 4.992613
v 0.964728 0.402111 5.206753
v 0.760127 0.275614 5.226627
v 1.119380 0.305600 5.035302
v 0.964728 0.402111 5.206753
v 0.878395 0.305600 4.992613
v 1.150051 0.275614 5.295700
v 0.964728 0.402111 5.206753
v 1.119380 0.305600 5.035302
v 0.928023 0.257080 5.413956
v 0.964728 0.402111 5.206753
v 1.150051 0.275614 5.295700
v 1.269262 -0.010895 5.080045
v 1.242102 0.152165 5.362252
v 1.256934 0.169598 5.354685
v 1.242781 -0.042017 5.093542
v 1.242781 -0.042017 5.093542
v 1.218920 0.156188 5.360521
v 1.242102 0.152165 5.362252
v 1.201371 -0.034836 5.090445
v 1.201371 -0.034836 5.090445
v 1.210557 0.177645 5.351220
v 1.218920 0.156188 5.360521
v 1.186442 0.003475 5.073853
v 1.186442 0.003475 5.073853
v 1.225389 0.195070 5.343651
v 1.210557 0.177645 5.351220
v 1.212926 0.034598 5.060342
v 1.218920 0.156188 5.360521
v 1.256934 0.169598 5.354685
v 1.242102 0.152165 5.362252
v 1.225389 0.195070 5.343651
v 1.210557 0.177645 5.351220
v 1.248569 0.191045 5.345397
v 1.212926 0.034598 5.060342
v 1.248569 0.191045 5.345397
v 1.225389 0.195070 5.343651
v 1.254333 0.027407 5.063452
v 1.254333 0.027407 5.063452
v 1.256934 0.169598 5.354685
v 1.248569 0.191045 5.345397
v 1.269262 -0.010895 5.080045
v 1.254333 0.027407 5.063452
v 1.242781 -0.042017 5.093542
v 1.269262 -0.010895 5.080045
v 1.186442 0.003475 5.073853
v 1.212926 0.034598 5.060342
v 1.201371 -0.034836 5.090445
v 1.257833 -0.036490 5.076919
v 1.486908 0.271882 5.204680
v 1.499211 0.266779 5.186528
v 1.235845 -0.027372 5.109332
v 1.235845 -0.027372 5.109332
v 1.470112 0.290239 5.204701
v 1.486908 0.271882 5.204680
v 1.205864 0.005404 5.109361
v 1.205864 0.005404 5.109361
v 1.465637 0.303487 5.186557
v 1.470112 0.290239 5.204701
v 1.197871 0.029069 5.076979
v 1.197871 0.029069 5.076979
v 1.477954 0.298384 5.168407
v 1.465637 0.303487 5.186557
v 1.219859 0.019951 5.044567
v 1.470112 0.290239 5.204701
v 1.499211 0.266779 5.186528
v 1.486908 0.271882 5.204680
v 1.477954 0.298384 5.168407
v 1.465637 0.303487 5.186557
v 1.494749 0.280027 5.168386
v 1.219859 0.019951 5.044567
v 1.494749 0.280027 5.168386
v 1.477954 0.298384 5.168407
v 1.249843 -0.012831 5.044522
v 1.249843 -0.012831 5.044522
v 1.499211 0.266779 5.186528
v 1.494749 0.280027 5.168386
v 1.257833 -0.036490 5.076919
v 1.249843 -0.012831 5.044522
v 1.235845 -0.027372 5.109332
v 1.257833 -0.036490 5.076919
v 1.197871 0.029069 5.076979
v 1.219859 0.019951 5.044567
v 1.205864 0.005404 5.109361
v 1.265371 -0.020304 5.088115
v 1.385756 0.241017 4.913659
v 1.395457 0.220998 4.902309
v 1.248065 0.015449 5.108387
v 1.248065 0.015449 5.108387
v 1.364745 0.250308 4.907406
v 1.385756 0.241017 4.913659
v 1.210543 0.032037 5.097235
v 1.210543 0.032037 5.097235
v 1.353421 0.239579 4.889801
v 1.364745 0.250308 4.907406
v 1.190333 0.012883 5.065783
v 1.190333 0.012883 5.065783
v 1.363122 0.219560 4.878450
v 1.353421 0.239579 4.889801
v 1.207642 -0.022868 5.045497
v 1.364745 0.250308 4.907406
v 1.395457 0.220998 4.902309
v 1.385756 0.241017 4.913659
v 1.363122 0.219560 4.878450
v 1.353421 0.239579 4.889801
v 1.384133 0.210270 4.884704
v 1.207642 -0.022868 5.045497
v 1.384133 0.210270 4.884704
v 1.363122 0.219560 4.878450
v 1.245161 -0.039457 5.056663
v 1.245161 -0.039457 5.056663
v 1.395457 0.220998 4.902309
v 1.384133 0.210270 4.884704
v 1.265371 -0.020304 5.088115
v 1.245161 -0.039457 5.056663
v 1.248065 0.015449 5.108387
v 1.265371 -0.020304 5.088115
v 1.190333 0.012883 5.065783
v 1.207642 -0.022868 5.045497
v 1.210543 0.032037 5.097235
v 1.262969 0.021415 5.080208
v 1.058114 0.324790 4.926936
v 1.074019 0.322891 4.911103
v 1.234570 0.024798 5.108481
v 1.234570 0.024798 5.108481
v 1.038457 0.310718 4.925115
v 1.058114 0.324790 4.926936
v 1.199439 -0.000323 5.105220
v 1.199439 -0.000323 5.105220
v 1.034692 0.294756 4.907459
v 1.038457 0.310718 4.925115
v 1.192735 -0.028835 5.073690
v 1.192735 -0.028835 5.073690
v 1.050597 0.292857 4.891625
v 1.034692 0.294756 4.907459
v 1.221148 -0.032219 5.045420
v 1.038457 0.310718 4.925115
v 1.074019 0.322891 4.911103
v 1.058114 0.324790 4.926936
v 1.050597 0.292857 4.891625
v 1.034692 0.294756 4.907459
v 1.070267 0.306929 4.893449
v 1.221148 -0.032219 5.045420
v 1.070267 0.306929 4.893449
v 1.050597 0.292857 4.891625
v 1.256265 -0.007098 5.048678
v 1.256265 -0.007098 5.048678
v 1.074019 0.322891 4.911103
v 1.070267 0.306929 4.893449
v 1.262969 0.021415 5.080208
v 1.256265 -0.007098 5.048678
v 1.234570 0.024798 5.108481
v 1.262969 0.021415 5.080208
v 1.192735 -0.028835 5.073690
v 1.221148 -0.032219 5.045420
v 1.199439 -0.000323 5.105220
v 1.253737 0.028626 5.092860
v 0.977394 0.186206 5.202259
v 0.983685 0.206371 5.190505
v 1.242513 -0.007377 5.113838
v 1.242513 -0.007377 5.113838
v 0.962895 0.168100 5.193343
v 0.977394 0.186206 5.202259
v 1.216614 -0.039718 5.097924
v 1.216614 -0.039718 5.097924
v 0.954698 0.170148 5.172688
v 0.962895 0.168100 5.193343
v 1.201967 -0.036055 5.061037
v 1.201967 -0.036055 5.061037
v 0.960988 0.190320 5.160934
v 0.954698 0.170148 5.172688
v 1.213205 -0.000043 5.040062
v 0.962895 0.168100 5.193343
v 0.983685 0.206371 5.190505
v 0.977394 0.186206 5.202259
v 0.960988 0.190320 5.160934
v 0.954698 0.170148 5.172688
v 0.975487 0.208427 5.169851
v 1.213205 -0.000043 5.040062
v 0.975487 0.208427 5.169851
v 0.960988 0.190320 5.160934
v 1.239092 0.032299 5.055960
v 1.239092 0.032299 5.055960
v 0.983685 0.206371 5.190505
v 0.975487 0.208427 5.169851
v 1.253737 0.028626 5.092860
v 1.239092 0.032299 5.055960
v 1.242513 -0.007377 5.113838
v 1.253737 0.028626 5.092860
v 1.201967 -0.036055 5.061037
v 1.213205 -0.000043 5.040062
v 1.216614 -0.039718 5.097924
vn 0.7811 -0.5052 0.3671
vn 0.7810 -0.5053 0.3671
vn -0.1814 -0.7973 0.5757
vn -0.1818 -0.7972 0.5757
vn -0.9347 -0.2587 0.2437
vn -0.7877 0.5502 -0.2770
vn -0.7878 0.5501 -0.2769
vn 0.0005 0.3978 0.9175
vn 0.0005 0.3980 0.9174
vn 0.0006 0.3979 0.9174
vn 0.0002 0.3976 0.9176
vn 0.1845 0.8517 -0.4905
vn 0.1842 0.8517 -0.4906
vn 0.9414 0.2998 -0.1548
vn 0.9413 0.2998 -0.1548
vn -0.0003 -0.3976 -0.9175
vn -0.0004 -0.3976 -0.9176
vn -0.0002 -0.3980 -0.9174
vn -0.0002 -0.3979 -0.9174
vn -0.5534 -0.8323 -0.0307
vn -0.0771 -0.8969 0.4354
vn -0.2469 -0.7728 -0.5847
vn 0.4327 -0.7728 -0.4643
vn 0.5303 -0.8323 0.1613
vn -0.1645 -0.3330 0.9285
vn -0.9680 -0.2354 0.0869
vn -0.4588 -0.1201 -0.8804
vn 0.7333 -0.1201 -0.6692
vn 0.8792 -0.2354 0.4142
vn -0.7334 0.1201 0.6692
vn -0.8792 0.2354 -0.4141
vn 0.1645 0.3329 -0.9285
vn 0.9680 0.2354 -0.0870
vn 0.4586 0.1202 0.8805
vn -0.4327 0.7728 0.4643
vn -0.5303 0.8323 -0.1613
vn 0.0771 0.8969 -0.4354
vn 0.5534 0.8323 0.0306
vn 0.2469 0.7728 0.5846
vn 0.5464 -0.6331 0.5483
vn 0.5462 -0.6330 0.5486
vn -0.1761 -0.1618 0.9710
vn -0.1759 -0.1618 0.9710
vn -0.7049 0.4787 0.5234
vn -0.7048 0.4786 0.5237
vn -0.4924 0.6915 -0.5286
vn 0.7046 0.6444 0.2970
vn 0.7048 0.6443 0.2969
vn 0.7045 0.6446 0.2969
vn 0.7046 0.6443 0.2972
vn 0.2289 0.2105 -0.9504
vn 0.2289 0.2106 -0.9504
vn 0.7577 -0.4236 -0.4964
vn 0.7577 -0.4237 -0.4963
vn -0.7047 -0.6444 -0.2968
vn -0.7048 -0.6443 -0.2968
vn -0.7048 -0.6443 -0.2969
vn -0.7047 -0.6444 -0.2970
vn -0.5535 -0.8323 -0.0307
vn -0.9681 -0.2352 0.0865
vn 0.8792 -0.2354 0.4141
vn 0.1645 0.3330 -0.9285
vn 0.9680 0.2354 -0.0869
vn 0.4589 0.1201 0.8803
vn 0.5535 0.8323 0.0307
vn 0.2469 0.7728 0.5847
vn 0.7935 0.0398 0.6073
vn 0.7935 0.0398 0.6072
vn 0.0511 0.6346 0.7712
vn 0.0513 0.6345 0.7712
vn -0.7661 0.6338 0.1065
vn -0.7662 0.6338 0.1064
vn -0.7445 0.0176 -0.6673
vn -0.7447 0.0180 -0.6671
vn 0.4595 0.5960 -0.6585
vn 0.4595 0.5960 -0.6586
vn 0.4593 0.5960 -0.6586
vn 0.4595 0.5959 -0.6587
vn -0.0045 -0.5654 -0.8248
vn 0.8054 -0.5670 -0.1725
vn 0.8055 -0.5670 -0.1723
vn -0.4598 -0.5959 0.6584
vn -0.4595 -0.5960 0.6585
vn -0.4595 -0.5961 0.6584
vn -0.4593 -0.5964 0.6583
vn -0.1645 -0.3329 0.9285
vn -0.7335 0.1201 0.6690
vn 0.4588 0.1201 0.8804
vn 0.5769 0.6436 0.5029
vn 0.5771 0.6436 0.5027
vn -0.3262 0.3416 0.8814
vn -0.3264 0.3415 0.8814
vn -0.8885 -0.2298 0.3972
vn -0.8885 -0.2300 0.3970
vn -0.6095 -0.5770 -0.5438
vn -0.6096 -0.5770 -0.5436
vn -0.4554 0.7062 -0.5421
vn -0.4553 0.7065 -0.5418
vn -0.4550 0.7067 -0.5418
vn -0.4551 0.7064 -0.5420
vn 0.2870 -0.2825 -0.9153
vn 0.8510 0.2864 -0.4403
vn 0.8510 0.2865 -0.4401
vn 0.4551 -0.7065 0.5420
vn 0.4551 -0.7065 0.5419
vn 0.4552 -0.7065 0.5420
vn 0.5303 -0.8323 0.1614
vn -0.4589 -0.1201 -0.8804
vn 0.7334 -0.1201 -0.6692
vn -0.7333 0.1201 0.6692
vn 0.4991 0.3149 0.8073
vn 0.4988 0.3148 0.8075
vn -0.0146 -0.4319 0.9018
vn -0.0147 -0.4320 0.9018
vn -0.5902 -0.7921 0.1557
vn -0.5746 -0.2708 -0.7723
vn -0.5745 -0.2707 -0.7725
vn -0.8060 0.4650 0.3664
vn -0.8060 0.4650 0.3662
vn -0.8061 0.4649 0.3662
vn -0.8061 0.4648 0.3663
vn -0.0591 0.4782 -0.8763
vn -0.0592 0.4781 -0.8763
vn 0.5151 0.8487 -0.1203
vn 0.5152 0.8486 -0.1200
vn 0.8062 -0.4647 -0.3662
vn 0.8061 -0.4649 -0.3661
vn 0.8059 -0.4649 -0.3665
vn 0.8059 -0.4652 -0.3662
vn -0.5534 -0.8323 -0.0306
vn -0.2469 -0.7728 -0.5846
vn -0.9680 -0.2354 0.0870
vn 0.7333 -0.1202 -0.6692
vn 0.8793 -0.2354 0.4141
vn -0.8792 0.2354 -0.4142
vn 0.4589 0.1202 0.8803
vn 0.0771 0.8970 -0.4353
vn 0.5534 0.8323 0.0307
vt 1.000000 1.000015
vt 0.833310 1.000015
vt 1.000000 0.500008
vt 0.833310 0.500008
vt 0.666651 1.000015
vt 0.666651 0.500008
vt 0.499992 1.000015
vt 0.499992 0.500008
vt 0.333303 1.000015
vt 0.333303 0.500008
vt 0.457816 0.370001
vt 0.249989 0.490028
vt 0.457816 0.130007
vt 0.042130 0.130007
vt 0.249989 0.010010
vt 0.042130 0.370001
vt 0.166644 1.000015
vt 0.166644 0.500008
vt -0.000015 1.000015
vt -0.000015 0.500008
vt 0.749996 0.490028
vt 0.957824 0.370001
vt 0.542138 0.370001
vt 0.749996 0.010010
vt 0.542138 0.130007
vt 0.957824 0.130007
vt 0.272725 0.157473
vt 0.090898 0.157473
vt 0.181811 0.000000
vt 0.363607 0.000000
vt 0.454520 0.157473
vt 1.000000 0.157473
vt 0.818174 0.157473
vt 0.909087 0.000000
vt 0.636347 0.157473
vt 0.727260 0.000000
vt 0.545434 0.000000
vt 0.363607 0.314946
vt 0.181811 0.314946
vt 0.909087 0.314946
vt 0.727260 0.314946
vt 0.545434 0.314946
vt -0.000015 0.314946
vt 0.272725 0.472389
vt 0.090898 0.472389
vt 0.818174 0.472389
vt 0.636347 0.472389
vt 0.454520 0.472389
s 0
usemtl Material_1
f 2703/241/673 2702/242/673 2701/243/673
f 2702/242/674 2704/244/674 2701/243/674
f 2707/242/675 2706/245/675 2705/244/675
f 2706/245/676 2708/246/676 2705/244/676
f 2711/245/677 2710/247/677 2709/246/677
f 2710/247/677 2712/248/677 2709/246/677
f 2715/247/678 2714/249/678 2713/248/678
f 2714/249/679 2716/250/679 2713/248/679
f 2719/251/680 2718/252/680 2717/253/680
f 2720/254/681 2717/253/681 2718/252/681
f 2721/255/682 2717/253/682 2720/254/682
f 2722/256/683 2720/254/683 2718/252/683
f 2725/249/684 2724/257/684 2723/250/684
s 1
f 2724/257/685 2726/258/685 2723/250/685
s 0
f 2729/257/686 2728/259/686 2727/258/686
f 2728/259/687 2730/260/687 2727/258/687
f 2733/261/688 2732/262/688 2731/263/688
f 2734/264/689 2731/263/689 2732/262/689
f 2735/265/690 2731/263/690 2734/264/690
s 1
f 2736/266/691 2734/264/691 2732/262/691
s 0
f 2403/267/692 2402/268/692 2401/269/692
f 2406/270/693 2405/271/693 2404/267/693
f 2409/272/694 2408/273/694 2407/274/694
f 2412/273/695 2411/275/695 2410/276/695
f 2415/275/696 2414/271/696 2413/277/696
f 2418/271/697 2417/278/697 2416/267/697
f 2421/267/698 2420/279/698 2419/268/698
f 2424/272/699 2423/280/699 2422/273/699
f 2427/273/700 2426/281/700 2425/275/700
f 2430/275/701 2429/282/701 2428/271/701
f 2433/278/702 2432/279/702 2431/267/702
f 2436/279/703 2435/283/703 2434/268/703
f 2439/280/704 2438/281/704 2437/273/704
f 2442/281/705 2441/282/705 2440/275/705
f 2445/282/706 2444/278/706 2443/271/706
f 2448/278/707 2447/284/707 2446/279/707
f 2451/279/708 2450/285/708 2449/283/708
f 2454/280/709 2453/286/709 2452/281/709
f 2457/281/710 2456/287/710 2455/282/710
f 2460/282/711 2459/288/711 2458/278/711
f 2739/241/712 2738/242/712 2737/243/712
f 2738/242/713 2740/244/713 2737/243/713
f 2743/242/714 2742/245/714 2741/244/714
f 2742/245/715 2744/246/715 2741/244/715
f 2747/245/716 2746/247/716 2745/246/716
f 2746/247/717 2748/248/717 2745/246/717
f 2751/247/718 2750/249/718 2749/248/718
f 2750/249/718 2752/250/718 2749/248/718
s 1
f 2755/251/719 2754/252/719 2753/253/719
s 0
f 2756/254/720 2753/253/720 2754/252/720
f 2757/255/721 2753/253/721 2756/254/721
f 2758/256/722 2756/254/722 2754/252/722
f 2761/249/723 2760/257/723 2759/250/723
f 2760/257/724 2762/258/724 2759/250/724
s 1
f 2765/257/725 2764/259/725 2763/258/725
s 0
f 2764/259/726 2766/260/726 2763/258/726
f 2769/261/727 2768/262/727 2767/263/727
f 2770/264/728 2767/263/728 2768/262/728
f 2771/265/729 2767/263/729 2770/264/729
f 2772/266/730 2770/264/730 2768/262/730
f 2463/267/731 2462/268/731 2461/269/731
f 2466/270/693 2465/271/693 2464/267/693
f 2469/272/694 2468/273/694 2467/274/694
f 2472/273/695 2471/275/695 2470/276/695
f 2475/275/696 2474/271/696 2473/277/696
f 2478/271/697 2477/278/697 2476/267/697
s 1
f 2481/267/732 2480/279/732 2479/268/732
s 0
f 2484/272/699 2483/280/699 2482/273/699
f 2487/273/700 2486/281/700 2485/275/700
f 2490/275/733 2489/282/733 2488/271/733
s 1
f 2493/278/702 2492/279/702 2491/267/702
s 0
f 2496/279/703 2495/283/703 2494/268/703
f 2499/280/734 2498/281/734 2497/273/734
f 2502/281/735 2501/282/735 2500/275/735
f 2505/282/736 2504/278/736 2503/271/736
f 2508/278/707 2507/284/707 2506/279/707
f 2511/279/708 2510/285/708 2509/283/708
f 2514/280/709 2513/286/709 2512/281/709
f 2517/281/737 2516/287/737 2515/282/737
f 2520/282/738 2519/288/738 2518/278/738
f 2775/241/739 2774/242/739 2773/243/739
f 2774/242/740 2776/244/740 2773/243/740
f 2779/242/741 2778/245/741 2777/244/741
f 2778/245/742 2780/246/742 2777/244/742
f 2783/245/743 2782/247/743 2781/246/743
f 2782/247/744 2784/248/744 2781/246/744
f 2787/247/745 2786/249/745 2785/248/745
f 2786/249/746 2788/250/746 2785/248/746
f 2791/251/747 2790/252/747 2789/253/747
f 2792/254/748 2789/253/748 2790/252/748
f 2793/255/749 2789/253/749 2792/254/749
f 2794/256/750 2792/254/750 2790/252/750
f 2797/249/751 2796/257/751 2795/250/751
f 2796/257/751 2798/258/751 2795/250/751
f 2801/257/752 2800/259/752 2799/258/752
f 2800/259/753 2802/260/753 2799/258/753
f 2805/261/754 2804/262/754 2803/263/754
f 2806/264/755 2803/263/755 2804/262/755
f 2807/265/756 2803/263/756 2806/264/756
f 2808/266/757 2806/264/757 2804/262/757
f 2523/267/692 2522/268/692 2521/269/692
f 2526/270/693 2525/271/693 2524/267/693
f 2529/272/694 2528/273/694 2527/274/694
f 2532/273/695 2531/275/695 2530/276/695
f 2535/275/696 2534/271/696 2533/277/696
f 2538/271/758 2537/278/758 2536/267/758
f 2541/267/698 2540/279/698 2539/268/698
f 2544/272/699 2543/280/699 2542/273/699
f 2547/273/700 2546/281/700 2545/275/700
f 2550/275/701 2549/282/701 2548/271/701
f 2553/278/759 2552/279/759 2551/267/759
f 2556/279/703 2555/283/703 2554/268/703
f 2559/280/704 2558/281/704 2557/273/704
f 2562/281/705 2561/282/705 2560/275/705
s 1
f 2565/282/760 2564/278/760 2563/271/760
s 0
f 2568/278/707 2567/284/707 2566/279/707
f 2571/279/708 2570/285/708 2569/283/708
f 2574/280/709 2573/286/709 2572/281/709
f 2577/281/710 2576/287/710 2575/282/710
f 2580/282/738 2579/288/738 2578/278/738
f 2811/241/761 2810/242/761 2809/243/761
f 2810/242/762 2812/244/762 2809/243/762
f 2815/242/763 2814/245/763 2813/244/763
f 2814/245/764 2816/246/764 2813/244/764
f 2819/245/765 2818/247/765 2817/246/765
f 2818/247/766 2820/248/766 2817/246/766
s 1
f 2823/247/767 2822/249/767 2821/248/767
s 0
f 2822/249/768 2824/250/768 2821/248/768
f 2827/251/769 2826/252/769 2825/253/769
f 2828/254/770 2825/253/770 2826/252/770
f 2829/255/771 2825/253/771 2828/254/771
f 2830/256/772 2828/254/772 2826/252/772
f 2833/249/773 2832/257/773 2831/250/773
f 2832/257/773 2834/258/773 2831/250/773
f 2837/257/774 2836/259/774 2835/258/774
f 2836/259/775 2838/260/775 2835/258/775
f 2841/261/776 2840/262/776 2839/263/776
f 2842/264/777 2839/263/777 2840/262/777
f 2843/265/776 2839/263/776 2842/264/776
f 2844/266/778 2842/264/778 2840/262/778
f 2583/267/731 2582/268/731 2581/269/731
f 2586/270/693 2585/271/693 2584/267/693
f 2589/272/694 2588/273/694 2587/274/694
f 2592/273/695 2591/275/695 2590/276/695
f 2595/275/779 2594/271/779 2593/277/779
f 2598/271/697 2597/278/697 2596/267/697
f 2601/267/698 2600/279/698 2599/268/698
f 2604/272/780 2603/280/780 2602/273/780
f 2607/273/781 2606/281/781 2605/275/781
f 2610/275/701 2609/282/701 2608/271/701
f 2613/278/782 2612/279/782 2611/267/782
f 2616/279/703 2615/283/703 2614/268/703
f 2619/280/734 2618/281/734 2617/273/734
f 2622/281/705 2621/282/705 2620/275/705
f 2625/282/760 2624/278/760 2623/271/760
f 2628/278/707 2627/284/707 2626/279/707
s 1
f 2631/279/708 2630/285/708 2629/283/708
s 0
f 2634/280/709 2633/286/709 2632/281/709
f 2637/281/710 2636/287/710 2635/282/710
f 2640/282/738 2639/288/738 2638/278/738
f 2847/241/783 2846/242/783 2845/243/783
f 2846/242/784 2848/244/784 2845/243/784
f 2851/242/785 2850/245/785 2849/244/785
s 1
f 2850/245/786 2852/246/786 2849/244/786
s 0
f 2855/245/787 2854/247/787 2853/246/787
f 2854/247/787 2856/248/787 2853/246/787
f 2859/247/788 2858/249/788 2857/248/788
f 2858/249/789 2860/250/789 2857/248/789
f 2863/251/790 2862/252/790 2861/253/790
f 2864/254/791 2861/253/791 2862/252/791
f 2865/255/792 2861/253/792 2864/254/792
f 2866/256/793 2864/254/793 2862/252/793
s 1
f 2869/249/794 2868/257/794 2867/250/794
s 0
f 2868/257/795 2870/258/795 2867/250/795
f 2873/257/796 2872/259/796 2871/258/796
f 2872/259/797 2874/260/797 2871/258/797
f 2877/261/798 2876/262/798 2875/263/798
f 2878/264/799 2875/263/799 2876/262/799
f 2879/265/800 2875/263/800 2878/264/800
f 2880/266/801 2878/264/801 2876/262/801
f 2643/267/802 2642/268/802 2641/269/802
f 2646/270/693 2645/271/693 2644/267/693
f 2649/272/803 2648/273/803 2647/274/803
f 2652/273/695 2651/275/695 2650/276/695
f 2655/275/696 2654/271/696 2653/277/696
f 2658/271/758 2657/278/758 2656/267/758
f 2661/267/804 2660/279/804 2659/268/804
f 2664/272/780 2663/280/780 2662/273/780
f 2667/273/805 2666/281/805 2665/275/805
f 2670/275/806 2669/282/806 2668/271/806
f 2673/278/702 2672/279/702 2671/267/702
f 2676/279/807 2675/283/807 2674/268/807
f 2679/280/704 2678/281/704 2677/273/704
f 2682/281/735 2681/282/735 2680/275/735
f 2685/282/808 2684/278/808 2683/271/808
f 2688/278/707 2687/284/707 2686/279/707
f 2691/279/708 2690/285/708 2689/283/708
f 2694/280/809 2693/286/809 2692/281/809
f 2697/281/810 2696/287/810 2695/282/810
f 2700/282/738 2699/288/738 2698/278/738
o ironStructure_0004
v -1.404455 5.000898 -0.784461
v -1.111222 0.009896 -0.846962
v -1.441978 5.000898 -0.960507
v -1.111222 0.009896 -0.846962
v -1.148745 0.009896 -1.023007
v -1.441978 5.000898 -0.960507
v -1.617707 4.990105 -0.923052
v -1.324474 -0.000898 -0.985552
v -1.580184 4.990105 -0.747006
v -1.324474 -0.000898 -0.985552
v -1.286951 -0.000898 -0.809506
v -1.580184 4.990105 -0.747006
v -1.617707 4.990105 -0.923052
v -1.580184 4.990105 -0.747006
v -1.441978 5.000898 -0.960507
v -1.580184 4.990105 -0.747006
v -1.404455 5.000898 -0.784461
v -1.441978 5.000898 -0.960507
v -1.286951 -0.000898 -0.809506
v -1.324474 -0.000898 -0.985552
v -1.111222 0.009896 -0.846962
v -1.324474 -0.000898 -0.985552
v -1.148745 0.009896 -1.023007
v -1.111222 0.009896 -0.846962
v -1.580184 4.990105 -0.747006
v -1.286951 -0.000898 -0.809506
v -1.404455 5.000898 -0.784461
v -1.286951 -0.000898 -0.809506
v -1.111222 0.009896 -0.846962
v -1.404455 5.000898 -0.784461
v -1.441978 5.000898 -0.960507
v -1.148745 0.009896 -1.023007
v -1.617707 4.990105 -0.923052
v -1.148745 0.009896 -1.023007
v -1.324474 -0.000898 -0.985552
v -1.617707 4.990105 -0.923052
vn 0.9763 0.0600 -0.2081
vn -0.9763 -0.0600 0.2081
vn -0.0586 0.9982 0.0125
vn 0.0586 -0.9982 -0.0125
vn 0.2085 -0.0000 0.9780
vn -0.2085 -0.0000 -0.9780
vt 0.000000 1.000000
vt 1.000000 0.000000
vt 0.000000 0.000000
vt 1.000000 1.000000
s 0
usemtl Material_2
f 2882/289/811 2883/290/811 2881/291/811
f 2885/292/811 2886/290/811 2884/289/811
f 2888/289/812 2889/290/812 2887/291/812
f 2891/292/812 2892/290/812 2890/289/812
f 2894/289/813 2895/290/813 2893/291/813
f 2897/292/813 2898/290/813 2896/289/813
f 2900/289/814 2901/290/814 2899/291/814
f 2903/292/814 2904/290/814 2902/289/814
f 2906/289/815 2907/290/815 2905/291/815
f 2909/292/815 2910/290/815 2908/289/815
f 2912/289/816 2913/290/816 2911/291/816
f 2915/292/816 2916/290/816 2914/289/816
o ironStructure_0014
v -0.631764 4.990105 1.402509
v -0.924998 -0.000898 1.465010
v -0.669287 4.990105 1.226464
v -0.924998 -0.000898 1.465010
v -0.962520 -0.000898 1.288964
v -0.669287 4.990105 1.226464
v -0.845016 5.000898 1.263919
v -1.138249 0.009896 1.326419
v -0.807493 5.000898 1.439965
v -1.138249 0.009896 1.326419
v -1.100726 0.009896 1.502465
v -0.807493 5.000898 1.439965
v -0.845016 5.000898 1.263919
v -0.807493 5.000898 1.439965
v -0.669287 4.990105 1.226464
v -0.807493 5.000898 1.439965
v -0.631764 4.990105 1.402509
v -0.669287 4.990105 1.226464
v -1.100726 0.009896 1.502465
v -1.138249 0.009896 1.326419
v -0.924998 -0.000898 1.465010
v -1.138249 0.009896 1.326419
v -0.962520 -0.000898 1.288964
v -0.924998 -0.000898 1.465010
v -0.807493 5.000898 1.439965
v -1.100726 0.009896 1.502465
v -0.631764 4.990105 1.402509
v -1.100726 0.009896 1.502465
v -0.924998 -0.000898 1.465010
v -0.631764 4.990105 1.402509
v -0.669287 4.990105 1.226464
v -0.962520 -0.000898 1.288964
v -0.845016 5.000898 1.263919
v -0.962520 -0.000898 1.288964
v -1.138249 0.009896 1.326419
v -0.845016 5.000898 1.263919
vn 0.9763 -0.0600 -0.2081
vn -0.9763 0.0600 0.2081
vn 0.0586 0.9982 -0.0125
vn -0.0586 -0.9982 0.0125
vn 0.2085 -0.0000 0.9780
vn -0.2085 -0.0000 -0.9780
vt 0.000000 1.000000
vt 1.000000 0.000000
vt 0.000000 0.000000
vt 1.000000 1.000000
s 0
usemtl Material_2
f 2918/293/817 2919/294/817 2917/295/817
f 2921/296/817 2922/294/817 2920/293/817
f 2924/293/818 2925/294/818 2923/295/818
f 2927/296/818 2928/294/818 2926/293/818
f 2930/293/819 2931/294/819 2929/295/819
f 2933/296/819 2934/294/819 2932/293/819
f 2936/293/820 2937/294/820 2935/295/820
f 2939/296/820 2940/294/820 2938/293/820
f 2942/293/821 2943/294/821 2941/295/821
f 2945/296/821 2946/294/821 2944/293/821
f 2948/293/822 2949/294/822 2947/295/822
f 2951/296/822 2952/294/822 2950/293/822
o ironStructure_0024
v 1.138249 4.990105 -1.326419
v 0.845016 -0.000898 -1.263919
v 1.100726 4.990105 -1.502465
v 0.845016 -0.000898 -1.263919
v 0.807493 -0.000898 -1.439965
v 1.100726 4.990105 -1.502465
v 0.924998 5.000898 -1.465010
v 0.631764 0.009896 -1.402509
v 0.962520 5.000898 -1.288964
v 0.631764 0.009896 -1.402509
v 0.669287 0.009896 -1.226464
v 0.962520 5.000898 -1.288964
v 0.924998 5.000898 -1.465010
v 0.962520 5.000898 -1.288964
v 1.100726 4.990105 -1.502465
v 0.962520 5.000898 -1.288964
v 1.138249 4.990105 -1.326419
v 1.100726 4.990105 -1.502465
v 0.669287 0.009896 -1.226464
v 0.631764 0.009896 -1.402509
v 0.845016 -0.000898 -1.263919
v 0.631764 0.009896 -1.402509
v 0.807493 -0.000898 -1.439965
v 0.845016 -0.000898 -1.263919
v 0.962520 5.000898 -1.288964
v 0.669287 0.009896 -1.226464
v 1.138249 4.990105 -1.326419
v 0.669287 0.009896 -1.226464
v 0.845016 -0.000898 -1.263919
v 1.138249 4.990105 -1.326419
v 1.100726 4.990105 -1.502465
v 0.807493 -0.000898 -1.439965
v 0.924998 5.000898 -1.465010
v 0.807493 -0.000898 -1.439965
v 0.631764 0.009896 -1.402509
v 0.924998 5.000898 -1.465010
vn 0.9763 -0.0600 -0.2081
vn -0.9763 0.0600 0.2081
vn 0.0586 0.9982 -0.0125
vn -0.0586 -0.9982 0.0125
vn 0.2085 -0.0000 0.9780
vn -0.2085 -0.0000 -0.9780
vt 0.000000 1.000000
vt 1.000000 0.000000
vt 0.000000 0.000000
vt 1.000000 1.000000
s 0
usemtl Material_2
f 2954/297/823 2955/298/823 2953/299/823
f 2957/300/823 2958/298/823 2956/297/823
f 2960/297/824 2961/298/824 2959/299/824
f 2963/300/824 2964/298/824 2962/297/824
f 2966/297/825 2967/298/825 2965/299/825
f 2969/300/825 2970/298/825 2968/297/825
f 2972/297/826 2973/298/826 2971/299/826
f 2975/300/826 2976/298/826 2974/297/826
f 2978/297/827 2979/298/827 2977/299/827
f 2981/300/827 2982/298/827 2980/297/827
f 2984/297/828 2985/298/828 2983/299/828
f 2987/300/828 2988/298/828 2986/297/828
o ironStructure_0033
v 1.324474 5.000898 0.985552
v 1.617707 0.009896 0.923052
v 1.286951 5.000898 0.809506
v 1.617707 0.009896 0.923052
v 1.580184 0.009896 0.747006
v 1.286951 5.000898 0.809506
v 1.111222 4.990105 0.846962
v 1.404455 -0.000898 0.784461
v 1.148745 4.990105 1.023007
v 1.404455 -0.000898 0.784461
v 1.441978 -0.000898 0.960507
v 1.148745 4.990105 1.023007
v 1.111222 4.990105 0.846962
v 1.148745 4.990105 1.023007
v 1.286951 5.000898 0.809506
v 1.148745 4.990105 1.023007
v 1.324474 5.000898 0.985552
v 1.286951 5.000898 0.809506
v 1.441978 -0.000898 0.960507
v 1.404455 -0.000898 0.784461
v 1.617707 0.009896 0.923052
v 1.404455 -0.000898 0.784461
v 1.580184 0.009896 0.747006
v 1.617707 0.009896 0.923052
v 1.148745 4.990105 1.023007
v 1.441978 -0.000898 0.960507
v 1.324474 5.000898 0.985552
v 1.441978 -0.000898 0.960507
v 1.617707 0.009896 0.923052
v 1.324474 5.000898 0.985552
v 1.286951 5.000898 0.809506
v 1.580184 0.009896 0.747006
v 1.111222 4.990105 0.846962
v 1.580184 0.009896 0.747006
v 1.404455 -0.000898 0.784461
v 1.111222 4.990105 0.846962
vn 0.9763 0.0600 -0.2081
vn -0.9763 -0.0600 0.2081
vn -0.0586 0.9982 0.0125
vn 0.0586 -0.9982 -0.0125
vn 0.2085 -0.0000 0.9780
vn -0.2085 -0.0000 -0.9780
vt 0.000000 1.000000
vt 1.000000 0.000000
vt 0.000000 0.000000
vt 1.000000 1.000000
s 0
usemtl Material_2
f 2990/301/829 2991/302/829 2989/303/829
f 2993/304/829 2994/302/829 2992/301/829
f 2996/301/830 2997/302/830 2995/303/830
f 2999/304/830 3000/302/830 2998/301/830
f 3002/301/831 3003/302/831 3001/303/831
f 3005/304/831 3006/302/831 3004/301/831
f 3008/301/832 3009/302/832 3007/303/832
f 3011/304/832 3012/302/832 3010/301/832
f 3014/301/833 3015/302/833 3013/303/833
f 3017/304/833 3018/302/833 3016/301/833
f 3020/301/834 3021/302/834 3019/303/834
f 3023/304/834 3024/302/834 3022/301/834
o metalStructure_0004
v 2.133864 6.830982 1.385615
v 2.136798 6.681013 1.384990
v 1.383409 6.830982 -2.135296
v 2.136798 6.681013 1.384990
v 1.386343 6.681013 -2.135921
v 1.383409 6.830982 -2.135296
v -2.136798 6.758987 -1.384990
v -2.133864 6.609017 -1.385615
v -1.386343 6.758987 2.135921
v -2.133864 6.609017 -1.385615
v -1.383409 6.609017 2.135296
v -1.386343 6.758987 2.135921
v -2.136798 6.758987 -1.384990
v -1.386343 6.758987 2.135921
v 1.383409 6.830982 -2.135296
v -1.386343 6.758987 2.135921
v 2.133864 6.830982 1.385615
v 1.383409 6.830982 -2.135296
v -1.383409 6.609017 2.135296
v -2.133864 6.609017 -1.385615
v 2.136798 6.681013 1.384990
v -2.133864 6.609017 -1.385615
v 1.386343 6.681013 -2.135921
v 2.136798 6.681013 1.384990
v -1.386343 6.758987 2.135921
v -1.383409 6.609017 2.135296
v 2.133864 6.830982 1.385615
v -1.383409 6.609017 2.135296
v 2.136798 6.681013 1.384990
v 2.133864 6.830982 1.385615
v 1.383409 6.830982 -2.135296
v 1.386343 6.681013 -2.135921
v -2.136798 6.758987 -1.384990
v 1.386343 6.681013 -2.135921
v -2.133864 6.609017 -1.385615
v -2.136798 6.758987 -1.384990
vn 0.9778 0.0200 -0.2084
vn -0.9778 -0.0200 0.2084
vn -0.0196 0.9998 0.0042
vn 0.0196 -0.9998 -0.0042
vn 0.2085 -0.0000 0.9780
vn -0.2085 -0.0000 -0.9780
vt 0.000000 1.000000
vt 1.000000 0.000000
vt 0.000000 0.000000
vt 1.000000 1.000000
s 0
usemtl Material_2
f 3026/305/835 3027/306/835 3025/307/835
f 3029/308/835 3030/306/835 3028/305/835
f 3032/305/836 3033/306/836 3031/307/836
f 3035/308/836 3036/306/836 3034/305/836
f 3038/305/837 3039/306/837 3037/307/837
f 3041/308/837 3042/306/837 3040/305/837
f 3044/305/838 3045/306/838 3043/307/838
f 3047/308/838 3048/306/838 3046/305/838
f 3050/305/839 3051/306/839 3049/307/839
f 3053/308/839 3054/306/839 3052/305/839
f 3056/305/840 3057/306/840 3055/307/840
f 3059/308/840 3060/306/840 3058/305/840
o redStructure_0003
v 1.098852 5.858410 1.565322
v 1.049599 5.140173 1.575820
v 1.082175 5.858410 1.487080
v 1.049599 5.140173 1.575820
v 1.032922 5.140173 1.497578
v 1.082175 5.858410 1.487080
v -0.332497 5.959827 1.788606
v -0.381750 5.241590 1.799104
v -0.315820 5.959827 1.866849
v -0.381750 5.241590 1.799104
v -0.365073 5.241590 1.877347
v -0.315820 5.959827 1.866849
v -0.332497 5.959827 1.788606
v -0.315820 5.959827 1.866849
v 1.082175 5.858410 1.487080
v -0.315820 5.959827 1.866849
v 1.098852 5.858410 1.565322
v 1.082175 5.858410 1.487080
v -0.365073 5.241590 1.877347
v -0.381750 5.241590 1.799104
v 1.049599 5.140173 1.575820
v -0.381750 5.241590 1.799104
v 1.032922 5.140173 1.497578
v 1.049599 5.140173 1.575820
v -0.315820 5.959827 1.866849
v -0.365073 5.241590 1.877347
v 1.098852 5.858410 1.565322
v -0.365073 5.241590 1.877347
v 1.049599 5.140173 1.575820
v 1.098852 5.858410 1.565322
v 1.082175 5.858410 1.487080
v 1.032922 5.140173 1.497578
v -0.332497 5.959827 1.788606
v 1.032922 5.140173 1.497578
v -0.381750 5.241590 1.799104
v -0.332497 5.959827 1.788606
vn 0.9756 -0.0699 -0.2079
vn -0.9756 0.0699 0.2079
vn 0.0684 0.9976 -0.0146
vn -0.0684 -0.9976 0.0146
vn 0.2085 -0.0000 0.9780
vn -0.2085 -0.0000 -0.9780
vt 0.000000 1.000000
vt 1.000000 0.000000
vt 0.000000 0.000000
vt 1.000000 1.000000
s 0
usemtl Material_4
f 3062/309/841 3063/310/841 3061/311/841
f 3065/312/841 3066/310/841 3064/309/841
f 3068/309/842 3069/310/842 3067/311/842
f 3071/312/842 3072/310/842 3070/309/842
f 3074/309/843 3075/310/843 3073/311/843
f 3077/312/843 3078/310/843 3076/309/843
f 3080/309/844 3081/310/844 3079/311/844
f 3083/312/844 3084/310/844 3082/309/844
f 3086/309/845 3087/310/845 3085/311/845
f 3089/312/845 3090/310/845 3088/309/845
f 3092/309/846 3093/310/846 3091/311/846
f 3095/312/846 3096/310/846 3094/309/846
o tankInstances_0002
v 0.349170 6.650000 1.638202
v 0.349170 4.250000 1.638202
v 1.405283 6.650000 0.911482
v 0.349170 4.250000 1.638202
v 1.405283 4.250000 0.911482
v 1.405283 6.650000 0.911482
v 1.405283 6.650000 0.911482
v 1.405283 4.250000 0.911482
v 1.638202 6.650000 -0.349170
v 1.405283 4.250000 0.911482
v 1.638202 4.250000 -0.349170
v 1.638202 6.650000 -0.349170
v 1.638202 6.650000 -0.349170
v 1.638202 4.250000 -0.349170
v 0.911482 6.650000 -1.405283
v 1.638202 4.250000 -0.349170
v 0.911482 4.250000 -1.405283
v 0.911482 6.650000 -1.405283
v 0.911482 6.650000 -1.405283
v 0.911482 4.250000 -1.405283
v -0.349170 6.650000 -1.638202
v 0.911482 4.250000 -1.405283
v -0.349170 4.250000 -1.638202
v -0.349170 6.650000 -1.638202
v -0.349170 6.650000 -1.638202
v -0.349170 4.250000 -1.638202
v -1.405283 6.650000 -0.911482
v -0.349170 4.250000 -1.638202
v -1.405283 4.250000 -0.911482
v -1.405283 6.650000 -0.911482
v -1.405283 6.650000 -0.911482
v -1.405283 4.250000 -0.911482
v -1.638202 6.650000 0.349170
v -1.405283 4.250000 -0.911482
v -1.638202 4.250000 0.349170
v -1.638202 6.650000 0.349170
v -1.638202 6.650000 0.349170
v -1.638202 4.250000 0.349170
v -0.911482 6.650000 1.405283
v -1.638202 4.250000 0.349170
v -0.911482 4.250000 1.405283
v -0.911482 6.650000 1.405283
v -0.911482 6.650000 1.405283
v -0.911482 4.250000 1.405283
v 0.349170 6.650000 1.638202
v -0.911482 4.250000 1.405283
v 0.349170 4.250000 1.638202
v 0.349170 6.650000 1.638202
v 0.349170 6.650000 1.638202
v 1.405283 6.650000 0.911482
v 0.000000 6.650000 0.000000
v 1.405283 6.650000 0.911482
v 1.638202 6.650000 -0.349170
v 0.000000 6.650000 0.000000
v 1.638202 6.650000 -0.349170
v 0.911482 6.650000 -1.405283
v 0.000000 6.650000 0.000000
v 0.911482 6.650000 -1.405283
v -0.349170 6.650000 -1.638202
v 0.000000 6.650000 0.000000
v -0.349170 6.650000 -1.638202
v -1.405283 6.650000 -0.911482
v 0.000000 6.650000 0.000000
v -1.405283 6.650000 -0.911482
v -1.638202 6.650000 0.349170
v 0.000000 6.650000 0.000000
v -1.638202 6.650000 0.349170
v -0.911482 6.650000 1.405283
v 0.000000 6.650000 0.000000
v -0.911482 6.650000 1.405283
v 0.349170 6.650000 1.638202
v 0.000000 6.650000 0.000000
v 1.405283 4.250000 0.911482
v 0.349170 4.250000 1.638202
v 0.000000 4.250000 0.000000
v 1.638202 4.250000 -0.349170
v 1.405283 4.250000 0.911482
v 0.000000 4.250000 0.000000
v 0.911482 4.250000 -1.405283
v 1.638202 4.250000 -0.349170
v 0.000000 4.250000 0.000000
v -0.349170 4.250000 -1.638202
v 0.911482 4.250000 -1.405283
v 0.000000 4.250000 0.000000
v -1.405283 4.250000 -0.911482
v -0.349170 4.250000 -1.638202
v 0.000000 4.250000 0.000000
v -1.638202 4.250000 0.349170
v -1.405283 4.250000 -0.911482
v 0.000000 4.250000 0.000000
v -0.911482 4.250000 1.405283
v -1.638202 4.250000 0.349170
v 0.000000 4.250000 0.000000
v 0.349170 4.250000 1.638202
v -0.911482 4.250000 1.405283
v 0.000000 4.250000 0.000000
vn 0.5669 -0.0000 0.8238
vn 0.9834 -0.0000 0.1817
vn 0.8238 -0.0000 -0.5669
vn 0.1817 -0.0000 -0.9834
vn -0.5669 -0.0000 -0.8238
vn -0.9834 -0.0000 -0.1817
vn -0.8238 -0.0000 0.5669
vn -0.1817 -0.0000 0.9834
vn -0.0000 1.0000 -0.0000
vn -0.0000 -1.0000 -0.0000
vt 0.000000 1.000000
vt 0.125000 0.000000
vt 0.000000 0.000000
vt 0.125000 1.000000
vt 0.250000 0.000000
vt 0.250000 1.000000
vt 0.375000 0.000000
vt 0.375000 1.000000
vt 0.500000 0.000000
vt 0.500000 1.000000
vt 0.625000 0.000000
vt 0.625000 1.000000
vt 0.750000 0.000000
vt 0.750000 1.000000
vt 0.875000 0.000000
vt 0.875000 1.000000
vt 1.000000 0.000000
vt 1.000000 1.000000
vt 0.853553 0.146447
vt 0.500000 0.500000
vt 1.000000 0.500000
vt 0.146447 0.146447
vt 0.000000 0.500000
vt 0.146447 0.853553
vt 0.853553 0.853553
s 0
usemtl Material_2
f 3098/313/847 3099/314/847 3097/315/847
f 3101/316/847 3102/314/847 3100/313/847
f 3104/316/848 3105/317/848 3103/314/848
f 3107/318/848 3108/317/848 3106/316/848
f 3110/318/849 3111/319/849 3109/317/849
f 3113/320/849 3114/319/849 3112/318/849
f 3116/320/850 3117/321/850 3115/319/850
f 3119/322/850 3120/321/850 3118/320/850
f 3122/322/851 3123/323/851 3121/321/851
f 3125/324/851 3126/323/851 3124/322/851
f 3128/324/852 3129/325/852 3127/323/852
f 3131/326/852 3132/325/852 3130/324/852
f 3134/326/853 3135/327/853 3133/325/853
f 3137/328/853 3138/327/853 3136/326/853
f 3140/328/854 3141/329/854 3139/327/854
f 3143/330/854 3144/329/854 3142/328/854
f 3146/331/855 3147/332/855 3145/333/855
f 3149/321/855 3150/332/855 3148/331/855
f 3152/334/855 3153/332/855 3151/321/855
f 3155/335/855 3156/332/855 3154/334/855
f 3158/336/855 3159/332/855 3157/335/855
f 3161/322/855 3162/332/855 3160/336/855
f 3164/337/855 3165/332/855 3163/322/855
f 3167/333/855 3168/332/855 3166/337/855
f 3170/333/856 3171/332/856 3169/337/856
f 3173/337/856 3174/332/856 3172/322/856
f 3176/322/856 3177/332/856 3175/336/856
f 3179/336/856 3180/332/856 3178/335/856
f 3182/335/856 3183/332/856 3181/334/856
f 3185/334/856 3186/332/856 3184/321/856
f 3188/321/856 3189/332/856 3187/331/856
f 3191/331/856 3192/332/856 3190/333/856
o MilitaryStructure4
v 0.005504 0.352500 1.992629
v 0.786643 0.352500 1.723889
v 0.807489 0.352500 1.821692
v -0.015342 0.352500 1.894826
v 0.005504 0.287500 1.992629
v 0.786643 0.287500 1.723889
v 0.807489 0.287500 1.821692
v -0.015342 0.287500 1.894826
v 0.807489 0.352500 1.821692
v -0.015342 0.352500 1.894826
v 0.786643 0.352500 1.723889
v 0.005504 0.352500 1.992629
v 0.807489 0.287500 1.821692
v -0.015342 0.287500 1.894826
v 0.786643 0.287500 1.723889
v 0.005504 0.287500 1.992629
v 0.807489 0.352500 1.821692
v 0.005504 0.287500 1.992629
v 0.005504 0.352500 1.992629
v 0.807489 0.287500 1.821692
v 0.786643 0.352500 1.723889
v -0.015342 0.287500 1.894826
v -0.015342 0.352500 1.894826
v 0.786643 0.287500 1.723889
v 0.005504 0.766786 1.992629
v 0.786643 0.766786 1.723889
v 0.807489 0.766786 1.821692
v -0.015342 0.766786 1.894826
v 0.005504 0.701786 1.992629
v 0.786643 0.701786 1.723889
v 0.807489 0.701786 1.821692
v -0.015342 0.701786 1.894826
v 0.807489 0.766786 1.821692
v -0.015342 0.766786 1.894826
v 0.786643 0.766786 1.723889
v 0.005504 0.766786 1.992629
v 0.807489 0.701786 1.821692
v -0.015342 0.701786 1.894826
v 0.786643 0.701786 1.723889
v 0.005504 0.701786 1.992629
v 0.807489 0.766786 1.821692
v 0.005504 0.701786 1.992629
v 0.005504 0.766786 1.992629
v 0.807489 0.701786 1.821692
v 0.786643 0.766786 1.723889
v -0.015342 0.701786 1.894826
v -0.015342 0.766786 1.894826
v 0.786643 0.701786 1.723889
v 0.005504 1.181071 1.992629
v 0.786643 1.181071 1.723889
v 0.807489 1.181071 1.821692
v -0.015342 1.181071 1.894826
v 0.005504 1.116071 1.992629
v 0.786643 1.116071 1.723889
v 0.807489 1.116071 1.821692
v -0.015342 1.116071 1.894826
v 0.807489 1.181071 1.821692
v -0.015342 1.181071 1.894826
v 0.786643 1.181071 1.723889
v 0.005504 1.181071 1.992629
v 0.807489 1.116071 1.821692
v -0.015342 1.116071 1.894826
v 0.786643 1.116071 1.723889
v 0.005504 1.116071 1.992629
v 0.807489 1.181071 1.821692
v 0.005504 1.116071 1.992629
v 0.005504 1.181071 1.992629
v 0.807489 1.116071 1.821692
v 0.786643 1.181071 1.723889
v -0.015342 1.116071 1.894826
v -0.015342 1.181071 1.894826
v 0.786643 1.116071 1.723889
v 0.005504 1.595357 1.992629
v 0.786643 1.595357 1.723889
v 0.807489 1.595357 1.821692
v -0.015342 1.595357 1.894826
v 0.005504 1.530357 1.992629
v 0.786643 1.530357 1.723889
v 0.807489 1.530357 1.821692
v -0.015342 1.530357 1.894826
v 0.807489 1.595357 1.821692
v -0.015342 1.595357 1.894826
v 0.786643 1.595357 1.723889
v 0.005504 1.595357 1.992629
v 0.807489 1.530357 1.821692
v -0.015342 1.530357 1.894826
v 0.786643 1.530357 1.723889
v 0.005504 1.530357 1.992629
v 0.807489 1.595357 1.821692
v 0.005504 1.530357 1.992629
v 0.005504 1.595357 1.992629
v 0.807489 1.530357 1.821692
v 0.786643 1.595357 1.723889
v -0.015342 1.530357 1.894826
v -0.015342 1.595357 1.894826
v 0.786643 1.530357 1.723889
v 0.005504 2.009643 1.992629
v 0.786643 2.009643 1.723889
v 0.807489 2.009643 1.821692
v -0.015342 2.009643 1.894826
v 0.005504 1.944643 1.992629
v 0.786643 1.944643 1.723889
v 0.807489 1.944643 1.821692
v -0.015342 1.944643 1.894826
v 0.807489 2.009643 1.821692
v -0.015342 2.009643 1.894826
v 0.786643 2.009643 1.723889
v 0.005504 2.009643 1.992629
v 0.807489 1.944643 1.821692
v -0.015342 1.944643 1.894826
v 0.786643 1.944643 1.723889
v 0.005504 1.944643 1.992629
v 0.807489 2.009643 1.821692
v 0.005504 1.944643 1.992629
v 0.005504 2.009643 1.992629
v 0.807489 1.944643 1.821692
v 0.786643 2.009643 1.723889
v -0.015342 1.944643 1.894826
v -0.015342 2.009643 1.894826
v 0.786643 1.944643 1.723889
v 0.005504 2.423928 1.992629
v 0.786643 2.423928 1.723889
v 0.807489 2.423928 1.821692
v -0.015342 2.423928 1.894826
v 0.005504 2.358928 1.992629
v 0.786643 2.358928 1.723889
v 0.807489 2.358928 1.821692
v -0.015342 2.358928 1.894826
v 0.807489 2.423928 1.821692
v -0.015342 2.423928 1.894826
v 0.786643 2.423928 1.723889
v 0.005504 2.423928 1.992629
v 0.807489 2.358928 1.821692
v -0.015342 2.358928 1.894826
v 0.786643 2.358928 1.723889
v 0.005504 2.358928 1.992629
v 0.807489 2.423928 1.821692
v 0.005504 2.358928 1.992629
v 0.005504 2.423928 1.992629
v 0.807489 2.358928 1.821692
v 0.786643 2.423928 1.723889
v -0.015342 2.358928 1.894826
v -0.015342 2.423928 1.894826
v 0.786643 2.358928 1.723889
v 0.005504 2.838214 1.992629
v 0.786643 2.838214 1.723889
v 0.807489 2.838214 1.821692
v -0.015342 2.838214 1.894826
v 0.005504 2.773214 1.992629
v 0.786643 2.773214 1.723889
v 0.807489 2.773214 1.821692
v -0.015342 2.773214 1.894826
v 0.807489 2.838214 1.821692
v -0.015342 2.838214 1.894826
v 0.786643 2.838214 1.723889
v 0.005504 2.838214 1.992629
v 0.807489 2.773214 1.821692
v -0.015342 2.773214 1.894826
v 0.786643 2.773214 1.723889
v 0.005504 2.773214 1.992629
v 0.807489 2.838214 1.821692
v 0.005504 2.773214 1.992629
v 0.005504 2.838214 1.992629
v 0.807489 2.773214 1.821692
v 0.786643 2.838214 1.723889
v -0.015342 2.773214 1.894826
v -0.015342 2.838214 1.894826
v 0.786643 2.773214 1.723889
v 0.005504 3.252500 1.992629
v 0.786643 3.252500 1.723889
v 0.807489 3.252500 1.821692
v -0.015342 3.252500 1.894826
v 0.005504 3.187500 1.992629
v 0.786643 3.187500 1.723889
v 0.807489 3.187500 1.821692
v -0.015342 3.187500 1.894826
v 0.807489 3.252500 1.821692
v -0.015342 3.252500 1.894826
v 0.786643 3.252500 1.723889
v 0.005504 3.252500 1.992629
v 0.807489 3.187500 1.821692
v -0.015342 3.187500 1.894826
v 0.786643 3.187500 1.723889
v 0.005504 3.187500 1.992629
v 0.807489 3.252500 1.821692
v 0.005504 3.187500 1.992629
v 0.005504 3.252500 1.992629
v 0.807489 3.187500 1.821692
v 0.786643 3.252500 1.723889
v -0.015342 3.187500 1.894826
v -0.015342 3.252500 1.894826
v 0.786643 3.187500 1.723889
v 0.005504 3.666786 1.992629
v 0.786643 3.666786 1.723889
v 0.807489 3.666786 1.821692
v -0.015342 3.666786 1.894826
v 0.005504 3.601786 1.992629
v 0.786643 3.601786 1.723889
v 0.807489 3.601786 1.821692
v -0.015342 3.601786 1.894826
v 0.807489 3.666786 1.821692
v -0.015342 3.666786 1.894826
v 0.786643 3.666786 1.723889
v 0.005504 3.666786 1.992629
v 0.807489 3.601786 1.821692
v -0.015342 3.601786 1.894826
v 0.786643 3.601786 1.723889
v 0.005504 3.601786 1.992629
v 0.807489 3.666786 1.821692
v 0.005504 3.601786 1.992629
v 0.005504 3.666786 1.992629
v 0.807489 3.601786 1.821692
v 0.786643 3.666786 1.723889
v -0.015342 3.601786 1.894826
v -0.015342 3.666786 1.894826
v 0.786643 3.601786 1.723889
v 0.005504 4.081071 1.992629
v 0.786643 4.081071 1.723889
v 0.807489 4.081071 1.821692
v -0.015342 4.081071 1.894826
v 0.005504 4.016072 1.992629
v 0.786643 4.016072 1.723889
v 0.807489 4.016072 1.821692
v -0.015342 4.016072 1.894826
v 0.807489 4.081071 1.821692
v -0.015342 4.081071 1.894826
v 0.786643 4.081071 1.723889
v 0.005504 4.081071 1.992629
v 0.807489 4.016072 1.821692
v -0.015342 4.016072 1.894826
v 0.786643 4.016072 1.723889
v 0.005504 4.016072 1.992629
v 0.807489 4.081071 1.821692
v 0.005504 4.016072 1.992629
v 0.005504 4.081071 1.992629
v 0.807489 4.016072 1.821692
v 0.786643 4.081071 1.723889
v -0.015342 4.016072 1.894826
v -0.015342 4.081071 1.894826
v 0.786643 4.016072 1.723889
v 0.005504 4.495357 1.992629
v 0.786643 4.495357 1.723889
v 0.807489 4.495357 1.821692
v -0.015342 4.495357 1.894826
v 0.005504 4.430357 1.992629
v 0.786643 4.430357 1.723889
v 0.807489 4.430357 1.821692
v -0.015342 4.430357 1.894826
v 0.807489 4.495357 1.821692
v -0.015342 4.495357 1.894826
v 0.786643 4.495357 1.723889
v 0.005504 4.495357 1.992629
v 0.807489 4.430357 1.821692
v -0.015342 4.430357 1.894826
v 0.786643 4.430357 1.723889
v 0.005504 4.430357 1.992629
v 0.807489 4.495357 1.821692
v 0.005504 4.430357 1.992629
v 0.005504 4.495357 1.992629
v 0.807489 4.430357 1.821692
v 0.786643 4.495357 1.723889
v -0.015342 4.430357 1.894826
v -0.015342 4.495357 1.894826
v 0.786643 4.430357 1.723889
v 0.005504 4.909643 1.992629
v 0.786643 4.909643 1.723889
v 0.807489 4.909643 1.821692
v -0.015342 4.909643 1.894826
v 0.005504 4.844643 1.992629
v 0.786643 4.844643 1.723889
v 0.807489 4.844643 1.821692
v -0.015342 4.844643 1.894826
v 0.807489 4.909643 1.821692
v -0.015342 4.909643 1.894826
v 0.786643 4.909643 1.723889
v 0.005504 4.909643 1.992629
v 0.807489 4.844643 1.821692
v -0.015342 4.844643 1.894826
v 0.786643 4.844643 1.723889
v 0.005504 4.844643 1.992629
v 0.807489 4.909643 1.821692
v 0.005504 4.844643 1.992629
v 0.005504 4.909643 1.992629
v 0.807489 4.844643 1.821692
v 0.786643 4.909643 1.723889
v -0.015342 4.844643 1.894826
v -0.015342 4.909643 1.894826
v 0.786643 4.844643 1.723889
v 0.005504 5.323928 1.992629
v 0.786643 5.323928 1.723889
v 0.807489 5.323928 1.821692
v -0.015342 5.323928 1.894826
v 0.005504 5.258929 1.992629
v 0.786643 5.258929 1.723889
v 0.807489 5.258929 1.821692
v -0.015342 5.258929 1.894826
v 0.807489 5.323928 1.821692
v -0.015342 5.323928 1.894826
v 0.786643 5.323928 1.723889
v 0.005504 5.323928 1.992629
v 0.807489 5.258929 1.821692
v -0.015342 5.258929 1.894826
v 0.786643 5.258929 1.723889
v 0.005504 5.258929 1.992629
v 0.807489 5.323928 1.821692
v 0.005504 5.258929 1.992629
v 0.005504 5.323928 1.992629
v 0.807489 5.258929 1.821692
v 0.786643 5.323928 1.723889
v -0.015342 5.258929 1.894826
v -0.015342 5.323928 1.894826
v 0.786643 5.258929 1.723889
v 0.005504 5.738214 1.992629
v 0.786643 5.738214 1.723889
v 0.807489 5.738214 1.821692
v -0.015342 5.738214 1.894826
v 0.005504 5.673214 1.992629
v 0.786643 5.673214 1.723889
v 0.807489 5.673214 1.821692
v -0.015342 5.673214 1.894826
v 0.807489 5.738214 1.821692
v -0.015342 5.738214 1.894826
v 0.786643 5.738214 1.723889
v 0.005504 5.738214 1.992629
v 0.807489 5.673214 1.821692
v -0.015342 5.673214 1.894826
v 0.786643 5.673214 1.723889
v 0.005504 5.673214 1.992629
v 0.807489 5.738214 1.821692
v 0.005504 5.673214 1.992629
v 0.005504 5.738214 1.992629
v 0.807489 5.673214 1.821692
v 0.786643 5.738214 1.723889
v -0.015342 5.673214 1.894826
v -0.015342 5.738214 1.894826
v 0.786643 5.673214 1.723889
v -0.376669 4.359447 0.141632
v -0.298688 4.301916 0.002315
v -0.273673 4.301916 0.119679
v -0.401684 4.359447 0.024268
v -2.439798 0.498084 0.581372
v -2.361817 0.440553 0.442056
v -2.336802 0.440553 0.559419
v -2.464814 0.498084 0.464009
v -0.273673 4.301916 0.119679
v -0.401684 4.359447 0.024268
v -0.298688 4.301916 0.002315
v -0.376669 4.359447 0.141632
v -2.336802 0.440553 0.559419
v -2.464814 0.498084 0.464009
v -2.361817 0.440553 0.442056
v -2.439798 0.498084 0.581372
v -0.273673 4.301916 0.119679
v -2.439798 0.498084 0.581372
v -0.376669 4.359447 0.141632
v -2.336802 0.440553 0.559419
v -0.298688 4.301916 0.002315
v -2.464814 0.498084 0.464009
v -0.401684 4.359447 0.024268
v -2.361817 0.440553 0.442056
v 0.298688 4.301916 -0.002315
v 0.376669 4.359447 -0.141632
v 0.401684 4.359447 -0.024268
v 0.273673 4.301916 -0.119679
v 2.361817 0.440553 -0.442056
v 2.439798 0.498084 -0.581372
v 2.464814 0.498084 -0.464009
v 2.336802 0.440553 -0.559419
v 0.401684 4.359447 -0.024268
v 0.273673 4.301916 -0.119679
v 0.376669 4.359447 -0.141632
v 0.298688 4.301916 -0.002315
v 2.464814 0.498084 -0.464009
v 2.336802 0.440553 -0.559419
v 2.439798 0.498084 -0.581372
v 2.361817 0.440553 -0.442056
v 0.401684 4.359447 -0.024268
v 2.361817 0.440553 -0.442056
v 0.298688 4.301916 -0.002315
v 2.464814 0.498084 -0.464009
v 0.376669 4.359447 -0.141632
v 2.336802 0.440553 -0.559419
v 0.273673 4.301916 -0.119679
v 2.439798 0.498084 -0.581372
v -0.070654 5.800000 2.019086
v -0.017426 5.800000 1.885045
v 0.007589 5.800000 2.002409
v -0.095669 5.800000 1.901722
v -0.070654 0.000000 2.019086
v -0.017426 0.000000 1.885045
v 0.007589 0.000000 2.002409
v -0.095669 0.000000 1.901722
v 0.007589 5.800000 2.002409
v -0.095669 5.800000 1.901722
v -0.017426 5.800000 1.885045
v -0.070654 5.800000 2.019086
v 0.007589 0.000000 2.002409
v -0.095669 0.000000 1.901722
v -0.017426 0.000000 1.885045
v -0.070654 0.000000 2.019086
v 0.007589 5.800000 2.002409
v -0.070654 0.000000 2.019086
v -0.070654 5.800000 2.019086
v 0.007589 0.000000 2.002409
v -0.017426 5.800000 1.885045
v -0.095669 0.000000 1.901722
v -0.095669 5.800000 1.901722
v -0.017426 0.000000 1.885045
v 0.809574 5.800000 1.831472
v 0.862801 5.800000 1.697432
v 0.887816 5.800000 1.814795
v 0.784559 5.800000 1.714108
v 0.809574 0.000000 1.831472
v 0.862801 0.000000 1.697432
v 0.887816 0.000000 1.814795
v 0.784559 0.000000 1.714108
v 0.887816 5.800000 1.814795
v 0.784559 5.800000 1.714108
v 0.862801 5.800000 1.697432
v 0.809574 5.800000 1.831472
v 0.887816 0.000000 1.814795
v 0.784559 0.000000 1.714108
v 0.862801 0.000000 1.697432
v 0.809574 0.000000 1.831472
v 0.887816 5.800000 1.814795
v 0.809574 0.000000 1.831472
v 0.809574 5.800000 1.831472
v 0.887816 0.000000 1.814795
v 0.862801 5.800000 1.697432
v 0.784559 0.000000 1.714108
v 0.784559 5.800000 1.714108
v 0.862801 0.000000 1.697432
vn 0.2085 -0.0000 0.9780
vn -0.2085 -0.0000 -0.9780
vn 0.9780 -0.0000 -0.2085
vn -0.9780 -0.0000 0.2085
vn -0.0000 1.0000 -0.0000
vn -0.0000 -1.0000 -0.0000
vn 0.8583 -0.4794 -0.1829
vn -0.8583 0.4794 0.1829
vn 0.4689 0.8776 -0.0999
vn -0.4689 -0.8776 0.0999
vn 0.8583 0.4794 -0.1829
vn -0.8583 -0.4794 0.1829
vn -0.4689 0.8776 0.0999
vn 0.4689 -0.8776 -0.0999
vt 0.000000 0.500000
vt 0.333333 1.000000
vt 0.000000 1.000000
vt 0.333333 0.500000
vt 0.666667 0.500000
vt 1.000000 1.000000
vt 0.666667 1.000000
vt 1.000000 0.500000
vt 0.000000 0.000000
vt 0.333333 0.000000
vt 0.666667 0.000000
vt 1.000000 0.000000
s 0
usemtl Material_2
f 3197/338/857 3195/339/857 3193/340/857
f 3197/338/857 3199/341/857 3195/339/857
f 3198/342/858 3196/343/858 3194/344/858
f 3198/342/858 3200/345/858 3196/343/858
f 3205/341/859 3203/344/859 3201/339/859
f 3205/341/859 3207/342/859 3203/344/859
f 3206/346/860 3204/341/860 3202/338/860
f 3206/346/860 3208/347/860 3204/341/860
f 3213/347/861 3211/342/861 3209/341/861
f 3213/347/861 3215/348/861 3211/342/861
f 3214/348/862 3212/345/862 3210/342/862
f 3214/348/862 3216/349/862 3212/345/862
f 3221/338/857 3219/339/857 3217/340/857
f 3221/338/857 3223/341/857 3219/339/857
f 3222/342/858 3220/343/858 3218/344/858
f 3222/342/858 3224/345/858 3220/343/858
f 3229/341/859 3227/344/859 3225/339/859
f 3229/341/859 3231/342/859 3227/344/859
f 3230/346/860 3228/341/860 3226/338/860
f 3230/346/860 3232/347/860 3228/341/860
f 3237/347/861 3235/342/861 3233/341/861
f 3237/347/861 3239/348/861 3235/342/861
f 3238/348/862 3236/345/862 3234/342/862
f 3238/348/862 3240/349/862 3236/345/862
f 3245/338/857 3243/339/857 3241/340/857
f 3245/338/857 3247/341/857 3243/339/857
f 3246/342/858 3244/343/858 3242/344/858
f 3246/342/858 3248/345/858 3244/343/858
f 3253/341/859 3251/344/859 3249/339/859
f 3253/341/859 3255/342/859 3251/344/859
f 3254/346/860 3252/341/860 3250/338/860
f 3254/346/860 3256/347/860 3252/341/860
f 3261/347/861 3259/342/861 3257/341/861
f 3261/347/861 3263/348/861 3259/342/861
f 3262/348/862 3260/345/862 3258/342/862
f 3262/348/862 3264/349/862 3260/345/862
f 3269/338/857 3267/339/857 3265/340/857
f 3269/338/857 3271/341/857 3267/339/857
f 3270/342/858 3268/343/858 3266/344/858
f 3270/342/858 3272/345/858 3268/343/858
f 3277/341/859 3275/344/859 3273/339/859
f 3277/341/859 3279/342/859 3275/344/859
f 3278/346/860 3276/341/860 3274/338/860
f 3278/346/860 3280/347/860 3276/341/860
f 3285/347/861 3283/342/861 3281/341/861
f 3285/347/861 3287/348/861 3283/342/861
f 3286/348/862 3284/345/862 3282/342/862
f 3286/348/862 3288/349/862 3284/345/862
f 3293/338/857 3291/339/857 3289/340/857
f 3293/338/857 3295/341/857 3291/339/857
f 3294/342/858 3292/343/858 3290/344/858
f 3294/342/858 3296/345/858 3292/343/858
f 3301/341/859 3299/344/859 3297/339/859
f 3301/341/859 3303/342/859 3299/344/859
f 3302/346/860 3300/341/860 3298/338/860
f 3302/346/860 3304/347/860 3300/341/860
f 3309/347/861 3307/342/861 3305/341/861
f 3309/347/861 3311/348/861 3307/342/861
f 3310/348/862 3308/345/862 3306/342/862
f 3310/348/862 3312/349/862 3308/345/862
f 3317/338/857 3315/339/857 3313/340/857
f 3317/338/857 3319/341/857 3315/339/857
f 3318/342/858 3316/343/858 3314/344/858
f 3318/342/858 3320/345/858 3316/343/858
f 3325/341/859 3323/344/859 3321/339/859
f 3325/341/859 3327/342/859 3323/344/859
f 3326/346/860 3324/341/860 3322/338/860
f 3326/346/860 3328/347/860 3324/341/860
f 3333/347/861 3331/342/861 3329/341/861
f 3333/347/861 3335/348/861 3331/342/861
f 3334/348/862 3332/345/862 3330/342/862
f 3334/348/862 3336/349/862 3332/345/862
f 3341/338/857 3339/339/857 3337/340/857
f 3341/338/857 3343/341/857 3339/339/857
f 3342/342/858 3340/343/858 3338/344/858
f 3342/342/858 3344/345/858 3340/343/858
f 3349/341/859 3347/344/859 3345/339/859
f 3349/341/859 3351/342/859 3347/344/859
f 3350/346/860 3348/341/860 3346/338/860
f 3350/346/860 3352/347/860 3348/341/860
f 3357/347/861 3355/342/861 3353/341/861
f 3357/347/861 3359/348/861 3355/342/861
f 3358/348/862 3356/345/862 3354/342/862
f 3358/348/862 3360/349/862 3356/345/862
f 3365/338/857 3363/339/857 3361/340/857
f 3365/338/857 3367/341/857 3363/339/857
f 3366/342/858 3364/343/858 3362/344/858
f 3366/342/858 3368/345/858 3364/343/858
f 3373/341/859 3371/344/859 3369/339/859
f 3373/341/859 3375/342/859 3371/344/859
f 3374/346/860 3372/341/860 3370/338/860
f 3374/346/860 3376/347/860 3372/341/860
f 3381/347/861 3379/342/861 3377/341/861
f 3381/347/861 3383/348/861 3379/342/861
f 3382/348/862 3380/345/862 3378/342/862
f 3382/348/862 3384/349/862 3380/345/862
f 3389/338/857 3387/339/857 3385/340/857
f 3389/338/857 3391/341/857 3387/339/857
f 3390/342/858 3388/343/858 3386/344/858
f 3390/342/858 3392/345/858 3388/343/858
f 3397/341/859 3395/344/859 3393/339/859
f 3397/341/859 3399/342/859 3395/344/859
f 3398/346/860 3396/341/860 3394/338/860
f 3398/346/860 3400/347/860 3396/341/860
f 3405/347/861 3403/342/861 3401/341/861
f 3405/347/861 3407/348/861 3403/342/861
f 3406/348/862 3404/345/862 3402/342/862
f 3406/348/862 3408/349/862 3404/345/862
f 3413/338/857 3411/339/857 3409/340/857
f 3413/338/857 3415/341/857 3411/339/857
f 3414/342/858 3412/343/858 3410/344/858
f 3414/342/858 3416/345/858 3412/343/858
f 3421/341/859 3419/344/859 3417/339/859
f 3421/341/859 3423/342/859 3419/344/859
f 3422/346/860 3420/341/860 3418/338/860
f 3422/346/860 3424/347/860 3420/341/860
f 3429/347/861 3427/342/861 3425/341/861
f 3429/347/861 3431/348/861 3427/342/861
f 3430/348/862 3428/345/862 3426/342/862
f 3430/348/862 3432/349/862 3428/345/862
f 3437/338/857 3435/339/857 3433/340/857
f 3437/338/857 3439/341/857 3435/339/857
f 3438/342/858 3436/343/858 3434/344/858
f 3438/342/858 3440/345/858 3436/343/858
f 3445/341/859 3443/344/859 3441/339/859
f 3445/341/859 3447/342/859 3443/344/859
f 3446/346/860 3444/341/860 3442/338/860
f 3446/346/860 3448/347/860 3444/341/860
f 3453/347/861 3451/342/861 3449/341/861
f 3453/347/861 3455/348/861 3451/342/861
f 3454/348/862 3452/345/862 3450/342/862
f 3454/348/862 3456/349/862 3452/345/862
f 3461/338/857 3459/339/857 3457/340/857
f 3461/338/857 3463/341/857 3459/339/857
f 3462/342/858 3460/343/858 3458/344/858
f 3462/342/858 3464/345/858 3460/343/858
f 3469/341/859 3467/344/859 3465/339/859
f 3469/341/859 3471/342/859 3467/344/859
f 3470/346/860 3468/341/860 3466/338/860
f 3470/346/860 3472/347/860 3468/341/860
f 3477/347/861 3475/342/861 3473/341/861
f 3477/347/861 3479/348/861 3475/342/861
f 3478/348/862 3476/345/862 3474/342/862
f 3478/348/862 3480/349/862 3476/345/862
f 3485/338/857 3483/339/857 3481/340/857
f 3485/338/857 3487/341/857 3483/339/857
f 3486/342/858 3484/343/858 3482/344/858
f 3486/342/858 3488/345/858 3484/343/858
f 3493/341/859 3491/344/859 3489/339/859
f 3493/341/859 3495/342/859 3491/344/859
f 3494/346/860 3492/341/860 3490/338/860
f 3494/346/860 3496/347/860 3492/341/860
f 3501/347/861 3499/342/861 3497/341/861
f 3501/347/861 3503/348/861 3499/342/861
f 3502/348/862 3500/345/862 3498/342/862
f 3502/348/862 3504/349/862 3500/345/862
f 3509/338/857 3507/339/857 3505/340/857
f 3509/338/857 3511/341/857 3507/339/857
f 3510/342/858 3508/343/858 3506/344/858
f 3510/342/858 3512/345/858 3508/343/858
f 3517/341/859 3515/344/859 3513/339/859
f 3517/341/859 3519/342/859 3515/344/859
f 3518/346/860 3516/341/860 3514/338/860
f 3518/346/860 3520/347/860 3516/341/860
f 3525/347/861 3523/342/861 3521/341/861
f 3525/347/861 3527/348/861 3523/342/861
f 3526/348/862 3524/345/862 3522/342/862
f 3526/348/862 3528/349/862 3524/345/862
f 3533/338/857 3531/339/857 3529/340/857
f 3533/338/857 3535/341/857 3531/339/857
f 3534/342/858 3532/343/858 3530/344/858
f 3534/342/858 3536/345/858 3532/343/858
f 3541/341/863 3539/344/863 3537/339/863
f 3541/341/863 3543/342/863 3539/344/863
f 3542/346/864 3540/341/864 3538/338/864
f 3542/346/864 3544/347/864 3540/341/864
f 3549/347/865 3547/342/865 3545/341/865
f 3549/347/865 3551/348/865 3547/342/865
f 3550/348/866 3548/345/866 3546/342/866
f 3550/348/866 3552/349/866 3548/345/866
f 3557/338/857 3555/339/857 3553/340/857
f 3557/338/857 3559/341/857 3555/339/857
f 3558/342/858 3556/343/858 3554/344/858
f 3558/342/858 3560/345/858 3556/343/858
f 3565/341/867 3563/344/867 3561/339/867
f 3565/341/867 3567/342/867 3563/344/867
f 3566/346/868 3564/341/868 3562/338/868
f 3566/346/868 3568/347/868 3564/341/868
f 3573/347/869 3571/342/869 3569/341/869
f 3573/347/869 3575/348/869 3571/342/869
f 3574/348/870 3572/345/870 3570/342/870
f 3574/348/870 3576/349/870 3572/345/870
usemtl Material_5
f 3581/338/857 3579/339/857 3577/340/857
f 3581/338/857 3583/341/857 3579/339/857
f 3582/342/858 3580/343/858 3578/344/858
f 3582/342/858 3584/345/858 3580/343/858
f 3589/341/859 3587/344/859 3585/339/859
f 3589/341/859 3591/342/859 3587/344/859
f 3590/346/860 3588/341/860 3586/338/860
f 3590/346/860 3592/347/860 3588/341/860
f 3597/347/861 3595/342/861 3593/341/861
f 3597/347/861 3599/348/861 3595/342/861
f 3598/348/862 3596/345/862 3594/342/862
f 3598/348/862 3600/349/862 3596/345/862
f 3605/338/857 3603/339/857 3601/340/857
f 3605/338/857 3607/341/857 3603/339/857
f 3606/342/858 3604/343/858 3602/344/858
f 3606/342/858 3608/345/858 3604/343/858
f 3613/341/859 3611/344/859 3609/339/859
f 3613/341/859 3615/342/859 3611/344/859
f 3614/346/860 3612/341/860 3610/338/860
f 3614/346/860 3616/347/860 3612/341/860
f 3621/347/861 3619/342/861 3617/341/861
f 3621/347/861 3623/348/861 3619/342/861
f 3622/348/862 3620/345/862 3618/342/862
f 3622/348/862 3624/349/862 3620/345/862
