# Blender 5.2.1 LTS
# www.blender.org
mtllib landmark_rock_spire.mtl
o rockInstances_0002
v 0.242507 0.527036 -2.699989
v 0.953268 0.441963 -1.698762
v 0.177711 1.150674 -3.016859
v 0.953268 0.441963 -1.698762
v 1.159603 1.130304 -2.163285
v 0.177711 1.150674 -3.016859
v 0.953268 0.441963 -1.698762
v 1.711646 0.398800 -1.313172
v 2.107620 1.014387 -1.512640
v 0.953268 0.441963 -1.698762
v 2.107620 1.014387 -1.512640
v 1.159603 1.130304 -2.163285
v 1.711646 0.398800 -1.313172
v 1.980605 0.311247 -0.140431
v 2.107620 1.014387 -1.512640
v 1.980605 0.311247 -0.140431
v 2.312437 0.667118 -0.240180
v 2.107620 1.014387 -1.512640
v 1.980605 0.311247 -0.140431
v 2.127164 0.225780 1.040068
v 2.431303 0.614366 1.264038
v 1.980605 0.311247 -0.140431
v 2.431303 0.614366 1.264038
v 2.312437 0.667118 -0.240180
v 2.127164 0.225780 1.040068
v 1.242699 0.192457 1.790105
v 2.431303 0.614366 1.264038
v 1.242699 0.192457 1.790105
v 1.745012 0.490727 2.165391
v 2.431303 0.614366 1.264038
v 1.242699 0.192457 1.790105
v 0.351504 0.162217 2.497986
v 0.478023 0.710754 2.983339
v 1.242699 0.192457 1.790105
v 0.478023 0.710754 2.983339
v 1.745012 0.490727 2.165391
v 0.351504 0.162217 2.497986
v -0.818473 0.211529 2.150895
v 0.478023 0.710754 2.983339
v -0.818473 0.211529 2.150895
v -0.830456 0.732249 2.343403
v 0.478023 0.710754 2.983339
v -0.818473 0.211529 2.150895
v -1.541641 0.285355 1.314774
v -1.627124 0.805196 1.607278
v -0.818473 0.211529 2.150895
v -1.627124 0.805196 1.607278
v -0.830456 0.732249 2.343403
v -1.541641 0.285355 1.314774
v -1.958263 0.347785 0.547728
v -1.627124 0.805196 1.607278
v -1.958263 0.347785 0.547728
v -2.324523 0.954863 0.536076
v -1.627124 0.805196 1.607278
v -1.958263 0.347785 0.547728
v -2.258216 0.439421 -0.674030
v -2.569082 0.830776 -0.737764
v -1.958263 0.347785 0.547728
v -2.569082 0.830776 -0.737764
v -2.324523 0.954863 0.536076
v -2.258216 0.439421 -0.674030
v -1.783089 0.506367 -1.780246
v -2.569082 0.830776 -0.737764
v -1.783089 0.506367 -1.780246
v -1.900931 0.955255 -1.879494
v -2.569082 0.830776 -0.737764
v -1.783089 0.506367 -1.780246
v -0.792885 0.521685 -2.304631
v -0.814785 1.088220 -2.536749
v -1.783089 0.506367 -1.780246
v -0.814785 1.088220 -2.536749
v -1.900931 0.955255 -1.879494
v -0.792885 0.521685 -2.304631
v 0.242507 0.527036 -2.699989
v -0.814785 1.088220 -2.536749
v 0.242507 0.527036 -2.699989
v 0.177711 1.150674 -3.016859
v -0.814785 1.088220 -2.536749
v 0.177711 1.150674 -3.016859
v 1.159603 1.130304 -2.163285
v 1.145701 1.788104 -1.957940
v 0.177711 1.150674 -3.016859
v 1.145701 1.788104 -1.957940
v 0.173414 1.803555 -2.867483
v 1.159603 1.130304 -2.163285
v 2.107620 1.014387 -1.512640
v 1.145701 1.788104 -1.957940
v 2.107620 1.014387 -1.512640
v 2.129202 1.567903 -1.356503
v 1.145701 1.788104 -1.957940
v 2.107620 1.014387 -1.512640
v 2.312437 0.667118 -0.240180
v 2.130638 1.502505 -0.264382
v 2.107620 1.014387 -1.512640
v 2.130638 1.502505 -0.264382
v 2.129202 1.567903 -1.356503
v 2.312437 0.667118 -0.240180
v 2.431303 0.614366 1.264038
v 2.130638 1.502505 -0.264382
v 2.431303 0.614366 1.264038
v 2.342388 1.332832 1.073052
v 2.130638 1.502505 -0.264382
v 2.431303 0.614366 1.264038
v 1.745012 0.490727 2.165391
v 1.548260 1.346496 1.956769
v 2.431303 0.614366 1.264038
v 1.548260 1.346496 1.956769
v 2.342388 1.332832 1.073052
v 1.745012 0.490727 2.165391
v 0.478023 0.710754 2.983339
v 1.548260 1.346496 1.956769
v 0.478023 0.710754 2.983339
v 0.372240 1.288530 2.601155
v 1.548260 1.346496 1.956769
v 0.478023 0.710754 2.983339
v -0.830456 0.732249 2.343403
v -0.587136 1.618921 2.243654
v 0.478023 0.710754 2.983339
v -0.587136 1.618921 2.243654
v 0.372240 1.288530 2.601155
v -0.830456 0.732249 2.343403
v -1.627124 0.805196 1.607278
v -0.587136 1.618921 2.243654
v -1.627124 0.805196 1.607278
v -1.543198 1.622147 1.550159
v -0.587136 1.618921 2.243654
v -1.627124 0.805196 1.607278
v -2.324523 0.954863 0.536076
v -2.193145 1.466506 0.429246
v -1.627124 0.805196 1.607278
v -2.193145 1.466506 0.429246
v -1.543198 1.622147 1.550159
v -2.324523 0.954863 0.536076
v -2.569082 0.830776 -0.737764
v -2.193145 1.466506 0.429246
v -2.569082 0.830776 -0.737764
v -2.593846 1.461837 -0.870976
v -2.193145 1.466506 0.429246
v -2.569082 0.830776 -0.737764
v -1.900931 0.955255 -1.879494
v -1.739709 1.634203 -1.872211
v -2.569082 0.830776 -0.737764
v -1.739709 1.634203 -1.872211
v -2.593846 1.461837 -0.870976
v -1.900931 0.955255 -1.879494
v -0.814785 1.088220 -2.536749
v -1.739709 1.634203 -1.872211
v -0.814785 1.088220 -2.536749
v -0.838029 1.694957 -2.416270
v -1.739709 1.634203 -1.872211
v -0.814785 1.088220 -2.536749
v 0.177711 1.150674 -3.016859
v 0.173414 1.803555 -2.867483
v -0.814785 1.088220 -2.536749
v 0.173414 1.803555 -2.867483
v -0.838029 1.694957 -2.416270
v 0.173414 1.803555 -2.867483
v 1.145701 1.788104 -1.957940
v 0.261966 2.521693 -2.888752
v 1.145701 1.788104 -1.957940
v 1.071174 2.652688 -1.916945
v 0.261966 2.521693 -2.888752
v 1.145701 1.788104 -1.957940
v 2.129202 1.567903 -1.356503
v 1.859113 2.548328 -1.316294
v 1.145701 1.788104 -1.957940
v 1.859113 2.548328 -1.316294
v 1.071174 2.652688 -1.916945
v 2.129202 1.567903 -1.356503
v 2.130638 1.502505 -0.264382
v 1.859113 2.548328 -1.316294
v 2.130638 1.502505 -0.264382
v 2.087131 2.145936 -0.194160
v 1.859113 2.548328 -1.316294
v 2.130638 1.502505 -0.264382
v 2.342388 1.332832 1.073052
v 2.343704 1.951577 1.016176
v 2.130638 1.502505 -0.264382
v 2.343704 1.951577 1.016176
v 2.087131 2.145936 -0.194160
v 2.342388 1.332832 1.073052
v 1.548260 1.346496 1.956769
v 2.343704 1.951577 1.016176
v 1.548260 1.346496 1.956769
v 1.406146 2.110236 1.792933
v 2.343704 1.951577 1.016176
v 1.548260 1.346496 1.956769
v 0.372240 1.288530 2.601155
v 0.403974 2.007714 2.683934
v 1.548260 1.346496 1.956769
v 0.403974 2.007714 2.683934
v 1.406146 2.110236 1.792933
v 0.372240 1.288530 2.601155
v -0.587136 1.618921 2.243654
v 0.403974 2.007714 2.683934
v -0.587136 1.618921 2.243654
v -0.612552 2.234829 2.290209
v 0.403974 2.007714 2.683934
v -0.587136 1.618921 2.243654
v -1.543198 1.622147 1.550159
v -1.412689 2.419911 1.472207
v -0.587136 1.618921 2.243654
v -1.412689 2.419911 1.472207
v -0.612552 2.234829 2.290209
v -1.543198 1.622147 1.550159
v -2.193145 1.466506 0.429246
v -1.412689 2.419911 1.472207
v -2.193145 1.466506 0.429246
v -2.191152 2.339541 0.449685
v -1.412689 2.419911 1.472207
v -2.193145 1.466506 0.429246
v -2.593846 1.461837 -0.870976
v -2.411566 2.267834 -0.641502
v -2.193145 1.466506 0.429246
v -2.411566 2.267834 -0.641502
v -2.191152 2.339541 0.449685
v -2.593846 1.461837 -0.870976
v -1.739709 1.634203 -1.872211
v -2.411566 2.267834 -0.641502
v -1.739709 1.634203 -1.872211
v -1.675550 2.410296 -1.851468
v -2.411566 2.267834 -0.641502
v -1.739709 1.634203 -1.872211
v -0.838029 1.694957 -2.416270
v -0.867204 2.472168 -2.255642
v -1.739709 1.634203 -1.872211
v -0.867204 2.472168 -2.255642
v -1.675550 2.410296 -1.851468
v -0.838029 1.694957 -2.416270
v 0.173414 1.803555 -2.867483
v -0.867204 2.472168 -2.255642
v 0.173414 1.803555 -2.867483
v 0.261966 2.521693 -2.888752
v -0.867204 2.472168 -2.255642
v 0.261966 2.521693 -2.888752
v 1.071174 2.652688 -1.916945
v 0.876517 3.276867 -1.546795
v 0.261966 2.521693 -2.888752
v 0.876517 3.276867 -1.546795
v 0.062608 3.324480 -2.403143
v 1.071174 2.652688 -1.916945
v 1.859113 2.548328 -1.316294
v 0.876517 3.276867 -1.546795
v 1.859113 2.548328 -1.316294
v 1.656166 3.229568 -1.046824
v 0.876517 3.276867 -1.546795
v 1.859113 2.548328 -1.316294
v 2.087131 2.145936 -0.194160
v 1.868737 2.982051 -0.088431
v 1.859113 2.548328 -1.316294
v 1.868737 2.982051 -0.088431
v 1.656166 3.229568 -1.046824
v 2.087131 2.145936 -0.194160
v 2.343704 1.951577 1.016176
v 1.868737 2.982051 -0.088431
v 2.343704 1.951577 1.016176
v 2.065464 2.713964 1.131092
v 1.868737 2.982051 -0.088431
v 2.343704 1.951577 1.016176
v 1.406146 2.110236 1.792933
v 1.301484 2.900138 1.812122
v 2.343704 1.951577 1.016176
v 1.301484 2.900138 1.812122
v 2.065464 2.713964 1.131092
v 1.406146 2.110236 1.792933
v 0.403974 2.007714 2.683934
v 1.301484 2.900138 1.812122
v 0.403974 2.007714 2.683934
v 0.351187 2.917267 2.345217
v 1.301484 2.900138 1.812122
v 0.403974 2.007714 2.683934
v -0.612552 2.234829 2.290209
v -0.577443 3.169568 2.074907
v 0.403974 2.007714 2.683934
v -0.577443 3.169568 2.074907
v 0.351187 2.917267 2.345217
v -0.612552 2.234829 2.290209
v -1.412689 2.419911 1.472207
v -0.577443 3.169568 2.074907
v -1.412689 2.419911 1.472207
v -1.404862 3.241032 1.415573
v -0.577443 3.169568 2.074907
v -1.412689 2.419911 1.472207
v -2.191152 2.339541 0.449685
v -1.803057 3.065162 0.619670
v -1.412689 2.419911 1.472207
v -1.803057 3.065162 0.619670
v -1.404862 3.241032 1.415573
v -2.191152 2.339541 0.449685
v -2.411566 2.267834 -0.641502
v -1.803057 3.065162 0.619670
v -2.411566 2.267834 -0.641502
v -2.212763 2.917821 -0.597313
v -1.803057 3.065162 0.619670
v -2.411566 2.267834 -0.641502
v -1.675550 2.410296 -1.851468
v -1.655993 2.941393 -1.529167
v -2.411566 2.267834 -0.641502
v -1.655993 2.941393 -1.529167
v -2.212763 2.917821 -0.597313
v -1.675550 2.410296 -1.851468
v -0.867204 2.472168 -2.255642
v -1.655993 2.941393 -1.529167
v -0.867204 2.472168 -2.255642
v -0.740143 3.229499 -2.039711
v -1.655993 2.941393 -1.529167
v -0.867204 2.472168 -2.255642
v 0.261966 2.521693 -2.888752
v 0.062608 3.324480 -2.403143
v -0.867204 2.472168 -2.255642
v 0.062608 3.324480 -2.403143
v -0.740143 3.229499 -2.039711
v 0.062608 3.324480 -2.403143
v 0.876517 3.276867 -1.546795
v -0.032144 3.746397 -1.332370
v 0.876517 3.276867 -1.546795
v 0.466572 3.906574 -0.639787
v -0.032144 3.746397 -1.332370
v 0.876517 3.276867 -1.546795
v 1.656166 3.229568 -1.046824
v 0.970284 3.707423 -0.380655
v 0.876517 3.276867 -1.546795
v 0.970284 3.707423 -0.380655
v 0.466572 3.906574 -0.639787
v 1.656166 3.229568 -1.046824
v 1.868737 2.982051 -0.088431
v 0.970284 3.707423 -0.380655
v 1.868737 2.982051 -0.088431
v 1.093945 3.618191 0.320499
v 0.970284 3.707423 -0.380655
v 1.868737 2.982051 -0.088431
v 2.065464 2.713964 1.131092
v 1.168523 3.461421 1.008656
v 1.868737 2.982051 -0.088431
v 1.168523 3.461421 1.008656
v 1.093945 3.618191 0.320499
v 2.065464 2.713964 1.131092
v 1.301484 2.900138 1.812122
v 1.168523 3.461421 1.008656
v 1.301484 2.900138 1.812122
v 0.742232 3.445785 1.582344
v 1.168523 3.461421 1.008656
v 1.301484 2.900138 1.812122
v 0.351187 2.917267 2.345217
v 0.135086 3.652179 1.867226
v 1.301484 2.900138 1.812122
v 0.135086 3.652179 1.867226
v 0.742232 3.445785 1.582344
v 0.351187 2.917267 2.345217
v -0.577443 3.169568 2.074907
v 0.135086 3.652179 1.867226
v -0.577443 3.169568 2.074907
v -0.522892 3.734095 1.680728
v 0.135086 3.652179 1.867226
v -0.577443 3.169568 2.074907
v -1.404862 3.241032 1.415573
v -0.964614 3.617634 1.287141
v -0.577443 3.169568 2.074907
v -0.964614 3.617634 1.287141
v -0.522892 3.734095 1.680728
v -1.404862 3.241032 1.415573
v -1.803057 3.065162 0.619670
v -0.964614 3.617634 1.287141
v -1.803057 3.065162 0.619670
v -1.423223 3.766613 0.658913
v -0.964614 3.617634 1.287141
v -1.803057 3.065162 0.619670
v -2.212763 2.917821 -0.597313
v -1.483217 3.528760 0.023457
v -1.803057 3.065162 0.619670
v -1.483217 3.528760 0.023457
v -1.423223 3.766613 0.658913
v -2.212763 2.917821 -0.597313
v -1.655993 2.941393 -1.529167
v -1.483217 3.528760 0.023457
v -1.655993 2.941393 -1.529167
v -1.169459 3.519567 -0.628059
v -1.483217 3.528760 0.023457
v -1.655993 2.941393 -1.529167
v -0.740143 3.229499 -2.039711
v -0.567953 3.760916 -0.998540
v -1.655993 2.941393 -1.529167
v -0.567953 3.760916 -0.998540
v -1.169459 3.519567 -0.628059
v -0.740143 3.229499 -2.039711
v 0.062608 3.324480 -2.403143
v -0.567953 3.760916 -0.998540
v 0.062608 3.324480 -2.403143
v -0.032144 3.746397 -1.332370
v -0.567953 3.760916 -0.998540
v -0.032144 3.746397 -1.332370
v 0.466572 3.906574 -0.639787
v 0.321967 4.001765 0.018356
v 0.953268 0.441963 -1.698762
v 0.242507 0.527036 -2.699989
v -0.037817 0.353338 -0.122888
v 0.466572 3.906574 -0.639787
v 0.970284 3.707423 -0.380655
v 0.321967 4.001765 0.018356
v 1.711646 0.398800 -1.313172
v 0.953268 0.441963 -1.698762
v -0.037817 0.353338 -0.122888
v 0.970284 3.707423 -0.380655
v 1.093945 3.618191 0.320499
v 0.321967 4.001765 0.018356
v 1.980605 0.311247 -0.140431
v 1.711646 0.398800 -1.313172
v -0.037817 0.353338 -0.122888
v 1.093945 3.618191 0.320499
v 1.168523 3.461421 1.008656
v 0.321967 4.001765 0.018356
v 2.127164 0.225780 1.040068
v 1.980605 0.311247 -0.140431
v -0.037817 0.353338 -0.122888
v 1.168523 3.461421 1.008656
v 0.742232 3.445785 1.582344
v 0.321967 4.001765 0.018356
v 1.242699 0.192457 1.790105
v 2.127164 0.225780 1.040068
v -0.037817 0.353338 -0.122888
v 0.742232 3.445785 1.582344
v 0.135086 3.652179 1.867226
v 0.321967 4.001765 0.018356
v 0.351504 0.162217 2.497986
v 1.242699 0.192457 1.790105
v -0.037817 0.353338 -0.122888
v 0.135086 3.652179 1.867226
v -0.522892 3.734095 1.680728
v 0.321967 4.001765 0.018356
v -0.818473 0.211529 2.150895
v 0.351504 0.162217 2.497986
v -0.037817 0.353338 -0.122888
v -0.522892 3.734095 1.680728
v -0.964614 3.617634 1.287141
v 0.321967 4.001765 0.018356
v -1.541641 0.285355 1.314774
v -0.818473 0.211529 2.150895
v -0.037817 0.353338 -0.122888
v -0.964614 3.617634 1.287141
v -1.423223 3.766613 0.658913
v 0.321967 4.001765 0.018356
v -1.958263 0.347785 0.547728
v -1.541641 0.285355 1.314774
v -0.037817 0.353338 -0.122888
v -1.423223 3.766613 0.658913
v -1.483217 3.528760 0.023457
v 0.321967 4.001765 0.018356
v -2.258216 0.439421 -0.674030
v -1.958263 0.347785 0.547728
v -0.037817 0.353338 -0.122888
v -1.483217 3.528760 0.023457
v -1.169459 3.519567 -0.628059
v 0.321967 4.001765 0.018356
v -1.783089 0.506367 -1.780246
v -2.258216 0.439421 -0.674030
v -0.037817 0.353338 -0.122888
v -1.169459 3.519567 -0.628059
v -0.567953 3.760916 -0.998540
v 0.321967 4.001765 0.018356
v -0.792885 0.521685 -2.304631
v -1.783089 0.506367 -1.780246
v -0.037817 0.353338 -0.122888
v -0.567953 3.760916 -0.998540
v -0.032144 3.746397 -1.332370
v 0.321967 4.001765 0.018356
v 0.242507 0.527036 -2.699989
v -0.792885 0.521685 -2.304631
v -0.037817 0.353338 -0.122888
vn 0.7884 -0.2116 -0.5776
vn 0.5285 -0.5780 -0.6218
vn 0.3716 -0.4938 -0.7862
vn 0.4057 -0.5917 -0.6966
vn 0.7853 -0.5775 -0.2232
vn 0.6561 -0.6945 -0.2952
vn 0.8176 -0.5581 -0.1419
vn 0.7176 -0.6918 -0.0810
vn 0.4835 -0.6894 0.5395
vn 0.3990 -0.8990 0.1805
vn 0.4922 -0.6377 0.5925
vn 0.1575 -0.8649 0.4766
vn -0.2491 -0.6089 0.7531
vn -0.4200 -0.3232 0.8480
vn -0.7000 -0.4342 0.5671
vn -0.6664 -0.2720 0.6942
vn -0.8280 -0.3722 0.4194
vn -0.7729 -0.4579 0.4392
vn -0.7860 -0.6003 0.1480
vn -0.8389 -0.5021 0.2100
vn -0.7081 -0.6181 -0.3415
vn -0.8014 -0.3218 -0.5041
vn -0.4330 -0.3560 -0.8281
vn -0.4652 -0.3058 -0.8307
vn -0.3299 -0.3688 -0.8690
vn -0.3654 -0.4516 -0.8140
vn 0.6395 0.2414 -0.7299
vn 0.6748 0.1688 -0.7185
vn 0.5681 0.2562 -0.7821
vn 0.5438 0.2081 -0.8130
vn 0.9729 0.2088 -0.0996
vn 0.9993 -0.0379 -0.0036
vn 0.9752 0.2102 -0.0697
vn 0.9858 0.0833 -0.1455
vn 0.7337 0.3154 0.6019
vn 0.7202 0.2601 0.6432
vn 0.5528 0.3152 0.7714
vn 0.3775 0.5580 0.7391
vn -0.4261 0.2158 0.8786
vn -0.1295 0.5305 0.8378
vn -0.6429 0.2576 0.7213
vn -0.5829 0.1161 0.8042
vn -0.7752 0.3136 0.5485
vn -0.8658 0.1229 0.4850
vn -0.9485 0.2760 0.1552
vn -0.9554 0.0246 0.2943
vn -0.8539 0.2079 -0.4771
vn -0.7356 -0.1674 -0.6564
vn -0.5250 0.1337 -0.8405
vn -0.5182 0.1474 -0.8424
vn -0.4369 0.1979 -0.8775
vn -0.4165 0.1617 -0.8947
vn 0.6785 -0.1052 -0.7271
vn 0.7585 0.0959 -0.6445
vn 0.5424 0.1830 -0.8199
vn 0.6113 0.0900 -0.7863
vn 0.9641 0.2650 0.0146
vn 0.9819 0.0849 -0.1691
vn 0.9872 -0.0167 -0.1584
vn 0.9773 0.0872 -0.1932
vn 0.7429 0.0597 0.6667
vn 0.6407 0.2731 0.7176
vn 0.4816 -0.1212 0.8680
vn 0.6234 0.2732 0.7326
vn -0.3747 -0.0897 0.9228
vn -0.3764 -0.0853 0.9225
vn -0.5780 0.1725 0.7976
vn -0.7217 -0.0817 0.6874
vn -0.8609 0.1871 0.4732
vn -0.7951 -0.0124 0.6063
vn -0.9475 0.1313 0.2915
vn -0.9802 -0.0024 0.1981
vn -0.7449 0.3331 -0.5781
vn -0.8557 0.0844 -0.5106
vn -0.5180 0.1544 -0.8413
vn -0.4501 0.0610 -0.8909
vn -0.4166 0.1690 -0.8932
vn -0.4899 0.0346 -0.8711
vn 0.6119 0.5358 -0.5818
vn 0.6382 0.5083 -0.5783
vn 0.5525 0.5459 -0.6299
vn 0.5028 0.4433 -0.7421
vn 0.9595 0.2633 -0.1005
vn 0.9367 0.3278 -0.1231
vn 0.9502 0.2682 -0.1584
vn 0.9333 0.3516 -0.0732
vn 0.6432 0.0667 0.7628
vn 0.6776 0.1384 0.7223
vn 0.6589 0.0691 0.7491
vn 0.4660 0.3324 0.8200
vn -0.3079 0.2245 0.9245
vn -0.1786 0.3343 0.9254
vn -0.6804 0.1887 0.7082
vn -0.6189 0.0599 0.7832
vn -0.7741 0.2811 0.5672
vn -0.8971 0.0389 0.4402
vn -0.8860 0.4387 0.1501
vn -0.9234 0.2635 0.2790
vn -0.8272 0.3134 -0.4663
vn -0.8258 0.2856 -0.4862
vn -0.4211 0.4818 -0.7684
vn -0.5357 0.3134 -0.7841
vn -0.4666 0.3700 -0.8033
vn -0.4222 0.3134 -0.8506
vn 0.3776 0.8724 -0.3104
vn 0.3313 0.8386 -0.4325
vn 0.2801 0.8930 -0.3522
vn 0.4908 0.8038 -0.3362
vn 0.6134 0.7869 0.0672
vn 0.6306 0.7760 -0.0125
vn 0.6333 0.7710 0.0673
vn 0.6618 0.7433 0.0976
vn 0.5479 0.7256 0.4163
vn 0.5392 0.7297 0.4205
vn 0.4068 0.5791 0.7065
vn 0.4821 0.7102 0.5130
vn -0.1053 0.5202 0.8475
vn -0.1559 0.5756 0.8028
vn -0.4149 0.6881 0.5953
vn -0.6518 0.4755 0.5908
vn -0.6199 0.7722 0.1395
vn -0.7139 0.3528 0.6048
vn -0.7085 0.6884 0.1552
vn -0.8730 0.4781 -0.0965
vn -0.4773 0.8382 -0.2640
vn -0.5061 0.8238 -0.2553
vn -0.4513 0.8228 -0.3453
vn -0.4948 0.8279 -0.2640
vn -0.2836 0.8723 -0.3983
vn -0.2088 0.9034 -0.3745
vn -0.0906 0.9826 -0.1620
vn -0.0214 -0.9973 -0.0696
vn 0.3884 0.9202 -0.0478
vn -0.0214 -0.9973 -0.0695
vn 0.4326 0.9008 0.0383
vn 0.3864 0.9075 0.1649
vn 0.2990 0.9217 0.2473
vn 0.4013 0.8917 0.2092
vn 0.0675 0.9791 0.1919
vn -0.2698 0.9628 0.0179
vn -0.0363 0.9661 0.2556
vn -0.2410 0.9162 -0.3202
vn -0.2515 0.9584 -0.1346
vn -0.3341 0.9399 0.0698
vn -0.0766 0.9832 -0.1658
s 0
usemtl Material_0
f 1//1 3//1 2//1
f 4//2 6//2 5//2
f 7//3 9//3 8//3
f 10//4 12//4 11//4
f 13//5 15//5 14//5
f 16//6 18//6 17//6
f 19//7 21//7 20//7
f 22//8 24//8 23//8
s 1
f 25//9 27//9 26//9
s 0
f 28//10 30//10 29//10
f 31//11 33//11 32//11
f 34//12 36//12 35//12
f 37//13 39//13 38//13
f 40//14 42//14 41//14
f 43//15 45//15 44//15
f 46//16 48//16 47//16
f 49//17 51//17 50//17
f 52//18 54//18 53//18
f 55//19 57//19 56//19
f 58//20 60//20 59//20
f 61//21 63//21 62//21
f 64//22 66//22 65//22
f 67//23 69//23 68//23
f 70//24 72//24 71//24
f 73//25 75//25 74//25
f 76//26 78//26 77//26
f 79//27 81//27 80//27
f 82//28 84//28 83//28
f 85//29 87//29 86//29
f 88//30 90//30 89//30
f 91//31 93//31 92//31
f 94//32 96//32 95//32
f 97//33 99//33 98//33
f 100//34 102//34 101//34
f 103//35 105//35 104//35
f 106//36 108//36 107//36
f 109//37 111//37 110//37
f 112//38 114//38 113//38
f 115//39 117//39 116//39
f 118//40 120//40 119//40
f 121//41 123//41 122//41
f 124//42 126//42 125//42
f 127//43 129//43 128//43
f 130//44 132//44 131//44
f 133//45 135//45 134//45
f 136//46 138//46 137//46
f 139//47 141//47 140//47
f 142//48 144//48 143//48
f 145//49 147//49 146//49
f 148//50 150//50 149//50
f 151//51 153//51 152//51
f 154//52 156//52 155//52
f 157//53 159//53 158//53
f 160//54 162//54 161//54
f 163//55 165//55 164//55
f 166//56 168//56 167//56
f 169//57 171//57 170//57
f 172//58 174//58 173//58
f 175//59 177//59 176//59
f 178//60 180//60 179//60
f 181//61 183//61 182//61
f 184//62 186//62 185//62
f 187//63 189//63 188//63
f 190//64 192//64 191//64
f 193//65 195//65 194//65
f 196//66 198//66 197//66
f 199//67 201//67 200//67
f 202//68 204//68 203//68
f 205//69 207//69 206//69
f 208//70 210//70 209//70
f 211//71 213//71 212//71
f 214//72 216//72 215//72
f 217//73 219//73 218//73
f 220//74 222//74 221//74
f 223//75 225//75 224//75
f 226//76 228//76 227//76
f 229//77 231//77 230//77
f 232//78 234//78 233//78
f 235//79 237//79 236//79
f 238//80 240//80 239//80
f 241//81 243//81 242//81
f 244//82 246//82 245//82
f 247//83 249//83 248//83
f 250//84 252//84 251//84
f 253//85 255//85 254//85
f 256//86 258//86 257//86
f 259//87 261//87 260//87
f 262//88 264//88 263//88
f 265//89 267//89 266//89
f 268//90 270//90 269//90
f 271//91 273//91 272//91
f 274//92 276//92 275//92
f 277//93 279//93 278//93
f 280//94 282//94 281//94
f 283//95 285//95 284//95
f 286//96 288//96 287//96
f 289//97 291//97 290//97
f 292//98 294//98 293//98
f 295//99 297//99 296//99
f 298//100 300//100 299//100
f 301//101 303//101 302//101
f 304//102 306//102 305//102
f 307//103 309//103 308//103
f 310//104 312//104 311//104
f 313//105 315//105 314//105
f 316//106 318//106 317//106
f 319//107 321//107 320//107
f 322//108 324//108 323//108
f 325//109 327//109 326//109
f 328//110 330//110 329//110
f 331//111 333//111 332//111
f 334//112 336//112 335//112
f 337//113 339//113 338//113
f 340//114 342//114 341//114
s 1
f 343//115 345//115 344//115
s 0
f 346//116 348//116 347//116
f 349//117 351//117 350//117
f 352//118 354//118 353//118
f 355//119 357//119 356//119
f 358//120 360//120 359//120
f 361//121 363//121 362//121
f 364//122 366//122 365//122
f 367//123 369//123 368//123
f 370//124 372//124 371//124
f 373//125 375//125 374//125
f 376//126 378//126 377//126
f 379//127 381//127 380//127
f 382//128 384//128 383//128
f 385//129 387//129 386//129
s 1
f 388//130 390//130 389//130
s 0
f 391//131 393//131 392//131
f 394//132 396//132 395//132
f 397//133 399//133 398//133
f 400//134 402//134 401//134
f 403//135 405//135 404//135
f 406//134 408//134 407//134
f 409//136 411//136 410//136
f 412//134 414//134 413//134
f 415//137 417//137 416//137
f 418//134 420//134 419//134
f 421//138 423//138 422//138
f 424//134 426//134 425//134
f 427//139 429//139 428//139
f 430//134 432//134 431//134
f 433//140 435//140 434//140
f 436//134 438//134 437//134
f 439//141 441//141 440//141
f 442//134 444//134 443//134
f 445//142 447//142 446//142
f 448//134 450//134 449//134
f 451//143 453//143 452//143
f 454//132 456//132 455//132
f 457//144 459//144 458//144
f 460//134 462//134 461//134
f 463//145 465//145 464//145
f 466//134 468//134 467//134
o rockInstances_0012
v 8.788752 -0.243690 5.820106
v 9.412156 -0.215921 5.734064
v 8.595791 0.037809 5.728154
v 9.412156 -0.215921 5.734064
v 9.227039 0.074871 5.470441
v 8.595791 0.037809 5.728154
v 9.412156 -0.215921 5.734064
v 9.786027 -0.226426 5.468755
v 9.769688 0.046786 5.185198
v 9.412156 -0.215921 5.734064
v 9.769688 0.046786 5.185198
v 9.227039 0.074871 5.470441
v 9.786027 -0.226426 5.468755
v 10.360653 -0.169249 5.637948
v 9.769688 0.046786 5.185198
v 10.360653 -0.169249 5.637948
v 10.386040 -0.013260 5.428442
v 9.769688 0.046786 5.185198
v 10.360653 -0.169249 5.637948
v 10.904801 -0.106262 5.867748
v 11.057033 0.097062 5.749908
v 10.360653 -0.169249 5.637948
v 11.057033 0.097062 5.749908
v 10.386040 -0.013260 5.428442
v 10.904801 -0.106262 5.867748
v 10.980669 -0.023483 6.482065
v 11.057033 0.097062 5.749908
v 10.980669 -0.023483 6.482065
v 11.257186 0.142663 6.313088
v 11.057033 0.097062 5.749908
v 10.980669 -0.023483 6.482065
v 11.036693 0.057113 7.088894
v 11.239834 0.369947 7.110233
v 10.980669 -0.023483 6.482065
v 11.239834 0.369947 7.110233
v 11.257186 0.142663 6.313088
v 11.036693 0.057113 7.088894
v 10.565627 0.087885 7.561164
v 11.239834 0.369947 7.110233
v 10.565627 0.087885 7.561164
v 10.608987 0.364194 7.578053
v 11.239834 0.369947 7.110233
v 10.565627 0.087885 7.561164
v 10.009245 0.070364 7.695109
v 10.074681 0.358004 7.772302
v 10.565627 0.087885 7.561164
v 10.074681 0.358004 7.772302
v 10.608987 0.364194 7.578053
v 10.009245 0.070364 7.695109
v 9.566957 0.043496 7.699757
v 10.074681 0.358004 7.772302
v 9.566957 0.043496 7.699757
v 9.421123 0.355259 7.829914
v 10.074681 0.358004 7.772302
v 9.566957 0.043496 7.699757
v 8.962860 -0.015207 7.532955
v 8.824590 0.183001 7.638775
v 9.566957 0.043496 7.699757
v 8.824590 0.183001 7.638775
v 9.421123 0.355259 7.829914
v 8.962860 -0.015207 7.532955
v 8.622022 -0.101020 7.024213
v 8.824590 0.183001 7.638775
v 8.622022 -0.101020 7.024213
v 8.517950 0.115981 7.024350
v 8.824590 0.183001 7.638775
v 8.622022 -0.101020 7.024213
v 8.671623 -0.175159 6.416587
v 8.530005 0.084543 6.329183
v 8.622022 -0.101020 7.024213
v 8.530005 0.084543 6.329183
v 8.517950 0.115981 7.024350
v 8.671623 -0.175159 6.416587
v 8.788752 -0.243690 5.820106
v 8.530005 0.084543 6.329183
v 8.788752 -0.243690 5.820106
v 8.595791 0.037809 5.728154
v 8.530005 0.084543 6.329183
v 8.595791 0.037809 5.728154
v 9.227039 0.074871 5.470441
v 9.266183 0.420346 5.481753
v 8.595791 0.037809 5.728154
v 9.266183 0.420346 5.481753
v 8.614277 0.375305 5.721251
v 9.227039 0.074871 5.470441
v 9.769688 0.046786 5.185198
v 9.266183 0.420346 5.481753
v 9.769688 0.046786 5.185198
v 9.804736 0.334835 5.174572
v 9.266183 0.420346 5.481753
v 9.769688 0.046786 5.185198
v 10.386040 -0.013260 5.428442
v 10.270397 0.404320 5.450671
v 9.769688 0.046786 5.185198
v 10.270397 0.404320 5.450671
v 9.804736 0.334835 5.174572
v 10.386040 -0.013260 5.428442
v 11.057033 0.097062 5.749908
v 10.270397 0.404320 5.450671
v 11.057033 0.097062 5.749908
v 10.904277 0.438082 5.694209
v 10.270397 0.404320 5.450671
v 11.057033 0.097062 5.749908
v 11.257186 0.142663 6.313088
v 11.058250 0.553623 6.295103
v 11.057033 0.097062 5.749908
v 11.058250 0.553623 6.295103
v 10.904277 0.438082 5.694209
v 11.257186 0.142663 6.313088
v 11.239834 0.369947 7.110233
v 11.058250 0.553623 6.295103
v 11.239834 0.369947 7.110233
v 11.011098 0.623988 7.024947
v 11.058250 0.553623 6.295103
v 11.239834 0.369947 7.110233
v 10.608987 0.364194 7.578053
v 10.574800 0.786052 7.373528
v 11.239834 0.369947 7.110233
v 10.574800 0.786052 7.373528
v 11.011098 0.623988 7.024947
v 10.608987 0.364194 7.578053
v 10.074681 0.358004 7.772302
v 10.574800 0.786052 7.373528
v 10.074681 0.358004 7.772302
v 10.019345 0.754581 7.659933
v 10.574800 0.786052 7.373528
v 10.074681 0.358004 7.772302
v 9.421123 0.355259 7.829914
v 9.378122 0.594388 7.703954
v 10.074681 0.358004 7.772302
v 9.378122 0.594388 7.703954
v 10.019345 0.754581 7.659933
v 9.421123 0.355259 7.829914
v 8.824590 0.183001 7.638775
v 9.378122 0.594388 7.703954
v 8.824590 0.183001 7.638775
v 8.719642 0.483992 7.572828
v 9.378122 0.594388 7.703954
v 8.824590 0.183001 7.638775
v 8.517950 0.115981 7.024350
v 8.520190 0.447649 6.900649
v 8.824590 0.183001 7.638775
v 8.520190 0.447649 6.900649
v 8.719642 0.483992 7.572828
v 8.517950 0.115981 7.024350
v 8.530005 0.084543 6.329183
v 8.520190 0.447649 6.900649
v 8.530005 0.084543 6.329183
v 8.534159 0.397111 6.327447
v 8.520190 0.447649 6.900649
v 8.530005 0.084543 6.329183
v 8.595791 0.037809 5.728154
v 8.614277 0.375305 5.721251
v 8.530005 0.084543 6.329183
v 8.614277 0.375305 5.721251
v 8.534159 0.397111 6.327447
v 8.614277 0.375305 5.721251
v 9.266183 0.420346 5.481753
v 8.581907 0.726127 5.622583
v 9.266183 0.420346 5.481753
v 9.205576 0.854923 5.466611
v 8.581907 0.726127 5.622583
v 9.266183 0.420346 5.481753
v 9.804736 0.334835 5.174572
v 9.682395 0.833197 5.245020
v 9.266183 0.420346 5.481753
v 9.682395 0.833197 5.245020
v 9.205576 0.854923 5.466611
v 9.804736 0.334835 5.174572
v 10.270397 0.404320 5.450671
v 9.682395 0.833197 5.245020
v 10.270397 0.404320 5.450671
v 10.245337 0.731046 5.443553
v 9.682395 0.833197 5.245020
v 10.270397 0.404320 5.450671
v 10.904277 0.438082 5.694209
v 10.839525 0.739234 5.635624
v 10.270397 0.404320 5.450671
v 10.839525 0.739234 5.635624
v 10.245337 0.731046 5.443553
v 10.904277 0.438082 5.694209
v 11.058250 0.553623 6.295103
v 10.839525 0.739234 5.635624
v 11.058250 0.553623 6.295103
v 10.899334 0.921366 6.268532
v 10.839525 0.739234 5.635624
v 11.058250 0.553623 6.295103
v 11.011098 0.623988 7.024947
v 11.006968 0.986920 6.979440
v 11.058250 0.553623 6.295103
v 11.006968 0.986920 6.979440
v 10.899334 0.921366 6.268532
v 11.011098 0.623988 7.024947
v 10.574800 0.786052 7.373528
v 11.006968 0.986920 6.979440
v 10.574800 0.786052 7.373528
v 10.546549 1.096336 7.353765
v 11.006968 0.986920 6.979440
v 10.574800 0.786052 7.373528
v 10.019345 0.754581 7.659933
v 9.969285 1.138167 7.521342
v 10.574800 0.786052 7.373528
v 9.969285 1.138167 7.521342
v 10.546549 1.096336 7.353765
v 10.019345 0.754581 7.659933
v 9.378122 0.594388 7.703954
v 9.969285 1.138167 7.521342
v 9.378122 0.594388 7.703954
v 9.329292 1.028698 7.646318
v 9.969285 1.138167 7.521342
v 9.378122 0.594388 7.703954
v 8.719642 0.483992 7.572828
v 8.812998 0.898634 7.485388
v 9.378122 0.594388 7.703954
v 8.812998 0.898634 7.485388
v 9.329292 1.028698 7.646318
v 8.719642 0.483992 7.572828
v 8.520190 0.447649 6.900649
v 8.812998 0.898634 7.485388
v 8.520190 0.447649 6.900649
v 8.495002 0.831908 6.820073
v 8.812998 0.898634 7.485388
v 8.520190 0.447649 6.900649
v 8.534159 0.397111 6.327447
v 8.542302 0.798070 6.326506
v 8.520190 0.447649 6.900649
v 8.542302 0.798070 6.326506
v 8.495002 0.831908 6.820073
v 8.534159 0.397111 6.327447
v 8.614277 0.375305 5.721251
v 8.542302 0.798070 6.326506
v 8.614277 0.375305 5.721251
v 8.581907 0.726127 5.622583
v 8.542302 0.798070 6.326506
v 8.581907 0.726127 5.622583
v 9.205576 0.854923 5.466611
v 9.266868 1.205109 5.608238
v 8.581907 0.726127 5.622583
v 9.266868 1.205109 5.608238
v 8.678771 1.175720 5.782604
v 9.205576 0.854923 5.466611
v 9.682395 0.833197 5.245020
v 9.266868 1.205109 5.608238
v 9.682395 0.833197 5.245020
v 9.695128 1.202527 5.361503
v 9.266868 1.205109 5.608238
v 9.682395 0.833197 5.245020
v 10.245337 0.731046 5.443553
v 10.174434 1.162325 5.515696
v 9.682395 0.833197 5.245020
v 10.174434 1.162325 5.515696
v 9.695128 1.202527 5.361503
v 10.245337 0.731046 5.443553
v 10.839525 0.739234 5.635624
v 10.174434 1.162325 5.515696
v 10.839525 0.739234 5.635624
v 10.760962 1.136829 5.744033
v 10.174434 1.162325 5.515696
v 10.839525 0.739234 5.635624
v 10.899334 0.921366 6.268532
v 10.826211 1.317910 6.267722
v 10.839525 0.739234 5.635624
v 10.826211 1.317910 6.267722
v 10.760962 1.136829 5.744033
v 10.899334 0.921366 6.268532
v 11.006968 0.986920 6.979440
v 10.826211 1.317910 6.267722
v 11.006968 0.986920 6.979440
v 10.789089 1.407614 6.856044
v 10.826211 1.317910 6.267722
v 11.006968 0.986920 6.979440
v 10.546549 1.096336 7.353765
v 10.403221 1.538114 7.217103
v 11.006968 0.986920 6.979440
v 10.403221 1.538114 7.217103
v 10.789089 1.407614 6.856044
v 10.546549 1.096336 7.353765
v 9.969285 1.138167 7.521342
v 10.403221 1.538114 7.217103
v 9.969285 1.138167 7.521342
v 9.892978 1.539375 7.445370
v 10.403221 1.538114 7.217103
v 9.969285 1.138167 7.521342
v 9.329292 1.028698 7.646318
v 9.459404 1.391158 7.450832
v 9.969285 1.138167 7.521342
v 9.459404 1.391158 7.450832
v 9.892978 1.539375 7.445370
v 9.329292 1.028698 7.646318
v 8.812998 0.898634 7.485388
v 9.459404 1.391158 7.450832
v 8.812998 0.898634 7.485388
v 8.843060 1.218155 7.354872
v 9.459404 1.391158 7.450832
v 8.812998 0.898634 7.485388
v 8.495002 0.831908 6.820073
v 8.601111 1.124426 6.853415
v 8.812998 0.898634 7.485388
v 8.601111 1.124426 6.853415
v 8.843060 1.218155 7.354872
v 8.495002 0.831908 6.820073
v 8.542302 0.798070 6.326506
v 8.601111 1.124426 6.853415
v 8.542302 0.798070 6.326506
v 8.618011 1.189170 6.265671
v 8.601111 1.124426 6.853415
v 8.542302 0.798070 6.326506
v 8.581907 0.726127 5.622583
v 8.678771 1.175720 5.782604
v 8.542302 0.798070 6.326506
v 8.678771 1.175720 5.782604
v 8.618011 1.189170 6.265671
v 8.678771 1.175720 5.782604
v 9.266868 1.205109 5.608238
v 9.076632 1.487796 6.065127
v 9.266868 1.205109 5.608238
v 9.495248 1.615268 5.986721
v 9.076632 1.487796 6.065127
v 9.266868 1.205109 5.608238
v 9.695128 1.202527 5.361503
v 9.756174 1.524122 5.823319
v 9.266868 1.205109 5.608238
v 9.756174 1.524122 5.823319
v 9.495248 1.615268 5.986721
v 9.695128 1.202527 5.361503
v 10.174434 1.162325 5.515696
v 9.756174 1.524122 5.823319
v 10.174434 1.162325 5.515696
v 10.091980 1.541265 5.944936
v 9.756174 1.524122 5.823319
v 10.174434 1.162325 5.515696
v 10.760962 1.136829 5.744033
v 10.413309 1.525364 6.091679
v 10.174434 1.162325 5.515696
v 10.413309 1.525364 6.091679
v 10.091980 1.541265 5.944936
v 10.760962 1.136829 5.744033
v 10.826211 1.317910 6.267722
v 10.413309 1.525364 6.091679
v 10.826211 1.317910 6.267722
v 10.539399 1.585275 6.440613
v 10.413309 1.525364 6.091679
v 10.826211 1.317910 6.267722
v 10.789089 1.407614 6.856044
v 10.479183 1.734206 6.788780
v 10.826211 1.317910 6.267722
v 10.479183 1.734206 6.788780
v 10.539399 1.585275 6.440613
v 10.789089 1.407614 6.856044
v 10.403221 1.538114 7.217103
v 10.479183 1.734206 6.788780
v 10.403221 1.538114 7.217103
v 10.214335 1.779164 7.052713
v 10.479183 1.734206 6.788780
v 10.403221 1.538114 7.217103
v 9.892978 1.539375 7.445370
v 9.934655 1.699366 7.175148
v 10.403221 1.538114 7.217103
v 9.934655 1.699366 7.175148
v 10.214335 1.779164 7.052713
v 9.892978 1.539375 7.445370
v 9.459404 1.391158 7.450832
v 9.934655 1.699366 7.175148
v 9.459404 1.391158 7.450832
v 9.533674 1.729717 7.228444
v 9.934655 1.699366 7.175148
v 9.459404 1.391158 7.450832
v 8.843060 1.218155 7.354872
v 9.264811 1.554572 7.115746
v 9.459404 1.391158 7.450832
v 9.264811 1.554572 7.115746
v 9.533674 1.729717 7.228444
v 8.843060 1.218155 7.354872
v 8.601111 1.124426 6.853415
v 9.264811 1.554572 7.115746
v 8.601111 1.124426 6.853415
v 9.076619 1.478823 6.803253
v 9.264811 1.554572 7.115746
v 8.601111 1.124426 6.853415
v 8.618011 1.189170 6.265671
v 9.069412 1.543885 6.404786
v 8.601111 1.124426 6.853415
v 9.069412 1.543885 6.404786
v 9.076619 1.478823 6.803253
v 8.618011 1.189170 6.265671
v 8.678771 1.175720 5.782604
v 9.069412 1.543885 6.404786
v 8.678771 1.175720 5.782604
v 9.076632 1.487796 6.065127
v 9.069412 1.543885 6.404786
v 9.076632 1.487796 6.065127
v 9.495248 1.615268 5.986721
v 9.726976 1.728634 6.213490
v 9.412156 -0.215921 5.734064
v 8.788752 -0.243690 5.820106
v 9.810957 -0.079930 6.609334
v 9.495248 1.615268 5.986721
v 9.756174 1.524122 5.823319
v 9.726976 1.728634 6.213490
v 9.786027 -0.226426 5.468755
v 9.412156 -0.215921 5.734064
v 9.810957 -0.079930 6.609334
v 9.756174 1.524122 5.823319
v 10.091980 1.541265 5.944936
v 9.726976 1.728634 6.213490
v 10.360653 -0.169249 5.637948
v 9.786027 -0.226426 5.468755
v 9.810957 -0.079930 6.609334
v 10.091980 1.541265 5.944936
v 10.413309 1.525364 6.091679
v 9.726976 1.728634 6.213490
v 10.904801 -0.106262 5.867748
v 10.360653 -0.169249 5.637948
v 9.810957 -0.079930 6.609334
v 10.413309 1.525364 6.091679
v 10.539399 1.585275 6.440613
v 9.726976 1.728634 6.213490
v 10.980669 -0.023483 6.482065
v 10.904801 -0.106262 5.867748
v 9.810957 -0.079930 6.609334
v 10.539399 1.585275 6.440613
v 10.479183 1.734206 6.788780
v 9.726976 1.728634 6.213490
v 11.036693 0.057113 7.088894
v 10.980669 -0.023483 6.482065
v 9.810957 -0.079930 6.609334
v 10.479183 1.734206 6.788780
v 10.214335 1.779164 7.052713
v 9.726976 1.728634 6.213490
v 10.565627 0.087885 7.561164
v 11.036693 0.057113 7.088894
v 9.810957 -0.079930 6.609334
v 10.214335 1.779164 7.052713
v 9.934655 1.699366 7.175148
v 9.726976 1.728634 6.213490
v 10.009245 0.070364 7.695109
v 10.565627 0.087885 7.561164
v 9.810957 -0.079930 6.609334
v 9.934655 1.699366 7.175148
v 9.533674 1.729717 7.228444
v 9.726976 1.728634 6.213490
v 9.566957 0.043496 7.699757
v 10.009245 0.070364 7.695109
v 9.810957 -0.079930 6.609334
v 9.533674 1.729717 7.228444
v 9.264811 1.554572 7.115746
v 9.726976 1.728634 6.213490
v 8.962860 -0.015207 7.532955
v 9.566957 0.043496 7.699757
v 9.810957 -0.079930 6.609334
v 9.264811 1.554572 7.115746
v 9.076619 1.478823 6.803253
v 9.726976 1.728634 6.213490
v 8.622022 -0.101020 7.024213
v 8.962860 -0.015207 7.532955
v 9.810957 -0.079930 6.609334
v 9.076619 1.478823 6.803253
v 9.069412 1.543885 6.404786
v 9.726976 1.728634 6.213490
v 8.671623 -0.175159 6.416587
v 8.622022 -0.101020 7.024213
v 9.810957 -0.079930 6.609334
v 9.069412 1.543885 6.404786
v 9.076632 1.487796 6.065127
v 9.726976 1.728634 6.213490
v 8.788752 -0.243690 5.820106
v 8.671623 -0.175159 6.416587
v 9.810957 -0.079930 6.609334
vn -0.1102 -0.3761 -0.9200
vn -0.2218 -0.7286 -0.6480
vn -0.4488 -0.6563 -0.6065
vn -0.3420 -0.7413 -0.5776
vn 0.2675 -0.6861 -0.6765
vn 0.1503 -0.8016 -0.5786
vn 0.3573 -0.6540 -0.6668
vn 0.3765 -0.7644 -0.5235
vn 0.7957 -0.6054 -0.0167
vn 0.4691 -0.8780 -0.0956
vn 0.8388 -0.5444 -0.0051
vn 0.6010 -0.7651 0.2312
vn 0.6190 -0.4460 0.6465
vn 0.5905 -0.1412 0.7946
vn 0.2321 -0.3010 0.9249
vn 0.3407 -0.1105 0.9336
vn 0.0262 -0.2647 0.9640
vn 0.0837 -0.3503 0.9329
vn -0.1711 -0.5542 0.8146
vn -0.1556 -0.4417 0.8836
vn -0.5685 -0.6593 0.4921
vn -0.8073 -0.3875 0.4452
vn -0.8761 -0.4820 -0.0127
vn -0.9017 -0.4324 0.0039
vn -0.8565 -0.5042 -0.1103
vn -0.8171 -0.5747 -0.0447
vn -0.3806 0.0733 -0.9218
vn -0.3448 -0.0003 -0.9387
vn -0.4605 0.0811 -0.8840
vn -0.4919 0.0278 -0.8702
vn 0.3756 0.1527 -0.9141
vn 0.5181 -0.0944 -0.8501
vn 0.4050 0.1601 -0.9002
vn 0.3583 0.0080 -0.9336
vn 0.8536 0.3985 -0.3356
vn 0.8890 0.3500 -0.2951
vn 0.8971 0.4297 -0.1030
vn 0.7457 0.6661 -0.0160
vn 0.5432 0.4015 0.7374
vn 0.5951 0.6797 0.4288
vn 0.3031 0.4355 0.8476
vn 0.4235 0.3012 0.8544
vn 0.0753 0.4753 0.8766
vn -0.0020 0.2724 0.9622
vn -0.3796 0.3768 0.8450
vn -0.2155 0.1367 0.9669
vn -0.8896 0.1649 0.4260
vn -0.9222 -0.2585 0.2876
vn -0.9998 0.0003 -0.0174
vn -0.9996 0.0131 -0.0255
vn -0.9923 0.0520 -0.1127
vn -0.9912 0.0124 -0.1315
vn -0.3133 -0.2838 -0.9062
vn -0.2293 -0.0658 -0.9711
vn -0.4953 0.0012 -0.8687
vn -0.4231 -0.0904 -0.9016
vn 0.4694 0.2355 -0.8510
vn 0.3334 0.0050 -0.9428
vn 0.3615 -0.1026 -0.9267
vn 0.3075 0.0029 -0.9515
vn 0.9502 0.1513 -0.2726
vn 0.9055 0.3773 -0.1941
vn 0.9979 0.0192 0.0626
vn 0.9087 0.3802 -0.1726
vn 0.6439 0.1024 0.7583
vn 0.6424 0.1068 0.7589
vn 0.4121 0.3567 0.8384
vn 0.2835 0.0866 0.9550
vn -0.0197 0.3375 0.9411
vn 0.1651 0.1480 0.9751
vn -0.2292 0.2500 0.9407
vn -0.3169 0.0897 0.9442
vn -0.9284 0.2641 0.2612
vn -0.9030 0.0307 0.4285
vn -0.9995 0.0202 -0.0261
vn -0.9925 -0.0838 -0.0894
vn -0.9911 0.0198 -0.1317
vn -0.9935 -0.1044 -0.0452
vn -0.2994 0.4023 -0.8652
vn -0.2807 0.3749 -0.8835
vn -0.3705 0.4032 -0.8367
vn -0.4781 0.2791 -0.8328
vn 0.3589 0.2111 -0.9092
vn 0.3153 0.2755 -0.9081
vn 0.2985 0.2050 -0.9321
vn 0.3565 0.3107 -0.8811
vn 0.9733 0.1792 -0.1435
vn 0.9488 0.2426 -0.2021
vn 0.9703 0.1786 -0.1634
vn 0.8895 0.4567 -0.0135
vn 0.6322 0.4087 0.6582
vn 0.6742 0.5068 0.5373
vn 0.2838 0.3662 0.8862
vn 0.3966 0.2431 0.8852
vn 0.0977 0.4450 0.8902
vn -0.0481 0.1770 0.9830
vn -0.3715 0.5405 0.7549
vn -0.2468 0.3863 0.8888
vn -0.8781 0.2738 0.3923
vn -0.8910 0.2410 0.3848
vn -0.9298 0.3502 -0.1131
vn -0.9820 0.1889 -0.0074
vn -0.9684 0.2366 -0.0787
vn -0.9773 0.1693 -0.1276
vn -0.2103 0.7898 -0.5762
vn -0.3342 0.7329 -0.5926
vn -0.2945 0.8020 -0.5196
vn -0.1716 0.7180 -0.6745
vn 0.2504 0.7787 -0.5753
vn 0.1894 0.7539 -0.6291
vn 0.2629 0.7633 -0.5901
vn 0.3087 0.7417 -0.5955
vn 0.5332 0.7768 -0.3350
vn 0.5318 0.7815 -0.3263
vn 0.7301 0.6809 -0.0578
vn 0.5851 0.7773 -0.2313
vn 0.6155 0.6696 0.4157
vn 0.5474 0.7199 0.4267
vn 0.2355 0.8199 0.5218
vn 0.1506 0.6348 0.7578
vn -0.2827 0.8439 0.4560
vn 0.1511 0.5193 0.8411
vn -0.3038 0.7749 0.5543
vn -0.5970 0.5278 0.6041
vn -0.5741 0.8091 0.1258
vn -0.5798 0.7999 0.1553
vn -0.6292 0.7743 0.0672
vn -0.5820 0.8008 0.1413
vn -0.5963 0.7969 -0.0972
vn -0.5432 0.8265 -0.1480
vn -0.3134 0.9379 -0.1486
vn 0.0615 -0.9901 0.1258
vn 0.0196 0.8861 -0.4630
vn 0.1193 0.8830 -0.4539
vn 0.2071 0.9118 -0.3547
vn 0.2348 0.9403 -0.2463
vn 0.2553 0.9041 -0.3426
vn 0.0690 0.9926 -0.0998
vn -0.2404 0.9673 0.0813
vn 0.0773 0.9969 0.0137
vn -0.5138 0.8522 -0.0988
vn -0.3638 0.9314 -0.0067
vn -0.2233 0.9614 0.1610
vn -0.3102 0.9369 -0.1613
s 0
usemtl Material_0
f 469//146 471//146 470//146
f 472//147 474//147 473//147
f 475//148 477//148 476//148
f 478//149 480//149 479//149
f 481//150 483//150 482//150
f 484//151 486//151 485//151
f 487//152 489//152 488//152
f 490//153 492//153 491//153
s 1
f 493//154 495//154 494//154
s 0
f 496//155 498//155 497//155
f 499//156 501//156 500//156
f 502//157 504//157 503//157
f 505//158 507//158 506//158
f 508//159 510//159 509//159
f 511//160 513//160 512//160
f 514//161 516//161 515//161
f 517//162 519//162 518//162
f 520//163 522//163 521//163
f 523//164 525//164 524//164
f 526//165 528//165 527//165
f 529//166 531//166 530//166
f 532//167 534//167 533//167
f 535//168 537//168 536//168
f 538//169 540//169 539//169
f 541//170 543//170 542//170
f 544//171 546//171 545//171
f 547//172 549//172 548//172
f 550//173 552//173 551//173
f 553//174 555//174 554//174
f 556//175 558//175 557//175
f 559//176 561//176 560//176
f 562//177 564//177 563//177
f 565//178 567//178 566//178
f 568//179 570//179 569//179
f 571//180 573//180 572//180
f 574//181 576//181 575//181
f 577//182 579//182 578//182
f 580//183 582//183 581//183
f 583//184 585//184 584//184
f 586//185 588//185 587//185
f 589//186 591//186 590//186
f 592//187 594//187 593//187
f 595//188 597//188 596//188
f 598//189 600//189 599//189
f 601//190 603//190 602//190
f 604//191 606//191 605//191
f 607//192 609//192 608//192
f 610//193 612//193 611//193
f 613//194 615//194 614//194
f 616//195 618//195 617//195
f 619//196 621//196 620//196
f 622//197 624//197 623//197
f 625//198 627//198 626//198
f 628//199 630//199 629//199
f 631//200 633//200 632//200
f 634//201 636//201 635//201
f 637//202 639//202 638//202
f 640//203 642//203 641//203
f 643//204 645//204 644//204
f 646//205 648//205 647//205
f 649//206 651//206 650//206
f 652//207 654//207 653//207
f 655//208 657//208 656//208
f 658//209 660//209 659//209
f 661//210 663//210 662//210
f 664//211 666//211 665//211
f 667//212 669//212 668//212
f 670//213 672//213 671//213
f 673//214 675//214 674//214
f 676//215 678//215 677//215
f 679//216 681//216 680//216
f 682//217 684//217 683//217
f 685//218 687//218 686//218
f 688//219 690//219 689//219
f 691//220 693//220 692//220
f 694//221 696//221 695//221
f 697//222 699//222 698//222
f 700//223 702//223 701//223
f 703//224 705//224 704//224
f 706//225 708//225 707//225
f 709//226 711//226 710//226
f 712//227 714//227 713//227
f 715//228 717//228 716//228
f 718//229 720//229 719//229
f 721//230 723//230 722//230
f 724//231 726//231 725//231
f 727//232 729//232 728//232
f 730//233 732//233 731//233
f 733//234 735//234 734//234
f 736//235 738//235 737//235
f 739//236 741//236 740//236
f 742//237 744//237 743//237
f 745//238 747//238 746//238
f 748//239 750//239 749//239
f 751//240 753//240 752//240
f 754//241 756//241 755//241
f 757//242 759//242 758//242
f 760//243 762//243 761//243
f 763//244 765//244 764//244
f 766//245 768//245 767//245
f 769//246 771//246 770//246
f 772//247 774//247 773//247
f 775//248 777//248 776//248
f 778//249 780//249 779//249
f 781//250 783//250 782//250
f 784//251 786//251 785//251
f 787//252 789//252 788//252
f 790//253 792//253 791//253
f 793//254 795//254 794//254
f 796//255 798//255 797//255
f 799//256 801//256 800//256
f 802//257 804//257 803//257
f 805//258 807//258 806//258
f 808//259 810//259 809//259
s 1
f 811//260 813//260 812//260
s 0
f 814//261 816//261 815//261
f 817//262 819//262 818//262
f 820//263 822//263 821//263
f 823//264 825//264 824//264
f 826//265 828//265 827//265
f 829//266 831//266 830//266
f 832//267 834//267 833//267
f 835//268 837//268 836//268
f 838//269 840//269 839//269
f 841//270 843//270 842//270
f 844//271 846//271 845//271
f 847//272 849//272 848//272
f 850//273 852//273 851//273
f 853//274 855//274 854//274
s 1
f 856//275 858//275 857//275
s 0
f 859//276 861//276 860//276
f 862//277 864//277 863//277
f 865//278 867//278 866//278
f 868//277 870//277 869//277
f 871//279 873//279 872//279
f 874//277 876//277 875//277
f 877//280 879//280 878//280
f 880//277 882//277 881//277
f 883//281 885//281 884//281
f 886//277 888//277 887//277
f 889//282 891//282 890//282
f 892//277 894//277 893//277
f 895//283 897//283 896//283
f 898//277 900//277 899//277
f 901//284 903//284 902//284
f 904//277 906//277 905//277
f 907//285 909//285 908//285
f 910//277 912//277 911//277
f 913//286 915//286 914//286
f 916//277 918//277 917//277
f 919//287 921//287 920//287
f 922//277 924//277 923//277
f 925//288 927//288 926//288
f 928//277 930//277 929//277
f 931//289 933//289 932//289
f 934//277 936//277 935//277
o rockInstances_0022
v 6.072365 0.308154 6.749926
v 5.680282 0.300757 6.436317
v 6.135811 0.491687 6.872036
v 5.680282 0.300757 6.436317
v 5.632728 0.507966 6.643272
v 6.135811 0.491687 6.872036
v 5.680282 0.300757 6.436317
v 5.310125 0.303838 6.364429
v 5.157121 0.494115 6.487951
v 5.680282 0.300757 6.436317
v 5.157121 0.494115 6.487951
v 5.632728 0.507966 6.643272
v 5.310125 0.303838 6.364429
v 5.105717 0.288278 5.940252
v 5.157121 0.494115 6.487951
v 5.105717 0.288278 5.940252
v 4.969692 0.400270 6.016088
v 5.157121 0.494115 6.487951
v 5.105717 0.288278 5.940252
v 4.956110 0.271096 5.500741
v 4.810829 0.393880 5.449819
v 5.105717 0.288278 5.940252
v 4.810829 0.393880 5.449819
v 4.969692 0.400270 6.016088
v 4.956110 0.271096 5.500741
v 5.303118 0.248219 5.122886
v 4.810829 0.393880 5.449819
v 5.303118 0.248219 5.122886
v 5.056059 0.348444 5.032878
v 4.810829 0.393880 5.449819
v 5.303118 0.248219 5.122886
v 5.656145 0.225937 4.760574
v 5.576153 0.394420 4.593093
v 5.303118 0.248219 5.122886
v 5.576153 0.394420 4.593093
v 5.056059 0.348444 5.032878
v 5.656145 0.225937 4.760574
v 6.209708 0.217201 4.776127
v 5.576153 0.394420 4.593093
v 6.209708 0.217201 4.776127
v 6.212015 0.373403 4.706800
v 5.576153 0.394420 4.593093
v 6.209708 0.217201 4.776127
v 6.595747 0.221793 5.024946
v 6.624319 0.376837 4.909773
v 6.209708 0.217201 4.776127
v 6.624319 0.376837 4.909773
v 6.212015 0.373403 4.706800
v 6.595747 0.221793 5.024946
v 6.838289 0.229025 5.278105
v 6.624319 0.376837 4.909773
v 6.838289 0.229025 5.278105
v 7.016477 0.403442 5.252328
v 6.624319 0.376837 4.909773
v 6.838289 0.229025 5.278105
v 7.060173 0.244993 5.718019
v 7.212707 0.355770 5.715436
v 6.838289 0.229025 5.278105
v 7.212707 0.355770 5.715436
v 7.016477 0.403442 5.252328
v 7.060173 0.244993 5.718019
v 6.923410 0.268587 6.191653
v 7.212707 0.355770 5.715436
v 6.923410 0.268587 6.191653
v 6.992328 0.399977 6.222869
v 7.212707 0.355770 5.715436
v 6.923410 0.268587 6.191653
v 6.512659 0.289131 6.493338
v 6.549738 0.456813 6.586598
v 6.923410 0.268587 6.191653
v 6.549738 0.456813 6.586598
v 6.992328 0.399977 6.222869
v 6.512659 0.289131 6.493338
v 6.072365 0.308154 6.749926
v 6.549738 0.456813 6.586598
v 6.072365 0.308154 6.749926
v 6.135811 0.491687 6.872036
v 6.549738 0.456813 6.586598
v 6.135811 0.491687 6.872036
v 5.632728 0.507966 6.643272
v 5.637703 0.705131 6.570352
v 6.135811 0.491687 6.872036
v 5.637703 0.705131 6.570352
v 6.140225 0.687296 6.821527
v 5.632728 0.507966 6.643272
v 5.157121 0.494115 6.487951
v 5.637703 0.705131 6.570352
v 5.157121 0.494115 6.487951
v 5.147425 0.660564 6.436352
v 5.637703 0.705131 6.570352
v 5.157121 0.494115 6.487951
v 4.969692 0.400270 6.016088
v 5.069893 0.646250 6.016334
v 5.157121 0.494115 6.487951
v 5.069893 0.646250 6.016334
v 5.147425 0.660564 6.436352
v 4.969692 0.400270 6.016088
v 4.810829 0.393880 5.449819
v 5.069893 0.646250 6.016334
v 4.810829 0.393880 5.449819
v 4.878319 0.605881 5.522203
v 5.069893 0.646250 6.016334
v 4.810829 0.393880 5.449819
v 5.056059 0.348444 5.032878
v 5.176183 0.599356 5.102666
v 4.810829 0.393880 5.449819
v 5.176183 0.599356 5.102666
v 4.878319 0.605881 5.522203
v 5.056059 0.348444 5.032878
v 5.576153 0.394420 4.593093
v 5.176183 0.599356 5.102666
v 5.576153 0.394420 4.593093
v 5.661738 0.563181 4.735631
v 5.176183 0.599356 5.102666
v 5.576153 0.394420 4.593093
v 6.212015 0.373403 4.706800
v 6.126393 0.642265 4.779617
v 5.576153 0.394420 4.593093
v 6.126393 0.642265 4.779617
v 5.661738 0.563181 4.735631
v 6.212015 0.373403 4.706800
v 6.624319 0.376837 4.909773
v 6.126393 0.642265 4.779617
v 6.624319 0.376837 4.909773
v 6.606390 0.622108 4.949323
v 6.126393 0.642265 4.779617
v 6.624319 0.376837 4.909773
v 7.016477 0.403442 5.252328
v 6.974559 0.558183 5.312356
v 6.624319 0.376837 4.909773
v 6.974559 0.558183 5.312356
v 6.606390 0.622108 4.949323
v 7.016477 0.403442 5.252328
v 7.212707 0.355770 5.715436
v 6.974559 0.558183 5.312356
v 7.212707 0.355770 5.715436
v 7.245500 0.543139 5.771142
v 6.974559 0.558183 5.312356
v 7.212707 0.355770 5.715436
v 6.992328 0.399977 6.222869
v 6.932312 0.605781 6.243958
v 7.212707 0.355770 5.715436
v 6.932312 0.605781 6.243958
v 7.245500 0.543139 5.771142
v 6.992328 0.399977 6.222869
v 6.549738 0.456813 6.586598
v 6.932312 0.605781 6.243958
v 6.549738 0.456813 6.586598
v 6.563807 0.638151 6.544755
v 6.932312 0.605781 6.243958
v 6.549738 0.456813 6.586598
v 6.135811 0.491687 6.872036
v 6.140225 0.687296 6.821527
v 6.549738 0.456813 6.586598
v 6.140225 0.687296 6.821527
v 6.563807 0.638151 6.544755
v 6.140225 0.687296 6.821527
v 5.637703 0.705131 6.570352
v 6.115784 0.903314 6.846672
v 5.637703 0.705131 6.570352
v 5.685502 0.962140 6.556731
v 6.115784 0.903314 6.846672
v 5.637703 0.705131 6.570352
v 5.147425 0.660564 6.436352
v 5.285902 0.948519 6.404553
v 5.637703 0.705131 6.570352
v 5.285902 0.948519 6.404553
v 5.685502 0.962140 6.556731
v 5.147425 0.660564 6.436352
v 5.069893 0.646250 6.016334
v 5.285902 0.948519 6.404553
v 5.069893 0.646250 6.016334
v 5.097315 0.837930 5.992154
v 5.285902 0.948519 6.404553
v 5.069893 0.646250 6.016334
v 4.878319 0.605881 5.522203
v 4.893804 0.790421 5.551092
v 5.069893 0.646250 6.016334
v 4.893804 0.790421 5.551092
v 5.097315 0.837930 5.992154
v 4.878319 0.605881 5.522203
v 5.176183 0.599356 5.102666
v 4.893804 0.790421 5.551092
v 5.176183 0.599356 5.102666
v 5.266716 0.824015 5.159751
v 4.893804 0.790421 5.551092
v 5.176183 0.599356 5.102666
v 5.661738 0.563181 4.735631
v 5.655785 0.778947 4.715083
v 5.176183 0.599356 5.102666
v 5.655785 0.778947 4.715083
v 5.266716 0.824015 5.159751
v 5.661738 0.563181 4.735631
v 6.126393 0.642265 4.779617
v 5.655785 0.778947 4.715083
v 6.126393 0.642265 4.779617
v 6.146740 0.825951 4.766048
v 5.655785 0.778947 4.715083
v 6.126393 0.642265 4.779617
v 6.606390 0.622108 4.949323
v 6.568480 0.862419 5.001369
v 6.126393 0.642265 4.779617
v 6.568480 0.862419 5.001369
v 6.146740 0.825951 4.766048
v 6.606390 0.622108 4.949323
v 6.974559 0.558183 5.312356
v 6.568480 0.862419 5.001369
v 6.974559 0.558183 5.312356
v 6.989377 0.819045 5.314461
v 6.568480 0.862419 5.001369
v 6.974559 0.558183 5.312356
v 7.245500 0.543139 5.771142
v 7.163083 0.788335 5.710448
v 6.974559 0.558183 5.312356
v 7.163083 0.788335 5.710448
v 6.989377 0.819045 5.314461
v 7.245500 0.543139 5.771142
v 6.932312 0.605781 6.243958
v 7.163083 0.788335 5.710448
v 6.932312 0.605781 6.243958
v 6.917120 0.838853 6.251150
v 7.163083 0.788335 5.710448
v 6.932312 0.605781 6.243958
v 6.563807 0.638151 6.544755
v 6.581120 0.870480 6.488799
v 6.932312 0.605781 6.243958
v 6.581120 0.870480 6.488799
v 6.917120 0.838853 6.251150
v 6.563807 0.638151 6.544755
v 6.140225 0.687296 6.821527
v 6.581120 0.870480 6.488799
v 6.140225 0.687296 6.821527
v 6.115784 0.903314 6.846672
v 6.581120 0.870480 6.488799
v 6.115784 0.903314 6.846672
v 5.685502 0.962140 6.556731
v 5.760070 1.146678 6.401865
v 6.115784 0.903314 6.846672
v 5.760070 1.146678 6.401865
v 6.187989 1.141653 6.648983
v 5.685502 0.962140 6.556731
v 5.285902 0.948519 6.404553
v 5.760070 1.146678 6.401865
v 5.285902 0.948519 6.404553
v 5.372304 1.149464 6.288153
v 5.760070 1.146678 6.401865
v 5.285902 0.948519 6.404553
v 5.097315 0.837930 5.992154
v 5.205070 1.084062 5.938807
v 5.285902 0.948519 6.404553
v 5.205070 1.084062 5.938807
v 5.372304 1.149464 6.288153
v 5.097315 0.837930 5.992154
v 4.893804 0.790421 5.551092
v 5.205070 1.084062 5.938807
v 4.893804 0.790421 5.551092
v 5.026513 1.013462 5.487342
v 5.205070 1.084062 5.938807
v 4.893804 0.790421 5.551092
v 5.266716 0.824015 5.159751
v 5.328173 1.058055 5.150623
v 4.893804 0.790421 5.551092
v 5.328173 1.058055 5.150623
v 5.026513 1.013462 5.487342
v 5.266716 0.824015 5.159751
v 5.655785 0.778947 4.715083
v 5.328173 1.058055 5.150623
v 5.655785 0.778947 4.715083
v 5.720929 1.047987 4.849991
v 5.328173 1.058055 5.150623
v 5.655785 0.778947 4.715083
v 6.146740 0.825951 4.766048
v 6.164126 1.104737 4.862728
v 5.655785 0.778947 4.715083
v 6.164126 1.104737 4.862728
v 5.720929 1.047987 4.849991
v 6.146740 0.825951 4.766048
v 6.568480 0.862419 5.001369
v 6.164126 1.104737 4.862728
v 6.568480 0.862419 5.001369
v 6.584979 1.107520 5.033084
v 6.164126 1.104737 4.862728
v 6.568480 0.862419 5.001369
v 6.989377 0.819045 5.314461
v 6.816517 1.043791 5.296525
v 6.568480 0.862419 5.001369
v 6.816517 1.043791 5.296525
v 6.584979 1.107520 5.033084
v 6.989377 0.819045 5.314461
v 7.163083 0.788335 5.710448
v 6.816517 1.043791 5.296525
v 7.163083 0.788335 5.710448
v 7.082964 0.986367 5.720840
v 6.816517 1.043791 5.296525
v 7.163083 0.788335 5.710448
v 6.917120 0.838853 6.251150
v 6.896397 0.999358 6.135280
v 7.163083 0.788335 5.710448
v 6.896397 0.999358 6.135280
v 7.082964 0.986367 5.720840
v 6.917120 0.838853 6.251150
v 6.581120 0.870480 6.488799
v 6.896397 0.999358 6.135280
v 6.581120 0.870480 6.488799
v 6.523632 1.100049 6.427178
v 6.896397 0.999358 6.135280
v 6.581120 0.870480 6.488799
v 6.115784 0.903314 6.846672
v 6.187989 1.141653 6.648983
v 6.581120 0.870480 6.488799
v 6.187989 1.141653 6.648983
v 6.523632 1.100049 6.427178
v 6.187989 1.141653 6.648983
v 5.760070 1.146678 6.401865
v 6.164953 1.270979 6.232883
v 5.760070 1.146678 6.401865
v 5.894845 1.331404 6.019110
v 6.164953 1.270979 6.232883
v 5.760070 1.146678 6.401865
v 5.372304 1.149464 6.288153
v 5.645434 1.282551 5.968296
v 5.760070 1.146678 6.401865
v 5.645434 1.282551 5.968296
v 5.894845 1.331404 6.019110
v 5.372304 1.149464 6.288153
v 5.205070 1.084062 5.938807
v 5.645434 1.282551 5.968296
v 5.205070 1.084062 5.938807
v 5.539280 1.261540 5.710522
v 5.645434 1.282551 5.968296
v 5.205070 1.084062 5.938807
v 5.026513 1.013462 5.487342
v 5.454874 1.219382 5.452023
v 5.205070 1.084062 5.938807
v 5.454874 1.219382 5.452023
v 5.539280 1.261540 5.710522
v 5.026513 1.013462 5.487342
v 5.328173 1.058055 5.150623
v 5.454874 1.219382 5.452023
v 5.328173 1.058055 5.150623
v 5.607443 1.209491 5.188419
v 5.454874 1.219382 5.452023
v 5.328173 1.058055 5.150623
v 5.720929 1.047987 4.849991
v 5.866068 1.261164 5.019925
v 5.328173 1.058055 5.150623
v 5.866068 1.261164 5.019925
v 5.607443 1.209491 5.188419
v 5.720929 1.047987 4.849991
v 6.164126 1.104737 4.862728
v 5.866068 1.261164 5.019925
v 6.164126 1.104737 4.862728
v 6.177845 1.272474 5.025936
v 5.866068 1.261164 5.019925
v 6.164126 1.104737 4.862728
v 6.584979 1.107520 5.033084
v 6.402365 1.227588 5.131130
v 6.164126 1.104737 4.862728
v 6.402365 1.227588 5.131130
v 6.177845 1.272474 5.025936
v 6.584979 1.107520 5.033084
v 6.816517 1.043791 5.296525
v 6.402365 1.227588 5.131130
v 6.816517 1.043791 5.296525
v 6.655966 1.260544 5.327696
v 6.402365 1.227588 5.131130
v 6.816517 1.043791 5.296525
v 7.082964 0.986367 5.720840
v 6.722390 1.185372 5.563022
v 6.816517 1.043791 5.296525
v 6.722390 1.185372 5.563022
v 6.655966 1.260544 5.327696
v 7.082964 0.986367 5.720840
v 6.896397 0.999358 6.135280
v 6.722390 1.185372 5.563022
v 6.896397 0.999358 6.135280
v 6.625561 1.185380 5.844861
v 6.722390 1.185372 5.563022
v 6.896397 0.999358 6.135280
v 6.523632 1.100049 6.427178
v 6.384196 1.266912 6.050661
v 6.896397 0.999358 6.135280
v 6.384196 1.266912 6.050661
v 6.625561 1.185380 5.844861
v 6.523632 1.100049 6.427178
v 6.187989 1.141653 6.648983
v 6.384196 1.266912 6.050661
v 6.187989 1.141653 6.648983
v 6.164953 1.270979 6.232883
v 6.384196 1.266912 6.050661
v 6.164953 1.270979 6.232883
v 5.894845 1.331404 6.019110
v 5.916484 1.360264 5.752790
v 5.680282 0.300757 6.436317
v 6.072365 0.308154 6.749926
v 6.017206 0.263301 5.729898
v 5.894845 1.331404 6.019110
v 5.645434 1.282551 5.968296
v 5.916484 1.360264 5.752790
v 5.310125 0.303838 6.364429
v 5.680282 0.300757 6.436317
v 6.017206 0.263301 5.729898
v 5.645434 1.282551 5.968296
v 5.539280 1.261540 5.710522
v 5.916484 1.360264 5.752790
v 5.105717 0.288278 5.940252
v 5.310125 0.303838 6.364429
v 6.017206 0.263301 5.729898
v 5.539280 1.261540 5.710522
v 5.454874 1.219382 5.452023
v 5.916484 1.360264 5.752790
v 4.956110 0.271096 5.500741
v 5.105717 0.288278 5.940252
v 6.017206 0.263301 5.729898
v 5.454874 1.219382 5.452023
v 5.607443 1.209491 5.188419
v 5.916484 1.360264 5.752790
v 5.303118 0.248219 5.122886
v 4.956110 0.271096 5.500741
v 6.017206 0.263301 5.729898
v 5.607443 1.209491 5.188419
v 5.866068 1.261164 5.019925
v 5.916484 1.360264 5.752790
v 5.656145 0.225937 4.760574
v 5.303118 0.248219 5.122886
v 6.017206 0.263301 5.729898
v 5.866068 1.261164 5.019925
v 6.177845 1.272474 5.025936
v 5.916484 1.360264 5.752790
v 6.209708 0.217201 4.776127
v 5.656145 0.225937 4.760574
v 6.017206 0.263301 5.729898
v 6.177845 1.272474 5.025936
v 6.402365 1.227588 5.131130
v 5.916484 1.360264 5.752790
v 6.595747 0.221793 5.024946
v 6.209708 0.217201 4.776127
v 6.017206 0.263301 5.729898
v 6.402365 1.227588 5.131130
v 6.655966 1.260544 5.327696
v 5.916484 1.360264 5.752790
v 6.838289 0.229025 5.278105
v 6.595747 0.221793 5.024946
v 6.017206 0.263301 5.729898
v 6.655966 1.260544 5.327696
v 6.722390 1.185372 5.563022
v 5.916484 1.360264 5.752790
v 7.060173 0.244993 5.718019
v 6.838289 0.229025 5.278105
v 6.017206 0.263301 5.729898
v 6.722390 1.185372 5.563022
v 6.625561 1.185380 5.844861
v 5.916484 1.360264 5.752790
v 6.923410 0.268587 6.191653
v 7.060173 0.244993 5.718019
v 6.017206 0.263301 5.729898
v 6.625561 1.185380 5.844861
v 6.384196 1.266912 6.050661
v 5.916484 1.360264 5.752790
v 6.512659 0.289131 6.493338
v 6.923410 0.268587 6.191653
v 6.017206 0.263301 5.729898
v 6.384196 1.266912 6.050661
v 6.164953 1.270979 6.232883
v 5.916484 1.360264 5.752790
v 6.072365 0.308154 6.749926
v 6.512659 0.289131 6.493338
v 6.017206 0.263301 5.729898
vn -0.5938 -0.2933 0.7493
vn -0.3118 -0.7063 0.6355
vn -0.1542 -0.6222 0.7675
vn -0.1981 -0.7151 0.6704
vn -0.6221 -0.7118 0.3259
vn -0.4722 -0.8096 0.3486
vn -0.6748 -0.6919 0.2567
vn -0.5688 -0.8050 0.1686
vn -0.4994 -0.7619 -0.4125
vn -0.3426 -0.9342 -0.0997
vn -0.5239 -0.7126 -0.4666
vn -0.2314 -0.9007 -0.3678
vn 0.0089 -0.7028 -0.7113
vn 0.1482 -0.4030 -0.9031
vn 0.4441 -0.5856 -0.6782
vn 0.4120 -0.3747 -0.8306
vn 0.6154 -0.5400 -0.5742
vn 0.5349 -0.6297 -0.5634
vn 0.5651 -0.7841 -0.2566
vn 0.6324 -0.6962 -0.3396
vn 0.5773 -0.7901 0.2061
vn 0.7782 -0.4988 0.3814
vn 0.4950 -0.5034 0.7082
vn 0.5320 -0.4495 0.7176
vn 0.4164 -0.5105 0.7523
vn 0.4198 -0.5989 0.6820
vn -0.3820 0.3290 0.8636
vn -0.4279 0.2350 0.8727
vn -0.3011 0.3375 0.8919
vn -0.2766 0.2698 0.9223
vn -0.8889 0.3618 0.2811
vn -0.9834 -0.0010 0.1816
vn -0.8974 0.3653 0.2476
vn -0.9225 0.1765 0.3432
vn -0.7303 0.4838 -0.4823
vn -0.7383 0.4162 -0.5307
vn -0.5947 0.4668 -0.6545
vn -0.3958 0.7014 -0.5928
vn 0.1773 0.3095 -0.9342
vn -0.0405 0.6566 -0.7531
vn 0.4100 0.3578 -0.8390
vn 0.3347 0.1738 -0.9261
vn 0.5785 0.4264 -0.6954
vn 0.7069 0.1627 -0.6883
vn 0.8704 0.3643 -0.3313
vn 0.8611 0.0005 -0.5085
vn 0.9008 0.2246 0.3716
vn 0.7763 -0.3006 0.5541
vn 0.6395 0.1085 0.7611
vn 0.6339 0.1269 0.7629
vn 0.5679 0.1937 0.7999
vn 0.5529 0.1464 0.8203
vn -0.4462 -0.1531 0.8818
vn -0.5393 0.1443 0.8296
vn -0.2761 0.2357 0.9318
vn -0.3569 0.1155 0.9270
vn -0.8848 0.4418 0.1483
vn -0.9121 0.1771 0.3696
vn -0.9328 0.0219 0.3598
vn -0.9006 0.1788 0.3963
vn -0.8041 0.1572 -0.5733
vn -0.6732 0.4250 -0.6050
vn -0.6048 -0.0920 -0.7910
vn -0.6600 0.4236 -0.6204
vn 0.1092 -0.0913 -0.9898
vn 0.1110 -0.0854 -0.9901
vn 0.3321 0.2494 -0.9097
vn 0.4916 -0.1182 -0.8628
vn 0.7010 0.2548 -0.6661
vn 0.5948 -0.0273 -0.8034
vn 0.8519 0.1631 -0.4977
vn 0.9133 -0.0486 -0.4044
vn 0.7925 0.3837 0.4741
vn 0.9109 0.0467 0.4100
vn 0.6336 0.1362 0.7616
vn 0.5782 0.0125 0.8158
vn 0.5529 0.1559 0.8185
vn 0.6084 -0.0235 0.7933
vn -0.3427 0.6813 0.6468
vn -0.3713 0.6568 0.6563
vn -0.2808 0.6810 0.6763
vn -0.2295 0.5599 0.7962
vn -0.8573 0.4350 0.2754
vn -0.8068 0.5148 0.2899
vn -0.8333 0.4379 0.3373
vn -0.8050 0.5456 0.2331
vn -0.7212 0.1631 -0.6732
vn -0.7362 0.2593 -0.6252
vn -0.7336 0.1669 -0.6588
vn -0.5256 0.4796 -0.7027
vn 0.0671 0.3232 -0.9440
vn -0.0326 0.4543 -0.8903
vn 0.4519 0.2670 -0.8512
vn 0.3730 0.0943 -0.9230
vn 0.5760 0.3855 -0.7209
vn 0.7548 0.0340 -0.6551
vn 0.7690 0.5680 -0.2933
vn 0.8131 0.3532 -0.4628
vn 0.8588 0.3681 0.3563
vn 0.8646 0.3299 0.3789
vn 0.5182 0.5436 0.6603
vn 0.6347 0.3446 0.6917
vn 0.5733 0.4132 0.7075
vn 0.5472 0.3421 0.7639
vn -0.1628 0.9396 0.3010
vn -0.1126 0.9098 0.3994
vn -0.0867 0.9439 0.3187
vn -0.2481 0.9038 0.3488
vn -0.4123 0.9107 0.0269
vn -0.4144 0.9049 0.0969
vn -0.4311 0.9018 0.0295
vn -0.4650 0.8853 0.0075
vn -0.4348 0.8572 -0.2760
vn -0.4281 0.8593 -0.2800
vn -0.4084 0.7226 -0.5577
vn -0.4052 0.8383 -0.3648
vn -0.0610 0.6473 -0.7598
vn -0.0115 0.6978 -0.7162
vn 0.2222 0.7968 -0.5619
vn 0.4329 0.6102 -0.6635
vn 0.4624 0.8644 -0.1973
vn 0.4999 0.4745 -0.7245
vn 0.5463 0.8041 -0.2342
vn 0.8007 0.5981 -0.0349
vn 0.4216 0.8922 0.1618
vn 0.4434 0.8833 0.1523
vn 0.4197 0.8772 0.2333
vn 0.4360 0.8855 0.1606
vn 0.3039 0.9076 0.2897
vn 0.2460 0.9294 0.2752
vn 0.1277 0.9849 0.1171
vn -0.0170 -0.9988 0.0448
vn -0.2088 0.9739 0.0886
vn -0.2559 0.9663 0.0266
vn -0.2443 0.9666 -0.0779
vn -0.1975 0.9687 -0.1506
vn -0.2640 0.9581 -0.1114
vn -0.0334 0.9907 -0.1317
vn 0.2142 0.9759 -0.0408
vn 0.0217 0.9811 -0.1924
vn 0.2574 0.9392 0.2274
vn 0.2291 0.9702 0.0787
vn 0.2494 0.9642 -0.0895
vn 0.1193 0.9854 0.1215
s 0
usemtl Material_0
f 937//290 939//290 938//290
f 940//291 942//291 941//291
f 943//292 945//292 944//292
f 946//293 948//293 947//293
f 949//294 951//294 950//294
f 952//295 954//295 953//295
f 955//296 957//296 956//296
f 958//297 960//297 959//297
s 1
f 961//298 963//298 962//298
s 0
f 964//299 966//299 965//299
f 967//300 969//300 968//300
f 970//301 972//301 971//301
f 973//302 975//302 974//302
f 976//303 978//303 977//303
f 979//304 981//304 980//304
f 982//305 984//305 983//305
f 985//306 987//306 986//306
f 988//307 990//307 989//307
f 991//308 993//308 992//308
f 994//309 996//309 995//309
f 997//310 999//310 998//310
f 1000//311 1002//311 1001//311
f 1003//312 1005//312 1004//312
f 1006//313 1008//313 1007//313
f 1009//314 1011//314 1010//314
f 1012//315 1014//315 1013//315
f 1015//316 1017//316 1016//316
f 1018//317 1020//317 1019//317
f 1021//318 1023//318 1022//318
f 1024//319 1026//319 1025//319
f 1027//320 1029//320 1028//320
f 1030//321 1032//321 1031//321
f 1033//322 1035//322 1034//322
f 1036//323 1038//323 1037//323
f 1039//324 1041//324 1040//324
f 1042//325 1044//325 1043//325
f 1045//326 1047//326 1046//326
f 1048//327 1050//327 1049//327
f 1051//328 1053//328 1052//328
f 1054//329 1056//329 1055//329
f 1057//330 1059//330 1058//330
f 1060//331 1062//331 1061//331
f 1063//332 1065//332 1064//332
f 1066//333 1068//333 1067//333
f 1069//334 1071//334 1070//334
f 1072//335 1074//335 1073//335
f 1075//336 1077//336 1076//336
f 1078//337 1080//337 1079//337
f 1081//338 1083//338 1082//338
f 1084//339 1086//339 1085//339
f 1087//340 1089//340 1088//340
f 1090//341 1092//341 1091//341
f 1093//342 1095//342 1094//342
f 1096//343 1098//343 1097//343
f 1099//344 1101//344 1100//344
f 1102//345 1104//345 1103//345
f 1105//346 1107//346 1106//346
f 1108//347 1110//347 1109//347
f 1111//348 1113//348 1112//348
f 1114//349 1116//349 1115//349
f 1117//350 1119//350 1118//350
f 1120//351 1122//351 1121//351
f 1123//352 1125//352 1124//352
f 1126//353 1128//353 1127//353
f 1129//354 1131//354 1130//354
f 1132//355 1134//355 1133//355
f 1135//356 1137//356 1136//356
f 1138//357 1140//357 1139//357
f 1141//358 1143//358 1142//358
f 1144//359 1146//359 1145//359
f 1147//360 1149//360 1148//360
f 1150//361 1152//361 1151//361
f 1153//362 1155//362 1154//362
f 1156//363 1158//363 1157//363
f 1159//364 1161//364 1160//364
f 1162//365 1164//365 1163//365
f 1165//366 1167//366 1166//366
f 1168//367 1170//367 1169//367
f 1171//368 1173//368 1172//368
f 1174//369 1176//369 1175//369
f 1177//370 1179//370 1178//370
f 1180//371 1182//371 1181//371
f 1183//372 1185//372 1184//372
f 1186//373 1188//373 1187//373
f 1189//374 1191//374 1190//374
f 1192//375 1194//375 1193//375
f 1195//376 1197//376 1196//376
f 1198//377 1200//377 1199//377
f 1201//378 1203//378 1202//378
f 1204//379 1206//379 1205//379
f 1207//380 1209//380 1208//380
f 1210//381 1212//381 1211//381
f 1213//382 1215//382 1214//382
f 1216//383 1218//383 1217//383
f 1219//384 1221//384 1220//384
f 1222//385 1224//385 1223//385
f 1225//386 1227//386 1226//386
f 1228//387 1230//387 1229//387
f 1231//388 1233//388 1232//388
f 1234//389 1236//389 1235//389
f 1237//390 1239//390 1238//390
f 1240//391 1242//391 1241//391
f 1243//392 1245//392 1244//392
f 1246//393 1248//393 1247//393
f 1249//394 1251//394 1250//394
f 1252//395 1254//395 1253//395
f 1255//396 1257//396 1256//396
f 1258//397 1260//397 1259//397
f 1261//398 1263//398 1262//398
f 1264//399 1266//399 1265//399
f 1267//400 1269//400 1268//400
f 1270//401 1272//401 1271//401
f 1273//402 1275//402 1274//402
f 1276//403 1278//403 1277//403
s 1
f 1279//404 1281//404 1280//404
s 0
f 1282//405 1284//405 1283//405
f 1285//406 1287//406 1286//406
f 1288//407 1290//407 1289//407
f 1291//408 1293//408 1292//408
f 1294//409 1296//409 1295//409
f 1297//410 1299//410 1298//410
f 1300//411 1302//411 1301//411
f 1303//412 1305//412 1304//412
f 1306//413 1308//413 1307//413
f 1309//414 1311//414 1310//414
f 1312//415 1314//415 1313//415
f 1315//416 1317//416 1316//416
f 1318//417 1320//417 1319//417
f 1321//418 1323//418 1322//418
s 1
f 1324//419 1326//419 1325//419
s 0
f 1327//420 1329//420 1328//420
f 1330//421 1332//421 1331//421
f 1333//422 1335//422 1334//422
f 1336//421 1338//421 1337//421
f 1339//423 1341//423 1340//423
f 1342//421 1344//421 1343//421
f 1345//424 1347//424 1346//424
f 1348//421 1350//421 1349//421
f 1351//425 1353//425 1352//425
f 1354//421 1356//421 1355//421
f 1357//426 1359//426 1358//426
f 1360//421 1362//421 1361//421
f 1363//427 1365//427 1364//427
f 1366//421 1368//421 1367//421
f 1369//428 1371//428 1370//428
f 1372//421 1374//421 1373//421
f 1375//429 1377//429 1376//429
f 1378//421 1380//421 1379//421
f 1381//430 1383//430 1382//430
f 1384//421 1386//421 1385//421
f 1387//431 1389//431 1388//431
f 1390//421 1392//421 1391//421
f 1393//432 1395//432 1394//432
f 1396//421 1398//421 1397//421
f 1399//433 1401//433 1400//433
f 1402//421 1404//421 1403//421
o rockInstances_0032
v 1.393932 0.036627 3.495037
v 1.368969 -0.053694 3.151257
v 1.358430 0.280997 3.508168
v 1.368969 -0.053694 3.151257
v 1.224287 0.202605 3.102468
v 1.358430 0.280997 3.508168
v 1.368969 -0.053694 3.151257
v 1.213230 -0.119513 2.880126
v 1.061086 0.093873 2.744072
v 1.368969 -0.053694 3.151257
v 1.061086 0.093873 2.744072
v 1.224287 0.202605 3.102468
v 1.213230 -0.119513 2.880126
v 1.353905 -0.189220 2.638778
v 1.061086 0.093873 2.744072
v 1.353905 -0.189220 2.638778
v 1.237890 -0.071907 2.528209
v 1.061086 0.093873 2.744072
v 1.353905 -0.189220 2.638778
v 1.532950 -0.251436 2.431380
v 1.486944 -0.126238 2.278829
v 1.353905 -0.189220 2.638778
v 1.486944 -0.126238 2.278829
v 1.237890 -0.071907 2.528209
v 1.532950 -0.251436 2.431380
v 1.941451 -0.228367 2.579448
v 1.486944 -0.126238 2.278829
v 1.941451 -0.228367 2.579448
v 1.863696 -0.151071 2.355230
v 1.486944 -0.126238 2.278829
v 1.941451 -0.228367 2.579448
v 2.344010 -0.202981 2.735350
v 2.402404 -0.012434 2.582535
v 1.941451 -0.228367 2.579448
v 2.402404 -0.012434 2.582535
v 1.863696 -0.151071 2.355230
v 2.344010 -0.202981 2.735350
v 2.631127 -0.112529 3.118908
v 2.402404 -0.012434 2.582535
v 2.631127 -0.112529 3.118908
v 2.675486 0.080705 3.051033
v 2.402404 -0.012434 2.582535
v 2.631127 -0.112529 3.118908
v 2.691053 -0.028802 3.443100
v 2.776518 0.166364 3.381876
v 2.631127 -0.112529 3.118908
v 2.776518 0.166364 3.381876
v 2.675486 0.080705 3.051033
v 2.691053 -0.028802 3.443100
v 2.671617 0.032204 3.669861
v 2.776518 0.166364 3.381876
v 2.671617 0.032204 3.669861
v 2.784709 0.281560 3.726656
v 2.776518 0.166364 3.381876
v 2.671617 0.032204 3.669861
v 2.531019 0.106089 3.926951
v 2.615786 0.272060 3.993302
v 2.671617 0.032204 3.669861
v 2.615786 0.272060 3.993302
v 2.784709 0.281560 3.726656
v 2.531019 0.106089 3.926951
v 2.178580 0.125172 3.945977
v 2.615786 0.272060 3.993302
v 2.178580 0.125172 3.945977
v 2.198916 0.302669 3.957136
v 2.615786 0.272060 3.993302
v 2.178580 0.125172 3.945977
v 1.780869 0.085234 3.736016
v 1.748051 0.304129 3.729163
v 2.178580 0.125172 3.945977
v 1.748051 0.304129 3.729163
v 2.198916 0.302669 3.957136
v 1.780869 0.085234 3.736016
v 1.393932 0.036627 3.495037
v 1.748051 0.304129 3.729163
v 1.393932 0.036627 3.495037
v 1.358430 0.280997 3.508168
v 1.748051 0.304129 3.729163
v 1.358430 0.280997 3.508168
v 1.224287 0.202605 3.102468
v 1.272774 0.447338 3.021892
v 1.358430 0.280997 3.508168
v 1.272774 0.447338 3.021892
v 1.393367 0.524375 3.433401
v 1.224287 0.202605 3.102468
v 1.061086 0.093873 2.744072
v 1.272774 0.447338 3.021892
v 1.061086 0.093873 2.744072
v 1.088699 0.298254 2.669115
v 1.272774 0.447338 3.021892
v 1.061086 0.093873 2.744072
v 1.237890 -0.071907 2.528209
v 1.294875 0.253350 2.514750
v 1.061086 0.093873 2.744072
v 1.294875 0.253350 2.514750
v 1.088699 0.298254 2.669115
v 1.237890 -0.071907 2.528209
v 1.486944 -0.126238 2.278829
v 1.294875 0.253350 2.514750
v 1.486944 -0.126238 2.278829
v 1.483357 0.152870 2.272662
v 1.294875 0.253350 2.514750
v 1.486944 -0.126238 2.278829
v 1.863696 -0.151071 2.355230
v 1.890374 0.186110 2.371300
v 1.486944 -0.126238 2.278829
v 1.890374 0.186110 2.371300
v 1.483357 0.152870 2.272662
v 1.863696 -0.151071 2.355230
v 2.402404 -0.012434 2.582535
v 1.890374 0.186110 2.371300
v 2.402404 -0.012434 2.582535
v 2.366491 0.218163 2.620811
v 1.890374 0.186110 2.371300
v 2.402404 -0.012434 2.582535
v 2.675486 0.080705 3.051033
v 2.590459 0.402889 2.921891
v 2.402404 -0.012434 2.582535
v 2.590459 0.402889 2.921891
v 2.366491 0.218163 2.620811
v 2.675486 0.080705 3.051033
v 2.776518 0.166364 3.381876
v 2.590459 0.402889 2.921891
v 2.776518 0.166364 3.381876
v 2.747040 0.470419 3.298212
v 2.590459 0.402889 2.921891
v 2.776518 0.166364 3.381876
v 2.784709 0.281560 3.726656
v 2.729021 0.468889 3.661927
v 2.776518 0.166364 3.381876
v 2.729021 0.468889 3.661927
v 2.747040 0.470419 3.298212
v 2.784709 0.281560 3.726656
v 2.615786 0.272060 3.993302
v 2.729021 0.468889 3.661927
v 2.615786 0.272060 3.993302
v 2.603115 0.513590 3.967483
v 2.729021 0.468889 3.661927
v 2.615786 0.272060 3.993302
v 2.198916 0.302669 3.957136
v 2.157239 0.549231 3.853267
v 2.615786 0.272060 3.993302
v 2.157239 0.549231 3.853267
v 2.603115 0.513590 3.967483
v 2.198916 0.302669 3.957136
v 1.748051 0.304129 3.729163
v 2.157239 0.549231 3.853267
v 1.748051 0.304129 3.729163
v 1.782841 0.531722 3.667903
v 2.157239 0.549231 3.853267
v 1.748051 0.304129 3.729163
v 1.358430 0.280997 3.508168
v 1.393367 0.524375 3.433401
v 1.748051 0.304129 3.729163
v 1.393367 0.524375 3.433401
v 1.782841 0.531722 3.667903
v 1.393367 0.524375 3.433401
v 1.272774 0.447338 3.021892
v 1.368490 0.790292 3.351377
v 1.272774 0.447338 3.021892
v 1.310039 0.776385 2.965595
v 1.368490 0.790292 3.351377
v 1.272774 0.447338 3.021892
v 1.088699 0.298254 2.669115
v 1.185685 0.681888 2.659645
v 1.272774 0.447338 3.021892
v 1.185685 0.681888 2.659645
v 1.310039 0.776385 2.965595
v 1.088699 0.298254 2.669115
v 1.294875 0.253350 2.514750
v 1.185685 0.681888 2.659645
v 1.294875 0.253350 2.514750
v 1.326537 0.496827 2.463614
v 1.185685 0.681888 2.659645
v 1.294875 0.253350 2.514750
v 1.483357 0.152870 2.272662
v 1.477205 0.386890 2.229213
v 1.294875 0.253350 2.514750
v 1.477205 0.386890 2.229213
v 1.326537 0.496827 2.463614
v 1.483357 0.152870 2.272662
v 1.890374 0.186110 2.371300
v 1.477205 0.386890 2.229213
v 1.890374 0.186110 2.371300
v 1.908335 0.484744 2.372736
v 1.477205 0.386890 2.229213
v 1.890374 0.186110 2.371300
v 2.366491 0.218163 2.620811
v 2.378478 0.485729 2.539881
v 1.890374 0.186110 2.371300
v 2.378478 0.485729 2.539881
v 1.908335 0.484744 2.372736
v 2.366491 0.218163 2.620811
v 2.590459 0.402889 2.921891
v 2.378478 0.485729 2.539881
v 2.590459 0.402889 2.921891
v 2.611957 0.635425 2.871283
v 2.378478 0.485729 2.539881
v 2.590459 0.402889 2.921891
v 2.747040 0.470419 3.298212
v 2.699418 0.765026 3.205764
v 2.590459 0.402889 2.921891
v 2.699418 0.765026 3.205764
v 2.611957 0.635425 2.871283
v 2.747040 0.470419 3.298212
v 2.729021 0.468889 3.661927
v 2.699418 0.765026 3.205764
v 2.729021 0.468889 3.661927
v 2.739398 0.797217 3.585888
v 2.699418 0.765026 3.205764
v 2.729021 0.468889 3.661927
v 2.603115 0.513590 3.967483
v 2.598268 0.802717 3.814574
v 2.729021 0.468889 3.661927
v 2.598268 0.802717 3.814574
v 2.739398 0.797217 3.585888
v 2.603115 0.513590 3.967483
v 2.157239 0.549231 3.853267
v 2.598268 0.802717 3.814574
v 2.157239 0.549231 3.853267
v 2.148153 0.837563 3.767325
v 2.598268 0.802717 3.814574
v 2.157239 0.549231 3.853267
v 1.782841 0.531722 3.667903
v 1.828419 0.823112 3.588338
v 2.157239 0.549231 3.853267
v 1.828419 0.823112 3.588338
v 2.148153 0.837563 3.767325
v 1.782841 0.531722 3.667903
v 1.393367 0.524375 3.433401
v 1.828419 0.823112 3.588338
v 1.393367 0.524375 3.433401
v 1.368490 0.790292 3.351377
v 1.828419 0.823112 3.588338
v 1.368490 0.790292 3.351377
v 1.310039 0.776385 2.965595
v 1.443977 1.015522 2.915823
v 1.368490 0.790292 3.351377
v 1.443977 1.015522 2.915823
v 1.527196 1.094827 3.271281
v 1.310039 0.776385 2.965595
v 1.185685 0.681888 2.659645
v 1.443977 1.015522 2.915823
v 1.185685 0.681888 2.659645
v 1.303490 0.944841 2.622217
v 1.443977 1.015522 2.915823
v 1.185685 0.681888 2.659645
v 1.326537 0.496827 2.463614
v 1.419199 0.822004 2.441672
v 1.185685 0.681888 2.659645
v 1.419199 0.822004 2.441672
v 1.303490 0.944841 2.622217
v 1.326537 0.496827 2.463614
v 1.477205 0.386890 2.229213
v 1.419199 0.822004 2.441672
v 1.477205 0.386890 2.229213
v 1.589044 0.687477 2.229290
v 1.419199 0.822004 2.441672
v 1.477205 0.386890 2.229213
v 1.908335 0.484744 2.372736
v 1.949937 0.787752 2.334502
v 1.477205 0.386890 2.229213
v 1.949937 0.787752 2.334502
v 1.589044 0.687477 2.229290
v 1.908335 0.484744 2.372736
v 2.378478 0.485729 2.539881
v 1.949937 0.787752 2.334502
v 2.378478 0.485729 2.539881
v 2.337539 0.837517 2.529003
v 1.949937 0.787752 2.334502
v 2.378478 0.485729 2.539881
v 2.611957 0.635425 2.871283
v 2.568145 0.989499 2.814986
v 2.378478 0.485729 2.539881
v 2.568145 0.989499 2.814986
v 2.337539 0.837517 2.529003
v 2.611957 0.635425 2.871283
v 2.699418 0.765026 3.205764
v 2.568145 0.989499 2.814986
v 2.699418 0.765026 3.205764
v 2.692996 1.074901 3.143602
v 2.568145 0.989499 2.814986
v 2.699418 0.765026 3.205764
v 2.739398 0.797217 3.585888
v 2.660596 1.045656 3.389051
v 2.699418 0.765026 3.205764
v 2.660596 1.045656 3.389051
v 2.692996 1.074901 3.143602
v 2.739398 0.797217 3.585888
v 2.598268 0.802717 3.814574
v 2.660596 1.045656 3.389051
v 2.598268 0.802717 3.814574
v 2.552031 1.035586 3.696898
v 2.660596 1.045656 3.389051
v 2.598268 0.802717 3.814574
v 2.148153 0.837563 3.767325
v 2.207710 1.030541 3.670563
v 2.598268 0.802717 3.814574
v 2.207710 1.030541 3.670563
v 2.552031 1.035586 3.696898
v 2.148153 0.837563 3.767325
v 1.828419 0.823112 3.588338
v 2.207710 1.030541 3.670563
v 1.828419 0.823112 3.588338
v 1.837247 1.097250 3.457351
v 2.207710 1.030541 3.670563
v 1.828419 0.823112 3.588338
v 1.368490 0.790292 3.351377
v 1.527196 1.094827 3.271281
v 1.828419 0.823112 3.588338
v 1.527196 1.094827 3.271281
v 1.837247 1.097250 3.457351
v 1.527196 1.094827 3.271281
v 1.443977 1.015522 2.915823
v 1.762271 1.239241 3.107278
v 1.443977 1.015522 2.915823
v 1.744657 1.258861 2.849257
v 1.762271 1.239241 3.107278
v 1.443977 1.015522 2.915823
v 1.303490 0.944841 2.622217
v 1.640404 1.150879 2.682885
v 1.443977 1.015522 2.915823
v 1.640404 1.150879 2.682885
v 1.744657 1.258861 2.849257
v 1.303490 0.944841 2.622217
v 1.419199 0.822004 2.441672
v 1.640404 1.150879 2.682885
v 1.419199 0.822004 2.441672
v 1.735402 1.097388 2.552350
v 1.640404 1.150879 2.682885
v 1.419199 0.822004 2.441672
v 1.589044 0.687477 2.229290
v 1.842175 1.021447 2.443456
v 1.419199 0.822004 2.441672
v 1.842175 1.021447 2.443456
v 1.735402 1.097388 2.552350
v 1.589044 0.687477 2.229290
v 1.949937 0.787752 2.334502
v 1.842175 1.021447 2.443456
v 1.949937 0.787752 2.334502
v 2.079312 1.028802 2.483819
v 1.842175 1.021447 2.443456
v 1.949937 0.787752 2.334502
v 2.337539 0.837517 2.529003
v 2.317974 1.135241 2.599990
v 1.949937 0.787752 2.334502
v 2.317974 1.135241 2.599990
v 2.079312 1.028802 2.483819
v 2.337539 0.837517 2.529003
v 2.568145 0.989499 2.814986
v 2.317974 1.135241 2.599990
v 2.568145 0.989499 2.814986
v 2.481535 1.206357 2.809929
v 2.317974 1.135241 2.599990
v 2.568145 0.989499 2.814986
v 2.692996 1.074901 3.143602
v 2.539041 1.194485 3.004270
v 2.568145 0.989499 2.814986
v 2.539041 1.194485 3.004270
v 2.481535 1.206357 2.809929
v 2.692996 1.074901 3.143602
v 2.660596 1.045656 3.389051
v 2.539041 1.194485 3.004270
v 2.660596 1.045656 3.389051
v 2.559289 1.287871 3.215681
v 2.539041 1.194485 3.004270
v 2.660596 1.045656 3.389051
v 2.552031 1.035586 3.696898
v 2.454907 1.213392 3.345446
v 2.660596 1.045656 3.389051
v 2.454907 1.213392 3.345446
v 2.559289 1.287871 3.215681
v 2.552031 1.035586 3.696898
v 2.207710 1.030541 3.670563
v 2.454907 1.213392 3.345446
v 2.207710 1.030541 3.670563
v 2.236717 1.204421 3.350915
v 2.454907 1.213392 3.345446
v 2.207710 1.030541 3.670563
v 1.837247 1.097250 3.457351
v 1.987160 1.268517 3.211688
v 2.207710 1.030541 3.670563
v 1.987160 1.268517 3.211688
v 2.236717 1.204421 3.350915
v 1.837247 1.097250 3.457351
v 1.527196 1.094827 3.271281
v 1.987160 1.268517 3.211688
v 1.527196 1.094827 3.271281
v 1.762271 1.239241 3.107278
v 1.987160 1.268517 3.211688
v 1.762271 1.239241 3.107278
v 1.744657 1.258861 2.849257
v 1.913833 1.290636 2.786957
v 1.368969 -0.053694 3.151257
v 1.393932 0.036627 3.495037
v 1.965783 -0.060757 3.214106
v 1.744657 1.258861 2.849257
v 1.640404 1.150879 2.682885
v 1.913833 1.290636 2.786957
v 1.213230 -0.119513 2.880126
v 1.368969 -0.053694 3.151257
v 1.965783 -0.060757 3.214106
v 1.640404 1.150879 2.682885
v 1.735402 1.097388 2.552350
v 1.913833 1.290636 2.786957
v 1.353905 -0.189220 2.638778
v 1.213230 -0.119513 2.880126
v 1.965783 -0.060757 3.214106
v 1.735402 1.097388 2.552350
v 1.842175 1.021447 2.443456
v 1.913833 1.290636 2.786957
v 1.532950 -0.251436 2.431380
v 1.353905 -0.189220 2.638778
v 1.965783 -0.060757 3.214106
v 1.842175 1.021447 2.443456
v 2.079312 1.028802 2.483819
v 1.913833 1.290636 2.786957
v 1.941451 -0.228367 2.579448
v 1.532950 -0.251436 2.431380
v 1.965783 -0.060757 3.214106
v 2.079312 1.028802 2.483819
v 2.317974 1.135241 2.599990
v 1.913833 1.290636 2.786957
v 2.344010 -0.202981 2.735350
v 1.941451 -0.228367 2.579448
v 1.965783 -0.060757 3.214106
v 2.317974 1.135241 2.599990
v 2.481535 1.206357 2.809929
v 1.913833 1.290636 2.786957
v 2.631127 -0.112529 3.118908
v 2.344010 -0.202981 2.735350
v 1.965783 -0.060757 3.214106
v 2.481535 1.206357 2.809929
v 2.539041 1.194485 3.004270
v 1.913833 1.290636 2.786957
v 2.691053 -0.028802 3.443100
v 2.631127 -0.112529 3.118908
v 1.965783 -0.060757 3.214106
v 2.539041 1.194485 3.004270
v 2.559289 1.287871 3.215681
v 1.913833 1.290636 2.786957
v 2.671617 0.032204 3.669861
v 2.691053 -0.028802 3.443100
v 1.965783 -0.060757 3.214106
v 2.559289 1.287871 3.215681
v 2.454907 1.213392 3.345446
v 1.913833 1.290636 2.786957
v 2.531019 0.106089 3.926951
v 2.671617 0.032204 3.669861
v 1.965783 -0.060757 3.214106
v 2.454907 1.213392 3.345446
v 2.236717 1.204421 3.350915
v 1.913833 1.290636 2.786957
v 2.178580 0.125172 3.945977
v 2.531019 0.106089 3.926951
v 1.965783 -0.060757 3.214106
v 2.236717 1.204421 3.350915
v 1.987160 1.268517 3.211688
v 1.913833 1.290636 2.786957
v 1.780869 0.085234 3.736016
v 2.178580 0.125172 3.945977
v 1.965783 -0.060757 3.214106
v 1.987160 1.268517 3.211688
v 1.762271 1.239241 3.107278
v 1.913833 1.290636 2.786957
v 1.393932 0.036627 3.495037
v 1.780869 0.085234 3.736016
v 1.965783 -0.060757 3.214106
vn -0.9827 -0.1487 0.1104
vn -0.8410 -0.4068 0.3567
vn -0.8140 -0.2444 0.5269
vn -0.8019 -0.3623 0.4751
vn -0.7179 -0.6576 -0.2285
vn -0.6993 -0.7144 -0.0242
vn -0.6476 -0.6731 -0.3571
vn -0.5008 -0.8020 -0.3254
vn 0.2781 -0.6997 -0.6581
vn 0.0041 -0.9450 -0.3272
vn 0.3095 -0.6508 -0.6933
vn 0.3877 -0.8217 -0.4177
vn 0.7245 -0.5525 -0.4121
vn 0.8401 -0.3410 -0.4219
vn 0.9073 -0.4162 -0.0602
vn 0.9341 -0.2884 -0.2106
vn 0.9210 -0.3491 0.1729
vn 0.8929 -0.4331 0.1235
vn 0.6604 -0.5442 0.5175
vn 0.7610 -0.4513 0.4660
vn 0.0290 -0.3838 0.9230
vn -0.0901 -0.0522 0.9946
vn -0.4632 -0.0417 0.8853
vn -0.4512 -0.0044 0.8924
vn -0.5232 -0.0518 0.8506
vn -0.4847 -0.1170 0.8668
vn -0.9289 0.2681 0.2553
vn -0.9482 0.2094 0.2387
vn -0.9019 0.2854 0.3241
vn -0.8974 0.2537 0.3610
vn -0.7307 0.1001 -0.6753
vn -0.6147 -0.1970 -0.7637
vn -0.6945 0.0921 -0.7136
vn -0.7936 -0.0236 -0.6080
vn 0.2006 0.0308 -0.9792
vn 0.2369 -0.0184 -0.9714
vn 0.3858 0.0134 -0.9225
vn 0.4422 0.2135 -0.8712
vn 0.8616 0.0242 -0.5070
vn 0.7124 0.2215 -0.6659
vn 0.9403 0.1205 -0.3184
vn 0.9241 -0.0154 -0.3817
vn 0.9625 0.2494 -0.1062
vn 0.9927 0.1099 0.0496
vn 0.7673 0.4010 0.5004
vn 0.9255 0.0879 0.3685
vn -0.0522 0.3802 0.9234
vn -0.2403 0.0907 0.9664
vn -0.4315 0.2873 0.8552
vn -0.4350 0.2954 0.8506
vn -0.4818 0.3198 0.8159
vn -0.4969 0.2956 0.8159
vn -0.9595 -0.0029 0.2817
vn -0.9803 0.1356 0.1436
vn -0.8988 0.2363 0.3691
vn -0.9306 0.1616 0.3284
vn -0.5769 0.1259 -0.8071
vn -0.8183 -0.0142 -0.5745
vn -0.8076 -0.1281 -0.5756
vn -0.8420 -0.0038 -0.5394
vn 0.2452 -0.1707 -0.9543
vn 0.3188 -0.0146 -0.9477
vn 0.4607 -0.2758 -0.8436
vn 0.3350 -0.0156 -0.9421
vn 0.8401 -0.1912 -0.5076
vn 0.8409 -0.1882 -0.5074
vn 0.9212 0.0271 -0.3882
vn 0.9702 -0.1336 -0.2019
vn 0.9834 0.1745 0.0495
vn 0.9935 -0.0545 -0.0999
vn 0.9159 0.1995 0.3482
vn 0.8482 0.0939 0.5212
vn -0.1863 0.4569 0.8698
vn -0.0785 0.2825 0.9561
vn -0.4345 0.2999 0.8493
vn -0.4828 0.2361 0.8433
vn -0.4962 0.3001 0.8147
vn -0.4590 0.2224 0.8601
vn -0.8569 0.5032 0.1117
vn -0.8719 0.4799 0.0971
vn -0.8407 0.5092 0.1844
vn -0.8520 0.4252 0.3053
vn -0.7233 0.1608 -0.6715
vn -0.7354 0.2392 -0.6340
vn -0.7854 0.1839 -0.5911
vn -0.6725 0.2504 -0.6964
vn 0.3449 -0.1640 -0.9242
vn 0.3071 -0.1140 -0.9448
vn 0.3308 -0.1627 -0.9296
vn 0.4459 0.0242 -0.8948
vn 0.8156 0.0089 -0.5786
vn 0.7586 0.0682 -0.6480
vn 0.9574 0.0741 -0.2791
vn 0.9379 -0.0495 -0.3435
vn 0.9698 0.2125 -0.1200
vn 0.9895 0.0479 0.1363
vn 0.7100 0.5617 0.4247
vn 0.8838 0.3386 0.3228
vn -0.0572 0.4615 0.8853
vn -0.0749 0.4379 0.8959
vn -0.4383 0.5073 0.7420
vn -0.4000 0.4056 0.8219
vn -0.4368 0.4348 0.7875
vn -0.4757 0.3916 0.7876
vn -0.5510 0.8325 -0.0567
vn -0.6122 0.7842 0.1014
vn -0.5274 0.8482 0.0482
vn -0.6389 0.7634 -0.0951
vn -0.3014 0.6874 -0.6608
vn -0.4071 0.7022 -0.5841
vn -0.3127 0.6693 -0.6740
vn -0.2921 0.6260 -0.7230
vn 0.1257 0.4662 -0.8757
vn 0.1341 0.4689 -0.8730
vn 0.4113 0.2369 -0.8802
vn 0.2429 0.4133 -0.8776
vn 0.7044 0.2081 -0.6786
vn 0.7132 0.2697 -0.6470
vn 0.7622 0.4942 -0.4180
vn 0.9023 0.3546 -0.2453
vn 0.5057 0.8463 0.1676
vn 0.9466 0.2515 -0.2018
vn 0.5848 0.7774 0.2317
vn 0.3783 0.6382 0.6706
vn -0.0483 0.8858 0.4615
vn -0.0242 0.8791 0.4760
vn -0.1392 0.8502 0.5078
vn -0.0390 0.8793 0.4747
vn -0.2681 0.8593 0.4355
vn -0.2862 0.8845 0.3685
vn -0.1535 0.9845 0.0853
vn -0.0384 -0.9658 0.2565
vn -0.3034 0.8748 -0.3777
vn -0.2308 0.8298 -0.5080
vn -0.0574 0.7916 -0.6084
vn 0.0824 0.7760 -0.6253
vn -0.0152 0.7526 -0.6583
vn 0.1499 0.8951 -0.4200
vn 0.1461 0.9891 0.0172
vn 0.2763 0.8691 -0.4104
vn -0.2241 0.9121 0.3433
vn -0.0362 0.9846 0.1712
vn 0.2444 0.9696 0.0083
vn -0.1650 0.9831 0.0797
s 0
usemtl Material_0
f 1405//434 1407//434 1406//434
f 1408//435 1410//435 1409//435
f 1411//436 1413//436 1412//436
f 1414//437 1416//437 1415//437
f 1417//438 1419//438 1418//438
f 1420//439 1422//439 1421//439
f 1423//440 1425//440 1424//440
f 1426//441 1428//441 1427//441
s 1
f 1429//442 1431//442 1430//442
s 0
f 1432//443 1434//443 1433//443
f 1435//444 1437//444 1436//444
f 1438//445 1440//445 1439//445
f 1441//446 1443//446 1442//446
f 1444//447 1446//447 1445//447
f 1447//448 1449//448 1448//448
f 1450//449 1452//449 1451//449
f 1453//450 1455//450 1454//450
f 1456//451 1458//451 1457//451
f 1459//452 1461//452 1460//452
f 1462//453 1464//453 1463//453
f 1465//454 1467//454 1466//454
f 1468//455 1470//455 1469//455
f 1471//456 1473//456 1472//456
f 1474//457 1476//457 1475//457
f 1477//458 1479//458 1478//458
f 1480//459 1482//459 1481//459
f 1483//460 1485//460 1484//460
f 1486//461 1488//461 1487//461
f 1489//462 1491//462 1490//462
f 1492//463 1494//463 1493//463
f 1495//464 1497//464 1496//464
f 1498//465 1500//465 1499//465
f 1501//466 1503//466 1502//466
f 1504//467 1506//467 1505//467
f 1507//468 1509//468 1508//468
f 1510//469 1512//469 1511//469
f 1513//470 1515//470 1514//470
f 1516//471 1518//471 1517//471
f 1519//472 1521//472 1520//472
f 1522//473 1524//473 1523//473
f 1525//474 1527//474 1526//474
f 1528//475 1530//475 1529//475
f 1531//476 1533//476 1532//476
f 1534//477 1536//477 1535//477
f 1537//478 1539//478 1538//478
f 1540//479 1542//479 1541//479
f 1543//480 1545//480 1544//480
f 1546//481 1548//481 1547//481
f 1549//482 1551//482 1550//482
f 1552//483 1554//483 1553//483
f 1555//484 1557//484 1556//484
f 1558//485 1560//485 1559//485
f 1561//486 1563//486 1562//486
f 1564//487 1566//487 1565//487
f 1567//488 1569//488 1568//488
f 1570//489 1572//489 1571//489
f 1573//490 1575//490 1574//490
f 1576//491 1578//491 1577//491
f 1579//492 1581//492 1580//492
f 1582//493 1584//493 1583//493
f 1585//494 1587//494 1586//494
f 1588//495 1590//495 1589//495
f 1591//496 1593//496 1592//496
f 1594//497 1596//497 1595//497
f 1597//498 1599//498 1598//498
f 1600//499 1602//499 1601//499
f 1603//500 1605//500 1604//500
f 1606//501 1608//501 1607//501
f 1609//502 1611//502 1610//502
f 1612//503 1614//503 1613//503
f 1615//504 1617//504 1616//504
f 1618//505 1620//505 1619//505
f 1621//506 1623//506 1622//506
f 1624//507 1626//507 1625//507
f 1627//508 1629//508 1628//508
f 1630//509 1632//509 1631//509
f 1633//510 1635//510 1634//510
f 1636//511 1638//511 1637//511
f 1639//512 1641//512 1640//512
f 1642//513 1644//513 1643//513
f 1645//514 1647//514 1646//514
f 1648//515 1650//515 1649//515
f 1651//516 1653//516 1652//516
f 1654//517 1656//517 1655//517
f 1657//518 1659//518 1658//518
f 1660//519 1662//519 1661//519
f 1663//520 1665//520 1664//520
f 1666//521 1668//521 1667//521
f 1669//522 1671//522 1670//522
f 1672//523 1674//523 1673//523
f 1675//524 1677//524 1676//524
f 1678//525 1680//525 1679//525
f 1681//526 1683//526 1682//526
f 1684//527 1686//527 1685//527
f 1687//528 1689//528 1688//528
f 1690//529 1692//529 1691//529
f 1693//530 1695//530 1694//530
f 1696//531 1698//531 1697//531
f 1699//532 1701//532 1700//532
f 1702//533 1704//533 1703//533
f 1705//534 1707//534 1706//534
f 1708//535 1710//535 1709//535
f 1711//536 1713//536 1712//536
f 1714//537 1716//537 1715//537
f 1717//538 1719//538 1718//538
f 1720//539 1722//539 1721//539
f 1723//540 1725//540 1724//540
f 1726//541 1728//541 1727//541
f 1729//542 1731//542 1730//542
f 1732//543 1734//543 1733//543
f 1735//544 1737//544 1736//544
f 1738//545 1740//545 1739//545
f 1741//546 1743//546 1742//546
f 1744//547 1746//547 1745//547
s 1
f 1747//548 1749//548 1748//548
s 0
f 1750//549 1752//549 1751//549
f 1753//550 1755//550 1754//550
f 1756//551 1758//551 1757//551
f 1759//552 1761//552 1760//552
f 1762//553 1764//553 1763//553
f 1765//554 1767//554 1766//554
f 1768//555 1770//555 1769//555
f 1771//556 1773//556 1772//556
f 1774//557 1776//557 1775//557
f 1777//558 1779//558 1778//558
f 1780//559 1782//559 1781//559
f 1783//560 1785//560 1784//560
f 1786//561 1788//561 1787//561
f 1789//562 1791//562 1790//562
s 1
f 1792//563 1794//563 1793//563
s 0
f 1795//564 1797//564 1796//564
f 1798//565 1800//565 1799//565
f 1801//566 1803//566 1802//566
f 1804//565 1806//565 1805//565
f 1807//567 1809//567 1808//567
f 1810//565 1812//565 1811//565
f 1813//568 1815//568 1814//568
f 1816//565 1818//565 1817//565
f 1819//569 1821//569 1820//569
f 1822//565 1824//565 1823//565
f 1825//570 1827//570 1826//570
f 1828//565 1830//565 1829//565
f 1831//571 1833//571 1832//571
f 1834//565 1836//565 1835//565
f 1837//572 1839//572 1838//572
f 1840//565 1842//565 1841//565
f 1843//573 1845//573 1844//573
f 1846//565 1848//565 1847//565
f 1849//574 1851//574 1850//574
f 1852//565 1854//565 1853//565
f 1855//575 1857//575 1856//575
f 1858//565 1860//565 1859//565
f 1861//576 1863//576 1862//576
f 1864//565 1866//565 1865//565
f 1867//577 1869//577 1868//577
f 1870//565 1872//565 1871//565
o rockInstances_004
v 0.588147 0.048313 10.115026
v 0.680820 0.023859 10.045588
v 0.559316 0.099160 10.105356
v 0.680820 0.023859 10.045588
v 0.641989 0.070432 10.000195
v 0.559316 0.099160 10.105356
v 0.680820 0.023859 10.045588
v 0.721380 -0.001997 9.961223
v 0.707190 0.033993 9.898326
v 0.680820 0.023859 10.045588
v 0.707190 0.033993 9.898326
v 0.641989 0.070432 10.000195
v 0.721380 -0.001997 9.961223
v 0.824264 -0.011525 9.946896
v 0.707190 0.033993 9.898326
v 0.824264 -0.011525 9.946896
v 0.818419 0.006050 9.898463
v 0.707190 0.033993 9.898326
v 0.824264 -0.011525 9.946896
v 0.926581 -0.016905 9.947238
v 0.948010 0.005921 9.905822
v 0.824264 -0.011525 9.946896
v 0.948010 0.005921 9.905822
v 0.818419 0.006050 9.898463
v 0.926581 -0.016905 9.947238
v 0.981764 0.012833 10.063687
v 0.948010 0.005921 9.905822
v 0.981764 0.012833 10.063687
v 1.018250 0.022779 10.002572
v 0.948010 0.005921 9.905822
v 0.981764 0.012833 10.063687
v 1.033279 0.042815 10.180303
v 1.074928 0.085677 10.160276
v 0.981764 0.012833 10.063687
v 1.074928 0.085677 10.160276
v 1.018250 0.022779 10.002572
v 1.033279 0.042815 10.180303
v 0.991871 0.082617 10.314185
v 1.074928 0.085677 10.160276
v 0.991871 0.082617 10.314185
v 1.007207 0.126137 10.307295
v 1.074928 0.085677 10.160276
v 0.991871 0.082617 10.314185
v 0.913178 0.107434 10.387583
v 0.936309 0.153778 10.390841
v 0.991871 0.082617 10.314185
v 0.936309 0.153778 10.390841
v 1.007207 0.126137 10.307295
v 0.913178 0.107434 10.387583
v 0.843466 0.121831 10.425573
v 0.936309 0.153778 10.390841
v 0.843466 0.121831 10.425573
v 0.837682 0.182656 10.456377
v 0.936309 0.153778 10.390841
v 0.843466 0.121831 10.425573
v 0.736083 0.132428 10.442848
v 0.726810 0.173747 10.470864
v 0.843466 0.121831 10.425573
v 0.726810 0.173747 10.470864
v 0.837682 0.182656 10.456377
v 0.736083 0.132428 10.442848
v 0.646359 0.116696 10.369707
v 0.726810 0.173747 10.470864
v 0.646359 0.116696 10.369707
v 0.635883 0.156269 10.372995
v 0.726810 0.173747 10.470864
v 0.646359 0.116696 10.369707
v 0.611515 0.083293 10.244081
v 0.590448 0.128590 10.231644
v 0.646359 0.116696 10.369707
v 0.590448 0.128590 10.231644
v 0.635883 0.156269 10.372995
v 0.611515 0.083293 10.244081
v 0.588147 0.048313 10.115026
v 0.590448 0.128590 10.231644
v 0.588147 0.048313 10.115026
v 0.559316 0.099160 10.105356
v 0.590448 0.128590 10.231644
v 0.559316 0.099160 10.105356
v 0.641989 0.070432 10.000195
v 0.658147 0.125169 9.990829
v 0.559316 0.099160 10.105356
v 0.658147 0.125169 9.990829
v 0.570805 0.152893 10.094187
v 0.641989 0.070432 10.000195
v 0.707190 0.033993 9.898326
v 0.658147 0.125169 9.990829
v 0.707190 0.033993 9.898326
v 0.719699 0.078892 9.886247
v 0.658147 0.125169 9.990829
v 0.707190 0.033993 9.898326
v 0.818419 0.006050 9.898463
v 0.812988 0.079338 9.902287
v 0.707190 0.033993 9.898326
v 0.812988 0.079338 9.902287
v 0.719699 0.078892 9.886247
v 0.818419 0.006050 9.898463
v 0.948010 0.005921 9.905822
v 0.812988 0.079338 9.902287
v 0.948010 0.005921 9.905822
v 0.929499 0.065880 9.898749
v 0.812988 0.079338 9.902287
v 0.948010 0.005921 9.905822
v 1.018250 0.022779 10.002572
v 0.996902 0.097220 10.005247
v 0.948010 0.005921 9.905822
v 0.996902 0.097220 10.005247
v 0.929499 0.065880 9.898749
v 1.018250 0.022779 10.002572
v 1.074928 0.085677 10.160276
v 0.996902 0.097220 10.005247
v 1.074928 0.085677 10.160276
v 1.040201 0.133789 10.155575
v 0.996902 0.097220 10.005247
v 1.074928 0.085677 10.160276
v 1.007207 0.126137 10.307295
v 0.999493 0.189492 10.258278
v 1.074928 0.085677 10.160276
v 0.999493 0.189492 10.258278
v 1.040201 0.133789 10.155575
v 1.007207 0.126137 10.307295
v 0.936309 0.153778 10.390841
v 0.999493 0.189492 10.258278
v 0.936309 0.153778 10.390841
v 0.930764 0.216849 10.362892
v 0.999493 0.189492 10.258278
v 0.936309 0.153778 10.390841
v 0.837682 0.182656 10.456377
v 0.828937 0.219244 10.428501
v 0.936309 0.153778 10.390841
v 0.828937 0.219244 10.428501
v 0.930764 0.216849 10.362892
v 0.837682 0.182656 10.456377
v 0.726810 0.173747 10.470864
v 0.828937 0.219244 10.428501
v 0.726810 0.173747 10.470864
v 0.714032 0.224878 10.458755
v 0.828937 0.219244 10.428501
v 0.726810 0.173747 10.470864
v 0.635883 0.156269 10.372995
v 0.636861 0.206032 10.339593
v 0.726810 0.173747 10.470864
v 0.636861 0.206032 10.339593
v 0.714032 0.224878 10.458755
v 0.635883 0.156269 10.372995
v 0.590448 0.128590 10.231644
v 0.636861 0.206032 10.339593
v 0.590448 0.128590 10.231644
v 0.599369 0.179048 10.223311
v 0.636861 0.206032 10.339593
v 0.590448 0.128590 10.231644
v 0.559316 0.099160 10.105356
v 0.570805 0.152893 10.094187
v 0.590448 0.128590 10.231644
v 0.570805 0.152893 10.094187
v 0.599369 0.179048 10.223311
v 0.570805 0.152893 10.094187
v 0.658147 0.125169 9.990829
v 0.568548 0.208013 10.068247
v 0.658147 0.125169 9.990829
v 0.659297 0.197711 9.982122
v 0.568548 0.208013 10.068247
v 0.658147 0.125169 9.990829
v 0.719699 0.078892 9.886247
v 0.718610 0.167093 9.898437
v 0.658147 0.125169 9.990829
v 0.718610 0.167093 9.898437
v 0.659297 0.197711 9.982122
v 0.719699 0.078892 9.886247
v 0.812988 0.079338 9.902287
v 0.718610 0.167093 9.898437
v 0.812988 0.079338 9.902287
v 0.817351 0.133150 9.894920
v 0.718610 0.167093 9.898437
v 0.812988 0.079338 9.902287
v 0.929499 0.065880 9.898749
v 0.923516 0.115581 9.884825
v 0.812988 0.079338 9.902287
v 0.923516 0.115581 9.884825
v 0.817351 0.133150 9.894920
v 0.929499 0.065880 9.898749
v 0.996902 0.097220 10.005247
v 0.923516 0.115581 9.884825
v 0.996902 0.097220 10.005247
v 0.980091 0.162697 10.003942
v 0.923516 0.115581 9.884825
v 0.996902 0.097220 10.005247
v 1.040201 0.133789 10.155575
v 1.046248 0.191372 10.137807
v 0.996902 0.097220 10.005247
v 1.046248 0.191372 10.137807
v 0.980091 0.162697 10.003942
v 1.040201 0.133789 10.155575
v 0.999493 0.189492 10.258278
v 1.046248 0.191372 10.137807
v 0.999493 0.189492 10.258278
v 1.002069 0.240370 10.249008
v 1.046248 0.191372 10.137807
v 0.999493 0.189492 10.258278
v 0.930764 0.216849 10.362892
v 0.923945 0.276759 10.329502
v 0.999493 0.189492 10.258278
v 0.923945 0.276759 10.329502
v 1.002069 0.240370 10.249008
v 0.930764 0.216849 10.362892
v 0.828937 0.219244 10.428501
v 0.923945 0.276759 10.329502
v 0.828937 0.219244 10.428501
v 0.829085 0.289898 10.410205
v 0.923945 0.276759 10.329502
v 0.828937 0.219244 10.428501
v 0.714032 0.224878 10.458755
v 0.733937 0.285415 10.423191
v 0.828937 0.219244 10.428501
v 0.733937 0.285415 10.423191
v 0.829085 0.289898 10.410205
v 0.714032 0.224878 10.458755
v 0.636861 0.206032 10.339593
v 0.733937 0.285415 10.423191
v 0.636861 0.206032 10.339593
v 0.637836 0.266847 10.315918
v 0.733937 0.285415 10.423191
v 0.636861 0.206032 10.339593
v 0.599369 0.179048 10.223311
v 0.611338 0.243697 10.212653
v 0.636861 0.206032 10.339593
v 0.611338 0.243697 10.212653
v 0.637836 0.266847 10.315918
v 0.599369 0.179048 10.223311
v 0.570805 0.152893 10.094187
v 0.611338 0.243697 10.212653
v 0.570805 0.152893 10.094187
v 0.568548 0.208013 10.068247
v 0.611338 0.243697 10.212653
v 0.568548 0.208013 10.068247
v 0.659297 0.197711 9.982122
v 0.687765 0.256418 9.997274
v 0.568548 0.208013 10.068247
v 0.687765 0.256418 9.997274
v 0.606487 0.281928 10.081778
v 0.659297 0.197711 9.982122
v 0.718610 0.167093 9.898437
v 0.687765 0.256418 9.997274
v 0.718610 0.167093 9.898437
v 0.738302 0.230149 9.912011
v 0.687765 0.256418 9.997274
v 0.718610 0.167093 9.898437
v 0.817351 0.133150 9.894920
v 0.822635 0.208362 9.904861
v 0.718610 0.167093 9.898437
v 0.822635 0.208362 9.904861
v 0.738302 0.230149 9.912011
v 0.817351 0.133150 9.894920
v 0.923516 0.115581 9.884825
v 0.822635 0.208362 9.904861
v 0.923516 0.115581 9.884825
v 0.929121 0.186804 9.903582
v 0.822635 0.208362 9.904861
v 0.923516 0.115581 9.884825
v 0.980091 0.162697 10.003942
v 0.979218 0.230053 10.000104
v 0.923516 0.115581 9.884825
v 0.979218 0.230053 10.000104
v 0.929121 0.186804 9.903582
v 0.980091 0.162697 10.003942
v 1.046248 0.191372 10.137807
v 0.979218 0.230053 10.000104
v 1.046248 0.191372 10.137807
v 1.015144 0.264842 10.120403
v 0.979218 0.230053 10.000104
v 1.046248 0.191372 10.137807
v 1.002069 0.240370 10.249008
v 0.982325 0.313702 10.222261
v 1.046248 0.191372 10.137807
v 0.982325 0.313702 10.222261
v 1.015144 0.264842 10.120403
v 1.002069 0.240370 10.249008
v 0.923945 0.276759 10.329502
v 0.982325 0.313702 10.222261
v 0.923945 0.276759 10.329502
v 0.917672 0.342619 10.310554
v 0.982325 0.313702 10.222261
v 0.923945 0.276759 10.329502
v 0.829085 0.289898 10.410205
v 0.846125 0.336996 10.350957
v 0.923945 0.276759 10.329502
v 0.846125 0.336996 10.350957
v 0.917672 0.342619 10.310554
v 0.829085 0.289898 10.410205
v 0.733937 0.285415 10.423191
v 0.846125 0.336996 10.350957
v 0.733937 0.285415 10.423191
v 0.738493 0.331822 10.386415
v 0.846125 0.336996 10.350957
v 0.733937 0.285415 10.423191
v 0.637836 0.266847 10.315918
v 0.664539 0.310878 10.306809
v 0.733937 0.285415 10.423191
v 0.664539 0.310878 10.306809
v 0.738493 0.331822 10.386415
v 0.637836 0.266847 10.315918
v 0.611338 0.243697 10.212653
v 0.664539 0.310878 10.306809
v 0.611338 0.243697 10.212653
v 0.629626 0.302004 10.184517
v 0.664539 0.310878 10.306809
v 0.611338 0.243697 10.212653
v 0.568548 0.208013 10.068247
v 0.606487 0.281928 10.081778
v 0.611338 0.243697 10.212653
v 0.606487 0.281928 10.081778
v 0.629626 0.302004 10.184517
v 0.606487 0.281928 10.081778
v 0.687765 0.256418 9.997274
v 0.696090 0.324770 10.098773
v 0.687765 0.256418 9.997274
v 0.759859 0.325342 10.045299
v 0.696090 0.324770 10.098773
v 0.687765 0.256418 9.997274
v 0.738302 0.230149 9.912011
v 0.787373 0.294396 9.992885
v 0.687765 0.256418 9.997274
v 0.787373 0.294396 9.992885
v 0.759859 0.325342 10.045299
v 0.738302 0.230149 9.912011
v 0.822635 0.208362 9.904861
v 0.787373 0.294396 9.992885
v 0.822635 0.208362 9.904861
v 0.848582 0.286911 9.989527
v 0.787373 0.294396 9.992885
v 0.822635 0.208362 9.904861
v 0.929121 0.186804 9.903582
v 0.908315 0.275475 9.993268
v 0.822635 0.208362 9.904861
v 0.908315 0.275475 9.993268
v 0.848582 0.286911 9.989527
v 0.929121 0.186804 9.903582
v 0.979218 0.230053 10.000104
v 0.908315 0.275475 9.993268
v 0.979218 0.230053 10.000104
v 0.953010 0.290966 10.052268
v 0.908315 0.275475 9.993268
v 0.979218 0.230053 10.000104
v 1.015144 0.264842 10.120403
v 0.970850 0.328705 10.124266
v 0.979218 0.230053 10.000104
v 0.970850 0.328705 10.124266
v 0.953010 0.290966 10.052268
v 1.015144 0.264842 10.120403
v 0.982325 0.313702 10.222261
v 0.970850 0.328705 10.124266
v 0.982325 0.313702 10.222261
v 0.948204 0.355518 10.198539
v 0.970850 0.328705 10.124266
v 0.982325 0.313702 10.222261
v 0.917672 0.342619 10.310554
v 0.910427 0.358231 10.248356
v 0.982325 0.313702 10.222261
v 0.910427 0.358231 10.248356
v 0.948204 0.355518 10.198539
v 0.917672 0.342619 10.310554
v 0.846125 0.336996 10.350957
v 0.910427 0.358231 10.248356
v 0.846125 0.336996 10.350957
v 0.851976 0.381713 10.291426
v 0.910427 0.358231 10.248356
v 0.846125 0.336996 10.350957
v 0.738493 0.331822 10.386415
v 0.797614 0.361042 10.294948
v 0.846125 0.336996 10.350957
v 0.797614 0.361042 10.294948
v 0.851976 0.381713 10.291426
v 0.738493 0.331822 10.386415
v 0.664539 0.310878 10.306809
v 0.797614 0.361042 10.294948
v 0.664539 0.310878 10.306809
v 0.745200 0.346753 10.248842
v 0.797614 0.361042 10.294948
v 0.664539 0.310878 10.306809
v 0.629626 0.302004 10.184517
v 0.719173 0.344955 10.166951
v 0.664539 0.310878 10.306809
v 0.719173 0.344955 10.166951
v 0.745200 0.346753 10.248842
v 0.629626 0.302004 10.184517
v 0.606487 0.281928 10.081778
v 0.719173 0.344955 10.166951
v 0.606487 0.281928 10.081778
v 0.696090 0.324770 10.098773
v 0.719173 0.344955 10.166951
v 0.696090 0.324770 10.098773
v 0.759859 0.325342 10.045299
v 0.814373 0.341178 10.069499
v 0.680820 0.023859 10.045588
v 0.588147 0.048313 10.115026
v 0.805478 0.056927 10.187144
v 0.759859 0.325342 10.045299
v 0.787373 0.294396 9.992885
v 0.814373 0.341178 10.069499
v 0.721380 -0.001997 9.961223
v 0.680820 0.023859 10.045588
v 0.805478 0.056927 10.187144
v 0.787373 0.294396 9.992885
v 0.848582 0.286911 9.989527
v 0.814373 0.341178 10.069499
v 0.824264 -0.011525 9.946896
v 0.721380 -0.001997 9.961223
v 0.805478 0.056927 10.187144
v 0.848582 0.286911 9.989527
v 0.908315 0.275475 9.993268
v 0.814373 0.341178 10.069499
v 0.926581 -0.016905 9.947238
v 0.824264 -0.011525 9.946896
v 0.805478 0.056927 10.187144
v 0.908315 0.275475 9.993268
v 0.953010 0.290966 10.052268
v 0.814373 0.341178 10.069499
v 0.981764 0.012833 10.063687
v 0.926581 -0.016905 9.947238
v 0.805478 0.056927 10.187144
v 0.953010 0.290966 10.052268
v 0.970850 0.328705 10.124266
v 0.814373 0.341178 10.069499
v 1.033279 0.042815 10.180303
v 0.981764 0.012833 10.063687
v 0.805478 0.056927 10.187144
v 0.970850 0.328705 10.124266
v 0.948204 0.355518 10.198539
v 0.814373 0.341178 10.069499
v 0.991871 0.082617 10.314185
v 1.033279 0.042815 10.180303
v 0.805478 0.056927 10.187144
v 0.948204 0.355518 10.198539
v 0.910427 0.358231 10.248356
v 0.814373 0.341178 10.069499
v 0.913178 0.107434 10.387583
v 0.991871 0.082617 10.314185
v 0.805478 0.056927 10.187144
v 0.910427 0.358231 10.248356
v 0.851976 0.381713 10.291426
v 0.814373 0.341178 10.069499
v 0.843466 0.121831 10.425573
v 0.913178 0.107434 10.387583
v 0.805478 0.056927 10.187144
v 0.851976 0.381713 10.291426
v 0.797614 0.361042 10.294948
v 0.814373 0.341178 10.069499
v 0.736083 0.132428 10.442848
v 0.843466 0.121831 10.425573
v 0.805478 0.056927 10.187144
v 0.797614 0.361042 10.294948
v 0.745200 0.346753 10.248842
v 0.814373 0.341178 10.069499
v 0.646359 0.116696 10.369707
v 0.736083 0.132428 10.442848
v 0.805478 0.056927 10.187144
v 0.745200 0.346753 10.248842
v 0.719173 0.344955 10.166951
v 0.814373 0.341178 10.069499
v 0.611515 0.083293 10.244081
v 0.646359 0.116696 10.369707
v 0.805478 0.056927 10.187144
v 0.719173 0.344955 10.166951
v 0.696090 0.324770 10.098773
v 0.814373 0.341178 10.069499
v 0.588147 0.048313 10.115026
v 0.611515 0.083293 10.244081
v 0.805478 0.056927 10.187144
vn -0.6060 -0.4662 -0.6446
vn -0.5986 -0.7563 -0.2640
vn -0.7667 -0.6164 -0.1797
vn -0.6693 -0.7234 -0.1696
vn -0.1458 -0.8725 -0.4664
vn -0.2315 -0.9231 -0.3070
vn -0.0438 -0.8652 -0.4995
vn 0.0185 -0.9391 -0.3430
vn 0.6279 -0.7718 -0.1005
vn 0.2468 -0.9690 -0.0103
vn 0.6843 -0.7197 -0.1173
vn 0.4998 -0.8512 0.1599
vn 0.7447 -0.5409 0.3911
vn 0.8584 -0.2299 0.4587
vn 0.5810 -0.3419 0.7386
vn 0.7285 -0.1509 0.6682
vn 0.4174 -0.2693 0.8679
vn 0.4350 -0.3735 0.8193
vn 0.0801 -0.5470 0.8333
vn 0.1509 -0.4352 0.8876
vn -0.4585 -0.5669 0.6844
vn -0.6896 -0.2394 0.6835
vn -0.8870 -0.3215 0.3315
vn -0.9010 -0.2669 0.3419
vn -0.9012 -0.3484 0.2576
vn -0.8514 -0.4240 0.3087
vn -0.7649 0.1174 -0.6334
vn -0.7599 0.0275 -0.6495
vn -0.8100 0.1417 -0.5691
vn -0.8403 0.0903 -0.5345
vn 0.0146 0.0532 -0.9985
vn 0.1631 -0.2984 -0.9404
vn 0.0567 0.0562 -0.9968
vn -0.0452 -0.1308 -0.9904
vn 0.7650 0.2408 -0.5973
vn 0.8057 0.1823 -0.5636
vn 0.8692 0.2643 -0.4178
vn 0.7752 0.5252 -0.3510
vn 0.8841 0.3485 0.3113
vn 0.8107 0.5855 0.0038
vn 0.7457 0.4621 0.4799
vn 0.8339 0.2832 0.4738
vn 0.5613 0.5823 0.5881
vn 0.5060 0.3862 0.7712
vn 0.0537 0.6133 0.7881
vn 0.2572 0.2831 0.9240
vn -0.7048 0.4049 0.5825
vn -0.8312 -0.0774 0.5505
vn -0.9440 0.1964 0.2650
vn -0.9438 0.2091 0.2558
vn -0.9538 0.2411 0.1789
vn -0.9646 0.1991 0.1730
vn -0.7669 -0.2987 -0.5680
vn -0.6909 -0.0753 -0.7190
vn -0.8478 0.0623 -0.5266
vn -0.8240 -0.0546 -0.5640
vn 0.1672 0.1370 -0.9764
vn -0.0795 -0.1289 -0.9885
vn -0.0610 -0.2761 -0.9592
vn -0.1145 -0.1256 -0.9854
vn 0.8500 -0.0447 -0.5248
vn 0.8490 0.2083 -0.4856
vn 0.9569 -0.1726 -0.2336
vn 0.8576 0.2109 -0.4690
vn 0.9321 0.0138 0.3620
vn 0.9320 0.0188 0.3620
vn 0.8233 0.3449 0.4507
vn 0.7340 0.0856 0.6737
vn 0.4867 0.4669 0.7383
vn 0.6514 0.1889 0.7349
vn 0.2497 0.4281 0.8685
vn 0.1195 0.2487 0.9612
vn -0.7629 0.4951 0.4158
vn -0.7419 0.2535 0.6207
vn -0.9428 0.2164 0.2538
vn -0.9688 0.1033 0.2254
vn -0.9633 0.2066 0.1712
vn -0.9609 0.0848 0.2638
vn -0.5846 0.4566 -0.6706
vn -0.5842 0.4263 -0.6906
vn -0.6323 0.4663 -0.6187
vn -0.7524 0.3545 -0.5552
vn 0.0095 0.1304 -0.9914
vn -0.0263 0.2182 -0.9755
vn -0.0715 0.1356 -0.9882
vn 0.0393 0.2516 -0.9670
vn 0.9051 -0.0125 -0.4250
vn 0.8753 0.0575 -0.4801
vn 0.8976 -0.0135 -0.4407
vn 0.8894 0.2935 -0.3505
vn 0.9187 0.3278 0.2205
vn 0.9081 0.4074 0.0971
vn 0.7418 0.3969 0.5406
vn 0.8196 0.2291 0.5251
vn 0.5863 0.5435 0.6007
vn 0.4540 0.2860 0.8438
vn 0.0495 0.7749 0.6302
vn 0.2266 0.5912 0.7740
vn -0.6793 0.5192 0.5186
vn -0.7010 0.4840 0.5239
vn -0.8420 0.5307 0.0971
vn -0.8928 0.3894 0.2266
vn -0.8899 0.4279 0.1580
vn -0.9239 0.3566 0.1384
vn -0.2867 0.8054 -0.5188
vn -0.4136 0.7705 -0.4850
vn -0.3350 0.8262 -0.4531
vn -0.3083 0.7395 -0.5984
vn 0.1335 0.7349 -0.6649
vn 0.0509 0.7243 -0.6876
vn 0.1376 0.7201 -0.6801
vn 0.1766 0.6940 -0.6980
vn 0.4861 0.6752 -0.5548
vn 0.4880 0.6793 -0.5481
vn 0.7489 0.5425 -0.3805
vn 0.5683 0.6625 -0.4881
vn 0.8214 0.5703 -0.0089
vn 0.7729 0.6345 0.0066
vn 0.5576 0.8181 0.1404
vn 0.5831 0.7049 0.4038
vn 0.0575 0.9699 0.2367
vn 0.6169 0.5990 0.5106
vn 0.0680 0.9368 0.3432
vn -0.2616 0.7839 0.5631
vn -0.3459 0.9353 0.0752
vn -0.3431 0.9339 0.1006
vn -0.4230 0.9045 0.0551
vn -0.3496 0.9325 0.0906
vn -0.4431 0.8933 -0.0748
vn -0.4076 0.9039 -0.1296
vn -0.1853 0.9598 -0.2107
vn -0.0515 -0.9615 0.2699
vn -0.0197 0.8564 -0.5160
vn 0.0731 0.8395 -0.5384
vn 0.1933 0.8483 -0.4930
vn 0.2610 0.8666 -0.4253
vn 0.2403 0.8340 -0.4967
vn 0.1754 0.9419 -0.2865
vn -0.0315 0.9964 -0.0781
vn 0.2258 0.9508 -0.2119
vn -0.3594 0.9269 -0.1084
vn -0.1793 0.9788 -0.0996
vn 0.0130 0.9996 -0.0261
vn -0.1873 0.9574 -0.2200
s 0
usemtl Material_0
f 1873//578 1875//578 1874//578
f 1876//579 1878//579 1877//579
f 1879//580 1881//580 1880//580
f 1882//581 1884//581 1883//581
f 1885//582 1887//582 1886//582
f 1888//583 1890//583 1889//583
f 1891//584 1893//584 1892//584
f 1894//585 1896//585 1895//585
s 1
f 1897//586 1899//586 1898//586
s 0
f 1900//587 1902//587 1901//587
f 1903//588 1905//588 1904//588
f 1906//589 1908//589 1907//589
f 1909//590 1911//590 1910//590
f 1912//591 1914//591 1913//591
f 1915//592 1917//592 1916//592
f 1918//593 1920//593 1919//593
f 1921//594 1923//594 1922//594
f 1924//595 1926//595 1925//595
f 1927//596 1929//596 1928//596
f 1930//597 1932//597 1931//597
f 1933//598 1935//598 1934//598
f 1936//599 1938//599 1937//599
f 1939//600 1941//600 1940//600
f 1942//601 1944//601 1943//601
f 1945//602 1947//602 1946//602
f 1948//603 1950//603 1949//603
f 1951//604 1953//604 1952//604
f 1954//605 1956//605 1955//605
f 1957//606 1959//606 1958//606
f 1960//607 1962//607 1961//607
f 1963//608 1965//608 1964//608
f 1966//609 1968//609 1967//609
f 1969//610 1971//610 1970//610
f 1972//611 1974//611 1973//611
f 1975//612 1977//612 1976//612
f 1978//613 1980//613 1979//613
f 1981//614 1983//614 1982//614
f 1984//615 1986//615 1985//615
f 1987//616 1989//616 1988//616
f 1990//617 1992//617 1991//617
f 1993//618 1995//618 1994//618
f 1996//619 1998//619 1997//619
f 1999//620 2001//620 2000//620
f 2002//621 2004//621 2003//621
f 2005//622 2007//622 2006//622
f 2008//623 2010//623 2009//623
f 2011//624 2013//624 2012//624
f 2014//625 2016//625 2015//625
f 2017//626 2019//626 2018//626
f 2020//627 2022//627 2021//627
f 2023//628 2025//628 2024//628
f 2026//629 2028//629 2027//629
f 2029//630 2031//630 2030//630
f 2032//631 2034//631 2033//631
f 2035//632 2037//632 2036//632
f 2038//633 2040//633 2039//633
f 2041//634 2043//634 2042//634
f 2044//635 2046//635 2045//635
f 2047//636 2049//636 2048//636
f 2050//637 2052//637 2051//637
f 2053//638 2055//638 2054//638
f 2056//639 2058//639 2057//639
f 2059//640 2061//640 2060//640
f 2062//641 2064//641 2063//641
f 2065//642 2067//642 2066//642
f 2068//643 2070//643 2069//643
f 2071//644 2073//644 2072//644
f 2074//645 2076//645 2075//645
f 2077//646 2079//646 2078//646
f 2080//647 2082//647 2081//647
f 2083//648 2085//648 2084//648
f 2086//649 2088//649 2087//649
f 2089//650 2091//650 2090//650
f 2092//651 2094//651 2093//651
f 2095//652 2097//652 2096//652
f 2098//653 2100//653 2099//653
f 2101//654 2103//654 2102//654
f 2104//655 2106//655 2105//655
f 2107//656 2109//656 2108//656
f 2110//657 2112//657 2111//657
f 2113//658 2115//658 2114//658
f 2116//659 2118//659 2117//659
f 2119//660 2121//660 2120//660
f 2122//661 2124//661 2123//661
f 2125//662 2127//662 2126//662
f 2128//663 2130//663 2129//663
f 2131//664 2133//664 2132//664
f 2134//665 2136//665 2135//665
f 2137//666 2139//666 2138//666
f 2140//667 2142//667 2141//667
f 2143//668 2145//668 2144//668
f 2146//669 2148//669 2147//669
f 2149//670 2151//670 2150//670
f 2152//671 2154//671 2153//671
f 2155//672 2157//672 2156//672
f 2158//673 2160//673 2159//673
f 2161//674 2163//674 2162//674
f 2164//675 2166//675 2165//675
f 2167//676 2169//676 2168//676
f 2170//677 2172//677 2171//677
f 2173//678 2175//678 2174//678
f 2176//679 2178//679 2177//679
f 2179//680 2181//680 2180//680
f 2182//681 2184//681 2183//681
f 2185//682 2187//682 2186//682
f 2188//683 2190//683 2189//683
f 2191//684 2193//684 2192//684
f 2194//685 2196//685 2195//685
f 2197//686 2199//686 2198//686
f 2200//687 2202//687 2201//687
f 2203//688 2205//688 2204//688
f 2206//689 2208//689 2207//689
f 2209//690 2211//690 2210//690
f 2212//691 2214//691 2213//691
s 1
f 2215//692 2217//692 2216//692
s 0
f 2218//693 2220//693 2219//693
f 2221//694 2223//694 2222//694
f 2224//695 2226//695 2225//695
f 2227//696 2229//696 2228//696
f 2230//697 2232//697 2231//697
f 2233//698 2235//698 2234//698
f 2236//699 2238//699 2237//699
f 2239//700 2241//700 2240//700
f 2242//701 2244//701 2243//701
f 2245//702 2247//702 2246//702
f 2248//703 2250//703 2249//703
f 2251//704 2253//704 2252//704
f 2254//705 2256//705 2255//705
f 2257//706 2259//706 2258//706
s 1
f 2260//707 2262//707 2261//707
s 0
f 2263//708 2265//708 2264//708
f 2266//709 2268//709 2267//709
f 2269//710 2271//710 2270//710
f 2272//709 2274//709 2273//709
f 2275//711 2277//711 2276//711
f 2278//709 2280//709 2279//709
f 2281//712 2283//712 2282//712
f 2284//709 2286//709 2285//709
f 2287//713 2289//713 2288//713
f 2290//709 2292//709 2291//709
f 2293//714 2295//714 2294//714
f 2296//709 2298//709 2297//709
f 2299//715 2301//715 2300//715
f 2302//709 2304//709 2303//709
f 2305//716 2307//716 2306//716
f 2308//709 2310//709 2309//709
f 2311//717 2313//717 2312//717
f 2314//709 2316//709 2315//709
f 2317//718 2319//718 2318//718
f 2320//709 2322//709 2321//709
f 2323//719 2325//719 2324//719
f 2326//709 2328//709 2327//709
f 2329//720 2331//720 2330//720
f 2332//709 2334//709 2333//709
f 2335//721 2337//721 2336//721
f 2338//709 2340//709 2339//709
o rockInstances_005
v -2.809278 -0.008567 8.146026
v -2.579979 -0.012770 8.575805
v -2.815341 0.232356 8.013447
v -2.579979 -0.012770 8.575805
v -2.449451 0.255200 8.413985
v -2.815341 0.232356 8.013447
v -2.579979 -0.012770 8.575805
v -2.271173 -0.011179 8.786831
v -2.078737 0.235736 8.739897
v -2.579979 -0.012770 8.575805
v -2.078737 0.235736 8.739897
v -2.449451 0.255200 8.413985
v -2.271173 -0.011179 8.786831
v -2.258993 -0.019834 9.237311
v -2.078737 0.235736 8.739897
v -2.258993 -0.019834 9.237311
v -2.102419 0.124759 9.225423
v -2.078737 0.235736 8.739897
v -2.258993 -0.019834 9.237311
v -2.303230 -0.029370 9.679111
v -2.190250 0.133898 9.780942
v -2.258993 -0.019834 9.237311
v -2.190250 0.133898 9.780942
v -2.102419 0.124759 9.225423
v -2.303230 -0.029370 9.679111
v -2.776103 -0.041903 9.868011
v -2.190250 0.133898 9.780942
v -2.776103 -0.041903 9.868011
v -2.586378 0.091318 10.044776
v -2.190250 0.133898 9.780942
v -2.776103 -0.041903 9.868011
v -3.248077 -0.054106 10.040993
v -3.242313 0.174962 10.217548
v -2.776103 -0.041903 9.868011
v -3.242313 0.174962 10.217548
v -2.586378 0.091318 10.044776
v -3.248077 -0.054106 10.040993
v -3.747765 -0.058766 9.805273
v -3.242313 0.174962 10.217548
v -3.747765 -0.058766 9.805273
v -3.776957 0.151637 9.863630
v -3.242313 0.174962 10.217548
v -3.747765 -0.058766 9.805273
v -3.998222 -0.056115 9.434196
v -4.070297 0.154707 9.521820
v -3.747765 -0.058766 9.805273
v -4.070297 0.154707 9.521820
v -3.776957 0.151637 9.863630
v -3.998222 -0.056115 9.434196
v -4.115701 -0.052048 9.116949
v -4.070297 0.154707 9.521820
v -4.115701 -0.052048 9.116949
v -4.287578 0.183469 9.066765
v -4.070297 0.154707 9.521820
v -4.115701 -0.052048 9.116949
v -4.137376 -0.043161 8.645785
v -4.276847 0.106475 8.586135
v -4.115701 -0.052048 9.116949
v -4.276847 0.106475 8.586135
v -4.287578 0.183469 9.066765
v -4.137376 -0.043161 8.645785
v -3.817272 -0.030169 8.289300
v -4.276847 0.106475 8.586135
v -3.817272 -0.030169 8.289300
v -3.866214 0.144590 8.233754
v -4.276847 0.106475 8.586135
v -3.817272 -0.030169 8.289300
v -3.317493 -0.018943 8.192149
v -3.311471 0.201529 8.095301
v -3.817272 -0.030169 8.289300
v -3.311471 0.201529 8.095301
v -3.866214 0.144590 8.233754
v -3.317493 -0.018943 8.192149
v -2.809278 -0.008567 8.146026
v -3.311471 0.201529 8.095301
v -2.809278 -0.008567 8.146026
v -2.815341 0.232356 8.013447
v -3.311471 0.201529 8.095301
v -2.815341 0.232356 8.013447
v -2.449451 0.255200 8.413985
v -2.482184 0.520298 8.474151
v -2.815341 0.232356 8.013447
v -2.482184 0.520298 8.474151
v -2.838354 0.494592 8.054387
v -2.449451 0.255200 8.413985
v -2.078737 0.235736 8.739897
v -2.482184 0.520298 8.474151
v -2.078737 0.235736 8.739897
v -2.089570 0.458998 8.787620
v -2.482184 0.520298 8.474151
v -2.078737 0.235736 8.739897
v -2.102419 0.124759 9.225423
v -2.191644 0.453577 9.183537
v -2.078737 0.235736 8.739897
v -2.191644 0.453577 9.183537
v -2.089570 0.458998 8.787620
v -2.102419 0.124759 9.225423
v -2.190250 0.133898 9.780942
v -2.191644 0.453577 9.183537
v -2.190250 0.133898 9.780942
v -2.220206 0.414514 9.689751
v -2.191644 0.453577 9.183537
v -2.190250 0.133898 9.780942
v -2.586378 0.091318 10.044776
v -2.665155 0.424540 9.934478
v -2.190250 0.133898 9.780942
v -2.665155 0.424540 9.934478
v -2.220206 0.414514 9.689751
v -2.586378 0.091318 10.044776
v -3.242313 0.174962 10.217548
v -2.665155 0.424540 9.934478
v -3.242313 0.174962 10.217548
v -3.260344 0.395807 10.058431
v -2.665155 0.424540 9.934478
v -3.242313 0.174962 10.217548
v -3.776957 0.151637 9.863630
v -3.666254 0.505858 9.833207
v -3.242313 0.174962 10.217548
v -3.666254 0.505858 9.833207
v -3.260344 0.395807 10.058431
v -3.776957 0.151637 9.863630
v -4.070297 0.154707 9.521820
v -3.666254 0.505858 9.833207
v -4.070297 0.154707 9.521820
v -4.035375 0.479604 9.493243
v -3.666254 0.505858 9.833207
v -4.070297 0.154707 9.521820
v -4.287578 0.183469 9.066765
v -4.223137 0.386804 9.030567
v -4.070297 0.154707 9.521820
v -4.223137 0.386804 9.030567
v -4.035375 0.479604 9.493243
v -4.287578 0.183469 9.066765
v -4.276847 0.106475 8.586135
v -4.223137 0.386804 9.030567
v -4.276847 0.106475 8.586135
v -4.282176 0.354411 8.523500
v -4.223137 0.386804 9.030567
v -4.276847 0.106475 8.586135
v -3.866214 0.144590 8.233754
v -3.800780 0.417021 8.238336
v -4.276847 0.106475 8.586135
v -3.800780 0.417021 8.238336
v -4.282176 0.354411 8.523500
v -3.866214 0.144590 8.233754
v -3.311471 0.201529 8.095301
v -3.800780 0.417021 8.238336
v -3.311471 0.201529 8.095301
v -3.339874 0.444594 8.124923
v -3.800780 0.417021 8.238336
v -3.311471 0.201529 8.095301
v -2.815341 0.232356 8.013447
v -2.838354 0.494592 8.054387
v -3.311471 0.201529 8.095301
v -2.838354 0.494592 8.054387
v -3.339874 0.444594 8.124923
v -2.838354 0.494592 8.054387
v -2.482184 0.520298 8.474151
v -2.803677 0.780961 8.041102
v -2.482184 0.520298 8.474151
v -2.529112 0.863573 8.465281
v -2.803677 0.780961 8.041102
v -2.482184 0.520298 8.474151
v -2.089570 0.458998 8.787620
v -2.226580 0.845336 8.757944
v -2.482184 0.520298 8.474151
v -2.226580 0.845336 8.757944
v -2.529112 0.863573 8.465281
v -2.089570 0.458998 8.787620
v -2.191644 0.453577 9.183537
v -2.226580 0.845336 8.757944
v -2.191644 0.453577 9.183537
v -2.224891 0.709973 9.192401
v -2.226580 0.845336 8.757944
v -2.191644 0.453577 9.183537
v -2.220206 0.414514 9.689751
v -2.220773 0.659387 9.657369
v -2.191644 0.453577 9.183537
v -2.220773 0.659387 9.657369
v -2.224891 0.709973 9.192401
v -2.220206 0.414514 9.689751
v -2.665155 0.424540 9.934478
v -2.220773 0.659387 9.657369
v -2.665155 0.424540 9.934478
v -2.722353 0.722856 9.847245
v -2.220773 0.659387 9.657369
v -2.665155 0.424540 9.934478
v -3.260344 0.395807 10.058431
v -3.261367 0.683688 10.077400
v -2.665155 0.424540 9.934478
v -3.261367 0.683688 10.077400
v -2.722353 0.722856 9.847245
v -3.260344 0.395807 10.058431
v -3.666254 0.505858 9.833207
v -3.261367 0.683688 10.077400
v -3.666254 0.505858 9.833207
v -3.688742 0.751144 9.835745
v -3.261367 0.683688 10.077400
v -3.666254 0.505858 9.833207
v -4.035375 0.479604 9.493243
v -3.977093 0.797190 9.461865
v -3.666254 0.505858 9.833207
v -3.977093 0.797190 9.461865
v -3.688742 0.751144 9.835745
v -4.035375 0.479604 9.493243
v -4.223137 0.386804 9.030567
v -3.977093 0.797190 9.461865
v -4.223137 0.386804 9.030567
v -4.233411 0.734210 9.021262
v -3.977093 0.797190 9.461865
v -4.223137 0.386804 9.030567
v -4.282176 0.354411 8.523500
v -4.229551 0.681838 8.607860
v -4.223137 0.386804 9.030567
v -4.229551 0.681838 8.607860
v -4.233411 0.734210 9.021262
v -4.282176 0.354411 8.523500
v -3.800780 0.417021 8.238336
v -4.229551 0.681838 8.607860
v -3.800780 0.417021 8.238336
v -3.781787 0.726845 8.236826
v -4.229551 0.681838 8.607860
v -3.800780 0.417021 8.238336
v -3.339874 0.444594 8.124923
v -3.376582 0.756080 8.165198
v -3.800780 0.417021 8.238336
v -3.376582 0.756080 8.165198
v -3.781787 0.726845 8.236826
v -3.339874 0.444594 8.124923
v -2.838354 0.494592 8.054387
v -3.376582 0.756080 8.165198
v -2.838354 0.494592 8.054387
v -2.803677 0.780961 8.041102
v -3.376582 0.756080 8.165198
v -2.803677 0.780961 8.041102
v -2.529112 0.863573 8.465281
v -2.659291 1.115670 8.568732
v -2.803677 0.780961 8.041102
v -2.659291 1.115670 8.568732
v -2.948818 1.106148 8.182370
v -2.529112 0.863573 8.465281
v -2.226580 0.845336 8.757944
v -2.659291 1.115670 8.568732
v -2.226580 0.845336 8.757944
v -2.351599 1.118093 8.823147
v -2.659291 1.115670 8.568732
v -2.226580 0.845336 8.757944
v -2.224891 0.709973 9.192401
v -2.343069 1.040971 9.194016
v -2.226580 0.845336 8.757944
v -2.343069 1.040971 9.194016
v -2.351599 1.118093 8.823147
v -2.224891 0.709973 9.192401
v -2.220773 0.659387 9.657369
v -2.343069 1.040971 9.194016
v -2.220773 0.659387 9.657369
v -2.366255 0.960347 9.658133
v -2.343069 1.040971 9.194016
v -2.220773 0.659387 9.657369
v -2.722353 0.722856 9.847245
v -2.780128 1.035581 9.829125
v -2.220773 0.659387 9.657369
v -2.780128 1.035581 9.829125
v -2.366255 0.960347 9.658133
v -2.722353 0.722856 9.847245
v -3.261367 0.683688 10.077400
v -2.780128 1.035581 9.829125
v -3.261367 0.683688 10.077400
v -3.262928 1.038020 9.932527
v -2.780128 1.035581 9.829125
v -3.261367 0.683688 10.077400
v -3.688742 0.751144 9.835745
v -3.662287 1.119141 9.743185
v -3.261367 0.683688 10.077400
v -3.662287 1.119141 9.743185
v -3.262928 1.038020 9.932527
v -3.688742 0.751144 9.835745
v -3.977093 0.797190 9.461865
v -3.662287 1.119141 9.743185
v -3.977093 0.797190 9.461865
v -3.976866 1.122600 9.426269
v -3.662287 1.119141 9.743185
v -3.977093 0.797190 9.461865
v -4.233411 0.734210 9.021262
v -4.080710 1.031690 9.104926
v -3.977093 0.797190 9.461865
v -4.080710 1.031690 9.104926
v -3.976866 1.122600 9.426269
v -4.233411 0.734210 9.021262
v -4.229551 0.681838 8.607860
v -4.080710 1.031690 9.104926
v -4.229551 0.681838 8.607860
v -4.150215 0.944022 8.629846
v -4.080710 1.031690 9.104926
v -4.229551 0.681838 8.607860
v -3.781787 0.726845 8.236826
v -3.809038 0.944293 8.344818
v -4.229551 0.681838 8.607860
v -3.809038 0.944293 8.344818
v -4.150215 0.944022 8.629846
v -3.781787 0.726845 8.236826
v -3.376582 0.756080 8.165198
v -3.809038 0.944293 8.344818
v -3.376582 0.756080 8.165198
v -3.347270 1.063072 8.240443
v -3.809038 0.944293 8.344818
v -3.376582 0.756080 8.165198
v -2.803677 0.780961 8.041102
v -2.948818 1.106148 8.182370
v -3.376582 0.756080 8.165198
v -2.948818 1.106148 8.182370
v -3.347270 1.063072 8.240443
v -2.948818 1.106148 8.182370
v -2.659291 1.115670 8.568732
v -3.097771 1.292553 8.552165
v -2.659291 1.115670 8.568732
v -2.938267 1.376805 8.845884
v -3.097771 1.292553 8.552165
v -2.659291 1.115670 8.568732
v -2.351599 1.118093 8.823147
v -2.731639 1.310160 8.990436
v -2.659291 1.115670 8.568732
v -2.731639 1.310160 8.990436
v -2.938267 1.376805 8.845884
v -2.351599 1.118093 8.823147
v -2.343069 1.040971 9.194016
v -2.731639 1.310160 8.990436
v -2.343069 1.040971 9.194016
v -2.740858 1.289762 9.257008
v -2.731639 1.310160 8.990436
v -2.343069 1.040971 9.194016
v -2.366255 0.960347 9.658133
v -2.770449 1.241532 9.515601
v -2.343069 1.040971 9.194016
v -2.770449 1.241532 9.515601
v -2.740858 1.289762 9.257008
v -2.366255 0.960347 9.658133
v -2.780128 1.035581 9.829125
v -2.770449 1.241532 9.515601
v -2.780128 1.035581 9.829125
v -3.018460 1.239653 9.683289
v -2.770449 1.241532 9.515601
v -2.780128 1.035581 9.829125
v -3.262928 1.038020 9.932527
v -3.323716 1.317845 9.725449
v -2.780128 1.035581 9.829125
v -3.323716 1.317845 9.725449
v -3.018460 1.239653 9.683289
v -3.262928 1.038020 9.932527
v -3.662287 1.119141 9.743185
v -3.323716 1.317845 9.725449
v -3.662287 1.119141 9.743185
v -3.606131 1.336924 9.594979
v -3.323716 1.317845 9.725449
v -3.662287 1.119141 9.743185
v -3.976866 1.122600 9.426269
v -3.768494 1.276537 9.413754
v -3.662287 1.119141 9.743185
v -3.768494 1.276537 9.413754
v -3.606131 1.336924 9.594979
v -3.976866 1.122600 9.426269
v -4.080710 1.031690 9.104926
v -3.768494 1.276537 9.413754
v -4.080710 1.031690 9.104926
v -3.919128 1.316979 9.141056
v -3.768494 1.276537 9.413754
v -4.080710 1.031690 9.104926
v -4.150215 0.944022 8.629846
v -3.883716 1.209577 8.910491
v -4.080710 1.031690 9.104926
v -3.883716 1.209577 8.910491
v -3.919128 1.316979 9.141056
v -4.150215 0.944022 8.629846
v -3.809038 0.944293 8.344818
v -3.883716 1.209577 8.910491
v -3.809038 0.944293 8.344818
v -3.679245 1.198418 8.704647
v -3.883716 1.209577 8.910491
v -3.809038 0.944293 8.344818
v -3.347270 1.063072 8.240443
v -3.373190 1.296487 8.622385
v -3.809038 0.944293 8.344818
v -3.373190 1.296487 8.622385
v -3.679245 1.198418 8.704647
v -3.347270 1.063072 8.240443
v -2.948818 1.106148 8.182370
v -3.373190 1.296487 8.622385
v -2.948818 1.106148 8.182370
v -3.097771 1.292553 8.552165
v -3.373190 1.296487 8.622385
v -3.097771 1.292553 8.552165
v -2.938267 1.376805 8.845884
v -3.067355 1.424832 9.068274
v -2.579979 -0.012770 8.575805
v -2.809278 -0.008567 8.146026
v -3.178954 -0.033359 9.054132
v -2.938267 1.376805 8.845884
v -2.731639 1.310160 8.990436
v -3.067355 1.424832 9.068274
v -2.271173 -0.011179 8.786831
v -2.579979 -0.012770 8.575805
v -3.178954 -0.033359 9.054132
v -2.731639 1.310160 8.990436
v -2.740858 1.289762 9.257008
v -3.067355 1.424832 9.068274
v -2.258993 -0.019834 9.237311
v -2.271173 -0.011179 8.786831
v -3.178954 -0.033359 9.054132
v -2.740858 1.289762 9.257008
v -2.770449 1.241532 9.515601
v -3.067355 1.424832 9.068274
v -2.303230 -0.029370 9.679111
v -2.258993 -0.019834 9.237311
v -3.178954 -0.033359 9.054132
v -2.770449 1.241532 9.515601
v -3.018460 1.239653 9.683289
v -3.067355 1.424832 9.068274
v -2.776103 -0.041903 9.868011
v -2.303230 -0.029370 9.679111
v -3.178954 -0.033359 9.054132
v -3.018460 1.239653 9.683289
v -3.323716 1.317845 9.725449
v -3.067355 1.424832 9.068274
v -3.248077 -0.054106 10.040993
v -2.776103 -0.041903 9.868011
v -3.178954 -0.033359 9.054132
v -3.323716 1.317845 9.725449
v -3.606131 1.336924 9.594979
v -3.067355 1.424832 9.068274
v -3.747765 -0.058766 9.805273
v -3.248077 -0.054106 10.040993
v -3.178954 -0.033359 9.054132
v -3.606131 1.336924 9.594979
v -3.768494 1.276537 9.413754
v -3.067355 1.424832 9.068274
v -3.998222 -0.056115 9.434196
v -3.747765 -0.058766 9.805273
v -3.178954 -0.033359 9.054132
v -3.768494 1.276537 9.413754
v -3.919128 1.316979 9.141056
v -3.067355 1.424832 9.068274
v -4.115701 -0.052048 9.116949
v -3.998222 -0.056115 9.434196
v -3.178954 -0.033359 9.054132
v -3.919128 1.316979 9.141056
v -3.883716 1.209577 8.910491
v -3.067355 1.424832 9.068274
v -4.137376 -0.043161 8.645785
v -4.115701 -0.052048 9.116949
v -3.178954 -0.033359 9.054132
v -3.883716 1.209577 8.910491
v -3.679245 1.198418 8.704647
v -3.067355 1.424832 9.068274
v -3.817272 -0.030169 8.289300
v -4.137376 -0.043161 8.645785
v -3.178954 -0.033359 9.054132
v -3.679245 1.198418 8.704647
v -3.373190 1.296487 8.622385
v -3.067355 1.424832 9.068274
v -3.317493 -0.018943 8.192149
v -3.817272 -0.030169 8.289300
v -3.178954 -0.033359 9.054132
v -3.373190 1.296487 8.622385
v -3.097771 1.292553 8.552165
v -3.067355 1.424832 9.068274
v -2.809278 -0.008567 8.146026
v -3.317493 -0.018943 8.192149
v -3.178954 -0.033359 9.054132
vn 0.8574 -0.2314 -0.4597
vn 0.6040 -0.6065 -0.5171
vn 0.4860 -0.5132 -0.7074
vn 0.5033 -0.6130 -0.6091
vn 0.7853 -0.6183 -0.0331
vn 0.6667 -0.7330 -0.1350
vn 0.8003 -0.5958 0.0673
vn 0.6785 -0.7249 0.1192
vn 0.2981 -0.6451 0.7035
vn 0.3160 -0.8892 0.3310
vn 0.2916 -0.5885 0.7541
vn 0.0454 -0.8206 0.5697
vn -0.3471 -0.5670 0.7470
vn -0.5185 -0.2946 0.8027
vn -0.7383 -0.4582 0.4950
vn -0.7309 -0.2747 0.6248
vn -0.8526 -0.4205 0.3103
vn -0.7914 -0.5038 0.3461
vn -0.7355 -0.6772 0.0211
vn -0.8130 -0.5775 0.0744
vn -0.5265 -0.6892 -0.4979
vn -0.5786 -0.3898 -0.7164
vn -0.1670 -0.3927 -0.9044
vn -0.1936 -0.3460 -0.9180
vn -0.0748 -0.3993 -0.9137
vn -0.1135 -0.4812 -0.8692
vn 0.7103 0.2380 -0.6624
vn 0.7469 0.1661 -0.6439
vn 0.6475 0.2438 -0.7220
vn 0.6305 0.1914 -0.7522
vn 0.9557 0.2732 0.1091
vn 0.9683 -0.0064 0.2496
vn 0.9500 0.2763 0.1456
vn 0.9897 0.1270 0.0656
vn 0.4853 0.3760 0.7894
vn 0.4624 0.3183 0.8276
vn 0.2803 0.3607 0.8896
vn 0.1379 0.5864 0.7982
vn -0.5432 0.2389 0.8049
vn -0.2896 0.5438 0.7876
vn -0.7270 0.2810 0.6265
vn -0.6764 0.1364 0.7238
vn -0.8396 0.3413 0.4225
vn -0.9275 0.1305 0.3502
vn -0.9545 0.2904 -0.0678
vn -0.9933 0.0077 0.1152
vn -0.6509 0.1688 -0.7402
vn -0.4747 -0.2251 -0.8508
vn -0.2488 0.0760 -0.9656
vn -0.2430 0.0893 -0.9659
vn -0.1695 0.1375 -0.9759
vn -0.1486 0.1025 -0.9836
vn 0.7605 -0.1217 -0.6378
vn 0.8265 0.0987 -0.5542
vn 0.6310 0.1656 -0.7579
vn 0.6956 0.0766 -0.7143
vn 0.9092 0.3408 0.2391
vn 0.9912 0.1273 0.0358
vn 0.9983 0.0099 0.0571
vn 0.9917 0.1284 0.0052
vn 0.4807 0.1161 0.8692
vn 0.3705 0.3254 0.8700
vn 0.2064 -0.0636 0.9764
vn 0.3515 0.3242 0.8783
vn -0.4965 -0.0588 0.8660
vn -0.4980 -0.0546 0.8655
vn -0.6720 0.1939 0.7147
vn -0.7941 -0.0790 0.6027
vn -0.9210 0.2019 0.3332
vn -0.8636 -0.0120 0.5041
vn -0.9857 0.1310 0.1064
vn -0.9995 -0.0297 -0.0056
vn -0.5154 0.2905 -0.8062
vn -0.6398 0.0355 -0.7678
vn -0.2432 0.0961 -0.9652
vn -0.1745 0.0059 -0.9846
vn -0.1491 0.1095 -0.9827
vn -0.2108 -0.0198 -0.9773
vn 0.6478 0.5506 -0.5265
vn 0.6743 0.5261 -0.5182
vn 0.5982 0.5486 -0.5842
vn 0.5734 0.4296 -0.6976
vn 0.9372 0.3341 0.1005
vn 0.9129 0.4034 0.0629
vn 0.9414 0.3360 0.0282
vn 0.8940 0.4318 0.1197
vn 0.3648 0.1209 0.9232
vn 0.4044 0.1932 0.8939
vn 0.3821 0.1237 0.9158
vn 0.1962 0.3718 0.9073
vn -0.4468 0.2483 0.8595
vn -0.3408 0.3545 0.8707
vn -0.7617 0.2090 0.6132
vn -0.7072 0.0774 0.7028
vn -0.8412 0.3065 0.4455
vn -0.9537 0.0333 0.2988
vn -0.8797 0.4706 -0.0678
vn -0.9555 0.2818 0.0878
vn -0.6289 0.2812 -0.7249
vn -0.6209 0.2502 -0.7429
vn -0.1873 0.4180 -0.8889
vn -0.2749 0.2536 -0.9274
vn -0.2142 0.3072 -0.9272
vn -0.1660 0.2497 -0.9540
vn 0.3669 0.8817 -0.2967
vn 0.3517 0.8317 -0.4296
vn 0.2901 0.8870 -0.3593
vn 0.4762 0.8267 -0.2996
vn 0.5018 0.8491 0.1650
vn 0.5378 0.8390 0.0828
vn 0.5212 0.8361 0.1713
vn 0.5421 0.8127 0.2136
vn 0.3562 0.7759 0.5207
vn 0.3473 0.7788 0.5223
vn 0.1689 0.6098 0.7744
vn 0.2752 0.7507 0.6006
vn -0.2713 0.5338 0.8009
vn -0.3060 0.5883 0.7485
vn -0.4952 0.7109 0.4993
vn -0.7187 0.5082 0.4745
vn -0.5952 0.8028 -0.0348
vn -0.7838 0.3819 0.4896
vn -0.6877 0.7252 -0.0332
vn -0.7945 0.4946 -0.3524
vn -0.3636 0.8240 -0.4345
vn -0.3912 0.8123 -0.4326
vn -0.3206 0.7984 -0.5097
vn -0.3790 0.8148 -0.4387
vn -0.1665 0.8363 -0.5224
vn -0.1106 0.8689 -0.4825
vn -0.0611 0.9677 -0.2444
vn 0.0186 -0.9996 -0.0197
vn 0.3192 0.9475 -0.0194
vn 0.3394 0.9369 0.0834
vn 0.2698 0.9405 0.2063
vn 0.1760 0.9464 0.2710
vn 0.2730 0.9269 0.2574
vn -0.0064 0.9874 0.1582
vn -0.2510 0.9632 -0.0960
vn -0.1059 0.9735 0.2029
vn -0.1496 0.8873 -0.4363
vn -0.2011 0.9468 -0.2511
vn -0.3179 0.9466 -0.0544
vn -0.0487 0.9682 -0.2453
s 0
usemtl Material_0
f 2341//722 2343//722 2342//722
f 2344//723 2346//723 2345//723
f 2347//724 2349//724 2348//724
f 2350//725 2352//725 2351//725
f 2353//726 2355//726 2354//726
f 2356//727 2358//727 2357//727
f 2359//728 2361//728 2360//728
f 2362//729 2364//729 2363//729
s 1
f 2365//730 2367//730 2366//730
s 0
f 2368//731 2370//731 2369//731
f 2371//732 2373//732 2372//732
f 2374//733 2376//733 2375//733
f 2377//734 2379//734 2378//734
f 2380//735 2382//735 2381//735
f 2383//736 2385//736 2384//736
f 2386//737 2388//737 2387//737
f 2389//738 2391//738 2390//738
f 2392//739 2394//739 2393//739
f 2395//740 2397//740 2396//740
f 2398//741 2400//741 2399//741
f 2401//742 2403//742 2402//742
f 2404//743 2406//743 2405//743
f 2407//744 2409//744 2408//744
f 2410//745 2412//745 2411//745
f 2413//746 2415//746 2414//746
f 2416//747 2418//747 2417//747
f 2419//748 2421//748 2420//748
f 2422//749 2424//749 2423//749
f 2425//750 2427//750 2426//750
f 2428//751 2430//751 2429//751
f 2431//752 2433//752 2432//752
f 2434//753 2436//753 2435//753
f 2437//754 2439//754 2438//754
f 2440//755 2442//755 2441//755
f 2443//756 2445//756 2444//756
f 2446//757 2448//757 2447//757
f 2449//758 2451//758 2450//758
f 2452//759 2454//759 2453//759
f 2455//760 2457//760 2456//760
f 2458//761 2460//761 2459//761
f 2461//762 2463//762 2462//762
f 2464//763 2466//763 2465//763
f 2467//764 2469//764 2468//764
f 2470//765 2472//765 2471//765
f 2473//766 2475//766 2474//766
f 2476//767 2478//767 2477//767
f 2479//768 2481//768 2480//768
f 2482//769 2484//769 2483//769
f 2485//770 2487//770 2486//770
f 2488//771 2490//771 2489//771
f 2491//772 2493//772 2492//772
f 2494//773 2496//773 2495//773
f 2497//774 2499//774 2498//774
f 2500//775 2502//775 2501//775
f 2503//776 2505//776 2504//776
f 2506//777 2508//777 2507//777
f 2509//778 2511//778 2510//778
f 2512//779 2514//779 2513//779
f 2515//780 2517//780 2516//780
f 2518//781 2520//781 2519//781
f 2521//782 2523//782 2522//782
f 2524//783 2526//783 2525//783
f 2527//784 2529//784 2528//784
f 2530//785 2532//785 2531//785
f 2533//786 2535//786 2534//786
f 2536//787 2538//787 2537//787
f 2539//788 2541//788 2540//788
f 2542//789 2544//789 2543//789
f 2545//790 2547//790 2546//790
f 2548//791 2550//791 2549//791
f 2551//792 2553//792 2552//792
f 2554//793 2556//793 2555//793
f 2557//794 2559//794 2558//794
f 2560//795 2562//795 2561//795
f 2563//796 2565//796 2564//796
f 2566//797 2568//797 2567//797
f 2569//798 2571//798 2570//798
f 2572//799 2574//799 2573//799
f 2575//800 2577//800 2576//800
f 2578//801 2580//801 2579//801
f 2581//802 2583//802 2582//802
f 2584//803 2586//803 2585//803
f 2587//804 2589//804 2588//804
f 2590//805 2592//805 2591//805
f 2593//806 2595//806 2594//806
f 2596//807 2598//807 2597//807
f 2599//808 2601//808 2600//808
f 2602//809 2604//809 2603//809
f 2605//810 2607//810 2606//810
f 2608//811 2610//811 2609//811
f 2611//812 2613//812 2612//812
f 2614//813 2616//813 2615//813
f 2617//814 2619//814 2618//814
f 2620//815 2622//815 2621//815
f 2623//816 2625//816 2624//816
f 2626//817 2628//817 2627//817
f 2629//818 2631//818 2630//818
f 2632//819 2634//819 2633//819
f 2635//820 2637//820 2636//820
f 2638//821 2640//821 2639//821
f 2641//822 2643//822 2642//822
f 2644//823 2646//823 2645//823
f 2647//824 2649//824 2648//824
f 2650//825 2652//825 2651//825
f 2653//826 2655//826 2654//826
f 2656//827 2658//827 2657//827
f 2659//828 2661//828 2660//828
f 2662//829 2664//829 2663//829
f 2665//830 2667//830 2666//830
f 2668//831 2670//831 2669//831
f 2671//832 2673//832 2672//832
f 2674//833 2676//833 2675//833
f 2677//834 2679//834 2678//834
f 2680//835 2682//835 2681//835
s 1
f 2683//836 2685//836 2684//836
s 0
f 2686//837 2688//837 2687//837
f 2689//838 2691//838 2690//838
f 2692//839 2694//839 2693//839
f 2695//840 2697//840 2696//840
f 2698//841 2700//841 2699//841
f 2701//842 2703//842 2702//842
f 2704//843 2706//843 2705//843
f 2707//844 2709//844 2708//844
f 2710//845 2712//845 2711//845
f 2713//846 2715//846 2714//846
f 2716//847 2718//847 2717//847
f 2719//848 2721//848 2720//848
f 2722//849 2724//849 2723//849
f 2725//850 2727//850 2726//850
s 1
f 2728//851 2730//851 2729//851
s 0
f 2731//852 2733//852 2732//852
f 2734//853 2736//853 2735//853
f 2737//854 2739//854 2738//854
f 2740//853 2742//853 2741//853
f 2743//855 2745//855 2744//855
f 2746//853 2748//853 2747//853
f 2749//856 2751//856 2750//856
f 2752//853 2754//853 2753//853
f 2755//857 2757//857 2756//857
f 2758//853 2760//853 2759//853
f 2761//858 2763//858 2762//858
f 2764//853 2766//853 2765//853
f 2767//859 2769//859 2768//859
f 2770//853 2772//853 2771//853
f 2773//860 2775//860 2774//860
f 2776//853 2778//853 2777//853
f 2779//861 2781//861 2780//861
f 2782//853 2784//853 2783//853
f 2785//862 2787//862 2786//862
f 2788//853 2790//853 2789//853
f 2791//863 2793//863 2792//863
f 2794//853 2796//853 2795//853
f 2797//864 2799//864 2798//864
f 2800//853 2802//853 2801//853
f 2803//865 2805//865 2804//865
f 2806//853 2808//853 2807//853
o rockInstances_006
v -5.002569 0.029186 4.219372
v -5.160297 -0.005703 4.508341
v -4.913760 0.215225 4.188077
v -5.160297 -0.005703 4.508341
v -5.001571 0.186508 4.530108
v -4.913760 0.215225 4.188077
v -5.160297 -0.005703 4.508341
v -5.163464 -0.041406 4.740348
v -5.047979 0.126248 4.837287
v -5.160297 -0.005703 4.508341
v -5.047979 0.126248 4.837287
v -5.001571 0.186508 4.530108
v -5.163464 -0.041406 4.740348
v -5.415164 -0.056379 4.938443
v -5.047979 0.126248 4.837287
v -5.415164 -0.056379 4.938443
v -5.339830 0.036780 5.021970
v -5.047979 0.126248 4.837287
v -5.415164 -0.056379 4.938443
v -5.683281 -0.065745 5.106916
v -5.687726 0.044582 5.221581
v -5.415164 -0.056379 4.938443
v -5.687726 0.044582 5.221581
v -5.339830 0.036780 5.021970
v -5.683281 -0.065745 5.106916
v -5.969770 -0.026783 4.970454
v -5.687726 0.044582 5.221581
v -5.969770 -0.026783 4.970454
v -5.989770 0.051159 5.148848
v -5.687726 0.044582 5.221581
v -5.969770 -0.026783 4.970454
v -6.246863 0.012584 4.827603
v -6.329859 0.183470 4.933134
v -5.969770 -0.026783 4.970454
v -6.329859 0.183470 4.933134
v -5.989770 0.051159 5.148848
v -6.246863 0.012584 4.827603
v -6.301907 0.067111 4.497376
v -6.329859 0.183470 4.933134
v -6.301907 0.067111 4.497376
v -6.332222 0.229454 4.533941
v -6.329859 0.183470 4.933134
v -6.301907 0.067111 4.497376
v -6.185587 0.102201 4.223774
v -6.248671 0.269071 4.253363
v -6.301907 0.067111 4.497376
v -6.248671 0.269071 4.253363
v -6.332222 0.229454 4.533941
v -6.185587 0.102201 4.223774
v -6.049556 0.123054 4.034251
v -6.248671 0.269071 4.253363
v -6.049556 0.123054 4.034251
v -6.070444 0.321733 3.961926
v -6.248671 0.269071 4.253363
v -6.049556 0.123054 4.034251
v -5.789682 0.139560 3.822957
v -5.798613 0.269520 3.751240
v -6.049556 0.123054 4.034251
v -5.798613 0.269520 3.751240
v -6.070444 0.321733 3.961926
v -5.789682 0.139560 3.822957
v -5.465674 0.120198 3.817641
v -5.798613 0.269520 3.751240
v -5.465674 0.120198 3.817641
v -5.441123 0.259357 3.792033
v -5.798613 0.269520 3.751240
v -5.465674 0.120198 3.817641
v -5.221202 0.075874 4.005667
v -5.149460 0.244478 3.992833
v -5.465674 0.120198 3.817641
v -5.149460 0.244478 3.992833
v -5.441123 0.259357 3.792033
v -5.221202 0.075874 4.005667
v -5.002569 0.029186 4.219372
v -5.149460 0.244478 3.992833
v -5.002569 0.029186 4.219372
v -4.913760 0.215225 4.188077
v -5.149460 0.244478 3.992833
v -4.913760 0.215225 4.188077
v -5.001571 0.186508 4.530108
v -5.030653 0.390822 4.572288
v -4.913760 0.215225 4.188077
v -5.030653 0.390822 4.572288
v -4.928449 0.416604 4.226101
v -5.001571 0.186508 4.530108
v -5.047979 0.126248 4.837287
v -5.030653 0.390822 4.572288
v -5.047979 0.126248 4.837287
v -5.064483 0.296543 4.879193
v -5.030653 0.390822 4.572288
v -5.047979 0.126248 4.837287
v -5.339830 0.036780 5.021970
v -5.328109 0.297320 5.002003
v -5.047979 0.126248 4.837287
v -5.328109 0.297320 5.002003
v -5.064483 0.296543 4.879193
v -5.339830 0.036780 5.021970
v -5.687726 0.044582 5.221581
v -5.328109 0.297320 5.002003
v -5.687726 0.044582 5.221581
v -5.628819 0.262773 5.201832
v -5.328109 0.297320 5.002003
v -5.687726 0.044582 5.221581
v -5.989770 0.051159 5.148848
v -5.934981 0.314986 5.104783
v -5.687726 0.044582 5.221581
v -5.934981 0.314986 5.104783
v -5.628819 0.262773 5.201832
v -5.989770 0.051159 5.148848
v -6.329859 0.183470 4.933134
v -5.934981 0.314986 5.104783
v -6.329859 0.183470 4.933134
v -6.231820 0.355952 4.882595
v -5.934981 0.314986 5.104783
v -6.329859 0.183470 4.933134
v -6.332222 0.229454 4.533941
v -6.249897 0.487386 4.613282
v -6.329859 0.183470 4.933134
v -6.249897 0.487386 4.613282
v -6.231820 0.355952 4.882595
v -6.332222 0.229454 4.533941
v -6.248671 0.269071 4.253363
v -6.249897 0.487386 4.613282
v -6.248671 0.269071 4.253363
v -6.197916 0.512910 4.295397
v -6.249897 0.487386 4.613282
v -6.248671 0.269071 4.253363
v -6.070444 0.321733 3.961926
v -6.012215 0.469991 3.999830
v -6.248671 0.269071 4.253363
v -6.012215 0.469991 3.999830
v -6.197916 0.512910 4.295397
v -6.070444 0.321733 3.961926
v -5.798613 0.269520 3.751240
v -6.012215 0.469991 3.999830
v -5.798613 0.269520 3.751240
v -5.748772 0.459719 3.751159
v -6.012215 0.469991 3.999830
v -5.798613 0.269520 3.751240
v -5.441123 0.259357 3.792033
v -5.401127 0.459437 3.856067
v -5.798613 0.269520 3.751240
v -5.401127 0.459437 3.856067
v -5.748772 0.459719 3.751159
v -5.441123 0.259357 3.792033
v -5.149460 0.244478 3.992833
v -5.401127 0.459437 3.856067
v -5.149460 0.244478 3.992833
v -5.161018 0.432036 4.021267
v -5.401127 0.459437 3.856067
v -5.149460 0.244478 3.992833
v -4.913760 0.215225 4.188077
v -4.928449 0.416604 4.226101
v -5.149460 0.244478 3.992833
v -4.928449 0.416604 4.226101
v -5.161018 0.432036 4.021267
v -4.928449 0.416604 4.226101
v -5.030653 0.390822 4.572288
v -4.889000 0.630916 4.270047
v -5.030653 0.390822 4.572288
v -5.020763 0.657241 4.587547
v -4.889000 0.630916 4.270047
v -5.030653 0.390822 4.572288
v -5.064483 0.296543 4.879193
v -5.073943 0.605856 4.849420
v -5.030653 0.390822 4.572288
v -5.073943 0.605856 4.849420
v -5.020763 0.657241 4.587547
v -5.064483 0.296543 4.879193
v -5.328109 0.297320 5.002003
v -5.073943 0.605856 4.849420
v -5.328109 0.297320 5.002003
v -5.328834 0.495873 5.020879
v -5.073943 0.605856 4.849420
v -5.328109 0.297320 5.002003
v -5.628819 0.262773 5.201832
v -5.594556 0.449648 5.216564
v -5.328109 0.297320 5.002003
v -5.594556 0.449648 5.216564
v -5.328834 0.495873 5.020879
v -5.628819 0.262773 5.201832
v -5.934981 0.314986 5.104783
v -5.594556 0.449648 5.216564
v -5.934981 0.314986 5.104783
v -5.887437 0.549545 5.076371
v -5.594556 0.449648 5.216564
v -5.934981 0.314986 5.104783
v -6.231820 0.355952 4.882595
v -6.224053 0.574794 4.924258
v -5.934981 0.314986 5.104783
v -6.224053 0.574794 4.924258
v -5.887437 0.549545 5.076371
v -6.231820 0.355952 4.882595
v -6.249897 0.487386 4.613282
v -6.224053 0.574794 4.924258
v -6.249897 0.487386 4.613282
v -6.243702 0.676414 4.633046
v -6.224053 0.574794 4.924258
v -6.249897 0.487386 4.613282
v -6.197916 0.512910 4.295397
v -6.137239 0.748687 4.346042
v -6.249897 0.487386 4.613282
v -6.137239 0.748687 4.346042
v -6.243702 0.676414 4.633046
v -6.197916 0.512910 4.295397
v -6.012215 0.469991 3.999830
v -6.137239 0.748687 4.346042
v -6.012215 0.469991 3.999830
v -5.987976 0.735571 4.032143
v -6.137239 0.748687 4.346042
v -6.012215 0.469991 3.999830
v -5.748772 0.459719 3.751159
v -5.755283 0.701785 3.850106
v -6.012215 0.469991 3.999830
v -5.755283 0.701785 3.850106
v -5.987976 0.735571 4.032143
v -5.748772 0.459719 3.751159
v -5.401127 0.459437 3.856067
v -5.755283 0.701785 3.850106
v -5.401127 0.459437 3.856067
v -5.372741 0.693117 3.900671
v -5.755283 0.701785 3.850106
v -5.401127 0.459437 3.856067
v -5.161018 0.432036 4.021267
v -5.177260 0.672387 4.058560
v -5.401127 0.459437 3.856067
v -5.177260 0.672387 4.058560
v -5.372741 0.693117 3.900671
v -5.161018 0.432036 4.021267
v -4.928449 0.416604 4.226101
v -5.177260 0.672387 4.058560
v -4.928449 0.416604 4.226101
v -4.889000 0.630916 4.270047
v -5.177260 0.672387 4.058560
v -4.889000 0.630916 4.270047
v -5.020763 0.657241 4.587547
v -5.112042 0.861589 4.602248
v -4.889000 0.630916 4.270047
v -5.112042 0.861589 4.602248
v -5.002589 0.891909 4.302784
v -5.020763 0.657241 4.587547
v -5.073943 0.605856 4.849420
v -5.112042 0.861589 4.602248
v -5.073943 0.605856 4.849420
v -5.140204 0.825960 4.852486
v -5.112042 0.861589 4.602248
v -5.073943 0.605856 4.849420
v -5.328834 0.495873 5.020879
v -5.352589 0.760541 5.006625
v -5.073943 0.605856 4.849420
v -5.352589 0.760541 5.006625
v -5.140204 0.825960 4.852486
v -5.328834 0.495873 5.020879
v -5.594556 0.449648 5.216564
v -5.352589 0.760541 5.006625
v -5.594556 0.449648 5.216564
v -5.630104 0.694447 5.185919
v -5.352589 0.760541 5.006625
v -5.594556 0.449648 5.216564
v -5.887437 0.549545 5.076371
v -5.878397 0.794047 5.079091
v -5.594556 0.449648 5.216564
v -5.878397 0.794047 5.079091
v -5.630104 0.694447 5.185919
v -5.887437 0.549545 5.076371
v -6.224053 0.574794 4.924258
v -5.878397 0.794047 5.079091
v -6.224053 0.574794 4.924258
v -6.119112 0.846822 4.903124
v -5.878397 0.794047 5.079091
v -6.224053 0.574794 4.924258
v -6.243702 0.676414 4.633046
v -6.156988 0.954969 4.648807
v -6.224053 0.574794 4.924258
v -6.156988 0.954969 4.648807
v -6.119112 0.846822 4.903124
v -6.243702 0.676414 4.633046
v -6.137239 0.748687 4.346042
v -6.156988 0.954969 4.648807
v -6.137239 0.748687 4.346042
v -6.095557 0.996803 4.369262
v -6.156988 0.954969 4.648807
v -6.137239 0.748687 4.346042
v -5.987976 0.735571 4.032143
v -5.958298 0.943974 4.173001
v -6.137239 0.748687 4.346042
v -5.958298 0.943974 4.173001
v -6.095557 0.996803 4.369262
v -5.987976 0.735571 4.032143
v -5.755283 0.701785 3.850106
v -5.958298 0.943974 4.173001
v -5.755283 0.701785 3.850106
v -5.720595 0.892284 3.926764
v -5.958298 0.943974 4.173001
v -5.755283 0.701785 3.850106
v -5.372741 0.693117 3.900671
v -5.430036 0.859830 3.960281
v -5.755283 0.701785 3.850106
v -5.430036 0.859830 3.960281
v -5.720595 0.892284 3.926764
v -5.372741 0.693117 3.900671
v -5.177260 0.672387 4.058560
v -5.430036 0.859830 3.960281
v -5.177260 0.672387 4.058560
v -5.188736 0.901586 4.140524
v -5.430036 0.859830 3.960281
v -5.177260 0.672387 4.058560
v -4.889000 0.630916 4.270047
v -5.002589 0.891909 4.302784
v -5.177260 0.672387 4.058560
v -5.002589 0.891909 4.302784
v -5.188736 0.901586 4.140524
v -5.002589 0.891909 4.302784
v -5.112042 0.861589 4.602248
v -5.256466 1.044144 4.415586
v -5.112042 0.861589 4.602248
v -5.357479 1.086283 4.624635
v -5.256466 1.044144 4.415586
v -5.112042 0.861589 4.602248
v -5.140204 0.825960 4.852486
v -5.365949 1.010826 4.773321
v -5.112042 0.861589 4.602248
v -5.365949 1.010826 4.773321
v -5.357479 1.086283 4.624635
v -5.140204 0.825960 4.852486
v -5.352589 0.760541 5.006625
v -5.365949 1.010826 4.773321
v -5.352589 0.760541 5.006625
v -5.522095 0.992130 4.881233
v -5.365949 1.010826 4.773321
v -5.352589 0.760541 5.006625
v -5.630104 0.694447 5.185919
v -5.683228 0.954602 4.973119
v -5.352589 0.760541 5.006625
v -5.683228 0.954602 4.973119
v -5.522095 0.992130 4.881233
v -5.630104 0.694447 5.185919
v -5.878397 0.794047 5.079091
v -5.683228 0.954602 4.973119
v -5.878397 0.794047 5.079091
v -5.872127 0.977533 4.931582
v -5.683228 0.954602 4.973119
v -5.878397 0.794047 5.079091
v -6.119112 0.846822 4.903124
v -6.006105 1.069582 4.819397
v -5.878397 0.794047 5.079091
v -6.006105 1.069582 4.819397
v -5.872127 0.977533 4.931582
v -6.119112 0.846822 4.903124
v -6.156988 0.954969 4.648807
v -6.006105 1.069582 4.819397
v -6.156988 0.954969 4.648807
v -6.037352 1.116876 4.636505
v -6.006105 1.069582 4.819397
v -6.156988 0.954969 4.648807
v -6.095557 0.996803 4.369262
v -5.999709 1.091442 4.477299
v -6.156988 0.954969 4.648807
v -5.999709 1.091442 4.477299
v -6.037352 1.116876 4.636505
v -6.095557 0.996803 4.369262
v -5.958298 0.943974 4.173001
v -5.999709 1.091442 4.477299
v -5.958298 0.943974 4.173001
v -5.899087 1.142879 4.296055
v -5.999709 1.091442 4.477299
v -5.958298 0.943974 4.173001
v -5.720595 0.892284 3.926764
v -5.761898 1.060925 4.200501
v -5.958298 0.943974 4.173001
v -5.761898 1.060925 4.200501
v -5.899087 1.142879 4.296055
v -5.720595 0.892284 3.926764
v -5.430036 0.859830 3.960281
v -5.761898 1.060925 4.200501
v -5.430036 0.859830 3.960281
v -5.568624 1.033411 4.204205
v -5.761898 1.060925 4.200501
v -5.430036 0.859830 3.960281
v -5.188736 0.901586 4.140524
v -5.399994 1.076008 4.320330
v -5.430036 0.859830 3.960281
v -5.399994 1.076008 4.320330
v -5.568624 1.033411 4.204205
v -5.188736 0.901586 4.140524
v -5.002589 0.891909 4.302784
v -5.399994 1.076008 4.320330
v -5.002589 0.891909 4.302784
v -5.256466 1.044144 4.415586
v -5.399994 1.076008 4.320330
v -5.256466 1.044144 4.415586
v -5.357479 1.086283 4.624635
v -5.529277 1.133385 4.666849
v -5.160297 -0.005703 4.508341
v -5.002569 0.029186 4.219372
v -5.659200 0.036316 4.437641
v -5.357479 1.086283 4.624635
v -5.365949 1.010826 4.773321
v -5.529277 1.133385 4.666849
v -5.163464 -0.041406 4.740348
v -5.160297 -0.005703 4.508341
v -5.659200 0.036316 4.437641
v -5.365949 1.010826 4.773321
v -5.522095 0.992130 4.881233
v -5.529277 1.133385 4.666849
v -5.415164 -0.056379 4.938443
v -5.163464 -0.041406 4.740348
v -5.659200 0.036316 4.437641
v -5.522095 0.992130 4.881233
v -5.683228 0.954602 4.973119
v -5.529277 1.133385 4.666849
v -5.683281 -0.065745 5.106916
v -5.415164 -0.056379 4.938443
v -5.659200 0.036316 4.437641
v -5.683228 0.954602 4.973119
v -5.872127 0.977533 4.931582
v -5.529277 1.133385 4.666849
v -5.969770 -0.026783 4.970454
v -5.683281 -0.065745 5.106916
v -5.659200 0.036316 4.437641
v -5.872127 0.977533 4.931582
v -6.006105 1.069582 4.819397
v -5.529277 1.133385 4.666849
v -6.246863 0.012584 4.827603
v -5.969770 -0.026783 4.970454
v -5.659200 0.036316 4.437641
v -6.006105 1.069582 4.819397
v -6.037352 1.116876 4.636505
v -5.529277 1.133385 4.666849
v -6.301907 0.067111 4.497376
v -6.246863 0.012584 4.827603
v -5.659200 0.036316 4.437641
v -6.037352 1.116876 4.636505
v -5.999709 1.091442 4.477299
v -5.529277 1.133385 4.666849
v -6.185587 0.102201 4.223774
v -6.301907 0.067111 4.497376
v -5.659200 0.036316 4.437641
v -5.999709 1.091442 4.477299
v -5.899087 1.142879 4.296055
v -5.529277 1.133385 4.666849
v -6.049556 0.123054 4.034251
v -6.185587 0.102201 4.223774
v -5.659200 0.036316 4.437641
v -5.899087 1.142879 4.296055
v -5.761898 1.060925 4.200501
v -5.529277 1.133385 4.666849
v -5.789682 0.139560 3.822957
v -6.049556 0.123054 4.034251
v -5.659200 0.036316 4.437641
v -5.761898 1.060925 4.200501
v -5.568624 1.033411 4.204205
v -5.529277 1.133385 4.666849
v -5.465674 0.120198 3.817641
v -5.789682 0.139560 3.822957
v -5.659200 0.036316 4.437641
v -5.568624 1.033411 4.204205
v -5.399994 1.076008 4.320330
v -5.529277 1.133385 4.666849
v -5.221202 0.075874 4.005667
v -5.465674 0.120198 3.817641
v -5.659200 0.036316 4.437641
v -5.399994 1.076008 4.320330
v -5.256466 1.044144 4.415586
v -5.529277 1.133385 4.666849
v -5.002569 0.029186 4.219372
v -5.221202 0.075874 4.005667
v -5.659200 0.036316 4.437641
vn 0.8442 -0.3322 0.4207
vn 0.7556 -0.6398 0.1403
vn 0.8402 -0.5376 -0.0713
vn 0.7715 -0.6362 -0.0082
vn 0.4866 -0.6637 0.5681
vn 0.4942 -0.7668 0.4095
vn 0.4227 -0.6448 0.6368
vn 0.3098 -0.7613 0.5697
vn -0.3914 -0.6707 0.6301
vn -0.1131 -0.9151 0.3871
vn -0.4283 -0.6162 0.6610
vn -0.5042 -0.8107 0.2977
vn -0.8799 -0.4700 0.0691
vn -0.9835 -0.1803 -0.0149
vn -0.8764 -0.2593 -0.4058
vn -0.9482 -0.1100 -0.2979
vn -0.7868 -0.1935 -0.5860
vn -0.7959 -0.2792 -0.5372
vn -0.5524 -0.4315 -0.7132
vn -0.6175 -0.3256 -0.7160
vn -0.0433 -0.4850 -0.8735
vn 0.1056 -0.1980 -0.9745
vn 0.5489 -0.2931 -0.7828
vn 0.5415 -0.2436 -0.8046
vn 0.6262 -0.3206 -0.7107
vn 0.5583 -0.3897 -0.7324
vn 0.9634 0.0846 0.2544
vn 0.9586 0.0163 0.2842
vn 0.9801 0.1047 0.1686
vn 0.9896 0.0642 0.1288
vn 0.5251 0.0415 0.8500
vn 0.4150 -0.1793 0.8920
vn 0.4979 0.0440 0.8661
vn 0.5579 -0.0758 0.8264
vn -0.2249 0.2058 0.9524
vn -0.2734 0.1597 0.9485
vn -0.4527 0.2376 0.8594
vn -0.4795 0.4865 0.7303
vn -0.9554 0.2928 0.0394
vn -0.7827 0.5371 0.3146
vn -0.9077 0.3573 -0.2198
vn -0.9643 0.2248 -0.1396
vn -0.8052 0.4226 -0.4160
vn -0.8002 0.2597 -0.5405
vn -0.5137 0.3963 -0.7610
vn -0.6721 0.1758 -0.7193
vn 0.1167 0.2815 -0.9524
vn 0.2880 -0.0759 -0.9546
vn 0.5660 0.1465 -0.8113
vn 0.5719 0.1573 -0.8051
vn 0.6403 0.1874 -0.7449
vn 0.6589 0.1523 -0.7367
vn 0.9387 -0.2262 0.2603
vn 0.9205 -0.0563 0.3867
vn 0.9916 0.0421 0.1222
vn 0.9807 -0.0473 0.1899
vn 0.4204 0.0997 0.9018
vn 0.5787 -0.0751 0.8121
vn 0.5589 -0.1665 0.8123
vn 0.5996 -0.0736 0.7969
vn -0.3051 -0.0191 0.9521
vn -0.3720 0.1856 0.9095
vn -0.6056 -0.1280 0.7854
vn -0.3926 0.1886 0.9002
vn -0.9968 0.0207 0.0770
vn -0.9968 0.0247 0.0759
vn -0.9524 0.2738 -0.1338
vn -0.9408 0.0656 -0.3325
vn -0.7818 0.3166 -0.5372
vn -0.8928 0.1338 -0.4301
vn -0.6552 0.2707 -0.7053
vn -0.5955 0.1504 -0.7891
vn 0.2686 0.3706 -0.8891
vn 0.1329 0.1702 -0.9764
vn 0.5718 0.1634 -0.8040
vn 0.6313 0.0707 -0.7723
vn 0.6585 0.1586 -0.7357
vn 0.5958 0.0546 -0.8013
vn 0.8703 0.3649 0.3309
vn 0.8732 0.3357 0.3532
vn 0.8896 0.3790 0.2550
vn 0.9477 0.2833 0.1470
vn 0.5278 0.0928 0.8443
vn 0.5489 0.1538 0.8216
vn 0.5794 0.0956 0.8094
vn 0.5035 0.1789 0.8453
vn -0.4301 0.0059 0.9028
vn -0.3735 0.0616 0.9256
vn -0.4115 0.0051 0.9114
vn -0.5299 0.2670 0.8049
vn -0.9446 0.2848 0.1631
vn -0.8861 0.3641 0.2868
vn -0.9165 0.3003 -0.2644
vn -0.9661 0.1796 -0.1854
vn -0.8239 0.3932 -0.4082
vn -0.7807 0.1870 -0.5963
vn -0.4688 0.5395 -0.6994
vn -0.6214 0.3872 -0.6811
vn 0.1299 0.3731 -0.9187
vn 0.1456 0.3464 -0.9267
vn 0.5910 0.4439 -0.6735
vn 0.5345 0.3082 -0.7870
vn 0.5867 0.3471 -0.7316
vn 0.6378 0.2875 -0.7145
vn 0.5837 0.7584 0.2901
vn 0.6731 0.7172 0.1807
vn 0.5852 0.7910 0.1785
vn 0.6444 0.6665 0.3749
vn 0.2979 0.6594 0.6903
vn 0.3831 0.6407 0.6654
vn 0.3039 0.6396 0.7061
vn 0.2817 0.6080 0.7423
vn -0.0867 0.6201 0.7797
vn -0.0943 0.6257 0.7743
vn -0.4360 0.5019 0.7470
vn -0.2112 0.6168 0.7583
vn -0.7814 0.5239 0.3391
vn -0.7615 0.5840 0.2811
vn -0.6791 0.7330 -0.0396
vn -0.7833 0.5579 -0.2743
vn -0.3194 0.8350 -0.4481
vn -0.8282 0.4517 -0.3316
vn -0.3795 0.7610 -0.5261
vn -0.2216 0.5599 -0.7984
vn 0.1530 0.8515 -0.5015
vn 0.1298 0.8412 -0.5249
vn 0.2417 0.8229 -0.5142
vn 0.1439 0.8431 -0.5182
vn 0.3750 0.8457 -0.3798
vn 0.3905 0.8714 -0.2970
vn 0.2463 0.9662 -0.0758
vn -0.0614 -0.9864 -0.1526
vn 0.3365 0.8319 0.4413
vn 0.2654 0.8091 0.5242
vn 0.1165 0.8311 0.5437
vn -0.0054 0.8648 0.5021
vn 0.0757 0.8133 0.5769
vn -0.0467 0.9651 0.2576
vn -0.0223 0.9864 -0.1629
vn -0.1612 0.9693 0.1856
vn 0.3254 0.8962 -0.3015
vn 0.1416 0.9650 -0.2206
vn -0.1073 0.9736 -0.2013
vn 0.2566 0.9644 -0.0640
s 0
usemtl Material_0
f 2809//866 2811//866 2810//866
f 2812//867 2814//867 2813//867
f 2815//868 2817//868 2816//868
f 2818//869 2820//869 2819//869
f 2821//870 2823//870 2822//870
f 2824//871 2826//871 2825//871
f 2827//872 2829//872 2828//872
f 2830//873 2832//873 2831//873
s 1
f 2833//874 2835//874 2834//874
s 0
f 2836//875 2838//875 2837//875
f 2839//876 2841//876 2840//876
f 2842//877 2844//877 2843//877
f 2845//878 2847//878 2846//878
f 2848//879 2850//879 2849//879
f 2851//880 2853//880 2852//880
f 2854//881 2856//881 2855//881
f 2857//882 2859//882 2858//882
f 2860//883 2862//883 2861//883
f 2863//884 2865//884 2864//884
f 2866//885 2868//885 2867//885
f 2869//886 2871//886 2870//886
f 2872//887 2874//887 2873//887
f 2875//888 2877//888 2876//888
f 2878//889 2880//889 2879//889
f 2881//890 2883//890 2882//890
f 2884//891 2886//891 2885//891
f 2887//892 2889//892 2888//892
f 2890//893 2892//893 2891//893
f 2893//894 2895//894 2894//894
f 2896//895 2898//895 2897//895
f 2899//896 2901//896 2900//896
f 2902//897 2904//897 2903//897
f 2905//898 2907//898 2906//898
f 2908//899 2910//899 2909//899
f 2911//900 2913//900 2912//900
f 2914//901 2916//901 2915//901
f 2917//902 2919//902 2918//902
f 2920//903 2922//903 2921//903
f 2923//904 2925//904 2924//904
f 2926//905 2928//905 2927//905
f 2929//906 2931//906 2930//906
f 2932//907 2934//907 2933//907
f 2935//908 2937//908 2936//908
f 2938//909 2940//909 2939//909
f 2941//910 2943//910 2942//910
f 2944//911 2946//911 2945//911
f 2947//912 2949//912 2948//912
f 2950//913 2952//913 2951//913
f 2953//914 2955//914 2954//914
f 2956//915 2958//915 2957//915
f 2959//916 2961//916 2960//916
f 2962//917 2964//917 2963//917
f 2965//918 2967//918 2966//918
f 2968//919 2970//919 2969//919
f 2971//920 2973//920 2972//920
f 2974//921 2976//921 2975//921
f 2977//922 2979//922 2978//922
f 2980//923 2982//923 2981//923
f 2983//924 2985//924 2984//924
f 2986//925 2988//925 2987//925
f 2989//926 2991//926 2990//926
f 2992//927 2994//927 2993//927
f 2995//928 2997//928 2996//928
f 2998//929 3000//929 2999//929
f 3001//930 3003//930 3002//930
f 3004//931 3006//931 3005//931
f 3007//932 3009//932 3008//932
f 3010//933 3012//933 3011//933
f 3013//934 3015//934 3014//934
f 3016//935 3018//935 3017//935
f 3019//936 3021//936 3020//936
f 3022//937 3024//937 3023//937
f 3025//938 3027//938 3026//938
f 3028//939 3030//939 3029//939
f 3031//940 3033//940 3032//940
f 3034//941 3036//941 3035//941
f 3037//942 3039//942 3038//942
f 3040//943 3042//943 3041//943
f 3043//944 3045//944 3044//944
f 3046//945 3048//945 3047//945
f 3049//946 3051//946 3050//946
f 3052//947 3054//947 3053//947
f 3055//948 3057//948 3056//948
f 3058//949 3060//949 3059//949
f 3061//950 3063//950 3062//950
f 3064//951 3066//951 3065//951
f 3067//952 3069//952 3068//952
f 3070//953 3072//953 3071//953
f 3073//954 3075//954 3074//954
f 3076//955 3078//955 3077//955
f 3079//956 3081//956 3080//956
f 3082//957 3084//957 3083//957
f 3085//958 3087//958 3086//958
f 3088//959 3090//959 3089//959
f 3091//960 3093//960 3092//960
f 3094//961 3096//961 3095//961
f 3097//962 3099//962 3098//962
f 3100//963 3102//963 3101//963
f 3103//964 3105//964 3104//964
f 3106//965 3108//965 3107//965
f 3109//966 3111//966 3110//966
f 3112//967 3114//967 3113//967
f 3115//968 3117//968 3116//968
f 3118//969 3120//969 3119//969
f 3121//970 3123//970 3122//970
f 3124//971 3126//971 3125//971
f 3127//972 3129//972 3128//972
f 3130//973 3132//973 3131//973
f 3133//974 3135//974 3134//974
f 3136//975 3138//975 3137//975
f 3139//976 3141//976 3140//976
f 3142//977 3144//977 3143//977
f 3145//978 3147//978 3146//978
f 3148//979 3150//979 3149//979
s 1
f 3151//980 3153//980 3152//980
s 0
f 3154//981 3156//981 3155//981
f 3157//982 3159//982 3158//982
f 3160//983 3162//983 3161//983
f 3163//984 3165//984 3164//984
f 3166//985 3168//985 3167//985
f 3169//986 3171//986 3170//986
f 3172//987 3174//987 3173//987
f 3175//988 3177//988 3176//988
f 3178//989 3180//989 3179//989
f 3181//990 3183//990 3182//990
f 3184//991 3186//991 3185//991
f 3187//992 3189//992 3188//992
f 3190//993 3192//993 3191//993
f 3193//994 3195//994 3194//994
s 1
f 3196//995 3198//995 3197//995
s 0
f 3199//996 3201//996 3200//996
f 3202//997 3204//997 3203//997
f 3205//998 3207//998 3206//998
f 3208//997 3210//997 3209//997
f 3211//999 3213//999 3212//999
f 3214//997 3216//997 3215//997
f 3217//1000 3219//1000 3218//1000
f 3220//997 3222//997 3221//997
f 3223//1001 3225//1001 3224//1001
f 3226//997 3228//997 3227//997
f 3229//1002 3231//1002 3230//1002
f 3232//997 3234//997 3233//997
f 3235//1003 3237//1003 3236//1003
f 3238//997 3240//997 3239//997
f 3241//1004 3243//1004 3242//1004
f 3244//997 3246//997 3245//997
f 3247//1005 3249//1005 3248//1005
f 3250//997 3252//997 3251//997
f 3253//1006 3255//1006 3254//1006
f 3256//997 3258//997 3257//997
f 3259//1007 3261//1007 3260//1007
f 3262//997 3264//997 3263//997
f 3265//1008 3267//1008 3266//1008
f 3268//997 3270//997 3269//997
f 3271//1009 3273//1009 3272//1009
f 3274//997 3276//997 3275//997
o rockInstances_007
v -6.669209 -0.011952 1.734399
v -6.439026 -0.047482 1.775787
v -6.704306 0.155997 1.707450
v -6.439026 -0.047482 1.775787
v -6.452878 0.137984 1.692156
v -6.704306 0.155997 1.707450
v -6.439026 -0.047482 1.775787
v -6.281154 -0.065810 1.725483
v -6.235102 0.097000 1.651935
v -6.439026 -0.047482 1.775787
v -6.235102 0.097000 1.651935
v -6.452878 0.137984 1.692156
v -6.281154 -0.065810 1.725483
v -6.092035 -0.102027 1.850988
v -6.235102 0.097000 1.651935
v -6.092035 -0.102027 1.850988
v -6.048631 -0.008470 1.796600
v -6.235102 0.097000 1.651935
v -6.092035 -0.102027 1.850988
v -5.919404 -0.137293 1.994295
v -5.836999 -0.038336 1.989216
v -6.092035 -0.102027 1.850988
v -5.836999 -0.038336 1.989216
v -6.048631 -0.008470 1.796600
v -5.919404 -0.137293 1.994295
v -5.949354 -0.150332 2.218962
v -5.836999 -0.038336 1.989216
v -5.949354 -0.150332 2.218962
v -5.821071 -0.077523 2.206722
v -5.836999 -0.038336 1.989216
v -5.949354 -0.150332 2.218962
v -5.985682 -0.162097 2.438716
v -5.890738 -0.022960 2.496416
v -5.949354 -0.150332 2.218962
v -5.890738 -0.022960 2.496416
v -5.821071 -0.077523 2.206722
v -5.985682 -0.162097 2.438716
v -6.197398 -0.140929 2.550604
v -5.890738 -0.022960 2.496416
v -6.197398 -0.140929 2.550604
v -6.161138 -0.005568 2.586029
v -5.890738 -0.022960 2.496416
v -6.197398 -0.140929 2.550604
v -6.408136 -0.110016 2.533757
v -6.369412 0.024372 2.593124
v -6.197398 -0.140929 2.550604
v -6.369412 0.024372 2.593124
v -6.161138 -0.005568 2.586029
v -6.408136 -0.110016 2.533757
v -6.566213 -0.084021 2.484569
v -6.369412 0.024372 2.593124
v -6.566213 -0.084021 2.484569
v -6.605191 0.077602 2.541032
v -6.369412 0.024372 2.593124
v -6.566213 -0.084021 2.484569
v -6.766057 -0.046102 2.356519
v -6.809224 0.058962 2.395283
v -6.566213 -0.084021 2.484569
v -6.809224 0.058962 2.395283
v -6.605191 0.077602 2.541032
v -6.766057 -0.046102 2.356519
v -6.840344 -0.018924 2.138518
v -6.809224 0.058962 2.395283
v -6.840344 -0.018924 2.138518
v -6.859037 0.100917 2.146778
v -6.809224 0.058962 2.395283
v -6.840344 -0.018924 2.138518
v -6.766294 -0.013371 1.930620
v -6.785620 0.138482 1.908862
v -6.840344 -0.018924 2.138518
v -6.785620 0.138482 1.908862
v -6.859037 0.100917 2.146778
v -6.766294 -0.013371 1.930620
v -6.669209 -0.011952 1.734399
v -6.785620 0.138482 1.908862
v -6.669209 -0.011952 1.734399
v -6.704306 0.155997 1.707450
v -6.785620 0.138482 1.908862
v -6.704306 0.155997 1.707450
v -6.452878 0.137984 1.692156
v -6.411822 0.309363 1.731467
v -6.704306 0.155997 1.707450
v -6.411822 0.309363 1.731467
v -6.669285 0.326619 1.737589
v -6.452878 0.137984 1.692156
v -6.235102 0.097000 1.651935
v -6.411822 0.309363 1.731467
v -6.235102 0.097000 1.651935
v -6.197953 0.241251 1.678154
v -6.411822 0.309363 1.731467
v -6.235102 0.097000 1.651935
v -6.048631 -0.008470 1.796600
v -6.057139 0.212756 1.829214
v -6.235102 0.097000 1.651935
v -6.057139 0.212756 1.829214
v -6.197953 0.241251 1.678154
v -6.048631 -0.008470 1.796600
v -5.836999 -0.038336 1.989216
v -6.057139 0.212756 1.829214
v -5.836999 -0.038336 1.989216
v -5.856810 0.153415 1.984362
v -6.057139 0.212756 1.829214
v -5.836999 -0.038336 1.989216
v -5.821071 -0.077523 2.206722
v -5.855235 0.151034 2.215959
v -5.836999 -0.038336 1.989216
v -5.855235 0.151034 2.215959
v -5.856810 0.153415 1.984362
v -5.821071 -0.077523 2.206722
v -5.890738 -0.022960 2.496416
v -5.855235 0.151034 2.215959
v -5.890738 -0.022960 2.496416
v -5.941354 0.133730 2.465345
v -5.855235 0.151034 2.215959
v -5.890738 -0.022960 2.496416
v -6.161138 -0.005568 2.586029
v -6.117266 0.228290 2.550823
v -5.890738 -0.022960 2.496416
v -6.117266 0.228290 2.550823
v -5.941354 0.133730 2.465345
v -6.161138 -0.005568 2.586029
v -6.369412 0.024372 2.593124
v -6.117266 0.228290 2.550823
v -6.369412 0.024372 2.593124
v -6.344568 0.240033 2.584663
v -6.117266 0.228290 2.550823
v -6.369412 0.024372 2.593124
v -6.605191 0.077602 2.541032
v -6.587586 0.213090 2.515085
v -6.369412 0.024372 2.593124
v -6.587586 0.213090 2.515085
v -6.344568 0.240033 2.584663
v -6.605191 0.077602 2.541032
v -6.809224 0.058962 2.395283
v -6.587586 0.213090 2.515085
v -6.809224 0.058962 2.395283
v -6.814480 0.226820 2.388556
v -6.587586 0.213090 2.515085
v -6.809224 0.058962 2.395283
v -6.859037 0.100917 2.146778
v -6.818145 0.279225 2.134897
v -6.809224 0.058962 2.395283
v -6.818145 0.279225 2.134897
v -6.814480 0.226820 2.388556
v -6.859037 0.100917 2.146778
v -6.785620 0.138482 1.908862
v -6.818145 0.279225 2.134897
v -6.785620 0.138482 1.908862
v -6.758222 0.297308 1.936941
v -6.818145 0.279225 2.134897
v -6.785620 0.138482 1.908862
v -6.704306 0.155997 1.707450
v -6.669285 0.326619 1.737589
v -6.785620 0.138482 1.908862
v -6.669285 0.326619 1.737589
v -6.758222 0.297308 1.936941
v -6.669285 0.326619 1.737589
v -6.411822 0.309363 1.731467
v -6.641558 0.515839 1.732167
v -6.411822 0.309363 1.731467
v -6.395737 0.537195 1.758923
v -6.641558 0.515839 1.732167
v -6.411822 0.309363 1.731467
v -6.197953 0.241251 1.678154
v -6.207136 0.500402 1.733725
v -6.411822 0.309363 1.731467
v -6.207136 0.500402 1.733725
v -6.395737 0.537195 1.758923
v -6.197953 0.241251 1.678154
v -6.057139 0.212756 1.829214
v -6.207136 0.500402 1.733725
v -6.057139 0.212756 1.829214
v -6.038282 0.381854 1.853548
v -6.207136 0.500402 1.733725
v -6.057139 0.212756 1.829214
v -5.856810 0.153415 1.984362
v -5.848691 0.317138 1.984547
v -6.057139 0.212756 1.829214
v -5.848691 0.317138 1.984547
v -6.038282 0.381854 1.853548
v -5.856810 0.153415 1.984362
v -5.855235 0.151034 2.215959
v -5.848691 0.317138 1.984547
v -5.855235 0.151034 2.215959
v -5.878015 0.354652 2.222750
v -5.848691 0.317138 1.984547
v -5.855235 0.151034 2.215959
v -5.941354 0.133730 2.465345
v -5.908197 0.322378 2.482180
v -5.855235 0.151034 2.215959
v -5.908197 0.322378 2.482180
v -5.878015 0.354652 2.222750
v -5.941354 0.133730 2.465345
v -6.117266 0.228290 2.550823
v -5.908197 0.322378 2.482180
v -6.117266 0.228290 2.550823
v -6.099579 0.390304 2.569024
v -5.908197 0.322378 2.482180
v -6.117266 0.228290 2.550823
v -6.344568 0.240033 2.584663
v -6.316235 0.450667 2.566689
v -6.117266 0.228290 2.550823
v -6.316235 0.450667 2.566689
v -6.099579 0.390304 2.569024
v -6.344568 0.240033 2.584663
v -6.587586 0.213090 2.515085
v -6.316235 0.450667 2.566689
v -6.587586 0.213090 2.515085
v -6.562998 0.443061 2.529354
v -6.316235 0.450667 2.566689
v -6.587586 0.213090 2.515085
v -6.814480 0.226820 2.388556
v -6.738483 0.436256 2.406455
v -6.587586 0.213090 2.515085
v -6.738483 0.436256 2.406455
v -6.562998 0.443061 2.529354
v -6.814480 0.226820 2.388556
v -6.818145 0.279225 2.134897
v -6.738483 0.436256 2.406455
v -6.818145 0.279225 2.134897
v -6.787008 0.483390 2.139430
v -6.738483 0.436256 2.406455
v -6.818145 0.279225 2.134897
v -6.758222 0.297308 1.936941
v -6.722220 0.500693 1.973705
v -6.818145 0.279225 2.134897
v -6.722220 0.500693 1.973705
v -6.787008 0.483390 2.139430
v -6.758222 0.297308 1.936941
v -6.669285 0.326619 1.737589
v -6.722220 0.500693 1.973705
v -6.669285 0.326619 1.737589
v -6.641558 0.515839 1.732167
v -6.722220 0.500693 1.973705
v -6.641558 0.515839 1.732167
v -6.395737 0.537195 1.758923
v -6.359967 0.698722 1.845394
v -6.641558 0.515839 1.732167
v -6.359967 0.698722 1.845394
v -6.586998 0.723289 1.837755
v -6.395737 0.537195 1.758923
v -6.207136 0.500402 1.733725
v -6.359967 0.698722 1.845394
v -6.207136 0.500402 1.733725
v -6.184251 0.678043 1.808067
v -6.359967 0.698722 1.845394
v -6.207136 0.500402 1.733725
v -6.038282 0.381854 1.853548
v -6.035097 0.602078 1.909261
v -6.207136 0.500402 1.733725
v -6.035097 0.602078 1.909261
v -6.184251 0.678043 1.808067
v -6.038282 0.381854 1.853548
v -5.848691 0.317138 1.984547
v -6.035097 0.602078 1.909261
v -5.848691 0.317138 1.984547
v -5.854717 0.518062 2.048716
v -6.035097 0.602078 1.909261
v -5.848691 0.317138 1.984547
v -5.878015 0.354652 2.222750
v -5.870940 0.563135 2.250278
v -5.848691 0.317138 1.984547
v -5.870940 0.563135 2.250278
v -5.854717 0.518062 2.048716
v -5.878015 0.354652 2.222750
v -5.908197 0.322378 2.482180
v -5.870940 0.563135 2.250278
v -5.908197 0.322378 2.482180
v -5.937331 0.565891 2.454380
v -5.870940 0.563135 2.250278
v -5.908197 0.322378 2.482180
v -6.099579 0.390304 2.569024
v -6.099414 0.638842 2.546764
v -5.908197 0.322378 2.482180
v -6.099414 0.638842 2.546764
v -5.937331 0.565891 2.454380
v -6.099579 0.390304 2.569024
v -6.316235 0.450667 2.566689
v -6.099414 0.638842 2.546764
v -6.316235 0.450667 2.566689
v -6.302134 0.667722 2.568731
v -6.099414 0.638842 2.546764
v -6.316235 0.450667 2.566689
v -6.562998 0.443061 2.529354
v -6.467234 0.631109 2.509818
v -6.316235 0.450667 2.566689
v -6.467234 0.631109 2.509818
v -6.302134 0.667722 2.568731
v -6.562998 0.443061 2.529354
v -6.738483 0.436256 2.406455
v -6.467234 0.631109 2.509818
v -6.738483 0.436256 2.406455
v -6.688114 0.606400 2.394201
v -6.467234 0.631109 2.509818
v -6.738483 0.436256 2.406455
v -6.787008 0.483390 2.139430
v -6.729065 0.620026 2.188772
v -6.738483 0.436256 2.406455
v -6.729065 0.620026 2.188772
v -6.688114 0.606400 2.394201
v -6.787008 0.483390 2.139430
v -6.722220 0.500693 1.973705
v -6.729065 0.620026 2.188772
v -6.722220 0.500693 1.973705
v -6.657110 0.697653 1.996597
v -6.729065 0.620026 2.188772
v -6.722220 0.500693 1.973705
v -6.641558 0.515839 1.732167
v -6.586998 0.723289 1.837755
v -6.722220 0.500693 1.973705
v -6.586998 0.723289 1.837755
v -6.657110 0.697653 1.996597
v -6.586998 0.723289 1.837755
v -6.359967 0.698722 1.845394
v -6.450675 0.823879 2.005486
v -6.359967 0.698722 1.845394
v -6.285008 0.857024 2.036086
v -6.450675 0.823879 2.005486
v -6.359967 0.698722 1.845394
v -6.184251 0.678043 1.808067
v -6.183982 0.799869 2.000813
v -6.359967 0.698722 1.845394
v -6.183982 0.799869 2.000813
v -6.285008 0.857024 2.036086
v -6.184251 0.678043 1.808067
v -6.035097 0.602078 1.909261
v -6.183982 0.799869 2.000813
v -6.035097 0.602078 1.909261
v -6.077152 0.768636 2.080421
v -6.183982 0.799869 2.000813
v -6.035097 0.602078 1.909261
v -5.854717 0.518062 2.048716
v -5.980726 0.719922 2.164009
v -6.035097 0.602078 1.909261
v -5.980726 0.719922 2.164009
v -6.077152 0.768636 2.080421
v -5.854717 0.518062 2.048716
v -5.870940 0.563135 2.250278
v -5.980726 0.719922 2.164009
v -5.870940 0.563135 2.250278
v -5.967517 0.711565 2.301856
v -5.980726 0.719922 2.164009
v -5.870940 0.563135 2.250278
v -5.937331 0.565891 2.454380
v -6.012345 0.765433 2.427114
v -5.870940 0.563135 2.250278
v -6.012345 0.765433 2.427114
v -5.967517 0.711565 2.301856
v -5.937331 0.565891 2.454380
v -6.099414 0.638842 2.546764
v -6.012345 0.765433 2.427114
v -6.099414 0.638842 2.546764
v -6.128935 0.791534 2.491976
v -6.012345 0.765433 2.427114
v -6.099414 0.638842 2.546764
v -6.302134 0.667722 2.568731
v -6.246408 0.766614 2.495838
v -6.099414 0.638842 2.546764
v -6.246408 0.766614 2.495838
v -6.128935 0.791534 2.491976
v -6.302134 0.667722 2.568731
v -6.467234 0.631109 2.509818
v -6.246408 0.766614 2.495838
v -6.467234 0.631109 2.509818
v -6.390280 0.814163 2.472873
v -6.246408 0.766614 2.495838
v -6.467234 0.631109 2.509818
v -6.688114 0.606400 2.394201
v -6.487534 0.758229 2.389352
v -6.467234 0.631109 2.509818
v -6.487534 0.758229 2.389352
v -6.390280 0.814163 2.472873
v -6.688114 0.606400 2.394201
v -6.729065 0.620026 2.188772
v -6.487534 0.758229 2.389352
v -6.729065 0.620026 2.188772
v -6.527627 0.761283 2.255679
v -6.487534 0.758229 2.389352
v -6.729065 0.620026 2.188772
v -6.657110 0.697653 1.996597
v -6.483657 0.826373 2.125263
v -6.729065 0.620026 2.188772
v -6.483657 0.826373 2.125263
v -6.527627 0.761283 2.255679
v -6.657110 0.697653 1.996597
v -6.586998 0.723289 1.837755
v -6.483657 0.826373 2.125263
v -6.586998 0.723289 1.837755
v -6.450675 0.823879 2.005486
v -6.483657 0.826373 2.125263
v -6.450675 0.823879 2.005486
v -6.285008 0.857024 2.036086
v -6.217669 0.875913 2.148763
v -6.439026 -0.047482 1.775787
v -6.669209 -0.011952 1.734399
v -6.378082 -0.083188 2.129293
v -6.285008 0.857024 2.036086
v -6.183982 0.799869 2.000813
v -6.217669 0.875913 2.148763
v -6.281154 -0.065810 1.725483
v -6.439026 -0.047482 1.775787
v -6.378082 -0.083188 2.129293
v -6.183982 0.799869 2.000813
v -6.077152 0.768636 2.080421
v -6.217669 0.875913 2.148763
v -6.092035 -0.102027 1.850988
v -6.281154 -0.065810 1.725483
v -6.378082 -0.083188 2.129293
v -6.077152 0.768636 2.080421
v -5.980726 0.719922 2.164009
v -6.217669 0.875913 2.148763
v -5.919404 -0.137293 1.994295
v -6.092035 -0.102027 1.850988
v -6.378082 -0.083188 2.129293
v -5.980726 0.719922 2.164009
v -5.967517 0.711565 2.301856
v -6.217669 0.875913 2.148763
v -5.949354 -0.150332 2.218962
v -5.919404 -0.137293 1.994295
v -6.378082 -0.083188 2.129293
v -5.967517 0.711565 2.301856
v -6.012345 0.765433 2.427114
v -6.217669 0.875913 2.148763
v -5.985682 -0.162097 2.438716
v -5.949354 -0.150332 2.218962
v -6.378082 -0.083188 2.129293
v -6.012345 0.765433 2.427114
v -6.128935 0.791534 2.491976
v -6.217669 0.875913 2.148763
v -6.197398 -0.140929 2.550604
v -5.985682 -0.162097 2.438716
v -6.378082 -0.083188 2.129293
v -6.128935 0.791534 2.491976
v -6.246408 0.766614 2.495838
v -6.217669 0.875913 2.148763
v -6.408136 -0.110016 2.533757
v -6.197398 -0.140929 2.550604
v -6.378082 -0.083188 2.129293
v -6.246408 0.766614 2.495838
v -6.390280 0.814163 2.472873
v -6.217669 0.875913 2.148763
v -6.566213 -0.084021 2.484569
v -6.408136 -0.110016 2.533757
v -6.378082 -0.083188 2.129293
v -6.390280 0.814163 2.472873
v -6.487534 0.758229 2.389352
v -6.217669 0.875913 2.148763
v -6.766057 -0.046102 2.356519
v -6.566213 -0.084021 2.484569
v -6.378082 -0.083188 2.129293
v -6.487534 0.758229 2.389352
v -6.527627 0.761283 2.255679
v -6.217669 0.875913 2.148763
v -6.840344 -0.018924 2.138518
v -6.766057 -0.046102 2.356519
v -6.378082 -0.083188 2.129293
v -6.527627 0.761283 2.255679
v -6.483657 0.826373 2.125263
v -6.217669 0.875913 2.148763
v -6.766294 -0.013371 1.930620
v -6.840344 -0.018924 2.138518
v -6.378082 -0.083188 2.129293
v -6.483657 0.826373 2.125263
v -6.450675 0.823879 2.005486
v -6.217669 0.875913 2.148763
v -6.669209 -0.011952 1.734399
v -6.766294 -0.013371 1.930620
v -6.378082 -0.083188 2.129293
vn 0.1570 -0.1244 -0.9797
vn -0.0848 -0.4148 -0.9059
vn -0.3211 -0.3129 -0.8938
vn -0.2401 -0.4139 -0.8781
vn 0.4239 -0.4697 -0.7744
vn 0.2731 -0.5750 -0.7712
vn 0.5091 -0.4612 -0.7267
vn 0.4924 -0.5968 -0.6336
vn 0.7685 -0.6365 0.0655
vn 0.4709 -0.8616 -0.1897
vn 0.8018 -0.5890 0.1010
vn 0.4943 -0.8249 0.2742
vn 0.3462 -0.5511 0.7593
vn 0.2806 -0.3127 0.9075
vn -0.1278 -0.3697 0.9203
vn -0.0033 -0.2523 0.9676
vn -0.3281 -0.3010 0.8954
vn -0.2800 -0.3761 0.8832
vn -0.5365 -0.4772 0.6960
vn -0.5112 -0.3907 0.7655
vn -0.8639 -0.4432 0.2391
vn -0.9723 -0.1632 0.1673
vn -0.9275 -0.1660 -0.3348
vn -0.9422 -0.1256 -0.3106
vn -0.8820 -0.1750 -0.4376
vn -0.8908 -0.2473 -0.3811
vn -0.0424 0.2330 -0.9715
vn -0.0116 0.1762 -0.9843
vn -0.1299 0.2511 -0.9592
vn -0.1700 0.2184 -0.9609
vn 0.6539 0.1349 -0.7445
vn 0.7243 -0.0617 -0.6868
vn 0.6773 0.1327 -0.7236
vn 0.6199 0.0442 -0.7835
vn 0.9877 0.1495 -0.0454
vn 0.9947 0.1026 -0.0057
vn 0.9687 0.1364 0.2073
vn 0.8782 0.3486 0.3275
vn 0.3183 0.0825 0.9444
vn 0.5501 0.3298 0.7672
vn 0.0536 0.1388 0.9889
vn 0.1483 0.0217 0.9887
vn -0.1665 0.2063 0.9642
vn -0.2817 0.0700 0.9569
vn -0.5799 0.2253 0.7829
vn -0.4860 0.0198 0.8737
vn -0.9454 0.2321 0.2287
vn -0.9995 -0.0310 0.0080
vn -0.9448 0.1993 -0.2601
vn -0.9410 0.2093 -0.2657
vn -0.9059 0.2467 -0.3443
vn -0.9023 0.2211 -0.3700
vn -0.0254 -0.0249 -0.9994
vn 0.0979 0.1123 -0.9888
vn -0.1764 0.2004 -0.9637
vn -0.1071 0.1264 -0.9862
vn 0.7367 0.1666 -0.6553
vn 0.6002 0.0480 -0.7984
vn 0.6066 -0.0292 -0.7944
vn 0.5797 0.0524 -0.8131
vn 0.9987 -0.0495 -0.0073
vn 0.9887 0.1071 0.1048
vn 0.9318 -0.1913 0.3085
vn 0.9861 0.1061 0.1279
vn 0.3675 -0.1466 0.9184
vn 0.3663 -0.1433 0.9194
vn 0.1502 0.0640 0.9866
vn -0.0406 -0.1072 0.9934
vn -0.2855 0.1195 0.9509
vn -0.1481 -0.0455 0.9879
vn -0.4800 0.0997 0.8716
vn -0.5739 0.0106 0.8189
vn -0.9391 0.3337 0.0825
vn -0.9690 0.1433 0.2014
vn -0.9401 0.2143 -0.2650
vn -0.9261 0.1489 -0.3465
vn -0.9015 0.2263 -0.3689
vn -0.9429 0.1294 -0.3068
vn 0.0563 0.4615 -0.8854
vn 0.0773 0.4360 -0.8966
vn -0.0246 0.4760 -0.8791
vn -0.1456 0.3978 -0.9058
vn 0.6494 0.1777 -0.7394
vn 0.6242 0.2318 -0.7461
vn 0.6009 0.1879 -0.7769
vn 0.6620 0.2460 -0.7080
vn 0.9902 -0.0508 0.1299
vn 0.9968 0.0046 0.0792
vn 0.9928 -0.0481 0.1095
vn 0.9412 0.1473 0.3042
vn 0.4353 0.0800 0.8967
vn 0.5419 0.1590 0.8252
vn 0.0141 0.0892 0.9959
vn 0.1054 -0.0162 0.9943
vn -0.1526 0.1787 0.9720
vn -0.3386 0.0131 0.9408
vn -0.5452 0.3565 0.7587
vn -0.4718 0.2015 0.8584
vn -0.9238 0.3113 0.2228
vn -0.9343 0.2914 0.2056
vn -0.8427 0.4590 -0.2815
vn -0.9203 0.3289 -0.2118
vn -0.8871 0.3722 -0.2729
vn -0.8820 0.3306 -0.3359
vn 0.1072 0.8118 -0.5740
vn -0.0391 0.7763 -0.6291
vn -0.0140 0.8452 -0.5342
vn 0.1753 0.7226 -0.6687
vn 0.6215 0.6618 -0.4192
vn 0.5646 0.6565 -0.5001
vn 0.6332 0.6421 -0.4322
vn 0.6734 0.6056 -0.4239
vn 0.8322 0.5517 -0.0564
vn 0.8300 0.5559 -0.0458
vn 0.8845 0.3711 0.2827
vn 0.8478 0.5246 0.0778
vn 0.5736 0.3187 0.7546
vn 0.5133 0.3760 0.7714
vn 0.1651 0.5232 0.8361
vn -0.0392 0.3308 0.9429
vn -0.3758 0.6777 0.6321
vn -0.0792 0.2291 0.9702
vn -0.4264 0.5854 0.6896
vn -0.7183 0.4147 0.5587
vn -0.5921 0.7877 0.1703
vn -0.6061 0.7700 0.1994
vn -0.6301 0.7728 0.0763
vn -0.6045 0.7753 0.1831
vn -0.5416 0.8341 -0.1044
vn -0.4646 0.8734 -0.1461
vn -0.1865 0.9810 -0.0530
vn -0.1388 -0.9874 -0.0758
vn 0.3610 0.8603 -0.3600
vn 0.4747 0.8221 -0.3145
vn 0.5501 0.8203 -0.1565
vn 0.5500 0.8352 -0.0021
vn 0.5976 0.7917 -0.1266
vn 0.2971 0.9422 0.1548
vn -0.1904 0.9408 0.2805
vn 0.2535 0.9165 0.3096
vn -0.4510 0.8897 -0.0707
vn -0.3096 0.9439 0.1144
vn -0.2017 0.9018 0.3821
vn -0.1768 0.9818 -0.0691
s 0
usemtl Material_0
f 3277//1010 3279//1010 3278//1010
f 3280//1011 3282//1011 3281//1011
f 3283//1012 3285//1012 3284//1012
f 3286//1013 3288//1013 3287//1013
f 3289//1014 3291//1014 3290//1014
f 3292//1015 3294//1015 3293//1015
f 3295//1016 3297//1016 3296//1016
f 3298//1017 3300//1017 3299//1017
s 1
f 3301//1018 3303//1018 3302//1018
s 0
f 3304//1019 3306//1019 3305//1019
f 3307//1020 3309//1020 3308//1020
f 3310//1021 3312//1021 3311//1021
f 3313//1022 3315//1022 3314//1022
f 3316//1023 3318//1023 3317//1023
f 3319//1024 3321//1024 3320//1024
f 3322//1025 3324//1025 3323//1025
f 3325//1026 3327//1026 3326//1026
f 3328//1027 3330//1027 3329//1027
f 3331//1028 3333//1028 3332//1028
f 3334//1029 3336//1029 3335//1029
f 3337//1030 3339//1030 3338//1030
f 3340//1031 3342//1031 3341//1031
f 3343//1032 3345//1032 3344//1032
f 3346//1033 3348//1033 3347//1033
f 3349//1034 3351//1034 3350//1034
f 3352//1035 3354//1035 3353//1035
f 3355//1036 3357//1036 3356//1036
f 3358//1037 3360//1037 3359//1037
f 3361//1038 3363//1038 3362//1038
f 3364//1039 3366//1039 3365//1039
f 3367//1040 3369//1040 3368//1040
f 3370//1041 3372//1041 3371//1041
f 3373//1042 3375//1042 3374//1042
f 3376//1043 3378//1043 3377//1043
f 3379//1044 3381//1044 3380//1044
f 3382//1045 3384//1045 3383//1045
f 3385//1046 3387//1046 3386//1046
f 3388//1047 3390//1047 3389//1047
f 3391//1048 3393//1048 3392//1048
f 3394//1049 3396//1049 3395//1049
f 3397//1050 3399//1050 3398//1050
f 3400//1051 3402//1051 3401//1051
f 3403//1052 3405//1052 3404//1052
f 3406//1053 3408//1053 3407//1053
f 3409//1054 3411//1054 3410//1054
f 3412//1055 3414//1055 3413//1055
f 3415//1056 3417//1056 3416//1056
f 3418//1057 3420//1057 3419//1057
f 3421//1058 3423//1058 3422//1058
f 3424//1059 3426//1059 3425//1059
f 3427//1060 3429//1060 3428//1060
f 3430//1061 3432//1061 3431//1061
f 3433//1062 3435//1062 3434//1062
f 3436//1063 3438//1063 3437//1063
f 3439//1064 3441//1064 3440//1064
f 3442//1065 3444//1065 3443//1065
f 3445//1066 3447//1066 3446//1066
f 3448//1067 3450//1067 3449//1067
f 3451//1068 3453//1068 3452//1068
f 3454//1069 3456//1069 3455//1069
f 3457//1070 3459//1070 3458//1070
f 3460//1071 3462//1071 3461//1071
f 3463//1072 3465//1072 3464//1072
f 3466//1073 3468//1073 3467//1073
f 3469//1074 3471//1074 3470//1074
f 3472//1075 3474//1075 3473//1075
f 3475//1076 3477//1076 3476//1076
f 3478//1077 3480//1077 3479//1077
f 3481//1078 3483//1078 3482//1078
f 3484//1079 3486//1079 3485//1079
f 3487//1080 3489//1080 3488//1080
f 3490//1081 3492//1081 3491//1081
f 3493//1082 3495//1082 3494//1082
f 3496//1083 3498//1083 3497//1083
f 3499//1084 3501//1084 3500//1084
f 3502//1085 3504//1085 3503//1085
f 3505//1086 3507//1086 3506//1086
f 3508//1087 3510//1087 3509//1087
f 3511//1088 3513//1088 3512//1088
f 3514//1089 3516//1089 3515//1089
f 3517//1090 3519//1090 3518//1090
f 3520//1091 3522//1091 3521//1091
f 3523//1092 3525//1092 3524//1092
f 3526//1093 3528//1093 3527//1093
f 3529//1094 3531//1094 3530//1094
f 3532//1095 3534//1095 3533//1095
f 3535//1096 3537//1096 3536//1096
f 3538//1097 3540//1097 3539//1097
f 3541//1098 3543//1098 3542//1098
f 3544//1099 3546//1099 3545//1099
f 3547//1100 3549//1100 3548//1100
f 3550//1101 3552//1101 3551//1101
f 3553//1102 3555//1102 3554//1102
f 3556//1103 3558//1103 3557//1103
f 3559//1104 3561//1104 3560//1104
f 3562//1105 3564//1105 3563//1105
f 3565//1106 3567//1106 3566//1106
f 3568//1107 3570//1107 3569//1107
f 3571//1108 3573//1108 3572//1108
f 3574//1109 3576//1109 3575//1109
f 3577//1110 3579//1110 3578//1110
f 3580//1111 3582//1111 3581//1111
f 3583//1112 3585//1112 3584//1112
f 3586//1113 3588//1113 3587//1113
f 3589//1114 3591//1114 3590//1114
f 3592//1115 3594//1115 3593//1115
f 3595//1116 3597//1116 3596//1116
f 3598//1117 3600//1117 3599//1117
f 3601//1118 3603//1118 3602//1118
f 3604//1119 3606//1119 3605//1119
f 3607//1120 3609//1120 3608//1120
f 3610//1121 3612//1121 3611//1121
f 3613//1122 3615//1122 3614//1122
f 3616//1123 3618//1123 3617//1123
s 1
f 3619//1124 3621//1124 3620//1124
s 0
f 3622//1125 3624//1125 3623//1125
f 3625//1126 3627//1126 3626//1126
f 3628//1127 3630//1127 3629//1127
f 3631//1128 3633//1128 3632//1128
f 3634//1129 3636//1129 3635//1129
f 3637//1130 3639//1130 3638//1130
f 3640//1131 3642//1131 3641//1131
f 3643//1132 3645//1132 3644//1132
f 3646//1133 3648//1133 3647//1133
f 3649//1134 3651//1134 3650//1134
f 3652//1135 3654//1135 3653//1135
f 3655//1136 3657//1136 3656//1136
f 3658//1137 3660//1137 3659//1137
f 3661//1138 3663//1138 3662//1138
s 1
f 3664//1139 3666//1139 3665//1139
s 0
f 3667//1140 3669//1140 3668//1140
f 3670//1141 3672//1141 3671//1141
f 3673//1142 3675//1142 3674//1142
f 3676//1141 3678//1141 3677//1141
f 3679//1143 3681//1143 3680//1143
f 3682//1141 3684//1141 3683//1141
f 3685//1144 3687//1144 3686//1144
f 3688//1141 3690//1141 3689//1141
f 3691//1145 3693//1145 3692//1145
f 3694//1141 3696//1141 3695//1141
f 3697//1146 3699//1146 3698//1146
f 3700//1141 3702//1141 3701//1141
f 3703//1147 3705//1147 3704//1147
f 3706//1141 3708//1141 3707//1141
f 3709//1148 3711//1148 3710//1148
f 3712//1141 3714//1141 3713//1141
f 3715//1149 3717//1149 3716//1149
f 3718//1141 3720//1141 3719//1141
f 3721//1150 3723//1150 3722//1150
f 3724//1141 3726//1141 3725//1141
f 3727//1151 3729//1151 3728//1151
f 3730//1141 3732//1141 3731//1141
f 3733//1152 3735//1152 3734//1152
f 3736//1141 3738//1141 3737//1141
f 3739//1153 3741//1153 3740//1153
f 3742//1141 3744//1141 3743//1141
o rockInstances_008
v -7.398501 0.041230 -1.453037
v -7.914192 0.071169 -1.294966
v -7.223093 0.285748 -1.438109
v -7.914192 0.071169 -1.294966
v -7.709499 0.340183 -1.148844
v -7.223093 0.285748 -1.438109
v -7.914192 0.071169 -1.294966
v -8.177423 0.087308 -1.034795
v -8.112253 0.343144 -0.846144
v -7.914192 0.071169 -1.294966
v -8.112253 0.343144 -0.846144
v -7.709499 0.340183 -1.148844
v -8.177423 0.087308 -1.034795
v -8.706300 0.117015 -1.081386
v -8.112253 0.343144 -0.846144
v -8.706300 0.117015 -1.081386
v -8.688708 0.267639 -0.932097
v -8.112253 0.343144 -0.846144
v -8.706300 0.117015 -1.081386
v -9.222116 0.145739 -1.179349
v -9.333862 0.326602 -1.084919
v -8.706300 0.117015 -1.081386
v -9.333862 0.326602 -1.084919
v -8.688708 0.267639 -0.932097
v -9.222116 0.145739 -1.179349
v -9.419478 0.154690 -1.643583
v -9.333862 0.326602 -1.084919
v -9.419478 0.154690 -1.643583
v -9.625486 0.309176 -1.487831
v -9.333862 0.326602 -1.084919
v -9.419478 0.154690 -1.643583
v -9.598222 0.162602 -2.104934
v -9.786415 0.421180 -2.118840
v -9.419478 0.154690 -1.643583
v -9.786415 0.421180 -2.118840
v -9.625486 0.309176 -1.487831
v -9.598222 0.162602 -2.104934
v -9.296288 0.143439 -2.539519
v -9.786415 0.421180 -2.118840
v -9.296288 0.143439 -2.539519
v -9.345764 0.372377 -2.571049
v -9.786415 0.421180 -2.118840
v -9.296288 0.143439 -2.539519
v -8.848352 0.117205 -2.724823
v -8.929813 0.349659 -2.799987
v -9.296288 0.143439 -2.539519
v -8.929813 0.349659 -2.799987
v -9.345764 0.372377 -2.571049
v -8.848352 0.117205 -2.724823
v -8.470334 0.095485 -2.793330
v -8.929813 0.349659 -2.799987
v -8.470334 0.095485 -2.793330
v -8.383133 0.343469 -2.943275
v -8.929813 0.349659 -2.799987
v -8.470334 0.095485 -2.793330
v -7.916718 0.064348 -2.752914
v -7.827208 0.219875 -2.872773
v -8.470334 0.095485 -2.793330
v -7.827208 0.219875 -2.872773
v -8.383133 0.343469 -2.943275
v -7.916718 0.064348 -2.752914
v -7.515034 0.043257 -2.409264
v -7.827208 0.219875 -2.872773
v -7.515034 0.043257 -2.409264
v -7.433024 0.224701 -2.445077
v -7.827208 0.219875 -2.872773
v -7.515034 0.043257 -2.409264
v -7.426634 0.040535 -1.931794
v -7.295386 0.266275 -1.910511
v -7.515034 0.043257 -2.409264
v -7.295386 0.266275 -1.910511
v -7.433024 0.224701 -2.445077
v -7.426634 0.040535 -1.931794
v -7.398501 0.041230 -1.453037
v -7.295386 0.266275 -1.910511
v -7.398501 0.041230 -1.453037
v -7.223093 0.285748 -1.438109
v -7.295386 0.266275 -1.910511
v -7.223093 0.285748 -1.438109
v -7.709499 0.340183 -1.148844
v -7.756405 0.627426 -1.183092
v -7.223093 0.285748 -1.438109
v -7.756405 0.627426 -1.183092
v -7.248232 0.568162 -1.460892
v -7.709499 0.340183 -1.148844
v -8.112253 0.343144 -0.846144
v -7.756405 0.627426 -1.183092
v -8.112253 0.343144 -0.846144
v -8.149184 0.584592 -0.859044
v -7.756405 0.627426 -1.183092
v -8.112253 0.343144 -0.846144
v -8.688708 0.267639 -0.932097
v -8.607891 0.614428 -1.004853
v -8.112253 0.343144 -0.846144
v -8.607891 0.614428 -1.004853
v -8.149184 0.584592 -0.859044
v -8.688708 0.267639 -0.932097
v -9.333862 0.326602 -1.084919
v -8.607891 0.614428 -1.004853
v -9.333862 0.326602 -1.084919
v -9.202393 0.617173 -1.096936
v -8.607891 0.614428 -1.004853
v -9.333862 0.326602 -1.084919
v -9.625486 0.309176 -1.487831
v -9.464744 0.654583 -1.542028
v -9.333862 0.326602 -1.084919
v -9.464744 0.654583 -1.542028
v -9.202393 0.617173 -1.096936
v -9.625486 0.309176 -1.487831
v -9.786415 0.421180 -2.118840
v -9.464744 0.654583 -1.542028
v -9.786415 0.421180 -2.118840
v -9.580952 0.642217 -2.111935
v -9.464744 0.654583 -1.542028
v -9.786415 0.421180 -2.118840
v -9.345764 0.372377 -2.571049
v -9.286796 0.744657 -2.458949
v -9.786415 0.421180 -2.118840
v -9.286796 0.744657 -2.458949
v -9.580952 0.642217 -2.111935
v -9.345764 0.372377 -2.571049
v -8.929813 0.349659 -2.799987
v -9.286796 0.744657 -2.458949
v -8.929813 0.349659 -2.799987
v -8.871433 0.691891 -2.759041
v -9.286796 0.744657 -2.458949
v -8.929813 0.349659 -2.799987
v -8.383133 0.343469 -2.943275
v -8.327393 0.555534 -2.875692
v -8.929813 0.349659 -2.799987
v -8.327393 0.555534 -2.875692
v -8.871433 0.691891 -2.759041
v -8.383133 0.343469 -2.943275
v -7.827208 0.219875 -2.872773
v -8.327393 0.555534 -2.875692
v -7.827208 0.219875 -2.872773
v -7.733167 0.477898 -2.866031
v -8.327393 0.555534 -2.875692
v -7.827208 0.219875 -2.872773
v -7.433024 0.224701 -2.445077
v -7.419399 0.513691 -2.380780
v -7.827208 0.219875 -2.872773
v -7.419399 0.513691 -2.380780
v -7.733167 0.477898 -2.866031
v -7.433024 0.224701 -2.445077
v -7.295386 0.266275 -1.910511
v -7.419399 0.513691 -2.380780
v -7.295386 0.266275 -1.910511
v -7.308566 0.527409 -1.937139
v -7.419399 0.513691 -2.380780
v -7.295386 0.266275 -1.910511
v -7.223093 0.285748 -1.438109
v -7.248232 0.568162 -1.460892
v -7.295386 0.266275 -1.910511
v -7.248232 0.568162 -1.460892
v -7.308566 0.527409 -1.937139
v -7.248232 0.568162 -1.460892
v -7.756405 0.627426 -1.183092
v -7.210920 0.870793 -1.422704
v -7.756405 0.627426 -1.183092
v -7.715285 0.991908 -1.220530
v -7.210920 0.870793 -1.422704
v -7.756405 0.627426 -1.183092
v -8.149184 0.584592 -0.859044
v -8.075416 0.994139 -0.976961
v -7.756405 0.627426 -1.183092
v -8.075416 0.994139 -0.976961
v -7.715285 0.991908 -1.220530
v -8.149184 0.584592 -0.859044
v -8.607891 0.614428 -1.004853
v -8.075416 0.994139 -0.976961
v -8.607891 0.614428 -1.004853
v -8.595410 0.887985 -1.033126
v -8.075416 0.994139 -0.976961
v -8.607891 0.614428 -1.004853
v -9.202393 0.617173 -1.096936
v -9.144280 0.874505 -1.089693
v -8.607891 0.614428 -1.004853
v -9.144280 0.874505 -1.089693
v -8.595410 0.887985 -1.033126
v -9.202393 0.617173 -1.096936
v -9.464744 0.654583 -1.542028
v -9.144280 0.874505 -1.089693
v -9.464744 0.654583 -1.542028
v -9.335020 0.964638 -1.579630
v -9.144280 0.874505 -1.089693
v -9.464744 0.654583 -1.542028
v -9.580952 0.642217 -2.111935
v -9.579408 0.949696 -2.111068
v -9.464744 0.654583 -1.542028
v -9.579408 0.949696 -2.111068
v -9.335020 0.964638 -1.579630
v -9.580952 0.642217 -2.111935
v -9.286796 0.744657 -2.458949
v -9.579408 0.949696 -2.111068
v -9.286796 0.744657 -2.458949
v -9.268388 1.005729 -2.476568
v -9.579408 0.949696 -2.111068
v -9.286796 0.744657 -2.458949
v -8.871433 0.691891 -2.759041
v -8.811606 1.025821 -2.696116
v -9.286796 0.744657 -2.458949
v -8.811606 1.025821 -2.696116
v -9.268388 1.005729 -2.476568
v -8.871433 0.691891 -2.759041
v -8.327393 0.555534 -2.875692
v -8.811606 1.025821 -2.696116
v -8.327393 0.555534 -2.875692
v -8.287352 0.923912 -2.878922
v -8.811606 1.025821 -2.696116
v -8.327393 0.555534 -2.875692
v -7.733167 0.477898 -2.866031
v -7.807761 0.832387 -2.823071
v -8.327393 0.555534 -2.875692
v -7.807761 0.832387 -2.823071
v -8.287352 0.923912 -2.878922
v -7.733167 0.477898 -2.866031
v -7.419399 0.513691 -2.380780
v -7.807761 0.832387 -2.823071
v -7.419399 0.513691 -2.380780
v -7.393121 0.842456 -2.358345
v -7.807761 0.832387 -2.823071
v -7.419399 0.513691 -2.380780
v -7.308566 0.527409 -1.937139
v -7.328152 0.862256 -1.971846
v -7.419399 0.513691 -2.380780
v -7.328152 0.862256 -1.971846
v -7.393121 0.842456 -2.358345
v -7.308566 0.527409 -1.937139
v -7.248232 0.568162 -1.460892
v -7.328152 0.862256 -1.971846
v -7.248232 0.568162 -1.460892
v -7.210920 0.870793 -1.422704
v -7.328152 0.862256 -1.971846
v -7.210920 0.870793 -1.422704
v -7.715285 0.991908 -1.220530
v -7.808824 1.270306 -1.351156
v -7.210920 0.870793 -1.422704
v -7.808824 1.270306 -1.351156
v -7.341938 1.230300 -1.571018
v -7.715285 0.991908 -1.220530
v -8.075416 0.994139 -0.976961
v -7.808824 1.270306 -1.351156
v -8.075416 0.994139 -0.976961
v -8.122735 1.291104 -1.097576
v -7.808824 1.270306 -1.351156
v -8.075416 0.994139 -0.976961
v -8.595410 0.887985 -1.033126
v -8.563831 1.241222 -1.138360
v -8.075416 0.994139 -0.976961
v -8.563831 1.241222 -1.138360
v -8.122735 1.291104 -1.097576
v -8.595410 0.887985 -1.033126
v -9.144280 0.874505 -1.089693
v -8.563831 1.241222 -1.138360
v -9.144280 0.874505 -1.089693
v -9.112741 1.196099 -1.220657
v -8.563831 1.241222 -1.138360
v -9.144280 0.874505 -1.089693
v -9.335020 0.964638 -1.579630
v -9.285012 1.296000 -1.626422
v -9.144280 0.874505 -1.089693
v -9.285012 1.296000 -1.626422
v -9.112741 1.196099 -1.220657
v -9.335020 0.964638 -1.579630
v -9.579408 0.949696 -2.111068
v -9.285012 1.296000 -1.626422
v -9.579408 0.949696 -2.111068
v -9.380500 1.313569 -2.088699
v -9.285012 1.296000 -1.626422
v -9.579408 0.949696 -2.111068
v -9.268388 1.005729 -2.476568
v -9.131088 1.388304 -2.434651
v -9.579408 0.949696 -2.111068
v -9.131088 1.388304 -2.434651
v -9.380500 1.313569 -2.088699
v -9.268388 1.005729 -2.476568
v -8.811606 1.025821 -2.696116
v -9.131088 1.388304 -2.434651
v -8.811606 1.025821 -2.696116
v -8.743138 1.368422 -2.686532
v -9.131088 1.388304 -2.434651
v -8.811606 1.025821 -2.696116
v -8.287352 0.923912 -2.878922
v -8.368862 1.245281 -2.743235
v -8.811606 1.025821 -2.696116
v -8.368862 1.245281 -2.743235
v -8.743138 1.368422 -2.686532
v -8.287352 0.923912 -2.878922
v -7.807761 0.832387 -2.823071
v -8.368862 1.245281 -2.743235
v -7.807761 0.832387 -2.823071
v -7.816093 1.111828 -2.748229
v -8.368862 1.245281 -2.743235
v -7.807761 0.832387 -2.823071
v -7.393121 0.842456 -2.358345
v -7.500244 1.083156 -2.394333
v -7.807761 0.832387 -2.823071
v -7.500244 1.083156 -2.394333
v -7.816093 1.111828 -2.748229
v -7.393121 0.842456 -2.358345
v -7.328152 0.862256 -1.971846
v -7.500244 1.083156 -2.394333
v -7.328152 0.862256 -1.971846
v -7.392529 1.194538 -1.949701
v -7.500244 1.083156 -2.394333
v -7.328152 0.862256 -1.971846
v -7.210920 0.870793 -1.422704
v -7.341938 1.230300 -1.571018
v -7.328152 0.862256 -1.971846
v -7.341938 1.230300 -1.571018
v -7.392529 1.194538 -1.949701
v -7.341938 1.230300 -1.571018
v -7.808824 1.270306 -1.351156
v -7.751793 1.462237 -1.754245
v -7.808824 1.270306 -1.351156
v -8.097198 1.575217 -1.642327
v -7.751793 1.462237 -1.754245
v -7.808824 1.270306 -1.351156
v -8.122735 1.291104 -1.097576
v -8.282828 1.514377 -1.469673
v -7.808824 1.270306 -1.351156
v -8.282828 1.514377 -1.469673
v -8.097198 1.575217 -1.642327
v -8.122735 1.291104 -1.097576
v -8.563831 1.241222 -1.138360
v -8.282828 1.514377 -1.469673
v -8.563831 1.241222 -1.138360
v -8.596185 1.515933 -1.512746
v -8.282828 1.514377 -1.469673
v -8.563831 1.241222 -1.138360
v -9.112741 1.196099 -1.220657
v -8.901419 1.487484 -1.574156
v -8.563831 1.241222 -1.138360
v -8.901419 1.487484 -1.574156
v -8.596185 1.515933 -1.512746
v -9.112741 1.196099 -1.220657
v -9.285012 1.296000 -1.626422
v -8.901419 1.487484 -1.574156
v -9.285012 1.296000 -1.626422
v -9.084894 1.503115 -1.826369
v -8.901419 1.487484 -1.574156
v -9.285012 1.296000 -1.626422
v -9.380500 1.313569 -2.088699
v -9.111768 1.593637 -2.114539
v -9.285012 1.296000 -1.626422
v -9.111768 1.593637 -2.114539
v -9.084894 1.503115 -1.826369
v -9.380500 1.313569 -2.088699
v -9.131088 1.388304 -2.434651
v -9.111768 1.593637 -2.114539
v -9.131088 1.388304 -2.434651
v -8.942558 1.606111 -2.360191
v -9.111768 1.593637 -2.114539
v -9.131088 1.388304 -2.434651
v -8.743138 1.368422 -2.686532
v -8.726769 1.528272 -2.488847
v -9.131088 1.388304 -2.434651
v -8.726769 1.528272 -2.488847
v -8.942558 1.606111 -2.360191
v -8.743138 1.368422 -2.686532
v -8.368862 1.245281 -2.743235
v -8.726769 1.528272 -2.488847
v -8.368862 1.245281 -2.743235
v -8.396180 1.549468 -2.593369
v -8.726769 1.528272 -2.488847
v -8.368862 1.245281 -2.743235
v -7.816093 1.111828 -2.748229
v -8.136889 1.414943 -2.532441
v -8.368862 1.245281 -2.743235
v -8.136889 1.414943 -2.532441
v -8.396180 1.549468 -2.593369
v -7.816093 1.111828 -2.748229
v -7.500244 1.083156 -2.394333
v -8.136889 1.414943 -2.532441
v -7.500244 1.083156 -2.394333
v -7.907516 1.382697 -2.316022
v -8.136889 1.414943 -2.532441
v -7.500244 1.083156 -2.394333
v -7.392529 1.194538 -1.949701
v -7.819209 1.475933 -2.019360
v -7.500244 1.083156 -2.394333
v -7.819209 1.475933 -2.019360
v -7.907516 1.382697 -2.316022
v -7.392529 1.194538 -1.949701
v -7.341938 1.230300 -1.571018
v -7.819209 1.475933 -2.019360
v -7.341938 1.230300 -1.571018
v -7.751793 1.462237 -1.754245
v -7.819209 1.475933 -2.019360
v -7.751793 1.462237 -1.754245
v -8.097198 1.575217 -1.642327
v -8.346877 1.647124 -1.790212
v -7.914192 0.071169 -1.294966
v -7.398501 0.041230 -1.453037
v -8.444511 0.098225 -1.913735
v -8.097198 1.575217 -1.642327
v -8.282828 1.514377 -1.469673
v -8.346877 1.647124 -1.790212
v -8.177423 0.087308 -1.034795
v -7.914192 0.071169 -1.294966
v -8.444511 0.098225 -1.913735
v -8.282828 1.514377 -1.469673
v -8.596185 1.515933 -1.512746
v -8.346877 1.647124 -1.790212
v -8.706300 0.117015 -1.081386
v -8.177423 0.087308 -1.034795
v -8.444511 0.098225 -1.913735
v -8.596185 1.515933 -1.512746
v -8.901419 1.487484 -1.574156
v -8.346877 1.647124 -1.790212
v -9.222116 0.145739 -1.179349
v -8.706300 0.117015 -1.081386
v -8.444511 0.098225 -1.913735
v -8.901419 1.487484 -1.574156
v -9.084894 1.503115 -1.826369
v -8.346877 1.647124 -1.790212
v -9.419478 0.154690 -1.643583
v -9.222116 0.145739 -1.179349
v -8.444511 0.098225 -1.913735
v -9.084894 1.503115 -1.826369
v -9.111768 1.593637 -2.114539
v -8.346877 1.647124 -1.790212
v -9.598222 0.162602 -2.104934
v -9.419478 0.154690 -1.643583
v -8.444511 0.098225 -1.913735
v -9.111768 1.593637 -2.114539
v -8.942558 1.606111 -2.360191
v -8.346877 1.647124 -1.790212
v -9.296288 0.143439 -2.539519
v -9.598222 0.162602 -2.104934
v -8.444511 0.098225 -1.913735
v -8.942558 1.606111 -2.360191
v -8.726769 1.528272 -2.488847
v -8.346877 1.647124 -1.790212
v -8.848352 0.117205 -2.724823
v -9.296288 0.143439 -2.539519
v -8.444511 0.098225 -1.913735
v -8.726769 1.528272 -2.488847
v -8.396180 1.549468 -2.593369
v -8.346877 1.647124 -1.790212
v -8.470334 0.095485 -2.793330
v -8.848352 0.117205 -2.724823
v -8.444511 0.098225 -1.913735
v -8.396180 1.549468 -2.593369
v -8.136889 1.414943 -2.532441
v -8.346877 1.647124 -1.790212
v -7.916718 0.064348 -2.752914
v -8.470334 0.095485 -2.793330
v -8.444511 0.098225 -1.913735
v -8.136889 1.414943 -2.532441
v -7.907516 1.382697 -2.316022
v -8.346877 1.647124 -1.790212
v -7.515034 0.043257 -2.409264
v -7.916718 0.064348 -2.752914
v -8.444511 0.098225 -1.913735
v -7.907516 1.382697 -2.316022
v -7.819209 1.475933 -2.019360
v -8.346877 1.647124 -1.790212
v -7.426634 0.040535 -1.931794
v -7.515034 0.043257 -2.409264
v -8.444511 0.098225 -1.913735
v -7.819209 1.475933 -2.019360
v -7.751793 1.462237 -1.754245
v -8.346877 1.647124 -1.790212
v -7.398501 0.041230 -1.453037
v -7.426634 0.040535 -1.931794
v -8.444511 0.098225 -1.913735
vn 0.2704 -0.2507 0.9295
vn 0.3408 -0.6356 0.6927
vn 0.5539 -0.5809 0.5964
vn 0.4457 -0.6648 0.5995
vn -0.1038 -0.5730 0.8129
vn -0.0139 -0.7031 0.7110
vn -0.1858 -0.5425 0.8192
vn -0.2283 -0.6718 0.7047
vn -0.7335 -0.6099 0.3001
vn -0.3977 -0.8580 0.3250
vn -0.7805 -0.5523 0.2929
vn -0.5954 -0.8034 0.0093
vn -0.7036 -0.5371 -0.4652
vn -0.7076 -0.2442 -0.6631
vn -0.3702 -0.4007 -0.8381
vn -0.4795 -0.2206 -0.8493
vn -0.1863 -0.3608 -0.9138
vn -0.2321 -0.4422 -0.8664
vn 0.0226 -0.6184 -0.7856
vn -0.0060 -0.5159 -0.8567
vn 0.4473 -0.6931 -0.5653
vn 0.6687 -0.4229 -0.6115
vn 0.8597 -0.4845 -0.1619
vn 0.8794 -0.4355 -0.1926
vn 0.8655 -0.4985 -0.0501
vn 0.8113 -0.5759 -0.1004
vn 0.5175 0.1841 0.8356
vn 0.4867 0.1132 0.8662
vn 0.5908 0.1900 0.7842
vn 0.6216 0.1363 0.7714
vn -0.1739 0.2409 0.9548
vn -0.3027 0.0046 0.9531
vn -0.2021 0.2460 0.9480
vn -0.1517 0.1092 0.9824
vn -0.7414 0.4263 0.5182
vn -0.7844 0.3753 0.4939
vn -0.8479 0.4408 0.2945
vn -0.7279 0.6725 0.1338
vn -0.6640 0.3101 -0.6805
vn -0.6712 0.6358 -0.3812
vn -0.4429 0.3221 -0.8367
vn -0.5586 0.1918 -0.8069
vn -0.2337 0.3505 -0.9069
vn -0.1723 0.1459 -0.9742
vn 0.1775 0.2562 -0.9502
vn 0.0188 0.0193 -0.9996
vn 0.7298 0.1155 -0.6739
vn 0.8146 -0.2837 -0.5058
vn 0.9682 0.0100 -0.2501
vn 0.9697 0.0242 -0.2430
vn 0.9852 0.0753 -0.1539
vn 0.9910 0.0369 -0.1287
vn 0.4579 -0.1666 0.8732
vn 0.3822 0.0516 0.9226
vn 0.6254 0.1098 0.7726
vn 0.5602 0.0219 0.8281
vn -0.2695 0.3110 0.9114
vn -0.1285 0.1078 0.9858
vn -0.1530 0.0067 0.9882
vn -0.1045 0.1070 0.9888
vn -0.8416 0.1757 0.5108
vn -0.8292 0.3949 0.3955
vn -0.9798 0.0044 0.1997
vn -0.8384 0.3962 0.3744
vn -0.7636 0.0057 -0.6456
vn -0.7623 0.0101 -0.6471
vn -0.5463 0.2486 -0.7999
vn -0.4319 -0.0304 -0.9014
vn -0.1545 0.2096 -0.9655
vn -0.3245 0.0270 -0.9455
vn 0.0327 0.1270 -0.9914
vn 0.1117 -0.0209 -0.9935
vn 0.8081 0.2355 -0.5399
vn 0.7462 -0.0142 -0.6655
vn 0.9695 0.0315 -0.2432
vn 0.9845 -0.0676 -0.1620
vn 0.9906 0.0445 -0.1293
vn 0.9739 -0.0940 -0.2065
vn 0.4230 0.4975 0.7573
vn 0.4085 0.4713 0.7817
vn 0.4874 0.4997 0.7160
vn 0.5959 0.3819 0.7064
vn -0.1619 0.2950 0.9417
vn -0.1259 0.3560 0.9260
vn -0.1051 0.2926 0.9505
vn -0.1677 0.3859 0.9072
vn -0.9024 0.1908 0.3864
vn -0.8641 0.2602 0.4309
vn -0.8937 0.1921 0.4056
vn -0.8654 0.4610 0.1963
vn -0.7432 0.3305 -0.5818
vn -0.7683 0.4481 -0.4571
vn -0.4284 0.2489 -0.8686
vn -0.5352 0.1303 -0.8346
vn -0.2558 0.3202 -0.9121
vn -0.1321 0.0541 -0.9898
vn 0.1839 0.4215 -0.8880
vn 0.0540 0.2598 -0.9641
vn 0.7246 0.2251 -0.6514
vn 0.7396 0.1946 -0.6443
vn 0.9093 0.3789 -0.1723
vn 0.9395 0.2005 -0.2778
vn 0.9437 0.2591 -0.2055
vn 0.9690 0.1976 -0.1481
vn 0.2822 0.8501 0.4447
vn 0.4047 0.8021 0.4392
vn 0.3523 0.8616 0.3654
vn 0.2640 0.7849 0.5605
vn -0.1440 0.8200 0.5540
vn -0.0777 0.8006 0.5942
vn -0.1521 0.8054 0.5729
vn -0.1920 0.7833 0.5913
vn -0.4533 0.8016 0.3898
vn -0.4540 0.8058 0.3802
vn -0.7029 0.6903 0.1714
vn -0.5254 0.7965 0.2992
vn -0.6893 0.6280 -0.3612
vn -0.6234 0.6747 -0.3952
vn -0.3354 0.7459 -0.5754
vn -0.2888 0.5239 -0.8013
vn 0.1554 0.7618 -0.6289
vn -0.2995 0.3999 -0.8662
vn 0.1571 0.6777 -0.7184
vn 0.4126 0.4321 -0.8019
vn 0.4911 0.7864 -0.3746
vn 0.4901 0.7721 -0.4044
vn 0.5570 0.7638 -0.3263
vn 0.4953 0.7757 -0.3912
vn 0.5613 0.8136 -0.1518
vn 0.5202 0.8494 -0.0884
vn 0.2987 0.9535 -0.0407
vn -0.0565 -0.9984 0.0048
vn 0.0449 0.9261 0.3746
vn -0.0491 0.9193 0.3905
vn -0.1498 0.9391 0.3094
vn -0.1971 0.9592 0.2028
vn -0.1967 0.9300 0.3105
vn -0.0706 0.9975 0.0020
vn 0.1854 0.9471 -0.2620
vn -0.0994 0.9885 -0.1141
vn 0.4811 0.8662 -0.1349
vn 0.3187 0.9266 -0.1997
vn 0.1545 0.9284 -0.3378
vn 0.2981 0.9542 -0.0265
s 0
usemtl Material_0
f 3745//1154 3747//1154 3746//1154
f 3748//1155 3750//1155 3749//1155
f 3751//1156 3753//1156 3752//1156
f 3754//1157 3756//1157 3755//1157
f 3757//1158 3759//1158 3758//1158
f 3760//1159 3762//1159 3761//1159
f 3763//1160 3765//1160 3764//1160
f 3766//1161 3768//1161 3767//1161
s 1
f 3769//1162 3771//1162 3770//1162
s 0
f 3772//1163 3774//1163 3773//1163
f 3775//1164 3777//1164 3776//1164
f 3778//1165 3780//1165 3779//1165
f 3781//1166 3783//1166 3782//1166
f 3784//1167 3786//1167 3785//1167
f 3787//1168 3789//1168 3788//1168
f 3790//1169 3792//1169 3791//1169
f 3793//1170 3795//1170 3794//1170
f 3796//1171 3798//1171 3797//1171
f 3799//1172 3801//1172 3800//1172
f 3802//1173 3804//1173 3803//1173
f 3805//1174 3807//1174 3806//1174
f 3808//1175 3810//1175 3809//1175
f 3811//1176 3813//1176 3812//1176
f 3814//1177 3816//1177 3815//1177
f 3817//1178 3819//1178 3818//1178
f 3820//1179 3822//1179 3821//1179
f 3823//1180 3825//1180 3824//1180
f 3826//1181 3828//1181 3827//1181
f 3829//1182 3831//1182 3830//1182
f 3832//1183 3834//1183 3833//1183
f 3835//1184 3837//1184 3836//1184
f 3838//1185 3840//1185 3839//1185
f 3841//1186 3843//1186 3842//1186
f 3844//1187 3846//1187 3845//1187
f 3847//1188 3849//1188 3848//1188
f 3850//1189 3852//1189 3851//1189
f 3853//1190 3855//1190 3854//1190
f 3856//1191 3858//1191 3857//1191
f 3859//1192 3861//1192 3860//1192
f 3862//1193 3864//1193 3863//1193
f 3865//1194 3867//1194 3866//1194
f 3868//1195 3870//1195 3869//1195
f 3871//1196 3873//1196 3872//1196
f 3874//1197 3876//1197 3875//1197
f 3877//1198 3879//1198 3878//1198
f 3880//1199 3882//1199 3881//1199
f 3883//1200 3885//1200 3884//1200
f 3886//1201 3888//1201 3887//1201
f 3889//1202 3891//1202 3890//1202
f 3892//1203 3894//1203 3893//1203
f 3895//1204 3897//1204 3896//1204
f 3898//1205 3900//1205 3899//1205
f 3901//1206 3903//1206 3902//1206
f 3904//1207 3906//1207 3905//1207
f 3907//1208 3909//1208 3908//1208
f 3910//1209 3912//1209 3911//1209
f 3913//1210 3915//1210 3914//1210
f 3916//1211 3918//1211 3917//1211
f 3919//1212 3921//1212 3920//1212
f 3922//1213 3924//1213 3923//1213
f 3925//1214 3927//1214 3926//1214
f 3928//1215 3930//1215 3929//1215
f 3931//1216 3933//1216 3932//1216
f 3934//1217 3936//1217 3935//1217
f 3937//1218 3939//1218 3938//1218
f 3940//1219 3942//1219 3941//1219
f 3943//1220 3945//1220 3944//1220
f 3946//1221 3948//1221 3947//1221
f 3949//1222 3951//1222 3950//1222
f 3952//1223 3954//1223 3953//1223
f 3955//1224 3957//1224 3956//1224
f 3958//1225 3960//1225 3959//1225
f 3961//1226 3963//1226 3962//1226
f 3964//1227 3966//1227 3965//1227
f 3967//1228 3969//1228 3968//1228
f 3970//1229 3972//1229 3971//1229
f 3973//1230 3975//1230 3974//1230
f 3976//1231 3978//1231 3977//1231
f 3979//1232 3981//1232 3980//1232
f 3982//1233 3984//1233 3983//1233
f 3985//1234 3987//1234 3986//1234
f 3988//1235 3990//1235 3989//1235
f 3991//1236 3993//1236 3992//1236
f 3994//1237 3996//1237 3995//1237
f 3997//1238 3999//1238 3998//1238
f 4000//1239 4002//1239 4001//1239
f 4003//1240 4005//1240 4004//1240
f 4006//1241 4008//1241 4007//1241
f 4009//1242 4011//1242 4010//1242
f 4012//1243 4014//1243 4013//1243
f 4015//1244 4017//1244 4016//1244
f 4018//1245 4020//1245 4019//1245
f 4021//1246 4023//1246 4022//1246
f 4024//1247 4026//1247 4025//1247
f 4027//1248 4029//1248 4028//1248
f 4030//1249 4032//1249 4031//1249
f 4033//1250 4035//1250 4034//1250
f 4036//1251 4038//1251 4037//1251
f 4039//1252 4041//1252 4040//1252
f 4042//1253 4044//1253 4043//1253
f 4045//1254 4047//1254 4046//1254
f 4048//1255 4050//1255 4049//1255
f 4051//1256 4053//1256 4052//1256
f 4054//1257 4056//1257 4055//1257
f 4057//1258 4059//1258 4058//1258
f 4060//1259 4062//1259 4061//1259
f 4063//1260 4065//1260 4064//1260
f 4066//1261 4068//1261 4067//1261
f 4069//1262 4071//1262 4070//1262
f 4072//1263 4074//1263 4073//1263
f 4075//1264 4077//1264 4076//1264
f 4078//1265 4080//1265 4079//1265
f 4081//1266 4083//1266 4082//1266
f 4084//1267 4086//1267 4085//1267
s 1
f 4087//1268 4089//1268 4088//1268
s 0
f 4090//1269 4092//1269 4091//1269
f 4093//1270 4095//1270 4094//1270
f 4096//1271 4098//1271 4097//1271
f 4099//1272 4101//1272 4100//1272
f 4102//1273 4104//1273 4103//1273
f 4105//1274 4107//1274 4106//1274
f 4108//1275 4110//1275 4109//1275
f 4111//1276 4113//1276 4112//1276
f 4114//1277 4116//1277 4115//1277
f 4117//1278 4119//1278 4118//1278
f 4120//1279 4122//1279 4121//1279
f 4123//1280 4125//1280 4124//1280
f 4126//1281 4128//1281 4127//1281
f 4129//1282 4131//1282 4130//1282
s 1
f 4132//1283 4134//1283 4133//1283
s 0
f 4135//1284 4137//1284 4136//1284
f 4138//1285 4140//1285 4139//1285
f 4141//1286 4143//1286 4142//1286
f 4144//1285 4146//1285 4145//1285
f 4147//1287 4149//1287 4148//1287
f 4150//1285 4152//1285 4151//1285
f 4153//1288 4155//1288 4154//1288
f 4156//1285 4158//1285 4157//1285
f 4159//1289 4161//1289 4160//1289
f 4162//1285 4164//1285 4163//1285
f 4165//1290 4167//1290 4166//1290
f 4168//1285 4170//1285 4169//1285
f 4171//1291 4173//1291 4172//1291
f 4174//1285 4176//1285 4175//1285
f 4177//1292 4179//1292 4178//1292
f 4180//1285 4182//1285 4181//1285
f 4183//1293 4185//1293 4184//1293
f 4186//1285 4188//1285 4187//1285
f 4189//1294 4191//1294 4190//1294
f 4192//1285 4194//1285 4193//1285
f 4195//1295 4197//1295 4196//1295
f 4198//1285 4200//1285 4199//1285
f 4201//1296 4203//1296 4202//1296
f 4204//1285 4206//1285 4205//1285
f 4207//1297 4209//1297 4208//1297
f 4210//1285 4212//1285 4211//1285
o rockInstances_009
v -3.066186 0.028326 -2.844252
v -3.299286 0.164338 -2.468422
v -2.931659 0.187337 -2.948208
v -3.299286 0.164338 -2.468422
v -3.076576 0.361770 -2.459751
v -2.931659 0.187337 -2.948208
v -3.299286 0.164338 -2.468422
v -3.324805 0.268166 -2.099392
v -3.166914 0.486282 -1.985598
v -3.299286 0.164338 -2.468422
v -3.166914 0.486282 -1.985598
v -3.076576 0.361770 -2.459751
v -3.324805 0.268166 -2.099392
v -3.672547 0.367653 -1.919989
v -3.166914 0.486282 -1.985598
v -3.672547 0.367653 -1.919989
v -3.572497 0.506628 -1.806170
v -3.166914 0.486282 -1.985598
v -3.672547 0.367653 -1.919989
v -4.039051 0.454615 -1.796866
v -4.044902 0.627097 -1.686088
v -3.672547 0.367653 -1.919989
v -4.044902 0.627097 -1.686088
v -3.572497 0.506628 -1.806170
v -4.039051 0.454615 -1.796866
v -4.401510 0.406093 -2.171052
v -4.044902 0.627097 -1.686088
v -4.401510 0.406093 -2.171052
v -4.435531 0.585481 -1.954035
v -4.044902 0.627097 -1.686088
v -4.401510 0.406093 -2.171052
v -4.751081 0.354307 -2.550328
v -4.854448 0.577509 -2.526686
v -4.401510 0.406093 -2.171052
v -4.854448 0.577509 -2.526686
v -4.435531 0.585481 -1.954035
v -4.751081 0.354307 -2.550328
v -4.792713 0.209114 -3.108037
v -4.854448 0.577509 -2.526686
v -4.792713 0.209114 -3.108037
v -4.822076 0.384110 -3.157164
v -4.854448 0.577509 -2.526686
v -4.792713 0.209114 -3.108037
v -4.615236 0.081773 -3.481876
v -4.686737 0.256407 -3.560778
v -4.792713 0.209114 -3.108037
v -4.686737 0.256407 -3.560778
v -4.822076 0.384110 -3.157164
v -4.615236 0.081773 -3.481876
v -4.419702 -0.008850 -3.710613
v -4.686737 0.256407 -3.560778
v -4.419702 -0.008850 -3.710613
v -4.425038 0.136083 -3.939613
v -4.686737 0.256407 -3.560778
v -4.419702 -0.008850 -3.710613
v -4.060045 -0.114592 -3.906656
v -4.055379 -0.034200 -4.090967
v -4.419702 -0.008850 -3.710613
v -4.055379 -0.034200 -4.090967
v -4.425038 0.136083 -3.939613
v -4.060045 -0.114592 -3.906656
v -3.635408 -0.131067 -3.738590
v -4.055379 -0.034200 -4.090967
v -3.635408 -0.131067 -3.738590
v -3.589643 -0.014079 -3.841068
v -4.055379 -0.034200 -4.090967
v -3.635408 -0.131067 -3.738590
v -3.332702 -0.057671 -3.304899
v -3.223506 0.095519 -3.380081
v -3.635408 -0.131067 -3.738590
v -3.223506 0.095519 -3.380081
v -3.589643 -0.014079 -3.841068
v -3.332702 -0.057671 -3.304899
v -3.066186 0.028326 -2.844252
v -3.223506 0.095519 -3.380081
v -3.066186 0.028326 -2.844252
v -2.931659 0.187337 -2.948208
v -3.223506 0.095519 -3.380081
v -2.931659 0.187337 -2.948208
v -3.076576 0.361770 -2.459751
v -3.101307 0.579870 -2.522754
v -2.931659 0.187337 -2.948208
v -3.101307 0.579870 -2.522754
v -2.937386 0.400416 -3.008538
v -3.076576 0.361770 -2.459751
v -3.166914 0.486282 -1.985598
v -3.101307 0.579870 -2.522754
v -3.166914 0.486282 -1.985598
v -3.177897 0.672194 -2.023947
v -3.101307 0.579870 -2.522754
v -3.166914 0.486282 -1.985598
v -3.572497 0.506628 -1.806170
v -3.534037 0.741733 -1.973189
v -3.166914 0.486282 -1.985598
v -3.534037 0.741733 -1.973189
v -3.177897 0.672194 -2.023947
v -3.572497 0.506628 -1.806170
v -4.044902 0.627097 -1.686088
v -3.534037 0.741733 -1.973189
v -4.044902 0.627097 -1.686088
v -3.947937 0.822949 -1.805466
v -3.534037 0.741733 -1.973189
v -4.044902 0.627097 -1.686088
v -4.435531 0.585481 -1.954035
v -4.338288 0.810063 -2.137323
v -4.044902 0.627097 -1.686088
v -4.338288 0.810063 -2.137323
v -3.947937 0.822949 -1.805466
v -4.435531 0.585481 -1.954035
v -4.854448 0.577509 -2.526686
v -4.338288 0.810063 -2.137323
v -4.854448 0.577509 -2.526686
v -4.707379 0.712401 -2.647616
v -4.338288 0.810063 -2.137323
v -4.854448 0.577509 -2.526686
v -4.822076 0.384110 -3.157164
v -4.698928 0.676776 -3.136415
v -4.854448 0.577509 -2.526686
v -4.698928 0.676776 -3.136415
v -4.707379 0.712401 -2.647616
v -4.822076 0.384110 -3.157164
v -4.686737 0.256407 -3.560778
v -4.698928 0.676776 -3.136415
v -4.686737 0.256407 -3.560778
v -4.603278 0.513095 -3.604885
v -4.698928 0.676776 -3.136415
v -4.686737 0.256407 -3.560778
v -4.425038 0.136083 -3.939613
v -4.339305 0.299905 -3.933768
v -4.686737 0.256407 -3.560778
v -4.339305 0.299905 -3.933768
v -4.603278 0.513095 -3.604885
v -4.425038 0.136083 -3.939613
v -4.055379 -0.034200 -4.090967
v -4.339305 0.299905 -3.933768
v -4.055379 -0.034200 -4.090967
v -3.974198 0.146673 -4.169872
v -4.339305 0.299905 -3.933768
v -4.055379 -0.034200 -4.090967
v -3.589643 -0.014079 -3.841068
v -3.525676 0.214053 -3.833396
v -4.055379 -0.034200 -4.090967
v -3.525676 0.214053 -3.833396
v -3.974198 0.146673 -4.169872
v -3.589643 -0.014079 -3.841068
v -3.223506 0.095519 -3.380081
v -3.525676 0.214053 -3.833396
v -3.223506 0.095519 -3.380081
v -3.225496 0.289863 -3.445748
v -3.525676 0.214053 -3.833396
v -3.223506 0.095519 -3.380081
v -2.931659 0.187337 -2.948208
v -2.937386 0.400416 -3.008538
v -3.223506 0.095519 -3.380081
v -2.937386 0.400416 -3.008538
v -3.225496 0.289863 -3.445748
v -2.937386 0.400416 -3.008538
v -3.101307 0.579870 -2.522754
v -2.871370 0.630095 -3.039345
v -3.101307 0.579870 -2.522754
v -3.067566 0.841421 -2.640626
v -2.871370 0.630095 -3.039345
v -3.101307 0.579870 -2.522754
v -3.177897 0.672194 -2.023947
v -3.162476 0.947346 -2.243353
v -3.101307 0.579870 -2.522754
v -3.162476 0.947346 -2.243353
v -3.067566 0.841421 -2.640626
v -3.177897 0.672194 -2.023947
v -3.534037 0.741733 -1.973189
v -3.162476 0.947346 -2.243353
v -3.534037 0.741733 -1.973189
v -3.520126 0.940986 -2.053815
v -3.162476 0.947346 -2.243353
v -3.534037 0.741733 -1.973189
v -3.947937 0.822949 -1.805466
v -3.888679 1.009224 -1.868092
v -3.534037 0.741733 -1.973189
v -3.888679 1.009224 -1.868092
v -3.520126 0.940986 -2.053815
v -3.947937 0.822949 -1.805466
v -4.338288 0.810063 -2.137323
v -3.888679 1.009224 -1.868092
v -4.338288 0.810063 -2.137323
v -4.254221 1.016103 -2.284583
v -3.888679 1.009224 -1.868092
v -4.338288 0.810063 -2.137323
v -4.707379 0.712401 -2.647616
v -4.682446 0.944527 -2.700542
v -4.338288 0.810063 -2.137323
v -4.682446 0.944527 -2.700542
v -4.254221 1.016103 -2.284583
v -4.707379 0.712401 -2.647616
v -4.698928 0.676776 -3.136415
v -4.682446 0.944527 -2.700542
v -4.698928 0.676776 -3.136415
v -4.676777 0.867642 -3.206941
v -4.682446 0.944527 -2.700542
v -4.698928 0.676776 -3.136415
v -4.603278 0.513095 -3.604885
v -4.508126 0.767411 -3.626473
v -4.698928 0.676776 -3.136415
v -4.508126 0.767411 -3.626473
v -4.676777 0.867642 -3.206941
v -4.603278 0.513095 -3.604885
v -4.339305 0.299905 -3.933768
v -4.508126 0.767411 -3.626473
v -4.339305 0.299905 -3.933768
v -4.288130 0.571005 -4.018044
v -4.508126 0.767411 -3.626473
v -4.339305 0.299905 -3.933768
v -3.974198 0.146673 -4.169872
v -3.970660 0.434572 -4.156135
v -4.339305 0.299905 -3.933768
v -3.970660 0.434572 -4.156135
v -4.288130 0.571005 -4.018044
v -3.974198 0.146673 -4.169872
v -3.525676 0.214053 -3.833396
v -3.970660 0.434572 -4.156135
v -3.525676 0.214053 -3.833396
v -3.472653 0.462296 -3.879471
v -3.970660 0.434572 -4.156135
v -3.525676 0.214053 -3.833396
v -3.225496 0.289863 -3.445748
v -3.229995 0.539395 -3.529338
v -3.525676 0.214053 -3.833396
v -3.229995 0.539395 -3.529338
v -3.472653 0.462296 -3.879471
v -3.225496 0.289863 -3.445748
v -2.937386 0.400416 -3.008538
v -3.229995 0.539395 -3.529338
v -2.937386 0.400416 -3.008538
v -2.871370 0.630095 -3.039345
v -3.229995 0.539395 -3.529338
v -2.871370 0.630095 -3.039345
v -3.067566 0.841421 -2.640626
v -3.171851 1.042283 -2.776998
v -2.871370 0.630095 -3.039345
v -3.171851 1.042283 -2.776998
v -3.001738 0.894967 -3.190864
v -3.067566 0.841421 -2.640626
v -3.162476 0.947346 -2.243353
v -3.171851 1.042283 -2.776998
v -3.162476 0.947346 -2.243353
v -3.231662 1.156613 -2.393190
v -3.171851 1.042283 -2.776998
v -3.162476 0.947346 -2.243353
v -3.520126 0.940986 -2.053815
v -3.528402 1.182841 -2.232571
v -3.162476 0.947346 -2.243353
v -3.528402 1.182841 -2.232571
v -3.231662 1.156613 -2.393190
v -3.520126 0.940986 -2.053815
v -3.888679 1.009224 -1.868092
v -3.528402 1.182841 -2.232571
v -3.888679 1.009224 -1.868092
v -3.912790 1.222350 -2.066786
v -3.528402 1.182841 -2.232571
v -3.888679 1.009224 -1.868092
v -4.254221 1.016103 -2.284583
v -4.222407 1.249439 -2.409852
v -3.888679 1.009224 -1.868092
v -4.222407 1.249439 -2.409852
v -3.912790 1.222350 -2.066786
v -4.254221 1.016103 -2.284583
v -4.682446 0.944527 -2.700542
v -4.222407 1.249439 -2.409852
v -4.682446 0.944527 -2.700542
v -4.520438 1.191263 -2.828007
v -4.222407 1.249439 -2.409852
v -4.682446 0.944527 -2.700542
v -4.676777 0.867642 -3.206941
v -4.541114 1.142174 -3.291463
v -4.682446 0.944527 -2.700542
v -4.541114 1.142174 -3.291463
v -4.520438 1.191263 -2.828007
v -4.676777 0.867642 -3.206941
v -4.508126 0.767411 -3.626473
v -4.541114 1.142174 -3.291463
v -4.508126 0.767411 -3.626473
v -4.434745 1.016842 -3.706028
v -4.541114 1.142174 -3.291463
v -4.508126 0.767411 -3.626473
v -4.288130 0.571005 -4.018044
v -4.243134 0.852453 -3.903953
v -4.508126 0.767411 -3.626473
v -4.243134 0.852453 -3.903953
v -4.434745 1.016842 -3.706028
v -4.288130 0.571005 -4.018044
v -3.970660 0.434572 -4.156135
v -4.243134 0.852453 -3.903953
v -3.970660 0.434572 -4.156135
v -3.915460 0.661037 -4.126822
v -4.243134 0.852453 -3.903953
v -3.970660 0.434572 -4.156135
v -3.472653 0.462296 -3.879471
v -3.538943 0.654691 -3.909902
v -3.970660 0.434572 -4.156135
v -3.538943 0.654691 -3.909902
v -3.915460 0.661037 -4.126822
v -3.472653 0.462296 -3.879471
v -3.229995 0.539395 -3.529338
v -3.538943 0.654691 -3.909902
v -3.229995 0.539395 -3.529338
v -3.232695 0.804950 -3.536786
v -3.538943 0.654691 -3.909902
v -3.229995 0.539395 -3.529338
v -2.871370 0.630095 -3.039345
v -3.001738 0.894967 -3.190864
v -3.229995 0.539395 -3.529338
v -3.001738 0.894967 -3.190864
v -3.232695 0.804950 -3.536786
v -3.001738 0.894967 -3.190864
v -3.171851 1.042283 -2.776998
v -3.331791 1.102172 -3.233281
v -3.171851 1.042283 -2.776998
v -3.477663 1.264588 -2.991633
v -3.331791 1.102172 -3.233281
v -3.171851 1.042283 -2.776998
v -3.231662 1.156613 -2.393190
v -3.506816 1.281230 -2.729608
v -3.171851 1.042283 -2.776998
v -3.506816 1.281230 -2.729608
v -3.477663 1.264588 -2.991633
v -3.231662 1.156613 -2.393190
v -3.528402 1.182841 -2.232571
v -3.506816 1.281230 -2.729608
v -3.528402 1.182841 -2.232571
v -3.722128 1.325148 -2.635824
v -3.506816 1.281230 -2.729608
v -3.528402 1.182841 -2.232571
v -3.912790 1.222350 -2.066786
v -3.944275 1.341640 -2.558516
v -3.528402 1.182841 -2.232571
v -3.944275 1.341640 -2.558516
v -3.722128 1.325148 -2.635824
v -3.912790 1.222350 -2.066786
v -4.222407 1.249439 -2.409852
v -3.944275 1.341640 -2.558516
v -4.222407 1.249439 -2.409852
v -4.187338 1.335782 -2.730425
v -3.944275 1.341640 -2.558516
v -4.222407 1.249439 -2.409852
v -4.520438 1.191263 -2.828007
v -4.346920 1.354312 -3.019068
v -4.222407 1.249439 -2.409852
v -4.346920 1.354312 -3.019068
v -4.187338 1.335782 -2.730425
v -4.520438 1.191263 -2.828007
v -4.541114 1.142174 -3.291463
v -4.346920 1.354312 -3.019068
v -4.541114 1.142174 -3.291463
v -4.369570 1.290079 -3.337706
v -4.346920 1.354312 -3.019068
v -4.541114 1.142174 -3.291463
v -4.434745 1.016842 -3.706028
v -4.309558 1.172085 -3.545454
v -4.541114 1.142174 -3.291463
v -4.309558 1.172085 -3.545454
v -4.369570 1.290079 -3.337706
v -4.434745 1.016842 -3.706028
v -4.243134 0.852453 -3.903953
v -4.309558 1.172085 -3.545454
v -4.243134 0.852453 -3.903953
v -4.158695 1.114796 -3.796511
v -4.309558 1.172085 -3.545454
v -4.243134 0.852453 -3.903953
v -3.915460 0.661037 -4.126822
v -3.977571 0.982588 -3.826116
v -4.243134 0.852453 -3.903953
v -3.977571 0.982588 -3.826116
v -4.158695 1.114796 -3.796511
v -3.915460 0.661037 -4.126822
v -3.538943 0.654691 -3.909902
v -3.977571 0.982588 -3.826116
v -3.538943 0.654691 -3.909902
v -3.726133 0.961719 -3.706712
v -3.977571 0.982588 -3.826116
v -3.538943 0.654691 -3.909902
v -3.232695 0.804950 -3.536786
v -3.510228 1.073596 -3.468200
v -3.538943 0.654691 -3.909902
v -3.510228 1.073596 -3.468200
v -3.726133 0.961719 -3.706712
v -3.232695 0.804950 -3.536786
v -3.001738 0.894967 -3.190864
v -3.510228 1.073596 -3.468200
v -3.001738 0.894967 -3.190864
v -3.331791 1.102172 -3.233281
v -3.510228 1.073596 -3.468200
v -3.331791 1.102172 -3.233281
v -3.477663 1.264588 -2.991633
v -3.702909 1.331594 -3.041320
v -3.299286 0.164338 -2.468422
v -3.066186 0.028326 -2.844252
v -3.945866 0.154450 -2.853267
v -3.477663 1.264588 -2.991633
v -3.506816 1.281230 -2.729608
v -3.702909 1.331594 -3.041320
v -3.324805 0.268166 -2.099392
v -3.299286 0.164338 -2.468422
v -3.945866 0.154450 -2.853267
v -3.506816 1.281230 -2.729608
v -3.722128 1.325148 -2.635824
v -3.702909 1.331594 -3.041320
v -3.672547 0.367653 -1.919989
v -3.324805 0.268166 -2.099392
v -3.945866 0.154450 -2.853267
v -3.722128 1.325148 -2.635824
v -3.944275 1.341640 -2.558516
v -3.702909 1.331594 -3.041320
v -4.039051 0.454615 -1.796866
v -3.672547 0.367653 -1.919989
v -3.945866 0.154450 -2.853267
v -3.944275 1.341640 -2.558516
v -4.187338 1.335782 -2.730425
v -3.702909 1.331594 -3.041320
v -4.401510 0.406093 -2.171052
v -4.039051 0.454615 -1.796866
v -3.945866 0.154450 -2.853267
v -4.187338 1.335782 -2.730425
v -4.346920 1.354312 -3.019068
v -3.702909 1.331594 -3.041320
v -4.751081 0.354307 -2.550328
v -4.401510 0.406093 -2.171052
v -3.945866 0.154450 -2.853267
v -4.346920 1.354312 -3.019068
v -4.369570 1.290079 -3.337706
v -3.702909 1.331594 -3.041320
v -4.792713 0.209114 -3.108037
v -4.751081 0.354307 -2.550328
v -3.945866 0.154450 -2.853267
v -4.369570 1.290079 -3.337706
v -4.309558 1.172085 -3.545454
v -3.702909 1.331594 -3.041320
v -4.615236 0.081773 -3.481876
v -4.792713 0.209114 -3.108037
v -3.945866 0.154450 -2.853267
v -4.309558 1.172085 -3.545454
v -4.158695 1.114796 -3.796511
v -3.702909 1.331594 -3.041320
v -4.419702 -0.008850 -3.710613
v -4.615236 0.081773 -3.481876
v -3.945866 0.154450 -2.853267
v -4.158695 1.114796 -3.796511
v -3.977571 0.982588 -3.826116
v -3.702909 1.331594 -3.041320
v -4.060045 -0.114592 -3.906656
v -4.419702 -0.008850 -3.710613
v -3.945866 0.154450 -2.853267
v -3.977571 0.982588 -3.826116
v -3.726133 0.961719 -3.706712
v -3.702909 1.331594 -3.041320
v -3.635408 -0.131067 -3.738590
v -4.060045 -0.114592 -3.906656
v -3.945866 0.154450 -2.853267
v -3.726133 0.961719 -3.706712
v -3.510228 1.073596 -3.468200
v -3.702909 1.331594 -3.041320
v -3.332702 -0.057671 -3.304899
v -3.635408 -0.131067 -3.738590
v -3.945866 0.154450 -2.853267
v -3.510228 1.073596 -3.468200
v -3.331791 1.102172 -3.233281
v -3.702909 1.331594 -3.041320
v -3.066186 0.028326 -2.844252
v -3.332702 -0.057671 -3.304899
v -3.945866 0.154450 -2.853267
vn 0.7697 -0.2742 0.5766
vn 0.5925 -0.6868 0.4210
vn 0.7263 -0.6469 0.2322
vn 0.6245 -0.7179 0.3075
vn 0.2370 -0.5787 0.7803
vn 0.2524 -0.7153 0.6516
vn 0.1543 -0.5302 0.8337
vn 0.0292 -0.6458 0.7629
vn -0.6156 -0.4406 0.6534
vn -0.3140 -0.7554 0.5752
vn -0.6562 -0.3733 0.6558
vn -0.6028 -0.6588 0.4501
vn -0.8856 -0.4290 0.1778
vn -0.9862 -0.1654 0.0001
vn -0.8522 -0.4608 -0.2476
vn -0.9428 -0.2268 -0.2444
vn -0.7452 -0.5029 -0.4378
vn -0.7519 -0.5649 -0.3400
vn -0.4413 -0.8184 -0.3681
vn -0.5189 -0.7278 -0.4485
vn 0.1207 -0.9110 -0.3943
vn 0.3651 -0.6901 -0.6248
vn 0.6691 -0.6520 -0.3567
vn 0.6826 -0.6141 -0.3962
vn 0.7071 -0.6456 -0.2886
vn 0.6365 -0.7197 -0.2771
vn 0.9594 0.1731 0.2228
vn 0.9534 0.1057 0.2827
vn 0.9774 0.1530 0.1460
vn 0.9870 0.0863 0.1356
vn 0.3719 0.4964 0.7844
vn 0.1778 0.2089 0.9616
vn 0.3318 0.5097 0.7938
vn 0.4090 0.3187 0.8551
vn -0.4664 0.6717 0.5756
vn -0.5213 0.6173 0.5892
vn -0.6260 0.6375 0.4491
vn -0.5427 0.8054 0.2384
vn -0.9045 0.3924 -0.1668
vn -0.7026 0.7088 -0.0638
vn -0.8344 0.3794 -0.3998
vn -0.9266 0.2535 -0.2778
vn -0.6970 0.3863 -0.6042
vn -0.7333 0.1235 -0.6686
vn -0.2965 0.1886 -0.9362
vn -0.5696 -0.1002 -0.8158
vn 0.4737 -0.1034 -0.8746
vn 0.5586 -0.5293 -0.6386
vn 0.7897 -0.2020 -0.5792
vn 0.7941 -0.1873 -0.5783
vn 0.8341 -0.1294 -0.5362
vn 0.8422 -0.1648 -0.5133
vn 0.9010 -0.2079 0.3808
vn 0.9090 0.0681 0.4112
vn 0.9883 0.0572 0.1412
vn 0.9713 -0.0185 0.2370
vn 0.2265 0.5995 0.7677
vn 0.4409 0.3101 0.8423
vn 0.3991 0.1756 0.8999
vn 0.4730 0.3019 0.8277
vn -0.5959 0.4197 0.6846
vn -0.5874 0.6154 0.5257
vn -0.8107 0.2115 0.5459
vn -0.6012 0.6123 0.5135
vn -0.9946 0.1012 -0.0246
vn -0.9941 0.1053 -0.0271
vn -0.9032 0.3130 -0.2938
vn -0.9298 -0.0278 -0.3671
vn -0.6958 0.2018 -0.6893
vn -0.8695 0.0106 -0.4938
vn -0.5285 0.0469 -0.8477
vn -0.4575 -0.1841 -0.8699
vn 0.5968 0.0309 -0.8018
vn 0.4801 -0.2582 -0.8384
vn 0.7945 -0.1800 -0.5800
vn 0.8183 -0.2691 -0.5079
vn 0.8424 -0.1574 -0.5153
vn 0.7955 -0.2993 -0.5268
vn 0.8394 0.5267 0.1339
vn 0.8441 0.5101 0.1654
vn 0.8638 0.4984 0.0735
vn 0.9386 0.3421 0.0444
vn 0.3808 0.5580 0.7373
vn 0.4163 0.6163 0.6685
vn 0.4565 0.5389 0.7080
vn 0.3540 0.6589 0.6638
vn -0.6798 0.4167 0.6035
vn -0.6264 0.4924 0.6042
vn -0.6673 0.4209 0.6145
vn -0.6666 0.6374 0.3865
vn -0.9029 0.4233 -0.0744
vn -0.8404 0.5416 -0.0199
vn -0.8595 0.2965 -0.4164
vn -0.9379 0.1817 -0.2956
vn -0.7281 0.3543 -0.5868
vn -0.7219 -0.0083 -0.6920
vn -0.2176 0.3964 -0.8919
vn -0.4560 0.2227 -0.8617
vn 0.4842 0.0285 -0.8745
vn 0.4991 -0.0095 -0.8665
vn 0.7897 0.1793 -0.5868
vn 0.7749 -0.0098 -0.6320
vn 0.8011 0.0533 -0.5962
vn 0.8325 -0.0071 -0.5540
vn 0.5373 0.8398 -0.0781
vn 0.6391 0.7590 -0.1244
vn 0.5590 0.8145 -0.1555
vn 0.5819 0.8131 0.0131
vn 0.1924 0.9610 0.1986
vn 0.2780 0.9399 0.1981
vn 0.1930 0.9563 0.2196
vn 0.1608 0.9524 0.2589
vn -0.1858 0.9521 0.2429
vn -0.1898 0.9530 0.2359
vn -0.5062 0.8267 0.2458
vn -0.2887 0.9319 0.2194
vn -0.7089 0.7040 -0.0429
vn -0.6652 0.7397 -0.1018
vn -0.5024 0.7835 -0.3658
vn -0.6360 0.5776 -0.5118
vn -0.0577 0.7398 -0.6703
vn -0.7169 0.4491 -0.5333
vn -0.1111 0.6673 -0.7365
vn 0.1022 0.3487 -0.9317
vn 0.3790 0.6701 -0.6382
vn 0.3667 0.6585 -0.6572
vn 0.4555 0.6309 -0.6280
vn 0.3764 0.6599 -0.6503
vn 0.5221 0.6731 -0.5238
vn 0.5108 0.7164 -0.4752
vn 0.3393 0.8627 -0.3750
vn -0.1397 -0.9557 0.2592
vn 0.2908 0.9564 -0.0284
vn 0.2104 0.9773 0.0255
vn 0.0808 0.9965 0.0197
vn -0.0069 0.9997 -0.0243
vn 0.0367 0.9984 0.0438
vn 0.0277 0.9795 -0.1994
vn 0.1480 0.8777 -0.4558
vn -0.0473 0.9673 -0.2491
vn 0.4602 0.7402 -0.4902
vn 0.2933 0.8312 -0.4723
vn 0.0867 0.8695 -0.4863
vn 0.3445 0.8642 -0.3668
s 0
usemtl Material_0
f 4213//1298 4215//1298 4214//1298
f 4216//1299 4218//1299 4217//1299
f 4219//1300 4221//1300 4220//1300
f 4222//1301 4224//1301 4223//1301
f 4225//1302 4227//1302 4226//1302
f 4228//1303 4230//1303 4229//1303
f 4231//1304 4233//1304 4232//1304
f 4234//1305 4236//1305 4235//1305
s 1
f 4237//1306 4239//1306 4238//1306
s 0
f 4240//1307 4242//1307 4241//1307
f 4243//1308 4245//1308 4244//1308
f 4246//1309 4248//1309 4247//1309
f 4249//1310 4251//1310 4250//1310
f 4252//1311 4254//1311 4253//1311
f 4255//1312 4257//1312 4256//1312
f 4258//1313 4260//1313 4259//1313
f 4261//1314 4263//1314 4262//1314
f 4264//1315 4266//1315 4265//1315
f 4267//1316 4269//1316 4268//1316
f 4270//1317 4272//1317 4271//1317
f 4273//1318 4275//1318 4274//1318
f 4276//1319 4278//1319 4277//1319
f 4279//1320 4281//1320 4280//1320
f 4282//1321 4284//1321 4283//1321
f 4285//1322 4287//1322 4286//1322
f 4288//1323 4290//1323 4289//1323
f 4291//1324 4293//1324 4292//1324
f 4294//1325 4296//1325 4295//1325
f 4297//1326 4299//1326 4298//1326
f 4300//1327 4302//1327 4301//1327
f 4303//1328 4305//1328 4304//1328
f 4306//1329 4308//1329 4307//1329
f 4309//1330 4311//1330 4310//1330
f 4312//1331 4314//1331 4313//1331
f 4315//1332 4317//1332 4316//1332
f 4318//1333 4320//1333 4319//1333
f 4321//1334 4323//1334 4322//1334
f 4324//1335 4326//1335 4325//1335
f 4327//1336 4329//1336 4328//1336
f 4330//1337 4332//1337 4331//1337
f 4333//1338 4335//1338 4334//1338
f 4336//1339 4338//1339 4337//1339
f 4339//1340 4341//1340 4340//1340
f 4342//1341 4344//1341 4343//1341
f 4345//1342 4347//1342 4346//1342
f 4348//1343 4350//1343 4349//1343
f 4351//1344 4353//1344 4352//1344
f 4354//1345 4356//1345 4355//1345
f 4357//1346 4359//1346 4358//1346
f 4360//1347 4362//1347 4361//1347
f 4363//1348 4365//1348 4364//1348
f 4366//1349 4368//1349 4367//1349
f 4369//1350 4371//1350 4370//1350
f 4372//1351 4374//1351 4373//1351
f 4375//1352 4377//1352 4376//1352
f 4378//1353 4380//1353 4379//1353
f 4381//1354 4383//1354 4382//1354
f 4384//1355 4386//1355 4385//1355
f 4387//1356 4389//1356 4388//1356
f 4390//1357 4392//1357 4391//1357
f 4393//1358 4395//1358 4394//1358
f 4396//1359 4398//1359 4397//1359
f 4399//1360 4401//1360 4400//1360
f 4402//1361 4404//1361 4403//1361
f 4405//1362 4407//1362 4406//1362
f 4408//1363 4410//1363 4409//1363
f 4411//1364 4413//1364 4412//1364
f 4414//1365 4416//1365 4415//1365
f 4417//1366 4419//1366 4418//1366
f 4420//1367 4422//1367 4421//1367
f 4423//1368 4425//1368 4424//1368
f 4426//1369 4428//1369 4427//1369
f 4429//1370 4431//1370 4430//1370
f 4432//1371 4434//1371 4433//1371
f 4435//1372 4437//1372 4436//1372
f 4438//1373 4440//1373 4439//1373
f 4441//1374 4443//1374 4442//1374
f 4444//1375 4446//1375 4445//1375
f 4447//1376 4449//1376 4448//1376
f 4450//1377 4452//1377 4451//1377
f 4453//1378 4455//1378 4454//1378
f 4456//1379 4458//1379 4457//1379
f 4459//1380 4461//1380 4460//1380
f 4462//1381 4464//1381 4463//1381
f 4465//1382 4467//1382 4466//1382
f 4468//1383 4470//1383 4469//1383
f 4471//1384 4473//1384 4472//1384
f 4474//1385 4476//1385 4475//1385
f 4477//1386 4479//1386 4478//1386
f 4480//1387 4482//1387 4481//1387
f 4483//1388 4485//1388 4484//1388
f 4486//1389 4488//1389 4487//1389
f 4489//1390 4491//1390 4490//1390
f 4492//1391 4494//1391 4493//1391
f 4495//1392 4497//1392 4496//1392
f 4498//1393 4500//1393 4499//1393
f 4501//1394 4503//1394 4502//1394
f 4504//1395 4506//1395 4505//1395
f 4507//1396 4509//1396 4508//1396
f 4510//1397 4512//1397 4511//1397
f 4513//1398 4515//1398 4514//1398
f 4516//1399 4518//1399 4517//1399
f 4519//1400 4521//1400 4520//1400
f 4522//1401 4524//1401 4523//1401
f 4525//1402 4527//1402 4526//1402
f 4528//1403 4530//1403 4529//1403
f 4531//1404 4533//1404 4532//1404
f 4534//1405 4536//1405 4535//1405
f 4537//1406 4539//1406 4538//1406
f 4540//1407 4542//1407 4541//1407
f 4543//1408 4545//1408 4544//1408
f 4546//1409 4548//1409 4547//1409
f 4549//1410 4551//1410 4550//1410
f 4552//1411 4554//1411 4553//1411
s 1
f 4555//1412 4557//1412 4556//1412
s 0
f 4558//1413 4560//1413 4559//1413
f 4561//1414 4563//1414 4562//1414
f 4564//1415 4566//1415 4565//1415
f 4567//1416 4569//1416 4568//1416
f 4570//1417 4572//1417 4571//1417
f 4573//1418 4575//1418 4574//1418
f 4576//1419 4578//1419 4577//1419
f 4579//1420 4581//1420 4580//1420
f 4582//1421 4584//1421 4583//1421
f 4585//1422 4587//1422 4586//1422
f 4588//1423 4590//1423 4589//1423
f 4591//1424 4593//1424 4592//1424
f 4594//1425 4596//1425 4595//1425
f 4597//1426 4599//1426 4598//1426
s 1
f 4600//1427 4602//1427 4601//1427
s 0
f 4603//1428 4605//1428 4604//1428
f 4606//1429 4608//1429 4607//1429
f 4609//1430 4611//1430 4610//1430
f 4612//1429 4614//1429 4613//1429
f 4615//1431 4617//1431 4616//1431
f 4618//1429 4620//1429 4619//1429
f 4621//1432 4623//1432 4622//1432
f 4624//1429 4626//1429 4625//1429
f 4627//1433 4629//1433 4628//1433
f 4630//1429 4632//1429 4631//1429
f 4633//1434 4635//1434 4634//1434
f 4636//1429 4638//1429 4637//1429
f 4639//1435 4641//1435 4640//1435
f 4642//1429 4644//1429 4643//1429
f 4645//1436 4647//1436 4646//1436
f 4648//1429 4650//1429 4649//1429
f 4651//1437 4653//1437 4652//1437
f 4654//1429 4656//1429 4655//1429
f 4657//1438 4659//1438 4658//1438
f 4660//1429 4662//1429 4661//1429
f 4663//1439 4665//1439 4664//1439
f 4666//1429 4668//1429 4667//1429
f 4669//1440 4671//1440 4670//1440
f 4672//1429 4674//1429 4673//1429
f 4675//1441 4677//1441 4676//1441
f 4678//1429 4680//1429 4679//1429
o rockInstances_010
v -1.812334 0.124693 -6.995557
v -2.231808 0.238141 -6.785317
v -1.633798 0.327566 -7.035178
v -2.231808 0.238141 -6.785317
v -2.014664 0.479579 -6.700884
v -1.633798 0.327566 -7.035178
v -2.231808 0.238141 -6.785317
v -2.430856 0.324030 -6.499169
v -2.329740 0.576824 -6.355033
v -2.231808 0.238141 -6.785317
v -2.329740 0.576824 -6.355033
v -2.014664 0.479579 -6.700884
v -2.430856 0.324030 -6.499169
v -2.878580 0.407843 -6.491500
v -2.329740 0.576824 -6.355033
v -2.878580 0.407843 -6.491500
v -2.833435 0.564979 -6.366238
v -2.329740 0.576824 -6.355033
v -2.878580 0.407843 -6.491500
v -3.319657 0.481397 -6.536354
v -3.384911 0.673284 -6.455855
v -2.878580 0.407843 -6.491500
v -3.384911 0.673284 -6.455855
v -2.833435 0.564979 -6.366238
v -3.319657 0.481397 -6.536354
v -3.524254 0.443013 -6.978718
v -3.384911 0.673284 -6.455855
v -3.524254 0.443013 -6.978718
v -3.667245 0.631658 -6.822879
v -3.384911 0.673284 -6.455855
v -3.524254 0.443013 -6.978718
v -3.712984 0.401871 -7.420114
v -3.842744 0.657075 -7.450361
v -3.524254 0.443013 -6.978718
v -3.842744 0.657075 -7.450361
v -3.667245 0.631658 -6.822879
v -3.712984 0.401871 -7.420114
v -3.496101 0.282126 -7.884003
v -3.842744 0.657075 -7.450361
v -3.496101 0.282126 -7.884003
v -3.513504 0.491005 -7.942877
v -3.842744 0.657075 -7.450361
v -3.496101 0.282126 -7.884003
v -3.135771 0.176101 -8.114447
v -3.183450 0.385422 -8.213800
v -3.496101 0.282126 -7.884003
v -3.183450 0.385422 -8.213800
v -3.513504 0.491005 -7.942877
v -3.135771 0.176101 -8.114447
v -2.824306 0.100324 -8.221367
v -3.183450 0.385422 -8.213800
v -2.824306 0.100324 -8.221367
v -2.733721 0.292013 -8.416135
v -3.183450 0.385422 -8.213800
v -2.824306 0.100324 -8.221367
v -2.356340 0.011289 -8.237719
v -2.272229 0.123387 -8.389457
v -2.824306 0.100324 -8.221367
v -2.272229 0.123387 -8.389457
v -2.733721 0.292013 -8.416135
v -2.356340 0.011289 -8.237719
v -1.990410 -0.004310 -7.936396
v -2.272229 0.123387 -8.389457
v -1.990410 -0.004310 -7.936396
v -1.902568 0.144943 -8.007234
v -2.272229 0.123387 -8.389457
v -1.990410 -0.004310 -7.936396
v -1.876139 0.054902 -7.469700
v -1.736647 0.247041 -7.495411
v -1.990410 -0.004310 -7.936396
v -1.736647 0.247041 -7.495411
v -1.902568 0.144943 -8.007234
v -1.876139 0.054902 -7.469700
v -1.812334 0.124693 -6.995557
v -1.736647 0.247041 -7.495411
v -1.812334 0.124693 -6.995557
v -1.633798 0.327566 -7.035178
v -1.736647 0.247041 -7.495411
v -1.633798 0.327566 -7.035178
v -2.014664 0.479579 -6.700884
v -2.023221 0.740626 -6.771131
v -1.633798 0.327566 -7.035178
v -2.023221 0.740626 -6.771131
v -1.623559 0.583339 -7.095703
v -2.014664 0.479579 -6.700884
v -2.329740 0.576824 -6.355033
v -2.023221 0.740626 -6.771131
v -2.329740 0.576824 -6.355033
v -2.333497 0.798358 -6.398515
v -2.023221 0.740626 -6.771131
v -2.329740 0.576824 -6.355033
v -2.833435 0.564979 -6.366238
v -2.730126 0.858768 -6.497539
v -2.329740 0.576824 -6.355033
v -2.730126 0.858768 -6.497539
v -2.333497 0.798358 -6.398515
v -2.833435 0.564979 -6.366238
v -3.384911 0.673284 -6.455855
v -2.730126 0.858768 -6.497539
v -3.384911 0.673284 -6.455855
v -3.240342 0.919159 -6.524109
v -2.730126 0.858768 -6.497539
v -3.384911 0.673284 -6.455855
v -3.667245 0.631658 -6.822879
v -3.494946 0.917345 -6.944302
v -3.384911 0.673284 -6.455855
v -3.494946 0.917345 -6.944302
v -3.240342 0.919159 -6.524109
v -3.667245 0.631658 -6.822879
v -3.842744 0.657075 -7.450361
v -3.494946 0.917345 -6.944302
v -3.842744 0.657075 -7.450361
v -3.642232 0.833798 -7.497925
v -3.494946 0.917345 -6.944302
v -3.842744 0.657075 -7.450361
v -3.513504 0.491005 -7.942877
v -3.410244 0.838576 -7.891116
v -3.842744 0.657075 -7.450361
v -3.410244 0.838576 -7.891116
v -3.642232 0.833798 -7.497925
v -3.513504 0.491005 -7.942877
v -3.183450 0.385422 -8.213800
v -3.410244 0.838576 -7.891116
v -3.183450 0.385422 -8.213800
v -3.090176 0.695022 -8.228601
v -3.410244 0.838576 -7.891116
v -3.183450 0.385422 -8.213800
v -2.733721 0.292013 -8.416135
v -2.655854 0.487891 -8.385380
v -3.183450 0.385422 -8.213800
v -2.655854 0.487891 -8.385380
v -3.090176 0.695022 -8.228601
v -2.733721 0.292013 -8.416135
v -2.272229 0.123387 -8.389457
v -2.655854 0.487891 -8.385380
v -2.272229 0.123387 -8.389457
v -2.161604 0.347104 -8.430198
v -2.655854 0.487891 -8.385380
v -2.272229 0.123387 -8.389457
v -1.902568 0.144943 -8.007234
v -1.851500 0.415195 -7.986160
v -2.272229 0.123387 -8.389457
v -1.851500 0.415195 -7.986160
v -2.161604 0.347104 -8.430198
v -1.902568 0.144943 -8.007234
v -1.736647 0.247041 -7.495411
v -1.851500 0.415195 -7.986160
v -1.736647 0.247041 -7.495411
v -1.719130 0.481482 -7.558032
v -1.851500 0.415195 -7.986160
v -1.736647 0.247041 -7.495411
v -1.633798 0.327566 -7.035178
v -1.623559 0.583339 -7.095703
v -1.736647 0.247041 -7.495411
v -1.623559 0.583339 -7.095703
v -1.719130 0.481482 -7.558032
v -1.623559 0.583339 -7.095703
v -2.023221 0.740626 -6.771131
v -1.553020 0.859144 -7.105237
v -2.023221 0.740626 -6.771131
v -1.948452 1.060616 -6.865377
v -1.553020 0.859144 -7.105237
v -2.023221 0.740626 -6.771131
v -2.333497 0.798358 -6.398515
v -2.232493 1.143085 -6.583085
v -2.023221 0.740626 -6.771131
v -2.232493 1.143085 -6.583085
v -1.948452 1.060616 -6.865377
v -2.333497 0.798358 -6.398515
v -2.730126 0.858768 -6.497539
v -2.232493 1.143085 -6.583085
v -2.730126 0.858768 -6.497539
v -2.689571 1.101128 -6.566419
v -2.232493 1.143085 -6.583085
v -2.730126 0.858768 -6.497539
v -3.240342 0.919159 -6.524109
v -3.160147 1.146668 -6.560283
v -2.730126 0.858768 -6.497539
v -3.160147 1.146668 -6.560283
v -2.689571 1.101128 -6.566419
v -3.240342 0.919159 -6.524109
v -3.494946 0.917345 -6.944302
v -3.160147 1.146668 -6.560283
v -3.494946 0.917345 -6.944302
v -3.351683 1.177229 -7.040672
v -3.160147 1.146668 -6.560283
v -3.494946 0.917345 -6.944302
v -3.642232 0.833798 -7.497925
v -3.604487 1.112668 -7.541417
v -3.494946 0.917345 -6.944302
v -3.604487 1.112668 -7.541417
v -3.351683 1.177229 -7.040672
v -3.642232 0.833798 -7.497925
v -3.410244 0.838576 -7.891116
v -3.604487 1.112668 -7.541417
v -3.410244 0.838576 -7.891116
v -3.365264 1.070508 -7.948233
v -3.604487 1.112668 -7.541417
v -3.410244 0.838576 -7.891116
v -3.090176 0.695022 -8.228601
v -2.994827 1.000248 -8.220455
v -3.410244 0.838576 -7.891116
v -2.994827 1.000248 -8.220455
v -3.365264 1.070508 -7.948233
v -3.090176 0.695022 -8.228601
v -2.655854 0.487891 -8.385380
v -2.994827 1.000248 -8.220455
v -2.655854 0.487891 -8.385380
v -2.578684 0.816729 -8.445959
v -2.994827 1.000248 -8.220455
v -2.655854 0.487891 -8.385380
v -2.161604 0.347104 -8.430198
v -2.179189 0.684201 -8.430070
v -2.655854 0.487891 -8.385380
v -2.179189 0.684201 -8.430070
v -2.578684 0.816729 -8.445959
v -2.161604 0.347104 -8.430198
v -1.851500 0.415195 -7.986160
v -2.179189 0.684201 -8.430070
v -1.851500 0.415195 -7.986160
v -1.788516 0.713652 -8.013937
v -2.179189 0.684201 -8.430070
v -1.851500 0.415195 -7.986160
v -1.719130 0.481482 -7.558032
v -1.698987 0.782340 -7.638594
v -1.851500 0.415195 -7.986160
v -1.698987 0.782340 -7.638594
v -1.788516 0.713652 -8.013937
v -1.719130 0.481482 -7.558032
v -1.623559 0.583339 -7.095703
v -1.698987 0.782340 -7.638594
v -1.623559 0.583339 -7.095703
v -1.553020 0.859144 -7.105237
v -1.698987 0.782340 -7.638594
v -1.553020 0.859144 -7.105237
v -1.948452 1.060616 -6.865377
v -2.005538 1.304669 -7.025299
v -1.553020 0.859144 -7.105237
v -2.005538 1.304669 -7.025299
v -1.633689 1.178623 -7.290313
v -1.948452 1.060616 -6.865377
v -2.232493 1.143085 -6.583085
v -2.005538 1.304669 -7.025299
v -2.232493 1.143085 -6.583085
v -2.247453 1.399911 -6.740796
v -2.005538 1.304669 -7.025299
v -2.232493 1.143085 -6.583085
v -2.689571 1.101128 -6.566419
v -2.629857 1.401795 -6.725592
v -2.232493 1.143085 -6.583085
v -2.629857 1.401795 -6.725592
v -2.247453 1.399911 -6.740796
v -2.689571 1.101128 -6.566419
v -3.160147 1.146668 -6.560283
v -2.629857 1.401795 -6.725592
v -3.160147 1.146668 -6.560283
v -3.106354 1.414735 -6.740558
v -2.629857 1.401795 -6.725592
v -3.160147 1.146668 -6.560283
v -3.351683 1.177229 -7.040672
v -3.274094 1.464683 -7.140467
v -3.160147 1.146668 -6.560283
v -3.274094 1.464683 -7.140467
v -3.106354 1.414735 -6.740558
v -3.351683 1.177229 -7.040672
v -3.604487 1.112668 -7.541417
v -3.274094 1.464683 -7.140467
v -3.604487 1.112668 -7.541417
v -3.391337 1.422098 -7.593367
v -3.274094 1.464683 -7.140467
v -3.604487 1.112668 -7.541417
v -3.365264 1.070508 -7.948233
v -3.200383 1.407313 -7.976577
v -3.604487 1.112668 -7.541417
v -3.200383 1.407313 -7.976577
v -3.391337 1.422098 -7.593367
v -3.365264 1.070508 -7.948233
v -2.994827 1.000248 -8.220455
v -3.200383 1.407313 -7.976577
v -2.994827 1.000248 -8.220455
v -2.895593 1.304210 -8.267692
v -3.200383 1.407313 -7.976577
v -2.994827 1.000248 -8.220455
v -2.578684 0.816729 -8.445959
v -2.598304 1.138673 -8.347855
v -2.994827 1.000248 -8.220455
v -2.598304 1.138673 -8.347855
v -2.895593 1.304210 -8.267692
v -2.578684 0.816729 -8.445959
v -2.179189 0.684201 -8.430070
v -2.598304 1.138673 -8.347855
v -2.179189 0.684201 -8.430070
v -2.146943 0.950042 -8.394686
v -2.598304 1.138673 -8.347855
v -2.179189 0.684201 -8.430070
v -1.788516 0.713652 -8.013937
v -1.853659 0.939494 -8.072582
v -2.179189 0.684201 -8.430070
v -1.853659 0.939494 -8.072582
v -2.146943 0.950042 -8.394686
v -1.788516 0.713652 -8.013937
v -1.698987 0.782340 -7.638594
v -1.853659 0.939494 -8.072582
v -1.698987 0.782340 -7.638594
v -1.712293 1.094902 -7.657157
v -1.853659 0.939494 -8.072582
v -1.698987 0.782340 -7.638594
v -1.553020 0.859144 -7.105237
v -1.633689 1.178623 -7.290313
v -1.698987 0.782340 -7.638594
v -1.633689 1.178623 -7.290313
v -1.712293 1.094902 -7.657157
v -1.633689 1.178623 -7.290313
v -2.005538 1.304669 -7.025299
v -1.968214 1.410789 -7.461081
v -2.005538 1.304669 -7.025299
v -2.237679 1.571989 -7.327592
v -1.968214 1.410789 -7.461081
v -2.005538 1.304669 -7.025299
v -2.247453 1.399911 -6.740796
v -2.387492 1.565404 -7.126209
v -2.005538 1.304669 -7.025299
v -2.387492 1.565404 -7.126209
v -2.237679 1.571989 -7.327592
v -2.247453 1.399911 -6.740796
v -2.629857 1.401795 -6.725592
v -2.387492 1.565404 -7.126209
v -2.629857 1.401795 -6.725592
v -2.655954 1.598162 -7.134782
v -2.387492 1.565404 -7.126209
v -2.629857 1.401795 -6.725592
v -3.106354 1.414735 -6.740558
v -2.922623 1.599942 -7.158223
v -2.629857 1.401795 -6.725592
v -2.922623 1.599942 -7.158223
v -2.655954 1.598162 -7.134782
v -3.106354 1.414735 -6.740558
v -3.274094 1.464683 -7.140467
v -2.922623 1.599942 -7.158223
v -3.274094 1.464683 -7.140467
v -3.097001 1.598071 -7.391684
v -2.922623 1.599942 -7.158223
v -3.274094 1.464683 -7.140467
v -3.391337 1.422098 -7.593367
v -3.133059 1.639759 -7.689047
v -3.274094 1.464683 -7.140467
v -3.133059 1.639759 -7.689047
v -3.097001 1.598071 -7.391684
v -3.391337 1.422098 -7.593367
v -3.200383 1.407313 -7.976577
v -3.133059 1.639759 -7.689047
v -3.200383 1.407313 -7.976577
v -3.008944 1.593391 -7.954451
v -3.133059 1.639759 -7.689047
v -3.200383 1.407313 -7.976577
v -2.895593 1.304210 -8.267692
v -2.846354 1.477199 -8.095367
v -3.200383 1.407313 -7.976577
v -2.846354 1.477199 -8.095367
v -3.008944 1.593391 -7.954451
v -2.895593 1.304210 -8.267692
v -2.598304 1.138673 -8.347855
v -2.846354 1.477199 -8.095367
v -2.598304 1.138673 -8.347855
v -2.572934 1.440627 -8.239128
v -2.846354 1.477199 -8.095367
v -2.598304 1.138673 -8.347855
v -2.146943 0.950042 -8.394686
v -2.364442 1.296489 -8.187674
v -2.598304 1.138673 -8.347855
v -2.364442 1.296489 -8.187674
v -2.572934 1.440627 -8.239128
v -2.146943 0.950042 -8.394686
v -1.853659 0.939494 -8.072582
v -2.364442 1.296489 -8.187674
v -1.853659 0.939494 -8.072582
v -2.156191 1.272314 -7.992581
v -2.364442 1.296489 -8.187674
v -1.853659 0.939494 -8.072582
v -1.712293 1.094902 -7.657157
v -2.045728 1.391181 -7.719941
v -1.853659 0.939494 -8.072582
v -2.045728 1.391181 -7.719941
v -2.156191 1.272314 -7.992581
v -1.712293 1.094902 -7.657157
v -1.633689 1.178623 -7.290313
v -2.045728 1.391181 -7.719941
v -1.633689 1.178623 -7.290313
v -1.968214 1.410789 -7.461081
v -2.045728 1.391181 -7.719941
v -1.968214 1.410789 -7.461081
v -2.237679 1.571989 -7.327592
v -2.452699 1.644984 -7.457810
v -2.231808 0.238141 -6.785317
v -1.812334 0.124693 -6.995557
v -2.728783 0.233002 -7.347603
v -2.237679 1.571989 -7.327592
v -2.387492 1.565404 -7.126209
v -2.452699 1.644984 -7.457810
v -2.430856 0.324030 -6.499169
v -2.231808 0.238141 -6.785317
v -2.728783 0.233002 -7.347603
v -2.387492 1.565404 -7.126209
v -2.655954 1.598162 -7.134782
v -2.452699 1.644984 -7.457810
v -2.878580 0.407843 -6.491500
v -2.430856 0.324030 -6.499169
v -2.728783 0.233002 -7.347603
v -2.655954 1.598162 -7.134782
v -2.922623 1.599942 -7.158223
v -2.452699 1.644984 -7.457810
v -3.319657 0.481397 -6.536354
v -2.878580 0.407843 -6.491500
v -2.728783 0.233002 -7.347603
v -2.922623 1.599942 -7.158223
v -3.097001 1.598071 -7.391684
v -2.452699 1.644984 -7.457810
v -3.524254 0.443013 -6.978718
v -3.319657 0.481397 -6.536354
v -2.728783 0.233002 -7.347603
v -3.097001 1.598071 -7.391684
v -3.133059 1.639759 -7.689047
v -2.452699 1.644984 -7.457810
v -3.712984 0.401871 -7.420114
v -3.524254 0.443013 -6.978718
v -2.728783 0.233002 -7.347603
v -3.133059 1.639759 -7.689047
v -3.008944 1.593391 -7.954451
v -2.452699 1.644984 -7.457810
v -3.496101 0.282126 -7.884003
v -3.712984 0.401871 -7.420114
v -2.728783 0.233002 -7.347603
v -3.008944 1.593391 -7.954451
v -2.846354 1.477199 -8.095367
v -2.452699 1.644984 -7.457810
v -3.135771 0.176101 -8.114447
v -3.496101 0.282126 -7.884003
v -2.728783 0.233002 -7.347603
v -2.846354 1.477199 -8.095367
v -2.572934 1.440627 -8.239128
v -2.452699 1.644984 -7.457810
v -2.824306 0.100324 -8.221367
v -3.135771 0.176101 -8.114447
v -2.728783 0.233002 -7.347603
v -2.572934 1.440627 -8.239128
v -2.364442 1.296489 -8.187674
v -2.452699 1.644984 -7.457810
v -2.356340 0.011289 -8.237719
v -2.824306 0.100324 -8.221367
v -2.728783 0.233002 -7.347603
v -2.364442 1.296489 -8.187674
v -2.156191 1.272314 -7.992581
v -2.452699 1.644984 -7.457810
v -1.990410 -0.004310 -7.936396
v -2.356340 0.011289 -8.237719
v -2.728783 0.233002 -7.347603
v -2.156191 1.272314 -7.992581
v -2.045728 1.391181 -7.719941
v -2.452699 1.644984 -7.457810
v -1.876139 0.054902 -7.469700
v -1.990410 -0.004310 -7.936396
v -2.728783 0.233002 -7.347603
v -2.045728 1.391181 -7.719941
v -1.968214 1.410789 -7.461081
v -2.452699 1.644984 -7.457810
v -1.812334 0.124693 -6.995557
v -1.876139 0.054902 -7.469700
v -2.728783 0.233002 -7.347603
vn 0.4019 -0.1783 0.8981
vn 0.3843 -0.5931 0.7075
vn 0.5880 -0.5651 0.5787
vn 0.4719 -0.6374 0.6091
vn -0.0733 -0.4717 0.8787
vn -0.0028 -0.6229 0.7823
vn -0.1618 -0.4280 0.8892
vn -0.2391 -0.5623 0.7916
vn -0.7986 -0.4426 0.4078
vn -0.4848 -0.7454 0.4575
vn -0.8375 -0.3792 0.3934
vn -0.7118 -0.6812 0.1715
vn -0.8434 -0.4614 -0.2752
vn -0.8441 -0.2095 -0.4936
vn -0.5710 -0.4545 -0.6837
vn -0.6609 -0.2541 -0.7061
vn -0.3866 -0.4659 -0.7960
vn -0.4369 -0.5311 -0.7259
vn -0.1647 -0.7475 -0.6435
vn -0.1958 -0.6519 -0.7326
vn 0.3254 -0.8377 -0.4385
vn 0.5905 -0.6024 -0.5371
vn 0.7958 -0.5937 -0.1195
vn 0.8177 -0.5545 -0.1545
vn 0.8076 -0.5893 -0.0219
vn 0.7449 -0.6653 -0.0501
vn 0.6909 0.2089 0.6921
vn 0.6580 0.1484 0.7383
vn 0.7517 0.1942 0.6302
vn 0.7716 0.1351 0.6216
vn -0.0300 0.4166 0.9086
vn -0.2115 0.1848 0.9598
vn -0.0631 0.4256 0.9027
vn -0.0173 0.2769 0.9608
vn -0.6690 0.5936 0.4473
vn -0.7191 0.5431 0.4334
vn -0.7820 0.5744 0.2420
vn -0.6521 0.7558 0.0594
vn -0.7393 0.3088 -0.5984
vn -0.6604 0.6466 -0.3818
vn -0.5535 0.2812 -0.7839
vn -0.6779 0.1700 -0.7152
vn -0.3455 0.2781 -0.8963
vn -0.3177 0.0505 -0.9468
vn 0.0994 0.1157 -0.9883
vn -0.1231 -0.1186 -0.9853
vn 0.7187 -0.0820 -0.6905
vn 0.7597 -0.4595 -0.4601
vn 0.9482 -0.1577 -0.2759
vn 0.9515 -0.1437 -0.2719
vn 0.9754 -0.0870 -0.2027
vn 0.9771 -0.1199 -0.1756
vn 0.5954 -0.1248 0.7937
vn 0.5566 0.1124 0.8232
vn 0.7721 0.1090 0.6261
vn 0.7103 0.0410 0.7027
vn -0.1377 0.4986 0.8558
vn 0.0101 0.2718 0.9623
vn -0.0315 0.1678 0.9853
vn 0.0384 0.2672 0.9629
vn -0.7991 0.3584 0.4827
vn -0.7647 0.5475 0.3397
vn -0.9590 0.1657 0.2301
vn -0.7743 0.5457 0.3205
vn -0.8609 0.0374 -0.5075
vn -0.8594 0.0412 -0.5096
vn -0.6576 0.2246 -0.7192
vn -0.6001 -0.0797 -0.7960
vn -0.2881 0.1154 -0.9506
vn -0.4912 -0.0450 -0.8699
vn -0.0915 -0.0044 -0.9958
vn -0.0195 -0.1767 -0.9841
vn 0.8160 0.0428 -0.5764
vn 0.7198 -0.2134 -0.6606
vn 0.9522 -0.1369 -0.2732
vn 0.9573 -0.2195 -0.1882
vn 0.9777 -0.1129 -0.1772
vn 0.9427 -0.2488 -0.2222
vn 0.6207 0.5261 0.5813
vn 0.6075 0.5074 0.6111
vn 0.6770 0.5076 0.5329
vn 0.7655 0.3685 0.5275
vn -0.0109 0.4695 0.8828
vn 0.0364 0.5245 0.8506
vn 0.0559 0.4584 0.8870
vn -0.0108 0.5595 0.8288
vn -0.8590 0.3587 0.3653
vn -0.8129 0.4284 0.3945
vn -0.8500 0.3622 0.3824
vn -0.8016 0.5779 0.1532
vn -0.7927 0.3458 -0.5020
vn -0.7824 0.4705 -0.4080
vn -0.5544 0.2035 -0.8070
vn -0.6684 0.1038 -0.7365
vn -0.3741 0.2494 -0.8932
vn -0.2881 -0.0545 -0.9560
vn 0.1359 0.2964 -0.9454
vn -0.0453 0.1372 -0.9895
vn 0.7276 0.0319 -0.6853
vn 0.7394 -0.0001 -0.6733
vn 0.9432 0.2039 -0.2623
vn 0.9441 0.0207 -0.3290
vn 0.9581 0.0831 -0.2742
vn 0.9760 0.0287 -0.2157
vn 0.4643 0.8506 0.2469
vn 0.5830 0.7765 0.2390
vn 0.5253 0.8343 0.1674
vn 0.4567 0.8107 0.3662
vn 0.0200 0.9213 0.3883
vn 0.0962 0.8998 0.4257
vn 0.0119 0.9121 0.4097
vn -0.0322 0.9003 0.4341
vn -0.3361 0.9068 0.2543
vn -0.3374 0.9090 0.2448
vn -0.6226 0.7775 0.0881
vn -0.4209 0.8899 0.1758
vn -0.6755 0.6427 -0.3614
vn -0.6127 0.6786 -0.4051
vn -0.3460 0.7098 -0.6136
vn -0.3628 0.4690 -0.8053
vn 0.1776 0.6687 -0.7220
vn -0.4016 0.3399 -0.8504
vn 0.1584 0.5779 -0.8006
vn 0.4074 0.2789 -0.8696
vn 0.5695 0.6546 -0.4971
vn 0.5643 0.6387 -0.5232
vn 0.6389 0.6235 -0.4507
vn 0.5712 0.6421 -0.5114
vn 0.6647 0.6848 -0.2987
vn 0.6342 0.7332 -0.2454
vn 0.4246 0.8814 -0.2071
vn -0.1787 -0.9697 0.1668
vn 0.2114 0.9590 0.1886
vn 0.1118 0.9711 0.2111
vn -0.0057 0.9901 0.1399
vn -0.0682 0.9967 0.0429
vn -0.0570 0.9877 0.1454
vn 0.0440 0.9874 -0.1519
vn 0.2768 0.8734 -0.4008
vn -0.0034 0.9676 -0.2526
vn 0.5916 0.7530 -0.2880
vn 0.4233 0.8364 -0.3482
vn 0.2321 0.8537 -0.4662
vn 0.4258 0.8837 -0.1945
s 0
usemtl Material_0
f 4681//1442 4683//1442 4682//1442
f 4684//1443 4686//1443 4685//1443
f 4687//1444 4689//1444 4688//1444
f 4690//1445 4692//1445 4691//1445
f 4693//1446 4695//1446 4694//1446
f 4696//1447 4698//1447 4697//1447
f 4699//1448 4701//1448 4700//1448
f 4702//1449 4704//1449 4703//1449
s 1
f 4705//1450 4707//1450 4706//1450
s 0
f 4708//1451 4710//1451 4709//1451
f 4711//1452 4713//1452 4712//1452
f 4714//1453 4716//1453 4715//1453
f 4717//1454 4719//1454 4718//1454
f 4720//1455 4722//1455 4721//1455
f 4723//1456 4725//1456 4724//1456
f 4726//1457 4728//1457 4727//1457
f 4729//1458 4731//1458 4730//1458
f 4732//1459 4734//1459 4733//1459
f 4735//1460 4737//1460 4736//1460
f 4738//1461 4740//1461 4739//1461
f 4741//1462 4743//1462 4742//1462
f 4744//1463 4746//1463 4745//1463
f 4747//1464 4749//1464 4748//1464
f 4750//1465 4752//1465 4751//1465
f 4753//1466 4755//1466 4754//1466
f 4756//1467 4758//1467 4757//1467
f 4759//1468 4761//1468 4760//1468
f 4762//1469 4764//1469 4763//1469
f 4765//1470 4767//1470 4766//1470
f 4768//1471 4770//1471 4769//1471
f 4771//1472 4773//1472 4772//1472
f 4774//1473 4776//1473 4775//1473
f 4777//1474 4779//1474 4778//1474
f 4780//1475 4782//1475 4781//1475
f 4783//1476 4785//1476 4784//1476
f 4786//1477 4788//1477 4787//1477
f 4789//1478 4791//1478 4790//1478
f 4792//1479 4794//1479 4793//1479
f 4795//1480 4797//1480 4796//1480
f 4798//1481 4800//1481 4799//1481
f 4801//1482 4803//1482 4802//1482
f 4804//1483 4806//1483 4805//1483
f 4807//1484 4809//1484 4808//1484
f 4810//1485 4812//1485 4811//1485
f 4813//1486 4815//1486 4814//1486
f 4816//1487 4818//1487 4817//1487
f 4819//1488 4821//1488 4820//1488
f 4822//1489 4824//1489 4823//1489
f 4825//1490 4827//1490 4826//1490
f 4828//1491 4830//1491 4829//1491
f 4831//1492 4833//1492 4832//1492
f 4834//1493 4836//1493 4835//1493
f 4837//1494 4839//1494 4838//1494
f 4840//1495 4842//1495 4841//1495
f 4843//1496 4845//1496 4844//1496
f 4846//1497 4848//1497 4847//1497
f 4849//1498 4851//1498 4850//1498
f 4852//1499 4854//1499 4853//1499
f 4855//1500 4857//1500 4856//1500
f 4858//1501 4860//1501 4859//1501
f 4861//1502 4863//1502 4862//1502
f 4864//1503 4866//1503 4865//1503
f 4867//1504 4869//1504 4868//1504
f 4870//1505 4872//1505 4871//1505
f 4873//1506 4875//1506 4874//1506
f 4876//1507 4878//1507 4877//1507
f 4879//1508 4881//1508 4880//1508
f 4882//1509 4884//1509 4883//1509
f 4885//1510 4887//1510 4886//1510
f 4888//1511 4890//1511 4889//1511
f 4891//1512 4893//1512 4892//1512
f 4894//1513 4896//1513 4895//1513
f 4897//1514 4899//1514 4898//1514
f 4900//1515 4902//1515 4901//1515
f 4903//1516 4905//1516 4904//1516
f 4906//1517 4908//1517 4907//1517
f 4909//1518 4911//1518 4910//1518
f 4912//1519 4914//1519 4913//1519
f 4915//1520 4917//1520 4916//1520
f 4918//1521 4920//1521 4919//1521
f 4921//1522 4923//1522 4922//1522
f 4924//1523 4926//1523 4925//1523
f 4927//1524 4929//1524 4928//1524
f 4930//1525 4932//1525 4931//1525
f 4933//1526 4935//1526 4934//1526
f 4936//1527 4938//1527 4937//1527
f 4939//1528 4941//1528 4940//1528
f 4942//1529 4944//1529 4943//1529
f 4945//1530 4947//1530 4946//1530
f 4948//1531 4950//1531 4949//1531
f 4951//1532 4953//1532 4952//1532
f 4954//1533 4956//1533 4955//1533
f 4957//1534 4959//1534 4958//1534
f 4960//1535 4962//1535 4961//1535
f 4963//1536 4965//1536 4964//1536
f 4966//1537 4968//1537 4967//1537
f 4969//1538 4971//1538 4970//1538
f 4972//1539 4974//1539 4973//1539
f 4975//1540 4977//1540 4976//1540
f 4978//1541 4980//1541 4979//1541
f 4981//1542 4983//1542 4982//1542
f 4984//1543 4986//1543 4985//1543
f 4987//1544 4989//1544 4988//1544
f 4990//1545 4992//1545 4991//1545
f 4993//1546 4995//1546 4994//1546
f 4996//1547 4998//1547 4997//1547
f 4999//1548 5001//1548 5000//1548
f 5002//1549 5004//1549 5003//1549
f 5005//1550 5007//1550 5006//1550
f 5008//1551 5010//1551 5009//1551
f 5011//1552 5013//1552 5012//1552
f 5014//1553 5016//1553 5015//1553
f 5017//1554 5019//1554 5018//1554
f 5020//1555 5022//1555 5021//1555
s 1
f 5023//1556 5025//1556 5024//1556
s 0
f 5026//1557 5028//1557 5027//1557
f 5029//1558 5031//1558 5030//1558
f 5032//1559 5034//1559 5033//1559
f 5035//1560 5037//1560 5036//1560
f 5038//1561 5040//1561 5039//1561
f 5041//1562 5043//1562 5042//1562
f 5044//1563 5046//1563 5045//1563
f 5047//1564 5049//1564 5048//1564
f 5050//1565 5052//1565 5051//1565
f 5053//1566 5055//1566 5054//1566
f 5056//1567 5058//1567 5057//1567
f 5059//1568 5061//1568 5060//1568
f 5062//1569 5064//1569 5063//1569
f 5065//1570 5067//1570 5066//1570
s 1
f 5068//1571 5070//1571 5069//1571
s 0
f 5071//1572 5073//1572 5072//1572
f 5074//1573 5076//1573 5075//1573
f 5077//1574 5079//1574 5078//1574
f 5080//1573 5082//1573 5081//1573
f 5083//1575 5085//1575 5084//1575
f 5086//1573 5088//1573 5087//1573
f 5089//1576 5091//1576 5090//1576
f 5092//1573 5094//1573 5093//1573
f 5095//1577 5097//1577 5096//1577
f 5098//1573 5100//1573 5099//1573
f 5101//1578 5103//1578 5102//1578
f 5104//1573 5106//1573 5105//1573
f 5107//1579 5109//1579 5108//1579
f 5110//1573 5112//1573 5111//1573
f 5113//1580 5115//1580 5114//1580
f 5116//1573 5118//1573 5117//1573
f 5119//1581 5121//1581 5120//1581
f 5122//1573 5124//1573 5123//1573
f 5125//1582 5127//1582 5126//1582
f 5128//1573 5130//1573 5129//1573
f 5131//1583 5133//1583 5132//1583
f 5134//1573 5136//1573 5135//1573
f 5137//1584 5139//1584 5138//1584
f 5140//1573 5142//1573 5141//1573
f 5143//1585 5145//1585 5144//1585
f 5146//1573 5148//1573 5147//1573
o rockInstances_011
v 4.689377 0.294804 -9.396411
v 5.040951 0.381756 -9.657295
v 4.558969 0.460187 -9.355618
v 5.040951 0.381756 -9.657295
v 4.885128 0.590951 -9.759501
v 4.558969 0.460187 -9.355618
v 5.040951 0.381756 -9.657295
v 5.214531 0.465444 -9.996511
v 5.154553 0.683062 -10.171614
v 5.040951 0.381756 -9.657295
v 5.154553 0.683062 -10.171614
v 4.885128 0.590951 -9.759501
v 5.214531 0.465444 -9.996511
v 5.581931 0.508919 -10.024471
v 5.154553 0.683062 -10.171614
v 5.581931 0.508919 -10.024471
v 5.559786 0.646559 -10.174807
v 5.154553 0.683062 -10.171614
v 5.581931 0.508919 -10.024471
v 5.941978 0.539818 -9.991446
v 6.010324 0.694969 -10.095902
v 5.581931 0.508919 -10.024471
v 6.010324 0.694969 -10.095902
v 5.559786 0.646559 -10.174807
v 5.941978 0.539818 -9.991446
v 6.093717 0.458192 -9.488897
v 6.010324 0.694969 -10.095902
v 6.093717 0.458192 -9.488897
v 6.226342 0.613701 -9.682158
v 6.010324 0.694969 -10.095902
v 6.093717 0.458192 -9.488897
v 6.232481 0.375308 -8.986790
v 6.354770 0.566767 -8.969666
v 6.093717 0.458192 -9.488897
v 6.354770 0.566767 -8.969666
v 6.226342 0.613701 -9.682158
v 6.232481 0.375308 -8.986790
v 6.037838 0.249499 -8.441385
v 6.354770 0.566767 -8.969666
v 6.037838 0.249499 -8.441385
v 6.065473 0.407668 -8.385305
v 6.354770 0.566767 -8.969666
v 6.037838 0.249499 -8.441385
v 5.734028 0.163459 -8.159673
v 5.785154 0.316674 -8.058193
v 6.037838 0.249499 -8.441385
v 5.785154 0.316674 -8.058193
v 6.065473 0.407668 -8.385305
v 5.734028 0.163459 -8.159673
v 5.474762 0.110092 -8.022811
v 5.785154 0.316674 -8.058193
v 5.474762 0.110092 -8.022811
v 5.410801 0.247801 -7.806417
v 5.785154 0.316674 -8.058193
v 5.474762 0.110092 -8.022811
v 5.090450 0.062754 -7.983951
v 5.027022 0.141414 -7.812980
v 5.474762 0.110092 -8.022811
v 5.027022 0.141414 -7.812980
v 5.410801 0.247801 -7.806417
v 5.090450 0.062754 -7.983951
v 4.801312 0.097238 -8.316604
v 5.027022 0.141414 -7.812980
v 4.801312 0.097238 -8.316604
v 4.739475 0.212810 -8.240223
v 5.027022 0.141414 -7.812980
v 4.801312 0.097238 -8.316604
v 4.724519 0.192822 -8.851128
v 4.625172 0.349007 -8.827022
v 4.801312 0.097238 -8.316604
v 4.625172 0.349007 -8.827022
v 4.739475 0.212810 -8.240223
v 4.724519 0.192822 -8.851128
v 4.689377 0.294804 -9.396411
v 4.625172 0.349007 -8.827022
v 4.689377 0.294804 -9.396411
v 4.558969 0.460187 -9.355618
v 4.625172 0.349007 -8.827022
v 4.558969 0.460187 -9.355618
v 4.885128 0.590951 -9.759501
v 4.909103 0.789614 -9.692801
v 4.558969 0.460187 -9.355618
v 4.909103 0.789614 -9.692801
v 4.567634 0.656569 -9.299171
v 4.885128 0.590951 -9.759501
v 5.154553 0.683062 -10.171614
v 4.909103 0.789614 -9.692801
v 5.154553 0.683062 -10.171614
v 5.172457 0.853325 -10.133393
v 4.909103 0.789614 -9.692801
v 5.154553 0.683062 -10.171614
v 5.559786 0.646559 -10.174807
v 5.494409 0.871187 -10.036089
v 5.154553 0.683062 -10.171614
v 5.494409 0.871187 -10.036089
v 5.172457 0.853325 -10.133393
v 5.559786 0.646559 -10.174807
v 6.010324 0.694969 -10.095902
v 5.494409 0.871187 -10.036089
v 6.010324 0.694969 -10.095902
v 5.909723 0.889816 -10.025633
v 5.494409 0.871187 -10.036089
v 6.010324 0.694969 -10.095902
v 6.226342 0.613701 -9.682158
v 6.104962 0.836440 -9.552067
v 6.010324 0.694969 -10.095902
v 6.104962 0.836440 -9.552067
v 5.909723 0.889816 -10.025633
v 6.226342 0.613701 -9.682158
v 6.354770 0.566767 -8.969666
v 6.104962 0.836440 -9.552067
v 6.354770 0.566767 -8.969666
v 6.204566 0.711965 -8.917679
v 6.104962 0.836440 -9.552067
v 6.354770 0.566767 -8.969666
v 6.065473 0.407668 -8.385305
v 6.008368 0.691523 -8.459328
v 6.354770 0.566767 -8.969666
v 6.008368 0.691523 -8.459328
v 6.204566 0.711965 -8.917679
v 6.065473 0.407668 -8.385305
v 5.785154 0.316674 -8.058193
v 6.008368 0.691523 -8.459328
v 5.785154 0.316674 -8.058193
v 5.731789 0.563972 -8.054237
v 6.008368 0.691523 -8.459328
v 5.785154 0.316674 -8.058193
v 5.410801 0.247801 -7.806417
v 5.362784 0.408938 -7.849300
v 5.785154 0.316674 -8.058193
v 5.362784 0.408938 -7.849300
v 5.731789 0.563972 -8.054237
v 5.410801 0.247801 -7.806417
v 5.027022 0.141414 -7.812980
v 5.362784 0.408938 -7.849300
v 5.027022 0.141414 -7.812980
v 4.952871 0.319585 -7.774234
v 5.362784 0.408938 -7.849300
v 5.027022 0.141414 -7.812980
v 4.739475 0.212810 -8.240223
v 4.718189 0.430236 -8.276757
v 5.027022 0.141414 -7.812980
v 4.718189 0.430236 -8.276757
v 4.952871 0.319585 -7.774234
v 4.739475 0.212810 -8.240223
v 4.625172 0.349007 -8.827022
v 4.718189 0.430236 -8.276757
v 4.625172 0.349007 -8.827022
v 4.626382 0.528775 -8.766820
v 4.718189 0.430236 -8.276757
v 4.625172 0.349007 -8.827022
v 4.558969 0.460187 -9.355618
v 4.567634 0.656569 -9.299171
v 4.625172 0.349007 -8.827022
v 4.567634 0.656569 -9.299171
v 4.626382 0.528775 -8.766820
v 4.567634 0.656569 -9.299171
v 4.909103 0.789614 -9.692801
v 4.530308 0.876558 -9.300249
v 4.909103 0.789614 -9.692801
v 4.869516 1.036811 -9.598885
v 4.530308 0.876558 -9.300249
v 4.909103 0.789614 -9.692801
v 5.172457 0.853325 -10.133393
v 5.111325 1.113038 -9.936311
v 4.909103 0.789614 -9.692801
v 5.111325 1.113038 -9.936311
v 4.869516 1.036811 -9.598885
v 5.172457 0.853325 -10.133393
v 5.494409 0.871187 -10.036089
v 5.111325 1.113038 -9.936311
v 5.494409 0.871187 -10.036089
v 5.477453 1.057809 -9.968359
v 5.111325 1.113038 -9.936311
v 5.494409 0.871187 -10.036089
v 5.909723 0.889816 -10.025633
v 5.860503 1.069815 -9.993327
v 5.494409 0.871187 -10.036089
v 5.860503 1.069815 -9.993327
v 5.477453 1.057809 -9.968359
v 5.909723 0.889816 -10.025633
v 6.104962 0.836440 -9.552067
v 5.860503 1.069815 -9.993327
v 6.104962 0.836440 -9.552067
v 6.005750 1.039659 -9.450324
v 5.860503 1.069815 -9.993327
v 6.104962 0.836440 -9.552067
v 6.204566 0.711965 -8.917679
v 6.193105 0.929534 -8.881055
v 6.104962 0.836440 -9.552067
v 6.193105 0.929534 -8.881055
v 6.005750 1.039659 -9.450324
v 6.204566 0.711965 -8.917679
v 6.008368 0.691523 -8.459328
v 6.193105 0.929534 -8.881055
v 6.008368 0.691523 -8.459328
v 5.987374 0.871247 -8.404400
v 6.193105 0.929534 -8.881055
v 6.008368 0.691523 -8.459328
v 5.731789 0.563972 -8.054237
v 5.676983 0.810048 -8.076300
v 6.008368 0.691523 -8.459328
v 5.676983 0.810048 -8.076300
v 5.987374 0.871247 -8.404400
v 5.731789 0.563972 -8.054237
v 5.362784 0.408938 -7.849300
v 5.676983 0.810048 -8.076300
v 5.362784 0.408938 -7.849300
v 5.322699 0.666331 -7.794376
v 5.676983 0.810048 -8.076300
v 5.362784 0.408938 -7.849300
v 4.952871 0.319585 -7.774234
v 4.991271 0.584160 -7.792493
v 5.362784 0.408938 -7.849300
v 4.991271 0.584160 -7.792493
v 5.322699 0.666331 -7.794376
v 4.952871 0.319585 -7.774234
v 4.718189 0.430236 -8.276757
v 4.991271 0.584160 -7.792493
v 4.718189 0.430236 -8.276757
v 4.688149 0.665990 -8.258341
v 4.991271 0.584160 -7.792493
v 4.718189 0.430236 -8.276757
v 4.626382 0.528775 -8.766820
v 4.629817 0.759330 -8.689409
v 4.718189 0.430236 -8.276757
v 4.629817 0.759330 -8.689409
v 4.688149 0.665990 -8.258341
v 4.626382 0.528775 -8.766820
v 4.567634 0.656569 -9.299171
v 4.629817 0.759330 -8.689409
v 4.567634 0.656569 -9.299171
v 4.530308 0.876558 -9.300249
v 4.629817 0.759330 -8.689409
v 4.530308 0.876558 -9.300249
v 4.869516 1.036811 -9.598885
v 4.929279 1.211307 -9.430061
v 4.530308 0.876558 -9.300249
v 4.929279 1.211307 -9.430061
v 4.613914 1.106911 -9.107280
v 4.869516 1.036811 -9.598885
v 5.111325 1.113038 -9.936311
v 4.929279 1.211307 -9.430061
v 5.111325 1.113038 -9.936311
v 5.138074 1.299983 -9.769294
v 4.929279 1.211307 -9.430061
v 5.111325 1.113038 -9.936311
v 5.477453 1.057809 -9.968359
v 5.447073 1.283021 -9.799476
v 5.111325 1.113038 -9.936311
v 5.447073 1.283021 -9.799476
v 5.138074 1.299983 -9.769294
v 5.477453 1.057809 -9.968359
v 5.860503 1.069815 -9.993327
v 5.447073 1.283021 -9.799476
v 5.860503 1.069815 -9.993327
v 5.832056 1.267102 -9.798744
v 5.447073 1.283021 -9.799476
v 5.860503 1.069815 -9.993327
v 6.005750 1.039659 -9.450324
v 5.961418 1.260867 -9.348260
v 5.860503 1.069815 -9.993327
v 5.961418 1.260867 -9.348260
v 5.832056 1.267102 -9.798744
v 6.005750 1.039659 -9.450324
v 6.193105 0.929534 -8.881055
v 5.961418 1.260867 -9.348260
v 6.193105 0.929534 -8.881055
v 6.042132 1.179496 -8.830522
v 5.961418 1.260867 -9.348260
v 6.193105 0.929534 -8.881055
v 5.987374 0.871247 -8.404400
v 5.877872 1.142438 -8.383957
v 6.193105 0.929534 -8.881055
v 5.877872 1.142438 -8.383957
v 6.042132 1.179496 -8.830522
v 5.987374 0.871247 -8.404400
v 5.676983 0.810048 -8.076300
v 5.877872 1.142438 -8.383957
v 5.676983 0.810048 -8.076300
v 5.617630 1.050225 -8.034654
v 5.877872 1.142438 -8.383957
v 5.676983 0.810048 -8.076300
v 5.322699 0.666331 -7.794376
v 5.363992 0.927898 -7.924279
v 5.676983 0.810048 -8.076300
v 5.363992 0.927898 -7.924279
v 5.617630 1.050225 -8.034654
v 5.322699 0.666331 -7.794376
v 4.991271 0.584160 -7.792493
v 5.363992 0.927898 -7.924279
v 4.991271 0.584160 -7.792493
v 4.985195 0.798454 -7.845833
v 5.363992 0.927898 -7.924279
v 4.991271 0.584160 -7.792493
v 4.688149 0.665990 -8.258341
v 4.755522 0.835061 -8.204985
v 4.991271 0.584160 -7.792493
v 4.755522 0.835061 -8.204985
v 4.985195 0.798454 -7.845833
v 4.688149 0.665990 -8.258341
v 4.629817 0.759330 -8.689409
v 4.755522 0.835061 -8.204985
v 4.629817 0.759330 -8.689409
v 4.662556 1.003082 -8.684815
v 4.755522 0.835061 -8.204985
v 4.629817 0.759330 -8.689409
v 4.530308 0.876558 -9.300249
v 4.613914 1.106911 -9.107280
v 4.629817 0.759330 -8.689409
v 4.613914 1.106911 -9.107280
v 4.662556 1.003082 -8.684815
v 4.613914 1.106911 -9.107280
v 4.929279 1.211307 -9.430061
v 4.896386 1.256647 -8.934576
v 4.929279 1.211307 -9.430061
v 5.128540 1.381916 -9.104961
v 4.896386 1.256647 -8.934576
v 4.929279 1.211307 -9.430061
v 5.138074 1.299983 -9.769294
v 5.253734 1.387519 -9.340528
v 4.929279 1.211307 -9.430061
v 5.253734 1.387519 -9.340528
v 5.128540 1.381916 -9.104961
v 5.138074 1.299983 -9.769294
v 5.447073 1.283021 -9.799476
v 5.253734 1.387519 -9.340528
v 5.447073 1.283021 -9.799476
v 5.472462 1.398593 -9.341278
v 5.253734 1.387519 -9.340528
v 5.447073 1.283021 -9.799476
v 5.832056 1.267102 -9.798744
v 5.687162 1.383993 -9.323307
v 5.447073 1.283021 -9.799476
v 5.687162 1.383993 -9.323307
v 5.472462 1.398593 -9.341278
v 5.832056 1.267102 -9.798744
v 5.961418 1.260867 -9.348260
v 5.687162 1.383993 -9.323307
v 5.961418 1.260867 -9.348260
v 5.822133 1.351949 -9.061235
v 5.687162 1.383993 -9.323307
v 5.961418 1.260867 -9.348260
v 6.042132 1.179496 -8.830522
v 5.847116 1.355497 -8.723570
v 5.961418 1.260867 -9.348260
v 5.847116 1.355497 -8.723570
v 5.822133 1.351949 -9.061235
v 6.042132 1.179496 -8.830522
v 5.877872 1.142438 -8.383957
v 5.847116 1.355497 -8.723570
v 5.877872 1.142438 -8.383957
v 5.737321 1.300957 -8.412679
v 5.847116 1.355497 -8.723570
v 5.877872 1.142438 -8.383957
v 5.617630 1.050225 -8.034654
v 5.594445 1.204900 -8.239650
v 5.877872 1.142438 -8.383957
v 5.594445 1.204900 -8.239650
v 5.737321 1.300957 -8.412679
v 5.617630 1.050225 -8.034654
v 5.363992 0.927898 -7.924279
v 5.594445 1.204900 -8.239650
v 5.363992 0.927898 -7.924279
v 5.367807 1.177037 -8.063836
v 5.594445 1.204900 -8.239650
v 5.363992 0.927898 -7.924279
v 4.985195 0.798454 -7.845833
v 5.190484 1.079087 -8.108453
v 5.363992 0.927898 -7.924279
v 5.190484 1.079087 -8.108453
v 5.367807 1.177037 -8.063836
v 4.985195 0.798454 -7.845833
v 4.755522 0.835061 -8.204985
v 5.190484 1.079087 -8.108453
v 4.755522 0.835061 -8.204985
v 5.025401 1.088841 -8.324047
v 5.190484 1.079087 -8.108453
v 4.755522 0.835061 -8.204985
v 4.662556 1.003082 -8.684815
v 4.951332 1.213319 -8.639250
v 4.755522 0.835061 -8.204985
v 4.951332 1.213319 -8.639250
v 5.025401 1.088841 -8.324047
v 4.662556 1.003082 -8.684815
v 4.613914 1.106911 -9.107280
v 4.951332 1.213319 -8.639250
v 4.613914 1.106911 -9.107280
v 4.896386 1.256647 -8.934576
v 4.951332 1.213319 -8.639250
v 4.896386 1.256647 -8.934576
v 5.128540 1.381916 -9.104961
v 5.304139 1.416239 -8.966531
v 5.040951 0.381756 -9.657295
v 4.689377 0.294804 -9.396411
v 5.428089 0.300083 -9.028615
v 5.128540 1.381916 -9.104961
v 5.253734 1.387519 -9.340528
v 5.304139 1.416239 -8.966531
v 5.214531 0.465444 -9.996511
v 5.040951 0.381756 -9.657295
v 5.428089 0.300083 -9.028615
v 5.253734 1.387519 -9.340528
v 5.472462 1.398593 -9.341278
v 5.304139 1.416239 -8.966531
v 5.581931 0.508919 -10.024471
v 5.214531 0.465444 -9.996511
v 5.428089 0.300083 -9.028615
v 5.472462 1.398593 -9.341278
v 5.687162 1.383993 -9.323307
v 5.304139 1.416239 -8.966531
v 5.941978 0.539818 -9.991446
v 5.581931 0.508919 -10.024471
v 5.428089 0.300083 -9.028615
v 5.687162 1.383993 -9.323307
v 5.822133 1.351949 -9.061235
v 5.304139 1.416239 -8.966531
v 6.093717 0.458192 -9.488897
v 5.941978 0.539818 -9.991446
v 5.428089 0.300083 -9.028615
v 5.822133 1.351949 -9.061235
v 5.847116 1.355497 -8.723570
v 5.304139 1.416239 -8.966531
v 6.232481 0.375308 -8.986790
v 6.093717 0.458192 -9.488897
v 5.428089 0.300083 -9.028615
v 5.847116 1.355497 -8.723570
v 5.737321 1.300957 -8.412679
v 5.304139 1.416239 -8.966531
v 6.037838 0.249499 -8.441385
v 6.232481 0.375308 -8.986790
v 5.428089 0.300083 -9.028615
v 5.737321 1.300957 -8.412679
v 5.594445 1.204900 -8.239650
v 5.304139 1.416239 -8.966531
v 5.734028 0.163459 -8.159673
v 6.037838 0.249499 -8.441385
v 5.428089 0.300083 -9.028615
v 5.594445 1.204900 -8.239650
v 5.367807 1.177037 -8.063836
v 5.304139 1.416239 -8.966531
v 5.474762 0.110092 -8.022811
v 5.734028 0.163459 -8.159673
v 5.428089 0.300083 -9.028615
v 5.367807 1.177037 -8.063836
v 5.190484 1.079087 -8.108453
v 5.304139 1.416239 -8.966531
v 5.090450 0.062754 -7.983951
v 5.474762 0.110092 -8.022811
v 5.428089 0.300083 -9.028615
v 5.190484 1.079087 -8.108453
v 5.025401 1.088841 -8.324047
v 5.304139 1.416239 -8.966531
v 4.801312 0.097238 -8.316604
v 5.090450 0.062754 -7.983951
v 5.428089 0.300083 -9.028615
v 5.025401 1.088841 -8.324047
v 4.951332 1.213319 -8.639250
v 5.304139 1.416239 -8.966531
v 4.724519 0.192822 -8.851128
v 4.801312 0.097238 -8.316604
v 5.428089 0.300083 -9.028615
v 4.951332 1.213319 -8.639250
v 4.896386 1.256647 -8.934576
v 5.304139 1.416239 -8.966531
v 4.689377 0.294804 -9.396411
v 4.724519 0.192822 -8.851128
v 5.428089 0.300083 -9.028615
vn -0.5430 -0.2288 -0.8080
vn -0.4776 -0.6464 -0.5950
vn -0.6654 -0.5706 -0.4813
vn -0.5526 -0.6602 -0.5088
vn 0.0145 -0.6244 -0.7810
vn -0.0720 -0.7409 -0.6677
vn 0.1238 -0.5911 -0.7970
vn 0.1949 -0.7090 -0.6778
vn 0.7673 -0.5547 -0.3218
vn 0.4160 -0.8264 -0.3795
vn 0.8144 -0.4928 -0.3064
vn 0.6399 -0.7506 -0.1648
vn 0.8237 -0.5412 0.1691
vn 0.8879 -0.2836 0.3623
vn 0.6429 -0.5604 0.5222
vn 0.7600 -0.3311 0.5592
vn 0.4683 -0.5912 0.6566
vn 0.5008 -0.6556 0.5652
vn 0.1542 -0.8746 0.4596
vn 0.2107 -0.7953 0.5684
vn -0.4000 -0.8799 0.2564
vn -0.6976 -0.6156 0.3666
vn -0.8418 -0.5392 0.0245
vn -0.8655 -0.4981 0.0530
vn -0.8460 -0.5312 -0.0448
vn -0.7885 -0.6143 -0.0304
vn -0.7893 0.2789 -0.5471
vn -0.7726 0.2067 -0.6004
vn -0.8333 0.2637 -0.4859
vn -0.8537 0.1979 -0.4817
vn 0.0414 0.5337 -0.8447
vn 0.2751 0.1829 -0.9438
vn 0.0882 0.5418 -0.8358
vn 0.0083 0.3430 -0.9393
vn 0.7625 0.5814 -0.2839
vn 0.8100 0.5176 -0.2756
vn 0.8417 0.5270 -0.1170
vn 0.7001 0.7134 0.0301
vn 0.8229 0.2926 0.4870
vn 0.7124 0.6179 0.3325
vn 0.6775 0.3102 0.6669
vn 0.7907 0.1612 0.5906
vn 0.4756 0.3558 0.8045
vn 0.4565 0.0843 0.8857
vn -0.0813 0.2336 0.9689
vn 0.2052 -0.1257 0.9706
vn -0.8285 0.0129 0.5598
vn -0.8536 -0.4217 0.3058
vn -0.9822 -0.0666 0.1759
vn -0.9834 -0.0516 0.1739
vn -0.9920 0.0076 0.1258
vn -0.9943 -0.0278 0.1030
vn -0.7277 -0.1268 -0.6741
vn -0.6932 0.1563 -0.7036
vn -0.8566 0.1684 -0.4877
vn -0.8189 0.0846 -0.5677
vn 0.1948 0.6216 -0.7587
vn -0.0313 0.3385 -0.9405
vn 0.0166 0.1810 -0.9833
vn -0.0717 0.3345 -0.9397
vn 0.8924 0.3039 -0.3336
vn 0.8389 0.5078 -0.1962
vn 0.9872 0.0756 -0.1402
vn 0.8451 0.5031 -0.1808
vn 0.9195 -0.0177 0.3928
vn 0.9186 -0.0134 0.3949
vn 0.7702 0.2250 0.5967
vn 0.7323 -0.1194 0.6705
vn 0.4214 0.1737 0.8901
vn 0.6373 -0.0646 0.7679
vn 0.1709 0.0431 0.9844
vn 0.0552 -0.2001 0.9782
vn -0.8807 0.1586 0.4462
vn -0.8406 -0.1478 0.5210
vn -0.9835 -0.0442 0.1754
vn -0.9855 -0.1337 0.1044
vn -0.9943 -0.0204 0.1048
vn -0.9780 -0.1653 0.1276
vn -0.6604 0.6266 -0.4139
vn -0.6563 0.6101 -0.4439
vn -0.7075 0.6014 -0.3712
vn -0.8071 0.4534 -0.3782
vn 0.0209 0.6016 -0.7985
vn -0.0358 0.6687 -0.7427
vn -0.0709 0.5923 -0.8026
vn 0.0305 0.7041 -0.7094
vn 0.9276 0.2929 -0.2319
vn 0.8920 0.3761 -0.2509
vn 0.9223 0.2983 -0.2458
vn 0.8504 0.5238 -0.0503
vn 0.8567 0.3152 0.4083
vn 0.8332 0.4340 0.3425
vn 0.6865 0.2251 0.6914
vn 0.7874 0.0888 0.6101
vn 0.5083 0.3173 0.8006
vn 0.4200 -0.0533 0.9060
vn -0.1080 0.4558 0.8835
vn 0.1164 0.2430 0.9630
vn -0.8166 0.1494 0.5576
vn -0.8320 0.1117 0.5434
vn -0.9309 0.3100 0.1931
vn -0.9649 0.1253 0.2308
vn -0.9630 0.1879 0.1929
vn -0.9810 0.1290 0.1447
vn -0.4121 0.9045 -0.1101
vn -0.5344 0.8378 -0.1121
vn -0.4648 0.8837 -0.0550
vn -0.4232 0.8828 -0.2039
vn 0.0333 0.9774 -0.2085
vn -0.0499 0.9691 -0.2417
vn 0.0407 0.9731 -0.2268
vn 0.0864 0.9649 -0.2482
vn 0.3997 0.9109 -0.1022
vn 0.4005 0.9114 -0.0948
vn 0.6733 0.7393 0.0112
vn 0.4805 0.8758 -0.0448
vn 0.7254 0.6108 0.3175
vn 0.6681 0.6560 0.3510
vn 0.4258 0.7448 0.5138
vn 0.4727 0.5447 0.6927
vn -0.1154 0.7866 0.6066
vn 0.5274 0.4091 0.7447
vn -0.1033 0.7189 0.6874
vn -0.4413 0.4437 0.7800
vn -0.5140 0.7557 0.4057
vn -0.5127 0.7452 0.4263
vn -0.5847 0.7237 0.3667
vn -0.5184 0.7468 0.4167
vn -0.5950 0.7619 0.2558
vn -0.5589 0.7992 0.2212
vn -0.3424 0.9164 0.2072
vn 0.1012 -0.9767 -0.1892
vn -0.1490 0.9873 -0.0557
vn -0.0507 0.9963 -0.0697
vn 0.0692 0.9975 -0.0159
vn 0.1325 0.9898 0.0528
vn 0.1197 0.9926 -0.0193
vn 0.0283 0.9828 0.1824
vn -0.1980 0.9172 0.3457
vn 0.0756 0.9652 0.2504
vn -0.5158 0.8184 0.2533
vn -0.3440 0.8886 0.3036
vn -0.1553 0.9058 0.3942
vn -0.3437 0.9178 0.1986
s 0
usemtl Material_0
f 5149//1586 5151//1586 5150//1586
f 5152//1587 5154//1587 5153//1587
f 5155//1588 5157//1588 5156//1588
f 5158//1589 5160//1589 5159//1589
f 5161//1590 5163//1590 5162//1590
f 5164//1591 5166//1591 5165//1591
f 5167//1592 5169//1592 5168//1592
f 5170//1593 5172//1593 5171//1593
s 1
f 5173//1594 5175//1594 5174//1594
s 0
f 5176//1595 5178//1595 5177//1595
f 5179//1596 5181//1596 5180//1596
f 5182//1597 5184//1597 5183//1597
f 5185//1598 5187//1598 5186//1598
f 5188//1599 5190//1599 5189//1599
f 5191//1600 5193//1600 5192//1600
f 5194//1601 5196//1601 5195//1601
f 5197//1602 5199//1602 5198//1602
f 5200//1603 5202//1603 5201//1603
f 5203//1604 5205//1604 5204//1604
f 5206//1605 5208//1605 5207//1605
f 5209//1606 5211//1606 5210//1606
f 5212//1607 5214//1607 5213//1607
f 5215//1608 5217//1608 5216//1608
f 5218//1609 5220//1609 5219//1609
f 5221//1610 5223//1610 5222//1610
f 5224//1611 5226//1611 5225//1611
f 5227//1612 5229//1612 5228//1612
f 5230//1613 5232//1613 5231//1613
f 5233//1614 5235//1614 5234//1614
f 5236//1615 5238//1615 5237//1615
f 5239//1616 5241//1616 5240//1616
f 5242//1617 5244//1617 5243//1617
f 5245//1618 5247//1618 5246//1618
f 5248//1619 5250//1619 5249//1619
f 5251//1620 5253//1620 5252//1620
f 5254//1621 5256//1621 5255//1621
f 5257//1622 5259//1622 5258//1622
f 5260//1623 5262//1623 5261//1623
f 5263//1624 5265//1624 5264//1624
f 5266//1625 5268//1625 5267//1625
f 5269//1626 5271//1626 5270//1626
f 5272//1627 5274//1627 5273//1627
f 5275//1628 5277//1628 5276//1628
f 5278//1629 5280//1629 5279//1629
f 5281//1630 5283//1630 5282//1630
f 5284//1631 5286//1631 5285//1631
f 5287//1632 5289//1632 5288//1632
f 5290//1633 5292//1633 5291//1633
f 5293//1634 5295//1634 5294//1634
f 5296//1635 5298//1635 5297//1635
f 5299//1636 5301//1636 5300//1636
f 5302//1637 5304//1637 5303//1637
f 5305//1638 5307//1638 5306//1638
f 5308//1639 5310//1639 5309//1639
f 5311//1640 5313//1640 5312//1640
f 5314//1641 5316//1641 5315//1641
f 5317//1642 5319//1642 5318//1642
f 5320//1643 5322//1643 5321//1643
f 5323//1644 5325//1644 5324//1644
f 5326//1645 5328//1645 5327//1645
f 5329//1646 5331//1646 5330//1646
f 5332//1647 5334//1647 5333//1647
f 5335//1648 5337//1648 5336//1648
f 5338//1649 5340//1649 5339//1649
f 5341//1650 5343//1650 5342//1650
f 5344//1651 5346//1651 5345//1651
f 5347//1652 5349//1652 5348//1652
f 5350//1653 5352//1653 5351//1653
f 5353//1654 5355//1654 5354//1654
f 5356//1655 5358//1655 5357//1655
f 5359//1656 5361//1656 5360//1656
f 5362//1657 5364//1657 5363//1657
f 5365//1658 5367//1658 5366//1658
f 5368//1659 5370//1659 5369//1659
f 5371//1660 5373//1660 5372//1660
f 5374//1661 5376//1661 5375//1661
f 5377//1662 5379//1662 5378//1662
f 5380//1663 5382//1663 5381//1663
f 5383//1664 5385//1664 5384//1664
f 5386//1665 5388//1665 5387//1665
f 5389//1666 5391//1666 5390//1666
f 5392//1667 5394//1667 5393//1667
f 5395//1668 5397//1668 5396//1668
f 5398//1669 5400//1669 5399//1669
f 5401//1670 5403//1670 5402//1670
f 5404//1671 5406//1671 5405//1671
f 5407//1672 5409//1672 5408//1672
f 5410//1673 5412//1673 5411//1673
f 5413//1674 5415//1674 5414//1674
f 5416//1675 5418//1675 5417//1675
f 5419//1676 5421//1676 5420//1676
f 5422//1677 5424//1677 5423//1677
f 5425//1678 5427//1678 5426//1678
f 5428//1679 5430//1679 5429//1679
f 5431//1680 5433//1680 5432//1680
f 5434//1681 5436//1681 5435//1681
f 5437//1682 5439//1682 5438//1682
f 5440//1683 5442//1683 5441//1683
f 5443//1684 5445//1684 5444//1684
f 5446//1685 5448//1685 5447//1685
f 5449//1686 5451//1686 5450//1686
f 5452//1687 5454//1687 5453//1687
f 5455//1688 5457//1688 5456//1688
f 5458//1689 5460//1689 5459//1689
f 5461//1690 5463//1690 5462//1690
f 5464//1691 5466//1691 5465//1691
f 5467//1692 5469//1692 5468//1692
f 5470//1693 5472//1693 5471//1693
f 5473//1694 5475//1694 5474//1694
f 5476//1695 5478//1695 5477//1695
f 5479//1696 5481//1696 5480//1696
f 5482//1697 5484//1697 5483//1697
f 5485//1698 5487//1698 5486//1698
f 5488//1699 5490//1699 5489//1699
s 1
f 5491//1700 5493//1700 5492//1700
s 0
f 5494//1701 5496//1701 5495//1701
f 5497//1702 5499//1702 5498//1702
f 5500//1703 5502//1703 5501//1703
f 5503//1704 5505//1704 5504//1704
f 5506//1705 5508//1705 5507//1705
f 5509//1706 5511//1706 5510//1706
f 5512//1707 5514//1707 5513//1707
f 5515//1708 5517//1708 5516//1708
f 5518//1709 5520//1709 5519//1709
f 5521//1710 5523//1710 5522//1710
f 5524//1711 5526//1711 5525//1711
f 5527//1712 5529//1712 5528//1712
f 5530//1713 5532//1713 5531//1713
f 5533//1714 5535//1714 5534//1714
s 1
f 5536//1715 5538//1715 5537//1715
s 0
f 5539//1716 5541//1716 5540//1716
f 5542//1717 5544//1717 5543//1717
f 5545//1718 5547//1718 5546//1718
f 5548//1717 5550//1717 5549//1717
f 5551//1719 5553//1719 5552//1719
f 5554//1717 5556//1717 5555//1717
f 5557//1720 5559//1720 5558//1720
f 5560//1717 5562//1717 5561//1717
f 5563//1721 5565//1721 5564//1721
f 5566//1717 5568//1717 5567//1717
f 5569//1722 5571//1722 5570//1722
f 5572//1717 5574//1717 5573//1717
f 5575//1723 5577//1723 5576//1723
f 5578//1717 5580//1717 5579//1717
f 5581//1724 5583//1724 5582//1724
f 5584//1717 5586//1717 5585//1717
f 5587//1725 5589//1725 5588//1725
f 5590//1717 5592//1717 5591//1717
f 5593//1726 5595//1726 5594//1726
f 5596//1717 5598//1717 5597//1717
f 5599//1727 5601//1727 5600//1727
f 5602//1717 5604//1717 5603//1717
f 5605//1728 5607//1728 5606//1728
f 5608//1717 5610//1717 5609//1717
f 5611//1729 5613//1729 5612//1729
f 5614//1717 5616//1717 5615//1717
o rockInstances_012
v 3.101190 -0.064164 -5.400614
v 3.505323 -0.014732 -5.873866
v 2.915924 0.195671 -5.309537
v 3.505323 -0.014732 -5.873866
v 3.211302 0.270675 -5.903367
v 2.915924 0.195671 -5.309537
v 3.505323 -0.014732 -5.873866
v 3.602515 0.011330 -6.304563
v 3.418484 0.286996 -6.462063
v 3.505323 -0.014732 -5.873866
v 3.418484 0.286996 -6.462063
v 3.211302 0.270675 -5.903367
v 3.602515 0.011330 -6.304563
v 4.143841 0.061061 -6.569997
v 3.418484 0.286996 -6.462063
v 4.143841 0.061061 -6.569997
v 4.032447 0.224023 -6.715370
v 3.418484 0.286996 -6.462063
v 4.143841 0.061061 -6.569997
v 4.703724 0.109320 -6.773532
v 4.750581 0.309426 -6.937789
v 4.143841 0.061061 -6.569997
v 4.750581 0.309426 -6.937789
v 4.032447 0.224023 -6.715370
v 4.703724 0.109320 -6.773532
v 5.177342 0.125811 -6.401726
v 4.750581 0.309426 -6.937789
v 5.177342 0.125811 -6.401726
v 5.279119 0.300335 -6.686972
v 4.750581 0.309426 -6.937789
v 5.177342 0.125811 -6.401726
v 5.631147 0.140557 -6.021885
v 5.816250 0.427667 -6.116725
v 5.177342 0.125811 -6.401726
v 5.816250 0.427667 -6.116725
v 5.279119 0.300335 -6.686972
v 5.631147 0.140557 -6.021885
v 5.602429 0.110033 -5.384384
v 5.816250 0.427667 -6.116725
v 5.602429 0.110033 -5.384384
v 5.664207 0.360381 -5.378369
v 5.816250 0.427667 -6.116725
v 5.602429 0.110033 -5.384384
v 5.280570 0.066873 -4.922730
v 5.399848 0.322120 -4.889740
v 5.602429 0.110033 -5.384384
v 5.399848 0.322120 -4.889740
v 5.664207 0.360381 -5.378369
v 5.280570 0.066873 -4.922730
v 4.955536 0.030857 -4.625731
v 5.399848 0.322120 -4.889740
v 4.955536 0.030857 -4.625731
v 4.956064 0.297457 -4.413386
v 5.399848 0.322120 -4.889740
v 4.955536 0.030857 -4.625731
v 4.393966 -0.021238 -4.339077
v 4.376165 0.144831 -4.157968
v 4.955536 0.030857 -4.625731
v 4.376165 0.144831 -4.157968
v 4.956064 0.297457 -4.413386
v 4.393966 -0.021238 -4.339077
v 3.795453 -0.057583 -4.462307
v 4.376165 0.144831 -4.157968
v 3.795453 -0.057583 -4.462307
v 3.733245 0.136841 -4.373974
v 4.376165 0.144831 -4.157968
v 3.795453 -0.057583 -4.462307
v 3.419483 -0.063722 -4.912861
v 3.273696 0.177166 -4.854952
v 3.795453 -0.057583 -4.462307
v 3.273696 0.177166 -4.854952
v 3.733245 0.136841 -4.373974
v 3.419483 -0.063722 -4.912861
v 3.101190 -0.064164 -5.400614
v 3.273696 0.177166 -4.854952
v 3.101190 -0.064164 -5.400614
v 2.915924 0.195671 -5.309537
v 3.273696 0.177166 -4.854952
v 2.915924 0.195671 -5.309537
v 3.211302 0.270675 -5.903367
v 3.270847 0.584278 -5.892387
v 2.915924 0.195671 -5.309537
v 3.270847 0.584278 -5.892387
v 2.947473 0.503305 -5.297729
v 3.211302 0.270675 -5.903367
v 3.418484 0.286996 -6.462063
v 3.270847 0.584278 -5.892387
v 3.418484 0.286996 -6.462063
v 3.456456 0.550510 -6.468090
v 3.270847 0.584278 -5.892387
v 3.418484 0.286996 -6.462063
v 4.032447 0.224023 -6.715370
v 3.989918 0.598124 -6.587198
v 3.418484 0.286996 -6.462063
v 3.989918 0.598124 -6.587198
v 3.456456 0.550510 -6.468090
v 4.032447 0.224023 -6.715370
v 4.750581 0.309426 -6.937789
v 3.989918 0.598124 -6.587198
v 4.750581 0.309426 -6.937789
v 4.623275 0.620753 -6.844022
v 3.989918 0.598124 -6.587198
v 4.750581 0.309426 -6.937789
v 5.279119 0.300335 -6.686972
v 5.147708 0.670289 -6.530794
v 4.750581 0.309426 -6.937789
v 5.147708 0.670289 -6.530794
v 4.623275 0.620753 -6.844022
v 5.279119 0.300335 -6.686972
v 5.816250 0.427667 -6.116725
v 5.147708 0.670289 -6.530794
v 5.816250 0.427667 -6.116725
v 5.607224 0.661008 -5.999533
v 5.147708 0.670289 -6.530794
v 5.816250 0.427667 -6.116725
v 5.664207 0.360381 -5.378369
v 5.529952 0.762790 -5.457752
v 5.816250 0.427667 -6.116725
v 5.529952 0.762790 -5.457752
v 5.607224 0.661008 -5.999533
v 5.664207 0.360381 -5.378369
v 5.399848 0.322120 -4.889740
v 5.529952 0.762790 -5.457752
v 5.399848 0.322120 -4.889740
v 5.310122 0.691947 -4.894787
v 5.529952 0.762790 -5.457752
v 5.399848 0.322120 -4.889740
v 4.956064 0.297457 -4.413386
v 4.855807 0.525954 -4.449348
v 5.399848 0.322120 -4.889740
v 4.855807 0.525954 -4.449348
v 5.310122 0.691947 -4.894787
v 4.956064 0.297457 -4.413386
v 4.376165 0.144831 -4.157968
v 4.855807 0.525954 -4.449348
v 4.376165 0.144831 -4.157968
v 4.274588 0.422024 -4.106566
v 4.855807 0.525954 -4.449348
v 4.376165 0.144831 -4.157968
v 3.733245 0.136841 -4.373974
v 3.674065 0.450292 -4.430790
v 4.376165 0.144831 -4.157968
v 3.674065 0.450292 -4.430790
v 4.274588 0.422024 -4.106566
v 3.733245 0.136841 -4.373974
v 3.273696 0.177166 -4.854952
v 3.674065 0.450292 -4.430790
v 3.273696 0.177166 -4.854952
v 3.296472 0.461291 -4.832182
v 3.674065 0.450292 -4.430790
v 3.273696 0.177166 -4.854952
v 2.915924 0.195671 -5.309537
v 2.947473 0.503305 -5.297729
v 3.273696 0.177166 -4.854952
v 2.947473 0.503305 -5.297729
v 3.296472 0.461291 -4.832182
v 2.947473 0.503305 -5.297729
v 3.270847 0.584278 -5.892387
v 2.880829 0.830809 -5.312799
v 3.270847 0.584278 -5.892387
v 3.244992 0.978889 -5.824891
v 2.880829 0.830809 -5.312799
v 3.270847 0.584278 -5.892387
v 3.456456 0.550510 -6.468090
v 3.446726 0.993046 -6.295910
v 3.270847 0.584278 -5.892387
v 3.446726 0.993046 -6.295910
v 3.244992 0.978889 -5.824891
v 3.456456 0.550510 -6.468090
v 3.989918 0.598124 -6.587198
v 3.446726 0.993046 -6.295910
v 3.989918 0.598124 -6.587198
v 3.988473 0.894900 -6.547297
v 3.446726 0.993046 -6.295910
v 3.989918 0.598124 -6.587198
v 4.623275 0.620753 -6.844022
v 4.556309 0.898379 -6.814544
v 3.989918 0.598124 -6.587198
v 4.556309 0.898379 -6.814544
v 3.988473 0.894900 -6.547297
v 4.623275 0.620753 -6.844022
v 5.147708 0.670289 -6.530794
v 4.556309 0.898379 -6.814544
v 5.147708 0.670289 -6.530794
v 5.037184 1.002855 -6.410916
v 4.556309 0.898379 -6.814544
v 5.147708 0.670289 -6.530794
v 5.607224 0.661008 -5.999533
v 5.597888 0.994977 -5.996518
v 5.147708 0.670289 -6.530794
v 5.597888 0.994977 -5.996518
v 5.037184 1.002855 -6.410916
v 5.607224 0.661008 -5.999533
v 5.529952 0.762790 -5.457752
v 5.597888 0.994977 -5.996518
v 5.529952 0.762790 -5.457752
v 5.516572 1.045801 -5.425673
v 5.597888 0.994977 -5.996518
v 5.529952 0.762790 -5.457752
v 5.310122 0.691947 -4.894787
v 5.205830 1.052696 -4.922214
v 5.529952 0.762790 -5.457752
v 5.205830 1.052696 -4.922214
v 5.516572 1.045801 -5.425673
v 5.310122 0.691947 -4.894787
v 4.855807 0.525954 -4.449348
v 5.205830 1.052696 -4.922214
v 4.855807 0.525954 -4.449348
v 4.810119 0.924812 -4.418503
v 5.205830 1.052696 -4.922214
v 4.855807 0.525954 -4.449348
v 4.274588 0.422024 -4.106566
v 4.312509 0.809547 -4.192771
v 4.855807 0.525954 -4.449348
v 4.312509 0.809547 -4.192771
v 4.810119 0.924812 -4.418503
v 4.274588 0.422024 -4.106566
v 3.674065 0.450292 -4.430790
v 4.312509 0.809547 -4.192771
v 3.674065 0.450292 -4.430790
v 3.627090 0.806557 -4.435571
v 4.312509 0.809547 -4.192771
v 3.674065 0.450292 -4.430790
v 3.296472 0.461291 -4.832182
v 3.328628 0.825707 -4.803989
v 3.674065 0.450292 -4.430790
v 3.328628 0.825707 -4.803989
v 3.627090 0.806557 -4.435571
v 3.296472 0.461291 -4.832182
v 2.947473 0.503305 -5.297729
v 3.328628 0.825707 -4.803989
v 2.947473 0.503305 -5.297729
v 2.880829 0.830809 -5.312799
v 3.328628 0.825707 -4.803989
v 2.880829 0.830809 -5.312799
v 3.244992 0.978889 -5.824891
v 3.408615 1.284475 -5.740194
v 2.880829 0.830809 -5.312799
v 3.408615 1.284475 -5.740194
v 3.089678 1.225751 -5.230978
v 3.244992 0.978889 -5.824891
v 3.446726 0.993046 -6.295910
v 3.408615 1.284475 -5.740194
v 3.446726 0.993046 -6.295910
v 3.558930 1.317272 -6.194069
v 3.408615 1.284475 -5.740194
v 3.446726 0.993046 -6.295910
v 3.988473 0.894900 -6.547297
v 4.013354 1.277646 -6.414148
v 3.446726 0.993046 -6.295910
v 4.013354 1.277646 -6.414148
v 3.558930 1.317272 -6.194069
v 3.988473 0.894900 -6.547297
v 4.556309 0.898379 -6.814544
v 4.013354 1.277646 -6.414148
v 4.556309 0.898379 -6.814544
v 4.597618 1.246767 -6.654615
v 4.013354 1.277646 -6.414148
v 4.556309 0.898379 -6.814544
v 5.037184 1.002855 -6.410916
v 5.009168 1.361199 -6.328596
v 4.556309 0.898379 -6.814544
v 5.009168 1.361199 -6.328596
v 4.597618 1.246767 -6.654615
v 5.037184 1.002855 -6.410916
v 5.597888 0.994977 -5.996518
v 5.009168 1.361199 -6.328596
v 5.597888 0.994977 -5.996518
v 5.382437 1.383692 -5.898124
v 5.009168 1.361199 -6.328596
v 5.597888 0.994977 -5.996518
v 5.516572 1.045801 -5.425673
v 5.348639 1.456851 -5.384369
v 5.597888 0.994977 -5.996518
v 5.348639 1.456851 -5.384369
v 5.382437 1.383692 -5.898124
v 5.516572 1.045801 -5.425673
v 5.205830 1.052696 -4.922214
v 5.348639 1.456851 -5.384369
v 5.205830 1.052696 -4.922214
v 5.125355 1.422608 -4.888204
v 5.348639 1.456851 -5.384369
v 5.205830 1.052696 -4.922214
v 4.810119 0.924812 -4.418503
v 4.799193 1.276533 -4.606863
v 5.205830 1.052696 -4.922214
v 4.799193 1.276533 -4.606863
v 5.125355 1.422608 -4.888204
v 4.810119 0.924812 -4.418503
v 4.312509 0.809547 -4.192771
v 4.799193 1.276533 -4.606863
v 4.312509 0.809547 -4.192771
v 4.268476 1.113343 -4.273862
v 4.799193 1.276533 -4.606863
v 4.312509 0.809547 -4.192771
v 3.627090 0.806557 -4.435571
v 3.747290 1.071586 -4.459059
v 4.312509 0.809547 -4.192771
v 3.747290 1.071586 -4.459059
v 4.268476 1.113343 -4.273862
v 3.627090 0.806557 -4.435571
v 3.328628 0.825707 -4.803989
v 3.747290 1.071586 -4.459059
v 3.328628 0.825707 -4.803989
v 3.369803 1.188782 -4.862394
v 3.747290 1.071586 -4.459059
v 3.328628 0.825707 -4.803989
v 2.880829 0.830809 -5.312799
v 3.089678 1.225751 -5.230978
v 3.328628 0.825707 -4.803989
v 3.089678 1.225751 -5.230978
v 3.369803 1.188782 -4.862394
v 3.089678 1.225751 -5.230978
v 3.408615 1.284475 -5.740194
v 3.593622 1.491321 -5.279599
v 3.408615 1.284475 -5.740194
v 3.858427 1.625375 -5.602038
v 3.593622 1.491321 -5.279599
v 3.408615 1.284475 -5.740194
v 3.558930 1.317272 -6.194069
v 3.935257 1.565305 -5.895072
v 3.408615 1.284475 -5.740194
v 3.935257 1.565305 -5.895072
v 3.858427 1.625375 -5.602038
v 3.558930 1.317272 -6.194069
v 4.013354 1.277646 -6.414148
v 3.935257 1.565305 -5.895072
v 4.013354 1.277646 -6.414148
v 4.265772 1.577348 -6.036198
v 3.935257 1.565305 -5.895072
v 4.013354 1.277646 -6.414148
v 4.597618 1.246767 -6.654615
v 4.600254 1.556539 -6.153459
v 4.013354 1.277646 -6.414148
v 4.600254 1.556539 -6.153459
v 4.265772 1.577348 -6.036198
v 4.597618 1.246767 -6.654615
v 5.009168 1.361199 -6.328596
v 4.600254 1.556539 -6.153459
v 5.009168 1.361199 -6.328596
v 4.931374 1.579708 -5.996744
v 4.600254 1.556539 -6.153459
v 5.009168 1.361199 -6.328596
v 5.382437 1.383692 -5.898124
v 5.130452 1.679092 -5.708187
v 5.009168 1.361199 -6.328596
v 5.130452 1.679092 -5.708187
v 4.931374 1.579708 -5.996744
v 5.382437 1.383692 -5.898124
v 5.348639 1.456851 -5.384369
v 5.130452 1.679092 -5.708187
v 5.348639 1.456851 -5.384369
v 5.115084 1.687204 -5.348477
v 5.130452 1.679092 -5.708187
v 5.348639 1.456851 -5.384369
v 5.125355 1.422608 -4.888204
v 4.985518 1.595605 -5.085212
v 5.348639 1.456851 -5.384369
v 4.985518 1.595605 -5.085212
v 5.115084 1.687204 -5.348477
v 5.125355 1.422608 -4.888204
v 4.799193 1.276533 -4.606863
v 4.985518 1.595605 -5.085212
v 4.799193 1.276533 -4.606863
v 4.727420 1.607794 -4.778072
v 4.985518 1.595605 -5.085212
v 4.799193 1.276533 -4.606863
v 4.268476 1.113343 -4.273862
v 4.441731 1.453076 -4.689248
v 4.799193 1.276533 -4.606863
v 4.441731 1.453076 -4.689248
v 4.727420 1.607794 -4.778072
v 4.268476 1.113343 -4.273862
v 3.747290 1.071586 -4.459059
v 4.441731 1.453076 -4.689248
v 3.747290 1.071586 -4.459059
v 4.088177 1.410364 -4.781084
v 4.441731 1.453076 -4.689248
v 3.747290 1.071586 -4.459059
v 3.369803 1.188782 -4.862394
v 3.819897 1.508571 -5.040222
v 3.747290 1.071586 -4.459059
v 3.819897 1.508571 -5.040222
v 4.088177 1.410364 -4.781084
v 3.369803 1.188782 -4.862394
v 3.089678 1.225751 -5.230978
v 3.819897 1.508571 -5.040222
v 3.089678 1.225751 -5.230978
v 3.593622 1.491321 -5.279599
v 3.819897 1.508571 -5.040222
v 3.593622 1.491321 -5.279599
v 3.858427 1.625375 -5.602038
v 4.189113 1.711803 -5.594121
v 3.505323 -0.014732 -5.873866
v 3.101190 -0.064164 -5.400614
v 4.395839 0.032488 -5.537234
v 3.858427 1.625375 -5.602038
v 3.935257 1.565305 -5.895072
v 4.189113 1.711803 -5.594121
v 3.602515 0.011330 -6.304563
v 3.505323 -0.014732 -5.873866
v 4.395839 0.032488 -5.537234
v 3.935257 1.565305 -5.895072
v 4.265772 1.577348 -6.036198
v 4.189113 1.711803 -5.594121
v 4.143841 0.061061 -6.569997
v 3.602515 0.011330 -6.304563
v 4.395839 0.032488 -5.537234
v 4.265772 1.577348 -6.036198
v 4.600254 1.556539 -6.153459
v 4.189113 1.711803 -5.594121
v 4.703724 0.109320 -6.773532
v 4.143841 0.061061 -6.569997
v 4.395839 0.032488 -5.537234
v 4.600254 1.556539 -6.153459
v 4.931374 1.579708 -5.996744
v 4.189113 1.711803 -5.594121
v 5.177342 0.125811 -6.401726
v 4.703724 0.109320 -6.773532
v 4.395839 0.032488 -5.537234
v 4.931374 1.579708 -5.996744
v 5.130452 1.679092 -5.708187
v 4.189113 1.711803 -5.594121
v 5.631147 0.140557 -6.021885
v 5.177342 0.125811 -6.401726
v 4.395839 0.032488 -5.537234
v 5.130452 1.679092 -5.708187
v 5.115084 1.687204 -5.348477
v 4.189113 1.711803 -5.594121
v 5.602429 0.110033 -5.384384
v 5.631147 0.140557 -6.021885
v 4.395839 0.032488 -5.537234
v 5.115084 1.687204 -5.348477
v 4.985518 1.595605 -5.085212
v 4.189113 1.711803 -5.594121
v 5.280570 0.066873 -4.922730
v 5.602429 0.110033 -5.384384
v 4.395839 0.032488 -5.537234
v 4.985518 1.595605 -5.085212
v 4.727420 1.607794 -4.778072
v 4.189113 1.711803 -5.594121
v 4.955536 0.030857 -4.625731
v 5.280570 0.066873 -4.922730
v 4.395839 0.032488 -5.537234
v 4.727420 1.607794 -4.778072
v 4.441731 1.453076 -4.689248
v 4.189113 1.711803 -5.594121
v 4.393966 -0.021238 -4.339077
v 4.955536 0.030857 -4.625731
v 4.395839 0.032488 -5.537234
v 4.441731 1.453076 -4.689248
v 4.088177 1.410364 -4.781084
v 4.189113 1.711803 -5.594121
v 3.795453 -0.057583 -4.462307
v 4.393966 -0.021238 -4.339077
v 4.395839 0.032488 -5.537234
v 4.088177 1.410364 -4.781084
v 3.819897 1.508571 -5.040222
v 4.189113 1.711803 -5.594121
v 3.419483 -0.063722 -4.912861
v 3.795453 -0.057583 -4.462307
v 4.395839 0.032488 -5.537234
v 3.819897 1.508571 -5.040222
v 3.593622 1.491321 -5.279599
v 4.189113 1.711803 -5.594121
v 3.101190 -0.064164 -5.400614
v 3.419483 -0.063722 -4.912861
v 4.395839 0.032488 -5.537234
vn -0.7140 -0.2850 -0.6395
vn -0.6195 -0.6790 -0.3939
vn -0.7545 -0.6225 -0.2079
vn -0.6579 -0.7051 -0.2646
vn -0.3003 -0.6164 -0.7279
vn -0.3190 -0.7430 -0.5884
vn -0.2324 -0.5840 -0.7778
vn -0.1307 -0.7082 -0.6938
vn 0.4993 -0.6166 -0.6087
vn 0.2023 -0.8659 -0.4576
vn 0.5434 -0.5576 -0.6275
vn 0.5149 -0.8007 -0.3062
vn 0.8422 -0.5390 0.0121
vn 0.9549 -0.2399 0.1748
vn 0.7624 -0.4199 0.4923
vn 0.8644 -0.2241 0.4501
vn 0.6451 -0.3866 0.6591
vn 0.6578 -0.4700 0.5885
vn 0.3894 -0.6595 0.6430
vn 0.4532 -0.5559 0.6968
vn -0.0927 -0.7384 0.6680
vn -0.2760 -0.4694 0.8388
vn -0.6498 -0.5253 0.5494
vn -0.6554 -0.4761 0.5863
vn -0.7057 -0.5379 0.4610
vn -0.6313 -0.6155 0.4718
vn -0.8892 0.1835 -0.4191
vn -0.8795 0.1080 -0.4635
vn -0.9228 0.1870 -0.3368
vn -0.9416 0.1286 -0.3111
vn -0.3436 0.2692 -0.8997
vn -0.2187 0.0092 -0.9758
vn -0.3141 0.2756 -0.9085
vn -0.3767 0.1225 -0.9182
vn 0.3847 0.4716 -0.7935
vn 0.4363 0.4183 -0.7966
vn 0.5810 0.4829 -0.6551
vn 0.5386 0.7102 -0.4534
vn 0.9117 0.3474 0.2194
vn 0.7394 0.6729 -0.0210
vn 0.8080 0.3614 0.4654
vn 0.8982 0.2231 0.3788
vn 0.6631 0.3914 0.6380
vn 0.6577 0.1696 0.7340
vn 0.3230 0.2838 0.9029
vn 0.5045 0.0249 0.8630
vn -0.3178 0.1107 0.9417
vn -0.4614 -0.3224 0.8265
vn -0.7235 -0.0115 0.6903
vn -0.7283 0.0035 0.6852
vn -0.7834 0.0566 0.6189
vn -0.7993 0.0159 0.6007
vn -0.8501 -0.1955 -0.4889
vn -0.8201 0.0439 -0.5705
vn -0.9453 0.1001 -0.3106
vn -0.9193 0.0071 -0.3935
vn -0.2338 0.3481 -0.9078
vn -0.3999 0.1202 -0.9087
vn -0.3760 0.0077 -0.9266
vn -0.4234 0.1187 -0.8981
vn 0.4871 0.2076 -0.8483
vn 0.5205 0.4373 -0.7333
vn 0.7563 0.0270 -0.6537
vn 0.5382 0.4383 -0.7199
vn 0.9903 0.0265 0.1363
vn 0.9899 0.0311 0.1382
vn 0.8807 0.2835 0.3796
vn 0.8507 -0.0193 0.5253
vn 0.6338 0.2392 0.7356
vn 0.7806 0.0412 0.6237
vn 0.4833 0.1448 0.8634
vn 0.4173 -0.0225 0.9085
vn -0.4531 0.2356 0.8598
vn -0.3336 -0.0313 0.9422
vn -0.7282 0.0112 0.6853
vn -0.7760 -0.0939 0.6237
vn -0.7989 0.0240 0.6010
vn -0.7457 -0.1216 0.6551
vn -0.7613 0.5163 -0.3921
vn -0.7628 0.4906 -0.4212
vn -0.7936 0.5148 -0.3244
vn -0.8827 0.3885 -0.2643
vn -0.3481 0.3281 -0.8782
vn -0.3728 0.3930 -0.8406
vn -0.4045 0.3238 -0.8553
vn -0.3250 0.4261 -0.8443
vn 0.5977 0.2236 -0.7699
vn 0.5408 0.2971 -0.7869
vn 0.5811 0.2251 -0.7820
vn 0.6403 0.5020 -0.5814
vn 0.9246 0.3678 0.0990
vn 0.8733 0.4871 -0.0119
vn 0.8177 0.2838 0.5008
vn 0.8965 0.1569 0.4143
vn 0.6873 0.3594 0.6312
vn 0.6343 0.0672 0.7702
vn 0.2761 0.4604 0.8437
vn 0.4428 0.2906 0.8482
vn -0.3259 0.2291 0.9172
vn -0.3422 0.1957 0.9190
vn -0.7107 0.3751 0.5952
vn -0.6885 0.1906 0.6998
vn -0.7254 0.2508 0.6410
vn -0.7733 0.1852 0.6063
vn -0.4719 0.8595 -0.1964
vn -0.5722 0.8092 -0.1335
vn -0.4909 0.8654 -0.1000
vn -0.5160 0.8024 -0.2998
vn -0.1664 0.8516 -0.4970
vn -0.2429 0.8325 -0.4979
vn -0.1687 0.8388 -0.5176
vn -0.1433 0.8198 -0.5544
vn 0.1778 0.8367 -0.5181
vn 0.1828 0.8403 -0.5104
vn 0.4987 0.7279 -0.4705
vn 0.2821 0.8303 -0.4806
vn 0.7453 0.6651 -0.0457
vn 0.7032 0.7108 0.0140
vn 0.5459 0.7825 0.2996
vn 0.6411 0.5700 0.5139
vn 0.1524 0.7938 0.5888
vn 0.6949 0.4432 0.5663
vn 0.1995 0.7161 0.6689
vn 0.0246 0.4632 0.8859
vn -0.2576 0.7978 0.5451
vn -0.2428 0.7855 0.5693
vn -0.3359 0.7725 0.5389
vn -0.2533 0.7881 0.5610
vn -0.4201 0.8141 0.4009
vn -0.4147 0.8476 0.3310
vn -0.2526 0.9493 0.1872
vn 0.0697 -0.9966 -0.0446
vn -0.2388 0.9371 -0.2547
vn -0.1679 0.9347 -0.3134
vn -0.0451 0.9536 -0.2978
vn 0.0442 0.9705 -0.2369
vn -0.0061 0.9468 -0.3219
vn 0.0322 0.9993 -0.0212
vn -0.0553 0.9512 0.3037
vn 0.1106 0.9924 0.0535
vn -0.3604 0.8654 0.3481
vn -0.1950 0.9273 0.3196
vn 0.0066 0.9373 0.3484
vn -0.2587 0.9498 0.1761
s 0
usemtl Material_0
f 5617//1730 5619//1730 5618//1730
f 5620//1731 5622//1731 5621//1731
f 5623//1732 5625//1732 5624//1732
f 5626//1733 5628//1733 5627//1733
f 5629//1734 5631//1734 5630//1734
f 5632//1735 5634//1735 5633//1735
f 5635//1736 5637//1736 5636//1736
f 5638//1737 5640//1737 5639//1737
s 1
f 5641//1738 5643//1738 5642//1738
s 0
f 5644//1739 5646//1739 5645//1739
f 5647//1740 5649//1740 5648//1740
f 5650//1741 5652//1741 5651//1741
f 5653//1742 5655//1742 5654//1742
f 5656//1743 5658//1743 5657//1743
f 5659//1744 5661//1744 5660//1744
f 5662//1745 5664//1745 5663//1745
f 5665//1746 5667//1746 5666//1746
f 5668//1747 5670//1747 5669//1747
f 5671//1748 5673//1748 5672//1748
f 5674//1749 5676//1749 5675//1749
f 5677//1750 5679//1750 5678//1750
f 5680//1751 5682//1751 5681//1751
f 5683//1752 5685//1752 5684//1752
f 5686//1753 5688//1753 5687//1753
f 5689//1754 5691//1754 5690//1754
f 5692//1755 5694//1755 5693//1755
f 5695//1756 5697//1756 5696//1756
f 5698//1757 5700//1757 5699//1757
f 5701//1758 5703//1758 5702//1758
f 5704//1759 5706//1759 5705//1759
f 5707//1760 5709//1760 5708//1760
f 5710//1761 5712//1761 5711//1761
f 5713//1762 5715//1762 5714//1762
f 5716//1763 5718//1763 5717//1763
f 5719//1764 5721//1764 5720//1764
f 5722//1765 5724//1765 5723//1765
f 5725//1766 5727//1766 5726//1766
f 5728//1767 5730//1767 5729//1767
f 5731//1768 5733//1768 5732//1768
f 5734//1769 5736//1769 5735//1769
f 5737//1770 5739//1770 5738//1770
f 5740//1771 5742//1771 5741//1771
f 5743//1772 5745//1772 5744//1772
f 5746//1773 5748//1773 5747//1773
f 5749//1774 5751//1774 5750//1774
f 5752//1775 5754//1775 5753//1775
f 5755//1776 5757//1776 5756//1776
f 5758//1777 5760//1777 5759//1777
f 5761//1778 5763//1778 5762//1778
f 5764//1779 5766//1779 5765//1779
f 5767//1780 5769//1780 5768//1780
f 5770//1781 5772//1781 5771//1781
f 5773//1782 5775//1782 5774//1782
f 5776//1783 5778//1783 5777//1783
f 5779//1784 5781//1784 5780//1784
f 5782//1785 5784//1785 5783//1785
f 5785//1786 5787//1786 5786//1786
f 5788//1787 5790//1787 5789//1787
f 5791//1788 5793//1788 5792//1788
f 5794//1789 5796//1789 5795//1789
f 5797//1790 5799//1790 5798//1790
f 5800//1791 5802//1791 5801//1791
f 5803//1792 5805//1792 5804//1792
f 5806//1793 5808//1793 5807//1793
f 5809//1794 5811//1794 5810//1794
f 5812//1795 5814//1795 5813//1795
f 5815//1796 5817//1796 5816//1796
f 5818//1797 5820//1797 5819//1797
f 5821//1798 5823//1798 5822//1798
f 5824//1799 5826//1799 5825//1799
f 5827//1800 5829//1800 5828//1800
f 5830//1801 5832//1801 5831//1801
f 5833//1802 5835//1802 5834//1802
f 5836//1803 5838//1803 5837//1803
f 5839//1804 5841//1804 5840//1804
f 5842//1805 5844//1805 5843//1805
f 5845//1806 5847//1806 5846//1806
f 5848//1807 5850//1807 5849//1807
f 5851//1808 5853//1808 5852//1808
f 5854//1809 5856//1809 5855//1809
f 5857//1810 5859//1810 5858//1810
f 5860//1811 5862//1811 5861//1811
f 5863//1812 5865//1812 5864//1812
f 5866//1813 5868//1813 5867//1813
f 5869//1814 5871//1814 5870//1814
f 5872//1815 5874//1815 5873//1815
f 5875//1816 5877//1816 5876//1816
f 5878//1817 5880//1817 5879//1817
f 5881//1818 5883//1818 5882//1818
f 5884//1819 5886//1819 5885//1819
f 5887//1820 5889//1820 5888//1820
f 5890//1821 5892//1821 5891//1821
f 5893//1822 5895//1822 5894//1822
f 5896//1823 5898//1823 5897//1823
f 5899//1824 5901//1824 5900//1824
f 5902//1825 5904//1825 5903//1825
f 5905//1826 5907//1826 5906//1826
f 5908//1827 5910//1827 5909//1827
f 5911//1828 5913//1828 5912//1828
f 5914//1829 5916//1829 5915//1829
f 5917//1830 5919//1830 5918//1830
f 5920//1831 5922//1831 5921//1831
f 5923//1832 5925//1832 5924//1832
f 5926//1833 5928//1833 5927//1833
f 5929//1834 5931//1834 5930//1834
f 5932//1835 5934//1835 5933//1835
f 5935//1836 5937//1836 5936//1836
f 5938//1837 5940//1837 5939//1837
f 5941//1838 5943//1838 5942//1838
f 5944//1839 5946//1839 5945//1839
f 5947//1840 5949//1840 5948//1840
f 5950//1841 5952//1841 5951//1841
f 5953//1842 5955//1842 5954//1842
f 5956//1843 5958//1843 5957//1843
s 1
f 5959//1844 5961//1844 5960//1844
s 0
f 5962//1845 5964//1845 5963//1845
f 5965//1846 5967//1846 5966//1846
f 5968//1847 5970//1847 5969//1847
f 5971//1848 5973//1848 5972//1848
f 5974//1849 5976//1849 5975//1849
f 5977//1850 5979//1850 5978//1850
f 5980//1851 5982//1851 5981//1851
f 5983//1852 5985//1852 5984//1852
f 5986//1853 5988//1853 5987//1853
f 5989//1854 5991//1854 5990//1854
f 5992//1855 5994//1855 5993//1855
f 5995//1856 5997//1856 5996//1856
f 5998//1857 6000//1857 5999//1857
f 6001//1858 6003//1858 6002//1858
s 1
f 6004//1859 6006//1859 6005//1859
s 0
f 6007//1860 6009//1860 6008//1860
f 6010//1861 6012//1861 6011//1861
f 6013//1862 6015//1862 6014//1862
f 6016//1861 6018//1861 6017//1861
f 6019//1863 6021//1863 6020//1863
f 6022//1861 6024//1861 6023//1861
f 6025//1864 6027//1864 6026//1864
f 6028//1861 6030//1861 6029//1861
f 6031//1865 6033//1865 6032//1865
f 6034//1861 6036//1861 6035//1861
f 6037//1866 6039//1866 6038//1866
f 6040//1861 6042//1861 6041//1861
f 6043//1867 6045//1867 6044//1867
f 6046//1861 6048//1861 6047//1861
f 6049//1868 6051//1868 6050//1868
f 6052//1861 6054//1861 6053//1861
f 6055//1869 6057//1869 6056//1869
f 6058//1861 6060//1861 6059//1861
f 6061//1870 6063//1870 6062//1870
f 6064//1861 6066//1861 6065//1861
f 6067//1871 6069//1871 6068//1871
f 6070//1861 6072//1861 6071//1861
f 6073//1872 6075//1872 6074//1872
f 6076//1861 6078//1861 6077//1861
f 6079//1873 6081//1873 6080//1873
f 6082//1861 6084//1861 6083//1861
o rockInstances_013
v 8.346807 0.060479 -5.551387
v 8.413961 0.044611 -5.706199
v 8.301997 0.145578 -5.529465
v 8.413961 0.044611 -5.706199
v 8.331059 0.131304 -5.707752
v 8.301997 0.145578 -5.529465
v 8.413961 0.044611 -5.706199
v 8.405045 0.026674 -5.824522
v 8.340822 0.102106 -5.866595
v 8.413961 0.044611 -5.706199
v 8.340822 0.102106 -5.866595
v 8.331059 0.131304 -5.707752
v 8.405045 0.026674 -5.824522
v 8.524143 0.021837 -5.937593
v 8.340822 0.102106 -5.866595
v 8.524143 0.021837 -5.937593
v 8.481400 0.063417 -5.975492
v 8.340822 0.102106 -5.866595
v 8.524143 0.021837 -5.937593
v 8.652941 0.019997 -6.036372
v 8.649289 0.070383 -6.093836
v 8.524143 0.021837 -5.937593
v 8.649289 0.070383 -6.093836
v 8.481400 0.063417 -5.975492
v 8.652941 0.019997 -6.036372
v 8.804925 0.042679 -5.980725
v 8.649289 0.070383 -6.093836
v 8.804925 0.042679 -5.980725
v 8.806428 0.077886 -6.071612
v 8.649289 0.070383 -6.093836
v 8.804925 0.042679 -5.980725
v 8.952417 0.065464 -5.921370
v 8.988853 0.144968 -5.977490
v 8.804925 0.042679 -5.980725
v 8.988853 0.144968 -5.977490
v 8.806428 0.077886 -6.071612
v 8.952417 0.065464 -5.921370
v 8.995414 0.093499 -5.755836
v 8.988853 0.144968 -5.977490
v 8.995414 0.093499 -5.755836
v 9.008260 0.168785 -5.774425
v 8.988853 0.144968 -5.977490
v 8.995414 0.093499 -5.755836
v 8.948636 0.109913 -5.610854
v 8.978465 0.187772 -5.627462
v 8.995414 0.093499 -5.755836
v 8.978465 0.187772 -5.627462
v 9.008260 0.168785 -5.774425
v 8.948636 0.109913 -5.610854
v 8.888011 0.118950 -5.507743
v 8.978465 0.187772 -5.627462
v 8.888011 0.118950 -5.507743
v 8.900888 0.211608 -5.470234
v 8.978465 0.187772 -5.627462
v 8.888011 0.118950 -5.507743
v 8.765352 0.124472 -5.387553
v 8.772494 0.185172 -5.350389
v 8.888011 0.118950 -5.507743
v 8.772494 0.185172 -5.350389
v 8.900888 0.211608 -5.470234
v 8.765352 0.124472 -5.387553
v 8.600708 0.111253 -5.369173
v 8.772494 0.185172 -5.350389
v 8.600708 0.111253 -5.369173
v 8.588617 0.175476 -5.353707
v 8.772494 0.185172 -5.350389
v 8.600708 0.111253 -5.369173
v 8.467766 0.086322 -5.453115
v 8.430889 0.163464 -5.441563
v 8.600708 0.111253 -5.369173
v 8.430889 0.163464 -5.441563
v 8.588617 0.175476 -5.353707
v 8.467766 0.086322 -5.453115
v 8.346807 0.060479 -5.551387
v 8.430889 0.163464 -5.441563
v 8.346807 0.060479 -5.551387
v 8.301997 0.145578 -5.529465
v 8.430889 0.163464 -5.441563
v 8.301997 0.145578 -5.529465
v 8.331059 0.131304 -5.707752
v 8.342783 0.225958 -5.728755
v 8.301997 0.145578 -5.529465
v 8.342783 0.225958 -5.728755
v 8.306601 0.238710 -5.547679
v 8.331059 0.131304 -5.707752
v 8.340822 0.102106 -5.866595
v 8.342783 0.225958 -5.728755
v 8.340822 0.102106 -5.866595
v 8.346344 0.180856 -5.887150
v 8.342783 0.225958 -5.728755
v 8.340822 0.102106 -5.866595
v 8.481400 0.063417 -5.975492
v 8.474909 0.183937 -5.962423
v 8.340822 0.102106 -5.866595
v 8.474909 0.183937 -5.962423
v 8.346344 0.180856 -5.887150
v 8.481400 0.063417 -5.975492
v 8.649289 0.070383 -6.093836
v 8.474909 0.183937 -5.962423
v 8.649289 0.070383 -6.093836
v 8.618994 0.170681 -6.078951
v 8.474909 0.183937 -5.962423
v 8.649289 0.070383 -6.093836
v 8.806428 0.077886 -6.071612
v 8.779100 0.199507 -6.044166
v 8.649289 0.070383 -6.093836
v 8.779100 0.199507 -6.044166
v 8.618994 0.170681 -6.078951
v 8.806428 0.077886 -6.071612
v 8.988853 0.144968 -5.977490
v 8.779100 0.199507 -6.044166
v 8.988853 0.144968 -5.977490
v 8.940308 0.223792 -5.945464
v 8.779100 0.199507 -6.044166
v 8.988853 0.144968 -5.977490
v 9.008260 0.168785 -5.774425
v 8.961236 0.286538 -5.808367
v 8.988853 0.144968 -5.977490
v 8.961236 0.286538 -5.808367
v 8.940308 0.223792 -5.945464
v 9.008260 0.168785 -5.774425
v 8.978465 0.187772 -5.627462
v 8.961236 0.286538 -5.808367
v 8.978465 0.187772 -5.627462
v 8.949322 0.299657 -5.644127
v 8.961236 0.286538 -5.808367
v 8.978465 0.187772 -5.627462
v 8.900888 0.211608 -5.470234
v 8.868661 0.279196 -5.485298
v 8.978465 0.187772 -5.627462
v 8.868661 0.279196 -5.485298
v 8.949322 0.299657 -5.644127
v 8.900888 0.211608 -5.470234
v 8.772494 0.185172 -5.350389
v 8.868661 0.279196 -5.485298
v 8.772494 0.185172 -5.350389
v 8.746061 0.272515 -5.346190
v 8.868661 0.279196 -5.485298
v 8.772494 0.185172 -5.350389
v 8.588617 0.175476 -5.353707
v 8.564178 0.267118 -5.382468
v 8.772494 0.185172 -5.350389
v 8.564178 0.267118 -5.382468
v 8.746061 0.272515 -5.346190
v 8.588617 0.175476 -5.353707
v 8.430889 0.163464 -5.441563
v 8.564178 0.267118 -5.382468
v 8.430889 0.163464 -5.441563
v 8.434419 0.250219 -5.454877
v 8.564178 0.267118 -5.382468
v 8.430889 0.163464 -5.441563
v 8.301997 0.145578 -5.529465
v 8.306601 0.238710 -5.547679
v 8.430889 0.163464 -5.441563
v 8.306601 0.238710 -5.547679
v 8.434419 0.250219 -5.454877
v 8.306601 0.238710 -5.547679
v 8.342783 0.225958 -5.728755
v 8.283291 0.337071 -5.566134
v 8.342783 0.225958 -5.728755
v 8.335563 0.349001 -5.733614
v 8.283291 0.337071 -5.566134
v 8.342783 0.225958 -5.728755
v 8.346344 0.180856 -5.887150
v 8.350821 0.324284 -5.869696
v 8.342783 0.225958 -5.728755
v 8.350821 0.324284 -5.869696
v 8.335563 0.349001 -5.733614
v 8.346344 0.180856 -5.887150
v 8.474909 0.183937 -5.962423
v 8.350821 0.324284 -5.869696
v 8.474909 0.183937 -5.962423
v 8.473303 0.275696 -5.970253
v 8.350821 0.324284 -5.869696
v 8.474909 0.183937 -5.962423
v 8.618994 0.170681 -6.078951
v 8.599827 0.256599 -6.083069
v 8.474909 0.183937 -5.962423
v 8.599827 0.256599 -6.083069
v 8.473303 0.275696 -5.970253
v 8.618994 0.170681 -6.078951
v 8.779100 0.199507 -6.044166
v 8.599827 0.256599 -6.083069
v 8.779100 0.199507 -6.044166
v 8.754900 0.307583 -6.025290
v 8.599827 0.256599 -6.083069
v 8.779100 0.199507 -6.044166
v 8.940308 0.223792 -5.945464
v 8.933211 0.324683 -5.964270
v 8.779100 0.199507 -6.044166
v 8.933211 0.324683 -5.964270
v 8.754900 0.307583 -6.025290
v 8.940308 0.223792 -5.945464
v 8.961236 0.286538 -5.808367
v 8.933211 0.324683 -5.964270
v 8.961236 0.286538 -5.808367
v 8.956118 0.373793 -5.816396
v 8.933211 0.324683 -5.964270
v 8.961236 0.286538 -5.808367
v 8.949322 0.299657 -5.644127
v 8.914772 0.407626 -5.664753
v 8.961236 0.286538 -5.808367
v 8.914772 0.407626 -5.664753
v 8.956118 0.373793 -5.816396
v 8.949322 0.299657 -5.644127
v 8.868661 0.279196 -5.485298
v 8.914772 0.407626 -5.664753
v 8.868661 0.279196 -5.485298
v 8.853349 0.401553 -5.498127
v 8.914772 0.407626 -5.664753
v 8.868661 0.279196 -5.485298
v 8.746061 0.272515 -5.346190
v 8.743458 0.383981 -5.394582
v 8.868661 0.279196 -5.485298
v 8.743458 0.383981 -5.394582
v 8.853349 0.401553 -5.498127
v 8.746061 0.272515 -5.346190
v 8.564178 0.267118 -5.382468
v 8.743458 0.383981 -5.394582
v 8.564178 0.267118 -5.382468
v 8.546363 0.374583 -5.401624
v 8.743458 0.383981 -5.394582
v 8.564178 0.267118 -5.382468
v 8.434419 0.250219 -5.454877
v 8.439631 0.361408 -5.472444
v 8.564178 0.267118 -5.382468
v 8.439631 0.361408 -5.472444
v 8.546363 0.374583 -5.401624
v 8.434419 0.250219 -5.454877
v 8.306601 0.238710 -5.547679
v 8.439631 0.361408 -5.472444
v 8.306601 0.238710 -5.547679
v 8.283291 0.337071 -5.566134
v 8.439631 0.361408 -5.472444
v 8.283291 0.337071 -5.566134
v 8.335563 0.349001 -5.733614
v 8.380231 0.444668 -5.743703
v 8.283291 0.337071 -5.566134
v 8.380231 0.444668 -5.743703
v 8.338171 0.459129 -5.585964
v 8.335563 0.349001 -5.733614
v 8.350821 0.324284 -5.869696
v 8.380231 0.444668 -5.743703
v 8.350821 0.324284 -5.869696
v 8.383200 0.426983 -5.872508
v 8.380231 0.444668 -5.743703
v 8.350821 0.324284 -5.869696
v 8.473303 0.275696 -5.970253
v 8.484590 0.398560 -5.961785
v 8.350821 0.324284 -5.869696
v 8.484590 0.398560 -5.961785
v 8.383200 0.426983 -5.872508
v 8.473303 0.275696 -5.970253
v 8.599827 0.256599 -6.083069
v 8.484590 0.398560 -5.961785
v 8.599827 0.256599 -6.083069
v 8.617988 0.370529 -6.067032
v 8.484590 0.398560 -5.961785
v 8.599827 0.256599 -6.083069
v 8.754900 0.307583 -6.025290
v 8.748814 0.420575 -6.024020
v 8.599827 0.256599 -6.083069
v 8.748814 0.420575 -6.024020
v 8.617988 0.370529 -6.067032
v 8.754900 0.307583 -6.025290
v 8.933211 0.324683 -5.964270
v 8.748814 0.420575 -6.024020
v 8.933211 0.324683 -5.964270
v 8.879238 0.449290 -5.945943
v 8.748814 0.420575 -6.024020
v 8.933211 0.324683 -5.964270
v 8.956118 0.373793 -5.816396
v 8.909685 0.501429 -5.817642
v 8.933211 0.324683 -5.964270
v 8.909685 0.501429 -5.817642
v 8.879238 0.449290 -5.945943
v 8.956118 0.373793 -5.816396
v 8.914772 0.407626 -5.664753
v 8.909685 0.501429 -5.817642
v 8.914772 0.407626 -5.664753
v 8.891095 0.521729 -5.672266
v 8.909685 0.501429 -5.817642
v 8.914772 0.407626 -5.664753
v 8.853349 0.401553 -5.498127
v 8.830565 0.496700 -5.566339
v 8.914772 0.407626 -5.664753
v 8.830565 0.496700 -5.566339
v 8.891095 0.521729 -5.672266
v 8.853349 0.401553 -5.498127
v 8.743458 0.383981 -5.394582
v 8.830565 0.496700 -5.566339
v 8.743458 0.383981 -5.394582
v 8.721191 0.471182 -5.430101
v 8.830565 0.496700 -5.566339
v 8.743458 0.383981 -5.394582
v 8.546363 0.374583 -5.401624
v 8.571858 0.452104 -5.433200
v 8.743458 0.383981 -5.394582
v 8.571858 0.452104 -5.433200
v 8.721191 0.471182 -5.430101
v 8.546363 0.374583 -5.401624
v 8.439631 0.361408 -5.472444
v 8.571858 0.452104 -5.433200
v 8.439631 0.361408 -5.472444
v 8.440413 0.467093 -5.512568
v 8.571858 0.452104 -5.433200
v 8.439631 0.361408 -5.472444
v 8.283291 0.337071 -5.566134
v 8.338171 0.459129 -5.585964
v 8.439631 0.361408 -5.472444
v 8.338171 0.459129 -5.585964
v 8.440413 0.467093 -5.512568
v 8.338171 0.459129 -5.585964
v 8.380231 0.444668 -5.743703
v 8.461394 0.532222 -5.654308
v 8.380231 0.444668 -5.743703
v 8.502934 0.551744 -5.765055
v 8.461394 0.532222 -5.654308
v 8.380231 0.444668 -5.743703
v 8.383200 0.426983 -5.872508
v 8.500792 0.516008 -5.841674
v 8.380231 0.444668 -5.743703
v 8.500792 0.516008 -5.841674
v 8.502934 0.551744 -5.765055
v 8.383200 0.426983 -5.872508
v 8.484590 0.398560 -5.961785
v 8.500792 0.516008 -5.841674
v 8.484590 0.398560 -5.961785
v 8.575420 0.508748 -5.904296
v 8.500792 0.516008 -5.841674
v 8.484590 0.398560 -5.961785
v 8.617988 0.370529 -6.067032
v 8.653435 0.492942 -5.959192
v 8.484590 0.398560 -5.961785
v 8.653435 0.492942 -5.959192
v 8.575420 0.508748 -5.904296
v 8.617988 0.370529 -6.067032
v 8.748814 0.420575 -6.024020
v 8.653435 0.492942 -5.959192
v 8.748814 0.420575 -6.024020
v 8.751423 0.506316 -5.947131
v 8.653435 0.492942 -5.959192
v 8.748814 0.420575 -6.024020
v 8.879238 0.449290 -5.945943
v 8.824326 0.551388 -5.895873
v 8.748814 0.420575 -6.024020
v 8.824326 0.551388 -5.895873
v 8.751423 0.506316 -5.947131
v 8.879238 0.449290 -5.945943
v 8.909685 0.501429 -5.817642
v 8.824326 0.551388 -5.895873
v 8.909685 0.501429 -5.817642
v 8.848432 0.574834 -5.804077
v 8.824326 0.551388 -5.895873
v 8.909685 0.501429 -5.817642
v 8.891095 0.521729 -5.672266
v 8.836765 0.563568 -5.721598
v 8.909685 0.501429 -5.817642
v 8.836765 0.563568 -5.721598
v 8.848432 0.574834 -5.804077
v 8.891095 0.521729 -5.672266
v 8.830565 0.496700 -5.566339
v 8.836765 0.563568 -5.721598
v 8.830565 0.496700 -5.566339
v 8.793619 0.587173 -5.624149
v 8.836765 0.563568 -5.721598
v 8.830565 0.496700 -5.566339
v 8.721191 0.471182 -5.430101
v 8.728630 0.548037 -5.569641
v 8.830565 0.496700 -5.566339
v 8.728630 0.548037 -5.569641
v 8.793619 0.587173 -5.624149
v 8.721191 0.471182 -5.430101
v 8.571858 0.452104 -5.433200
v 8.728630 0.548037 -5.569641
v 8.571858 0.452104 -5.433200
v 8.630190 0.532721 -5.562312
v 8.728630 0.548037 -5.569641
v 8.571858 0.452104 -5.433200
v 8.440413 0.467093 -5.512568
v 8.538712 0.549466 -5.612660
v 8.571858 0.452104 -5.433200
v 8.538712 0.549466 -5.612660
v 8.630190 0.532721 -5.562312
v 8.440413 0.467093 -5.512568
v 8.338171 0.459129 -5.585964
v 8.538712 0.549466 -5.612660
v 8.338171 0.459129 -5.585964
v 8.461394 0.532222 -5.654308
v 8.538712 0.549466 -5.612660
v 8.461394 0.532222 -5.654308
v 8.502934 0.551744 -5.765055
v 8.588206 0.575548 -5.794478
v 8.413961 0.044611 -5.706199
v 8.346807 0.060479 -5.551387
v 8.671057 0.071109 -5.694322
v 8.502934 0.551744 -5.765055
v 8.500792 0.516008 -5.841674
v 8.588206 0.575548 -5.794478
v 8.405045 0.026674 -5.824522
v 8.413961 0.044611 -5.706199
v 8.671057 0.071109 -5.694322
v 8.500792 0.516008 -5.841674
v 8.575420 0.508748 -5.904296
v 8.588206 0.575548 -5.794478
v 8.524143 0.021837 -5.937593
v 8.405045 0.026674 -5.824522
v 8.671057 0.071109 -5.694322
v 8.575420 0.508748 -5.904296
v 8.653435 0.492942 -5.959192
v 8.588206 0.575548 -5.794478
v 8.652941 0.019997 -6.036372
v 8.524143 0.021837 -5.937593
v 8.671057 0.071109 -5.694322
v 8.653435 0.492942 -5.959192
v 8.751423 0.506316 -5.947131
v 8.588206 0.575548 -5.794478
v 8.804925 0.042679 -5.980725
v 8.652941 0.019997 -6.036372
v 8.671057 0.071109 -5.694322
v 8.751423 0.506316 -5.947131
v 8.824326 0.551388 -5.895873
v 8.588206 0.575548 -5.794478
v 8.952417 0.065464 -5.921370
v 8.804925 0.042679 -5.980725
v 8.671057 0.071109 -5.694322
v 8.824326 0.551388 -5.895873
v 8.848432 0.574834 -5.804077
v 8.588206 0.575548 -5.794478
v 8.995414 0.093499 -5.755836
v 8.952417 0.065464 -5.921370
v 8.671057 0.071109 -5.694322
v 8.848432 0.574834 -5.804077
v 8.836765 0.563568 -5.721598
v 8.588206 0.575548 -5.794478
v 8.948636 0.109913 -5.610854
v 8.995414 0.093499 -5.755836
v 8.671057 0.071109 -5.694322
v 8.836765 0.563568 -5.721598
v 8.793619 0.587173 -5.624149
v 8.588206 0.575548 -5.794478
v 8.888011 0.118950 -5.507743
v 8.948636 0.109913 -5.610854
v 8.671057 0.071109 -5.694322
v 8.793619 0.587173 -5.624149
v 8.728630 0.548037 -5.569641
v 8.588206 0.575548 -5.794478
v 8.765352 0.124472 -5.387553
v 8.888011 0.118950 -5.507743
v 8.671057 0.071109 -5.694322
v 8.728630 0.548037 -5.569641
v 8.630190 0.532721 -5.562312
v 8.588206 0.575548 -5.794478
v 8.600708 0.111253 -5.369173
v 8.765352 0.124472 -5.387553
v 8.671057 0.071109 -5.694322
v 8.630190 0.532721 -5.562312
v 8.538712 0.549466 -5.612660
v 8.588206 0.575548 -5.794478
v 8.467766 0.086322 -5.453115
v 8.600708 0.111253 -5.369173
v 8.671057 0.071109 -5.694322
v 8.538712 0.549466 -5.612660
v 8.461394 0.532222 -5.654308
v 8.588206 0.575548 -5.794478
v 8.346807 0.060479 -5.551387
v 8.467766 0.086322 -5.453115
v 8.671057 0.071109 -5.694322
vn -0.8659 -0.3689 -0.3378
vn -0.7208 -0.6904 -0.0622
vn -0.7924 -0.5914 0.1494
vn -0.7210 -0.6880 0.0822
vn -0.5024 -0.7061 -0.4990
vn -0.4844 -0.8066 -0.3387
vn -0.4491 -0.6858 -0.5728
vn -0.3252 -0.7975 -0.5082
vn 0.3359 -0.6975 -0.6330
vn 0.0950 -0.9288 -0.3582
vn 0.3693 -0.6429 -0.6710
vn 0.4658 -0.8277 -0.3129
vn 0.8591 -0.4924 -0.1398
vn 0.9801 -0.1850 -0.0720
vn 0.9046 -0.2776 0.3233
vn 0.9708 -0.1134 0.2115
vn 0.8344 -0.2111 0.5091
vn 0.8361 -0.3017 0.4582
vn 0.6088 -0.4651 0.6427
vn 0.6759 -0.3553 0.6457
vn 0.1360 -0.5289 0.8377
vn -0.0051 -0.2350 0.9720
vn -0.4554 -0.3409 0.8225
vn -0.4491 -0.2882 0.8457
vn -0.5369 -0.3702 0.7581
vn -0.4628 -0.4417 0.7686
vn -0.9823 0.0847 -0.1669
vn -0.9804 0.0100 -0.1966
vn -0.9912 0.1050 -0.0802
vn -0.9974 0.0597 -0.0394
vn -0.6022 0.0539 -0.7965
vn -0.4930 -0.1872 -0.8497
vn -0.5768 0.0573 -0.8149
vn -0.6312 -0.0761 -0.7718
vn 0.1243 0.2449 -0.9615
vn 0.1744 0.1959 -0.9650
vn 0.3563 0.2812 -0.8910
vn 0.3792 0.5391 -0.7520
vn 0.9332 0.3356 -0.1285
vn 0.7110 0.5921 -0.3795
vn 0.9068 0.4002 0.1321
vn 0.9647 0.2586 0.0493
vn 0.8197 0.4653 0.3339
vn 0.8385 0.2874 0.4629
vn 0.5682 0.4276 0.7031
vn 0.7320 0.1901 0.6543
vn -0.0326 0.2914 0.9561
vn -0.1915 -0.1049 0.9759
vn -0.4899 0.1394 0.8605
vn -0.4966 0.1514 0.8547
vn -0.5711 0.1847 0.7998
vn -0.5898 0.1459 0.7943
vn -0.9508 -0.2576 -0.1719
vn -0.9510 -0.0677 -0.3016
vn -0.9989 0.0351 -0.0325
vn -0.9930 -0.0622 -0.1000
vn -0.5038 0.1198 -0.8555
vn -0.6505 -0.0759 -0.7557
vn -0.6287 -0.1766 -0.7573
vn -0.6699 -0.0748 -0.7387
vn 0.2122 0.0005 -0.9772
vn 0.2745 0.2248 -0.9350
vn 0.5314 -0.1190 -0.8387
vn 0.2956 0.2282 -0.9277
vn 0.9851 0.0380 -0.1678
vn 0.9851 0.0424 -0.1667
vn 0.9490 0.3121 0.0439
vn 0.9661 0.0793 0.2457
vn 0.8166 0.3491 0.4597
vn 0.9255 0.1522 0.3467
vn 0.7099 0.2943 0.6398
vn 0.6633 0.1597 0.7311
vn -0.1914 0.3871 0.9020
vn -0.0432 0.1684 0.9848
vn -0.4968 0.1581 0.8534
vn -0.5568 0.0554 0.8288
vn -0.5896 0.1529 0.7931
vn -0.5180 0.0376 0.8546
vn -0.8873 0.3880 -0.2493
vn -0.8936 0.3578 -0.2711
vn -0.8992 0.4015 -0.1738
vn -0.9523 0.2985 -0.0629
vn -0.6043 0.1099 -0.7892
vn -0.6225 0.1754 -0.7627
vn -0.6519 0.1116 -0.7500
vn -0.5797 0.2035 -0.7890
vn 0.3406 0.0289 -0.9397
vn 0.2798 0.0899 -0.9558
vn 0.3213 0.0279 -0.9466
vn 0.4362 0.3130 -0.8437
vn 0.9106 0.3288 -0.2503
vn 0.8330 0.4147 -0.3662
vn 0.9244 0.3380 0.1766
vn 0.9734 0.2083 0.0954
vn 0.8399 0.4344 0.3254
vn 0.8278 0.2061 0.5217
vn 0.5083 0.5788 0.6377
vn 0.6673 0.4207 0.6145
vn -0.0515 0.3912 0.9189
vn -0.0655 0.3620 0.9299
vn -0.5289 0.4635 0.7109
vn -0.4633 0.3175 0.8273
vn -0.5202 0.3597 0.7746
vn -0.5723 0.2948 0.7652
vn -0.5871 0.7768 -0.2278
vn -0.6645 0.7377 -0.1192
vn -0.5781 0.8065 -0.1241
vn -0.6559 0.6910 -0.3039
vn -0.3587 0.6911 -0.6274
vn -0.4366 0.6720 -0.5982
vn -0.3661 0.6726 -0.6431
vn -0.3491 0.6433 -0.6814
vn -0.0069 0.6621 -0.7493
vn 0.0005 0.6676 -0.7445
vn 0.3345 0.5538 -0.7625
vn 0.1124 0.6615 -0.7415
vn 0.7086 0.5789 -0.4034
vn 0.6887 0.6383 -0.3439
vn 0.6261 0.7792 -0.0287
vn 0.7707 0.6076 0.1920
vn 0.3169 0.8664 0.3858
vn 0.8313 0.4976 0.2475
vn 0.3873 0.7987 0.4605
vn 0.2752 0.5949 0.7552
vn -0.1213 0.8722 0.4739
vn -0.0975 0.8634 0.4951
vn -0.2030 0.8445 0.4956
vn -0.1112 0.8648 0.4897
vn -0.3381 0.8621 0.3774
vn -0.3585 0.8842 0.2994
vn -0.2425 0.9669 0.0795
vn 0.0950 -0.9853 0.1422
vn -0.3689 0.8463 -0.3844
vn -0.3115 0.8275 -0.4671
vn -0.1771 0.8499 -0.4963
vn -0.0629 0.8819 -0.4672
vn -0.1427 0.8351 -0.5313
vn -0.0064 0.9693 -0.2459
vn 0.0078 0.9906 0.1364
vn 0.1030 0.9762 -0.1909
vn -0.2975 0.9074 0.2968
vn -0.1357 0.9696 0.2034
vn 0.0889 0.9823 0.1651
vn -0.2527 0.9650 0.0696
s 0
usemtl Material_0
f 6085//1874 6087//1874 6086//1874
f 6088//1875 6090//1875 6089//1875
f 6091//1876 6093//1876 6092//1876
f 6094//1877 6096//1877 6095//1877
f 6097//1878 6099//1878 6098//1878
f 6100//1879 6102//1879 6101//1879
f 6103//1880 6105//1880 6104//1880
f 6106//1881 6108//1881 6107//1881
s 1
f 6109//1882 6111//1882 6110//1882
s 0
f 6112//1883 6114//1883 6113//1883
f 6115//1884 6117//1884 6116//1884
f 6118//1885 6120//1885 6119//1885
f 6121//1886 6123//1886 6122//1886
f 6124//1887 6126//1887 6125//1887
f 6127//1888 6129//1888 6128//1888
f 6130//1889 6132//1889 6131//1889
f 6133//1890 6135//1890 6134//1890
f 6136//1891 6138//1891 6137//1891
f 6139//1892 6141//1892 6140//1892
f 6142//1893 6144//1893 6143//1893
f 6145//1894 6147//1894 6146//1894
f 6148//1895 6150//1895 6149//1895
f 6151//1896 6153//1896 6152//1896
f 6154//1897 6156//1897 6155//1897
f 6157//1898 6159//1898 6158//1898
f 6160//1899 6162//1899 6161//1899
f 6163//1900 6165//1900 6164//1900
f 6166//1901 6168//1901 6167//1901
f 6169//1902 6171//1902 6170//1902
f 6172//1903 6174//1903 6173//1903
f 6175//1904 6177//1904 6176//1904
f 6178//1905 6180//1905 6179//1905
f 6181//1906 6183//1906 6182//1906
f 6184//1907 6186//1907 6185//1907
f 6187//1908 6189//1908 6188//1908
f 6190//1909 6192//1909 6191//1909
f 6193//1910 6195//1910 6194//1910
f 6196//1911 6198//1911 6197//1911
f 6199//1912 6201//1912 6200//1912
f 6202//1913 6204//1913 6203//1913
f 6205//1914 6207//1914 6206//1914
f 6208//1915 6210//1915 6209//1915
f 6211//1916 6213//1916 6212//1916
f 6214//1917 6216//1917 6215//1917
f 6217//1918 6219//1918 6218//1918
f 6220//1919 6222//1919 6221//1919
f 6223//1920 6225//1920 6224//1920
f 6226//1921 6228//1921 6227//1921
f 6229//1922 6231//1922 6230//1922
f 6232//1923 6234//1923 6233//1923
f 6235//1924 6237//1924 6236//1924
f 6238//1925 6240//1925 6239//1925
f 6241//1926 6243//1926 6242//1926
f 6244//1927 6246//1927 6245//1927
f 6247//1928 6249//1928 6248//1928
f 6250//1929 6252//1929 6251//1929
f 6253//1930 6255//1930 6254//1930
f 6256//1931 6258//1931 6257//1931
f 6259//1932 6261//1932 6260//1932
f 6262//1933 6264//1933 6263//1933
f 6265//1934 6267//1934 6266//1934
f 6268//1935 6270//1935 6269//1935
f 6271//1936 6273//1936 6272//1936
f 6274//1937 6276//1937 6275//1937
f 6277//1938 6279//1938 6278//1938
f 6280//1939 6282//1939 6281//1939
f 6283//1940 6285//1940 6284//1940
f 6286//1941 6288//1941 6287//1941
f 6289//1942 6291//1942 6290//1942
f 6292//1943 6294//1943 6293//1943
f 6295//1944 6297//1944 6296//1944
f 6298//1945 6300//1945 6299//1945
f 6301//1946 6303//1946 6302//1946
f 6304//1947 6306//1947 6305//1947
f 6307//1948 6309//1948 6308//1948
f 6310//1949 6312//1949 6311//1949
f 6313//1950 6315//1950 6314//1950
f 6316//1951 6318//1951 6317//1951
f 6319//1952 6321//1952 6320//1952
f 6322//1953 6324//1953 6323//1953
f 6325//1954 6327//1954 6326//1954
f 6328//1955 6330//1955 6329//1955
f 6331//1956 6333//1956 6332//1956
f 6334//1957 6336//1957 6335//1957
f 6337//1958 6339//1958 6338//1958
f 6340//1959 6342//1959 6341//1959
f 6343//1960 6345//1960 6344//1960
f 6346//1961 6348//1961 6347//1961
f 6349//1962 6351//1962 6350//1962
f 6352//1963 6354//1963 6353//1963
f 6355//1964 6357//1964 6356//1964
f 6358//1965 6360//1965 6359//1965
f 6361//1966 6363//1966 6362//1966
f 6364//1967 6366//1967 6365//1967
f 6367//1968 6369//1968 6368//1968
f 6370//1969 6372//1969 6371//1969
f 6373//1970 6375//1970 6374//1970
f 6376//1971 6378//1971 6377//1971
f 6379//1972 6381//1972 6380//1972
f 6382//1973 6384//1973 6383//1973
f 6385//1974 6387//1974 6386//1974
f 6388//1975 6390//1975 6389//1975
f 6391//1976 6393//1976 6392//1976
f 6394//1977 6396//1977 6395//1977
f 6397//1978 6399//1978 6398//1978
f 6400//1979 6402//1979 6401//1979
f 6403//1980 6405//1980 6404//1980
f 6406//1981 6408//1981 6407//1981
f 6409//1982 6411//1982 6410//1982
f 6412//1983 6414//1983 6413//1983
f 6415//1984 6417//1984 6416//1984
f 6418//1985 6420//1985 6419//1985
f 6421//1986 6423//1986 6422//1986
f 6424//1987 6426//1987 6425//1987
s 1
f 6427//1988 6429//1988 6428//1988
s 0
f 6430//1989 6432//1989 6431//1989
f 6433//1990 6435//1990 6434//1990
f 6436//1991 6438//1991 6437//1991
f 6439//1992 6441//1992 6440//1992
f 6442//1993 6444//1993 6443//1993
f 6445//1994 6447//1994 6446//1994
f 6448//1995 6450//1995 6449//1995
f 6451//1996 6453//1996 6452//1996
f 6454//1997 6456//1997 6455//1997
f 6457//1998 6459//1998 6458//1998
f 6460//1999 6462//1999 6461//1999
f 6463//2000 6465//2000 6464//2000
f 6466//2001 6468//2001 6467//2001
f 6469//2002 6471//2002 6470//2002
s 1
f 6472//2003 6474//2003 6473//2003
s 0
f 6475//2004 6477//2004 6476//2004
f 6478//2005 6480//2005 6479//2005
f 6481//2006 6483//2006 6482//2006
f 6484//2005 6486//2005 6485//2005
f 6487//2007 6489//2007 6488//2007
f 6490//2005 6492//2005 6491//2005
f 6493//2008 6495//2008 6494//2008
f 6496//2005 6498//2005 6497//2005
f 6499//2009 6501//2009 6500//2009
f 6502//2005 6504//2005 6503//2005
f 6505//2010 6507//2010 6506//2010
f 6508//2005 6510//2005 6509//2005
f 6511//2011 6513//2011 6512//2011
f 6514//2005 6516//2005 6515//2005
f 6517//2012 6519//2012 6518//2012
f 6520//2005 6522//2005 6521//2005
f 6523//2013 6525//2013 6524//2013
f 6526//2005 6528//2005 6527//2005
f 6529//2014 6531//2014 6530//2014
f 6532//2005 6534//2005 6533//2005
f 6535//2015 6537//2015 6536//2015
f 6538//2005 6540//2005 6539//2005
f 6541//2016 6543//2016 6542//2016
f 6544//2005 6546//2005 6545//2005
f 6547//2017 6549//2017 6548//2017
f 6550//2005 6552//2005 6551//2005
o stoneInstances_0002
v 10.402956 0.133590 -0.463322
v 10.951641 0.151205 -0.396731
v 11.069923 0.306931 -0.650022
v 10.402956 0.133590 -0.463322
v 11.069923 0.306931 -0.650022
v 10.424096 0.263470 -0.662296
v 10.951641 0.151205 -0.396731
v 11.172164 0.222591 -0.026430
v 11.069923 0.306931 -0.650022
v 11.172164 0.222591 -0.026430
v 11.298988 0.348266 -0.182734
v 11.069923 0.306931 -0.650022
v 11.172164 0.222591 -0.026430
v 11.481769 0.286015 0.296872
v 11.710456 0.354624 0.287339
v 11.172164 0.222591 -0.026430
v 11.710456 0.354624 0.287339
v 11.298988 0.348266 -0.182734
v 11.481769 0.286015 0.296872
v 11.201325 0.352011 0.663493
v 11.710456 0.354624 0.287339
v 11.201325 0.352011 0.663493
v 11.340236 0.439113 0.648464
v 11.710456 0.354624 0.287339
v 11.201325 0.352011 0.663493
v 11.062809 0.428552 1.079333
v 11.224929 0.609193 1.149562
v 11.201325 0.352011 0.663493
v 11.224929 0.609193 1.149562
v 11.340236 0.439113 0.648464
v 11.062809 0.428552 1.079333
v 10.581112 0.444242 1.187302
v 11.224929 0.609193 1.149562
v 10.581112 0.444242 1.187302
v 10.618594 0.634765 1.302153
v 11.224929 0.609193 1.149562
v 10.581112 0.444242 1.187302
v 10.008096 0.441372 1.200693
v 9.860271 0.618807 1.299110
v 10.581112 0.444242 1.187302
v 9.860271 0.618807 1.299110
v 10.618594 0.634765 1.302153
v 10.008096 0.441372 1.200693
v 9.716070 0.351481 0.735125
v 9.860271 0.618807 1.299110
v 9.716070 0.351481 0.735125
v 9.562404 0.553040 0.856475
v 9.860271 0.618807 1.299110
v 9.716070 0.351481 0.735125
v 9.385485 0.308846 0.523932
v 9.163114 0.392493 0.445214
v 9.716070 0.351481 0.735125
v 9.163114 0.392493 0.445214
v 9.562404 0.553040 0.856475
v 9.385485 0.308846 0.523932
v 9.278236 0.224056 0.076347
v 9.163114 0.392493 0.445214
v 9.278236 0.224056 0.076347
v 9.096016 0.348617 0.024821
v 9.163114 0.392493 0.445214
v 9.278236 0.224056 0.076347
v 9.444057 0.157383 -0.288145
v 9.320018 0.253738 -0.429644
v 9.278236 0.224056 0.076347
v 9.320018 0.253738 -0.429644
v 9.096016 0.348617 0.024821
v 9.444057 0.157383 -0.288145
v 9.983020 0.129949 -0.461720
v 9.320018 0.253738 -0.429644
v 9.983020 0.129949 -0.461720
v 9.842773 0.262753 -0.733865
v 9.320018 0.253738 -0.429644
v 9.983020 0.129949 -0.461720
v 10.402956 0.133590 -0.463322
v 10.424096 0.263470 -0.662296
v 9.983020 0.129949 -0.461720
v 10.424096 0.263470 -0.662296
v 9.842773 0.262753 -0.733865
v 10.424096 0.263470 -0.662296
v 11.069923 0.306931 -0.650022
v 10.451296 0.500872 -0.651271
v 11.069923 0.306931 -0.650022
v 11.048953 0.536361 -0.588032
v 10.451296 0.500872 -0.651271
v 11.069923 0.306931 -0.650022
v 11.298988 0.348266 -0.182734
v 11.273376 0.550228 -0.212119
v 11.069923 0.306931 -0.650022
v 11.273376 0.550228 -0.212119
v 11.048953 0.536361 -0.588032
v 11.298988 0.348266 -0.182734
v 11.710456 0.354624 0.287339
v 11.273376 0.550228 -0.212119
v 11.710456 0.354624 0.287339
v 11.559817 0.595087 0.172709
v 11.273376 0.550228 -0.212119
v 11.710456 0.354624 0.287339
v 11.340236 0.439113 0.648464
v 11.277089 0.689264 0.562411
v 11.710456 0.354624 0.287339
v 11.277089 0.689264 0.562411
v 11.559817 0.595087 0.172709
v 11.340236 0.439113 0.648464
v 11.224929 0.609193 1.149562
v 11.277089 0.689264 0.562411
v 11.224929 0.609193 1.149562
v 11.083801 0.829979 1.007376
v 11.277089 0.689264 0.562411
v 11.224929 0.609193 1.149562
v 10.618594 0.634765 1.302153
v 10.626984 0.888310 1.229304
v 11.224929 0.609193 1.149562
v 10.626984 0.888310 1.229304
v 11.083801 0.829979 1.007376
v 10.618594 0.634765 1.302153
v 9.860271 0.618807 1.299110
v 10.626984 0.888310 1.229304
v 9.860271 0.618807 1.299110
v 9.915090 0.815141 1.141531
v 10.626984 0.888310 1.229304
v 9.860271 0.618807 1.299110
v 9.562404 0.553040 0.856475
v 9.573024 0.715365 0.702858
v 9.860271 0.618807 1.299110
v 9.573024 0.715365 0.702858
v 9.915090 0.815141 1.141531
v 9.562404 0.553040 0.856475
v 9.163114 0.392493 0.445214
v 9.573024 0.715365 0.702858
v 9.163114 0.392493 0.445214
v 9.185937 0.619376 0.447333
v 9.573024 0.715365 0.702858
v 9.163114 0.392493 0.445214
v 9.096016 0.348617 0.024821
v 9.102491 0.511021 -0.055902
v 9.163114 0.392493 0.445214
v 9.102491 0.511021 -0.055902
v 9.185937 0.619376 0.447333
v 9.096016 0.348617 0.024821
v 9.320018 0.253738 -0.429644
v 9.102491 0.511021 -0.055902
v 9.320018 0.253738 -0.429644
v 9.402325 0.489798 -0.467325
v 9.102491 0.511021 -0.055902
v 9.320018 0.253738 -0.429644
v 9.842773 0.262753 -0.733865
v 9.872629 0.455535 -0.688129
v 9.320018 0.253738 -0.429644
v 9.872629 0.455535 -0.688129
v 9.402325 0.489798 -0.467325
v 9.842773 0.262753 -0.733865
v 10.424096 0.263470 -0.662296
v 9.872629 0.455535 -0.688129
v 10.424096 0.263470 -0.662296
v 10.451296 0.500872 -0.651271
v 9.872629 0.455535 -0.688129
v 10.451296 0.500872 -0.651271
v 11.048953 0.536361 -0.588032
v 11.027768 0.768010 -0.605339
v 10.451296 0.500872 -0.651271
v 11.027768 0.768010 -0.605339
v 10.480647 0.749006 -0.647568
v 11.048953 0.536361 -0.588032
v 11.273376 0.550228 -0.212119
v 11.027768 0.768010 -0.605339
v 11.273376 0.550228 -0.212119
v 11.296357 0.812984 -0.247347
v 11.027768 0.768010 -0.605339
v 11.273376 0.550228 -0.212119
v 11.559817 0.595087 0.172709
v 11.630171 0.831255 0.132573
v 11.273376 0.550228 -0.212119
v 11.630171 0.831255 0.132573
v 11.296357 0.812984 -0.247347
v 11.559817 0.595087 0.172709
v 11.277089 0.689264 0.562411
v 11.630171 0.831255 0.132573
v 11.277089 0.689264 0.562411
v 11.306013 0.925291 0.519327
v 11.630171 0.831255 0.132573
v 11.277089 0.689264 0.562411
v 11.083801 0.829979 1.007376
v 11.132823 1.043436 0.892682
v 11.277089 0.689264 0.562411
v 11.132823 1.043436 0.892682
v 11.306013 0.925291 0.519327
v 11.083801 0.829979 1.007376
v 10.626984 0.888310 1.229304
v 11.132823 1.043436 0.892682
v 10.626984 0.888310 1.229304
v 10.587756 1.066365 1.107525
v 11.132823 1.043436 0.892682
v 10.626984 0.888310 1.229304
v 9.915090 0.815141 1.141531
v 10.001790 1.053042 1.011285
v 10.626984 0.888310 1.229304
v 10.001790 1.053042 1.011285
v 10.587756 1.066365 1.107525
v 9.915090 0.815141 1.141531
v 9.573024 0.715365 0.702858
v 10.001790 1.053042 1.011285
v 9.573024 0.715365 0.702858
v 9.745397 0.962843 0.606614
v 10.001790 1.053042 1.011285
v 9.573024 0.715365 0.702858
v 9.185937 0.619376 0.447333
v 9.374164 0.865867 0.333870
v 9.573024 0.715365 0.702858
v 9.374164 0.865867 0.333870
v 9.745397 0.962843 0.606614
v 9.185937 0.619376 0.447333
v 9.102491 0.511021 -0.055902
v 9.374164 0.865867 0.333870
v 9.102491 0.511021 -0.055902
v 9.257633 0.777094 -0.053720
v 9.374164 0.865867 0.333870
v 9.102491 0.511021 -0.055902
v 9.402325 0.489798 -0.467325
v 9.472297 0.727533 -0.462142
v 9.102491 0.511021 -0.055902
v 9.472297 0.727533 -0.462142
v 9.257633 0.777094 -0.053720
v 9.402325 0.489798 -0.467325
v 9.872629 0.455535 -0.688129
v 9.472297 0.727533 -0.462142
v 9.872629 0.455535 -0.688129
v 10.010817 0.736212 -0.688762
v 9.472297 0.727533 -0.462142
v 9.872629 0.455535 -0.688129
v 10.451296 0.500872 -0.651271
v 10.480647 0.749006 -0.647568
v 9.872629 0.455535 -0.688129
v 10.480647 0.749006 -0.647568
v 10.010817 0.736212 -0.688762
v 10.480647 0.749006 -0.647568
v 11.027768 0.768010 -0.605339
v 10.524578 1.081389 -0.306042
v 11.027768 0.768010 -0.605339
v 10.863613 1.085248 -0.311808
v 10.524578 1.081389 -0.306042
v 11.027768 0.768010 -0.605339
v 11.296357 0.812984 -0.247347
v 11.046567 1.094238 -0.078187
v 11.027768 0.768010 -0.605339
v 11.046567 1.094238 -0.078187
v 10.863613 1.085248 -0.311808
v 11.296357 0.812984 -0.247347
v 11.630171 0.831255 0.132573
v 11.046567 1.094238 -0.078187
v 11.630171 0.831255 0.132573
v 11.206905 1.106855 0.155465
v 11.046567 1.094238 -0.078187
v 11.630171 0.831255 0.132573
v 11.306013 0.925291 0.519327
v 11.037034 1.129271 0.354312
v 11.630171 0.831255 0.132573
v 11.037034 1.129271 0.354312
v 11.206905 1.106855 0.155465
v 11.306013 0.925291 0.519327
v 11.132823 1.043436 0.892682
v 11.037034 1.129271 0.354312
v 11.132823 1.043436 0.892682
v 10.895020 1.225938 0.563641
v 11.037034 1.129271 0.354312
v 11.132823 1.043436 0.892682
v 10.587756 1.066365 1.107525
v 10.609706 1.253916 0.707106
v 11.132823 1.043436 0.892682
v 10.609706 1.253916 0.707106
v 10.895020 1.225938 0.563641
v 10.587756 1.066365 1.107525
v 10.001790 1.053042 1.011285
v 10.609706 1.253916 0.707106
v 10.001790 1.053042 1.011285
v 10.270987 1.294680 0.643510
v 10.609706 1.253916 0.707106
v 10.001790 1.053042 1.011285
v 9.745397 0.962843 0.606614
v 10.114681 1.149122 0.414458
v 10.001790 1.053042 1.011285
v 10.114681 1.149122 0.414458
v 10.270987 1.294680 0.643510
v 9.745397 0.962843 0.606614
v 9.374164 0.865867 0.333870
v 10.114681 1.149122 0.414458
v 9.374164 0.865867 0.333870
v 9.907659 1.070591 0.251264
v 10.114681 1.149122 0.414458
v 9.374164 0.865867 0.333870
v 9.257633 0.777094 -0.053720
v 9.821085 1.043101 0.000900
v 9.374164 0.865867 0.333870
v 9.821085 1.043101 0.000900
v 9.907659 1.070591 0.251264
v 9.257633 0.777094 -0.053720
v 9.472297 0.727533 -0.462142
v 9.821085 1.043101 0.000900
v 9.472297 0.727533 -0.462142
v 9.991424 1.047247 -0.217672
v 9.821085 1.043101 0.000900
v 9.472297 0.727533 -0.462142
v 10.010817 0.736212 -0.688762
v 10.210414 1.049329 -0.368933
v 9.472297 0.727533 -0.462142
v 10.210414 1.049329 -0.368933
v 9.991424 1.047247 -0.217672
v 10.010817 0.736212 -0.688762
v 10.480647 0.749006 -0.647568
v 10.210414 1.049329 -0.368933
v 10.480647 0.749006 -0.647568
v 10.524578 1.081389 -0.306042
v 10.210414 1.049329 -0.368933
v 10.524578 1.081389 -0.306042
v 10.863613 1.085248 -0.311808
v 10.747530 1.273273 -0.128055
v 10.524578 1.081389 -0.306042
v 10.747530 1.273273 -0.128055
v 10.540525 1.321337 -0.137314
v 10.863613 1.085248 -0.311808
v 11.046567 1.094238 -0.078187
v 10.747530 1.273273 -0.128055
v 11.046567 1.094238 -0.078187
v 10.821150 1.262444 0.016842
v 10.747530 1.273273 -0.128055
v 11.046567 1.094238 -0.078187
v 11.206905 1.106855 0.155465
v 10.950475 1.243590 0.154120
v 11.046567 1.094238 -0.078187
v 10.950475 1.243590 0.154120
v 10.821150 1.262444 0.016842
v 11.206905 1.106855 0.155465
v 11.037034 1.129271 0.354312
v 10.950475 1.243590 0.154120
v 11.037034 1.129271 0.354312
v 10.828133 1.272445 0.290257
v 10.950475 1.243590 0.154120
v 11.037034 1.129271 0.354312
v 10.895020 1.225938 0.563641
v 10.786964 1.374562 0.424423
v 11.037034 1.129271 0.354312
v 10.786964 1.374562 0.424423
v 10.828133 1.272445 0.290257
v 10.895020 1.225938 0.563641
v 10.609706 1.253916 0.707106
v 10.786964 1.374562 0.424423
v 10.609706 1.253916 0.707106
v 10.605933 1.405390 0.501472
v 10.786964 1.374562 0.424423
v 10.609706 1.253916 0.707106
v 10.270987 1.294680 0.643510
v 10.372716 1.447226 0.470517
v 10.609706 1.253916 0.707106
v 10.372716 1.447226 0.470517
v 10.605933 1.405390 0.501472
v 10.270987 1.294680 0.643510
v 10.114681 1.149122 0.414458
v 10.372716 1.447226 0.470517
v 10.114681 1.149122 0.414458
v 10.286451 1.353599 0.322454
v 10.372716 1.447226 0.470517
v 10.114681 1.149122 0.414458
v 9.907659 1.070591 0.251264
v 10.126052 1.285983 0.236687
v 10.114681 1.149122 0.414458
v 10.126052 1.285983 0.236687
v 10.286451 1.353599 0.322454
v 9.907659 1.070591 0.251264
v 9.821085 1.043101 0.000900
v 10.126052 1.285983 0.236687
v 9.821085 1.043101 0.000900
v 10.102787 1.266164 0.070538
v 10.126052 1.285983 0.236687
v 9.821085 1.043101 0.000900
v 9.991424 1.047247 -0.217672
v 10.199001 1.264411 -0.051976
v 9.821085 1.043101 0.000900
v 10.199001 1.264411 -0.051976
v 10.102787 1.266164 0.070538
v 9.991424 1.047247 -0.217672
v 10.210414 1.049329 -0.368933
v 10.199001 1.264411 -0.051976
v 10.210414 1.049329 -0.368933
v 10.369717 1.284719 -0.144277
v 10.199001 1.264411 -0.051976
v 10.210414 1.049329 -0.368933
v 10.524578 1.081389 -0.306042
v 10.540525 1.321337 -0.137314
v 10.210414 1.049329 -0.368933
v 10.540525 1.321337 -0.137314
v 10.369717 1.284719 -0.144277
v 10.540525 1.321337 -0.137314
v 10.747530 1.273273 -0.128055
v 10.168704 1.411032 0.071738
v 10.951641 0.151205 -0.396731
v 10.402956 0.133590 -0.463322
v 10.370528 0.277304 0.306044
v 10.747530 1.273273 -0.128055
v 10.821150 1.262444 0.016842
v 10.168704 1.411032 0.071738
v 11.172164 0.222591 -0.026430
v 10.951641 0.151205 -0.396731
v 10.370528 0.277304 0.306044
v 10.821150 1.262444 0.016842
v 10.950475 1.243590 0.154120
v 10.168704 1.411032 0.071738
v 11.481769 0.286015 0.296872
v 11.172164 0.222591 -0.026430
v 10.370528 0.277304 0.306044
v 10.950475 1.243590 0.154120
v 10.828133 1.272445 0.290257
v 10.168704 1.411032 0.071738
v 11.201325 0.352011 0.663493
v 11.481769 0.286015 0.296872
v 10.370528 0.277304 0.306044
v 10.828133 1.272445 0.290257
v 10.786964 1.374562 0.424423
v 10.168704 1.411032 0.071738
v 11.062809 0.428552 1.079333
v 11.201325 0.352011 0.663493
v 10.370528 0.277304 0.306044
v 10.786964 1.374562 0.424423
v 10.605933 1.405390 0.501472
v 10.168704 1.411032 0.071738
v 10.581112 0.444242 1.187302
v 11.062809 0.428552 1.079333
v 10.370528 0.277304 0.306044
v 10.605933 1.405390 0.501472
v 10.372716 1.447226 0.470517
v 10.168704 1.411032 0.071738
v 10.008096 0.441372 1.200693
v 10.581112 0.444242 1.187302
v 10.370528 0.277304 0.306044
v 10.372716 1.447226 0.470517
v 10.286451 1.353599 0.322454
v 10.168704 1.411032 0.071738
v 9.716070 0.351481 0.735125
v 10.008096 0.441372 1.200693
v 10.370528 0.277304 0.306044
v 10.286451 1.353599 0.322454
v 10.126052 1.285983 0.236687
v 10.168704 1.411032 0.071738
v 9.385485 0.308846 0.523932
v 9.716070 0.351481 0.735125
v 10.370528 0.277304 0.306044
v 10.126052 1.285983 0.236687
v 10.102787 1.266164 0.070538
v 10.168704 1.411032 0.071738
v 9.278236 0.224056 0.076347
v 9.385485 0.308846 0.523932
v 10.370528 0.277304 0.306044
v 10.102787 1.266164 0.070538
v 10.199001 1.264411 -0.051976
v 10.168704 1.411032 0.071738
v 9.444057 0.157383 -0.288145
v 9.278236 0.224056 0.076347
v 10.370528 0.277304 0.306044
v 10.199001 1.264411 -0.051976
v 10.369717 1.284719 -0.144277
v 10.168704 1.411032 0.071738
v 9.983020 0.129949 -0.461720
v 9.444057 0.157383 -0.288145
v 10.370528 0.277304 0.306044
v 10.369717 1.284719 -0.144277
v 10.540525 1.321337 -0.137314
v 10.168704 1.411032 0.071738
v 10.402956 0.133590 -0.463322
v 9.983020 0.129949 -0.461720
v 10.370528 0.277304 0.306044
vn 0.0875 -0.8663 -0.4918
vn 0.0667 -0.8388 -0.5404
vn 0.5926 -0.7796 -0.2026
vn 0.5541 -0.8081 -0.2001
vn 0.2831 -0.9554 -0.0837
vn 0.4091 -0.8441 -0.3467
vn 0.2808 -0.8839 0.3739
vn 0.4630 -0.6311 0.6224
vn 0.6310 -0.6980 0.3387
vn 0.5206 -0.7648 0.3794
vn 0.1755 -0.4896 0.8541
vn 0.1851 -0.5338 0.8251
vn 0.0230 -0.4702 0.8823
vn 0.0075 -0.5173 0.8558
vn -0.5324 -0.7041 0.4699
vn -0.5431 -0.6965 0.4690
vn -0.4423 -0.4406 0.7812
vn -0.3821 -0.6727 0.6336
vn -0.4203 -0.8678 0.2651
vn -0.5890 -0.7887 0.1763
vn -0.5419 -0.8352 -0.0937
vn -0.5436 -0.8341 -0.0938
vn -0.1855 -0.8802 -0.4368
vn -0.1882 -0.9174 -0.3507
vn 0.0052 -0.8376 -0.5462
vn 0.0579 -0.8851 -0.4618
vn 0.0160 0.0446 -0.9989
vn 0.0857 0.2672 -0.9598
vn 0.8951 0.0490 -0.4431
vn 0.8354 0.2132 -0.5066
vn 0.7525 -0.0004 -0.6586
vn 0.7748 0.1994 -0.5999
vn 0.6879 0.3853 0.6151
vn 0.7027 0.6127 0.3618
vn 0.9514 0.2825 0.1230
vn 0.7856 0.5998 0.1516
vn 0.2460 0.2601 0.9337
vn 0.3941 0.6623 0.6372
vn -0.0097 0.2764 0.9610
vn -0.1585 0.6446 0.7480
vn -0.7631 0.4699 0.4437
vn -0.7156 0.5477 0.4335
vn -0.7083 0.5091 0.4890
vn -0.5586 0.0485 0.8280
vn -0.9831 0.1114 0.1453
vn -0.9850 0.0978 0.1423
vn -0.8978 -0.1668 -0.4077
vn -0.7902 0.1821 -0.5852
vn -0.4875 0.2723 -0.8296
vn -0.4248 0.0036 -0.9053
vn 0.1192 0.2117 -0.9700
vn 0.0604 0.0394 -0.9974
vn 0.1088 -0.0642 -0.9920
vn 0.0768 0.0058 -0.9970
vn 0.8573 0.0401 -0.5133
vn 0.7999 -0.1479 -0.5816
vn 0.7768 -0.3233 -0.5405
vn 0.7461 -0.1522 -0.6482
vn 0.7869 -0.1320 0.6028
vn 0.7689 0.0224 0.6390
vn 0.9175 0.0029 0.3976
vn 0.9027 -0.0323 0.4290
vn 0.4456 0.3422 0.8273
vn 0.3193 0.5819 0.7480
vn -0.1569 0.5177 0.8411
vn -0.1487 0.5357 0.8312
vn -0.7295 0.5133 0.4521
vn -0.7167 0.6219 0.3155
vn -0.5236 0.6522 0.5482
vn -0.5664 0.6100 0.5541
vn -0.7945 0.6072 0.0010
vn -0.8555 0.4976 0.1432
vn -0.7782 0.2417 -0.5796
vn -0.7665 0.4507 -0.4576
vn -0.4123 0.1410 -0.9001
vn -0.3836 0.1868 -0.9044
vn 0.0630 0.0074 -0.9980
vn 0.0885 -0.0458 -0.9950
vn 0.0291 0.7145 -0.6991
vn -0.0202 0.6733 -0.7390
vn 0.5020 0.7273 -0.4680
vn 0.5462 0.7034 -0.4548
vn 0.4982 0.7268 -0.4727
vn 0.4905 0.7847 -0.3790
vn 0.5018 0.8373 0.2170
vn 0.5228 0.7730 0.3594
vn 0.5955 0.8031 0.0221
vn 0.5870 0.8092 0.0246
vn 0.2044 0.8821 0.4244
vn 0.2521 0.9120 0.3236
vn -0.0893 0.9038 0.4185
vn -0.0022 0.8365 0.5480
vn -0.4219 0.9042 0.0658
vn -0.6746 0.7382 -0.0088
vn -0.3684 0.9127 0.1769
vn -0.3577 0.9338 0.0044
vn -0.4191 0.9043 -0.0811
vn -0.3555 0.9345 0.0203
vn -0.3819 0.8719 -0.3065
vn -0.3974 0.8695 -0.2932
vn -0.2598 0.7661 -0.5879
vn -0.3117 0.8423 -0.4397
vn 0.0434 0.7002 -0.7126
vn 0.0677 0.7106 -0.7003
vn -0.0201 0.6924 -0.7212
vn 0.1663 0.5598 -0.8118
vn 0.5152 0.7402 -0.4320
vn 0.5277 0.8239 -0.2066
vn 0.4425 0.8264 -0.3483
vn 0.4707 0.8178 -0.3311
vn 0.4493 0.8455 0.2885
vn 0.4891 0.8315 0.2633
vn 0.7140 0.6790 0.1708
vn 0.6000 0.7145 -0.3597
vn 0.3485 0.7631 0.5442
vn 0.3618 0.7537 0.5486
vn -0.0309 0.7586 0.6508
vn 0.0658 0.8040 0.5910
vn -0.7617 0.6378 0.1145
vn -0.7586 0.6509 0.0304
vn -0.6079 0.6475 0.4596
vn -0.5475 0.6796 0.4882
vn -0.6877 0.7081 0.1601
vn -0.6197 0.7848 -0.0068
vn -0.5064 0.7740 -0.3800
vn -0.5034 0.7626 -0.4063
vn -0.3734 0.7613 -0.5301
vn -0.3767 0.7602 -0.5294
vn 0.1056 0.5673 -0.8167
vn -0.1289 0.7289 -0.6724
vn 0.2268 0.9738 -0.0145
vn 0.0092 -0.9829 0.1840
vn 0.2188 0.9750 -0.0383
vn 0.2159 0.9739 -0.0697
vn 0.2112 0.9773 -0.0174
vn 0.3343 0.7966 -0.5037
vn 0.1211 0.9865 -0.1102
vn 0.1976 0.9620 -0.1884
vn -0.8884 0.1165 0.4439
vn -0.5337 0.7346 0.4189
vn -0.9077 0.4124 0.0779
vn -0.7372 0.3403 -0.5838
vn -0.4537 0.5181 -0.7251
vn -0.1449 0.7894 -0.5965
s 0
usemtl Material_0
f 6553//2018 6555//2018 6554//2018
f 6556//2019 6558//2019 6557//2019
f 6559//2020 6561//2020 6560//2020
f 6562//2021 6564//2021 6563//2021
f 6565//2022 6567//2022 6566//2022
f 6568//2023 6570//2023 6569//2023
f 6571//2024 6573//2024 6572//2024
s 1
f 6574//2025 6576//2025 6575//2025
s 0
f 6577//2026 6579//2026 6578//2026
f 6580//2027 6582//2027 6581//2027
f 6583//2028 6585//2028 6584//2028
f 6586//2029 6588//2029 6587//2029
f 6589//2030 6591//2030 6590//2030
f 6592//2031 6594//2031 6593//2031
f 6595//2032 6597//2032 6596//2032
f 6598//2033 6600//2033 6599//2033
f 6601//2034 6603//2034 6602//2034
s 1
f 6604//2035 6606//2035 6605//2035
s 0
f 6607//2036 6609//2036 6608//2036
f 6610//2037 6612//2037 6611//2037
f 6613//2038 6615//2038 6614//2038
f 6616//2039 6618//2039 6617//2039
s 1
f 6619//2040 6621//2040 6620//2040
s 0
f 6622//2041 6624//2041 6623//2041
f 6625//2042 6627//2042 6626//2042
f 6628//2043 6630//2043 6629//2043
f 6631//2044 6633//2044 6632//2044
f 6634//2045 6636//2045 6635//2045
f 6637//2046 6639//2046 6638//2046
f 6640//2047 6642//2047 6641//2047
f 6643//2048 6645//2048 6644//2048
f 6646//2049 6648//2049 6647//2049
f 6649//2050 6651//2050 6650//2050
f 6652//2051 6654//2051 6653//2051
f 6655//2052 6657//2052 6656//2052
f 6658//2053 6660//2053 6659//2053
f 6661//2054 6663//2054 6662//2054
f 6664//2055 6666//2055 6665//2055
f 6667//2056 6669//2056 6668//2056
f 6670//2057 6672//2057 6671//2057
f 6673//2058 6675//2058 6674//2058
s 1
f 6676//2059 6678//2059 6677//2059
s 0
f 6679//2060 6681//2060 6680//2060
f 6682//2061 6684//2061 6683//2061
f 6685//2062 6687//2062 6686//2062
f 6688//2063 6690//2063 6689//2063
f 6691//2064 6693//2064 6692//2064
f 6694//2065 6696//2065 6695//2065
f 6697//2066 6699//2066 6698//2066
f 6700//2067 6702//2067 6701//2067
f 6703//2068 6705//2068 6704//2068
f 6706//2069 6708//2069 6707//2069
f 6709//2070 6711//2070 6710//2070
f 6712//2071 6714//2071 6713//2071
f 6715//2072 6717//2072 6716//2072
f 6718//2073 6720//2073 6719//2073
f 6721//2074 6723//2074 6722//2074
f 6724//2075 6726//2075 6725//2075
f 6727//2076 6729//2076 6728//2076
f 6730//2077 6732//2077 6731//2077
f 6733//2078 6735//2078 6734//2078
f 6736//2079 6738//2079 6737//2079
f 6739//2080 6741//2080 6740//2080
f 6742//2081 6744//2081 6743//2081
f 6745//2082 6747//2082 6746//2082
f 6748//2083 6750//2083 6749//2083
f 6751//2084 6753//2084 6752//2084
f 6754//2085 6756//2085 6755//2085
f 6757//2086 6759//2086 6758//2086
f 6760//2087 6762//2087 6761//2087
f 6763//2088 6765//2088 6764//2088
f 6766//2089 6768//2089 6767//2089
f 6769//2090 6771//2090 6770//2090
f 6772//2091 6774//2091 6773//2091
f 6775//2092 6777//2092 6776//2092
f 6778//2093 6780//2093 6779//2093
f 6781//2094 6783//2094 6782//2094
f 6784//2095 6786//2095 6785//2095
f 6787//2096 6789//2096 6788//2096
f 6790//2097 6792//2097 6791//2097
f 6793//2098 6795//2098 6794//2098
f 6796//2099 6798//2099 6797//2099
f 6799//2100 6801//2100 6800//2100
f 6802//2101 6804//2101 6803//2101
f 6805//2102 6807//2102 6806//2102
f 6808//2103 6810//2103 6809//2103
s 1
f 6811//2104 6813//2104 6812//2104
s 0
f 6814//2105 6816//2105 6815//2105
f 6817//2106 6819//2106 6818//2106
f 6820//2107 6822//2107 6821//2107
f 6823//2108 6825//2108 6824//2108
f 6826//2109 6828//2109 6827//2109
f 6829//2110 6831//2110 6830//2110
f 6832//2111 6834//2111 6833//2111
f 6835//2112 6837//2112 6836//2112
f 6838//2113 6840//2113 6839//2113
f 6841//2114 6843//2114 6842//2114
f 6844//2115 6846//2115 6845//2115
f 6847//2116 6849//2116 6848//2116
f 6850//2117 6852//2117 6851//2117
f 6853//2118 6855//2118 6854//2118
f 6856//2119 6858//2119 6857//2119
f 6859//2120 6861//2120 6860//2120
f 6862//2121 6864//2121 6863//2121
f 6865//2122 6867//2122 6866//2122
f 6868//2123 6870//2123 6869//2123
f 6871//2124 6873//2124 6872//2124
s 1
f 6874//2125 6876//2125 6875//2125
s 0
f 6877//2126 6879//2126 6878//2126
f 6880//2127 6882//2127 6881//2127
f 6883//2128 6885//2128 6884//2128
f 6886//2129 6888//2129 6887//2129
f 6889//2130 6891//2130 6890//2130
f 6892//2131 6894//2131 6893//2131
f 6895//2132 6897//2132 6896//2132
f 6898//2133 6900//2133 6899//2133
f 6901//2134 6903//2134 6902//2134
f 6904//2135 6906//2135 6905//2135
f 6907//2136 6909//2136 6908//2136
f 6910//2137 6912//2137 6911//2137
f 6913//2138 6915//2138 6914//2138
f 6916//2139 6918//2139 6917//2139
f 6919//2140 6921//2140 6920//2140
f 6922//2141 6924//2141 6923//2141
f 6925//2142 6927//2142 6926//2142
f 6928//2143 6930//2143 6929//2143
f 6931//2144 6933//2144 6932//2144
f 6934//2145 6936//2145 6935//2145
f 6937//2146 6939//2146 6938//2146
f 6940//2147 6942//2147 6941//2147
f 6943//2148 6945//2148 6944//2148
f 6946//2149 6948//2149 6947//2149
f 6949//2150 6951//2150 6950//2150
f 6952//2149 6954//2149 6953//2149
f 6955//2151 6957//2151 6956//2151
f 6958//2149 6960//2149 6959//2149
f 6961//2152 6963//2152 6962//2152
f 6964//2149 6966//2149 6965//2149
f 6967//2153 6969//2153 6968//2153
f 6970//2149 6972//2149 6971//2149
f 6973//2154 6975//2154 6974//2154
f 6976//2149 6978//2149 6977//2149
f 6979//2155 6981//2155 6980//2155
f 6982//2149 6984//2149 6983//2149
f 6985//2156 6987//2156 6986//2156
f 6988//2149 6990//2149 6989//2149
f 6991//2157 6993//2157 6992//2157
f 6994//2149 6996//2149 6995//2149
f 6997//2158 6999//2158 6998//2158
f 7000//2149 7002//2149 7001//2149
f 7003//2159 7005//2159 7004//2159
f 7006//2149 7008//2149 7007//2149
s 1
f 7009//2160 7011//2160 7010//2160
s 0
f 7012//2149 7014//2149 7013//2149
f 7015//2161 7017//2161 7016//2161
f 7018//2149 7020//2149 7019//2149
o stoneInstances_0012
v 9.554951 0.168107 6.886233
v 9.689950 0.149160 7.016372
v 9.800491 0.264018 6.959918
v 9.554951 0.168107 6.886233
v 9.800491 0.264018 6.959918
v 9.620356 0.263969 6.830074
v 9.689950 0.149160 7.016372
v 9.620048 0.112035 7.220286
v 9.800491 0.264018 6.959918
v 9.620048 0.112035 7.220286
v 9.701668 0.195423 7.200171
v 9.800491 0.264018 6.959918
v 9.620048 0.112035 7.220286
v 9.592957 0.076800 7.419817
v 9.657533 0.104519 7.468956
v 9.620048 0.112035 7.220286
v 9.657533 0.104519 7.468956
v 9.701668 0.195423 7.200171
v 9.592957 0.076800 7.419817
v 9.379151 0.052067 7.530120
v 9.657533 0.104519 7.468956
v 9.379151 0.052067 7.530120
v 9.418146 0.092094 7.563736
v 9.657533 0.104519 7.468956
v 9.379151 0.052067 7.530120
v 9.188703 0.019685 7.688205
v 9.197757 0.088572 7.776579
v 9.379151 0.052067 7.530120
v 9.197757 0.088572 7.776579
v 9.418146 0.092094 7.563736
v 9.188703 0.019685 7.688205
v 9.010036 0.022022 7.647404
v 9.197757 0.088572 7.776579
v 9.010036 0.022022 7.647404
v 8.966624 0.091362 7.733034
v 9.197757 0.088572 7.776579
v 9.010036 0.022022 7.647404
v 8.839075 0.034685 7.548095
v 8.748509 0.105975 7.591070
v 9.010036 0.022022 7.647404
v 8.748509 0.105975 7.591070
v 8.966624 0.091362 7.733034
v 8.839075 0.034685 7.548095
v 8.922680 0.081717 7.289008
v 8.748509 0.105975 7.591070
v 8.922680 0.081717 7.289008
v 8.820626 0.160622 7.344339
v 8.748509 0.105975 7.591070
v 8.922680 0.081717 7.289008
v 8.903171 0.107828 7.135101
v 8.859549 0.167667 7.076243
v 8.922680 0.081717 7.289008
v 8.859549 0.167667 7.076243
v 8.820626 0.160622 7.344339
v 8.903171 0.107828 7.135101
v 9.033844 0.148861 6.917879
v 8.859549 0.167667 7.076243
v 9.033844 0.148861 6.917879
v 8.989351 0.222232 6.884291
v 8.859549 0.167667 7.076243
v 9.033844 0.148861 6.917879
v 9.213650 0.176174 6.787468
v 9.219443 0.250215 6.722876
v 9.033844 0.148861 6.917879
v 9.219443 0.250215 6.722876
v 8.989351 0.222232 6.884291
v 9.213650 0.176174 6.787468
v 9.432631 0.178092 6.809831
v 9.219443 0.250215 6.722876
v 9.432631 0.178092 6.809831
v 9.476321 0.292744 6.694763
v 9.219443 0.250215 6.722876
v 9.432631 0.178092 6.809831
v 9.554951 0.168107 6.886233
v 9.620356 0.263969 6.830074
v 9.432631 0.178092 6.809831
v 9.620356 0.263969 6.830074
v 9.476321 0.292744 6.694763
v 9.620356 0.263969 6.830074
v 9.800491 0.264018 6.959918
v 9.606462 0.374018 6.879044
v 9.800491 0.264018 6.959918
v 9.755505 0.362747 7.019696
v 9.606462 0.374018 6.879044
v 9.800491 0.264018 6.959918
v 9.701668 0.195423 7.200171
v 9.689140 0.297211 7.217054
v 9.800491 0.264018 6.959918
v 9.689140 0.297211 7.217054
v 9.755505 0.362747 7.019696
v 9.701668 0.195423 7.200171
v 9.657533 0.104519 7.468956
v 9.689140 0.297211 7.217054
v 9.657533 0.104519 7.468956
v 9.635358 0.243065 7.434515
v 9.689140 0.297211 7.217054
v 9.657533 0.104519 7.468956
v 9.418146 0.092094 7.563736
v 9.410741 0.227748 7.558558
v 9.657533 0.104519 7.468956
v 9.410741 0.227748 7.558558
v 9.635358 0.243065 7.434515
v 9.418146 0.092094 7.563736
v 9.197757 0.088572 7.776579
v 9.410741 0.227748 7.558558
v 9.197757 0.088572 7.776579
v 9.189404 0.222318 7.729294
v 9.410741 0.227748 7.558558
v 9.197757 0.088572 7.776579
v 8.966624 0.091362 7.733034
v 8.975166 0.224276 7.746861
v 9.197757 0.088572 7.776579
v 8.975166 0.224276 7.746861
v 9.189404 0.222318 7.729294
v 8.966624 0.091362 7.733034
v 8.748509 0.105975 7.591070
v 8.975166 0.224276 7.746861
v 8.748509 0.105975 7.591070
v 8.804296 0.225202 7.569077
v 8.975166 0.224276 7.746861
v 8.748509 0.105975 7.591070
v 8.820626 0.160622 7.344339
v 8.864769 0.264267 7.310266
v 8.748509 0.105975 7.591070
v 8.864769 0.264267 7.310266
v 8.804296 0.225202 7.569077
v 8.820626 0.160622 7.344339
v 8.859549 0.167667 7.076243
v 8.864769 0.264267 7.310266
v 8.859549 0.167667 7.076243
v 8.848271 0.274402 7.119013
v 8.864769 0.264267 7.310266
v 8.859549 0.167667 7.076243
v 8.989351 0.222232 6.884291
v 9.006970 0.313290 6.879377
v 8.859549 0.167667 7.076243
v 9.006970 0.313290 6.879377
v 8.848271 0.274402 7.119013
v 8.989351 0.222232 6.884291
v 9.219443 0.250215 6.722876
v 9.006970 0.313290 6.879377
v 9.219443 0.250215 6.722876
v 9.238579 0.366565 6.761676
v 9.006970 0.313290 6.879377
v 9.219443 0.250215 6.722876
v 9.476321 0.292744 6.694763
v 9.454523 0.375456 6.751030
v 9.219443 0.250215 6.722876
v 9.454523 0.375456 6.751030
v 9.238579 0.366565 6.761676
v 9.476321 0.292744 6.694763
v 9.620356 0.263969 6.830074
v 9.454523 0.375456 6.751030
v 9.620356 0.263969 6.830074
v 9.606462 0.374018 6.879044
v 9.454523 0.375456 6.751030
v 9.606462 0.374018 6.879044
v 9.755505 0.362747 7.019696
v 9.737823 0.476397 7.047278
v 9.606462 0.374018 6.879044
v 9.737823 0.476397 7.047278
v 9.594923 0.490381 6.927186
v 9.755505 0.362747 7.019696
v 9.689140 0.297211 7.217054
v 9.737823 0.476397 7.047278
v 9.689140 0.297211 7.217054
v 9.688162 0.427507 7.250501
v 9.737823 0.476397 7.047278
v 9.689140 0.297211 7.217054
v 9.635358 0.243065 7.434515
v 9.651864 0.360238 7.470151
v 9.689140 0.297211 7.217054
v 9.651864 0.360238 7.470151
v 9.688162 0.427507 7.250501
v 9.635358 0.243065 7.434515
v 9.410741 0.227748 7.558558
v 9.651864 0.360238 7.470151
v 9.410741 0.227748 7.558558
v 9.416241 0.346552 7.585418
v 9.651864 0.360238 7.470151
v 9.410741 0.227748 7.558558
v 9.189404 0.222318 7.729294
v 9.227320 0.342346 7.726685
v 9.410741 0.227748 7.558558
v 9.227320 0.342346 7.726685
v 9.416241 0.346552 7.585418
v 9.189404 0.222318 7.729294
v 8.975166 0.224276 7.746861
v 9.227320 0.342346 7.726685
v 8.975166 0.224276 7.746861
v 8.992576 0.331250 7.719389
v 9.227320 0.342346 7.726685
v 8.975166 0.224276 7.746861
v 8.804296 0.225202 7.569077
v 8.856712 0.358482 7.571016
v 8.975166 0.224276 7.746861
v 8.856712 0.358482 7.571016
v 8.992576 0.331250 7.719389
v 8.804296 0.225202 7.569077
v 8.864769 0.264267 7.310266
v 8.856712 0.358482 7.571016
v 8.864769 0.264267 7.310266
v 8.929550 0.393705 7.343343
v 8.856712 0.358482 7.571016
v 8.864769 0.264267 7.310266
v 8.848271 0.274402 7.119013
v 8.923715 0.405928 7.147748
v 8.864769 0.264267 7.310266
v 8.923715 0.405928 7.147748
v 8.929550 0.393705 7.343343
v 8.848271 0.274402 7.119013
v 9.006970 0.313290 6.879377
v 8.923715 0.405928 7.147748
v 9.006970 0.313290 6.879377
v 9.031158 0.434847 6.952782
v 8.923715 0.405928 7.147748
v 9.006970 0.313290 6.879377
v 9.238579 0.366565 6.761676
v 9.239118 0.476571 6.816092
v 9.006970 0.313290 6.879377
v 9.239118 0.476571 6.816092
v 9.031158 0.434847 6.952782
v 9.238579 0.366565 6.761676
v 9.454523 0.375456 6.751030
v 9.239118 0.476571 6.816092
v 9.454523 0.375456 6.751030
v 9.473657 0.504925 6.822623
v 9.239118 0.476571 6.816092
v 9.454523 0.375456 6.751030
v 9.606462 0.374018 6.879044
v 9.594923 0.490381 6.927186
v 9.454523 0.375456 6.751030
v 9.594923 0.490381 6.927186
v 9.473657 0.504925 6.822623
v 9.594923 0.490381 6.927186
v 9.737823 0.476397 7.047278
v 9.463936 0.587288 7.130568
v 9.737823 0.476397 7.047278
v 9.564175 0.580445 7.190570
v 9.463936 0.587288 7.130568
v 9.737823 0.476397 7.047278
v 9.688162 0.427507 7.250501
v 9.535539 0.538651 7.321201
v 9.737823 0.476397 7.047278
v 9.535539 0.538651 7.321201
v 9.564175 0.580445 7.190570
v 9.688162 0.427507 7.250501
v 9.651864 0.360238 7.470151
v 9.535539 0.538651 7.321201
v 9.651864 0.360238 7.470151
v 9.500046 0.499220 7.448331
v 9.535539 0.538651 7.321201
v 9.651864 0.360238 7.470151
v 9.416241 0.346552 7.585418
v 9.379932 0.479959 7.502696
v 9.651864 0.360238 7.470151
v 9.379932 0.479959 7.502696
v 9.500046 0.499220 7.448331
v 9.416241 0.346552 7.585418
v 9.227320 0.342346 7.726685
v 9.379932 0.479959 7.502696
v 9.227320 0.342346 7.726685
v 9.258655 0.493335 7.578786
v 9.379932 0.479959 7.502696
v 9.227320 0.342346 7.726685
v 8.992576 0.331250 7.719389
v 9.123802 0.489694 7.590343
v 9.227320 0.342346 7.726685
v 9.123802 0.489694 7.590343
v 9.258655 0.493335 7.578786
v 8.992576 0.331250 7.719389
v 8.856712 0.358482 7.571016
v 9.123802 0.489694 7.590343
v 8.856712 0.358482 7.571016
v 9.044363 0.529846 7.509371
v 9.123802 0.489694 7.590343
v 8.856712 0.358482 7.571016
v 8.929550 0.393705 7.343343
v 9.089495 0.505219 7.362746
v 8.856712 0.358482 7.571016
v 9.089495 0.505219 7.362746
v 9.044363 0.529846 7.509371
v 8.929550 0.393705 7.343343
v 8.923715 0.405928 7.147748
v 9.089495 0.505219 7.362746
v 8.923715 0.405928 7.147748
v 9.091944 0.502361 7.245051
v 9.089495 0.505219 7.362746
v 8.923715 0.405928 7.147748
v 9.031158 0.434847 6.952782
v 9.155804 0.535543 7.122022
v 8.923715 0.405928 7.147748
v 9.155804 0.535543 7.122022
v 9.091944 0.502361 7.245051
v 9.031158 0.434847 6.952782
v 9.239118 0.476571 6.816092
v 9.155804 0.535543 7.122022
v 9.239118 0.476571 6.816092
v 9.280891 0.570853 7.064070
v 9.155804 0.535543 7.122022
v 9.239118 0.476571 6.816092
v 9.473657 0.504925 6.822623
v 9.396901 0.592029 7.042241
v 9.239118 0.476571 6.816092
v 9.396901 0.592029 7.042241
v 9.280891 0.570853 7.064070
v 9.473657 0.504925 6.822623
v 9.594923 0.490381 6.927186
v 9.396901 0.592029 7.042241
v 9.594923 0.490381 6.927186
v 9.463936 0.587288 7.130568
v 9.396901 0.592029 7.042241
v 9.463936 0.587288 7.130568
v 9.564175 0.580445 7.190570
v 9.452398 0.640940 7.276088
v 9.463936 0.587288 7.130568
v 9.452398 0.640940 7.276088
v 9.391817 0.671299 7.242599
v 9.564175 0.580445 7.190570
v 9.535539 0.538651 7.321201
v 9.452398 0.640940 7.276088
v 9.535539 0.538651 7.321201
v 9.424298 0.608366 7.347124
v 9.452398 0.640940 7.276088
v 9.535539 0.538651 7.321201
v 9.500046 0.499220 7.448331
v 9.415640 0.571720 7.423841
v 9.535539 0.538651 7.321201
v 9.415640 0.571720 7.423841
v 9.424298 0.608366 7.347124
v 9.500046 0.499220 7.448331
v 9.379932 0.479959 7.502696
v 9.415640 0.571720 7.423841
v 9.379932 0.479959 7.502696
v 9.330627 0.565122 7.462208
v 9.415640 0.571720 7.423841
v 9.379932 0.479959 7.502696
v 9.258655 0.493335 7.578786
v 9.264345 0.591345 7.526734
v 9.379932 0.479959 7.502696
v 9.264345 0.591345 7.526734
v 9.330627 0.565122 7.462208
v 9.258655 0.493335 7.578786
v 9.123802 0.489694 7.590343
v 9.264345 0.591345 7.526734
v 9.123802 0.489694 7.590343
v 9.182646 0.597688 7.530509
v 9.264345 0.591345 7.526734
v 9.123802 0.489694 7.590343
v 9.044363 0.529846 7.509371
v 9.122452 0.629631 7.482312
v 9.123802 0.489694 7.590343
v 9.122452 0.629631 7.482312
v 9.182646 0.597688 7.530509
v 9.044363 0.529846 7.509371
v 9.089495 0.505219 7.362746
v 9.122452 0.629631 7.482312
v 9.089495 0.505219 7.362746
v 9.155884 0.613509 7.390297
v 9.122452 0.629631 7.482312
v 9.089495 0.505219 7.362746
v 9.091944 0.502361 7.245051
v 9.144170 0.600970 7.314666
v 9.089495 0.505219 7.362746
v 9.144170 0.600970 7.314666
v 9.155884 0.613509 7.390297
v 9.091944 0.502361 7.245051
v 9.155804 0.535543 7.122022
v 9.144170 0.600970 7.314666
v 9.155804 0.535543 7.122022
v 9.196604 0.621265 7.238983
v 9.144170 0.600970 7.314666
v 9.155804 0.535543 7.122022
v 9.280891 0.570853 7.064070
v 9.267241 0.639101 7.205955
v 9.155804 0.535543 7.122022
v 9.267241 0.639101 7.205955
v 9.196604 0.621265 7.238983
v 9.280891 0.570853 7.064070
v 9.396901 0.592029 7.042241
v 9.267241 0.639101 7.205955
v 9.396901 0.592029 7.042241
v 9.347367 0.660004 7.202554
v 9.267241 0.639101 7.205955
v 9.396901 0.592029 7.042241
v 9.463936 0.587288 7.130568
v 9.391817 0.671299 7.242599
v 9.396901 0.592029 7.042241
v 9.391817 0.671299 7.242599
v 9.347367 0.660004 7.202554
v 9.391817 0.671299 7.242599
v 9.452398 0.640940 7.276088
v 9.204377 0.687976 7.275577
v 9.689950 0.149160 7.016372
v 9.554951 0.168107 6.886233
v 9.267488 0.102799 7.219817
v 9.452398 0.640940 7.276088
v 9.424298 0.608366 7.347124
v 9.204377 0.687976 7.275577
v 9.620048 0.112035 7.220286
v 9.689950 0.149160 7.016372
v 9.267488 0.102799 7.219817
v 9.424298 0.608366 7.347124
v 9.415640 0.571720 7.423841
v 9.204377 0.687976 7.275577
v 9.592957 0.076800 7.419817
v 9.620048 0.112035 7.220286
v 9.267488 0.102799 7.219817
v 9.415640 0.571720 7.423841
v 9.330627 0.565122 7.462208
v 9.204377 0.687976 7.275577
v 9.379151 0.052067 7.530120
v 9.592957 0.076800 7.419817
v 9.267488 0.102799 7.219817
v 9.330627 0.565122 7.462208
v 9.264345 0.591345 7.526734
v 9.204377 0.687976 7.275577
v 9.188703 0.019685 7.688205
v 9.379151 0.052067 7.530120
v 9.267488 0.102799 7.219817
v 9.264345 0.591345 7.526734
v 9.182646 0.597688 7.530509
v 9.204377 0.687976 7.275577
v 9.010036 0.022022 7.647404
v 9.188703 0.019685 7.688205
v 9.267488 0.102799 7.219817
v 9.182646 0.597688 7.530509
v 9.122452 0.629631 7.482312
v 9.204377 0.687976 7.275577
v 8.839075 0.034685 7.548095
v 9.010036 0.022022 7.647404
v 9.267488 0.102799 7.219817
v 9.122452 0.629631 7.482312
v 9.155884 0.613509 7.390297
v 9.204377 0.687976 7.275577
v 8.922680 0.081717 7.289008
v 8.839075 0.034685 7.548095
v 9.267488 0.102799 7.219817
v 9.155884 0.613509 7.390297
v 9.144170 0.600970 7.314666
v 9.204377 0.687976 7.275577
v 8.903171 0.107828 7.135101
v 8.922680 0.081717 7.289008
v 9.267488 0.102799 7.219817
v 9.144170 0.600970 7.314666
v 9.196604 0.621265 7.238983
v 9.204377 0.687976 7.275577
v 9.033844 0.148861 6.917879
v 8.903171 0.107828 7.135101
v 9.267488 0.102799 7.219817
v 9.196604 0.621265 7.238983
v 9.267241 0.639101 7.205955
v 9.204377 0.687976 7.275577
v 9.213650 0.176174 6.787468
v 9.033844 0.148861 6.917879
v 9.267488 0.102799 7.219817
v 9.267241 0.639101 7.205955
v 9.347367 0.660004 7.202554
v 9.204377 0.687976 7.275577
v 9.432631 0.178092 6.809831
v 9.213650 0.176174 6.787468
v 9.267488 0.102799 7.219817
v 9.347367 0.660004 7.202554
v 9.391817 0.671299 7.242599
v 9.204377 0.687976 7.275577
v 9.554951 0.168107 6.886233
v 9.432631 0.178092 6.809831
v 9.267488 0.102799 7.219817
vn 0.4418 -0.7006 -0.5603
vn 0.4403 -0.6582 -0.6107
vn 0.7466 -0.6510 0.1374
vn 0.7231 -0.6831 0.1024
vn 0.4529 -0.8865 -0.0951
vn 0.6936 -0.7093 -0.1260
vn 0.2291 -0.9453 0.2322
vn 0.2728 -0.7605 0.5892
vn 0.5246 -0.6967 0.4893
vn 0.4336 -0.7886 0.4360
vn -0.1511 -0.7721 0.6173
vn -0.1203 -0.8005 0.5872
vn -0.3606 -0.7729 0.5222
vn -0.3600 -0.8059 0.4701
vn -0.6759 -0.6554 -0.3371
vn -0.6838 -0.6442 -0.3426
vn -0.8095 -0.5871 0.0030
vn -0.6455 -0.7553 -0.1136
vn -0.4738 -0.7685 -0.4302
vn -0.5716 -0.6019 -0.5576
vn -0.4199 -0.5778 -0.6999
vn -0.4213 -0.5761 -0.7004
vn 0.0821 -0.6588 -0.7478
vn 0.0422 -0.7157 -0.6971
vn 0.3669 -0.6437 -0.6715
vn 0.3917 -0.7219 -0.5705
vn 0.5362 0.3988 -0.7440
vn 0.5729 0.5995 -0.5590
vn 0.9188 0.0481 0.3917
vn 0.9095 0.1909 0.3692
vn 0.9777 0.0887 0.1905
vn 0.9327 0.2203 0.2855
vn 0.3651 0.0554 0.9293
vn 0.4489 0.2826 0.8477
vn 0.6927 0.0652 0.7183
vn 0.5772 0.3040 0.7579
vn -0.1854 -0.0899 0.9785
vn 0.0800 0.3367 0.9382
vn -0.5472 -0.0517 0.8354
vn -0.6527 0.4215 0.6295
vn -0.9237 0.3286 -0.1972
vn -0.9057 0.3958 -0.1519
vn -0.9270 0.3536 -0.1253
vn -0.9877 -0.1356 0.0780
vn -0.8382 0.1336 -0.5288
vn -0.8364 0.1254 -0.5336
vn -0.5785 0.0681 -0.8128
vn -0.4871 0.3473 -0.8013
vn -0.1776 0.5211 -0.8348
vn -0.0599 0.3246 -0.9439
vn 0.6299 0.5435 -0.5549
vn 0.5960 0.3881 -0.7030
vn 0.6713 0.2718 -0.6896
vn 0.6223 0.3512 -0.6996
vn 0.9392 0.0643 0.3372
vn 0.9729 -0.0506 0.2256
vn 0.9626 -0.1934 0.1899
vn 0.9876 -0.0320 0.1534
vn 0.4750 -0.3166 0.8210
vn 0.4391 -0.2174 0.8717
vn 0.6041 -0.1739 0.7777
vn 0.5892 -0.2040 0.7818
vn 0.0817 -0.0041 0.9966
vn -0.0421 0.2549 0.9660
vn -0.6948 0.2635 0.6692
vn -0.6806 0.2842 0.6753
vn -0.9179 0.3633 -0.1596
vn -0.8549 0.4788 -0.1994
vn -0.8724 0.4784 0.1006
vn -0.8984 0.4358 0.0540
vn -0.7488 0.5195 -0.4116
vn -0.8255 0.4029 -0.3952
vn -0.4869 0.3892 -0.7820
vn -0.5414 0.5109 -0.6677
vn -0.0623 0.4428 -0.8945
vn -0.0346 0.4875 -0.8724
vn 0.6043 0.3550 -0.7133
vn 0.6440 0.2951 -0.7058
vn 0.2981 0.9219 -0.2473
vn 0.2635 0.9039 -0.3371
vn 0.6504 0.6869 0.3242
vn 0.6783 0.6436 0.3546
vn 0.6500 0.6899 0.3187
vn 0.5925 0.7077 0.3849
vn 0.3374 0.5607 0.7562
vn 0.3032 0.4620 0.8335
vn 0.4916 0.5516 0.6738
vn 0.4840 0.5590 0.6732
vn -0.0544 0.6573 0.7517
vn 0.0428 0.6946 0.7181
vn -0.4082 0.7555 0.5125
vn -0.3640 0.6415 0.6752
vn -0.5667 0.8222 -0.0541
vn -0.6939 0.6441 -0.3218
vn -0.5761 0.8145 0.0681
vn -0.4834 0.8748 -0.0313
vn -0.4946 0.8568 -0.1455
vn -0.4891 0.8720 -0.0187
vn -0.3566 0.8945 -0.2696
vn -0.3764 0.8853 -0.2732
vn -0.0993 0.9126 -0.3966
vn -0.2272 0.9224 -0.3124
vn 0.3240 0.9128 -0.2488
vn 0.3454 0.9140 -0.2131
vn 0.2522 0.9142 -0.3171
vn 0.5415 0.8018 -0.2527
vn 0.6412 0.6789 0.3578
vn 0.5377 0.6654 0.5178
vn 0.5355 0.7527 0.3830
vn 0.5511 0.7271 0.4095
vn 0.2619 0.5684 0.7800
vn 0.3083 0.5481 0.7775
vn 0.5218 0.3763 0.7656
vn 0.6681 0.5976 0.4434
vn 0.0631 0.4652 0.8829
vn 0.0761 0.4512 0.8892
vn -0.4486 0.5434 0.7096
vn -0.2976 0.5816 0.7571
vn -0.7848 0.5248 -0.3297
vn -0.7478 0.5522 -0.3685
vn -0.8744 0.4843 -0.0300
vn -0.8569 0.5132 0.0476
vn -0.7746 0.5831 -0.2448
vn -0.6661 0.6931 -0.2756
vn -0.4230 0.8000 -0.4255
vn -0.4085 0.7983 -0.4426
vn -0.2407 0.8654 -0.4394
vn -0.2440 0.8634 -0.4415
vn 0.4719 0.8238 -0.3140
vn 0.0927 0.9267 -0.3643
vn 0.1619 0.8589 0.4858
vn 0.0260 -0.9850 -0.1704
vn 0.1641 0.8705 0.4641
vn 0.1755 0.8805 0.4404
vn 0.1461 0.8688 0.4731
vn 0.5197 0.8316 0.1959
vn 0.0884 0.9365 0.3392
vn 0.2117 0.9154 0.3423
vn -0.9339 0.0673 -0.3511
vn -0.8155 0.5780 0.0305
vn -0.8111 0.3511 -0.4678
vn -0.4686 0.4662 -0.7504
vn -0.2115 0.6998 -0.6823
vn 0.0314 0.9523 -0.3034
s 0
usemtl Material_0
f 7021//2162 7023//2162 7022//2162
f 7024//2163 7026//2163 7025//2163
f 7027//2164 7029//2164 7028//2164
f 7030//2165 7032//2165 7031//2165
f 7033//2166 7035//2166 7034//2166
f 7036//2167 7038//2167 7037//2167
f 7039//2168 7041//2168 7040//2168
s 1
f 7042//2169 7044//2169 7043//2169
s 0
f 7045//2170 7047//2170 7046//2170
f 7048//2171 7050//2171 7049//2171
f 7051//2172 7053//2172 7052//2172
f 7054//2173 7056//2173 7055//2173
f 7057//2174 7059//2174 7058//2174
f 7060//2175 7062//2175 7061//2175
f 7063//2176 7065//2176 7064//2176
f 7066//2177 7068//2177 7067//2177
f 7069//2178 7071//2178 7070//2178
s 1
f 7072//2179 7074//2179 7073//2179
s 0
f 7075//2180 7077//2180 7076//2180
f 7078//2181 7080//2181 7079//2181
f 7081//2182 7083//2182 7082//2182
f 7084//2183 7086//2183 7085//2183
s 1
f 7087//2184 7089//2184 7088//2184
s 0
f 7090//2185 7092//2185 7091//2185
f 7093//2186 7095//2186 7094//2186
f 7096//2187 7098//2187 7097//2187
f 7099//2188 7101//2188 7100//2188
f 7102//2189 7104//2189 7103//2189
f 7105//2190 7107//2190 7106//2190
f 7108//2191 7110//2191 7109//2191
f 7111//2192 7113//2192 7112//2192
f 7114//2193 7116//2193 7115//2193
f 7117//2194 7119//2194 7118//2194
f 7120//2195 7122//2195 7121//2195
f 7123//2196 7125//2196 7124//2196
f 7126//2197 7128//2197 7127//2197
f 7129//2198 7131//2198 7130//2198
f 7132//2199 7134//2199 7133//2199
f 7135//2200 7137//2200 7136//2200
f 7138//2201 7140//2201 7139//2201
f 7141//2202 7143//2202 7142//2202
s 1
f 7144//2203 7146//2203 7145//2203
s 0
f 7147//2204 7149//2204 7148//2204
f 7150//2205 7152//2205 7151//2205
f 7153//2206 7155//2206 7154//2206
f 7156//2207 7158//2207 7157//2207
f 7159//2208 7161//2208 7160//2208
f 7162//2209 7164//2209 7163//2209
f 7165//2210 7167//2210 7166//2210
f 7168//2211 7170//2211 7169//2211
f 7171//2212 7173//2212 7172//2212
f 7174//2213 7176//2213 7175//2213
f 7177//2214 7179//2214 7178//2214
f 7180//2215 7182//2215 7181//2215
f 7183//2216 7185//2216 7184//2216
f 7186//2217 7188//2217 7187//2217
f 7189//2218 7191//2218 7190//2218
f 7192//2219 7194//2219 7193//2219
f 7195//2220 7197//2220 7196//2220
f 7198//2221 7200//2221 7199//2221
f 7201//2222 7203//2222 7202//2222
f 7204//2223 7206//2223 7205//2223
f 7207//2224 7209//2224 7208//2224
f 7210//2225 7212//2225 7211//2225
f 7213//2226 7215//2226 7214//2226
f 7216//2227 7218//2227 7217//2227
f 7219//2228 7221//2228 7220//2228
f 7222//2229 7224//2229 7223//2229
f 7225//2230 7227//2230 7226//2230
f 7228//2231 7230//2231 7229//2231
f 7231//2232 7233//2232 7232//2232
f 7234//2233 7236//2233 7235//2233
f 7237//2234 7239//2234 7238//2234
f 7240//2235 7242//2235 7241//2235
f 7243//2236 7245//2236 7244//2236
f 7246//2237 7248//2237 7247//2237
f 7249//2238 7251//2238 7250//2238
f 7252//2239 7254//2239 7253//2239
f 7255//2240 7257//2240 7256//2240
f 7258//2241 7260//2241 7259//2241
f 7261//2242 7263//2242 7262//2242
f 7264//2243 7266//2243 7265//2243
f 7267//2244 7269//2244 7268//2244
f 7270//2245 7272//2245 7271//2245
f 7273//2246 7275//2246 7274//2246
f 7276//2247 7278//2247 7277//2247
s 1
f 7279//2248 7281//2248 7280//2248
s 0
f 7282//2249 7284//2249 7283//2249
f 7285//2250 7287//2250 7286//2250
f 7288//2251 7290//2251 7289//2251
f 7291//2252 7293//2252 7292//2252
f 7294//2253 7296//2253 7295//2253
f 7297//2254 7299//2254 7298//2254
f 7300//2255 7302//2255 7301//2255
f 7303//2256 7305//2256 7304//2256
f 7306//2257 7308//2257 7307//2257
f 7309//2258 7311//2258 7310//2258
f 7312//2259 7314//2259 7313//2259
f 7315//2260 7317//2260 7316//2260
f 7318//2261 7320//2261 7319//2261
f 7321//2262 7323//2262 7322//2262
f 7324//2263 7326//2263 7325//2263
f 7327//2264 7329//2264 7328//2264
f 7330//2265 7332//2265 7331//2265
f 7333//2266 7335//2266 7334//2266
f 7336//2267 7338//2267 7337//2267
f 7339//2268 7341//2268 7340//2268
s 1
f 7342//2269 7344//2269 7343//2269
s 0
f 7345//2270 7347//2270 7346//2270
f 7348//2271 7350//2271 7349//2271
f 7351//2272 7353//2272 7352//2272
f 7354//2273 7356//2273 7355//2273
f 7357//2274 7359//2274 7358//2274
f 7360//2275 7362//2275 7361//2275
f 7363//2276 7365//2276 7364//2276
f 7366//2277 7368//2277 7367//2277
f 7369//2278 7371//2278 7370//2278
f 7372//2279 7374//2279 7373//2279
f 7375//2280 7377//2280 7376//2280
f 7378//2281 7380//2281 7379//2281
f 7381//2282 7383//2282 7382//2282
f 7384//2283 7386//2283 7385//2283
f 7387//2284 7389//2284 7388//2284
f 7390//2285 7392//2285 7391//2285
f 7393//2286 7395//2286 7394//2286
f 7396//2287 7398//2287 7397//2287
f 7399//2288 7401//2288 7400//2288
f 7402//2289 7404//2289 7403//2289
f 7405//2290 7407//2290 7406//2290
f 7408//2291 7410//2291 7409//2291
f 7411//2292 7413//2292 7412//2292
f 7414//2293 7416//2293 7415//2293
f 7417//2294 7419//2294 7418//2294
f 7420//2293 7422//2293 7421//2293
f 7423//2295 7425//2295 7424//2295
f 7426//2293 7428//2293 7427//2293
f 7429//2296 7431//2296 7430//2296
f 7432//2293 7434//2293 7433//2293
f 7435//2297 7437//2297 7436//2297
f 7438//2293 7440//2293 7439//2293
f 7441//2298 7443//2298 7442//2298
f 7444//2293 7446//2293 7445//2293
f 7447//2299 7449//2299 7448//2299
f 7450//2293 7452//2293 7451//2293
f 7453//2300 7455//2300 7454//2300
f 7456//2293 7458//2293 7457//2293
f 7459//2301 7461//2301 7460//2301
f 7462//2293 7464//2293 7463//2293
f 7465//2302 7467//2302 7466//2302
f 7468//2293 7470//2293 7469//2293
f 7471//2303 7473//2303 7472//2303
f 7474//2293 7476//2293 7475//2293
s 1
f 7477//2304 7479//2304 7478//2304
s 0
f 7480//2293 7482//2293 7481//2293
f 7483//2305 7485//2305 7484//2305
f 7486//2293 7488//2293 7487//2293
o stoneInstances_0022
v 1.155108 0.080612 3.507970
v 1.199246 0.010735 3.394414
v 1.117460 0.054661 3.309187
v 1.155108 0.080612 3.507970
v 1.117460 0.054661 3.309187
v 1.089565 0.127116 3.455321
v 1.199246 0.010735 3.394414
v 1.360563 -0.009348 3.382405
v 1.117460 0.054661 3.309187
v 1.360563 -0.009348 3.382405
v 1.314651 0.020136 3.313060
v 1.117460 0.054661 3.309187
v 1.360563 -0.009348 3.382405
v 1.504884 -0.042123 3.346300
v 1.514641 -0.050082 3.283651
v 1.360563 -0.009348 3.382405
v 1.514641 -0.050082 3.283651
v 1.314651 0.020136 3.313060
v 1.504884 -0.042123 3.346300
v 1.649776 0.002923 3.443562
v 1.514641 -0.050082 3.283651
v 1.649776 0.002923 3.443562
v 1.656640 0.013097 3.396539
v 1.514641 -0.050082 3.283651
v 1.649776 0.002923 3.443562
v 1.819455 0.030639 3.514583
v 1.870514 0.064752 3.457598
v 1.649776 0.002923 3.443562
v 1.870514 0.064752 3.457598
v 1.656640 0.013097 3.396539
v 1.819455 0.030639 3.514583
v 1.850264 0.095860 3.630567
v 1.870514 0.064752 3.457598
v 1.850264 0.095860 3.630567
v 1.916544 0.148109 3.604764
v 1.870514 0.064752 3.457598
v 1.850264 0.095860 3.630567
v 1.838832 0.170767 3.757277
v 1.891894 0.244085 3.771832
v 1.850264 0.095860 3.630567
v 1.891894 0.244085 3.771832
v 1.916544 0.148109 3.604764
v 1.838832 0.170767 3.757277
v 1.635574 0.197940 3.775607
v 1.891894 0.244085 3.771832
v 1.635574 0.197940 3.775607
v 1.700071 0.278972 3.790286
v 1.891894 0.244085 3.771832
v 1.635574 0.197940 3.775607
v 1.537483 0.236057 3.827278
v 1.508200 0.295606 3.851056
v 1.635574 0.197940 3.775607
v 1.508200 0.295606 3.851056
v 1.700071 0.278972 3.790286
v 1.537483 0.236057 3.827278
v 1.347232 0.239594 3.806933
v 1.508200 0.295606 3.851056
v 1.347232 0.239594 3.806933
v 1.334113 0.305994 3.818524
v 1.508200 0.295606 3.851056
v 1.347232 0.239594 3.806933
v 1.199825 0.209519 3.734963
v 1.149619 0.262405 3.727051
v 1.347232 0.239594 3.806933
v 1.149619 0.262405 3.727051
v 1.334113 0.305994 3.818524
v 1.199825 0.209519 3.734963
v 1.143298 0.135316 3.600025
v 1.149619 0.262405 3.727051
v 1.143298 0.135316 3.600025
v 1.044222 0.206980 3.572430
v 1.149619 0.262405 3.727051
v 1.143298 0.135316 3.600025
v 1.155108 0.080612 3.507970
v 1.089565 0.127116 3.455321
v 1.143298 0.135316 3.600025
v 1.089565 0.127116 3.455321
v 1.044222 0.206980 3.572430
v 1.089565 0.127116 3.455321
v 1.117460 0.054661 3.309187
v 1.118904 0.199725 3.410248
v 1.117460 0.054661 3.309187
v 1.164931 0.129220 3.282562
v 1.118904 0.199725 3.410248
v 1.117460 0.054661 3.309187
v 1.314651 0.020136 3.313060
v 1.322746 0.089839 3.280271
v 1.117460 0.054661 3.309187
v 1.322746 0.089839 3.280271
v 1.164931 0.129220 3.282562
v 1.314651 0.020136 3.313060
v 1.514641 -0.050082 3.283651
v 1.322746 0.089839 3.280271
v 1.514641 -0.050082 3.283651
v 1.489054 0.051872 3.260365
v 1.322746 0.089839 3.280271
v 1.514641 -0.050082 3.283651
v 1.656640 0.013097 3.396539
v 1.645954 0.105463 3.356302
v 1.514641 -0.050082 3.283651
v 1.645954 0.105463 3.356302
v 1.489054 0.051872 3.260365
v 1.656640 0.013097 3.396539
v 1.870514 0.064752 3.457598
v 1.645954 0.105463 3.356302
v 1.870514 0.064752 3.457598
v 1.832206 0.160111 3.432031
v 1.645954 0.105463 3.356302
v 1.870514 0.064752 3.457598
v 1.916544 0.148109 3.604764
v 1.913528 0.231551 3.550122
v 1.870514 0.064752 3.457598
v 1.913528 0.231551 3.550122
v 1.832206 0.160111 3.432031
v 1.916544 0.148109 3.604764
v 1.891894 0.244085 3.771832
v 1.913528 0.231551 3.550122
v 1.891894 0.244085 3.771832
v 1.850593 0.306020 3.705881
v 1.913528 0.231551 3.550122
v 1.891894 0.244085 3.771832
v 1.700071 0.278972 3.790286
v 1.655618 0.335668 3.740266
v 1.891894 0.244085 3.771832
v 1.655618 0.335668 3.740266
v 1.850593 0.306020 3.705881
v 1.700071 0.278972 3.790286
v 1.508200 0.295606 3.851056
v 1.655618 0.335668 3.740266
v 1.508200 0.295606 3.851056
v 1.532790 0.365733 3.807576
v 1.655618 0.335668 3.740266
v 1.508200 0.295606 3.851056
v 1.334113 0.305994 3.818524
v 1.318627 0.360560 3.778860
v 1.508200 0.295606 3.851056
v 1.318627 0.360560 3.778860
v 1.532790 0.365733 3.807576
v 1.334113 0.305994 3.818524
v 1.149619 0.262405 3.727051
v 1.318627 0.360560 3.778860
v 1.149619 0.262405 3.727051
v 1.160978 0.329050 3.663910
v 1.318627 0.360560 3.778860
v 1.149619 0.262405 3.727051
v 1.044222 0.206980 3.572430
v 1.082943 0.263541 3.538920
v 1.149619 0.262405 3.727051
v 1.082943 0.263541 3.538920
v 1.160978 0.329050 3.663910
v 1.044222 0.206980 3.572430
v 1.089565 0.127116 3.455321
v 1.082943 0.263541 3.538920
v 1.089565 0.127116 3.455321
v 1.118904 0.199725 3.410248
v 1.082943 0.263541 3.538920
v 1.118904 0.199725 3.410248
v 1.164931 0.129220 3.282562
v 1.180991 0.207470 3.245304
v 1.118904 0.199725 3.410248
v 1.180991 0.207470 3.245304
v 1.146476 0.275784 3.361922
v 1.164931 0.129220 3.282562
v 1.322746 0.089839 3.280271
v 1.180991 0.207470 3.245304
v 1.322746 0.089839 3.280271
v 1.336093 0.172914 3.225771
v 1.180991 0.207470 3.245304
v 1.322746 0.089839 3.280271
v 1.489054 0.051872 3.260365
v 1.499101 0.120234 3.199483
v 1.322746 0.089839 3.280271
v 1.499101 0.120234 3.199483
v 1.336093 0.172914 3.225771
v 1.489054 0.051872 3.260365
v 1.645954 0.105463 3.356302
v 1.499101 0.120234 3.199483
v 1.645954 0.105463 3.356302
v 1.653619 0.179408 3.304062
v 1.499101 0.120234 3.199483
v 1.645954 0.105463 3.356302
v 1.832206 0.160111 3.432031
v 1.809588 0.226752 3.369982
v 1.645954 0.105463 3.356302
v 1.809588 0.226752 3.369982
v 1.653619 0.179408 3.304062
v 1.832206 0.160111 3.432031
v 1.913528 0.231551 3.550122
v 1.809588 0.226752 3.369982
v 1.913528 0.231551 3.550122
v 1.881942 0.298782 3.512377
v 1.809588 0.226752 3.369982
v 1.913528 0.231551 3.550122
v 1.850593 0.306020 3.705881
v 1.825343 0.376111 3.629446
v 1.913528 0.231551 3.550122
v 1.825343 0.376111 3.629446
v 1.881942 0.298782 3.512377
v 1.850593 0.306020 3.705881
v 1.655618 0.335668 3.740266
v 1.825343 0.376111 3.629446
v 1.655618 0.335668 3.740266
v 1.647370 0.396176 3.647999
v 1.825343 0.376111 3.629446
v 1.655618 0.335668 3.740266
v 1.532790 0.365733 3.807576
v 1.518028 0.424451 3.709797
v 1.655618 0.335668 3.740266
v 1.518028 0.424451 3.709797
v 1.647370 0.396176 3.647999
v 1.532790 0.365733 3.807576
v 1.318627 0.360560 3.778860
v 1.518028 0.424451 3.709797
v 1.318627 0.360560 3.778860
v 1.351036 0.425710 3.699943
v 1.518028 0.424451 3.709797
v 1.318627 0.360560 3.778860
v 1.160978 0.329050 3.663910
v 1.189251 0.396285 3.608730
v 1.318627 0.360560 3.778860
v 1.189251 0.396285 3.608730
v 1.351036 0.425710 3.699943
v 1.160978 0.329050 3.663910
v 1.082943 0.263541 3.538920
v 1.189251 0.396285 3.608730
v 1.082943 0.263541 3.538920
v 1.115228 0.335769 3.460822
v 1.189251 0.396285 3.608730
v 1.082943 0.263541 3.538920
v 1.118904 0.199725 3.410248
v 1.146476 0.275784 3.361922
v 1.082943 0.263541 3.538920
v 1.146476 0.275784 3.361922
v 1.115228 0.335769 3.460822
v 1.146476 0.275784 3.361922
v 1.180991 0.207470 3.245304
v 1.317795 0.364552 3.339906
v 1.180991 0.207470 3.245304
v 1.325640 0.320850 3.264847
v 1.317795 0.364552 3.339906
v 1.180991 0.207470 3.245304
v 1.336093 0.172914 3.225771
v 1.425006 0.290704 3.253914
v 1.180991 0.207470 3.245304
v 1.425006 0.290704 3.253914
v 1.325640 0.320850 3.264847
v 1.336093 0.172914 3.225771
v 1.499101 0.120234 3.199483
v 1.425006 0.290704 3.253914
v 1.499101 0.120234 3.199483
v 1.524104 0.264740 3.247277
v 1.425006 0.290704 3.253914
v 1.499101 0.120234 3.199483
v 1.653619 0.179408 3.304062
v 1.600817 0.287219 3.306177
v 1.499101 0.120234 3.199483
v 1.600817 0.287219 3.306177
v 1.524104 0.264740 3.247277
v 1.653619 0.179408 3.304062
v 1.809588 0.226752 3.369982
v 1.600817 0.287219 3.306177
v 1.809588 0.226752 3.369982
v 1.690069 0.329569 3.347689
v 1.600817 0.287219 3.306177
v 1.809588 0.226752 3.369982
v 1.881942 0.298782 3.512377
v 1.741936 0.371279 3.423522
v 1.809588 0.226752 3.369982
v 1.741936 0.371279 3.423522
v 1.690069 0.329569 3.347689
v 1.881942 0.298782 3.512377
v 1.825343 0.376111 3.629446
v 1.741936 0.371279 3.423522
v 1.825343 0.376111 3.629446
v 1.710973 0.431922 3.481871
v 1.741936 0.371279 3.423522
v 1.825343 0.376111 3.629446
v 1.647370 0.396176 3.647999
v 1.600299 0.414259 3.510962
v 1.825343 0.376111 3.629446
v 1.600299 0.414259 3.510962
v 1.710973 0.431922 3.481871
v 1.647370 0.396176 3.647999
v 1.518028 0.424451 3.709797
v 1.600299 0.414259 3.510962
v 1.518028 0.424451 3.709797
v 1.521255 0.422545 3.548165
v 1.600299 0.414259 3.510962
v 1.518028 0.424451 3.709797
v 1.351036 0.425710 3.699943
v 1.416100 0.434502 3.539149
v 1.518028 0.424451 3.709797
v 1.416100 0.434502 3.539149
v 1.521255 0.422545 3.548165
v 1.351036 0.425710 3.699943
v 1.189251 0.396285 3.608730
v 1.416100 0.434502 3.539149
v 1.189251 0.396285 3.608730
v 1.334235 0.421268 3.473044
v 1.416100 0.434502 3.539149
v 1.189251 0.396285 3.608730
v 1.115228 0.335769 3.460822
v 1.280409 0.398387 3.405466
v 1.189251 0.396285 3.608730
v 1.280409 0.398387 3.405466
v 1.334235 0.421268 3.473044
v 1.115228 0.335769 3.460822
v 1.146476 0.275784 3.361922
v 1.280409 0.398387 3.405466
v 1.146476 0.275784 3.361922
v 1.317795 0.364552 3.339906
v 1.280409 0.398387 3.405466
v 1.317795 0.364552 3.339906
v 1.325640 0.320850 3.264847
v 1.414732 0.390189 3.281782
v 1.317795 0.364552 3.339906
v 1.414732 0.390189 3.281782
v 1.409976 0.433625 3.317329
v 1.325640 0.320850 3.264847
v 1.425006 0.290704 3.253914
v 1.414732 0.390189 3.281782
v 1.425006 0.290704 3.253914
v 1.473546 0.371505 3.286463
v 1.414732 0.390189 3.281782
v 1.425006 0.290704 3.253914
v 1.524104 0.264740 3.247277
v 1.530106 0.343092 3.279426
v 1.425006 0.290704 3.253914
v 1.530106 0.343092 3.279426
v 1.473546 0.371505 3.286463
v 1.524104 0.264740 3.247277
v 1.600817 0.287219 3.306177
v 1.530106 0.343092 3.279426
v 1.600817 0.287219 3.306177
v 1.583827 0.363648 3.318754
v 1.530106 0.343092 3.279426
v 1.600817 0.287219 3.306177
v 1.690069 0.329569 3.347689
v 1.646552 0.397116 3.327663
v 1.600817 0.287219 3.306177
v 1.646552 0.397116 3.327663
v 1.583827 0.363648 3.318754
v 1.690069 0.329569 3.347689
v 1.741936 0.371279 3.423522
v 1.646552 0.397116 3.327663
v 1.741936 0.371279 3.423522
v 1.675216 0.428321 3.371727
v 1.646552 0.397116 3.327663
v 1.741936 0.371279 3.423522
v 1.710973 0.431922 3.481871
v 1.660418 0.474043 3.411215
v 1.741936 0.371279 3.423522
v 1.660418 0.474043 3.411215
v 1.675216 0.428321 3.371727
v 1.710973 0.431922 3.481871
v 1.600299 0.414259 3.510962
v 1.660418 0.474043 3.411215
v 1.600299 0.414259 3.510962
v 1.589348 0.460808 3.426731
v 1.660418 0.474043 3.411215
v 1.600299 0.414259 3.510962
v 1.521255 0.422545 3.548165
v 1.543642 0.463531 3.461996
v 1.600299 0.414259 3.510962
v 1.543642 0.463531 3.461996
v 1.589348 0.460808 3.426731
v 1.521255 0.422545 3.548165
v 1.416100 0.434502 3.539149
v 1.543642 0.463531 3.461996
v 1.416100 0.434502 3.539149
v 1.474681 0.466403 3.448856
v 1.543642 0.463531 3.461996
v 1.416100 0.434502 3.539149
v 1.334235 0.421268 3.473044
v 1.428400 0.457571 3.412340
v 1.416100 0.434502 3.539149
v 1.428400 0.457571 3.412340
v 1.474681 0.466403 3.448856
v 1.334235 0.421268 3.473044
v 1.280409 0.398387 3.405466
v 1.428400 0.457571 3.412340
v 1.280409 0.398387 3.405466
v 1.398559 0.444815 3.359792
v 1.428400 0.457571 3.412340
v 1.280409 0.398387 3.405466
v 1.317795 0.364552 3.339906
v 1.409976 0.433625 3.317329
v 1.280409 0.398387 3.405466
v 1.409976 0.433625 3.317329
v 1.398559 0.444815 3.359792
v 1.409976 0.433625 3.317329
v 1.414732 0.390189 3.281782
v 1.491797 0.504346 3.409920
v 1.199246 0.010735 3.394414
v 1.155108 0.080612 3.507970
v 1.475693 0.102751 3.590382
v 1.414732 0.390189 3.281782
v 1.473546 0.371505 3.286463
v 1.491797 0.504346 3.409920
v 1.360563 -0.009348 3.382405
v 1.199246 0.010735 3.394414
v 1.475693 0.102751 3.590382
v 1.473546 0.371505 3.286463
v 1.530106 0.343092 3.279426
v 1.491797 0.504346 3.409920
v 1.504884 -0.042123 3.346300
v 1.360563 -0.009348 3.382405
v 1.475693 0.102751 3.590382
v 1.530106 0.343092 3.279426
v 1.583827 0.363648 3.318754
v 1.491797 0.504346 3.409920
v 1.649776 0.002923 3.443562
v 1.504884 -0.042123 3.346300
v 1.475693 0.102751 3.590382
v 1.583827 0.363648 3.318754
v 1.646552 0.397116 3.327663
v 1.491797 0.504346 3.409920
v 1.819455 0.030639 3.514583
v 1.649776 0.002923 3.443562
v 1.475693 0.102751 3.590382
v 1.646552 0.397116 3.327663
v 1.675216 0.428321 3.371727
v 1.491797 0.504346 3.409920
v 1.850264 0.095860 3.630567
v 1.819455 0.030639 3.514583
v 1.475693 0.102751 3.590382
v 1.675216 0.428321 3.371727
v 1.660418 0.474043 3.411215
v 1.491797 0.504346 3.409920
v 1.838832 0.170767 3.757277
v 1.850264 0.095860 3.630567
v 1.475693 0.102751 3.590382
v 1.660418 0.474043 3.411215
v 1.589348 0.460808 3.426731
v 1.491797 0.504346 3.409920
v 1.635574 0.197940 3.775607
v 1.838832 0.170767 3.757277
v 1.475693 0.102751 3.590382
v 1.589348 0.460808 3.426731
v 1.543642 0.463531 3.461996
v 1.491797 0.504346 3.409920
v 1.537483 0.236057 3.827278
v 1.635574 0.197940 3.775607
v 1.475693 0.102751 3.590382
v 1.543642 0.463531 3.461996
v 1.474681 0.466403 3.448856
v 1.491797 0.504346 3.409920
v 1.347232 0.239594 3.806933
v 1.537483 0.236057 3.827278
v 1.475693 0.102751 3.590382
v 1.474681 0.466403 3.448856
v 1.428400 0.457571 3.412340
v 1.491797 0.504346 3.409920
v 1.199825 0.209519 3.734963
v 1.347232 0.239594 3.806933
v 1.475693 0.102751 3.590382
v 1.428400 0.457571 3.412340
v 1.398559 0.444815 3.359792
v 1.491797 0.504346 3.409920
v 1.143298 0.135316 3.600025
v 1.199825 0.209519 3.734963
v 1.475693 0.102751 3.590382
v 1.398559 0.444815 3.359792
v 1.409976 0.433625 3.317329
v 1.491797 0.504346 3.409920
v 1.155108 0.080612 3.507970
v 1.143298 0.135316 3.600025
v 1.475693 0.102751 3.590382
vn -0.6273 -0.7480 0.2165
vn -0.6758 -0.7036 0.2198
vn -0.1412 -0.9286 -0.3431
vn -0.1592 -0.9421 -0.2952
vn -0.1983 -0.9757 0.0931
vn -0.3480 -0.9233 -0.1622
vn 0.1977 -0.9681 0.1538
vn 0.4804 -0.8691 -0.1179
vn 0.2749 -0.9133 -0.3004
vn 0.2757 -0.9470 -0.1646
vn 0.6918 -0.6922 0.2055
vn 0.6541 -0.7274 0.2074
vn 0.6983 -0.5868 0.4099
vn 0.6546 -0.6097 0.4469
vn 0.0563 -0.2335 0.9707
vn 0.0538 -0.2193 0.9742
vn 0.4124 -0.1556 0.8976
vn 0.2525 -0.3634 0.8967
vn -0.1044 -0.4127 0.9049
vn -0.1916 -0.2054 0.9597
vn -0.3875 -0.2344 0.8916
vn -0.3874 -0.2323 0.8921
vn -0.6419 -0.5259 0.5581
vn -0.5737 -0.5646 0.5934
vn -0.6995 -0.6501 0.2966
vn -0.6125 -0.7430 0.2696
vn -0.9377 0.2048 -0.2805
vn -0.8075 0.3426 -0.4802
vn -0.0557 -0.4197 -0.9060
vn -0.0853 -0.2864 -0.9543
vn -0.2652 -0.3850 -0.8840
vn -0.1731 -0.2604 -0.9499
vn 0.6664 -0.2316 -0.7087
vn 0.5352 -0.0582 -0.8427
vn 0.3336 -0.3438 -0.8778
vn 0.3967 -0.0857 -0.9139
vn 0.9648 -0.1187 -0.2345
vn 0.7721 0.1442 -0.6189
vn 0.9912 0.0956 0.0913
vn 0.8080 0.5874 0.0456
vn 0.1958 0.7306 0.6541
vn 0.2221 0.7763 0.5899
vn 0.2592 0.7452 0.6144
vn 0.5142 0.3144 0.7979
vn -0.1195 0.5613 0.8189
vn -0.1238 0.5539 0.8233
vn -0.4808 0.4222 0.7685
vn -0.5370 0.6266 0.5648
vn -0.7188 0.6453 0.2586
vn -0.8491 0.4323 0.3035
vn -0.8234 0.2669 -0.5008
vn -0.9262 0.1633 -0.3398
vn -0.9360 0.0249 -0.3512
vn -0.9311 0.1184 -0.3449
vn -0.1149 -0.4077 -0.9058
vn -0.2185 -0.5105 -0.8317
vn -0.2322 -0.6276 -0.7431
vn -0.2912 -0.4916 -0.8207
vn 0.5571 -0.5965 -0.5778
vn 0.6086 -0.4989 -0.6169
vn 0.4482 -0.5229 -0.7250
vn 0.4614 -0.5433 -0.7014
vn 0.8561 -0.1653 -0.4896
vn 0.8581 0.1233 -0.4984
vn 0.8769 0.4616 0.1336
vn 0.8743 0.4727 0.1104
vn 0.2236 0.7540 0.6176
vn 0.1495 0.8329 0.5329
vn 0.4255 0.8027 0.4178
vn 0.3993 0.7826 0.4776
vn -0.0906 0.8477 0.5227
vn -0.0312 0.7770 0.6287
vn -0.5238 0.6611 0.5372
vn -0.4094 0.7790 0.4749
vn -0.8151 0.5317 0.2302
vn -0.8117 0.5561 0.1787
vn -0.9359 0.1316 -0.3268
vn -0.9408 0.0599 -0.3336
vn -0.4394 0.7123 -0.5473
vn -0.5028 0.7231 -0.4736
vn -0.0597 0.2744 -0.9598
vn -0.0406 0.2198 -0.9747
vn -0.0648 0.2779 -0.9584
vn 0.0179 0.3112 -0.9502
vn 0.4755 0.2494 -0.8436
vn 0.5689 0.1678 -0.8051
vn 0.3353 0.1824 -0.9243
vn 0.3373 0.1923 -0.9215
vn 0.6334 0.5116 -0.5806
vn 0.5574 0.5050 -0.6590
vn 0.5646 0.7875 -0.2472
vn 0.7018 0.6464 -0.2994
vn 0.1207 0.9887 0.0890
vn -0.0461 0.9220 0.3844
vn 0.2349 0.9709 0.0474
vn 0.0997 0.9950 -0.0097
vn 0.0042 0.9984 0.0563
vn 0.1138 0.9935 -0.0094
vn -0.1706 0.9852 -0.0152
vn -0.1643 0.9864 0.0060
vn -0.3985 0.9014 -0.1694
vn -0.2682 0.9570 -0.1104
vn -0.4512 0.6927 -0.5627
vn -0.4287 0.6797 -0.5952
vn -0.4810 0.7348 -0.4781
vn -0.5391 0.4973 -0.6798
vn -0.0249 0.2673 -0.9633
vn 0.1648 0.2818 -0.9452
vn 0.0368 0.3769 -0.9255
vn 0.0561 0.3439 -0.9373
vn 0.5290 0.2871 -0.7986
vn 0.5084 0.2487 -0.8244
vn 0.4209 0.0022 -0.9071
vn 0.0477 0.1725 -0.9839
vn 0.7178 0.2724 -0.6408
vn 0.7190 0.2534 -0.6472
vn 0.7788 0.5934 -0.2035
vn 0.7517 0.5533 -0.3589
vn -0.0021 0.8583 0.5132
vn -0.0555 0.8708 0.4885
vn 0.3090 0.8252 0.4728
vn 0.3680 0.8332 0.4126
vn 0.0638 0.8947 0.4421
vn -0.0216 0.9470 0.3205
vn -0.2721 0.9510 0.1466
vn -0.2936 0.9451 0.1435
vn -0.3705 0.9286 -0.0193
vn -0.3707 0.9286 -0.0149
vn -0.5656 0.5557 -0.6093
vn -0.4547 0.8235 -0.3393
vn 0.2818 0.6260 -0.7272
vn -0.0698 -0.8615 0.5030
vn 0.2603 0.6378 -0.7248
vn 0.2332 0.6446 -0.7281
vn 0.2764 0.6434 -0.7139
vn -0.1312 0.4772 -0.8689
vn 0.1754 0.7460 -0.6424
vn 0.1263 0.6715 -0.7302
vn 0.0876 0.5234 0.8476
vn 0.3284 0.8740 0.3581
vn -0.0975 0.7339 0.6723
vn -0.5109 0.7170 0.4741
vn -0.5846 0.7995 0.1379
vn -0.3760 0.8661 -0.3293
s 0
usemtl Material_0
f 7489//2306 7491//2306 7490//2306
f 7492//2307 7494//2307 7493//2307
f 7495//2308 7497//2308 7496//2308
f 7498//2309 7500//2309 7499//2309
f 7501//2310 7503//2310 7502//2310
f 7504//2311 7506//2311 7505//2311
f 7507//2312 7509//2312 7508//2312
s 1
f 7510//2313 7512//2313 7511//2313
s 0
f 7513//2314 7515//2314 7514//2314
f 7516//2315 7518//2315 7517//2315
f 7519//2316 7521//2316 7520//2316
f 7522//2317 7524//2317 7523//2317
f 7525//2318 7527//2318 7526//2318
f 7528//2319 7530//2319 7529//2319
f 7531//2320 7533//2320 7532//2320
f 7534//2321 7536//2321 7535//2321
f 7537//2322 7539//2322 7538//2322
s 1
f 7540//2323 7542//2323 7541//2323
s 0
f 7543//2324 7545//2324 7544//2324
f 7546//2325 7548//2325 7547//2325
f 7549//2326 7551//2326 7550//2326
f 7552//2327 7554//2327 7553//2327
s 1
f 7555//2328 7557//2328 7556//2328
s 0
f 7558//2329 7560//2329 7559//2329
f 7561//2330 7563//2330 7562//2330
f 7564//2331 7566//2331 7565//2331
f 7567//2332 7569//2332 7568//2332
f 7570//2333 7572//2333 7571//2333
f 7573//2334 7575//2334 7574//2334
f 7576//2335 7578//2335 7577//2335
f 7579//2336 7581//2336 7580//2336
f 7582//2337 7584//2337 7583//2337
f 7585//2338 7587//2338 7586//2338
f 7588//2339 7590//2339 7589//2339
f 7591//2340 7593//2340 7592//2340
f 7594//2341 7596//2341 7595//2341
f 7597//2342 7599//2342 7598//2342
f 7600//2343 7602//2343 7601//2343
f 7603//2344 7605//2344 7604//2344
f 7606//2345 7608//2345 7607//2345
f 7609//2346 7611//2346 7610//2346
s 1
f 7612//2347 7614//2347 7613//2347
s 0
f 7615//2348 7617//2348 7616//2348
f 7618//2349 7620//2349 7619//2349
f 7621//2350 7623//2350 7622//2350
f 7624//2351 7626//2351 7625//2351
f 7627//2352 7629//2352 7628//2352
f 7630//2353 7632//2353 7631//2353
f 7633//2354 7635//2354 7634//2354
f 7636//2355 7638//2355 7637//2355
f 7639//2356 7641//2356 7640//2356
f 7642//2357 7644//2357 7643//2357
f 7645//2358 7647//2358 7646//2358
f 7648//2359 7650//2359 7649//2359
f 7651//2360 7653//2360 7652//2360
f 7654//2361 7656//2361 7655//2361
f 7657//2362 7659//2362 7658//2362
f 7660//2363 7662//2363 7661//2363
f 7663//2364 7665//2364 7664//2364
f 7666//2365 7668//2365 7667//2365
f 7669//2366 7671//2366 7670//2366
f 7672//2367 7674//2367 7673//2367
f 7675//2368 7677//2368 7676//2368
f 7678//2369 7680//2369 7679//2369
f 7681//2370 7683//2370 7682//2370
f 7684//2371 7686//2371 7685//2371
f 7687//2372 7689//2372 7688//2372
f 7690//2373 7692//2373 7691//2373
f 7693//2374 7695//2374 7694//2374
f 7696//2375 7698//2375 7697//2375
f 7699//2376 7701//2376 7700//2376
f 7702//2377 7704//2377 7703//2377
f 7705//2378 7707//2378 7706//2378
f 7708//2379 7710//2379 7709//2379
f 7711//2380 7713//2380 7712//2380
f 7714//2381 7716//2381 7715//2381
f 7717//2382 7719//2382 7718//2382
f 7720//2383 7722//2383 7721//2383
f 7723//2384 7725//2384 7724//2384
f 7726//2385 7728//2385 7727//2385
f 7729//2386 7731//2386 7730//2386
f 7732//2387 7734//2387 7733//2387
f 7735//2388 7737//2388 7736//2388
f 7738//2389 7740//2389 7739//2389
f 7741//2390 7743//2390 7742//2390
f 7744//2391 7746//2391 7745//2391
s 1
f 7747//2392 7749//2392 7748//2392
s 0
f 7750//2393 7752//2393 7751//2393
f 7753//2394 7755//2394 7754//2394
f 7756//2395 7758//2395 7757//2395
f 7759//2396 7761//2396 7760//2396
f 7762//2397 7764//2397 7763//2397
f 7765//2398 7767//2398 7766//2398
f 7768//2399 7770//2399 7769//2399
f 7771//2400 7773//2400 7772//2400
f 7774//2401 7776//2401 7775//2401
f 7777//2402 7779//2402 7778//2402
f 7780//2403 7782//2403 7781//2403
f 7783//2404 7785//2404 7784//2404
f 7786//2405 7788//2405 7787//2405
f 7789//2406 7791//2406 7790//2406
f 7792//2407 7794//2407 7793//2407
f 7795//2408 7797//2408 7796//2408
f 7798//2409 7800//2409 7799//2409
f 7801//2410 7803//2410 7802//2410
f 7804//2411 7806//2411 7805//2411
f 7807//2412 7809//2412 7808//2412
s 1
f 7810//2413 7812//2413 7811//2413
s 0
f 7813//2414 7815//2414 7814//2414
f 7816//2415 7818//2415 7817//2415
f 7819//2416 7821//2416 7820//2416
f 7822//2417 7824//2417 7823//2417
f 7825//2418 7827//2418 7826//2418
f 7828//2419 7830//2419 7829//2419
f 7831//2420 7833//2420 7832//2420
f 7834//2421 7836//2421 7835//2421
f 7837//2422 7839//2422 7838//2422
f 7840//2423 7842//2423 7841//2423
f 7843//2424 7845//2424 7844//2424
f 7846//2425 7848//2425 7847//2425
f 7849//2426 7851//2426 7850//2426
f 7852//2427 7854//2427 7853//2427
f 7855//2428 7857//2428 7856//2428
f 7858//2429 7860//2429 7859//2429
f 7861//2430 7863//2430 7862//2430
f 7864//2431 7866//2431 7865//2431
f 7867//2432 7869//2432 7868//2432
f 7870//2433 7872//2433 7871//2433
f 7873//2434 7875//2434 7874//2434
f 7876//2435 7878//2435 7877//2435
f 7879//2436 7881//2436 7880//2436
f 7882//2437 7884//2437 7883//2437
f 7885//2438 7887//2438 7886//2438
f 7888//2437 7890//2437 7889//2437
f 7891//2439 7893//2439 7892//2439
f 7894//2437 7896//2437 7895//2437
f 7897//2440 7899//2440 7898//2440
f 7900//2437 7902//2437 7901//2437
f 7903//2441 7905//2441 7904//2441
f 7906//2437 7908//2437 7907//2437
f 7909//2442 7911//2442 7910//2442
f 7912//2437 7914//2437 7913//2437
f 7915//2443 7917//2443 7916//2443
f 7918//2437 7920//2437 7919//2437
f 7921//2444 7923//2444 7922//2444
f 7924//2437 7926//2437 7925//2437
f 7927//2445 7929//2445 7928//2445
f 7930//2437 7932//2437 7931//2437
f 7933//2446 7935//2446 7934//2446
f 7936//2437 7938//2437 7937//2437
f 7939//2447 7941//2447 7940//2447
f 7942//2437 7944//2437 7943//2437
s 1
f 7945//2448 7947//2448 7946//2448
s 0
f 7948//2437 7950//2437 7949//2437
f 7951//2449 7953//2449 7952//2449
f 7954//2437 7956//2437 7955//2437
o stoneInstances_003
v 1.143870 -0.044266 9.894675
v 0.959467 -0.101668 10.028881
v 0.971172 0.028277 10.168849
v 1.143870 -0.044266 9.894675
v 0.971172 0.028277 10.168849
v 1.173231 0.071890 9.985466
v 0.959467 -0.101668 10.028881
v 0.779326 -0.111134 9.975496
v 0.971172 0.028277 10.168849
v 0.779326 -0.111134 9.975496
v 0.765991 -0.014832 10.081024
v 0.971172 0.028277 10.168849
v 0.779326 -0.111134 9.975496
v 0.587088 -0.132210 9.961962
v 0.511217 -0.105954 10.038810
v 0.779326 -0.111134 9.975496
v 0.511217 -0.105954 10.038810
v 0.765991 -0.014832 10.081024
v 0.587088 -0.132210 9.961962
v 0.557682 -0.087003 9.768200
v 0.511217 -0.105954 10.038810
v 0.557682 -0.087003 9.768200
v 0.507176 -0.035728 9.824166
v 0.511217 -0.105954 10.038810
v 0.557682 -0.087003 9.768200
v 0.470702 -0.055378 9.599157
v 0.375025 0.055290 9.645547
v 0.557682 -0.087003 9.768200
v 0.375025 0.055290 9.645547
v 0.507176 -0.035728 9.824166
v 0.470702 -0.055378 9.599157
v 0.581225 0.001607 9.429343
v 0.375025 0.055290 9.645547
v 0.581225 0.001607 9.429343
v 0.508579 0.129723 9.426948
v 0.375025 0.055290 9.645547
v 0.581225 0.001607 9.429343
v 0.748208 0.064840 9.263277
v 0.737246 0.206321 9.212543
v 0.581225 0.001607 9.429343
v 0.737246 0.206321 9.212543
v 0.508579 0.129723 9.426948
v 0.748208 0.064840 9.263277
v 0.979105 0.078357 9.326223
v 0.737246 0.206321 9.212543
v 0.979105 0.078357 9.326223
v 0.959743 0.236437 9.269372
v 0.737246 0.206321 9.212543
v 0.979105 0.078357 9.326223
v 1.143007 0.106168 9.298807
v 1.218217 0.203430 9.274215
v 0.979105 0.078357 9.326223
v 1.218217 0.203430 9.274215
v 0.959743 0.236437 9.269372
v 1.143007 0.106168 9.298807
v 1.313175 0.100179 9.408337
v 1.218217 0.203430 9.274215
v 1.313175 0.100179 9.408337
v 1.362538 0.220954 9.391403
v 1.218217 0.203430 9.274215
v 1.313175 0.100179 9.408337
v 1.376153 0.067599 9.569052
v 1.437747 0.169430 9.595046
v 1.313175 0.100179 9.408337
v 1.437747 0.169430 9.595046
v 1.362538 0.220954 9.391403
v 1.376153 0.067599 9.569052
v 1.268778 0.001749 9.775538
v 1.437747 0.169430 9.595046
v 1.268778 0.001749 9.775538
v 1.366120 0.146395 9.846058
v 1.437747 0.169430 9.595046
v 1.268778 0.001749 9.775538
v 1.143870 -0.044266 9.894675
v 1.173231 0.071890 9.985466
v 1.268778 0.001749 9.775538
v 1.173231 0.071890 9.985466
v 1.366120 0.146395 9.846058
v 1.173231 0.071890 9.985466
v 0.971172 0.028277 10.168849
v 1.125461 0.247288 10.021616
v 0.971172 0.028277 10.168849
v 0.924687 0.198050 10.173153
v 1.125461 0.247288 10.021616
v 0.971172 0.028277 10.168849
v 0.765991 -0.014832 10.081024
v 0.750685 0.144019 10.111162
v 0.971172 0.028277 10.168849
v 0.750685 0.144019 10.111162
v 0.924687 0.198050 10.173153
v 0.765991 -0.014832 10.081024
v 0.511217 -0.105954 10.038810
v 0.750685 0.144019 10.111162
v 0.511217 -0.105954 10.038810
v 0.550979 0.105310 10.067808
v 0.750685 0.144019 10.111162
v 0.511217 -0.105954 10.038810
v 0.507176 -0.035728 9.824166
v 0.511450 0.169757 9.869432
v 0.511217 -0.105954 10.038810
v 0.511450 0.169757 9.869432
v 0.550979 0.105310 10.067808
v 0.507176 -0.035728 9.824166
v 0.375025 0.055290 9.645547
v 0.511450 0.169757 9.869432
v 0.375025 0.055290 9.645547
v 0.422704 0.253365 9.683858
v 0.511450 0.169757 9.869432
v 0.375025 0.055290 9.645547
v 0.508579 0.129723 9.426948
v 0.487376 0.328093 9.488332
v 0.375025 0.055290 9.645547
v 0.487376 0.328093 9.488332
v 0.422704 0.253365 9.683858
v 0.508579 0.129723 9.426948
v 0.737246 0.206321 9.212543
v 0.487376 0.328093 9.488332
v 0.737246 0.206321 9.212543
v 0.734771 0.364627 9.307841
v 0.487376 0.328093 9.488332
v 0.737246 0.206321 9.212543
v 0.959743 0.236437 9.269372
v 0.974539 0.373747 9.346287
v 0.737246 0.206321 9.212543
v 0.974539 0.373747 9.346287
v 0.734771 0.364627 9.307841
v 0.959743 0.236437 9.269372
v 1.218217 0.203430 9.274215
v 0.974539 0.373747 9.346287
v 1.218217 0.203430 9.274215
v 1.175861 0.372284 9.310715
v 0.974539 0.373747 9.346287
v 1.218217 0.203430 9.274215
v 1.362538 0.220954 9.391403
v 1.358158 0.351365 9.442538
v 1.218217 0.203430 9.274215
v 1.358158 0.351365 9.442538
v 1.175861 0.372284 9.310715
v 1.362538 0.220954 9.391403
v 1.437747 0.169430 9.595046
v 1.358158 0.351365 9.442538
v 1.437747 0.169430 9.595046
v 1.387434 0.342363 9.662966
v 1.358158 0.351365 9.442538
v 1.437747 0.169430 9.595046
v 1.366120 0.146395 9.846058
v 1.314729 0.284165 9.865171
v 1.437747 0.169430 9.595046
v 1.314729 0.284165 9.865171
v 1.387434 0.342363 9.662966
v 1.366120 0.146395 9.846058
v 1.173231 0.071890 9.985466
v 1.314729 0.284165 9.865171
v 1.173231 0.071890 9.985466
v 1.125461 0.247288 10.021616
v 1.314729 0.284165 9.865171
v 1.125461 0.247288 10.021616
v 0.924687 0.198050 10.173153
v 0.900110 0.377623 10.204485
v 1.125461 0.247288 10.021616
v 0.900110 0.377623 10.204485
v 1.077445 0.431304 10.062301
v 0.924687 0.198050 10.173153
v 0.750685 0.144019 10.111162
v 0.900110 0.377623 10.204485
v 0.750685 0.144019 10.111162
v 0.713200 0.343821 10.165192
v 0.900110 0.377623 10.204485
v 0.750685 0.144019 10.111162
v 0.550979 0.105310 10.067808
v 0.504889 0.279967 10.133210
v 0.750685 0.144019 10.111162
v 0.504889 0.279967 10.133210
v 0.713200 0.343821 10.165192
v 0.550979 0.105310 10.067808
v 0.511450 0.169757 9.869432
v 0.504889 0.279967 10.133210
v 0.511450 0.169757 9.869432
v 0.478517 0.349436 9.924159
v 0.504889 0.279967 10.133210
v 0.511450 0.169757 9.869432
v 0.422704 0.253365 9.683858
v 0.407314 0.420929 9.765364
v 0.511450 0.169757 9.869432
v 0.407314 0.420929 9.765364
v 0.478517 0.349436 9.924159
v 0.422704 0.253365 9.683858
v 0.487376 0.328093 9.488332
v 0.407314 0.420929 9.765364
v 0.487376 0.328093 9.488332
v 0.505652 0.479867 9.542607
v 0.407314 0.420929 9.765364
v 0.487376 0.328093 9.488332
v 0.734771 0.364627 9.307841
v 0.708767 0.547889 9.408515
v 0.487376 0.328093 9.488332
v 0.708767 0.547889 9.408515
v 0.505652 0.479867 9.542607
v 0.734771 0.364627 9.307841
v 0.974539 0.373747 9.346287
v 0.708767 0.547889 9.408515
v 0.974539 0.373747 9.346287
v 0.912084 0.550805 9.460869
v 0.708767 0.547889 9.408515
v 0.974539 0.373747 9.346287
v 1.175861 0.372284 9.310715
v 1.113665 0.548505 9.435438
v 0.974539 0.373747 9.346287
v 1.113665 0.548505 9.435438
v 0.912084 0.550805 9.460869
v 1.175861 0.372284 9.310715
v 1.358158 0.351365 9.442538
v 1.113665 0.548505 9.435438
v 1.358158 0.351365 9.442538
v 1.270421 0.534457 9.521548
v 1.113665 0.548505 9.435438
v 1.358158 0.351365 9.442538
v 1.387434 0.342363 9.662966
v 1.328536 0.513623 9.713162
v 1.358158 0.351365 9.442538
v 1.328536 0.513623 9.713162
v 1.270421 0.534457 9.521548
v 1.387434 0.342363 9.662966
v 1.314729 0.284165 9.865171
v 1.328536 0.513623 9.713162
v 1.314729 0.284165 9.865171
v 1.230565 0.480574 9.942348
v 1.328536 0.513623 9.713162
v 1.314729 0.284165 9.865171
v 1.125461 0.247288 10.021616
v 1.077445 0.431304 10.062301
v 1.314729 0.284165 9.865171
v 1.077445 0.431304 10.062301
v 1.230565 0.480574 9.942348
v 1.077445 0.431304 10.062301
v 0.900110 0.377623 10.204485
v 0.917593 0.642905 10.004401
v 0.900110 0.377623 10.204485
v 0.817858 0.606907 10.102221
v 0.917593 0.642905 10.004401
v 0.900110 0.377623 10.204485
v 0.713200 0.343821 10.165192
v 0.696741 0.568544 10.075974
v 0.900110 0.377623 10.204485
v 0.696741 0.568544 10.075974
v 0.817858 0.606907 10.102221
v 0.713200 0.343821 10.165192
v 0.504889 0.279967 10.133210
v 0.696741 0.568544 10.075974
v 0.504889 0.279967 10.133210
v 0.581776 0.535557 10.043849
v 0.696741 0.568544 10.075974
v 0.504889 0.279967 10.133210
v 0.478517 0.349436 9.924159
v 0.573170 0.552020 9.931945
v 0.504889 0.279967 10.133210
v 0.573170 0.552020 9.931945
v 0.581776 0.535557 10.043849
v 0.478517 0.349436 9.924159
v 0.407314 0.420929 9.765364
v 0.573170 0.552020 9.931945
v 0.407314 0.420929 9.765364
v 0.541903 0.620367 9.834413
v 0.573170 0.552020 9.931945
v 0.407314 0.420929 9.765364
v 0.505652 0.479867 9.542607
v 0.582240 0.660146 9.709505
v 0.407314 0.420929 9.765364
v 0.582240 0.660146 9.709505
v 0.541903 0.620367 9.834413
v 0.505652 0.479867 9.542607
v 0.708767 0.547889 9.408515
v 0.582240 0.660146 9.709505
v 0.708767 0.547889 9.408515
v 0.694407 0.736964 9.641262
v 0.582240 0.660146 9.709505
v 0.708767 0.547889 9.408515
v 0.912084 0.550805 9.460869
v 0.827383 0.668386 9.654922
v 0.708767 0.547889 9.408515
v 0.827383 0.668386 9.654922
v 0.694407 0.736964 9.641262
v 0.912084 0.550805 9.460869
v 1.113665 0.548505 9.435438
v 0.827383 0.668386 9.654922
v 1.113665 0.548505 9.435438
v 0.946670 0.649728 9.641170
v 0.827383 0.668386 9.654922
v 1.113665 0.548505 9.435438
v 1.270421 0.534457 9.521548
v 1.046682 0.664567 9.697667
v 1.113665 0.548505 9.435438
v 1.046682 0.664567 9.697667
v 0.946670 0.649728 9.641170
v 1.270421 0.534457 9.521548
v 1.328536 0.513623 9.713162
v 1.046682 0.664567 9.697667
v 1.328536 0.513623 9.713162
v 1.056574 0.670169 9.819972
v 1.046682 0.664567 9.697667
v 1.328536 0.513623 9.713162
v 1.230565 0.480574 9.942348
v 1.033493 0.661668 9.932940
v 1.328536 0.513623 9.713162
v 1.033493 0.661668 9.932940
v 1.056574 0.670169 9.819972
v 1.230565 0.480574 9.942348
v 1.077445 0.431304 10.062301
v 1.033493 0.661668 9.932940
v 1.077445 0.431304 10.062301
v 0.917593 0.642905 10.004401
v 1.033493 0.661668 9.932940
v 0.917593 0.642905 10.004401
v 0.817858 0.606907 10.102221
v 0.771956 0.743994 10.033022
v 0.917593 0.642905 10.004401
v 0.771956 0.743994 10.033022
v 0.828653 0.805441 9.984457
v 0.817858 0.606907 10.102221
v 0.696741 0.568544 10.075974
v 0.771956 0.743994 10.033022
v 0.696741 0.568544 10.075974
v 0.711209 0.712427 10.003308
v 0.771956 0.743994 10.033022
v 0.696741 0.568544 10.075974
v 0.581776 0.535557 10.043849
v 0.637276 0.669072 9.990746
v 0.696741 0.568544 10.075974
v 0.637276 0.669072 9.990746
v 0.711209 0.712427 10.003308
v 0.581776 0.535557 10.043849
v 0.573170 0.552020 9.931945
v 0.637276 0.669072 9.990746
v 0.573170 0.552020 9.931945
v 0.631097 0.691271 9.914267
v 0.637276 0.669072 9.990746
v 0.573170 0.552020 9.931945
v 0.541903 0.620367 9.834413
v 0.590050 0.759666 9.871227
v 0.573170 0.552020 9.931945
v 0.590050 0.759666 9.871227
v 0.631097 0.691271 9.914267
v 0.541903 0.620367 9.834413
v 0.582240 0.660146 9.709505
v 0.590050 0.759666 9.871227
v 0.582240 0.660146 9.709505
v 0.617539 0.796229 9.798471
v 0.590050 0.759666 9.871227
v 0.582240 0.660146 9.709505
v 0.694407 0.736964 9.641262
v 0.689055 0.858232 9.749018
v 0.582240 0.660146 9.709505
v 0.689055 0.858232 9.749018
v 0.617539 0.796229 9.798471
v 0.694407 0.736964 9.641262
v 0.827383 0.668386 9.654922
v 0.689055 0.858232 9.749018
v 0.827383 0.668386 9.654922
v 0.770551 0.812532 9.762066
v 0.689055 0.858232 9.749018
v 0.827383 0.668386 9.654922
v 0.946670 0.649728 9.641170
v 0.852638 0.788799 9.736752
v 0.827383 0.668386 9.654922
v 0.852638 0.788799 9.736752
v 0.770551 0.812532 9.762066
v 0.946670 0.649728 9.641170
v 1.046682 0.664567 9.697667
v 0.852638 0.788799 9.736752
v 1.046682 0.664567 9.697667
v 0.909092 0.793471 9.783646
v 0.852638 0.788799 9.736752
v 1.046682 0.664567 9.697667
v 1.056574 0.670169 9.819972
v 0.915047 0.793439 9.851853
v 1.046682 0.664567 9.697667
v 0.915047 0.793439 9.851853
v 0.909092 0.793471 9.783646
v 1.056574 0.670169 9.819972
v 1.033493 0.661668 9.932940
v 0.915047 0.793439 9.851853
v 1.033493 0.661668 9.932940
v 0.887007 0.798339 9.933802
v 0.915047 0.793439 9.851853
v 1.033493 0.661668 9.932940
v 0.917593 0.642905 10.004401
v 0.828653 0.805441 9.984457
v 1.033493 0.661668 9.932940
v 0.828653 0.805441 9.984457
v 0.887007 0.798339 9.933802
v 0.828653 0.805441 9.984457
v 0.771956 0.743994 10.033022
v 0.866832 0.895319 9.821443
v 0.959467 -0.101668 10.028881
v 1.143870 -0.044266 9.894675
v 0.916099 -0.010249 9.645161
v 0.771956 0.743994 10.033022
v 0.711209 0.712427 10.003308
v 0.866832 0.895319 9.821443
v 0.779326 -0.111134 9.975496
v 0.959467 -0.101668 10.028881
v 0.916099 -0.010249 9.645161
v 0.711209 0.712427 10.003308
v 0.637276 0.669072 9.990746
v 0.866832 0.895319 9.821443
v 0.587088 -0.132210 9.961962
v 0.779326 -0.111134 9.975496
v 0.916099 -0.010249 9.645161
v 0.637276 0.669072 9.990746
v 0.631097 0.691271 9.914267
v 0.866832 0.895319 9.821443
v 0.557682 -0.087003 9.768200
v 0.587088 -0.132210 9.961962
v 0.916099 -0.010249 9.645161
v 0.631097 0.691271 9.914267
v 0.590050 0.759666 9.871227
v 0.866832 0.895319 9.821443
v 0.470702 -0.055378 9.599157
v 0.557682 -0.087003 9.768200
v 0.916099 -0.010249 9.645161
v 0.590050 0.759666 9.871227
v 0.617539 0.796229 9.798471
v 0.866832 0.895319 9.821443
v 0.581225 0.001607 9.429343
v 0.470702 -0.055378 9.599157
v 0.916099 -0.010249 9.645161
v 0.617539 0.796229 9.798471
v 0.689055 0.858232 9.749018
v 0.866832 0.895319 9.821443
v 0.748208 0.064840 9.263277
v 0.581225 0.001607 9.429343
v 0.916099 -0.010249 9.645161
v 0.689055 0.858232 9.749018
v 0.770551 0.812532 9.762066
v 0.866832 0.895319 9.821443
v 0.979105 0.078357 9.326223
v 0.748208 0.064840 9.263277
v 0.916099 -0.010249 9.645161
v 0.770551 0.812532 9.762066
v 0.852638 0.788799 9.736752
v 0.866832 0.895319 9.821443
v 1.143007 0.106168 9.298807
v 0.979105 0.078357 9.326223
v 0.916099 -0.010249 9.645161
v 0.852638 0.788799 9.736752
v 0.909092 0.793471 9.783646
v 0.866832 0.895319 9.821443
v 1.313175 0.100179 9.408337
v 1.143007 0.106168 9.298807
v 0.916099 -0.010249 9.645161
v 0.909092 0.793471 9.783646
v 0.915047 0.793439 9.851853
v 0.866832 0.895319 9.821443
v 1.376153 0.067599 9.569052
v 1.313175 0.100179 9.408337
v 0.916099 -0.010249 9.645161
v 0.915047 0.793439 9.851853
v 0.887007 0.798339 9.933802
v 0.866832 0.895319 9.821443
v 1.268778 0.001749 9.775538
v 1.376153 0.067599 9.569052
v 0.916099 -0.010249 9.645161
v 0.887007 0.798339 9.933802
v 0.828653 0.805441 9.984457
v 0.866832 0.895319 9.821443
v 1.143870 -0.044266 9.894675
v 1.268778 0.001749 9.775538
v 0.916099 -0.010249 9.645161
vn 0.5782 -0.6215 0.5286
vn 0.6138 -0.5766 0.5392
vn -0.1634 -0.7162 0.6785
vn -0.1268 -0.7406 0.6598
vn 0.0736 -0.9193 0.3867
vn 0.1459 -0.7215 0.6769
vn -0.4463 -0.8841 -0.1385
vn -0.7908 -0.5859 -0.1768
vn -0.6884 -0.6895 0.2252
vn -0.6523 -0.7514 0.0997
vn -0.7162 -0.3715 -0.5908
vn -0.7082 -0.4123 -0.5731
vn -0.6092 -0.3091 -0.7303
vn -0.5791 -0.3422 -0.7399
vn 0.2670 -0.3069 -0.9135
vn 0.2738 -0.2956 -0.9152
vn -0.1403 -0.1394 -0.9803
vn -0.0260 -0.3411 -0.9397
vn 0.4465 -0.5279 -0.7225
vn 0.6156 -0.3506 -0.7058
vn 0.8249 -0.3959 -0.4035
vn 0.8253 -0.3940 -0.4045
vn 0.8015 -0.5467 0.2424
vn 0.7785 -0.6051 0.1666
vn 0.6724 -0.5538 0.4911
vn 0.5973 -0.6386 0.4852
vn 0.6684 0.0288 0.7433
vn 0.5751 0.1370 0.8065
vn -0.3479 -0.2070 0.9144
vn -0.3040 -0.1072 0.9466
vn -0.0924 -0.1942 0.9766
vn -0.1930 -0.0977 0.9763
vn -0.9996 0.0155 0.0239
vn -0.9596 0.1478 0.2392
vn -0.8243 -0.1054 0.5562
vn -0.8738 0.1191 0.4715
vn -0.8611 0.0640 -0.5043
vn -0.9408 0.2669 -0.2092
vn -0.7019 0.1410 -0.6982
vn -0.5754 0.4152 -0.7046
vn 0.1583 0.4695 -0.8686
vn 0.1168 0.5136 -0.8501
vn 0.0778 0.4808 -0.8734
vn -0.1704 0.1672 -0.9711
vn 0.5748 0.3154 -0.7551
vn 0.5804 0.3085 -0.7536
vn 0.9390 0.1524 -0.3082
vn 0.9415 0.3179 -0.1121
vn 0.9099 0.2996 0.2871
vn 0.9219 0.1240 0.3672
vn 0.5590 0.0942 0.8238
vn 0.6354 0.0139 0.7720
vn 0.6100 -0.0544 0.7905
vn 0.6271 -0.0086 0.7789
vn -0.2726 -0.2015 0.9408
vn -0.1478 -0.2839 0.9474
vn -0.1262 -0.3769 0.9176
vn -0.0641 -0.2717 0.9602
vn -0.9529 -0.2876 0.0965
vn -0.9787 -0.1970 0.0580
vn -0.9132 -0.2430 0.3272
vn -0.9195 -0.2587 0.2959
vn -0.9541 0.0555 -0.2943
vn -0.9111 0.2316 -0.3409
vn -0.5884 0.3236 -0.7410
vn -0.5946 0.3333 -0.7317
vn 0.1197 0.4910 -0.8629
vn 0.1952 0.5805 -0.7905
vn -0.1429 0.5377 -0.8309
vn -0.1015 0.5150 -0.8512
vn 0.5092 0.6097 -0.6075
vn 0.4452 0.5260 -0.7246
vn 0.9297 0.3517 -0.1091
vn 0.8460 0.4930 -0.2030
vn 0.9027 0.1986 0.3817
vn 0.8855 0.2184 0.4100
vn 0.6376 -0.0040 0.7704
vn 0.6240 -0.0393 0.7804
vn 0.4297 0.5255 0.7343
vn 0.5100 0.4963 0.7026
vn -0.2521 0.3411 0.9056
vn -0.2919 0.3003 0.9081
vn -0.2442 0.3423 0.9073
vn -0.3515 0.4014 0.8457
vn -0.8819 0.4026 0.2451
vn -0.9384 0.3242 0.1199
vn -0.7869 0.3481 0.5096
vn -0.7872 0.3572 0.5027
vn -0.8116 0.5434 -0.2145
vn -0.8134 0.5763 -0.0791
vn -0.5482 0.6816 -0.4847
vn -0.6755 0.5514 -0.4896
vn 0.1109 0.8707 -0.4792
vn 0.4257 0.7150 -0.5546
vn -0.0580 0.8424 -0.5357
vn 0.1015 0.9228 -0.3717
vn 0.2641 0.9051 -0.3331
vn 0.0816 0.9189 -0.3859
vn 0.4736 0.8794 -0.0480
vn 0.4740 0.8770 -0.0785
vn 0.6204 0.6941 0.3653
vn 0.5414 0.8229 0.1725
vn 0.4267 0.5034 0.7514
vn 0.3918 0.5062 0.7683
vn 0.4964 0.5179 0.6967
vn 0.3918 0.3202 0.8625
vn -0.3023 0.3469 0.8878
vn -0.5649 0.4165 0.7123
vn -0.3601 0.4702 0.8058
vn -0.3974 0.4452 0.8024
vn -0.8958 0.4246 0.1314
vn -0.8982 0.3975 0.1879
vn -0.8860 0.1950 0.4207
vn -0.4247 0.2857 0.8591
vn -0.9142 0.3634 -0.1795
vn -0.9206 0.3509 -0.1715
vn -0.6714 0.4755 -0.5684
vn -0.7417 0.4911 -0.4569
vn 0.3902 0.6212 -0.6797
vn 0.4575 0.6396 -0.6177
vn -0.0072 0.5631 -0.8264
vn -0.0861 0.5723 -0.8155
vn 0.2889 0.6672 -0.6866
vn 0.3784 0.7581 -0.5311
vn 0.6431 0.7608 -0.0869
vn 0.6632 0.7462 -0.0575
vn 0.6688 0.7185 0.1907
vn 0.6708 0.7178 0.1866
vn 0.4507 0.3475 0.8222
vn 0.5643 0.6012 0.5658
vn -0.5827 0.7617 0.2835
vn 0.1226 -0.9622 -0.2431
vn -0.5526 0.7750 0.3065
vn -0.5178 0.7831 0.3445
vn -0.5665 0.7780 0.2716
vn -0.0860 0.4932 0.8657
vn -0.3762 0.8771 0.2987
vn -0.3620 0.7997 0.4791
vn 0.3082 0.2911 -0.9057
vn -0.0588 0.6261 -0.7776
vn 0.5366 0.4802 -0.6939
vn 0.9100 0.4070 -0.0792
vn 0.8408 0.4753 0.2593
vn 0.5203 0.6905 0.5025
s 0
usemtl Material_0
f 7957//2450 7959//2450 7958//2450
f 7960//2451 7962//2451 7961//2451
f 7963//2452 7965//2452 7964//2452
f 7966//2453 7968//2453 7967//2453
f 7969//2454 7971//2454 7970//2454
f 7972//2455 7974//2455 7973//2455
f 7975//2456 7977//2456 7976//2456
s 1
f 7978//2457 7980//2457 7979//2457
s 0
f 7981//2458 7983//2458 7982//2458
f 7984//2459 7986//2459 7985//2459
f 7987//2460 7989//2460 7988//2460
f 7990//2461 7992//2461 7991//2461
f 7993//2462 7995//2462 7994//2462
f 7996//2463 7998//2463 7997//2463
f 7999//2464 8001//2464 8000//2464
f 8002//2465 8004//2465 8003//2465
f 8005//2466 8007//2466 8006//2466
s 1
f 8008//2467 8010//2467 8009//2467
s 0
f 8011//2468 8013//2468 8012//2468
f 8014//2469 8016//2469 8015//2469
f 8017//2470 8019//2470 8018//2470
f 8020//2471 8022//2471 8021//2471
s 1
f 8023//2472 8025//2472 8024//2472
s 0
f 8026//2473 8028//2473 8027//2473
f 8029//2474 8031//2474 8030//2474
f 8032//2475 8034//2475 8033//2475
f 8035//2476 8037//2476 8036//2476
f 8038//2477 8040//2477 8039//2477
f 8041//2478 8043//2478 8042//2478
f 8044//2479 8046//2479 8045//2479
f 8047//2480 8049//2480 8048//2480
f 8050//2481 8052//2481 8051//2481
f 8053//2482 8055//2482 8054//2482
f 8056//2483 8058//2483 8057//2483
f 8059//2484 8061//2484 8060//2484
f 8062//2485 8064//2485 8063//2485
f 8065//2486 8067//2486 8066//2486
f 8068//2487 8070//2487 8069//2487
f 8071//2488 8073//2488 8072//2488
f 8074//2489 8076//2489 8075//2489
f 8077//2490 8079//2490 8078//2490
s 1
f 8080//2491 8082//2491 8081//2491
s 0
f 8083//2492 8085//2492 8084//2492
f 8086//2493 8088//2493 8087//2493
f 8089//2494 8091//2494 8090//2494
f 8092//2495 8094//2495 8093//2495
f 8095//2496 8097//2496 8096//2496
f 8098//2497 8100//2497 8099//2497
f 8101//2498 8103//2498 8102//2498
f 8104//2499 8106//2499 8105//2499
f 8107//2500 8109//2500 8108//2500
f 8110//2501 8112//2501 8111//2501
f 8113//2502 8115//2502 8114//2502
f 8116//2503 8118//2503 8117//2503
f 8119//2504 8121//2504 8120//2504
f 8122//2505 8124//2505 8123//2505
f 8125//2506 8127//2506 8126//2506
f 8128//2507 8130//2507 8129//2507
f 8131//2508 8133//2508 8132//2508
f 8134//2509 8136//2509 8135//2509
f 8137//2510 8139//2510 8138//2510
f 8140//2511 8142//2511 8141//2511
f 8143//2512 8145//2512 8144//2512
f 8146//2513 8148//2513 8147//2513
f 8149//2514 8151//2514 8150//2514
f 8152//2515 8154//2515 8153//2515
f 8155//2516 8157//2516 8156//2516
f 8158//2517 8160//2517 8159//2517
f 8161//2518 8163//2518 8162//2518
f 8164//2519 8166//2519 8165//2519
f 8167//2520 8169//2520 8168//2520
f 8170//2521 8172//2521 8171//2521
f 8173//2522 8175//2522 8174//2522
f 8176//2523 8178//2523 8177//2523
f 8179//2524 8181//2524 8180//2524
f 8182//2525 8184//2525 8183//2525
f 8185//2526 8187//2526 8186//2526
f 8188//2527 8190//2527 8189//2527
f 8191//2528 8193//2528 8192//2528
f 8194//2529 8196//2529 8195//2529
f 8197//2530 8199//2530 8198//2530
f 8200//2531 8202//2531 8201//2531
f 8203//2532 8205//2532 8204//2532
f 8206//2533 8208//2533 8207//2533
f 8209//2534 8211//2534 8210//2534
f 8212//2535 8214//2535 8213//2535
s 1
f 8215//2536 8217//2536 8216//2536
s 0
f 8218//2537 8220//2537 8219//2537
f 8221//2538 8223//2538 8222//2538
f 8224//2539 8226//2539 8225//2539
f 8227//2540 8229//2540 8228//2540
f 8230//2541 8232//2541 8231//2541
f 8233//2542 8235//2542 8234//2542
f 8236//2543 8238//2543 8237//2543
f 8239//2544 8241//2544 8240//2544
f 8242//2545 8244//2545 8243//2545
f 8245//2546 8247//2546 8246//2546
f 8248//2547 8250//2547 8249//2547
f 8251//2548 8253//2548 8252//2548
f 8254//2549 8256//2549 8255//2549
f 8257//2550 8259//2550 8258//2550
f 8260//2551 8262//2551 8261//2551
f 8263//2552 8265//2552 8264//2552
f 8266//2553 8268//2553 8267//2553
f 8269//2554 8271//2554 8270//2554
f 8272//2555 8274//2555 8273//2555
f 8275//2556 8277//2556 8276//2556
s 1
f 8278//2557 8280//2557 8279//2557
s 0
f 8281//2558 8283//2558 8282//2558
f 8284//2559 8286//2559 8285//2559
f 8287//2560 8289//2560 8288//2560
f 8290//2561 8292//2561 8291//2561
f 8293//2562 8295//2562 8294//2562
f 8296//2563 8298//2563 8297//2563
f 8299//2564 8301//2564 8300//2564
f 8302//2565 8304//2565 8303//2565
f 8305//2566 8307//2566 8306//2566
f 8308//2567 8310//2567 8309//2567
f 8311//2568 8313//2568 8312//2568
f 8314//2569 8316//2569 8315//2569
f 8317//2570 8319//2570 8318//2570
f 8320//2571 8322//2571 8321//2571
f 8323//2572 8325//2572 8324//2572
f 8326//2573 8328//2573 8327//2573
f 8329//2574 8331//2574 8330//2574
f 8332//2575 8334//2575 8333//2575
f 8335//2576 8337//2576 8336//2576
f 8338//2577 8340//2577 8339//2577
f 8341//2578 8343//2578 8342//2578
f 8344//2579 8346//2579 8345//2579
f 8347//2580 8349//2580 8348//2580
f 8350//2581 8352//2581 8351//2581
f 8353//2582 8355//2582 8354//2582
f 8356//2581 8358//2581 8357//2581
f 8359//2583 8361//2583 8360//2583
f 8362//2581 8364//2581 8363//2581
f 8365//2584 8367//2584 8366//2584
f 8368//2581 8370//2581 8369//2581
f 8371//2585 8373//2585 8372//2585
f 8374//2581 8376//2581 8375//2581
f 8377//2586 8379//2586 8378//2586
f 8380//2581 8382//2581 8381//2581
f 8383//2587 8385//2587 8384//2587
f 8386//2581 8388//2581 8387//2581
f 8389//2588 8391//2588 8390//2588
f 8392//2581 8394//2581 8393//2581
f 8395//2589 8397//2589 8396//2589
f 8398//2581 8400//2581 8399//2581
f 8401//2590 8403//2590 8402//2590
f 8404//2581 8406//2581 8405//2581
f 8407//2591 8409//2591 8408//2591
f 8410//2581 8412//2581 8411//2581
s 1
f 8413//2592 8415//2592 8414//2592
s 0
f 8416//2581 8418//2581 8417//2581
f 8419//2593 8421//2593 8420//2593
f 8422//2581 8424//2581 8423//2581
o stoneInstances_004
v -11.793450 0.337190 0.036790
v -11.454670 0.298893 0.160245
v -11.316122 0.502238 0.010318
v -11.793450 0.337190 0.036790
v -11.316122 0.502238 0.010318
v -11.731248 0.506763 -0.086232
v -11.454670 0.298893 0.160245
v -11.405837 0.217146 0.526854
v -11.316122 0.502238 0.010318
v -11.405837 0.217146 0.526854
v -11.285803 0.363144 0.450552
v -11.316122 0.502238 0.010318
v -11.405837 0.217146 0.526854
v -11.287306 0.140348 0.860162
v -11.137478 0.185606 0.901001
v -11.405837 0.217146 0.526854
v -11.137478 0.185606 0.901001
v -11.285803 0.363144 0.450552
v -11.287306 0.140348 0.860162
v -11.562309 0.082536 1.166759
v -11.137478 0.185606 0.901001
v -11.562309 0.082536 1.166759
v -11.469540 0.149134 1.199478
v -11.137478 0.185606 0.901001
v -11.562309 0.082536 1.166759
v -11.757814 0.008637 1.534810
v -11.672634 0.118924 1.675788
v -11.562309 0.082536 1.166759
v -11.672634 0.118924 1.675788
v -11.469540 0.149134 1.199478
v -11.757814 0.008637 1.534810
v -12.097539 0.010113 1.579996
v -11.672634 0.118924 1.675788
v -12.097539 0.010113 1.579996
v -12.104538 0.119694 1.749004
v -11.672634 0.118924 1.675788
v -12.097539 0.010113 1.579996
v -12.472425 0.034090 1.527592
v -12.595274 0.148888 1.657610
v -12.097539 0.010113 1.579996
v -12.595274 0.148888 1.657610
v -12.104538 0.119694 1.749004
v -12.472425 0.034090 1.527592
v -12.543395 0.137551 1.064998
v -12.595274 0.148888 1.657610
v -12.543395 0.137551 1.064998
v -12.676110 0.263930 1.222448
v -12.595274 0.148888 1.657610
v -12.543395 0.137551 1.064998
v -12.704026 0.193668 0.832763
v -12.829430 0.298701 0.770019
v -12.543395 0.137551 1.064998
v -12.829430 0.298701 0.770019
v -12.676110 0.263930 1.222448
v -12.704026 0.193668 0.832763
v -12.659779 0.285091 0.407645
v -12.829430 0.298701 0.770019
v -12.659779 0.285091 0.407645
v -12.766507 0.411067 0.386884
v -12.829430 0.298701 0.770019
v -12.659779 0.285091 0.407645
v -12.459625 0.347806 0.090060
v -12.505616 0.479037 -0.011298
v -12.659779 0.285091 0.407645
v -12.505616 0.479037 -0.011298
v -12.766507 0.411067 0.386884
v -12.459625 0.347806 0.090060
v -12.066098 0.356347 -0.009191
v -12.505616 0.479037 -0.011298
v -12.066098 0.356347 -0.009191
v -12.090147 0.561890 -0.211647
v -12.505616 0.479037 -0.011298
v -12.066098 0.356347 -0.009191
v -11.793450 0.337190 0.036790
v -11.731248 0.506763 -0.086232
v -12.066098 0.356347 -0.009191
v -11.731248 0.506763 -0.086232
v -12.090147 0.561890 -0.211647
v -11.731248 0.506763 -0.086232
v -11.316122 0.502238 0.010318
v -11.719347 0.689440 0.008960
v -11.316122 0.502238 0.010318
v -11.348191 0.663801 0.141145
v -11.719347 0.689440 0.008960
v -11.316122 0.502238 0.010318
v -11.285803 0.363144 0.450552
v -11.297525 0.534403 0.492944
v -11.316122 0.502238 0.010318
v -11.297525 0.534403 0.492944
v -11.348191 0.663801 0.141145
v -11.285803 0.363144 0.450552
v -11.137478 0.185606 0.901001
v -11.297525 0.534403 0.492944
v -11.137478 0.185606 0.901001
v -11.209280 0.423157 0.869997
v -11.297525 0.534403 0.492944
v -11.137478 0.185606 0.901001
v -11.469540 0.149134 1.199478
v -11.491929 0.379895 1.205956
v -11.137478 0.185606 0.901001
v -11.491929 0.379895 1.205956
v -11.209280 0.423157 0.869997
v -11.469540 0.149134 1.199478
v -11.672634 0.118924 1.675788
v -11.491929 0.379895 1.205956
v -11.672634 0.118924 1.675788
v -11.731083 0.349795 1.615341
v -11.491929 0.379895 1.205956
v -11.672634 0.118924 1.675788
v -12.104538 0.119694 1.749004
v -12.083910 0.344787 1.775838
v -11.672634 0.118924 1.675788
v -12.083910 0.344787 1.775838
v -11.731083 0.349795 1.615341
v -12.104538 0.119694 1.749004
v -12.595274 0.148888 1.657610
v -12.083910 0.344787 1.775838
v -12.595274 0.148888 1.657610
v -12.522490 0.355120 1.596944
v -12.083910 0.344787 1.775838
v -12.595274 0.148888 1.657610
v -12.676110 0.263930 1.222448
v -12.632557 0.444269 1.148473
v -12.595274 0.148888 1.657610
v -12.632557 0.444269 1.148473
v -12.522490 0.355120 1.596944
v -12.676110 0.263930 1.222448
v -12.829430 0.298701 0.770019
v -12.632557 0.444269 1.148473
v -12.829430 0.298701 0.770019
v -12.817993 0.476328 0.853427
v -12.632557 0.444269 1.148473
v -12.829430 0.298701 0.770019
v -12.766507 0.411067 0.386884
v -12.744001 0.566812 0.374987
v -12.829430 0.298701 0.770019
v -12.744001 0.566812 0.374987
v -12.817993 0.476328 0.853427
v -12.766507 0.411067 0.386884
v -12.505616 0.479037 -0.011298
v -12.744001 0.566812 0.374987
v -12.505616 0.479037 -0.011298
v -12.445701 0.674311 0.047710
v -12.744001 0.566812 0.374987
v -12.505616 0.479037 -0.011298
v -12.090147 0.561890 -0.211647
v -12.084711 0.697259 -0.101954
v -12.505616 0.479037 -0.011298
v -12.084711 0.697259 -0.101954
v -12.445701 0.674311 0.047710
v -12.090147 0.561890 -0.211647
v -11.731248 0.506763 -0.086232
v -12.084711 0.697259 -0.101954
v -11.731248 0.506763 -0.086232
v -11.719347 0.689440 0.008960
v -12.084711 0.697259 -0.101954
v -11.719347 0.689440 0.008960
v -11.348191 0.663801 0.141145
v -11.360456 0.854196 0.204728
v -11.719347 0.689440 0.008960
v -11.360456 0.854196 0.204728
v -11.704342 0.882994 0.101850
v -11.348191 0.663801 0.141145
v -11.297525 0.534403 0.492944
v -11.360456 0.854196 0.204728
v -11.297525 0.534403 0.492944
v -11.277028 0.753161 0.556850
v -11.360456 0.854196 0.204728
v -11.297525 0.534403 0.492944
v -11.209280 0.423157 0.869997
v -11.156496 0.619997 0.925625
v -11.297525 0.534403 0.492944
v -11.156496 0.619997 0.925625
v -11.277028 0.753161 0.556850
v -11.209280 0.423157 0.869997
v -11.491929 0.379895 1.205956
v -11.156496 0.619997 0.925625
v -11.491929 0.379895 1.205956
v -11.465265 0.579858 1.254462
v -11.156496 0.619997 0.925625
v -11.491929 0.379895 1.205956
v -11.731083 0.349795 1.615341
v -11.673071 0.555254 1.596780
v -11.491929 0.379895 1.205956
v -11.673071 0.555254 1.596780
v -11.465265 0.579858 1.254462
v -11.731083 0.349795 1.615341
v -12.083910 0.344787 1.775838
v -11.673071 0.555254 1.596780
v -12.083910 0.344787 1.775838
v -12.080894 0.529390 1.729177
v -11.673071 0.555254 1.596780
v -12.083910 0.344787 1.775838
v -12.522490 0.355120 1.596944
v -12.436434 0.583209 1.577703
v -12.083910 0.344787 1.775838
v -12.436434 0.583209 1.577703
v -12.080894 0.529390 1.729177
v -12.522490 0.355120 1.596944
v -12.632557 0.444269 1.148473
v -12.436434 0.583209 1.577703
v -12.632557 0.444269 1.148473
v -12.499634 0.663725 1.171129
v -12.436434 0.583209 1.577703
v -12.632557 0.444269 1.148473
v -12.817993 0.476328 0.853427
v -12.670441 0.700026 0.862713
v -12.632557 0.444269 1.148473
v -12.670441 0.700026 0.862713
v -12.499634 0.663725 1.171129
v -12.817993 0.476328 0.853427
v -12.744001 0.566812 0.374987
v -12.670441 0.700026 0.862713
v -12.744001 0.566812 0.374987
v -12.647273 0.768318 0.486631
v -12.670441 0.700026 0.862713
v -12.744001 0.566812 0.374987
v -12.445701 0.674311 0.047710
v -12.404599 0.856944 0.142703
v -12.744001 0.566812 0.374987
v -12.404599 0.856944 0.142703
v -12.647273 0.768318 0.486631
v -12.445701 0.674311 0.047710
v -12.084711 0.697259 -0.101954
v -12.404599 0.856944 0.142703
v -12.084711 0.697259 -0.101954
v -11.998448 0.912197 0.010506
v -12.404599 0.856944 0.142703
v -12.084711 0.697259 -0.101954
v -11.719347 0.689440 0.008960
v -11.704342 0.882994 0.101850
v -12.084711 0.697259 -0.101954
v -11.704342 0.882994 0.101850
v -11.998448 0.912197 0.010506
v -11.704342 0.882994 0.101850
v -11.360456 0.854196 0.204728
v -11.766018 1.027144 0.515382
v -11.360456 0.854196 0.204728
v -11.544782 1.013932 0.548990
v -11.766018 1.027144 0.515382
v -11.360456 0.854196 0.204728
v -11.277028 0.753161 0.556850
v -11.485106 0.931470 0.772526
v -11.360456 0.854196 0.204728
v -11.485106 0.931470 0.772526
v -11.544782 1.013932 0.548990
v -11.277028 0.753161 0.556850
v -11.156496 0.619997 0.925625
v -11.485106 0.931470 0.772526
v -11.156496 0.619997 0.925625
v -11.440146 0.853085 0.994871
v -11.485106 0.931470 0.772526
v -11.156496 0.619997 0.925625
v -11.465265 0.579858 1.254462
v -11.600655 0.812095 1.154549
v -11.156496 0.619997 0.925625
v -11.600655 0.812095 1.154549
v -11.440146 0.853085 0.994871
v -11.465265 0.579858 1.254462
v -11.673071 0.555254 1.596780
v -11.600655 0.812095 1.154549
v -11.673071 0.555254 1.596780
v -11.746665 0.824798 1.352154
v -11.600655 0.812095 1.154549
v -11.673071 0.555254 1.596780
v -12.080894 0.529390 1.729177
v -11.968148 0.813322 1.453613
v -11.673071 0.555254 1.596780
v -11.968148 0.813322 1.453613
v -11.746665 0.824798 1.352154
v -12.080894 0.529390 1.729177
v -12.436434 0.583209 1.577703
v -11.968148 0.813322 1.453613
v -12.436434 0.583209 1.577703
v -12.172267 0.885511 1.376117
v -11.968148 0.813322 1.453613
v -12.436434 0.583209 1.577703
v -12.499634 0.663725 1.171129
v -12.214112 0.856887 1.111819
v -12.436434 0.583209 1.577703
v -12.214112 0.856887 1.111819
v -12.172267 0.885511 1.376117
v -12.499634 0.663725 1.171129
v -12.670441 0.700026 0.862713
v -12.214112 0.856887 1.111819
v -12.670441 0.700026 0.862713
v -12.306265 0.861564 0.921790
v -12.214112 0.856887 1.111819
v -12.670441 0.700026 0.862713
v -12.647273 0.768318 0.486631
v -12.299000 0.929914 0.688027
v -12.670441 0.700026 0.862713
v -12.299000 0.929914 0.688027
v -12.306265 0.861564 0.921790
v -12.647273 0.768318 0.486631
v -12.404599 0.856944 0.142703
v -12.299000 0.929914 0.688027
v -12.404599 0.856944 0.142703
v -12.133552 0.998635 0.520746
v -12.299000 0.929914 0.688027
v -12.404599 0.856944 0.142703
v -11.998448 0.912197 0.010506
v -11.953485 1.040132 0.415802
v -12.404599 0.856944 0.142703
v -11.953485 1.040132 0.415802
v -12.133552 0.998635 0.520746
v -11.998448 0.912197 0.010506
v -11.704342 0.882994 0.101850
v -11.953485 1.040132 0.415802
v -11.704342 0.882994 0.101850
v -11.766018 1.027144 0.515382
v -11.953485 1.040132 0.415802
v -11.766018 1.027144 0.515382
v -11.544782 1.013932 0.548990
v -11.668675 1.106279 0.759356
v -11.766018 1.027144 0.515382
v -11.668675 1.106279 0.759356
v -11.801167 1.158615 0.745453
v -11.544782 1.013932 0.548990
v -11.485106 0.931470 0.772526
v -11.668675 1.106279 0.759356
v -11.485106 0.931470 0.772526
v -11.657299 1.044293 0.887906
v -11.668675 1.106279 0.759356
v -11.485106 0.931470 0.772526
v -11.440146 0.853085 0.994871
v -11.607784 0.975561 1.013239
v -11.485106 0.931470 0.772526
v -11.607784 0.975561 1.013239
v -11.657299 1.044293 0.887906
v -11.440146 0.853085 0.994871
v -11.600655 0.812095 1.154549
v -11.607784 0.975561 1.013239
v -11.600655 0.812095 1.154549
v -11.721760 0.958515 1.126604
v -11.607784 0.975561 1.013239
v -11.600655 0.812095 1.154549
v -11.746665 0.824798 1.352154
v -11.783518 0.995762 1.272727
v -11.600655 0.812095 1.154549
v -11.783518 0.995762 1.272727
v -11.721760 0.958515 1.126604
v -11.746665 0.824798 1.352154
v -11.968148 0.813322 1.453613
v -11.783518 0.995762 1.272727
v -11.968148 0.813322 1.453613
v -11.920691 1.003601 1.329673
v -11.783518 0.995762 1.272727
v -11.968148 0.813322 1.453613
v -12.172267 0.885511 1.376117
v -12.064635 1.059823 1.292119
v -11.968148 0.813322 1.453613
v -12.064635 1.059823 1.292119
v -11.920691 1.003601 1.329673
v -12.172267 0.885511 1.376117
v -12.214112 0.856887 1.111819
v -12.064635 1.059823 1.292119
v -12.214112 0.856887 1.111819
v -12.082111 1.040892 1.123055
v -12.064635 1.059823 1.292119
v -12.214112 0.856887 1.111819
v -12.306265 0.861564 0.921790
v -12.163671 1.025275 1.008340
v -12.214112 0.856887 1.111819
v -12.163671 1.025275 1.008340
v -12.082111 1.040892 1.123055
v -12.306265 0.861564 0.921790
v -12.299000 0.929914 0.688027
v -12.163671 1.025275 1.008340
v -12.299000 0.929914 0.688027
v -12.136662 1.067548 0.856410
v -12.163671 1.025275 1.008340
v -12.299000 0.929914 0.688027
v -12.133552 0.998635 0.520746
v -12.043397 1.102801 0.761304
v -12.299000 0.929914 0.688027
v -12.043397 1.102801 0.761304
v -12.136662 1.067548 0.856410
v -12.133552 0.998635 0.520746
v -11.953485 1.040132 0.415802
v -12.043397 1.102801 0.761304
v -11.953485 1.040132 0.415802
v -11.909710 1.141196 0.707973
v -12.043397 1.102801 0.761304
v -11.953485 1.040132 0.415802
v -11.766018 1.027144 0.515382
v -11.801167 1.158615 0.745453
v -11.953485 1.040132 0.415802
v -11.801167 1.158615 0.745453
v -11.909710 1.141196 0.707973
v -11.801167 1.158615 0.745453
v -11.668675 1.106279 0.759356
v -12.096029 1.178255 0.915170
v -11.454670 0.298893 0.160245
v -11.793450 0.337190 0.036790
v -12.010045 0.190090 0.743038
v -11.668675 1.106279 0.759356
v -11.657299 1.044293 0.887906
v -12.096029 1.178255 0.915170
v -11.405837 0.217146 0.526854
v -11.454670 0.298893 0.160245
v -12.010045 0.190090 0.743038
v -11.657299 1.044293 0.887906
v -11.607784 0.975561 1.013239
v -12.096029 1.178255 0.915170
v -11.287306 0.140348 0.860162
v -11.405837 0.217146 0.526854
v -12.010045 0.190090 0.743038
v -11.607784 0.975561 1.013239
v -11.721760 0.958515 1.126604
v -12.096029 1.178255 0.915170
v -11.562309 0.082536 1.166759
v -11.287306 0.140348 0.860162
v -12.010045 0.190090 0.743038
v -11.721760 0.958515 1.126604
v -11.783518 0.995762 1.272727
v -12.096029 1.178255 0.915170
v -11.757814 0.008637 1.534810
v -11.562309 0.082536 1.166759
v -12.010045 0.190090 0.743038
v -11.783518 0.995762 1.272727
v -11.920691 1.003601 1.329673
v -12.096029 1.178255 0.915170
v -12.097539 0.010113 1.579996
v -11.757814 0.008637 1.534810
v -12.010045 0.190090 0.743038
v -11.920691 1.003601 1.329673
v -12.064635 1.059823 1.292119
v -12.096029 1.178255 0.915170
v -12.472425 0.034090 1.527592
v -12.097539 0.010113 1.579996
v -12.010045 0.190090 0.743038
v -12.064635 1.059823 1.292119
v -12.082111 1.040892 1.123055
v -12.096029 1.178255 0.915170
v -12.543395 0.137551 1.064998
v -12.472425 0.034090 1.527592
v -12.010045 0.190090 0.743038
v -12.082111 1.040892 1.123055
v -12.163671 1.025275 1.008340
v -12.096029 1.178255 0.915170
v -12.704026 0.193668 0.832763
v -12.543395 0.137551 1.064998
v -12.010045 0.190090 0.743038
v -12.163671 1.025275 1.008340
v -12.136662 1.067548 0.856410
v -12.096029 1.178255 0.915170
v -12.659779 0.285091 0.407645
v -12.704026 0.193668 0.832763
v -12.010045 0.190090 0.743038
v -12.136662 1.067548 0.856410
v -12.043397 1.102801 0.761304
v -12.096029 1.178255 0.915170
v -12.459625 0.347806 0.090060
v -12.659779 0.285091 0.407645
v -12.010045 0.190090 0.743038
v -12.043397 1.102801 0.761304
v -11.909710 1.141196 0.707973
v -12.096029 1.178255 0.915170
v -12.066098 0.356347 -0.009191
v -12.459625 0.347806 0.090060
v -12.010045 0.190090 0.743038
v -11.909710 1.141196 0.707973
v -11.801167 1.158615 0.745453
v -12.096029 1.178255 0.915170
v -11.793450 0.337190 0.036790
v -12.066098 0.356347 -0.009191
v -12.010045 0.190090 0.743038
vn 0.1890 -0.6629 -0.7244
vn 0.1715 -0.6190 -0.7665
vn 0.7095 -0.6619 -0.2421
vn 0.6724 -0.6912 -0.2647
vn 0.3539 -0.8760 -0.3277
vn 0.5551 -0.6951 -0.4568
vn 0.2727 -0.9600 0.0635
vn 0.4412 -0.8072 0.3922
vn 0.6424 -0.7419 0.1923
vn 0.5328 -0.8280 0.1747
vn 0.0745 -0.8068 0.5862
vn 0.0908 -0.8339 0.5444
vn -0.1327 -0.8019 0.5826
vn -0.1489 -0.8325 0.5336
vn -0.7089 -0.7036 -0.0486
vn -0.7190 -0.6932 -0.0497
vn -0.6976 -0.6366 0.3287
vn -0.5912 -0.7944 0.1393
vn -0.5548 -0.7996 -0.2297
vn -0.7015 -0.6445 -0.3042
vn -0.6135 -0.6061 -0.5063
vn -0.6151 -0.6045 -0.5062
vn -0.1749 -0.6395 -0.7486
vn -0.1921 -0.7000 -0.6878
vn 0.0906 -0.6064 -0.7900
vn 0.1439 -0.6858 -0.7134
vn 0.2078 0.4413 -0.8729
vn 0.2976 0.6358 -0.7122
vn 0.9959 0.0790 -0.0436
vn 0.9704 0.2356 -0.0531
vn 0.9558 0.1306 -0.2633
vn 0.9524 0.2691 -0.1435
vn 0.6652 0.0436 0.7454
vn 0.7112 0.2981 0.6367
vn 0.9153 0.0777 0.3952
vn 0.8034 0.3327 0.4938
vn 0.1655 -0.1317 0.9774
vn 0.3879 0.3241 0.8628
vn -0.1879 -0.0993 0.9772
vn -0.3426 0.3744 0.8616
vn -0.9108 0.3246 0.2550
vn -0.8716 0.3936 0.2922
vn -0.8802 0.3459 0.3249
vn -0.8410 -0.1846 0.5085
vn -0.9835 0.1328 -0.1226
vn -0.9839 0.1238 -0.1287
vn -0.8400 0.0804 -0.5366
vn -0.7403 0.3921 -0.5460
vn -0.4457 0.5743 -0.6867
vn -0.3756 0.3718 -0.8489
vn 0.3465 0.5821 -0.7356
vn 0.2706 0.4310 -0.8609
vn 0.3375 0.3177 -0.8861
vn 0.2935 0.3950 -0.8705
vn 0.9894 0.0991 -0.1060
vn 0.9714 -0.0219 -0.2365
vn 0.9456 -0.1763 -0.2733
vn 0.9507 0.0015 -0.3102
vn 0.7364 -0.3594 0.5732
vn 0.7205 -0.2527 0.6457
vn 0.8528 -0.1971 0.4837
vn 0.8389 -0.2314 0.4926
vn 0.4142 -0.0348 0.9095
vn 0.2872 0.2303 0.9298
vn -0.3646 0.2140 0.9062
vn -0.3507 0.2349 0.9066
vn -0.8873 0.3592 0.2892
vn -0.8431 0.4872 0.2275
vn -0.7286 0.4595 0.5079
vn -0.7726 0.4187 0.4772
vn -0.8340 0.5512 -0.0247
vn -0.9058 0.4232 0.0210
vn -0.7316 0.4369 -0.5233
vn -0.7372 0.5618 -0.3754
vn -0.3598 0.4930 -0.7922
vn -0.3262 0.5377 -0.7775
vn 0.2742 0.3987 -0.8751
vn 0.3096 0.3403 -0.8879
vn 0.1689 0.9383 -0.3019
vn 0.1111 0.9229 -0.3687
vn 0.6789 0.7326 0.0493
vn 0.7187 0.6924 0.0635
vn 0.6763 0.7353 0.0445
vn 0.6484 0.7495 0.1331
vn 0.5571 0.5803 0.5940
vn 0.5567 0.4750 0.6815
vn 0.6731 0.5863 0.4507
vn 0.6653 0.5932 0.4534
vn 0.2002 0.6403 0.7416
vn 0.2732 0.6863 0.6740
vn -0.1765 0.7207 0.6704
vn -0.0870 0.6042 0.7921
vn -0.5085 0.8262 0.2427
vn -0.7376 0.6738 0.0438
vn -0.4717 0.8066 0.3562
vn -0.4255 0.8758 0.2279
vn -0.4775 0.8692 0.1284
vn -0.4259 0.8719 0.2417
vn -0.3988 0.9159 -0.0453
vn -0.4179 0.9076 -0.0405
vn -0.2161 0.9377 -0.2720
vn -0.2989 0.9440 -0.1395
vn 0.1901 0.9300 -0.3146
vn 0.2195 0.9310 -0.2918
vn 0.1082 0.9322 -0.3455
vn 0.3714 0.8294 -0.4172
vn 0.6839 0.7246 0.0847
vn 0.6509 0.7048 0.2822
vn 0.5937 0.7890 0.1581
vn 0.6190 0.7656 0.1753
vn 0.4950 0.5805 0.6466
vn 0.5381 0.5645 0.6259
vn 0.7474 0.4056 0.5262
vn 0.7474 0.6470 0.1510
vn 0.3511 0.4557 0.8180
vn 0.3653 0.4424 0.8191
vn -0.1464 0.5014 0.8528
vn -0.0049 0.5466 0.8373
vn -0.8327 0.5490 0.0724
vn -0.8129 0.5820 0.0189
vn -0.7862 0.4770 0.3930
vn -0.7363 0.5004 0.4554
vn -0.7837 0.6024 0.1518
vn -0.6903 0.7194 0.0775
vn -0.5186 0.8382 -0.1686
vn -0.5117 0.8376 -0.1913
vn -0.3561 0.8988 -0.2557
vn -0.3599 0.8971 -0.2564
vn 0.2927 0.8488 -0.4403
vn -0.0409 0.9461 -0.3211
vn 0.2962 0.8602 0.4151
vn -0.0326 -0.9764 -0.2134
vn 0.2907 0.8717 0.3946
vn 0.2924 0.8825 0.3685
vn 0.2782 0.8685 0.4103
vn 0.5083 0.8612 -0.0047
vn 0.1838 0.9312 0.3146
vn 0.2901 0.9196 0.2648
vn -0.9941 0.0469 0.0975
vn -0.7046 0.5694 0.4234
vn -0.9261 0.3723 -0.0610
vn -0.6988 0.5182 -0.4931
vn -0.4194 0.7501 -0.5113
vn -0.0729 0.9683 -0.2388
s 0
usemtl Material_0
f 8425//2594 8427//2594 8426//2594
f 8428//2595 8430//2595 8429//2595
f 8431//2596 8433//2596 8432//2596
f 8434//2597 8436//2597 8435//2597
f 8437//2598 8439//2598 8438//2598
f 8440//2599 8442//2599 8441//2599
f 8443//2600 8445//2600 8444//2600
s 1
f 8446//2601 8448//2601 8447//2601
s 0
f 8449//2602 8451//2602 8450//2602
f 8452//2603 8454//2603 8453//2603
f 8455//2604 8457//2604 8456//2604
f 8458//2605 8460//2605 8459//2605
f 8461//2606 8463//2606 8462//2606
f 8464//2607 8466//2607 8465//2607
f 8467//2608 8469//2608 8468//2608
f 8470//2609 8472//2609 8471//2609
f 8473//2610 8475//2610 8474//2610
s 1
f 8476//2611 8478//2611 8477//2611
s 0
f 8479//2612 8481//2612 8480//2612
f 8482//2613 8484//2613 8483//2613
f 8485//2614 8487//2614 8486//2614
f 8488//2615 8490//2615 8489//2615
s 1
f 8491//2616 8493//2616 8492//2616
s 0
f 8494//2617 8496//2617 8495//2617
f 8497//2618 8499//2618 8498//2618
f 8500//2619 8502//2619 8501//2619
f 8503//2620 8505//2620 8504//2620
f 8506//2621 8508//2621 8507//2621
f 8509//2622 8511//2622 8510//2622
f 8512//2623 8514//2623 8513//2623
f 8515//2624 8517//2624 8516//2624
f 8518//2625 8520//2625 8519//2625
f 8521//2626 8523//2626 8522//2626
f 8524//2627 8526//2627 8525//2627
f 8527//2628 8529//2628 8528//2628
f 8530//2629 8532//2629 8531//2629
f 8533//2630 8535//2630 8534//2630
f 8536//2631 8538//2631 8537//2631
f 8539//2632 8541//2632 8540//2632
f 8542//2633 8544//2633 8543//2633
f 8545//2634 8547//2634 8546//2634
s 1
f 8548//2635 8550//2635 8549//2635
s 0
f 8551//2636 8553//2636 8552//2636
f 8554//2637 8556//2637 8555//2637
f 8557//2638 8559//2638 8558//2638
f 8560//2639 8562//2639 8561//2639
f 8563//2640 8565//2640 8564//2640
f 8566//2641 8568//2641 8567//2641
f 8569//2642 8571//2642 8570//2642
f 8572//2643 8574//2643 8573//2643
f 8575//2644 8577//2644 8576//2644
f 8578//2645 8580//2645 8579//2645
f 8581//2646 8583//2646 8582//2646
f 8584//2647 8586//2647 8585//2647
f 8587//2648 8589//2648 8588//2648
f 8590//2649 8592//2649 8591//2649
f 8593//2650 8595//2650 8594//2650
f 8596//2651 8598//2651 8597//2651
f 8599//2652 8601//2652 8600//2652
f 8602//2653 8604//2653 8603//2653
f 8605//2654 8607//2654 8606//2654
f 8608//2655 8610//2655 8609//2655
f 8611//2656 8613//2656 8612//2656
f 8614//2657 8616//2657 8615//2657
f 8617//2658 8619//2658 8618//2658
f 8620//2659 8622//2659 8621//2659
f 8623//2660 8625//2660 8624//2660
f 8626//2661 8628//2661 8627//2661
f 8629//2662 8631//2662 8630//2662
f 8632//2663 8634//2663 8633//2663
f 8635//2664 8637//2664 8636//2664
f 8638//2665 8640//2665 8639//2665
f 8641//2666 8643//2666 8642//2666
f 8644//2667 8646//2667 8645//2667
f 8647//2668 8649//2668 8648//2668
f 8650//2669 8652//2669 8651//2669
f 8653//2670 8655//2670 8654//2670
f 8656//2671 8658//2671 8657//2671
f 8659//2672 8661//2672 8660//2672
f 8662//2673 8664//2673 8663//2673
f 8665//2674 8667//2674 8666//2674
f 8668//2675 8670//2675 8669//2675
f 8671//2676 8673//2676 8672//2676
f 8674//2677 8676//2677 8675//2677
f 8677//2678 8679//2678 8678//2678
f 8680//2679 8682//2679 8681//2679
s 1
f 8683//2680 8685//2680 8684//2680
s 0
f 8686//2681 8688//2681 8687//2681
f 8689//2682 8691//2682 8690//2682
f 8692//2683 8694//2683 8693//2683
f 8695//2684 8697//2684 8696//2684
f 8698//2685 8700//2685 8699//2685
f 8701//2686 8703//2686 8702//2686
f 8704//2687 8706//2687 8705//2687
f 8707//2688 8709//2688 8708//2688
f 8710//2689 8712//2689 8711//2689
f 8713//2690 8715//2690 8714//2690
f 8716//2691 8718//2691 8717//2691
f 8719//2692 8721//2692 8720//2692
f 8722//2693 8724//2693 8723//2693
f 8725//2694 8727//2694 8726//2694
f 8728//2695 8730//2695 8729//2695
f 8731//2696 8733//2696 8732//2696
f 8734//2697 8736//2697 8735//2697
f 8737//2698 8739//2698 8738//2698
f 8740//2699 8742//2699 8741//2699
f 8743//2700 8745//2700 8744//2700
s 1
f 8746//2701 8748//2701 8747//2701
s 0
f 8749//2702 8751//2702 8750//2702
f 8752//2703 8754//2703 8753//2703
f 8755//2704 8757//2704 8756//2704
f 8758//2705 8760//2705 8759//2705
f 8761//2706 8763//2706 8762//2706
f 8764//2707 8766//2707 8765//2707
f 8767//2708 8769//2708 8768//2708
f 8770//2709 8772//2709 8771//2709
f 8773//2710 8775//2710 8774//2710
f 8776//2711 8778//2711 8777//2711
f 8779//2712 8781//2712 8780//2712
f 8782//2713 8784//2713 8783//2713
f 8785//2714 8787//2714 8786//2714
f 8788//2715 8790//2715 8789//2715
f 8791//2716 8793//2716 8792//2716
f 8794//2717 8796//2717 8795//2717
f 8797//2718 8799//2718 8798//2718
f 8800//2719 8802//2719 8801//2719
f 8803//2720 8805//2720 8804//2720
f 8806//2721 8808//2721 8807//2721
f 8809//2722 8811//2722 8810//2722
f 8812//2723 8814//2723 8813//2723
f 8815//2724 8817//2724 8816//2724
f 8818//2725 8820//2725 8819//2725
f 8821//2726 8823//2726 8822//2726
f 8824//2725 8826//2725 8825//2725
f 8827//2727 8829//2727 8828//2727
f 8830//2725 8832//2725 8831//2725
f 8833//2728 8835//2728 8834//2728
f 8836//2725 8838//2725 8837//2725
f 8839//2729 8841//2729 8840//2729
f 8842//2725 8844//2725 8843//2725
f 8845//2730 8847//2730 8846//2730
f 8848//2725 8850//2725 8849//2725
f 8851//2731 8853//2731 8852//2731
f 8854//2725 8856//2725 8855//2725
f 8857//2732 8859//2732 8858//2732
f 8860//2725 8862//2725 8861//2725
f 8863//2733 8865//2733 8864//2733
f 8866//2725 8868//2725 8867//2725
f 8869//2734 8871//2734 8870//2734
f 8872//2725 8874//2725 8873//2725
f 8875//2735 8877//2735 8876//2735
f 8878//2725 8880//2725 8879//2725
s 1
f 8881//2736 8883//2736 8882//2736
s 0
f 8884//2725 8886//2725 8885//2725
f 8887//2737 8889//2737 8888//2737
f 8890//2725 8892//2725 8891//2725
o stoneInstances_005
v -8.377792 0.014440 -1.576479
v -8.181964 0.042330 -1.594981
v -8.177666 0.121315 -1.754737
v -8.377792 0.014440 -1.576479
v -8.177666 0.121315 -1.754737
v -8.399711 0.078347 -1.694398
v -8.181964 0.042330 -1.594981
v -8.070545 0.098058 -1.400955
v -8.177666 0.121315 -1.754737
v -8.070545 0.098058 -1.400955
v -8.051090 0.164180 -1.505015
v -8.177666 0.121315 -1.754737
v -8.070545 0.098058 -1.400955
v -7.932837 0.150823 -1.243835
v -7.858967 0.193983 -1.273012
v -8.070545 0.098058 -1.400955
v -7.858967 0.193983 -1.273012
v -8.051090 0.164180 -1.505015
v -7.932837 0.150823 -1.243835
v -7.994777 0.188488 -0.999419
v -7.858967 0.193983 -1.273012
v -7.994777 0.188488 -0.999419
v -7.953688 0.238636 -1.022281
v -7.858967 0.193983 -1.273012
v -7.994777 0.188488 -0.999419
v -8.003016 0.237514 -0.741026
v -7.950553 0.340748 -0.715869
v -7.994777 0.188488 -0.999419
v -7.950553 0.340748 -0.715869
v -7.953688 0.238636 -1.022281
v -8.003016 0.237514 -0.741026
v -8.159088 0.234596 -0.627182
v -7.950553 0.340748 -0.715869
v -8.159088 0.234596 -0.627182
v -8.145586 0.340675 -0.562767
v -7.950553 0.340748 -0.715869
v -8.159088 0.234596 -0.627182
v -8.355704 0.216216 -0.559223
v -8.407253 0.309252 -0.485057
v -8.159088 0.234596 -0.627182
v -8.407253 0.309252 -0.485057
v -8.145586 0.340675 -0.562767
v -8.355704 0.216216 -0.559223
v -8.500888 0.145632 -0.801617
v -8.407253 0.309252 -0.485057
v -8.500888 0.145632 -0.801617
v -8.553494 0.252032 -0.713272
v -8.407253 0.309252 -0.485057
v -8.500888 0.145632 -0.801617
v -8.635166 0.106659 -0.890792
v -8.725639 0.142188 -0.913037
v -8.500888 0.145632 -0.801617
v -8.725639 0.142188 -0.913037
v -8.553494 0.252032 -0.713272
v -8.635166 0.106659 -0.890792
v -8.714825 0.044892 -1.142022
v -8.725639 0.142188 -0.913037
v -8.714825 0.044892 -1.142022
v -8.791024 0.104244 -1.152324
v -8.725639 0.142188 -0.913037
v -8.714825 0.044892 -1.142022
v -8.692266 0.003479 -1.373166
v -8.756208 0.046867 -1.442405
v -8.714825 0.044892 -1.142022
v -8.756208 0.046867 -1.442405
v -8.791024 0.104244 -1.152324
v -8.692266 0.003479 -1.373166
v -8.522665 -0.000094 -1.531491
v -8.756208 0.046867 -1.442405
v -8.522665 -0.000094 -1.531491
v -8.608400 0.058330 -1.675285
v -8.756208 0.046867 -1.442405
v -8.522665 -0.000094 -1.531491
v -8.377792 0.014440 -1.576479
v -8.399711 0.078347 -1.694398
v -8.522665 -0.000094 -1.531491
v -8.399711 0.078347 -1.694398
v -8.608400 0.058330 -1.675285
v -8.399711 0.078347 -1.694398
v -8.177666 0.121315 -1.754737
v -8.403732 0.206000 -1.689401
v -8.177666 0.121315 -1.754737
v -8.192421 0.244790 -1.714900
v -8.403732 0.206000 -1.689401
v -8.177666 0.121315 -1.754737
v -8.051090 0.164180 -1.505015
v -8.075514 0.270152 -1.518337
v -8.177666 0.121315 -1.754737
v -8.075514 0.270152 -1.518337
v -8.192421 0.244790 -1.714900
v -8.051090 0.164180 -1.505015
v -7.858967 0.193983 -1.273012
v -8.075514 0.270152 -1.518337
v -7.858967 0.193983 -1.273012
v -7.938110 0.314163 -1.322882
v -8.075514 0.270152 -1.518337
v -7.858967 0.193983 -1.273012
v -7.953688 0.238636 -1.022281
v -8.000111 0.367465 -1.064550
v -7.858967 0.193983 -1.273012
v -8.000111 0.367465 -1.064550
v -7.938110 0.314163 -1.322882
v -7.953688 0.238636 -1.022281
v -7.950553 0.340748 -0.715869
v -8.000111 0.367465 -1.064550
v -7.950553 0.340748 -0.715869
v -8.028136 0.449907 -0.782983
v -8.000111 0.367465 -1.064550
v -7.950553 0.340748 -0.715869
v -8.145586 0.340675 -0.562767
v -8.166061 0.473860 -0.604795
v -7.950553 0.340748 -0.715869
v -8.166061 0.473860 -0.604795
v -8.028136 0.449907 -0.782983
v -8.145586 0.340675 -0.562767
v -8.407253 0.309252 -0.485057
v -8.166061 0.473860 -0.604795
v -8.407253 0.309252 -0.485057
v -8.417192 0.410821 -0.581889
v -8.166061 0.473860 -0.604795
v -8.407253 0.309252 -0.485057
v -8.553494 0.252032 -0.713272
v -8.576206 0.334265 -0.803348
v -8.407253 0.309252 -0.485057
v -8.576206 0.334265 -0.803348
v -8.417192 0.410821 -0.581889
v -8.553494 0.252032 -0.713272
v -8.725639 0.142188 -0.913037
v -8.576206 0.334265 -0.803348
v -8.725639 0.142188 -0.913037
v -8.731479 0.263838 -0.912856
v -8.576206 0.334265 -0.803348
v -8.725639 0.142188 -0.913037
v -8.791024 0.104244 -1.152324
v -8.807394 0.188570 -1.199297
v -8.725639 0.142188 -0.913037
v -8.807394 0.188570 -1.199297
v -8.731479 0.263838 -0.912856
v -8.791024 0.104244 -1.152324
v -8.756208 0.046867 -1.442405
v -8.807394 0.188570 -1.199297
v -8.756208 0.046867 -1.442405
v -8.746284 0.174010 -1.471708
v -8.807394 0.188570 -1.199297
v -8.756208 0.046867 -1.442405
v -8.608400 0.058330 -1.675285
v -8.605054 0.163321 -1.650512
v -8.756208 0.046867 -1.442405
v -8.605054 0.163321 -1.650512
v -8.746284 0.174010 -1.471708
v -8.608400 0.058330 -1.675285
v -8.399711 0.078347 -1.694398
v -8.605054 0.163321 -1.650512
v -8.399711 0.078347 -1.694398
v -8.403732 0.206000 -1.689401
v -8.605054 0.163321 -1.650512
v -8.403732 0.206000 -1.689401
v -8.192421 0.244790 -1.714900
v -8.215850 0.367074 -1.721442
v -8.403732 0.206000 -1.689401
v -8.215850 0.367074 -1.721442
v -8.408452 0.339217 -1.688852
v -8.192421 0.244790 -1.714900
v -8.075514 0.270152 -1.518337
v -8.215850 0.367074 -1.721442
v -8.075514 0.270152 -1.518337
v -8.087493 0.409808 -1.539821
v -8.215850 0.367074 -1.721442
v -8.075514 0.270152 -1.518337
v -7.938110 0.314163 -1.322882
v -7.932589 0.440930 -1.352367
v -8.075514 0.270152 -1.518337
v -7.932589 0.440930 -1.352367
v -8.087493 0.409808 -1.539821
v -7.938110 0.314163 -1.322882
v -8.000111 0.367465 -1.064550
v -7.932589 0.440930 -1.352367
v -8.000111 0.367465 -1.064550
v -8.009227 0.492822 -1.091413
v -7.932589 0.440930 -1.352367
v -8.000111 0.367465 -1.064550
v -8.028136 0.449907 -0.782983
v -8.036555 0.561705 -0.854004
v -8.000111 0.367465 -1.064550
v -8.036555 0.561705 -0.854004
v -8.009227 0.492822 -1.091413
v -8.028136 0.449907 -0.782983
v -8.166061 0.473860 -0.604795
v -8.036555 0.561705 -0.854004
v -8.166061 0.473860 -0.604795
v -8.203587 0.563926 -0.670910
v -8.036555 0.561705 -0.854004
v -8.166061 0.473860 -0.604795
v -8.417192 0.410821 -0.581889
v -8.415741 0.536315 -0.665824
v -8.166061 0.473860 -0.604795
v -8.415741 0.536315 -0.665824
v -8.203587 0.563926 -0.670910
v -8.417192 0.410821 -0.581889
v -8.576206 0.334265 -0.803348
v -8.415741 0.536315 -0.665824
v -8.576206 0.334265 -0.803348
v -8.542079 0.468457 -0.876315
v -8.415741 0.536315 -0.665824
v -8.576206 0.334265 -0.803348
v -8.731479 0.263838 -0.912856
v -8.693645 0.397466 -0.997572
v -8.576206 0.334265 -0.803348
v -8.693645 0.397466 -0.997572
v -8.542079 0.468457 -0.876315
v -8.731479 0.263838 -0.912856
v -8.807394 0.188570 -1.199297
v -8.693645 0.397466 -0.997572
v -8.807394 0.188570 -1.199297
v -8.769865 0.335088 -1.212734
v -8.693645 0.397466 -0.997572
v -8.807394 0.188570 -1.199297
v -8.746284 0.174010 -1.471708
v -8.736154 0.302953 -1.474617
v -8.807394 0.188570 -1.199297
v -8.736154 0.302953 -1.474617
v -8.769865 0.335088 -1.212734
v -8.746284 0.174010 -1.471708
v -8.605054 0.163321 -1.650512
v -8.736154 0.302953 -1.474617
v -8.605054 0.163321 -1.650512
v -8.574589 0.317026 -1.663731
v -8.736154 0.302953 -1.474617
v -8.605054 0.163321 -1.650512
v -8.403732 0.206000 -1.689401
v -8.408452 0.339217 -1.688852
v -8.605054 0.163321 -1.650512
v -8.408452 0.339217 -1.688852
v -8.574589 0.317026 -1.663731
v -8.408452 0.339217 -1.688852
v -8.215850 0.367074 -1.721442
v -8.377253 0.527848 -1.491598
v -8.215850 0.367074 -1.721442
v -8.260824 0.539938 -1.530532
v -8.377253 0.527848 -1.491598
v -8.215850 0.367074 -1.721442
v -8.087493 0.409808 -1.539821
v -8.173152 0.557208 -1.412934
v -8.215850 0.367074 -1.721442
v -8.173152 0.557208 -1.412934
v -8.260824 0.539938 -1.530532
v -8.087493 0.409808 -1.539821
v -7.932589 0.440930 -1.352367
v -8.173152 0.557208 -1.412934
v -7.932589 0.440930 -1.352367
v -8.093522 0.575730 -1.292923
v -8.173152 0.557208 -1.412934
v -7.932589 0.440930 -1.352367
v -8.009227 0.492822 -1.091413
v -8.132440 0.588495 -1.158571
v -7.932589 0.440930 -1.352367
v -8.132440 0.588495 -1.158571
v -8.093522 0.575730 -1.292923
v -8.009227 0.492822 -1.091413
v -8.036555 0.561705 -0.854004
v -8.132440 0.588495 -1.158571
v -8.036555 0.561705 -0.854004
v -8.165170 0.641977 -1.020570
v -8.132440 0.588495 -1.158571
v -8.036555 0.561705 -0.854004
v -8.203587 0.563926 -0.670910
v -8.250276 0.652578 -0.906487
v -8.036555 0.561705 -0.854004
v -8.250276 0.652578 -0.906487
v -8.165170 0.641977 -1.020570
v -8.203587 0.563926 -0.670910
v -8.415741 0.536315 -0.665824
v -8.250276 0.652578 -0.906487
v -8.415741 0.536315 -0.665824
v -8.376744 0.662206 -0.907924
v -8.250276 0.652578 -0.906487
v -8.415741 0.536315 -0.665824
v -8.542079 0.468457 -0.876315
v -8.446307 0.573102 -1.026449
v -8.415741 0.536315 -0.665824
v -8.446307 0.573102 -1.026449
v -8.376744 0.662206 -0.907924
v -8.542079 0.468457 -0.876315
v -8.693645 0.397466 -0.997572
v -8.446307 0.573102 -1.026449
v -8.693645 0.397466 -0.997572
v -8.530510 0.520153 -1.100707
v -8.446307 0.573102 -1.026449
v -8.693645 0.397466 -0.997572
v -8.769865 0.335088 -1.212734
v -8.585490 0.495427 -1.238330
v -8.693645 0.397466 -0.997572
v -8.585490 0.495427 -1.238330
v -8.530510 0.520153 -1.100707
v -8.769865 0.335088 -1.212734
v -8.736154 0.302953 -1.474617
v -8.585490 0.495427 -1.238330
v -8.736154 0.302953 -1.474617
v -8.550152 0.496242 -1.384119
v -8.585490 0.495427 -1.238330
v -8.736154 0.302953 -1.474617
v -8.574589 0.317026 -1.663731
v -8.490671 0.499430 -1.495628
v -8.736154 0.302953 -1.474617
v -8.490671 0.499430 -1.495628
v -8.550152 0.496242 -1.384119
v -8.574589 0.317026 -1.663731
v -8.408452 0.339217 -1.688852
v -8.490671 0.499430 -1.495628
v -8.408452 0.339217 -1.688852
v -8.377253 0.527848 -1.491598
v -8.490671 0.499430 -1.495628
v -8.377253 0.527848 -1.491598
v -8.260824 0.539938 -1.530532
v -8.292936 0.642120 -1.409685
v -8.377253 0.527848 -1.491598
v -8.292936 0.642120 -1.409685
v -8.368490 0.661224 -1.393096
v -8.260824 0.539938 -1.530532
v -8.173152 0.557208 -1.412934
v -8.292936 0.642120 -1.409685
v -8.173152 0.557208 -1.412934
v -8.251336 0.642889 -1.332662
v -8.292936 0.642120 -1.409685
v -8.173152 0.557208 -1.412934
v -8.093522 0.575730 -1.292923
v -8.190785 0.640833 -1.265992
v -8.173152 0.557208 -1.412934
v -8.190785 0.640833 -1.265992
v -8.251336 0.642889 -1.332662
v -8.093522 0.575730 -1.292923
v -8.132440 0.588495 -1.158571
v -8.190785 0.640833 -1.265992
v -8.132440 0.588495 -1.158571
v -8.220351 0.656588 -1.173297
v -8.190785 0.640833 -1.265992
v -8.132440 0.588495 -1.158571
v -8.165170 0.641977 -1.020570
v -8.226555 0.713768 -1.089843
v -8.132440 0.588495 -1.158571
v -8.226555 0.713768 -1.089843
v -8.220351 0.656588 -1.173297
v -8.165170 0.641977 -1.020570
v -8.250276 0.652578 -0.906487
v -8.226555 0.713768 -1.089843
v -8.250276 0.652578 -0.906487
v -8.282851 0.727044 -1.025563
v -8.226555 0.713768 -1.089843
v -8.250276 0.652578 -0.906487
v -8.376744 0.662206 -0.907924
v -8.369406 0.741393 -1.018960
v -8.250276 0.652578 -0.906487
v -8.369406 0.741393 -1.018960
v -8.282851 0.727044 -1.025563
v -8.376744 0.662206 -0.907924
v -8.446307 0.573102 -1.026449
v -8.369406 0.741393 -1.018960
v -8.446307 0.573102 -1.026449
v -8.409290 0.684487 -1.097124
v -8.369406 0.741393 -1.018960
v -8.446307 0.573102 -1.026449
v -8.530510 0.520153 -1.100707
v -8.469770 0.641068 -1.130891
v -8.446307 0.573102 -1.026449
v -8.469770 0.641068 -1.130891
v -8.409290 0.684487 -1.097124
v -8.530510 0.520153 -1.100707
v -8.585490 0.495427 -1.238330
v -8.469770 0.641068 -1.130891
v -8.585490 0.495427 -1.238330
v -8.494334 0.624849 -1.225818
v -8.469770 0.641068 -1.130891
v -8.585490 0.495427 -1.238330
v -8.550152 0.496242 -1.384119
v -8.474021 0.623155 -1.307638
v -8.585490 0.495427 -1.238330
v -8.474021 0.623155 -1.307638
v -8.494334 0.624849 -1.225818
v -8.550152 0.496242 -1.384119
v -8.490671 0.499430 -1.495628
v -8.474021 0.623155 -1.307638
v -8.490671 0.499430 -1.495628
v -8.426068 0.636362 -1.379462
v -8.474021 0.623155 -1.307638
v -8.490671 0.499430 -1.495628
v -8.377253 0.527848 -1.491598
v -8.368490 0.661224 -1.393096
v -8.490671 0.499430 -1.495628
v -8.368490 0.661224 -1.393096
v -8.426068 0.636362 -1.379462
v -8.368490 0.661224 -1.393096
v -8.292936 0.642120 -1.409685
v -8.480318 0.704065 -1.231180
v -8.181964 0.042330 -1.594981
v -8.377792 0.014440 -1.576479
v -8.315730 0.113002 -1.121894
v -8.292936 0.642120 -1.409685
v -8.251336 0.642889 -1.332662
v -8.480318 0.704065 -1.231180
v -8.070545 0.098058 -1.400955
v -8.181964 0.042330 -1.594981
v -8.315730 0.113002 -1.121894
v -8.251336 0.642889 -1.332662
v -8.190785 0.640833 -1.265992
v -8.480318 0.704065 -1.231180
v -7.932837 0.150823 -1.243835
v -8.070545 0.098058 -1.400955
v -8.315730 0.113002 -1.121894
v -8.190785 0.640833 -1.265992
v -8.220351 0.656588 -1.173297
v -8.480318 0.704065 -1.231180
v -7.994777 0.188488 -0.999419
v -7.932837 0.150823 -1.243835
v -8.315730 0.113002 -1.121894
v -8.220351 0.656588 -1.173297
v -8.226555 0.713768 -1.089843
v -8.480318 0.704065 -1.231180
v -8.003016 0.237514 -0.741026
v -7.994777 0.188488 -0.999419
v -8.315730 0.113002 -1.121894
v -8.226555 0.713768 -1.089843
v -8.282851 0.727044 -1.025563
v -8.480318 0.704065 -1.231180
v -8.159088 0.234596 -0.627182
v -8.003016 0.237514 -0.741026
v -8.315730 0.113002 -1.121894
v -8.282851 0.727044 -1.025563
v -8.369406 0.741393 -1.018960
v -8.480318 0.704065 -1.231180
v -8.355704 0.216216 -0.559223
v -8.159088 0.234596 -0.627182
v -8.315730 0.113002 -1.121894
v -8.369406 0.741393 -1.018960
v -8.409290 0.684487 -1.097124
v -8.480318 0.704065 -1.231180
v -8.500888 0.145632 -0.801617
v -8.355704 0.216216 -0.559223
v -8.315730 0.113002 -1.121894
v -8.409290 0.684487 -1.097124
v -8.469770 0.641068 -1.130891
v -8.480318 0.704065 -1.231180
v -8.635166 0.106659 -0.890792
v -8.500888 0.145632 -0.801617
v -8.315730 0.113002 -1.121894
v -8.469770 0.641068 -1.130891
v -8.494334 0.624849 -1.225818
v -8.480318 0.704065 -1.231180
v -8.714825 0.044892 -1.142022
v -8.635166 0.106659 -0.890792
v -8.315730 0.113002 -1.121894
v -8.494334 0.624849 -1.225818
v -8.474021 0.623155 -1.307638
v -8.480318 0.704065 -1.231180
v -8.692266 0.003479 -1.373166
v -8.714825 0.044892 -1.142022
v -8.315730 0.113002 -1.121894
v -8.474021 0.623155 -1.307638
v -8.426068 0.636362 -1.379462
v -8.480318 0.704065 -1.231180
v -8.522665 -0.000094 -1.531491
v -8.692266 0.003479 -1.373166
v -8.315730 0.113002 -1.121894
v -8.426068 0.636362 -1.379462
v -8.368490 0.661224 -1.393096
v -8.480318 0.704065 -1.231180
v -8.377792 0.014440 -1.576479
v -8.522665 -0.000094 -1.531491
v -8.315730 0.113002 -1.121894
vn 0.0858 -0.8940 -0.4397
vn 0.0385 -0.8755 -0.4817
vn 0.7633 -0.5871 -0.2697
vn 0.7316 -0.6290 -0.2629
vn 0.4669 -0.8768 -0.1148
vn 0.5592 -0.7431 -0.3676
vn 0.5621 -0.7841 0.2633
vn 0.7923 -0.4742 0.3838
vn 0.8735 -0.4725 0.1175
vn 0.7997 -0.5720 0.1825
vn 0.5329 -0.4460 0.7191
vn 0.5397 -0.4861 0.6873
vn 0.3271 -0.4716 0.8189
vn 0.2998 -0.5228 0.7980
vn -0.5140 -0.6905 0.5089
vn -0.5261 -0.6820 0.5081
vn -0.3831 -0.4824 0.7877
vn -0.3115 -0.6935 0.6497
vn -0.4149 -0.8443 0.3391
vn -0.6128 -0.7373 0.2844
vn -0.6175 -0.7825 0.0799
vn -0.6192 -0.7811 0.0802
vn -0.2956 -0.9082 -0.2962
vn -0.2719 -0.9372 -0.2187
vn -0.0567 -0.8821 -0.4676
vn 0.0509 -0.9143 -0.4018
vn -0.2674 0.0293 -0.9631
vn -0.1662 0.2847 -0.9441
vn 0.8728 0.1425 -0.4668
vn 0.8135 0.2643 -0.5180
vn 0.7607 0.0946 -0.6421
vn 0.7628 0.2559 -0.5939
vn 0.8780 0.4017 0.2602
vn 0.8174 0.5708 0.0784
vn 0.9460 0.3044 -0.1111
vn 0.8344 0.5458 -0.0768
vn 0.5840 0.3246 0.7441
vn 0.6209 0.6805 0.3891
vn 0.2331 0.3251 0.9165
vn -0.1048 0.6808 0.7249
vn -0.8386 0.2801 0.4672
vn -0.8126 0.3586 0.4595
vn -0.7971 0.3322 0.5042
vn -0.5675 -0.0285 0.8229
vn -0.9625 -0.0371 0.2689
vn -0.9625 -0.0466 0.2673
vn -0.9710 -0.2283 -0.0714
vn -0.9751 0.0254 -0.2201
vn -0.8380 0.1505 -0.5245
vn -0.7845 -0.0805 -0.6149
vn -0.1107 0.2316 -0.9665
vn -0.1961 0.0322 -0.9800
vn -0.1062 -0.0734 -0.9916
vn -0.1666 -0.0018 -0.9860
vn 0.8440 0.1339 -0.5193
vn 0.8185 -0.0181 -0.5742
vn 0.8241 -0.1621 -0.5428
vn 0.7730 -0.0312 -0.6336
vn 0.9729 0.0114 0.2311
vn 0.9584 0.1247 0.2567
vn 0.9912 0.1158 0.0648
vn 0.9920 0.0910 0.0878
vn 0.7520 0.3929 0.5293
vn 0.5805 0.6250 0.5220
vn -0.0638 0.5553 0.8292
vn -0.0554 0.5757 0.8157
vn -0.8176 0.3266 0.4742
vn -0.8338 0.4119 0.3676
vn -0.6355 0.5337 0.5579
vn -0.6743 0.4777 0.5632
vn -0.9220 0.3566 0.1507
vn -0.9311 0.2618 0.2540
vn -0.9724 0.0714 -0.2220
vn -0.9607 0.2321 -0.1522
vn -0.7825 0.0475 -0.6209
vn -0.7603 0.0954 -0.6425
vn -0.1891 -0.0027 -0.9820
vn -0.1418 -0.0569 -0.9883
vn -0.2156 0.7225 -0.6568
vn -0.2967 0.6721 -0.6784
vn 0.4798 0.7157 -0.5075
vn 0.5309 0.6866 -0.4967
vn 0.4749 0.7162 -0.5114
vn 0.4783 0.7629 -0.4351
vn 0.6064 0.7949 0.0200
vn 0.6634 0.7382 0.1220
vn 0.6539 0.7435 -0.1405
vn 0.6465 0.7504 -0.1375
vn 0.3171 0.9066 0.2783
vn 0.3487 0.9208 0.1745
vn -0.1112 0.9226 0.3693
vn 0.0618 0.8814 0.4683
vn -0.6301 0.7653 0.1315
vn -0.8553 0.5031 0.1238
vn -0.5490 0.8082 0.2131
vn -0.5725 0.8172 0.0665
vn -0.6551 0.7554 0.0131
vn -0.5668 0.8201 0.0791
vn -0.6598 0.7309 -0.1746
vn -0.6731 0.7222 -0.1591
vn -0.5821 0.6795 -0.4467
vn -0.6109 0.7306 -0.3050
vn -0.1970 0.7119 -0.6741
vn -0.1581 0.7260 -0.6693
vn -0.2929 0.6903 -0.6615
vn -0.0259 0.5950 -0.8033
vn 0.4992 0.7225 -0.4783
vn 0.5457 0.7814 -0.3026
vn 0.4271 0.8069 -0.4080
vn 0.4628 0.7932 -0.3959
vn 0.5708 0.8164 0.0878
vn 0.6052 0.7939 0.0581
vn 0.7840 0.6185 -0.0538
vn 0.5983 0.6811 -0.4222
vn 0.5374 0.7767 0.3287
vn 0.5541 0.7655 0.3271
vn 0.0551 0.8112 0.5822
vn 0.1789 0.8554 0.4860
vn -0.8901 0.3968 0.2241
vn -0.8998 0.4038 0.1651
vn -0.7297 0.4865 0.4805
vn -0.6714 0.5431 0.5043
vn -0.8393 0.4836 0.2484
vn -0.8173 0.5646 0.1150
vn -0.7882 0.5860 -0.1878
vn -0.7901 0.5766 -0.2081
vn -0.6937 0.6283 -0.3521
vn -0.6969 0.6259 -0.3502
vn -0.1208 0.5949 -0.7947
vn -0.4353 0.6930 -0.5747
vn 0.2226 0.9695 -0.1028
vn 0.1559 -0.9695 0.1889
vn 0.2059 0.9711 -0.1209
vn 0.1942 0.9700 -0.1465
vn 0.2006 0.9744 -0.1016
vn 0.2653 0.8045 -0.5315
vn 0.0509 0.9860 -0.1591
vn 0.1406 0.9599 -0.2424
vn -0.8847 -0.0198 0.4658
vn -0.6727 0.5926 0.4430
vn -0.9587 0.1843 0.2166
vn -0.9583 0.1532 -0.2411
vn -0.8007 0.3773 -0.4652
vn -0.4403 0.7449 -0.5012
s 0
usemtl Material_0
f 8893//2738 8895//2738 8894//2738
f 8896//2739 8898//2739 8897//2739
f 8899//2740 8901//2740 8900//2740
f 8902//2741 8904//2741 8903//2741
f 8905//2742 8907//2742 8906//2742
f 8908//2743 8910//2743 8909//2743
f 8911//2744 8913//2744 8912//2744
s 1
f 8914//2745 8916//2745 8915//2745
s 0
f 8917//2746 8919//2746 8918//2746
f 8920//2747 8922//2747 8921//2747
f 8923//2748 8925//2748 8924//2748
f 8926//2749 8928//2749 8927//2749
f 8929//2750 8931//2750 8930//2750
f 8932//2751 8934//2751 8933//2751
f 8935//2752 8937//2752 8936//2752
f 8938//2753 8940//2753 8939//2753
f 8941//2754 8943//2754 8942//2754
s 1
f 8944//2755 8946//2755 8945//2755
s 0
f 8947//2756 8949//2756 8948//2756
f 8950//2757 8952//2757 8951//2757
f 8953//2758 8955//2758 8954//2758
f 8956//2759 8958//2759 8957//2759
s 1
f 8959//2760 8961//2760 8960//2760
s 0
f 8962//2761 8964//2761 8963//2761
f 8965//2762 8967//2762 8966//2762
f 8968//2763 8970//2763 8969//2763
f 8971//2764 8973//2764 8972//2764
f 8974//2765 8976//2765 8975//2765
f 8977//2766 8979//2766 8978//2766
f 8980//2767 8982//2767 8981//2767
f 8983//2768 8985//2768 8984//2768
f 8986//2769 8988//2769 8987//2769
f 8989//2770 8991//2770 8990//2770
f 8992//2771 8994//2771 8993//2771
f 8995//2772 8997//2772 8996//2772
f 8998//2773 9000//2773 8999//2773
f 9001//2774 9003//2774 9002//2774
f 9004//2775 9006//2775 9005//2775
f 9007//2776 9009//2776 9008//2776
f 9010//2777 9012//2777 9011//2777
f 9013//2778 9015//2778 9014//2778
s 1
f 9016//2779 9018//2779 9017//2779
s 0
f 9019//2780 9021//2780 9020//2780
f 9022//2781 9024//2781 9023//2781
f 9025//2782 9027//2782 9026//2782
f 9028//2783 9030//2783 9029//2783
f 9031//2784 9033//2784 9032//2784
f 9034//2785 9036//2785 9035//2785
f 9037//2786 9039//2786 9038//2786
f 9040//2787 9042//2787 9041//2787
f 9043//2788 9045//2788 9044//2788
f 9046//2789 9048//2789 9047//2789
f 9049//2790 9051//2790 9050//2790
f 9052//2791 9054//2791 9053//2791
f 9055//2792 9057//2792 9056//2792
f 9058//2793 9060//2793 9059//2793
f 9061//2794 9063//2794 9062//2794
f 9064//2795 9066//2795 9065//2795
f 9067//2796 9069//2796 9068//2796
f 9070//2797 9072//2797 9071//2797
f 9073//2798 9075//2798 9074//2798
f 9076//2799 9078//2799 9077//2799
f 9079//2800 9081//2800 9080//2800
f 9082//2801 9084//2801 9083//2801
f 9085//2802 9087//2802 9086//2802
f 9088//2803 9090//2803 9089//2803
f 9091//2804 9093//2804 9092//2804
f 9094//2805 9096//2805 9095//2805
f 9097//2806 9099//2806 9098//2806
f 9100//2807 9102//2807 9101//2807
f 9103//2808 9105//2808 9104//2808
f 9106//2809 9108//2809 9107//2809
f 9109//2810 9111//2810 9110//2810
f 9112//2811 9114//2811 9113//2811
f 9115//2812 9117//2812 9116//2812
f 9118//2813 9120//2813 9119//2813
f 9121//2814 9123//2814 9122//2814
f 9124//2815 9126//2815 9125//2815
f 9127//2816 9129//2816 9128//2816
f 9130//2817 9132//2817 9131//2817
f 9133//2818 9135//2818 9134//2818
f 9136//2819 9138//2819 9137//2819
f 9139//2820 9141//2820 9140//2820
f 9142//2821 9144//2821 9143//2821
f 9145//2822 9147//2822 9146//2822
f 9148//2823 9150//2823 9149//2823
s 1
f 9151//2824 9153//2824 9152//2824
s 0
f 9154//2825 9156//2825 9155//2825
f 9157//2826 9159//2826 9158//2826
f 9160//2827 9162//2827 9161//2827
f 9163//2828 9165//2828 9164//2828
f 9166//2829 9168//2829 9167//2829
f 9169//2830 9171//2830 9170//2830
f 9172//2831 9174//2831 9173//2831
f 9175//2832 9177//2832 9176//2832
f 9178//2833 9180//2833 9179//2833
f 9181//2834 9183//2834 9182//2834
f 9184//2835 9186//2835 9185//2835
f 9187//2836 9189//2836 9188//2836
f 9190//2837 9192//2837 9191//2837
f 9193//2838 9195//2838 9194//2838
f 9196//2839 9198//2839 9197//2839
f 9199//2840 9201//2840 9200//2840
f 9202//2841 9204//2841 9203//2841
f 9205//2842 9207//2842 9206//2842
f 9208//2843 9210//2843 9209//2843
f 9211//2844 9213//2844 9212//2844
s 1
f 9214//2845 9216//2845 9215//2845
s 0
f 9217//2846 9219//2846 9218//2846
f 9220//2847 9222//2847 9221//2847
f 9223//2848 9225//2848 9224//2848
f 9226//2849 9228//2849 9227//2849
f 9229//2850 9231//2850 9230//2850
f 9232//2851 9234//2851 9233//2851
f 9235//2852 9237//2852 9236//2852
f 9238//2853 9240//2853 9239//2853
f 9241//2854 9243//2854 9242//2854
f 9244//2855 9246//2855 9245//2855
f 9247//2856 9249//2856 9248//2856
f 9250//2857 9252//2857 9251//2857
f 9253//2858 9255//2858 9254//2858
f 9256//2859 9258//2859 9257//2859
f 9259//2860 9261//2860 9260//2860
f 9262//2861 9264//2861 9263//2861
f 9265//2862 9267//2862 9266//2862
f 9268//2863 9270//2863 9269//2863
f 9271//2864 9273//2864 9272//2864
f 9274//2865 9276//2865 9275//2865
f 9277//2866 9279//2866 9278//2866
f 9280//2867 9282//2867 9281//2867
f 9283//2868 9285//2868 9284//2868
f 9286//2869 9288//2869 9287//2869
f 9289//2870 9291//2870 9290//2870
f 9292//2869 9294//2869 9293//2869
f 9295//2871 9297//2871 9296//2871
f 9298//2869 9300//2869 9299//2869
f 9301//2872 9303//2872 9302//2872
f 9304//2869 9306//2869 9305//2869
f 9307//2873 9309//2873 9308//2873
f 9310//2869 9312//2869 9311//2869
f 9313//2874 9315//2874 9314//2874
f 9316//2869 9318//2869 9317//2869
f 9319//2875 9321//2875 9320//2875
f 9322//2869 9324//2869 9323//2869
f 9325//2876 9327//2876 9326//2876
f 9328//2869 9330//2869 9329//2869
f 9331//2877 9333//2877 9332//2877
f 9334//2869 9336//2869 9335//2869
f 9337//2878 9339//2878 9338//2878
f 9340//2869 9342//2869 9341//2869
f 9343//2879 9345//2879 9344//2879
f 9346//2869 9348//2869 9347//2869
s 1
f 9349//2880 9351//2880 9350//2880
s 0
f 9352//2869 9354//2869 9353//2869
f 9355//2881 9357//2881 9356//2881
f 9358//2869 9360//2869 9359//2869
o stoneInstances_006
v -1.890723 -0.210565 -8.676827
v -2.169913 -0.148966 -8.949836
v -2.383244 0.202689 -8.737479
v -1.890723 -0.210565 -8.676827
v -2.383244 0.202689 -8.737479
v -2.011956 0.071913 -8.482967
v -2.169913 -0.148966 -8.949836
v -2.000674 -0.115047 -9.404956
v -2.383244 0.202689 -8.737479
v -2.000674 -0.115047 -9.404956
v -2.155549 0.157545 -9.293824
v -2.383244 0.202689 -8.737479
v -2.000674 -0.115047 -9.404956
v -1.924126 -0.072669 -9.846277
v -2.048699 0.068728 -9.921861
v -2.000674 -0.115047 -9.404956
v -2.048699 0.068728 -9.921861
v -2.155549 0.157545 -9.293824
v -1.924126 -0.072669 -9.846277
v -1.453181 -0.093469 -10.109560
v -2.048699 0.068728 -9.921861
v -1.453181 -0.093469 -10.109560
v -1.520983 0.072820 -10.145689
v -2.048699 0.068728 -9.921861
v -1.453181 -0.093469 -10.109560
v -1.028242 -0.097481 -10.475629
v -1.014992 0.205917 -10.605381
v -1.453181 -0.093469 -10.109560
v -1.014992 0.205917 -10.605381
v -1.520983 0.072820 -10.145689
v -1.028242 -0.097481 -10.475629
v -0.646788 -0.147121 -10.403280
v -1.014992 0.205917 -10.605381
v -0.646788 -0.147121 -10.403280
v -0.520283 0.148493 -10.531061
v -1.014992 0.205917 -10.605381
v -0.646788 -0.147121 -10.403280
v -0.287272 -0.209240 -10.201548
v -0.064223 0.051585 -10.243300
v -0.646788 -0.147121 -10.403280
v -0.064223 0.051585 -10.243300
v -0.520283 0.148493 -10.531061
v -0.287272 -0.209240 -10.201548
v -0.491067 -0.253495 -9.623793
v -0.064223 0.051585 -10.243300
v -0.491067 -0.253495 -9.623793
v -0.239168 0.041312 -9.686201
v -0.064223 0.051585 -10.243300
v -0.491067 -0.253495 -9.623793
v -0.463007 -0.295171 -9.287308
v -0.359351 -0.149693 -9.123601
v -0.491067 -0.253495 -9.623793
v -0.359351 -0.149693 -9.123601
v -0.239168 0.041312 -9.686201
v -0.463007 -0.295171 -9.287308
v -0.764463 -0.318801 -8.797026
v -0.359351 -0.149693 -9.123601
v -0.764463 -0.318801 -8.797026
v -0.651350 -0.107597 -8.675364
v -0.359351 -0.149693 -9.123601
v -0.764463 -0.318801 -8.797026
v -1.163942 -0.310442 -8.492838
v -1.163829 -0.115662 -8.302691
v -0.764463 -0.318801 -8.797026
v -1.163829 -0.115662 -8.302691
v -0.651350 -0.107597 -8.675364
v -1.163942 -0.310442 -8.492838
v -1.633978 -0.256308 -8.520731
v -1.163829 -0.115662 -8.302691
v -1.633978 -0.256308 -8.520731
v -1.711056 0.037640 -8.192507
v -1.163829 -0.115662 -8.302691
v -1.633978 -0.256308 -8.520731
v -1.890723 -0.210565 -8.676827
v -2.011956 0.071913 -8.482967
v -1.633978 -0.256308 -8.520731
v -2.011956 0.071913 -8.482967
v -1.711056 0.037640 -8.192507
v -2.011956 0.071913 -8.482967
v -2.383244 0.202689 -8.737479
v -1.942520 0.477216 -8.501803
v -2.383244 0.202689 -8.737479
v -2.248339 0.574921 -8.789644
v -1.942520 0.477216 -8.501803
v -2.383244 0.202689 -8.737479
v -2.155549 0.157545 -9.293824
v -2.096059 0.509185 -9.252485
v -2.383244 0.202689 -8.737479
v -2.096059 0.509185 -9.252485
v -2.248339 0.574921 -8.789644
v -2.155549 0.157545 -9.293824
v -2.048699 0.068728 -9.921861
v -2.096059 0.509185 -9.252485
v -2.048699 0.068728 -9.921861
v -1.964788 0.499603 -9.747279
v -2.096059 0.509185 -9.252485
v -2.048699 0.068728 -9.921861
v -1.520983 0.072820 -10.145689
v -1.465728 0.520014 -10.032659
v -2.048699 0.068728 -9.921861
v -1.465728 0.520014 -10.032659
v -1.964788 0.499603 -9.747279
v -1.520983 0.072820 -10.145689
v -1.014992 0.205917 -10.605381
v -1.465728 0.520014 -10.032659
v -1.014992 0.205917 -10.605381
v -0.964224 0.612112 -10.406820
v -1.465728 0.520014 -10.032659
v -1.014992 0.205917 -10.605381
v -0.520283 0.148493 -10.531061
v -0.497641 0.604267 -10.458169
v -1.014992 0.205917 -10.605381
v -0.497641 0.604267 -10.458169
v -0.964224 0.612112 -10.406820
v -0.520283 0.148493 -10.531061
v -0.064223 0.051585 -10.243300
v -0.497641 0.604267 -10.458169
v -0.064223 0.051585 -10.243300
v -0.152915 0.438699 -10.103096
v -0.497641 0.604267 -10.458169
v -0.064223 0.051585 -10.243300
v -0.239168 0.041312 -9.686201
v -0.308969 0.364991 -9.533740
v -0.064223 0.051585 -10.243300
v -0.308969 0.364991 -9.533740
v -0.152915 0.438699 -10.103096
v -0.239168 0.041312 -9.686201
v -0.359351 -0.149693 -9.123601
v -0.308969 0.364991 -9.533740
v -0.359351 -0.149693 -9.123601
v -0.297434 0.239827 -9.131931
v -0.308969 0.364991 -9.533740
v -0.359351 -0.149693 -9.123601
v -0.651350 -0.107597 -8.675364
v -0.663338 0.194439 -8.594777
v -0.359351 -0.149693 -9.123601
v -0.663338 0.194439 -8.594777
v -0.297434 0.239827 -9.131931
v -0.651350 -0.107597 -8.675364
v -1.163829 -0.115662 -8.302691
v -0.663338 0.194439 -8.594777
v -1.163829 -0.115662 -8.302691
v -1.165440 0.306762 -8.293177
v -0.663338 0.194439 -8.594777
v -1.163829 -0.115662 -8.302691
v -1.711056 0.037640 -8.192507
v -1.631538 0.356691 -8.247773
v -1.163829 -0.115662 -8.302691
v -1.631538 0.356691 -8.247773
v -1.165440 0.306762 -8.293177
v -1.711056 0.037640 -8.192507
v -2.011956 0.071913 -8.482967
v -1.631538 0.356691 -8.247773
v -2.011956 0.071913 -8.482967
v -1.942520 0.477216 -8.501803
v -1.631538 0.356691 -8.247773
v -1.942520 0.477216 -8.501803
v -2.248339 0.574921 -8.789644
v -2.172683 0.974199 -8.761824
v -1.942520 0.477216 -8.501803
v -2.172683 0.974199 -8.761824
v -1.876438 0.903218 -8.513959
v -2.248339 0.574921 -8.789644
v -2.096059 0.509185 -9.252485
v -2.172683 0.974199 -8.761824
v -2.096059 0.509185 -9.252485
v -2.050804 0.971029 -9.222877
v -2.172683 0.974199 -8.761824
v -2.096059 0.509185 -9.252485
v -1.964788 0.499603 -9.747279
v -1.960919 0.921820 -9.730801
v -2.096059 0.509185 -9.252485
v -1.960919 0.921820 -9.730801
v -2.050804 0.971029 -9.222877
v -1.964788 0.499603 -9.747279
v -1.465728 0.520014 -10.032659
v -1.960919 0.921820 -9.730801
v -1.465728 0.520014 -10.032659
v -1.438811 0.939003 -9.997649
v -1.960919 0.921820 -9.730801
v -1.465728 0.520014 -10.032659
v -0.964224 0.612112 -10.406820
v -1.011261 1.015385 -10.307459
v -1.465728 0.520014 -10.032659
v -1.011261 1.015385 -10.307459
v -1.438811 0.939003 -9.997649
v -0.964224 0.612112 -10.406820
v -0.497641 0.604267 -10.458169
v -1.011261 1.015385 -10.307459
v -0.497641 0.604267 -10.458169
v -0.507686 0.940869 -10.318892
v -1.011261 1.015385 -10.307459
v -0.497641 0.604267 -10.458169
v -0.152915 0.438699 -10.103096
v -0.226774 0.891844 -10.001966
v -0.497641 0.604267 -10.458169
v -0.226774 0.891844 -10.001966
v -0.507686 0.940869 -10.318892
v -0.152915 0.438699 -10.103096
v -0.308969 0.364991 -9.533740
v -0.226774 0.891844 -10.001966
v -0.308969 0.364991 -9.533740
v -0.406294 0.832503 -9.498945
v -0.226774 0.891844 -10.001966
v -0.308969 0.364991 -9.533740
v -0.297434 0.239827 -9.131931
v -0.417827 0.712177 -9.085755
v -0.308969 0.364991 -9.533740
v -0.417827 0.712177 -9.085755
v -0.406294 0.832503 -9.498945
v -0.297434 0.239827 -9.131931
v -0.663338 0.194439 -8.594777
v -0.417827 0.712177 -9.085755
v -0.663338 0.194439 -8.594777
v -0.669436 0.663265 -8.652465
v -0.417827 0.712177 -9.085755
v -0.663338 0.194439 -8.594777
v -1.165440 0.306762 -8.293177
v -1.126472 0.718322 -8.322192
v -0.663338 0.194439 -8.594777
v -1.126472 0.718322 -8.322192
v -0.669436 0.663265 -8.652465
v -1.165440 0.306762 -8.293177
v -1.631538 0.356691 -8.247773
v -1.126472 0.718322 -8.322192
v -1.631538 0.356691 -8.247773
v -1.624626 0.849742 -8.296104
v -1.126472 0.718322 -8.322192
v -1.631538 0.356691 -8.247773
v -1.942520 0.477216 -8.501803
v -1.876438 0.903218 -8.513959
v -1.631538 0.356691 -8.247773
v -1.876438 0.903218 -8.513959
v -1.624626 0.849742 -8.296104
v -1.876438 0.903218 -8.513959
v -2.172683 0.974199 -8.761824
v -1.535623 1.375522 -8.871020
v -2.172683 0.974199 -8.761824
v -1.745995 1.415337 -8.992528
v -1.535623 1.375522 -8.871020
v -2.172683 0.974199 -8.761824
v -2.050804 0.971029 -9.222877
v -1.677815 1.379164 -9.296502
v -2.172683 0.974199 -8.761824
v -1.677815 1.379164 -9.296502
v -1.745995 1.415337 -8.992528
v -2.050804 0.971029 -9.222877
v -1.960919 0.921820 -9.730801
v -1.677815 1.379164 -9.296502
v -1.960919 0.921820 -9.730801
v -1.594599 1.347081 -9.591974
v -1.677815 1.379164 -9.296502
v -1.960919 0.921820 -9.730801
v -1.438811 0.939003 -9.997649
v -1.332688 1.311268 -9.728239
v -1.960919 0.921820 -9.730801
v -1.332688 1.311268 -9.728239
v -1.594599 1.347081 -9.591974
v -1.438811 0.939003 -9.997649
v -1.011261 1.015385 -10.307459
v -1.332688 1.311268 -9.728239
v -1.011261 1.015385 -10.307459
v -1.055558 1.401954 -9.884751
v -1.332688 1.311268 -9.728239
v -1.011261 1.015385 -10.307459
v -0.507686 0.940869 -10.318892
v -0.763231 1.381171 -9.921803
v -1.011261 1.015385 -10.307459
v -0.763231 1.381171 -9.921803
v -1.055558 1.401954 -9.884751
v -0.507686 0.940869 -10.318892
v -0.226774 0.891844 -10.001966
v -0.763231 1.381171 -9.921803
v -0.226774 0.891844 -10.001966
v -0.591022 1.438056 -9.730071
v -0.763231 1.381171 -9.921803
v -0.226774 0.891844 -10.001966
v -0.406294 0.832503 -9.498945
v -0.716732 1.241807 -9.442142
v -0.226774 0.891844 -10.001966
v -0.716732 1.241807 -9.442142
v -0.591022 1.438056 -9.730071
v -0.406294 0.832503 -9.498945
v -0.417827 0.712177 -9.085755
v -0.716732 1.241807 -9.442142
v -0.417827 0.712177 -9.085755
v -0.739577 1.136145 -9.200800
v -0.716732 1.241807 -9.442142
v -0.417827 0.712177 -9.085755
v -0.669436 0.663265 -8.652465
v -0.885423 1.154554 -8.916359
v -0.417827 0.712177 -9.085755
v -0.885423 1.154554 -8.916359
v -0.739577 1.136145 -9.200800
v -0.669436 0.663265 -8.652465
v -1.126472 0.718322 -8.322192
v -0.885423 1.154554 -8.916359
v -1.126472 0.718322 -8.322192
v -1.153877 1.241626 -8.760121
v -0.885423 1.154554 -8.916359
v -1.126472 0.718322 -8.322192
v -1.624626 0.849742 -8.296104
v -1.401728 1.309939 -8.689986
v -1.126472 0.718322 -8.322192
v -1.401728 1.309939 -8.689986
v -1.153877 1.241626 -8.760121
v -1.624626 0.849742 -8.296104
v -1.876438 0.903218 -8.513959
v -1.401728 1.309939 -8.689986
v -1.876438 0.903218 -8.513959
v -1.535623 1.375522 -8.871020
v -1.401728 1.309939 -8.689986
v -1.535623 1.375522 -8.871020
v -1.745995 1.415337 -8.992528
v -1.474200 1.672181 -9.132059
v -1.535623 1.375522 -8.871020
v -1.474200 1.672181 -9.132059
v -1.338937 1.737851 -9.044467
v -1.745995 1.415337 -8.992528
v -1.677815 1.379164 -9.296502
v -1.474200 1.672181 -9.132059
v -1.677815 1.379164 -9.296502
v -1.412920 1.617984 -9.305792
v -1.474200 1.672181 -9.132059
v -1.677815 1.379164 -9.296502
v -1.594599 1.347081 -9.591974
v -1.394097 1.557479 -9.492859
v -1.677815 1.379164 -9.296502
v -1.394097 1.557479 -9.492859
v -1.412920 1.617984 -9.305792
v -1.594599 1.347081 -9.591974
v -1.332688 1.311268 -9.728239
v -1.394097 1.557479 -9.492859
v -1.332688 1.311268 -9.728239
v -1.206669 1.555500 -9.583738
v -1.394097 1.557479 -9.492859
v -1.332688 1.311268 -9.728239
v -1.055558 1.401954 -9.884751
v -1.046379 1.686942 -9.702358
v -1.332688 1.311268 -9.728239
v -1.046379 1.686942 -9.702358
v -1.206669 1.555500 -9.583738
v -1.055558 1.401954 -9.884751
v -0.763231 1.381171 -9.921803
v -1.046379 1.686942 -9.702358
v -0.763231 1.381171 -9.921803
v -0.867215 1.700219 -9.711648
v -1.046379 1.686942 -9.702358
v -0.763231 1.381171 -9.921803
v -0.591022 1.438056 -9.730071
v -0.734410 1.759167 -9.592420
v -0.763231 1.381171 -9.921803
v -0.734410 1.759167 -9.592420
v -0.867215 1.700219 -9.711648
v -0.591022 1.438056 -9.730071
v -0.716732 1.241807 -9.442142
v -0.734410 1.759167 -9.592420
v -0.716732 1.241807 -9.442142
v -0.824550 1.634476 -9.411841
v -0.734410 1.759167 -9.592420
v -0.716732 1.241807 -9.442142
v -0.739577 1.136145 -9.200800
v -0.813636 1.529094 -9.265898
v -0.716732 1.241807 -9.442142
v -0.813636 1.529094 -9.265898
v -0.824550 1.634476 -9.411841
v -0.739577 1.136145 -9.200800
v -0.885423 1.154554 -8.916359
v -0.813636 1.529094 -9.265898
v -0.885423 1.154554 -8.916359
v -0.931839 1.541796 -9.089993
v -0.813636 1.529094 -9.265898
v -0.885423 1.154554 -8.916359
v -1.153877 1.241626 -8.760121
v -1.084098 1.583698 -9.002737
v -0.885423 1.154554 -8.916359
v -1.084098 1.583698 -9.002737
v -0.931839 1.541796 -9.089993
v -1.153877 1.241626 -8.760121
v -1.401728 1.309939 -8.689986
v -1.084098 1.583698 -9.002737
v -1.401728 1.309939 -8.689986
v -1.251779 1.661388 -8.973672
v -1.084098 1.583698 -9.002737
v -1.401728 1.309939 -8.689986
v -1.535623 1.375522 -8.871020
v -1.338937 1.737851 -9.044467
v -1.401728 1.309939 -8.689986
v -1.338937 1.737851 -9.044467
v -1.251779 1.661388 -8.973672
v -1.338937 1.737851 -9.044467
v -1.474200 1.672181 -9.132059
v -0.923809 1.795328 -9.114446
v -2.169913 -0.148966 -8.949836
v -1.890723 -0.210565 -8.676827
v -1.240682 -0.193583 -9.438173
v -1.474200 1.672181 -9.132059
v -1.412920 1.617984 -9.305792
v -0.923809 1.795328 -9.114446
v -2.000674 -0.115047 -9.404956
v -2.169913 -0.148966 -8.949836
v -1.240682 -0.193583 -9.438173
v -1.412920 1.617984 -9.305792
v -1.394097 1.557479 -9.492859
v -0.923809 1.795328 -9.114446
v -1.924126 -0.072669 -9.846277
v -2.000674 -0.115047 -9.404956
v -1.240682 -0.193583 -9.438173
v -1.394097 1.557479 -9.492859
v -1.206669 1.555500 -9.583738
v -0.923809 1.795328 -9.114446
v -1.453181 -0.093469 -10.109560
v -1.924126 -0.072669 -9.846277
v -1.240682 -0.193583 -9.438173
v -1.206669 1.555500 -9.583738
v -1.046379 1.686942 -9.702358
v -0.923809 1.795328 -9.114446
v -1.028242 -0.097481 -10.475629
v -1.453181 -0.093469 -10.109560
v -1.240682 -0.193583 -9.438173
v -1.046379 1.686942 -9.702358
v -0.867215 1.700219 -9.711648
v -0.923809 1.795328 -9.114446
v -0.646788 -0.147121 -10.403280
v -1.028242 -0.097481 -10.475629
v -1.240682 -0.193583 -9.438173
v -0.867215 1.700219 -9.711648
v -0.734410 1.759167 -9.592420
v -0.923809 1.795328 -9.114446
v -0.287272 -0.209240 -10.201548
v -0.646788 -0.147121 -10.403280
v -1.240682 -0.193583 -9.438173
v -0.734410 1.759167 -9.592420
v -0.824550 1.634476 -9.411841
v -0.923809 1.795328 -9.114446
v -0.491067 -0.253495 -9.623793
v -0.287272 -0.209240 -10.201548
v -1.240682 -0.193583 -9.438173
v -0.824550 1.634476 -9.411841
v -0.813636 1.529094 -9.265898
v -0.923809 1.795328 -9.114446
v -0.463007 -0.295171 -9.287308
v -0.491067 -0.253495 -9.623793
v -1.240682 -0.193583 -9.438173
v -0.813636 1.529094 -9.265898
v -0.931839 1.541796 -9.089993
v -0.923809 1.795328 -9.114446
v -0.764463 -0.318801 -8.797026
v -0.463007 -0.295171 -9.287308
v -1.240682 -0.193583 -9.438173
v -0.931839 1.541796 -9.089993
v -1.084098 1.583698 -9.002737
v -0.923809 1.795328 -9.114446
v -1.163942 -0.310442 -8.492838
v -0.764463 -0.318801 -8.797026
v -1.240682 -0.193583 -9.438173
v -1.084098 1.583698 -9.002737
v -1.251779 1.661388 -8.973672
v -0.923809 1.795328 -9.114446
v -1.633978 -0.256308 -8.520731
v -1.163942 -0.310442 -8.492838
v -1.240682 -0.193583 -9.438173
v -1.251779 1.661388 -8.973672
v -1.338937 1.737851 -9.044467
v -0.923809 1.795328 -9.114446
v -1.890723 -0.210565 -8.676827
v -1.633978 -0.256308 -8.520731
v -1.240682 -0.193583 -9.438173
vn -0.6010 -0.6475 0.4685
vn -0.5816 -0.6150 0.5324
vn -0.8794 -0.3216 -0.3510
vn -0.8726 -0.3622 -0.3277
vn -0.6856 -0.7037 -0.1865
vn -0.8807 -0.4662 -0.0839
vn -0.3827 -0.6746 -0.6312
vn -0.3654 -0.3375 -0.8675
vn -0.6276 -0.2828 -0.7254
vn -0.5618 -0.3878 -0.7307
vn 0.1214 -0.3948 -0.9107
vn 0.0858 -0.4260 -0.9006
vn 0.3761 -0.4512 -0.8093
vn 0.3837 -0.4998 -0.7765
vn 0.7584 -0.6133 0.2206
vn 0.7635 -0.6040 0.2286
vn 0.8712 -0.4731 -0.1312
vn 0.7523 -0.6559 -0.0620
vn 0.5700 -0.7593 0.3139
vn 0.6353 -0.6117 0.4713
vn 0.4684 -0.6173 0.6321
vn 0.4697 -0.6159 0.6325
vn -0.1220 -0.6933 0.7103
vn -0.0788 -0.7517 0.6547
vn -0.4833 -0.6268 0.6112
vn -0.5455 -0.6839 0.4844
vn -0.5292 0.1296 0.8386
vn -0.5937 0.3187 0.7389
vn -0.9015 0.1978 -0.3850
vn -0.8997 0.2790 -0.3356
vn -0.9641 0.1855 -0.1902
vn -0.9259 0.2821 -0.2511
vn -0.3777 0.2705 -0.8855
vn -0.4656 0.4087 -0.7850
vn -0.6860 0.2568 -0.6808
vn -0.5922 0.4124 -0.6922
vn 0.1637 0.1479 -0.9754
vn -0.0905 0.4465 -0.8902
vn 0.5466 0.1057 -0.8307
vn 0.7468 0.3710 -0.5520
vn 0.9518 0.0639 0.3001
vn 0.9537 0.1183 0.2767
vn 0.9663 0.0958 0.2390
vn 0.9844 -0.1581 -0.0775
vn 0.8275 -0.1138 0.5498
vn 0.8252 -0.1194 0.5520
vn 0.5795 -0.1885 0.7928
vn 0.5120 -0.0174 0.8588
vn 0.2260 0.1113 0.9677
vn 0.0946 -0.0221 0.9953
vn -0.6490 0.2840 0.7058
vn -0.5938 0.1386 0.7926
vn -0.6705 0.0756 0.7380
vn -0.6204 0.1184 0.7753
vn -0.9224 0.1979 -0.3316
vn -0.9607 0.1105 -0.2547
vn -0.9663 0.0189 -0.2567
vn -0.9772 0.1075 -0.1833
vn -0.4972 0.0384 -0.8668
vn -0.4554 0.1031 -0.8843
vn -0.6078 0.1224 -0.7846
vn -0.5957 0.1048 -0.7963
vn -0.1028 0.2266 -0.9685
vn 0.0357 0.3830 -0.9231
vn 0.7505 0.2581 -0.6083
vn 0.7401 0.2759 -0.6133
vn 0.9569 0.0947 0.2745
vn 0.9224 0.1661 0.3488
vn 0.9690 0.2423 0.0477
vn 0.9767 0.1970 0.0846
vn 0.8109 0.1514 0.5652
vn 0.8588 0.0736 0.5070
vn 0.5168 0.0114 0.8561
vn 0.5908 0.1061 0.7998
vn 0.1032 0.0602 0.9928
vn 0.0773 0.0962 0.9924
vn -0.6011 0.1158 0.7908
vn -0.6417 0.0837 0.7623
vn -0.3429 0.7113 0.6136
vn -0.2861 0.6466 0.7072
vn -0.7409 0.6410 -0.2003
vn -0.7576 0.6062 -0.2421
vn -0.7414 0.6426 -0.1935
vn -0.6855 0.6775 -0.2666
vn -0.3761 0.6112 -0.6964
vn -0.3301 0.5377 -0.7758
vn -0.5406 0.5889 -0.6008
vn -0.5339 0.5954 -0.6004
vn 0.0865 0.6944 -0.7143
vn -0.0334 0.7358 -0.6764
vn 0.5817 0.7044 -0.4067
vn 0.4788 0.6258 -0.6157
vn 0.7717 0.5382 0.3389
vn 0.8018 0.2691 0.5335
vn 0.7948 0.5764 0.1900
vn 0.7023 0.6253 0.3402
vn 0.6917 0.5534 0.4641
vn 0.7095 0.6262 0.3233
vn 0.5252 0.5702 0.6317
vn 0.5456 0.5545 0.6284
vn 0.1948 0.5816 0.7898
vn 0.3668 0.6083 0.7039
vn -0.3757 0.7009 0.6063
vn -0.4079 0.7194 0.5623
vn -0.2742 0.6667 0.6931
vn -0.6213 0.5862 0.5200
vn -0.7290 0.6411 -0.2398
vn -0.6145 0.6651 -0.4242
vn -0.6358 0.7274 -0.2581
vn -0.6459 0.7050 -0.2930
vn -0.2930 0.6215 -0.7265
vn -0.3429 0.6031 -0.7203
vn -0.5459 0.4641 -0.6976
vn -0.7346 0.5837 -0.3459
vn -0.0680 0.5394 -0.8393
vn -0.0830 0.5292 -0.8444
vn 0.5503 0.5243 -0.6498
vn 0.3768 0.5920 -0.7124
vn 0.8546 0.1716 0.4901
vn 0.8226 0.1844 0.5379
vn 0.9601 0.2113 0.1834
vn 0.9604 0.2550 0.1123
vn 0.8709 0.2356 0.4313
vn 0.7957 0.3246 0.5113
vn 0.5545 0.4032 0.7280
vn 0.5361 0.3980 0.7444
vn 0.3597 0.4899 0.7941
vn 0.3631 0.4865 0.7946
vn -0.5376 0.5833 0.6089
vn -0.0579 0.6419 0.7646
vn -0.1899 0.9035 -0.3842
vn -0.1070 -0.9878 -0.1134
vn -0.1934 0.9151 -0.3537
vn -0.2098 0.9239 -0.3199
vn -0.1680 0.9152 -0.3664
vn -0.6380 0.7700 -0.0089
vn -0.0814 0.9831 -0.1643
vn -0.2630 0.9486 -0.1760
vn 0.9193 -0.1235 0.3736
vn 0.9408 0.3043 0.1494
vn 0.8306 0.0273 0.5562
vn 0.5098 0.0666 0.8577
vn 0.2845 0.2700 0.9198
vn 0.0251 0.6944 0.7191
s 0
usemtl Material_0
f 9361//2882 9363//2882 9362//2882
f 9364//2883 9366//2883 9365//2883
f 9367//2884 9369//2884 9368//2884
f 9370//2885 9372//2885 9371//2885
f 9373//2886 9375//2886 9374//2886
f 9376//2887 9378//2887 9377//2887
f 9379//2888 9381//2888 9380//2888
s 1
f 9382//2889 9384//2889 9383//2889
s 0
f 9385//2890 9387//2890 9386//2890
f 9388//2891 9390//2891 9389//2891
f 9391//2892 9393//2892 9392//2892
f 9394//2893 9396//2893 9395//2893
f 9397//2894 9399//2894 9398//2894
f 9400//2895 9402//2895 9401//2895
f 9403//2896 9405//2896 9404//2896
f 9406//2897 9408//2897 9407//2897
f 9409//2898 9411//2898 9410//2898
s 1
f 9412//2899 9414//2899 9413//2899
s 0
f 9415//2900 9417//2900 9416//2900
f 9418//2901 9420//2901 9419//2901
f 9421//2902 9423//2902 9422//2902
f 9424//2903 9426//2903 9425//2903
s 1
f 9427//2904 9429//2904 9428//2904
s 0
f 9430//2905 9432//2905 9431//2905
f 9433//2906 9435//2906 9434//2906
f 9436//2907 9438//2907 9437//2907
f 9439//2908 9441//2908 9440//2908
f 9442//2909 9444//2909 9443//2909
f 9445//2910 9447//2910 9446//2910
f 9448//2911 9450//2911 9449//2911
f 9451//2912 9453//2912 9452//2912
f 9454//2913 9456//2913 9455//2913
f 9457//2914 9459//2914 9458//2914
f 9460//2915 9462//2915 9461//2915
f 9463//2916 9465//2916 9464//2916
f 9466//2917 9468//2917 9467//2917
f 9469//2918 9471//2918 9470//2918
f 9472//2919 9474//2919 9473//2919
f 9475//2920 9477//2920 9476//2920
f 9478//2921 9480//2921 9479//2921
f 9481//2922 9483//2922 9482//2922
s 1
f 9484//2923 9486//2923 9485//2923
s 0
f 9487//2924 9489//2924 9488//2924
f 9490//2925 9492//2925 9491//2925
f 9493//2926 9495//2926 9494//2926
f 9496//2927 9498//2927 9497//2927
f 9499//2928 9501//2928 9500//2928
f 9502//2929 9504//2929 9503//2929
f 9505//2930 9507//2930 9506//2930
f 9508//2931 9510//2931 9509//2931
f 9511//2932 9513//2932 9512//2932
f 9514//2933 9516//2933 9515//2933
f 9517//2934 9519//2934 9518//2934
f 9520//2935 9522//2935 9521//2935
f 9523//2936 9525//2936 9524//2936
f 9526//2937 9528//2937 9527//2937
f 9529//2938 9531//2938 9530//2938
f 9532//2939 9534//2939 9533//2939
f 9535//2940 9537//2940 9536//2940
f 9538//2941 9540//2941 9539//2941
f 9541//2942 9543//2942 9542//2942
f 9544//2943 9546//2943 9545//2943
f 9547//2944 9549//2944 9548//2944
f 9550//2945 9552//2945 9551//2945
f 9553//2946 9555//2946 9554//2946
f 9556//2947 9558//2947 9557//2947
f 9559//2948 9561//2948 9560//2948
f 9562//2949 9564//2949 9563//2949
f 9565//2950 9567//2950 9566//2950
f 9568//2951 9570//2951 9569//2951
f 9571//2952 9573//2952 9572//2952
f 9574//2953 9576//2953 9575//2953
f 9577//2954 9579//2954 9578//2954
f 9580//2955 9582//2955 9581//2955
f 9583//2956 9585//2956 9584//2956
f 9586//2957 9588//2957 9587//2957
f 9589//2958 9591//2958 9590//2958
f 9592//2959 9594//2959 9593//2959
f 9595//2960 9597//2960 9596//2960
f 9598//2961 9600//2961 9599//2961
f 9601//2962 9603//2962 9602//2962
f 9604//2963 9606//2963 9605//2963
f 9607//2964 9609//2964 9608//2964
f 9610//2965 9612//2965 9611//2965
f 9613//2966 9615//2966 9614//2966
f 9616//2967 9618//2967 9617//2967
s 1
f 9619//2968 9621//2968 9620//2968
s 0
f 9622//2969 9624//2969 9623//2969
f 9625//2970 9627//2970 9626//2970
f 9628//2971 9630//2971 9629//2971
f 9631//2972 9633//2972 9632//2972
f 9634//2973 9636//2973 9635//2973
f 9637//2974 9639//2974 9638//2974
f 9640//2975 9642//2975 9641//2975
f 9643//2976 9645//2976 9644//2976
f 9646//2977 9648//2977 9647//2977
f 9649//2978 9651//2978 9650//2978
f 9652//2979 9654//2979 9653//2979
f 9655//2980 9657//2980 9656//2980
f 9658//2981 9660//2981 9659//2981
f 9661//2982 9663//2982 9662//2982
f 9664//2983 9666//2983 9665//2983
f 9667//2984 9669//2984 9668//2984
f 9670//2985 9672//2985 9671//2985
f 9673//2986 9675//2986 9674//2986
f 9676//2987 9678//2987 9677//2987
f 9679//2988 9681//2988 9680//2988
s 1
f 9682//2989 9684//2989 9683//2989
s 0
f 9685//2990 9687//2990 9686//2990
f 9688//2991 9690//2991 9689//2991
f 9691//2992 9693//2992 9692//2992
f 9694//2993 9696//2993 9695//2993
f 9697//2994 9699//2994 9698//2994
f 9700//2995 9702//2995 9701//2995
f 9703//2996 9705//2996 9704//2996
f 9706//2997 9708//2997 9707//2997
f 9709//2998 9711//2998 9710//2998
f 9712//2999 9714//2999 9713//2999
f 9715//3000 9717//3000 9716//3000
f 9718//3001 9720//3001 9719//3001
f 9721//3002 9723//3002 9722//3002
f 9724//3003 9726//3003 9725//3003
f 9727//3004 9729//3004 9728//3004
f 9730//3005 9732//3005 9731//3005
f 9733//3006 9735//3006 9734//3006
f 9736//3007 9738//3007 9737//3007
f 9739//3008 9741//3008 9740//3008
f 9742//3009 9744//3009 9743//3009
f 9745//3010 9747//3010 9746//3010
f 9748//3011 9750//3011 9749//3011
f 9751//3012 9753//3012 9752//3012
f 9754//3013 9756//3013 9755//3013
f 9757//3014 9759//3014 9758//3014
f 9760//3013 9762//3013 9761//3013
f 9763//3015 9765//3015 9764//3015
f 9766//3013 9768//3013 9767//3013
f 9769//3016 9771//3016 9770//3016
f 9772//3013 9774//3013 9773//3013
f 9775//3017 9777//3017 9776//3017
f 9778//3013 9780//3013 9779//3013
f 9781//3018 9783//3018 9782//3018
f 9784//3013 9786//3013 9785//3013
f 9787//3019 9789//3019 9788//3019
f 9790//3013 9792//3013 9791//3013
f 9793//3020 9795//3020 9794//3020
f 9796//3013 9798//3013 9797//3013
f 9799//3021 9801//3021 9800//3021
f 9802//3013 9804//3013 9803//3013
f 9805//3022 9807//3022 9806//3022
f 9808//3013 9810//3013 9809//3013
f 9811//3023 9813//3023 9812//3023
f 9814//3013 9816//3013 9815//3013
s 1
f 9817//3024 9819//3024 9818//3024
s 0
f 9820//3013 9822//3013 9821//3013
f 9823//3025 9825//3025 9824//3025
f 9826//3013 9828//3013 9827//3013
o deadBrushInstances_0002
v 11.245487 -0.031319 -0.067407
v 11.697382 0.182451 -0.241590
v 11.260786 0.126877 -0.550604
v 11.260786 0.126877 -0.550604
v 10.785665 0.126877 -0.216599
v 11.245487 -0.031319 -0.067407
v 11.245487 -0.031319 -0.067407
v 11.492091 0.216796 0.283387
v 11.697382 0.182451 -0.241590
v 11.245487 -0.031319 -0.067407
v 10.928614 0.182451 0.298845
v 11.492091 0.216796 0.283387
v 11.245487 -0.031319 -0.067407
v 10.785665 0.126877 -0.216599
v 10.928614 0.182451 0.298845
v 11.260786 0.126877 -0.550604
v 10.953335 0.438426 -0.482993
v 10.785665 0.126877 -0.216599
v 11.697382 0.182451 -0.241590
v 11.516828 0.472775 -0.498429
v 11.260786 0.126877 -0.550604
v 11.492091 0.216796 0.283387
v 11.659803 0.528348 0.016997
v 11.697382 0.182451 -0.241590
v 10.928614 0.182451 0.298845
v 11.184682 0.528348 0.351002
v 11.492091 0.216796 0.283387
v 10.785665 0.126877 -0.216599
v 10.748059 0.472775 0.042007
v 10.928614 0.182451 0.298845
v 11.260786 0.126877 -0.550604
v 11.516828 0.472775 -0.498429
v 10.953335 0.438426 -0.482993
v 11.697382 0.182451 -0.241590
v 11.659803 0.528348 0.016997
v 11.516828 0.472775 -0.498429
v 11.492091 0.216796 0.283387
v 11.184682 0.528348 0.351002
v 11.659803 0.528348 0.016997
v 10.928614 0.182451 0.298845
v 10.748059 0.472775 0.042007
v 11.184682 0.528348 0.351002
v 10.785665 0.126877 -0.216599
v 10.953335 0.438426 -0.482993
v 10.748059 0.472775 0.042007
v 11.516828 0.472775 -0.498429
v 11.199955 0.686545 -0.132177
v 10.953335 0.438426 -0.482993
v 11.659803 0.528348 0.016997
v 11.199955 0.686545 -0.132177
v 11.516828 0.472775 -0.498429
v 11.184682 0.528348 0.351002
v 11.199955 0.686545 -0.132177
v 11.659803 0.528348 0.016997
v 10.748059 0.472775 0.042007
v 11.199955 0.686545 -0.132177
v 11.184682 0.528348 0.351002
v 10.953335 0.438426 -0.482993
v 11.199955 0.686545 -0.132177
v 10.748059 0.472775 0.042007
v 11.068366 0.160382 0.571264
v 11.520260 0.374166 0.397080
v 11.083664 0.318592 0.088066
v 11.083664 0.318592 0.088066
v 10.608542 0.318592 0.422071
v 11.068366 0.160382 0.571264
v 11.068366 0.160382 0.571264
v 11.314969 0.408511 0.922057
v 11.520260 0.374166 0.397080
v 11.068366 0.160382 0.571264
v 10.751518 0.374166 0.937496
v 11.314969 0.408511 0.922057
v 11.068366 0.160382 0.571264
v 10.608542 0.318592 0.422071
v 10.751518 0.374166 0.937496
v 11.083664 0.318592 0.088066
v 10.776213 0.630127 0.155678
v 10.608542 0.318592 0.422071
v 11.520260 0.374166 0.397080
v 11.339706 0.664476 0.140243
v 11.083664 0.318592 0.088066
v 11.314969 0.408511 0.922057
v 11.482682 0.720049 0.655668
v 11.520260 0.374166 0.397080
v 10.751518 0.374166 0.937496
v 11.007561 0.720049 0.989673
v 11.314969 0.408511 0.922057
v 10.608542 0.318592 0.422071
v 10.570965 0.664476 0.680659
v 10.751518 0.374166 0.937496
v 11.083664 0.318592 0.088066
v 11.339706 0.664476 0.140243
v 10.776213 0.630127 0.155678
v 11.520260 0.374166 0.397080
v 11.482682 0.720049 0.655668
v 11.339706 0.664476 0.140243
v 11.314969 0.408511 0.922057
v 11.007561 0.720049 0.989673
v 11.482682 0.720049 0.655668
v 10.751518 0.374166 0.937496
v 10.570965 0.664476 0.680659
v 11.007561 0.720049 0.989673
v 10.608542 0.318592 0.422071
v 10.776213 0.630127 0.155678
v 10.570965 0.664476 0.680659
v 11.339706 0.664476 0.140243
v 11.022833 0.878259 0.506493
v 10.776213 0.630127 0.155678
v 11.482682 0.720049 0.655668
v 11.022833 0.878259 0.506493
v 11.339706 0.664476 0.140243
v 11.007561 0.720049 0.989673
v 11.022833 0.878259 0.506493
v 11.482682 0.720049 0.655668
v 10.570965 0.664476 0.680659
v 11.022833 0.878259 0.506493
v 11.007561 0.720049 0.989673
v 10.776213 0.630127 0.155678
v 11.022833 0.878259 0.506493
v 10.570965 0.664476 0.680659
v 11.678882 0.073701 0.791891
v 12.130776 0.287471 0.617707
v 11.694180 0.231898 0.308693
v 11.694180 0.231898 0.308693
v 11.219059 0.231898 0.642698
v 11.678882 0.073701 0.791891
v 11.678882 0.073701 0.791891
v 11.925486 0.321816 1.142684
v 12.130776 0.287471 0.617707
v 11.678882 0.073701 0.791891
v 11.362008 0.287471 1.158143
v 11.925486 0.321816 1.142684
v 11.678882 0.073701 0.791891
v 11.219059 0.231898 0.642698
v 11.362008 0.287471 1.158143
v 11.694180 0.231898 0.308693
v 11.386744 0.543450 0.376327
v 11.219059 0.231898 0.642698
v 12.130776 0.287471 0.617707
v 11.950222 0.577795 0.360869
v 11.694180 0.231898 0.308693
v 11.925486 0.321816 1.142684
v 12.093198 0.633368 0.876294
v 12.130776 0.287471 0.617707
v 11.362008 0.287471 1.158143
v 11.618076 0.633368 1.210299
v 11.925486 0.321816 1.142684
v 11.219059 0.231898 0.642698
v 11.181454 0.577795 0.901304
v 11.362008 0.287471 1.158143
v 11.694180 0.231898 0.308693
v 11.950222 0.577795 0.360869
v 11.386744 0.543450 0.376327
v 12.130776 0.287471 0.617707
v 12.093198 0.633368 0.876294
v 11.950222 0.577795 0.360869
v 11.925486 0.321816 1.142684
v 11.618076 0.633368 1.210299
v 12.093198 0.633368 0.876294
v 11.362008 0.287471 1.158143
v 11.181454 0.577795 0.901304
v 11.618076 0.633368 1.210299
v 11.219059 0.231898 0.642698
v 11.386744 0.543450 0.376327
v 11.181454 0.577795 0.901304
v 11.950222 0.577795 0.360869
v 11.633348 0.791565 0.727121
v 11.386744 0.543450 0.376327
v 12.093198 0.633368 0.876294
v 11.633348 0.791565 0.727121
v 11.950222 0.577795 0.360869
v 11.618076 0.633368 1.210299
v 11.633348 0.791565 0.727121
v 12.093198 0.633368 0.876294
v 11.181454 0.577795 0.901304
v 11.633348 0.791565 0.727121
v 11.618076 0.633368 1.210299
v 11.386744 0.543450 0.376327
v 11.633348 0.791565 0.727121
v 11.181454 0.577795 0.901304
v 12.209483 0.204286 0.255666
v 12.661377 0.418069 0.081482
v 12.224782 0.362496 -0.227532
v 12.224782 0.362496 -0.227532
v 11.749660 0.362496 0.106473
v 12.209483 0.204286 0.255666
v 12.209483 0.204286 0.255666
v 12.456102 0.452418 0.606482
v 12.661377 0.418069 0.081482
v 12.209483 0.204286 0.255666
v 11.892610 0.418069 0.621917
v 12.456102 0.452418 0.606482
v 12.209483 0.204286 0.255666
v 11.749660 0.362496 0.106473
v 11.892610 0.418069 0.621917
v 12.224782 0.362496 -0.227532
v 11.917347 0.674034 -0.159897
v 11.749660 0.362496 0.106473
v 12.661377 0.418069 0.081482
v 12.480824 0.708379 -0.175355
v 12.224782 0.362496 -0.227532
v 12.456102 0.452418 0.606482
v 12.623799 0.763953 0.340070
v 12.661377 0.418069 0.081482
v 11.892610 0.418069 0.621917
v 12.148678 0.763953 0.674075
v 12.456102 0.452418 0.606482
v 11.749660 0.362496 0.106473
v 11.712055 0.708379 0.365080
v 11.892610 0.418069 0.621917
v 12.224782 0.362496 -0.227532
v 12.480824 0.708379 -0.175355
v 11.917347 0.674034 -0.159897
v 12.661377 0.418069 0.081482
v 12.623799 0.763953 0.340070
v 12.480824 0.708379 -0.175355
v 12.456102 0.452418 0.606482
v 12.148678 0.763953 0.674075
v 12.623799 0.763953 0.340070
v 11.892610 0.418069 0.621917
v 11.712055 0.708379 0.365080
v 12.148678 0.763953 0.674075
v 11.749660 0.362496 0.106473
v 11.917347 0.674034 -0.159897
v 11.712055 0.708379 0.365080
v 12.480824 0.708379 -0.175355
v 12.163951 0.922149 0.190897
v 11.917347 0.674034 -0.159897
v 12.623799 0.763953 0.340070
v 12.163951 0.922149 0.190897
v 12.480824 0.708379 -0.175355
v 12.148678 0.763953 0.674075
v 12.163951 0.922149 0.190897
v 12.623799 0.763953 0.340070
v 11.712055 0.708379 0.365080
v 12.163951 0.922149 0.190897
v 12.148678 0.763953 0.674075
v 11.917347 0.674034 -0.159897
v 12.163951 0.922149 0.190897
v 11.712055 0.708379 0.365080
v 11.950747 -0.004186 -0.262471
v 12.402641 0.209584 -0.436655
v 11.966019 0.154011 -0.745650
v 11.966019 0.154011 -0.745650
v 11.490897 0.154011 -0.411645
v 11.950747 -0.004186 -0.262471
v 11.950747 -0.004186 -0.262471
v 12.197367 0.243933 0.088346
v 12.402641 0.209584 -0.436655
v 11.950747 -0.004186 -0.262471
v 11.633873 0.209584 0.103781
v 12.197367 0.243933 0.088346
v 11.950747 -0.004186 -0.262471
v 11.490897 0.154011 -0.411645
v 11.633873 0.209584 0.103781
v 11.966019 0.154011 -0.745650
v 11.658609 0.465563 -0.678035
v 11.490897 0.154011 -0.411645
v 12.402641 0.209584 -0.436655
v 12.222103 0.499911 -0.693470
v 11.966019 0.154011 -0.745650
v 12.197367 0.243933 0.088346
v 12.365052 0.555485 -0.178026
v 12.402641 0.209584 -0.436655
v 11.633873 0.209584 0.103781
v 11.889931 0.555485 0.155979
v 12.197367 0.243933 0.088346
v 11.490897 0.154011 -0.411645
v 11.453335 0.499911 -0.153035
v 11.633873 0.209584 0.103781
v 11.966019 0.154011 -0.745650
v 12.222103 0.499911 -0.693470
v 11.658609 0.465563 -0.678035
v 12.402641 0.209584 -0.436655
v 12.365052 0.555485 -0.178026
v 12.222103 0.499911 -0.693470
v 12.197367 0.243933 0.088346
v 11.889931 0.555485 0.155979
v 12.365052 0.555485 -0.178026
v 11.633873 0.209584 0.103781
v 11.453335 0.499911 -0.153035
v 11.889931 0.555485 0.155979
v 11.490897 0.154011 -0.411645
v 11.658609 0.465563 -0.678035
v 11.453335 0.499911 -0.153035
v 12.222103 0.499911 -0.693470
v 11.905214 0.713678 -0.327241
v 11.658609 0.465563 -0.678035
v 12.365052 0.555485 -0.178026
v 11.905214 0.713678 -0.327241
v 12.222103 0.499911 -0.693470
v 11.889931 0.555485 0.155979
v 11.905214 0.713678 -0.327241
v 12.365052 0.555485 -0.178026
v 11.453335 0.499911 -0.153035
v 11.905214 0.713678 -0.327241
v 11.889931 0.555485 0.155979
v 11.658609 0.465563 -0.678035
v 11.905214 0.713678 -0.327241
v 11.453335 0.499911 -0.153035
v 11.557855 0.023118 0.324787
v 11.194088 0.291387 -0.099905
v 11.180387 0.320898 -0.064576
v 11.582336 -0.029563 0.261732
v 11.582336 -0.029563 0.261732
v 11.236423 0.298102 -0.135120
v 11.194088 0.291387 -0.099905
v 11.657964 -0.017579 0.198833
v 11.657964 -0.017579 0.198833
v 11.265082 0.334328 -0.135026
v 11.236423 0.298102 -0.135120
v 11.709108 0.047101 0.198987
v 11.709108 0.047101 0.198987
v 11.251382 0.363824 -0.099696
v 11.265082 0.334328 -0.135026
v 11.684644 0.099785 0.262065
v 11.236423 0.298102 -0.135120
v 11.180387 0.320898 -0.064576
v 11.194088 0.291387 -0.099905
v 11.251382 0.363824 -0.099696
v 11.265082 0.334328 -0.135026
v 11.209031 0.357106 -0.064503
v 11.684644 0.099785 0.262065
v 11.209031 0.357106 -0.064503
v 11.251382 0.363824 -0.099696
v 11.609001 0.087784 0.324942
v 11.609001 0.087784 0.324942
v 11.180387 0.320898 -0.064576
v 11.209031 0.357106 -0.064503
v 11.557855 0.023118 0.324787
v 11.609001 0.087784 0.324942
v 11.582336 -0.029563 0.261732
v 11.557855 0.023118 0.324787
v 11.709108 0.047101 0.198987
v 11.684644 0.099785 0.262065
v 11.657964 -0.017579 0.198833
v 11.581215 -0.019881 0.309333
v 11.010832 0.496693 0.520667
v 11.016336 0.488528 0.565421
v 11.571421 -0.005290 0.229390
v 11.571421 -0.005290 0.229390
v 11.040105 0.527490 0.494082
v 11.010832 0.496693 0.520667
v 11.623688 0.049693 0.181944
v 11.623688 0.049693 0.181944
v 11.074872 0.550110 0.512294
v 11.040105 0.527490 0.494082
v 11.685748 0.090100 0.214441
v 11.685748 0.090100 0.214441
v 11.080350 0.541945 0.557067
v 11.074872 0.550110 0.512294
v 11.695543 0.075510 0.294384
v 11.040105 0.527490 0.494082
v 11.016336 0.488528 0.565421
v 11.010832 0.496693 0.520667
v 11.080350 0.541945 0.557067
v 11.074872 0.550110 0.512294
v 11.051077 0.511149 0.583652
v 11.695543 0.075510 0.294384
v 11.051077 0.511149 0.583652
v 11.080350 0.541945 0.557067
v 11.643293 0.020515 0.341854
v 11.643293 0.020515 0.341854
v 11.016336 0.488528 0.565421
v 11.051077 0.511149 0.583652
v 11.581215 -0.019881 0.309333
v 11.643293 0.020515 0.341854
v 11.571421 -0.005290 0.229390
v 11.581215 -0.019881 0.309333
v 11.685748 0.090100 0.214441
v 11.695543 0.075510 0.294384
v 11.623688 0.049693 0.181944
v 11.552344 0.007126 0.306950
v 11.611192 0.450350 0.754228
v 11.610678 0.416965 0.784741
v 11.553230 0.066750 0.252482
v 11.553230 0.066750 0.252482
v 11.656629 0.466018 0.728993
v 11.611192 0.450350 0.754228
v 11.634352 0.094723 0.207396
v 11.634352 0.094723 0.207396
v 11.701579 0.448301 0.734251
v 11.656629 0.466018 0.728993
v 11.714619 0.063093 0.216823
v 11.714619 0.063093 0.216823
v 11.701065 0.414916 0.764765
v 11.701579 0.448301 0.734251
v 11.713750 0.003472 0.271315
v 11.656629 0.466018 0.728993
v 11.610678 0.416965 0.784741
v 11.611192 0.450350 0.754228
v 11.701065 0.414916 0.764765
v 11.701579 0.448301 0.734251
v 11.655628 0.399248 0.790000
v 11.713750 0.003472 0.271315
v 11.655628 0.399248 0.790000
v 11.701065 0.414916 0.764765
v 11.632612 -0.024504 0.316378
v 11.632612 -0.024504 0.316378
v 11.610678 0.416965 0.784741
v 11.655628 0.399248 0.790000
v 11.552344 0.007126 0.306950
v 11.632612 -0.024504 0.316378
v 11.553230 0.066750 0.252482
v 11.552344 0.007126 0.306950
v 11.714619 0.063093 0.216823
v 11.713750 0.003472 0.271315
v 11.634352 0.094723 0.207396
v 11.569382 0.077403 0.315734
v 12.154813 0.589718 0.205848
v 12.150842 0.586905 0.253427
v 11.576469 0.082415 0.230778
v 11.576469 0.082415 0.230778
v 12.190688 0.566031 0.175702
v 12.154813 0.589718 0.205848
v 11.640596 0.040129 0.176911
v 11.640596 0.040129 0.176911
v 12.222618 0.539544 0.193116
v 12.190688 0.566031 0.175702
v 11.697581 -0.007183 0.208040
v 11.697581 -0.007183 0.208040
v 12.218647 0.536730 0.240695
v 12.222618 0.539544 0.193116
v 11.690467 -0.012196 0.293014
v 12.190688 0.566031 0.175702
v 12.150842 0.586905 0.253427
v 12.154813 0.589718 0.205848
v 12.218647 0.536730 0.240695
v 12.222618 0.539544 0.193116
v 12.182745 0.560418 0.270860
v 11.690467 -0.012196 0.293014
v 12.182745 0.560418 0.270860
v 12.218647 0.536730 0.240695
v 11.626368 0.030090 0.346863
v 11.626368 0.030090 0.346863
v 12.150842 0.586905 0.253427
v 12.182745 0.560418 0.270860
v 11.569382 0.077403 0.315734
v 11.626368 0.030090 0.346863
v 11.576469 0.082415 0.230778
v 11.569382 0.077403 0.315734
v 11.697581 -0.007183 0.208040
v 11.690467 -0.012196 0.293014
v 11.640596 0.040129 0.176911
v 11.566782 0.089235 0.283632
v 11.883471 0.350900 -0.309941
v 11.890630 0.385056 -0.282659
v 11.554000 0.028251 0.234944
v 11.554000 0.028251 0.234944
v 11.920837 0.320594 -0.322115
v 11.883471 0.350900 -0.309941
v 11.620728 -0.025881 0.213181
v 11.620728 -0.025881 0.213181
v 11.965322 0.324426 -0.307010
v 11.920837 0.320594 -0.322115
v 11.700183 -0.019029 0.240143
v 11.700183 -0.019029 0.240143
v 11.972479 0.358595 -0.279729
v 11.965322 0.324426 -0.307010
v 11.712936 0.041968 0.288848
v 11.920837 0.320594 -0.322115
v 11.890630 0.385056 -0.282659
v 11.883471 0.350900 -0.309941
v 11.972479 0.358595 -0.279729
v 11.965322 0.324426 -0.307010
v 11.935112 0.388901 -0.267555
v 11.712936 0.041968 0.288848
v 11.935112 0.388901 -0.267555
v 11.972479 0.358595 -0.279729
v 11.646253 0.096104 0.310616
v 11.646253 0.096104 0.310616
v 11.890630 0.385056 -0.282659
v 11.935112 0.388901 -0.267555
v 11.566782 0.089235 0.283632
v 11.646253 0.096104 0.310616
v 11.554000 0.028251 0.234944
v 11.566782 0.089235 0.283632
v 11.700183 -0.019029 0.240143
v 11.712936 0.041968 0.288848
v 11.620728 -0.025881 0.213181
vn -0.7408 -0.6284 0.2376
vn -0.7407 -0.6284 0.2375
vn -0.2582 -0.8434 -0.4712
vn -0.2580 -0.8433 -0.4715
vn 0.4211 -0.3310 -0.8445
vn 0.6687 0.6775 -0.3063
vn 0.6687 0.6774 -0.3064
vn -0.6048 0.4800 -0.6355
vn -0.6047 0.4802 -0.6355
vn -0.6048 0.4801 -0.6354
vn -0.6046 0.4798 -0.6358
vn 0.1999 0.8899 0.4101
vn 0.2001 0.8899 0.4100
vn -0.4946 0.3892 0.7771
vn -0.4945 0.3893 0.7771
vn 0.6047 -0.4798 0.6357
vn 0.6048 -0.4798 0.6356
vn 0.6045 -0.4802 0.6356
vn 0.6045 -0.4801 0.6356
vn 0.3175 -0.9041 -0.2860
vn -0.2179 -0.9255 -0.3099
vn 0.4904 -0.8359 0.2465
vn 0.0659 -0.8359 0.5449
vn -0.3766 -0.9041 0.2019
vn -0.5358 -0.3633 -0.7622
vn 0.5751 -0.3116 -0.7565
vn 0.9128 -0.1763 0.3685
vn 0.0377 -0.1762 0.9836
vn -0.9065 -0.3116 0.2850
vn -0.0377 0.1763 -0.9836
vn 0.9065 0.3116 -0.2850
vn 0.5358 0.3633 0.7622
vn -0.5750 0.3116 0.7565
vn -0.9127 0.1764 -0.3687
vn -0.0659 0.8359 -0.5449
vn 0.3765 0.9041 -0.2019
vn 0.2179 0.9255 0.3099
vn -0.3175 0.9041 0.2860
vn -0.4904 0.8359 -0.2464
vn -0.6805 -0.7311 -0.0497
vn -0.6806 -0.7310 -0.0500
vn -0.5648 -0.1613 -0.8093
vn -0.5649 -0.1613 -0.8092
vn 0.0446 0.5840 -0.8105
vn 0.0444 0.5838 -0.8107
vn 0.6207 0.7812 0.0665
vn -0.6092 0.7637 0.2138
vn -0.6092 0.7636 0.2140
vn -0.6090 0.7638 0.2138
vn -0.6093 0.7636 0.2136
vn 0.5192 0.2196 0.8260
vn 0.5192 0.2196 0.8259
vn -0.0957 -0.5305 0.8422
vn -0.0958 -0.5307 0.8421
vn 0.6091 -0.7637 -0.2140
vn 0.6091 -0.7636 -0.2141
vn 0.6092 -0.7636 -0.2140
vn 0.6092 -0.7636 -0.2139
vn -0.5358 -0.3634 -0.7622
vn 0.5755 -0.3113 -0.7562
vn 0.0377 -0.1763 0.9836
vn -0.5751 0.3116 0.7565
vn -0.9128 0.1763 -0.3684
vn 0.3766 0.9041 -0.2019
vn -0.4905 0.8359 -0.2464
vn -0.9956 0.0705 0.0609
vn -0.9956 0.0706 0.0611
vn -0.5130 0.7095 -0.4832
vn -0.5131 0.7094 -0.4831
vn 0.3610 0.7524 -0.5510
vn 0.3612 0.7523 -0.5510
vn 0.9998 0.0045 0.0218
vn 0.9998 0.0051 0.0215
vn 0.1758 0.6627 0.7280
vn 0.1759 0.6626 0.7280
vn 0.1760 0.6626 0.7280
vn 0.1759 0.6625 0.7281
vn 0.5288 -0.6451 0.5515
vn 0.5288 -0.6452 0.5515
vn -0.3465 -0.6907 0.6348
vn -0.3467 -0.6906 0.6347
vn -0.1756 -0.6626 -0.7281
vn -0.1759 -0.6627 -0.7280
vn -0.1758 -0.6627 -0.7279
vn -0.1758 -0.6630 -0.7277
vn -0.0374 0.1762 -0.9836
vn -0.9128 0.1762 -0.3685
vn -0.4904 0.8359 -0.2465
vn -0.6597 0.7515 -0.0110
vn -0.6596 0.7515 -0.0107
vn -0.4043 0.4210 -0.8120
vn -0.4041 0.4210 -0.8121
vn 0.2680 -0.2825 -0.9211
vn 0.2683 -0.2828 -0.9209
vn 0.7214 -0.6922 0.0198
vn 0.7214 -0.6923 0.0196
vn 0.6040 0.7911 0.0972
vn 0.6037 0.7913 0.0970
vn 0.6035 0.7914 0.0972
vn 0.6037 0.7912 0.0973
vn 0.4517 -0.3567 0.8178
vn -0.2084 0.3496 0.9134
vn -0.2086 0.3497 0.9133
vn -0.6037 -0.7913 -0.0973
vn -0.6037 -0.7913 -0.0972
vn -0.6037 -0.7912 -0.0972
vn 0.9128 -0.1763 0.3684
vn 0.5358 0.3634 0.7622
vn -0.9128 0.1763 -0.3685
vn -0.8679 0.4081 -0.2832
vn -0.8678 0.4080 -0.2835
vn -0.5976 -0.4775 -0.6441
vn -0.5975 -0.4776 -0.6441
vn 0.2238 -0.8706 -0.4381
vn 0.2237 -0.8706 -0.4381
vn 0.9079 -0.3607 0.2135
vn 0.9080 -0.3605 0.2137
vn 0.2159 0.5814 -0.7845
vn 0.2160 0.5814 -0.7844
vn 0.2161 0.5813 -0.7845
vn 0.2160 0.5812 -0.7846
vn 0.6195 0.5308 0.5783
vn 0.6196 0.5307 0.5783
vn -0.2009 0.9107 0.3609
vn -0.2012 0.9107 0.3607
vn -0.2162 -0.5811 0.7846
vn -0.2162 -0.5813 0.7844
vn -0.2158 -0.5813 0.7845
vn -0.2160 -0.5816 0.7843
vn 0.4904 -0.8359 0.2464
vn -0.3765 -0.9041 0.2019
vn 0.5750 -0.3116 -0.7565
vn -0.9065 -0.3115 0.2850
vn -0.5751 0.3115 0.7565
vn 0.2178 0.9255 0.3099
vn -0.3175 0.9041 0.2859
vt 1.000000 1.000015
vt 0.833310 1.000015
vt 1.000000 0.500008
vt 0.833310 0.500008
vt 0.666651 1.000015
vt 0.666651 0.500008
vt 0.499992 1.000015
vt 0.499992 0.500008
vt 0.333303 1.000015
vt 0.333303 0.500008
vt 0.457816 0.370001
vt 0.249989 0.490028
vt 0.457816 0.130007
vt 0.042130 0.130007
vt 0.249989 0.010010
vt 0.042130 0.370001
vt 0.166644 1.000015
vt 0.166644 0.500008
vt -0.000015 1.000015
vt -0.000015 0.500008
vt 0.749996 0.490028
vt 0.957824 0.370001
vt 0.542138 0.370001
vt 0.749996 0.010010
vt 0.542138 0.130007
vt 0.957824 0.130007
vt 0.272725 0.157473
vt 0.090898 0.157473
vt 0.181811 0.000000
vt 0.363607 0.000000
vt 0.454520 0.157473
vt 1.000000 0.157473
vt 0.818174 0.157473
vt 0.909087 0.000000
vt 0.636347 0.157473
vt 0.727260 0.000000
vt 0.545434 0.000000
vt 0.363607 0.314946
vt 0.181811 0.314946
vt 0.909087 0.314946
vt 0.727260 0.314946
vt 0.545434 0.314946
vt -0.000015 0.314946
vt 0.272725 0.472389
vt 0.090898 0.472389
vt 0.818174 0.472389
vt 0.636347 0.472389
vt 0.454520 0.472389
s 0
usemtl Material_1
f 10131/1/3026 10130/2/3026 10129/3/3026
f 10130/2/3027 10132/4/3027 10129/3/3027
f 10135/2/3028 10134/5/3028 10133/4/3028
f 10134/5/3029 10136/6/3029 10133/4/3029
f 10139/5/3030 10138/7/3030 10137/6/3030
f 10138/7/3030 10140/8/3030 10137/6/3030
f 10143/7/3031 10142/9/3031 10141/8/3031
f 10142/9/3032 10144/10/3032 10141/8/3032
f 10147/11/3033 10146/12/3033 10145/13/3033
f 10148/14/3034 10145/13/3034 10146/12/3034
f 10149/15/3035 10145/13/3035 10148/14/3035
f 10150/16/3036 10148/14/3036 10146/12/3036
f 10153/9/3037 10152/17/3037 10151/10/3037
s 1
f 10152/17/3038 10154/18/3038 10151/10/3038
s 0
f 10157/17/3039 10156/19/3039 10155/18/3039
f 10156/19/3040 10158/20/3040 10155/18/3040
f 10161/21/3041 10160/22/3041 10159/23/3041
f 10162/24/3042 10159/23/3042 10160/22/3042
f 10163/25/3043 10159/23/3043 10162/24/3043
s 1
f 10164/26/3044 10162/24/3044 10160/22/3044
s 0
f 9831/27/3045 9830/28/3045 9829/29/3045
f 9834/30/3046 9833/31/3046 9832/27/3046
f 9837/32/3047 9836/33/3047 9835/34/3047
f 9840/33/3048 9839/35/3048 9838/36/3048
f 9843/35/3049 9842/31/3049 9841/37/3049
f 9846/31/3050 9845/38/3050 9844/27/3050
f 9849/27/3051 9848/39/3051 9847/28/3051
f 9852/32/3052 9851/40/3052 9850/33/3052
f 9855/33/3053 9854/41/3053 9853/35/3053
f 9858/35/3054 9857/42/3054 9856/31/3054
f 9861/38/3055 9860/39/3055 9859/27/3055
f 9864/39/3056 9863/43/3056 9862/28/3056
f 9867/40/3057 9866/41/3057 9865/33/3057
f 9870/41/3058 9869/42/3058 9868/35/3058
f 9873/42/3059 9872/38/3059 9871/31/3059
f 9876/38/3060 9875/44/3060 9874/39/3060
f 9879/39/3061 9878/45/3061 9877/43/3061
f 9882/40/3062 9881/46/3062 9880/41/3062
f 9885/41/3063 9884/47/3063 9883/42/3063
f 9888/42/3064 9887/48/3064 9886/38/3064
f 10167/1/3065 10166/2/3065 10165/3/3065
f 10166/2/3066 10168/4/3066 10165/3/3066
f 10171/2/3067 10170/5/3067 10169/4/3067
f 10170/5/3068 10172/6/3068 10169/4/3068
f 10175/5/3069 10174/7/3069 10173/6/3069
f 10174/7/3070 10176/8/3070 10173/6/3070
f 10179/7/3071 10178/9/3071 10177/8/3071
f 10178/9/3071 10180/10/3071 10177/8/3071
s 1
f 10183/11/3072 10182/12/3072 10181/13/3072
s 0
f 10184/14/3073 10181/13/3073 10182/12/3073
f 10185/15/3074 10181/13/3074 10184/14/3074
f 10186/16/3075 10184/14/3075 10182/12/3075
f 10189/9/3076 10188/17/3076 10187/10/3076
f 10188/17/3077 10190/18/3077 10187/10/3077
s 1
f 10193/17/3078 10192/19/3078 10191/18/3078
s 0
f 10192/19/3079 10194/20/3079 10191/18/3079
f 10197/21/3080 10196/22/3080 10195/23/3080
f 10198/24/3081 10195/23/3081 10196/22/3081
f 10199/25/3082 10195/23/3082 10198/24/3082
f 10200/26/3083 10198/24/3083 10196/22/3083
f 9891/27/3045 9890/28/3045 9889/29/3045
f 9894/30/3046 9893/31/3046 9892/27/3046
f 9897/32/3047 9896/33/3047 9895/34/3047
f 9900/33/3048 9899/35/3048 9898/36/3048
f 9903/35/3049 9902/31/3049 9901/37/3049
f 9906/31/3084 9905/38/3084 9904/27/3084
s 1
f 9909/27/3085 9908/39/3085 9907/28/3085
s 0
f 9912/32/3052 9911/40/3052 9910/33/3052
f 9915/33/3086 9914/41/3086 9913/35/3086
f 9918/35/3054 9917/42/3054 9916/31/3054
s 1
f 9921/38/3055 9920/39/3055 9919/27/3055
s 0
f 9924/39/3056 9923/43/3056 9922/28/3056
f 9927/40/3057 9926/41/3057 9925/33/3057
f 9930/41/3087 9929/42/3087 9928/35/3087
f 9933/42/3088 9932/38/3088 9931/31/3088
f 9936/38/3060 9935/44/3060 9934/39/3060
f 9939/39/3089 9938/45/3089 9937/43/3089
f 9942/40/3062 9941/46/3062 9940/41/3062
f 9945/41/3063 9944/47/3063 9943/42/3063
f 9948/42/3090 9947/48/3090 9946/38/3090
f 10203/1/3091 10202/2/3091 10201/3/3091
f 10202/2/3092 10204/4/3092 10201/3/3092
f 10207/2/3093 10206/5/3093 10205/4/3093
f 10206/5/3094 10208/6/3094 10205/4/3094
f 10211/5/3095 10210/7/3095 10209/6/3095
f 10210/7/3096 10212/8/3096 10209/6/3096
f 10215/7/3097 10214/9/3097 10213/8/3097
f 10214/9/3098 10216/10/3098 10213/8/3098
f 10219/11/3099 10218/12/3099 10217/13/3099
f 10220/14/3100 10217/13/3100 10218/12/3100
f 10221/15/3101 10217/13/3101 10220/14/3101
f 10222/16/3102 10220/14/3102 10218/12/3102
f 10225/9/3103 10224/17/3103 10223/10/3103
f 10224/17/3104 10226/18/3104 10223/10/3104
f 10229/17/3105 10228/19/3105 10227/18/3105
f 10228/19/3106 10230/20/3106 10227/18/3106
f 10233/21/3107 10232/22/3107 10231/23/3107
f 10234/24/3108 10231/23/3108 10232/22/3108
f 10235/25/3109 10231/23/3109 10234/24/3109
f 10236/26/3110 10234/24/3110 10232/22/3110
f 9951/27/3045 9950/28/3045 9949/29/3045
f 9954/30/3046 9953/31/3046 9952/27/3046
f 9957/32/3047 9956/33/3047 9955/34/3047
f 9960/33/3048 9959/35/3048 9958/36/3048
f 9963/35/3049 9962/31/3049 9961/37/3049
f 9966/31/3050 9965/38/3050 9964/27/3050
f 9969/27/3051 9968/39/3051 9967/28/3051
f 9972/32/3052 9971/40/3052 9970/33/3052
f 9975/33/3053 9974/41/3053 9973/35/3053
f 9978/35/3054 9977/42/3054 9976/31/3054
f 9981/38/3111 9980/39/3111 9979/27/3111
f 9984/39/3056 9983/43/3056 9982/28/3056
f 9987/40/3057 9986/41/3057 9985/33/3057
f 9990/41/3058 9989/42/3058 9988/35/3058
s 1
f 9993/42/3112 9992/38/3112 9991/31/3112
s 0
f 9996/38/3060 9995/44/3060 9994/39/3060
f 9999/39/3061 9998/45/3061 9997/43/3061
f 10002/40/3062 10001/46/3062 10000/41/3062
f 10005/41/3063 10004/47/3063 10003/42/3063
f 10008/42/3113 10007/48/3113 10006/38/3113
f 10239/1/3114 10238/2/3114 10237/3/3114
f 10238/2/3115 10240/4/3115 10237/3/3115
f 10243/2/3116 10242/5/3116 10241/4/3116
f 10242/5/3117 10244/6/3117 10241/4/3117
f 10247/5/3118 10246/7/3118 10245/6/3118
f 10246/7/3119 10248/8/3119 10245/6/3119
s 1
f 10251/7/3120 10250/9/3120 10249/8/3120
s 0
f 10250/9/3121 10252/10/3121 10249/8/3121
f 10255/11/3122 10254/12/3122 10253/13/3122
f 10256/14/3123 10253/13/3123 10254/12/3123
f 10257/15/3124 10253/13/3124 10256/14/3124
f 10258/16/3125 10256/14/3125 10254/12/3125
f 10261/9/3126 10260/17/3126 10259/10/3126
f 10260/17/3126 10262/18/3126 10259/10/3126
f 10265/17/3127 10264/19/3127 10263/18/3127
f 10264/19/3128 10266/20/3128 10263/18/3128
f 10269/21/3129 10268/22/3129 10267/23/3129
f 10270/24/3130 10267/23/3130 10268/22/3130
f 10271/25/3130 10267/23/3130 10270/24/3130
f 10272/26/3131 10270/24/3131 10268/22/3131
f 10011/27/3045 10010/28/3045 10009/29/3045
f 10014/30/3046 10013/31/3046 10012/27/3046
f 10017/32/3047 10016/33/3047 10015/34/3047
f 10020/33/3048 10019/35/3048 10018/36/3048
f 10023/35/3049 10022/31/3049 10021/37/3049
f 10026/31/3050 10025/38/3050 10024/27/3050
f 10029/27/3051 10028/39/3051 10027/28/3051
f 10032/32/3132 10031/40/3132 10030/33/3132
f 10035/33/3053 10034/41/3053 10033/35/3053
f 10038/35/3054 10037/42/3054 10036/31/3054
f 10041/38/3055 10040/39/3055 10039/27/3055
f 10044/39/3056 10043/43/3056 10042/28/3056
f 10047/40/3133 10046/41/3133 10045/33/3133
f 10050/41/3058 10049/42/3058 10048/35/3058
f 10053/42/3134 10052/38/3134 10051/31/3134
f 10056/38/3060 10055/44/3060 10054/39/3060
s 1
f 10059/39/3061 10058/45/3061 10057/43/3061
s 0
f 10062/40/3062 10061/46/3062 10060/41/3062
f 10065/41/3063 10064/47/3063 10063/42/3063
f 10068/42/3113 10067/48/3113 10066/38/3113
f 10275/1/3135 10274/2/3135 10273/3/3135
f 10274/2/3136 10276/4/3136 10273/3/3136
f 10279/2/3137 10278/5/3137 10277/4/3137
s 1
f 10278/5/3138 10280/6/3138 10277/4/3138
s 0
f 10283/5/3139 10282/7/3139 10281/6/3139
f 10282/7/3140 10284/8/3140 10281/6/3140
f 10287/7/3141 10286/9/3141 10285/8/3141
f 10286/9/3142 10288/10/3142 10285/8/3142
f 10291/11/3143 10290/12/3143 10289/13/3143
f 10292/14/3144 10289/13/3144 10290/12/3144
f 10293/15/3145 10289/13/3145 10292/14/3145
f 10294/16/3146 10292/14/3146 10290/12/3146
s 1
f 10297/9/3147 10296/17/3147 10295/10/3147
s 0
f 10296/17/3148 10298/18/3148 10295/10/3148
f 10301/17/3149 10300/19/3149 10299/18/3149
f 10300/19/3150 10302/20/3150 10299/18/3150
f 10305/21/3151 10304/22/3151 10303/23/3151
f 10306/24/3152 10303/23/3152 10304/22/3152
f 10307/25/3153 10303/23/3153 10306/24/3153
f 10308/26/3154 10306/24/3154 10304/22/3154
f 10071/27/3045 10070/28/3045 10069/29/3045
f 10074/30/3046 10073/31/3046 10072/27/3046
f 10077/32/3155 10076/33/3155 10075/34/3155
f 10080/33/3048 10079/35/3048 10078/36/3048
f 10083/35/3156 10082/31/3156 10081/37/3156
f 10086/31/3050 10085/38/3050 10084/27/3050
f 10089/27/3157 10088/39/3157 10087/28/3157
f 10092/32/3132 10091/40/3132 10090/33/3132
f 10095/33/3086 10094/41/3086 10093/35/3086
f 10098/35/3158 10097/42/3158 10096/31/3158
f 10101/38/3055 10100/39/3055 10099/27/3055
f 10104/39/3056 10103/43/3056 10102/28/3056
f 10107/40/3057 10106/41/3057 10105/33/3057
f 10110/41/3159 10109/42/3159 10108/35/3159
f 10113/42/3088 10112/38/3088 10111/31/3088
f 10116/38/3060 10115/44/3060 10114/39/3060
f 10119/39/3089 10118/45/3089 10117/43/3089
f 10122/40/3160 10121/46/3160 10120/41/3160
f 10125/41/3161 10124/47/3161 10123/42/3161
f 10128/42/3113 10127/48/3113 10126/38/3113
o deadBrushInstances_0012
v 6.900129 0.043553 6.067419
v 7.065977 0.160478 6.323698
v 7.187079 0.180823 5.987058
v 7.187079 0.180823 5.987058
v 6.905442 0.180823 5.769488
v 6.900129 0.043553 6.067419
v 6.900129 0.043553 6.067419
v 6.709501 0.147904 6.314180
v 7.065977 0.160478 6.323698
v 6.900129 0.043553 6.067419
v 6.610277 0.160478 5.971660
v 6.709501 0.147904 6.314180
v 6.900129 0.043553 6.067419
v 6.905442 0.180823 5.769488
v 6.610277 0.160478 5.971660
v 7.187079 0.180823 5.987058
v 7.074570 0.382593 5.841612
v 6.905442 0.180823 5.769488
v 7.065977 0.160478 6.323698
v 7.173783 0.370018 6.184147
v 7.187079 0.180823 5.987058
v 6.709501 0.147904 6.314180
v 6.878633 0.349673 6.386331
v 7.065977 0.160478 6.323698
v 6.610277 0.160478 5.971660
v 6.596996 0.349673 6.168761
v 6.709501 0.147904 6.314180
v 6.905442 0.180823 5.769488
v 6.718082 0.370018 5.832109
v 6.610277 0.160478 5.971660
v 7.187079 0.180823 5.987058
v 7.173783 0.370018 6.184147
v 7.074570 0.382593 5.841612
v 7.065977 0.160478 6.323698
v 6.878633 0.349673 6.386331
v 7.173783 0.370018 6.184147
v 6.709501 0.147904 6.314180
v 6.596996 0.349673 6.168761
v 6.878633 0.349673 6.386331
v 6.610277 0.160478 5.971660
v 6.718082 0.370018 5.832109
v 6.596996 0.349673 6.168761
v 6.905442 0.180823 5.769488
v 7.074570 0.382593 5.841612
v 6.718082 0.370018 5.832109
v 7.173783 0.370018 6.184147
v 6.883930 0.486943 6.088388
v 7.074570 0.382593 5.841612
v 6.878633 0.349673 6.386331
v 6.883930 0.486943 6.088388
v 7.173783 0.370018 6.184147
v 6.596996 0.349673 6.168761
v 6.883930 0.486943 6.088388
v 6.878633 0.349673 6.386331
v 6.718082 0.370018 5.832109
v 6.883930 0.486943 6.088388
v 6.596996 0.349673 6.168761
v 7.074570 0.382593 5.841612
v 6.883930 0.486943 6.088388
v 6.718082 0.370018 5.832109
v 6.468233 0.114603 6.113091
v 6.634080 0.231536 6.369371
v 6.755182 0.251882 6.032731
v 6.755182 0.251882 6.032731
v 6.473546 0.251882 5.815162
v 6.468233 0.114603 6.113091
v 6.468233 0.114603 6.113091
v 6.277604 0.218962 6.359854
v 6.634080 0.231536 6.369371
v 6.468233 0.114603 6.113091
v 6.178395 0.231536 6.017345
v 6.277604 0.218962 6.359854
v 6.468233 0.114603 6.113091
v 6.473546 0.251882 5.815162
v 6.178395 0.231536 6.017345
v 6.755182 0.251882 6.032731
v 6.642673 0.453643 5.887284
v 6.473546 0.251882 5.815162
v 6.634080 0.231536 6.369371
v 6.741886 0.441068 6.229820
v 6.755182 0.251882 6.032731
v 6.277604 0.218962 6.359854
v 6.446736 0.420723 6.432003
v 6.634080 0.231536 6.369371
v 6.178395 0.231536 6.017345
v 6.165100 0.420723 6.214434
v 6.277604 0.218962 6.359854
v 6.473546 0.251882 5.815162
v 6.286201 0.441068 5.877794
v 6.178395 0.231536 6.017345
v 6.755182 0.251882 6.032731
v 6.741886 0.441068 6.229820
v 6.642673 0.453643 5.887284
v 6.634080 0.231536 6.369371
v 6.446736 0.420723 6.432003
v 6.741886 0.441068 6.229820
v 6.277604 0.218962 6.359854
v 6.165100 0.420723 6.214434
v 6.446736 0.420723 6.432003
v 6.178395 0.231536 6.017345
v 6.286201 0.441068 5.877794
v 6.165100 0.420723 6.214434
v 6.473546 0.251882 5.815162
v 6.642673 0.453643 5.887284
v 6.286201 0.441068 5.877794
v 6.741886 0.441068 6.229820
v 6.452033 0.558001 6.134061
v 6.642673 0.453643 5.887284
v 6.446736 0.420723 6.432003
v 6.452033 0.558001 6.134061
v 6.741886 0.441068 6.229820
v 6.165100 0.420723 6.214434
v 6.452033 0.558001 6.134061
v 6.446736 0.420723 6.432003
v 6.286201 0.441068 5.877794
v 6.452033 0.558001 6.134061
v 6.165100 0.420723 6.214434
v 6.642673 0.453643 5.887284
v 6.452033 0.558001 6.134061
v 6.286201 0.441068 5.877794
v 6.439110 0.005105 6.524233
v 6.604958 0.122030 6.780512
v 6.726060 0.142375 6.443872
v 6.726060 0.142375 6.443872
v 6.444423 0.142375 6.226303
v 6.439110 0.005105 6.524233
v 6.439110 0.005105 6.524233
v 6.248482 0.109456 6.770995
v 6.604958 0.122030 6.780512
v 6.439110 0.005105 6.524233
v 6.149258 0.122030 6.428474
v 6.248482 0.109456 6.770995
v 6.439110 0.005105 6.524233
v 6.444423 0.142375 6.226303
v 6.149258 0.122030 6.428474
v 6.726060 0.142375 6.443872
v 6.613539 0.344144 6.298440
v 6.444423 0.142375 6.226303
v 6.604958 0.122030 6.780512
v 6.712764 0.331570 6.640961
v 6.726060 0.142375 6.443872
v 6.248482 0.109456 6.770995
v 6.417614 0.311225 6.843145
v 6.604958 0.122030 6.780512
v 6.149258 0.122030 6.428474
v 6.135977 0.311225 6.625576
v 6.248482 0.109456 6.770995
v 6.444423 0.142375 6.226303
v 6.257063 0.331570 6.288923
v 6.149258 0.122030 6.428474
v 6.726060 0.142375 6.443872
v 6.712764 0.331570 6.640961
v 6.613539 0.344144 6.298440
v 6.604958 0.122030 6.780512
v 6.417614 0.311225 6.843145
v 6.712764 0.331570 6.640961
v 6.248482 0.109456 6.770995
v 6.135977 0.311225 6.625576
v 6.417614 0.311225 6.843145
v 6.149258 0.122030 6.428474
v 6.257063 0.331570 6.288923
v 6.135977 0.311225 6.625576
v 6.444423 0.142375 6.226303
v 6.613539 0.344144 6.298440
v 6.257063 0.331570 6.288923
v 6.712764 0.331570 6.640961
v 6.422911 0.448495 6.545202
v 6.613539 0.344144 6.298440
v 6.417614 0.311225 6.843145
v 6.422911 0.448495 6.545202
v 6.712764 0.331570 6.640961
v 6.135977 0.311225 6.625576
v 6.422911 0.448495 6.545202
v 6.417614 0.311225 6.843145
v 6.257063 0.331570 6.288923
v 6.422911 0.448495 6.545202
v 6.135977 0.311225 6.625576
v 6.613539 0.344144 6.298440
v 6.422911 0.448495 6.545202
v 6.257063 0.331570 6.288923
v 6.844524 0.098530 6.743640
v 7.010371 0.215463 6.999919
v 7.131473 0.235809 6.663280
v 7.131473 0.235809 6.663280
v 6.849837 0.235809 6.445710
v 6.844524 0.098530 6.743640
v 6.844524 0.098530 6.743640
v 6.653884 0.202888 6.990417
v 7.010371 0.215463 6.999919
v 6.844524 0.098530 6.743640
v 6.554671 0.215463 6.647882
v 6.653884 0.202888 6.990417
v 6.844524 0.098530 6.743640
v 6.849837 0.235809 6.445710
v 6.554671 0.215463 6.647882
v 7.131473 0.235809 6.663280
v 7.018953 0.437569 6.517848
v 6.849837 0.235809 6.445710
v 7.010371 0.215463 6.999919
v 7.118177 0.424995 6.860368
v 7.131473 0.235809 6.663280
v 6.653884 0.202888 6.990417
v 6.823027 0.404650 7.062552
v 7.010371 0.215463 6.999919
v 6.554671 0.215463 6.647882
v 6.541391 0.404650 6.844983
v 6.653884 0.202888 6.990417
v 6.849837 0.235809 6.445710
v 6.662477 0.424995 6.508331
v 6.554671 0.215463 6.647882
v 7.131473 0.235809 6.663280
v 7.118177 0.424995 6.860368
v 7.018953 0.437569 6.517848
v 7.010371 0.215463 6.999919
v 6.823027 0.404650 7.062552
v 7.118177 0.424995 6.860368
v 6.653884 0.202888 6.990417
v 6.541391 0.404650 6.844983
v 6.823027 0.404650 7.062552
v 6.554671 0.215463 6.647882
v 6.662477 0.424995 6.508331
v 6.541391 0.404650 6.844983
v 6.849837 0.235809 6.445710
v 7.018953 0.437569 6.517848
v 6.662477 0.424995 6.508331
v 7.118177 0.424995 6.860368
v 6.828325 0.541919 6.764610
v 7.018953 0.437569 6.517848
v 6.823027 0.404650 7.062552
v 6.828325 0.541919 6.764610
v 7.118177 0.424995 6.860368
v 6.541391 0.404650 6.844983
v 6.828325 0.541919 6.764610
v 6.823027 0.404650 7.062552
v 6.662477 0.424995 6.508331
v 6.828325 0.541919 6.764610
v 6.541391 0.404650 6.844983
v 7.018953 0.437569 6.517848
v 6.828325 0.541919 6.764610
v 6.662477 0.424995 6.508331
v 7.132700 0.033620 6.457122
v 7.298548 0.150544 6.713401
v 7.419634 0.170890 6.376750
v 7.419634 0.170890 6.376750
v 7.137998 0.170890 6.159180
v 7.132700 0.033620 6.457122
v 7.132700 0.033620 6.457122
v 6.942060 0.137969 6.703899
v 7.298548 0.150544 6.713401
v 7.132700 0.033620 6.457122
v 6.842848 0.150544 6.361364
v 6.942060 0.137969 6.703899
v 7.132700 0.033620 6.457122
v 7.137998 0.170890 6.159180
v 6.842848 0.150544 6.361364
v 7.419634 0.170890 6.376750
v 7.307129 0.372659 6.231330
v 7.137998 0.170890 6.159180
v 7.298548 0.150544 6.713401
v 7.406342 0.360084 6.573866
v 7.419634 0.170890 6.376750
v 6.942060 0.137969 6.703899
v 7.111176 0.339738 6.776037
v 7.298548 0.150544 6.713401
v 6.842848 0.150544 6.361364
v 6.829540 0.339738 6.558468
v 6.942060 0.137969 6.703899
v 7.137998 0.170890 6.159180
v 6.950642 0.360084 6.221828
v 6.842848 0.150544 6.361364
v 7.419634 0.170890 6.376750
v 7.406342 0.360084 6.573866
v 7.307129 0.372659 6.231330
v 7.298548 0.150544 6.713401
v 7.111176 0.339738 6.776037
v 7.406342 0.360084 6.573866
v 6.942060 0.137969 6.703899
v 6.829540 0.339738 6.558468
v 7.111176 0.339738 6.776037
v 6.842848 0.150544 6.361364
v 6.950642 0.360084 6.221828
v 6.829540 0.339738 6.558468
v 7.137998 0.170890 6.159180
v 7.307129 0.372659 6.231330
v 6.950642 0.360084 6.221828
v 7.406342 0.360084 6.573866
v 7.116501 0.477009 6.478092
v 7.307129 0.372659 6.231330
v 7.111176 0.339738 6.776037
v 7.116501 0.477009 6.478092
v 7.406342 0.360084 6.573866
v 6.829540 0.339738 6.558468
v 7.116501 0.477009 6.478092
v 7.111176 0.339738 6.776037
v 6.950642 0.360084 6.221828
v 7.116501 0.477009 6.478092
v 6.829540 0.339738 6.558468
v 7.307129 0.372659 6.231330
v 7.116501 0.477009 6.478092
v 6.950642 0.360084 6.221828
v 6.708001 0.022884 6.346184
v 6.889857 0.245077 6.057302
v 6.864056 0.260702 6.059101
v 6.754056 -0.005012 6.342989
v 6.754056 -0.005012 6.342989
v 6.917831 0.249623 6.076105
v 6.889857 0.245077 6.057302
v 6.804024 0.003102 6.376581
v 6.804024 0.003102 6.376581
v 6.920019 0.269794 6.096719
v 6.917831 0.249623 6.076105
v 6.807936 0.039120 6.413367
v 6.807936 0.039120 6.413367
v 6.894218 0.285411 6.098517
v 6.920019 0.269794 6.096719
v 6.761869 0.067015 6.416576
v 6.917831 0.249623 6.076105
v 6.864056 0.260702 6.059101
v 6.889857 0.245077 6.057302
v 6.894218 0.285411 6.098517
v 6.920019 0.269794 6.096719
v 6.866256 0.280865 6.079699
v 6.761869 0.067015 6.416576
v 6.866256 0.280865 6.079699
v 6.894218 0.285411 6.098517
v 6.711914 0.058893 6.382970
v 6.711914 0.058893 6.382970
v 6.864056 0.260702 6.059101
v 6.866256 0.280865 6.079699
v 6.708001 0.022884 6.346184
v 6.711914 0.058893 6.382970
v 6.754056 -0.005012 6.342989
v 6.708001 0.022884 6.346184
v 6.807936 0.039120 6.413367
v 6.761869 0.067015 6.416576
v 6.804024 0.003102 6.376581
v 6.724151 -0.003252 6.353342
v 6.467095 0.326334 6.096553
v 6.441213 0.317123 6.108772
v 6.770391 0.013202 6.331538
v 6.770391 0.013202 6.331538
v 6.486043 0.345518 6.111355
v 6.467095 0.326334 6.096553
v 6.804208 0.047451 6.357971
v 6.804208 0.047451 6.357971
v 6.479081 0.355482 6.138378
v 6.486043 0.345518 6.111355
v 6.791786 0.065256 6.406209
v 6.791786 0.065256 6.406209
v 6.453182 0.346271 6.150585
v 6.479081 0.355482 6.138378
v 6.745546 0.048802 6.428013
v 6.486043 0.345518 6.111355
v 6.441213 0.317123 6.108772
v 6.467095 0.326334 6.096553
v 6.453182 0.346271 6.150585
v 6.479081 0.355482 6.138378
v 6.434234 0.327087 6.135783
v 6.745546 0.048802 6.428013
v 6.434234 0.327087 6.135783
v 6.453182 0.346271 6.150585
v 6.711717 0.014543 6.401595
v 6.711717 0.014543 6.401595
v 6.441213 0.317123 6.108772
v 6.434234 0.327087 6.135783
v 6.724151 -0.003252 6.353342
v 6.711717 0.014543 6.401595
v 6.770391 0.013202 6.331538
v 6.724151 -0.003252 6.353342
v 6.791786 0.065256 6.406209
v 6.745546 0.048802 6.428013
v 6.804208 0.047451 6.357971
v 6.719069 0.015099 6.337619
v 6.425699 0.240766 6.507799
v 6.409227 0.217896 6.511110
v 6.748466 0.055943 6.331691
v 6.748466 0.055943 6.331691
v 6.447483 0.249670 6.531406
v 6.425699 0.240766 6.507799
v 6.787377 0.071843 6.373832
v 6.787377 0.071843 6.373832
v 6.452810 0.235704 6.558337
v 6.447483 0.249670 6.531406
v 6.796867 0.046905 6.421932
v 6.796867 0.046905 6.421932
v 6.436338 0.212834 6.561649
v 6.452810 0.235704 6.558337
v 6.767459 0.006060 6.427876
v 6.447483 0.249670 6.531406
v 6.409227 0.217896 6.511110
v 6.425699 0.240766 6.507799
v 6.436338 0.212834 6.561649
v 6.452810 0.235704 6.558337
v 6.414555 0.203930 6.538042
v 6.767459 0.006060 6.427876
v 6.414555 0.203930 6.538042
v 6.436338 0.212834 6.561649
v 6.728560 -0.009839 6.385719
v 6.728560 -0.009839 6.385719
v 6.409227 0.217896 6.511110
v 6.414555 0.203930 6.538042
v 6.719069 0.015099 6.337619
v 6.728560 -0.009839 6.385719
v 6.748466 0.055943 6.331691
v 6.719069 0.015099 6.337619
v 6.796867 0.046905 6.421932
v 6.767459 0.006060 6.427876
v 6.787377 0.071843 6.373832
v 6.711760 0.055854 6.355989
v 6.840074 0.339775 6.733290
v 6.810556 0.334143 6.740815
v 6.764465 0.065903 6.342549
v 6.764465 0.065903 6.342549
v 6.865942 0.325857 6.746600
v 6.840074 0.339775 6.733290
v 6.810689 0.041056 6.366348
v 6.810689 0.041056 6.366348
v 6.862308 0.306315 6.767447
v 6.865942 0.325857 6.746600
v 6.804177 0.006150 6.403563
v 6.804177 0.006150 6.403563
v 6.832790 0.300683 6.774973
v 6.862308 0.306315 6.767447
v 6.751456 -0.003900 6.416990
v 6.865942 0.325857 6.746600
v 6.810556 0.334143 6.740815
v 6.840074 0.339775 6.733290
v 6.832790 0.300683 6.774973
v 6.862308 0.306315 6.767447
v 6.806907 0.314601 6.761651
v 6.751456 -0.003900 6.416990
v 6.806907 0.314601 6.761651
v 6.832790 0.300683 6.774973
v 6.705248 0.020948 6.393203
v 6.705248 0.020948 6.393203
v 6.810556 0.334143 6.740815
v 6.806907 0.314601 6.761651
v 6.711760 0.055854 6.355989
v 6.705248 0.020948 6.393203
v 6.764465 0.065903 6.342549
v 6.711760 0.055854 6.355989
v 6.804177 0.006150 6.403563
v 6.751456 -0.003900 6.416990
v 6.810689 0.041056 6.366348
v 6.730144 0.065997 6.348564
v 7.126798 0.257051 6.436962
v 7.109007 0.274910 6.450134
v 6.761894 0.034109 6.325050
v 6.761894 0.034109 6.325050
v 7.142379 0.237455 6.454450
v 7.126798 0.257051 6.436962
v 6.789734 -0.000891 6.356274
v 6.789734 -0.000891 6.356274
v 7.140167 0.235709 6.485083
v 7.142379 0.237455 6.454450
v 6.785793 -0.004002 6.410986
v 6.785793 -0.004002 6.410986
v 7.122376 0.253577 6.498256
v 7.140167 0.235709 6.485083
v 6.754027 0.027895 6.434488
v 7.142379 0.237455 6.454450
v 7.109007 0.274910 6.450134
v 7.126798 0.257051 6.436962
v 7.122376 0.253577 6.498256
v 7.140167 0.235709 6.485083
v 7.106795 0.273173 6.480767
v 6.754027 0.027895 6.434488
v 7.106795 0.273173 6.480767
v 7.122376 0.253577 6.498256
v 6.726191 0.062893 6.403292
v 6.726191 0.062893 6.403292
v 7.109007 0.274910 6.450134
v 7.106795 0.273173 6.480767
v 6.730144 0.065997 6.348564
v 6.726191 0.062893 6.403292
v 6.761894 0.034109 6.325050
v 6.730144 0.065997 6.348564
v 6.785793 -0.004002 6.410986
v 6.754027 0.027895 6.434488
v 6.789734 -0.000891 6.356274
vn -0.4033 -0.5849 -0.7037
vn -0.4031 -0.5850 -0.7037
vn 0.4378 -0.7693 -0.4653
vn 0.4381 -0.7692 -0.4652
vn 0.9545 -0.2573 0.1504
vn 0.4354 0.6473 0.6257
vn 0.4355 0.6472 0.6256
vn 0.3475 0.6514 -0.6745
vn 0.3475 0.6516 -0.6743
vn 0.3474 0.6515 -0.6744
vn 0.3478 0.6512 -0.6745
vn -0.4020 0.8243 0.3987
vn -0.4019 0.8243 0.3988
vn -0.9168 0.3297 -0.2253
vn -0.9168 0.3297 -0.2252
vn -0.3477 -0.6513 0.6745
vn -0.3476 -0.6513 0.6745
vn -0.3476 -0.6516 0.6742
vn -0.3477 -0.6515 0.6743
vn 0.4538 -0.8843 0.1098
vn 0.3045 -0.8672 -0.3941
vn 0.0215 -0.9148 0.4034
vn -0.3958 -0.9148 0.0811
vn -0.2208 -0.8843 -0.4114
vn 0.5958 -0.2237 -0.7713
vn 0.9131 -0.2616 0.3127
vn -0.0137 -0.3265 0.9451
vn -0.9110 -0.3264 0.2519
vn -0.5331 -0.2616 -0.8046
vn 0.9110 0.3264 -0.2519
vn 0.5331 0.2616 0.8046
vn -0.5959 0.2237 0.7713
vn -0.9131 0.2616 -0.3126
vn 0.0139 0.3266 -0.9451
vn 0.3958 0.9148 -0.0811
vn 0.2208 0.8843 0.4114
vn -0.3045 0.8672 0.3941
vn -0.4538 0.8843 -0.1098
vn -0.0215 0.9148 -0.4034
vn -0.1127 -0.6639 -0.7393
vn -0.1125 -0.6638 -0.7394
vn 0.6143 0.0026 -0.7891
vn 0.6142 0.0026 -0.7892
vn 0.7118 0.6985 -0.0741
vn 0.7119 0.6983 -0.0744
vn 0.0717 0.7171 0.6933
vn -0.4709 0.7813 -0.4097
vn -0.4712 0.7811 -0.4097
vn -0.4709 0.7814 -0.4094
vn -0.4708 0.7812 -0.4098
vn -0.6529 0.0624 0.7549
vn -0.6528 0.0625 0.7549
vn -0.7642 -0.6437 0.0407
vn -0.7641 -0.6438 0.0405
vn 0.4711 -0.7813 0.4095
vn 0.4712 -0.7812 0.4096
vn 0.4711 -0.7811 0.4097
vn 0.4710 -0.7812 0.4096
vn 0.0215 -0.9147 0.4035
vn -0.3958 -0.9147 0.0811
vn -0.2209 -0.8843 -0.4114
vn 0.5958 -0.2238 -0.7713
vn 0.9130 -0.2613 0.3132
vn -0.9131 0.2616 -0.3127
vn 0.0136 0.3264 -0.9451
vn 0.3958 0.9147 -0.0811
vn -0.0215 0.9147 -0.4035
vn -0.4015 0.1581 -0.9021
vn -0.4016 0.1581 -0.9020
vn 0.2046 0.8385 -0.5050
vn 0.2045 0.8385 -0.5052
vn 0.5472 0.7824 0.2975
vn 0.5473 0.7823 0.2976
vn 0.3214 -0.0950 0.9422
vn 0.3216 -0.0945 0.9421
vn -0.7007 0.5673 0.4326
vn -0.7007 0.5673 0.4327
vn -0.7006 0.5673 0.4328
vn -0.7008 0.5671 0.4327
vn -0.2718 -0.7904 0.5489
vn -0.6261 -0.7359 -0.2578
vn -0.6261 -0.7359 -0.2580
vn 0.7009 -0.5672 -0.4324
vn 0.7007 -0.5674 -0.4326
vn 0.7007 -0.5674 -0.4325
vn 0.7004 -0.5677 -0.4325
vn 0.5959 -0.2237 -0.7713
vn 0.9111 0.3264 -0.2516
vn 0.0137 0.3264 -0.9451
vn -0.2849 0.8100 -0.5126
vn -0.2851 0.8099 -0.5125
vn 0.5970 0.5981 -0.5347
vn 0.5971 0.5981 -0.5346
vn 0.9825 -0.1862 -0.0033
vn 0.9824 -0.1866 -0.0031
vn 0.2925 -0.7601 0.5803
vn 0.2927 -0.7601 0.5802
vn 0.0368 0.7255 0.6872
vn 0.0368 0.7258 0.6870
vn 0.0366 0.7259 0.6868
vn 0.0366 0.7257 0.6870
vn -0.5961 -0.5396 0.5945
vn -0.5962 -0.5396 0.5945
vn -0.9657 0.2508 0.0666
vn -0.9657 0.2510 0.0664
vn -0.0366 -0.7257 -0.6870
vn -0.0366 -0.7258 -0.6869
vn -0.0366 -0.7258 -0.6870
vn -0.0367 -0.7257 -0.6870
vn -0.0137 -0.3264 0.9451
vn -0.9111 -0.3264 0.2519
vn 0.9110 0.3265 -0.2519
vn -0.5958 0.2238 0.7713
vn -0.0749 0.5425 -0.8367
vn -0.0745 0.5425 -0.8367
vn 0.4651 -0.3539 -0.8115
vn 0.4651 -0.3539 -0.8114
vn 0.5612 -0.8276 -0.0066
vn 0.1490 -0.4864 0.8609
vn 0.1488 -0.4862 0.8611
vn 0.7383 0.6683 0.0911
vn 0.7383 0.6683 0.0912
vn 0.7384 0.6682 0.0912
vn 0.7384 0.6681 0.0911
vn -0.3961 0.4152 0.8190
vn -0.3960 0.4151 0.8191
vn -0.4859 0.8739 0.0148
vn -0.4858 0.8740 0.0145
vn -0.7385 -0.6680 -0.0912
vn -0.7383 -0.6682 -0.0914
vn -0.7383 -0.6683 -0.0909
vn -0.7381 -0.6685 -0.0912
vn 0.9132 -0.2616 0.3126
vn -0.9110 -0.3265 0.2519
vn -0.5331 -0.2615 -0.8046
vn -0.9131 0.2615 -0.3127
vn 0.0137 0.3265 -0.9451
vn -0.3044 0.8672 0.3941
vn -0.0215 0.9147 -0.4034
vt 1.000000 1.000015
vt 0.833310 1.000015
vt 1.000000 0.500008
vt 0.833310 0.500008
vt 0.666651 1.000015
vt 0.666651 0.500008
vt 0.499992 1.000015
vt 0.499992 0.500008
vt 0.333303 1.000015
vt 0.333303 0.500008
vt 0.457816 0.370001
vt 0.249989 0.490028
vt 0.457816 0.130007
vt 0.042130 0.130007
vt 0.249989 0.010010
vt 0.042130 0.370001
vt 0.166644 1.000015
vt 0.166644 0.500008
vt -0.000015 1.000015
vt -0.000015 0.500008
vt 0.749996 0.490028
vt 0.957824 0.370001
vt 0.542138 0.370001
vt 0.749996 0.010010
vt 0.542138 0.130007
vt 0.957824 0.130007
vt 0.272725 0.157473
vt 0.090898 0.157473
vt 0.181811 0.000000
vt 0.363607 0.000000
vt 0.454520 0.157473
vt 1.000000 0.157473
vt 0.818174 0.157473
vt 0.909087 0.000000
vt 0.636347 0.157473
vt 0.727260 0.000000
vt 0.545434 0.000000
vt 0.363607 0.314946
vt 0.181811 0.314946
vt 0.909087 0.314946
vt 0.727260 0.314946
vt 0.545434 0.314946
vt -0.000015 0.314946
vt 0.272725 0.472389
vt 0.090898 0.472389
vt 0.818174 0.472389
vt 0.636347 0.472389
vt 0.454520 0.472389
s 0
usemtl Material_1
f 10611/49/3162 10610/50/3162 10609/51/3162
f 10610/50/3163 10612/52/3163 10609/51/3163
f 10615/50/3164 10614/53/3164 10613/52/3164
f 10614/53/3165 10616/54/3165 10613/52/3165
f 10619/53/3166 10618/55/3166 10617/54/3166
f 10618/55/3166 10620/56/3166 10617/54/3166
f 10623/55/3167 10622/57/3167 10621/56/3167
f 10622/57/3168 10624/58/3168 10621/56/3168
f 10627/59/3169 10626/60/3169 10625/61/3169
f 10628/62/3170 10625/61/3170 10626/60/3170
f 10629/63/3171 10625/61/3171 10628/62/3171
f 10630/64/3172 10628/62/3172 10626/60/3172
f 10633/57/3173 10632/65/3173 10631/58/3173
s 1
f 10632/65/3174 10634/66/3174 10631/58/3174
s 0
f 10637/65/3175 10636/67/3175 10635/66/3175
f 10636/67/3176 10638/68/3176 10635/66/3176
f 10641/69/3177 10640/70/3177 10639/71/3177
f 10642/72/3178 10639/71/3178 10640/70/3178
f 10643/73/3179 10639/71/3179 10642/72/3179
s 1
f 10644/74/3180 10642/72/3180 10640/70/3180
s 0
f 10311/75/3181 10310/76/3181 10309/77/3181
f 10314/78/3182 10313/79/3182 10312/75/3182
f 10317/80/3183 10316/81/3183 10315/82/3183
f 10320/81/3184 10319/83/3184 10318/84/3184
f 10323/83/3185 10322/79/3185 10321/85/3185
f 10326/79/3186 10325/86/3186 10324/75/3186
f 10329/75/3187 10328/87/3187 10327/76/3187
f 10332/80/3188 10331/88/3188 10330/81/3188
f 10335/81/3189 10334/89/3189 10333/83/3189
f 10338/83/3190 10337/90/3190 10336/79/3190
f 10341/86/3191 10340/87/3191 10339/75/3191
f 10344/87/3192 10343/91/3192 10342/76/3192
f 10347/88/3193 10346/89/3193 10345/81/3193
f 10350/89/3194 10349/90/3194 10348/83/3194
f 10353/90/3195 10352/86/3195 10351/79/3195
f 10356/86/3196 10355/92/3196 10354/87/3196
f 10359/87/3197 10358/93/3197 10357/91/3197
f 10362/88/3198 10361/94/3198 10360/89/3198
f 10365/89/3199 10364/95/3199 10363/90/3199
f 10368/90/3200 10367/96/3200 10366/86/3200
f 10647/49/3201 10646/50/3201 10645/51/3201
f 10646/50/3202 10648/52/3202 10645/51/3202
f 10651/50/3203 10650/53/3203 10649/52/3203
f 10650/53/3204 10652/54/3204 10649/52/3204
f 10655/53/3205 10654/55/3205 10653/54/3205
f 10654/55/3206 10656/56/3206 10653/54/3206
f 10659/55/3207 10658/57/3207 10657/56/3207
f 10658/57/3207 10660/58/3207 10657/56/3207
s 1
f 10663/59/3208 10662/60/3208 10661/61/3208
s 0
f 10664/62/3209 10661/61/3209 10662/60/3209
f 10665/63/3210 10661/61/3210 10664/62/3210
f 10666/64/3211 10664/62/3211 10662/60/3211
f 10669/57/3212 10668/65/3212 10667/58/3212
f 10668/65/3213 10670/66/3213 10667/58/3213
s 1
f 10673/65/3214 10672/67/3214 10671/66/3214
s 0
f 10672/67/3215 10674/68/3215 10671/66/3215
f 10677/69/3216 10676/70/3216 10675/71/3216
f 10678/72/3217 10675/71/3217 10676/70/3217
f 10679/73/3218 10675/71/3218 10678/72/3218
f 10680/74/3219 10678/72/3219 10676/70/3219
f 10371/75/3181 10370/76/3181 10369/77/3181
f 10374/78/3182 10373/79/3182 10372/75/3182
f 10377/80/3220 10376/81/3220 10375/82/3220
f 10380/81/3221 10379/83/3221 10378/84/3221
f 10383/83/3222 10382/79/3222 10381/85/3222
f 10386/79/3223 10385/86/3223 10384/75/3223
s 1
f 10389/75/3224 10388/87/3224 10387/76/3224
s 0
f 10392/80/3188 10391/88/3188 10390/81/3188
f 10395/81/3189 10394/89/3189 10393/83/3189
f 10398/83/3190 10397/90/3190 10396/79/3190
s 1
f 10401/86/3191 10400/87/3191 10399/75/3191
s 0
f 10404/87/3192 10403/91/3192 10402/76/3192
f 10407/88/3193 10406/89/3193 10405/81/3193
f 10410/89/3225 10409/90/3225 10408/83/3225
f 10413/90/3226 10412/86/3226 10411/79/3226
f 10416/86/3227 10415/92/3227 10414/87/3227
f 10419/87/3197 10418/93/3197 10417/91/3197
f 10422/88/3198 10421/94/3198 10420/89/3198
f 10425/89/3199 10424/95/3199 10423/90/3199
f 10428/90/3228 10427/96/3228 10426/86/3228
f 10683/49/3229 10682/50/3229 10681/51/3229
f 10682/50/3230 10684/52/3230 10681/51/3230
f 10687/50/3231 10686/53/3231 10685/52/3231
f 10686/53/3232 10688/54/3232 10685/52/3232
f 10691/53/3233 10690/55/3233 10689/54/3233
f 10690/55/3234 10692/56/3234 10689/54/3234
f 10695/55/3235 10694/57/3235 10693/56/3235
f 10694/57/3236 10696/58/3236 10693/56/3236
f 10699/59/3237 10698/60/3237 10697/61/3237
f 10700/62/3238 10697/61/3238 10698/60/3238
f 10701/63/3239 10697/61/3239 10700/62/3239
f 10702/64/3240 10700/62/3240 10698/60/3240
f 10705/57/3241 10704/65/3241 10703/58/3241
f 10704/65/3241 10706/66/3241 10703/58/3241
f 10709/65/3242 10708/67/3242 10707/66/3242
f 10708/67/3243 10710/68/3243 10707/66/3243
f 10713/69/3244 10712/70/3244 10711/71/3244
f 10714/72/3245 10711/71/3245 10712/70/3245
f 10715/73/3246 10711/71/3246 10714/72/3246
f 10716/74/3247 10714/72/3247 10712/70/3247
f 10431/75/3181 10430/76/3181 10429/77/3181
f 10434/78/3182 10433/79/3182 10432/75/3182
f 10437/80/3183 10436/81/3183 10435/82/3183
f 10440/81/3184 10439/83/3184 10438/84/3184
f 10443/83/3185 10442/79/3185 10441/85/3185
f 10446/79/3248 10445/86/3248 10444/75/3248
f 10449/75/3187 10448/87/3187 10447/76/3187
f 10452/80/3188 10451/88/3188 10450/81/3188
f 10455/81/3189 10454/89/3189 10453/83/3189
f 10458/83/3190 10457/90/3190 10456/79/3190
f 10461/86/3249 10460/87/3249 10459/75/3249
f 10464/87/3192 10463/91/3192 10462/76/3192
f 10467/88/3193 10466/89/3193 10465/81/3193
f 10470/89/3194 10469/90/3194 10468/83/3194
s 1
f 10473/90/3250 10472/86/3250 10471/79/3250
s 0
f 10476/86/3196 10475/92/3196 10474/87/3196
f 10479/87/3197 10478/93/3197 10477/91/3197
f 10482/88/3198 10481/94/3198 10480/89/3198
f 10485/89/3199 10484/95/3199 10483/90/3199
f 10488/90/3200 10487/96/3200 10486/86/3200
f 10719/49/3251 10718/50/3251 10717/51/3251
f 10718/50/3252 10720/52/3252 10717/51/3252
f 10723/50/3253 10722/53/3253 10721/52/3253
f 10722/53/3254 10724/54/3254 10721/52/3254
f 10727/53/3255 10726/55/3255 10725/54/3255
f 10726/55/3256 10728/56/3256 10725/54/3256
s 1
f 10731/55/3257 10730/57/3257 10729/56/3257
s 0
f 10730/57/3258 10732/58/3258 10729/56/3258
f 10735/59/3259 10734/60/3259 10733/61/3259
f 10736/62/3260 10733/61/3260 10734/60/3260
f 10737/63/3261 10733/61/3261 10736/62/3261
f 10738/64/3262 10736/62/3262 10734/60/3262
f 10741/57/3263 10740/65/3263 10739/58/3263
f 10740/65/3264 10742/66/3264 10739/58/3264
f 10745/65/3265 10744/67/3265 10743/66/3265
f 10744/67/3266 10746/68/3266 10743/66/3266
f 10749/69/3267 10748/70/3267 10747/71/3267
f 10750/72/3268 10747/71/3268 10748/70/3268
f 10751/73/3269 10747/71/3269 10750/72/3269
f 10752/74/3270 10750/72/3270 10748/70/3270
f 10491/75/3181 10490/76/3181 10489/77/3181
f 10494/78/3182 10493/79/3182 10492/75/3182
f 10497/80/3220 10496/81/3220 10495/82/3220
f 10500/81/3221 10499/83/3221 10498/84/3221
f 10503/83/3185 10502/79/3185 10501/85/3185
f 10506/79/3248 10505/86/3248 10504/75/3248
f 10509/75/3187 10508/87/3187 10507/76/3187
f 10512/80/3271 10511/88/3271 10510/81/3271
f 10515/81/3272 10514/89/3272 10513/83/3272
f 10518/83/3190 10517/90/3190 10516/79/3190
f 10521/86/3273 10520/87/3273 10519/75/3273
f 10524/87/3192 10523/91/3192 10522/76/3192
f 10527/88/3274 10526/89/3274 10525/81/3274
f 10530/89/3194 10529/90/3194 10528/83/3194
f 10533/90/3250 10532/86/3250 10531/79/3250
f 10536/86/3196 10535/92/3196 10534/87/3196
s 1
f 10539/87/3197 10538/93/3197 10537/91/3197
s 0
f 10542/88/3198 10541/94/3198 10540/89/3198
f 10545/89/3199 10544/95/3199 10543/90/3199
f 10548/90/3200 10547/96/3200 10546/86/3200
f 10755/49/3275 10754/50/3275 10753/51/3275
f 10754/50/3276 10756/52/3276 10753/51/3276
f 10759/50/3277 10758/53/3277 10757/52/3277
s 1
f 10758/53/3278 10760/54/3278 10757/52/3278
s 0
f 10763/53/3279 10762/55/3279 10761/54/3279
f 10762/55/3279 10764/56/3279 10761/54/3279
f 10767/55/3280 10766/57/3280 10765/56/3280
f 10766/57/3281 10768/58/3281 10765/56/3281
f 10771/59/3282 10770/60/3282 10769/61/3282
f 10772/62/3283 10769/61/3283 10770/60/3283
f 10773/63/3284 10769/61/3284 10772/62/3284
f 10774/64/3285 10772/62/3285 10770/60/3285
s 1
f 10777/57/3286 10776/65/3286 10775/58/3286
s 0
f 10776/65/3287 10778/66/3287 10775/58/3287
f 10781/65/3288 10780/67/3288 10779/66/3288
f 10780/67/3289 10782/68/3289 10779/66/3289
f 10785/69/3290 10784/70/3290 10783/71/3290
f 10786/72/3291 10783/71/3291 10784/70/3291
f 10787/73/3292 10783/71/3292 10786/72/3292
f 10788/74/3293 10786/72/3293 10784/70/3293
f 10551/75/3181 10550/76/3181 10549/77/3181
f 10554/78/3182 10553/79/3182 10552/75/3182
f 10557/80/3183 10556/81/3183 10555/82/3183
f 10560/81/3184 10559/83/3184 10558/84/3184
f 10563/83/3185 10562/79/3185 10561/85/3185
f 10566/79/3248 10565/86/3248 10564/75/3248
f 10569/75/3294 10568/87/3294 10567/76/3294
f 10572/80/3271 10571/88/3271 10570/81/3271
f 10575/81/3295 10574/89/3295 10573/83/3295
f 10578/83/3296 10577/90/3296 10576/79/3296
f 10581/86/3191 10580/87/3191 10579/75/3191
f 10584/87/3192 10583/91/3192 10582/76/3192
f 10587/88/3193 10586/89/3193 10585/81/3193
f 10590/89/3297 10589/90/3297 10588/83/3297
f 10593/90/3298 10592/86/3298 10591/79/3298
f 10596/86/3227 10595/92/3227 10594/87/3227
f 10599/87/3197 10598/93/3197 10597/91/3197
f 10602/88/3299 10601/94/3299 10600/89/3299
f 10605/89/3199 10604/95/3199 10603/90/3199
f 10608/90/3300 10607/96/3300 10606/86/3300
o deadBrushInstances_0022
v 0.749990 0.036632 10.664578
v 0.949586 0.140255 10.655488
v 0.721275 0.158731 10.411242
v 0.721275 0.158731 10.411242
v 0.537085 0.158731 10.524320
v 0.749990 0.036632 10.664578
v 0.749990 0.036632 10.664578
v 0.906499 0.128836 10.919512
v 0.949586 0.140255 10.655488
v 0.749990 0.036632 10.664578
v 0.651559 0.140255 10.838452
v 0.906499 0.128836 10.919512
v 0.749990 0.036632 10.664578
v 0.537085 0.158731 10.524320
v 0.651559 0.140255 10.838452
v 0.721275 0.158731 10.411242
v 0.605080 0.337823 10.428537
v 0.537085 0.158731 10.524320
v 0.949586 0.140255 10.655488
v 0.860030 0.326403 10.509612
v 0.721275 0.158731 10.411242
v 0.906499 0.128836 10.919512
v 0.974514 0.307927 10.823739
v 0.949586 0.140255 10.655488
v 0.651559 0.140255 10.838452
v 0.790325 0.307927 10.936816
v 0.906499 0.128836 10.919512
v 0.537085 0.158731 10.524320
v 0.562003 0.326403 10.692576
v 0.651559 0.140255 10.838452
v 0.721275 0.158731 10.411242
v 0.860030 0.326403 10.509612
v 0.605080 0.337823 10.428537
v 0.949586 0.140255 10.655488
v 0.974514 0.307927 10.823739
v 0.860030 0.326403 10.509612
v 0.906499 0.128836 10.919512
v 0.790325 0.307927 10.936816
v 0.974514 0.307927 10.823739
v 0.651559 0.140255 10.838452
v 0.562003 0.326403 10.692576
v 0.790325 0.307927 10.936816
v 0.537085 0.158731 10.524320
v 0.605080 0.337823 10.428537
v 0.562003 0.326403 10.692576
v 0.860030 0.326403 10.509612
v 0.761599 0.430026 10.683487
v 0.605080 0.337823 10.428537
v 0.974514 0.307927 10.823739
v 0.761599 0.430026 10.683487
v 0.860030 0.326403 10.509612
v 0.790325 0.307927 10.936816
v 0.761599 0.430026 10.683487
v 0.974514 0.307927 10.823739
v 0.562003 0.326403 10.692576
v 0.761599 0.430026 10.683487
v 0.790325 0.307927 10.936816
v 0.605080 0.337823 10.428537
v 0.761599 0.430026 10.683487
v 0.562003 0.326403 10.692576
v 0.738332 0.099302 11.009911
v 0.937928 0.202932 11.000821
v 0.709616 0.221409 10.756576
v 0.709616 0.221409 10.756576
v 0.525427 0.221409 10.869653
v 0.738332 0.099302 11.009911
v 0.738332 0.099302 11.009911
v 0.894841 0.191514 11.264845
v 0.937928 0.202932 11.000821
v 0.738332 0.099302 11.009911
v 0.639911 0.202932 11.183779
v 0.894841 0.191514 11.264845
v 0.738332 0.099302 11.009911
v 0.525427 0.221409 10.869653
v 0.639911 0.202932 11.183779
v 0.709616 0.221409 10.756576
v 0.593422 0.400493 10.773870
v 0.525427 0.221409 10.869653
v 0.937928 0.202932 11.000821
v 0.848372 0.389073 10.854945
v 0.709616 0.221409 10.756576
v 0.894841 0.191514 11.264845
v 0.962856 0.370597 11.169071
v 0.937928 0.202932 11.000821
v 0.639911 0.202932 11.183779
v 0.778666 0.370597 11.282148
v 0.894841 0.191514 11.264845
v 0.525427 0.221409 10.869653
v 0.550355 0.389073 11.037903
v 0.639911 0.202932 11.183779
v 0.709616 0.221409 10.756576
v 0.848372 0.389073 10.854945
v 0.593422 0.400493 10.773870
v 0.937928 0.202932 11.000821
v 0.962856 0.370597 11.169071
v 0.848372 0.389073 10.854945
v 0.894841 0.191514 11.264845
v 0.778666 0.370597 11.282148
v 0.962856 0.370597 11.169071
v 0.639911 0.202932 11.183779
v 0.550355 0.389073 11.037903
v 0.778666 0.370597 11.282148
v 0.525427 0.221409 10.869653
v 0.593422 0.400493 10.773870
v 0.550355 0.389073 11.037903
v 0.848372 0.389073 10.854945
v 0.749941 0.492704 11.028820
v 0.593422 0.400493 10.773870
v 0.962856 0.370597 11.169071
v 0.749941 0.492704 11.028820
v 0.848372 0.389073 10.854945
v 0.778666 0.370597 11.282148
v 0.749941 0.492704 11.028820
v 0.962856 0.370597 11.169071
v 0.550355 0.389073 11.037903
v 0.749941 0.492704 11.028820
v 0.778666 0.370597 11.282148
v 0.593422 0.400493 10.773870
v 0.749941 0.492704 11.028820
v 0.550355 0.389073 11.037903
v 1.029607 0.001715 11.219357
v 1.229202 0.105338 11.210268
v 1.000891 0.123815 10.966022
v 1.000891 0.123815 10.966022
v 0.816702 0.123815 11.079100
v 1.029607 0.001715 11.219357
v 1.029607 0.001715 11.219357
v 1.186116 0.093919 11.474292
v 1.229202 0.105338 11.210268
v 1.029607 0.001715 11.219357
v 0.931176 0.105338 11.393232
v 1.186116 0.093919 11.474292
v 1.029607 0.001715 11.219357
v 0.816702 0.123815 11.079100
v 0.931176 0.105338 11.393232
v 1.000891 0.123815 10.966022
v 0.884706 0.302906 10.983333
v 0.816702 0.123815 11.079100
v 1.229202 0.105338 11.210268
v 1.139646 0.291487 11.064392
v 1.000891 0.123815 10.966022
v 1.186116 0.093919 11.474292
v 1.254130 0.273010 11.378518
v 1.229202 0.105338 11.210268
v 0.931176 0.105338 11.393232
v 1.069941 0.273010 11.491595
v 1.186116 0.093919 11.474292
v 0.816702 0.123815 11.079100
v 0.841620 0.291487 11.247356
v 0.931176 0.105338 11.393232
v 1.000891 0.123815 10.966022
v 1.139646 0.291487 11.064392
v 0.884706 0.302906 10.983333
v 1.229202 0.105338 11.210268
v 1.254130 0.273010 11.378518
v 1.139646 0.291487 11.064392
v 1.186116 0.093919 11.474292
v 1.069941 0.273010 11.491595
v 1.254130 0.273010 11.378518
v 0.931176 0.105338 11.393232
v 0.841620 0.291487 11.247356
v 1.069941 0.273010 11.491595
v 0.816702 0.123815 11.079100
v 0.884706 0.302906 10.983333
v 0.841620 0.291487 11.247356
v 1.139646 0.291487 11.064392
v 1.041215 0.395110 11.238266
v 0.884706 0.302906 10.983333
v 1.254130 0.273010 11.378518
v 1.041215 0.395110 11.238266
v 1.139646 0.291487 11.064392
v 1.069941 0.273010 11.491595
v 1.041215 0.395110 11.238266
v 1.254130 0.273010 11.378518
v 0.841620 0.291487 11.247356
v 1.041215 0.395110 11.238266
v 1.069941 0.273010 11.491595
v 0.884706 0.302906 10.983333
v 1.041215 0.395110 11.238266
v 0.841620 0.291487 11.247356
v 1.227362 0.084705 11.013373
v 1.426957 0.188336 11.004284
v 1.198646 0.206812 10.760038
v 1.198646 0.206812 10.760038
v 1.014457 0.206812 10.873116
v 1.227362 0.084705 11.013373
v 1.227362 0.084705 11.013373
v 1.383880 0.176916 11.268323
v 1.426957 0.188336 11.004284
v 1.227362 0.084705 11.013373
v 1.128931 0.188336 11.187248
v 1.383880 0.176916 11.268323
v 1.227362 0.084705 11.013373
v 1.014457 0.206812 10.873116
v 1.128931 0.188336 11.187248
v 1.198646 0.206812 10.760038
v 1.082461 0.385896 10.777348
v 1.014457 0.206812 10.873116
v 1.426957 0.188336 11.004284
v 1.337401 0.374477 10.858408
v 1.198646 0.206812 10.760038
v 1.383880 0.176916 11.268323
v 1.451885 0.356000 11.172534
v 1.426957 0.188336 11.004284
v 1.128931 0.188336 11.187248
v 1.267696 0.356000 11.285611
v 1.383880 0.176916 11.268323
v 1.014457 0.206812 10.873116
v 1.039375 0.374477 11.041372
v 1.128931 0.188336 11.187248
v 1.198646 0.206812 10.760038
v 1.337401 0.374477 10.858408
v 1.082461 0.385896 10.777348
v 1.426957 0.188336 11.004284
v 1.451885 0.356000 11.172534
v 1.337401 0.374477 10.858408
v 1.383880 0.176916 11.268323
v 1.267696 0.356000 11.285611
v 1.451885 0.356000 11.172534
v 1.128931 0.188336 11.187248
v 1.039375 0.374477 11.041372
v 1.267696 0.356000 11.285611
v 1.014457 0.206812 10.873116
v 1.082461 0.385896 10.777348
v 1.039375 0.374477 11.041372
v 1.337401 0.374477 10.858408
v 1.238970 0.478100 11.032282
v 1.082461 0.385896 10.777348
v 1.451885 0.356000 11.172534
v 1.238970 0.478100 11.032282
v 1.337401 0.374477 10.858408
v 1.267696 0.356000 11.285611
v 1.238970 0.478100 11.032282
v 1.451885 0.356000 11.172534
v 1.039375 0.374477 11.041372
v 1.238970 0.478100 11.032282
v 1.267696 0.356000 11.285611
v 1.082461 0.385896 10.777348
v 1.238970 0.478100 11.032282
v 1.039375 0.374477 11.041372
v 1.052231 0.027611 10.666712
v 1.251826 0.131234 10.657621
v 1.023505 0.149710 10.413383
v 1.023505 0.149710 10.413383
v 0.839315 0.149710 10.526460
v 1.052231 0.027611 10.666712
v 1.052231 0.027611 10.666712
v 1.208749 0.119814 10.921661
v 1.251826 0.131234 10.657621
v 1.052231 0.027611 10.666712
v 0.953799 0.131234 10.840586
v 1.208749 0.119814 10.921661
v 1.052231 0.027611 10.666712
v 0.839315 0.149710 10.526460
v 0.953799 0.131234 10.840586
v 1.023505 0.149710 10.413383
v 0.907330 0.328801 10.430686
v 0.839315 0.149710 10.526460
v 1.251826 0.131234 10.657621
v 1.162280 0.317381 10.511762
v 1.023505 0.149710 10.413383
v 1.208749 0.119814 10.921661
v 1.276754 0.298904 10.825894
v 1.251826 0.131234 10.657621
v 0.953799 0.131234 10.840586
v 1.092564 0.298904 10.938972
v 1.208749 0.119814 10.921661
v 0.839315 0.149710 10.526460
v 0.864253 0.317381 10.694726
v 0.953799 0.131234 10.840586
v 1.023505 0.149710 10.413383
v 1.162280 0.317381 10.511762
v 0.907330 0.328801 10.430686
v 1.251826 0.131234 10.657621
v 1.276754 0.298904 10.825894
v 1.162280 0.317381 10.511762
v 1.208749 0.119814 10.921661
v 1.092564 0.298904 10.938972
v 1.276754 0.298904 10.825894
v 0.953799 0.131234 10.840586
v 0.864253 0.317381 10.694726
v 1.092564 0.298904 10.938972
v 0.839315 0.149710 10.526460
v 0.907330 0.328801 10.430686
v 0.864253 0.317381 10.694726
v 1.162280 0.317381 10.511762
v 1.063839 0.421005 10.685620
v 0.907330 0.328801 10.430686
v 1.276754 0.298904 10.825894
v 1.063839 0.421005 10.685620
v 1.162280 0.317381 10.511762
v 1.092564 0.298904 10.938972
v 1.063839 0.421005 10.685620
v 1.276754 0.298904 10.825894
v 0.864253 0.317381 10.694726
v 1.063839 0.421005 10.685620
v 1.092564 0.298904 10.938972
v 0.907330 0.328801 10.430686
v 1.063839 0.421005 10.685620
v 0.864253 0.317381 10.694726
v 0.929704 0.017870 10.935977
v 0.740929 0.215449 10.666433
v 0.739524 0.229292 10.686568
v 0.932224 -0.006844 10.900043
v 0.932224 -0.006844 10.900043
v 0.757200 0.219486 10.653897
v 0.740929 0.215449 10.666433
v 0.961291 0.000361 10.877653
v 0.961291 0.000361 10.877653
v 0.772076 0.237366 10.661490
v 0.757200 0.219486 10.653897
v 0.987838 0.032287 10.891197
v 0.987838 0.032287 10.891197
v 0.770670 0.251201 10.681625
v 0.772076 0.237366 10.661490
v 0.985328 0.057000 10.927147
v 0.757200 0.219486 10.653897
v 0.739524 0.229292 10.686568
v 0.740929 0.215449 10.666433
v 0.770670 0.251201 10.681625
v 0.772076 0.237366 10.661490
v 0.754390 0.247165 10.694145
v 0.985328 0.057000 10.927147
v 0.754390 0.247165 10.694145
v 0.770670 0.251201 10.681625
v 0.956251 0.049789 10.949521
v 0.956251 0.049789 10.949521
v 0.739524 0.229292 10.686568
v 0.754390 0.247165 10.694145
v 0.929704 0.017870 10.935977
v 0.956251 0.049789 10.949521
v 0.932224 -0.006844 10.900043
v 0.929704 0.017870 10.935977
v 0.987838 0.032287 10.891197
v 0.985328 0.057000 10.927147
v 0.961291 0.000361 10.877653
v 0.936567 -0.005315 10.927242
v 0.725573 0.287190 11.001908
v 0.731703 0.278986 11.026998
v 0.925634 0.009342 10.882431
v 0.925634 0.009342 10.882431
v 0.738007 0.304212 10.994254
v 0.725573 0.287190 11.001908
v 0.947838 0.039731 10.868776
v 0.947838 0.039731 10.868776
v 0.756571 0.313021 11.011710
v 0.738007 0.304212 10.994254
v 0.980975 0.055472 10.899933
v 0.980975 0.055472 10.899933
v 0.762690 0.304817 11.036807
v 0.756571 0.313021 11.011710
v 0.991908 0.040816 10.944744
v 0.738007 0.304212 10.994254
v 0.731703 0.278986 11.026998
v 0.725573 0.287190 11.001908
v 0.762690 0.304817 11.036807
v 0.756571 0.313021 11.011710
v 0.750256 0.287795 11.044461
v 0.991908 0.040816 10.944744
v 0.750256 0.287795 11.044461
v 0.762690 0.304817 11.036807
v 0.969714 0.010417 10.958414
v 0.969714 0.010417 10.958414
v 0.731703 0.278986 11.026998
v 0.750256 0.287795 11.044461
v 0.936567 -0.005315 10.927242
v 0.969714 0.010417 10.958414
v 0.925634 0.009342 10.882431
v 0.936567 -0.005315 10.927242
v 0.980975 0.055472 10.899933
v 0.991908 0.040816 10.944744
v 0.947838 0.039731 10.868776
v 0.924742 0.010980 10.923804
v 1.015578 0.210827 11.220488
v 1.016355 0.190519 11.234533
v 0.923342 0.047249 10.898729
v 0.923342 0.047249 10.898729
v 1.034634 0.218721 11.214766
v 1.015578 0.210827 11.220488
v 0.957362 0.061346 10.888495
v 0.957362 0.061346 10.888495
v 1.054478 0.206306 11.223083
v 1.034634 0.218721 11.214766
v 0.992801 0.039178 10.903370
v 0.992801 0.039178 10.903370
v 1.055254 0.185998 11.237130
v 1.054478 0.206306 11.223083
v 0.994210 0.002907 10.928462
v 1.034634 0.218721 11.214766
v 1.016355 0.190519 11.234533
v 1.015578 0.210827 11.220488
v 1.055254 0.185998 11.237130
v 1.054478 0.206306 11.223083
v 1.036198 0.178104 11.242851
v 0.994210 0.002907 10.928462
v 1.036198 0.178104 11.242851
v 1.055254 0.185998 11.237130
v 0.960180 -0.011188 10.938679
v 0.960180 -0.011188 10.938679
v 1.016355 0.190519 11.234533
v 1.036198 0.178104 11.242851
v 0.924742 0.010980 10.923804
v 0.960180 -0.011188 10.938679
v 0.923342 0.047249 10.898729
v 0.924742 0.010980 10.923804
v 0.992801 0.039178 10.903370
v 0.994210 0.002907 10.928462
v 0.957362 0.061346 10.888495
v 0.936965 0.047118 10.937395
v 1.218572 0.298773 11.010489
v 1.220963 0.293746 11.036158
v 0.932694 0.056089 10.891560
v 0.932694 0.056089 10.891560
v 1.230775 0.286430 10.997159
v 1.218572 0.298773 11.010489
v 0.954510 0.034053 10.867746
v 0.954510 0.034053 10.867746
v 1.245379 0.269066 11.009491
v 1.230775 0.286430 10.997159
v 0.980577 0.003039 10.889780
v 0.980577 0.003039 10.889780
v 1.247770 0.264039 11.035160
v 1.245379 0.269066 11.009491
v 0.984838 -0.005932 10.935621
v 1.230775 0.286430 10.997159
v 1.220963 0.293746 11.036158
v 1.218572 0.298773 11.010489
v 1.247770 0.264039 11.035160
v 1.245379 0.269066 11.009491
v 1.235557 0.276383 11.048496
v 0.984838 -0.005932 10.935621
v 1.235557 0.276383 11.048496
v 1.247770 0.264039 11.035160
v 0.963032 0.016104 10.959429
v 0.963032 0.016104 10.959429
v 1.220963 0.293746 11.036158
v 1.235557 0.276383 11.048496
v 0.936965 0.047118 10.937395
v 0.963032 0.016104 10.959429
v 0.932694 0.056089 10.891560
v 0.936965 0.047118 10.937395
v 0.980577 0.003039 10.889780
v 0.984838 -0.005932 10.935621
v 0.954510 0.034053 10.867746
v 0.933494 0.056140 10.920121
v 1.036352 0.225881 10.660575
v 1.043882 0.241701 10.679836
v 0.920051 0.027893 10.885745
v 0.920051 0.027893 10.885745
v 1.050514 0.208487 10.656920
v 1.036352 0.225881 10.660575
v 0.945338 -0.003173 10.879205
v 0.945338 -0.003173 10.879205
v 1.072187 0.206907 10.672517
v 1.050514 0.208487 10.656920
v 0.984048 -0.005991 10.907053
v 0.984048 -0.005991 10.907053
v 1.079717 0.222734 10.691778
v 1.072187 0.206907 10.672517
v 0.997481 0.022265 10.941437
v 1.050514 0.208487 10.656920
v 1.043882 0.241701 10.679836
v 1.036352 0.225881 10.660575
v 1.079717 0.222734 10.691778
v 1.072187 0.206907 10.672517
v 1.065555 0.240128 10.695433
v 0.997481 0.022265 10.941437
v 1.065555 0.240128 10.695433
v 1.079717 0.222734 10.691778
v 0.972214 0.053329 10.947987
v 0.972214 0.053329 10.947987
v 1.043882 0.241701 10.679836
v 1.065555 0.240128 10.695433
v 0.933494 0.056140 10.920121
v 0.972214 0.053329 10.947987
v 0.920051 0.027893 10.885745
v 0.933494 0.056140 10.920121
v 0.984048 -0.005991 10.907053
v 0.997481 0.022265 10.941437
v 0.945338 -0.003173 10.879205
vn -0.8495 -0.4606 0.2573
vn -0.8495 -0.4607 0.2573
vn -0.2359 -0.7931 -0.5615
vn -0.2355 -0.7930 -0.5618
vn 0.6218 -0.1953 -0.7584
vn 0.8047 0.5140 -0.2970
vn 0.8048 0.5139 -0.2971
vn -0.5504 0.6696 -0.4987
vn -0.5502 0.6697 -0.4987
vn -0.5504 0.6697 -0.4986
vn -0.5502 0.6694 -0.4992
vn 0.1819 0.8424 0.5073
vn 0.1821 0.8424 0.5072
vn -0.6588 0.2461 0.7110
vn -0.6587 0.2462 0.7110
vn 0.5503 -0.6694 0.4990
vn 0.5504 -0.6694 0.4990
vn 0.5500 -0.6698 0.4989
vn 0.5500 -0.6697 0.4989
vn 0.3994 -0.8074 -0.4344
vn -0.2446 -0.8840 -0.3984
vn 0.4618 -0.8862 0.0370
vn -0.1760 -0.8862 0.4285
vn -0.5681 -0.8073 0.1595
vn -0.5067 -0.2490 -0.8254
vn 0.7101 -0.1898 -0.6781
vn 0.9482 -0.2839 0.1425
vn -0.3021 -0.2839 0.9100
vn -0.9260 -0.1898 0.3263
vn 0.3021 0.2839 -0.9100
vn 0.9260 0.1898 -0.3263
vn 0.5067 0.2490 0.8254
vn -0.7100 0.1898 0.6781
vn -0.9481 0.2841 -0.1427
vn 0.1760 0.8862 -0.4285
vn 0.5681 0.8074 -0.1596
vn 0.2446 0.8840 0.3984
vn -0.3994 0.8073 0.4344
vn -0.4618 0.8862 -0.0370
vn -0.8102 -0.5861 0.0063
vn -0.8103 -0.5860 0.0060
vn -0.5182 -0.0055 -0.8552
vn -0.5183 -0.0055 -0.8552
vn 0.3624 0.6183 -0.6974
vn 0.3622 0.6183 -0.6975
vn 0.7595 0.6499 0.0273
vn -0.6607 0.6509 0.3739
vn -0.6608 0.6507 0.3741
vn -0.6606 0.6510 0.3739
vn -0.6608 0.6508 0.3738
vn 0.4455 0.0757 0.8921
vn 0.4456 0.0758 0.8920
vn -0.4161 -0.5530 0.7218
vn -0.4162 -0.5531 0.7217
vn 0.6607 -0.6508 -0.3741
vn 0.6607 -0.6507 -0.3741
vn 0.6608 -0.6507 -0.3741
vn 0.6608 -0.6508 -0.3740
vn 0.3994 -0.8073 -0.4344
vn -0.1760 -0.8862 0.4286
vn -0.5681 -0.8073 0.1596
vn -0.5067 -0.2491 -0.8254
vn 0.7103 -0.1896 -0.6779
vn -0.7101 0.1898 0.6781
vn -0.9482 0.2839 -0.1424
vn 0.1760 0.8862 -0.4286
vn 0.5681 0.8073 -0.1596
vn -0.9689 0.1144 0.2195
vn -0.9689 0.1144 0.2196
vn -0.4410 0.8448 -0.3031
vn -0.4412 0.8447 -0.3030
vn 0.6015 0.6545 -0.4581
vn 0.6016 0.6544 -0.4581
vn 0.9856 -0.0689 -0.1541
vn 0.9856 -0.0685 -0.1543
vn 0.0111 0.5691 0.8222
vn 0.0113 0.5690 0.8222
vn 0.0114 0.5691 0.8222
vn 0.0112 0.5689 0.8223
vn 0.4498 -0.8044 0.3882
vn 0.4497 -0.8044 0.3882
vn -0.5985 -0.6044 0.5257
vn -0.5987 -0.6043 0.5257
vn -0.0107 -0.5689 -0.8223
vn -0.0112 -0.5691 -0.8222
vn -0.0111 -0.5692 -0.8221
vn -0.0113 -0.5695 -0.8219
vn 0.3024 0.2838 -0.9100
vn -0.9482 0.2839 -0.1425
vn -0.6813 0.7039 0.2010
vn -0.6812 0.7039 0.2012
vn -0.2069 0.6162 -0.7600
vn -0.2066 0.6161 -0.7601
vn 0.5281 -0.1495 -0.8359
vn 0.5283 -0.1498 -0.8358
vn 0.7376 -0.6465 -0.1949
vn 0.7376 -0.6464 -0.1951
vn 0.7422 0.6673 0.0615
vn 0.7420 0.6675 0.0615
vn 0.7418 0.6678 0.0617
vn 0.7420 0.6675 0.0617
vn 0.2820 -0.5615 0.7779
vn 0.2820 -0.5615 0.7780
vn -0.4764 0.2064 0.8546
vn -0.4766 0.2066 0.8545
vn -0.7420 -0.6676 -0.0617
vn -0.7419 -0.6676 -0.0617
vn -0.7420 -0.6675 -0.0616
vn 0.9482 -0.2839 0.1424
vn -0.3021 -0.2838 0.9100
vn 0.5067 0.2491 0.8254
vn -0.8815 0.4704 -0.0417
vn -0.8814 0.4704 -0.0421
vn -0.6409 -0.3813 -0.6663
vn -0.6408 -0.3813 -0.6663
vn 0.3452 -0.7558 -0.5564
vn 0.9139 -0.4052 -0.0244
vn 0.9140 -0.4051 -0.0242
vn 0.5121 0.5547 -0.6558
vn 0.5122 0.5546 -0.6558
vn 0.5121 0.5545 -0.6559
vn 0.6882 0.4381 0.5784
vn 0.6883 0.4379 0.5783
vn -0.2964 0.8169 0.4947
vn -0.2966 0.8169 0.4946
vn -0.5123 -0.5544 0.6559
vn -0.5123 -0.5546 0.6557
vn -0.5120 -0.5547 0.6559
vn -0.5121 -0.5549 0.6557
vn -0.5681 -0.8074 0.1596
vn 0.7100 -0.1898 -0.6781
vn 0.5681 0.8073 -0.1595
vn 0.2445 0.8840 0.3983
vn -0.3994 0.8074 0.4344
vt 1.000000 1.000015
vt 0.833310 1.000015
vt 1.000000 0.500008
vt 0.833310 0.500008
vt 0.666651 1.000015
vt 0.666651 0.500008
vt 0.499992 1.000015
vt 0.499992 0.500008
vt 0.333303 1.000015
vt 0.333303 0.500008
vt 0.457816 0.370001
vt 0.249989 0.490028
vt 0.457816 0.130007
vt 0.042130 0.130007
vt 0.249989 0.010010
vt 0.042130 0.370001
vt 0.166644 1.000015
vt 0.166644 0.500008
vt -0.000015 1.000015
vt -0.000015 0.500008
vt 0.749996 0.490028
vt 0.957824 0.370001
vt 0.542138 0.370001
vt 0.749996 0.010010
vt 0.542138 0.130007
vt 0.957824 0.130007
vt 0.272725 0.157473
vt 0.090898 0.157473
vt 0.181811 0.000000
vt 0.363607 0.000000
vt 0.454520 0.157473
vt 1.000000 0.157473
vt 0.818174 0.157473
vt 0.909087 0.000000
vt 0.636347 0.157473
vt 0.727260 0.000000
vt 0.545434 0.000000
vt 0.363607 0.314946
vt 0.181811 0.314946
vt 0.909087 0.314946
vt 0.727260 0.314946
vt 0.545434 0.314946
vt -0.000015 0.314946
vt 0.272725 0.472389
vt 0.090898 0.472389
vt 0.818174 0.472389
vt 0.636347 0.472389
vt 0.454520 0.472389
s 0
usemtl Material_1
f 11091/97/3301 11090/98/3301 11089/99/3301
f 11090/98/3302 11092/100/3302 11089/99/3302
f 11095/98/3303 11094/101/3303 11093/100/3303
f 11094/101/3304 11096/102/3304 11093/100/3304
f 11099/101/3305 11098/103/3305 11097/102/3305
f 11098/103/3305 11100/104/3305 11097/102/3305
f 11103/103/3306 11102/105/3306 11101/104/3306
f 11102/105/3307 11104/106/3307 11101/104/3307
f 11107/107/3308 11106/108/3308 11105/109/3308
f 11108/110/3309 11105/109/3309 11106/108/3309
f 11109/111/3310 11105/109/3310 11108/110/3310
f 11110/112/3311 11108/110/3311 11106/108/3311
f 11113/105/3312 11112/113/3312 11111/106/3312
s 1
f 11112/113/3313 11114/114/3313 11111/106/3313
s 0
f 11117/113/3314 11116/115/3314 11115/114/3314
f 11116/115/3315 11118/116/3315 11115/114/3315
f 11121/117/3316 11120/118/3316 11119/119/3316
f 11122/120/3317 11119/119/3317 11120/118/3317
f 11123/121/3318 11119/119/3318 11122/120/3318
s 1
f 11124/122/3319 11122/120/3319 11120/118/3319
s 0
f 10791/123/3320 10790/124/3320 10789/125/3320
f 10794/126/3321 10793/127/3321 10792/123/3321
f 10797/128/3322 10796/129/3322 10795/130/3322
f 10800/129/3323 10799/131/3323 10798/132/3323
f 10803/131/3324 10802/127/3324 10801/133/3324
f 10806/127/3325 10805/134/3325 10804/123/3325
f 10809/123/3326 10808/135/3326 10807/124/3326
f 10812/128/3327 10811/136/3327 10810/129/3327
f 10815/129/3328 10814/137/3328 10813/131/3328
f 10818/131/3329 10817/138/3329 10816/127/3329
f 10821/134/3330 10820/135/3330 10819/123/3330
f 10824/135/3331 10823/139/3331 10822/124/3331
f 10827/136/3332 10826/137/3332 10825/129/3332
f 10830/137/3333 10829/138/3333 10828/131/3333
f 10833/138/3334 10832/134/3334 10831/127/3334
f 10836/134/3335 10835/140/3335 10834/135/3335
f 10839/135/3336 10838/141/3336 10837/139/3336
f 10842/136/3337 10841/142/3337 10840/137/3337
f 10845/137/3338 10844/143/3338 10843/138/3338
f 10848/138/3339 10847/144/3339 10846/134/3339
f 11127/97/3340 11126/98/3340 11125/99/3340
f 11126/98/3341 11128/100/3341 11125/99/3341
f 11131/98/3342 11130/101/3342 11129/100/3342
f 11130/101/3343 11132/102/3343 11129/100/3343
f 11135/101/3344 11134/103/3344 11133/102/3344
f 11134/103/3345 11136/104/3345 11133/102/3345
f 11139/103/3346 11138/105/3346 11137/104/3346
f 11138/105/3346 11140/106/3346 11137/104/3346
s 1
f 11143/107/3347 11142/108/3347 11141/109/3347
s 0
f 11144/110/3348 11141/109/3348 11142/108/3348
f 11145/111/3349 11141/109/3349 11144/110/3349
f 11146/112/3350 11144/110/3350 11142/108/3350
f 11149/105/3351 11148/113/3351 11147/106/3351
f 11148/113/3352 11150/114/3352 11147/106/3352
s 1
f 11153/113/3353 11152/115/3353 11151/114/3353
s 0
f 11152/115/3354 11154/116/3354 11151/114/3354
f 11157/117/3355 11156/118/3355 11155/119/3355
f 11158/120/3356 11155/119/3356 11156/118/3356
f 11159/121/3357 11155/119/3357 11158/120/3357
f 11160/122/3358 11158/120/3358 11156/118/3358
f 10851/123/3359 10850/124/3359 10849/125/3359
f 10854/126/3321 10853/127/3321 10852/123/3321
f 10857/128/3322 10856/129/3322 10855/130/3322
f 10860/129/3360 10859/131/3360 10858/132/3360
f 10863/131/3361 10862/127/3361 10861/133/3361
f 10866/127/3362 10865/134/3362 10864/123/3362
s 1
f 10869/123/3363 10868/135/3363 10867/124/3363
s 0
f 10872/128/3327 10871/136/3327 10870/129/3327
f 10875/129/3328 10874/137/3328 10873/131/3328
f 10878/131/3329 10877/138/3329 10876/127/3329
s 1
f 10881/134/3330 10880/135/3330 10879/123/3330
s 0
f 10884/135/3331 10883/139/3331 10882/124/3331
f 10887/136/3332 10886/137/3332 10885/129/3332
f 10890/137/3364 10889/138/3364 10888/131/3364
f 10893/138/3365 10892/134/3365 10891/127/3365
f 10896/134/3366 10895/140/3366 10894/135/3366
f 10899/135/3367 10898/141/3367 10897/139/3367
f 10902/136/3337 10901/142/3337 10900/137/3337
f 10905/137/3338 10904/143/3338 10903/138/3338
f 10908/138/3339 10907/144/3339 10906/134/3339
f 11163/97/3368 11162/98/3368 11161/99/3368
f 11162/98/3369 11164/100/3369 11161/99/3369
f 11167/98/3370 11166/101/3370 11165/100/3370
f 11166/101/3371 11168/102/3371 11165/100/3371
f 11171/101/3372 11170/103/3372 11169/102/3372
f 11170/103/3373 11172/104/3373 11169/102/3373
f 11175/103/3374 11174/105/3374 11173/104/3374
f 11174/105/3375 11176/106/3375 11173/104/3375
f 11179/107/3376 11178/108/3376 11177/109/3376
f 11180/110/3377 11177/109/3377 11178/108/3377
f 11181/111/3378 11177/109/3378 11180/110/3378
f 11182/112/3379 11180/110/3379 11178/108/3379
f 11185/105/3380 11184/113/3380 11183/106/3380
f 11184/113/3381 11186/114/3381 11183/106/3381
f 11189/113/3382 11188/115/3382 11187/114/3382
f 11188/115/3383 11190/116/3383 11187/114/3383
f 11193/117/3384 11192/118/3384 11191/119/3384
f 11194/120/3385 11191/119/3385 11192/118/3385
f 11195/121/3386 11191/119/3386 11194/120/3386
f 11196/122/3387 11194/120/3387 11192/118/3387
f 10911/123/3320 10910/124/3320 10909/125/3320
f 10914/126/3321 10913/127/3321 10912/123/3321
f 10917/128/3322 10916/129/3322 10915/130/3322
f 10920/129/3323 10919/131/3323 10918/132/3323
f 10923/131/3324 10922/127/3324 10921/133/3324
f 10926/127/3325 10925/134/3325 10924/123/3325
f 10929/123/3326 10928/135/3326 10927/124/3326
f 10932/128/3327 10931/136/3327 10930/129/3327
f 10935/129/3328 10934/137/3328 10933/131/3328
f 10938/131/3329 10937/138/3329 10936/127/3329
f 10941/134/3388 10940/135/3388 10939/123/3388
f 10944/135/3331 10943/139/3331 10942/124/3331
f 10947/136/3332 10946/137/3332 10945/129/3332
f 10950/137/3333 10949/138/3333 10948/131/3333
s 1
f 10953/138/3389 10952/134/3389 10951/127/3389
s 0
f 10956/134/3335 10955/140/3335 10954/135/3335
f 10959/135/3336 10958/141/3336 10957/139/3336
f 10962/136/3337 10961/142/3337 10960/137/3337
f 10965/137/3338 10964/143/3338 10963/138/3338
f 10968/138/3339 10967/144/3339 10966/134/3339
f 11199/97/3390 11198/98/3390 11197/99/3390
f 11198/98/3391 11200/100/3391 11197/99/3391
f 11203/98/3392 11202/101/3392 11201/100/3392
f 11202/101/3393 11204/102/3393 11201/100/3393
f 11207/101/3394 11206/103/3394 11205/102/3394
f 11206/103/3395 11208/104/3395 11205/102/3395
s 1
f 11211/103/3396 11210/105/3396 11209/104/3396
s 0
f 11210/105/3397 11212/106/3397 11209/104/3397
f 11215/107/3398 11214/108/3398 11213/109/3398
f 11216/110/3399 11213/109/3399 11214/108/3399
f 11217/111/3400 11213/109/3400 11216/110/3400
f 11218/112/3401 11216/110/3401 11214/108/3401
f 11221/105/3402 11220/113/3402 11219/106/3402
f 11220/113/3403 11222/114/3403 11219/106/3403
f 11225/113/3404 11224/115/3404 11223/114/3404
f 11224/115/3405 11226/116/3405 11223/114/3405
f 11229/117/3406 11228/118/3406 11227/119/3406
f 11230/120/3407 11227/119/3407 11228/118/3407
f 11231/121/3406 11227/119/3406 11230/120/3406
f 11232/122/3408 11230/120/3408 11228/118/3408
f 10971/123/3359 10970/124/3359 10969/125/3359
f 10974/126/3321 10973/127/3321 10972/123/3321
f 10977/128/3322 10976/129/3322 10975/130/3322
f 10980/129/3360 10979/131/3360 10978/132/3360
f 10983/131/3324 10982/127/3324 10981/133/3324
f 10986/127/3325 10985/134/3325 10984/123/3325
f 10989/123/3326 10988/135/3326 10987/124/3326
f 10992/128/3409 10991/136/3409 10990/129/3409
f 10995/129/3410 10994/137/3410 10993/131/3410
f 10998/131/3329 10997/138/3329 10996/127/3329
f 11001/134/3330 11000/135/3330 10999/123/3330
f 11004/135/3331 11003/139/3331 11002/124/3331
f 11007/136/3411 11006/137/3411 11005/129/3411
f 11010/137/3333 11009/138/3333 11008/131/3333
f 11013/138/3389 11012/134/3389 11011/127/3389
f 11016/134/3335 11015/140/3335 11014/135/3335
s 1
f 11019/135/3336 11018/141/3336 11017/139/3336
s 0
f 11022/136/3337 11021/142/3337 11020/137/3337
f 11025/137/3338 11024/143/3338 11023/138/3338
f 11028/138/3339 11027/144/3339 11026/134/3339
f 11235/97/3412 11234/98/3412 11233/99/3412
f 11234/98/3413 11236/100/3413 11233/99/3413
f 11239/98/3414 11238/101/3414 11237/100/3414
s 1
f 11238/101/3415 11240/102/3415 11237/100/3415
s 0
f 11243/101/3416 11242/103/3416 11241/102/3416
f 11242/103/3416 11244/104/3416 11241/102/3416
f 11247/103/3417 11246/105/3417 11245/104/3417
f 11246/105/3418 11248/106/3418 11245/104/3418
f 11251/107/3419 11250/108/3419 11249/109/3419
f 11252/110/3419 11249/109/3419 11250/108/3419
f 11253/111/3420 11249/109/3420 11252/110/3420
f 11254/112/3421 11252/110/3421 11250/108/3421
s 1
f 11257/105/3422 11256/113/3422 11255/106/3422
s 0
f 11256/113/3423 11258/114/3423 11255/106/3423
f 11261/113/3424 11260/115/3424 11259/114/3424
f 11260/115/3425 11262/116/3425 11259/114/3425
f 11265/117/3426 11264/118/3426 11263/119/3426
f 11266/120/3427 11263/119/3427 11264/118/3427
f 11267/121/3428 11263/119/3428 11266/120/3428
f 11268/122/3429 11266/120/3429 11264/118/3429
f 11031/123/3359 11030/124/3359 11029/125/3359
f 11034/126/3321 11033/127/3321 11032/123/3321
f 11037/128/3322 11036/129/3322 11035/130/3322
f 11040/129/3323 11039/131/3323 11038/132/3323
f 11043/131/3430 11042/127/3430 11041/133/3430
f 11046/127/3325 11045/134/3325 11044/123/3325
f 11049/123/3431 11048/135/3431 11047/124/3431
f 11052/128/3409 11051/136/3409 11050/129/3409
f 11055/129/3328 11054/137/3328 11053/131/3328
f 11058/131/3329 11057/138/3329 11056/127/3329
f 11061/134/3330 11060/135/3330 11059/123/3330
f 11064/135/3331 11063/139/3331 11062/124/3331
f 11067/136/3332 11066/137/3332 11065/129/3332
f 11070/137/3364 11069/138/3364 11068/131/3364
f 11073/138/3365 11072/134/3365 11071/127/3365
f 11076/134/3366 11075/140/3366 11074/135/3366
f 11079/135/3432 11078/141/3432 11077/139/3432
f 11082/136/3433 11081/142/3433 11080/137/3433
f 11085/137/3434 11084/143/3434 11083/138/3434
f 11088/138/3339 11087/144/3339 11086/134/3339
o deadBrushInstances_0032
v -6.112162 -0.066373 5.457556
v -6.478967 0.149924 5.413494
v -6.256960 0.172818 5.783258
v -6.256960 0.172818 5.783258
v -5.838735 0.172818 5.686194
v -6.112162 -0.066373 5.457556
v -6.112162 -0.066373 5.457556
v -6.197951 0.135775 5.087910
v -6.478967 0.149924 5.413494
v -6.112162 -0.066373 5.457556
v -5.802259 0.149924 5.256440
v -6.197951 0.135775 5.087910
v -6.112162 -0.066373 5.457556
v -5.838735 0.172818 5.686194
v -5.802259 0.149924 5.256440
v -6.256960 0.172818 5.783258
v -6.036526 0.536956 5.783453
v -5.838735 0.172818 5.686194
v -6.478967 0.149924 5.413494
v -6.432223 0.522806 5.614901
v -6.256960 0.172818 5.783258
v -6.197951 0.135775 5.087910
v -6.395771 0.499913 5.185152
v -6.478967 0.149924 5.413494
v -5.802259 0.149924 5.256440
v -5.977546 0.499913 5.088088
v -6.197951 0.135775 5.087910
v -5.838735 0.172818 5.686194
v -5.755516 0.522806 5.457847
v -5.802259 0.149924 5.256440
v -6.256960 0.172818 5.783258
v -6.432223 0.522806 5.614901
v -6.036526 0.536956 5.783453
v -6.478967 0.149924 5.413494
v -6.395771 0.499913 5.185152
v -6.432223 0.522806 5.614901
v -6.197951 0.135775 5.087910
v -5.977546 0.499913 5.088088
v -6.395771 0.499913 5.185152
v -5.802259 0.149924 5.256440
v -5.755516 0.522806 5.457847
v -5.977546 0.499913 5.088088
v -5.838735 0.172818 5.686194
v -6.036526 0.536956 5.783453
v -5.755516 0.522806 5.457847
v -6.432223 0.522806 5.614901
v -6.122320 0.739103 5.413785
v -6.036526 0.536956 5.783453
v -6.395771 0.499913 5.185152
v -6.122320 0.739103 5.413785
v -6.432223 0.522806 5.614901
v -5.977546 0.499913 5.088088
v -6.122320 0.739103 5.413785
v -6.395771 0.499913 5.185152
v -5.755516 0.522806 5.457847
v -6.122320 0.739103 5.413785
v -5.977546 0.499913 5.088088
v -6.036526 0.536956 5.783453
v -6.122320 0.739103 5.413785
v -5.755516 0.522806 5.457847
v -5.825712 0.074883 5.016938
v -6.192517 0.291195 4.972875
v -5.970510 0.314089 5.342639
v -5.970510 0.314089 5.342639
v -5.552285 0.314089 5.245575
v -5.825712 0.074883 5.016938
v -5.825712 0.074883 5.016938
v -5.911501 0.277047 4.647291
v -6.192517 0.291195 4.972875
v -5.825712 0.074883 5.016938
v -5.515832 0.291195 4.815827
v -5.911501 0.277047 4.647291
v -5.825712 0.074883 5.016938
v -5.552285 0.314089 5.245575
v -5.515832 0.291195 4.815827
v -5.970510 0.314089 5.342639
v -5.750076 0.678212 5.342835
v -5.552285 0.314089 5.245575
v -6.192517 0.291195 4.972875
v -6.145773 0.664062 5.174283
v -5.970510 0.314089 5.342639
v -5.911501 0.277047 4.647291
v -6.109321 0.641168 4.744534
v -6.192517 0.291195 4.972875
v -5.515832 0.291195 4.815827
v -5.691095 0.641168 4.647470
v -5.911501 0.277047 4.647291
v -5.552285 0.314089 5.245575
v -5.469089 0.664062 5.017235
v -5.515832 0.291195 4.815827
v -5.970510 0.314089 5.342639
v -6.145773 0.664062 5.174283
v -5.750076 0.678212 5.342835
v -6.192517 0.291195 4.972875
v -6.109321 0.641168 4.744534
v -6.145773 0.664062 5.174283
v -5.911501 0.277047 4.647291
v -5.691095 0.641168 4.647470
v -6.109321 0.641168 4.744534
v -5.515832 0.291195 4.815827
v -5.469089 0.664062 5.017235
v -5.691095 0.641168 4.647470
v -5.552285 0.314089 5.245575
v -5.750076 0.678212 5.342835
v -5.469089 0.664062 5.017235
v -6.145773 0.664062 5.174283
v -5.835870 0.880374 4.973166
v -5.750076 0.678212 5.342835
v -6.109321 0.641168 4.744534
v -5.835870 0.880374 4.973166
v -6.145773 0.664062 5.174283
v -5.691095 0.641168 4.647470
v -5.835870 0.880374 4.973166
v -6.109321 0.641168 4.744534
v -5.469089 0.664062 5.017235
v -5.835870 0.880374 4.973166
v -5.691095 0.641168 4.647470
v -5.750076 0.678212 5.342835
v -5.835870 0.880374 4.973166
v -5.469089 0.664062 5.017235
v -6.186937 -0.109636 4.678777
v -6.553742 0.106661 4.634715
v -6.331736 0.129554 5.004479
v -6.331736 0.129554 5.004479
v -5.913510 0.129554 4.907416
v -6.186937 -0.109636 4.678777
v -6.186937 -0.109636 4.678777
v -6.272727 0.092512 4.309131
v -6.553742 0.106661 4.634715
v -6.186937 -0.109636 4.678777
v -5.877035 0.106661 4.477662
v -6.272727 0.092512 4.309131
v -6.186937 -0.109636 4.678777
v -5.913510 0.129554 4.907416
v -5.877035 0.106661 4.477662
v -6.331736 0.129554 5.004479
v -6.111307 0.493692 5.004652
v -5.913510 0.129554 4.907416
v -6.553742 0.106661 4.634715
v -6.506999 0.479543 4.836122
v -6.331736 0.129554 5.004479
v -6.272727 0.092512 4.309131
v -6.470547 0.456649 4.406374
v -6.553742 0.106661 4.634715
v -5.877035 0.106661 4.477662
v -6.052321 0.456649 4.309310
v -6.272727 0.092512 4.309131
v -5.913510 0.129554 4.907416
v -5.830291 0.479543 4.679069
v -5.877035 0.106661 4.477662
v -6.331736 0.129554 5.004479
v -6.506999 0.479543 4.836122
v -6.111307 0.493692 5.004652
v -6.553742 0.106661 4.634715
v -6.470547 0.456649 4.406374
v -6.506999 0.479543 4.836122
v -6.272727 0.092512 4.309131
v -6.052321 0.456649 4.309310
v -6.470547 0.456649 4.406374
v -5.877035 0.106661 4.477662
v -5.830291 0.479543 4.679069
v -6.052321 0.456649 4.309310
v -5.913510 0.129554 4.907416
v -6.111307 0.493692 5.004652
v -5.830291 0.479543 4.679069
v -6.506999 0.479543 4.836122
v -6.197096 0.695840 4.635006
v -6.111307 0.493692 5.004652
v -6.470547 0.456649 4.406374
v -6.197096 0.695840 4.635006
v -6.506999 0.479543 4.836122
v -6.052321 0.456649 4.309310
v -6.197096 0.695840 4.635006
v -6.470547 0.456649 4.406374
v -5.830291 0.479543 4.679069
v -6.197096 0.695840 4.635006
v -6.052321 0.456649 4.309310
v -6.111307 0.493692 5.004652
v -6.197096 0.695840 4.635006
v -5.830291 0.479543 4.679069
v -6.701956 0.056797 4.887479
v -7.068761 0.273109 4.843416
v -6.846754 0.296003 5.213181
v -6.846754 0.296003 5.213181
v -6.428529 0.296003 5.116117
v -6.701956 0.056797 4.887479
v -6.701956 0.056797 4.887479
v -6.787750 0.258959 4.517810
v -7.068761 0.273109 4.843416
v -6.701956 0.056797 4.887479
v -6.392053 0.273109 4.686363
v -6.787750 0.258959 4.517810
v -6.701956 0.056797 4.887479
v -6.428529 0.296003 5.116117
v -6.392053 0.273109 4.686363
v -6.846754 0.296003 5.213181
v -6.626325 0.660124 5.213354
v -6.428529 0.296003 5.116117
v -7.068761 0.273109 4.843416
v -7.022017 0.645976 5.044824
v -6.846754 0.296003 5.213181
v -6.787750 0.258959 4.517810
v -6.985565 0.623082 4.615075
v -7.068761 0.273109 4.843416
v -6.392053 0.273109 4.686363
v -6.567339 0.623082 4.518012
v -6.787750 0.258959 4.517810
v -6.428529 0.296003 5.116117
v -6.345309 0.645976 4.887771
v -6.392053 0.273109 4.686363
v -6.846754 0.296003 5.213181
v -7.022017 0.645976 5.044824
v -6.626325 0.660124 5.213354
v -7.068761 0.273109 4.843416
v -6.985565 0.623082 4.615075
v -7.022017 0.645976 5.044824
v -6.787750 0.258959 4.517810
v -6.567339 0.623082 4.518012
v -6.985565 0.623082 4.615075
v -6.392053 0.273109 4.686363
v -6.345309 0.645976 4.887771
v -6.567339 0.623082 4.518012
v -6.428529 0.296003 5.116117
v -6.626325 0.660124 5.213354
v -6.345309 0.645976 4.887771
v -7.022017 0.645976 5.044824
v -6.712114 0.862273 4.843708
v -6.626325 0.660124 5.213354
v -6.985565 0.623082 4.615075
v -6.712114 0.862273 4.843708
v -7.022017 0.645976 5.044824
v -6.567339 0.623082 4.518012
v -6.712114 0.862273 4.843708
v -6.985565 0.623082 4.615075
v -6.345309 0.645976 4.887771
v -6.712114 0.862273 4.843708
v -6.567339 0.623082 4.518012
v -6.626325 0.660124 5.213354
v -6.712114 0.862273 4.843708
v -6.345309 0.645976 4.887771
v -6.653721 -0.077550 5.377553
v -7.020526 0.138746 5.333491
v -6.798496 0.161640 5.703250
v -6.798496 0.161640 5.703250
v -6.380270 0.161640 5.606186
v -6.653721 -0.077550 5.377553
v -6.653721 -0.077550 5.377553
v -6.739515 0.124597 5.007885
v -7.020526 0.138746 5.333491
v -6.653721 -0.077550 5.377553
v -6.343818 0.138746 5.176438
v -6.739515 0.124597 5.007885
v -6.653721 -0.077550 5.377553
v -6.380270 0.161640 5.606186
v -6.343818 0.138746 5.176438
v -6.798496 0.161640 5.703250
v -6.578091 0.525777 5.703428
v -6.380270 0.161640 5.606186
v -7.020526 0.138746 5.333491
v -6.973788 0.511627 5.534876
v -6.798496 0.161640 5.703250
v -6.739515 0.124597 5.007885
v -6.937312 0.488734 5.105122
v -7.020526 0.138746 5.333491
v -6.343818 0.138746 5.176438
v -6.519087 0.488734 5.008058
v -6.739515 0.124597 5.007885
v -6.380270 0.161640 5.606186
v -6.297080 0.511627 5.377822
v -6.343818 0.138746 5.176438
v -6.798496 0.161640 5.703250
v -6.973788 0.511627 5.534876
v -6.578091 0.525777 5.703428
v -7.020526 0.138746 5.333491
v -6.937312 0.488734 5.105122
v -6.973788 0.511627 5.534876
v -6.739515 0.124597 5.007885
v -6.519087 0.488734 5.008058
v -6.937312 0.488734 5.105122
v -6.343818 0.138746 5.176438
v -6.297080 0.511627 5.377822
v -6.519087 0.488734 5.008058
v -6.380270 0.161640 5.606186
v -6.578091 0.525777 5.703428
v -6.297080 0.511627 5.377822
v -6.973788 0.511627 5.534876
v -6.663880 0.727925 5.333782
v -6.578091 0.525777 5.703428
v -6.937312 0.488734 5.105122
v -6.663880 0.727925 5.333782
v -6.973788 0.511627 5.534876
v -6.519087 0.488734 5.008058
v -6.663880 0.727925 5.333782
v -6.937312 0.488734 5.105122
v -6.297080 0.511627 5.377822
v -6.663880 0.727925 5.333782
v -6.519087 0.488734 5.008058
v -6.578091 0.525777 5.703428
v -6.663880 0.727925 5.333782
v -6.297080 0.511627 5.377822
v -6.225885 -0.089953 5.065618
v -6.096200 0.299154 5.449950
v -6.078293 0.328209 5.424015
v -6.257863 -0.141823 5.111900
v -6.257863 -0.141823 5.111900
v -6.135148 0.307311 5.461606
v -6.096200 0.299154 5.449950
v -6.327436 -0.127266 5.132717
v -6.327436 -0.127266 5.132717
v -6.156212 0.344522 5.447331
v -6.135148 0.307311 5.461606
v -6.365033 -0.060823 5.107250
v -6.365033 -0.060823 5.107250
v -6.138306 0.373560 5.421397
v -6.156212 0.344522 5.447331
v -6.333060 -0.008953 5.060945
v -6.135148 0.307311 5.461606
v -6.078293 0.328209 5.424015
v -6.096200 0.299154 5.449950
v -6.138306 0.373560 5.421397
v -6.156212 0.344522 5.447331
v -6.099353 0.365405 5.409763
v -6.333060 -0.008953 5.060945
v -6.099353 0.365405 5.409763
v -6.138306 0.373560 5.421397
v -6.263481 -0.023525 5.040152
v -6.263481 -0.023525 5.040152
v -6.078293 0.328209 5.424015
v -6.099353 0.365405 5.409763
v -6.225885 -0.089953 5.065618
v -6.263481 -0.023525 5.040152
v -6.257863 -0.141823 5.111900
v -6.225885 -0.089953 5.065618
v -6.365033 -0.060823 5.107250
v -6.333060 -0.008953 5.060945
v -6.327436 -0.127266 5.132717
v -6.244726 -0.137540 5.075989
v -5.810788 0.458489 5.022486
v -5.802392 0.442829 4.989221
v -6.259748 -0.109564 5.135398
v -6.259748 -0.109564 5.135398
v -5.839205 0.493298 5.028345
v -5.810788 0.458489 5.022486
v -6.310481 -0.047420 5.145844
v -6.310481 -0.047420 5.145844
v -5.859208 0.512430 5.000912
v -5.839205 0.493298 5.028345
v -6.346192 -0.013236 5.096879
v -6.346192 -0.013236 5.096879
v -5.850789 0.496769 4.967640
v -5.859208 0.512430 5.000912
v -6.331170 -0.041211 5.037470
v -5.839205 0.493298 5.028345
v -5.802392 0.442829 4.989221
v -5.810788 0.458489 5.022486
v -5.850789 0.496769 4.967640
v -5.859208 0.512430 5.000912
v -5.822372 0.461961 4.961782
v -6.331170 -0.041211 5.037470
v -5.822372 0.461961 4.961782
v -5.850789 0.496769 4.967640
v -6.280442 -0.103372 5.027003
v -6.280442 -0.103372 5.027003
v -5.802392 0.442829 4.989221
v -5.822372 0.461961 4.961782
v -6.244726 -0.137540 5.075989
v -6.280442 -0.103372 5.027003
v -6.259748 -0.109564 5.135398
v -6.244726 -0.137540 5.075989
v -6.346192 -0.013236 5.096879
v -6.331170 -0.041211 5.037470
v -6.310481 -0.047420 5.145844
v -6.226278 -0.104633 5.082727
v -6.162902 0.317695 4.672092
v -6.153275 0.276728 4.654816
v -6.243442 -0.031468 5.113573
v -6.243442 -0.031468 5.113573
v -6.201643 0.334069 4.674168
v -6.162902 0.317695 4.672092
v -6.312617 -0.002229 5.117302
v -6.312617 -0.002229 5.117302
v -6.230782 0.309476 4.658973
v -6.201643 0.334069 4.674168
v -6.364640 -0.046142 5.090140
v -6.364640 -0.046142 5.090140
v -6.221155 0.268509 4.641697
v -6.230782 0.309476 4.658973
v -6.347482 -0.119308 5.059273
v -6.201643 0.334069 4.674168
v -6.153275 0.276728 4.654816
v -6.162902 0.317695 4.672092
v -6.221155 0.268509 4.641697
v -6.230782 0.309476 4.658973
v -6.182413 0.252135 4.639621
v -6.347482 -0.119308 5.059273
v -6.182413 0.252135 4.639621
v -6.221155 0.268509 4.641697
v -6.278300 -0.148546 5.055566
v -6.278300 -0.148546 5.055566
v -6.153275 0.276728 4.654816
v -6.182413 0.252135 4.639621
v -6.226278 -0.104633 5.082727
v -6.278300 -0.148546 5.055566
v -6.243442 -0.031468 5.113573
v -6.226278 -0.104633 5.082727
v -6.364640 -0.046142 5.090140
v -6.347482 -0.119308 5.059273
v -6.312617 -0.002229 5.117302
v -6.238133 -0.029914 5.060705
v -6.690480 0.494232 4.884364
v -6.674949 0.485003 4.851185
v -6.265862 -0.013447 5.119950
v -6.265862 -0.013447 5.119950
v -6.722566 0.468764 4.898772
v -6.690480 0.494232 4.884364
v -6.323212 -0.058912 5.145685
v -6.323212 -0.058912 5.145685
v -6.739144 0.434082 4.880007
v -6.722566 0.468764 4.898772
v -6.352785 -0.120861 5.112164
v -6.352785 -0.120861 5.112164
v -6.723613 0.424853 4.846828
v -6.739144 0.434082 4.880007
v -6.325032 -0.137328 5.052912
v -6.722566 0.468764 4.898772
v -6.674949 0.485003 4.851185
v -6.690480 0.494232 4.884364
v -6.723613 0.424853 4.846828
v -6.739144 0.434082 4.880007
v -6.691504 0.450321 4.832414
v -6.325032 -0.137328 5.052912
v -6.691504 0.450321 4.832414
v -6.723613 0.424853 4.846828
v -6.267706 -0.091863 5.027184
v -6.267706 -0.091863 5.027184
v -6.674949 0.485003 4.851185
v -6.691504 0.450321 4.832414
v -6.238133 -0.029914 5.060705
v -6.267706 -0.091863 5.027184
v -6.265862 -0.013447 5.119950
v -6.238133 -0.029914 5.060705
v -6.352785 -0.120861 5.112164
v -6.325032 -0.137328 5.052912
v -6.323212 -0.058912 5.145685
v -6.245292 -0.012216 5.083271
v -6.631853 0.327285 5.381081
v -6.630702 0.360560 5.353882
v -6.247339 -0.071632 5.131817
v -6.247339 -0.071632 5.131817
v -6.659956 0.291911 5.382844
v -6.631853 0.327285 5.381081
v -6.297530 -0.134811 5.134985
v -6.297530 -0.134811 5.134985
v -6.686880 0.289798 5.357427
v -6.659956 0.291911 5.382844
v -6.345625 -0.138574 5.089598
v -6.345625 -0.138574 5.089598
v -6.685730 0.323089 5.330227
v -6.686880 0.289798 5.357427
v -6.343555 -0.079143 5.041046
v -6.659956 0.291911 5.382844
v -6.630702 0.360560 5.353882
v -6.631853 0.327285 5.381081
v -6.685730 0.323089 5.330227
v -6.686880 0.289798 5.357427
v -6.657627 0.358463 5.328464
v -6.343555 -0.079143 5.041046
v -6.657627 0.358463 5.328464
v -6.685730 0.323089 5.330227
v -6.293393 -0.015965 5.037860
v -6.293393 -0.015965 5.037860
v -6.630702 0.360560 5.353882
v -6.657627 0.358463 5.328464
v -6.245292 -0.012216 5.083271
v -6.293393 -0.015965 5.037860
v -6.247339 -0.071632 5.131817
v -6.245292 -0.012216 5.083271
v -6.345625 -0.138574 5.089598
v -6.343555 -0.079143 5.041046
v -6.297530 -0.134811 5.134985
vn 0.8927 -0.4302 0.1344
vn 0.8926 -0.4303 0.1345
vn 0.0994 -0.6281 0.7718
vn 0.0990 -0.6280 0.7719
vn -0.7385 -0.1675 0.6531
vn -0.8698 0.4908 -0.0510
vn -0.8698 0.4908 -0.0508
vn 0.3427 0.4992 0.7958
vn 0.3426 0.4993 0.7958
vn 0.3428 0.4993 0.7957
vn 0.3424 0.4990 0.7961
vn -0.0653 0.7017 -0.7094
vn -0.0656 0.7018 -0.7094
vn 0.7837 0.2209 -0.5805
vn 0.7837 0.2210 -0.5805
vn -0.3426 -0.4990 -0.7960
vn -0.3424 -0.4994 -0.7958
vn -0.3424 -0.4993 -0.7959
vn -0.5064 -0.7869 0.3527
vn 0.1455 -0.7655 0.6268
vn -0.4448 -0.8252 -0.3481
vn 0.2460 -0.8252 -0.5084
vn 0.6100 -0.7869 0.0937
vn 0.2240 -0.1361 0.9650
vn -0.8397 -0.1728 0.5148
vn -0.7409 -0.2345 -0.6293
vn 0.3880 -0.2344 -0.8913
vn 0.9806 -0.1729 0.0924
vn -0.3881 0.2344 0.8913
vn -0.9806 0.1728 -0.0924
vn -0.2240 0.1360 -0.9651
vn 0.8396 0.1729 -0.5149
vn 0.7408 0.2346 0.6295
vn -0.2461 0.8252 0.5084
vn -0.6100 0.7869 -0.0937
vn -0.1455 0.7655 -0.6268
vn 0.5064 0.7869 -0.3528
vn 0.4448 0.8252 0.3480
vn 0.7487 -0.5067 0.4275
vn 0.7486 -0.5066 0.4278
vn 0.2224 0.0178 0.9748
vn 0.2225 0.0178 0.9748
vn -0.4492 0.5453 0.7078
vn -0.4489 0.5452 0.7080
vn -0.6968 0.5648 -0.4422
vn -0.6968 0.5648 -0.4421
vn 0.7610 0.6396 -0.1085
vn 0.7611 0.6394 -0.1087
vn 0.7609 0.6398 -0.1086
vn 0.7611 0.6396 -0.1083
vn -0.1718 0.0255 -0.9848
vn -0.1718 0.0256 -0.9848
vn 0.5046 -0.4907 -0.7104
vn 0.5046 -0.4908 -0.7103
vn -0.7610 -0.6396 0.1088
vn -0.7611 -0.6395 0.1088
vn -0.7611 -0.6394 0.1087
vn -0.7610 -0.6395 0.1086
vn -0.5064 -0.7868 0.3528
vn 0.1455 -0.7654 0.6268
vn 0.2461 -0.8252 -0.5084
vn 0.6100 -0.7868 0.0937
vn -0.8400 -0.1727 0.5144
vn 0.9806 -0.1728 0.0924
vn 0.8397 0.1728 -0.5148
vn 0.7410 0.2344 0.6293
vn -0.6100 0.7868 -0.0937
vn -0.1455 0.7654 -0.6268
vn 0.5064 0.7868 -0.3528
vn 0.4449 0.8252 0.3480
vn 0.9577 0.1132 0.2644
vn 0.9578 0.1133 0.2643
vn 0.3330 0.7091 0.6216
vn 0.3332 0.7090 0.6215
vn -0.7024 0.6406 0.3102
vn -0.7026 0.6405 0.3101
vn -0.9342 -0.0721 -0.3495
vn -0.9343 -0.0717 -0.3493
vn 0.1250 0.4103 -0.9033
vn 0.1249 0.4102 -0.9034
vn 0.1248 0.4103 -0.9034
vn 0.1249 0.4101 -0.9034
vn -0.3110 -0.6476 -0.6956
vn -0.3110 -0.6477 -0.6956
vn 0.7039 -0.5857 -0.4019
vn 0.7041 -0.5856 -0.4018
vn -0.1254 -0.4102 0.9033
vn -0.1250 -0.4103 0.9033
vn -0.1250 -0.4104 0.9033
vn -0.1249 -0.4107 0.9032
vn 0.2240 -0.1360 0.9651
vn -0.3883 0.2344 0.8912
vn 0.7409 0.2344 0.6293
vn -0.2460 0.8252 0.5084
vn 0.4448 0.8252 0.3481
vn 0.7227 0.6745 0.1511
vn 0.7227 0.6745 0.1508
vn 0.0433 0.4501 0.8919
vn 0.0431 0.4501 0.8920
vn -0.6285 -0.1157 0.7692
vn -0.6287 -0.1160 0.7690
vn -0.7670 -0.6131 -0.1891
vn -0.7671 -0.6131 -0.1889
vn -0.6683 0.5745 -0.4726
vn -0.6682 0.5748 -0.4724
vn -0.6679 0.5750 -0.4726
vn -0.6680 0.5747 -0.4727
vn -0.0923 -0.3998 -0.9120
vn -0.0923 -0.3997 -0.9120
vn 0.5740 0.1603 -0.8030
vn 0.5741 0.1604 -0.8029
vn 0.6680 -0.5748 0.4727
vn 0.6680 -0.5748 0.4726
vn 0.6681 -0.5747 0.4726
vn -0.4448 -0.8252 -0.3480
vn -0.7410 -0.2344 -0.6293
vn 0.3881 -0.2344 -0.8913
vn -0.3880 0.2345 0.8913
vn -0.2240 0.1361 -0.9650
vn 0.7534 0.4003 0.5216
vn 0.7532 0.4003 0.5219
vn 0.3487 -0.2314 0.9082
vn -0.4575 -0.7041 0.5431
vn -0.4575 -0.7040 0.5432
vn -0.8104 -0.3536 -0.4671
vn -0.8104 -0.3535 -0.4672
vn -0.6095 0.5143 0.6034
vn -0.6095 0.5143 0.6033
vn -0.6096 0.5142 0.6033
vn -0.6096 0.5141 0.6034
vn -0.4068 0.2793 -0.8698
vn -0.4069 0.2792 -0.8698
vn 0.4026 0.7726 -0.4909
vn 0.4029 0.7727 -0.4906
vn 0.6097 -0.5140 -0.6034
vn 0.6097 -0.5142 -0.6032
vn 0.6094 -0.5143 -0.6035
vn 0.6095 -0.5144 -0.6032
vn -0.5064 -0.7869 0.3528
vn -0.8397 -0.1728 0.5149
vn 0.3881 -0.2345 -0.8913
vn 0.7410 0.2345 0.6293
vn 0.5064 0.7869 -0.3527
vt 1.000000 1.000015
vt 0.833310 1.000015
vt 1.000000 0.500008
vt 0.833310 0.500008
vt 0.666651 1.000015
vt 0.666651 0.500008
vt 0.499992 1.000015
vt 0.499992 0.500008
vt 0.333303 1.000015
vt 0.333303 0.500008
vt 0.457816 0.370001
vt 0.249989 0.490028
vt 0.457816 0.130007
vt 0.042130 0.130007
vt 0.249989 0.010010
vt 0.042130 0.370001
vt 0.166644 1.000015
vt 0.166644 0.500008
vt -0.000015 1.000015
vt -0.000015 0.500008
vt 0.749996 0.490028
vt 0.957824 0.370001
vt 0.542138 0.370001
vt 0.749996 0.010010
vt 0.542138 0.130007
vt 0.957824 0.130007
vt 0.272725 0.157473
vt 0.090898 0.157473
vt 0.181811 0.000000
vt 0.363607 0.000000
vt 0.454520 0.157473
vt 1.000000 0.157473
vt 0.818174 0.157473
vt 0.909087 0.000000
vt 0.636347 0.157473
vt 0.727260 0.000000
vt 0.545434 0.000000
vt 0.363607 0.314946
vt 0.181811 0.314946
vt 0.909087 0.314946
vt 0.727260 0.314946
vt 0.545434 0.314946
vt -0.000015 0.314946
vt 0.272725 0.472389
vt 0.090898 0.472389
vt 0.818174 0.472389
vt 0.636347 0.472389
vt 0.454520 0.472389
s 0
usemtl Material_1
f 11571/145/3435 11570/146/3435 11569/147/3435
f 11570/146/3436 11572/148/3436 11569/147/3436
f 11575/146/3437 11574/149/3437 11573/148/3437
f 11574/149/3438 11576/150/3438 11573/148/3438
f 11579/149/3439 11578/151/3439 11577/150/3439
f 11578/151/3439 11580/152/3439 11577/150/3439
f 11583/151/3440 11582/153/3440 11581/152/3440
f 11582/153/3441 11584/154/3441 11581/152/3441
f 11587/155/3442 11586/156/3442 11585/157/3442
f 11588/158/3443 11585/157/3443 11586/156/3443
f 11589/159/3444 11585/157/3444 11588/158/3444
f 11590/160/3445 11588/158/3445 11586/156/3445
f 11593/153/3446 11592/161/3446 11591/154/3446
s 1
f 11592/161/3447 11594/162/3447 11591/154/3447
s 0
f 11597/161/3448 11596/163/3448 11595/162/3448
f 11596/163/3449 11598/164/3449 11595/162/3449
f 11601/165/3450 11600/166/3450 11599/167/3450
f 11602/168/3450 11599/167/3450 11600/166/3450
f 11603/169/3451 11599/167/3451 11602/168/3451
s 1
f 11604/170/3452 11602/168/3452 11600/166/3452
s 0
f 11271/171/3453 11270/172/3453 11269/173/3453
f 11274/174/3454 11273/175/3454 11272/171/3454
f 11277/176/3455 11276/177/3455 11275/178/3455
f 11280/177/3456 11279/179/3456 11278/180/3456
f 11283/179/3457 11282/175/3457 11281/181/3457
f 11286/175/3458 11285/182/3458 11284/171/3458
f 11289/171/3459 11288/183/3459 11287/172/3459
f 11292/176/3460 11291/184/3460 11290/177/3460
f 11295/177/3461 11294/185/3461 11293/179/3461
f 11298/179/3462 11297/186/3462 11296/175/3462
f 11301/182/3463 11300/183/3463 11299/171/3463
f 11304/183/3464 11303/187/3464 11302/172/3464
f 11307/184/3465 11306/185/3465 11305/177/3465
f 11310/185/3466 11309/186/3466 11308/179/3466
f 11313/186/3467 11312/182/3467 11311/175/3467
f 11316/182/3468 11315/188/3468 11314/183/3468
f 11319/183/3469 11318/189/3469 11317/187/3469
f 11322/184/3470 11321/190/3470 11320/185/3470
f 11325/185/3471 11324/191/3471 11323/186/3471
f 11328/186/3472 11327/192/3472 11326/182/3472
f 11607/145/3473 11606/146/3473 11605/147/3473
f 11606/146/3474 11608/148/3474 11605/147/3474
f 11611/146/3475 11610/149/3475 11609/148/3475
f 11610/149/3476 11612/150/3476 11609/148/3476
f 11615/149/3477 11614/151/3477 11613/150/3477
f 11614/151/3478 11616/152/3478 11613/150/3478
f 11619/151/3479 11618/153/3479 11617/152/3479
f 11618/153/3480 11620/154/3480 11617/152/3480
s 1
f 11623/155/3481 11622/156/3481 11621/157/3481
s 0
f 11624/158/3482 11621/157/3482 11622/156/3482
f 11625/159/3483 11621/157/3483 11624/158/3483
f 11626/160/3484 11624/158/3484 11622/156/3484
f 11629/153/3485 11628/161/3485 11627/154/3485
f 11628/161/3486 11630/162/3486 11627/154/3486
s 1
f 11633/161/3487 11632/163/3487 11631/162/3487
s 0
f 11632/163/3488 11634/164/3488 11631/162/3488
f 11637/165/3489 11636/166/3489 11635/167/3489
f 11638/168/3490 11635/167/3490 11636/166/3490
f 11639/169/3491 11635/167/3491 11638/168/3491
f 11640/170/3492 11638/168/3492 11636/166/3492
f 11331/171/3493 11330/172/3493 11329/173/3493
f 11334/174/3494 11333/175/3494 11332/171/3494
f 11337/176/3455 11336/177/3455 11335/178/3455
f 11340/177/3495 11339/179/3495 11338/180/3495
f 11343/179/3496 11342/175/3496 11341/181/3496
f 11346/175/3458 11345/182/3458 11344/171/3458
s 1
f 11349/171/3497 11348/183/3497 11347/172/3497
s 0
f 11352/176/3460 11351/184/3460 11350/177/3460
f 11355/177/3461 11354/185/3461 11353/179/3461
f 11358/179/3498 11357/186/3498 11356/175/3498
s 1
f 11361/182/3463 11360/183/3463 11359/171/3463
s 0
f 11364/183/3464 11363/187/3464 11362/172/3464
f 11367/184/3465 11366/185/3465 11365/177/3465
f 11370/185/3499 11369/186/3499 11368/179/3499
f 11373/186/3500 11372/182/3500 11371/175/3500
f 11376/182/3468 11375/188/3468 11374/183/3468
f 11379/183/3501 11378/189/3501 11377/187/3501
f 11382/184/3502 11381/190/3502 11380/185/3502
f 11385/185/3503 11384/191/3503 11383/186/3503
f 11388/186/3504 11387/192/3504 11386/182/3504
f 11643/145/3505 11642/146/3505 11641/147/3505
f 11642/146/3506 11644/148/3506 11641/147/3506
f 11647/146/3507 11646/149/3507 11645/148/3507
f 11646/149/3508 11648/150/3508 11645/148/3508
f 11651/149/3509 11650/151/3509 11649/150/3509
f 11650/151/3510 11652/152/3510 11649/150/3510
f 11655/151/3511 11654/153/3511 11653/152/3511
f 11654/153/3512 11656/154/3512 11653/152/3512
f 11659/155/3513 11658/156/3513 11657/157/3513
f 11660/158/3514 11657/157/3514 11658/156/3514
f 11661/159/3515 11657/157/3515 11660/158/3515
f 11662/160/3516 11660/158/3516 11658/156/3516
f 11665/153/3517 11664/161/3517 11663/154/3517
f 11664/161/3518 11666/162/3518 11663/154/3518
f 11669/161/3519 11668/163/3519 11667/162/3519
f 11668/163/3520 11670/164/3520 11667/162/3520
f 11673/165/3521 11672/166/3521 11671/167/3521
f 11674/168/3522 11671/167/3522 11672/166/3522
f 11675/169/3523 11671/167/3523 11674/168/3523
f 11676/170/3524 11674/168/3524 11672/166/3524
f 11391/171/3453 11390/172/3453 11389/173/3453
f 11394/174/3454 11393/175/3454 11392/171/3454
f 11397/176/3455 11396/177/3455 11395/178/3455
f 11400/177/3456 11399/179/3456 11398/180/3456
f 11403/179/3457 11402/175/3457 11401/181/3457
f 11406/175/3525 11405/182/3525 11404/171/3525
f 11409/171/3459 11408/183/3459 11407/172/3459
f 11412/176/3460 11411/184/3460 11410/177/3460
f 11415/177/3461 11414/185/3461 11413/179/3461
f 11418/179/3462 11417/186/3462 11416/175/3462
f 11421/182/3526 11420/183/3526 11419/171/3526
f 11424/183/3464 11423/187/3464 11422/172/3464
f 11427/184/3465 11426/185/3465 11425/177/3465
f 11430/185/3466 11429/186/3466 11428/179/3466
s 1
f 11433/186/3527 11432/182/3527 11431/175/3527
s 0
f 11436/182/3528 11435/188/3528 11434/183/3528
f 11439/183/3469 11438/189/3469 11437/187/3469
f 11442/184/3470 11441/190/3470 11440/185/3470
f 11445/185/3471 11444/191/3471 11443/186/3471
f 11448/186/3529 11447/192/3529 11446/182/3529
f 11679/145/3530 11678/146/3530 11677/147/3530
f 11678/146/3531 11680/148/3531 11677/147/3531
f 11683/146/3532 11682/149/3532 11681/148/3532
f 11682/149/3533 11684/150/3533 11681/148/3533
f 11687/149/3534 11686/151/3534 11685/150/3534
f 11686/151/3535 11688/152/3535 11685/150/3535
s 1
f 11691/151/3536 11690/153/3536 11689/152/3536
s 0
f 11690/153/3537 11692/154/3537 11689/152/3537
f 11695/155/3538 11694/156/3538 11693/157/3538
f 11696/158/3539 11693/157/3539 11694/156/3539
f 11697/159/3540 11693/157/3540 11696/158/3540
f 11698/160/3541 11696/158/3541 11694/156/3541
f 11701/153/3542 11700/161/3542 11699/154/3542
f 11700/161/3543 11702/162/3543 11699/154/3543
f 11705/161/3544 11704/163/3544 11703/162/3544
f 11704/163/3545 11706/164/3545 11703/162/3545
f 11709/165/3546 11708/166/3546 11707/167/3546
f 11710/168/3547 11707/167/3547 11708/166/3547
f 11711/169/3547 11707/167/3547 11710/168/3547
f 11712/170/3548 11710/168/3548 11708/166/3548
f 11451/171/3493 11450/172/3493 11449/173/3493
f 11454/174/3494 11453/175/3494 11452/171/3494
f 11457/176/3549 11456/177/3549 11455/178/3549
f 11460/177/3495 11459/179/3495 11458/180/3495
f 11463/179/3496 11462/175/3496 11461/181/3496
f 11466/175/3525 11465/182/3525 11464/171/3525
f 11469/171/3459 11468/183/3459 11467/172/3459
f 11472/176/3550 11471/184/3550 11470/177/3550
f 11475/177/3551 11474/185/3551 11473/179/3551
f 11478/179/3462 11477/186/3462 11476/175/3462
f 11481/182/3552 11480/183/3552 11479/171/3552
f 11484/183/3464 11483/187/3464 11482/172/3464
f 11487/184/3553 11486/185/3553 11485/177/3553
f 11490/185/3466 11489/186/3466 11488/179/3466
f 11493/186/3527 11492/182/3527 11491/175/3527
f 11496/182/3528 11495/188/3528 11494/183/3528
s 1
f 11499/183/3469 11498/189/3469 11497/187/3469
s 0
f 11502/184/3470 11501/190/3470 11500/185/3470
f 11505/185/3471 11504/191/3471 11503/186/3471
f 11508/186/3529 11507/192/3529 11506/182/3529
f 11715/145/3554 11714/146/3554 11713/147/3554
f 11714/146/3555 11716/148/3555 11713/147/3555
f 11719/146/3556 11718/149/3556 11717/148/3556
s 1
f 11718/149/3556 11720/150/3556 11717/148/3556
s 0
f 11723/149/3557 11722/151/3557 11721/150/3557
f 11722/151/3558 11724/152/3558 11721/150/3558
f 11727/151/3559 11726/153/3559 11725/152/3559
f 11726/153/3560 11728/154/3560 11725/152/3560
f 11731/155/3561 11730/156/3561 11729/157/3561
f 11732/158/3562 11729/157/3562 11730/156/3562
f 11733/159/3563 11729/157/3563 11732/158/3563
f 11734/160/3564 11732/158/3564 11730/156/3564
s 1
f 11737/153/3565 11736/161/3565 11735/154/3565
s 0
f 11736/161/3566 11738/162/3566 11735/154/3566
f 11741/161/3567 11740/163/3567 11739/162/3567
f 11740/163/3568 11742/164/3568 11739/162/3568
f 11745/165/3569 11744/166/3569 11743/167/3569
f 11746/168/3570 11743/167/3570 11744/166/3570
f 11747/169/3571 11743/167/3571 11746/168/3571
f 11748/170/3572 11746/168/3572 11744/166/3572
f 11511/171/3573 11510/172/3573 11509/173/3573
f 11514/174/3454 11513/175/3454 11512/171/3454
f 11517/176/3549 11516/177/3549 11515/178/3549
f 11520/177/3495 11519/179/3495 11518/180/3495
f 11523/179/3457 11522/175/3457 11521/181/3457
f 11526/175/3525 11525/182/3525 11524/171/3525
f 11529/171/3574 11528/183/3574 11527/172/3574
f 11532/176/3550 11531/184/3550 11530/177/3550
f 11535/177/3575 11534/185/3575 11533/179/3575
f 11538/179/3498 11537/186/3498 11536/175/3498
f 11541/182/3463 11540/183/3463 11539/171/3463
f 11544/183/3464 11543/187/3464 11542/172/3464
f 11547/184/3465 11546/185/3465 11545/177/3465
f 11550/185/3499 11549/186/3499 11548/179/3499
f 11553/186/3576 11552/182/3576 11551/175/3576
f 11556/182/3468 11555/188/3468 11554/183/3468
f 11559/183/3469 11558/189/3469 11557/187/3469
f 11562/184/3470 11561/190/3470 11560/185/3470
f 11565/185/3577 11564/191/3577 11563/186/3577
f 11568/186/3472 11567/192/3472 11566/182/3472
o deadBrushInstances_004
v -13.851005 0.078291 0.620860
v -13.470048 0.233253 0.491394
v -13.910448 0.267535 0.200419
v -13.910448 0.267535 0.200419
v -14.258656 0.267535 0.502061
v -13.851005 0.078291 0.620860
v -13.851005 0.078291 0.620860
v -13.546077 0.212066 0.972860
v -13.470048 0.233253 0.491394
v -13.851005 0.078291 0.620860
v -14.033464 0.233253 0.979465
v -13.546077 0.212066 0.972860
v -13.851005 0.078291 0.620860
v -14.258656 0.267535 0.502061
v -14.033464 0.233253 0.979465
v -13.910448 0.267535 0.200419
v -14.129677 0.539469 0.299169
v -14.258656 0.267535 0.502061
v -13.470048 0.233253 0.491394
v -13.642270 0.518280 0.292585
v -13.910448 0.267535 0.200419
v -13.546077 0.212066 0.972860
v -13.417059 0.483998 0.769972
v -13.470048 0.233253 0.491394
v -14.033464 0.233253 0.979465
v -13.765267 0.483998 1.071615
v -13.546077 0.212066 0.972860
v -14.258656 0.267535 0.502061
v -14.205687 0.518280 0.780657
v -14.033464 0.233253 0.979465
v -13.910448 0.267535 0.200419
v -13.642270 0.518280 0.292585
v -14.129677 0.539469 0.299169
v -13.470048 0.233253 0.491394
v -13.417059 0.483998 0.769972
v -13.642270 0.518280 0.292585
v -13.546077 0.212066 0.972860
v -13.765267 0.483998 1.071615
v -13.417059 0.483998 0.769972
v -14.033464 0.233253 0.979465
v -14.205687 0.518280 0.780657
v -13.765267 0.483998 1.071615
v -14.258656 0.267535 0.502061
v -14.129677 0.539469 0.299169
v -14.205687 0.518280 0.780657
v -13.642270 0.518280 0.292585
v -13.824730 0.673243 0.651190
v -14.129677 0.539469 0.299169
v -13.417059 0.483998 0.769972
v -13.824730 0.673243 0.651190
v -13.642270 0.518280 0.292585
v -13.765267 0.483998 1.071615
v -13.824730 0.673243 0.651190
v -13.417059 0.483998 0.769972
v -14.205687 0.518280 0.780657
v -13.824730 0.673243 0.651190
v -13.765267 0.483998 1.071615
v -14.129677 0.539469 0.299169
v -13.824730 0.673243 0.651190
v -14.205687 0.518280 0.780657
v -13.864573 0.167580 1.225722
v -13.483618 0.322554 1.096256
v -13.924017 0.356836 0.805281
v -13.924017 0.356836 0.805281
v -14.272224 0.356836 1.106924
v -13.864573 0.167580 1.225722
v -13.864573 0.167580 1.225722
v -13.559646 0.301367 1.577723
v -13.483618 0.322554 1.096256
v -13.864573 0.167580 1.225722
v -14.047014 0.322554 1.584311
v -13.559646 0.301367 1.577723
v -13.864573 0.167580 1.225722
v -14.272224 0.356836 1.106924
v -14.047014 0.322554 1.584311
v -13.924017 0.356836 0.805281
v -14.143247 0.628758 0.904031
v -14.272224 0.356836 1.106924
v -13.483618 0.322554 1.096256
v -13.655840 0.607570 0.897447
v -13.924017 0.356836 0.805281
v -13.559646 0.301367 1.577723
v -13.430629 0.573287 1.374834
v -13.483618 0.322554 1.096256
v -14.047014 0.322554 1.584311
v -13.778837 0.573287 1.676477
v -13.559646 0.301367 1.577723
v -14.272224 0.356836 1.106924
v -14.219236 0.607570 1.385502
v -14.047014 0.322554 1.584311
v -13.924017 0.356836 0.805281
v -13.655840 0.607570 0.897447
v -14.143247 0.628758 0.904031
v -13.483618 0.322554 1.096256
v -13.430629 0.573287 1.374834
v -13.655840 0.607570 0.897447
v -13.559646 0.301367 1.577723
v -13.778837 0.573287 1.676477
v -13.430629 0.573287 1.374834
v -14.047014 0.322554 1.584311
v -14.219236 0.607570 1.385502
v -13.778837 0.573287 1.676477
v -14.272224 0.356836 1.106924
v -14.143247 0.628758 0.904031
v -14.219236 0.607570 1.385502
v -13.655840 0.607570 0.897447
v -13.838300 0.762544 1.256053
v -14.143247 0.628758 0.904031
v -13.430629 0.573287 1.374834
v -13.838300 0.762544 1.256053
v -13.655840 0.607570 0.897447
v -13.778837 0.573287 1.676477
v -13.838300 0.762544 1.256053
v -13.430629 0.573287 1.374834
v -14.219236 0.607570 1.385502
v -13.838300 0.762544 1.256053
v -13.778837 0.573287 1.676477
v -14.143247 0.628758 0.904031
v -13.838300 0.762544 1.256053
v -14.219236 0.607570 1.385502
v -13.305800 0.013506 1.419390
v -12.924845 0.168469 1.289924
v -13.365245 0.202751 0.998949
v -13.365245 0.202751 0.998949
v -13.713452 0.202751 1.300591
v -13.305800 0.013506 1.419390
v -13.305800 0.013506 1.419390
v -13.000874 0.147282 1.771390
v -12.924845 0.168469 1.289924
v -13.305800 0.013506 1.419390
v -13.488261 0.168469 1.777995
v -13.000874 0.147282 1.771390
v -13.305800 0.013506 1.419390
v -13.713452 0.202751 1.300591
v -13.488261 0.168469 1.777995
v -13.365245 0.202751 0.998949
v -13.584455 0.474683 1.097720
v -13.713452 0.202751 1.300591
v -12.924845 0.168469 1.289924
v -13.097067 0.453496 1.091116
v -13.365245 0.202751 0.998949
v -13.000874 0.147282 1.771390
v -12.871856 0.419214 1.568503
v -12.924845 0.168469 1.289924
v -13.488261 0.168469 1.777995
v -13.220063 0.419214 1.870145
v -13.000874 0.147282 1.771390
v -13.713452 0.202751 1.300591
v -13.660482 0.453496 1.579187
v -13.488261 0.168469 1.777995
v -13.365245 0.202751 0.998949
v -13.097067 0.453496 1.091116
v -13.584455 0.474683 1.097720
v -12.924845 0.168469 1.289924
v -12.871856 0.419214 1.568503
v -13.097067 0.453496 1.091116
v -13.000874 0.147282 1.771390
v -13.220063 0.419214 1.870145
v -12.871856 0.419214 1.568503
v -13.488261 0.168469 1.777995
v -13.660482 0.453496 1.579187
v -13.220063 0.419214 1.870145
v -13.713452 0.202751 1.300591
v -13.584455 0.474683 1.097720
v -13.660482 0.453496 1.579187
v -13.097067 0.453496 1.091116
v -13.279527 0.608459 1.449720
v -13.584455 0.474683 1.097720
v -12.871856 0.419214 1.568503
v -13.279527 0.608459 1.449720
v -13.097067 0.453496 1.091116
v -13.220063 0.419214 1.870145
v -13.279527 0.608459 1.449720
v -12.871856 0.419214 1.568503
v -13.660482 0.453496 1.579187
v -13.279527 0.608459 1.449720
v -13.220063 0.419214 1.870145
v -13.584455 0.474683 1.097720
v -13.279527 0.608459 1.449720
v -13.660482 0.453496 1.579187
v -12.933132 0.140497 0.950106
v -12.552176 0.295471 0.820640
v -12.992576 0.329753 0.529665
v -12.992576 0.329753 0.529665
v -13.340783 0.329753 0.831308
v -12.933132 0.140497 0.950106
v -12.933132 0.140497 0.950106
v -12.628185 0.274282 1.302128
v -12.552176 0.295471 0.820640
v -12.933132 0.140497 0.950106
v -13.115592 0.295471 1.308712
v -12.628185 0.274282 1.302128
v -12.933132 0.140497 0.950106
v -13.340783 0.329753 0.831308
v -13.115592 0.295471 1.308712
v -12.992576 0.329753 0.529665
v -13.211786 0.601673 0.628436
v -13.340783 0.329753 0.831308
v -12.552176 0.295471 0.820640
v -12.724399 0.580486 0.621831
v -12.992576 0.329753 0.529665
v -12.628185 0.274282 1.302128
v -12.499187 0.546204 1.099218
v -12.552176 0.295471 0.820640
v -13.115592 0.295471 1.308712
v -12.847395 0.546204 1.400861
v -12.628185 0.274282 1.302128
v -13.340783 0.329753 0.831308
v -13.287814 0.580486 1.109903
v -13.115592 0.295471 1.308712
v -12.992576 0.329753 0.529665
v -12.724399 0.580486 0.621831
v -13.211786 0.601673 0.628436
v -12.552176 0.295471 0.820640
v -12.499187 0.546204 1.099218
v -12.724399 0.580486 0.621831
v -12.628185 0.274282 1.302128
v -12.847395 0.546204 1.400861
v -12.499187 0.546204 1.099218
v -13.115592 0.295471 1.308712
v -13.287814 0.580486 1.109903
v -12.847395 0.546204 1.400861
v -13.340783 0.329753 0.831308
v -13.211786 0.601673 0.628436
v -13.287814 0.580486 1.109903
v -12.724399 0.580486 0.621831
v -12.906858 0.735449 0.980436
v -13.211786 0.601673 0.628436
v -12.499187 0.546204 1.099218
v -12.906858 0.735449 0.980436
v -12.724399 0.580486 0.621831
v -12.847395 0.546204 1.400861
v -12.906858 0.735449 0.980436
v -12.499187 0.546204 1.099218
v -13.287814 0.580486 1.109903
v -12.906858 0.735449 0.980436
v -12.847395 0.546204 1.400861
v -13.211786 0.601673 0.628436
v -12.906858 0.735449 0.980436
v -13.287814 0.580486 1.109903
v -13.275335 0.061553 0.450507
v -12.894380 0.216515 0.321040
v -13.334799 0.250798 0.030082
v -13.334799 0.250798 0.030082
v -13.683006 0.250798 0.331725
v -13.275335 0.061553 0.450507
v -13.275335 0.061553 0.450507
v -12.970389 0.195327 0.802529
v -12.894380 0.216515 0.321040
v -13.275335 0.061553 0.450507
v -13.457796 0.216515 0.809112
v -12.970389 0.195327 0.802529
v -13.275335 0.061553 0.450507
v -13.683006 0.250798 0.331725
v -13.457796 0.216515 0.809112
v -13.334799 0.250798 0.030082
v -13.553989 0.522729 0.128837
v -13.683006 0.250798 0.331725
v -12.894380 0.216515 0.321040
v -13.066583 0.501541 0.122254
v -13.334799 0.250798 0.030082
v -12.970389 0.195327 0.802529
v -12.841392 0.467259 0.599658
v -12.894380 0.216515 0.321040
v -13.457796 0.216515 0.809112
v -13.189600 0.467259 0.901300
v -12.970389 0.195327 0.802529
v -13.683006 0.250798 0.331725
v -13.629999 0.501541 0.610325
v -13.457796 0.216515 0.809112
v -13.334799 0.250798 0.030082
v -13.066583 0.501541 0.122254
v -13.553989 0.522729 0.128837
v -12.894380 0.216515 0.321040
v -12.841392 0.467259 0.599658
v -13.066583 0.501541 0.122254
v -12.970389 0.195327 0.802529
v -13.189600 0.467259 0.901300
v -12.841392 0.467259 0.599658
v -13.457796 0.216515 0.809112
v -13.629999 0.501541 0.610325
v -13.189600 0.467259 0.901300
v -13.683006 0.250798 0.331725
v -13.553989 0.522729 0.128837
v -13.629999 0.501541 0.610325
v -13.066583 0.501541 0.122254
v -13.249062 0.656505 0.480837
v -13.553989 0.522729 0.128837
v -12.841392 0.467259 0.599658
v -13.249062 0.656505 0.480837
v -13.066583 0.501541 0.122254
v -13.189600 0.467259 0.901300
v -13.249062 0.656505 0.480837
v -12.841392 0.467259 0.599658
v -13.629999 0.501541 0.610325
v -13.249062 0.656505 0.480837
v -13.189600 0.467259 0.901300
v -13.553989 0.522729 0.128837
v -13.249062 0.656505 0.480837
v -13.629999 0.501541 0.610325
v -13.502542 0.043622 0.986780
v -13.866529 0.348982 0.631238
v -13.868607 0.369615 0.667034
v -13.498814 0.006783 0.922890
v -13.498814 0.006783 0.922890
v -13.835791 0.355133 0.600229
v -13.866529 0.348982 0.631238
v -13.443900 0.017762 0.867502
v -13.443900 0.017762 0.867502
v -13.807109 0.381918 0.604999
v -13.835791 0.355133 0.600229
v -13.392715 0.065590 0.876006
v -13.392715 0.065590 0.876006
v -13.809186 0.402540 0.640795
v -13.807109 0.381918 0.604999
v -13.396426 0.102427 0.939918
v -13.835791 0.355133 0.600229
v -13.868607 0.369615 0.667034
v -13.866529 0.348982 0.631238
v -13.809186 0.402540 0.640795
v -13.807109 0.381918 0.604999
v -13.839944 0.396391 0.671783
v -13.396426 0.102427 0.939918
v -13.839944 0.396391 0.671783
v -13.809186 0.402540 0.640795
v -13.451359 0.091438 0.995283
v -13.451359 0.091438 0.995283
v -13.868607 0.369615 0.667034
v -13.839944 0.396391 0.671783
v -13.502542 0.043622 0.986780
v -13.451359 0.091438 0.995283
v -13.498814 0.006783 0.922890
v -13.502542 0.043622 0.986780
v -13.392715 0.065590 0.876006
v -13.396426 0.102427 0.939918
v -13.443900 0.017762 0.867502
v -13.489892 0.008607 0.967464
v -13.887286 0.452198 1.221272
v -13.875103 0.439307 1.261063
v -13.511622 0.031635 0.896388
v -13.511622 0.031635 0.896388
v -13.863619 0.477961 1.201059
v -13.887286 0.452198 1.221272
v -13.469360 0.077629 0.860317
v -13.469360 0.077629 0.860317
v -13.827769 0.490819 1.220674
v -13.863619 0.477961 1.201059
v -13.405366 0.100605 0.895322
v -13.405366 0.100605 0.895322
v -13.815605 0.477927 1.260481
v -13.827769 0.490819 1.220674
v -13.383636 0.077577 0.966398
v -13.863619 0.477961 1.201059
v -13.875103 0.439307 1.261063
v -13.887286 0.452198 1.221272
v -13.815605 0.477927 1.260481
v -13.827769 0.490819 1.220674
v -13.839273 0.452165 1.280695
v -13.383636 0.077577 0.966398
v -13.839273 0.452165 1.280695
v -13.815605 0.477927 1.260481
v -13.425880 0.031570 1.002490
v -13.425880 0.031570 1.002490
v -13.875103 0.439307 1.261063
v -13.839273 0.452165 1.280695
v -13.489892 0.008607 0.967464
v -13.425880 0.031570 1.002490
v -13.511622 0.031635 0.896388
v -13.489892 0.008607 0.967464
v -13.405366 0.100605 0.895322
v -13.383636 0.077577 0.966398
v -13.469360 0.077629 0.860317
v -13.512343 0.033443 0.968501
v -13.330518 0.330108 1.431703
v -13.328904 0.299133 1.455336
v -13.515250 0.088762 0.926318
v -13.515250 0.088762 0.926318
v -13.294278 0.341957 1.410923
v -13.330518 0.330108 1.431703
v -13.450555 0.109921 0.889188
v -13.450555 0.109921 0.889188
v -13.256405 0.322831 1.413758
v -13.294278 0.341957 1.410923
v -13.382915 0.075769 0.894285
v -13.382915 0.075769 0.894285
v -13.254790 0.291856 1.437390
v -13.256405 0.322831 1.413758
v -13.379990 0.020448 0.936490
v -13.294278 0.341957 1.410923
v -13.328904 0.299133 1.455336
v -13.330518 0.330108 1.431703
v -13.254790 0.291856 1.437390
v -13.256405 0.322831 1.413758
v -13.291030 0.280008 1.458171
v -13.379990 0.020448 0.936490
v -13.291030 0.280008 1.458171
v -13.254790 0.291856 1.437390
v -13.444704 -0.000709 0.973598
v -13.444704 -0.000709 0.973598
v -13.328904 0.299133 1.455336
v -13.291030 0.280008 1.458171
v -13.512343 0.033443 0.968501
v -13.444704 -0.000709 0.973598
v -13.515250 0.088762 0.926318
v -13.512343 0.033443 0.968501
v -13.382915 0.075769 0.894285
v -13.379990 0.020448 0.936490
v -13.450555 0.109921 0.889188
v -13.488401 0.087791 0.985373
v -12.947916 0.464613 0.952513
v -12.942811 0.456558 0.995492
v -13.497521 0.102164 0.908629
v -13.497521 0.102164 0.908629
v -12.925100 0.446027 0.922292
v -12.947916 0.464613 0.952513
v -13.456729 0.068985 0.854633
v -13.456729 0.068985 0.854633
v -12.897160 0.419399 0.935034
v -12.925100 0.446027 0.922292
v -13.406857 0.021421 0.877413
v -13.406857 0.021421 0.877413
v -12.892055 0.411345 0.978013
v -12.897160 0.419399 0.935034
v -13.397758 0.007048 0.954174
v -12.925100 0.446027 0.922292
v -12.942811 0.456558 0.995492
v -12.947916 0.464613 0.952513
v -12.892055 0.411345 0.978013
v -12.897160 0.419399 0.935034
v -12.914889 0.429930 1.008251
v -13.397758 0.007048 0.954174
v -12.914889 0.429930 1.008251
v -12.892055 0.411345 0.978013
v -13.438530 0.040227 1.008153
v -13.438530 0.040227 1.008153
v -12.942811 0.456558 0.995492
v -12.914889 0.429930 1.008251
v -13.488401 0.087791 0.985373
v -13.438530 0.040227 1.008153
v -13.497521 0.102164 0.908629
v -13.488401 0.087791 0.985373
v -13.406857 0.021421 0.877413
v -13.397758 0.007048 0.954174
v -13.456729 0.068985 0.854633
v -13.495331 0.101764 0.957585
v -13.303849 0.361885 0.451195
v -13.288907 0.385434 0.480358
v -13.522006 0.059713 0.905537
v -13.522006 0.059713 0.905537
v -13.277122 0.335477 0.436531
v -13.303849 0.361885 0.451195
v -13.474285 0.012550 0.879329
v -13.474285 0.012550 0.879329
v -13.235493 0.332610 0.451025
v -13.277122 0.335477 0.436531
v -13.399928 0.007437 0.905201
v -13.399928 0.007437 0.905201
v -13.220550 0.356171 0.480188
v -13.235493 0.332610 0.451025
v -13.373272 0.049499 0.957266
v -13.277122 0.335477 0.436531
v -13.288907 0.385434 0.480358
v -13.303849 0.361885 0.451195
v -13.220550 0.356171 0.480188
v -13.235493 0.332610 0.451025
v -13.247276 0.382579 0.494852
v -13.373272 0.049499 0.957266
v -13.247276 0.382579 0.494852
v -13.220550 0.356171 0.480188
v -13.420955 0.096660 0.983479
v -13.420955 0.096660 0.983479
v -13.288907 0.385434 0.480358
v -13.247276 0.382579 0.494852
v -13.495331 0.101764 0.957585
v -13.420955 0.096660 0.983479
v -13.522006 0.059713 0.905537
v -13.495331 0.101764 0.957585
v -13.399928 0.007437 0.905201
v -13.373272 0.049499 0.957266
v -13.474285 0.012550 0.879329
vn -0.7648 -0.5764 0.2879
vn -0.7647 -0.5765 0.2878
vn -0.3443 -0.7953 -0.4990
vn -0.3440 -0.7952 -0.4993
vn 0.3855 -0.2548 -0.8868
vn 0.6990 0.6364 -0.3261
vn 0.6991 0.6363 -0.3262
vn -0.5757 0.6935 -0.4331
vn -0.5756 0.6936 -0.4331
vn -0.5757 0.6936 -0.4330
vn -0.5757 0.6933 -0.4335
vn 0.2868 0.8447 0.4519
vn 0.2869 0.8448 0.4517
vn -0.4419 0.3242 0.8364
vn 0.5757 -0.6933 0.4334
vn 0.5758 -0.6933 0.4333
vn 0.5754 -0.6937 0.4332
vn 0.5755 -0.6936 0.4333
vn 0.2130 -0.8793 -0.4259
vn -0.3069 -0.8834 -0.3542
vn 0.3825 -0.9238 0.0197
vn -0.0350 -0.9238 0.3814
vn -0.4519 -0.8793 0.1500
vn -0.6347 -0.2456 -0.7327
vn 0.5191 -0.2553 -0.8157
vn 0.9301 -0.3429 0.1318
vn -0.0022 -0.3429 0.9394
vn -0.8814 -0.2554 0.3974
vn 0.0022 0.3429 -0.9394
vn 0.8814 0.2553 -0.3975
vn 0.6347 0.2455 0.7327
vn -0.5190 0.2554 0.8157
vn -0.9300 0.3431 -0.1320
vn 0.0350 0.9238 -0.3814
vn 0.4519 0.8793 -0.1500
vn 0.3069 0.8834 0.3542
vn -0.2129 0.8793 0.4259
vn -0.3825 0.9238 -0.0197
vn -0.7419 -0.6704 0.0100
vn -0.7420 -0.6703 0.0097
vn -0.6515 0.0039 -0.7586
vn -0.6516 0.0039 -0.7585
vn 0.1237 0.7110 -0.6922
vn 0.1235 0.7109 -0.6923
vn 0.6884 0.7249 0.0244
vn -0.4959 0.7703 0.4009
vn -0.4960 0.7701 0.4012
vn -0.4957 0.7704 0.4010
vn -0.4960 0.7702 0.4009
vn 0.6039 0.0683 0.7941
vn 0.6040 0.0684 0.7941
vn -0.1689 -0.6538 0.7376
vn -0.1690 -0.6539 0.7375
vn 0.4958 -0.7702 -0.4011
vn 0.4959 -0.7702 -0.4012
vn 0.4960 -0.7701 -0.4012
vn 0.4959 -0.7702 -0.4010
vn 0.3825 -0.9237 0.0198
vn -0.0350 -0.9237 0.3814
vn -0.4520 -0.8793 0.1501
vn 0.5195 -0.2551 -0.8155
vn 0.9301 -0.3430 0.1318
vn -0.8814 -0.2553 0.3975
vn -0.5191 0.2553 0.8157
vn -0.9301 0.3429 -0.1317
vn 0.0350 0.9237 -0.3814
vn 0.4519 0.8793 -0.1501
vn -0.2130 0.8793 0.4260
vn -0.3825 0.9237 -0.0197
vn -0.9494 0.1574 0.2717
vn -0.9494 0.1574 0.2719
vn -0.4300 0.8657 -0.2562
vn -0.4301 0.8657 -0.2562
vn 0.4255 0.7727 -0.4711
vn 0.4256 0.7726 -0.4711
vn 0.9767 -0.0958 -0.1923
vn 0.9767 -0.0952 -0.1925
vn 0.2436 0.5963 0.7649
vn 0.2438 0.5962 0.7649
vn 0.2439 0.5963 0.7649
vn 0.2438 0.5961 0.7650
vn 0.4595 -0.8239 0.3316
vn -0.4087 -0.7275 0.5511
vn -0.4088 -0.7275 0.5511
vn -0.2434 -0.5962 -0.7651
vn -0.2437 -0.5963 -0.7649
vn -0.2436 -0.5964 -0.7648
vn -0.2437 -0.5967 -0.7646
vn -0.6347 -0.2455 -0.7327
vn 0.0025 0.3428 -0.9394
vn -0.9301 0.3429 -0.1318
vn -0.5495 0.8070 0.2162
vn -0.5495 0.8070 0.2164
vn -0.3691 0.6411 -0.6729
vn -0.3689 0.6411 -0.6730
vn 0.2539 -0.1877 -0.9489
vn 0.2541 -0.1880 -0.9487
vn 0.6161 -0.7579 -0.2148
vn 0.6160 -0.7578 -0.2149
vn 0.6753 0.7353 0.0576
vn 0.6750 0.7356 0.0575
vn 0.6748 0.7357 0.0577
vn 0.6751 0.7355 0.0577
vn 0.4341 -0.5834 0.6864
vn 0.4341 -0.5834 0.6865
vn -0.1898 0.2548 0.9482
vn -0.1899 0.2550 0.9481
vn -0.6750 -0.7355 -0.0578
vn -0.6750 -0.7356 -0.0577
vn -0.6750 -0.7355 -0.0577
vn 0.3825 -0.9237 0.0197
vn -0.4520 -0.8793 0.1500
vn 0.9301 -0.3429 0.1317
vn 0.0022 0.3430 -0.9393
vn 0.6347 0.2456 0.7327
vn -0.8289 0.5587 -0.0264
vn -0.8289 0.5587 -0.0268
vn -0.7063 -0.3841 -0.5946
vn -0.7063 -0.3842 -0.5946
vn 0.1326 -0.8280 -0.5448
vn 0.8666 -0.4973 -0.0423
vn 0.8667 -0.4971 -0.0421
vn 0.2847 0.6693 -0.6863
vn 0.2848 0.6693 -0.6863
vn 0.2848 0.6691 -0.6864
vn 0.2848 0.6691 -0.6865
vn 0.7278 0.4469 0.5202
vn 0.7279 0.4468 0.5202
vn -0.1048 0.8741 0.4742
vn -0.1051 0.8742 0.4741
vn -0.2849 -0.6690 0.6865
vn -0.2850 -0.6691 0.6863
vn -0.2846 -0.6692 0.6864
vn -0.2848 -0.6694 0.6861
vn 0.2129 -0.8793 -0.4259
vn 0.5190 -0.2553 -0.8157
vn -0.0022 -0.3430 0.9393
vn 0.8814 0.2553 -0.3974
vn -0.9301 0.3430 -0.1317
vn 0.3068 0.8834 0.3542
vn -0.2129 0.8794 0.4259
vt 1.000000 1.000015
vt 0.833310 1.000015
vt 1.000000 0.500008
vt 0.833310 0.500008
vt 0.666651 1.000015
vt 0.666651 0.500008
vt 0.499992 1.000015
vt 0.499992 0.500008
vt 0.333303 1.000015
vt 0.333303 0.500008
vt 0.457816 0.370001
vt 0.249989 0.490028
vt 0.457816 0.130007
vt 0.042130 0.130007
vt 0.249989 0.010010
vt 0.042130 0.370001
vt 0.166644 1.000015
vt 0.166644 0.500008
vt -0.000015 1.000015
vt -0.000015 0.500008
vt 0.749996 0.490028
vt 0.957824 0.370001
vt 0.542138 0.370001
vt 0.749996 0.010010
vt 0.542138 0.130007
vt 0.957824 0.130007
vt 0.272725 0.157473
vt 0.090898 0.157473
vt 0.181811 0.000000
vt 0.363607 0.000000
vt 0.454520 0.157473
vt 1.000000 0.157473
vt 0.818174 0.157473
vt 0.909087 0.000000
vt 0.636347 0.157473
vt 0.727260 0.000000
vt 0.545434 0.000000
vt 0.363607 0.314946
vt 0.181811 0.314946
vt 0.909087 0.314946
vt 0.727260 0.314946
vt 0.545434 0.314946
vt -0.000015 0.314946
vt 0.272725 0.472389
vt 0.090898 0.472389
vt 0.818174 0.472389
vt 0.636347 0.472389
vt 0.454520 0.472389
s 0
usemtl Material_1
f 12051/193/3578 12050/194/3578 12049/195/3578
f 12050/194/3579 12052/196/3579 12049/195/3579
f 12055/194/3580 12054/197/3580 12053/196/3580
f 12054/197/3581 12056/198/3581 12053/196/3581
f 12059/197/3582 12058/199/3582 12057/198/3582
f 12058/199/3582 12060/200/3582 12057/198/3582
f 12063/199/3583 12062/201/3583 12061/200/3583
f 12062/201/3584 12064/202/3584 12061/200/3584
f 12067/203/3585 12066/204/3585 12065/205/3585
f 12068/206/3586 12065/205/3586 12066/204/3586
f 12069/207/3587 12065/205/3587 12068/206/3587
f 12070/208/3588 12068/206/3588 12066/204/3588
f 12073/201/3589 12072/209/3589 12071/202/3589
s 1
f 12072/209/3590 12074/210/3590 12071/202/3590
s 0
f 12077/209/3591 12076/211/3591 12075/210/3591
f 12076/211/3591 12078/212/3591 12075/210/3591
f 12081/213/3592 12080/214/3592 12079/215/3592
f 12082/216/3593 12079/215/3593 12080/214/3593
f 12083/217/3594 12079/215/3594 12082/216/3594
s 1
f 12084/218/3595 12082/216/3595 12080/214/3595
s 0
f 11751/219/3596 11750/220/3596 11749/221/3596
f 11754/222/3597 11753/223/3597 11752/219/3597
f 11757/224/3598 11756/225/3598 11755/226/3598
f 11760/225/3599 11759/227/3599 11758/228/3599
f 11763/227/3600 11762/223/3600 11761/229/3600
f 11766/223/3601 11765/230/3601 11764/219/3601
f 11769/219/3602 11768/231/3602 11767/220/3602
f 11772/224/3603 11771/232/3603 11770/225/3603
f 11775/225/3604 11774/233/3604 11773/227/3604
f 11778/227/3605 11777/234/3605 11776/223/3605
f 11781/230/3606 11780/231/3606 11779/219/3606
f 11784/231/3607 11783/235/3607 11782/220/3607
f 11787/232/3608 11786/233/3608 11785/225/3608
f 11790/233/3609 11789/234/3609 11788/227/3609
f 11793/234/3610 11792/230/3610 11791/223/3610
f 11796/230/3611 11795/236/3611 11794/231/3611
f 11799/231/3612 11798/237/3612 11797/235/3612
f 11802/232/3613 11801/238/3613 11800/233/3613
f 11805/233/3614 11804/239/3614 11803/234/3614
f 11808/234/3615 11807/240/3615 11806/230/3615
f 12087/193/3616 12086/194/3616 12085/195/3616
f 12086/194/3617 12088/196/3617 12085/195/3617
f 12091/194/3618 12090/197/3618 12089/196/3618
f 12090/197/3619 12092/198/3619 12089/196/3619
f 12095/197/3620 12094/199/3620 12093/198/3620
f 12094/199/3621 12096/200/3621 12093/198/3621
f 12099/199/3622 12098/201/3622 12097/200/3622
f 12098/201/3622 12100/202/3622 12097/200/3622
s 1
f 12103/203/3623 12102/204/3623 12101/205/3623
s 0
f 12104/206/3624 12101/205/3624 12102/204/3624
f 12105/207/3625 12101/205/3625 12104/206/3625
f 12106/208/3626 12104/206/3626 12102/204/3626
f 12109/201/3627 12108/209/3627 12107/202/3627
f 12108/209/3628 12110/210/3628 12107/202/3628
s 1
f 12113/209/3629 12112/211/3629 12111/210/3629
s 0
f 12112/211/3630 12114/212/3630 12111/210/3630
f 12117/213/3631 12116/214/3631 12115/215/3631
f 12118/216/3632 12115/215/3632 12116/214/3632
f 12119/217/3633 12115/215/3633 12118/216/3633
f 12120/218/3634 12118/216/3634 12116/214/3634
f 11811/219/3596 11810/220/3596 11809/221/3596
f 11814/222/3597 11813/223/3597 11812/219/3597
f 11817/224/3635 11816/225/3635 11815/226/3635
f 11820/225/3636 11819/227/3636 11818/228/3636
f 11823/227/3637 11822/223/3637 11821/229/3637
f 11826/223/3601 11825/230/3601 11824/219/3601
s 1
f 11829/219/3638 11828/231/3638 11827/220/3638
s 0
f 11832/224/3639 11831/232/3639 11830/225/3639
f 11835/225/3604 11834/233/3604 11833/227/3604
f 11838/227/3640 11837/234/3640 11836/223/3640
s 1
f 11841/230/3606 11840/231/3606 11839/219/3606
s 0
f 11844/231/3607 11843/235/3607 11842/220/3607
f 11847/232/3608 11846/233/3608 11845/225/3608
f 11850/233/3641 11849/234/3641 11848/227/3641
f 11853/234/3642 11852/230/3642 11851/223/3642
f 11856/230/3643 11855/236/3643 11854/231/3643
f 11859/231/3644 11858/237/3644 11857/235/3644
f 11862/232/3613 11861/238/3613 11860/233/3613
f 11865/233/3645 11864/239/3645 11863/234/3645
f 11868/234/3646 11867/240/3646 11866/230/3646
f 12123/193/3647 12122/194/3647 12121/195/3647
f 12122/194/3648 12124/196/3648 12121/195/3648
f 12127/194/3649 12126/197/3649 12125/196/3649
f 12126/197/3650 12128/198/3650 12125/196/3650
f 12131/197/3651 12130/199/3651 12129/198/3651
f 12130/199/3652 12132/200/3652 12129/198/3652
f 12135/199/3653 12134/201/3653 12133/200/3653
f 12134/201/3654 12136/202/3654 12133/200/3654
f 12139/203/3655 12138/204/3655 12137/205/3655
f 12140/206/3656 12137/205/3656 12138/204/3656
f 12141/207/3657 12137/205/3657 12140/206/3657
f 12142/208/3658 12140/206/3658 12138/204/3658
f 12145/201/3659 12144/209/3659 12143/202/3659
f 12144/209/3659 12146/210/3659 12143/202/3659
f 12149/209/3660 12148/211/3660 12147/210/3660
f 12148/211/3661 12150/212/3661 12147/210/3661
f 12153/213/3662 12152/214/3662 12151/215/3662
f 12154/216/3663 12151/215/3663 12152/214/3663
f 12155/217/3664 12151/215/3664 12154/216/3664
f 12156/218/3665 12154/216/3665 12152/214/3665
f 11871/219/3596 11870/220/3596 11869/221/3596
f 11874/222/3597 11873/223/3597 11872/219/3597
f 11877/224/3598 11876/225/3598 11875/226/3598
f 11880/225/3599 11879/227/3599 11878/228/3599
f 11883/227/3600 11882/223/3600 11881/229/3600
f 11886/223/3666 11885/230/3666 11884/219/3666
f 11889/219/3602 11888/231/3602 11887/220/3602
f 11892/224/3603 11891/232/3603 11890/225/3603
f 11895/225/3604 11894/233/3604 11893/227/3604
f 11898/227/3605 11897/234/3605 11896/223/3605
f 11901/230/3667 11900/231/3667 11899/219/3667
f 11904/231/3607 11903/235/3607 11902/220/3607
f 11907/232/3608 11906/233/3608 11905/225/3608
f 11910/233/3609 11909/234/3609 11908/227/3609
s 1
f 11913/234/3668 11912/230/3668 11911/223/3668
s 0
f 11916/230/3611 11915/236/3611 11914/231/3611
f 11919/231/3612 11918/237/3612 11917/235/3612
f 11922/232/3613 11921/238/3613 11920/233/3613
f 11925/233/3614 11924/239/3614 11923/234/3614
f 11928/234/3615 11927/240/3615 11926/230/3615
f 12159/193/3669 12158/194/3669 12157/195/3669
f 12158/194/3670 12160/196/3670 12157/195/3670
f 12163/194/3671 12162/197/3671 12161/196/3671
f 12162/197/3672 12164/198/3672 12161/196/3672
f 12167/197/3673 12166/199/3673 12165/198/3673
f 12166/199/3674 12168/200/3674 12165/198/3674
s 1
f 12171/199/3675 12170/201/3675 12169/200/3675
s 0
f 12170/201/3676 12172/202/3676 12169/200/3676
f 12175/203/3677 12174/204/3677 12173/205/3677
f 12176/206/3678 12173/205/3678 12174/204/3678
f 12177/207/3679 12173/205/3679 12176/206/3679
f 12178/208/3680 12176/206/3680 12174/204/3680
f 12181/201/3681 12180/209/3681 12179/202/3681
f 12180/209/3682 12182/210/3682 12179/202/3682
f 12185/209/3683 12184/211/3683 12183/210/3683
f 12184/211/3684 12186/212/3684 12183/210/3684
f 12189/213/3685 12188/214/3685 12187/215/3685
f 12190/216/3686 12187/215/3686 12188/214/3686
f 12191/217/3686 12187/215/3686 12190/216/3686
f 12192/218/3687 12190/216/3687 12188/214/3687
f 11931/219/3596 11930/220/3596 11929/221/3596
f 11934/222/3597 11933/223/3597 11932/219/3597
f 11937/224/3688 11936/225/3688 11935/226/3688
f 11940/225/3636 11939/227/3636 11938/228/3636
f 11943/227/3689 11942/223/3689 11941/229/3689
f 11946/223/3666 11945/230/3666 11944/219/3666
f 11949/219/3602 11948/231/3602 11947/220/3602
f 11952/224/3690 11951/232/3690 11950/225/3690
f 11955/225/3604 11954/233/3604 11953/227/3604
f 11958/227/3605 11957/234/3605 11956/223/3605
f 11961/230/3691 11960/231/3691 11959/219/3691
f 11964/231/3607 11963/235/3607 11962/220/3607
f 11967/232/3692 11966/233/3692 11965/225/3692
f 11970/233/3609 11969/234/3609 11968/227/3609
f 11973/234/3668 11972/230/3668 11971/223/3668
f 11976/230/3611 11975/236/3611 11974/231/3611
s 1
f 11979/231/3612 11978/237/3612 11977/235/3612
s 0
f 11982/232/3613 11981/238/3613 11980/233/3613
f 11985/233/3614 11984/239/3614 11983/234/3614
f 11988/234/3615 11987/240/3615 11986/230/3615
f 12195/193/3693 12194/194/3693 12193/195/3693
f 12194/194/3694 12196/196/3694 12193/195/3694
f 12199/194/3695 12198/197/3695 12197/196/3695
s 1
f 12198/197/3696 12200/198/3696 12197/196/3696
s 0
f 12203/197/3697 12202/199/3697 12201/198/3697
f 12202/199/3697 12204/200/3697 12201/198/3697
f 12207/199/3698 12206/201/3698 12205/200/3698
f 12206/201/3699 12208/202/3699 12205/200/3699
f 12211/203/3700 12210/204/3700 12209/205/3700
f 12212/206/3701 12209/205/3701 12210/204/3701
f 12213/207/3702 12209/205/3702 12212/206/3702
f 12214/208/3703 12212/206/3703 12210/204/3703
s 1
f 12217/201/3704 12216/209/3704 12215/202/3704
s 0
f 12216/209/3705 12218/210/3705 12215/202/3705
f 12221/209/3706 12220/211/3706 12219/210/3706
f 12220/211/3707 12222/212/3707 12219/210/3707
f 12225/213/3708 12224/214/3708 12223/215/3708
f 12226/216/3709 12223/215/3709 12224/214/3709
f 12227/217/3710 12223/215/3710 12226/216/3710
f 12228/218/3711 12226/216/3711 12224/214/3711
f 11991/219/3712 11990/220/3712 11989/221/3712
f 11994/222/3597 11993/223/3597 11992/219/3597
f 11997/224/3598 11996/225/3598 11995/226/3598
f 12000/225/3599 11999/227/3599 11998/228/3599
f 12003/227/3600 12002/223/3600 12001/229/3600
f 12006/223/3666 12005/230/3666 12004/219/3666
f 12009/219/3713 12008/231/3713 12007/220/3713
f 12012/224/3690 12011/232/3690 12010/225/3690
f 12015/225/3714 12014/233/3714 12013/227/3714
f 12018/227/3640 12017/234/3640 12016/223/3640
f 12021/230/3606 12020/231/3606 12019/219/3606
f 12024/231/3715 12023/235/3715 12022/220/3715
f 12027/232/3608 12026/233/3608 12025/225/3608
f 12030/233/3641 12029/234/3641 12028/227/3641
f 12033/234/3716 12032/230/3716 12031/223/3716
f 12036/230/3611 12035/236/3611 12034/231/3611
f 12039/231/3612 12038/237/3612 12037/235/3612
f 12042/232/3717 12041/238/3717 12040/233/3717
f 12045/233/3718 12044/239/3718 12043/234/3718
f 12048/234/3615 12047/240/3615 12046/230/3615
o deadBrushInstances_005
v -3.994295 0.073695 -3.230475
v -4.192504 0.162137 -3.105493
v -3.860487 0.201074 -2.998688
v -3.860487 0.201074 -2.998688
v -3.726857 0.201074 -3.220321
v -3.994295 0.073695 -3.230475
v -3.994295 0.073695 -3.230475
v -4.264069 0.138073 -3.393131
v -4.192504 0.162137 -3.105493
v -3.994295 0.073695 -3.230475
v -3.976285 0.162137 -3.464106
v -4.264069 0.138073 -3.393131
v -3.994295 0.073695 -3.230475
v -3.726857 0.201074 -3.220321
v -3.976285 0.162137 -3.464106
v -3.860487 0.201074 -2.998688
v -3.759760 0.368248 -3.089067
v -3.726857 0.201074 -3.220321
v -4.192504 0.162137 -3.105493
v -4.047560 0.344182 -3.018102
v -3.860487 0.201074 -2.998688
v -4.264069 0.138073 -3.393131
v -4.296996 0.305244 -3.261874
v -4.192504 0.162137 -3.105493
v -3.976285 0.162137 -3.464106
v -4.163365 0.305244 -3.483507
v -4.264069 0.138073 -3.393131
v -3.726857 0.201074 -3.220321
v -3.831341 0.344182 -3.376714
v -3.976285 0.162137 -3.464106
v -3.860487 0.201074 -2.998688
v -4.047560 0.344182 -3.018102
v -3.759760 0.368248 -3.089067
v -4.192504 0.162137 -3.105493
v -4.296996 0.305244 -3.261874
v -4.047560 0.344182 -3.018102
v -4.264069 0.138073 -3.393131
v -4.163365 0.305244 -3.483507
v -4.296996 0.305244 -3.261874
v -3.976285 0.162137 -3.464106
v -3.831341 0.344182 -3.376714
v -4.163365 0.305244 -3.483507
v -3.726857 0.201074 -3.220321
v -3.759760 0.368248 -3.089067
v -3.831341 0.344182 -3.376714
v -4.047560 0.344182 -3.018102
v -4.029551 0.432623 -3.251732
v -3.759760 0.368248 -3.089067
v -4.296996 0.305244 -3.261874
v -4.029551 0.432623 -3.251732
v -4.047560 0.344182 -3.018102
v -4.163365 0.305244 -3.483507
v -4.029551 0.432623 -3.251732
v -4.296996 0.305244 -3.261874
v -3.831341 0.344182 -3.376714
v -4.029551 0.432623 -3.251732
v -4.163365 0.305244 -3.483507
v -3.759760 0.368248 -3.089067
v -4.029551 0.432623 -3.251732
v -3.831341 0.344182 -3.376714
v -4.135315 0.111750 -3.582022
v -4.333526 0.200198 -3.457041
v -4.001508 0.239136 -3.350235
v -4.001508 0.239136 -3.350235
v -3.867878 0.239136 -3.571868
v -4.135315 0.111750 -3.582022
v -4.135315 0.111750 -3.582022
v -4.405090 0.176134 -3.744678
v -4.333526 0.200198 -3.457041
v -4.135315 0.111750 -3.582022
v -4.117313 0.200198 -3.815640
v -4.405090 0.176134 -3.744678
v -4.135315 0.111750 -3.582022
v -3.867878 0.239136 -3.571868
v -4.117313 0.200198 -3.815640
v -4.001508 0.239136 -3.350235
v -3.900780 0.406302 -3.440613
v -3.867878 0.239136 -3.571868
v -4.333526 0.200198 -3.457041
v -4.188581 0.382236 -3.369648
v -4.001508 0.239136 -3.350235
v -4.405090 0.176134 -3.744678
v -4.438016 0.343298 -3.613420
v -4.333526 0.200198 -3.457041
v -4.117313 0.200198 -3.815640
v -4.304386 0.343298 -3.835053
v -4.405090 0.176134 -3.744678
v -3.867878 0.239136 -3.571868
v -3.972368 0.382236 -3.728248
v -4.117313 0.200198 -3.815640
v -4.001508 0.239136 -3.350235
v -4.188581 0.382236 -3.369648
v -3.900780 0.406302 -3.440613
v -4.333526 0.200198 -3.457041
v -4.438016 0.343298 -3.613420
v -4.188581 0.382236 -3.369648
v -4.405090 0.176134 -3.744678
v -4.304386 0.343298 -3.835053
v -4.438016 0.343298 -3.613420
v -4.117313 0.200198 -3.815640
v -3.972368 0.382236 -3.728248
v -4.304386 0.343298 -3.835053
v -3.867878 0.239136 -3.571868
v -3.900780 0.406302 -3.440613
v -3.972368 0.382236 -3.728248
v -4.188581 0.382236 -3.369648
v -4.170571 0.470684 -3.603279
v -3.900780 0.406302 -3.440613
v -4.438016 0.343298 -3.613420
v -4.170571 0.470684 -3.603279
v -4.188581 0.382236 -3.369648
v -4.304386 0.343298 -3.835053
v -4.170571 0.470684 -3.603279
v -4.438016 0.343298 -3.613420
v -3.972368 0.382236 -3.728248
v -4.170571 0.470684 -3.603279
v -4.304386 0.343298 -3.835053
v -3.900780 0.406302 -3.440613
v -4.170571 0.470684 -3.603279
v -3.972368 0.382236 -3.728248
v -4.511569 0.000113 -3.615014
v -4.709779 0.088554 -3.490032
v -4.377761 0.127492 -3.383227
v -4.377761 0.127492 -3.383227
v -4.244131 0.127492 -3.604860
v -4.511569 0.000113 -3.615014
v -4.511569 0.000113 -3.615014
v -4.781343 0.064490 -3.777670
v -4.709779 0.088554 -3.490032
v -4.511569 0.000113 -3.615014
v -4.493559 0.088554 -3.848644
v -4.781343 0.064490 -3.777670
v -4.511569 0.000113 -3.615014
v -4.244131 0.127492 -3.604860
v -4.493559 0.088554 -3.848644
v -4.377761 0.127492 -3.383227
v -4.277050 0.294663 -3.473615
v -4.244131 0.127492 -3.604860
v -4.709779 0.088554 -3.490032
v -4.564834 0.270599 -3.402640
v -4.377761 0.127492 -3.383227
v -4.781343 0.064490 -3.777670
v -4.814270 0.231662 -3.646412
v -4.709779 0.088554 -3.490032
v -4.493559 0.088554 -3.848644
v -4.680639 0.231662 -3.868045
v -4.781343 0.064490 -3.777670
v -4.244131 0.127492 -3.604860
v -4.348615 0.270599 -3.761252
v -4.493559 0.088554 -3.848644
v -4.377761 0.127492 -3.383227
v -4.564834 0.270599 -3.402640
v -4.277050 0.294663 -3.473615
v -4.709779 0.088554 -3.490032
v -4.814270 0.231662 -3.646412
v -4.564834 0.270599 -3.402640
v -4.781343 0.064490 -3.777670
v -4.680639 0.231662 -3.868045
v -4.814270 0.231662 -3.646412
v -4.493559 0.088554 -3.848644
v -4.348615 0.270599 -3.761252
v -4.680639 0.231662 -3.868045
v -4.244131 0.127492 -3.604860
v -4.277050 0.294663 -3.473615
v -4.348615 0.270599 -3.761252
v -4.564834 0.270599 -3.402640
v -4.546824 0.359041 -3.636271
v -4.277050 0.294663 -3.473615
v -4.814270 0.231662 -3.646412
v -4.546824 0.359041 -3.636271
v -4.564834 0.270599 -3.402640
v -4.680639 0.231662 -3.868045
v -4.546824 0.359041 -3.636271
v -4.814270 0.231662 -3.646412
v -4.348615 0.270599 -3.761252
v -4.546824 0.359041 -3.636271
v -4.680639 0.231662 -3.868045
v -4.277050 0.294663 -3.473615
v -4.546824 0.359041 -3.636271
v -4.348615 0.270599 -3.761252
v -4.621547 0.080989 -3.294989
v -4.819757 0.169437 -3.170007
v -4.487741 0.208375 -3.063202
v -4.487741 0.208375 -3.063202
v -4.354110 0.208375 -3.284835
v -4.621547 0.080989 -3.294989
v -4.621547 0.080989 -3.294989
v -4.891338 0.145371 -3.457655
v -4.819757 0.169437 -3.170007
v -4.621547 0.080989 -3.294989
v -4.603538 0.169437 -3.528620
v -4.891338 0.145371 -3.457655
v -4.621547 0.080989 -3.294989
v -4.354110 0.208375 -3.284835
v -4.603538 0.169437 -3.528620
v -4.487741 0.208375 -3.063202
v -4.387029 0.375539 -3.153590
v -4.354110 0.208375 -3.284835
v -4.819757 0.169437 -3.170007
v -4.674813 0.351475 -3.082615
v -4.487741 0.208375 -3.063202
v -4.891338 0.145371 -3.457655
v -4.924248 0.312538 -3.326387
v -4.819757 0.169437 -3.170007
v -4.603538 0.169437 -3.528620
v -4.790618 0.312538 -3.548020
v -4.891338 0.145371 -3.457655
v -4.354110 0.208375 -3.284835
v -4.458593 0.351475 -3.441228
v -4.603538 0.169437 -3.528620
v -4.487741 0.208375 -3.063202
v -4.674813 0.351475 -3.082615
v -4.387029 0.375539 -3.153590
v -4.819757 0.169437 -3.170007
v -4.924248 0.312538 -3.326387
v -4.674813 0.351475 -3.082615
v -4.891338 0.145371 -3.457655
v -4.790618 0.312538 -3.548020
v -4.924248 0.312538 -3.326387
v -4.603538 0.169437 -3.528620
v -4.458593 0.351475 -3.441228
v -4.790618 0.312538 -3.548020
v -4.354110 0.208375 -3.284835
v -4.387029 0.375539 -3.153590
v -4.458593 0.351475 -3.441228
v -4.674813 0.351475 -3.082615
v -4.656803 0.439916 -3.316246
v -4.387029 0.375539 -3.153590
v -4.924248 0.312538 -3.326387
v -4.656803 0.439916 -3.316246
v -4.674813 0.351475 -3.082615
v -4.790618 0.312538 -3.548020
v -4.656803 0.439916 -3.316246
v -4.924248 0.312538 -3.326387
v -4.458593 0.351475 -3.441228
v -4.656803 0.439916 -3.316246
v -4.790618 0.312538 -3.548020
v -4.387029 0.375539 -3.153590
v -4.656803 0.439916 -3.316246
v -4.458593 0.351475 -3.441228
v -4.294803 0.054685 -3.053071
v -4.493013 0.143126 -2.928089
v -4.160988 0.182063 -2.821296
v -4.160988 0.182063 -2.821296
v -4.027358 0.182063 -3.042929
v -4.294803 0.054685 -3.053071
v -4.294803 0.054685 -3.053071
v -4.564594 0.119060 -3.215737
v -4.493013 0.143126 -2.928089
v -4.294803 0.054685 -3.053071
v -4.276793 0.143126 -3.286701
v -4.564594 0.119060 -3.215737
v -4.294803 0.054685 -3.053071
v -4.027358 0.182063 -3.042929
v -4.276793 0.143126 -3.286701
v -4.160988 0.182063 -2.821296
v -4.060285 0.349235 -2.911672
v -4.027358 0.182063 -3.042929
v -4.493013 0.143126 -2.928089
v -4.348085 0.325168 -2.840707
v -4.160988 0.182063 -2.821296
v -4.564594 0.119060 -3.215737
v -4.597513 0.286231 -3.084491
v -4.493013 0.143126 -2.928089
v -4.276793 0.143126 -3.286701
v -4.463882 0.286231 -3.306125
v -4.564594 0.119060 -3.215737
v -4.027358 0.182063 -3.042929
v -4.131866 0.325168 -3.199319
v -4.276793 0.143126 -3.286701
v -4.160988 0.182063 -2.821296
v -4.348085 0.325168 -2.840707
v -4.060285 0.349235 -2.911672
v -4.493013 0.143126 -2.928089
v -4.597513 0.286231 -3.084491
v -4.348085 0.325168 -2.840707
v -4.564594 0.119060 -3.215737
v -4.463882 0.286231 -3.306125
v -4.597513 0.286231 -3.084491
v -4.276793 0.143126 -3.286701
v -4.131866 0.325168 -3.199319
v -4.463882 0.286231 -3.306125
v -4.027358 0.182063 -3.042929
v -4.060285 0.349235 -2.911672
v -4.131866 0.325168 -3.199319
v -4.348085 0.325168 -2.840707
v -4.330059 0.413612 -3.074328
v -4.060285 0.349235 -2.911672
v -4.597513 0.286231 -3.084491
v -4.330059 0.413612 -3.074328
v -4.348085 0.325168 -2.840707
v -4.463882 0.286231 -3.306125
v -4.330059 0.413612 -3.074328
v -4.597513 0.286231 -3.084491
v -4.131866 0.325168 -3.199319
v -4.330059 0.413612 -3.074328
v -4.463882 0.286231 -3.306125
v -4.060285 0.349235 -2.911672
v -4.330059 0.413612 -3.074328
v -4.131866 0.325168 -3.199319
v -4.289878 0.034651 -3.393086
v -3.993162 0.237736 -3.241947
v -4.001066 0.249315 -3.263117
v -4.275783 0.013977 -3.355298
v -4.275783 0.013977 -3.355298
v -4.004019 0.241580 -3.219934
v -3.993162 0.237736 -3.241947
v -4.295180 0.020838 -3.315977
v -4.295180 0.020838 -3.315977
v -4.022787 0.257003 -3.219078
v -4.004019 0.241580 -3.219934
v -4.328671 0.048379 -3.314445
v -4.328671 0.048379 -3.314445
v -4.030691 0.268575 -3.240248
v -4.022787 0.257003 -3.219078
v -4.342782 0.069051 -3.352243
v -4.004019 0.241580 -3.219934
v -4.001066 0.249315 -3.263117
v -3.993162 0.237736 -3.241947
v -4.030691 0.268575 -3.240248
v -4.022787 0.257003 -3.219078
v -4.019817 0.264733 -3.262251
v -4.342782 0.069051 -3.352243
v -4.019817 0.264733 -3.262251
v -4.030691 0.268575 -3.240248
v -4.323369 0.062185 -3.391554
v -4.323369 0.062185 -3.391554
v -4.001066 0.249315 -3.263117
v -4.019817 0.264733 -3.262251
v -4.289878 0.034651 -3.393086
v -4.323369 0.062185 -3.391554
v -4.275783 0.013977 -3.355298
v -4.289878 0.034651 -3.393086
v -4.328671 0.048379 -3.314445
v -4.342782 0.069051 -3.352243
v -4.295180 0.020838 -3.315977
v -4.291977 0.013668 -3.379784
v -4.126585 0.284795 -3.586108
v -4.143251 0.275626 -3.607207
v -4.262226 0.030046 -3.342092
v -4.262226 0.030046 -3.342092
v -4.136269 0.300391 -3.571530
v -4.126585 0.284795 -3.586108
v -4.279523 0.057889 -3.316074
v -4.279523 0.057889 -3.316074
v -4.162626 0.306810 -3.578072
v -4.136269 0.300391 -3.571530
v -4.326572 0.069362 -3.327748
v -4.326572 0.069362 -3.327748
v -4.179286 0.297641 -3.599183
v -4.162626 0.306810 -3.578072
v -4.356323 0.052984 -3.365439
v -4.136269 0.300391 -3.571530
v -4.143251 0.275626 -3.607207
v -4.126585 0.284795 -3.586108
v -4.179286 0.297641 -3.599183
v -4.162626 0.306810 -3.578072
v -4.169602 0.282045 -3.613761
v -4.356323 0.052984 -3.365439
v -4.169602 0.282045 -3.613761
v -4.179286 0.297641 -3.599183
v -4.339042 0.025132 -3.391467
v -4.339042 0.025132 -3.391467
v -4.143251 0.275626 -3.607207
v -4.169602 0.282045 -3.613761
v -4.291977 0.013668 -3.379784
v -4.339042 0.025132 -3.391467
v -4.262226 0.030046 -3.342092
v -4.291977 0.013668 -3.379784
v -4.326572 0.069362 -3.327748
v -4.356323 0.052984 -3.365439
v -4.279523 0.057889 -3.316074
v -4.279390 0.029209 -3.383771
v -4.506386 0.192124 -3.629432
v -4.512461 0.172687 -3.642446
v -4.268531 0.063923 -3.360547
v -4.268531 0.063923 -3.360547
v -4.523121 0.199014 -3.612629
v -4.506386 0.192124 -3.629432
v -4.298399 0.076228 -3.330532
v -4.298399 0.076228 -3.330532
v -4.545939 0.186467 -3.608826
v -4.523121 0.199014 -3.612629
v -4.339159 0.053821 -3.323760
v -4.339159 0.053821 -3.323760
v -4.552015 0.167029 -3.621840
v -4.545939 0.186467 -3.608826
v -4.350034 0.019105 -3.346994
v -4.523121 0.199014 -3.612629
v -4.512461 0.172687 -3.642446
v -4.506386 0.192124 -3.629432
v -4.552015 0.167029 -3.621840
v -4.545939 0.186467 -3.608826
v -4.535280 0.160139 -3.638643
v -4.350034 0.019105 -3.346994
v -4.535280 0.160139 -3.638643
v -4.552015 0.167029 -3.621840
v -4.320150 0.006802 -3.376999
v -4.320150 0.006802 -3.376999
v -4.512461 0.172687 -3.642446
v -4.535280 0.160139 -3.638643
v -4.279390 0.029209 -3.383771
v -4.320150 0.006802 -3.376999
v -4.268531 0.063923 -3.360547
v -4.279390 0.029209 -3.383771
v -4.339159 0.053821 -3.323760
v -4.350034 0.019105 -3.346994
v -4.298399 0.076228 -3.330532
v -4.298853 0.061111 -3.390882
v -4.620014 0.277587 -3.302428
v -4.633347 0.271427 -3.326396
v -4.275043 0.072104 -3.348086
v -4.275043 0.072104 -3.348086
v -4.625842 0.266612 -3.281650
v -4.620014 0.277587 -3.302428
v -4.285472 0.052512 -3.310957
v -4.285472 0.052512 -3.310957
v -4.645011 0.249485 -3.284827
v -4.625842 0.266612 -3.281650
v -4.319696 0.021919 -3.316649
v -4.319696 0.021919 -3.316649
v -4.658344 0.243325 -3.308794
v -4.645011 0.249485 -3.284827
v -4.343498 0.010926 -3.359457
v -4.625842 0.266612 -3.281650
v -4.633347 0.271427 -3.326396
v -4.620014 0.277587 -3.302428
v -4.658344 0.243325 -3.308794
v -4.645011 0.249485 -3.284827
v -4.652509 0.254300 -3.329585
v -4.343498 0.010926 -3.359457
v -4.652509 0.254300 -3.329585
v -4.658344 0.243325 -3.308794
v -4.333077 0.030518 -3.396574
v -4.333077 0.030518 -3.396574
v -4.633347 0.271427 -3.326396
v -4.652509 0.254300 -3.329585
v -4.298853 0.061111 -3.390882
v -4.333077 0.030518 -3.396574
v -4.275043 0.072104 -3.348086
v -4.298853 0.061111 -3.390882
v -4.319696 0.021919 -3.316649
v -4.343498 0.010926 -3.359457
v -4.285472 0.052512 -3.310957
v -4.288256 0.070487 -3.375993
v -4.284198 0.237244 -3.061109
v -4.300668 0.250370 -3.076156
v -4.258857 0.047048 -3.349138
v -4.258857 0.047048 -3.349138
v -4.295978 0.221020 -3.048662
v -4.284198 0.237244 -3.061109
v -4.279883 0.018073 -3.326898
v -4.279883 0.018073 -3.326898
v -4.324203 0.217917 -3.051264
v -4.295978 0.221020 -3.048662
v -4.330293 0.012536 -3.331538
v -4.330293 0.012536 -3.331538
v -4.340673 0.231050 -3.066312
v -4.324203 0.217917 -3.051264
v -4.359685 0.035982 -3.358405
v -4.295978 0.221020 -3.048662
v -4.300668 0.250370 -3.076156
v -4.284198 0.237244 -3.061109
v -4.340673 0.231050 -3.066312
v -4.324203 0.217917 -3.051264
v -4.328893 0.247274 -3.078759
v -4.359685 0.035982 -3.358405
v -4.328893 0.247274 -3.078759
v -4.340673 0.231050 -3.066312
v -4.338683 0.064955 -3.380642
v -4.338683 0.064955 -3.380642
v -4.300668 0.250370 -3.076156
v -4.328893 0.247274 -3.078759
v -4.288256 0.070487 -3.375993
v -4.338683 0.064955 -3.380642
v -4.258857 0.047048 -3.349138
v -4.288256 0.070487 -3.375993
v -4.330293 0.012536 -3.331538
v -4.359685 0.035982 -3.358405
v -4.279883 0.018073 -3.326898
vn 0.6453 -0.5426 -0.5377
vn 0.6453 -0.5427 -0.5376
vn 0.4785 -0.7942 0.3747
vn 0.4783 -0.7941 0.3750
vn -0.1441 -0.2288 0.9627
vn -0.5814 0.6027 0.5465
vn -0.5814 0.6026 0.5466
vn 0.6296 0.7561 0.1785
vn 0.6295 0.7562 0.1785
vn 0.6296 0.7562 0.1783
vn 0.6297 0.7560 0.1789
vn -0.4121 0.8411 -0.3502
vn -0.4122 0.8412 -0.3500
vn 0.2005 0.2958 -0.9340
vn 0.2004 0.2958 -0.9340
vn -0.6297 -0.7560 -0.1787
vn -0.6293 -0.7563 -0.1787
vn -0.6294 -0.7562 -0.1787
vn -0.0628 -0.8589 0.5083
vn 0.4091 -0.8785 0.2466
vn -0.3180 -0.9350 0.1573
vn -0.0093 -0.9350 -0.3546
vn 0.4202 -0.8589 -0.2927
vn 0.8333 -0.2305 0.5024
vn -0.2734 -0.2307 0.9338
vn -0.8920 -0.3745 0.2533
vn -0.1924 -0.3745 -0.9071
vn 0.6983 -0.2307 -0.6776
vn 0.1923 0.3745 0.9071
vn -0.6983 0.2307 0.6777
vn -0.8333 0.2304 -0.5025
vn 0.2733 0.2307 -0.9339
vn 0.8919 0.3747 -0.2530
vn 0.0093 0.9350 0.3546
vn -0.4202 0.8589 0.2928
vn -0.4091 0.8785 -0.2466
vn 0.0628 0.8589 -0.5083
vn 0.3180 0.9350 -0.1573
vn 0.7100 -0.6462 -0.2800
vn 0.7101 -0.6461 -0.2798
vn 0.8529 0.0439 0.5202
vn 0.8530 0.0439 0.5201
vn 0.0050 0.7238 0.6899
vn 0.0053 0.7238 0.6900
vn -0.6737 0.7035 0.2261
vn 0.3260 0.7457 -0.5811
vn 0.3260 0.7455 -0.5813
vn 0.3258 0.7458 -0.5810
vn 0.3262 0.7456 -0.5811
vn -0.8143 0.0358 -0.5793
vn -0.8144 0.0360 -0.5792
vn 0.0240 -0.6631 -0.7481
vn 0.0242 -0.6632 -0.7481
vn -0.3259 -0.7456 0.5812
vn -0.3260 -0.7455 0.5813
vn -0.3260 -0.7456 0.5812
vn 0.4091 -0.8785 0.2467
vn -0.3180 -0.9349 0.1573
vn -0.0093 -0.9349 -0.3547
vn 0.4202 -0.8589 -0.2928
vn -0.2737 -0.2305 0.9338
vn 0.6983 -0.2307 -0.6777
vn 0.2734 0.2307 -0.9338
vn 0.8920 0.3745 -0.2533
vn 0.0093 0.9349 0.3547
vn -0.4091 0.8785 -0.2467
vn 0.3180 0.9349 -0.1574
vn 0.7765 0.1642 -0.6084
vn 0.7764 0.1642 -0.6085
vn 0.4259 0.9032 0.0539
vn 0.4260 0.9031 0.0537
vn -0.3166 0.7512 0.5792
vn -0.3167 0.7511 0.5792
vn -0.8281 -0.1093 0.5498
vn -0.8280 -0.1087 0.5500
vn -0.4376 0.5907 -0.6780
vn -0.4377 0.5906 -0.6780
vn -0.4378 0.5906 -0.6779
vn -0.4377 0.5905 -0.6780
vn -0.4771 -0.8709 -0.1181
vn 0.2818 -0.7085 -0.6470
vn 0.2820 -0.7084 -0.6470
vn 0.4373 -0.5905 0.6782
vn 0.4376 -0.5907 0.6779
vn 0.4375 -0.5908 0.6779
vn 0.4375 -0.5911 0.6777
vn 0.8333 -0.2304 0.5025
vn 0.1921 0.3744 0.9072
vn 0.4171 0.7971 -0.4366
vn 0.4170 0.7971 -0.4367
vn 0.4889 0.7073 0.5107
vn 0.4887 0.7072 0.5109
vn -0.0177 -0.1632 0.9864
vn -0.0179 -0.1635 0.9864
vn -0.4789 -0.7487 0.4584
vn -0.4788 -0.7487 0.4585
vn -0.6718 0.7160 0.1897
vn -0.6716 0.7162 0.1897
vn -0.6715 0.7164 0.1894
vn -0.6717 0.7162 0.1895
vn -0.5640 -0.6543 -0.5037
vn -0.0434 0.2292 -0.9724
vn -0.0433 0.2293 -0.9724
vn 0.6717 -0.7162 -0.1895
vn 0.6716 -0.7163 -0.1895
vn 0.6716 -0.7162 -0.1896
vn -0.3180 -0.9349 0.1574
vn -0.1924 -0.3744 -0.9071
vn 0.1924 0.3745 0.9070
vn -0.8333 0.2305 -0.5024
vn 0.7510 0.5795 -0.3165
vn 0.7511 0.5795 -0.3162
vn 0.8664 -0.3783 0.3261
vn 0.8663 -0.3784 0.3261
vn 0.0342 -0.8065 0.5902
vn 0.0343 -0.8065 0.5902
vn -0.7652 -0.5113 0.3913
vn -0.7653 -0.5112 0.3912
vn -0.1404 0.6648 0.7337
vn -0.1405 0.6648 0.7337
vn -0.1405 0.6647 0.7338
vn -0.8640 0.4428 -0.2394
vn -0.8641 0.4427 -0.2393
vn -0.0466 0.8557 -0.5153
vn -0.0464 0.8557 -0.5153
vn 0.1406 -0.6645 -0.7339
vn 0.1407 -0.6647 -0.7337
vn 0.1403 -0.6648 -0.7337
vn 0.1405 -0.6650 -0.7335
vn -0.2733 -0.2307 0.9339
vn -0.1923 -0.3746 -0.9070
vn 0.6983 -0.2306 -0.6777
vn -0.6983 0.2307 0.6776
vn 0.2734 0.2306 -0.9339
vn 0.8919 0.3746 -0.2533
vn -0.4202 0.8589 0.2927
vn 0.0628 0.8589 -0.5082
vt 1.000000 1.000015
vt 0.833310 1.000015
vt 1.000000 0.500008
vt 0.833310 0.500008
vt 0.666651 1.000015
vt 0.666651 0.500008
vt 0.499992 1.000015
vt 0.499992 0.500008
vt 0.333303 1.000015
vt 0.333303 0.500008
vt 0.457816 0.370001
vt 0.249989 0.490028
vt 0.457816 0.130007
vt 0.042130 0.130007
vt 0.249989 0.010010
vt 0.042130 0.370001
vt 0.166644 1.000015
vt 0.166644 0.500008
vt -0.000015 1.000015
vt -0.000015 0.500008
vt 0.749996 0.490028
vt 0.957824 0.370001
vt 0.542138 0.370001
vt 0.749996 0.010010
vt 0.542138 0.130007
vt 0.957824 0.130007
vt 0.272725 0.157473
vt 0.090898 0.157473
vt 0.181811 0.000000
vt 0.363607 0.000000
vt 0.454520 0.157473
vt 1.000000 0.157473
vt 0.818174 0.157473
vt 0.909087 0.000000
vt 0.636347 0.157473
vt 0.727260 0.000000
vt 0.545434 0.000000
vt 0.363607 0.314946
vt 0.181811 0.314946
vt 0.909087 0.314946
vt 0.727260 0.314946
vt 0.545434 0.314946
vt -0.000015 0.314946
vt 0.272725 0.472389
vt 0.090898 0.472389
vt 0.818174 0.472389
vt 0.636347 0.472389
vt 0.454520 0.472389
s 0
usemtl Material_1
f 12531/241/3719 12530/242/3719 12529/243/3719
f 12530/242/3720 12532/244/3720 12529/243/3720
f 12535/242/3721 12534/245/3721 12533/244/3721
f 12534/245/3722 12536/246/3722 12533/244/3722
f 12539/245/3723 12538/247/3723 12537/246/3723
f 12538/247/3723 12540/248/3723 12537/246/3723
f 12543/247/3724 12542/249/3724 12541/248/3724
f 12542/249/3725 12544/250/3725 12541/248/3725
f 12547/251/3726 12546/252/3726 12545/253/3726
f 12548/254/3727 12545/253/3727 12546/252/3727
f 12549/255/3728 12545/253/3728 12548/254/3728
f 12550/256/3729 12548/254/3729 12546/252/3729
f 12553/249/3730 12552/257/3730 12551/250/3730
s 1
f 12552/257/3731 12554/258/3731 12551/250/3731
s 0
f 12557/257/3732 12556/259/3732 12555/258/3732
f 12556/259/3733 12558/260/3733 12555/258/3733
f 12561/261/3734 12560/262/3734 12559/263/3734
f 12562/264/3734 12559/263/3734 12560/262/3734
f 12563/265/3735 12559/263/3735 12562/264/3735
s 1
f 12564/266/3736 12562/264/3736 12560/262/3736
s 0
f 12231/267/3737 12230/268/3737 12229/269/3737
f 12234/270/3738 12233/271/3738 12232/267/3738
f 12237/272/3739 12236/273/3739 12235/274/3739
f 12240/273/3740 12239/275/3740 12238/276/3740
f 12243/275/3741 12242/271/3741 12241/277/3741
f 12246/271/3742 12245/278/3742 12244/267/3742
f 12249/267/3743 12248/279/3743 12247/268/3743
f 12252/272/3744 12251/280/3744 12250/273/3744
f 12255/273/3745 12254/281/3745 12253/275/3745
f 12258/275/3746 12257/282/3746 12256/271/3746
f 12261/278/3747 12260/279/3747 12259/267/3747
f 12264/279/3748 12263/283/3748 12262/268/3748
f 12267/280/3749 12266/281/3749 12265/273/3749
f 12270/281/3750 12269/282/3750 12268/275/3750
f 12273/282/3751 12272/278/3751 12271/271/3751
f 12276/278/3752 12275/284/3752 12274/279/3752
f 12279/279/3753 12278/285/3753 12277/283/3753
f 12282/280/3754 12281/286/3754 12280/281/3754
f 12285/281/3755 12284/287/3755 12283/282/3755
f 12288/282/3756 12287/288/3756 12286/278/3756
f 12567/241/3757 12566/242/3757 12565/243/3757
f 12566/242/3758 12568/244/3758 12565/243/3758
f 12571/242/3759 12570/245/3759 12569/244/3759
f 12570/245/3760 12572/246/3760 12569/244/3760
f 12575/245/3761 12574/247/3761 12573/246/3761
f 12574/247/3762 12576/248/3762 12573/246/3762
f 12579/247/3763 12578/249/3763 12577/248/3763
f 12578/249/3763 12580/250/3763 12577/248/3763
s 1
f 12583/251/3764 12582/252/3764 12581/253/3764
s 0
f 12584/254/3765 12581/253/3765 12582/252/3765
f 12585/255/3766 12581/253/3766 12584/254/3766
f 12586/256/3767 12584/254/3767 12582/252/3767
f 12589/249/3768 12588/257/3768 12587/250/3768
f 12588/257/3769 12590/258/3769 12587/250/3769
s 1
f 12593/257/3770 12592/259/3770 12591/258/3770
s 0
f 12592/259/3771 12594/260/3771 12591/258/3771
f 12597/261/3772 12596/262/3772 12595/263/3772
f 12598/264/3773 12595/263/3773 12596/262/3773
f 12599/265/3773 12595/263/3773 12598/264/3773
f 12600/266/3774 12598/264/3774 12596/262/3774
f 12291/267/3737 12290/268/3737 12289/269/3737
f 12294/270/3775 12293/271/3775 12292/267/3775
f 12297/272/3776 12296/273/3776 12295/274/3776
f 12300/273/3777 12299/275/3777 12298/276/3777
f 12303/275/3778 12302/271/3778 12301/277/3778
f 12306/271/3742 12305/278/3742 12304/267/3742
s 1
f 12309/267/3779 12308/279/3779 12307/268/3779
s 0
f 12312/272/3744 12311/280/3744 12310/273/3744
f 12315/273/3745 12314/281/3745 12313/275/3745
f 12318/275/3780 12317/282/3780 12316/271/3780
s 1
f 12321/278/3747 12320/279/3747 12319/267/3747
s 0
f 12324/279/3748 12323/283/3748 12322/268/3748
f 12327/280/3749 12326/281/3749 12325/273/3749
f 12330/281/3781 12329/282/3781 12328/275/3781
f 12333/282/3782 12332/278/3782 12331/271/3782
f 12336/278/3783 12335/284/3783 12334/279/3783
f 12339/279/3753 12338/285/3753 12337/283/3753
f 12342/280/3784 12341/286/3784 12340/281/3784
f 12345/281/3755 12344/287/3755 12343/282/3755
f 12348/282/3785 12347/288/3785 12346/278/3785
f 12603/241/3786 12602/242/3786 12601/243/3786
f 12602/242/3787 12604/244/3787 12601/243/3787
f 12607/242/3788 12606/245/3788 12605/244/3788
f 12606/245/3789 12608/246/3789 12605/244/3789
f 12611/245/3790 12610/247/3790 12609/246/3790
f 12610/247/3791 12612/248/3791 12609/246/3791
f 12615/247/3792 12614/249/3792 12613/248/3792
f 12614/249/3793 12616/250/3793 12613/248/3793
f 12619/251/3794 12618/252/3794 12617/253/3794
f 12620/254/3795 12617/253/3795 12618/252/3795
f 12621/255/3796 12617/253/3796 12620/254/3796
f 12622/256/3797 12620/254/3797 12618/252/3797
f 12625/249/3798 12624/257/3798 12623/250/3798
f 12624/257/3798 12626/258/3798 12623/250/3798
f 12629/257/3799 12628/259/3799 12627/258/3799
f 12628/259/3800 12630/260/3800 12627/258/3800
f 12633/261/3801 12632/262/3801 12631/263/3801
f 12634/264/3802 12631/263/3802 12632/262/3802
f 12635/265/3803 12631/263/3803 12634/264/3803
f 12636/266/3804 12634/264/3804 12632/262/3804
f 12351/267/3737 12350/268/3737 12349/269/3737
f 12354/270/3738 12353/271/3738 12352/267/3738
f 12357/272/3739 12356/273/3739 12355/274/3739
f 12360/273/3740 12359/275/3740 12358/276/3740
f 12363/275/3741 12362/271/3741 12361/277/3741
f 12366/271/3805 12365/278/3805 12364/267/3805
f 12369/267/3743 12368/279/3743 12367/268/3743
f 12372/272/3744 12371/280/3744 12370/273/3744
f 12375/273/3745 12374/281/3745 12373/275/3745
f 12378/275/3746 12377/282/3746 12376/271/3746
f 12381/278/3806 12380/279/3806 12379/267/3806
f 12384/279/3748 12383/283/3748 12382/268/3748
f 12387/280/3749 12386/281/3749 12385/273/3749
f 12390/281/3750 12389/282/3750 12388/275/3750
s 1
f 12393/282/3782 12392/278/3782 12391/271/3782
s 0
f 12396/278/3752 12395/284/3752 12394/279/3752
f 12399/279/3753 12398/285/3753 12397/283/3753
f 12402/280/3754 12401/286/3754 12400/281/3754
f 12405/281/3755 12404/287/3755 12403/282/3755
f 12408/282/3756 12407/288/3756 12406/278/3756
f 12639/241/3807 12638/242/3807 12637/243/3807
f 12638/242/3808 12640/244/3808 12637/243/3808
f 12643/242/3809 12642/245/3809 12641/244/3809
f 12642/245/3810 12644/246/3810 12641/244/3810
f 12647/245/3811 12646/247/3811 12645/246/3811
f 12646/247/3812 12648/248/3812 12645/246/3812
s 1
f 12651/247/3813 12650/249/3813 12649/248/3813
s 0
f 12650/249/3814 12652/250/3814 12649/248/3814
f 12655/251/3815 12654/252/3815 12653/253/3815
f 12656/254/3816 12653/253/3816 12654/252/3816
f 12657/255/3817 12653/253/3817 12656/254/3817
f 12658/256/3818 12656/254/3818 12654/252/3818
f 12661/249/3819 12660/257/3819 12659/250/3819
f 12660/257/3819 12662/258/3819 12659/250/3819
f 12665/257/3820 12664/259/3820 12663/258/3820
f 12664/259/3821 12666/260/3821 12663/258/3821
f 12669/261/3822 12668/262/3822 12667/263/3822
f 12670/264/3823 12667/263/3823 12668/262/3823
f 12671/265/3823 12667/263/3823 12670/264/3823
f 12672/266/3824 12670/264/3824 12668/262/3824
f 12411/267/3737 12410/268/3737 12409/269/3737
f 12414/270/3775 12413/271/3775 12412/267/3775
f 12417/272/3825 12416/273/3825 12415/274/3825
f 12420/273/3777 12419/275/3777 12418/276/3777
f 12423/275/3778 12422/271/3778 12421/277/3778
f 12426/271/3805 12425/278/3805 12424/267/3805
f 12429/267/3743 12428/279/3743 12427/268/3743
f 12432/272/3744 12431/280/3744 12430/273/3744
f 12435/273/3826 12434/281/3826 12433/275/3826
f 12438/275/3746 12437/282/3746 12436/271/3746
f 12441/278/3827 12440/279/3827 12439/267/3827
f 12444/279/3748 12443/283/3748 12442/268/3748
f 12447/280/3828 12446/281/3828 12445/273/3828
f 12450/281/3750 12449/282/3750 12448/275/3750
f 12453/282/3782 12452/278/3782 12451/271/3782
f 12456/278/3752 12455/284/3752 12454/279/3752
s 1
f 12459/279/3753 12458/285/3753 12457/283/3753
s 0
f 12462/280/3754 12461/286/3754 12460/281/3754
f 12465/281/3755 12464/287/3755 12463/282/3755
f 12468/282/3756 12467/288/3756 12466/278/3756
f 12675/241/3829 12674/242/3829 12673/243/3829
f 12674/242/3830 12676/244/3830 12673/243/3830
f 12679/242/3831 12678/245/3831 12677/244/3831
s 1
f 12678/245/3832 12680/246/3832 12677/244/3832
s 0
f 12683/245/3833 12682/247/3833 12681/246/3833
f 12682/247/3834 12684/248/3834 12681/246/3834
f 12687/247/3835 12686/249/3835 12685/248/3835
f 12686/249/3836 12688/250/3836 12685/248/3836
f 12691/251/3837 12690/252/3837 12689/253/3837
f 12692/254/3838 12689/253/3838 12690/252/3838
f 12693/255/3839 12689/253/3839 12692/254/3839
f 12694/256/3839 12692/254/3839 12690/252/3839
s 1
f 12697/249/3840 12696/257/3840 12695/250/3840
s 0
f 12696/257/3841 12698/258/3841 12695/250/3841
f 12701/257/3842 12700/259/3842 12699/258/3842
f 12700/259/3843 12702/260/3843 12699/258/3843
f 12705/261/3844 12704/262/3844 12703/263/3844
f 12706/264/3845 12703/263/3845 12704/262/3845
f 12707/265/3846 12703/263/3846 12706/264/3846
f 12708/266/3847 12706/264/3847 12704/262/3847
f 12471/267/3737 12470/268/3737 12469/269/3737
f 12474/270/3738 12473/271/3738 12472/267/3738
f 12477/272/3739 12476/273/3739 12475/274/3739
f 12480/273/3740 12479/275/3740 12478/276/3740
f 12483/275/3778 12482/271/3778 12481/277/3778
f 12486/271/3805 12485/278/3805 12484/267/3805
f 12489/267/3848 12488/279/3848 12487/268/3848
f 12492/272/3744 12491/280/3744 12490/273/3744
f 12495/273/3849 12494/281/3849 12493/275/3849
f 12498/275/3850 12497/282/3850 12496/271/3850
f 12501/278/3747 12500/279/3747 12499/267/3747
f 12504/279/3851 12503/283/3851 12502/268/3851
f 12507/280/3749 12506/281/3749 12505/273/3749
f 12510/281/3852 12509/282/3852 12508/275/3852
f 12513/282/3853 12512/278/3853 12511/271/3853
f 12516/278/3783 12515/284/3783 12514/279/3783
f 12519/279/3854 12518/285/3854 12517/283/3854
f 12522/280/3754 12521/286/3754 12520/281/3754
f 12525/281/3855 12524/287/3855 12523/282/3855
f 12528/282/3785 12527/288/3785 12526/278/3785
o deadBrushInstances_006
v -1.051920 0.041545 -10.567485
v -1.063877 0.131953 -10.381531
v -0.844032 0.130168 -10.523143
v -0.844032 0.130168 -10.523143
v -0.910648 0.130168 -10.726303
v -1.051920 0.041545 -10.567485
v -1.051920 0.041545 -10.567485
v -1.266360 0.133056 -10.497170
v -1.063877 0.131953 -10.381531
v -1.051920 0.041545 -10.567485
v -1.171664 0.131953 -10.710254
v -1.266360 0.133056 -10.497170
v -1.051920 0.041545 -10.567485
v -0.910648 0.130168 -10.726303
v -1.171664 0.131953 -10.710254
v -0.844032 0.130168 -10.523143
v -0.835285 0.275353 -10.638518
v -0.910648 0.130168 -10.726303
v -1.063877 0.131953 -10.381531
v -0.929994 0.276457 -10.425430
v -0.844032 0.130168 -10.523143
v -1.266360 0.133056 -10.497170
v -1.191007 0.278241 -10.409370
v -1.063877 0.131953 -10.381531
v -1.171664 0.131953 -10.710254
v -1.257623 0.278241 -10.612531
v -1.266360 0.133056 -10.497170
v -0.910648 0.130168 -10.726303
v -1.037782 0.276457 -10.754153
v -1.171664 0.131953 -10.710254
v -0.844032 0.130168 -10.523143
v -0.929994 0.276457 -10.425430
v -0.835285 0.275353 -10.638518
v -1.063877 0.131953 -10.381531
v -1.191007 0.278241 -10.409370
v -0.929994 0.276457 -10.425430
v -1.266360 0.133056 -10.497170
v -1.257623 0.278241 -10.612531
v -1.191007 0.278241 -10.409370
v -1.171664 0.131953 -10.710254
v -1.037782 0.276457 -10.754153
v -1.257623 0.278241 -10.612531
v -0.910648 0.130168 -10.726303
v -0.835285 0.275353 -10.638518
v -1.037782 0.276457 -10.754153
v -0.929994 0.276457 -10.425430
v -1.049739 0.366865 -10.568200
v -0.835285 0.275353 -10.638518
v -1.191007 0.278241 -10.409370
v -1.049739 0.366865 -10.568200
v -0.929994 0.276457 -10.425430
v -1.257623 0.278241 -10.612531
v -1.049739 0.366865 -10.568200
v -1.191007 0.278241 -10.409370
v -1.037782 0.276457 -10.754153
v -1.049739 0.366865 -10.568200
v -1.257623 0.278241 -10.612531
v -0.835285 0.275353 -10.638518
v -1.049739 0.366865 -10.568200
v -1.037782 0.276457 -10.754153
v -1.318489 0.108151 -10.678514
v -1.330446 0.198565 -10.492560
v -1.110601 0.196781 -10.634171
v -1.110601 0.196781 -10.634171
v -1.177217 0.196781 -10.837332
v -1.318489 0.108151 -10.678514
v -1.318489 0.108151 -10.678514
v -1.532929 0.199668 -10.608199
v -1.330446 0.198565 -10.492560
v -1.318489 0.108151 -10.678514
v -1.438230 0.198565 -10.821272
v -1.532929 0.199668 -10.608199
v -1.318489 0.108151 -10.678514
v -1.177217 0.196781 -10.837332
v -1.438230 0.198565 -10.821272
v -1.110601 0.196781 -10.634171
v -1.101854 0.341959 -10.749548
v -1.177217 0.196781 -10.837332
v -1.330446 0.198565 -10.492560
v -1.196563 0.343063 -10.536460
v -1.110601 0.196781 -10.634171
v -1.532929 0.199668 -10.608199
v -1.457577 0.344847 -10.520399
v -1.330446 0.198565 -10.492560
v -1.438230 0.198565 -10.821272
v -1.524192 0.344847 -10.723559
v -1.532929 0.199668 -10.608199
v -1.177217 0.196781 -10.837332
v -1.304347 0.343063 -10.865171
v -1.438230 0.198565 -10.821272
v -1.110601 0.196781 -10.634171
v -1.196563 0.343063 -10.536460
v -1.101854 0.341959 -10.749548
v -1.330446 0.198565 -10.492560
v -1.457577 0.344847 -10.520399
v -1.196563 0.343063 -10.536460
v -1.532929 0.199668 -10.608199
v -1.524192 0.344847 -10.723559
v -1.457577 0.344847 -10.520399
v -1.438230 0.198565 -10.821272
v -1.304347 0.343063 -10.865171
v -1.524192 0.344847 -10.723559
v -1.177217 0.196781 -10.837332
v -1.101854 0.341959 -10.749548
v -1.304347 0.343063 -10.865171
v -1.196563 0.343063 -10.536460
v -1.316308 0.433477 -10.679229
v -1.101854 0.341959 -10.749548
v -1.457577 0.344847 -10.520399
v -1.316308 0.433477 -10.679229
v -1.196563 0.343063 -10.536460
v -1.524192 0.344847 -10.723559
v -1.316308 0.433477 -10.679229
v -1.457577 0.344847 -10.520399
v -1.304347 0.343063 -10.865171
v -1.316308 0.433477 -10.679229
v -1.524192 0.344847 -10.723559
v -1.101854 0.341959 -10.749548
v -1.316308 0.433477 -10.679229
v -1.304347 0.343063 -10.865171
v -1.522288 0.044918 -10.467348
v -1.534245 0.135326 -10.281394
v -1.314400 0.133541 -10.423006
v -1.314400 0.133541 -10.423006
v -1.381016 0.133541 -10.626166
v -1.522288 0.044918 -10.467348
v -1.522288 0.044918 -10.467348
v -1.736729 0.136429 -10.397034
v -1.534245 0.135326 -10.281394
v -1.522288 0.044918 -10.467348
v -1.642033 0.135326 -10.610117
v -1.736729 0.136429 -10.397034
v -1.522288 0.044918 -10.467348
v -1.381016 0.133541 -10.626166
v -1.642033 0.135326 -10.610117
v -1.314400 0.133541 -10.423006
v -1.305667 0.278726 -10.538378
v -1.381016 0.133541 -10.626166
v -1.534245 0.135326 -10.281394
v -1.400363 0.279829 -10.325294
v -1.314400 0.133541 -10.423006
v -1.736729 0.136429 -10.397034
v -1.661376 0.281614 -10.309234
v -1.534245 0.135326 -10.281394
v -1.642033 0.135326 -10.610117
v -1.727992 0.281614 -10.512394
v -1.736729 0.136429 -10.397034
v -1.381016 0.133541 -10.626166
v -1.508150 0.279829 -10.654016
v -1.642033 0.135326 -10.610117
v -1.314400 0.133541 -10.423006
v -1.400363 0.279829 -10.325294
v -1.305667 0.278726 -10.538378
v -1.534245 0.135326 -10.281394
v -1.661376 0.281614 -10.309234
v -1.400363 0.279829 -10.325294
v -1.736729 0.136429 -10.397034
v -1.727992 0.281614 -10.512394
v -1.661376 0.281614 -10.309234
v -1.642033 0.135326 -10.610117
v -1.508150 0.279829 -10.654016
v -1.727992 0.281614 -10.512394
v -1.381016 0.133541 -10.626166
v -1.305667 0.278726 -10.538378
v -1.508150 0.279829 -10.654016
v -1.400363 0.279829 -10.325294
v -1.520108 0.370237 -10.468063
v -1.305667 0.278726 -10.538378
v -1.661376 0.281614 -10.309234
v -1.520108 0.370237 -10.468063
v -1.400363 0.279829 -10.325294
v -1.727992 0.281614 -10.512394
v -1.520108 0.370237 -10.468063
v -1.661376 0.281614 -10.309234
v -1.508150 0.279829 -10.654016
v -1.520108 0.370237 -10.468063
v -1.727992 0.281614 -10.512394
v -1.305667 0.278726 -10.538378
v -1.520108 0.370237 -10.468063
v -1.508150 0.279829 -10.654016
v -1.380534 0.109561 -10.226186
v -1.392491 0.199975 -10.040232
v -1.172646 0.198191 -10.181843
v -1.172646 0.198191 -10.181843
v -1.239262 0.198191 -10.385004
v -1.380534 0.109561 -10.226186
v -1.380534 0.109561 -10.226186
v -1.594988 0.201079 -10.155867
v -1.392491 0.199975 -10.040232
v -1.380534 0.109561 -10.226186
v -1.500279 0.199975 -10.368955
v -1.594988 0.201079 -10.155867
v -1.380534 0.109561 -10.226186
v -1.239262 0.198191 -10.385004
v -1.500279 0.199975 -10.368955
v -1.172646 0.198191 -10.181843
v -1.163913 0.343370 -10.297215
v -1.239262 0.198191 -10.385004
v -1.392491 0.199975 -10.040232
v -1.258609 0.344473 -10.084131
v -1.172646 0.198191 -10.181843
v -1.594988 0.201079 -10.155867
v -1.519622 0.346257 -10.068070
v -1.392491 0.199975 -10.040232
v -1.500279 0.199975 -10.368955
v -1.586238 0.346257 -10.271232
v -1.594988 0.201079 -10.155867
v -1.239262 0.198191 -10.385004
v -1.366396 0.344473 -10.412854
v -1.500279 0.199975 -10.368955
v -1.172646 0.198191 -10.181843
v -1.258609 0.344473 -10.084131
v -1.163913 0.343370 -10.297215
v -1.392491 0.199975 -10.040232
v -1.519622 0.346257 -10.068070
v -1.258609 0.344473 -10.084131
v -1.594988 0.201079 -10.155867
v -1.586238 0.346257 -10.271232
v -1.519622 0.346257 -10.068070
v -1.500279 0.199975 -10.368955
v -1.366396 0.344473 -10.412854
v -1.586238 0.346257 -10.271232
v -1.239262 0.198191 -10.385004
v -1.163913 0.343370 -10.297215
v -1.366396 0.344473 -10.412854
v -1.258609 0.344473 -10.084131
v -1.378354 0.434881 -10.226900
v -1.163913 0.343370 -10.297215
v -1.519622 0.346257 -10.068070
v -1.378354 0.434881 -10.226900
v -1.258609 0.344473 -10.084131
v -1.586238 0.346257 -10.271232
v -1.378354 0.434881 -10.226900
v -1.519622 0.346257 -10.068070
v -1.366396 0.344473 -10.412854
v -1.378354 0.434881 -10.226900
v -1.586238 0.346257 -10.271232
v -1.163913 0.343370 -10.297215
v -1.378354 0.434881 -10.226900
v -1.366396 0.344473 -10.412854
v -1.090261 0.042416 -10.287926
v -1.102218 0.132824 -10.101972
v -0.882377 0.131040 -10.243595
v -0.882377 0.131040 -10.243595
v -0.948993 0.131040 -10.446755
v -1.090261 0.042416 -10.287926
v -1.090261 0.042416 -10.287926
v -1.304715 0.133928 -10.217607
v -1.102218 0.132824 -10.101972
v -1.090261 0.042416 -10.287926
v -1.210006 0.132824 -10.430695
v -1.304715 0.133928 -10.217607
v -1.090261 0.042416 -10.287926
v -0.948993 0.131040 -10.446755
v -1.210006 0.132824 -10.430695
v -0.882377 0.131040 -10.243595
v -0.873640 0.276225 -10.358955
v -0.948993 0.131040 -10.446755
v -1.102218 0.132824 -10.101972
v -0.968349 0.277328 -10.145867
v -0.882377 0.131040 -10.243595
v -1.304715 0.133928 -10.217607
v -1.229366 0.279113 -10.129818
v -1.102218 0.132824 -10.101972
v -1.210006 0.132824 -10.430695
v -1.295982 0.279113 -10.332978
v -1.304715 0.133928 -10.217607
v -0.948993 0.131040 -10.446755
v -1.076137 0.277328 -10.474590
v -1.210006 0.132824 -10.430695
v -0.882377 0.131040 -10.243595
v -0.968349 0.277328 -10.145867
v -0.873640 0.276225 -10.358955
v -1.102218 0.132824 -10.101972
v -1.229366 0.279113 -10.129818
v -0.968349 0.277328 -10.145867
v -1.304715 0.133928 -10.217607
v -1.295982 0.279113 -10.332978
v -1.229366 0.279113 -10.129818
v -1.210006 0.132824 -10.430695
v -1.076137 0.277328 -10.474590
v -1.295982 0.279113 -10.332978
v -0.948993 0.131040 -10.446755
v -0.873640 0.276225 -10.358955
v -1.076137 0.277328 -10.474590
v -0.968349 0.277328 -10.145867
v -1.088081 0.367736 -10.288641
v -0.873640 0.276225 -10.358955
v -1.229366 0.279113 -10.129818
v -1.088081 0.367736 -10.288641
v -0.968349 0.277328 -10.145867
v -1.295982 0.279113 -10.332978
v -1.088081 0.367736 -10.288641
v -1.229366 0.279113 -10.129818
v -1.076137 0.277328 -10.474590
v -1.088081 0.367736 -10.288641
v -1.295982 0.279113 -10.332978
v -0.873640 0.276225 -10.358955
v -1.088081 0.367736 -10.288641
v -1.076137 0.277328 -10.474590
v -1.287251 0.042976 -10.478701
v -1.043922 0.188731 -10.579157
v -1.058901 0.200991 -10.586459
v -1.260521 0.021090 -10.465657
v -1.260521 0.021090 -10.465657
v -1.035850 0.191945 -10.560540
v -1.043922 0.188731 -10.579157
v -1.246106 0.026826 -10.432401
v -1.246106 0.026826 -10.432401
v -1.042754 0.207419 -10.549213
v -1.035850 0.191945 -10.560540
v -1.258420 0.054454 -10.412187
v -1.258420 0.054454 -10.412187
v -1.057733 0.219672 -10.556516
v -1.042754 0.207419 -10.549213
v -1.285164 0.076341 -10.425226
v -1.035850 0.191945 -10.560540
v -1.058901 0.200991 -10.586459
v -1.043922 0.188731 -10.579157
v -1.057733 0.219672 -10.556516
v -1.042754 0.207419 -10.549213
v -1.065791 0.216458 -10.575137
v -1.285164 0.076341 -10.425226
v -1.065791 0.216458 -10.575137
v -1.057733 0.219672 -10.556516
v -1.299566 0.070599 -10.458488
v -1.299566 0.070599 -10.458488
v -1.058901 0.200991 -10.586459
v -1.065791 0.216458 -10.575137
v -1.287251 0.042976 -10.478701
v -1.299566 0.070599 -10.458488
v -1.260521 0.021090 -10.465657
v -1.287251 0.042976 -10.478701
v -1.258420 0.054454 -10.412187
v -1.285164 0.076341 -10.425226
v -1.246106 0.026826 -10.432401
v -1.282307 0.023671 -10.469475
v -1.301890 0.262275 -10.690918
v -1.322691 0.256791 -10.692325
v -1.245157 0.033469 -10.466949
v -1.245157 0.033469 -10.466949
v -1.296580 0.276301 -10.677458
v -1.301890 0.262275 -10.690918
v -1.235687 0.058510 -10.442918
v -1.235687 0.058510 -10.442918
v -1.312089 0.284837 -10.665411
v -1.296580 0.276301 -10.677458
v -1.263365 0.073759 -10.421412
v -1.263365 0.073759 -10.421412
v -1.332893 0.279353 -10.666829
v -1.312089 0.284837 -10.665411
v -1.300514 0.063962 -10.423939
v -1.296580 0.276301 -10.677458
v -1.322691 0.256791 -10.692325
v -1.301890 0.262275 -10.690918
v -1.332893 0.279353 -10.666829
v -1.312089 0.284837 -10.665411
v -1.338203 0.265327 -10.680289
v -1.300514 0.063962 -10.423939
v -1.338203 0.265327 -10.680289
v -1.332893 0.279353 -10.666829
v -1.309998 0.038915 -10.447966
v -1.309998 0.038915 -10.447966
v -1.322691 0.256791 -10.692325
v -1.338203 0.265327 -10.680289
v -1.282307 0.023671 -10.469475
v -1.309998 0.038915 -10.447966
v -1.245157 0.033469 -10.466949
v -1.282307 0.023671 -10.469475
v -1.263365 0.073759 -10.421412
v -1.300514 0.063962 -10.423939
v -1.235687 0.058510 -10.442918
v -1.277429 0.036625 -10.479693
v -1.511708 0.216900 -10.483879
v -1.523770 0.200808 -10.486885
v -1.255894 0.065365 -10.474339
v -1.255894 0.065365 -10.474339
v -1.509136 0.223670 -10.464699
v -1.511708 0.216900 -10.483879
v -1.251287 0.077452 -10.440093
v -1.251287 0.077452 -10.440093
v -1.518621 0.214347 -10.448514
v -1.509136 0.223670 -10.464699
v -1.268242 0.060806 -10.411194
v -1.268242 0.060806 -10.411194
v -1.530683 0.198255 -10.451521
v -1.518621 0.214347 -10.448514
v -1.289791 0.032066 -10.416545
v -1.509136 0.223670 -10.464699
v -1.523770 0.200808 -10.486885
v -1.511708 0.216900 -10.483879
v -1.530683 0.198255 -10.451521
v -1.518621 0.214347 -10.448514
v -1.533256 0.191486 -10.470700
v -1.289791 0.032066 -10.416545
v -1.533256 0.191486 -10.470700
v -1.530683 0.198255 -10.451521
v -1.294385 0.019979 -10.450794
v -1.294385 0.019979 -10.450794
v -1.523770 0.200808 -10.486885
v -1.533256 0.191486 -10.470700
v -1.277429 0.036625 -10.479693
v -1.294385 0.019979 -10.450794
v -1.255894 0.065365 -10.474339
v -1.277429 0.036625 -10.479693
v -1.268242 0.060806 -10.411194
v -1.289791 0.032066 -10.416545
v -1.251287 0.077452 -10.440093
v -1.287865 0.067338 -10.472829
v -1.367202 0.285593 -10.236784
v -1.387860 0.282651 -10.241870
v -1.250978 0.072586 -10.463749
v -1.250978 0.072586 -10.463749
v -1.358786 0.275163 -10.221457
v -1.367202 0.285593 -10.236784
v -1.235944 0.053966 -10.436353
v -1.235944 0.053966 -10.436353
v -1.371024 0.261797 -10.211205
v -1.358786 0.275163 -10.221457
v -1.257806 0.030093 -10.418058
v -1.257806 0.030093 -10.418058
v -1.391682 0.258856 -10.216290
v -1.371024 0.261797 -10.211205
v -1.294697 0.024845 -10.427150
v -1.358786 0.275163 -10.221457
v -1.387860 0.282651 -10.241870
v -1.367202 0.285593 -10.236784
v -1.391682 0.258856 -10.216290
v -1.371024 0.261797 -10.211205
v -1.400102 0.269285 -10.231628
v -1.294697 0.024845 -10.427150
v -1.400102 0.269285 -10.231628
v -1.391682 0.258856 -10.216290
v -1.309727 0.043464 -10.454535
v -1.309727 0.043464 -10.454535
v -1.387860 0.282651 -10.241870
v -1.400102 0.269285 -10.231628
v -1.287865 0.067338 -10.472829
v -1.309727 0.043464 -10.454535
v -1.250978 0.072586 -10.463749
v -1.287865 0.067338 -10.472829
v -1.257806 0.030093 -10.418058
v -1.294697 0.024845 -10.427150
v -1.235944 0.053966 -10.436353
v -1.273477 0.073914 -10.471219
v -1.074267 0.205093 -10.303916
v -1.089539 0.219186 -10.302718
v -1.246219 0.048750 -10.473359
v -1.246219 0.048750 -10.473359
v -1.073912 0.190984 -10.289476
v -1.074267 0.205093 -10.303916
v -1.245574 0.023549 -10.447574
v -1.245574 0.023549 -10.447574
v -1.088820 0.190960 -10.273855
v -1.073912 0.190984 -10.289476
v -1.272195 0.023511 -10.419669
v -1.272195 0.023511 -10.419669
v -1.104092 0.205059 -10.272657
v -1.088820 0.190960 -10.273855
v -1.299456 0.048680 -10.417540
v -1.073912 0.190984 -10.289476
v -1.089539 0.219186 -10.302718
v -1.074267 0.205093 -10.303916
v -1.104092 0.205059 -10.272657
v -1.088820 0.190960 -10.273855
v -1.104447 0.219169 -10.287096
v -1.299456 0.048680 -10.417540
v -1.104447 0.219169 -10.287096
v -1.104092 0.205059 -10.272657
v -1.300111 0.073882 -10.443310
v -1.300111 0.073882 -10.443310
v -1.089539 0.219186 -10.302718
v -1.104447 0.219169 -10.287096
v -1.273477 0.073914 -10.471219
v -1.300111 0.073882 -10.443310
v -1.246219 0.048750 -10.473359
v -1.273477 0.073914 -10.471219
v -1.272195 0.023511 -10.419669
v -1.299456 0.048680 -10.417540
v -1.245574 0.023549 -10.447574
vn -0.0273 -0.5360 -0.8438
vn -0.0272 -0.5361 -0.8437
vn 0.5725 -0.8128 -0.1079
vn 0.5727 -0.8127 -0.1075
vn 0.6387 -0.2481 0.7283
vn 0.0914 0.5899 0.8023
vn 0.0915 0.5898 0.8024
vn 0.6893 0.6022 -0.4028
vn 0.6892 0.6024 -0.4027
vn 0.6891 0.6023 -0.4028
vn 0.6896 0.6020 -0.4025
vn -0.5030 0.8615 0.0693
vn -0.5029 0.8616 0.0695
vn -0.5029 0.8615 0.0695
vn -0.5704 0.3040 -0.7630
vn -0.6895 -0.6021 0.4027
vn -0.6894 -0.6021 0.4028
vn -0.6893 -0.6025 0.4025
vn -0.6893 -0.6024 0.4025
vn 0.2731 -0.8581 0.4348
vn 0.4128 -0.9007 -0.1354
vn -0.2400 -0.8790 0.4119
vn -0.4374 -0.8790 -0.1898
vn -0.0374 -0.8581 -0.5121
vn 0.9089 -0.2916 -0.2980
vn 0.5246 -0.2377 0.8175
vn -0.4802 -0.2578 0.8384
vn -0.8834 -0.2577 -0.3913
vn -0.0612 -0.2378 -0.9694
vn 0.8834 0.2577 0.3913
vn 0.0613 0.2377 0.9694
vn -0.9089 0.2915 0.2980
vn -0.5247 0.2378 -0.8174
vn 0.4804 0.2579 -0.8383
vn 0.4373 0.8790 0.1898
vn 0.0374 0.8581 0.5121
vn -0.4128 0.9007 0.1354
vn -0.2731 0.8581 -0.4348
vn 0.2400 0.8790 -0.4119
vn 0.2213 -0.6536 -0.7238
vn 0.2216 -0.6535 -0.7238
vn 0.9496 -0.0648 -0.3066
vn 0.9496 -0.0648 -0.3067
vn 0.6631 0.6265 0.4096
vn 0.6633 0.6264 0.4095
vn -0.2328 0.7120 0.6624
vn -0.1410 0.7128 -0.6870
vn -0.1412 0.7126 -0.6872
vn -0.1411 0.7130 -0.6869
vn -0.1409 0.7127 -0.6871
vn -0.9611 0.1301 0.2435
vn -0.9611 0.1302 0.2436
vn -0.6770 -0.5664 -0.4699
vn -0.6769 -0.5665 -0.4700
vn 0.1413 -0.7128 0.6870
vn 0.1413 -0.7127 0.6871
vn 0.1412 -0.7126 0.6872
vn 0.1411 -0.7127 0.6871
vn 0.4129 -0.9007 -0.1354
vn -0.2401 -0.8790 0.4120
vn 0.5243 -0.2375 0.8177
vn -0.8834 -0.2578 -0.3913
vn -0.0613 -0.2377 -0.9694
vn 0.8834 0.2578 0.3913
vn -0.5246 0.2377 -0.8175
vn 0.4802 0.2577 -0.8385
vn 0.4374 0.8790 0.1898
vn -0.4129 0.9007 0.1354
vn 0.2400 0.8790 -0.4120
vn 0.1012 0.1084 -0.9889
vn 0.1011 0.1085 -0.9889
vn 0.4874 0.8008 -0.3480
vn 0.4873 0.8008 -0.3482
vn 0.3451 0.7115 0.6121
vn 0.3450 0.7114 0.6122
vn -0.1775 -0.0506 0.9828
vn -0.1773 -0.0501 0.9829
vn -0.7854 0.6092 -0.1097
vn -0.7855 0.6091 -0.1096
vn -0.7854 0.6092 -0.1094
vn -0.7855 0.6090 -0.1096
vn -0.5669 -0.7500 0.3407
vn -0.4202 -0.6578 -0.6251
vn -0.4201 -0.6577 -0.6253
vn 0.7855 -0.6091 0.1100
vn 0.7854 -0.6092 0.1096
vn 0.7853 -0.6093 0.1097
vn 0.7851 -0.6096 0.1095
vn 0.9089 -0.2915 -0.2980
vn 0.8833 0.2577 0.3916
vn 0.4802 0.2577 -0.8384
vn 0.0588 0.7427 -0.6670
vn 0.0585 0.7427 -0.6671
vn 0.8333 0.5462 -0.0859
vn 0.8333 0.5461 -0.0856
vn 0.7481 -0.1995 0.6329
vn 0.7479 -0.1997 0.6331
vn -0.0810 -0.6855 0.7236
vn -0.0808 -0.6855 0.7236
vn -0.2601 0.7258 0.6368
vn -0.2599 0.7261 0.6366
vn -0.2601 0.7263 0.6363
vn -0.2602 0.7261 0.6365
vn -0.8622 -0.4860 0.1428
vn -0.7718 0.2627 -0.5790
vn -0.7717 0.2629 -0.5792
vn 0.2602 -0.7261 -0.6365
vn 0.2601 -0.7261 -0.6364
vn 0.2601 -0.7261 -0.6365
vn -0.2400 -0.8790 0.4120
vn -0.9089 0.2916 0.2980
vn 0.3678 0.4670 -0.8041
vn 0.3682 0.4670 -0.8040
vn 0.8015 -0.4175 -0.4281
vn 0.4224 -0.8125 0.4019
vn 0.4224 -0.8125 0.4018
vn -0.3097 -0.4085 0.8586
vn -0.3099 -0.4083 0.8586
vn 0.5855 0.5870 0.5592
vn 0.5854 0.5870 0.5593
vn 0.5855 0.5868 0.5593
vn 0.5856 0.5868 0.5593
vn -0.7369 0.4740 0.4820
vn -0.7368 0.4739 0.4822
vn -0.3648 0.8641 -0.3468
vn -0.3646 0.8641 -0.3470
vn -0.5855 -0.5867 -0.5594
vn -0.5853 -0.5869 -0.5594
vn -0.5856 -0.5869 -0.5591
vn -0.5853 -0.5871 -0.5592
vn -0.4373 -0.8790 -0.1898
vn 0.5247 -0.2377 0.8174
vn 0.0612 0.2377 0.9694
vn 0.4802 0.2578 -0.8384
vt 1.000000 1.000015
vt 0.833310 1.000015
vt 1.000000 0.500008
vt 0.833310 0.500008
vt 0.666651 1.000015
vt 0.666651 0.500008
vt 0.499992 1.000015
vt 0.499992 0.500008
vt 0.333303 1.000015
vt 0.333303 0.500008
vt 0.457816 0.370001
vt 0.249989 0.490028
vt 0.457816 0.130007
vt 0.042130 0.130007
vt 0.249989 0.010010
vt 0.042130 0.370001
vt 0.166644 1.000015
vt 0.166644 0.500008
vt -0.000015 1.000015
vt -0.000015 0.500008
vt 0.749996 0.490028
vt 0.957824 0.370001
vt 0.542138 0.370001
vt 0.749996 0.010010
vt 0.542138 0.130007
vt 0.957824 0.130007
vt 0.272725 0.157473
vt 0.090898 0.157473
vt 0.181811 0.000000
vt 0.363607 0.000000
vt 0.454520 0.157473
vt 1.000000 0.157473
vt 0.818174 0.157473
vt 0.909087 0.000000
vt 0.636347 0.157473
vt 0.727260 0.000000
vt 0.545434 0.000000
vt 0.363607 0.314946
vt 0.181811 0.314946
vt 0.909087 0.314946
vt 0.727260 0.314946
vt 0.545434 0.314946
vt -0.000015 0.314946
vt 0.272725 0.472389
vt 0.090898 0.472389
vt 0.818174 0.472389
vt 0.636347 0.472389
vt 0.454520 0.472389
s 0
usemtl Material_1
f 13011/289/3856 13010/290/3856 13009/291/3856
f 13010/290/3857 13012/292/3857 13009/291/3857
f 13015/290/3858 13014/293/3858 13013/292/3858
f 13014/293/3859 13016/294/3859 13013/292/3859
f 13019/293/3860 13018/295/3860 13017/294/3860
f 13018/295/3860 13020/296/3860 13017/294/3860
f 13023/295/3861 13022/297/3861 13021/296/3861
f 13022/297/3862 13024/298/3862 13021/296/3862
f 13027/299/3863 13026/300/3863 13025/301/3863
f 13028/302/3864 13025/301/3864 13026/300/3864
f 13029/303/3865 13025/301/3865 13028/302/3865
f 13030/304/3866 13028/302/3866 13026/300/3866
f 13033/297/3867 13032/305/3867 13031/298/3867
s 1
f 13032/305/3868 13034/306/3868 13031/298/3869
s 0
f 13037/305/3870 13036/307/3870 13035/306/3870
f 13036/307/3870 13038/308/3870 13035/306/3870
f 13041/309/3871 13040/310/3871 13039/311/3871
f 13042/312/3872 13039/311/3872 13040/310/3872
f 13043/313/3873 13039/311/3873 13042/312/3873
s 1
f 13044/314/3874 13042/312/3874 13040/310/3874
s 0
f 12711/315/3875 12710/316/3875 12709/317/3875
f 12714/318/3876 12713/319/3876 12712/315/3876
f 12717/320/3877 12716/321/3877 12715/322/3877
f 12720/321/3878 12719/323/3878 12718/324/3878
f 12723/323/3879 12722/319/3879 12721/325/3879
f 12726/319/3880 12725/326/3880 12724/315/3880
f 12729/315/3881 12728/327/3881 12727/316/3881
f 12732/320/3882 12731/328/3882 12730/321/3882
f 12735/321/3883 12734/329/3883 12733/323/3883
f 12738/323/3884 12737/330/3884 12736/319/3884
f 12741/326/3885 12740/327/3885 12739/315/3885
f 12744/327/3886 12743/331/3886 12742/316/3886
f 12747/328/3887 12746/329/3887 12745/321/3887
f 12750/329/3888 12749/330/3888 12748/323/3888
f 12753/330/3889 12752/326/3889 12751/319/3889
f 12756/326/3890 12755/332/3890 12754/327/3890
f 12759/327/3891 12758/333/3891 12757/331/3891
f 12762/328/3892 12761/334/3892 12760/329/3892
f 12765/329/3893 12764/335/3893 12763/330/3893
f 12768/330/3894 12767/336/3894 12766/326/3894
f 13047/289/3895 13046/290/3895 13045/291/3895
f 13046/290/3896 13048/292/3896 13045/291/3896
f 13051/290/3897 13050/293/3897 13049/292/3897
f 13050/293/3898 13052/294/3898 13049/292/3898
f 13055/293/3899 13054/295/3899 13053/294/3899
f 13054/295/3900 13056/296/3900 13053/294/3900
f 13059/295/3901 13058/297/3901 13057/296/3901
f 13058/297/3901 13060/298/3901 13057/296/3901
s 1
f 13063/299/3902 13062/300/3902 13061/301/3902
s 0
f 13064/302/3903 13061/301/3903 13062/300/3903
f 13065/303/3904 13061/301/3904 13064/302/3904
f 13066/304/3905 13064/302/3905 13062/300/3905
f 13069/297/3906 13068/305/3906 13067/298/3906
f 13068/305/3907 13070/306/3907 13067/298/3907
s 1
f 13073/305/3908 13072/307/3908 13071/306/3908
s 0
f 13072/307/3909 13074/308/3909 13071/306/3909
f 13077/309/3910 13076/310/3910 13075/311/3910
f 13078/312/3911 13075/311/3911 13076/310/3911
f 13079/313/3912 13075/311/3912 13078/312/3912
f 13080/314/3913 13078/312/3913 13076/310/3913
f 12771/315/3875 12770/316/3875 12769/317/3875
f 12774/318/3914 12773/319/3914 12772/315/3914
f 12777/320/3915 12776/321/3915 12775/322/3915
f 12780/321/3878 12779/323/3878 12778/324/3878
f 12783/323/3879 12782/319/3879 12781/325/3879
f 12786/319/3880 12785/326/3880 12784/315/3880
s 1
f 12789/315/3916 12788/327/3916 12787/316/3916
s 0
f 12792/320/3882 12791/328/3882 12790/321/3882
f 12795/321/3917 12794/329/3917 12793/323/3917
f 12798/323/3918 12797/330/3918 12796/319/3918
s 1
f 12801/326/3919 12800/327/3919 12799/315/3919
s 0
f 12804/327/3886 12803/331/3886 12802/316/3886
f 12807/328/3887 12806/329/3887 12805/321/3887
f 12810/329/3920 12809/330/3920 12808/323/3920
f 12813/330/3921 12812/326/3921 12811/319/3921
f 12816/326/3922 12815/332/3922 12814/327/3922
f 12819/327/3891 12818/333/3891 12817/331/3891
f 12822/328/3923 12821/334/3923 12820/329/3923
f 12825/329/3893 12824/335/3893 12823/330/3893
f 12828/330/3924 12827/336/3924 12826/326/3924
f 13083/289/3925 13082/290/3925 13081/291/3925
f 13082/290/3926 13084/292/3926 13081/291/3926
f 13087/290/3927 13086/293/3927 13085/292/3927
f 13086/293/3928 13088/294/3928 13085/292/3928
f 13091/293/3929 13090/295/3929 13089/294/3929
f 13090/295/3930 13092/296/3930 13089/294/3930
f 13095/295/3931 13094/297/3931 13093/296/3931
f 13094/297/3932 13096/298/3932 13093/296/3932
f 13099/299/3933 13098/300/3933 13097/301/3933
f 13100/302/3934 13097/301/3934 13098/300/3934
f 13101/303/3935 13097/301/3935 13100/302/3935
f 13102/304/3936 13100/302/3936 13098/300/3936
f 13105/297/3937 13104/305/3937 13103/298/3937
f 13104/305/3937 13106/306/3937 13103/298/3937
f 13109/305/3938 13108/307/3938 13107/306/3938
f 13108/307/3939 13110/308/3939 13107/306/3939
f 13113/309/3940 13112/310/3940 13111/311/3940
f 13114/312/3941 13111/311/3941 13112/310/3941
f 13115/313/3942 13111/311/3942 13114/312/3942
f 13116/314/3943 13114/312/3943 13112/310/3943
f 12831/315/3875 12830/316/3875 12829/317/3875
f 12834/318/3876 12833/319/3876 12832/315/3876
f 12837/320/3877 12836/321/3877 12835/322/3877
f 12840/321/3878 12839/323/3878 12838/324/3878
f 12843/323/3879 12842/319/3879 12841/325/3879
f 12846/319/3944 12845/326/3944 12844/315/3944
f 12849/315/3881 12848/327/3881 12847/316/3881
f 12852/320/3882 12851/328/3882 12850/321/3882
f 12855/321/3883 12854/329/3883 12853/323/3883
f 12858/323/3884 12857/330/3884 12856/319/3884
f 12861/326/3945 12860/327/3945 12859/315/3945
f 12864/327/3886 12863/331/3886 12862/316/3886
f 12867/328/3887 12866/329/3887 12865/321/3887
f 12870/329/3888 12869/330/3888 12868/323/3888
s 1
f 12873/330/3946 12872/326/3946 12871/319/3946
s 0
f 12876/326/3922 12875/332/3922 12874/327/3922
f 12879/327/3891 12878/333/3891 12877/331/3891
f 12882/328/3892 12881/334/3892 12880/329/3892
f 12885/329/3893 12884/335/3893 12883/330/3893
f 12888/330/3894 12887/336/3894 12886/326/3894
f 13119/289/3947 13118/290/3947 13117/291/3947
f 13118/290/3948 13120/292/3948 13117/291/3948
f 13123/290/3949 13122/293/3949 13121/292/3949
f 13122/293/3950 13124/294/3950 13121/292/3950
f 13127/293/3951 13126/295/3951 13125/294/3951
f 13126/295/3952 13128/296/3952 13125/294/3952
s 1
f 13131/295/3953 13130/297/3953 13129/296/3953
s 0
f 13130/297/3954 13132/298/3954 13129/296/3954
f 13135/299/3955 13134/300/3955 13133/301/3955
f 13136/302/3956 13133/301/3956 13134/300/3956
f 13137/303/3957 13133/301/3957 13136/302/3957
f 13138/304/3958 13136/302/3958 13134/300/3958
f 13141/297/3959 13140/305/3959 13139/298/3959
f 13140/305/3959 13142/306/3959 13139/298/3959
f 13145/305/3960 13144/307/3960 13143/306/3960
f 13144/307/3961 13146/308/3961 13143/306/3961
f 13149/309/3962 13148/310/3962 13147/311/3962
f 13150/312/3963 13147/311/3963 13148/310/3963
f 13151/313/3964 13147/311/3964 13150/312/3964
f 13152/314/3964 13150/312/3964 13148/310/3964
f 12891/315/3875 12890/316/3875 12889/317/3875
f 12894/318/3914 12893/319/3914 12892/315/3914
f 12897/320/3965 12896/321/3965 12895/322/3965
f 12900/321/3878 12899/323/3878 12898/324/3878
f 12903/323/3879 12902/319/3879 12901/325/3879
f 12906/319/3944 12905/326/3944 12904/315/3944
f 12909/315/3881 12908/327/3881 12907/316/3881
f 12912/320/3882 12911/328/3882 12910/321/3882
f 12915/321/3883 12914/329/3883 12913/323/3883
f 12918/323/3884 12917/330/3884 12916/319/3884
f 12921/326/3919 12920/327/3919 12919/315/3919
f 12924/327/3886 12923/331/3886 12922/316/3886
f 12927/328/3966 12926/329/3966 12925/321/3966
f 12930/329/3888 12929/330/3888 12928/323/3888
f 12933/330/3946 12932/326/3946 12931/319/3946
f 12936/326/3922 12935/332/3922 12934/327/3922
s 1
f 12939/327/3891 12938/333/3891 12937/331/3891
s 0
f 12942/328/3892 12941/334/3892 12940/329/3892
f 12945/329/3893 12944/335/3893 12943/330/3893
f 12948/330/3894 12947/336/3894 12946/326/3894
f 13155/289/3967 13154/290/3967 13153/291/3967
f 13154/290/3968 13156/292/3968 13153/291/3968
f 13159/290/3969 13158/293/3969 13157/292/3969
s 1
f 13158/293/3969 13160/294/3969 13157/292/3969
s 0
f 13163/293/3970 13162/295/3970 13161/294/3970
f 13162/295/3971 13164/296/3971 13161/294/3971
f 13167/295/3972 13166/297/3972 13165/296/3972
f 13166/297/3973 13168/298/3973 13165/296/3973
f 13171/299/3974 13170/300/3974 13169/301/3974
f 13172/302/3975 13169/301/3975 13170/300/3975
f 13173/303/3976 13169/301/3976 13172/302/3976
f 13174/304/3977 13172/302/3977 13170/300/3977
s 1
f 13177/297/3978 13176/305/3978 13175/298/3978
s 0
f 13176/305/3979 13178/306/3979 13175/298/3979
f 13181/305/3980 13180/307/3980 13179/306/3980
f 13180/307/3981 13182/308/3981 13179/306/3981
f 13185/309/3982 13184/310/3982 13183/311/3982
f 13186/312/3983 13183/311/3983 13184/310/3983
f 13187/313/3984 13183/311/3984 13186/312/3984
f 13188/314/3985 13186/312/3985 13184/310/3985
f 12951/315/3875 12950/316/3875 12949/317/3875
f 12954/318/3876 12953/319/3876 12952/315/3876
f 12957/320/3877 12956/321/3877 12955/322/3877
f 12960/321/3986 12959/323/3986 12958/324/3986
f 12963/323/3879 12962/319/3879 12961/325/3879
f 12966/319/3944 12965/326/3944 12964/315/3944
f 12969/315/3987 12968/327/3987 12967/316/3987
f 12972/320/3882 12971/328/3882 12970/321/3882
f 12975/321/3917 12974/329/3917 12973/323/3917
f 12978/323/3918 12977/330/3918 12976/319/3918
f 12981/326/3919 12980/327/3919 12979/315/3919
f 12984/327/3988 12983/331/3988 12982/316/3988
f 12987/328/3887 12986/329/3887 12985/321/3887
f 12990/329/3920 12989/330/3920 12988/323/3920
f 12993/330/3989 12992/326/3989 12991/319/3989
f 12996/326/3922 12995/332/3922 12994/327/3922
f 12999/327/3891 12998/333/3891 12997/331/3891
f 13002/328/3892 13001/334/3892 13000/329/3892
f 13005/329/3893 13004/335/3893 13003/330/3893
f 13008/330/3924 13007/336/3924 13006/326/3924
o deadBrushInstances_007
v 4.439879 0.050427 -6.019786
v 4.526322 0.200145 -6.352664
v 4.126633 0.232299 -6.178773
v 4.126633 0.232299 -6.178773
v 4.176547 0.232299 -5.787304
v 4.439879 0.050427 -6.019786
v 4.439879 0.050427 -6.019786
v 4.823251 0.180274 -6.068667
v 4.526322 0.200145 -6.352664
v 4.439879 0.050427 -6.019786
v 4.607085 0.200145 -5.719250
v 4.823251 0.180274 -6.068667
v 4.439879 0.050427 -6.019786
v 4.176547 0.232299 -5.787304
v 4.607085 0.200145 -5.719250
v 4.126633 0.232299 -6.178773
v 4.100223 0.494431 -5.976478
v 4.176547 0.232299 -5.787304
v 4.526322 0.200145 -6.352664
v 4.316411 0.474557 -6.325899
v 4.126633 0.232299 -6.178773
v 4.823251 0.180274 -6.068667
v 4.746947 0.442403 -6.257866
v 4.526322 0.200145 -6.352664
v 4.607085 0.200145 -5.719250
v 4.796861 0.442403 -5.866397
v 4.823251 0.180274 -6.068667
v 4.176547 0.232299 -5.787304
v 4.397175 0.474557 -5.692485
v 4.607085 0.200145 -5.719250
v 4.126633 0.232299 -6.178773
v 4.316411 0.474557 -6.325899
v 4.100223 0.494431 -5.976478
v 4.526322 0.200145 -6.352664
v 4.746947 0.442403 -6.257866
v 4.316411 0.474557 -6.325899
v 4.823251 0.180274 -6.068667
v 4.796861 0.442403 -5.866397
v 4.746947 0.442403 -6.257866
v 4.607085 0.200145 -5.719250
v 4.397175 0.474557 -5.692485
v 4.796861 0.442403 -5.866397
v 4.176547 0.232299 -5.787304
v 4.100223 0.494431 -5.976478
v 4.397175 0.474557 -5.692485
v 4.316411 0.474557 -6.325899
v 4.483618 0.624275 -6.025362
v 4.100223 0.494431 -5.976478
v 4.746947 0.442403 -6.257866
v 4.483618 0.624275 -6.025362
v 4.316411 0.474557 -6.325899
v 4.796861 0.442403 -5.866397
v 4.483618 0.624275 -6.025362
v 4.746947 0.442403 -6.257866
v 4.397175 0.474557 -5.692485
v 4.483618 0.624275 -6.025362
v 4.796861 0.442403 -5.866397
v 4.100223 0.494431 -5.976478
v 4.483618 0.624275 -6.025362
v 4.397175 0.474557 -5.692485
v 4.852209 0.137339 -5.721501
v 4.938653 0.287068 -6.054379
v 4.538964 0.319222 -5.880488
v 4.538964 0.319222 -5.880488
v 4.588878 0.319222 -5.489019
v 4.852209 0.137339 -5.721501
v 4.852209 0.137339 -5.721501
v 5.235581 0.267197 -5.770383
v 4.938653 0.287068 -6.054379
v 4.852209 0.137339 -5.721501
v 5.019413 0.287068 -5.420987
v 5.235581 0.267197 -5.770383
v 4.852209 0.137339 -5.721501
v 4.588878 0.319222 -5.489019
v 5.019413 0.287068 -5.420987
v 4.538964 0.319222 -5.880488
v 4.512553 0.581342 -5.678193
v 4.588878 0.319222 -5.489019
v 4.938653 0.287068 -6.054379
v 4.728741 0.561469 -6.027614
v 4.538964 0.319222 -5.880488
v 5.235581 0.267197 -5.770383
v 5.159277 0.529315 -5.959581
v 4.938653 0.287068 -6.054379
v 5.019413 0.287068 -5.420987
v 5.209191 0.529315 -5.568112
v 5.235581 0.267197 -5.770383
v 4.588878 0.319222 -5.489019
v 4.809502 0.561469 -5.394222
v 5.019413 0.287068 -5.420987
v 4.538964 0.319222 -5.880488
v 4.728741 0.561469 -6.027614
v 4.512553 0.581342 -5.678193
v 4.938653 0.287068 -6.054379
v 5.159277 0.529315 -5.959581
v 4.728741 0.561469 -6.027614
v 5.235581 0.267197 -5.770383
v 5.209191 0.529315 -5.568112
v 5.159277 0.529315 -5.959581
v 5.019413 0.287068 -5.420987
v 4.809502 0.561469 -5.394222
v 5.209191 0.529315 -5.568112
v 4.588878 0.319222 -5.489019
v 4.512553 0.581342 -5.678193
v 4.809502 0.561469 -5.394222
v 4.728741 0.561469 -6.027614
v 4.895948 0.711198 -5.727078
v 4.512553 0.581342 -5.678193
v 5.159277 0.529315 -5.959581
v 4.895948 0.711198 -5.727078
v 4.728741 0.561469 -6.027614
v 5.209191 0.529315 -5.568112
v 4.895948 0.711198 -5.727078
v 5.159277 0.529315 -5.959581
v 4.809502 0.561469 -5.394222
v 4.895948 0.711198 -5.727078
v 5.209191 0.529315 -5.568112
v 4.512553 0.581342 -5.678193
v 4.895948 0.711198 -5.727078
v 4.809502 0.561469 -5.394222
v 5.236341 -0.010335 -6.025691
v 5.322783 0.139382 -6.358568
v 4.923094 0.171536 -6.184678
v 4.923094 0.171536 -6.184678
v 4.973009 0.171536 -5.793209
v 5.236341 -0.010335 -6.025691
v 5.236341 -0.010335 -6.025691
v 5.619712 0.119511 -6.074573
v 5.322783 0.139382 -6.358568
v 5.236341 -0.010335 -6.025691
v 5.403547 0.139382 -5.725154
v 5.619712 0.119511 -6.074573
v 5.236341 -0.010335 -6.025691
v 4.973009 0.171536 -5.793209
v 5.403547 0.139382 -5.725154
v 4.923094 0.171536 -6.184678
v 4.896708 0.433666 -5.982386
v 4.973009 0.171536 -5.793209
v 5.322783 0.139382 -6.358568
v 5.112873 0.413794 -6.331804
v 4.923094 0.171536 -6.184678
v 5.619712 0.119511 -6.074573
v 5.543408 0.381640 -6.263771
v 5.322783 0.139382 -6.358568
v 5.403547 0.139382 -5.725154
v 5.593322 0.381640 -5.872303
v 5.619712 0.119511 -6.074573
v 4.973009 0.171536 -5.793209
v 5.193636 0.413794 -5.698390
v 5.403547 0.139382 -5.725154
v 4.923094 0.171536 -6.184678
v 5.112873 0.413794 -6.331804
v 4.896708 0.433666 -5.982386
v 5.322783 0.139382 -6.358568
v 5.543408 0.381640 -6.263771
v 5.112873 0.413794 -6.331804
v 5.619712 0.119511 -6.074573
v 5.593322 0.381640 -5.872303
v 5.543408 0.381640 -6.263771
v 5.403547 0.139382 -5.725154
v 5.193636 0.413794 -5.698390
v 5.593322 0.381640 -5.872303
v 4.973009 0.171536 -5.793209
v 4.896708 0.433666 -5.982386
v 5.193636 0.413794 -5.698390
v 5.112873 0.413794 -6.331804
v 5.280079 0.563512 -6.031267
v 4.896708 0.433666 -5.982386
v 5.543408 0.381640 -6.263771
v 5.280079 0.563512 -6.031267
v 5.112873 0.413794 -6.331804
v 5.593322 0.381640 -5.872303
v 5.280079 0.563512 -6.031267
v 5.543408 0.381640 -6.263771
v 5.193636 0.413794 -5.698390
v 5.280079 0.563512 -6.031267
v 5.593322 0.381640 -5.872303
v 4.896708 0.433666 -5.982386
v 5.280079 0.563512 -6.031267
v 5.193636 0.413794 -5.698390
v 5.084321 0.111937 -6.514894
v 5.170764 0.261666 -6.847772
v 4.771075 0.293820 -6.673882
v 4.771075 0.293820 -6.673882
v 4.820990 0.293820 -6.282413
v 5.084321 0.111937 -6.514894
v 5.084321 0.111937 -6.514894
v 5.467716 0.241793 -6.563779
v 5.170764 0.261666 -6.847772
v 5.084321 0.111937 -6.514894
v 5.251528 0.261666 -6.214358
v 5.467716 0.241793 -6.563779
v 5.084321 0.111937 -6.514894
v 4.820990 0.293820 -6.282413
v 5.251528 0.261666 -6.214358
v 4.771075 0.293820 -6.673882
v 4.744688 0.555939 -6.471589
v 4.820990 0.293820 -6.282413
v 5.170764 0.261666 -6.847772
v 4.960853 0.536067 -6.821007
v 4.771075 0.293820 -6.673882
v 5.467716 0.241793 -6.563779
v 5.391388 0.503913 -6.752975
v 5.170764 0.261666 -6.847772
v 5.251528 0.261666 -6.214358
v 5.441303 0.503913 -6.361506
v 5.467716 0.241793 -6.563779
v 4.820990 0.293820 -6.282413
v 5.041617 0.536067 -6.187593
v 5.251528 0.261666 -6.214358
v 4.771075 0.293820 -6.673882
v 4.960853 0.536067 -6.821007
v 4.744688 0.555939 -6.471589
v 5.170764 0.261666 -6.847772
v 5.391388 0.503913 -6.752975
v 4.960853 0.536067 -6.821007
v 5.467716 0.241793 -6.563779
v 5.441303 0.503913 -6.361506
v 5.391388 0.503913 -6.752975
v 5.251528 0.261666 -6.214358
v 5.041617 0.536067 -6.187593
v 5.441303 0.503913 -6.361506
v 4.820990 0.293820 -6.282413
v 4.744688 0.555939 -6.471589
v 5.041617 0.536067 -6.187593
v 4.960853 0.536067 -6.821007
v 5.128059 0.685785 -6.520471
v 4.744688 0.555939 -6.471589
v 5.391388 0.503913 -6.752975
v 5.128059 0.685785 -6.520471
v 4.960853 0.536067 -6.821007
v 5.441303 0.503913 -6.361506
v 5.128059 0.685785 -6.520471
v 5.391388 0.503913 -6.752975
v 5.041617 0.536067 -6.187593
v 5.128059 0.685785 -6.520471
v 5.441303 0.503913 -6.361506
v 4.744688 0.555939 -6.471589
v 5.128059 0.685785 -6.520471
v 5.041617 0.536067 -6.187593
v 4.583326 0.034729 -6.510140
v 4.669768 0.184447 -6.843018
v 4.270082 0.216600 -6.669106
v 4.270082 0.216600 -6.669106
v 4.319997 0.216600 -6.277637
v 4.583326 0.034729 -6.510140
v 4.583326 0.034729 -6.510140
v 4.966721 0.164573 -6.559025
v 4.669768 0.184447 -6.843018
v 4.583326 0.034729 -6.510140
v 4.750532 0.184447 -6.209604
v 4.966721 0.164573 -6.559025
v 4.583326 0.034729 -6.510140
v 4.319997 0.216600 -6.277637
v 4.750532 0.184447 -6.209604
v 4.270082 0.216600 -6.669106
v 4.243693 0.478730 -6.466835
v 4.319997 0.216600 -6.277637
v 4.669768 0.184447 -6.843018
v 4.459882 0.458857 -6.816257
v 4.270082 0.216600 -6.669106
v 4.966721 0.164573 -6.559025
v 4.890420 0.426703 -6.748202
v 4.669768 0.184447 -6.843018
v 4.750532 0.184447 -6.209604
v 4.940334 0.426703 -6.356733
v 4.966721 0.164573 -6.559025
v 4.319997 0.216600 -6.277637
v 4.540645 0.458857 -6.182842
v 4.750532 0.184447 -6.209604
v 4.270082 0.216600 -6.669106
v 4.459882 0.458857 -6.816257
v 4.243693 0.478730 -6.466835
v 4.669768 0.184447 -6.843018
v 4.890420 0.426703 -6.748202
v 4.459882 0.458857 -6.816257
v 4.966721 0.164573 -6.559025
v 4.940334 0.426703 -6.356733
v 4.890420 0.426703 -6.748202
v 4.750532 0.184447 -6.209604
v 4.540645 0.458857 -6.182842
v 4.940334 0.426703 -6.356733
v 4.319997 0.216600 -6.277637
v 4.243693 0.478730 -6.466835
v 4.540645 0.458857 -6.182842
v 4.459882 0.458857 -6.816257
v 4.627064 0.608576 -6.515717
v 4.243693 0.478730 -6.466835
v 4.890420 0.426703 -6.748202
v 4.627064 0.608576 -6.515717
v 4.459882 0.458857 -6.816257
v 4.940334 0.426703 -6.356733
v 4.627064 0.608576 -6.515717
v 4.890420 0.426703 -6.748202
v 4.540645 0.458857 -6.182842
v 4.627064 0.608576 -6.515717
v 4.940334 0.426703 -6.356733
v 4.243693 0.478730 -6.466835
v 4.627064 0.608576 -6.515717
v 4.540645 0.458857 -6.182842
v 4.849502 0.017894 -6.092559
v 4.444955 0.311480 -6.004432
v 4.469061 0.331425 -5.985910
v 4.806487 -0.017715 -6.125633
v 4.806487 -0.017715 -6.125633
v 4.437643 0.317406 -6.041096
v 4.444955 0.311480 -6.004432
v 4.793429 -0.007137 -6.191128
v 4.793429 -0.007137 -6.191128
v 4.454433 0.343278 -6.059261
v 4.437643 0.317406 -6.041096
v 4.823387 0.039060 -6.223548
v 4.823387 0.039060 -6.223548
v 4.478539 0.363212 -6.040739
v 4.454433 0.343278 -6.059261
v 4.866426 0.074667 -6.190477
v 4.437643 0.317406 -6.041096
v 4.469061 0.331425 -5.985910
v 4.444955 0.311480 -6.004432
v 4.478539 0.363212 -6.040739
v 4.454433 0.343278 -6.059261
v 4.485827 0.357287 -6.004071
v 4.866426 0.074667 -6.190477
v 4.485827 0.357287 -6.004071
v 4.478539 0.363212 -6.040739
v 4.879459 0.064080 -6.124979
v 4.879459 0.064080 -6.124979
v 4.469061 0.331425 -5.985910
v 4.485827 0.357287 -6.004071
v 4.849502 0.017894 -6.092559
v 4.879459 0.064080 -6.124979
v 4.806487 -0.017715 -6.125633
v 4.849502 0.017894 -6.092559
v 4.823387 0.039060 -6.223548
v 4.866426 0.074667 -6.190477
v 4.793429 -0.007137 -6.191128
v 4.841287 -0.015886 -6.110690
v 4.844061 0.411794 -5.708153
v 4.876774 0.399430 -5.697778
v 4.782868 0.006202 -6.129246
v 4.782868 0.006202 -6.129246
v 4.841341 0.436641 -5.734684
v 4.844061 0.411794 -5.708153
v 4.778026 0.050559 -6.176610
v 4.778026 0.050559 -6.176610
v 4.871357 0.449109 -5.750820
v 4.841341 0.436641 -5.734684
v 4.831603 0.072840 -6.205417
v 4.831603 0.072840 -6.205417
v 4.904073 0.436745 -5.740422
v 4.871357 0.449109 -5.750820
v 4.890021 0.050752 -6.186861
v 4.841341 0.436641 -5.734684
v 4.876774 0.399430 -5.697778
v 4.844061 0.411794 -5.708153
v 4.904073 0.436745 -5.740422
v 4.871357 0.449109 -5.750820
v 4.906794 0.411898 -5.713892
v 4.890021 0.050752 -6.186861
v 4.906794 0.411898 -5.713892
v 4.904073 0.436745 -5.740422
v 4.894886 0.006382 -6.139501
v 4.894886 0.006382 -6.139501
v 4.876774 0.399430 -5.697778
v 4.906794 0.411898 -5.713892
v 4.841287 -0.015886 -6.110690
v 4.894886 0.006382 -6.139501
v 4.782868 0.006202 -6.129246
v 4.841287 -0.015886 -6.110690
v 4.831603 0.072840 -6.205417
v 4.890021 0.050752 -6.186861
v 4.778026 0.050559 -6.176610
v 4.832272 0.008042 -6.094301
v 5.239422 0.294985 -6.002988
v 5.255873 0.265147 -5.992777
v 4.802897 0.061331 -6.112509
v 4.802897 0.061331 -6.112509
v 5.241759 0.306427 -6.038690
v 5.239422 0.294985 -6.002988
v 4.807047 0.081762 -6.176259
v 4.807047 0.081762 -6.176259
v 5.260543 0.288030 -6.064203
v 5.241759 0.306427 -6.038690
v 4.840618 0.048912 -6.221807
v 4.840618 0.048912 -6.221807
v 5.276994 0.258191 -6.053992
v 5.260543 0.288030 -6.064203
v 4.870015 -0.004379 -6.203601
v 5.241759 0.306427 -6.038690
v 5.255873 0.265147 -5.992777
v 5.239422 0.294985 -6.002988
v 5.276994 0.258191 -6.053992
v 5.260543 0.288030 -6.064203
v 5.274658 0.246750 -6.018290
v 4.870015 -0.004379 -6.203601
v 5.274658 0.246750 -6.018290
v 5.276994 0.258191 -6.053992
v 4.865843 -0.024808 -6.139848
v 4.865843 -0.024808 -6.139848
v 5.255873 0.265147 -5.992777
v 5.274658 0.246750 -6.018290
v 4.832272 0.008042 -6.094301
v 4.865843 -0.024808 -6.139848
v 4.802897 0.061331 -6.112509
v 4.832272 0.008042 -6.094301
v 4.840618 0.048912 -6.221807
v 4.870015 -0.004379 -6.203601
v 4.807047 0.081762 -6.176259
v 4.855758 0.060506 -6.103382
v 5.085220 0.424503 -6.503998
v 5.117008 0.416799 -6.487082
v 4.798996 0.074253 -6.133585
v 4.798996 0.074253 -6.133585
v 5.074402 0.406565 -6.534599
v 5.085220 0.424503 -6.503998
v 4.779680 0.042230 -6.188278
v 4.779680 0.042230 -6.188278
v 5.095371 0.380934 -6.548305
v 5.074402 0.406565 -6.534599
v 4.817132 -0.003552 -6.212725
v 4.817132 -0.003552 -6.212725
v 5.127159 0.373231 -6.531389
v 5.095371 0.380934 -6.548305
v 4.873897 -0.017299 -6.182500
v 5.074402 0.406565 -6.534599
v 5.117008 0.416799 -6.487082
v 5.085220 0.424503 -6.503998
v 5.127159 0.373231 -6.531389
v 5.095371 0.380934 -6.548305
v 5.137979 0.391168 -6.500767
v 4.873897 -0.017299 -6.182500
v 5.137979 0.391168 -6.500767
v 5.127159 0.373231 -6.531389
v 4.893209 0.014724 -6.127829
v 4.893209 0.014724 -6.127829
v 5.117008 0.416799 -6.487082
v 5.137979 0.391168 -6.500767
v 4.855758 0.060506 -6.103382
v 4.893209 0.014724 -6.127829
v 4.798996 0.074253 -6.133585
v 4.855758 0.060506 -6.103382
v 4.817132 -0.003552 -6.212725
v 4.873897 -0.017299 -6.182500
v 4.779680 0.042230 -6.188278
v 4.833720 0.073936 -6.111762
v 4.576376 0.324338 -6.490254
v 4.603684 0.347107 -6.487000
v 4.784978 0.033281 -6.117565
v 4.784978 0.033281 -6.117565
v 4.577910 0.298882 -6.516186
v 4.576376 0.324338 -6.490254
v 4.787700 -0.012184 -6.163878
v 4.787700 -0.012184 -6.163878
v 4.606731 0.296185 -6.538838
v 4.577910 0.298882 -6.516186
v 4.839169 -0.016993 -6.204345
v 4.839169 -0.016993 -6.204345
v 4.634041 0.318965 -6.535584
v 4.606731 0.296185 -6.538838
v 4.887914 0.023673 -6.198521
v 4.577910 0.298882 -6.516186
v 4.603684 0.347107 -6.487000
v 4.576376 0.324338 -6.490254
v 4.634041 0.318965 -6.535584
v 4.606731 0.296185 -6.538838
v 4.632506 0.344421 -6.509653
v 4.887914 0.023673 -6.198521
v 4.632506 0.344421 -6.509653
v 4.634041 0.318965 -6.535584
v 4.885213 0.069136 -6.152232
v 4.885213 0.069136 -6.152232
v 4.603684 0.347107 -6.487000
v 4.632506 0.344421 -6.509653
v 4.833720 0.073936 -6.111762
v 4.885213 0.069136 -6.152232
v 4.784978 0.033281 -6.117565
v 4.833720 0.073936 -6.111762
v 4.839169 -0.016993 -6.204345
v 4.887914 0.023673 -6.198521
v 4.787700 -0.012184 -6.163878
vn -0.2009 -0.5251 0.8270
vn -0.2010 -0.5252 0.8269
vn -0.6707 -0.7416 0.0139
vn -0.6708 -0.7416 0.0135
vn -0.5416 -0.2185 -0.8118
vn 0.1284 0.5873 -0.7991
vn 0.1283 0.5872 -0.7992
vn -0.7236 0.6439 0.2484
vn -0.7236 0.6441 0.2483
vn -0.7235 0.6440 0.2485
vn -0.7239 0.6437 0.2481
vn 0.5993 0.8005 0.0099
vn 0.5993 0.8005 0.0097
vn 0.4683 0.2836 0.8368
vn 0.7238 -0.6438 -0.2483
vn 0.7236 -0.6441 -0.2481
vn 0.7236 -0.6440 -0.2481
vn -0.2651 -0.8517 -0.4519
vn -0.5262 -0.8477 0.0671
vn 0.2629 -0.9036 -0.3381
vn 0.3394 -0.9036 0.2613
vn -0.1433 -0.8517 0.5040
vn -0.9732 -0.1938 0.1241
vn -0.4039 -0.2224 -0.8873
vn 0.6449 -0.3149 -0.6963
vn 0.7991 -0.3148 0.5122
vn -0.1684 -0.2225 0.9603
vn -0.7990 0.3148 -0.5123
vn 0.1684 0.2224 -0.9603
vn 0.9732 0.1937 -0.1241
vn 0.4040 0.2225 0.8873
vn -0.6451 0.3150 0.6962
vn -0.3394 0.9036 -0.2614
vn 0.1433 0.8517 -0.5040
vn 0.5262 0.8477 -0.0671
vn 0.2652 0.8517 0.4519
vn -0.2629 0.9036 0.3381
vn -0.4399 -0.6140 0.6554
vn -0.4402 -0.6139 0.6553
vn -0.9922 0.0225 0.1224
vn -0.9922 0.0225 0.1225
vn -0.5482 0.6672 -0.5043
vn -0.5485 0.6671 -0.5042
vn 0.4426 0.6714 -0.5944
vn 0.0607 0.7317 0.6789
vn 0.0609 0.7315 0.6791
vn 0.0609 0.7318 0.6788
vn 0.0606 0.7316 0.6790
vn 0.9971 0.0393 -0.0654
vn 0.9971 0.0394 -0.0655
vn 0.5568 -0.6090 0.5648
vn 0.5567 -0.6091 0.5648
vn -0.0610 -0.7317 -0.6789
vn -0.0610 -0.7316 -0.6790
vn -0.0609 -0.7315 -0.6791
vn -0.0608 -0.7316 -0.6790
vn -0.2652 -0.8517 -0.4520
vn -0.5263 -0.8477 0.0671
vn 0.2630 -0.9036 -0.3382
vn 0.3394 -0.9036 0.2614
vn -0.1433 -0.8517 0.5041
vn -0.4035 -0.2223 -0.8876
vn 0.7990 -0.3149 0.5123
vn 0.1684 0.2225 -0.9603
vn 0.4039 0.2225 0.8873
vn -0.6449 0.3148 0.6964
vn 0.5263 0.8477 -0.0671
vn 0.2652 0.8517 0.4520
vn -0.2629 0.9036 0.3382
vn -0.3143 0.1473 0.9378
vn -0.3141 0.1473 0.9379
vn -0.5038 0.8317 0.2336
vn -0.5038 0.8316 0.2337
vn -0.1720 0.7346 -0.6563
vn -0.1719 0.7345 -0.6565
vn 0.3963 -0.0940 -0.9133
vn 0.3961 -0.0935 -0.9134
vn 0.8194 0.5281 0.2229
vn 0.8195 0.5280 0.2228
vn 0.8195 0.5280 0.2227
vn 0.8196 0.5279 0.2228
vn 0.5838 -0.7835 -0.2129
vn 0.2534 -0.6865 0.6816
vn 0.2532 -0.6864 0.6817
vn -0.8194 -0.5279 -0.2232
vn -0.8194 -0.5281 -0.2228
vn -0.8194 -0.5281 -0.2229
vn -0.8192 -0.5285 -0.2227
vn -0.9732 -0.1937 0.1241
vn -0.7989 0.3148 -0.5125
vn -0.6450 0.3148 0.6964
vn -0.3394 0.9036 -0.2613
vn -0.1430 0.7719 0.6195
vn -0.1427 0.7719 0.6196
vn -0.8041 0.5912 -0.0623
vn -0.8041 0.5912 -0.0625
vn -0.6661 -0.1547 -0.7296
vn -0.6659 -0.1551 -0.7298
vn 0.1835 -0.7184 -0.6710
vn 0.1833 -0.7184 -0.6711
vn 0.4655 0.6818 -0.5643
vn 0.4653 0.6821 -0.5641
vn 0.4654 0.6823 -0.5638
vn 0.4655 0.6820 -0.5640
vn 0.8449 -0.5348 0.0147
vn 0.8449 -0.5347 0.0148
vn 0.7038 0.2136 0.6775
vn 0.7037 0.2138 0.6776
vn -0.4656 -0.6821 0.5640
vn -0.4655 -0.6821 0.5640
vn 0.2629 -0.9036 -0.3382
vn -0.4039 -0.2225 -0.8873
vn 0.6449 -0.3148 -0.6964
vn 0.7990 -0.3148 0.5123
vn -0.7990 0.3149 -0.5122
vn 0.9732 0.1938 -0.1241
vn -0.5112 0.5148 0.6882
vn -0.5115 0.5148 0.6880
vn -0.9111 -0.3196 0.2603
vn -0.9111 -0.3197 0.2603
vn -0.4234 -0.7893 -0.4447
vn 0.4709 -0.4567 -0.7548
vn 0.4711 -0.4565 -0.7548
vn -0.4453 0.6257 -0.6405
vn -0.4452 0.6256 -0.6406
vn -0.4453 0.6255 -0.6407
vn -0.4454 0.6255 -0.6407
vn 0.8677 0.3791 -0.3215
vn 0.8677 0.3790 -0.3216
vn 0.3789 0.8431 0.3815
vn 0.3786 0.8432 0.3817
vn 0.4453 -0.6254 0.6408
vn 0.4451 -0.6255 0.6408
vn 0.4454 -0.6256 0.6405
vn 0.4451 -0.6258 0.6405
vn -0.2652 -0.8517 -0.4519
vn -0.4040 -0.2225 -0.8873
vn -0.1684 -0.2224 0.9603
vn 0.4039 0.2224 0.8873
vn -0.6449 0.3149 0.6964
vn 0.2651 0.8517 0.4519
vt 1.000000 1.000015
vt 0.833310 1.000015
vt 1.000000 0.500008
vt 0.833310 0.500008
vt 0.666651 1.000015
vt 0.666651 0.500008
vt 0.499992 1.000015
vt 0.499992 0.500008
vt 0.333303 1.000015
vt 0.333303 0.500008
vt 0.457816 0.370001
vt 0.249989 0.490028
vt 0.457816 0.130007
vt 0.042130 0.130007
vt 0.249989 0.010010
vt 0.042130 0.370001
vt 0.166644 1.000015
vt 0.166644 0.500008
vt -0.000015 1.000015
vt -0.000015 0.500008
vt 0.749996 0.490028
vt 0.957824 0.370001
vt 0.542138 0.370001
vt 0.749996 0.010010
vt 0.542138 0.130007
vt 0.957824 0.130007
vt 0.272725 0.157473
vt 0.090898 0.157473
vt 0.181811 0.000000
vt 0.363607 0.000000
vt 0.454520 0.157473
vt 1.000000 0.157473
vt 0.818174 0.157473
vt 0.909087 0.000000
vt 0.636347 0.157473
vt 0.727260 0.000000
vt 0.545434 0.000000
vt 0.363607 0.314946
vt 0.181811 0.314946
vt 0.909087 0.314946
vt 0.727260 0.314946
vt 0.545434 0.314946
vt -0.000015 0.314946
vt 0.272725 0.472389
vt 0.090898 0.472389
vt 0.818174 0.472389
vt 0.636347 0.472389
vt 0.454520 0.472389
s 0
usemtl Material_1
f 13491/337/3990 13490/338/3990 13489/339/3990
f 13490/338/3991 13492/340/3991 13489/339/3991
f 13495/338/3992 13494/341/3992 13493/340/3992
f 13494/341/3993 13496/342/3993 13493/340/3993
f 13499/341/3994 13498/343/3994 13497/342/3994
f 13498/343/3994 13500/344/3994 13497/342/3994
f 13503/343/3995 13502/345/3995 13501/344/3995
f 13502/345/3996 13504/346/3996 13501/344/3996
f 13507/347/3997 13506/348/3997 13505/349/3997
f 13508/350/3998 13505/349/3998 13506/348/3998
f 13509/351/3999 13505/349/3999 13508/350/3999
f 13510/352/4000 13508/350/4000 13506/348/4000
f 13513/345/4001 13512/353/4001 13511/346/4001
s 1
f 13512/353/4002 13514/354/4002 13511/346/4002
s 0
f 13517/353/4003 13516/355/4003 13515/354/4003
f 13516/355/4003 13518/356/4003 13515/354/4003
f 13521/357/4004 13520/358/4004 13519/359/4004
f 13522/360/4004 13519/359/4004 13520/358/4004
f 13523/361/4005 13519/359/4005 13522/360/4005
s 1
f 13524/362/4006 13522/360/4006 13520/358/4006
s 0
f 13191/363/4007 13190/364/4007 13189/365/4007
f 13194/366/4008 13193/367/4008 13192/363/4008
f 13197/368/4009 13196/369/4009 13195/370/4009
f 13200/369/4010 13199/371/4010 13198/372/4010
f 13203/371/4011 13202/367/4011 13201/373/4011
f 13206/367/4012 13205/374/4012 13204/363/4012
f 13209/363/4013 13208/375/4013 13207/364/4013
f 13212/368/4014 13211/376/4014 13210/369/4014
f 13215/369/4015 13214/377/4015 13213/371/4015
f 13218/371/4016 13217/378/4016 13216/367/4016
f 13221/374/4017 13220/375/4017 13219/363/4017
f 13224/375/4018 13223/379/4018 13222/364/4018
f 13227/376/4019 13226/377/4019 13225/369/4019
f 13230/377/4020 13229/378/4020 13228/371/4020
f 13233/378/4021 13232/374/4021 13231/367/4021
f 13236/374/4022 13235/380/4022 13234/375/4022
f 13239/375/4023 13238/381/4023 13237/379/4023
f 13242/376/4024 13241/382/4024 13240/377/4024
f 13245/377/4025 13244/383/4025 13243/378/4025
f 13248/378/4026 13247/384/4026 13246/374/4026
f 13527/337/4027 13526/338/4027 13525/339/4027
f 13526/338/4028 13528/340/4028 13525/339/4028
f 13531/338/4029 13530/341/4029 13529/340/4029
f 13530/341/4030 13532/342/4030 13529/340/4030
f 13535/341/4031 13534/343/4031 13533/342/4031
f 13534/343/4032 13536/344/4032 13533/342/4032
f 13539/343/4033 13538/345/4033 13537/344/4033
f 13538/345/4033 13540/346/4033 13537/344/4033
s 1
f 13543/347/4034 13542/348/4034 13541/349/4034
s 0
f 13544/350/4035 13541/349/4035 13542/348/4035
f 13545/351/4036 13541/349/4036 13544/350/4036
f 13546/352/4037 13544/350/4037 13542/348/4037
f 13549/345/4038 13548/353/4038 13547/346/4038
f 13548/353/4039 13550/354/4039 13547/346/4039
s 1
f 13553/353/4040 13552/355/4040 13551/354/4040
s 0
f 13552/355/4041 13554/356/4041 13551/354/4041
f 13557/357/4042 13556/358/4042 13555/359/4042
f 13558/360/4043 13555/359/4043 13556/358/4043
f 13559/361/4044 13555/359/4044 13558/360/4044
f 13560/362/4045 13558/360/4045 13556/358/4045
f 13251/363/4046 13250/364/4046 13249/365/4046
f 13254/366/4047 13253/367/4047 13252/363/4047
f 13257/368/4048 13256/369/4048 13255/370/4048
f 13260/369/4049 13259/371/4049 13258/372/4049
f 13263/371/4050 13262/367/4050 13261/373/4050
f 13266/367/4012 13265/374/4012 13264/363/4012
s 1
f 13269/363/4051 13268/375/4051 13267/364/4051
s 0
f 13272/368/4014 13271/376/4014 13270/369/4014
f 13275/369/4052 13274/377/4052 13273/371/4052
f 13278/371/4016 13277/378/4016 13276/367/4016
s 1
f 13281/374/4017 13280/375/4017 13279/363/4017
s 0
f 13284/375/4053 13283/379/4053 13282/364/4053
f 13287/376/4019 13286/377/4019 13285/369/4019
f 13290/377/4054 13289/378/4054 13288/371/4054
f 13293/378/4055 13292/374/4055 13291/367/4055
f 13296/374/4022 13295/380/4022 13294/375/4022
f 13299/375/4023 13298/381/4023 13297/379/4023
f 13302/376/4056 13301/382/4056 13300/377/4056
f 13305/377/4057 13304/383/4057 13303/378/4057
f 13308/378/4058 13307/384/4058 13306/374/4058
f 13563/337/4059 13562/338/4059 13561/339/4059
f 13562/338/4060 13564/340/4060 13561/339/4060
f 13567/338/4061 13566/341/4061 13565/340/4061
f 13566/341/4062 13568/342/4062 13565/340/4062
f 13571/341/4063 13570/343/4063 13569/342/4063
f 13570/343/4064 13572/344/4064 13569/342/4064
f 13575/343/4065 13574/345/4065 13573/344/4065
f 13574/345/4066 13576/346/4066 13573/344/4066
f 13579/347/4067 13578/348/4067 13577/349/4067
f 13580/350/4068 13577/349/4068 13578/348/4068
f 13581/351/4069 13577/349/4069 13580/350/4069
f 13582/352/4070 13580/350/4070 13578/348/4070
f 13585/345/4071 13584/353/4071 13583/346/4071
f 13584/353/4071 13586/354/4071 13583/346/4071
f 13589/353/4072 13588/355/4072 13587/354/4072
f 13588/355/4073 13590/356/4073 13587/354/4073
f 13593/357/4074 13592/358/4074 13591/359/4074
f 13594/360/4075 13591/359/4075 13592/358/4075
f 13595/361/4076 13591/359/4076 13594/360/4076
f 13596/362/4077 13594/360/4077 13592/358/4077
f 13311/363/4007 13310/364/4007 13309/365/4007
f 13314/366/4008 13313/367/4008 13312/363/4008
f 13317/368/4009 13316/369/4009 13315/370/4009
f 13320/369/4010 13319/371/4010 13318/372/4010
f 13323/371/4011 13322/367/4011 13321/373/4011
f 13326/367/4078 13325/374/4078 13324/363/4078
f 13329/363/4013 13328/375/4013 13327/364/4013
f 13332/368/4014 13331/376/4014 13330/369/4014
f 13335/369/4015 13334/377/4015 13333/371/4015
f 13338/371/4016 13337/378/4016 13336/367/4016
f 13341/374/4079 13340/375/4079 13339/363/4079
f 13344/375/4018 13343/379/4018 13342/364/4018
f 13347/376/4019 13346/377/4019 13345/369/4019
f 13350/377/4020 13349/378/4020 13348/371/4020
s 1
f 13353/378/4080 13352/374/4080 13351/367/4080
s 0
f 13356/374/4081 13355/380/4081 13354/375/4081
f 13359/375/4023 13358/381/4023 13357/379/4023
f 13362/376/4024 13361/382/4024 13360/377/4024
f 13365/377/4025 13364/383/4025 13363/378/4025
f 13368/378/4026 13367/384/4026 13366/374/4026
f 13599/337/4082 13598/338/4082 13597/339/4082
f 13598/338/4083 13600/340/4083 13597/339/4083
f 13603/338/4084 13602/341/4084 13601/340/4084
f 13602/341/4085 13604/342/4085 13601/340/4085
f 13607/341/4086 13606/343/4086 13605/342/4086
f 13606/343/4087 13608/344/4087 13605/342/4087
s 1
f 13611/343/4088 13610/345/4088 13609/344/4088
s 0
f 13610/345/4089 13612/346/4089 13609/344/4089
f 13615/347/4090 13614/348/4090 13613/349/4090
f 13616/350/4091 13613/349/4091 13614/348/4091
f 13617/351/4092 13613/349/4092 13616/350/4092
f 13618/352/4093 13616/350/4093 13614/348/4093
f 13621/345/4094 13620/353/4094 13619/346/4094
f 13620/353/4095 13622/354/4095 13619/346/4095
f 13625/353/4096 13624/355/4096 13623/354/4096
f 13624/355/4097 13626/356/4097 13623/354/4097
f 13629/357/4098 13628/358/4098 13627/359/4098
f 13630/360/4099 13627/359/4099 13628/358/4099
f 13631/361/4099 13627/359/4099 13630/360/4099
f 13632/362/4099 13630/360/4099 13628/358/4099
f 13371/363/4046 13370/364/4046 13369/365/4046
f 13374/366/4047 13373/367/4047 13372/363/4047
f 13377/368/4100 13376/369/4100 13375/370/4100
f 13380/369/4049 13379/371/4049 13378/372/4049
f 13383/371/4011 13382/367/4011 13381/373/4011
f 13386/367/4078 13385/374/4078 13384/363/4078
f 13389/363/4101 13388/375/4101 13387/364/4101
f 13392/368/4102 13391/376/4102 13390/369/4102
f 13395/369/4103 13394/377/4103 13393/371/4103
f 13398/371/4016 13397/378/4016 13396/367/4016
f 13401/374/4104 13400/375/4104 13399/363/4104
f 13404/375/4053 13403/379/4053 13402/364/4053
f 13407/376/4105 13406/377/4105 13405/369/4105
f 13410/377/4020 13409/378/4020 13408/371/4020
f 13413/378/4080 13412/374/4080 13411/367/4080
f 13416/374/4081 13415/380/4081 13414/375/4081
s 1
f 13419/375/4023 13418/381/4023 13417/379/4023
s 0
f 13422/376/4024 13421/382/4024 13420/377/4024
f 13425/377/4025 13424/383/4025 13423/378/4025
f 13428/378/4026 13427/384/4026 13426/374/4026
f 13635/337/4106 13634/338/4106 13633/339/4106
f 13634/338/4107 13636/340/4107 13633/339/4107
f 13639/338/4108 13638/341/4108 13637/340/4108
s 1
f 13638/341/4109 13640/342/4109 13637/340/4109
s 0
f 13643/341/4110 13642/343/4110 13641/342/4110
f 13642/343/4110 13644/344/4110 13641/342/4110
f 13647/343/4111 13646/345/4111 13645/344/4111
f 13646/345/4112 13648/346/4112 13645/344/4112
f 13651/347/4113 13650/348/4113 13649/349/4113
f 13652/350/4114 13649/349/4114 13650/348/4114
f 13653/351/4115 13649/349/4115 13652/350/4115
f 13654/352/4116 13652/350/4116 13650/348/4116
s 1
f 13657/345/4117 13656/353/4117 13655/346/4117
s 0
f 13656/353/4118 13658/354/4118 13655/346/4118
f 13661/353/4119 13660/355/4119 13659/354/4119
f 13660/355/4120 13662/356/4120 13659/354/4120
f 13665/357/4121 13664/358/4121 13663/359/4121
f 13666/360/4122 13663/359/4122 13664/358/4122
f 13667/361/4123 13663/359/4123 13666/360/4123
f 13668/362/4124 13666/360/4124 13664/358/4124
f 13431/363/4125 13430/364/4125 13429/365/4125
f 13434/366/4008 13433/367/4008 13432/363/4008
f 13437/368/4009 13436/369/4009 13435/370/4009
f 13440/369/4049 13439/371/4049 13438/372/4049
f 13443/371/4011 13442/367/4011 13441/373/4011
f 13446/367/4078 13445/374/4078 13444/363/4078
f 13449/363/4126 13448/375/4126 13447/364/4126
f 13452/368/4102 13451/376/4102 13450/369/4102
f 13455/369/4052 13454/377/4052 13453/371/4052
f 13458/371/4127 13457/378/4127 13456/367/4127
f 13461/374/4017 13460/375/4017 13459/363/4017
f 13464/375/4053 13463/379/4053 13462/364/4053
f 13467/376/4019 13466/377/4019 13465/369/4019
f 13470/377/4128 13469/378/4128 13468/371/4128
f 13473/378/4129 13472/374/4129 13471/367/4129
f 13476/374/4022 13475/380/4022 13474/375/4022
f 13479/375/4023 13478/381/4023 13477/379/4023
f 13482/376/4024 13481/382/4024 13480/377/4024
f 13485/377/4130 13484/383/4130 13483/378/4130
f 13488/378/4058 13487/384/4058 13486/374/4058
