# Blender 5.2.1 LTS
# www.blender.org
mtllib landmark_recycling_factory.mtl
o crateInstances_0002
v -6.499949 0.832000 2.696406
v -6.499949 -0.032000 2.696406
v -6.388423 0.832000 1.839634
v -6.499949 -0.032000 2.696406
v -6.388423 -0.032000 1.839634
v -6.388423 0.832000 1.839634
v -7.245195 0.832000 1.728108
v -7.245195 -0.032000 1.728108
v -7.356721 0.832000 2.584880
v -7.245195 -0.032000 1.728108
v -7.356721 -0.032000 2.584880
v -7.356721 0.832000 2.584880
v -7.245195 0.832000 1.728108
v -7.356721 0.832000 2.584880
v -6.388423 0.832000 1.839634
v -7.356721 0.832000 2.584880
v -6.499949 0.832000 2.696406
v -6.388423 0.832000 1.839634
v -7.356721 -0.032000 2.584880
v -7.245195 -0.032000 1.728108
v -6.499949 -0.032000 2.696406
v -7.245195 -0.032000 1.728108
v -6.388423 -0.032000 1.839634
v -6.499949 -0.032000 2.696406
v -7.356721 0.832000 2.584880
v -7.356721 -0.032000 2.584880
v -6.499949 0.832000 2.696406
v -7.356721 -0.032000 2.584880
v -6.499949 -0.032000 2.696406
v -6.499949 0.832000 2.696406
v -6.388423 0.832000 1.839634
v -6.388423 -0.032000 1.839634
v -7.245195 0.832000 1.728108
v -6.388423 -0.032000 1.839634
v -7.245195 -0.032000 1.728108
v -7.245195 0.832000 1.728108
vn 0.9916 -0.0000 0.1291
vn -0.9916 -0.0000 -0.1291
vn -0.0000 1.0000 -0.0000
vn -0.0000 -1.0000 -0.0000
vn -0.1291 -0.0000 0.9916
vn 0.1291 -0.0000 -0.9916
vt 0.000000 1.000000
vt 1.000000 0.000000
vt 0.000000 0.000000
vt 1.000000 1.000000
s 0
usemtl Material_2
f 2/1/1 3/2/1 1/3/1
f 5/4/1 6/2/1 4/1/1
f 8/1/2 9/2/2 7/3/2
f 11/4/2 12/2/2 10/1/2
f 14/1/3 15/2/3 13/3/3
f 17/4/3 18/2/3 16/1/3
f 20/1/4 21/2/4 19/3/4
f 23/4/4 24/2/4 22/1/4
f 26/1/5 27/2/5 25/3/5
f 29/4/5 30/2/5 28/1/5
f 32/1/6 33/2/6 31/3/6
f 35/4/6 36/2/6 34/1/6
o fencePosts_0003
v -5.895520 1.145000 -5.661617
v -5.895520 -0.005000 -5.661617
v -5.928874 1.145000 -5.818102
v -5.895520 -0.005000 -5.661617
v -5.928874 -0.005000 -5.818102
v -5.928874 1.145000 -5.818102
v -6.085359 1.145000 -5.784749
v -6.085359 -0.005000 -5.784749
v -6.052005 1.145000 -5.628264
v -6.085359 -0.005000 -5.784749
v -6.052005 -0.005000 -5.628264
v -6.052005 1.145000 -5.628264
v -6.085359 1.145000 -5.784749
v -6.052005 1.145000 -5.628264
v -5.928874 1.145000 -5.818102
v -6.052005 1.145000 -5.628264
v -5.895520 1.145000 -5.661617
v -5.928874 1.145000 -5.818102
v -6.052005 -0.005000 -5.628264
v -6.085359 -0.005000 -5.784749
v -5.895520 -0.005000 -5.661617
v -6.085359 -0.005000 -5.784749
v -5.928874 -0.005000 -5.818102
v -5.895520 -0.005000 -5.661617
v -6.052005 1.145000 -5.628264
v -6.052005 -0.005000 -5.628264
v -5.895520 1.145000 -5.661617
v -6.052005 -0.005000 -5.628264
v -5.895520 -0.005000 -5.661617
v -5.895520 1.145000 -5.661617
v -5.928874 1.145000 -5.818102
v -5.928874 -0.005000 -5.818102
v -6.085359 1.145000 -5.784749
v -5.928874 -0.005000 -5.818102
v -6.085359 -0.005000 -5.784749
v -6.085359 1.145000 -5.784749
vn 0.9780 -0.0000 -0.2085
vn -0.9780 -0.0000 0.2085
vn -0.0000 1.0000 -0.0000
vn -0.0000 -1.0000 -0.0000
vn 0.2085 -0.0000 0.9780
vn -0.2085 -0.0000 -0.9780
vt 0.000000 1.000000
vt 1.000000 0.000000
vt 0.000000 0.000000
vt 1.000000 1.000000
s 0
usemtl Material_3
f 38/5/7 39/6/7 37/7/7
f 41/8/7 42/6/7 40/5/7
f 44/5/8 45/6/8 43/7/8
f 47/8/8 48/6/8 46/5/8
f 50/5/9 51/6/9 49/7/9
f 53/8/9 54/6/9 52/5/9
f 56/5/10 57/6/10 55/7/10
f 59/8/10 60/6/10 58/5/10
f 62/5/11 63/6/11 61/7/11
f 65/8/11 66/6/11 64/5/11
f 68/5/12 69/6/12 67/7/12
f 71/8/12 72/6/12 70/5/12
o fencePosts_0013
v -4.183966 1.145000 -6.026422
v -4.183966 -0.005000 -6.026422
v -4.217319 1.145000 -6.182907
v -4.183966 -0.005000 -6.026422
v -4.217319 -0.005000 -6.182907
v -4.217319 1.145000 -6.182907
v -4.373805 1.145000 -6.149554
v -4.373805 -0.005000 -6.149554
v -4.340451 1.145000 -5.993069
v -4.373805 -0.005000 -6.149554
v -4.340451 -0.005000 -5.993069
v -4.340451 1.145000 -5.993069
v -4.373805 1.145000 -6.149554
v -4.340451 1.145000 -5.993069
v -4.217319 1.145000 -6.182907
v -4.340451 1.145000 -5.993069
v -4.183966 1.145000 -6.026422
v -4.217319 1.145000 -6.182907
v -4.340451 -0.005000 -5.993069
v -4.373805 -0.005000 -6.149554
v -4.183966 -0.005000 -6.026422
v -4.373805 -0.005000 -6.149554
v -4.217319 -0.005000 -6.182907
v -4.183966 -0.005000 -6.026422
v -4.340451 1.145000 -5.993069
v -4.340451 -0.005000 -5.993069
v -4.183966 1.145000 -6.026422
v -4.340451 -0.005000 -5.993069
v -4.183966 -0.005000 -6.026422
v -4.183966 1.145000 -6.026422
v -4.217319 1.145000 -6.182907
v -4.217319 -0.005000 -6.182907
v -4.373805 1.145000 -6.149554
v -4.217319 -0.005000 -6.182907
v -4.373805 -0.005000 -6.149554
v -4.373805 1.145000 -6.149554
vn 0.9780 -0.0000 -0.2085
vn -0.9780 -0.0000 0.2085
vn -0.0000 1.0000 -0.0000
vn -0.0000 -1.0000 -0.0000
vn 0.2085 -0.0000 0.9780
vn -0.2085 -0.0000 -0.9780
vt 0.000000 1.000000
vt 1.000000 0.000000
vt 0.000000 0.000000
vt 1.000000 1.000000
s 0
usemtl Material_3
f 74/9/13 75/10/13 73/11/13
f 77/12/13 78/10/13 76/9/13
f 80/9/14 81/10/14 79/11/14
f 83/12/14 84/10/14 82/9/14
f 86/9/15 87/10/15 85/11/15
f 89/12/15 90/10/15 88/9/15
f 92/9/16 93/10/16 91/11/16
f 95/12/16 96/10/16 94/9/16
f 98/9/17 99/10/17 97/11/17
f 101/12/17 102/10/17 100/9/17
f 104/9/18 105/10/18 103/11/18
f 107/12/18 108/10/18 106/9/18
o fencePosts_0023
v -2.472412 1.145000 -6.391227
v -2.472412 -0.005000 -6.391227
v -2.505765 1.145000 -6.547712
v -2.472412 -0.005000 -6.391227
v -2.505765 -0.005000 -6.547712
v -2.505765 1.145000 -6.547712
v -2.662250 1.145000 -6.514359
v -2.662250 -0.005000 -6.514359
v -2.628897 1.145000 -6.357873
v -2.662250 -0.005000 -6.514359
v -2.628897 -0.005000 -6.357873
v -2.628897 1.145000 -6.357873
v -2.662250 1.145000 -6.514359
v -2.628897 1.145000 -6.357873
v -2.505765 1.145000 -6.547712
v -2.628897 1.145000 -6.357873
v -2.472412 1.145000 -6.391227
v -2.505765 1.145000 -6.547712
v -2.628897 -0.005000 -6.357873
v -2.662250 -0.005000 -6.514359
v -2.472412 -0.005000 -6.391227
v -2.662250 -0.005000 -6.514359
v -2.505765 -0.005000 -6.547712
v -2.472412 -0.005000 -6.391227
v -2.628897 1.145000 -6.357873
v -2.628897 -0.005000 -6.357873
v -2.472412 1.145000 -6.391227
v -2.628897 -0.005000 -6.357873
v -2.472412 -0.005000 -6.391227
v -2.472412 1.145000 -6.391227
v -2.505765 1.145000 -6.547712
v -2.505765 -0.005000 -6.547712
v -2.662250 1.145000 -6.514359
v -2.505765 -0.005000 -6.547712
v -2.662250 -0.005000 -6.514359
v -2.662250 1.145000 -6.514359
vn 0.9780 -0.0000 -0.2085
vn -0.9780 -0.0000 0.2085
vn -0.0000 1.0000 -0.0000
vn -0.0000 -1.0000 -0.0000
vn 0.2085 -0.0000 0.9780
vn -0.2085 -0.0000 -0.9780
vt 0.000000 1.000000
vt 1.000000 0.000000
vt 0.000000 0.000000
vt 1.000000 1.000000
s 0
usemtl Material_3
f 110/13/19 111/14/19 109/15/19
f 113/16/19 114/14/19 112/13/19
f 116/13/20 117/14/20 115/15/20
f 119/16/20 120/14/20 118/13/20
f 122/13/21 123/14/21 121/15/21
f 125/16/21 126/14/21 124/13/21
f 128/13/22 129/14/22 127/15/22
f 131/16/22 132/14/22 130/13/22
f 134/13/23 135/14/23 133/15/23
f 137/16/23 138/14/23 136/13/23
f 140/13/24 141/14/24 139/15/24
f 143/16/24 144/14/24 142/13/24
o fencePosts_0033
v -0.760858 1.145000 -6.756032
v -0.760858 -0.005000 -6.756032
v -0.794211 1.145000 -6.912517
v -0.760858 -0.005000 -6.756032
v -0.794211 -0.005000 -6.912517
v -0.794211 1.145000 -6.912517
v -0.950696 1.145000 -6.879163
v -0.950696 -0.005000 -6.879163
v -0.917343 1.145000 -6.722678
v -0.950696 -0.005000 -6.879163
v -0.917343 -0.005000 -6.722678
v -0.917343 1.145000 -6.722678
v -0.950696 1.145000 -6.879163
v -0.917343 1.145000 -6.722678
v -0.794211 1.145000 -6.912517
v -0.917343 1.145000 -6.722678
v -0.760858 1.145000 -6.756032
v -0.794211 1.145000 -6.912517
v -0.917343 -0.005000 -6.722678
v -0.950696 -0.005000 -6.879163
v -0.760858 -0.005000 -6.756032
v -0.950696 -0.005000 -6.879163
v -0.794211 -0.005000 -6.912517
v -0.760858 -0.005000 -6.756032
v -0.917343 1.145000 -6.722678
v -0.917343 -0.005000 -6.722678
v -0.760858 1.145000 -6.756032
v -0.917343 -0.005000 -6.722678
v -0.760858 -0.005000 -6.756032
v -0.760858 1.145000 -6.756032
v -0.794211 1.145000 -6.912517
v -0.794211 -0.005000 -6.912517
v -0.950696 1.145000 -6.879163
v -0.794211 -0.005000 -6.912517
v -0.950696 -0.005000 -6.879163
v -0.950696 1.145000 -6.879163
vn 0.9780 -0.0000 -0.2085
vn -0.9780 -0.0000 0.2085
vn -0.0000 1.0000 -0.0000
vn -0.0000 -1.0000 -0.0000
vn 0.2085 -0.0000 0.9780
vn -0.2085 -0.0000 -0.9780
vt 0.000000 1.000000
vt 1.000000 0.000000
vt 0.000000 0.000000
vt 1.000000 1.000000
s 0
usemtl Material_3
f 146/17/25 147/18/25 145/19/25
f 149/20/25 150/18/25 148/17/25
f 152/17/26 153/18/26 151/19/26
f 155/20/26 156/18/26 154/17/26
f 158/17/27 159/18/27 157/19/27
f 161/20/27 162/18/27 160/17/27
f 164/17/28 165/18/28 163/19/28
f 167/20/28 168/18/28 166/17/28
f 170/17/29 171/18/29 169/19/29
f 173/20/29 174/18/29 172/17/29
f 176/17/30 177/18/30 175/19/30
f 179/20/30 180/18/30 178/17/30
o fencePosts_0043
v 0.950696 1.145000 -7.120837
v 0.950696 -0.005000 -7.120837
v 0.917343 1.145000 -7.277322
v 0.950696 -0.005000 -7.120837
v 0.917343 -0.005000 -7.277322
v 0.917343 1.145000 -7.277322
v 0.760858 1.145000 -7.243968
v 0.760858 -0.005000 -7.243968
v 0.794211 1.145000 -7.087483
v 0.760858 -0.005000 -7.243968
v 0.794211 -0.005000 -7.087483
v 0.794211 1.145000 -7.087483
v 0.760858 1.145000 -7.243968
v 0.794211 1.145000 -7.087483
v 0.917343 1.145000 -7.277322
v 0.794211 1.145000 -7.087483
v 0.950696 1.145000 -7.120837
v 0.917343 1.145000 -7.277322
v 0.794211 -0.005000 -7.087483
v 0.760858 -0.005000 -7.243968
v 0.950696 -0.005000 -7.120837
v 0.760858 -0.005000 -7.243968
v 0.917343 -0.005000 -7.277322
v 0.950696 -0.005000 -7.120837
v 0.794211 1.145000 -7.087483
v 0.794211 -0.005000 -7.087483
v 0.950696 1.145000 -7.120837
v 0.794211 -0.005000 -7.087483
v 0.950696 -0.005000 -7.120837
v 0.950696 1.145000 -7.120837
v 0.917343 1.145000 -7.277322
v 0.917343 -0.005000 -7.277322
v 0.760858 1.145000 -7.243968
v 0.917343 -0.005000 -7.277322
v 0.760858 -0.005000 -7.243968
v 0.760858 1.145000 -7.243968
vn 0.9780 -0.0000 -0.2085
vn -0.9780 -0.0000 0.2085
vn -0.0000 1.0000 -0.0000
vn -0.0000 -1.0000 -0.0000
vn 0.2085 -0.0000 0.9780
vn -0.2085 -0.0000 -0.9780
vt 0.000000 1.000000
vt 1.000000 0.000000
vt 0.000000 0.000000
vt 1.000000 1.000000
s 0
usemtl Material_3
f 182/21/31 183/22/31 181/23/31
f 185/24/31 186/22/31 184/21/31
f 188/21/32 189/22/32 187/23/32
f 191/24/32 192/22/32 190/21/32
f 194/21/33 195/22/33 193/23/33
f 197/24/33 198/22/33 196/21/33
f 200/21/34 201/22/34 199/23/34
f 203/24/34 204/22/34 202/21/34
f 206/21/35 207/22/35 205/23/35
f 209/24/35 210/22/35 208/21/35
f 212/21/36 213/22/36 211/23/36
f 215/24/36 216/22/36 214/21/36
o fencePosts_0053
v 2.662250 1.145000 -7.485641
v 2.662250 -0.005000 -7.485641
v 2.628897 1.145000 -7.642127
v 2.662250 -0.005000 -7.485641
v 2.628897 -0.005000 -7.642127
v 2.628897 1.145000 -7.642127
v 2.472412 1.145000 -7.608773
v 2.472412 -0.005000 -7.608773
v 2.505765 1.145000 -7.452288
v 2.472412 -0.005000 -7.608773
v 2.505765 -0.005000 -7.452288
v 2.505765 1.145000 -7.452288
v 2.472412 1.145000 -7.608773
v 2.505765 1.145000 -7.452288
v 2.628897 1.145000 -7.642127
v 2.505765 1.145000 -7.452288
v 2.662250 1.145000 -7.485641
v 2.628897 1.145000 -7.642127
v 2.505765 -0.005000 -7.452288
v 2.472412 -0.005000 -7.608773
v 2.662250 -0.005000 -7.485641
v 2.472412 -0.005000 -7.608773
v 2.628897 -0.005000 -7.642127
v 2.662250 -0.005000 -7.485641
v 2.505765 1.145000 -7.452288
v 2.505765 -0.005000 -7.452288
v 2.662250 1.145000 -7.485641
v 2.505765 -0.005000 -7.452288
v 2.662250 -0.005000 -7.485641
v 2.662250 1.145000 -7.485641
v 2.628897 1.145000 -7.642127
v 2.628897 -0.005000 -7.642127
v 2.472412 1.145000 -7.608773
v 2.628897 -0.005000 -7.642127
v 2.472412 -0.005000 -7.608773
v 2.472412 1.145000 -7.608773
vn 0.9780 -0.0000 -0.2085
vn -0.9780 -0.0000 0.2085
vn -0.0000 1.0000 -0.0000
vn -0.0000 -1.0000 -0.0000
vn 0.2085 -0.0000 0.9780
vn -0.2085 -0.0000 -0.9780
vt 0.000000 1.000000
vt 1.000000 0.000000
vt 0.000000 0.000000
vt 1.000000 1.000000
s 0
usemtl Material_3
f 218/25/37 219/26/37 217/27/37
f 221/28/37 222/26/37 220/25/37
f 224/25/38 225/26/38 223/27/38
f 227/28/38 228/26/38 226/25/38
f 230/25/39 231/26/39 229/27/39
f 233/28/39 234/26/39 232/25/39
f 236/25/40 237/26/40 235/27/40
f 239/28/40 240/26/40 238/25/40
f 242/25/41 243/26/41 241/27/41
f 245/28/41 246/26/41 244/25/41
f 248/25/42 249/26/42 247/27/42
f 251/28/42 252/26/42 250/25/42
o fencePosts_0062
v 4.373805 1.145000 -7.850446
v 4.373805 -0.005000 -7.850446
v 4.340451 1.145000 -8.006931
v 4.373805 -0.005000 -7.850446
v 4.340451 -0.005000 -8.006931
v 4.340451 1.145000 -8.006931
v 4.183966 1.145000 -7.973578
v 4.183966 -0.005000 -7.973578
v 4.217319 1.145000 -7.817093
v 4.183966 -0.005000 -7.973578
v 4.217319 -0.005000 -7.817093
v 4.217319 1.145000 -7.817093
v 4.183966 1.145000 -7.973578
v 4.217319 1.145000 -7.817093
v 4.340451 1.145000 -8.006931
v 4.217319 1.145000 -7.817093
v 4.373805 1.145000 -7.850446
v 4.340451 1.145000 -8.006931
v 4.217319 -0.005000 -7.817093
v 4.183966 -0.005000 -7.973578
v 4.373805 -0.005000 -7.850446
v 4.183966 -0.005000 -7.973578
v 4.340451 -0.005000 -8.006931
v 4.373805 -0.005000 -7.850446
v 4.217319 1.145000 -7.817093
v 4.217319 -0.005000 -7.817093
v 4.373805 1.145000 -7.850446
v 4.217319 -0.005000 -7.817093
v 4.373805 -0.005000 -7.850446
v 4.373805 1.145000 -7.850446
v 4.340451 1.145000 -8.006931
v 4.340451 -0.005000 -8.006931
v 4.183966 1.145000 -7.973578
v 4.340451 -0.005000 -8.006931
v 4.183966 -0.005000 -7.973578
v 4.183966 1.145000 -7.973578
vn 0.9780 -0.0000 -0.2085
vn -0.9780 -0.0000 0.2085
vn -0.0000 1.0000 -0.0000
vn -0.0000 -1.0000 -0.0000
vn 0.2085 -0.0000 0.9780
vn -0.2085 -0.0000 -0.9780
vt 0.000000 1.000000
vt 1.000000 0.000000
vt 0.000000 0.000000
vt 1.000000 1.000000
s 0
usemtl Material_3
f 254/29/43 255/30/43 253/31/43
f 257/32/43 258/30/43 256/29/43
f 260/29/44 261/30/44 259/31/44
f 263/32/44 264/30/44 262/29/44
f 266/29/45 267/30/45 265/31/45
f 269/32/45 270/30/45 268/29/45
f 272/29/46 273/30/46 271/31/46
f 275/32/46 276/30/46 274/29/46
f 278/29/47 279/30/47 277/31/47
f 281/32/47 282/30/47 280/29/47
f 284/29/48 285/30/48 283/31/48
f 287/32/48 288/30/48 286/29/48
o fencePosts_0072
v 6.085359 1.145000 -8.215252
v 6.085359 -0.005000 -8.215252
v 6.052005 1.145000 -8.371737
v 6.085359 -0.005000 -8.215252
v 6.052005 -0.005000 -8.371737
v 6.052005 1.145000 -8.371737
v 5.895520 1.145000 -8.338383
v 5.895520 -0.005000 -8.338383
v 5.928874 1.145000 -8.181898
v 5.895520 -0.005000 -8.338383
v 5.928874 -0.005000 -8.181898
v 5.928874 1.145000 -8.181898
v 5.895520 1.145000 -8.338383
v 5.928874 1.145000 -8.181898
v 6.052005 1.145000 -8.371737
v 5.928874 1.145000 -8.181898
v 6.085359 1.145000 -8.215252
v 6.052005 1.145000 -8.371737
v 5.928874 -0.005000 -8.181898
v 5.895520 -0.005000 -8.338383
v 6.085359 -0.005000 -8.215252
v 5.895520 -0.005000 -8.338383
v 6.052005 -0.005000 -8.371737
v 6.085359 -0.005000 -8.215252
v 5.928874 1.145000 -8.181898
v 5.928874 -0.005000 -8.181898
v 6.085359 1.145000 -8.215252
v 5.928874 -0.005000 -8.181898
v 6.085359 -0.005000 -8.215252
v 6.085359 1.145000 -8.215252
v 6.052005 1.145000 -8.371737
v 6.052005 -0.005000 -8.371737
v 5.895520 1.145000 -8.338383
v 6.052005 -0.005000 -8.371737
v 5.895520 -0.005000 -8.338383
v 5.895520 1.145000 -8.338383
vn 0.9780 -0.0000 -0.2085
vn -0.9780 -0.0000 0.2085
vn -0.0000 1.0000 -0.0000
vn -0.0000 -1.0000 -0.0000
vn 0.2085 -0.0000 0.9780
vn -0.2085 -0.0000 -0.9780
vt 0.000000 1.000000
vt 1.000000 0.000000
vt 0.000000 0.000000
vt 1.000000 1.000000
s 0
usemtl Material_3
f 290/33/49 291/34/49 289/35/49
f 293/36/49 294/34/49 292/33/49
f 296/33/50 297/34/50 295/35/50
f 299/36/50 300/34/50 298/33/50
f 302/33/51 303/34/51 301/35/51
f 305/36/51 306/34/51 304/33/51
f 308/33/52 309/34/52 307/35/52
f 311/36/52 312/34/52 310/33/52
f 314/33/53 315/34/53 313/35/53
f 317/36/53 318/34/53 316/33/53
f 320/33/54 321/34/54 319/35/54
f 323/36/54 324/34/54 322/33/54
o fenceRails_0003
v -4.241927 0.510000 -6.034517
v -4.241927 0.390000 -6.034517
v -4.266942 0.510000 -6.151881
v -4.241927 0.390000 -6.034517
v -4.266942 0.390000 -6.151881
v -4.266942 0.510000 -6.151881
v -6.027398 0.510000 -5.776653
v -6.027398 0.390000 -5.776653
v -6.002382 0.510000 -5.659289
v -6.027398 0.390000 -5.776653
v -6.002382 0.390000 -5.659289
v -6.002382 0.510000 -5.659289
v -6.027398 0.510000 -5.776653
v -6.002382 0.510000 -5.659289
v -4.266942 0.510000 -6.151881
v -6.002382 0.510000 -5.659289
v -4.241927 0.510000 -6.034517
v -4.266942 0.510000 -6.151881
v -6.002382 0.390000 -5.659289
v -6.027398 0.390000 -5.776653
v -4.241927 0.390000 -6.034517
v -6.027398 0.390000 -5.776653
v -4.266942 0.390000 -6.151881
v -4.241927 0.390000 -6.034517
v -6.002382 0.510000 -5.659289
v -6.002382 0.390000 -5.659289
v -4.241927 0.510000 -6.034517
v -6.002382 0.390000 -5.659289
v -4.241927 0.390000 -6.034517
v -4.241927 0.510000 -6.034517
v -4.266942 0.510000 -6.151881
v -4.266942 0.390000 -6.151881
v -6.027398 0.510000 -5.776653
v -4.266942 0.390000 -6.151881
v -6.027398 0.390000 -5.776653
v -6.027398 0.510000 -5.776653
vn 0.9780 -0.0000 -0.2085
vn -0.9780 -0.0000 0.2085
vn -0.0000 1.0000 -0.0000
vn -0.0000 -1.0000 -0.0000
vn 0.2085 -0.0000 0.9780
vn -0.2085 -0.0000 -0.9780
vt 0.000000 1.000000
vt 1.000000 0.000000
vt 0.000000 0.000000
vt 1.000000 1.000000
s 0
usemtl Material_3
f 326/37/55 327/38/55 325/39/55
f 329/40/55 330/38/55 328/37/55
f 332/37/56 333/38/56 331/39/56
f 335/40/56 336/38/56 334/37/56
f 338/37/57 339/38/57 337/39/57
f 341/40/57 342/38/57 340/37/57
f 344/37/58 345/38/58 343/39/58
f 347/40/58 348/38/58 346/37/58
f 350/37/59 351/38/59 349/39/59
f 353/40/59 354/38/59 352/37/59
f 356/37/60 357/38/60 355/39/60
f 359/40/60 360/38/60 358/37/60
o fenceRails_0013
v -4.241927 0.940000 -6.034517
v -4.241927 0.820000 -6.034517
v -4.266942 0.940000 -6.151881
v -4.241927 0.820000 -6.034517
v -4.266942 0.820000 -6.151881
v -4.266942 0.940000 -6.151881
v -6.027398 0.940000 -5.776653
v -6.027398 0.820000 -5.776653
v -6.002382 0.940000 -5.659289
v -6.027398 0.820000 -5.776653
v -6.002382 0.820000 -5.659289
v -6.002382 0.940000 -5.659289
v -6.027398 0.940000 -5.776653
v -6.002382 0.940000 -5.659289
v -4.266942 0.940000 -6.151881
v -6.002382 0.940000 -5.659289
v -4.241927 0.940000 -6.034517
v -4.266942 0.940000 -6.151881
v -6.002382 0.820000 -5.659289
v -6.027398 0.820000 -5.776653
v -4.241927 0.820000 -6.034517
v -6.027398 0.820000 -5.776653
v -4.266942 0.820000 -6.151881
v -4.241927 0.820000 -6.034517
v -6.002382 0.940000 -5.659289
v -6.002382 0.820000 -5.659289
v -4.241927 0.940000 -6.034517
v -6.002382 0.820000 -5.659289
v -4.241927 0.820000 -6.034517
v -4.241927 0.940000 -6.034517
v -4.266942 0.940000 -6.151881
v -4.266942 0.820000 -6.151881
v -6.027398 0.940000 -5.776653
v -4.266942 0.820000 -6.151881
v -6.027398 0.820000 -5.776653
v -6.027398 0.940000 -5.776653
vn 0.9780 -0.0000 -0.2085
vn -0.9780 -0.0000 0.2085
vn -0.0000 1.0000 -0.0000
vn -0.0000 -1.0000 -0.0000
vn 0.2085 -0.0000 0.9780
vn -0.2085 -0.0000 -0.9780
vt 0.000000 1.000000
vt 1.000000 0.000000
vt 0.000000 0.000000
vt 1.000000 1.000000
s 0
usemtl Material_3
f 362/41/61 363/42/61 361/43/61
f 365/44/61 366/42/61 364/41/61
f 368/41/62 369/42/62 367/43/62
f 371/44/62 372/42/62 370/41/62
f 374/41/63 375/42/63 373/43/63
f 377/44/63 378/42/63 376/41/63
f 380/41/64 381/42/64 379/43/64
f 383/44/64 384/42/64 382/41/64
f 386/41/65 387/42/65 385/43/65
f 389/44/65 390/42/65 388/41/65
f 392/41/66 393/42/66 391/43/66
f 395/44/66 396/42/66 394/41/66
o fenceRails_0023
v -2.530373 0.510000 -6.399323
v -2.530373 0.390000 -6.399323
v -2.555388 0.510000 -6.516686
v -2.530373 0.390000 -6.399323
v -2.555388 0.390000 -6.516686
v -2.555388 0.510000 -6.516686
v -4.315844 0.510000 -6.141459
v -4.315844 0.390000 -6.141459
v -4.290828 0.510000 -6.024095
v -4.315844 0.390000 -6.141459
v -4.290828 0.390000 -6.024095
v -4.290828 0.510000 -6.024095
v -4.315844 0.510000 -6.141459
v -4.290828 0.510000 -6.024095
v -2.555388 0.510000 -6.516686
v -4.290828 0.510000 -6.024095
v -2.530373 0.510000 -6.399323
v -2.555388 0.510000 -6.516686
v -4.290828 0.390000 -6.024095
v -4.315844 0.390000 -6.141459
v -2.530373 0.390000 -6.399323
v -4.315844 0.390000 -6.141459
v -2.555388 0.390000 -6.516686
v -2.530373 0.390000 -6.399323
v -4.290828 0.510000 -6.024095
v -4.290828 0.390000 -6.024095
v -2.530373 0.510000 -6.399323
v -4.290828 0.390000 -6.024095
v -2.530373 0.390000 -6.399323
v -2.530373 0.510000 -6.399323
v -2.555388 0.510000 -6.516686
v -2.555388 0.390000 -6.516686
v -4.315844 0.510000 -6.141459
v -2.555388 0.390000 -6.516686
v -4.315844 0.390000 -6.141459
v -4.315844 0.510000 -6.141459
vn 0.9780 -0.0000 -0.2085
vn -0.9780 -0.0000 0.2085
vn -0.0000 1.0000 -0.0000
vn -0.0000 -1.0000 -0.0000
vn 0.2085 -0.0000 0.9780
vn -0.2085 -0.0000 -0.9780
vt 0.000000 1.000000
vt 1.000000 0.000000
vt 0.000000 0.000000
vt 1.000000 1.000000
s 0
usemtl Material_3
f 398/45/67 399/46/67 397/47/67
f 401/48/67 402/46/67 400/45/67
f 404/45/68 405/46/68 403/47/68
f 407/48/68 408/46/68 406/45/68
f 410/45/69 411/46/69 409/47/69
f 413/48/69 414/46/69 412/45/69
f 416/45/70 417/46/70 415/47/70
f 419/48/70 420/46/70 418/45/70
f 422/45/71 423/46/71 421/47/71
f 425/48/71 426/46/71 424/45/71
f 428/45/72 429/46/72 427/47/72
f 431/48/72 432/46/72 430/45/72
o fenceRails_0033
v -2.530373 0.940000 -6.399323
v -2.530373 0.820000 -6.399323
v -2.555388 0.940000 -6.516686
v -2.530373 0.820000 -6.399323
v -2.555388 0.820000 -6.516686
v -2.555388 0.940000 -6.516686
v -4.315844 0.940000 -6.141459
v -4.315844 0.820000 -6.141459
v -4.290828 0.940000 -6.024095
v -4.315844 0.820000 -6.141459
v -4.290828 0.820000 -6.024095
v -4.290828 0.940000 -6.024095
v -4.315844 0.940000 -6.141459
v -4.290828 0.940000 -6.024095
v -2.555388 0.940000 -6.516686
v -4.290828 0.940000 -6.024095
v -2.530373 0.940000 -6.399323
v -2.555388 0.940000 -6.516686
v -4.290828 0.820000 -6.024095
v -4.315844 0.820000 -6.141459
v -2.530373 0.820000 -6.399323
v -4.315844 0.820000 -6.141459
v -2.555388 0.820000 -6.516686
v -2.530373 0.820000 -6.399323
v -4.290828 0.940000 -6.024095
v -4.290828 0.820000 -6.024095
v -2.530373 0.940000 -6.399323
v -4.290828 0.820000 -6.024095
v -2.530373 0.820000 -6.399323
v -2.530373 0.940000 -6.399323
v -2.555388 0.940000 -6.516686
v -2.555388 0.820000 -6.516686
v -4.315844 0.940000 -6.141459
v -2.555388 0.820000 -6.516686
v -4.315844 0.820000 -6.141459
v -4.315844 0.940000 -6.141459
vn 0.9780 -0.0000 -0.2085
vn -0.9780 -0.0000 0.2085
vn -0.0000 1.0000 -0.0000
vn -0.0000 -1.0000 -0.0000
vn 0.2085 -0.0000 0.9780
vn -0.2085 -0.0000 -0.9780
vt 0.000000 1.000000
vt 1.000000 0.000000
vt 0.000000 0.000000
vt 1.000000 1.000000
s 0
usemtl Material_3
f 434/49/73 435/50/73 433/51/73
f 437/52/73 438/50/73 436/49/73
f 440/49/74 441/50/74 439/51/74
f 443/52/74 444/50/74 442/49/74
f 446/49/75 447/50/75 445/51/75
f 449/52/75 450/50/75 448/49/75
f 452/49/76 453/50/76 451/51/76
f 455/52/76 456/50/76 454/49/76
f 458/49/77 459/50/77 457/51/77
f 461/52/77 462/50/77 460/49/77
f 464/49/78 465/50/78 463/51/78
f 467/52/78 468/50/78 466/49/78
o fenceRails_0043
v -0.818819 0.510000 -6.764127
v -0.818819 0.390000 -6.764127
v -0.843834 0.510000 -6.881491
v -0.818819 0.390000 -6.764127
v -0.843834 0.390000 -6.881491
v -0.843834 0.510000 -6.881491
v -2.604290 0.510000 -6.506263
v -2.604290 0.390000 -6.506263
v -2.579274 0.510000 -6.388899
v -2.604290 0.390000 -6.506263
v -2.579274 0.390000 -6.388899
v -2.579274 0.510000 -6.388899
v -2.604290 0.510000 -6.506263
v -2.579274 0.510000 -6.388899
v -0.843834 0.510000 -6.881491
v -2.579274 0.510000 -6.388899
v -0.818819 0.510000 -6.764127
v -0.843834 0.510000 -6.881491
v -2.579274 0.390000 -6.388899
v -2.604290 0.390000 -6.506263
v -0.818819 0.390000 -6.764127
v -2.604290 0.390000 -6.506263
v -0.843834 0.390000 -6.881491
v -0.818819 0.390000 -6.764127
v -2.579274 0.510000 -6.388899
v -2.579274 0.390000 -6.388899
v -0.818819 0.510000 -6.764127
v -2.579274 0.390000 -6.388899
v -0.818819 0.390000 -6.764127
v -0.818819 0.510000 -6.764127
v -0.843834 0.510000 -6.881491
v -0.843834 0.390000 -6.881491
v -2.604290 0.510000 -6.506263
v -0.843834 0.390000 -6.881491
v -2.604290 0.390000 -6.506263
v -2.604290 0.510000 -6.506263
vn 0.9780 -0.0000 -0.2085
vn -0.9780 -0.0000 0.2085
vn -0.0000 1.0000 -0.0000
vn -0.0000 -1.0000 -0.0000
vn 0.2085 -0.0000 0.9780
vn -0.2085 -0.0000 -0.9780
vt 0.000000 1.000000
vt 1.000000 0.000000
vt 0.000000 0.000000
vt 1.000000 1.000000
s 0
usemtl Material_3
f 470/53/79 471/54/79 469/55/79
f 473/56/79 474/54/79 472/53/79
f 476/53/80 477/54/80 475/55/80
f 479/56/80 480/54/80 478/53/80
f 482/53/81 483/54/81 481/55/81
f 485/56/81 486/54/81 484/53/81
f 488/53/82 489/54/82 487/55/82
f 491/56/82 492/54/82 490/53/82
f 494/53/83 495/54/83 493/55/83
f 497/56/83 498/54/83 496/53/83
f 500/53/84 501/54/84 499/55/84
f 503/56/84 504/54/84 502/53/84
o fenceRails_0053
v -0.818819 0.940000 -6.764127
v -0.818819 0.820000 -6.764127
v -0.843834 0.940000 -6.881491
v -0.818819 0.820000 -6.764127
v -0.843834 0.820000 -6.881491
v -0.843834 0.940000 -6.881491
v -2.604290 0.940000 -6.506263
v -2.604290 0.820000 -6.506263
v -2.579274 0.940000 -6.388899
v -2.604290 0.820000 -6.506263
v -2.579274 0.820000 -6.388899
v -2.579274 0.940000 -6.388899
v -2.604290 0.940000 -6.506263
v -2.579274 0.940000 -6.388899
v -0.843834 0.940000 -6.881491
v -2.579274 0.940000 -6.388899
v -0.818819 0.940000 -6.764127
v -0.843834 0.940000 -6.881491
v -2.579274 0.820000 -6.388899
v -2.604290 0.820000 -6.506263
v -0.818819 0.820000 -6.764127
v -2.604290 0.820000 -6.506263
v -0.843834 0.820000 -6.881491
v -0.818819 0.820000 -6.764127
v -2.579274 0.940000 -6.388899
v -2.579274 0.820000 -6.388899
v -0.818819 0.940000 -6.764127
v -2.579274 0.820000 -6.388899
v -0.818819 0.820000 -6.764127
v -0.818819 0.940000 -6.764127
v -0.843834 0.940000 -6.881491
v -0.843834 0.820000 -6.881491
v -2.604290 0.940000 -6.506263
v -0.843834 0.820000 -6.881491
v -2.604290 0.820000 -6.506263
v -2.604290 0.940000 -6.506263
vn 0.9780 -0.0000 -0.2085
vn -0.9780 -0.0000 0.2085
vn -0.0000 1.0000 -0.0000
vn -0.0000 -1.0000 -0.0000
vn 0.2085 -0.0000 0.9780
vn -0.2085 -0.0000 -0.9780
vt 0.000000 1.000000
vt 1.000000 0.000000
vt 0.000000 0.000000
vt 1.000000 1.000000
s 0
usemtl Material_3
f 506/57/85 507/58/85 505/59/85
f 509/60/85 510/58/85 508/57/85
f 512/57/86 513/58/86 511/59/86
f 515/60/86 516/58/86 514/57/86
f 518/57/87 519/58/87 517/59/87
f 521/60/87 522/58/87 520/57/87
f 524/57/88 525/58/88 523/59/88
f 527/60/88 528/58/88 526/57/88
f 530/57/89 531/58/89 529/59/89
f 533/60/89 534/58/89 532/57/89
f 536/57/90 537/58/90 535/59/90
f 539/60/90 540/58/90 538/57/90
o fenceRails_0063
v 0.892735 0.510000 -7.128932
v 0.892735 0.390000 -7.128932
v 0.867720 0.510000 -7.246296
v 0.892735 0.390000 -7.128932
v 0.867720 0.390000 -7.246296
v 0.867720 0.510000 -7.246296
v -0.892735 0.510000 -6.871068
v -0.892735 0.390000 -6.871068
v -0.867720 0.510000 -6.753704
v -0.892735 0.390000 -6.871068
v -0.867720 0.390000 -6.753704
v -0.867720 0.510000 -6.753704
v -0.892735 0.510000 -6.871068
v -0.867720 0.510000 -6.753704
v 0.867720 0.510000 -7.246296
v -0.867720 0.510000 -6.753704
v 0.892735 0.510000 -7.128932
v 0.867720 0.510000 -7.246296
v -0.867720 0.390000 -6.753704
v -0.892735 0.390000 -6.871068
v 0.892735 0.390000 -7.128932
v -0.892735 0.390000 -6.871068
v 0.867720 0.390000 -7.246296
v 0.892735 0.390000 -7.128932
v -0.867720 0.510000 -6.753704
v -0.867720 0.390000 -6.753704
v 0.892735 0.510000 -7.128932
v -0.867720 0.390000 -6.753704
v 0.892735 0.390000 -7.128932
v 0.892735 0.510000 -7.128932
v 0.867720 0.510000 -7.246296
v 0.867720 0.390000 -7.246296
v -0.892735 0.510000 -6.871068
v 0.867720 0.390000 -7.246296
v -0.892735 0.390000 -6.871068
v -0.892735 0.510000 -6.871068
vn 0.9780 -0.0000 -0.2085
vn -0.9780 -0.0000 0.2085
vn -0.0000 1.0000 -0.0000
vn -0.0000 -1.0000 -0.0000
vn 0.2085 -0.0000 0.9780
vn -0.2085 -0.0000 -0.9780
vt 0.000000 1.000000
vt 1.000000 0.000000
vt 0.000000 0.000000
vt 1.000000 1.000000
s 0
usemtl Material_3
f 542/61/91 543/62/91 541/63/91
f 545/64/91 546/62/91 544/61/91
f 548/61/92 549/62/92 547/63/92
f 551/64/92 552/62/92 550/61/92
f 554/61/93 555/62/93 553/63/93
f 557/64/93 558/62/93 556/61/93
f 560/61/94 561/62/94 559/63/94
f 563/64/94 564/62/94 562/61/94
f 566/61/95 567/62/95 565/63/95
f 569/64/95 570/62/95 568/61/95
f 572/61/96 573/62/96 571/63/96
f 575/64/96 576/62/96 574/61/96
o fenceRails_0073
v 0.892735 0.940000 -7.128932
v 0.892735 0.820000 -7.128932
v 0.867720 0.940000 -7.246296
v 0.892735 0.820000 -7.128932
v 0.867720 0.820000 -7.246296
v 0.867720 0.940000 -7.246296
v -0.892735 0.940000 -6.871068
v -0.892735 0.820000 -6.871068
v -0.867720 0.940000 -6.753704
v -0.892735 0.820000 -6.871068
v -0.867720 0.820000 -6.753704
v -0.867720 0.940000 -6.753704
v -0.892735 0.940000 -6.871068
v -0.867720 0.940000 -6.753704
v 0.867720 0.940000 -7.246296
v -0.867720 0.940000 -6.753704
v 0.892735 0.940000 -7.128932
v 0.867720 0.940000 -7.246296
v -0.867720 0.820000 -6.753704
v -0.892735 0.820000 -6.871068
v 0.892735 0.820000 -7.128932
v -0.892735 0.820000 -6.871068
v 0.867720 0.820000 -7.246296
v 0.892735 0.820000 -7.128932
v -0.867720 0.940000 -6.753704
v -0.867720 0.820000 -6.753704
v 0.892735 0.940000 -7.128932
v -0.867720 0.820000 -6.753704
v 0.892735 0.820000 -7.128932
v 0.892735 0.940000 -7.128932
v 0.867720 0.940000 -7.246296
v 0.867720 0.820000 -7.246296
v -0.892735 0.940000 -6.871068
v 0.867720 0.820000 -7.246296
v -0.892735 0.820000 -6.871068
v -0.892735 0.940000 -6.871068
vn 0.9780 -0.0000 -0.2085
vn -0.9780 -0.0000 0.2085
vn -0.0000 1.0000 -0.0000
vn -0.0000 -1.0000 -0.0000
vn 0.2085 -0.0000 0.9780
vn -0.2085 -0.0000 -0.9780
vt 0.000000 1.000000
vt 1.000000 0.000000
vt 0.000000 0.000000
vt 1.000000 1.000000
s 0
usemtl Material_3
f 578/65/97 579/66/97 577/67/97
f 581/68/97 582/66/97 580/65/97
f 584/65/98 585/66/98 583/67/98
f 587/68/98 588/66/98 586/65/98
f 590/65/99 591/66/99 589/67/99
f 593/68/99 594/66/99 592/65/99
f 596/65/100 597/66/100 595/67/100
f 599/68/100 600/66/100 598/65/100
f 602/65/101 603/66/101 601/67/101
f 605/68/101 606/66/101 604/65/101
f 608/65/102 609/66/102 607/67/102
f 611/68/102 612/66/102 610/65/102
o fenceRails_0083
v 2.604290 0.510000 -7.493737
v 2.604290 0.390000 -7.493737
v 2.579274 0.510000 -7.611101
v 2.604290 0.390000 -7.493737
v 2.579274 0.390000 -7.611101
v 2.579274 0.510000 -7.611101
v 0.818819 0.510000 -7.235873
v 0.818819 0.390000 -7.235873
v 0.843834 0.510000 -7.118509
v 0.818819 0.390000 -7.235873
v 0.843834 0.390000 -7.118509
v 0.843834 0.510000 -7.118509
v 0.818819 0.510000 -7.235873
v 0.843834 0.510000 -7.118509
v 2.579274 0.510000 -7.611101
v 0.843834 0.510000 -7.118509
v 2.604290 0.510000 -7.493737
v 2.579274 0.510000 -7.611101
v 0.843834 0.390000 -7.118509
v 0.818819 0.390000 -7.235873
v 2.604290 0.390000 -7.493737
v 0.818819 0.390000 -7.235873
v 2.579274 0.390000 -7.611101
v 2.604290 0.390000 -7.493737
v 0.843834 0.510000 -7.118509
v 0.843834 0.390000 -7.118509
v 2.604290 0.510000 -7.493737
v 0.843834 0.390000 -7.118509
v 2.604290 0.390000 -7.493737
v 2.604290 0.510000 -7.493737
v 2.579274 0.510000 -7.611101
v 2.579274 0.390000 -7.611101
v 0.818819 0.510000 -7.235873
v 2.579274 0.390000 -7.611101
v 0.818819 0.390000 -7.235873
v 0.818819 0.510000 -7.235873
vn 0.9780 -0.0000 -0.2085
vn -0.9780 -0.0000 0.2085
vn -0.0000 1.0000 -0.0000
vn -0.0000 -1.0000 -0.0000
vn 0.2085 -0.0000 0.9780
vn -0.2085 -0.0000 -0.9780
vt 0.000000 1.000000
vt 1.000000 0.000000
vt 0.000000 0.000000
vt 1.000000 1.000000
s 0
usemtl Material_3
f 614/69/103 615/70/103 613/71/103
f 617/72/103 618/70/103 616/69/103
f 620/69/104 621/70/104 619/71/104
f 623/72/104 624/70/104 622/69/104
f 626/69/105 627/70/105 625/71/105
f 629/72/105 630/70/105 628/69/105
f 632/69/106 633/70/106 631/71/106
f 635/72/106 636/70/106 634/69/106
f 638/69/107 639/70/107 637/71/107
f 641/72/107 642/70/107 640/69/107
f 644/69/108 645/70/108 643/71/108
f 647/72/108 648/70/108 646/69/108
o fenceRails_0093
v 2.604290 0.940000 -7.493737
v 2.604290 0.820000 -7.493737
v 2.579274 0.940000 -7.611101
v 2.604290 0.820000 -7.493737
v 2.579274 0.820000 -7.611101
v 2.579274 0.940000 -7.611101
v 0.818819 0.940000 -7.235873
v 0.818819 0.820000 -7.235873
v 0.843834 0.940000 -7.118509
v 0.818819 0.820000 -7.235873
v 0.843834 0.820000 -7.118509
v 0.843834 0.940000 -7.118509
v 0.818819 0.940000 -7.235873
v 0.843834 0.940000 -7.118509
v 2.579274 0.940000 -7.611101
v 0.843834 0.940000 -7.118509
v 2.604290 0.940000 -7.493737
v 2.579274 0.940000 -7.611101
v 0.843834 0.820000 -7.118509
v 0.818819 0.820000 -7.235873
v 2.604290 0.820000 -7.493737
v 0.818819 0.820000 -7.235873
v 2.579274 0.820000 -7.611101
v 2.604290 0.820000 -7.493737
v 0.843834 0.940000 -7.118509
v 0.843834 0.820000 -7.118509
v 2.604290 0.940000 -7.493737
v 0.843834 0.820000 -7.118509
v 2.604290 0.820000 -7.493737
v 2.604290 0.940000 -7.493737
v 2.579274 0.940000 -7.611101
v 2.579274 0.820000 -7.611101
v 0.818819 0.940000 -7.235873
v 2.579274 0.820000 -7.611101
v 0.818819 0.820000 -7.235873
v 0.818819 0.940000 -7.235873
vn 0.9780 -0.0000 -0.2085
vn -0.9780 -0.0000 0.2085
vn -0.0000 1.0000 -0.0000
vn -0.0000 -1.0000 -0.0000
vn 0.2085 -0.0000 0.9780
vn -0.2085 -0.0000 -0.9780
vt 0.000000 1.000000
vt 1.000000 0.000000
vt 0.000000 0.000000
vt 1.000000 1.000000
s 0
usemtl Material_3
f 650/73/109 651/74/109 649/75/109
f 653/76/109 654/74/109 652/73/109
f 656/73/110 657/74/110 655/75/110
f 659/76/110 660/74/110 658/73/110
f 662/73/111 663/74/111 661/75/111
f 665/76/111 666/74/111 664/73/111
f 668/73/112 669/74/112 667/75/112
f 671/76/112 672/74/112 670/73/112
f 674/73/113 675/74/113 673/75/113
f 677/76/113 678/74/113 676/73/113
f 680/73/114 681/74/114 679/75/114
f 683/76/114 684/74/114 682/73/114
o fenceRails_0102
v 4.315844 0.510000 -7.858541
v 4.315844 0.390000 -7.858541
v 4.290828 0.510000 -7.975905
v 4.315844 0.390000 -7.858541
v 4.290828 0.390000 -7.975905
v 4.290828 0.510000 -7.975905
v 2.530373 0.510000 -7.600677
v 2.530373 0.390000 -7.600677
v 2.555388 0.510000 -7.483314
v 2.530373 0.390000 -7.600677
v 2.555388 0.390000 -7.483314
v 2.555388 0.510000 -7.483314
v 2.530373 0.510000 -7.600677
v 2.555388 0.510000 -7.483314
v 4.290828 0.510000 -7.975905
v 2.555388 0.510000 -7.483314
v 4.315844 0.510000 -7.858541
v 4.290828 0.510000 -7.975905
v 2.555388 0.390000 -7.483314
v 2.530373 0.390000 -7.600677
v 4.315844 0.390000 -7.858541
v 2.530373 0.390000 -7.600677
v 4.290828 0.390000 -7.975905
v 4.315844 0.390000 -7.858541
v 2.555388 0.510000 -7.483314
v 2.555388 0.390000 -7.483314
v 4.315844 0.510000 -7.858541
v 2.555388 0.390000 -7.483314
v 4.315844 0.390000 -7.858541
v 4.315844 0.510000 -7.858541
v 4.290828 0.510000 -7.975905
v 4.290828 0.390000 -7.975905
v 2.530373 0.510000 -7.600677
v 4.290828 0.390000 -7.975905
v 2.530373 0.390000 -7.600677
v 2.530373 0.510000 -7.600677
vn 0.9780 -0.0000 -0.2085
vn -0.9780 -0.0000 0.2085
vn -0.0000 1.0000 -0.0000
vn -0.0000 -1.0000 -0.0000
vn 0.2085 -0.0000 0.9780
vn -0.2085 -0.0000 -0.9780
vt 0.000000 1.000000
vt 1.000000 0.000000
vt 0.000000 0.000000
vt 1.000000 1.000000
s 0
usemtl Material_3
f 686/77/115 687/78/115 685/79/115
f 689/80/115 690/78/115 688/77/115
f 692/77/116 693/78/116 691/79/116
f 695/80/116 696/78/116 694/77/116
f 698/77/117 699/78/117 697/79/117
f 701/80/117 702/78/117 700/77/117
f 704/77/118 705/78/118 703/79/118
f 707/80/118 708/78/118 706/77/118
f 710/77/119 711/78/119 709/79/119
f 713/80/119 714/78/119 712/77/119
f 716/77/120 717/78/120 715/79/120
f 719/80/120 720/78/120 718/77/120
o fenceRails_0112
v 4.315844 0.940000 -7.858541
v 4.315844 0.820000 -7.858541
v 4.290828 0.940000 -7.975905
v 4.315844 0.820000 -7.858541
v 4.290828 0.820000 -7.975905
v 4.290828 0.940000 -7.975905
v 2.530373 0.940000 -7.600677
v 2.530373 0.820000 -7.600677
v 2.555388 0.940000 -7.483314
v 2.530373 0.820000 -7.600677
v 2.555388 0.820000 -7.483314
v 2.555388 0.940000 -7.483314
v 2.530373 0.940000 -7.600677
v 2.555388 0.940000 -7.483314
v 4.290828 0.940000 -7.975905
v 2.555388 0.940000 -7.483314
v 4.315844 0.940000 -7.858541
v 4.290828 0.940000 -7.975905
v 2.555388 0.820000 -7.483314
v 2.530373 0.820000 -7.600677
v 4.315844 0.820000 -7.858541
v 2.530373 0.820000 -7.600677
v 4.290828 0.820000 -7.975905
v 4.315844 0.820000 -7.858541
v 2.555388 0.940000 -7.483314
v 2.555388 0.820000 -7.483314
v 4.315844 0.940000 -7.858541
v 2.555388 0.820000 -7.483314
v 4.315844 0.820000 -7.858541
v 4.315844 0.940000 -7.858541
v 4.290828 0.940000 -7.975905
v 4.290828 0.820000 -7.975905
v 2.530373 0.940000 -7.600677
v 4.290828 0.820000 -7.975905
v 2.530373 0.820000 -7.600677
v 2.530373 0.940000 -7.600677
vn 0.9780 -0.0000 -0.2085
vn -0.9780 -0.0000 0.2085
vn -0.0000 1.0000 -0.0000
vn -0.0000 -1.0000 -0.0000
vn 0.2085 -0.0000 0.9780
vn -0.2085 -0.0000 -0.9780
vt 0.000000 1.000000
vt 1.000000 0.000000
vt 0.000000 0.000000
vt 1.000000 1.000000
s 0
usemtl Material_3
f 722/81/121 723/82/121 721/83/121
f 725/84/121 726/82/121 724/81/121
f 728/81/122 729/82/122 727/83/122
f 731/84/122 732/82/122 730/81/122
f 734/81/123 735/82/123 733/83/123
f 737/84/123 738/82/123 736/81/123
f 740/81/124 741/82/124 739/83/124
f 743/84/124 744/82/124 742/81/124
f 746/81/125 747/82/125 745/83/125
f 749/84/125 750/82/125 748/81/125
f 752/81/126 753/82/126 751/83/126
f 755/84/126 756/82/126 754/81/126
o fenceRails_0122
v 6.027398 0.510000 -8.223347
v 6.027398 0.390000 -8.223347
v 6.002382 0.510000 -8.340711
v 6.027398 0.390000 -8.223347
v 6.002382 0.390000 -8.340711
v 6.002382 0.510000 -8.340711
v 4.241927 0.510000 -7.965483
v 4.241927 0.390000 -7.965483
v 4.266942 0.510000 -7.848119
v 4.241927 0.390000 -7.965483
v 4.266942 0.390000 -7.848119
v 4.266942 0.510000 -7.848119
v 4.241927 0.510000 -7.965483
v 4.266942 0.510000 -7.848119
v 6.002382 0.510000 -8.340711
v 4.266942 0.510000 -7.848119
v 6.027398 0.510000 -8.223347
v 6.002382 0.510000 -8.340711
v 4.266942 0.390000 -7.848119
v 4.241927 0.390000 -7.965483
v 6.027398 0.390000 -8.223347
v 4.241927 0.390000 -7.965483
v 6.002382 0.390000 -8.340711
v 6.027398 0.390000 -8.223347
v 4.266942 0.510000 -7.848119
v 4.266942 0.390000 -7.848119
v 6.027398 0.510000 -8.223347
v 4.266942 0.390000 -7.848119
v 6.027398 0.390000 -8.223347
v 6.027398 0.510000 -8.223347
v 6.002382 0.510000 -8.340711
v 6.002382 0.390000 -8.340711
v 4.241927 0.510000 -7.965483
v 6.002382 0.390000 -8.340711
v 4.241927 0.390000 -7.965483
v 4.241927 0.510000 -7.965483
vn 0.9780 -0.0000 -0.2085
vn -0.9780 -0.0000 0.2085
vn -0.0000 1.0000 -0.0000
vn -0.0000 -1.0000 -0.0000
vn 0.2085 -0.0000 0.9780
vn -0.2085 -0.0000 -0.9780
vt 0.000000 1.000000
vt 1.000000 0.000000
vt 0.000000 0.000000
vt 1.000000 1.000000
s 0
usemtl Material_3
f 758/85/127 759/86/127 757/87/127
f 761/88/127 762/86/127 760/85/127
f 764/85/128 765/86/128 763/87/128
f 767/88/128 768/86/128 766/85/128
f 770/85/129 771/86/129 769/87/129
f 773/88/129 774/86/129 772/85/129
f 776/85/130 777/86/130 775/87/130
f 779/88/130 780/86/130 778/85/130
f 782/85/131 783/86/131 781/87/131
f 785/88/131 786/86/131 784/85/131
f 788/85/132 789/86/132 787/87/132
f 791/88/132 792/86/132 790/85/132
o fenceRails_0132
v 6.027398 0.940000 -8.223347
v 6.027398 0.820000 -8.223347
v 6.002382 0.940000 -8.340711
v 6.027398 0.820000 -8.223347
v 6.002382 0.820000 -8.340711
v 6.002382 0.940000 -8.340711
v 4.241927 0.940000 -7.965483
v 4.241927 0.820000 -7.965483
v 4.266942 0.940000 -7.848119
v 4.241927 0.820000 -7.965483
v 4.266942 0.820000 -7.848119
v 4.266942 0.940000 -7.848119
v 4.241927 0.940000 -7.965483
v 4.266942 0.940000 -7.848119
v 6.002382 0.940000 -8.340711
v 4.266942 0.940000 -7.848119
v 6.027398 0.940000 -8.223347
v 6.002382 0.940000 -8.340711
v 4.266942 0.820000 -7.848119
v 4.241927 0.820000 -7.965483
v 6.027398 0.820000 -8.223347
v 4.241927 0.820000 -7.965483
v 6.002382 0.820000 -8.340711
v 6.027398 0.820000 -8.223347
v 4.266942 0.940000 -7.848119
v 4.266942 0.820000 -7.848119
v 6.027398 0.940000 -8.223347
v 4.266942 0.820000 -7.848119
v 6.027398 0.820000 -8.223347
v 6.027398 0.940000 -8.223347
v 6.002382 0.940000 -8.340711
v 6.002382 0.820000 -8.340711
v 4.241927 0.940000 -7.965483
v 6.002382 0.820000 -8.340711
v 4.241927 0.820000 -7.965483
v 4.241927 0.940000 -7.965483
vn 0.9780 -0.0000 -0.2085
vn -0.9780 -0.0000 0.2085
vn -0.0000 1.0000 -0.0000
vn -0.0000 -1.0000 -0.0000
vn 0.2085 -0.0000 0.9780
vn -0.2085 -0.0000 -0.9780
vt 0.000000 1.000000
vt 1.000000 0.000000
vt 0.000000 0.000000
vt 1.000000 1.000000
s 0
usemtl Material_3
f 794/89/133 795/90/133 793/91/133
f 797/92/133 798/90/133 796/89/133
f 800/89/134 801/90/134 799/91/134
f 803/92/134 804/90/134 802/89/134
f 806/89/135 807/90/135 805/91/135
f 809/92/135 810/90/135 808/89/135
f 812/89/136 813/90/136 811/91/136
f 815/92/136 816/90/136 814/89/136
f 818/89/137 819/90/137 817/91/137
f 821/92/137 822/90/137 820/89/137
f 824/89/138 825/90/138 823/91/138
f 827/92/138 828/90/138 826/89/138
o ironStructure_0005
v 5.619764 3.000000 2.380809
v 5.619764 0.000000 2.380809
v 4.160545 3.000000 -4.465407
v 5.619764 0.000000 2.380809
v 4.160545 0.000000 -4.465407
v 4.160545 3.000000 -4.465407
v -5.619764 3.000000 -2.380809
v -5.619764 0.000000 -2.380809
v -4.160545 3.000000 4.465407
v -5.619764 0.000000 -2.380809
v -4.160545 0.000000 4.465407
v -4.160545 3.000000 4.465407
v -5.619764 3.000000 -2.380809
v -4.160545 3.000000 4.465407
v 4.160545 3.000000 -4.465407
v -4.160545 3.000000 4.465407
v 5.619764 3.000000 2.380809
v 4.160545 3.000000 -4.465407
v -4.160545 0.000000 4.465407
v -5.619764 0.000000 -2.380809
v 5.619764 0.000000 2.380809
v -5.619764 0.000000 -2.380809
v 4.160545 0.000000 -4.465407
v 5.619764 0.000000 2.380809
v -4.160545 3.000000 4.465407
v -4.160545 0.000000 4.465407
v 5.619764 3.000000 2.380809
v -4.160545 0.000000 4.465407
v 5.619764 0.000000 2.380809
v 5.619764 3.000000 2.380809
v 4.160545 3.000000 -4.465407
v 4.160545 0.000000 -4.465407
v -5.619764 3.000000 -2.380809
v 4.160545 0.000000 -4.465407
v -5.619764 0.000000 -2.380809
v -5.619764 3.000000 -2.380809
vn 0.9780 -0.0000 -0.2085
vn -0.9780 -0.0000 0.2085
vn -0.0000 1.0000 -0.0000
vn -0.0000 -1.0000 -0.0000
vn 0.2085 -0.0000 0.9780
vn -0.2085 -0.0000 -0.9780
vt 0.000000 1.000000
vt 1.000000 0.000000
vt 0.000000 0.000000
vt 1.000000 1.000000
s 0
usemtl Material_2
f 830/93/139 831/94/139 829/95/139
f 833/96/139 834/94/139 832/93/139
f 836/93/140 837/94/140 835/95/140
f 839/96/140 840/94/140 838/93/140
f 842/93/141 843/94/141 841/95/141
f 845/96/141 846/94/141 844/93/141
f 848/93/142 849/94/142 847/95/142
f 851/96/142 852/94/142 850/93/142
f 854/93/143 855/94/143 853/95/143
f 857/96/143 858/94/143 856/93/143
f 860/93/144 861/94/144 859/95/144
f 863/96/144 864/94/144 862/93/144
o metalStructure_0005
v 6.086850 3.586897 2.690238
v 6.097118 3.237054 2.688049
v 4.460863 3.586897 -4.938403
v 6.097118 3.237054 2.688049
v 4.471131 3.237054 -4.940592
v 4.460863 3.586897 -4.938403
v -6.097118 3.262946 -2.688049
v -6.086850 2.913103 -2.690238
v -4.471131 3.262946 4.940592
v -6.086850 2.913103 -2.690238
v -4.460863 2.913103 4.938403
v -4.471131 3.262946 4.940592
v -6.097118 3.262946 -2.688049
v -4.471131 3.262946 4.940592
v 4.460863 3.586897 -4.938403
v -4.471131 3.262946 4.940592
v 6.086850 3.586897 2.690238
v 4.460863 3.586897 -4.938403
v -4.460863 2.913103 4.938403
v -6.086850 2.913103 -2.690238
v 6.097118 3.237054 2.688049
v -6.086850 2.913103 -2.690238
v 4.471131 3.237054 -4.940592
v 6.097118 3.237054 2.688049
v -4.471131 3.262946 4.940592
v -4.460863 2.913103 4.938403
v 6.086850 3.586897 2.690238
v -4.460863 2.913103 4.938403
v 6.097118 3.237054 2.688049
v 6.086850 3.586897 2.690238
v 4.460863 3.586897 -4.938403
v 4.471131 3.237054 -4.940592
v -6.097118 3.262946 -2.688049
v 4.471131 3.237054 -4.940592
v -6.086850 2.913103 -2.690238
v -6.097118 3.262946 -2.688049
vn 0.9776 0.0300 -0.2084
vn -0.9776 -0.0300 0.2084
vn -0.0293 0.9995 0.0063
vn 0.0293 -0.9996 -0.0063
vn 0.2085 -0.0000 0.9780
vn -0.2085 -0.0000 -0.9780
vt 0.000000 1.000000
vt 1.000000 0.000000
vt 0.000000 0.000000
vt 1.000000 1.000000
s 0
usemtl Material_2
f 866/97/145 867/98/145 865/99/145
f 869/100/145 870/98/145 868/97/145
f 872/97/146 873/98/146 871/99/146
f 875/100/146 876/98/146 874/97/146
f 878/97/147 879/98/147 877/99/147
f 881/100/147 882/98/147 880/97/147
f 884/97/148 885/98/148 883/99/148
f 887/100/148 888/98/148 886/97/148
f 890/97/149 891/98/149 889/99/149
f 893/100/149 894/98/149 892/97/149
f 896/97/150 897/98/150 895/99/150
f 899/100/150 900/98/150 898/97/150
o metalStructure_0012
v 9.799193 0.809680 -1.935255
v 9.729155 0.416142 -1.920326
v 9.486504 0.809680 -3.402301
v 9.729155 0.416142 -1.920326
v 9.416465 0.416142 -3.387373
v 9.486504 0.809680 -3.402301
v 3.713126 1.883857 -2.171749
v 3.643087 1.490320 -2.156821
v 4.025816 1.883857 -0.704703
v 3.643087 1.490320 -2.156821
v 3.955777 1.490320 -0.689775
v 4.025816 1.883857 -0.704703
v 3.713126 1.883857 -2.171749
v 4.025816 1.883857 -0.704703
v 9.486504 0.809680 -3.402301
v 4.025816 1.883857 -0.704703
v 9.799193 0.809680 -1.935255
v 9.486504 0.809680 -3.402301
v 3.955777 1.490320 -0.689775
v 3.643087 1.490320 -2.156821
v 9.729155 0.416142 -1.920326
v 3.643087 1.490320 -2.156821
v 9.416465 0.416142 -3.387373
v 9.729155 0.416142 -1.920326
v 4.025816 1.883857 -0.704703
v 3.955777 1.490320 -0.689775
v 9.799193 0.809680 -1.935255
v 3.955777 1.490320 -0.689775
v 9.729155 0.416142 -1.920326
v 9.799193 0.809680 -1.935255
v 9.486504 0.809680 -3.402301
v 9.416465 0.416142 -3.387373
v 3.713126 1.883857 -2.171749
v 9.416465 0.416142 -3.387373
v 3.643087 1.490320 -2.156821
v 3.713126 1.883857 -2.171749
vn 0.9622 -0.1790 -0.2051
vn -0.9622 0.1790 0.2051
vn 0.1751 0.9838 -0.0373
vn -0.1751 -0.9838 0.0373
vn 0.2085 -0.0000 0.9780
vn -0.2085 -0.0000 -0.9780
vt 0.000000 1.000000
vt 1.000000 0.000000
vt 0.000000 0.000000
vt 1.000000 1.000000
s 0
usemtl Material_2
f 902/101/151 903/102/151 901/103/151
f 905/104/151 906/102/151 904/101/151
f 908/101/152 909/102/152 907/103/152
f 911/104/152 912/102/152 910/101/152
f 914/101/153 915/102/153 913/103/153
f 917/104/153 918/102/153 916/101/153
f 920/101/154 921/102/154 919/103/154
f 923/104/154 924/102/154 922/101/154
f 926/101/155 927/102/155 925/103/155
f 929/104/155 930/102/155 928/101/155
f 932/101/156 933/102/156 931/103/156
f 935/104/156 936/102/156 934/101/156
o redStructure_0004
v 2.866161 3.944356 3.254008
v 2.812392 2.845731 3.265468
v 2.841146 3.944356 3.136644
v 2.812392 2.845731 3.265468
v 2.787377 2.845731 3.148105
v 2.841146 3.944356 3.136644
v -1.261450 4.154269 4.011082
v -1.315220 3.055644 4.022542
v -1.236435 4.154269 4.128445
v -1.315220 3.055644 4.022542
v -1.290204 3.055644 4.139906
v -1.236435 4.154269 4.128445
v -1.261450 4.154269 4.011082
v -1.236435 4.154269 4.128445
v 2.841146 3.944356 3.136644
v -1.236435 4.154269 4.128445
v 2.866161 3.944356 3.254008
v 2.841146 3.944356 3.136644
v -1.290204 3.055644 4.139906
v -1.315220 3.055644 4.022542
v 2.812392 2.845731 3.265468
v -1.315220 3.055644 4.022542
v 2.787377 2.845731 3.148105
v 2.812392 2.845731 3.265468
v -1.236435 4.154269 4.128445
v -1.290204 3.055644 4.139906
v 2.866161 3.944356 3.254008
v -1.290204 3.055644 4.139906
v 2.812392 2.845731 3.265468
v 2.866161 3.944356 3.254008
v 2.841146 3.944356 3.136644
v 2.787377 2.845731 3.148105
v -1.261450 4.154269 4.011082
v 2.787377 2.845731 3.148105
v -1.315220 3.055644 4.022542
v -1.261450 4.154269 4.011082
vn 0.9768 -0.0500 -0.2082
vn -0.9768 0.0500 0.2082
vn 0.0489 0.9988 -0.0104
vn -0.0489 -0.9988 0.0104
vn 0.2085 -0.0000 0.9780
vn -0.2085 -0.0000 -0.9780
vt 0.000000 1.000000
vt 1.000000 0.000000
vt 0.000000 0.000000
vt 1.000000 1.000000
s 0
usemtl Material_4
f 938/105/157 939/106/157 937/107/157
f 941/108/157 942/106/157 940/105/157
f 944/105/158 945/106/158 943/107/158
f 947/108/158 948/106/158 946/105/158
f 950/105/159 951/106/159 949/107/159
f 953/108/159 954/106/159 952/105/159
f 956/105/160 957/106/160 955/107/160
f 959/108/160 960/106/160 958/105/160
f 962/105/161 963/106/161 961/107/161
f 965/108/161 966/106/161 964/105/161
f 968/105/162 969/106/162 967/107/162
f 971/108/162 972/106/162 970/105/162
o woodDark_cylinder
v -4.021215 7.200000 -1.176819
v -4.021215 1.800000 -0.976819
v -3.774345 7.200000 -1.257031
v -4.021215 1.800000 -0.976819
v -3.656788 1.800000 -1.095228
v -3.774345 7.200000 -1.257031
v -3.774345 7.200000 -1.257031
v -3.656788 1.800000 -1.095228
v -3.621771 7.200000 -1.467031
v -3.656788 1.800000 -1.095228
v -3.431560 1.800000 -1.405228
v -3.621771 7.200000 -1.467031
v -3.621771 7.200000 -1.467031
v -3.431560 1.800000 -1.405228
v -3.621771 7.200000 -1.726606
v -3.431560 1.800000 -1.405228
v -3.431560 1.800000 -1.788409
v -3.621771 7.200000 -1.726606
v -3.621771 7.200000 -1.726606
v -3.431560 1.800000 -1.788409
v -3.774345 7.200000 -1.936606
v -3.431560 1.800000 -1.788409
v -3.656788 1.800000 -2.098409
v -3.774345 7.200000 -1.936606
v -3.774345 7.200000 -1.936606
v -3.656788 1.800000 -2.098409
v -4.021215 7.200000 -2.016819
v -3.656788 1.800000 -2.098409
v -4.021215 1.800000 -2.216819
v -4.021215 7.200000 -2.016819
v -4.021215 7.200000 -2.016819
v -4.021215 1.800000 -2.216819
v -4.268085 7.200000 -1.936606
v -4.021215 1.800000 -2.216819
v -4.385642 1.800000 -2.098409
v -4.268085 7.200000 -1.936606
v -4.268085 7.200000 -1.936606
v -4.385642 1.800000 -2.098409
v -4.420659 7.200000 -1.726606
v -4.385642 1.800000 -2.098409
v -4.610870 1.800000 -1.788409
v -4.420659 7.200000 -1.726606
v -4.420659 7.200000 -1.726606
v -4.610870 1.800000 -1.788409
v -4.420659 7.200000 -1.467031
v -4.610870 1.800000 -1.788409
v -4.610870 1.800000 -1.405228
v -4.420659 7.200000 -1.467031
v -4.420659 7.200000 -1.467031
v -4.610870 1.800000 -1.405228
v -4.268085 7.200000 -1.257031
v -4.610870 1.800000 -1.405228
v -4.385642 1.800000 -1.095228
v -4.268085 7.200000 -1.257031
v -4.268085 7.200000 -1.257031
v -4.385642 1.800000 -1.095228
v -4.021215 7.200000 -1.176819
v -4.385642 1.800000 -1.095228
v -4.021215 1.800000 -0.976819
v -4.021215 7.200000 -1.176819
v -4.021215 7.200000 -1.176819
v -3.774345 7.200000 -1.257031
v -4.021215 7.200000 -1.596819
v -3.774345 7.200000 -1.257031
v -3.621771 7.200000 -1.467031
v -4.021215 7.200000 -1.596819
v -3.621771 7.200000 -1.467031
v -3.621771 7.200000 -1.726606
v -4.021215 7.200000 -1.596819
v -3.621771 7.200000 -1.726606
v -3.774345 7.200000 -1.936606
v -4.021215 7.200000 -1.596819
v -3.774345 7.200000 -1.936606
v -4.021215 7.200000 -2.016819
v -4.021215 7.200000 -1.596819
v -4.021215 7.200000 -2.016819
v -4.268085 7.200000 -1.936606
v -4.021215 7.200000 -1.596819
v -4.268085 7.200000 -1.936606
v -4.420659 7.200000 -1.726606
v -4.021215 7.200000 -1.596819
v -4.420659 7.200000 -1.726606
v -4.420659 7.200000 -1.467031
v -4.021215 7.200000 -1.596819
v -4.420659 7.200000 -1.467031
v -4.268085 7.200000 -1.257031
v -4.021215 7.200000 -1.596819
v -4.268085 7.200000 -1.257031
v -4.021215 7.200000 -1.176819
v -4.021215 7.200000 -1.596819
v -3.656788 1.800000 -1.095228
v -4.021215 1.800000 -0.976819
v -4.021215 1.800000 -1.596819
v -3.431560 1.800000 -1.405228
v -3.656788 1.800000 -1.095228
v -4.021215 1.800000 -1.596819
v -3.431560 1.800000 -1.788409
v -3.431560 1.800000 -1.405228
v -4.021215 1.800000 -1.596819
v -3.656788 1.800000 -2.098409
v -3.431560 1.800000 -1.788409
v -4.021215 1.800000 -1.596819
v -4.021215 1.800000 -2.216819
v -3.656788 1.800000 -2.098409
v -4.021215 1.800000 -1.596819
v -4.385642 1.800000 -2.098409
v -4.021215 1.800000 -2.216819
v -4.021215 1.800000 -1.596819
v -4.610870 1.800000 -1.788409
v -4.385642 1.800000 -2.098409
v -4.021215 1.800000 -1.596819
v -4.610870 1.800000 -1.405228
v -4.610870 1.800000 -1.788409
v -4.021215 1.800000 -1.596819
v -4.385642 1.800000 -1.095228
v -4.610870 1.800000 -1.405228
v -4.021215 1.800000 -1.596819
v -4.021215 1.800000 -0.976819
v -4.385642 1.800000 -1.095228
v -4.021215 1.800000 -1.596819
vn 0.3088 0.0352 0.9505
vn 0.8085 0.0352 0.5874
vn 0.9994 0.0352 -0.0000
vn 0.8085 0.0352 -0.5874
vn 0.3088 0.0352 -0.9505
vn -0.3088 0.0352 -0.9505
vn -0.8085 0.0352 -0.5874
vn -0.9994 0.0352 -0.0000
vn -0.8085 0.0352 0.5874
vn -0.3088 0.0352 0.9505
vn -0.0000 1.0000 -0.0000
vn -0.0000 -1.0000 -0.0000
vt 0.000000 1.000000
vt 0.100000 0.000000
vt 0.000000 0.000000
vt 0.100000 1.000000
vt 0.200000 0.000000
vt 0.200000 1.000000
vt 0.300000 0.000000
vt 0.300000 1.000000
vt 0.400000 0.000000
vt 0.400000 1.000000
vt 0.500000 0.000000
vt 0.500000 1.000000
vt 0.600000 0.000000
vt 0.600000 1.000000
vt 0.700000 0.000000
vt 0.700000 1.000000
vt 0.800000 0.000000
vt 0.800000 1.000000
vt 0.900000 0.000000
vt 0.900000 1.000000
vt 1.000000 0.000000
vt 1.000000 1.000000
vt 0.904508 0.206107
vt 0.500000 0.500000
vt 1.000000 0.500000
vt 0.654508 0.024472
vt 0.345491 0.024472
vt 0.095492 0.206107
vt 0.000000 0.500000
vt 0.095492 0.793893
vt 0.345491 0.975528
vt 0.654508 0.975528
vt 0.904508 0.793893
s 0
usemtl Material_3
f 974/109/163 975/110/163 973/111/163
f 977/112/163 978/110/163 976/109/163
f 980/112/164 981/113/164 979/110/164
f 983/114/164 984/113/164 982/112/164
f 986/114/165 987/115/165 985/113/165
s 1
f 989/116/165 990/115/165 988/114/165
s 0
f 992/116/166 993/117/166 991/115/166
f 995/118/166 996/117/166 994/116/166
f 998/118/167 999/119/167 997/117/167
f 1001/120/167 1002/119/167 1000/118/167
f 1004/120/168 1005/121/168 1003/119/168
f 1007/122/168 1008/121/168 1006/120/168
f 1010/122/169 1011/123/169 1009/121/169
s 1
f 1013/124/169 1014/123/169 1012/122/169
s 0
f 1016/124/170 1017/125/170 1015/123/170
f 1019/126/170 1020/125/170 1018/124/170
f 1022/126/171 1023/127/171 1021/125/171
f 1025/128/171 1026/127/171 1024/126/171
f 1028/128/172 1029/129/172 1027/127/172
f 1031/130/172 1032/129/172 1030/128/172
f 1034/131/173 1035/132/173 1033/133/173
f 1037/134/173 1038/132/173 1036/131/173
f 1040/135/173 1041/132/173 1039/134/173
f 1043/136/173 1044/132/173 1042/135/173
f 1046/137/173 1047/132/173 1045/136/173
f 1049/138/173 1050/132/173 1048/137/173
f 1052/139/173 1053/132/173 1051/138/173
f 1055/140/173 1056/132/173 1054/139/173
f 1058/141/173 1059/132/173 1057/140/173
f 1061/133/173 1062/132/173 1060/141/173
f 1064/133/174 1065/132/174 1063/141/174
f 1067/141/174 1068/132/174 1066/140/174
f 1070/140/174 1071/132/174 1069/139/174
f 1073/139/174 1074/132/174 1072/138/174
f 1076/138/174 1077/132/174 1075/137/174
f 1079/137/174 1080/132/174 1078/136/174
f 1082/136/174 1083/132/174 1081/135/174
f 1085/135/174 1086/132/174 1084/134/174
f 1088/134/174 1089/132/174 1087/131/174
f 1091/131/174 1092/132/174 1090/133/174
o _MeshInstance3D_75
v 3.020607 7.200000 -2.677730
v 3.020607 1.800000 -2.477730
v 3.267477 7.200000 -2.757943
v 3.020607 1.800000 -2.477730
v 3.385034 1.800000 -2.596139
v 3.267477 7.200000 -2.757943
v 3.267477 7.200000 -2.757943
v 3.385034 1.800000 -2.596139
v 3.420051 7.200000 -2.967943
v 3.385034 1.800000 -2.596139
v 3.610262 1.800000 -2.906139
v 3.420051 7.200000 -2.967943
v 3.420051 7.200000 -2.967943
v 3.610262 1.800000 -2.906139
v 3.420051 7.200000 -3.227517
v 3.610262 1.800000 -2.906139
v 3.610262 1.800000 -3.289320
v 3.420051 7.200000 -3.227517
v 3.420051 7.200000 -3.227517
v 3.610262 1.800000 -3.289320
v 3.267477 7.200000 -3.437517
v 3.610262 1.800000 -3.289320
v 3.385034 1.800000 -3.599320
v 3.267477 7.200000 -3.437517
v 3.267477 7.200000 -3.437517
v 3.385034 1.800000 -3.599320
v 3.020607 7.200000 -3.517730
v 3.385034 1.800000 -3.599320
v 3.020607 1.800000 -3.717730
v 3.020607 7.200000 -3.517730
v 3.020607 7.200000 -3.517730
v 3.020607 1.800000 -3.717730
v 2.773738 7.200000 -3.437517
v 3.020607 1.800000 -3.717730
v 2.656181 1.800000 -3.599320
v 2.773738 7.200000 -3.437517
v 2.773738 7.200000 -3.437517
v 2.656181 1.800000 -3.599320
v 2.621164 7.200000 -3.227517
v 2.656181 1.800000 -3.599320
v 2.430953 1.800000 -3.289320
v 2.621164 7.200000 -3.227517
v 2.621164 7.200000 -3.227517
v 2.430953 1.800000 -3.289320
v 2.621164 7.200000 -2.967943
v 2.430953 1.800000 -3.289320
v 2.430953 1.800000 -2.906139
v 2.621164 7.200000 -2.967943
v 2.621164 7.200000 -2.967943
v 2.430953 1.800000 -2.906139
v 2.773738 7.200000 -2.757943
v 2.430953 1.800000 -2.906139
v 2.656181 1.800000 -2.596139
v 2.773738 7.200000 -2.757943
v 2.773738 7.200000 -2.757943
v 2.656181 1.800000 -2.596139
v 3.020607 7.200000 -2.677730
v 2.656181 1.800000 -2.596139
v 3.020607 1.800000 -2.477730
v 3.020607 7.200000 -2.677730
v 3.020607 7.200000 -2.677730
v 3.267477 7.200000 -2.757943
v 3.020607 7.200000 -3.097730
v 3.267477 7.200000 -2.757943
v 3.420051 7.200000 -2.967943
v 3.020607 7.200000 -3.097730
v 3.420051 7.200000 -2.967943
v 3.420051 7.200000 -3.227517
v 3.020607 7.200000 -3.097730
v 3.420051 7.200000 -3.227517
v 3.267477 7.200000 -3.437517
v 3.020607 7.200000 -3.097730
v 3.267477 7.200000 -3.437517
v 3.020607 7.200000 -3.517730
v 3.020607 7.200000 -3.097730
v 3.020607 7.200000 -3.517730
v 2.773738 7.200000 -3.437517
v 3.020607 7.200000 -3.097730
v 2.773738 7.200000 -3.437517
v 2.621164 7.200000 -3.227517
v 3.020607 7.200000 -3.097730
v 2.621164 7.200000 -3.227517
v 2.621164 7.200000 -2.967943
v 3.020607 7.200000 -3.097730
v 2.621164 7.200000 -2.967943
v 2.773738 7.200000 -2.757943
v 3.020607 7.200000 -3.097730
v 2.773738 7.200000 -2.757943
v 3.020607 7.200000 -2.677730
v 3.020607 7.200000 -3.097730
v 3.385034 1.800000 -2.596139
v 3.020607 1.800000 -2.477730
v 3.020607 1.800000 -3.097730
v 3.610262 1.800000 -2.906139
v 3.385034 1.800000 -2.596139
v 3.020607 1.800000 -3.097730
v 3.610262 1.800000 -3.289320
v 3.610262 1.800000 -2.906139
v 3.020607 1.800000 -3.097730
v 3.385034 1.800000 -3.599320
v 3.610262 1.800000 -3.289320
v 3.020607 1.800000 -3.097730
v 3.020607 1.800000 -3.717730
v 3.385034 1.800000 -3.599320
v 3.020607 1.800000 -3.097730
v 2.656181 1.800000 -3.599320
v 3.020607 1.800000 -3.717730
v 3.020607 1.800000 -3.097730
v 2.430953 1.800000 -3.289320
v 2.656181 1.800000 -3.599320
v 3.020607 1.800000 -3.097730
v 2.430953 1.800000 -2.906139
v 2.430953 1.800000 -3.289320
v 3.020607 1.800000 -3.097730
v 2.656181 1.800000 -2.596139
v 2.430953 1.800000 -2.906139
v 3.020607 1.800000 -3.097730
v 3.020607 1.800000 -2.477730
v 2.656181 1.800000 -2.596139
v 3.020607 1.800000 -3.097730
vn 0.3088 0.0352 0.9505
vn 0.8085 0.0352 0.5874
vn 0.9994 0.0352 -0.0000
vn 0.8085 0.0352 -0.5874
vn 0.3088 0.0352 -0.9505
vn -0.3088 0.0352 -0.9505
vn -0.8085 0.0352 -0.5874
vn -0.9994 0.0352 -0.0000
vn -0.8085 0.0352 0.5874
vn -0.3088 0.0352 0.9505
vn -0.0000 1.0000 -0.0000
vn -0.0000 -1.0000 -0.0000
vt 0.000000 1.000000
vt 0.100000 0.000000
vt 0.000000 0.000000
vt 0.100000 1.000000
vt 0.200000 0.000000
vt 0.200000 1.000000
vt 0.300000 0.000000
vt 0.300000 1.000000
vt 0.400000 0.000000
vt 0.400000 1.000000
vt 0.500000 0.000000
vt 0.500000 1.000000
vt 0.600000 0.000000
vt 0.600000 1.000000
vt 0.700000 0.000000
vt 0.700000 1.000000
vt 0.800000 0.000000
vt 0.800000 1.000000
vt 0.900000 0.000000
vt 0.900000 1.000000
vt 1.000000 0.000000
vt 1.000000 1.000000
vt 0.904508 0.206107
vt 0.500000 0.500000
vt 1.000000 0.500000
vt 0.654508 0.024472
vt 0.345491 0.024472
vt 0.095492 0.206107
vt 0.000000 0.500000
vt 0.095492 0.793893
vt 0.345491 0.975528
vt 0.654508 0.975528
vt 0.904508 0.793893
s 0
usemtl Material_3
f 1094/142/175 1095/143/175 1093/144/175
f 1097/145/175 1098/143/175 1096/142/175
f 1100/145/176 1101/146/176 1099/143/176
f 1103/147/176 1104/146/176 1102/145/176
f 1106/147/177 1107/148/177 1105/146/177
s 1
f 1109/149/177 1110/148/177 1108/147/177
s 0
f 1112/149/178 1113/150/178 1111/148/178
f 1115/151/178 1116/150/178 1114/149/178
f 1118/151/179 1119/152/179 1117/150/179
f 1121/153/179 1122/152/179 1120/151/179
f 1124/153/180 1125/154/180 1123/152/180
f 1127/155/180 1128/154/180 1126/153/180
f 1130/155/181 1131/156/181 1129/154/181
s 1
f 1133/157/181 1134/156/181 1132/155/181
s 0
f 1136/157/182 1137/158/182 1135/156/182
f 1139/159/182 1140/158/182 1138/157/182
f 1142/159/183 1143/160/183 1141/158/183
f 1145/161/183 1146/160/183 1144/159/183
f 1148/161/184 1149/162/184 1147/160/184
f 1151/163/184 1152/162/184 1150/161/184
f 1154/164/185 1155/165/185 1153/166/185
f 1157/167/185 1158/165/185 1156/164/185
f 1160/168/185 1161/165/185 1159/167/185
f 1163/169/185 1164/165/185 1162/168/185
f 1166/170/185 1167/165/185 1165/169/185
f 1169/171/185 1170/165/185 1168/170/185
f 1172/172/185 1173/165/185 1171/171/185
f 1175/173/185 1176/165/185 1174/172/185
f 1178/174/185 1179/165/185 1177/173/185
f 1181/166/185 1182/165/185 1180/174/185
f 1184/166/186 1185/165/186 1183/174/186
f 1187/174/186 1188/165/186 1186/173/186
f 1190/173/186 1191/165/186 1189/172/186
f 1193/172/186 1194/165/186 1192/171/186
f 1196/171/186 1197/165/186 1195/170/186
f 1199/170/186 1200/165/186 1198/169/186
f 1202/169/186 1203/165/186 1201/168/186
f 1205/168/186 1206/165/186 1204/167/186
f 1208/167/186 1209/165/186 1207/164/186
f 1211/164/186 1212/165/186 1210/166/186
o iron_box6
v -8.702201 0.312000 4.804293
v -8.702201 0.048000 4.804293
v -7.383417 0.312000 4.860950
v -8.702201 0.048000 4.804293
v -7.383417 0.048000 4.860950
v -7.383417 0.312000 4.860950
v -7.337062 0.312000 3.781945
v -7.337062 0.048000 3.781945
v -8.655846 0.312000 3.725289
v -7.337062 0.048000 3.781945
v -8.655846 0.048000 3.725289
v -8.655846 0.312000 3.725289
v -7.337062 0.312000 3.781945
v -8.655846 0.312000 3.725289
v -7.383417 0.312000 4.860950
v -8.655846 0.312000 3.725289
v -8.702201 0.312000 4.804293
v -7.383417 0.312000 4.860950
v -8.655846 0.048000 3.725289
v -7.337062 0.048000 3.781945
v -8.702201 0.048000 4.804293
v -7.337062 0.048000 3.781945
v -7.383417 0.048000 4.860950
v -8.702201 0.048000 4.804293
v -8.655846 0.312000 3.725289
v -8.655846 0.048000 3.725289
v -8.702201 0.312000 4.804293
v -8.655846 0.048000 3.725289
v -8.702201 0.048000 4.804293
v -8.702201 0.312000 4.804293
v -7.383417 0.312000 4.860950
v -7.383417 0.048000 4.860950
v -7.337062 0.312000 3.781945
v -7.383417 0.048000 4.860950
v -7.337062 0.048000 3.781945
v -7.337062 0.312000 3.781945
vn -0.0429 -0.0000 0.9991
vn 0.0429 -0.0000 -0.9991
vn -0.0000 1.0000 -0.0000
vn -0.0000 -1.0000 -0.0000
vn -0.9991 -0.0000 -0.0429
vn 0.9991 -0.0000 0.0429
vt 0.000000 1.000000
vt 1.000000 0.000000
vt 0.000000 0.000000
vt 1.000000 1.000000
s 0
usemtl Material_2
f 1214/175/187 1215/176/187 1213/177/187
f 1217/178/187 1218/176/187 1216/175/187
f 1220/175/188 1221/176/188 1219/177/188
f 1223/178/188 1224/176/188 1222/175/188
f 1226/175/189 1227/176/189 1225/177/189
f 1229/178/189 1230/176/189 1228/175/189
f 1232/175/190 1233/176/190 1231/177/190
f 1235/178/190 1236/176/190 1234/175/190
f 1238/175/191 1239/176/191 1237/177/191
f 1241/178/191 1242/176/191 1240/175/191
f 1244/175/192 1245/176/192 1243/177/192
f 1247/178/192 1248/176/192 1246/175/192
o enemyRed_box6
v -8.171855 0.720000 4.761017
v -8.171855 0.312000 4.761017
v -7.716275 0.720000 4.780589
v -8.171855 0.312000 4.761017
v -7.716275 0.312000 4.780589
v -7.716275 0.720000 4.780589
v -7.687947 0.720000 4.121197
v -7.687947 0.312000 4.121197
v -8.143526 0.720000 4.101625
v -7.687947 0.312000 4.121197
v -8.143526 0.312000 4.101625
v -8.143526 0.720000 4.101625
v -7.687947 0.720000 4.121197
v -8.143526 0.720000 4.101625
v -7.716275 0.720000 4.780589
v -8.143526 0.720000 4.101625
v -8.171855 0.720000 4.761017
v -7.716275 0.720000 4.780589
v -8.143526 0.312000 4.101625
v -7.687947 0.312000 4.121197
v -8.171855 0.312000 4.761017
v -7.687947 0.312000 4.121197
v -7.716275 0.312000 4.780589
v -8.171855 0.312000 4.761017
v -8.143526 0.720000 4.101625
v -8.143526 0.312000 4.101625
v -8.171855 0.720000 4.761017
v -8.143526 0.312000 4.101625
v -8.171855 0.312000 4.761017
v -8.171855 0.720000 4.761017
v -7.716275 0.720000 4.780589
v -7.716275 0.312000 4.780589
v -7.687947 0.720000 4.121197
v -7.716275 0.312000 4.780589
v -7.687947 0.312000 4.121197
v -7.687947 0.720000 4.121197
vn -0.0429 -0.0000 0.9991
vn 0.0429 -0.0000 -0.9991
vn -0.0000 1.0000 -0.0000
vn -0.0000 -1.0000 -0.0000
vn -0.9991 -0.0000 -0.0429
vn 0.9991 -0.0000 0.0429
vt 0.000000 1.000000
vt 1.000000 0.000000
vt 0.000000 0.000000
vt 1.000000 1.000000
s 0
usemtl Material_4
f 1250/179/193 1251/180/193 1249/181/193
f 1253/182/193 1254/180/193 1252/179/193
f 1256/179/194 1257/180/194 1255/181/194
f 1259/182/194 1260/180/194 1258/179/194
f 1262/179/195 1263/180/195 1261/181/195
f 1265/182/195 1266/180/195 1264/179/195
f 1268/179/196 1269/180/196 1267/181/196
f 1271/182/196 1272/180/196 1270/179/196
f 1274/179/197 1275/180/197 1273/181/197
f 1277/182/197 1278/180/197 1276/179/197
f 1280/179/198 1281/180/198 1279/181/198
f 1283/182/198 1284/180/198 1282/179/198
o iron_box7
v -7.620576 0.312000 2.260188
v -7.620576 0.048000 2.260188
v -6.376896 0.312000 1.817852
v -7.620576 0.048000 2.260188
v -6.376896 0.048000 1.817852
v -6.376896 0.312000 1.817852
v -6.738807 0.312000 0.800296
v -6.738807 0.048000 0.800296
v -7.982487 0.312000 1.242631
v -6.738807 0.048000 0.800296
v -7.982487 0.048000 1.242631
v -7.982487 0.312000 1.242631
v -6.738807 0.312000 0.800296
v -7.982487 0.312000 1.242631
v -6.376896 0.312000 1.817852
v -7.982487 0.312000 1.242631
v -7.620576 0.312000 2.260188
v -6.376896 0.312000 1.817852
v -7.982487 0.048000 1.242631
v -6.738807 0.048000 0.800296
v -7.620576 0.048000 2.260188
v -6.738807 0.048000 0.800296
v -6.376896 0.048000 1.817852
v -7.620576 0.048000 2.260188
v -7.982487 0.312000 1.242631
v -7.982487 0.048000 1.242631
v -7.620576 0.312000 2.260188
v -7.982487 0.048000 1.242631
v -7.620576 0.048000 2.260188
v -7.620576 0.312000 2.260188
v -6.376896 0.312000 1.817852
v -6.376896 0.048000 1.817852
v -6.738807 0.312000 0.800296
v -6.376896 0.048000 1.817852
v -6.738807 0.048000 0.800296
v -6.738807 0.312000 0.800296
vn 0.3351 -0.0000 0.9422
vn -0.3351 -0.0000 -0.9422
vn -0.0000 1.0000 -0.0000
vn -0.0000 -1.0000 -0.0000
vn -0.9422 -0.0000 0.3351
vn 0.9422 -0.0000 -0.3351
vt 0.000000 1.000000
vt 1.000000 0.000000
vt 0.000000 0.000000
vt 1.000000 1.000000
s 0
usemtl Material_2
f 1286/183/199 1287/184/199 1285/185/199
f 1289/186/199 1290/184/199 1288/183/199
f 1292/183/200 1293/184/200 1291/185/200
f 1295/186/200 1296/184/200 1294/183/200
f 1298/183/201 1299/184/201 1297/185/201
f 1301/186/201 1302/184/201 1300/183/201
f 1304/183/202 1305/184/202 1303/185/202
f 1307/186/202 1308/184/202 1306/183/202
f 1310/183/203 1311/184/203 1309/185/203
f 1313/186/203 1314/184/203 1312/183/203
f 1316/183/204 1317/184/204 1315/185/204
f 1319/186/204 1320/184/204 1318/183/204
o enemyRed_box7
v -7.145221 0.720000 2.021069
v -7.145221 0.312000 2.021069
v -6.715586 0.720000 1.868263
v -7.145221 0.312000 2.021069
v -6.715586 0.312000 1.868263
v -6.715586 0.720000 1.868263
v -6.936753 0.720000 1.246423
v -6.936753 0.312000 1.246423
v -7.366388 0.720000 1.399229
v -6.936753 0.312000 1.246423
v -7.366388 0.312000 1.399229
v -7.366388 0.720000 1.399229
v -6.936753 0.720000 1.246423
v -7.366388 0.720000 1.399229
v -6.715586 0.720000 1.868263
v -7.366388 0.720000 1.399229
v -7.145221 0.720000 2.021069
v -6.715586 0.720000 1.868263
v -7.366388 0.312000 1.399229
v -6.936753 0.312000 1.246423
v -7.145221 0.312000 2.021069
v -6.936753 0.312000 1.246423
v -6.715586 0.312000 1.868263
v -7.145221 0.312000 2.021069
v -7.366388 0.720000 1.399229
v -7.366388 0.312000 1.399229
v -7.145221 0.720000 2.021069
v -7.366388 0.312000 1.399229
v -7.145221 0.312000 2.021069
v -7.145221 0.720000 2.021069
v -6.715586 0.720000 1.868263
v -6.715586 0.312000 1.868263
v -6.936753 0.720000 1.246423
v -6.715586 0.312000 1.868263
v -6.936753 0.312000 1.246423
v -6.936753 0.720000 1.246423
vn 0.3351 -0.0000 0.9422
vn -0.3351 -0.0000 -0.9422
vn -0.0000 1.0000 -0.0000
vn -0.0000 -1.0000 -0.0000
vn -0.9422 -0.0000 0.3351
vn 0.9422 -0.0000 -0.3351
vt 0.000000 1.000000
vt 1.000000 0.000000
vt 0.000000 0.000000
vt 1.000000 1.000000
s 0
usemtl Material_4
f 1322/187/205 1323/188/205 1321/189/205
f 1325/190/205 1326/188/205 1324/187/205
f 1328/187/206 1329/188/206 1327/189/206
f 1331/190/206 1332/188/206 1330/187/206
f 1334/187/207 1335/188/207 1333/189/207
f 1337/190/207 1338/188/207 1336/187/207
f 1340/187/208 1341/188/208 1339/189/208
f 1343/190/208 1344/188/208 1342/187/208
f 1346/187/209 1347/188/209 1345/189/209
f 1349/190/209 1350/188/209 1348/187/209
f 1352/187/210 1353/188/210 1351/189/210
f 1355/190/210 1356/188/210 1354/187/210
o iron_box8
v -5.903172 0.312000 5.693685
v -5.903172 0.048000 5.693685
v -5.084858 0.312000 4.657942
v -5.903172 0.048000 5.693685
v -5.084858 0.048000 4.657942
v -5.084858 0.312000 4.657942
v -5.932283 0.312000 3.988413
v -5.932283 0.048000 3.988413
v -6.750597 0.312000 5.024156
v -5.932283 0.048000 3.988413
v -6.750597 0.048000 5.024156
v -6.750597 0.312000 5.024156
v -5.932283 0.312000 3.988413
v -6.750597 0.312000 5.024156
v -5.084858 0.312000 4.657942
v -6.750597 0.312000 5.024156
v -5.903172 0.312000 5.693685
v -5.084858 0.312000 4.657942
v -6.750597 0.048000 5.024156
v -5.932283 0.048000 3.988413
v -5.903172 0.048000 5.693685
v -5.932283 0.048000 3.988413
v -5.084858 0.048000 4.657942
v -5.903172 0.048000 5.693685
v -6.750597 0.312000 5.024156
v -6.750597 0.048000 5.024156
v -5.903172 0.312000 5.693685
v -6.750597 0.048000 5.024156
v -5.903172 0.048000 5.693685
v -5.903172 0.312000 5.693685
v -5.084858 0.312000 4.657942
v -5.084858 0.048000 4.657942
v -5.932283 0.312000 3.988413
v -5.084858 0.048000 4.657942
v -5.932283 0.048000 3.988413
v -5.932283 0.312000 3.988413
vn 0.7847 -0.0000 0.6199
vn -0.7847 -0.0000 -0.6199
vn -0.0000 1.0000 -0.0000
vn -0.0000 -1.0000 -0.0000
vn -0.6199 -0.0000 0.7847
vn 0.6199 -0.0000 -0.7847
vt 0.000000 1.000000
vt 1.000000 0.000000
vt 0.000000 0.000000
vt 1.000000 1.000000
s 0
usemtl Material_2
f 1358/191/211 1359/192/211 1357/193/211
f 1361/194/211 1362/192/211 1360/191/211
f 1364/191/212 1365/192/212 1363/193/212
f 1367/194/212 1368/192/212 1366/191/212
f 1370/191/213 1371/192/213 1369/193/213
f 1373/194/213 1374/192/213 1372/191/213
f 1376/191/214 1377/192/214 1375/193/214
f 1379/194/214 1380/192/214 1378/191/214
f 1382/191/215 1383/192/215 1381/193/215
f 1385/194/215 1386/192/215 1384/191/215
f 1388/191/216 1389/192/216 1387/193/216
f 1391/194/216 1392/192/216 1390/191/216
o enemyRed_box8
v -5.627633 0.720000 5.238472
v -5.627633 0.312000 5.238472
v -5.344943 0.720000 4.880670
v -5.627633 0.312000 5.238472
v -5.344943 0.312000 4.880670
v -5.344943 0.720000 4.880670
v -5.862814 0.720000 4.471513
v -5.862814 0.312000 4.471513
v -6.145504 0.720000 4.829315
v -5.862814 0.312000 4.471513
v -6.145504 0.312000 4.829315
v -6.145504 0.720000 4.829315
v -5.862814 0.720000 4.471513
v -6.145504 0.720000 4.829315
v -5.344943 0.720000 4.880670
v -6.145504 0.720000 4.829315
v -5.627633 0.720000 5.238472
v -5.344943 0.720000 4.880670
v -6.145504 0.312000 4.829315
v -5.862814 0.312000 4.471513
v -5.627633 0.312000 5.238472
v -5.862814 0.312000 4.471513
v -5.344943 0.312000 4.880670
v -5.627633 0.312000 5.238472
v -6.145504 0.720000 4.829315
v -6.145504 0.312000 4.829315
v -5.627633 0.720000 5.238472
v -6.145504 0.312000 4.829315
v -5.627633 0.312000 5.238472
v -5.627633 0.720000 5.238472
v -5.344943 0.720000 4.880670
v -5.344943 0.312000 4.880670
v -5.862814 0.720000 4.471513
v -5.344943 0.312000 4.880670
v -5.862814 0.312000 4.471513
v -5.862814 0.720000 4.471513
vn 0.7847 -0.0000 0.6199
vn -0.7847 -0.0000 -0.6199
vn -0.0000 1.0000 -0.0000
vn -0.0000 -1.0000 -0.0000
vn -0.6199 -0.0000 0.7847
vn 0.6199 -0.0000 -0.7847
vt 0.000000 1.000000
vt 1.000000 0.000000
vt 0.000000 0.000000
vt 1.000000 1.000000
s 0
usemtl Material_4
f 1394/195/217 1395/196/217 1393/197/217
f 1397/198/217 1398/196/217 1396/195/217
f 1400/195/218 1401/196/218 1399/197/218
f 1403/198/218 1404/196/218 1402/195/218
f 1406/195/219 1407/196/219 1405/197/219
f 1409/198/219 1410/196/219 1408/195/219
f 1412/195/220 1413/196/220 1411/197/220
f 1415/198/220 1416/196/220 1414/195/220
f 1418/195/221 1419/196/221 1417/197/221
f 1421/198/221 1422/196/221 1420/195/221
f 1424/195/222 1425/196/222 1423/197/222
f 1427/198/222 1428/196/222 1426/195/222
o iron_box9
v -5.470221 0.312000 4.561010
v -5.470221 0.048000 4.561010
v -4.267077 0.312000 5.104007
v -5.470221 0.048000 4.561010
v -4.267077 0.048000 5.104007
v -4.267077 0.312000 5.104007
v -3.822806 0.312000 4.119617
v -3.822806 0.048000 4.119617
v -5.025950 0.312000 3.576620
v -3.822806 0.048000 4.119617
v -5.025950 0.048000 3.576620
v -5.025950 0.312000 3.576620
v -3.822806 0.312000 4.119617
v -5.025950 0.312000 3.576620
v -4.267077 0.312000 5.104007
v -5.025950 0.312000 3.576620
v -5.470221 0.312000 4.561010
v -4.267077 0.312000 5.104007
v -5.025950 0.048000 3.576620
v -3.822806 0.048000 4.119617
v -5.470221 0.048000 4.561010
v -3.822806 0.048000 4.119617
v -4.267077 0.048000 5.104007
v -5.470221 0.048000 4.561010
v -5.025950 0.312000 3.576620
v -5.025950 0.048000 3.576620
v -5.470221 0.312000 4.561010
v -5.025950 0.048000 3.576620
v -5.470221 0.048000 4.561010
v -5.470221 0.312000 4.561010
v -4.267077 0.312000 5.104007
v -4.267077 0.048000 5.104007
v -3.822806 0.312000 4.119617
v -4.267077 0.048000 5.104007
v -3.822806 0.048000 4.119617
v -3.822806 0.312000 4.119617
vn -0.4114 -0.0000 0.9115
vn 0.4114 -0.0000 -0.9115
vn -0.0000 1.0000 -0.0000
vn -0.0000 -1.0000 -0.0000
vn -0.9115 -0.0000 -0.4114
vn 0.9115 -0.0000 0.4114
vt 0.000000 1.000000
vt 1.000000 0.000000
vt 0.000000 0.000000
vt 1.000000 1.000000
s 0
usemtl Material_2
f 1430/199/223 1431/200/223 1429/201/223
f 1433/202/223 1434/200/223 1432/199/223
f 1436/199/224 1437/200/224 1435/201/224
f 1439/202/224 1440/200/224 1438/199/224
f 1442/199/225 1443/200/225 1441/201/225
f 1445/202/225 1446/200/225 1444/199/225
f 1448/199/226 1449/200/226 1447/201/226
f 1451/202/226 1452/200/226 1450/199/226
f 1454/199/227 1455/200/227 1453/201/227
f 1457/202/227 1458/200/227 1456/199/227
f 1460/199/228 1461/200/228 1459/201/228
f 1463/202/228 1464/200/228 1462/199/228
o enemyRed_box9
v -4.961813 0.720000 4.718051
v -4.961813 0.312000 4.718051
v -4.546182 0.720000 4.905632
v -4.961813 0.312000 4.718051
v -4.546182 0.312000 4.905632
v -4.546182 0.720000 4.905632
v -4.274683 0.720000 4.304060
v -4.274683 0.312000 4.304060
v -4.690314 0.720000 4.116480
v -4.274683 0.312000 4.304060
v -4.690314 0.312000 4.116480
v -4.690314 0.720000 4.116480
v -4.274683 0.720000 4.304060
v -4.690314 0.720000 4.116480
v -4.546182 0.720000 4.905632
v -4.690314 0.720000 4.116480
v -4.961813 0.720000 4.718051
v -4.546182 0.720000 4.905632
v -4.690314 0.312000 4.116480
v -4.274683 0.312000 4.304060
v -4.961813 0.312000 4.718051
v -4.274683 0.312000 4.304060
v -4.546182 0.312000 4.905632
v -4.961813 0.312000 4.718051
v -4.690314 0.720000 4.116480
v -4.690314 0.312000 4.116480
v -4.961813 0.720000 4.718051
v -4.690314 0.312000 4.116480
v -4.961813 0.312000 4.718051
v -4.961813 0.720000 4.718051
v -4.546182 0.720000 4.905632
v -4.546182 0.312000 4.905632
v -4.274683 0.720000 4.304060
v -4.546182 0.312000 4.905632
v -4.274683 0.312000 4.304060
v -4.274683 0.720000 4.304060
vn -0.4114 -0.0000 0.9115
vn 0.4114 -0.0000 -0.9115
vn -0.0000 1.0000 -0.0000
vn -0.0000 -1.0000 -0.0000
vn -0.9115 -0.0000 -0.4114
vn 0.9115 -0.0000 0.4114
vt 0.000000 1.000000
vt 1.000000 0.000000
vt 0.000000 0.000000
vt 1.000000 1.000000
s 0
usemtl Material_4
f 1466/203/229 1467/204/229 1465/205/229
f 1469/206/229 1470/204/229 1468/203/229
f 1472/203/230 1473/204/230 1471/205/230
f 1475/206/230 1476/204/230 1474/203/230
f 1478/203/231 1479/204/231 1477/205/231
f 1481/206/231 1482/204/231 1480/203/231
f 1484/203/232 1485/204/232 1483/205/232
f 1487/206/232 1488/204/232 1486/203/232
f 1490/203/233 1491/204/233 1489/205/233
f 1493/206/233 1494/204/233 1492/203/233
f 1496/203/234 1497/204/234 1495/205/234
f 1499/206/234 1500/204/234 1498/203/234
o MilitaryStructure5
v -0.718675 2.600000 3.823821
v 2.190402 2.600000 3.081078
v 2.215417 2.600000 3.198441
v -0.743691 2.600000 3.706457
v -0.718675 0.100000 3.823821
v 2.190402 0.100000 3.081078
v 2.215417 0.100000 3.198441
v -0.743691 0.100000 3.706457
v 2.215417 2.600000 3.198441
v -0.743691 2.600000 3.706457
v 2.190402 2.600000 3.081078
v -0.718675 2.600000 3.823821
v 2.215417 0.100000 3.198441
v -0.743691 0.100000 3.706457
v 2.190402 0.100000 3.081078
v -0.718675 0.100000 3.823821
v 2.215417 2.600000 3.198441
v -0.718675 0.100000 3.823821
v -0.718675 2.600000 3.823821
v 2.215417 0.100000 3.198441
v 2.190402 2.600000 3.081078
v -0.743691 0.100000 3.706457
v -0.743691 2.600000 3.706457
v 2.190402 0.100000 3.081078
v 1.259019 4.155000 -0.089419
v 3.031463 4.155000 -1.847527
v 3.312884 4.155000 -0.527185
v 0.977598 4.155000 -1.409761
v 1.259019 3.505000 -0.089419
v 3.031463 3.505000 -1.847527
v 3.312884 3.505000 -0.527185
v 0.977598 3.505000 -1.409761
v 3.312884 4.155000 -0.527185
v 0.977598 4.155000 -1.409761
v 3.031463 4.155000 -1.847527
v 1.259019 4.155000 -0.089419
v 3.312884 3.505000 -0.527185
v 0.977598 3.505000 -1.409761
v 3.031463 3.505000 -1.847527
v 1.259019 3.505000 -0.089419
v 3.312884 4.155000 -0.527185
v 1.259019 3.505000 -0.089419
v 1.259019 4.155000 -0.089419
v 3.312884 3.505000 -0.527185
v 3.031463 4.155000 -1.847527
v 0.977598 3.505000 -1.409761
v 0.977598 4.155000 -1.409761
v 3.031463 3.505000 -1.847527
v -0.635942 0.377500 3.852198
v 2.141023 0.377500 3.209185
v 2.151446 0.377500 3.258087
v -0.646365 0.377500 3.803296
v -0.635942 0.322500 3.852198
v 2.141023 0.322500 3.209185
v 2.151446 0.322500 3.258087
v -0.646365 0.322500 3.803296
v 2.151446 0.377500 3.258087
v -0.646365 0.377500 3.803296
v 2.141023 0.377500 3.209185
v -0.635942 0.377500 3.852198
v 2.151446 0.322500 3.258087
v -0.646365 0.322500 3.803296
v 2.141023 0.322500 3.209185
v -0.635942 0.322500 3.852198
v 2.151446 0.377500 3.258087
v -0.635942 0.322500 3.852198
v -0.635942 0.377500 3.852198
v 2.151446 0.322500 3.258087
v 2.141023 0.377500 3.209185
v -0.646365 0.322500 3.803296
v -0.646365 0.377500 3.803296
v 2.141023 0.322500 3.209185
v -0.635942 0.697500 3.852198
v 2.141023 0.697500 3.209185
v 2.151446 0.697500 3.258087
v -0.646365 0.697500 3.803296
v -0.635942 0.642500 3.852198
v 2.141023 0.642500 3.209185
v 2.151446 0.642500 3.258087
v -0.646365 0.642500 3.803296
v 2.151446 0.697500 3.258087
v -0.646365 0.697500 3.803296
v 2.141023 0.697500 3.209185
v -0.635942 0.697500 3.852198
v 2.151446 0.642500 3.258087
v -0.646365 0.642500 3.803296
v 2.141023 0.642500 3.209185
v -0.635942 0.642500 3.852198
v 2.151446 0.697500 3.258087
v -0.635942 0.642500 3.852198
v -0.635942 0.697500 3.852198
v 2.151446 0.642500 3.258087
v 2.141023 0.697500 3.209185
v -0.646365 0.642500 3.803296
v -0.646365 0.697500 3.803296
v 2.141023 0.642500 3.209185
v -0.635942 1.017500 3.852198
v 2.141023 1.017500 3.209185
v 2.151446 1.017500 3.258087
v -0.646365 1.017500 3.803296
v -0.635942 0.962500 3.852198
v 2.141023 0.962500 3.209185
v 2.151446 0.962500 3.258087
v -0.646365 0.962500 3.803296
v 2.151446 1.017500 3.258087
v -0.646365 1.017500 3.803296
v 2.141023 1.017500 3.209185
v -0.635942 1.017500 3.852198
v 2.151446 0.962500 3.258087
v -0.646365 0.962500 3.803296
v 2.141023 0.962500 3.209185
v -0.635942 0.962500 3.852198
v 2.151446 1.017500 3.258087
v -0.635942 0.962500 3.852198
v -0.635942 1.017500 3.852198
v 2.151446 0.962500 3.258087
v 2.141023 1.017500 3.209185
v -0.646365 0.962500 3.803296
v -0.646365 1.017500 3.803296
v 2.141023 0.962500 3.209185
v -0.635942 1.337500 3.852198
v 2.141023 1.337500 3.209185
v 2.151446 1.337500 3.258087
v -0.646365 1.337500 3.803296
v -0.635942 1.282500 3.852198
v 2.141023 1.282500 3.209185
v 2.151446 1.282500 3.258087
v -0.646365 1.282500 3.803296
v 2.151446 1.337500 3.258087
v -0.646365 1.337500 3.803296
v 2.141023 1.337500 3.209185
v -0.635942 1.337500 3.852198
v 2.151446 1.282500 3.258087
v -0.646365 1.282500 3.803296
v 2.141023 1.282500 3.209185
v -0.635942 1.282500 3.852198
v 2.151446 1.337500 3.258087
v -0.635942 1.282500 3.852198
v -0.635942 1.337500 3.852198
v 2.151446 1.282500 3.258087
v 2.141023 1.337500 3.209185
v -0.646365 1.282500 3.803296
v -0.646365 1.337500 3.803296
v 2.141023 1.282500 3.209185
v -0.635942 1.657500 3.852198
v 2.141023 1.657500 3.209185
v 2.151446 1.657500 3.258087
v -0.646365 1.657500 3.803296
v -0.635942 1.602500 3.852198
v 2.141023 1.602500 3.209185
v 2.151446 1.602500 3.258087
v -0.646365 1.602500 3.803296
v 2.151446 1.657500 3.258087
v -0.646365 1.657500 3.803296
v 2.141023 1.657500 3.209185
v -0.635942 1.657500 3.852198
v 2.151446 1.602500 3.258087
v -0.646365 1.602500 3.803296
v 2.141023 1.602500 3.209185
v -0.635942 1.602500 3.852198
v 2.151446 1.657500 3.258087
v -0.635942 1.602500 3.852198
v -0.635942 1.657500 3.852198
v 2.151446 1.602500 3.258087
v 2.141023 1.657500 3.209185
v -0.646365 1.602500 3.803296
v -0.646365 1.657500 3.803296
v 2.141023 1.602500 3.209185
v -0.635942 1.977500 3.852198
v 2.141023 1.977500 3.209185
v 2.151446 1.977500 3.258087
v -0.646365 1.977500 3.803296
v -0.635942 1.922500 3.852198
v 2.141023 1.922500 3.209185
v 2.151446 1.922500 3.258087
v -0.646365 1.922500 3.803296
v 2.151446 1.977500 3.258087
v -0.646365 1.977500 3.803296
v 2.141023 1.977500 3.209185
v -0.635942 1.977500 3.852198
v 2.151446 1.922500 3.258087
v -0.646365 1.922500 3.803296
v 2.141023 1.922500 3.209185
v -0.635942 1.922500 3.852198
v 2.151446 1.977500 3.258087
v -0.635942 1.922500 3.852198
v -0.635942 1.977500 3.852198
v 2.151446 1.922500 3.258087
v 2.141023 1.977500 3.209185
v -0.646365 1.922500 3.803296
v -0.646365 1.977500 3.803296
v 2.141023 1.922500 3.209185
v -0.635942 2.297500 3.852198
v 2.141023 2.297500 3.209185
v 2.151446 2.297500 3.258087
v -0.646365 2.297500 3.803296
v -0.635942 2.242500 3.852198
v 2.141023 2.242500 3.209185
v 2.151446 2.242500 3.258087
v -0.646365 2.242500 3.803296
v 2.151446 2.297500 3.258087
v -0.646365 2.297500 3.803296
v 2.141023 2.297500 3.209185
v -0.635942 2.297500 3.852198
v 2.151446 2.242500 3.258087
v -0.646365 2.242500 3.803296
v 2.141023 2.242500 3.209185
v -0.635942 2.242500 3.852198
v 2.151446 2.297500 3.258087
v -0.635942 2.242500 3.852198
v -0.635942 2.297500 3.852198
v 2.151446 2.242500 3.258087
v 2.141023 2.297500 3.209185
v -0.646365 2.242500 3.803296
v -0.646365 2.297500 3.803296
v 2.141023 2.242500 3.209185
v -2.890390 3.650000 4.092438
v -4.151433 3.650000 -2.591527
v -2.733905 3.650000 4.059084
v -4.307917 3.650000 -2.558173
v -2.890390 3.450000 4.092438
v -4.151433 3.450000 -2.591527
v -2.733905 3.450000 4.059084
v -4.307917 3.450000 -2.558173
v -2.733905 3.650000 4.059084
v -4.307917 3.650000 -2.558173
v -4.151433 3.650000 -2.591527
v -2.890390 3.650000 4.092438
v -2.733905 3.450000 4.059084
v -4.307917 3.450000 -2.558173
v -4.151433 3.450000 -2.591527
v -2.890390 3.450000 4.092438
v -2.733905 3.650000 4.059084
v -2.890390 3.450000 4.092438
v -2.890390 3.650000 4.092438
v -2.733905 3.450000 4.059084
v -4.151433 3.650000 -2.591527
v -4.307917 3.450000 -2.558173
v -4.307917 3.650000 -2.558173
v -4.151433 3.450000 -2.591527
v -0.543116 3.650000 3.592134
v -1.804158 3.650000 -3.091830
v -0.386631 3.650000 3.558780
v -1.960643 3.650000 -3.058476
v -0.543116 3.450000 3.592134
v -1.804158 3.450000 -3.091830
v -0.386631 3.450000 3.558780
v -1.960643 3.450000 -3.058476
v -0.386631 3.650000 3.558780
v -1.960643 3.650000 -3.058476
v -1.804158 3.650000 -3.091830
v -0.543116 3.650000 3.592134
v -0.386631 3.450000 3.558780
v -1.960643 3.450000 -3.058476
v -1.804158 3.450000 -3.091830
v -0.543116 3.450000 3.592134
v -0.386631 3.650000 3.558780
v -0.543116 3.450000 3.592134
v -0.543116 3.650000 3.592134
v -0.386631 3.450000 3.558780
v -1.804158 3.650000 -3.091830
v -1.960643 3.450000 -3.058476
v -1.960643 3.650000 -3.058476
v -1.804158 3.450000 -3.091830
v 1.804158 3.650000 3.091830
v 0.543116 3.650000 -3.592134
v 1.960643 3.650000 3.058476
v 0.386631 3.650000 -3.558780
v 1.804158 3.450000 3.091830
v 0.543116 3.450000 -3.592134
v 1.960643 3.450000 3.058476
v 0.386631 3.450000 -3.558780
v 1.960643 3.650000 3.058476
v 0.386631 3.650000 -3.558780
v 0.543116 3.650000 -3.592134
v 1.804158 3.650000 3.091830
v 1.960643 3.450000 3.058476
v 0.386631 3.450000 -3.558780
v 0.543116 3.450000 -3.592134
v 1.804158 3.450000 3.091830
v 1.960643 3.650000 3.058476
v 1.804158 3.450000 3.091830
v 1.804158 3.650000 3.091830
v 1.960643 3.450000 3.058476
v 0.543116 3.650000 -3.592134
v 0.386631 3.450000 -3.558780
v 0.386631 3.650000 -3.558780
v 0.543116 3.450000 -3.592134
v 4.151433 3.650000 2.591527
v 2.890390 3.650000 -4.092438
v 4.307917 3.650000 2.558173
v 2.733905 3.650000 -4.059084
v 4.151433 3.450000 2.591527
v 2.890390 3.450000 -4.092438
v 4.307917 3.450000 2.558173
v 2.733905 3.450000 -4.059084
v 4.307917 3.650000 2.558173
v 2.733905 3.650000 -4.059084
v 2.890390 3.650000 -4.092438
v 4.151433 3.650000 2.591527
v 4.307917 3.450000 2.558173
v 2.733905 3.450000 -4.059084
v 2.890390 3.450000 -4.092438
v 4.151433 3.450000 2.591527
v 4.307917 3.650000 2.558173
v 4.151433 3.450000 2.591527
v 4.151433 3.650000 2.591527
v 4.307917 3.450000 2.558173
v 2.890390 3.650000 -4.092438
v 2.733905 3.450000 -4.059084
v 2.733905 3.650000 -4.059084
v 2.890390 3.450000 -4.092438
v 1.497673 4.210000 -0.216971
v 1.325763 4.210000 -1.407285
v 1.575915 4.210000 -0.233648
v 1.247521 4.210000 -1.390608
v 1.497673 4.150000 -0.216971
v 1.325763 4.150000 -1.407285
v 1.575915 4.150000 -0.233648
v 1.247521 4.150000 -1.390608
v 1.575915 4.210000 -0.233648
v 1.247521 4.210000 -1.390608
v 1.325763 4.210000 -1.407285
v 1.497673 4.210000 -0.216971
v 1.575915 4.150000 -0.233648
v 1.247521 4.150000 -1.390608
v 1.325763 4.150000 -1.407285
v 1.497673 4.150000 -0.216971
v 1.575915 4.210000 -0.233648
v 1.497673 4.150000 -0.216971
v 1.497673 4.210000 -0.216971
v 1.575915 4.150000 -0.233648
v 1.325763 4.210000 -1.407285
v 1.247521 4.150000 -1.390608
v 1.247521 4.210000 -1.390608
v 1.325763 4.150000 -1.407285
v 1.859544 4.210000 -0.294101
v 1.687635 4.210000 -1.484415
v 1.937787 4.210000 -0.310778
v 1.609392 4.210000 -1.467739
v 1.859544 4.150000 -0.294101
v 1.687635 4.150000 -1.484415
v 1.937787 4.150000 -0.310778
v 1.609392 4.150000 -1.467739
v 1.937787 4.210000 -0.310778
v 1.609392 4.210000 -1.467739
v 1.687635 4.210000 -1.484415
v 1.859544 4.210000 -0.294101
v 1.937787 4.150000 -0.310778
v 1.609392 4.150000 -1.467739
v 1.687635 4.150000 -1.484415
v 1.859544 4.150000 -0.294101
v 1.937787 4.210000 -0.310778
v 1.859544 4.150000 -0.294101
v 1.859544 4.210000 -0.294101
v 1.937787 4.150000 -0.310778
v 1.687635 4.210000 -1.484415
v 1.609392 4.150000 -1.467739
v 1.609392 4.210000 -1.467739
v 1.687635 4.150000 -1.484415
v 2.221416 4.210000 -0.371232
v 2.049506 4.210000 -1.561546
v 2.299658 4.210000 -0.387908
v 1.971264 4.210000 -1.544869
v 2.221416 4.150000 -0.371232
v 2.049506 4.150000 -1.561546
v 2.299658 4.150000 -0.387908
v 1.971264 4.150000 -1.544869
v 2.299658 4.210000 -0.387908
v 1.971264 4.210000 -1.544869
v 2.049506 4.210000 -1.561546
v 2.221416 4.210000 -0.371232
v 2.299658 4.150000 -0.387908
v 1.971264 4.150000 -1.544869
v 2.049506 4.150000 -1.561546
v 2.221416 4.150000 -0.371232
v 2.299658 4.210000 -0.387908
v 2.221416 4.150000 -0.371232
v 2.221416 4.210000 -0.371232
v 2.299658 4.150000 -0.387908
v 2.049506 4.210000 -1.561546
v 1.971264 4.150000 -1.544869
v 1.971264 4.210000 -1.544869
v 2.049506 4.150000 -1.561546
v 2.583287 4.210000 -0.448362
v 2.411377 4.210000 -1.638676
v 2.661529 4.210000 -0.465039
v 2.333135 4.210000 -1.621999
v 2.583287 4.150000 -0.448362
v 2.411377 4.150000 -1.638676
v 2.661529 4.150000 -0.465039
v 2.333135 4.150000 -1.621999
v 2.661529 4.210000 -0.465039
v 2.333135 4.210000 -1.621999
v 2.411377 4.210000 -1.638676
v 2.583287 4.210000 -0.448362
v 2.661529 4.150000 -0.465039
v 2.333135 4.150000 -1.621999
v 2.411377 4.150000 -1.638676
v 2.583287 4.150000 -0.448362
v 2.661529 4.210000 -0.465039
v 2.583287 4.150000 -0.448362
v 2.583287 4.210000 -0.448362
v 2.661529 4.150000 -0.465039
v 2.411377 4.210000 -1.638676
v 2.333135 4.150000 -1.621999
v 2.333135 4.210000 -1.621999
v 2.411377 4.150000 -1.638676
v 2.945158 4.210000 -0.525492
v 2.773249 4.210000 -1.715806
v 3.023401 4.210000 -0.542169
v 2.695006 4.210000 -1.699129
v 2.945158 4.150000 -0.525492
v 2.773249 4.150000 -1.715806
v 3.023401 4.150000 -0.542169
v 2.695006 4.150000 -1.699129
v 3.023401 4.210000 -0.542169
v 2.695006 4.210000 -1.699129
v 2.773249 4.210000 -1.715806
v 2.945158 4.210000 -0.525492
v 3.023401 4.150000 -0.542169
v 2.695006 4.150000 -1.699129
v 2.773249 4.150000 -1.715806
v 2.945158 4.150000 -0.525492
v 3.023401 4.210000 -0.542169
v 2.945158 4.150000 -0.525492
v 2.945158 4.210000 -0.525492
v 3.023401 4.150000 -0.542169
v 2.773249 4.210000 -1.715806
v 2.695006 4.150000 -1.699129
v 2.695006 4.210000 -1.699129
v 2.773249 4.150000 -1.715806
v -0.885097 2.675000 4.002437
v -0.761966 2.675000 3.812599
v -0.728612 2.675000 3.969084
v -0.918451 2.675000 3.845952
v -0.885097 0.025000 4.002437
v -0.761966 0.025000 3.812599
v -0.728612 0.025000 3.969084
v -0.918451 0.025000 3.845952
v -0.728612 2.675000 3.969084
v -0.918451 2.675000 3.845952
v -0.761966 2.675000 3.812599
v -0.885097 2.675000 4.002437
v -0.728612 0.025000 3.969084
v -0.918451 0.025000 3.845952
v -0.761966 0.025000 3.812599
v -0.885097 0.025000 4.002437
v -0.728612 2.675000 3.969084
v -0.885097 0.025000 4.002437
v -0.885097 2.675000 4.002437
v -0.728612 0.025000 3.969084
v -0.761966 2.675000 3.812599
v -0.918451 0.025000 3.845952
v -0.918451 2.675000 3.845952
v -0.761966 0.025000 3.812599
v 2.283723 2.675000 3.327027
v 2.406854 2.675000 3.137189
v 2.440208 2.675000 3.293674
v 2.250369 2.675000 3.170542
v 2.283723 0.025000 3.327027
v 2.406854 0.025000 3.137189
v 2.440208 0.025000 3.293674
v 2.250369 0.025000 3.170542
v 2.440208 2.675000 3.293674
v 2.250369 2.675000 3.170542
v 2.406854 2.675000 3.137189
v 2.283723 2.675000 3.327027
v 2.440208 0.025000 3.293674
v 2.250369 0.025000 3.170542
v 2.406854 0.025000 3.137189
v 2.283723 0.025000 3.327027
v 2.440208 2.675000 3.293674
v 2.283723 0.025000 3.327027
v 2.283723 2.675000 3.327027
v 2.440208 0.025000 3.293674
v 2.406854 2.675000 3.137189
v 2.250369 0.025000 3.170542
v 2.250369 2.675000 3.170542
v 2.406854 0.025000 3.137189
v -3.450908 2.450000 4.436850
v -2.208652 2.450000 4.028927
v -2.179468 2.450000 4.165852
v -3.480093 2.450000 4.299925
v -3.450908 1.850000 4.436850
v -2.208652 1.850000 4.028927
v -2.179468 1.850000 4.165852
v -3.480093 1.850000 4.299925
v -2.179468 2.450000 4.165852
v -3.480093 2.450000 4.299925
v -2.208652 2.450000 4.028927
v -3.450908 2.450000 4.436850
v -2.179468 1.850000 4.165852
v -3.480093 1.850000 4.299925
v -2.208652 1.850000 4.028927
v -3.450908 1.850000 4.436850
v -2.179468 2.450000 4.165852
v -3.450908 1.850000 4.436850
v -3.450908 2.450000 4.436850
v -2.179468 1.850000 4.165852
v -2.208652 2.450000 4.028927
v -3.480093 1.850000 4.299925
v -3.480093 2.450000 4.299925
v -2.208652 1.850000 4.028927
v 3.688718 2.450000 2.915092
v 4.930974 2.450000 2.507170
v 4.960158 2.450000 2.644094
v 3.659533 2.450000 2.778168
v 3.688718 1.850000 2.915092
v 4.930974 1.850000 2.507170
v 4.960158 1.850000 2.644094
v 3.659533 1.850000 2.778168
v 4.960158 2.450000 2.644094
v 3.659533 2.450000 2.778168
v 4.930974 2.450000 2.507170
v 3.688718 2.450000 2.915092
v 4.960158 1.850000 2.644094
v 3.659533 1.850000 2.778168
v 4.930974 1.850000 2.507170
v 3.688718 1.850000 2.915092
v 4.960158 2.450000 2.644094
v 3.688718 1.850000 2.915092
v 3.688718 2.450000 2.915092
v 4.960158 1.850000 2.644094
v 4.930974 2.450000 2.507170
v 3.659533 1.850000 2.778168
v 3.659533 2.450000 2.778168
v 4.930974 1.850000 2.507170
vn 0.2085 -0.0000 0.9780
vn -0.2085 -0.0000 -0.9780
vn 0.9780 -0.0000 -0.2085
vn -0.9780 -0.0000 0.2085
vn -0.0000 1.0000 -0.0000
vn -0.0000 -1.0000 -0.0000
vt 0.000000 0.500000
vt 0.333333 1.000000
vt 0.000000 1.000000
vt 0.333333 0.500000
vt 0.666667 0.500000
vt 1.000000 1.000000
vt 0.666667 1.000000
vt 1.000000 0.500000
vt 0.000000 0.000000
vt 0.333333 0.000000
vt 0.666667 0.000000
vt 1.000000 0.000000
s 0
usemtl Material_2
f 1505/207/235 1503/208/235 1501/209/235
f 1505/207/235 1507/210/235 1503/208/235
f 1506/211/236 1504/212/236 1502/213/236
f 1506/211/236 1508/214/236 1504/212/236
f 1513/210/237 1511/213/237 1509/208/237
f 1513/210/237 1515/211/237 1511/213/237
f 1514/215/238 1512/210/238 1510/207/238
f 1514/215/238 1516/216/238 1512/210/238
f 1521/216/239 1519/211/239 1517/210/239
f 1521/216/239 1523/217/239 1519/211/239
f 1522/217/240 1520/214/240 1518/211/240
f 1522/217/240 1524/218/240 1520/214/240
f 1529/207/235 1527/208/235 1525/209/235
f 1529/207/235 1531/210/235 1527/208/235
f 1530/211/236 1528/212/236 1526/213/236
f 1530/211/236 1532/214/236 1528/212/236
f 1537/210/237 1535/213/237 1533/208/237
f 1537/210/237 1539/211/237 1535/213/237
f 1538/215/238 1536/210/238 1534/207/238
f 1538/215/238 1540/216/238 1536/210/238
f 1545/216/239 1543/211/239 1541/210/239
f 1545/216/239 1547/217/239 1543/211/239
f 1546/217/240 1544/214/240 1542/211/240
f 1546/217/240 1548/218/240 1544/214/240
usemtl Material_5
f 1553/207/235 1551/208/235 1549/209/235
f 1553/207/235 1555/210/235 1551/208/235
f 1554/211/236 1552/212/236 1550/213/236
f 1554/211/236 1556/214/236 1552/212/236
f 1561/210/237 1559/213/237 1557/208/237
f 1561/210/237 1563/211/237 1559/213/237
f 1562/215/238 1560/210/238 1558/207/238
f 1562/215/238 1564/216/238 1560/210/238
f 1569/216/239 1567/211/239 1565/210/239
f 1569/216/239 1571/217/239 1567/211/239
f 1570/217/240 1568/214/240 1566/211/240
f 1570/217/240 1572/218/240 1568/214/240
f 1577/207/235 1575/208/235 1573/209/235
f 1577/207/235 1579/210/235 1575/208/235
f 1578/211/236 1576/212/236 1574/213/236
f 1578/211/236 1580/214/236 1576/212/236
f 1585/210/237 1583/213/237 1581/208/237
f 1585/210/237 1587/211/237 1583/213/237
f 1586/215/238 1584/210/238 1582/207/238
f 1586/215/238 1588/216/238 1584/210/238
f 1593/216/239 1591/211/239 1589/210/239
f 1593/216/239 1595/217/239 1591/211/239
f 1594/217/240 1592/214/240 1590/211/240
f 1594/217/240 1596/218/240 1592/214/240
f 1601/207/235 1599/208/235 1597/209/235
f 1601/207/235 1603/210/235 1599/208/235
f 1602/211/236 1600/212/236 1598/213/236
f 1602/211/236 1604/214/236 1600/212/236
f 1609/210/237 1607/213/237 1605/208/237
f 1609/210/237 1611/211/237 1607/213/237
f 1610/215/238 1608/210/238 1606/207/238
f 1610/215/238 1612/216/238 1608/210/238
f 1617/216/239 1615/211/239 1613/210/239
f 1617/216/239 1619/217/239 1615/211/239
f 1618/217/240 1616/214/240 1614/211/240
f 1618/217/240 1620/218/240 1616/214/240
f 1625/207/235 1623/208/235 1621/209/235
f 1625/207/235 1627/210/235 1623/208/235
f 1626/211/236 1624/212/236 1622/213/236
f 1626/211/236 1628/214/236 1624/212/236
f 1633/210/237 1631/213/237 1629/208/237
f 1633/210/237 1635/211/237 1631/213/237
f 1634/215/238 1632/210/238 1630/207/238
f 1634/215/238 1636/216/238 1632/210/238
f 1641/216/239 1639/211/239 1637/210/239
f 1641/216/239 1643/217/239 1639/211/239
f 1642/217/240 1640/214/240 1638/211/240
f 1642/217/240 1644/218/240 1640/214/240
f 1649/207/235 1647/208/235 1645/209/235
f 1649/207/235 1651/210/235 1647/208/235
f 1650/211/236 1648/212/236 1646/213/236
f 1650/211/236 1652/214/236 1648/212/236
f 1657/210/237 1655/213/237 1653/208/237
f 1657/210/237 1659/211/237 1655/213/237
f 1658/215/238 1656/210/238 1654/207/238
f 1658/215/238 1660/216/238 1656/210/238
f 1665/216/239 1663/211/239 1661/210/239
f 1665/216/239 1667/217/239 1663/211/239
f 1666/217/240 1664/214/240 1662/211/240
f 1666/217/240 1668/218/240 1664/214/240
f 1673/207/235 1671/208/235 1669/209/235
f 1673/207/235 1675/210/235 1671/208/235
f 1674/211/236 1672/212/236 1670/213/236
f 1674/211/236 1676/214/236 1672/212/236
f 1681/210/237 1679/213/237 1677/208/237
f 1681/210/237 1683/211/237 1679/213/237
f 1682/215/238 1680/210/238 1678/207/238
f 1682/215/238 1684/216/238 1680/210/238
f 1689/216/239 1687/211/239 1685/210/239
f 1689/216/239 1691/217/239 1687/211/239
f 1690/217/240 1688/214/240 1686/211/240
f 1690/217/240 1692/218/240 1688/214/240
f 1697/207/235 1695/208/235 1693/209/235
f 1697/207/235 1699/210/235 1695/208/235
f 1698/211/236 1696/212/236 1694/213/236
f 1698/211/236 1700/214/236 1696/212/236
f 1705/210/237 1703/213/237 1701/208/237
f 1705/210/237 1707/211/237 1703/213/237
f 1706/215/238 1704/210/238 1702/207/238
f 1706/215/238 1708/216/238 1704/210/238
f 1713/216/239 1711/211/239 1709/210/239
f 1713/216/239 1715/217/239 1711/211/239
f 1714/217/240 1712/214/240 1710/211/240
f 1714/217/240 1716/218/240 1712/214/240
f 1721/207/235 1719/208/235 1717/209/235
f 1721/207/235 1723/210/235 1719/208/235
f 1722/211/236 1720/212/236 1718/213/236
f 1722/211/236 1724/214/236 1720/212/236
f 1729/210/237 1727/213/237 1725/208/237
f 1729/210/237 1731/211/237 1727/213/237
f 1730/215/238 1728/210/238 1726/207/238
f 1730/215/238 1732/216/238 1728/210/238
f 1737/216/239 1735/211/239 1733/210/239
f 1737/216/239 1739/217/239 1735/211/239
f 1738/217/240 1736/214/240 1734/211/240
f 1738/217/240 1740/218/240 1736/214/240
f 1745/207/235 1743/208/235 1741/209/235
f 1745/207/235 1747/210/235 1743/208/235
f 1746/211/236 1744/212/236 1742/213/236
f 1746/211/236 1748/214/236 1744/212/236
f 1753/210/237 1751/213/237 1749/208/237
f 1753/210/237 1755/211/237 1751/213/237
f 1754/215/238 1752/210/238 1750/207/238
f 1754/215/238 1756/216/238 1752/210/238
f 1761/216/239 1759/211/239 1757/210/239
f 1761/216/239 1763/217/239 1759/211/239
f 1762/217/240 1760/214/240 1758/211/240
f 1762/217/240 1764/218/240 1760/214/240
f 1769/207/235 1767/208/235 1765/209/235
f 1769/207/235 1771/210/235 1767/208/235
f 1770/211/236 1768/212/236 1766/213/236
f 1770/211/236 1772/214/236 1768/212/236
f 1777/210/237 1775/213/237 1773/208/237
f 1777/210/237 1779/211/237 1775/213/237
f 1778/215/238 1776/210/238 1774/207/238
f 1778/215/238 1780/216/238 1776/210/238
f 1785/216/239 1783/211/239 1781/210/239
f 1785/216/239 1787/217/239 1783/211/239
f 1786/217/240 1784/214/240 1782/211/240
f 1786/217/240 1788/218/240 1784/214/240
f 1793/207/235 1791/208/235 1789/209/235
f 1793/207/235 1795/210/235 1791/208/235
f 1794/211/236 1792/212/236 1790/213/236
f 1794/211/236 1796/214/236 1792/212/236
f 1801/210/237 1799/213/237 1797/208/237
f 1801/210/237 1803/211/237 1799/213/237
f 1802/215/238 1800/210/238 1798/207/238
f 1802/215/238 1804/216/238 1800/210/238
f 1809/216/239 1807/211/239 1805/210/239
f 1809/216/239 1811/217/239 1807/211/239
f 1810/217/240 1808/214/240 1806/211/240
f 1810/217/240 1812/218/240 1808/214/240
f 1817/207/235 1815/208/235 1813/209/235
f 1817/207/235 1819/210/235 1815/208/235
f 1818/211/236 1816/212/236 1814/213/236
f 1818/211/236 1820/214/236 1816/212/236
f 1825/210/237 1823/213/237 1821/208/237
f 1825/210/237 1827/211/237 1823/213/237
f 1826/215/238 1824/210/238 1822/207/238
f 1826/215/238 1828/216/238 1824/210/238
f 1833/216/239 1831/211/239 1829/210/239
f 1833/216/239 1835/217/239 1831/211/239
f 1834/217/240 1832/214/240 1830/211/240
f 1834/217/240 1836/218/240 1832/214/240
f 1841/207/235 1839/208/235 1837/209/235
f 1841/207/235 1843/210/235 1839/208/235
f 1842/211/236 1840/212/236 1838/213/236
f 1842/211/236 1844/214/236 1840/212/236
f 1849/210/237 1847/213/237 1845/208/237
f 1849/210/237 1851/211/237 1847/213/237
f 1850/215/238 1848/210/238 1846/207/238
f 1850/215/238 1852/216/238 1848/210/238
f 1857/216/239 1855/211/239 1853/210/239
f 1857/216/239 1859/217/239 1855/211/239
f 1858/217/240 1856/214/240 1854/211/240
f 1858/217/240 1860/218/240 1856/214/240
f 1865/207/235 1863/208/235 1861/209/235
f 1865/207/235 1867/210/235 1863/208/235
f 1866/211/236 1864/212/236 1862/213/236
f 1866/211/236 1868/214/236 1864/212/236
f 1873/210/237 1871/213/237 1869/208/237
f 1873/210/237 1875/211/237 1871/213/237
f 1874/215/238 1872/210/238 1870/207/238
f 1874/215/238 1876/216/238 1872/210/238
f 1881/216/239 1879/211/239 1877/210/239
f 1881/216/239 1883/217/239 1879/211/239
f 1882/217/240 1880/214/240 1878/211/240
f 1882/217/240 1884/218/240 1880/214/240
f 1889/207/235 1887/208/235 1885/209/235
f 1889/207/235 1891/210/235 1887/208/235
f 1890/211/236 1888/212/236 1886/213/236
f 1890/211/236 1892/214/236 1888/212/236
f 1897/210/237 1895/213/237 1893/208/237
f 1897/210/237 1899/211/237 1895/213/237
f 1898/215/238 1896/210/238 1894/207/238
f 1898/215/238 1900/216/238 1896/210/238
f 1905/216/239 1903/211/239 1901/210/239
f 1905/216/239 1907/217/239 1903/211/239
f 1906/217/240 1904/214/240 1902/211/240
f 1906/217/240 1908/218/240 1904/214/240
f 1913/207/235 1911/208/235 1909/209/235
f 1913/207/235 1915/210/235 1911/208/235
f 1914/211/236 1912/212/236 1910/213/236
f 1914/211/236 1916/214/236 1912/212/236
f 1921/210/237 1919/213/237 1917/208/237
f 1921/210/237 1923/211/237 1919/213/237
f 1922/215/238 1920/210/238 1918/207/238
f 1922/215/238 1924/216/238 1920/210/238
f 1929/216/239 1927/211/239 1925/210/239
f 1929/216/239 1931/217/239 1927/211/239
f 1930/217/240 1928/214/240 1926/211/240
f 1930/217/240 1932/218/240 1928/214/240
usemtl Material_8
f 1937/207/235 1935/208/235 1933/209/235
f 1937/207/235 1939/210/235 1935/208/235
f 1938/211/236 1936/212/236 1934/213/236
f 1938/211/236 1940/214/236 1936/212/236
f 1945/210/237 1943/213/237 1941/208/237
f 1945/210/237 1947/211/237 1943/213/237
f 1946/215/238 1944/210/238 1942/207/238
f 1946/215/238 1948/216/238 1944/210/238
f 1953/216/239 1951/211/239 1949/210/239
f 1953/216/239 1955/217/239 1951/211/239
f 1954/217/240 1952/214/240 1950/211/240
f 1954/217/240 1956/218/240 1952/214/240
f 1961/207/235 1959/208/235 1957/209/235
f 1961/207/235 1963/210/235 1959/208/235
f 1962/211/236 1960/212/236 1958/213/236
f 1962/211/236 1964/214/236 1960/212/236
f 1969/210/237 1967/213/237 1965/208/237
f 1969/210/237 1971/211/237 1967/213/237
f 1970/215/238 1968/210/238 1966/207/238
f 1970/215/238 1972/216/238 1968/210/238
f 1977/216/239 1975/211/239 1973/210/239
f 1977/216/239 1979/217/239 1975/211/239
f 1978/217/240 1976/214/240 1974/211/240
f 1978/217/240 1980/218/240 1976/214/240
usemtl Material_6
f 1985/207/235 1983/208/235 1981/209/235
f 1985/207/235 1987/210/235 1983/208/235
f 1986/211/236 1984/212/236 1982/213/236
f 1986/211/236 1988/214/236 1984/212/236
f 1993/210/237 1991/213/237 1989/208/237
f 1993/210/237 1995/211/237 1991/213/237
f 1994/215/238 1992/210/238 1990/207/238
f 1994/215/238 1996/216/238 1992/210/238
f 2001/216/239 1999/211/239 1997/210/239
f 2001/216/239 2003/217/239 1999/211/239
f 2002/217/240 2000/214/240 1998/211/240
f 2002/217/240 2004/218/240 2000/214/240
f 2009/207/235 2007/208/235 2005/209/235
f 2009/207/235 2011/210/235 2007/208/235
f 2010/211/236 2008/212/236 2006/213/236
f 2010/211/236 2012/214/236 2008/212/236
f 2017/210/237 2015/213/237 2013/208/237
f 2017/210/237 2019/211/237 2015/213/237
f 2018/215/238 2016/210/238 2014/207/238
f 2018/215/238 2020/216/238 2016/210/238
f 2025/216/239 2023/211/239 2021/210/239
f 2025/216/239 2027/217/239 2023/211/239
f 2026/217/240 2024/214/240 2022/211/240
f 2026/217/240 2028/218/240 2024/214/240
