# Blender 5.2.1 LTS
# www.blender.org
mtllib wagon_cargo.mtl
o WagonDeck
v -1.546800 1.090000 1.788400
v 1.546800 1.090000 1.788400
v 1.568400 1.090000 1.766800
v 1.568400 1.090000 -1.766800
v 1.546800 1.090000 -1.788400
v -1.546800 1.090000 -1.788400
v -1.568400 1.090000 -1.766800
v -1.568400 1.090000 1.766800
v -1.568400 1.111600 1.810000
v 1.568400 1.111600 1.810000
v 1.590000 1.111600 1.788400
v 1.590000 1.111600 -1.788400
v 1.568400 1.111600 -1.810000
v -1.568400 1.111600 -1.810000
v -1.590000 1.111600 -1.788400
v -1.590000 1.111600 1.788400
v -1.568400 1.248400 1.810000
v 1.568400 1.248400 1.810000
v 1.590000 1.248400 1.788400
v 1.590000 1.248400 -1.788400
v 1.568400 1.248400 -1.810000
v -1.568400 1.248400 -1.810000
v -1.590000 1.248400 -1.788400
v -1.590000 1.248400 1.788400
v -1.546800 1.270000 1.788400
v 1.546800 1.270000 1.788400
v 1.568400 1.270000 1.766800
v 1.568400 1.270000 -1.766800
v 1.546800 1.270000 -1.788400
v -1.546800 1.270000 -1.788400
v -1.568400 1.270000 -1.766800
v -1.568400 1.270000 1.766800
v -1.246800 0.850000 1.718400
v 1.246800 0.850000 1.718400
v 1.268400 0.850000 1.696800
v 1.268400 0.850000 -1.696800
v 1.246800 0.850000 -1.718400
v -1.246800 0.850000 -1.718400
v -1.268400 0.850000 -1.696800
v -1.268400 0.850000 1.696800
v -1.268400 0.871600 1.740000
v 1.268400 0.871600 1.740000
v 1.290000 0.871600 1.718400
v 1.290000 0.871600 -1.718400
v 1.268400 0.871600 -1.740000
v -1.268400 0.871600 -1.740000
v -1.290000 0.871600 -1.718400
v -1.290000 0.871600 1.718400
v -1.268400 1.008400 1.740000
v 1.268400 1.008400 1.740000
v 1.290000 1.008400 1.718400
v 1.290000 1.008400 -1.718400
v 1.268400 1.008400 -1.740000
v -1.268400 1.008400 -1.740000
v -1.290000 1.008400 -1.718400
v -1.290000 1.008400 1.718400
v -1.246800 1.030000 1.718400
v 1.246800 1.030000 1.718400
v 1.268400 1.030000 1.696800
v 1.268400 1.030000 -1.696800
v 1.246800 1.030000 -1.718400
v -1.246800 1.030000 -1.718400
v -1.268400 1.030000 -1.696800
v -1.268400 1.030000 1.696800
v -1.326800 0.810000 1.838400
v -1.233200 0.810000 1.838400
v -1.211600 0.810000 1.816800
v -1.211600 0.810000 -1.816800
v -1.233200 0.810000 -1.838400
v -1.326800 0.810000 -1.838400
v -1.348400 0.810000 -1.816800
v -1.348400 0.810000 1.816800
v -1.348400 0.831600 1.860000
v -1.211600 0.831600 1.860000
v -1.190000 0.831600 1.838400
v -1.190000 0.831600 -1.838400
v -1.211600 0.831600 -1.860000
v -1.348400 0.831600 -1.860000
v -1.370000 0.831600 -1.838400
v -1.370000 0.831600 1.838400
v -1.348400 1.008400 1.860000
v -1.211600 1.008400 1.860000
v -1.190000 1.008400 1.838400
v -1.190000 1.008400 -1.838400
v -1.211600 1.008400 -1.860000
v -1.348400 1.008400 -1.860000
v -1.370000 1.008400 -1.838400
v -1.370000 1.008400 1.838400
v -1.326800 1.030000 1.838400
v -1.233200 1.030000 1.838400
v -1.211600 1.030000 1.816800
v -1.211600 1.030000 -1.816800
v -1.233200 1.030000 -1.838400
v -1.326800 1.030000 -1.838400
v -1.348400 1.030000 -1.816800
v -1.348400 1.030000 1.816800
v -1.576000 1.310000 1.738000
v -1.524000 1.310000 1.738000
v -1.512000 1.310000 1.726000
v -1.512000 1.310000 -1.726000
v -1.524000 1.310000 -1.738000
v -1.576000 1.310000 -1.738000
v -1.588000 1.310000 -1.726000
v -1.588000 1.310000 1.726000
v -1.588000 1.322000 1.750000
v -1.512000 1.322000 1.750000
v -1.500000 1.322000 1.738000
v -1.500000 1.322000 -1.738000
v -1.512000 1.322000 -1.750000
v -1.588000 1.322000 -1.750000
v -1.600000 1.322000 -1.738000
v -1.600000 1.322000 1.738000
v -1.588000 1.738000 1.750000
v -1.512000 1.738000 1.750000
v -1.500000 1.738000 1.738000
v -1.500000 1.738000 -1.738000
v -1.512000 1.738000 -1.750000
v -1.588000 1.738000 -1.750000
v -1.600000 1.738000 -1.738000
v -1.600000 1.738000 1.738000
v -1.576000 1.750000 1.738000
v -1.524000 1.750000 1.738000
v -1.512000 1.750000 1.726000
v -1.512000 1.750000 -1.726000
v -1.524000 1.750000 -1.738000
v -1.576000 1.750000 -1.738000
v -1.588000 1.750000 -1.726000
v -1.588000 1.750000 1.726000
v -2.178800 1.655000 -0.805600
v -1.421200 1.655000 -0.805600
v -1.405600 1.655000 -0.821200
v -1.405600 1.655000 -2.278800
v -1.421200 1.655000 -2.294400
v -2.178800 1.655000 -2.294400
v -2.194400 1.655000 -2.278800
v -2.194400 1.655000 -0.821200
v -2.194400 1.670600 -0.790000
v -1.405600 1.670600 -0.790000
v -1.390000 1.670600 -0.805600
v -1.390000 1.670600 -2.294400
v -1.405600 1.670600 -2.310000
v -2.194400 1.670600 -2.310000
v -2.210000 1.670600 -2.294400
v -2.210000 1.670600 -0.805600
v -2.194400 1.769400 -0.790000
v -1.405600 1.769400 -0.790000
v -1.390000 1.769400 -0.805600
v -1.390000 1.769400 -2.294400
v -1.405600 1.769400 -2.310000
v -2.194400 1.769400 -2.310000
v -2.210000 1.769400 -2.294400
v -2.210000 1.769400 -0.805600
v -2.178800 1.785000 -0.805600
v -1.421200 1.785000 -0.805600
v -1.405600 1.785000 -0.821200
v -1.405600 1.785000 -2.278800
v -1.421200 1.785000 -2.294400
v -2.178800 1.785000 -2.294400
v -2.194400 1.785000 -2.278800
v -2.194400 1.785000 -0.821200
v -2.118400 1.795000 -0.920800
v -1.481600 1.795000 -0.920800
v -1.470800 1.795000 -0.931600
v -1.470800 1.795000 -2.168400
v -1.481600 1.795000 -2.179200
v -2.118400 1.795000 -2.179200
v -2.129200 1.795000 -2.168400
v -2.129200 1.795000 -0.931600
v -2.129200 1.805800 -0.910000
v -1.470800 1.805800 -0.910000
v -1.460000 1.805800 -0.920800
v -1.460000 1.805800 -2.179200
v -1.470800 1.805800 -2.190000
v -2.129200 1.805800 -2.190000
v -2.140000 1.805800 -2.179200
v -2.140000 1.805800 -0.920800
v -2.129200 1.874200 -0.910000
v -1.470800 1.874200 -0.910000
v -1.460000 1.874200 -0.920800
v -1.460000 1.874200 -2.179200
v -1.470800 1.874200 -2.190000
v -2.129200 1.874200 -2.190000
v -2.140000 1.874200 -2.179200
v -2.140000 1.874200 -0.920800
v -2.118400 1.885000 -0.920800
v -1.481600 1.885000 -0.920800
v -1.470800 1.885000 -0.931600
v -1.470800 1.885000 -2.168400
v -1.481600 1.885000 -2.179200
v -2.118400 1.885000 -2.179200
v -2.129200 1.885000 -2.168400
v -2.129200 1.885000 -0.931600
v -1.548600 1.310000 -0.813200
v -1.491400 1.310000 -0.813200
v -1.478200 1.310000 -0.826400
v -1.478200 1.310000 -2.273600
v -1.491400 1.310000 -2.286800
v -1.548600 1.310000 -2.286800
v -1.561800 1.310000 -2.273600
v -1.561800 1.310000 -0.826400
v -1.561800 1.323200 -0.800000
v -1.478200 1.323200 -0.800000
v -1.465000 1.323200 -0.813200
v -1.465000 1.323200 -2.286800
v -1.478200 1.323200 -2.300000
v -1.561800 1.323200 -2.300000
v -1.575000 1.323200 -2.286800
v -1.575000 1.323200 -0.813200
v -1.561800 1.656800 -0.800000
v -1.478200 1.656800 -0.800000
v -1.465000 1.656800 -0.813200
v -1.465000 1.656800 -2.286800
v -1.478200 1.656800 -2.300000
v -1.561800 1.656800 -2.300000
v -1.575000 1.656800 -2.286800
v -1.575000 1.656800 -0.813200
v -1.548600 1.670000 -0.813200
v -1.491400 1.670000 -0.813200
v -1.478200 1.670000 -0.826400
v -1.478200 1.670000 -2.273600
v -1.491400 1.670000 -2.286800
v -1.548600 1.670000 -2.286800
v -1.561800 1.670000 -2.273600
v -1.561800 1.670000 -0.826400
v -2.178800 1.655000 2.294400
v -1.421200 1.655000 2.294400
v -1.405600 1.655000 2.278800
v -1.405600 1.655000 0.821200
v -1.421200 1.655000 0.805600
v -2.178800 1.655000 0.805600
v -2.194400 1.655000 0.821200
v -2.194400 1.655000 2.278800
v -2.194400 1.670600 2.310000
v -1.405600 1.670600 2.310000
v -1.390000 1.670600 2.294400
v -1.390000 1.670600 0.805600
v -1.405600 1.670600 0.790000
v -2.194400 1.670600 0.790000
v -2.210000 1.670600 0.805600
v -2.210000 1.670600 2.294400
v -2.194400 1.769400 2.310000
v -1.405600 1.769400 2.310000
v -1.390000 1.769400 2.294400
v -1.390000 1.769400 0.805600
v -1.405600 1.769400 0.790000
v -2.194400 1.769400 0.790000
v -2.210000 1.769400 0.805600
v -2.210000 1.769400 2.294400
v -2.178800 1.785000 2.294400
v -1.421200 1.785000 2.294400
v -1.405600 1.785000 2.278800
v -1.405600 1.785000 0.821200
v -1.421200 1.785000 0.805600
v -2.178800 1.785000 0.805600
v -2.194400 1.785000 0.821200
v -2.194400 1.785000 2.278800
v -2.118400 1.795000 2.179200
v -1.481600 1.795000 2.179200
v -1.470800 1.795000 2.168400
v -1.470800 1.795000 0.931600
v -1.481600 1.795000 0.920800
v -2.118400 1.795000 0.920800
v -2.129200 1.795000 0.931600
v -2.129200 1.795000 2.168400
v -2.129200 1.805800 2.190000
v -1.470800 1.805800 2.190000
v -1.460000 1.805800 2.179200
v -1.460000 1.805800 0.920800
v -1.470800 1.805800 0.910000
v -2.129200 1.805800 0.910000
v -2.140000 1.805800 0.920800
v -2.140000 1.805800 2.179200
v -2.129200 1.874200 2.190000
v -1.470800 1.874200 2.190000
v -1.460000 1.874200 2.179200
v -1.460000 1.874200 0.920800
v -1.470800 1.874200 0.910000
v -2.129200 1.874200 0.910000
v -2.140000 1.874200 0.920800
v -2.140000 1.874200 2.179200
v -2.118400 1.885000 2.179200
v -1.481600 1.885000 2.179200
v -1.470800 1.885000 2.168400
v -1.470800 1.885000 0.931600
v -1.481600 1.885000 0.920800
v -2.118400 1.885000 0.920800
v -2.129200 1.885000 0.931600
v -2.129200 1.885000 2.168400
v -1.548600 1.310000 2.286800
v -1.491400 1.310000 2.286800
v -1.478200 1.310000 2.273600
v -1.478200 1.310000 0.826400
v -1.491400 1.310000 0.813200
v -1.548600 1.310000 0.813200
v -1.561800 1.310000 0.826400
v -1.561800 1.310000 2.273600
v -1.561800 1.323200 2.300000
v -1.478200 1.323200 2.300000
v -1.465000 1.323200 2.286800
v -1.465000 1.323200 0.813200
v -1.478200 1.323200 0.800000
v -1.561800 1.323200 0.800000
v -1.575000 1.323200 0.813200
v -1.575000 1.323200 2.286800
v -1.561800 1.656800 2.300000
v -1.478200 1.656800 2.300000
v -1.465000 1.656800 2.286800
v -1.465000 1.656800 0.813200
v -1.478200 1.656800 0.800000
v -1.561800 1.656800 0.800000
v -1.575000 1.656800 0.813200
v -1.575000 1.656800 2.286800
v -1.548600 1.670000 2.286800
v -1.491400 1.670000 2.286800
v -1.478200 1.670000 2.273600
v -1.478200 1.670000 0.826400
v -1.491400 1.670000 0.813200
v -1.548600 1.670000 0.813200
v -1.561800 1.670000 0.826400
v -1.561800 1.670000 2.273600
v -1.345000 0.565000 0.475000
v -0.895000 0.565000 0.475000
v -0.870000 0.565000 0.450000
v -0.870000 0.565000 -0.650000
v -0.895000 0.565000 -0.675000
v -1.345000 0.565000 -0.675000
v -1.370000 0.565000 -0.650000
v -1.370000 0.565000 0.450000
v -1.370000 0.590000 0.500000
v -0.870000 0.590000 0.500000
v -0.845000 0.590000 0.475000
v -0.845000 0.590000 -0.675000
v -0.870000 0.590000 -0.700000
v -1.370000 0.590000 -0.700000
v -1.395000 0.590000 -0.675000
v -1.395000 0.590000 0.475000
v -1.370000 0.970000 0.500000
v -0.870000 0.970000 0.500000
v -0.845000 0.970000 0.475000
v -0.845000 0.970000 -0.675000
v -0.870000 0.970000 -0.700000
v -1.370000 0.970000 -0.700000
v -1.395000 0.970000 -0.675000
v -1.395000 0.970000 0.475000
v -1.345000 0.995000 0.475000
v -0.895000 0.995000 0.475000
v -0.870000 0.995000 0.450000
v -0.870000 0.995000 -0.650000
v -0.895000 0.995000 -0.675000
v -1.345000 0.995000 -0.675000
v -1.370000 0.995000 -0.650000
v -1.370000 0.995000 0.450000
v -1.410000 0.820000 -0.690000
v -0.830000 0.820000 -0.690000
v -0.830000 0.820000 -0.750000
v -1.410000 0.820000 -0.750000
v -1.410000 0.940000 -0.690000
v -0.830000 0.940000 -0.690000
v -0.830000 0.940000 -0.750000
v -1.410000 0.940000 -0.750000
v -1.410000 0.820000 0.550000
v -0.830000 0.820000 0.550000
v -0.830000 0.820000 0.490000
v -1.410000 0.820000 0.490000
v -1.410000 0.940000 0.550000
v -0.830000 0.940000 0.550000
v -0.830000 0.940000 0.490000
v -1.410000 0.940000 0.490000
v -1.533200 1.680000 -1.393400
v -1.466800 1.680000 -1.393400
v -1.458400 1.680000 -1.401800
v -1.458400 1.680000 -1.438200
v -1.466800 1.680000 -1.446600
v -1.533200 1.680000 -1.446600
v -1.541600 1.680000 -1.438200
v -1.541600 1.680000 -1.401800
v -1.541600 1.688400 -1.385000
v -1.458400 1.688400 -1.385000
v -1.450000 1.688400 -1.393400
v -1.450000 1.688400 -1.446600
v -1.458400 1.688400 -1.455000
v -1.541600 1.688400 -1.455000
v -1.550000 1.688400 -1.446600
v -1.550000 1.688400 -1.393400
v -1.541600 1.751600 -1.385000
v -1.458400 1.751600 -1.385000
v -1.450000 1.751600 -1.393400
v -1.450000 1.751600 -1.446600
v -1.458400 1.751600 -1.455000
v -1.541600 1.751600 -1.455000
v -1.550000 1.751600 -1.446600
v -1.550000 1.751600 -1.393400
v -1.533200 1.760000 -1.393400
v -1.466800 1.760000 -1.393400
v -1.458400 1.760000 -1.401800
v -1.458400 1.760000 -1.438200
v -1.466800 1.760000 -1.446600
v -1.533200 1.760000 -1.446600
v -1.541600 1.760000 -1.438200
v -1.541600 1.760000 -1.401800
v -1.533200 1.680000 -0.473400
v -1.466800 1.680000 -0.473400
v -1.458400 1.680000 -0.481800
v -1.458400 1.680000 -0.518200
v -1.466800 1.680000 -0.526600
v -1.533200 1.680000 -0.526600
v -1.541600 1.680000 -0.518200
v -1.541600 1.680000 -0.481800
v -1.541600 1.688400 -0.465000
v -1.458400 1.688400 -0.465000
v -1.450000 1.688400 -0.473400
v -1.450000 1.688400 -0.526600
v -1.458400 1.688400 -0.535000
v -1.541600 1.688400 -0.535000
v -1.550000 1.688400 -0.526600
v -1.550000 1.688400 -0.473400
v -1.541600 1.751600 -0.465000
v -1.458400 1.751600 -0.465000
v -1.450000 1.751600 -0.473400
v -1.450000 1.751600 -0.526600
v -1.458400 1.751600 -0.535000
v -1.541600 1.751600 -0.535000
v -1.550000 1.751600 -0.526600
v -1.550000 1.751600 -0.473400
v -1.533200 1.760000 -0.473400
v -1.466800 1.760000 -0.473400
v -1.458400 1.760000 -0.481800
v -1.458400 1.760000 -0.518200
v -1.466800 1.760000 -0.526600
v -1.533200 1.760000 -0.526600
v -1.541600 1.760000 -0.518200
v -1.541600 1.760000 -0.481800
v -1.533200 1.680000 0.446600
v -1.466800 1.680000 0.446600
v -1.458400 1.680000 0.438200
v -1.458400 1.680000 0.401800
v -1.466800 1.680000 0.393400
v -1.533200 1.680000 0.393400
v -1.541600 1.680000 0.401800
v -1.541600 1.680000 0.438200
v -1.541600 1.688400 0.455000
v -1.458400 1.688400 0.455000
v -1.450000 1.688400 0.446600
v -1.450000 1.688400 0.393400
v -1.458400 1.688400 0.385000
v -1.541600 1.688400 0.385000
v -1.550000 1.688400 0.393400
v -1.550000 1.688400 0.446600
v -1.541600 1.751600 0.455000
v -1.458400 1.751600 0.455000
v -1.450000 1.751600 0.446600
v -1.450000 1.751600 0.393400
v -1.458400 1.751600 0.385000
v -1.541600 1.751600 0.385000
v -1.550000 1.751600 0.393400
v -1.550000 1.751600 0.446600
v -1.533200 1.760000 0.446600
v -1.466800 1.760000 0.446600
v -1.458400 1.760000 0.438200
v -1.458400 1.760000 0.401800
v -1.466800 1.760000 0.393400
v -1.533200 1.760000 0.393400
v -1.541600 1.760000 0.401800
v -1.541600 1.760000 0.438200
v -1.533200 1.680000 1.366600
v -1.466800 1.680000 1.366600
v -1.458400 1.680000 1.358200
v -1.458400 1.680000 1.321800
v -1.466800 1.680000 1.313400
v -1.533200 1.680000 1.313400
v -1.541600 1.680000 1.321800
v -1.541600 1.680000 1.358200
v -1.541600 1.688400 1.375000
v -1.458400 1.688400 1.375000
v -1.450000 1.688400 1.366600
v -1.450000 1.688400 1.313400
v -1.458400 1.688400 1.305000
v -1.541600 1.688400 1.305000
v -1.550000 1.688400 1.313400
v -1.550000 1.688400 1.366600
v -1.541600 1.751600 1.375000
v -1.458400 1.751600 1.375000
v -1.450000 1.751600 1.366600
v -1.450000 1.751600 1.313400
v -1.458400 1.751600 1.305000
v -1.541600 1.751600 1.305000
v -1.550000 1.751600 1.313400
v -1.550000 1.751600 1.366600
v -1.533200 1.760000 1.366600
v -1.466800 1.760000 1.366600
v -1.458400 1.760000 1.358200
v -1.458400 1.760000 1.321800
v -1.466800 1.760000 1.313400
v -1.533200 1.760000 1.313400
v -1.541600 1.760000 1.321800
v -1.541600 1.760000 1.358200
v 1.233200 0.810000 1.838400
v 1.326800 0.810000 1.838400
v 1.348400 0.810000 1.816800
v 1.348400 0.810000 -1.816800
v 1.326800 0.810000 -1.838400
v 1.233200 0.810000 -1.838400
v 1.211600 0.810000 -1.816800
v 1.211600 0.810000 1.816800
v 1.211600 0.831600 1.860000
v 1.348400 0.831600 1.860000
v 1.370000 0.831600 1.838400
v 1.370000 0.831600 -1.838400
v 1.348400 0.831600 -1.860000
v 1.211600 0.831600 -1.860000
v 1.190000 0.831600 -1.838400
v 1.190000 0.831600 1.838400
v 1.211600 1.008400 1.860000
v 1.348400 1.008400 1.860000
v 1.370000 1.008400 1.838400
v 1.370000 1.008400 -1.838400
v 1.348400 1.008400 -1.860000
v 1.211600 1.008400 -1.860000
v 1.190000 1.008400 -1.838400
v 1.190000 1.008400 1.838400
v 1.233200 1.030000 1.838400
v 1.326800 1.030000 1.838400
v 1.348400 1.030000 1.816800
v 1.348400 1.030000 -1.816800
v 1.326800 1.030000 -1.838400
v 1.233200 1.030000 -1.838400
v 1.211600 1.030000 -1.816800
v 1.211600 1.030000 1.816800
v 1.524000 1.310000 1.738000
v 1.576000 1.310000 1.738000
v 1.588000 1.310000 1.726000
v 1.588000 1.310000 -1.726000
v 1.576000 1.310000 -1.738000
v 1.524000 1.310000 -1.738000
v 1.512000 1.310000 -1.726000
v 1.512000 1.310000 1.726000
v 1.512000 1.322000 1.750000
v 1.588000 1.322000 1.750000
v 1.600000 1.322000 1.738000
v 1.600000 1.322000 -1.738000
v 1.588000 1.322000 -1.750000
v 1.512000 1.322000 -1.750000
v 1.500000 1.322000 -1.738000
v 1.500000 1.322000 1.738000
v 1.512000 1.738000 1.750000
v 1.588000 1.738000 1.750000
v 1.600000 1.738000 1.738000
v 1.600000 1.738000 -1.738000
v 1.588000 1.738000 -1.750000
v 1.512000 1.738000 -1.750000
v 1.500000 1.738000 -1.738000
v 1.500000 1.738000 1.738000
v 1.524000 1.750000 1.738000
v 1.576000 1.750000 1.738000
v 1.588000 1.750000 1.726000
v 1.588000 1.750000 -1.726000
v 1.576000 1.750000 -1.738000
v 1.524000 1.750000 -1.738000
v 1.512000 1.750000 -1.726000
v 1.512000 1.750000 1.726000
v 1.421200 1.655000 -0.805600
v 2.178800 1.655000 -0.805600
v 2.194400 1.655000 -0.821200
v 2.194400 1.655000 -2.278800
v 2.178800 1.655000 -2.294400
v 1.421200 1.655000 -2.294400
v 1.405600 1.655000 -2.278800
v 1.405600 1.655000 -0.821200
v 1.405600 1.670600 -0.790000
v 2.194400 1.670600 -0.790000
v 2.210000 1.670600 -0.805600
v 2.210000 1.670600 -2.294400
v 2.194400 1.670600 -2.310000
v 1.405600 1.670600 -2.310000
v 1.390000 1.670600 -2.294400
v 1.390000 1.670600 -0.805600
v 1.405600 1.769400 -0.790000
v 2.194400 1.769400 -0.790000
v 2.210000 1.769400 -0.805600
v 2.210000 1.769400 -2.294400
v 2.194400 1.769400 -2.310000
v 1.405600 1.769400 -2.310000
v 1.390000 1.769400 -2.294400
v 1.390000 1.769400 -0.805600
v 1.421200 1.785000 -0.805600
v 2.178800 1.785000 -0.805600
v 2.194400 1.785000 -0.821200
v 2.194400 1.785000 -2.278800
v 2.178800 1.785000 -2.294400
v 1.421200 1.785000 -2.294400
v 1.405600 1.785000 -2.278800
v 1.405600 1.785000 -0.821200
v 1.481600 1.795000 -0.920800
v 2.118400 1.795000 -0.920800
v 2.129200 1.795000 -0.931600
v 2.129200 1.795000 -2.168400
v 2.118400 1.795000 -2.179200
v 1.481600 1.795000 -2.179200
v 1.470800 1.795000 -2.168400
v 1.470800 1.795000 -0.931600
v 1.470800 1.805800 -0.910000
v 2.129200 1.805800 -0.910000
v 2.140000 1.805800 -0.920800
v 2.140000 1.805800 -2.179200
v 2.129200 1.805800 -2.190000
v 1.470800 1.805800 -2.190000
v 1.460000 1.805800 -2.179200
v 1.460000 1.805800 -0.920800
v 1.470800 1.874200 -0.910000
v 2.129200 1.874200 -0.910000
v 2.140000 1.874200 -0.920800
v 2.140000 1.874200 -2.179200
v 2.129200 1.874200 -2.190000
v 1.470800 1.874200 -2.190000
v 1.460000 1.874200 -2.179200
v 1.460000 1.874200 -0.920800
v 1.481600 1.885000 -0.920800
v 2.118400 1.885000 -0.920800
v 2.129200 1.885000 -0.931600
v 2.129200 1.885000 -2.168400
v 2.118400 1.885000 -2.179200
v 1.481600 1.885000 -2.179200
v 1.470800 1.885000 -2.168400
v 1.470800 1.885000 -0.931600
v 1.491400 1.310000 -0.813200
v 1.548600 1.310000 -0.813200
v 1.561800 1.310000 -0.826400
v 1.561800 1.310000 -2.273600
v 1.548600 1.310000 -2.286800
v 1.491400 1.310000 -2.286800
v 1.478200 1.310000 -2.273600
v 1.478200 1.310000 -0.826400
v 1.478200 1.323200 -0.800000
v 1.561800 1.323200 -0.800000
v 1.575000 1.323200 -0.813200
v 1.575000 1.323200 -2.286800
v 1.561800 1.323200 -2.300000
v 1.478200 1.323200 -2.300000
v 1.465000 1.323200 -2.286800
v 1.465000 1.323200 -0.813200
v 1.478200 1.656800 -0.800000
v 1.561800 1.656800 -0.800000
v 1.575000 1.656800 -0.813200
v 1.575000 1.656800 -2.286800
v 1.561800 1.656800 -2.300000
v 1.478200 1.656800 -2.300000
v 1.465000 1.656800 -2.286800
v 1.465000 1.656800 -0.813200
v 1.491400 1.670000 -0.813200
v 1.548600 1.670000 -0.813200
v 1.561800 1.670000 -0.826400
v 1.561800 1.670000 -2.273600
v 1.548600 1.670000 -2.286800
v 1.491400 1.670000 -2.286800
v 1.478200 1.670000 -2.273600
v 1.478200 1.670000 -0.826400
v 1.421200 1.655000 2.294400
v 2.178800 1.655000 2.294400
v 2.194400 1.655000 2.278800
v 2.194400 1.655000 0.821200
v 2.178800 1.655000 0.805600
v 1.421200 1.655000 0.805600
v 1.405600 1.655000 0.821200
v 1.405600 1.655000 2.278800
v 1.405600 1.670600 2.310000
v 2.194400 1.670600 2.310000
v 2.210000 1.670600 2.294400
v 2.210000 1.670600 0.805600
v 2.194400 1.670600 0.790000
v 1.405600 1.670600 0.790000
v 1.390000 1.670600 0.805600
v 1.390000 1.670600 2.294400
v 1.405600 1.769400 2.310000
v 2.194400 1.769400 2.310000
v 2.210000 1.769400 2.294400
v 2.210000 1.769400 0.805600
v 2.194400 1.769400 0.790000
v 1.405600 1.769400 0.790000
v 1.390000 1.769400 0.805600
v 1.390000 1.769400 2.294400
v 1.421200 1.785000 2.294400
v 2.178800 1.785000 2.294400
v 2.194400 1.785000 2.278800
v 2.194400 1.785000 0.821200
v 2.178800 1.785000 0.805600
v 1.421200 1.785000 0.805600
v 1.405600 1.785000 0.821200
v 1.405600 1.785000 2.278800
v 1.481600 1.795000 2.179200
v 2.118400 1.795000 2.179200
v 2.129200 1.795000 2.168400
v 2.129200 1.795000 0.931600
v 2.118400 1.795000 0.920800
v 1.481600 1.795000 0.920800
v 1.470800 1.795000 0.931600
v 1.470800 1.795000 2.168400
v 1.470800 1.805800 2.190000
v 2.129200 1.805800 2.190000
v 2.140000 1.805800 2.179200
v 2.140000 1.805800 0.920800
v 2.129200 1.805800 0.910000
v 1.470800 1.805800 0.910000
v 1.460000 1.805800 0.920800
v 1.460000 1.805800 2.179200
v 1.470800 1.874200 2.190000
v 2.129200 1.874200 2.190000
v 2.140000 1.874200 2.179200
v 2.140000 1.874200 0.920800
v 2.129200 1.874200 0.910000
v 1.470800 1.874200 0.910000
v 1.460000 1.874200 0.920800
v 1.460000 1.874200 2.179200
v 1.481600 1.885000 2.179200
v 2.118400 1.885000 2.179200
v 2.129200 1.885000 2.168400
v 2.129200 1.885000 0.931600
v 2.118400 1.885000 0.920800
v 1.481600 1.885000 0.920800
v 1.470800 1.885000 0.931600
v 1.470800 1.885000 2.168400
v 1.491400 1.310000 2.286800
v 1.548600 1.310000 2.286800
v 1.561800 1.310000 2.273600
v 1.561800 1.310000 0.826400
v 1.548600 1.310000 0.813200
v 1.491400 1.310000 0.813200
v 1.478200 1.310000 0.826400
v 1.478200 1.310000 2.273600
v 1.478200 1.323200 2.300000
v 1.561800 1.323200 2.300000
v 1.575000 1.323200 2.286800
v 1.575000 1.323200 0.813200
v 1.561800 1.323200 0.800000
v 1.478200 1.323200 0.800000
v 1.465000 1.323200 0.813200
v 1.465000 1.323200 2.286800
v 1.478200 1.656800 2.300000
v 1.561800 1.656800 2.300000
v 1.575000 1.656800 2.286800
v 1.575000 1.656800 0.813200
v 1.561800 1.656800 0.800000
v 1.478200 1.656800 0.800000
v 1.465000 1.656800 0.813200
v 1.465000 1.656800 2.286800
v 1.491400 1.670000 2.286800
v 1.548600 1.670000 2.286800
v 1.561800 1.670000 2.273600
v 1.561800 1.670000 0.826400
v 1.548600 1.670000 0.813200
v 1.491400 1.670000 0.813200
v 1.478200 1.670000 0.826400
v 1.478200 1.670000 2.273600
v 0.895000 0.565000 0.475000
v 1.345000 0.565000 0.475000
v 1.370000 0.565000 0.450000
v 1.370000 0.565000 -0.650000
v 1.345000 0.565000 -0.675000
v 0.895000 0.565000 -0.675000
v 0.870000 0.565000 -0.650000
v 0.870000 0.565000 0.450000
v 0.870000 0.590000 0.500000
v 1.370000 0.590000 0.500000
v 1.395000 0.590000 0.475000
v 1.395000 0.590000 -0.675000
v 1.370000 0.590000 -0.700000
v 0.870000 0.590000 -0.700000
v 0.845000 0.590000 -0.675000
v 0.845000 0.590000 0.475000
v 0.870000 0.970000 0.500000
v 1.370000 0.970000 0.500000
v 1.395000 0.970000 0.475000
v 1.395000 0.970000 -0.675000
v 1.370000 0.970000 -0.700000
v 0.870000 0.970000 -0.700000
v 0.845000 0.970000 -0.675000
v 0.845000 0.970000 0.475000
v 0.895000 0.995000 0.475000
v 1.345000 0.995000 0.475000
v 1.370000 0.995000 0.450000
v 1.370000 0.995000 -0.650000
v 1.345000 0.995000 -0.675000
v 0.895000 0.995000 -0.675000
v 0.870000 0.995000 -0.650000
v 0.870000 0.995000 0.450000
v 0.830000 0.820000 -0.690000
v 1.410000 0.820000 -0.690000
v 1.410000 0.820000 -0.750000
v 0.830000 0.820000 -0.750000
v 0.830000 0.940000 -0.690000
v 1.410000 0.940000 -0.690000
v 1.410000 0.940000 -0.750000
v 0.830000 0.940000 -0.750000
v 0.830000 0.820000 0.550000
v 1.410000 0.820000 0.550000
v 1.410000 0.820000 0.490000
v 0.830000 0.820000 0.490000
v 0.830000 0.940000 0.550000
v 1.410000 0.940000 0.550000
v 1.410000 0.940000 0.490000
v 0.830000 0.940000 0.490000
v 1.466800 1.680000 -1.393400
v 1.533200 1.680000 -1.393400
v 1.541600 1.680000 -1.401800
v 1.541600 1.680000 -1.438200
v 1.533200 1.680000 -1.446600
v 1.466800 1.680000 -1.446600
v 1.458400 1.680000 -1.438200
v 1.458400 1.680000 -1.401800
v 1.458400 1.688400 -1.385000
v 1.541600 1.688400 -1.385000
v 1.550000 1.688400 -1.393400
v 1.550000 1.688400 -1.446600
v 1.541600 1.688400 -1.455000
v 1.458400 1.688400 -1.455000
v 1.450000 1.688400 -1.446600
v 1.450000 1.688400 -1.393400
v 1.458400 1.751600 -1.385000
v 1.541600 1.751600 -1.385000
v 1.550000 1.751600 -1.393400
v 1.550000 1.751600 -1.446600
v 1.541600 1.751600 -1.455000
v 1.458400 1.751600 -1.455000
v 1.450000 1.751600 -1.446600
v 1.450000 1.751600 -1.393400
v 1.466800 1.760000 -1.393400
v 1.533200 1.760000 -1.393400
v 1.541600 1.760000 -1.401800
v 1.541600 1.760000 -1.438200
v 1.533200 1.760000 -1.446600
v 1.466800 1.760000 -1.446600
v 1.458400 1.760000 -1.438200
v 1.458400 1.760000 -1.401800
v 1.466800 1.680000 -0.473400
v 1.533200 1.680000 -0.473400
v 1.541600 1.680000 -0.481800
v 1.541600 1.680000 -0.518200
v 1.533200 1.680000 -0.526600
v 1.466800 1.680000 -0.526600
v 1.458400 1.680000 -0.518200
v 1.458400 1.680000 -0.481800
v 1.458400 1.688400 -0.465000
v 1.541600 1.688400 -0.465000
v 1.550000 1.688400 -0.473400
v 1.550000 1.688400 -0.526600
v 1.541600 1.688400 -0.535000
v 1.458400 1.688400 -0.535000
v 1.450000 1.688400 -0.526600
v 1.450000 1.688400 -0.473400
v 1.458400 1.751600 -0.465000
v 1.541600 1.751600 -0.465000
v 1.550000 1.751600 -0.473400
v 1.550000 1.751600 -0.526600
v 1.541600 1.751600 -0.535000
v 1.458400 1.751600 -0.535000
v 1.450000 1.751600 -0.526600
v 1.450000 1.751600 -0.473400
v 1.466800 1.760000 -0.473400
v 1.533200 1.760000 -0.473400
v 1.541600 1.760000 -0.481800
v 1.541600 1.760000 -0.518200
v 1.533200 1.760000 -0.526600
v 1.466800 1.760000 -0.526600
v 1.458400 1.760000 -0.518200
v 1.458400 1.760000 -0.481800
v 1.466800 1.680000 0.446600
v 1.533200 1.680000 0.446600
v 1.541600 1.680000 0.438200
v 1.541600 1.680000 0.401800
v 1.533200 1.680000 0.393400
v 1.466800 1.680000 0.393400
v 1.458400 1.680000 0.401800
v 1.458400 1.680000 0.438200
v 1.458400 1.688400 0.455000
v 1.541600 1.688400 0.455000
v 1.550000 1.688400 0.446600
v 1.550000 1.688400 0.393400
v 1.541600 1.688400 0.385000
v 1.458400 1.688400 0.385000
v 1.450000 1.688400 0.393400
v 1.450000 1.688400 0.446600
v 1.458400 1.751600 0.455000
v 1.541600 1.751600 0.455000
v 1.550000 1.751600 0.446600
v 1.550000 1.751600 0.393400
v 1.541600 1.751600 0.385000
v 1.458400 1.751600 0.385000
v 1.450000 1.751600 0.393400
v 1.450000 1.751600 0.446600
v 1.466800 1.760000 0.446600
v 1.533200 1.760000 0.446600
v 1.541600 1.760000 0.438200
v 1.541600 1.760000 0.401800
v 1.533200 1.760000 0.393400
v 1.466800 1.760000 0.393400
v 1.458400 1.760000 0.401800
v 1.458400 1.760000 0.438200
v 1.466800 1.680000 1.366600
v 1.533200 1.680000 1.366600
v 1.541600 1.680000 1.358200
v 1.541600 1.680000 1.321800
v 1.533200 1.680000 1.313400
v 1.466800 1.680000 1.313400
v 1.458400 1.680000 1.321800
v 1.458400 1.680000 1.358200
v 1.458400 1.688400 1.375000
v 1.541600 1.688400 1.375000
v 1.550000 1.688400 1.366600
v 1.550000 1.688400 1.313400
v 1.541600 1.688400 1.305000
v 1.458400 1.688400 1.305000
v 1.450000 1.688400 1.313400
v 1.450000 1.688400 1.366600
v 1.458400 1.751600 1.375000
v 1.541600 1.751600 1.375000
v 1.550000 1.751600 1.366600
v 1.550000 1.751600 1.313400
v 1.541600 1.751600 1.305000
v 1.458400 1.751600 1.305000
v 1.450000 1.751600 1.313400
v 1.450000 1.751600 1.366600
v 1.466800 1.760000 1.366600
v 1.533200 1.760000 1.366600
v 1.541600 1.760000 1.358200
v 1.541600 1.760000 1.321800
v 1.533200 1.760000 1.313400
v 1.466800 1.760000 1.313400
v 1.458400 1.760000 1.321800
v 1.458400 1.760000 1.358200
v -1.553600 1.250000 -1.728200
v 1.553600 1.250000 -1.728200
v 1.566800 1.250000 -1.741400
v 1.566800 1.250000 -1.798600
v 1.553600 1.250000 -1.811800
v -1.553600 1.250000 -1.811800
v -1.566800 1.250000 -1.798600
v -1.566800 1.250000 -1.741400
v -1.566800 1.263200 -1.715000
v 1.566800 1.263200 -1.715000
v 1.580000 1.263200 -1.728200
v 1.580000 1.263200 -1.811800
v 1.566800 1.263200 -1.825000
v -1.566800 1.263200 -1.825000
v -1.580000 1.263200 -1.811800
v -1.580000 1.263200 -1.728200
v -1.566800 1.716800 -1.715000
v 1.566800 1.716800 -1.715000
v 1.580000 1.716800 -1.728200
v 1.580000 1.716800 -1.811800
v 1.566800 1.716800 -1.825000
v -1.566800 1.716800 -1.825000
v -1.580000 1.716800 -1.811800
v -1.580000 1.716800 -1.728200
v -1.553600 1.730000 -1.728200
v 1.553600 1.730000 -1.728200
v 1.566800 1.730000 -1.741400
v 1.566800 1.730000 -1.798600
v 1.553600 1.730000 -1.811800
v -1.553600 1.730000 -1.811800
v -1.566800 1.730000 -1.798600
v -1.566800 1.730000 -1.741400
v -1.553600 1.250000 1.811800
v 1.553600 1.250000 1.811800
v 1.566800 1.250000 1.798600
v 1.566800 1.250000 1.741400
v 1.553600 1.250000 1.728200
v -1.553600 1.250000 1.728200
v -1.566800 1.250000 1.741400
v -1.566800 1.250000 1.798600
v -1.566800 1.263200 1.825000
v 1.566800 1.263200 1.825000
v 1.580000 1.263200 1.811800
v 1.580000 1.263200 1.728200
v 1.566800 1.263200 1.715000
v -1.566800 1.263200 1.715000
v -1.580000 1.263200 1.728200
v -1.580000 1.263200 1.811800
v -1.566800 1.656800 1.825000
v 1.566800 1.656800 1.825000
v 1.580000 1.656800 1.811800
v 1.580000 1.656800 1.728200
v 1.566800 1.656800 1.715000
v -1.566800 1.656800 1.715000
v -1.580000 1.656800 1.728200
v -1.580000 1.656800 1.811800
v -1.553600 1.670000 1.811800
v 1.553600 1.670000 1.811800
v 1.566800 1.670000 1.798600
v 1.566800 1.670000 1.741400
v 1.553600 1.670000 1.728200
v -1.553600 1.670000 1.728200
v -1.566800 1.670000 1.741400
v -1.566800 1.670000 1.798600
v -1.025000 1.277500 1.575000
v -0.975000 1.277500 1.575000
v -0.975000 1.277500 -1.575000
v -1.025000 1.277500 -1.575000
v -1.025000 1.322500 1.575000
v -0.975000 1.322500 1.575000
v -0.975000 1.322500 -1.575000
v -1.025000 1.322500 -1.575000
v -0.525000 1.277500 1.575000
v -0.475000 1.277500 1.575000
v -0.475000 1.277500 -1.575000
v -0.525000 1.277500 -1.575000
v -0.525000 1.322500 1.575000
v -0.475000 1.322500 1.575000
v -0.475000 1.322500 -1.575000
v -0.525000 1.322500 -1.575000
v -0.025000 1.277500 1.575000
v 0.025000 1.277500 1.575000
v 0.025000 1.277500 -1.575000
v -0.025000 1.277500 -1.575000
v -0.025000 1.322500 1.575000
v 0.025000 1.322500 1.575000
v 0.025000 1.322500 -1.575000
v -0.025000 1.322500 -1.575000
v 0.475000 1.277500 1.575000
v 0.525000 1.277500 1.575000
v 0.525000 1.277500 -1.575000
v 0.475000 1.277500 -1.575000
v 0.475000 1.322500 1.575000
v 0.525000 1.322500 1.575000
v 0.525000 1.322500 -1.575000
v 0.475000 1.322500 -1.575000
v 0.975000 1.277500 1.575000
v 1.025000 1.277500 1.575000
v 1.025000 1.277500 -1.575000
v 0.975000 1.277500 -1.575000
v 0.975000 1.322500 1.575000
v 1.025000 1.322500 1.575000
v 1.025000 1.322500 -1.575000
v 0.975000 1.322500 -1.575000
v -1.431200 1.750000 -0.979400
v -0.868800 1.750000 -0.979400
v -0.854400 1.750000 -0.993800
v -0.854400 1.750000 -1.506200
v -0.868800 1.750000 -1.520600
v -1.431200 1.750000 -1.520600
v -1.445600 1.750000 -1.506200
v -1.445600 1.750000 -0.993800
v -1.445600 1.764400 -0.965000
v -0.854400 1.764400 -0.965000
v -0.840000 1.764400 -0.979400
v -0.840000 1.764400 -1.520600
v -0.854400 1.764400 -1.535000
v -1.445600 1.764400 -1.535000
v -1.460000 1.764400 -1.520600
v -1.460000 1.764400 -0.979400
v -1.445600 1.855600 -0.965000
v -0.854400 1.855600 -0.965000
v -0.840000 1.855600 -0.979400
v -0.840000 1.855600 -1.520600
v -0.854400 1.855600 -1.535000
v -1.445600 1.855600 -1.535000
v -1.460000 1.855600 -1.520600
v -1.460000 1.855600 -0.979400
v -1.431200 1.870000 -0.979400
v -0.868800 1.870000 -0.979400
v -0.854400 1.870000 -0.993800
v -0.854400 1.870000 -1.506200
v -0.868800 1.870000 -1.520600
v -1.431200 1.870000 -1.520600
v -1.445600 1.870000 -1.506200
v -1.445600 1.870000 -0.993800
v -1.436000 1.830000 -1.512000
v -0.864000 1.830000 -1.512000
v -0.852000 1.830000 -1.524000
v -0.852000 1.830000 -1.576000
v -0.864000 1.830000 -1.588000
v -1.436000 1.830000 -1.588000
v -1.448000 1.830000 -1.576000
v -1.448000 1.830000 -1.524000
v -1.448000 1.842000 -1.500000
v -0.852000 1.842000 -1.500000
v -0.840000 1.842000 -1.512000
v -0.840000 1.842000 -1.588000
v -0.852000 1.842000 -1.600000
v -1.448000 1.842000 -1.600000
v -1.460000 1.842000 -1.588000
v -1.460000 1.842000 -1.512000
v -1.448000 2.438000 -1.500000
v -0.852000 2.438000 -1.500000
v -0.840000 2.438000 -1.512000
v -0.840000 2.438000 -1.588000
v -0.852000 2.438000 -1.600000
v -1.448000 2.438000 -1.600000
v -1.460000 2.438000 -1.588000
v -1.460000 2.438000 -1.512000
v -1.436000 2.450000 -1.512000
v -0.864000 2.450000 -1.512000
v -0.852000 2.450000 -1.524000
v -0.852000 2.450000 -1.576000
v -0.864000 2.450000 -1.588000
v -1.436000 2.450000 -1.588000
v -1.448000 2.450000 -1.576000
v -1.448000 2.450000 -1.524000
v -0.938200 1.220000 -1.198400
v -0.901800 1.220000 -1.198400
v -0.893400 1.220000 -1.206800
v -0.893400 1.220000 -1.293200
v -0.901800 1.220000 -1.301600
v -0.938200 1.220000 -1.301600
v -0.946600 1.220000 -1.293200
v -0.946600 1.220000 -1.206800
v -0.946600 1.228400 -1.190000
v -0.893400 1.228400 -1.190000
v -0.885000 1.228400 -1.198400
v -0.885000 1.228400 -1.301600
v -0.893400 1.228400 -1.310000
v -0.946600 1.228400 -1.310000
v -0.955000 1.228400 -1.301600
v -0.955000 1.228400 -1.198400
v -0.946600 1.751600 -1.190000
v -0.893400 1.751600 -1.190000
v -0.885000 1.751600 -1.198400
v -0.885000 1.751600 -1.301600
v -0.893400 1.751600 -1.310000
v -0.946600 1.751600 -1.310000
v -0.955000 1.751600 -1.301600
v -0.955000 1.751600 -1.198400
v -0.938200 1.760000 -1.198400
v -0.901800 1.760000 -1.198400
v -0.893400 1.760000 -1.206800
v -0.893400 1.760000 -1.293200
v -0.901800 1.760000 -1.301600
v -0.938200 1.760000 -1.301600
v -0.946600 1.760000 -1.293200
v -0.946600 1.760000 -1.206800
v -1.398200 1.220000 -1.198400
v -1.361800 1.220000 -1.198400
v -1.353400 1.220000 -1.206800
v -1.353400 1.220000 -1.293200
v -1.361800 1.220000 -1.301600
v -1.398200 1.220000 -1.301600
v -1.406600 1.220000 -1.293200
v -1.406600 1.220000 -1.206800
v -1.406600 1.228400 -1.190000
v -1.353400 1.228400 -1.190000
v -1.345000 1.228400 -1.198400
v -1.345000 1.228400 -1.301600
v -1.353400 1.228400 -1.310000
v -1.406600 1.228400 -1.310000
v -1.415000 1.228400 -1.301600
v -1.415000 1.228400 -1.198400
v -1.406600 1.751600 -1.190000
v -1.353400 1.751600 -1.190000
v -1.345000 1.751600 -1.198400
v -1.345000 1.751600 -1.301600
v -1.353400 1.751600 -1.310000
v -1.406600 1.751600 -1.310000
v -1.415000 1.751600 -1.301600
v -1.415000 1.751600 -1.198400
v -1.398200 1.760000 -1.198400
v -1.361800 1.760000 -1.198400
v -1.353400 1.760000 -1.206800
v -1.353400 1.760000 -1.293200
v -1.361800 1.760000 -1.301600
v -1.398200 1.760000 -1.301600
v -1.406600 1.760000 -1.293200
v -1.406600 1.760000 -1.206800
v -1.421200 1.430000 -0.444400
v -0.878800 1.430000 -0.444400
v -0.864400 1.430000 -0.458800
v -0.864400 1.430000 -0.901200
v -0.878800 1.430000 -0.915600
v -1.421200 1.430000 -0.915600
v -1.435600 1.430000 -0.901200
v -1.435600 1.430000 -0.458800
v -1.435600 1.444400 -0.430000
v -0.864400 1.444400 -0.430000
v -0.850000 1.444400 -0.444400
v -0.850000 1.444400 -0.915600
v -0.864400 1.444400 -0.930000
v -1.435600 1.444400 -0.930000
v -1.450000 1.444400 -0.915600
v -1.450000 1.444400 -0.444400
v -1.435600 1.535600 -0.430000
v -0.864400 1.535600 -0.430000
v -0.850000 1.535600 -0.444400
v -0.850000 1.535600 -0.915600
v -0.864400 1.535600 -0.930000
v -1.435600 1.535600 -0.930000
v -1.450000 1.535600 -0.915600
v -1.450000 1.535600 -0.444400
v -1.421200 1.550000 -0.444400
v -0.878800 1.550000 -0.444400
v -0.864400 1.550000 -0.458800
v -0.864400 1.550000 -0.901200
v -0.878800 1.550000 -0.915600
v -1.421200 1.550000 -0.915600
v -1.435600 1.550000 -0.901200
v -1.435600 1.550000 -0.458800
v 0.868800 1.750000 -0.979400
v 1.431200 1.750000 -0.979400
v 1.445600 1.750000 -0.993800
v 1.445600 1.750000 -1.506200
v 1.431200 1.750000 -1.520600
v 0.868800 1.750000 -1.520600
v 0.854400 1.750000 -1.506200
v 0.854400 1.750000 -0.993800
v 0.854400 1.764400 -0.965000
v 1.445600 1.764400 -0.965000
v 1.460000 1.764400 -0.979400
v 1.460000 1.764400 -1.520600
v 1.445600 1.764400 -1.535000
v 0.854400 1.764400 -1.535000
v 0.840000 1.764400 -1.520600
v 0.840000 1.764400 -0.979400
v 0.854400 1.855600 -0.965000
v 1.445600 1.855600 -0.965000
v 1.460000 1.855600 -0.979400
v 1.460000 1.855600 -1.520600
v 1.445600 1.855600 -1.535000
v 0.854400 1.855600 -1.535000
v 0.840000 1.855600 -1.520600
v 0.840000 1.855600 -0.979400
v 0.868800 1.870000 -0.979400
v 1.431200 1.870000 -0.979400
v 1.445600 1.870000 -0.993800
v 1.445600 1.870000 -1.506200
v 1.431200 1.870000 -1.520600
v 0.868800 1.870000 -1.520600
v 0.854400 1.870000 -1.506200
v 0.854400 1.870000 -0.993800
v 0.864000 1.830000 -1.512000
v 1.436000 1.830000 -1.512000
v 1.448000 1.830000 -1.524000
v 1.448000 1.830000 -1.576000
v 1.436000 1.830000 -1.588000
v 0.864000 1.830000 -1.588000
v 0.852000 1.830000 -1.576000
v 0.852000 1.830000 -1.524000
v 0.852000 1.842000 -1.500000
v 1.448000 1.842000 -1.500000
v 1.460000 1.842000 -1.512000
v 1.460000 1.842000 -1.588000
v 1.448000 1.842000 -1.600000
v 0.852000 1.842000 -1.600000
v 0.840000 1.842000 -1.588000
v 0.840000 1.842000 -1.512000
v 0.852000 2.438000 -1.500000
v 1.448000 2.438000 -1.500000
v 1.460000 2.438000 -1.512000
v 1.460000 2.438000 -1.588000
v 1.448000 2.438000 -1.600000
v 0.852000 2.438000 -1.600000
v 0.840000 2.438000 -1.588000
v 0.840000 2.438000 -1.512000
v 0.864000 2.450000 -1.512000
v 1.436000 2.450000 -1.512000
v 1.448000 2.450000 -1.524000
v 1.448000 2.450000 -1.576000
v 1.436000 2.450000 -1.588000
v 0.864000 2.450000 -1.588000
v 0.852000 2.450000 -1.576000
v 0.852000 2.450000 -1.524000
v 0.901800 1.220000 -1.198400
v 0.938200 1.220000 -1.198400
v 0.946600 1.220000 -1.206800
v 0.946600 1.220000 -1.293200
v 0.938200 1.220000 -1.301600
v 0.901800 1.220000 -1.301600
v 0.893400 1.220000 -1.293200
v 0.893400 1.220000 -1.206800
v 0.893400 1.228400 -1.190000
v 0.946600 1.228400 -1.190000
v 0.955000 1.228400 -1.198400
v 0.955000 1.228400 -1.301600
v 0.946600 1.228400 -1.310000
v 0.893400 1.228400 -1.310000
v 0.885000 1.228400 -1.301600
v 0.885000 1.228400 -1.198400
v 0.893400 1.751600 -1.190000
v 0.946600 1.751600 -1.190000
v 0.955000 1.751600 -1.198400
v 0.955000 1.751600 -1.301600
v 0.946600 1.751600 -1.310000
v 0.893400 1.751600 -1.310000
v 0.885000 1.751600 -1.301600
v 0.885000 1.751600 -1.198400
v 0.901800 1.760000 -1.198400
v 0.938200 1.760000 -1.198400
v 0.946600 1.760000 -1.206800
v 0.946600 1.760000 -1.293200
v 0.938200 1.760000 -1.301600
v 0.901800 1.760000 -1.301600
v 0.893400 1.760000 -1.293200
v 0.893400 1.760000 -1.206800
v 1.361800 1.220000 -1.198400
v 1.398200 1.220000 -1.198400
v 1.406600 1.220000 -1.206800
v 1.406600 1.220000 -1.293200
v 1.398200 1.220000 -1.301600
v 1.361800 1.220000 -1.301600
v 1.353400 1.220000 -1.293200
v 1.353400 1.220000 -1.206800
v 1.353400 1.228400 -1.190000
v 1.406600 1.228400 -1.190000
v 1.415000 1.228400 -1.198400
v 1.415000 1.228400 -1.301600
v 1.406600 1.228400 -1.310000
v 1.353400 1.228400 -1.310000
v 1.345000 1.228400 -1.301600
v 1.345000 1.228400 -1.198400
v 1.353400 1.751600 -1.190000
v 1.406600 1.751600 -1.190000
v 1.415000 1.751600 -1.198400
v 1.415000 1.751600 -1.301600
v 1.406600 1.751600 -1.310000
v 1.353400 1.751600 -1.310000
v 1.345000 1.751600 -1.301600
v 1.345000 1.751600 -1.198400
v 1.361800 1.760000 -1.198400
v 1.398200 1.760000 -1.198400
v 1.406600 1.760000 -1.206800
v 1.406600 1.760000 -1.293200
v 1.398200 1.760000 -1.301600
v 1.361800 1.760000 -1.301600
v 1.353400 1.760000 -1.293200
v 1.353400 1.760000 -1.206800
v 0.878800 1.430000 -0.444400
v 1.421200 1.430000 -0.444400
v 1.435600 1.430000 -0.458800
v 1.435600 1.430000 -0.901200
v 1.421200 1.430000 -0.915600
v 0.878800 1.430000 -0.915600
v 0.864400 1.430000 -0.901200
v 0.864400 1.430000 -0.458800
v 0.864400 1.444400 -0.430000
v 1.435600 1.444400 -0.430000
v 1.450000 1.444400 -0.444400
v 1.450000 1.444400 -0.915600
v 1.435600 1.444400 -0.930000
v 0.864400 1.444400 -0.930000
v 0.850000 1.444400 -0.915600
v 0.850000 1.444400 -0.444400
v 0.864400 1.535600 -0.430000
v 1.435600 1.535600 -0.430000
v 1.450000 1.535600 -0.444400
v 1.450000 1.535600 -0.915600
v 1.435600 1.535600 -0.930000
v 0.864400 1.535600 -0.930000
v 0.850000 1.535600 -0.915600
v 0.850000 1.535600 -0.444400
v 0.878800 1.550000 -0.444400
v 1.421200 1.550000 -0.444400
v 1.435600 1.550000 -0.458800
v 1.435600 1.550000 -0.901200
v 1.421200 1.550000 -0.915600
v 0.878800 1.550000 -0.915600
v 0.864400 1.550000 -0.901200
v 0.864400 1.550000 -0.458800
v -1.090800 1.365000 0.950400
v -0.609200 1.365000 0.950400
v -0.599600 1.365000 0.940800
v -0.599600 1.365000 0.459200
v -0.609200 1.365000 0.449600
v -1.090800 1.365000 0.449600
v -1.100400 1.365000 0.459200
v -1.100400 1.365000 0.940800
v -1.100400 1.374600 0.960000
v -0.599600 1.374600 0.960000
v -0.590000 1.374600 0.950400
v -0.590000 1.374600 0.449600
v -0.599600 1.374600 0.440000
v -1.100400 1.374600 0.440000
v -1.110000 1.374600 0.449600
v -1.110000 1.374600 0.950400
v -1.100400 1.435400 0.960000
v -0.599600 1.435400 0.960000
v -0.590000 1.435400 0.950400
v -0.590000 1.435400 0.449600
v -0.599600 1.435400 0.440000
v -1.100400 1.435400 0.440000
v -1.110000 1.435400 0.449600
v -1.110000 1.435400 0.950400
v -1.090800 1.445000 0.950400
v -0.609200 1.445000 0.950400
v -0.599600 1.445000 0.940800
v -0.599600 1.445000 0.459200
v -0.609200 1.445000 0.449600
v -1.090800 1.445000 0.449600
v -1.100400 1.445000 0.459200
v -1.100400 1.445000 0.940800
v -1.010000 1.437500 0.860000
v -0.690000 1.437500 0.860000
v -0.690000 1.437500 0.540000
v -1.010000 1.437500 0.540000
v -1.010000 1.472500 0.860000
v -0.690000 1.472500 0.860000
v -0.690000 1.472500 0.540000
v -1.010000 1.472500 0.540000
v 0.609200 1.365000 0.950400
v 1.090800 1.365000 0.950400
v 1.100400 1.365000 0.940800
v 1.100400 1.365000 0.459200
v 1.090800 1.365000 0.449600
v 0.609200 1.365000 0.449600
v 0.599600 1.365000 0.459200
v 0.599600 1.365000 0.940800
v 0.599600 1.374600 0.960000
v 1.100400 1.374600 0.960000
v 1.110000 1.374600 0.950400
v 1.110000 1.374600 0.449600
v 1.100400 1.374600 0.440000
v 0.599600 1.374600 0.440000
v 0.590000 1.374600 0.449600
v 0.590000 1.374600 0.950400
v 0.599600 1.435400 0.960000
v 1.100400 1.435400 0.960000
v 1.110000 1.435400 0.950400
v 1.110000 1.435400 0.449600
v 1.100400 1.435400 0.440000
v 0.599600 1.435400 0.440000
v 0.590000 1.435400 0.449600
v 0.590000 1.435400 0.950400
v 0.609200 1.445000 0.950400
v 1.090800 1.445000 0.950400
v 1.100400 1.445000 0.940800
v 1.100400 1.445000 0.459200
v 1.090800 1.445000 0.449600
v 0.609200 1.445000 0.449600
v 0.599600 1.445000 0.459200
v 0.599600 1.445000 0.940800
v 0.690000 1.437500 0.860000
v 1.010000 1.437500 0.860000
v 1.010000 1.437500 0.540000
v 0.690000 1.437500 0.540000
v 0.690000 1.472500 0.860000
v 1.010000 1.472500 0.860000
v 1.010000 1.472500 0.540000
v 0.690000 1.472500 0.540000
v -0.240800 1.365000 -0.599600
v 0.240800 1.365000 -0.599600
v 0.250400 1.365000 -0.609200
v 0.250400 1.365000 -1.090800
v 0.240800 1.365000 -1.100400
v -0.240800 1.365000 -1.100400
v -0.250400 1.365000 -1.090800
v -0.250400 1.365000 -0.609200
v -0.250400 1.374600 -0.590000
v 0.250400 1.374600 -0.590000
v 0.260000 1.374600 -0.599600
v 0.260000 1.374600 -1.100400
v 0.250400 1.374600 -1.110000
v -0.250400 1.374600 -1.110000
v -0.260000 1.374600 -1.100400
v -0.260000 1.374600 -0.599600
v -0.250400 1.435400 -0.590000
v 0.250400 1.435400 -0.590000
v 0.260000 1.435400 -0.599600
v 0.260000 1.435400 -1.100400
v 0.250400 1.435400 -1.110000
v -0.250400 1.435400 -1.110000
v -0.260000 1.435400 -1.100400
v -0.260000 1.435400 -0.599600
v -0.240800 1.445000 -0.599600
v 0.240800 1.445000 -0.599600
v 0.250400 1.445000 -0.609200
v 0.250400 1.445000 -1.090800
v 0.240800 1.445000 -1.100400
v -0.240800 1.445000 -1.100400
v -0.250400 1.445000 -1.090800
v -0.250400 1.445000 -0.609200
v -0.160000 1.437500 -0.690000
v 0.160000 1.437500 -0.690000
v 0.160000 1.437500 -1.010000
v -0.160000 1.437500 -1.010000
v -0.160000 1.472500 -0.690000
v 0.160000 1.472500 -0.690000
v 0.160000 1.472500 -1.010000
v -0.160000 1.472500 -1.010000
v -0.120000 0.820000 -1.850000
v 0.120000 0.820000 -1.850000
v 0.145000 0.820000 -1.875000
v 0.145000 0.820000 -2.325000
v 0.120000 0.820000 -2.350000
v -0.120000 0.820000 -2.350000
v -0.145000 0.820000 -2.325000
v -0.145000 0.820000 -1.875000
v -0.145000 0.845000 -1.825000
v 0.145000 0.845000 -1.825000
v 0.170000 0.845000 -1.850000
v 0.170000 0.845000 -2.350000
v 0.145000 0.845000 -2.375000
v -0.145000 0.845000 -2.375000
v -0.170000 0.845000 -2.350000
v -0.170000 0.845000 -1.850000
v -0.145000 1.035000 -1.825000
v 0.145000 1.035000 -1.825000
v 0.170000 1.035000 -1.850000
v 0.170000 1.035000 -2.350000
v 0.145000 1.035000 -2.375000
v -0.145000 1.035000 -2.375000
v -0.170000 1.035000 -2.350000
v -0.170000 1.035000 -1.850000
v -0.120000 1.060000 -1.850000
v 0.120000 1.060000 -1.850000
v 0.145000 1.060000 -1.875000
v 0.145000 1.060000 -2.325000
v 0.120000 1.060000 -2.350000
v -0.120000 1.060000 -2.350000
v -0.145000 1.060000 -2.325000
v -0.145000 1.060000 -1.875000
v -0.071600 0.940000 2.475800
v 0.071600 0.940000 2.475800
v 0.090800 0.940000 2.456600
v 0.090800 0.940000 0.783400
v 0.071600 0.940000 0.764200
v -0.071600 0.940000 0.764200
v -0.090800 0.940000 0.783400
v -0.090800 0.940000 2.456600
v -0.090800 0.959200 2.495000
v 0.090800 0.959200 2.495000
v 0.110000 0.959200 2.475800
v 0.110000 0.959200 0.764200
v 0.090800 0.959200 0.745000
v -0.090800 0.959200 0.745000
v -0.110000 0.959200 0.764200
v -0.110000 0.959200 2.475800
v -0.090800 1.080800 2.495000
v 0.090800 1.080800 2.495000
v 0.110000 1.080800 2.475800
v 0.110000 1.080800 0.764200
v 0.090800 1.080800 0.745000
v -0.090800 1.080800 0.745000
v -0.110000 1.080800 0.764200
v -0.110000 1.080800 2.475800
v -0.071600 1.100000 2.475800
v 0.071600 1.100000 2.475800
v 0.090800 1.100000 2.456600
v 0.090800 1.100000 0.783400
v 0.071600 1.100000 0.764200
v -0.071600 1.100000 0.764200
v -0.090800 1.100000 0.783400
v -0.090800 1.100000 2.456600
v -0.311200 0.940000 3.210600
v -0.248800 0.940000 3.210600
v -0.234400 0.940000 3.196200
v -0.234400 0.940000 1.503800
v -0.248800 0.940000 1.489400
v -0.311200 0.940000 1.489400
v -0.325600 0.940000 1.503800
v -0.325600 0.940000 3.196200
v -0.325600 0.954400 3.225000
v -0.234400 0.954400 3.225000
v -0.220000 0.954400 3.210600
v -0.220000 0.954400 1.489400
v -0.234400 0.954400 1.475000
v -0.325600 0.954400 1.475000
v -0.340000 0.954400 1.489400
v -0.340000 0.954400 3.210600
v -0.325600 1.085600 3.225000
v -0.234400 1.085600 3.225000
v -0.220000 1.085600 3.210600
v -0.220000 1.085600 1.489400
v -0.234400 1.085600 1.475000
v -0.325600 1.085600 1.475000
v -0.340000 1.085600 1.489400
v -0.340000 1.085600 3.210600
v -0.311200 1.100000 3.210600
v -0.248800 1.100000 3.210600
v -0.234400 1.100000 3.196200
v -0.234400 1.100000 1.503800
v -0.248800 1.100000 1.489400
v -0.311200 1.100000 1.489400
v -0.325600 1.100000 1.503800
v -0.325600 1.100000 3.196200
v 0.248800 0.940000 3.210600
v 0.311200 0.940000 3.210600
v 0.325600 0.940000 3.196200
v 0.325600 0.940000 1.503800
v 0.311200 0.940000 1.489400
v 0.248800 0.940000 1.489400
v 0.234400 0.940000 1.503800
v 0.234400 0.940000 3.196200
v 0.234400 0.954400 3.225000
v 0.325600 0.954400 3.225000
v 0.340000 0.954400 3.210600
v 0.340000 0.954400 1.489400
v 0.325600 0.954400 1.475000
v 0.234400 0.954400 1.475000
v 0.220000 0.954400 1.489400
v 0.220000 0.954400 3.210600
v 0.234400 1.085600 3.225000
v 0.325600 1.085600 3.225000
v 0.340000 1.085600 3.210600
v 0.340000 1.085600 1.489400
v 0.325600 1.085600 1.475000
v 0.234400 1.085600 1.475000
v 0.220000 1.085600 1.489400
v 0.220000 1.085600 3.210600
v 0.248800 1.100000 3.210600
v 0.311200 1.100000 3.210600
v 0.325600 1.100000 3.196200
v 0.325600 1.100000 1.503800
v 0.311200 1.100000 1.489400
v 0.248800 1.100000 1.489400
v 0.234400 1.100000 1.503800
v 0.234400 1.100000 3.196200
v -1.370000 0.760000 -1.100000
v -1.210000 0.760000 -1.100000
v -1.210000 0.760000 -2.000000
v -1.370000 0.760000 -2.000000
v -1.370000 0.800000 -1.100000
v -1.210000 0.800000 -1.100000
v -1.210000 0.800000 -2.000000
v -1.370000 0.800000 -2.000000
v -1.370000 0.815000 -1.185000
v -1.210000 0.815000 -1.185000
v -1.210000 0.815000 -1.915000
v -1.370000 0.815000 -1.915000
v -1.370000 0.855000 -1.185000
v -1.210000 0.855000 -1.185000
v -1.210000 0.855000 -1.915000
v -1.370000 0.855000 -1.915000
v -1.370000 0.870000 -1.270000
v -1.210000 0.870000 -1.270000
v -1.210000 0.870000 -1.830000
v -1.370000 0.870000 -1.830000
v -1.370000 0.910000 -1.270000
v -1.210000 0.910000 -1.270000
v -1.210000 0.910000 -1.830000
v -1.370000 0.910000 -1.830000
v -1.395000 0.750000 -1.742500
v -1.185000 0.750000 -1.742500
v -1.185000 0.750000 -1.797500
v -1.395000 0.750000 -1.797500
v -1.395000 0.990000 -1.742500
v -1.185000 0.990000 -1.742500
v -1.185000 0.990000 -1.797500
v -1.395000 0.990000 -1.797500
v -1.395000 0.750000 -1.302500
v -1.185000 0.750000 -1.302500
v -1.185000 0.750000 -1.357500
v -1.395000 0.750000 -1.357500
v -1.395000 0.990000 -1.302500
v -1.185000 0.990000 -1.302500
v -1.185000 0.990000 -1.357500
v -1.395000 0.990000 -1.357500
v -1.407819 0.789068 -1.640396
v -1.407819 0.842893 -1.706182
v -1.492182 0.850932 -1.699604
v -1.492182 0.797107 -1.633818
v -1.337819 1.229068 -1.280396
v -1.337819 1.282893 -1.346182
v -1.422181 1.290932 -1.339604
v -1.422181 1.237107 -1.273818
v -2.110000 1.120000 -2.252500
v -1.490000 1.120000 -2.252500
v -1.490000 1.120000 -2.307500
v -2.110000 1.120000 -2.307500
v -2.110000 1.640000 -2.252500
v -1.490000 1.640000 -2.252500
v -1.490000 1.640000 -2.307500
v -2.110000 1.640000 -2.307500
v -1.370000 0.760000 2.000000
v -1.210000 0.760000 2.000000
v -1.210000 0.760000 1.100000
v -1.370000 0.760000 1.100000
v -1.370000 0.800000 2.000000
v -1.210000 0.800000 2.000000
v -1.210000 0.800000 1.100000
v -1.370000 0.800000 1.100000
v -1.370000 0.815000 1.915000
v -1.210000 0.815000 1.915000
v -1.210000 0.815000 1.185000
v -1.370000 0.815000 1.185000
v -1.370000 0.855000 1.915000
v -1.210000 0.855000 1.915000
v -1.210000 0.855000 1.185000
v -1.370000 0.855000 1.185000
v -1.370000 0.870000 1.830000
v -1.210000 0.870000 1.830000
v -1.210000 0.870000 1.270000
v -1.370000 0.870000 1.270000
v -1.370000 0.910000 1.830000
v -1.210000 0.910000 1.830000
v -1.210000 0.910000 1.270000
v -1.370000 0.910000 1.270000
v -1.395000 0.750000 1.357500
v -1.185000 0.750000 1.357500
v -1.185000 0.750000 1.302500
v -1.395000 0.750000 1.302500
v -1.395000 0.990000 1.357500
v -1.185000 0.990000 1.357500
v -1.185000 0.990000 1.302500
v -1.395000 0.990000 1.302500
v -1.395000 0.750000 1.797500
v -1.185000 0.750000 1.797500
v -1.185000 0.750000 1.742500
v -1.395000 0.750000 1.742500
v -1.395000 0.990000 1.797500
v -1.185000 0.990000 1.797500
v -1.185000 0.990000 1.742500
v -1.395000 0.990000 1.742500
v -1.407819 0.789068 1.459604
v -1.407819 0.842893 1.393818
v -1.492182 0.850932 1.400396
v -1.492182 0.797107 1.466182
v -1.337819 1.229068 1.819604
v -1.337819 1.282893 1.753818
v -1.422181 1.290932 1.760396
v -1.422181 1.237107 1.826182
v -2.110000 1.120000 0.847500
v -1.490000 1.120000 0.847500
v -1.490000 1.120000 0.792500
v -2.110000 1.120000 0.792500
v -2.110000 1.640000 0.847500
v -1.490000 1.640000 0.847500
v -1.490000 1.640000 0.792500
v -2.110000 1.640000 0.792500
v -1.627500 1.475000 -1.240000
v -1.592500 1.475000 -1.240000
v -1.592500 1.475000 -1.360000
v -1.627500 1.475000 -1.360000
v -1.627500 1.645000 -1.240000
v -1.592500 1.645000 -1.240000
v -1.592500 1.645000 -1.360000
v -1.627500 1.645000 -1.360000
v -1.652500 1.525000 -1.272500
v -1.627500 1.525000 -1.272500
v -1.627500 1.525000 -1.327500
v -1.652500 1.525000 -1.327500
v -1.652500 1.595000 -1.272500
v -1.627500 1.595000 -1.272500
v -1.627500 1.595000 -1.327500
v -1.652500 1.595000 -1.327500
v -1.627500 1.475000 -0.360000
v -1.592500 1.475000 -0.360000
v -1.592500 1.475000 -0.480000
v -1.627500 1.475000 -0.480000
v -1.627500 1.645000 -0.360000
v -1.592500 1.645000 -0.360000
v -1.592500 1.645000 -0.480000
v -1.627500 1.645000 -0.480000
v -1.652500 1.525000 -0.392500
v -1.627500 1.525000 -0.392500
v -1.627500 1.525000 -0.447500
v -1.652500 1.525000 -0.447500
v -1.652500 1.595000 -0.392500
v -1.627500 1.595000 -0.392500
v -1.627500 1.595000 -0.447500
v -1.652500 1.595000 -0.447500
v -1.627500 1.475000 0.520000
v -1.592500 1.475000 0.520000
v -1.592500 1.475000 0.400000
v -1.627500 1.475000 0.400000
v -1.627500 1.645000 0.520000
v -1.592500 1.645000 0.520000
v -1.592500 1.645000 0.400000
v -1.627500 1.645000 0.400000
v -1.652500 1.525000 0.487500
v -1.627500 1.525000 0.487500
v -1.627500 1.525000 0.432500
v -1.652500 1.525000 0.432500
v -1.652500 1.595000 0.487500
v -1.627500 1.595000 0.487500
v -1.627500 1.595000 0.432500
v -1.652500 1.595000 0.432500
v -1.627500 1.475000 1.400000
v -1.592500 1.475000 1.400000
v -1.592500 1.475000 1.280000
v -1.627500 1.475000 1.280000
v -1.627500 1.645000 1.400000
v -1.592500 1.645000 1.400000
v -1.592500 1.645000 1.280000
v -1.627500 1.645000 1.280000
v -1.652500 1.525000 1.367500
v -1.627500 1.525000 1.367500
v -1.627500 1.525000 1.312500
v -1.652500 1.525000 1.312500
v -1.652500 1.595000 1.367500
v -1.627500 1.595000 1.367500
v -1.627500 1.595000 1.312500
v -1.652500 1.595000 1.312500
v -1.418800 1.125000 -1.840600
v -1.181200 1.125000 -1.840600
v -1.165600 1.125000 -1.856200
v -1.165600 1.125000 -1.923800
v -1.181200 1.125000 -1.939400
v -1.418800 1.125000 -1.939400
v -1.434400 1.125000 -1.923800
v -1.434400 1.125000 -1.856200
v -1.434400 1.140600 -1.825000
v -1.165600 1.140600 -1.825000
v -1.150000 1.140600 -1.840600
v -1.150000 1.140600 -1.939400
v -1.165600 1.140600 -1.955000
v -1.434400 1.140600 -1.955000
v -1.450000 1.140600 -1.939400
v -1.450000 1.140600 -1.840600
v -1.434400 1.379400 -1.825000
v -1.165600 1.379400 -1.825000
v -1.150000 1.379400 -1.840600
v -1.150000 1.379400 -1.939400
v -1.165600 1.379400 -1.955000
v -1.434400 1.379400 -1.955000
v -1.450000 1.379400 -1.939400
v -1.450000 1.379400 -1.840600
v -1.418800 1.395000 -1.840600
v -1.181200 1.395000 -1.840600
v -1.165600 1.395000 -1.856200
v -1.165600 1.395000 -1.923800
v -1.181200 1.395000 -1.939400
v -1.418800 1.395000 -1.939400
v -1.434400 1.395000 -1.923800
v -1.434400 1.395000 -1.856200
v -1.415000 1.220000 -1.947500
v -1.185000 1.220000 -1.947500
v -1.185000 1.220000 -1.982500
v -1.415000 1.220000 -1.982500
v -1.415000 1.360000 -1.947500
v -1.185000 1.360000 -1.947500
v -1.185000 1.360000 -1.982500
v -1.415000 1.360000 -1.982500
v -1.415000 1.140000 -1.947500
v -1.185000 1.140000 -1.947500
v -1.185000 1.140000 -1.982500
v -1.415000 1.140000 -1.982500
v -1.415000 1.200000 -1.947500
v -1.185000 1.200000 -1.947500
v -1.185000 1.200000 -1.982500
v -1.415000 1.200000 -1.982500
v -1.592500 1.465000 1.745000
v -1.547500 1.465000 1.745000
v -1.547500 1.465000 1.575000
v -1.592500 1.465000 1.575000
v -1.592500 1.555000 1.745000
v -1.547500 1.555000 1.745000
v -1.547500 1.555000 1.575000
v -1.592500 1.555000 1.575000
v 1.210000 0.760000 -1.100000
v 1.370000 0.760000 -1.100000
v 1.370000 0.760000 -2.000000
v 1.210000 0.760000 -2.000000
v 1.210000 0.800000 -1.100000
v 1.370000 0.800000 -1.100000
v 1.370000 0.800000 -2.000000
v 1.210000 0.800000 -2.000000
v 1.210000 0.815000 -1.185000
v 1.370000 0.815000 -1.185000
v 1.370000 0.815000 -1.915000
v 1.210000 0.815000 -1.915000
v 1.210000 0.855000 -1.185000
v 1.370000 0.855000 -1.185000
v 1.370000 0.855000 -1.915000
v 1.210000 0.855000 -1.915000
v 1.210000 0.870000 -1.270000
v 1.370000 0.870000 -1.270000
v 1.370000 0.870000 -1.830000
v 1.210000 0.870000 -1.830000
v 1.210000 0.910000 -1.270000
v 1.370000 0.910000 -1.270000
v 1.370000 0.910000 -1.830000
v 1.210000 0.910000 -1.830000
v 1.185000 0.750000 -1.742500
v 1.395000 0.750000 -1.742500
v 1.395000 0.750000 -1.797500
v 1.185000 0.750000 -1.797500
v 1.185000 0.990000 -1.742500
v 1.395000 0.990000 -1.742500
v 1.395000 0.990000 -1.797500
v 1.185000 0.990000 -1.797500
v 1.185000 0.750000 -1.302500
v 1.395000 0.750000 -1.302500
v 1.395000 0.750000 -1.357500
v 1.185000 0.750000 -1.357500
v 1.185000 0.990000 -1.302500
v 1.395000 0.990000 -1.302500
v 1.395000 0.990000 -1.357500
v 1.185000 0.990000 -1.357500
v 1.492182 0.797107 -1.633818
v 1.492182 0.850932 -1.699604
v 1.407819 0.842893 -1.706182
v 1.407819 0.789068 -1.640396
v 1.422181 1.237107 -1.273818
v 1.422181 1.290932 -1.339604
v 1.337819 1.282893 -1.346182
v 1.337819 1.229068 -1.280396
v 1.490000 1.120000 -2.252500
v 2.110000 1.120000 -2.252500
v 2.110000 1.120000 -2.307500
v 1.490000 1.120000 -2.307500
v 1.490000 1.640000 -2.252500
v 2.110000 1.640000 -2.252500
v 2.110000 1.640000 -2.307500
v 1.490000 1.640000 -2.307500
v 1.210000 0.760000 2.000000
v 1.370000 0.760000 2.000000
v 1.370000 0.760000 1.100000
v 1.210000 0.760000 1.100000
v 1.210000 0.800000 2.000000
v 1.370000 0.800000 2.000000
v 1.370000 0.800000 1.100000
v 1.210000 0.800000 1.100000
v 1.210000 0.815000 1.915000
v 1.370000 0.815000 1.915000
v 1.370000 0.815000 1.185000
v 1.210000 0.815000 1.185000
v 1.210000 0.855000 1.915000
v 1.370000 0.855000 1.915000
v 1.370000 0.855000 1.185000
v 1.210000 0.855000 1.185000
v 1.210000 0.870000 1.830000
v 1.370000 0.870000 1.830000
v 1.370000 0.870000 1.270000
v 1.210000 0.870000 1.270000
v 1.210000 0.910000 1.830000
v 1.370000 0.910000 1.830000
v 1.370000 0.910000 1.270000
v 1.210000 0.910000 1.270000
v 1.185000 0.750000 1.357500
v 1.395000 0.750000 1.357500
v 1.395000 0.750000 1.302500
v 1.185000 0.750000 1.302500
v 1.185000 0.990000 1.357500
v 1.395000 0.990000 1.357500
v 1.395000 0.990000 1.302500
v 1.185000 0.990000 1.302500
v 1.185000 0.750000 1.797500
v 1.395000 0.750000 1.797500
v 1.395000 0.750000 1.742500
v 1.185000 0.750000 1.742500
v 1.185000 0.990000 1.797500
v 1.395000 0.990000 1.797500
v 1.395000 0.990000 1.742500
v 1.185000 0.990000 1.742500
v 1.492182 0.797107 1.466182
v 1.492182 0.850932 1.400396
v 1.407819 0.842893 1.393818
v 1.407819 0.789068 1.459604
v 1.422181 1.237107 1.826182
v 1.422181 1.290932 1.760396
v 1.337819 1.282893 1.753818
v 1.337819 1.229068 1.819604
v 1.490000 1.120000 0.847500
v 2.110000 1.120000 0.847500
v 2.110000 1.120000 0.792500
v 1.490000 1.120000 0.792500
v 1.490000 1.640000 0.847500
v 2.110000 1.640000 0.847500
v 2.110000 1.640000 0.792500
v 1.490000 1.640000 0.792500
v 1.592500 1.475000 -1.240000
v 1.627500 1.475000 -1.240000
v 1.627500 1.475000 -1.360000
v 1.592500 1.475000 -1.360000
v 1.592500 1.645000 -1.240000
v 1.627500 1.645000 -1.240000
v 1.627500 1.645000 -1.360000
v 1.592500 1.645000 -1.360000
v 1.627500 1.525000 -1.272500
v 1.652500 1.525000 -1.272500
v 1.652500 1.525000 -1.327500
v 1.627500 1.525000 -1.327500
v 1.627500 1.595000 -1.272500
v 1.652500 1.595000 -1.272500
v 1.652500 1.595000 -1.327500
v 1.627500 1.595000 -1.327500
v 1.592500 1.475000 -0.360000
v 1.627500 1.475000 -0.360000
v 1.627500 1.475000 -0.480000
v 1.592500 1.475000 -0.480000
v 1.592500 1.645000 -0.360000
v 1.627500 1.645000 -0.360000
v 1.627500 1.645000 -0.480000
v 1.592500 1.645000 -0.480000
v 1.627500 1.525000 -0.392500
v 1.652500 1.525000 -0.392500
v 1.652500 1.525000 -0.447500
v 1.627500 1.525000 -0.447500
v 1.627500 1.595000 -0.392500
v 1.652500 1.595000 -0.392500
v 1.652500 1.595000 -0.447500
v 1.627500 1.595000 -0.447500
v 1.592500 1.475000 0.520000
v 1.627500 1.475000 0.520000
v 1.627500 1.475000 0.400000
v 1.592500 1.475000 0.400000
v 1.592500 1.645000 0.520000
v 1.627500 1.645000 0.520000
v 1.627500 1.645000 0.400000
v 1.592500 1.645000 0.400000
v 1.627500 1.525000 0.487500
v 1.652500 1.525000 0.487500
v 1.652500 1.525000 0.432500
v 1.627500 1.525000 0.432500
v 1.627500 1.595000 0.487500
v 1.652500 1.595000 0.487500
v 1.652500 1.595000 0.432500
v 1.627500 1.595000 0.432500
v 1.592500 1.475000 1.400000
v 1.627500 1.475000 1.400000
v 1.627500 1.475000 1.280000
v 1.592500 1.475000 1.280000
v 1.592500 1.645000 1.400000
v 1.627500 1.645000 1.400000
v 1.627500 1.645000 1.280000
v 1.592500 1.645000 1.280000
v 1.627500 1.525000 1.367500
v 1.652500 1.525000 1.367500
v 1.652500 1.525000 1.312500
v 1.627500 1.525000 1.312500
v 1.627500 1.595000 1.367500
v 1.652500 1.595000 1.367500
v 1.652500 1.595000 1.312500
v 1.627500 1.595000 1.312500
v 1.181200 1.125000 -1.840600
v 1.418800 1.125000 -1.840600
v 1.434400 1.125000 -1.856200
v 1.434400 1.125000 -1.923800
v 1.418800 1.125000 -1.939400
v 1.181200 1.125000 -1.939400
v 1.165600 1.125000 -1.923800
v 1.165600 1.125000 -1.856200
v 1.165600 1.140600 -1.825000
v 1.434400 1.140600 -1.825000
v 1.450000 1.140600 -1.840600
v 1.450000 1.140600 -1.939400
v 1.434400 1.140600 -1.955000
v 1.165600 1.140600 -1.955000
v 1.150000 1.140600 -1.939400
v 1.150000 1.140600 -1.840600
v 1.165600 1.379400 -1.825000
v 1.434400 1.379400 -1.825000
v 1.450000 1.379400 -1.840600
v 1.450000 1.379400 -1.939400
v 1.434400 1.379400 -1.955000
v 1.165600 1.379400 -1.955000
v 1.150000 1.379400 -1.939400
v 1.150000 1.379400 -1.840600
v 1.181200 1.395000 -1.840600
v 1.418800 1.395000 -1.840600
v 1.434400 1.395000 -1.856200
v 1.434400 1.395000 -1.923800
v 1.418800 1.395000 -1.939400
v 1.181200 1.395000 -1.939400
v 1.165600 1.395000 -1.923800
v 1.165600 1.395000 -1.856200
v 1.185000 1.220000 -1.947500
v 1.415000 1.220000 -1.947500
v 1.415000 1.220000 -1.982500
v 1.185000 1.220000 -1.982500
v 1.185000 1.360000 -1.947500
v 1.415000 1.360000 -1.947500
v 1.415000 1.360000 -1.982500
v 1.185000 1.360000 -1.982500
v 1.185000 1.140000 -1.947500
v 1.415000 1.140000 -1.947500
v 1.415000 1.140000 -1.982500
v 1.185000 1.140000 -1.982500
v 1.185000 1.200000 -1.947500
v 1.415000 1.200000 -1.947500
v 1.415000 1.200000 -1.982500
v 1.185000 1.200000 -1.982500
v 1.547500 1.465000 1.745000
v 1.592500 1.465000 1.745000
v 1.592500 1.465000 1.575000
v 1.547500 1.465000 1.575000
v 1.547500 1.555000 1.745000
v 1.592500 1.555000 1.745000
v 1.592500 1.555000 1.575000
v 1.547500 1.555000 1.575000
v -1.544000 0.765000 -1.488000
v 1.544000 0.765000 -1.488000
v 1.562000 0.765000 -1.506000
v 1.562000 0.765000 -1.594000
v 1.544000 0.765000 -1.612000
v -1.544000 0.765000 -1.612000
v -1.562000 0.765000 -1.594000
v -1.562000 0.765000 -1.506000
v -1.562000 0.783000 -1.470000
v 1.562000 0.783000 -1.470000
v 1.580000 0.783000 -1.488000
v 1.580000 0.783000 -1.612000
v 1.562000 0.783000 -1.630000
v -1.562000 0.783000 -1.630000
v -1.580000 0.783000 -1.612000
v -1.580000 0.783000 -1.488000
v -1.562000 0.897000 -1.470000
v 1.562000 0.897000 -1.470000
v 1.580000 0.897000 -1.488000
v 1.580000 0.897000 -1.612000
v 1.562000 0.897000 -1.630000
v -1.562000 0.897000 -1.630000
v -1.580000 0.897000 -1.612000
v -1.580000 0.897000 -1.488000
v -1.544000 0.915000 -1.488000
v 1.544000 0.915000 -1.488000
v 1.562000 0.915000 -1.506000
v 1.562000 0.915000 -1.594000
v 1.544000 0.915000 -1.612000
v -1.544000 0.915000 -1.612000
v -1.562000 0.915000 -1.594000
v -1.562000 0.915000 -1.506000
v -0.635000 0.865382 -1.544846
v -0.635000 0.934618 -1.555154
v -0.705000 0.934618 -1.555154
v -0.705000 0.865382 -1.544846
v -0.635000 1.015382 -0.537346
v -0.635000 1.084618 -0.547654
v -0.705000 1.084618 -0.547654
v -0.705000 1.015382 -0.537346
v 0.705000 0.865382 -1.544846
v 0.705000 0.934618 -1.555154
v 0.635000 0.934618 -1.555154
v 0.635000 0.865382 -1.544846
v 0.705000 1.015382 -0.537346
v 0.705000 1.084618 -0.547654
v 0.635000 1.084618 -0.547654
v 0.635000 1.015382 -0.537346
v -1.544000 0.765000 1.612000
v 1.544000 0.765000 1.612000
v 1.562000 0.765000 1.594000
v 1.562000 0.765000 1.506000
v 1.544000 0.765000 1.488000
v -1.544000 0.765000 1.488000
v -1.562000 0.765000 1.506000
v -1.562000 0.765000 1.594000
v -1.562000 0.783000 1.630000
v 1.562000 0.783000 1.630000
v 1.580000 0.783000 1.612000
v 1.580000 0.783000 1.488000
v 1.562000 0.783000 1.470000
v -1.562000 0.783000 1.470000
v -1.580000 0.783000 1.488000
v -1.580000 0.783000 1.612000
v -1.562000 0.897000 1.630000
v 1.562000 0.897000 1.630000
v 1.580000 0.897000 1.612000
v 1.580000 0.897000 1.488000
v 1.562000 0.897000 1.470000
v -1.562000 0.897000 1.470000
v -1.580000 0.897000 1.488000
v -1.580000 0.897000 1.612000
v -1.544000 0.915000 1.612000
v 1.544000 0.915000 1.612000
v 1.562000 0.915000 1.594000
v 1.562000 0.915000 1.506000
v 1.544000 0.915000 1.488000
v -1.544000 0.915000 1.488000
v -1.562000 0.915000 1.506000
v -1.562000 0.915000 1.594000
v -0.635000 0.934618 1.555154
v -0.635000 0.865382 1.544846
v -0.705000 0.865382 1.544846
v -0.705000 0.934618 1.555154
v -0.635000 1.084618 0.547654
v -0.635000 1.015382 0.537346
v -0.705000 1.015382 0.537346
v -0.705000 1.084618 0.547654
v 0.705000 0.934618 1.555154
v 0.705000 0.865382 1.544846
v 0.635000 0.865382 1.544846
v 0.635000 0.934618 1.555154
v 0.705000 1.084618 0.547654
v 0.705000 1.015382 0.537346
v 0.635000 1.015382 0.537346
v 0.635000 1.084618 0.547654
v -0.325000 1.040000 -1.852500
v 0.325000 1.040000 -1.852500
v 0.325000 1.040000 -1.887500
v -0.325000 1.040000 -1.887500
v -0.325000 1.260000 -1.852500
v 0.325000 1.260000 -1.852500
v 0.325000 1.260000 -1.887500
v -0.325000 1.260000 -1.887500
v -0.247500 1.110000 -1.888000
v -0.192500 1.110000 -1.888000
v -0.192500 1.110000 -1.906000
v -0.247500 1.110000 -1.906000
v -0.247500 1.190000 -1.888000
v -0.192500 1.190000 -1.888000
v -0.192500 1.190000 -1.906000
v -0.247500 1.190000 -1.906000
v -0.137500 1.110000 -1.888000
v -0.082500 1.110000 -1.888000
v -0.082500 1.110000 -1.906000
v -0.137500 1.110000 -1.906000
v -0.137500 1.190000 -1.888000
v -0.082500 1.190000 -1.888000
v -0.082500 1.190000 -1.906000
v -0.137500 1.190000 -1.906000
v -0.027500 1.110000 -1.888000
v 0.027500 1.110000 -1.888000
v 0.027500 1.110000 -1.906000
v -0.027500 1.110000 -1.906000
v -0.027500 1.190000 -1.888000
v 0.027500 1.190000 -1.888000
v 0.027500 1.190000 -1.906000
v -0.027500 1.190000 -1.906000
v 0.082500 1.110000 -1.888000
v 0.137500 1.110000 -1.888000
v 0.137500 1.110000 -1.906000
v 0.082500 1.110000 -1.906000
v 0.082500 1.190000 -1.888000
v 0.137500 1.190000 -1.888000
v 0.137500 1.190000 -1.906000
v 0.082500 1.190000 -1.906000
v 0.192500 1.110000 -1.888000
v 0.247500 1.110000 -1.888000
v 0.247500 1.110000 -1.906000
v 0.192500 1.110000 -1.906000
v 0.192500 1.190000 -1.888000
v 0.247500 1.190000 -1.888000
v 0.247500 1.190000 -1.906000
v 0.192500 1.190000 -1.906000
vn -0.0000 -1.0000 -0.0000
vn -0.0000 -0.7071 0.7071
vn 0.4082 -0.8165 0.4083
vn 0.7071 -0.7071 -0.0000
vn 0.4082 -0.8165 -0.4082
vn -0.0000 -0.7071 -0.7071
vn -0.4082 -0.8165 -0.4083
vn -0.7071 -0.7071 -0.0000
vn -0.4082 -0.8165 0.4082
vn -0.0000 -0.0000 1.0000
vn 0.7071 -0.0000 0.7071
vn 1.0000 -0.0000 -0.0000
vn 0.7071 -0.0000 -0.7071
vn -0.0000 -0.0000 -1.0000
vn -0.7071 -0.0000 -0.7071
vn -1.0000 -0.0000 -0.0000
vn -0.7071 -0.0000 0.7071
vn -0.0000 0.7071 0.7071
vn 0.4083 0.8165 0.4083
vn 0.7071 0.7071 -0.0000
vn 0.4082 0.8165 -0.4082
vn -0.0000 0.7071 -0.7071
vn -0.4083 0.8165 -0.4083
vn -0.7071 0.7071 -0.0000
vn -0.4082 0.8165 0.4082
vn -0.0000 1.0000 -0.0000
vn 0.4082 -0.8165 0.4082
vn -0.4082 -0.8165 -0.4082
vn 0.4083 0.8165 -0.4082
vn -0.4083 0.8165 0.4082
vn 0.4082 -0.8165 -0.4083
vn 0.4082 0.8165 0.4082
vn -0.4082 0.8165 -0.4082
vn -0.4083 0.8165 0.4083
vn 0.4083 -0.8165 0.4082
vn 0.4083 -0.8165 -0.4082
vn -0.4083 -0.8165 -0.4082
vn -0.4083 -0.8165 0.4082
vn 0.4083 -0.8165 -0.4083
vn -0.4083 -0.8165 -0.4083
vn 0.4083 0.8165 -0.4083
vn -0.4083 -0.8165 0.4083
vn 0.4082 0.8165 -0.4083
vn -0.4082 0.8165 -0.4083
vn -0.4082 -0.8165 0.4083
vn 0.4083 0.8165 0.4082
vn -0.4083 0.8165 -0.4082
vn -0.4082 0.8165 0.4083
vn 0.4083 -0.8165 0.4083
vn 0.4082 0.8165 0.4083
vn -0.1222 -0.7682 -0.6285
vn 0.9925 -0.0946 -0.0774
vn -0.0000 0.6332 -0.7740
vn -0.9925 0.0946 0.0774
vn -0.0000 -0.6332 0.7740
vn 0.1222 0.7682 0.6285
vn 0.1222 -0.7682 -0.6285
vn 0.9925 0.0946 0.0774
vn -0.9925 -0.0946 -0.0774
vn -0.1222 0.7682 0.6285
vn -0.0000 -0.1473 -0.9891
vn -0.0000 0.9891 -0.1473
vn -0.0000 -0.9891 0.1473
vn -0.0000 0.1473 0.9891
vn -0.0000 -0.1473 0.9891
vn -0.0000 -0.9891 -0.1473
vn -0.0000 0.9891 0.1473
vn -0.0000 0.1473 -0.9891
vt 0.125000 0.875000
vt 0.875000 0.125000
vt 0.625000 0.875000
vt 0.125000 0.125000
vt 0.375000 0.125000
vt 0.375000 0.875000
vt 0.125000 0.625000
vt 0.125000 0.375000
vt 0.625000 0.625000
vt 0.875000 0.875000
vt 0.875000 0.625000
s 0
usemtl Military_Wagon_cargo_Palette.001
f 3/1/1 2/1/1 1/1/1
f 2/1/2 9/1/2 1/1/2
f 3/1/3 10/1/3 2/1/3
f 4/1/4 11/1/4 3/1/4
f 4/1/5 13/1/5 12/1/5
f 6/1/6 13/1/6 5/1/6
f 7/1/7 14/1/7 6/1/7
f 8/1/8 15/1/8 7/1/8
f 8/1/9 9/1/9 16/1/9
f 10/1/10 17/1/10 9/1/10
f 11/1/11 18/1/11 10/1/11
f 12/1/12 19/1/12 11/1/12
f 13/1/13 20/1/13 12/1/13
f 14/1/14 21/1/14 13/1/14
f 15/1/15 22/1/15 14/1/15
f 16/1/16 23/1/16 15/1/16
f 9/1/17 24/1/17 16/1/17
f 18/1/18 25/1/18 17/1/18
f 18/1/19 27/1/19 26/1/19
f 20/1/20 27/1/20 19/1/20
f 21/1/21 28/1/21 20/1/21
f 22/1/22 29/1/22 21/1/22
f 22/1/23 31/1/23 30/1/23
f 24/1/24 31/1/24 23/1/24
f 17/1/25 32/1/25 24/1/25
f 31/1/26 32/1/26 28/1/26
f 35/2/1 34/2/1 33/2/1
f 34/2/2 41/2/2 33/2/2
f 35/2/27 42/2/27 34/2/27
f 36/2/4 43/2/4 35/2/4
f 37/2/5 44/2/5 36/2/5
f 38/2/6 45/2/6 37/2/6
f 39/2/28 46/2/28 38/2/28
f 40/2/8 47/2/8 39/2/8
f 33/2/9 48/2/9 40/2/9
f 42/2/10 49/2/10 41/2/10
f 43/2/11 50/2/11 42/2/11
f 44/2/12 51/2/12 43/2/12
f 45/2/13 52/2/13 44/2/13
f 46/2/14 53/2/14 45/2/14
f 47/2/15 54/2/15 46/2/15
f 48/2/16 55/2/16 47/2/16
f 41/2/17 56/2/17 48/2/17
f 50/2/18 57/2/18 49/2/18
f 51/2/19 58/2/19 50/2/19
f 52/2/20 59/2/20 51/2/20
f 53/2/29 60/2/29 52/2/29
f 54/2/22 61/2/22 53/2/22
f 55/2/23 62/2/23 54/2/23
f 56/2/24 63/2/24 55/2/24
f 49/2/30 64/2/30 56/2/30
f 63/2/26 64/2/26 60/2/26
f 67/3/1 66/3/1 65/3/1
f 66/3/2 73/3/2 65/3/2
f 67/3/27 74/3/27 66/3/27
f 67/3/4 76/3/4 75/3/4
f 69/3/31 76/3/31 68/3/31
f 70/3/6 77/3/6 69/3/6
f 71/3/28 78/3/28 70/3/28
f 72/3/8 79/3/8 71/3/8
f 65/3/9 80/3/9 72/3/9
f 74/3/10 81/3/10 73/3/10
f 75/3/11 82/3/11 74/3/11
f 76/3/12 83/3/12 75/3/12
f 77/3/13 84/3/13 76/3/13
f 78/3/14 85/3/14 77/3/14
f 79/3/15 86/3/15 78/3/15
f 80/3/16 87/3/16 79/3/16
f 73/3/17 88/3/17 80/3/17
f 82/3/18 89/3/18 81/3/18
f 82/3/32 91/3/32 90/3/32
f 84/3/20 91/3/20 83/3/20
f 85/3/29 92/3/29 84/3/29
f 86/3/22 93/3/22 85/3/22
f 86/3/33 95/3/33 94/3/33
f 88/3/24 95/3/24 87/3/24
f 81/3/34 96/3/34 88/3/34
f 95/3/26 96/3/26 92/3/26
f 99/4/1 98/4/1 97/4/1
f 98/4/2 105/4/2 97/4/2
f 99/4/35 106/4/35 98/4/35
f 100/4/4 107/4/4 99/4/4
f 101/4/36 108/4/36 100/4/36
f 102/4/6 109/4/6 101/4/6
f 103/4/37 110/4/37 102/4/37
f 104/4/8 111/4/8 103/4/8
f 97/4/38 112/4/38 104/4/38
f 106/4/10 113/4/10 105/4/10
f 107/4/11 114/4/11 106/4/11
f 108/4/12 115/4/12 107/4/12
f 109/4/13 116/4/13 108/4/13
f 110/4/14 117/4/14 109/4/14
f 111/4/15 118/4/15 110/4/15
f 112/4/16 119/4/16 111/4/16
f 105/4/17 120/4/17 112/4/17
f 114/4/18 121/4/18 113/4/18
f 115/4/32 122/4/32 114/4/32
f 116/4/20 123/4/20 115/4/20
f 116/4/21 125/4/21 124/4/21
f 118/4/22 125/4/22 117/4/22
f 119/4/33 126/4/33 118/4/33
f 120/4/24 127/4/24 119/4/24
f 120/4/25 121/4/25 128/4/25
f 127/4/26 128/4/26 124/4/26
f 131/2/1 130/2/1 129/2/1
f 130/2/2 137/2/2 129/2/2
f 131/2/35 138/2/35 130/2/35
f 132/2/4 139/2/4 131/2/4
f 133/2/39 140/2/39 132/2/39
f 133/2/6 142/2/6 141/2/6
f 135/2/40 142/2/40 134/2/40
f 136/2/8 143/2/8 135/2/8
f 136/2/9 137/2/9 144/2/9
f 138/2/10 145/2/10 137/2/10
f 139/2/11 146/2/11 138/2/11
f 140/2/12 147/2/12 139/2/12
f 141/2/13 148/2/13 140/2/13
f 142/2/14 149/2/14 141/2/14
f 143/2/15 150/2/15 142/2/15
f 144/2/16 151/2/16 143/2/16
f 137/2/17 152/2/17 144/2/17
f 146/2/18 153/2/18 145/2/18
f 146/2/32 155/2/32 154/2/32
f 148/2/20 155/2/20 147/2/20
f 149/2/41 156/2/41 148/2/41
f 150/2/22 157/2/22 149/2/22
f 151/2/23 158/2/23 150/2/23
f 152/2/24 159/2/24 151/2/24
f 152/2/30 153/2/30 160/2/30
f 159/2/26 160/2/26 156/2/26
f 163/5/1 162/5/1 161/5/1
f 162/5/2 169/5/2 161/5/2
f 163/5/35 170/5/35 162/5/35
f 164/5/4 171/5/4 163/5/4
f 165/5/39 172/5/39 164/5/39
f 166/5/6 173/5/6 165/5/6
f 167/5/37 174/5/37 166/5/37
f 168/5/8 175/5/8 167/5/8
f 161/5/42 176/5/42 168/5/42
f 170/5/10 177/5/10 169/5/10
f 171/5/11 178/5/11 170/5/11
f 172/5/12 179/5/12 171/5/12
f 173/5/13 180/5/13 172/5/13
f 174/5/14 181/5/14 173/5/14
f 175/5/15 182/5/15 174/5/15
f 176/5/16 183/5/16 175/5/16
f 169/5/17 184/5/17 176/5/17
f 178/5/18 185/5/18 177/5/18
f 178/5/32 187/5/32 186/5/32
f 180/5/20 187/5/20 179/5/20
f 180/5/43 189/5/43 188/5/43
f 182/5/22 189/5/22 181/5/22
f 182/5/44 191/5/44 190/5/44
f 184/5/24 191/5/24 183/5/24
f 177/5/34 192/5/34 184/5/34
f 191/5/26 192/5/26 188/5/26
f 195/4/1 194/4/1 193/4/1
f 194/4/2 201/4/2 193/4/2
f 194/4/3 203/4/3 202/4/3
f 196/4/4 203/4/4 195/4/4
f 196/4/36 205/4/36 204/4/36
f 198/4/6 205/4/6 197/4/6
f 199/4/40 206/4/40 198/4/40
f 200/4/8 207/4/8 199/4/8
f 200/4/45 201/4/45 208/4/45
f 202/4/10 209/4/10 201/4/10
f 203/4/11 210/4/11 202/4/11
f 204/4/12 211/4/12 203/4/12
f 205/4/13 212/4/13 204/4/13
f 206/4/14 213/4/14 205/4/14
f 207/4/15 214/4/15 206/4/15
f 208/4/16 215/4/16 207/4/16
f 201/4/17 216/4/17 208/4/17
f 210/4/18 217/4/18 209/4/18
f 211/4/32 218/4/32 210/4/32
f 212/4/20 219/4/20 211/4/20
f 213/4/43 220/4/43 212/4/43
f 214/4/22 221/4/22 213/4/22
f 214/4/23 223/4/23 222/4/23
f 216/4/24 223/4/24 215/4/24
f 209/4/25 224/4/25 216/4/25
f 223/4/26 224/4/26 220/4/26
f 227/2/1 226/2/1 225/2/1
f 226/2/2 233/2/2 225/2/2
f 227/2/35 234/2/35 226/2/35
f 228/2/4 235/2/4 227/2/4
f 228/2/31 237/2/31 236/2/31
f 230/2/6 237/2/6 229/2/6
f 231/2/37 238/2/37 230/2/37
f 232/2/8 239/2/8 231/2/8
f 225/2/38 240/2/38 232/2/38
f 234/2/10 241/2/10 233/2/10
f 235/2/11 242/2/11 234/2/11
f 236/2/12 243/2/12 235/2/12
f 237/2/13 244/2/13 236/2/13
f 238/2/14 245/2/14 237/2/14
f 239/2/15 246/2/15 238/2/15
f 240/2/16 247/2/16 239/2/16
f 233/2/17 248/2/17 240/2/17
f 241/2/18 250/2/18 249/2/18
f 242/2/46 251/2/46 250/2/46
f 244/2/20 251/2/20 243/2/20
f 245/2/29 252/2/29 244/2/29
f 246/2/22 253/2/22 245/2/22
f 247/2/33 254/2/33 246/2/33
f 248/2/24 255/2/24 247/2/24
f 241/2/30 256/2/30 248/2/30
f 255/2/26 256/2/26 252/2/26
f 259/5/1 258/5/1 257/5/1
f 258/5/2 265/5/2 257/5/2
f 258/5/27 267/5/27 266/5/27
f 260/5/4 267/5/4 259/5/4
f 260/5/31 269/5/31 268/5/31
f 261/5/6 270/5/6 269/5/6
f 263/5/37 270/5/37 262/5/37
f 264/5/8 271/5/8 263/5/8
f 264/5/45 265/5/45 272/5/45
f 266/5/10 273/5/10 265/5/10
f 267/5/11 274/5/11 266/5/11
f 268/5/12 275/5/12 267/5/12
f 269/5/13 276/5/13 268/5/13
f 270/5/14 277/5/14 269/5/14
f 271/5/15 278/5/15 270/5/15
f 272/5/16 279/5/16 271/5/16
f 265/5/17 280/5/17 272/5/17
f 273/5/18 282/5/18 281/5/18
f 275/5/46 282/5/46 274/5/46
f 276/5/20 283/5/20 275/5/20
f 277/5/41 284/5/41 276/5/41
f 278/5/22 285/5/22 277/5/22
f 279/5/47 286/5/47 278/5/47
f 280/5/24 287/5/24 279/5/24
f 273/5/34 288/5/34 280/5/34
f 287/5/26 288/5/26 284/5/26
f 291/4/1 290/4/1 289/4/1
f 290/4/2 297/4/2 289/4/2
f 291/4/3 298/4/3 290/4/3
f 292/4/4 299/4/4 291/4/4
f 293/4/5 300/4/5 292/4/5
f 294/4/6 301/4/6 293/4/6
f 295/4/28 302/4/28 294/4/28
f 296/4/8 303/4/8 295/4/8
f 296/4/42 297/4/42 304/4/42
f 298/4/10 305/4/10 297/4/10
f 299/4/11 306/4/11 298/4/11
f 300/4/12 307/4/12 299/4/12
f 301/4/13 308/4/13 300/4/13
f 302/4/14 309/4/14 301/4/14
f 303/4/15 310/4/15 302/4/15
f 304/4/16 311/4/16 303/4/16
f 297/4/17 312/4/17 304/4/17
f 306/4/18 313/4/18 305/4/18
f 306/4/19 315/4/19 314/4/19
f 308/4/20 315/4/20 307/4/20
f 309/4/21 316/4/21 308/4/21
f 310/4/22 317/4/22 309/4/22
f 310/4/47 319/4/47 318/4/47
f 312/4/24 319/4/24 311/4/24
f 305/4/48 320/4/48 312/4/48
f 319/4/26 320/4/26 316/4/26
f 323/3/1 322/3/1 321/3/1
f 322/3/2 329/3/2 321/3/2
f 322/3/27 331/3/27 330/3/27
f 324/3/4 331/3/4 323/3/4
f 325/3/5 332/3/5 324/3/5
f 326/3/6 333/3/6 325/3/6
f 326/3/28 335/3/28 334/3/28
f 328/3/8 335/3/8 327/3/8
f 321/3/9 336/3/9 328/3/9
f 330/3/10 337/3/10 329/3/10
f 331/3/11 338/3/11 330/3/11
f 332/3/12 339/3/12 331/3/12
f 333/3/13 340/3/13 332/3/13
f 334/3/14 341/3/14 333/3/14
f 335/3/15 342/3/15 334/3/15
f 336/3/16 343/3/16 335/3/16
f 329/3/17 344/3/17 336/3/17
f 338/3/18 345/3/18 337/3/18
f 339/3/32 346/3/32 338/3/32
f 340/3/20 347/3/20 339/3/20
f 340/3/21 349/3/21 348/3/21
f 342/3/22 349/3/22 341/3/22
f 343/3/33 350/3/33 342/3/33
f 344/3/24 351/3/24 343/3/24
f 344/3/25 345/3/25 352/3/25
f 351/3/26 352/3/26 348/3/26
f 355/5/1 353/5/1 356/5/1
f 358/5/26 360/5/26 357/5/26
f 354/5/10 357/5/10 353/5/10
f 355/5/12 358/5/12 354/5/12
f 356/5/14 359/5/14 355/5/14
f 353/5/16 360/5/16 356/5/16
f 363/5/1 361/5/1 364/5/1
f 366/5/26 368/5/26 365/5/26
f 362/5/10 365/5/10 361/5/10
f 363/5/12 366/5/12 362/5/12
f 364/5/14 367/5/14 363/5/14
f 361/5/16 368/5/16 364/5/16
f 370/6/1 369/6/1 373/6/1
f 370/6/2 377/6/2 369/6/2
f 371/6/49 378/6/49 370/6/49
f 371/6/4 380/6/4 379/6/4
f 373/6/39 380/6/39 372/6/39
f 374/6/6 381/6/6 373/6/6
f 374/6/40 383/6/40 382/6/40
f 376/6/8 383/6/8 375/6/8
f 369/6/38 384/6/38 376/6/38
f 378/6/10 385/6/10 377/6/10
f 379/6/11 386/6/11 378/6/11
f 380/6/12 387/6/12 379/6/12
f 381/6/13 388/6/13 380/6/13
f 382/6/14 389/6/14 381/6/14
f 383/6/15 390/6/15 382/6/15
f 384/6/16 391/6/16 383/6/16
f 377/6/17 392/6/17 384/6/17
f 386/6/18 393/6/18 385/6/18
f 387/6/19 394/6/19 386/6/19
f 388/6/20 395/6/20 387/6/20
f 388/6/21 397/6/21 396/6/21
f 390/6/22 397/6/22 389/6/22
f 391/6/23 398/6/23 390/6/23
f 391/6/24 400/6/24 399/6/24
f 385/6/30 400/6/30 392/6/30
f 398/6/26 399/6/26 400/6/26
f 402/6/1 401/6/1 405/6/1
f 402/6/2 409/6/2 401/6/2
f 403/6/49 410/6/49 402/6/49
f 404/6/4 411/6/4 403/6/4
f 405/6/39 412/6/39 404/6/39
f 406/6/6 413/6/6 405/6/6
f 406/6/40 415/6/40 414/6/40
f 407/6/8 416/6/8 415/6/8
f 401/6/42 416/6/42 408/6/42
f 410/6/10 417/6/10 409/6/10
f 411/6/11 418/6/11 410/6/11
f 412/6/12 419/6/12 411/6/12
f 413/6/13 420/6/13 412/6/13
f 414/6/14 421/6/14 413/6/14
f 415/6/15 422/6/15 414/6/15
f 416/6/16 423/6/16 415/6/16
f 409/6/17 424/6/17 416/6/17
f 418/6/18 425/6/18 417/6/18
f 419/6/19 426/6/19 418/6/19
f 419/6/20 428/6/20 427/6/20
f 421/6/29 428/6/29 420/6/29
f 422/6/22 429/6/22 421/6/22
f 423/6/23 430/6/23 422/6/23
f 424/6/24 431/6/24 423/6/24
f 424/6/25 425/6/25 432/6/25
f 430/6/26 431/6/26 432/6/26
f 434/6/1 433/6/1 437/6/1
f 434/6/2 441/6/2 433/6/2
f 434/6/49 443/6/49 442/6/49
f 436/6/4 443/6/4 435/6/4
f 437/6/39 444/6/39 436/6/39
f 438/6/6 445/6/6 437/6/6
f 438/6/40 447/6/40 446/6/40
f 440/6/8 447/6/8 439/6/8
f 433/6/42 448/6/42 440/6/42
f 442/6/10 449/6/10 441/6/10
f 443/6/11 450/6/11 442/6/11
f 444/6/12 451/6/12 443/6/12
f 445/6/13 452/6/13 444/6/13
f 446/6/14 453/6/14 445/6/14
f 447/6/15 454/6/15 446/6/15
f 448/6/16 455/6/16 447/6/16
f 441/6/17 456/6/17 448/6/17
f 450/6/18 457/6/18 449/6/18
f 451/6/19 458/6/19 450/6/19
f 452/6/20 459/6/20 451/6/20
f 452/6/21 461/6/21 460/6/21
f 454/6/22 461/6/22 453/6/22
f 455/6/23 462/6/23 454/6/23
f 456/6/24 463/6/24 455/6/24
f 456/6/25 457/6/25 464/6/25
f 462/6/26 463/6/26 464/6/26
f 466/6/1 465/6/1 469/6/1
f 466/6/2 473/6/2 465/6/2
f 466/6/27 475/6/27 474/6/27
f 467/6/4 476/6/4 475/6/4
f 469/6/39 476/6/39 468/6/39
f 470/6/6 477/6/6 469/6/6
f 471/6/40 478/6/40 470/6/40
f 472/6/8 479/6/8 471/6/8
f 465/6/42 480/6/42 472/6/42
f 474/6/10 481/6/10 473/6/10
f 475/6/11 482/6/11 474/6/11
f 476/6/12 483/6/12 475/6/12
f 477/6/13 484/6/13 476/6/13
f 478/6/14 485/6/14 477/6/14
f 479/6/15 486/6/15 478/6/15
f 480/6/16 487/6/16 479/6/16
f 473/6/17 488/6/17 480/6/17
f 482/6/18 489/6/18 481/6/18
f 483/6/32 490/6/32 482/6/32
f 484/6/20 491/6/20 483/6/20
f 484/6/21 493/6/21 492/6/21
f 486/6/22 493/6/22 485/6/22
f 487/6/33 494/6/33 486/6/33
f 487/6/24 496/6/24 495/6/24
f 488/6/30 489/6/30 496/6/30
f 494/6/26 495/6/26 496/6/26
f 499/3/1 498/3/1 497/3/1
f 498/3/2 505/3/2 497/3/2
f 499/3/27 506/3/27 498/3/27
f 500/3/4 507/3/4 499/3/4
f 501/3/5 508/3/5 500/3/5
f 502/3/6 509/3/6 501/3/6
f 503/3/28 510/3/28 502/3/28
f 503/3/8 512/3/8 511/3/8
f 497/3/45 512/3/45 504/3/45
f 506/3/10 513/3/10 505/3/10
f 507/3/11 514/3/11 506/3/11
f 508/3/12 515/3/12 507/3/12
f 509/3/13 516/3/13 508/3/13
f 510/3/14 517/3/14 509/3/14
f 511/3/15 518/3/15 510/3/15
f 512/3/16 519/3/16 511/3/16
f 505/3/17 520/3/17 512/3/17
f 514/3/18 521/3/18 513/3/18
f 514/3/32 523/3/32 522/3/32
f 516/3/20 523/3/20 515/3/20
f 517/3/41 524/3/41 516/3/41
f 518/3/22 525/3/22 517/3/22
f 518/3/33 527/3/33 526/3/33
f 520/3/24 527/3/24 519/3/24
f 513/3/30 528/3/30 520/3/30
f 527/3/26 528/3/26 524/3/26
f 531/4/1 530/4/1 529/4/1
f 530/4/2 537/4/2 529/4/2
f 531/4/35 538/4/35 530/4/35
f 532/4/4 539/4/4 531/4/4
f 533/4/36 540/4/36 532/4/36
f 534/4/6 541/4/6 533/4/6
f 535/4/37 542/4/37 534/4/37
f 536/4/8 543/4/8 535/4/8
f 529/4/38 544/4/38 536/4/38
f 538/4/10 545/4/10 537/4/10
f 539/4/11 546/4/11 538/4/11
f 540/4/12 547/4/12 539/4/12
f 541/4/13 548/4/13 540/4/13
f 542/4/14 549/4/14 541/4/14
f 543/4/15 550/4/15 542/4/15
f 544/4/16 551/4/16 543/4/16
f 537/4/17 552/4/17 544/4/17
f 546/4/18 553/4/18 545/4/18
f 547/4/32 554/4/32 546/4/32
f 548/4/20 555/4/20 547/4/20
f 548/4/21 557/4/21 556/4/21
f 550/4/22 557/4/22 549/4/22
f 551/4/33 558/4/33 550/4/33
f 552/4/24 559/4/24 551/4/24
f 552/4/25 553/4/25 560/4/25
f 559/4/26 560/4/26 556/4/26
f 563/2/1 562/2/1 561/2/1
f 562/2/2 569/2/2 561/2/2
f 563/2/35 570/2/35 562/2/35
f 564/2/4 571/2/4 563/2/4
f 565/2/36 572/2/36 564/2/36
f 566/2/6 573/2/6 565/2/6
f 567/2/37 574/2/37 566/2/37
f 568/2/8 575/2/8 567/2/8
f 568/2/45 569/2/45 576/2/45
f 570/2/10 577/2/10 569/2/10
f 571/2/11 578/2/11 570/2/11
f 572/2/12 579/2/12 571/2/12
f 573/2/13 580/2/13 572/2/13
f 574/2/14 581/2/14 573/2/14
f 575/2/15 582/2/15 574/2/15
f 576/2/16 583/2/16 575/2/16
f 569/2/17 584/2/17 576/2/17
f 578/2/18 585/2/18 577/2/18
f 579/2/32 586/2/32 578/2/32
f 580/2/20 587/2/20 579/2/20
f 581/2/29 588/2/29 580/2/29
f 581/2/22 590/2/22 589/2/22
f 582/2/47 591/2/47 590/2/47
f 584/2/24 591/2/24 583/2/24
f 577/2/30 592/2/30 584/2/30
f 591/2/26 592/2/26 588/2/26
f 595/5/1 594/5/1 593/5/1
f 593/5/2 602/5/2 601/5/2
f 595/5/35 602/5/35 594/5/35
f 596/5/4 603/5/4 595/5/4
f 596/5/31 605/5/31 604/5/31
f 598/5/6 605/5/6 597/5/6
f 598/5/28 607/5/28 606/5/28
f 600/5/8 607/5/8 599/5/8
f 600/5/45 601/5/45 608/5/45
f 602/5/10 609/5/10 601/5/10
f 603/5/11 610/5/11 602/5/11
f 604/5/12 611/5/12 603/5/12
f 605/5/13 612/5/13 604/5/13
f 606/5/14 613/5/14 605/5/14
f 607/5/15 614/5/15 606/5/15
f 608/5/16 615/5/16 607/5/16
f 601/5/17 616/5/17 608/5/17
f 610/5/18 617/5/18 609/5/18
f 611/5/46 618/5/46 610/5/46
f 612/5/20 619/5/20 611/5/20
f 613/5/41 620/5/41 612/5/41
f 613/5/22 622/5/22 621/5/22
f 615/5/47 622/5/47 614/5/47
f 616/5/24 623/5/24 615/5/24
f 609/5/34 624/5/34 616/5/34
f 623/5/26 624/5/26 620/5/26
f 627/4/1 626/4/1 625/4/1
f 626/4/2 633/4/2 625/4/2
f 627/4/27 634/4/27 626/4/27
f 628/4/4 635/4/4 627/4/4
f 628/4/39 637/4/39 636/4/39
f 630/4/6 637/4/6 629/4/6
f 631/4/7 638/4/7 630/4/7
f 632/4/8 639/4/8 631/4/8
f 625/4/9 640/4/9 632/4/9
f 634/4/10 641/4/10 633/4/10
f 635/4/11 642/4/11 634/4/11
f 636/4/12 643/4/12 635/4/12
f 637/4/13 644/4/13 636/4/13
f 638/4/14 645/4/14 637/4/14
f 639/4/15 646/4/15 638/4/15
f 640/4/16 647/4/16 639/4/16
f 633/4/17 648/4/17 640/4/17
f 642/4/18 649/4/18 641/4/18
f 642/4/46 651/4/46 650/4/46
f 644/4/20 651/4/20 643/4/20
f 645/4/43 652/4/43 644/4/43
f 646/4/22 653/4/22 645/4/22
f 646/4/23 655/4/23 654/4/23
f 648/4/24 655/4/24 647/4/24
f 641/4/25 656/4/25 648/4/25
f 655/4/26 656/4/26 652/4/26
f 659/2/1 658/2/1 657/2/1
f 657/2/2 666/2/2 665/2/2
f 659/2/49 666/2/49 658/2/49
f 660/2/4 667/2/4 659/2/4
f 660/2/5 669/2/5 668/2/5
f 662/2/6 669/2/6 661/2/6
f 663/2/37 670/2/37 662/2/37
f 664/2/8 671/2/8 663/2/8
f 657/2/42 672/2/42 664/2/42
f 666/2/10 673/2/10 665/2/10
f 667/2/11 674/2/11 666/2/11
f 668/2/12 675/2/12 667/2/12
f 669/2/13 676/2/13 668/2/13
f 670/2/14 677/2/14 669/2/14
f 671/2/15 678/2/15 670/2/15
f 672/2/16 679/2/16 671/2/16
f 665/2/17 680/2/17 672/2/17
f 674/2/18 681/2/18 673/2/18
f 675/2/19 682/2/19 674/2/19
f 676/2/20 683/2/20 675/2/20
f 676/2/29 685/2/29 684/2/29
f 678/2/22 685/2/22 677/2/22
f 678/2/33 687/2/33 686/2/33
f 680/2/24 687/2/24 679/2/24
f 673/2/34 688/2/34 680/2/34
f 687/2/26 688/2/26 684/2/26
f 691/5/1 690/5/1 689/5/1
f 690/5/2 697/5/2 689/5/2
f 691/5/35 698/5/35 690/5/35
f 692/5/4 699/5/4 691/5/4
f 693/5/39 700/5/39 692/5/39
f 694/5/6 701/5/6 693/5/6
f 695/5/37 702/5/37 694/5/37
f 696/5/8 703/5/8 695/5/8
f 689/5/42 704/5/42 696/5/42
f 698/5/10 705/5/10 697/5/10
f 699/5/11 706/5/11 698/5/11
f 700/5/12 707/5/12 699/5/12
f 701/5/13 708/5/13 700/5/13
f 702/5/14 709/5/14 701/5/14
f 703/5/15 710/5/15 702/5/15
f 704/5/16 711/5/16 703/5/16
f 697/5/17 712/5/17 704/5/17
f 706/5/18 713/5/18 705/5/18
f 706/5/50 715/5/50 714/5/50
f 708/5/20 715/5/20 707/5/20
f 709/5/41 716/5/41 708/5/41
f 710/5/22 717/5/22 709/5/22
f 710/5/33 719/5/33 718/5/33
f 712/5/24 719/5/24 711/5/24
f 712/5/48 713/5/48 720/5/48
f 719/5/26 720/5/26 716/5/26
f 723/4/1 722/4/1 721/4/1
f 722/4/2 729/4/2 721/4/2
f 723/4/49 730/4/49 722/4/49
f 724/4/4 731/4/4 723/4/4
f 724/4/31 733/4/31 732/4/31
f 726/4/6 733/4/6 725/4/6
f 726/4/7 735/4/7 734/4/7
f 728/4/8 735/4/8 727/4/8
f 728/4/38 729/4/38 736/4/38
f 730/4/10 737/4/10 729/4/10
f 731/4/11 738/4/11 730/4/11
f 732/4/12 739/4/12 731/4/12
f 733/4/13 740/4/13 732/4/13
f 734/4/14 741/4/14 733/4/14
f 735/4/15 742/4/15 734/4/15
f 736/4/16 743/4/16 735/4/16
f 729/4/17 744/4/17 736/4/17
f 738/4/18 745/4/18 737/4/18
f 738/4/19 747/4/19 746/4/19
f 740/4/20 747/4/20 739/4/20
f 741/4/21 748/4/21 740/4/21
f 742/4/22 749/4/22 741/4/22
f 743/4/33 750/4/33 742/4/33
f 744/4/24 751/4/24 743/4/24
f 737/4/48 752/4/48 744/4/48
f 751/4/26 752/4/26 748/4/26
f 755/3/1 754/3/1 753/3/1
f 754/3/2 761/3/2 753/3/2
f 754/3/27 763/3/27 762/3/27
f 756/3/4 763/3/4 755/3/4
f 757/3/5 764/3/5 756/3/5
f 758/3/6 765/3/6 757/3/6
f 758/3/28 767/3/28 766/3/28
f 760/3/8 767/3/8 759/3/8
f 753/3/9 768/3/9 760/3/9
f 762/3/10 769/3/10 761/3/10
f 763/3/11 770/3/11 762/3/11
f 764/3/12 771/3/12 763/3/12
f 765/3/13 772/3/13 764/3/13
f 766/3/14 773/3/14 765/3/14
f 767/3/15 774/3/15 766/3/15
f 768/3/16 775/3/16 767/3/16
f 761/3/17 776/3/17 768/3/17
f 770/3/18 777/3/18 769/3/18
f 771/3/32 778/3/32 770/3/32
f 772/3/20 779/3/20 771/3/20
f 772/3/21 781/3/21 780/3/21
f 774/3/22 781/3/22 773/3/22
f 775/3/33 782/3/33 774/3/33
f 776/3/24 783/3/24 775/3/24
f 776/3/25 777/3/25 784/3/25
f 783/3/26 784/3/26 780/3/26
f 787/5/1 785/5/1 788/5/1
f 790/5/26 792/5/26 789/5/26
f 786/5/10 789/5/10 785/5/10
f 787/5/12 790/5/12 786/5/12
f 788/5/14 791/5/14 787/5/14
f 785/5/16 792/5/16 788/5/16
f 795/5/1 793/5/1 796/5/1
f 798/5/26 800/5/26 797/5/26
f 794/5/10 797/5/10 793/5/10
f 795/5/12 798/5/12 794/5/12
f 796/5/14 799/5/14 795/5/14
f 793/5/16 800/5/16 796/5/16
f 802/6/1 801/6/1 805/6/1
f 802/6/2 809/6/2 801/6/2
f 802/6/49 811/6/49 810/6/49
f 803/6/4 812/6/4 811/6/4
f 805/6/39 812/6/39 804/6/39
f 806/6/6 813/6/6 805/6/6
f 806/6/40 815/6/40 814/6/40
f 808/6/8 815/6/8 807/6/8
f 808/6/42 809/6/42 816/6/42
f 810/6/10 817/6/10 809/6/10
f 811/6/11 818/6/11 810/6/11
f 812/6/12 819/6/12 811/6/12
f 813/6/13 820/6/13 812/6/13
f 814/6/14 821/6/14 813/6/14
f 815/6/15 822/6/15 814/6/15
f 816/6/16 823/6/16 815/6/16
f 809/6/17 824/6/17 816/6/17
f 818/6/18 825/6/18 817/6/18
f 818/6/19 827/6/19 826/6/19
f 820/6/20 827/6/20 819/6/20
f 820/6/21 829/6/21 828/6/21
f 822/6/22 829/6/22 821/6/22
f 823/6/23 830/6/23 822/6/23
f 823/6/24 832/6/24 831/6/24
f 824/6/30 825/6/30 832/6/30
f 830/6/26 831/6/26 832/6/26
f 834/6/1 833/6/1 837/6/1
f 834/6/2 841/6/2 833/6/2
f 835/6/49 842/6/49 834/6/49
f 836/6/4 843/6/4 835/6/4
f 837/6/39 844/6/39 836/6/39
f 838/6/6 845/6/6 837/6/6
f 839/6/40 846/6/40 838/6/40
f 839/6/8 848/6/8 847/6/8
f 840/6/42 841/6/42 848/6/42
f 842/6/10 849/6/10 841/6/10
f 843/6/11 850/6/11 842/6/11
f 844/6/12 851/6/12 843/6/12
f 845/6/13 852/6/13 844/6/13
f 846/6/14 853/6/14 845/6/14
f 847/6/15 854/6/15 846/6/15
f 848/6/16 855/6/16 847/6/16
f 841/6/17 856/6/17 848/6/17
f 850/6/18 857/6/18 849/6/18
f 851/6/19 858/6/19 850/6/19
f 851/6/20 860/6/20 859/6/20
f 852/6/21 861/6/21 860/6/21
f 854/6/22 861/6/22 853/6/22
f 854/6/44 863/6/44 862/6/44
f 856/6/24 863/6/24 855/6/24
f 856/6/25 857/6/25 864/6/25
f 862/6/26 863/6/26 864/6/26
f 866/6/1 865/6/1 869/6/1
f 866/6/2 873/6/2 865/6/2
f 866/6/49 875/6/49 874/6/49
f 868/6/4 875/6/4 867/6/4
f 869/6/39 876/6/39 868/6/39
f 870/6/6 877/6/6 869/6/6
f 870/6/40 879/6/40 878/6/40
f 872/6/8 879/6/8 871/6/8
f 865/6/42 880/6/42 872/6/42
f 874/6/10 881/6/10 873/6/10
f 875/6/11 882/6/11 874/6/11
f 876/6/12 883/6/12 875/6/12
f 877/6/13 884/6/13 876/6/13
f 878/6/14 885/6/14 877/6/14
f 879/6/15 886/6/15 878/6/15
f 880/6/16 887/6/16 879/6/16
f 873/6/17 888/6/17 880/6/17
f 882/6/18 889/6/18 881/6/18
f 883/6/19 890/6/19 882/6/19
f 884/6/20 891/6/20 883/6/20
f 884/6/21 893/6/21 892/6/21
f 886/6/22 893/6/22 885/6/22
f 887/6/23 894/6/23 886/6/23
f 888/6/24 895/6/24 887/6/24
f 888/6/25 889/6/25 896/6/25
f 894/6/26 895/6/26 896/6/26
f 898/6/1 897/6/1 901/6/1
f 898/6/2 905/6/2 897/6/2
f 898/6/27 907/6/27 906/6/27
f 899/6/4 908/6/4 907/6/4
f 901/6/39 908/6/39 900/6/39
f 902/6/6 909/6/6 901/6/6
f 902/6/28 911/6/28 910/6/28
f 904/6/8 911/6/8 903/6/8
f 897/6/42 912/6/42 904/6/42
f 906/6/10 913/6/10 905/6/10
f 907/6/11 914/6/11 906/6/11
f 908/6/12 915/6/12 907/6/12
f 909/6/13 916/6/13 908/6/13
f 910/6/14 917/6/14 909/6/14
f 911/6/15 918/6/15 910/6/15
f 912/6/16 919/6/16 911/6/16
f 905/6/17 920/6/17 912/6/17
f 914/6/18 921/6/18 913/6/18
f 915/6/32 922/6/32 914/6/32
f 916/6/20 923/6/20 915/6/20
f 916/6/21 925/6/21 924/6/21
f 918/6/22 925/6/22 917/6/22
f 919/6/33 926/6/33 918/6/33
f 919/6/24 928/6/24 927/6/24
f 920/6/30 921/6/30 928/6/30
f 926/6/26 927/6/26 928/6/26
f 930/4/1 929/4/1 933/4/1
f 930/4/2 937/4/2 929/4/2
f 931/4/3 938/4/3 930/4/3
f 932/4/4 939/4/4 931/4/4
f 933/4/36 940/4/36 932/4/36
f 934/4/6 941/4/6 933/4/6
f 935/4/40 942/4/40 934/4/40
f 936/4/8 943/4/8 935/4/8
f 936/4/38 937/4/38 944/4/38
f 938/4/10 945/4/10 937/4/10
f 939/4/11 946/4/11 938/4/11
f 940/4/12 947/4/12 939/4/12
f 941/4/13 948/4/13 940/4/13
f 942/4/14 949/4/14 941/4/14
f 943/4/15 950/4/15 942/4/15
f 944/4/16 951/4/16 943/4/16
f 937/4/17 952/4/17 944/4/17
f 946/4/18 953/4/18 945/4/18
f 946/4/19 955/4/19 954/4/19
f 948/4/20 955/4/20 947/4/20
f 949/4/21 956/4/21 948/4/21
f 950/4/22 957/4/22 949/4/22
f 951/4/33 958/4/33 950/4/33
f 952/4/24 959/4/24 951/4/24
f 945/4/25 960/4/25 952/4/25
f 958/4/26 959/4/26 960/4/26
f 962/5/1 961/5/1 965/5/1
f 962/5/2 969/5/2 961/5/2
f 963/5/49 970/5/49 962/5/49
f 964/5/4 971/5/4 963/5/4
f 964/5/36 973/5/36 972/5/36
f 966/5/6 973/5/6 965/5/6
f 967/5/7 974/5/7 966/5/7
f 968/5/8 975/5/8 967/5/8
f 961/5/38 976/5/38 968/5/38
f 970/5/10 977/5/10 969/5/10
f 971/5/11 978/5/11 970/5/11
f 972/5/12 979/5/12 971/5/12
f 973/5/13 980/5/13 972/5/13
f 974/5/14 981/5/14 973/5/14
f 975/5/15 982/5/15 974/5/15
f 976/5/16 983/5/16 975/5/16
f 969/5/17 984/5/17 976/5/17
f 978/5/18 985/5/18 977/5/18
f 978/5/32 987/5/32 986/5/32
f 980/5/20 987/5/20 979/5/20
f 981/5/43 988/5/43 980/5/43
f 982/5/22 989/5/22 981/5/22
f 982/5/47 991/5/47 990/5/47
f 984/5/24 991/5/24 983/5/24
f 977/5/25 992/5/25 984/5/25
f 990/5/26 991/5/26 992/5/26
f 995/6/1 993/6/1 996/6/1
f 998/6/26 1000/6/26 997/6/26
f 994/6/10 997/6/10 993/6/10
f 995/6/12 998/6/12 994/6/12
f 996/6/14 999/6/14 995/6/14
f 993/6/16 1000/6/16 996/6/16
f 1003/6/1 1001/6/1 1004/6/1
f 1006/6/26 1008/6/26 1005/6/26
f 1002/6/10 1005/6/10 1001/6/10
f 1003/6/12 1006/6/12 1002/6/12
f 1004/6/14 1007/6/14 1003/6/14
f 1001/6/16 1008/6/16 1004/6/16
f 1011/6/1 1009/6/1 1012/6/1
f 1014/6/26 1016/6/26 1013/6/26
f 1010/6/10 1013/6/10 1009/6/10
f 1011/6/12 1014/6/12 1010/6/12
f 1012/6/14 1015/6/14 1011/6/14
f 1009/6/16 1016/6/16 1012/6/16
f 1019/6/1 1017/6/1 1020/6/1
f 1022/6/26 1024/6/26 1021/6/26
f 1018/6/10 1021/6/10 1017/6/10
f 1019/6/12 1022/6/12 1018/6/12
f 1020/6/14 1023/6/14 1019/6/14
f 1017/6/16 1024/6/16 1020/6/16
f 1027/6/1 1025/6/1 1028/6/1
f 1030/6/26 1032/6/26 1029/6/26
f 1026/6/10 1029/6/10 1025/6/10
f 1027/6/12 1030/6/12 1026/6/12
f 1028/6/14 1031/6/14 1027/6/14
f 1025/6/16 1032/6/16 1028/6/16
f 1034/6/1 1033/6/1 1037/6/1
f 1034/6/2 1041/6/2 1033/6/2
f 1035/6/35 1042/6/35 1034/6/35
f 1036/6/4 1043/6/4 1035/6/4
f 1037/6/5 1044/6/5 1036/6/5
f 1038/6/6 1045/6/6 1037/6/6
f 1039/6/28 1046/6/28 1038/6/28
f 1040/6/8 1047/6/8 1039/6/8
f 1040/6/9 1041/6/9 1048/6/9
f 1042/6/10 1049/6/10 1041/6/10
f 1043/6/11 1050/6/11 1042/6/11
f 1044/6/12 1051/6/12 1043/6/12
f 1045/6/13 1052/6/13 1044/6/13
f 1046/6/14 1053/6/14 1045/6/14
f 1047/6/15 1054/6/15 1046/6/15
f 1048/6/16 1055/6/16 1047/6/16
f 1041/6/17 1056/6/17 1048/6/17
f 1050/6/18 1057/6/18 1049/6/18
f 1050/6/46 1059/6/46 1058/6/46
f 1052/6/20 1059/6/20 1051/6/20
f 1053/6/21 1060/6/21 1052/6/21
f 1054/6/22 1061/6/22 1053/6/22
f 1054/6/33 1063/6/33 1062/6/33
f 1056/6/24 1063/6/24 1055/6/24
f 1049/6/48 1064/6/48 1056/6/48
f 1062/6/26 1063/6/26 1064/6/26
f 1066/4/1 1065/4/1 1069/4/1
f 1066/4/2 1073/4/2 1065/4/2
f 1067/4/49 1074/4/49 1066/4/49
f 1068/4/4 1075/4/4 1067/4/4
f 1068/4/31 1077/4/31 1076/4/31
f 1070/4/6 1077/4/6 1069/4/6
f 1071/4/40 1078/4/40 1070/4/40
f 1072/4/8 1079/4/8 1071/4/8
f 1065/4/9 1080/4/9 1072/4/9
f 1074/4/10 1081/4/10 1073/4/10
f 1075/4/11 1082/4/11 1074/4/11
f 1076/4/12 1083/4/12 1075/4/12
f 1077/4/13 1084/4/13 1076/4/13
f 1078/4/14 1085/4/14 1077/4/14
f 1079/4/15 1086/4/15 1078/4/15
f 1080/4/16 1087/4/16 1079/4/16
f 1073/4/17 1088/4/17 1080/4/17
f 1082/4/18 1089/4/18 1081/4/18
f 1083/4/19 1090/4/19 1082/4/19
f 1084/4/20 1091/4/20 1083/4/20
f 1085/4/21 1092/4/21 1084/4/21
f 1086/4/22 1093/4/22 1085/4/22
f 1087/4/33 1094/4/33 1086/4/33
f 1088/4/24 1095/4/24 1087/4/24
f 1088/4/30 1089/4/30 1096/4/30
f 1094/4/26 1095/4/26 1096/4/26
f 1099/7/1 1098/7/1 1097/7/1
f 1097/7/2 1106/7/2 1105/7/2
f 1099/7/35 1106/7/35 1098/7/35
f 1100/7/4 1107/7/4 1099/7/4
f 1101/7/36 1108/7/36 1100/7/36
f 1102/7/6 1109/7/6 1101/7/6
f 1103/7/40 1110/7/40 1102/7/40
f 1104/7/8 1111/7/8 1103/7/8
f 1097/7/42 1112/7/42 1104/7/42
f 1106/7/10 1113/7/10 1105/7/10
f 1107/7/11 1114/7/11 1106/7/11
f 1108/7/12 1115/7/12 1107/7/12
f 1109/7/13 1116/7/13 1108/7/13
f 1110/7/14 1117/7/14 1109/7/14
f 1111/7/15 1118/7/15 1110/7/15
f 1112/7/16 1119/7/16 1111/7/16
f 1105/7/17 1120/7/17 1112/7/17
f 1114/7/18 1121/7/18 1113/7/18
f 1114/7/32 1123/7/32 1122/7/32
f 1116/7/20 1123/7/20 1115/7/20
f 1117/7/41 1124/7/41 1116/7/41
f 1117/7/22 1126/7/22 1125/7/22
f 1118/7/44 1127/7/44 1126/7/44
f 1120/7/24 1127/7/24 1119/7/24
f 1113/7/30 1128/7/30 1120/7/30
f 1127/7/26 1128/7/26 1124/7/26
f 1131/7/1 1130/7/1 1129/7/1
f 1130/7/2 1137/7/2 1129/7/2
f 1130/7/27 1139/7/27 1138/7/27
f 1132/7/4 1139/7/4 1131/7/4
f 1133/7/36 1140/7/36 1132/7/36
f 1134/7/6 1141/7/6 1133/7/6
f 1134/7/7 1143/7/7 1142/7/7
f 1136/7/8 1143/7/8 1135/7/8
f 1129/7/38 1144/7/38 1136/7/38
f 1138/7/10 1145/7/10 1137/7/10
f 1139/7/11 1146/7/11 1138/7/11
f 1140/7/12 1147/7/12 1139/7/12
f 1141/7/13 1148/7/13 1140/7/13
f 1142/7/14 1149/7/14 1141/7/14
f 1143/7/15 1150/7/15 1142/7/15
f 1144/7/16 1151/7/16 1143/7/16
f 1137/7/17 1152/7/17 1144/7/17
f 1146/7/18 1153/7/18 1145/7/18
f 1147/7/46 1154/7/46 1146/7/46
f 1148/7/20 1155/7/20 1147/7/20
f 1149/7/29 1156/7/29 1148/7/29
f 1150/7/22 1157/7/22 1149/7/22
f 1151/7/33 1158/7/33 1150/7/33
f 1151/7/24 1160/7/24 1159/7/24
f 1152/7/25 1153/7/25 1160/7/25
f 1159/7/26 1160/7/26 1156/7/26
f 1162/7/1 1161/7/1 1165/7/1
f 1161/7/2 1170/7/2 1169/7/2
f 1162/7/27 1171/7/27 1170/7/27
f 1164/7/4 1171/7/4 1163/7/4
f 1165/7/5 1172/7/5 1164/7/5
f 1166/7/6 1173/7/6 1165/7/6
f 1166/7/40 1175/7/40 1174/7/40
f 1168/7/8 1175/7/8 1167/7/8
f 1161/7/9 1176/7/9 1168/7/9
f 1170/7/10 1177/7/10 1169/7/10
f 1171/7/11 1178/7/11 1170/7/11
f 1172/7/12 1179/7/12 1171/7/12
f 1173/7/13 1180/7/13 1172/7/13
f 1174/7/14 1181/7/14 1173/7/14
f 1175/7/15 1182/7/15 1174/7/15
f 1176/7/16 1183/7/16 1175/7/16
f 1169/7/17 1184/7/17 1176/7/17
f 1178/7/18 1185/7/18 1177/7/18
f 1179/7/32 1186/7/32 1178/7/32
f 1180/7/20 1187/7/20 1179/7/20
f 1180/7/29 1189/7/29 1188/7/29
f 1181/7/22 1190/7/22 1189/7/22
f 1183/7/23 1190/7/23 1182/7/23
f 1184/7/24 1191/7/24 1183/7/24
f 1177/7/30 1192/7/30 1184/7/30
f 1190/7/26 1191/7/26 1192/7/26
f 1194/6/1 1193/6/1 1197/6/1
f 1194/6/2 1201/6/2 1193/6/2
f 1195/6/27 1202/6/27 1194/6/27
f 1196/6/4 1203/6/4 1195/6/4
f 1196/6/5 1205/6/5 1204/6/5
f 1198/6/6 1205/6/6 1197/6/6
f 1198/6/28 1207/6/28 1206/6/28
f 1200/6/8 1207/6/8 1199/6/8
f 1200/6/9 1201/6/9 1208/6/9
f 1202/6/10 1209/6/10 1201/6/10
f 1203/6/11 1210/6/11 1202/6/11
f 1204/6/12 1211/6/12 1203/6/12
f 1205/6/13 1212/6/13 1204/6/13
f 1206/6/14 1213/6/14 1205/6/14
f 1207/6/15 1214/6/15 1206/6/15
f 1208/6/16 1215/6/16 1207/6/16
f 1201/6/17 1216/6/17 1208/6/17
f 1210/6/18 1217/6/18 1209/6/18
f 1211/6/32 1218/6/32 1210/6/32
f 1212/6/20 1219/6/20 1211/6/20
f 1213/6/21 1220/6/21 1212/6/21
f 1214/6/22 1221/6/22 1213/6/22
f 1214/6/33 1223/6/33 1222/6/33
f 1216/6/24 1223/6/24 1215/6/24
f 1209/6/48 1224/6/48 1216/6/48
f 1222/6/26 1223/6/26 1224/6/26
f 1226/4/1 1225/4/1 1229/4/1
f 1225/4/2 1234/4/2 1233/4/2
f 1226/4/49 1235/4/49 1234/4/49
f 1228/4/4 1235/4/4 1227/4/4
f 1228/4/31 1237/4/31 1236/4/31
f 1230/4/6 1237/4/6 1229/4/6
f 1231/4/28 1238/4/28 1230/4/28
f 1232/4/8 1239/4/8 1231/4/8
f 1225/4/45 1240/4/45 1232/4/45
f 1234/4/10 1241/4/10 1233/4/10
f 1235/4/11 1242/4/11 1234/4/11
f 1236/4/12 1243/4/12 1235/4/12
f 1237/4/13 1244/4/13 1236/4/13
f 1238/4/14 1245/4/14 1237/4/14
f 1239/4/15 1246/4/15 1238/4/15
f 1240/4/16 1247/4/16 1239/4/16
f 1233/4/17 1248/4/17 1240/4/17
f 1242/4/18 1249/4/18 1241/4/18
f 1243/4/19 1250/4/19 1242/4/19
f 1244/4/20 1251/4/20 1243/4/20
f 1245/4/21 1252/4/21 1244/4/21
f 1246/4/22 1253/4/22 1245/4/22
f 1247/4/44 1254/4/44 1246/4/44
f 1248/4/24 1255/4/24 1247/4/24
f 1248/4/30 1249/4/30 1256/4/30
f 1254/4/26 1255/4/26 1256/4/26
f 1259/7/1 1258/7/1 1257/7/1
f 1258/7/2 1265/7/2 1257/7/2
f 1259/7/49 1266/7/49 1258/7/49
f 1260/7/4 1267/7/4 1259/7/4
f 1260/7/5 1269/7/5 1268/7/5
f 1261/7/6 1270/7/6 1269/7/6
f 1263/7/37 1270/7/37 1262/7/37
f 1264/7/8 1271/7/8 1263/7/8
f 1264/7/45 1265/7/45 1272/7/45
f 1266/7/10 1273/7/10 1265/7/10
f 1267/7/11 1274/7/11 1266/7/11
f 1268/7/12 1275/7/12 1267/7/12
f 1269/7/13 1276/7/13 1268/7/13
f 1270/7/14 1277/7/14 1269/7/14
f 1271/7/15 1278/7/15 1270/7/15
f 1272/7/16 1279/7/16 1271/7/16
f 1265/7/17 1280/7/17 1272/7/17
f 1273/7/18 1282/7/18 1281/7/18
f 1275/7/46 1282/7/46 1274/7/46
f 1276/7/20 1283/7/20 1275/7/20
f 1277/7/29 1284/7/29 1276/7/29
f 1278/7/22 1285/7/22 1277/7/22
f 1279/7/47 1286/7/47 1278/7/47
f 1280/7/24 1287/7/24 1279/7/24
f 1273/7/34 1288/7/34 1280/7/34
f 1287/7/26 1288/7/26 1284/7/26
f 1291/7/1 1290/7/1 1289/7/1
f 1290/7/2 1297/7/2 1289/7/2
f 1290/7/3 1299/7/3 1298/7/3
f 1292/7/4 1299/7/4 1291/7/4
f 1293/7/36 1300/7/36 1292/7/36
f 1294/7/6 1301/7/6 1293/7/6
f 1295/7/37 1302/7/37 1294/7/37
f 1296/7/8 1303/7/8 1295/7/8
f 1289/7/38 1304/7/38 1296/7/38
f 1298/7/10 1305/7/10 1297/7/10
f 1299/7/11 1306/7/11 1298/7/11
f 1300/7/12 1307/7/12 1299/7/12
f 1301/7/13 1308/7/13 1300/7/13
f 1302/7/14 1309/7/14 1301/7/14
f 1303/7/15 1310/7/15 1302/7/15
f 1304/7/16 1311/7/16 1303/7/16
f 1297/7/17 1312/7/17 1304/7/17
f 1306/7/18 1313/7/18 1305/7/18
f 1307/7/32 1314/7/32 1306/7/32
f 1307/7/20 1316/7/20 1315/7/20
f 1308/7/21 1317/7/21 1316/7/21
f 1310/7/22 1317/7/22 1309/7/22
f 1311/7/47 1318/7/47 1310/7/47
f 1312/7/24 1319/7/24 1311/7/24
f 1312/7/25 1313/7/25 1320/7/25
f 1319/7/26 1320/7/26 1316/7/26
f 1322/7/1 1321/7/1 1325/7/1
f 1322/7/2 1329/7/2 1321/7/2
f 1323/7/27 1330/7/27 1322/7/27
f 1324/7/4 1331/7/4 1323/7/4
f 1325/7/5 1332/7/5 1324/7/5
f 1326/7/6 1333/7/6 1325/7/6
f 1326/7/28 1335/7/28 1334/7/28
f 1328/7/8 1335/7/8 1327/7/8
f 1321/7/9 1336/7/9 1328/7/9
f 1330/7/10 1337/7/10 1329/7/10
f 1331/7/11 1338/7/11 1330/7/11
f 1332/7/12 1339/7/12 1331/7/12
f 1333/7/13 1340/7/13 1332/7/13
f 1334/7/14 1341/7/14 1333/7/14
f 1335/7/15 1342/7/15 1334/7/15
f 1336/7/16 1343/7/16 1335/7/16
f 1329/7/17 1344/7/17 1336/7/17
f 1338/7/18 1345/7/18 1337/7/18
f 1339/7/32 1346/7/32 1338/7/32
f 1340/7/20 1347/7/20 1339/7/20
f 1340/7/21 1349/7/21 1348/7/21
f 1342/7/22 1349/7/22 1341/7/22
f 1343/7/33 1350/7/33 1342/7/33
f 1344/7/24 1351/7/24 1343/7/24
f 1344/7/30 1345/7/30 1352/7/30
f 1350/7/26 1351/7/26 1352/7/26
f 1359/7/1 1357/7/1 1355/7/1
f 1354/7/2 1361/7/2 1353/7/2
f 1355/7/49 1362/7/49 1354/7/49
f 1355/7/4 1364/7/4 1363/7/4
f 1356/7/31 1365/7/31 1364/7/31
f 1357/7/6 1366/7/6 1365/7/6
f 1358/7/28 1367/7/28 1366/7/28
f 1359/7/8 1368/7/8 1367/7/8
f 1353/7/42 1368/7/42 1360/7/42
f 1362/7/10 1369/7/10 1361/7/10
f 1363/7/11 1370/7/11 1362/7/11
f 1364/7/12 1371/7/12 1363/7/12
f 1365/7/13 1372/7/13 1364/7/13
f 1366/7/14 1373/7/14 1365/7/14
f 1367/7/15 1374/7/15 1366/7/15
f 1368/7/16 1375/7/16 1367/7/16
f 1361/7/17 1376/7/17 1368/7/17
f 1369/7/18 1378/7/18 1377/7/18
f 1370/7/19 1379/7/19 1378/7/19
f 1372/7/20 1379/7/20 1371/7/20
f 1373/7/41 1380/7/41 1372/7/41
f 1374/7/22 1381/7/22 1373/7/22
f 1375/7/47 1382/7/47 1374/7/47
f 1376/7/24 1383/7/24 1375/7/24
f 1369/7/34 1384/7/34 1376/7/34
f 1380/7/26 1382/7/26 1384/7/26
f 1387/6/1 1385/6/1 1388/6/1
f 1390/6/26 1392/6/26 1389/6/26
f 1386/6/10 1389/6/10 1385/6/10
f 1387/6/12 1390/6/12 1386/6/12
f 1388/6/14 1391/6/14 1387/6/14
f 1385/6/16 1392/6/16 1388/6/16
f 1399/7/1 1397/7/1 1395/7/1
f 1393/7/2 1402/7/2 1401/7/2
f 1394/7/3 1403/7/3 1402/7/3
f 1395/7/4 1404/7/4 1403/7/4
f 1396/7/31 1405/7/31 1404/7/31
f 1398/7/6 1405/7/6 1397/7/6
f 1399/7/40 1406/7/40 1398/7/40
f 1399/7/8 1408/7/8 1407/7/8
f 1400/7/45 1401/7/45 1408/7/45
f 1402/7/10 1409/7/10 1401/7/10
f 1403/7/11 1410/7/11 1402/7/11
f 1404/7/12 1411/7/12 1403/7/12
f 1405/7/13 1412/7/13 1404/7/13
f 1406/7/14 1413/7/14 1405/7/14
f 1407/7/15 1414/7/15 1406/7/15
f 1408/7/16 1415/7/16 1407/7/16
f 1401/7/17 1416/7/17 1408/7/17
f 1410/7/18 1417/7/18 1409/7/18
f 1411/7/46 1418/7/46 1410/7/46
f 1412/7/20 1419/7/20 1411/7/20
f 1412/7/43 1421/7/43 1420/7/43
f 1413/7/22 1422/7/22 1421/7/22
f 1414/7/44 1423/7/44 1422/7/44
f 1416/7/24 1423/7/24 1415/7/24
f 1409/7/34 1424/7/34 1416/7/34
f 1420/7/26 1422/7/26 1424/7/26
f 1427/6/1 1425/6/1 1428/6/1
f 1430/6/26 1432/6/26 1429/6/26
f 1426/6/10 1429/6/10 1425/6/10
f 1427/6/12 1430/6/12 1426/6/12
f 1428/6/14 1431/6/14 1427/6/14
f 1425/6/16 1432/6/16 1428/6/16
f 1434/7/1 1433/7/1 1437/7/1
f 1434/7/2 1441/7/2 1433/7/2
f 1434/7/3 1443/7/3 1442/7/3
f 1435/7/4 1444/7/4 1443/7/4
f 1436/7/31 1445/7/31 1444/7/31
f 1438/7/6 1445/7/6 1437/7/6
f 1438/7/28 1447/7/28 1446/7/28
f 1440/7/8 1447/7/8 1439/7/8
f 1433/7/38 1448/7/38 1440/7/38
f 1442/7/10 1449/7/10 1441/7/10
f 1443/7/11 1450/7/11 1442/7/11
f 1444/7/12 1451/7/12 1443/7/12
f 1445/7/13 1452/7/13 1444/7/13
f 1446/7/14 1453/7/14 1445/7/14
f 1447/7/15 1454/7/15 1446/7/15
f 1448/7/16 1455/7/16 1447/7/16
f 1441/7/17 1456/7/17 1448/7/17
f 1450/7/18 1457/7/18 1449/7/18
f 1451/7/46 1458/7/46 1450/7/46
f 1452/7/20 1459/7/20 1451/7/20
f 1452/7/43 1461/7/43 1460/7/43
f 1454/7/22 1461/7/22 1453/7/22
f 1455/7/47 1462/7/47 1454/7/47
f 1455/7/24 1464/7/24 1463/7/24
f 1456/7/25 1457/7/25 1464/7/25
f 1458/7/26 1460/7/26 1462/7/26
f 1467/6/1 1465/6/1 1468/6/1
f 1470/6/26 1472/6/26 1469/6/26
f 1466/6/10 1469/6/10 1465/6/10
f 1467/6/12 1470/6/12 1466/6/12
f 1468/6/14 1471/6/14 1467/6/14
f 1465/6/16 1472/6/16 1468/6/16
f 1475/7/1 1474/7/1 1473/7/1
f 1474/7/2 1481/7/2 1473/7/2
f 1475/7/3 1482/7/3 1474/7/3
f 1475/7/4 1484/7/4 1483/7/4
f 1476/7/36 1485/7/36 1484/7/36
f 1478/7/6 1485/7/6 1477/7/6
f 1479/7/7 1486/7/7 1478/7/7
f 1480/7/8 1487/7/8 1479/7/8
f 1480/7/38 1481/7/38 1488/7/38
f 1482/7/10 1489/7/10 1481/7/10
f 1483/7/11 1490/7/11 1482/7/11
f 1484/7/12 1491/7/12 1483/7/12
f 1485/7/13 1492/7/13 1484/7/13
f 1486/7/14 1493/7/14 1485/7/14
f 1487/7/15 1494/7/15 1486/7/15
f 1488/7/16 1495/7/16 1487/7/16
f 1481/7/17 1496/7/17 1488/7/17
f 1490/7/18 1497/7/18 1489/7/18
f 1490/7/46 1499/7/46 1498/7/46
f 1492/7/20 1499/7/20 1491/7/20
f 1493/7/21 1500/7/21 1492/7/21
f 1494/7/22 1501/7/22 1493/7/22
f 1494/7/33 1503/7/33 1502/7/33
f 1495/7/24 1504/7/24 1503/7/24
f 1489/7/25 1504/7/25 1496/7/25
f 1503/7/26 1504/7/26 1500/7/26
f 1507/2/1 1506/2/1 1505/2/1
f 1506/2/2 1513/2/2 1505/2/2
f 1507/2/27 1514/2/27 1506/2/27
f 1507/2/4 1516/2/4 1515/2/4
f 1509/2/5 1516/2/5 1508/2/5
f 1510/2/6 1517/2/6 1509/2/6
f 1511/2/37 1518/2/37 1510/2/37
f 1512/2/8 1519/2/8 1511/2/8
f 1512/2/9 1513/2/9 1520/2/9
f 1514/2/10 1521/2/10 1513/2/10
f 1515/2/11 1522/2/11 1514/2/11
f 1516/2/12 1523/2/12 1515/2/12
f 1517/2/13 1524/2/13 1516/2/13
f 1518/2/14 1525/2/14 1517/2/14
f 1519/2/15 1526/2/15 1518/2/15
f 1520/2/16 1527/2/16 1519/2/16
f 1513/2/17 1528/2/17 1520/2/17
f 1522/2/18 1529/2/18 1521/2/18
f 1522/2/46 1531/2/46 1530/2/46
f 1524/2/20 1531/2/20 1523/2/20
f 1525/2/21 1532/2/21 1524/2/21
f 1526/2/22 1533/2/22 1525/2/22
f 1527/2/33 1534/2/33 1526/2/33
f 1528/2/24 1535/2/24 1527/2/24
f 1521/2/25 1536/2/25 1528/2/25
f 1535/2/26 1536/2/26 1532/2/26
f 1539/2/1 1538/2/1 1537/2/1
f 1537/2/2 1546/2/2 1545/2/2
f 1539/2/27 1546/2/27 1538/2/27
f 1540/2/4 1547/2/4 1539/2/4
f 1541/2/5 1548/2/5 1540/2/5
f 1542/2/6 1549/2/6 1541/2/6
f 1542/2/28 1551/2/28 1550/2/28
f 1544/2/8 1551/2/8 1543/2/8
f 1544/2/42 1545/2/42 1552/2/42
f 1546/2/10 1553/2/10 1545/2/10
f 1547/2/11 1554/2/11 1546/2/11
f 1548/2/12 1555/2/12 1547/2/12
f 1549/2/13 1556/2/13 1548/2/13
f 1550/2/14 1557/2/14 1549/2/14
f 1551/2/15 1558/2/15 1550/2/15
f 1552/2/16 1559/2/16 1551/2/16
f 1545/2/17 1560/2/17 1552/2/17
f 1554/2/18 1561/2/18 1553/2/18
f 1555/2/19 1562/2/19 1554/2/19
f 1556/2/20 1563/2/20 1555/2/20
f 1556/2/21 1565/2/21 1564/2/21
f 1558/2/22 1565/2/22 1557/2/22
f 1559/2/33 1566/2/33 1558/2/33
f 1560/2/24 1567/2/24 1559/2/24
f 1553/2/34 1568/2/34 1560/2/34
f 1567/2/26 1568/2/26 1564/2/26
f 1571/2/1 1570/2/1 1569/2/1
f 1570/2/2 1577/2/2 1569/2/2
f 1571/2/49 1578/2/49 1570/2/49
f 1572/2/4 1579/2/4 1571/2/4
f 1573/2/5 1580/2/5 1572/2/5
f 1574/2/6 1581/2/6 1573/2/6
f 1574/2/40 1583/2/40 1582/2/40
f 1576/2/8 1583/2/8 1575/2/8
f 1569/2/9 1584/2/9 1576/2/9
f 1578/2/10 1585/2/10 1577/2/10
f 1579/2/11 1586/2/11 1578/2/11
f 1580/2/12 1587/2/12 1579/2/12
f 1581/2/13 1588/2/13 1580/2/13
f 1582/2/14 1589/2/14 1581/2/14
f 1583/2/15 1590/2/15 1582/2/15
f 1584/2/16 1591/2/16 1583/2/16
f 1577/2/17 1592/2/17 1584/2/17
f 1586/2/18 1593/2/18 1585/2/18
f 1586/2/19 1595/2/19 1594/2/19
f 1588/2/20 1595/2/20 1587/2/20
f 1588/2/21 1597/2/21 1596/2/21
f 1590/2/22 1597/2/22 1589/2/22
f 1591/2/23 1598/2/23 1590/2/23
f 1592/2/24 1599/2/24 1591/2/24
f 1585/2/34 1600/2/34 1592/2/34
f 1599/2/26 1600/2/26 1596/2/26
f 1603/7/1 1601/7/1 1604/7/1
f 1606/7/26 1608/7/26 1605/7/26
f 1602/7/10 1605/7/10 1601/7/10
f 1603/7/12 1606/7/12 1602/7/12
f 1604/7/14 1607/7/14 1603/7/14
f 1601/7/16 1608/7/16 1604/7/16
f 1611/7/1 1609/7/1 1612/7/1
f 1614/7/26 1616/7/26 1613/7/26
f 1610/7/10 1613/7/10 1609/7/10
f 1611/7/12 1614/7/12 1610/7/12
f 1612/7/14 1615/7/14 1611/7/14
f 1609/7/16 1616/7/16 1612/7/16
f 1619/7/1 1617/7/1 1620/7/1
f 1622/7/26 1624/7/26 1621/7/26
f 1618/7/10 1621/7/10 1617/7/10
f 1619/7/12 1622/7/12 1618/7/12
f 1620/7/14 1623/7/14 1619/7/14
f 1617/7/16 1624/7/16 1620/7/16
f 1627/2/1 1625/2/1 1628/2/1
f 1630/2/26 1632/2/26 1629/2/26
f 1626/2/10 1629/2/10 1625/2/10
f 1627/2/12 1630/2/12 1626/2/12
f 1628/2/14 1631/2/14 1627/2/14
f 1625/2/16 1632/2/16 1628/2/16
f 1635/2/1 1633/2/1 1636/2/1
f 1638/2/26 1640/2/26 1637/2/26
f 1634/2/10 1637/2/10 1633/2/10
f 1635/2/12 1638/2/12 1634/2/12
f 1636/2/14 1639/2/14 1635/2/14
f 1633/2/16 1640/2/16 1636/2/16
f 1644/5/51 1642/5/51 1641/5/51
f 1642/5/52 1645/5/52 1641/5/52
f 1642/5/53 1647/5/53 1646/5/53
f 1644/5/54 1647/5/54 1643/5/54
f 1641/5/55 1648/5/55 1644/5/55
f 1645/5/56 1647/5/56 1648/5/56
f 1651/8/1 1649/8/1 1652/8/1
f 1654/8/26 1656/8/26 1653/8/26
f 1650/8/10 1653/8/10 1649/8/10
f 1651/8/12 1654/8/12 1650/8/12
f 1652/8/14 1655/8/14 1651/8/14
f 1649/8/16 1656/8/16 1652/8/16
f 1659/7/1 1657/7/1 1660/7/1
f 1662/7/26 1664/7/26 1661/7/26
f 1658/7/10 1661/7/10 1657/7/10
f 1659/7/12 1662/7/12 1658/7/12
f 1660/7/14 1663/7/14 1659/7/14
f 1657/7/16 1664/7/16 1660/7/16
f 1667/7/1 1665/7/1 1668/7/1
f 1670/7/26 1672/7/26 1669/7/26
f 1666/7/10 1669/7/10 1665/7/10
f 1667/7/12 1670/7/12 1666/7/12
f 1668/7/14 1671/7/14 1667/7/14
f 1665/7/16 1672/7/16 1668/7/16
f 1675/7/1 1673/7/1 1676/7/1
f 1678/7/26 1680/7/26 1677/7/26
f 1674/7/10 1677/7/10 1673/7/10
f 1675/7/12 1678/7/12 1674/7/12
f 1676/7/14 1679/7/14 1675/7/14
f 1673/7/16 1680/7/16 1676/7/16
f 1683/2/1 1681/2/1 1684/2/1
f 1686/2/26 1688/2/26 1685/2/26
f 1682/2/10 1685/2/10 1681/2/10
f 1683/2/12 1686/2/12 1682/2/12
f 1684/2/14 1687/2/14 1683/2/14
f 1681/2/16 1688/2/16 1684/2/16
f 1691/2/1 1689/2/1 1692/2/1
f 1694/2/26 1696/2/26 1693/2/26
f 1690/2/10 1693/2/10 1689/2/10
f 1691/2/12 1694/2/12 1690/2/12
f 1692/2/14 1695/2/14 1691/2/14
f 1689/2/16 1696/2/16 1692/2/16
f 1700/5/51 1698/5/51 1697/5/51
f 1698/5/52 1701/5/52 1697/5/52
f 1698/5/53 1703/5/53 1702/5/53
f 1699/5/54 1704/5/54 1703/5/54
f 1697/5/55 1704/5/55 1700/5/55
f 1702/5/56 1704/5/56 1701/5/56
f 1707/8/1 1705/8/1 1708/8/1
f 1710/8/26 1712/8/26 1709/8/26
f 1706/8/10 1709/8/10 1705/8/10
f 1707/8/12 1710/8/12 1706/8/12
f 1708/8/14 1711/8/14 1707/8/14
f 1705/8/16 1712/8/16 1708/8/16
f 1715/7/1 1713/7/1 1716/7/1
f 1718/7/26 1720/7/26 1717/7/26
f 1714/7/10 1717/7/10 1713/7/10
f 1715/7/12 1718/7/12 1714/7/12
f 1716/7/14 1719/7/14 1715/7/14
f 1713/7/16 1720/7/16 1716/7/16
f 1723/6/1 1721/6/1 1724/6/1
f 1726/6/26 1728/6/26 1725/6/26
f 1722/6/10 1725/6/10 1721/6/10
f 1723/6/12 1726/6/12 1722/6/12
f 1724/6/14 1727/6/14 1723/6/14
f 1721/6/16 1728/6/16 1724/6/16
f 1731/7/1 1729/7/1 1732/7/1
f 1734/7/26 1736/7/26 1733/7/26
f 1730/7/10 1733/7/10 1729/7/10
f 1731/7/12 1734/7/12 1730/7/12
f 1732/7/14 1735/7/14 1731/7/14
f 1729/7/16 1736/7/16 1732/7/16
f 1739/6/1 1737/6/1 1740/6/1
f 1742/6/26 1744/6/26 1741/6/26
f 1738/6/10 1741/6/10 1737/6/10
f 1739/6/12 1742/6/12 1738/6/12
f 1740/6/14 1743/6/14 1739/6/14
f 1737/6/16 1744/6/16 1740/6/16
f 1747/7/1 1745/7/1 1748/7/1
f 1750/7/26 1752/7/26 1749/7/26
f 1746/7/10 1749/7/10 1745/7/10
f 1747/7/12 1750/7/12 1746/7/12
f 1748/7/14 1751/7/14 1747/7/14
f 1745/7/16 1752/7/16 1748/7/16
f 1755/6/1 1753/6/1 1756/6/1
f 1758/6/26 1760/6/26 1757/6/26
f 1754/6/10 1757/6/10 1753/6/10
f 1755/6/12 1758/6/12 1754/6/12
f 1756/6/14 1759/6/14 1755/6/14
f 1753/6/16 1760/6/16 1756/6/16
f 1763/7/1 1761/7/1 1764/7/1
f 1766/7/26 1768/7/26 1765/7/26
f 1762/7/10 1765/7/10 1761/7/10
f 1763/7/12 1766/7/12 1762/7/12
f 1764/7/14 1767/7/14 1763/7/14
f 1761/7/16 1768/7/16 1764/7/16
f 1771/6/1 1769/6/1 1772/6/1
f 1774/6/26 1776/6/26 1773/6/26
f 1770/6/10 1773/6/10 1769/6/10
f 1771/6/12 1774/6/12 1770/6/12
f 1772/6/14 1775/6/14 1771/6/14
f 1769/6/16 1776/6/16 1772/6/16
f 1778/2/1 1777/2/1 1781/2/1
f 1778/2/2 1785/2/2 1777/2/2
f 1779/2/27 1786/2/27 1778/2/27
f 1780/2/4 1787/2/4 1779/2/4
f 1781/2/5 1788/2/5 1780/2/5
f 1781/2/6 1790/2/6 1789/2/6
f 1783/2/7 1790/2/7 1782/2/7
f 1784/2/8 1791/2/8 1783/2/8
f 1777/2/9 1792/2/9 1784/2/9
f 1786/2/10 1793/2/10 1785/2/10
f 1787/2/11 1794/2/11 1786/2/11
f 1788/2/12 1795/2/12 1787/2/12
f 1789/2/13 1796/2/13 1788/2/13
f 1790/2/14 1797/2/14 1789/2/14
f 1791/2/15 1798/2/15 1790/2/15
f 1792/2/16 1799/2/16 1791/2/16
f 1785/2/17 1800/2/17 1792/2/17
f 1793/2/18 1802/2/18 1801/2/18
f 1795/2/32 1802/2/32 1794/2/32
f 1795/2/20 1804/2/20 1803/2/20
f 1796/2/21 1805/2/21 1804/2/21
f 1798/2/22 1805/2/22 1797/2/22
f 1799/2/44 1806/2/44 1798/2/44
f 1800/2/24 1807/2/24 1799/2/24
f 1793/2/25 1808/2/25 1800/2/25
f 1806/2/26 1807/2/26 1808/2/26
f 1811/9/1 1809/9/1 1812/9/1
f 1814/9/26 1816/9/26 1813/9/26
f 1810/9/10 1813/9/10 1809/9/10
f 1811/9/12 1814/9/12 1810/9/12
f 1812/9/14 1815/9/14 1811/9/14
f 1809/9/16 1816/9/16 1812/9/16
f 1819/10/1 1817/10/1 1820/10/1
f 1822/10/26 1824/10/26 1821/10/26
f 1818/10/10 1821/10/10 1817/10/10
f 1819/10/12 1822/10/12 1818/10/12
f 1820/10/14 1823/10/14 1819/10/14
f 1817/10/16 1824/10/16 1820/10/16
f 1827/11/1 1825/11/1 1828/11/1
f 1830/11/26 1832/11/26 1829/11/26
f 1826/11/10 1829/11/10 1825/11/10
f 1827/11/12 1830/11/12 1826/11/12
f 1828/11/14 1831/11/14 1827/11/14
f 1825/11/16 1832/11/16 1828/11/16
f 1835/7/1 1833/7/1 1836/7/1
f 1838/7/26 1840/7/26 1837/7/26
f 1834/7/10 1837/7/10 1833/7/10
f 1835/7/12 1838/7/12 1834/7/12
f 1836/7/14 1839/7/14 1835/7/14
f 1833/7/16 1840/7/16 1836/7/16
f 1843/7/1 1841/7/1 1844/7/1
f 1846/7/26 1848/7/26 1845/7/26
f 1842/7/10 1845/7/10 1841/7/10
f 1843/7/12 1846/7/12 1842/7/12
f 1844/7/14 1847/7/14 1843/7/14
f 1841/7/16 1848/7/16 1844/7/16
f 1851/7/1 1849/7/1 1852/7/1
f 1854/7/26 1856/7/26 1853/7/26
f 1850/7/10 1853/7/10 1849/7/10
f 1851/7/12 1854/7/12 1850/7/12
f 1852/7/14 1855/7/14 1851/7/14
f 1849/7/16 1856/7/16 1852/7/16
f 1859/2/1 1857/2/1 1860/2/1
f 1862/2/26 1864/2/26 1861/2/26
f 1858/2/10 1861/2/10 1857/2/10
f 1859/2/12 1862/2/12 1858/2/12
f 1860/2/14 1863/2/14 1859/2/14
f 1857/2/16 1864/2/16 1860/2/16
f 1867/2/1 1865/2/1 1868/2/1
f 1870/2/26 1872/2/26 1869/2/26
f 1866/2/10 1869/2/10 1865/2/10
f 1867/2/12 1870/2/12 1866/2/12
f 1868/2/14 1871/2/14 1867/2/14
f 1865/2/16 1872/2/16 1868/2/16
f 1875/5/57 1873/5/57 1876/5/57
f 1873/5/58 1878/5/58 1877/5/58
f 1875/5/53 1878/5/53 1874/5/53
f 1875/5/59 1880/5/59 1879/5/59
f 1876/5/55 1877/5/55 1880/5/55
f 1878/5/60 1880/5/60 1877/5/60
f 1883/8/1 1881/8/1 1884/8/1
f 1886/8/26 1888/8/26 1885/8/26
f 1882/8/10 1885/8/10 1881/8/10
f 1883/8/12 1886/8/12 1882/8/12
f 1884/8/14 1887/8/14 1883/8/14
f 1881/8/16 1888/8/16 1884/8/16
f 1891/7/1 1889/7/1 1892/7/1
f 1894/7/26 1896/7/26 1893/7/26
f 1890/7/10 1893/7/10 1889/7/10
f 1891/7/12 1894/7/12 1890/7/12
f 1892/7/14 1895/7/14 1891/7/14
f 1889/7/16 1896/7/16 1892/7/16
f 1899/7/1 1897/7/1 1900/7/1
f 1902/7/26 1904/7/26 1901/7/26
f 1898/7/10 1901/7/10 1897/7/10
f 1899/7/12 1902/7/12 1898/7/12
f 1900/7/14 1903/7/14 1899/7/14
f 1897/7/16 1904/7/16 1900/7/16
f 1907/7/1 1905/7/1 1908/7/1
f 1910/7/26 1912/7/26 1909/7/26
f 1906/7/10 1909/7/10 1905/7/10
f 1907/7/12 1910/7/12 1906/7/12
f 1908/7/14 1911/7/14 1907/7/14
f 1905/7/16 1912/7/16 1908/7/16
f 1915/2/1 1913/2/1 1916/2/1
f 1918/2/26 1920/2/26 1917/2/26
f 1914/2/10 1917/2/10 1913/2/10
f 1915/2/12 1918/2/12 1914/2/12
f 1916/2/14 1919/2/14 1915/2/14
f 1913/2/16 1920/2/16 1916/2/16
f 1923/2/1 1921/2/1 1924/2/1
f 1926/2/26 1928/2/26 1925/2/26
f 1922/2/10 1925/2/10 1921/2/10
f 1923/2/12 1926/2/12 1922/2/12
f 1924/2/14 1927/2/14 1923/2/14
f 1921/2/16 1928/2/16 1924/2/16
f 1931/5/57 1929/5/57 1932/5/57
f 1930/5/58 1933/5/58 1929/5/58
f 1931/5/53 1934/5/53 1930/5/53
f 1932/5/59 1935/5/59 1931/5/59
f 1932/5/55 1933/5/55 1936/5/55
f 1933/5/60 1935/5/60 1936/5/60
f 1939/8/1 1937/8/1 1940/8/1
f 1942/8/26 1944/8/26 1941/8/26
f 1938/8/10 1941/8/10 1937/8/10
f 1939/8/12 1942/8/12 1938/8/12
f 1940/8/14 1943/8/14 1939/8/14
f 1937/8/16 1944/8/16 1940/8/16
f 1947/7/1 1945/7/1 1948/7/1
f 1950/7/26 1952/7/26 1949/7/26
f 1946/7/10 1949/7/10 1945/7/10
f 1947/7/12 1950/7/12 1946/7/12
f 1948/7/14 1951/7/14 1947/7/14
f 1945/7/16 1952/7/16 1948/7/16
f 1955/6/1 1953/6/1 1956/6/1
f 1958/6/26 1960/6/26 1957/6/26
f 1954/6/10 1957/6/10 1953/6/10
f 1955/6/12 1958/6/12 1954/6/12
f 1956/6/14 1959/6/14 1955/6/14
f 1953/6/16 1960/6/16 1956/6/16
f 1963/7/1 1961/7/1 1964/7/1
f 1966/7/26 1968/7/26 1965/7/26
f 1962/7/10 1965/7/10 1961/7/10
f 1963/7/12 1966/7/12 1962/7/12
f 1964/7/14 1967/7/14 1963/7/14
f 1961/7/16 1968/7/16 1964/7/16
f 1971/6/1 1969/6/1 1972/6/1
f 1974/6/26 1976/6/26 1973/6/26
f 1970/6/10 1973/6/10 1969/6/10
f 1971/6/12 1974/6/12 1970/6/12
f 1972/6/14 1975/6/14 1971/6/14
f 1969/6/16 1976/6/16 1972/6/16
f 1979/7/1 1977/7/1 1980/7/1
f 1982/7/26 1984/7/26 1981/7/26
f 1978/7/10 1981/7/10 1977/7/10
f 1979/7/12 1982/7/12 1978/7/12
f 1980/7/14 1983/7/14 1979/7/14
f 1977/7/16 1984/7/16 1980/7/16
f 1987/6/1 1985/6/1 1988/6/1
f 1990/6/26 1992/6/26 1989/6/26
f 1986/6/10 1989/6/10 1985/6/10
f 1987/6/12 1990/6/12 1986/6/12
f 1988/6/14 1991/6/14 1987/6/14
f 1985/6/16 1992/6/16 1988/6/16
f 1995/7/1 1993/7/1 1996/7/1
f 1998/7/26 2000/7/26 1997/7/26
f 1994/7/10 1997/7/10 1993/7/10
f 1995/7/12 1998/7/12 1994/7/12
f 1996/7/14 1999/7/14 1995/7/14
f 1993/7/16 2000/7/16 1996/7/16
f 2003/6/1 2001/6/1 2004/6/1
f 2006/6/26 2008/6/26 2005/6/26
f 2002/6/10 2005/6/10 2001/6/10
f 2003/6/12 2006/6/12 2002/6/12
f 2004/6/14 2007/6/14 2003/6/14
f 2001/6/16 2008/6/16 2004/6/16
f 2010/2/1 2009/2/1 2013/2/1
f 2009/2/2 2018/2/2 2017/2/2
f 2011/2/3 2018/2/3 2010/2/3
f 2012/2/4 2019/2/4 2011/2/4
f 2013/2/5 2020/2/5 2012/2/5
f 2014/2/6 2021/2/6 2013/2/6
f 2014/2/28 2023/2/28 2022/2/28
f 2016/2/8 2023/2/8 2015/2/8
f 2016/2/9 2017/2/9 2024/2/9
f 2018/2/10 2025/2/10 2017/2/10
f 2019/2/11 2026/2/11 2018/2/11
f 2020/2/12 2027/2/12 2019/2/12
f 2021/2/13 2028/2/13 2020/2/13
f 2022/2/14 2029/2/14 2021/2/14
f 2023/2/15 2030/2/15 2022/2/15
f 2024/2/16 2031/2/16 2023/2/16
f 2017/2/17 2032/2/17 2024/2/17
f 2026/2/18 2033/2/18 2025/2/18
f 2027/2/50 2034/2/50 2026/2/50
f 2028/2/20 2035/2/20 2027/2/20
f 2029/2/21 2036/2/21 2028/2/21
f 2029/2/22 2038/2/22 2037/2/22
f 2031/2/33 2038/2/33 2030/2/33
f 2031/2/24 2040/2/24 2039/2/24
f 2032/2/25 2033/2/25 2040/2/25
f 2038/2/26 2039/2/26 2040/2/26
f 2043/9/1 2041/9/1 2044/9/1
f 2046/9/26 2048/9/26 2045/9/26
f 2042/9/10 2045/9/10 2041/9/10
f 2043/9/12 2046/9/12 2042/9/12
f 2044/9/14 2047/9/14 2043/9/14
f 2041/9/16 2048/9/16 2044/9/16
f 2051/10/1 2049/10/1 2052/10/1
f 2054/10/26 2056/10/26 2053/10/26
f 2050/10/10 2053/10/10 2049/10/10
f 2051/10/12 2054/10/12 2050/10/12
f 2052/10/14 2055/10/14 2051/10/14
f 2049/10/16 2056/10/16 2052/10/16
f 2059/11/1 2057/11/1 2060/11/1
f 2062/11/26 2064/11/26 2061/11/26
f 2058/11/10 2061/11/10 2057/11/10
f 2059/11/12 2062/11/12 2058/11/12
f 2060/11/14 2063/11/14 2059/11/14
f 2057/11/16 2064/11/16 2060/11/16
f 2066/7/1 2065/7/1 2069/7/1
f 2066/7/2 2073/7/2 2065/7/2
f 2067/7/3 2074/7/3 2066/7/3
f 2068/7/4 2075/7/4 2067/7/4
f 2068/7/5 2077/7/5 2076/7/5
f 2070/7/6 2077/7/6 2069/7/6
f 2071/7/28 2078/7/28 2070/7/28
f 2072/7/8 2079/7/8 2071/7/8
f 2072/7/38 2073/7/38 2080/7/38
f 2074/7/10 2081/7/10 2073/7/10
f 2075/7/11 2082/7/11 2074/7/11
f 2076/7/12 2083/7/12 2075/7/12
f 2077/7/13 2084/7/13 2076/7/13
f 2078/7/14 2085/7/14 2077/7/14
f 2079/7/15 2086/7/15 2078/7/15
f 2080/7/16 2087/7/16 2079/7/16
f 2073/7/17 2088/7/17 2080/7/17
f 2082/7/18 2089/7/18 2081/7/18
f 2082/7/50 2091/7/50 2090/7/50
f 2084/7/20 2091/7/20 2083/7/20
f 2085/7/21 2092/7/21 2084/7/21
f 2086/7/22 2093/7/22 2085/7/22
f 2086/7/33 2095/7/33 2094/7/33
f 2088/7/24 2095/7/24 2087/7/24
f 2081/7/25 2096/7/25 2088/7/25
f 2094/7/26 2095/7/26 2096/7/26
f 2099/2/61 2097/2/61 2100/2/61
f 2098/2/12 2101/2/12 2097/2/12
f 2099/2/62 2102/2/62 2098/2/62
f 2100/2/16 2103/2/16 2099/2/16
f 2097/2/63 2104/2/63 2100/2/63
f 2102/2/64 2104/2/64 2101/2/64
f 2107/2/61 2105/2/61 2108/2/61
f 2106/2/12 2109/2/12 2105/2/12
f 2107/2/62 2110/2/62 2106/2/62
f 2108/2/16 2111/2/16 2107/2/16
f 2105/2/63 2112/2/63 2108/2/63
f 2110/2/64 2112/2/64 2109/2/64
f 2114/7/1 2113/7/1 2117/7/1
f 2114/7/2 2121/7/2 2113/7/2
f 2115/7/27 2122/7/27 2114/7/27
f 2116/7/4 2123/7/4 2115/7/4
f 2116/7/36 2125/7/36 2124/7/36
f 2118/7/6 2125/7/6 2117/7/6
f 2119/7/7 2126/7/7 2118/7/7
f 2120/7/8 2127/7/8 2119/7/8
f 2120/7/9 2121/7/9 2128/7/9
f 2122/7/10 2129/7/10 2121/7/10
f 2123/7/11 2130/7/11 2122/7/11
f 2124/7/12 2131/7/12 2123/7/12
f 2125/7/13 2132/7/13 2124/7/13
f 2126/7/14 2133/7/14 2125/7/14
f 2127/7/15 2134/7/15 2126/7/15
f 2128/7/16 2135/7/16 2127/7/16
f 2121/7/17 2136/7/17 2128/7/17
f 2130/7/18 2137/7/18 2129/7/18
f 2130/7/32 2139/7/32 2138/7/32
f 2132/7/20 2139/7/20 2131/7/20
f 2133/7/21 2140/7/21 2132/7/21
f 2134/7/22 2141/7/22 2133/7/22
f 2134/7/44 2143/7/44 2142/7/44
f 2136/7/24 2143/7/24 2135/7/24
f 2129/7/25 2144/7/25 2136/7/25
f 2142/7/26 2143/7/26 2144/7/26
f 2147/2/65 2145/2/65 2148/2/65
f 2146/2/12 2149/2/12 2145/2/12
f 2147/2/66 2150/2/66 2146/2/66
f 2148/2/16 2151/2/16 2147/2/16
f 2145/2/67 2152/2/67 2148/2/67
f 2150/2/68 2152/2/68 2149/2/68
f 2155/2/65 2153/2/65 2156/2/65
f 2154/2/12 2157/2/12 2153/2/12
f 2155/2/66 2158/2/66 2154/2/66
f 2156/2/16 2159/2/16 2155/2/16
f 2153/2/67 2160/2/67 2156/2/67
f 2158/2/68 2160/2/68 2157/2/68
f 2163/3/1 2161/3/1 2164/3/1
f 2166/3/26 2168/3/26 2165/3/26
f 2162/3/10 2165/3/10 2161/3/10
f 2163/3/12 2166/3/12 2162/3/12
f 2164/3/14 2167/3/14 2163/3/14
f 2161/3/16 2168/3/16 2164/3/16
f 2171/10/1 2169/10/1 2172/10/1
f 2174/10/26 2176/10/26 2173/10/26
f 2170/10/10 2173/10/10 2169/10/10
f 2171/10/12 2174/10/12 2170/10/12
f 2172/10/14 2175/10/14 2171/10/14
f 2169/10/16 2176/10/16 2172/10/16
f 2179/10/1 2177/10/1 2180/10/1
f 2182/10/26 2184/10/26 2181/10/26
f 2178/10/10 2181/10/10 2177/10/10
f 2179/10/12 2182/10/12 2178/10/12
f 2180/10/14 2183/10/14 2179/10/14
f 2177/10/16 2184/10/16 2180/10/16
f 2187/10/1 2185/10/1 2188/10/1
f 2190/10/26 2192/10/26 2189/10/26
f 2186/10/10 2189/10/10 2185/10/10
f 2187/10/12 2190/10/12 2186/10/12
f 2188/10/14 2191/10/14 2187/10/14
f 2185/10/16 2192/10/16 2188/10/16
f 2195/10/1 2193/10/1 2196/10/1
f 2198/10/26 2200/10/26 2197/10/26
f 2194/10/10 2197/10/10 2193/10/10
f 2195/10/12 2198/10/12 2194/10/12
f 2196/10/14 2199/10/14 2195/10/14
f 2193/10/16 2200/10/16 2196/10/16
f 2203/10/1 2201/10/1 2204/10/1
f 2206/10/26 2208/10/26 2205/10/26
f 2202/10/10 2205/10/10 2201/10/10
f 2203/10/12 2206/10/12 2202/10/12
f 2204/10/14 2207/10/14 2203/10/14
f 2201/10/16 2208/10/16 2204/10/16
f 1/1/1 8/1/1 3/1/1
f 8/1/1 7/1/1 3/1/1
f 7/1/1 6/1/1 5/1/1
f 5/1/1 4/1/1 7/1/1
f 4/1/1 3/1/1 7/1/1
f 2/1/2 10/1/2 9/1/2
f 3/1/27 11/1/27 10/1/27
f 4/1/4 12/1/4 11/1/4
f 4/1/31 5/1/31 13/1/31
f 6/1/6 14/1/6 13/1/6
f 7/1/28 15/1/28 14/1/28
f 8/1/8 16/1/8 15/1/8
f 8/1/45 1/1/45 9/1/45
f 10/1/10 18/1/10 17/1/10
f 11/1/11 19/1/11 18/1/11
f 12/1/12 20/1/12 19/1/12
f 13/1/13 21/1/13 20/1/13
f 14/1/14 22/1/14 21/1/14
f 15/1/15 23/1/15 22/1/15
f 16/1/16 24/1/16 23/1/16
f 9/1/17 17/1/17 24/1/17
f 18/1/18 26/1/18 25/1/18
f 18/1/32 19/1/32 27/1/32
f 20/1/20 28/1/20 27/1/20
f 21/1/41 29/1/41 28/1/41
f 22/1/22 30/1/22 29/1/22
f 22/1/33 23/1/33 31/1/33
f 24/1/24 32/1/24 31/1/24
f 17/1/34 25/1/34 32/1/34
f 32/1/26 25/1/26 26/1/26
f 26/1/26 27/1/26 32/1/26
f 27/1/26 28/1/26 32/1/26
f 28/1/26 29/1/26 30/1/26
f 30/1/26 31/1/26 28/1/26
f 33/2/1 40/2/1 35/2/1
f 40/2/1 39/2/1 35/2/1
f 39/2/1 38/2/1 37/2/1
f 37/2/1 36/2/1 39/2/1
f 36/2/1 35/2/1 39/2/1
f 34/2/2 42/2/2 41/2/2
f 35/2/27 43/2/27 42/2/27
f 36/2/4 44/2/4 43/2/4
f 37/2/39 45/2/39 44/2/39
f 38/2/6 46/2/6 45/2/6
f 39/2/28 47/2/28 46/2/28
f 40/2/8 48/2/8 47/2/8
f 33/2/42 41/2/42 48/2/42
f 42/2/10 50/2/10 49/2/10
f 43/2/11 51/2/11 50/2/11
f 44/2/12 52/2/12 51/2/12
f 45/2/13 53/2/13 52/2/13
f 46/2/14 54/2/14 53/2/14
f 47/2/15 55/2/15 54/2/15
f 48/2/16 56/2/16 55/2/16
f 41/2/17 49/2/17 56/2/17
f 50/2/18 58/2/18 57/2/18
f 51/2/32 59/2/32 58/2/32
f 52/2/20 60/2/20 59/2/20
f 53/2/43 61/2/43 60/2/43
f 54/2/22 62/2/22 61/2/22
f 55/2/33 63/2/33 62/2/33
f 56/2/24 64/2/24 63/2/24
f 49/2/48 57/2/48 64/2/48
f 64/2/26 57/2/26 58/2/26
f 58/2/26 59/2/26 64/2/26
f 59/2/26 60/2/26 64/2/26
f 60/2/26 61/2/26 62/2/26
f 62/2/26 63/2/26 60/2/26
f 65/3/1 72/3/1 67/3/1
f 72/3/1 71/3/1 67/3/1
f 71/3/1 70/3/1 69/3/1
f 69/3/1 68/3/1 71/3/1
f 68/3/1 67/3/1 71/3/1
f 66/3/2 74/3/2 73/3/2
f 67/3/35 75/3/35 74/3/35
f 67/3/4 68/3/4 76/3/4
f 69/3/36 77/3/36 76/3/36
f 70/3/6 78/3/6 77/3/6
f 71/3/40 79/3/40 78/3/40
f 72/3/8 80/3/8 79/3/8
f 65/3/38 73/3/38 80/3/38
f 74/3/10 82/3/10 81/3/10
f 75/3/11 83/3/11 82/3/11
f 76/3/12 84/3/12 83/3/12
f 77/3/13 85/3/13 84/3/13
f 78/3/14 86/3/14 85/3/14
f 79/3/15 87/3/15 86/3/15
f 80/3/16 88/3/16 87/3/16
f 73/3/17 81/3/17 88/3/17
f 82/3/18 90/3/18 89/3/18
f 82/3/46 83/3/46 91/3/46
f 84/3/20 92/3/20 91/3/20
f 85/3/21 93/3/21 92/3/21
f 86/3/22 94/3/22 93/3/22
f 86/3/23 87/3/23 95/3/23
f 88/3/24 96/3/24 95/3/24
f 81/3/25 89/3/25 96/3/25
f 96/3/26 89/3/26 90/3/26
f 90/3/26 91/3/26 96/3/26
f 91/3/26 92/3/26 96/3/26
f 92/3/26 93/3/26 94/3/26
f 94/3/26 95/3/26 92/3/26
f 97/4/1 104/4/1 99/4/1
f 104/4/1 103/4/1 99/4/1
f 103/4/1 102/4/1 101/4/1
f 101/4/1 100/4/1 103/4/1
f 100/4/1 99/4/1 103/4/1
f 98/4/2 106/4/2 105/4/2
f 99/4/3 107/4/3 106/4/3
f 100/4/4 108/4/4 107/4/4
f 101/4/39 109/4/39 108/4/39
f 102/4/6 110/4/6 109/4/6
f 103/4/7 111/4/7 110/4/7
f 104/4/8 112/4/8 111/4/8
f 97/4/42 105/4/42 112/4/42
f 106/4/10 114/4/10 113/4/10
f 107/4/11 115/4/11 114/4/11
f 108/4/12 116/4/12 115/4/12
f 109/4/13 117/4/13 116/4/13
f 110/4/14 118/4/14 117/4/14
f 111/4/15 119/4/15 118/4/15
f 112/4/16 120/4/16 119/4/16
f 105/4/17 113/4/17 120/4/17
f 114/4/18 122/4/18 121/4/18
f 115/4/32 123/4/32 122/4/32
f 116/4/20 124/4/20 123/4/20
f 116/4/21 117/4/21 125/4/21
f 118/4/22 126/4/22 125/4/22
f 119/4/33 127/4/33 126/4/33
f 120/4/24 128/4/24 127/4/24
f 120/4/25 113/4/25 121/4/25
f 128/4/26 121/4/26 122/4/26
f 122/4/26 123/4/26 128/4/26
f 123/4/26 124/4/26 128/4/26
f 124/4/26 125/4/26 126/4/26
f 126/4/26 127/4/26 124/4/26
f 129/2/1 136/2/1 131/2/1
f 136/2/1 135/2/1 131/2/1
f 135/2/1 134/2/1 133/2/1
f 133/2/1 132/2/1 135/2/1
f 132/2/1 131/2/1 135/2/1
f 130/2/2 138/2/2 137/2/2
f 131/2/3 139/2/3 138/2/3
f 132/2/4 140/2/4 139/2/4
f 133/2/5 141/2/5 140/2/5
f 133/2/6 134/2/6 142/2/6
f 135/2/40 143/2/40 142/2/40
f 136/2/8 144/2/8 143/2/8
f 136/2/38 129/2/38 137/2/38
f 138/2/10 146/2/10 145/2/10
f 139/2/11 147/2/11 146/2/11
f 140/2/12 148/2/12 147/2/12
f 141/2/13 149/2/13 148/2/13
f 142/2/14 150/2/14 149/2/14
f 143/2/15 151/2/15 150/2/15
f 144/2/16 152/2/16 151/2/16
f 137/2/17 145/2/17 152/2/17
f 146/2/18 154/2/18 153/2/18
f 146/2/46 147/2/46 155/2/46
f 148/2/20 156/2/20 155/2/20
f 149/2/29 157/2/29 156/2/29
f 150/2/22 158/2/22 157/2/22
f 151/2/47 159/2/47 158/2/47
f 152/2/24 160/2/24 159/2/24
f 152/2/25 145/2/25 153/2/25
f 160/2/26 153/2/26 154/2/26
f 154/2/26 155/2/26 160/2/26
f 155/2/26 156/2/26 160/2/26
f 156/2/26 157/2/26 158/2/26
f 158/2/26 159/2/26 156/2/26
f 161/5/1 168/5/1 163/5/1
f 168/5/1 167/5/1 163/5/1
f 167/5/1 166/5/1 165/5/1
f 165/5/1 164/5/1 167/5/1
f 164/5/1 163/5/1 167/5/1
f 162/5/2 170/5/2 169/5/2
f 163/5/3 171/5/3 170/5/3
f 164/5/4 172/5/4 171/5/4
f 165/5/5 173/5/5 172/5/5
f 166/5/6 174/5/6 173/5/6
f 167/5/7 175/5/7 174/5/7
f 168/5/8 176/5/8 175/5/8
f 161/5/9 169/5/9 176/5/9
f 170/5/10 178/5/10 177/5/10
f 171/5/11 179/5/11 178/5/11
f 172/5/12 180/5/12 179/5/12
f 173/5/13 181/5/13 180/5/13
f 174/5/14 182/5/14 181/5/14
f 175/5/15 183/5/15 182/5/15
f 176/5/16 184/5/16 183/5/16
f 169/5/17 177/5/17 184/5/17
f 178/5/18 186/5/18 185/5/18
f 178/5/19 179/5/19 187/5/19
f 180/5/20 188/5/20 187/5/20
f 180/5/29 181/5/29 189/5/29
f 182/5/22 190/5/22 189/5/22
f 182/5/23 183/5/23 191/5/23
f 184/5/24 192/5/24 191/5/24
f 177/5/25 185/5/25 192/5/25
f 192/5/26 185/5/26 186/5/26
f 186/5/26 187/5/26 192/5/26
f 187/5/26 188/5/26 192/5/26
f 188/5/26 189/5/26 190/5/26
f 190/5/26 191/5/26 188/5/26
f 193/4/1 200/4/1 195/4/1
f 200/4/1 199/4/1 195/4/1
f 199/4/1 198/4/1 197/4/1
f 197/4/1 196/4/1 199/4/1
f 196/4/1 195/4/1 199/4/1
f 194/4/2 202/4/2 201/4/2
f 194/4/27 195/4/27 203/4/27
f 196/4/4 204/4/4 203/4/4
f 196/4/31 197/4/31 205/4/31
f 198/4/6 206/4/6 205/4/6
f 199/4/40 207/4/40 206/4/40
f 200/4/8 208/4/8 207/4/8
f 200/4/9 193/4/9 201/4/9
f 202/4/10 210/4/10 209/4/10
f 203/4/11 211/4/11 210/4/11
f 204/4/12 212/4/12 211/4/12
f 205/4/13 213/4/13 212/4/13
f 206/4/14 214/4/14 213/4/14
f 207/4/15 215/4/15 214/4/15
f 208/4/16 216/4/16 215/4/16
f 201/4/17 209/4/17 216/4/17
f 210/4/18 218/4/18 217/4/18
f 211/4/46 219/4/46 218/4/46
f 212/4/20 220/4/20 219/4/20
f 213/4/41 221/4/41 220/4/41
f 214/4/22 222/4/22 221/4/22
f 214/4/44 215/4/44 223/4/44
f 216/4/24 224/4/24 223/4/24
f 209/4/30 217/4/30 224/4/30
f 224/4/26 217/4/26 218/4/26
f 218/4/26 219/4/26 224/4/26
f 219/4/26 220/4/26 224/4/26
f 220/4/26 221/4/26 222/4/26
f 222/4/26 223/4/26 220/4/26
f 225/2/1 232/2/1 227/2/1
f 232/2/1 231/2/1 227/2/1
f 231/2/1 230/2/1 229/2/1
f 229/2/1 228/2/1 231/2/1
f 228/2/1 227/2/1 231/2/1
f 226/2/2 234/2/2 233/2/2
f 227/2/49 235/2/49 234/2/49
f 228/2/4 236/2/4 235/2/4
f 228/2/36 229/2/36 237/2/36
f 230/2/6 238/2/6 237/2/6
f 231/2/28 239/2/28 238/2/28
f 232/2/8 240/2/8 239/2/8
f 225/2/42 233/2/42 240/2/42
f 234/2/10 242/2/10 241/2/10
f 235/2/11 243/2/11 242/2/11
f 236/2/12 244/2/12 243/2/12
f 237/2/13 245/2/13 244/2/13
f 238/2/14 246/2/14 245/2/14
f 239/2/15 247/2/15 246/2/15
f 240/2/16 248/2/16 247/2/16
f 233/2/17 241/2/17 248/2/17
f 241/2/18 242/2/18 250/2/18
f 242/2/19 243/2/19 251/2/19
f 244/2/20 252/2/20 251/2/20
f 245/2/21 253/2/21 252/2/21
f 246/2/22 254/2/22 253/2/22
f 247/2/47 255/2/47 254/2/47
f 248/2/24 256/2/24 255/2/24
f 241/2/34 249/2/34 256/2/34
f 256/2/26 249/2/26 250/2/26
f 250/2/26 251/2/26 256/2/26
f 251/2/26 252/2/26 256/2/26
f 252/2/26 253/2/26 254/2/26
f 254/2/26 255/2/26 252/2/26
f 257/5/1 264/5/1 259/5/1
f 264/5/1 263/5/1 259/5/1
f 263/5/1 262/5/1 261/5/1
f 261/5/1 260/5/1 263/5/1
f 260/5/1 259/5/1 263/5/1
f 258/5/2 266/5/2 265/5/2
f 258/5/49 259/5/49 267/5/49
f 260/5/4 268/5/4 267/5/4
f 260/5/36 261/5/36 269/5/36
f 261/5/6 262/5/6 270/5/6
f 263/5/7 271/5/7 270/5/7
f 264/5/8 272/5/8 271/5/8
f 264/5/38 257/5/38 265/5/38
f 266/5/10 274/5/10 273/5/10
f 267/5/11 275/5/11 274/5/11
f 268/5/12 276/5/12 275/5/12
f 269/5/13 277/5/13 276/5/13
f 270/5/14 278/5/14 277/5/14
f 271/5/15 279/5/15 278/5/15
f 272/5/16 280/5/16 279/5/16
f 265/5/17 273/5/17 280/5/17
f 273/5/18 274/5/18 282/5/18
f 275/5/50 283/5/50 282/5/50
f 276/5/20 284/5/20 283/5/20
f 277/5/21 285/5/21 284/5/21
f 278/5/22 286/5/22 285/5/22
f 279/5/44 287/5/44 286/5/44
f 280/5/24 288/5/24 287/5/24
f 273/5/48 281/5/48 288/5/48
f 288/5/26 281/5/26 282/5/26
f 282/5/26 283/5/26 288/5/26
f 283/5/26 284/5/26 288/5/26
f 284/5/26 285/5/26 286/5/26
f 286/5/26 287/5/26 284/5/26
f 289/4/1 296/4/1 291/4/1
f 296/4/1 295/4/1 291/4/1
f 295/4/1 294/4/1 293/4/1
f 293/4/1 292/4/1 295/4/1
f 292/4/1 291/4/1 295/4/1
f 290/4/2 298/4/2 297/4/2
f 291/4/35 299/4/35 298/4/35
f 292/4/4 300/4/4 299/4/4
f 293/4/31 301/4/31 300/4/31
f 294/4/6 302/4/6 301/4/6
f 295/4/7 303/4/7 302/4/7
f 296/4/8 304/4/8 303/4/8
f 296/4/42 289/4/42 297/4/42
f 298/4/10 306/4/10 305/4/10
f 299/4/11 307/4/11 306/4/11
f 300/4/12 308/4/12 307/4/12
f 301/4/13 309/4/13 308/4/13
f 302/4/14 310/4/14 309/4/14
f 303/4/15 311/4/15 310/4/15
f 304/4/16 312/4/16 311/4/16
f 297/4/17 305/4/17 312/4/17
f 306/4/18 314/4/18 313/4/18
f 306/4/50 307/4/50 315/4/50
f 308/4/20 316/4/20 315/4/20
f 309/4/29 317/4/29 316/4/29
f 310/4/22 318/4/22 317/4/22
f 310/4/33 311/4/33 319/4/33
f 312/4/24 320/4/24 319/4/24
f 305/4/34 313/4/34 320/4/34
f 320/4/26 313/4/26 314/4/26
f 314/4/26 315/4/26 320/4/26
f 315/4/26 316/4/26 320/4/26
f 316/4/26 317/4/26 318/4/26
f 318/4/26 319/4/26 316/4/26
f 321/3/1 328/3/1 323/3/1
f 328/3/1 327/3/1 323/3/1
f 327/3/1 326/3/1 325/3/1
f 325/3/1 324/3/1 327/3/1
f 324/3/1 323/3/1 327/3/1
f 322/3/2 330/3/2 329/3/2
f 322/3/27 323/3/27 331/3/27
f 324/3/4 332/3/4 331/3/4
f 325/3/5 333/3/5 332/3/5
f 326/3/6 334/3/6 333/3/6
f 326/3/28 327/3/28 335/3/28
f 328/3/8 336/3/8 335/3/8
f 321/3/9 329/3/9 336/3/9
f 330/3/10 338/3/10 337/3/10
f 331/3/11 339/3/11 338/3/11
f 332/3/12 340/3/12 339/3/12
f 333/3/13 341/3/13 340/3/13
f 334/3/14 342/3/14 341/3/14
f 335/3/15 343/3/15 342/3/15
f 336/3/16 344/3/16 343/3/16
f 329/3/17 337/3/17 344/3/17
f 338/3/18 346/3/18 345/3/18
f 339/3/32 347/3/32 346/3/32
f 340/3/20 348/3/20 347/3/20
f 340/3/21 341/3/21 349/3/21
f 342/3/22 350/3/22 349/3/22
f 343/3/33 351/3/33 350/3/33
f 344/3/24 352/3/24 351/3/24
f 344/3/25 337/3/25 345/3/25
f 352/3/26 345/3/26 346/3/26
f 346/3/26 347/3/26 352/3/26
f 347/3/26 348/3/26 352/3/26
f 348/3/26 349/3/26 350/3/26
f 350/3/26 351/3/26 348/3/26
f 355/5/1 354/5/1 353/5/1
f 358/5/26 359/5/26 360/5/26
f 354/5/10 358/5/10 357/5/10
f 355/5/12 359/5/12 358/5/12
f 356/5/14 360/5/14 359/5/14
f 353/5/16 357/5/16 360/5/16
f 363/5/1 362/5/1 361/5/1
f 366/5/26 367/5/26 368/5/26
f 362/5/10 366/5/10 365/5/10
f 363/5/12 367/5/12 366/5/12
f 364/5/14 368/5/14 367/5/14
f 361/5/16 365/5/16 368/5/16
f 369/6/1 376/6/1 375/6/1
f 375/6/1 374/6/1 369/6/1
f 374/6/1 373/6/1 369/6/1
f 373/6/1 372/6/1 371/6/1
f 371/6/1 370/6/1 373/6/1
f 370/6/2 378/6/2 377/6/2
f 371/6/49 379/6/49 378/6/49
f 371/6/4 372/6/4 380/6/4
f 373/6/39 381/6/39 380/6/39
f 374/6/6 382/6/6 381/6/6
f 374/6/40 375/6/40 383/6/40
f 376/6/8 384/6/8 383/6/8
f 369/6/42 377/6/42 384/6/42
f 378/6/10 386/6/10 385/6/10
f 379/6/11 387/6/11 386/6/11
f 380/6/12 388/6/12 387/6/12
f 381/6/13 389/6/13 388/6/13
f 382/6/14 390/6/14 389/6/14
f 383/6/15 391/6/15 390/6/15
f 384/6/16 392/6/16 391/6/16
f 377/6/17 385/6/17 392/6/17
f 386/6/18 394/6/18 393/6/18
f 387/6/46 395/6/46 394/6/46
f 388/6/20 396/6/20 395/6/20
f 388/6/41 389/6/41 397/6/41
f 390/6/22 398/6/22 397/6/22
f 391/6/33 399/6/33 398/6/33
f 391/6/24 392/6/24 400/6/24
f 385/6/34 393/6/34 400/6/34
f 400/6/26 393/6/26 398/6/26
f 393/6/26 394/6/26 398/6/26
f 394/6/26 395/6/26 396/6/26
f 396/6/26 397/6/26 394/6/26
f 397/6/26 398/6/26 394/6/26
f 401/6/1 408/6/1 407/6/1
f 407/6/1 406/6/1 401/6/1
f 406/6/1 405/6/1 401/6/1
f 405/6/1 404/6/1 403/6/1
f 403/6/1 402/6/1 405/6/1
f 402/6/2 410/6/2 409/6/2
f 403/6/49 411/6/49 410/6/49
f 404/6/4 412/6/4 411/6/4
f 405/6/39 413/6/39 412/6/39
f 406/6/6 414/6/6 413/6/6
f 406/6/40 407/6/40 415/6/40
f 407/6/8 408/6/8 416/6/8
f 401/6/42 409/6/42 416/6/42
f 410/6/10 418/6/10 417/6/10
f 411/6/11 419/6/11 418/6/11
f 412/6/12 420/6/12 419/6/12
f 413/6/13 421/6/13 420/6/13
f 414/6/14 422/6/14 421/6/14
f 415/6/15 423/6/15 422/6/15
f 416/6/16 424/6/16 423/6/16
f 409/6/17 417/6/17 424/6/17
f 418/6/18 426/6/18 425/6/18
f 419/6/32 427/6/32 426/6/32
f 419/6/20 420/6/20 428/6/20
f 421/6/43 429/6/43 428/6/43
f 422/6/22 430/6/22 429/6/22
f 423/6/33 431/6/33 430/6/33
f 424/6/24 432/6/24 431/6/24
f 424/6/34 417/6/34 425/6/34
f 432/6/26 425/6/26 430/6/26
f 425/6/26 426/6/26 430/6/26
f 426/6/26 427/6/26 428/6/26
f 428/6/26 429/6/26 426/6/26
f 429/6/26 430/6/26 426/6/26
f 433/6/1 440/6/1 439/6/1
f 439/6/1 438/6/1 433/6/1
f 438/6/1 437/6/1 433/6/1
f 437/6/1 436/6/1 435/6/1
f 435/6/1 434/6/1 437/6/1
f 434/6/2 442/6/2 441/6/2
f 434/6/49 435/6/49 443/6/49
f 436/6/4 444/6/4 443/6/4
f 437/6/39 445/6/39 444/6/39
f 438/6/6 446/6/6 445/6/6
f 438/6/40 439/6/40 447/6/40
f 440/6/8 448/6/8 447/6/8
f 433/6/42 441/6/42 448/6/42
f 442/6/10 450/6/10 449/6/10
f 443/6/11 451/6/11 450/6/11
f 444/6/12 452/6/12 451/6/12
f 445/6/13 453/6/13 452/6/13
f 446/6/14 454/6/14 453/6/14
f 447/6/15 455/6/15 454/6/15
f 448/6/16 456/6/16 455/6/16
f 441/6/17 449/6/17 456/6/17
f 450/6/18 458/6/18 457/6/18
f 451/6/32 459/6/32 458/6/32
f 452/6/20 460/6/20 459/6/20
f 452/6/41 453/6/41 461/6/41
f 454/6/22 462/6/22 461/6/22
f 455/6/33 463/6/33 462/6/33
f 456/6/24 464/6/24 463/6/24
f 456/6/34 449/6/34 457/6/34
f 464/6/26 457/6/26 462/6/26
f 457/6/26 458/6/26 462/6/26
f 458/6/26 459/6/26 460/6/26
f 460/6/26 461/6/26 458/6/26
f 461/6/26 462/6/26 458/6/26
f 465/6/1 472/6/1 471/6/1
f 471/6/1 470/6/1 465/6/1
f 470/6/1 469/6/1 465/6/1
f 469/6/1 468/6/1 467/6/1
f 467/6/1 466/6/1 469/6/1
f 466/6/2 474/6/2 473/6/2
f 466/6/49 467/6/49 475/6/49
f 467/6/4 468/6/4 476/6/4
f 469/6/5 477/6/5 476/6/5
f 470/6/6 478/6/6 477/6/6
f 471/6/40 479/6/40 478/6/40
f 472/6/8 480/6/8 479/6/8
f 465/6/9 473/6/9 480/6/9
f 474/6/10 482/6/10 481/6/10
f 475/6/11 483/6/11 482/6/11
f 476/6/12 484/6/12 483/6/12
f 477/6/13 485/6/13 484/6/13
f 478/6/14 486/6/14 485/6/14
f 479/6/15 487/6/15 486/6/15
f 480/6/16 488/6/16 487/6/16
f 473/6/17 481/6/17 488/6/17
f 482/6/18 490/6/18 489/6/18
f 483/6/46 491/6/46 490/6/46
f 484/6/20 492/6/20 491/6/20
f 484/6/21 485/6/21 493/6/21
f 486/6/22 494/6/22 493/6/22
f 487/6/33 495/6/33 494/6/33
f 487/6/24 488/6/24 496/6/24
f 488/6/25 481/6/25 489/6/25
f 496/6/26 489/6/26 494/6/26
f 489/6/26 490/6/26 494/6/26
f 490/6/26 491/6/26 492/6/26
f 492/6/26 493/6/26 490/6/26
f 493/6/26 494/6/26 490/6/26
f 497/3/1 504/3/1 499/3/1
f 504/3/1 503/3/1 499/3/1
f 503/3/1 502/3/1 501/3/1
f 501/3/1 500/3/1 503/3/1
f 500/3/1 499/3/1 503/3/1
f 498/3/2 506/3/2 505/3/2
f 499/3/49 507/3/49 506/3/49
f 500/3/4 508/3/4 507/3/4
f 501/3/36 509/3/36 508/3/36
f 502/3/6 510/3/6 509/3/6
f 503/3/37 511/3/37 510/3/37
f 503/3/8 504/3/8 512/3/8
f 497/3/38 505/3/38 512/3/38
f 506/3/10 514/3/10 513/3/10
f 507/3/11 515/3/11 514/3/11
f 508/3/12 516/3/12 515/3/12
f 509/3/13 517/3/13 516/3/13
f 510/3/14 518/3/14 517/3/14
f 511/3/15 519/3/15 518/3/15
f 512/3/16 520/3/16 519/3/16
f 505/3/17 513/3/17 520/3/17
f 514/3/18 522/3/18 521/3/18
f 514/3/19 515/3/19 523/3/19
f 516/3/20 524/3/20 523/3/20
f 517/3/21 525/3/21 524/3/21
f 518/3/22 526/3/22 525/3/22
f 518/3/47 519/3/47 527/3/47
f 520/3/24 528/3/24 527/3/24
f 513/3/25 521/3/25 528/3/25
f 528/3/26 521/3/26 522/3/26
f 522/3/26 523/3/26 528/3/26
f 523/3/26 524/3/26 528/3/26
f 524/3/26 525/3/26 526/3/26
f 526/3/26 527/3/26 524/3/26
f 529/4/1 536/4/1 531/4/1
f 536/4/1 535/4/1 531/4/1
f 535/4/1 534/4/1 533/4/1
f 533/4/1 532/4/1 535/4/1
f 532/4/1 531/4/1 535/4/1
f 530/4/2 538/4/2 537/4/2
f 531/4/3 539/4/3 538/4/3
f 532/4/4 540/4/4 539/4/4
f 533/4/39 541/4/39 540/4/39
f 534/4/6 542/4/6 541/4/6
f 535/4/7 543/4/7 542/4/7
f 536/4/8 544/4/8 543/4/8
f 529/4/42 537/4/42 544/4/42
f 538/4/10 546/4/10 545/4/10
f 539/4/11 547/4/11 546/4/11
f 540/4/12 548/4/12 547/4/12
f 541/4/13 549/4/13 548/4/13
f 542/4/14 550/4/14 549/4/14
f 543/4/15 551/4/15 550/4/15
f 544/4/16 552/4/16 551/4/16
f 537/4/17 545/4/17 552/4/17
f 546/4/18 554/4/18 553/4/18
f 547/4/32 555/4/32 554/4/32
f 548/4/20 556/4/20 555/4/20
f 548/4/21 549/4/21 557/4/21
f 550/4/22 558/4/22 557/4/22
f 551/4/33 559/4/33 558/4/33
f 552/4/24 560/4/24 559/4/24
f 552/4/25 545/4/25 553/4/25
f 560/4/26 553/4/26 554/4/26
f 554/4/26 555/4/26 560/4/26
f 555/4/26 556/4/26 560/4/26
f 556/4/26 557/4/26 558/4/26
f 558/4/26 559/4/26 556/4/26
f 561/2/1 568/2/1 563/2/1
f 568/2/1 567/2/1 563/2/1
f 567/2/1 566/2/1 565/2/1
f 565/2/1 564/2/1 567/2/1
f 564/2/1 563/2/1 567/2/1
f 562/2/2 570/2/2 569/2/2
f 563/2/27 571/2/27 570/2/27
f 564/2/4 572/2/4 571/2/4
f 565/2/39 573/2/39 572/2/39
f 566/2/6 574/2/6 573/2/6
f 567/2/40 575/2/40 574/2/40
f 568/2/8 576/2/8 575/2/8
f 568/2/38 561/2/38 569/2/38
f 570/2/10 578/2/10 577/2/10
f 571/2/11 579/2/11 578/2/11
f 572/2/12 580/2/12 579/2/12
f 573/2/13 581/2/13 580/2/13
f 574/2/14 582/2/14 581/2/14
f 575/2/15 583/2/15 582/2/15
f 576/2/16 584/2/16 583/2/16
f 569/2/17 577/2/17 584/2/17
f 578/2/18 586/2/18 585/2/18
f 579/2/46 587/2/46 586/2/46
f 580/2/20 588/2/20 587/2/20
f 581/2/41 589/2/41 588/2/41
f 581/2/22 582/2/22 590/2/22
f 582/2/23 583/2/23 591/2/23
f 584/2/24 592/2/24 591/2/24
f 577/2/25 585/2/25 592/2/25
f 592/2/26 585/2/26 586/2/26
f 586/2/26 587/2/26 592/2/26
f 587/2/26 588/2/26 592/2/26
f 588/2/26 589/2/26 590/2/26
f 590/2/26 591/2/26 588/2/26
f 593/5/1 600/5/1 595/5/1
f 600/5/1 599/5/1 595/5/1
f 599/5/1 598/5/1 597/5/1
f 597/5/1 596/5/1 599/5/1
f 596/5/1 595/5/1 599/5/1
f 593/5/2 594/5/2 602/5/2
f 595/5/3 603/5/3 602/5/3
f 596/5/4 604/5/4 603/5/4
f 596/5/36 597/5/36 605/5/36
f 598/5/6 606/5/6 605/5/6
f 598/5/40 599/5/40 607/5/40
f 600/5/8 608/5/8 607/5/8
f 600/5/38 593/5/38 601/5/38
f 602/5/10 610/5/10 609/5/10
f 603/5/11 611/5/11 610/5/11
f 604/5/12 612/5/12 611/5/12
f 605/5/13 613/5/13 612/5/13
f 606/5/14 614/5/14 613/5/14
f 607/5/15 615/5/15 614/5/15
f 608/5/16 616/5/16 615/5/16
f 601/5/17 609/5/17 616/5/17
f 610/5/18 618/5/18 617/5/18
f 611/5/50 619/5/50 618/5/50
f 612/5/20 620/5/20 619/5/20
f 613/5/43 621/5/43 620/5/43
f 613/5/22 614/5/22 622/5/22
f 615/5/44 623/5/44 622/5/44
f 616/5/24 624/5/24 623/5/24
f 609/5/25 617/5/25 624/5/25
f 624/5/26 617/5/26 618/5/26
f 618/5/26 619/5/26 624/5/26
f 619/5/26 620/5/26 624/5/26
f 620/5/26 621/5/26 622/5/26
f 622/5/26 623/5/26 620/5/26
f 625/4/1 632/4/1 627/4/1
f 632/4/1 631/4/1 627/4/1
f 631/4/1 630/4/1 629/4/1
f 629/4/1 628/4/1 631/4/1
f 628/4/1 627/4/1 631/4/1
f 626/4/2 634/4/2 633/4/2
f 627/4/3 635/4/3 634/4/3
f 628/4/4 636/4/4 635/4/4
f 628/4/39 629/4/39 637/4/39
f 630/4/6 638/4/6 637/4/6
f 631/4/37 639/4/37 638/4/37
f 632/4/8 640/4/8 639/4/8
f 625/4/45 633/4/45 640/4/45
f 634/4/10 642/4/10 641/4/10
f 635/4/11 643/4/11 642/4/11
f 636/4/12 644/4/12 643/4/12
f 637/4/13 645/4/13 644/4/13
f 638/4/14 646/4/14 645/4/14
f 639/4/15 647/4/15 646/4/15
f 640/4/16 648/4/16 647/4/16
f 633/4/17 641/4/17 648/4/17
f 642/4/18 650/4/18 649/4/18
f 642/4/32 643/4/32 651/4/32
f 644/4/20 652/4/20 651/4/20
f 645/4/41 653/4/41 652/4/41
f 646/4/22 654/4/22 653/4/22
f 646/4/44 647/4/44 655/4/44
f 648/4/24 656/4/24 655/4/24
f 641/4/30 649/4/30 656/4/30
f 656/4/26 649/4/26 650/4/26
f 650/4/26 651/4/26 656/4/26
f 651/4/26 652/4/26 656/4/26
f 652/4/26 653/4/26 654/4/26
f 654/4/26 655/4/26 652/4/26
f 657/2/1 664/2/1 659/2/1
f 664/2/1 663/2/1 659/2/1
f 663/2/1 662/2/1 661/2/1
f 661/2/1 660/2/1 663/2/1
f 660/2/1 659/2/1 663/2/1
f 657/2/2 658/2/2 666/2/2
f 659/2/49 667/2/49 666/2/49
f 660/2/4 668/2/4 667/2/4
f 660/2/36 661/2/36 669/2/36
f 662/2/6 670/2/6 669/2/6
f 663/2/7 671/2/7 670/2/7
f 664/2/8 672/2/8 671/2/8
f 657/2/9 665/2/9 672/2/9
f 666/2/10 674/2/10 673/2/10
f 667/2/11 675/2/11 674/2/11
f 668/2/12 676/2/12 675/2/12
f 669/2/13 677/2/13 676/2/13
f 670/2/14 678/2/14 677/2/14
f 671/2/15 679/2/15 678/2/15
f 672/2/16 680/2/16 679/2/16
f 665/2/17 673/2/17 680/2/17
f 674/2/18 682/2/18 681/2/18
f 675/2/46 683/2/46 682/2/46
f 676/2/20 684/2/20 683/2/20
f 676/2/21 677/2/21 685/2/21
f 678/2/22 686/2/22 685/2/22
f 678/2/47 679/2/47 687/2/47
f 680/2/24 688/2/24 687/2/24
f 673/2/30 681/2/30 688/2/30
f 688/2/26 681/2/26 682/2/26
f 682/2/26 683/2/26 688/2/26
f 683/2/26 684/2/26 688/2/26
f 684/2/26 685/2/26 686/2/26
f 686/2/26 687/2/26 684/2/26
f 689/5/1 696/5/1 691/5/1
f 696/5/1 695/5/1 691/5/1
f 695/5/1 694/5/1 693/5/1
f 693/5/1 692/5/1 695/5/1
f 692/5/1 691/5/1 695/5/1
f 690/5/2 698/5/2 697/5/2
f 691/5/3 699/5/3 698/5/3
f 692/5/4 700/5/4 699/5/4
f 693/5/5 701/5/5 700/5/5
f 694/5/6 702/5/6 701/5/6
f 695/5/7 703/5/7 702/5/7
f 696/5/8 704/5/8 703/5/8
f 689/5/9 697/5/9 704/5/9
f 698/5/10 706/5/10 705/5/10
f 699/5/11 707/5/11 706/5/11
f 700/5/12 708/5/12 707/5/12
f 701/5/13 709/5/13 708/5/13
f 702/5/14 710/5/14 709/5/14
f 703/5/15 711/5/15 710/5/15
f 704/5/16 712/5/16 711/5/16
f 697/5/17 705/5/17 712/5/17
f 706/5/18 714/5/18 713/5/18
f 706/5/19 707/5/19 715/5/19
f 708/5/20 716/5/20 715/5/20
f 709/5/21 717/5/21 716/5/21
f 710/5/22 718/5/22 717/5/22
f 710/5/23 711/5/23 719/5/23
f 712/5/24 720/5/24 719/5/24
f 712/5/30 705/5/30 713/5/30
f 720/5/26 713/5/26 714/5/26
f 714/5/26 715/5/26 720/5/26
f 715/5/26 716/5/26 720/5/26
f 716/5/26 717/5/26 718/5/26
f 718/5/26 719/5/26 716/5/26
f 721/4/1 728/4/1 723/4/1
f 728/4/1 727/4/1 723/4/1
f 727/4/1 726/4/1 725/4/1
f 725/4/1 724/4/1 727/4/1
f 724/4/1 723/4/1 727/4/1
f 722/4/2 730/4/2 729/4/2
f 723/4/49 731/4/49 730/4/49
f 724/4/4 732/4/4 731/4/4
f 724/4/5 725/4/5 733/4/5
f 726/4/6 734/4/6 733/4/6
f 726/4/28 727/4/28 735/4/28
f 728/4/8 736/4/8 735/4/8
f 728/4/45 721/4/45 729/4/45
f 730/4/10 738/4/10 737/4/10
f 731/4/11 739/4/11 738/4/11
f 732/4/12 740/4/12 739/4/12
f 733/4/13 741/4/13 740/4/13
f 734/4/14 742/4/14 741/4/14
f 735/4/15 743/4/15 742/4/15
f 736/4/16 744/4/16 743/4/16
f 729/4/17 737/4/17 744/4/17
f 738/4/18 746/4/18 745/4/18
f 738/4/50 739/4/50 747/4/50
f 740/4/20 748/4/20 747/4/20
f 741/4/29 749/4/29 748/4/29
f 742/4/22 750/4/22 749/4/22
f 743/4/47 751/4/47 750/4/47
f 744/4/24 752/4/24 751/4/24
f 737/4/34 745/4/34 752/4/34
f 752/4/26 745/4/26 746/4/26
f 746/4/26 747/4/26 752/4/26
f 747/4/26 748/4/26 752/4/26
f 748/4/26 749/4/26 750/4/26
f 750/4/26 751/4/26 748/4/26
f 753/3/1 760/3/1 755/3/1
f 760/3/1 759/3/1 755/3/1
f 759/3/1 758/3/1 757/3/1
f 757/3/1 756/3/1 759/3/1
f 756/3/1 755/3/1 759/3/1
f 754/3/2 762/3/2 761/3/2
f 754/3/27 755/3/27 763/3/27
f 756/3/4 764/3/4 763/3/4
f 757/3/5 765/3/5 764/3/5
f 758/3/6 766/3/6 765/3/6
f 758/3/28 759/3/28 767/3/28
f 760/3/8 768/3/8 767/3/8
f 753/3/9 761/3/9 768/3/9
f 762/3/10 770/3/10 769/3/10
f 763/3/11 771/3/11 770/3/11
f 764/3/12 772/3/12 771/3/12
f 765/3/13 773/3/13 772/3/13
f 766/3/14 774/3/14 773/3/14
f 767/3/15 775/3/15 774/3/15
f 768/3/16 776/3/16 775/3/16
f 761/3/17 769/3/17 776/3/17
f 770/3/18 778/3/18 777/3/18
f 771/3/32 779/3/32 778/3/32
f 772/3/20 780/3/20 779/3/20
f 772/3/21 773/3/21 781/3/21
f 774/3/22 782/3/22 781/3/22
f 775/3/33 783/3/33 782/3/33
f 776/3/24 784/3/24 783/3/24
f 776/3/25 769/3/25 777/3/25
f 784/3/26 777/3/26 778/3/26
f 778/3/26 779/3/26 784/3/26
f 779/3/26 780/3/26 784/3/26
f 780/3/26 781/3/26 782/3/26
f 782/3/26 783/3/26 780/3/26
f 787/5/1 786/5/1 785/5/1
f 790/5/26 791/5/26 792/5/26
f 786/5/10 790/5/10 789/5/10
f 787/5/12 791/5/12 790/5/12
f 788/5/14 792/5/14 791/5/14
f 785/5/16 789/5/16 792/5/16
f 795/5/1 794/5/1 793/5/1
f 798/5/26 799/5/26 800/5/26
f 794/5/10 798/5/10 797/5/10
f 795/5/12 799/5/12 798/5/12
f 796/5/14 800/5/14 799/5/14
f 793/5/16 797/5/16 800/5/16
f 801/6/1 808/6/1 807/6/1
f 807/6/1 806/6/1 801/6/1
f 806/6/1 805/6/1 801/6/1
f 805/6/1 804/6/1 803/6/1
f 803/6/1 802/6/1 805/6/1
f 802/6/2 810/6/2 809/6/2
f 802/6/35 803/6/35 811/6/35
f 803/6/4 804/6/4 812/6/4
f 805/6/39 813/6/39 812/6/39
f 806/6/6 814/6/6 813/6/6
f 806/6/40 807/6/40 815/6/40
f 808/6/8 816/6/8 815/6/8
f 808/6/42 801/6/42 809/6/42
f 810/6/10 818/6/10 817/6/10
f 811/6/11 819/6/11 818/6/11
f 812/6/12 820/6/12 819/6/12
f 813/6/13 821/6/13 820/6/13
f 814/6/14 822/6/14 821/6/14
f 815/6/15 823/6/15 822/6/15
f 816/6/16 824/6/16 823/6/16
f 809/6/17 817/6/17 824/6/17
f 818/6/18 826/6/18 825/6/18
f 818/6/46 819/6/46 827/6/46
f 820/6/20 828/6/20 827/6/20
f 820/6/41 821/6/41 829/6/41
f 822/6/22 830/6/22 829/6/22
f 823/6/33 831/6/33 830/6/33
f 823/6/24 824/6/24 832/6/24
f 824/6/34 817/6/34 825/6/34
f 832/6/26 825/6/26 830/6/26
f 825/6/26 826/6/26 830/6/26
f 826/6/26 827/6/26 828/6/26
f 828/6/26 829/6/26 826/6/26
f 829/6/26 830/6/26 826/6/26
f 833/6/1 840/6/1 839/6/1
f 839/6/1 838/6/1 833/6/1
f 838/6/1 837/6/1 833/6/1
f 837/6/1 836/6/1 835/6/1
f 835/6/1 834/6/1 837/6/1
f 834/6/2 842/6/2 841/6/2
f 835/6/49 843/6/49 842/6/49
f 836/6/4 844/6/4 843/6/4
f 837/6/39 845/6/39 844/6/39
f 838/6/6 846/6/6 845/6/6
f 839/6/40 847/6/40 846/6/40
f 839/6/8 840/6/8 848/6/8
f 840/6/42 833/6/42 841/6/42
f 842/6/10 850/6/10 849/6/10
f 843/6/11 851/6/11 850/6/11
f 844/6/12 852/6/12 851/6/12
f 845/6/13 853/6/13 852/6/13
f 846/6/14 854/6/14 853/6/14
f 847/6/15 855/6/15 854/6/15
f 848/6/16 856/6/16 855/6/16
f 841/6/17 849/6/17 856/6/17
f 850/6/18 858/6/18 857/6/18
f 851/6/32 859/6/32 858/6/32
f 851/6/20 852/6/20 860/6/20
f 852/6/41 853/6/41 861/6/41
f 854/6/22 862/6/22 861/6/22
f 854/6/47 855/6/47 863/6/47
f 856/6/24 864/6/24 863/6/24
f 856/6/34 849/6/34 857/6/34
f 864/6/26 857/6/26 862/6/26
f 857/6/26 858/6/26 862/6/26
f 858/6/26 859/6/26 860/6/26
f 860/6/26 861/6/26 858/6/26
f 861/6/26 862/6/26 858/6/26
f 865/6/1 872/6/1 871/6/1
f 871/6/1 870/6/1 865/6/1
f 870/6/1 869/6/1 865/6/1
f 869/6/1 868/6/1 867/6/1
f 867/6/1 866/6/1 869/6/1
f 866/6/2 874/6/2 873/6/2
f 866/6/49 867/6/49 875/6/49
f 868/6/4 876/6/4 875/6/4
f 869/6/39 877/6/39 876/6/39
f 870/6/6 878/6/6 877/6/6
f 870/6/40 871/6/40 879/6/40
f 872/6/8 880/6/8 879/6/8
f 865/6/42 873/6/42 880/6/42
f 874/6/10 882/6/10 881/6/10
f 875/6/11 883/6/11 882/6/11
f 876/6/12 884/6/12 883/6/12
f 877/6/13 885/6/13 884/6/13
f 878/6/14 886/6/14 885/6/14
f 879/6/15 887/6/15 886/6/15
f 880/6/16 888/6/16 887/6/16
f 873/6/17 881/6/17 888/6/17
f 882/6/18 890/6/18 889/6/18
f 883/6/32 891/6/32 890/6/32
f 884/6/20 892/6/20 891/6/20
f 884/6/41 885/6/41 893/6/41
f 886/6/22 894/6/22 893/6/22
f 887/6/33 895/6/33 894/6/33
f 888/6/24 896/6/24 895/6/24
f 888/6/34 881/6/34 889/6/34
f 896/6/26 889/6/26 894/6/26
f 889/6/26 890/6/26 894/6/26
f 890/6/26 891/6/26 892/6/26
f 892/6/26 893/6/26 890/6/26
f 893/6/26 894/6/26 890/6/26
f 897/6/1 904/6/1 903/6/1
f 903/6/1 902/6/1 897/6/1
f 902/6/1 901/6/1 897/6/1
f 901/6/1 900/6/1 899/6/1
f 899/6/1 898/6/1 901/6/1
f 898/6/2 906/6/2 905/6/2
f 898/6/49 899/6/49 907/6/49
f 899/6/4 900/6/4 908/6/4
f 901/6/5 909/6/5 908/6/5
f 902/6/6 910/6/6 909/6/6
f 902/6/40 903/6/40 911/6/40
f 904/6/8 912/6/8 911/6/8
f 897/6/9 905/6/9 912/6/9
f 906/6/10 914/6/10 913/6/10
f 907/6/11 915/6/11 914/6/11
f 908/6/12 916/6/12 915/6/12
f 909/6/13 917/6/13 916/6/13
f 910/6/14 918/6/14 917/6/14
f 911/6/15 919/6/15 918/6/15
f 912/6/16 920/6/16 919/6/16
f 905/6/17 913/6/17 920/6/17
f 914/6/18 922/6/18 921/6/18
f 915/6/46 923/6/46 922/6/46
f 916/6/20 924/6/20 923/6/20
f 916/6/21 917/6/21 925/6/21
f 918/6/22 926/6/22 925/6/22
f 919/6/33 927/6/33 926/6/33
f 919/6/24 920/6/24 928/6/24
f 920/6/25 913/6/25 921/6/25
f 928/6/26 921/6/26 926/6/26
f 921/6/26 922/6/26 926/6/26
f 922/6/26 923/6/26 924/6/26
f 924/6/26 925/6/26 922/6/26
f 925/6/26 926/6/26 922/6/26
f 929/4/1 936/4/1 935/4/1
f 935/4/1 934/4/1 929/4/1
f 934/4/1 933/4/1 929/4/1
f 933/4/1 932/4/1 931/4/1
f 931/4/1 930/4/1 933/4/1
f 930/4/2 938/4/2 937/4/2
f 931/4/35 939/4/35 938/4/35
f 932/4/4 940/4/4 939/4/4
f 933/4/5 941/4/5 940/4/5
f 934/4/6 942/4/6 941/4/6
f 935/4/28 943/4/28 942/4/28
f 936/4/8 944/4/8 943/4/8
f 936/4/45 929/4/45 937/4/45
f 938/4/10 946/4/10 945/4/10
f 939/4/11 947/4/11 946/4/11
f 940/4/12 948/4/12 947/4/12
f 941/4/13 949/4/13 948/4/13
f 942/4/14 950/4/14 949/4/14
f 943/4/15 951/4/15 950/4/15
f 944/4/16 952/4/16 951/4/16
f 937/4/17 945/4/17 952/4/17
f 946/4/18 954/4/18 953/4/18
f 946/4/32 947/4/32 955/4/32
f 948/4/20 956/4/20 955/4/20
f 949/4/41 957/4/41 956/4/41
f 950/4/22 958/4/22 957/4/22
f 951/4/47 959/4/47 958/4/47
f 952/4/24 960/4/24 959/4/24
f 945/4/34 953/4/34 960/4/34
f 960/4/26 953/4/26 958/4/26
f 953/4/26 954/4/26 958/4/26
f 954/4/26 955/4/26 956/4/26
f 956/4/26 957/4/26 954/4/26
f 957/4/26 958/4/26 954/4/26
f 961/5/1 968/5/1 967/5/1
f 967/5/1 966/5/1 961/5/1
f 966/5/1 965/5/1 961/5/1
f 965/5/1 964/5/1 963/5/1
f 963/5/1 962/5/1 965/5/1
f 962/5/2 970/5/2 969/5/2
f 963/5/27 971/5/27 970/5/27
f 964/5/4 972/5/4 971/5/4
f 964/5/31 965/5/31 973/5/31
f 966/5/6 974/5/6 973/5/6
f 967/5/37 975/5/37 974/5/37
f 968/5/8 976/5/8 975/5/8
f 961/5/9 969/5/9 976/5/9
f 970/5/10 978/5/10 977/5/10
f 971/5/11 979/5/11 978/5/11
f 972/5/12 980/5/12 979/5/12
f 973/5/13 981/5/13 980/5/13
f 974/5/14 982/5/14 981/5/14
f 975/5/15 983/5/15 982/5/15
f 976/5/16 984/5/16 983/5/16
f 969/5/17 977/5/17 984/5/17
f 978/5/18 986/5/18 985/5/18
f 978/5/32 979/5/32 987/5/32
f 980/5/20 988/5/20 987/5/20
f 981/5/29 989/5/29 988/5/29
f 982/5/22 990/5/22 989/5/22
f 982/5/44 983/5/44 991/5/44
f 984/5/24 992/5/24 991/5/24
f 977/5/25 985/5/25 992/5/25
f 992/5/26 985/5/26 990/5/26
f 985/5/26 986/5/26 990/5/26
f 986/5/26 987/5/26 988/5/26
f 988/5/26 989/5/26 986/5/26
f 989/5/26 990/5/26 986/5/26
f 995/6/1 994/6/1 993/6/1
f 998/6/26 999/6/26 1000/6/26
f 994/6/10 998/6/10 997/6/10
f 995/6/12 999/6/12 998/6/12
f 996/6/14 1000/6/14 999/6/14
f 993/6/16 997/6/16 1000/6/16
f 1003/6/1 1002/6/1 1001/6/1
f 1006/6/26 1007/6/26 1008/6/26
f 1002/6/10 1006/6/10 1005/6/10
f 1003/6/12 1007/6/12 1006/6/12
f 1004/6/14 1008/6/14 1007/6/14
f 1001/6/16 1005/6/16 1008/6/16
f 1011/6/1 1010/6/1 1009/6/1
f 1014/6/26 1015/6/26 1016/6/26
f 1010/6/10 1014/6/10 1013/6/10
f 1011/6/12 1015/6/12 1014/6/12
f 1012/6/14 1016/6/14 1015/6/14
f 1009/6/16 1013/6/16 1016/6/16
f 1019/6/1 1018/6/1 1017/6/1
f 1022/6/26 1023/6/26 1024/6/26
f 1018/6/10 1022/6/10 1021/6/10
f 1019/6/12 1023/6/12 1022/6/12
f 1020/6/14 1024/6/14 1023/6/14
f 1017/6/16 1021/6/16 1024/6/16
f 1027/6/1 1026/6/1 1025/6/1
f 1030/6/26 1031/6/26 1032/6/26
f 1026/6/10 1030/6/10 1029/6/10
f 1027/6/12 1031/6/12 1030/6/12
f 1028/6/14 1032/6/14 1031/6/14
f 1025/6/16 1029/6/16 1032/6/16
f 1033/6/1 1040/6/1 1039/6/1
f 1039/6/1 1038/6/1 1033/6/1
f 1038/6/1 1037/6/1 1033/6/1
f 1037/6/1 1036/6/1 1035/6/1
f 1035/6/1 1034/6/1 1037/6/1
f 1034/6/2 1042/6/2 1041/6/2
f 1035/6/27 1043/6/27 1042/6/27
f 1036/6/4 1044/6/4 1043/6/4
f 1037/6/5 1045/6/5 1044/6/5
f 1038/6/6 1046/6/6 1045/6/6
f 1039/6/28 1047/6/28 1046/6/28
f 1040/6/8 1048/6/8 1047/6/8
f 1040/6/9 1033/6/9 1041/6/9
f 1042/6/10 1050/6/10 1049/6/10
f 1043/6/11 1051/6/11 1050/6/11
f 1044/6/12 1052/6/12 1051/6/12
f 1045/6/13 1053/6/13 1052/6/13
f 1046/6/14 1054/6/14 1053/6/14
f 1047/6/15 1055/6/15 1054/6/15
f 1048/6/16 1056/6/16 1055/6/16
f 1041/6/17 1049/6/17 1056/6/17
f 1050/6/18 1058/6/18 1057/6/18
f 1050/6/50 1051/6/50 1059/6/50
f 1052/6/20 1060/6/20 1059/6/20
f 1053/6/21 1061/6/21 1060/6/21
f 1054/6/22 1062/6/22 1061/6/22
f 1054/6/33 1055/6/33 1063/6/33
f 1056/6/24 1064/6/24 1063/6/24
f 1049/6/25 1057/6/25 1064/6/25
f 1064/6/26 1057/6/26 1062/6/26
f 1057/6/26 1058/6/26 1062/6/26
f 1058/6/26 1059/6/26 1060/6/26
f 1060/6/26 1061/6/26 1058/6/26
f 1061/6/26 1062/6/26 1058/6/26
f 1065/4/1 1072/4/1 1071/4/1
f 1071/4/1 1070/4/1 1065/4/1
f 1070/4/1 1069/4/1 1065/4/1
f 1069/4/1 1068/4/1 1067/4/1
f 1067/4/1 1066/4/1 1069/4/1
f 1066/4/2 1074/4/2 1073/4/2
f 1067/4/3 1075/4/3 1074/4/3
f 1068/4/4 1076/4/4 1075/4/4
f 1068/4/5 1069/4/5 1077/4/5
f 1070/4/6 1078/4/6 1077/4/6
f 1071/4/7 1079/4/7 1078/4/7
f 1072/4/8 1080/4/8 1079/4/8
f 1065/4/42 1073/4/42 1080/4/42
f 1074/4/10 1082/4/10 1081/4/10
f 1075/4/11 1083/4/11 1082/4/11
f 1076/4/12 1084/4/12 1083/4/12
f 1077/4/13 1085/4/13 1084/4/13
f 1078/4/14 1086/4/14 1085/4/14
f 1079/4/15 1087/4/15 1086/4/15
f 1080/4/16 1088/4/16 1087/4/16
f 1073/4/17 1081/4/17 1088/4/17
f 1082/4/18 1090/4/18 1089/4/18
f 1083/4/46 1091/4/46 1090/4/46
f 1084/4/20 1092/4/20 1091/4/20
f 1085/4/41 1093/4/41 1092/4/41
f 1086/4/22 1094/4/22 1093/4/22
f 1087/4/23 1095/4/23 1094/4/23
f 1088/4/24 1096/4/24 1095/4/24
f 1088/4/34 1081/4/34 1089/4/34
f 1096/4/26 1089/4/26 1094/4/26
f 1089/4/26 1090/4/26 1094/4/26
f 1090/4/26 1091/4/26 1092/4/26
f 1092/4/26 1093/4/26 1090/4/26
f 1093/4/26 1094/4/26 1090/4/26
f 1097/7/1 1104/7/1 1099/7/1
f 1104/7/1 1103/7/1 1099/7/1
f 1103/7/1 1102/7/1 1101/7/1
f 1101/7/1 1100/7/1 1103/7/1
f 1100/7/1 1099/7/1 1103/7/1
f 1097/7/2 1098/7/2 1106/7/2
f 1099/7/3 1107/7/3 1106/7/3
f 1100/7/4 1108/7/4 1107/7/4
f 1101/7/5 1109/7/5 1108/7/5
f 1102/7/6 1110/7/6 1109/7/6
f 1103/7/28 1111/7/28 1110/7/28
f 1104/7/8 1112/7/8 1111/7/8
f 1097/7/9 1105/7/9 1112/7/9
f 1106/7/10 1114/7/10 1113/7/10
f 1107/7/11 1115/7/11 1114/7/11
f 1108/7/12 1116/7/12 1115/7/12
f 1109/7/13 1117/7/13 1116/7/13
f 1110/7/14 1118/7/14 1117/7/14
f 1111/7/15 1119/7/15 1118/7/15
f 1112/7/16 1120/7/16 1119/7/16
f 1105/7/17 1113/7/17 1120/7/17
f 1114/7/18 1122/7/18 1121/7/18
f 1114/7/19 1115/7/19 1123/7/19
f 1116/7/20 1124/7/20 1123/7/20
f 1117/7/21 1125/7/21 1124/7/21
f 1117/7/22 1118/7/22 1126/7/22
f 1118/7/47 1119/7/47 1127/7/47
f 1120/7/24 1128/7/24 1127/7/24
f 1113/7/48 1121/7/48 1128/7/48
f 1128/7/26 1121/7/26 1122/7/26
f 1122/7/26 1123/7/26 1128/7/26
f 1123/7/26 1124/7/26 1128/7/26
f 1124/7/26 1125/7/26 1126/7/26
f 1126/7/26 1127/7/26 1124/7/26
f 1129/7/1 1136/7/1 1131/7/1
f 1136/7/1 1135/7/1 1131/7/1
f 1135/7/1 1134/7/1 1133/7/1
f 1133/7/1 1132/7/1 1135/7/1
f 1132/7/1 1131/7/1 1135/7/1
f 1130/7/2 1138/7/2 1137/7/2
f 1130/7/35 1131/7/35 1139/7/35
f 1132/7/4 1140/7/4 1139/7/4
f 1133/7/5 1141/7/5 1140/7/5
f 1134/7/6 1142/7/6 1141/7/6
f 1134/7/37 1135/7/37 1143/7/37
f 1136/7/8 1144/7/8 1143/7/8
f 1129/7/45 1137/7/45 1144/7/45
f 1138/7/10 1146/7/10 1145/7/10
f 1139/7/11 1147/7/11 1146/7/11
f 1140/7/12 1148/7/12 1147/7/12
f 1141/7/13 1149/7/13 1148/7/13
f 1142/7/14 1150/7/14 1149/7/14
f 1143/7/15 1151/7/15 1150/7/15
f 1144/7/16 1152/7/16 1151/7/16
f 1137/7/17 1145/7/17 1152/7/17
f 1146/7/18 1154/7/18 1153/7/18
f 1147/7/32 1155/7/32 1154/7/32
f 1148/7/20 1156/7/20 1155/7/20
f 1149/7/21 1157/7/21 1156/7/21
f 1150/7/22 1158/7/22 1157/7/22
f 1151/7/33 1159/7/33 1158/7/33
f 1151/7/24 1152/7/24 1160/7/24
f 1152/7/25 1145/7/25 1153/7/25
f 1160/7/26 1153/7/26 1154/7/26
f 1154/7/26 1155/7/26 1160/7/26
f 1155/7/26 1156/7/26 1160/7/26
f 1156/7/26 1157/7/26 1158/7/26
f 1158/7/26 1159/7/26 1156/7/26
f 1161/7/1 1168/7/1 1167/7/1
f 1167/7/1 1166/7/1 1161/7/1
f 1166/7/1 1165/7/1 1161/7/1
f 1165/7/1 1164/7/1 1163/7/1
f 1163/7/1 1162/7/1 1165/7/1
f 1161/7/2 1162/7/2 1170/7/2
f 1162/7/27 1163/7/27 1171/7/27
f 1164/7/4 1172/7/4 1171/7/4
f 1165/7/5 1173/7/5 1172/7/5
f 1166/7/6 1174/7/6 1173/7/6
f 1166/7/28 1167/7/28 1175/7/28
f 1168/7/8 1176/7/8 1175/7/8
f 1161/7/9 1169/7/9 1176/7/9
f 1170/7/10 1178/7/10 1177/7/10
f 1171/7/11 1179/7/11 1178/7/11
f 1172/7/12 1180/7/12 1179/7/12
f 1173/7/13 1181/7/13 1180/7/13
f 1174/7/14 1182/7/14 1181/7/14
f 1175/7/15 1183/7/15 1182/7/15
f 1176/7/16 1184/7/16 1183/7/16
f 1169/7/17 1177/7/17 1184/7/17
f 1178/7/18 1186/7/18 1185/7/18
f 1179/7/46 1187/7/46 1186/7/46
f 1180/7/20 1188/7/20 1187/7/20
f 1180/7/21 1181/7/21 1189/7/21
f 1181/7/22 1182/7/22 1190/7/22
f 1183/7/33 1191/7/33 1190/7/33
f 1184/7/24 1192/7/24 1191/7/24
f 1177/7/48 1185/7/48 1192/7/48
f 1192/7/26 1185/7/26 1190/7/26
f 1185/7/26 1186/7/26 1190/7/26
f 1186/7/26 1187/7/26 1188/7/26
f 1188/7/26 1189/7/26 1186/7/26
f 1189/7/26 1190/7/26 1186/7/26
f 1193/6/1 1200/6/1 1199/6/1
f 1199/6/1 1198/6/1 1193/6/1
f 1198/6/1 1197/6/1 1193/6/1
f 1197/6/1 1196/6/1 1195/6/1
f 1195/6/1 1194/6/1 1197/6/1
f 1194/6/2 1202/6/2 1201/6/2
f 1195/6/27 1203/6/27 1202/6/27
f 1196/6/4 1204/6/4 1203/6/4
f 1196/6/5 1197/6/5 1205/6/5
f 1198/6/6 1206/6/6 1205/6/6
f 1198/6/28 1199/6/28 1207/6/28
f 1200/6/8 1208/6/8 1207/6/8
f 1200/6/38 1193/6/38 1201/6/38
f 1202/6/10 1210/6/10 1209/6/10
f 1203/6/11 1211/6/11 1210/6/11
f 1204/6/12 1212/6/12 1211/6/12
f 1205/6/13 1213/6/13 1212/6/13
f 1206/6/14 1214/6/14 1213/6/14
f 1207/6/15 1215/6/15 1214/6/15
f 1208/6/16 1216/6/16 1215/6/16
f 1201/6/17 1209/6/17 1216/6/17
f 1210/6/18 1218/6/18 1217/6/18
f 1211/6/19 1219/6/19 1218/6/19
f 1212/6/20 1220/6/20 1219/6/20
f 1213/6/21 1221/6/21 1220/6/21
f 1214/6/22 1222/6/22 1221/6/22
f 1214/6/33 1215/6/33 1223/6/33
f 1216/6/24 1224/6/24 1223/6/24
f 1209/6/30 1217/6/30 1224/6/30
f 1224/6/26 1217/6/26 1222/6/26
f 1217/6/26 1218/6/26 1222/6/26
f 1218/6/26 1219/6/26 1220/6/26
f 1220/6/26 1221/6/26 1218/6/26
f 1221/6/26 1222/6/26 1218/6/26
f 1225/4/1 1232/4/1 1231/4/1
f 1231/4/1 1230/4/1 1225/4/1
f 1230/4/1 1229/4/1 1225/4/1
f 1229/4/1 1228/4/1 1227/4/1
f 1227/4/1 1226/4/1 1229/4/1
f 1225/4/2 1226/4/2 1234/4/2
f 1226/4/27 1227/4/27 1235/4/27
f 1228/4/4 1236/4/4 1235/4/4
f 1228/4/39 1229/4/39 1237/4/39
f 1230/4/6 1238/4/6 1237/4/6
f 1231/4/7 1239/4/7 1238/4/7
f 1232/4/8 1240/4/8 1239/4/8
f 1225/4/42 1233/4/42 1240/4/42
f 1234/4/10 1242/4/10 1241/4/10
f 1235/4/11 1243/4/11 1242/4/11
f 1236/4/12 1244/4/12 1243/4/12
f 1237/4/13 1245/4/13 1244/4/13
f 1238/4/14 1246/4/14 1245/4/14
f 1239/4/15 1247/4/15 1246/4/15
f 1240/4/16 1248/4/16 1247/4/16
f 1233/4/17 1241/4/17 1248/4/17
f 1242/4/18 1250/4/18 1249/4/18
f 1243/4/46 1251/4/46 1250/4/46
f 1244/4/20 1252/4/20 1251/4/20
f 1245/4/41 1253/4/41 1252/4/41
f 1246/4/22 1254/4/22 1253/4/22
f 1247/4/47 1255/4/47 1254/4/47
f 1248/4/24 1256/4/24 1255/4/24
f 1248/4/34 1241/4/34 1249/4/34
f 1256/4/26 1249/4/26 1254/4/26
f 1249/4/26 1250/4/26 1254/4/26
f 1250/4/26 1251/4/26 1252/4/26
f 1252/4/26 1253/4/26 1250/4/26
f 1253/4/26 1254/4/26 1250/4/26
f 1257/7/1 1264/7/1 1259/7/1
f 1264/7/1 1263/7/1 1259/7/1
f 1263/7/1 1262/7/1 1261/7/1
f 1261/7/1 1260/7/1 1263/7/1
f 1260/7/1 1259/7/1 1263/7/1
f 1258/7/2 1266/7/2 1265/7/2
f 1259/7/27 1267/7/27 1266/7/27
f 1260/7/4 1268/7/4 1267/7/4
f 1260/7/39 1261/7/39 1269/7/39
f 1261/7/6 1262/7/6 1270/7/6
f 1263/7/7 1271/7/7 1270/7/7
f 1264/7/8 1272/7/8 1271/7/8
f 1264/7/38 1257/7/38 1265/7/38
f 1266/7/10 1274/7/10 1273/7/10
f 1267/7/11 1275/7/11 1274/7/11
f 1268/7/12 1276/7/12 1275/7/12
f 1269/7/13 1277/7/13 1276/7/13
f 1270/7/14 1278/7/14 1277/7/14
f 1271/7/15 1279/7/15 1278/7/15
f 1272/7/16 1280/7/16 1279/7/16
f 1265/7/17 1273/7/17 1280/7/17
f 1273/7/18 1274/7/18 1282/7/18
f 1275/7/50 1283/7/50 1282/7/50
f 1276/7/20 1284/7/20 1283/7/20
f 1277/7/43 1285/7/43 1284/7/43
f 1278/7/22 1286/7/22 1285/7/22
f 1279/7/33 1287/7/33 1286/7/33
f 1280/7/24 1288/7/24 1287/7/24
f 1273/7/25 1281/7/25 1288/7/25
f 1288/7/26 1281/7/26 1282/7/26
f 1282/7/26 1283/7/26 1288/7/26
f 1283/7/26 1284/7/26 1288/7/26
f 1284/7/26 1285/7/26 1286/7/26
f 1286/7/26 1287/7/26 1284/7/26
f 1289/7/1 1296/7/1 1291/7/1
f 1296/7/1 1295/7/1 1291/7/1
f 1295/7/1 1294/7/1 1293/7/1
f 1293/7/1 1292/7/1 1295/7/1
f 1292/7/1 1291/7/1 1295/7/1
f 1290/7/2 1298/7/2 1297/7/2
f 1290/7/35 1291/7/35 1299/7/35
f 1292/7/4 1300/7/4 1299/7/4
f 1293/7/31 1301/7/31 1300/7/31
f 1294/7/6 1302/7/6 1301/7/6
f 1295/7/28 1303/7/28 1302/7/28
f 1296/7/8 1304/7/8 1303/7/8
f 1289/7/9 1297/7/9 1304/7/9
f 1298/7/10 1306/7/10 1305/7/10
f 1299/7/11 1307/7/11 1306/7/11
f 1300/7/12 1308/7/12 1307/7/12
f 1301/7/13 1309/7/13 1308/7/13
f 1302/7/14 1310/7/14 1309/7/14
f 1303/7/15 1311/7/15 1310/7/15
f 1304/7/16 1312/7/16 1311/7/16
f 1297/7/17 1305/7/17 1312/7/17
f 1306/7/18 1314/7/18 1313/7/18
f 1307/7/32 1315/7/32 1314/7/32
f 1307/7/20 1308/7/20 1316/7/20
f 1308/7/21 1309/7/21 1317/7/21
f 1310/7/22 1318/7/22 1317/7/22
f 1311/7/33 1319/7/33 1318/7/33
f 1312/7/24 1320/7/24 1319/7/24
f 1312/7/30 1305/7/30 1313/7/30
f 1320/7/26 1313/7/26 1314/7/26
f 1314/7/26 1315/7/26 1320/7/26
f 1315/7/26 1316/7/26 1320/7/26
f 1316/7/26 1317/7/26 1318/7/26
f 1318/7/26 1319/7/26 1316/7/26
f 1321/7/1 1328/7/1 1327/7/1
f 1327/7/1 1326/7/1 1321/7/1
f 1326/7/1 1325/7/1 1321/7/1
f 1325/7/1 1324/7/1 1323/7/1
f 1323/7/1 1322/7/1 1325/7/1
f 1322/7/2 1330/7/2 1329/7/2
f 1323/7/27 1331/7/27 1330/7/27
f 1324/7/4 1332/7/4 1331/7/4
f 1325/7/39 1333/7/39 1332/7/39
f 1326/7/6 1334/7/6 1333/7/6
f 1326/7/28 1327/7/28 1335/7/28
f 1328/7/8 1336/7/8 1335/7/8
f 1321/7/9 1329/7/9 1336/7/9
f 1330/7/10 1338/7/10 1337/7/10
f 1331/7/11 1339/7/11 1338/7/11
f 1332/7/12 1340/7/12 1339/7/12
f 1333/7/13 1341/7/13 1340/7/13
f 1334/7/14 1342/7/14 1341/7/14
f 1335/7/15 1343/7/15 1342/7/15
f 1336/7/16 1344/7/16 1343/7/16
f 1329/7/17 1337/7/17 1344/7/17
f 1338/7/18 1346/7/18 1345/7/18
f 1339/7/32 1347/7/32 1346/7/32
f 1340/7/20 1348/7/20 1347/7/20
f 1340/7/41 1341/7/41 1349/7/41
f 1342/7/22 1350/7/22 1349/7/22
f 1343/7/47 1351/7/47 1350/7/47
f 1344/7/24 1352/7/24 1351/7/24
f 1344/7/25 1337/7/25 1345/7/25
f 1352/7/26 1345/7/26 1350/7/26
f 1345/7/26 1346/7/26 1350/7/26
f 1346/7/26 1347/7/26 1348/7/26
f 1348/7/26 1349/7/26 1346/7/26
f 1349/7/26 1350/7/26 1346/7/26
f 1353/7/1 1360/7/1 1359/7/1
f 1359/7/1 1358/7/1 1357/7/1
f 1357/7/1 1356/7/1 1355/7/1
f 1355/7/1 1354/7/1 1353/7/1
f 1353/7/1 1359/7/1 1355/7/1
f 1354/7/2 1362/7/2 1361/7/2
f 1355/7/3 1363/7/3 1362/7/3
f 1355/7/4 1356/7/4 1364/7/4
f 1356/7/39 1357/7/39 1365/7/39
f 1357/7/6 1358/7/6 1366/7/6
f 1358/7/40 1359/7/40 1367/7/40
f 1359/7/8 1360/7/8 1368/7/8
f 1353/7/45 1361/7/45 1368/7/45
f 1362/7/10 1370/7/10 1369/7/10
f 1363/7/11 1371/7/11 1370/7/11
f 1364/7/12 1372/7/12 1371/7/12
f 1365/7/13 1373/7/13 1372/7/13
f 1366/7/14 1374/7/14 1373/7/14
f 1367/7/15 1375/7/15 1374/7/15
f 1368/7/16 1376/7/16 1375/7/16
f 1361/7/17 1369/7/17 1376/7/17
f 1369/7/18 1370/7/18 1378/7/18
f 1370/7/19 1371/7/19 1379/7/19
f 1372/7/20 1380/7/20 1379/7/20
f 1373/7/43 1381/7/43 1380/7/43
f 1374/7/22 1382/7/22 1381/7/22
f 1375/7/44 1383/7/44 1382/7/44
f 1376/7/24 1384/7/24 1383/7/24
f 1369/7/34 1377/7/34 1384/7/34
f 1384/7/26 1377/7/26 1378/7/26
f 1378/7/26 1379/7/26 1380/7/26
f 1380/7/26 1381/7/26 1382/7/26
f 1382/7/26 1383/7/26 1384/7/26
f 1384/7/26 1378/7/26 1380/7/26
f 1387/6/1 1386/6/1 1385/6/1
f 1390/6/26 1391/6/26 1392/6/26
f 1386/6/10 1390/6/10 1389/6/10
f 1387/6/12 1391/6/12 1390/6/12
f 1388/6/14 1392/6/14 1391/6/14
f 1385/6/16 1389/6/16 1392/6/16
f 1393/7/1 1400/7/1 1399/7/1
f 1399/7/1 1398/7/1 1397/7/1
f 1397/7/1 1396/7/1 1395/7/1
f 1395/7/1 1394/7/1 1393/7/1
f 1393/7/1 1399/7/1 1395/7/1
f 1393/7/2 1394/7/2 1402/7/2
f 1394/7/49 1395/7/49 1403/7/49
f 1395/7/4 1396/7/4 1404/7/4
f 1396/7/36 1397/7/36 1405/7/36
f 1398/7/6 1406/7/6 1405/7/6
f 1399/7/7 1407/7/7 1406/7/7
f 1399/7/8 1400/7/8 1408/7/8
f 1400/7/42 1393/7/42 1401/7/42
f 1402/7/10 1410/7/10 1409/7/10
f 1403/7/11 1411/7/11 1410/7/11
f 1404/7/12 1412/7/12 1411/7/12
f 1405/7/13 1413/7/13 1412/7/13
f 1406/7/14 1414/7/14 1413/7/14
f 1407/7/15 1415/7/15 1414/7/15
f 1408/7/16 1416/7/16 1415/7/16
f 1401/7/17 1409/7/17 1416/7/17
f 1410/7/18 1418/7/18 1417/7/18
f 1411/7/50 1419/7/50 1418/7/50
f 1412/7/20 1420/7/20 1419/7/20
f 1412/7/29 1413/7/29 1421/7/29
f 1413/7/22 1414/7/22 1422/7/22
f 1414/7/23 1415/7/23 1423/7/23
f 1416/7/24 1424/7/24 1423/7/24
f 1409/7/34 1417/7/34 1424/7/34
f 1424/7/26 1417/7/26 1418/7/26
f 1418/7/26 1419/7/26 1420/7/26
f 1420/7/26 1421/7/26 1422/7/26
f 1422/7/26 1423/7/26 1424/7/26
f 1424/7/26 1418/7/26 1420/7/26
f 1427/6/1 1426/6/1 1425/6/1
f 1430/6/26 1431/6/26 1432/6/26
f 1426/6/10 1430/6/10 1429/6/10
f 1427/6/12 1431/6/12 1430/6/12
f 1428/6/14 1432/6/14 1431/6/14
f 1425/6/16 1429/6/16 1432/6/16
f 1433/7/1 1440/7/1 1439/7/1
f 1439/7/1 1438/7/1 1433/7/1
f 1438/7/1 1437/7/1 1433/7/1
f 1437/7/1 1436/7/1 1435/7/1
f 1435/7/1 1434/7/1 1437/7/1
f 1434/7/2 1442/7/2 1441/7/2
f 1434/7/35 1435/7/35 1443/7/35
f 1435/7/4 1436/7/4 1444/7/4
f 1436/7/31 1437/7/31 1445/7/31
f 1438/7/6 1446/7/6 1445/7/6
f 1438/7/40 1439/7/40 1447/7/40
f 1440/7/8 1448/7/8 1447/7/8
f 1433/7/45 1441/7/45 1448/7/45
f 1442/7/10 1450/7/10 1449/7/10
f 1443/7/11 1451/7/11 1450/7/11
f 1444/7/12 1452/7/12 1451/7/12
f 1445/7/13 1453/7/13 1452/7/13
f 1446/7/14 1454/7/14 1453/7/14
f 1447/7/15 1455/7/15 1454/7/15
f 1448/7/16 1456/7/16 1455/7/16
f 1441/7/17 1449/7/17 1456/7/17
f 1450/7/18 1458/7/18 1457/7/18
f 1451/7/32 1459/7/32 1458/7/32
f 1452/7/20 1460/7/20 1459/7/20
f 1452/7/29 1453/7/29 1461/7/29
f 1454/7/22 1462/7/22 1461/7/22
f 1455/7/44 1463/7/44 1462/7/44
f 1455/7/24 1456/7/24 1464/7/24
f 1456/7/30 1449/7/30 1457/7/30
f 1464/7/26 1457/7/26 1458/7/26
f 1458/7/26 1459/7/26 1460/7/26
f 1460/7/26 1461/7/26 1462/7/26
f 1462/7/26 1463/7/26 1464/7/26
f 1464/7/26 1458/7/26 1462/7/26
f 1467/6/1 1466/6/1 1465/6/1
f 1470/6/26 1471/6/26 1472/6/26
f 1466/6/10 1470/6/10 1469/6/10
f 1467/6/12 1471/6/12 1470/6/12
f 1468/6/14 1472/6/14 1471/6/14
f 1465/6/16 1469/6/16 1472/6/16
f 1473/7/1 1480/7/1 1475/7/1
f 1480/7/1 1479/7/1 1475/7/1
f 1479/7/1 1478/7/1 1477/7/1
f 1477/7/1 1476/7/1 1479/7/1
f 1476/7/1 1475/7/1 1479/7/1
f 1474/7/2 1482/7/2 1481/7/2
f 1475/7/35 1483/7/35 1482/7/35
f 1475/7/4 1476/7/4 1484/7/4
f 1476/7/31 1477/7/31 1485/7/31
f 1478/7/6 1486/7/6 1485/7/6
f 1479/7/37 1487/7/37 1486/7/37
f 1480/7/8 1488/7/8 1487/7/8
f 1480/7/45 1473/7/45 1481/7/45
f 1482/7/10 1490/7/10 1489/7/10
f 1483/7/11 1491/7/11 1490/7/11
f 1484/7/12 1492/7/12 1491/7/12
f 1485/7/13 1493/7/13 1492/7/13
f 1486/7/14 1494/7/14 1493/7/14
f 1487/7/15 1495/7/15 1494/7/15
f 1488/7/16 1496/7/16 1495/7/16
f 1481/7/17 1489/7/17 1496/7/17
f 1490/7/18 1498/7/18 1497/7/18
f 1490/7/32 1491/7/32 1499/7/32
f 1492/7/20 1500/7/20 1499/7/20
f 1493/7/21 1501/7/21 1500/7/21
f 1494/7/22 1502/7/22 1501/7/22
f 1494/7/33 1495/7/33 1503/7/33
f 1495/7/24 1496/7/24 1504/7/24
f 1489/7/30 1497/7/30 1504/7/30
f 1504/7/26 1497/7/26 1498/7/26
f 1498/7/26 1499/7/26 1504/7/26
f 1499/7/26 1500/7/26 1504/7/26
f 1500/7/26 1501/7/26 1502/7/26
f 1502/7/26 1503/7/26 1500/7/26
f 1505/2/1 1512/2/1 1507/2/1
f 1512/2/1 1511/2/1 1507/2/1
f 1511/2/1 1510/2/1 1509/2/1
f 1509/2/1 1508/2/1 1511/2/1
f 1508/2/1 1507/2/1 1511/2/1
f 1506/2/2 1514/2/2 1513/2/2
f 1507/2/27 1515/2/27 1514/2/27
f 1507/2/4 1508/2/4 1516/2/4
f 1509/2/36 1517/2/36 1516/2/36
f 1510/2/6 1518/2/6 1517/2/6
f 1511/2/28 1519/2/28 1518/2/28
f 1512/2/8 1520/2/8 1519/2/8
f 1512/2/9 1505/2/9 1513/2/9
f 1514/2/10 1522/2/10 1521/2/10
f 1515/2/11 1523/2/11 1522/2/11
f 1516/2/12 1524/2/12 1523/2/12
f 1517/2/13 1525/2/13 1524/2/13
f 1518/2/14 1526/2/14 1525/2/14
f 1519/2/15 1527/2/15 1526/2/15
f 1520/2/16 1528/2/16 1527/2/16
f 1513/2/17 1521/2/17 1528/2/17
f 1522/2/18 1530/2/18 1529/2/18
f 1522/2/32 1523/2/32 1531/2/32
f 1524/2/20 1532/2/20 1531/2/20
f 1525/2/21 1533/2/21 1532/2/21
f 1526/2/22 1534/2/22 1533/2/22
f 1527/2/33 1535/2/33 1534/2/33
f 1528/2/24 1536/2/24 1535/2/24
f 1521/2/30 1529/2/30 1536/2/30
f 1536/2/26 1529/2/26 1530/2/26
f 1530/2/26 1531/2/26 1536/2/26
f 1531/2/26 1532/2/26 1536/2/26
f 1532/2/26 1533/2/26 1534/2/26
f 1534/2/26 1535/2/26 1532/2/26
f 1537/2/1 1544/2/1 1539/2/1
f 1544/2/1 1543/2/1 1539/2/1
f 1543/2/1 1542/2/1 1541/2/1
f 1541/2/1 1540/2/1 1543/2/1
f 1540/2/1 1539/2/1 1543/2/1
f 1537/2/2 1538/2/2 1546/2/2
f 1539/2/49 1547/2/49 1546/2/49
f 1540/2/4 1548/2/4 1547/2/4
f 1541/2/39 1549/2/39 1548/2/39
f 1542/2/6 1550/2/6 1549/2/6
f 1542/2/28 1543/2/28 1551/2/28
f 1544/2/8 1552/2/8 1551/2/8
f 1544/2/42 1537/2/42 1545/2/42
f 1546/2/10 1554/2/10 1553/2/10
f 1547/2/11 1555/2/11 1554/2/11
f 1548/2/12 1556/2/12 1555/2/12
f 1549/2/13 1557/2/13 1556/2/13
f 1550/2/14 1558/2/14 1557/2/14
f 1551/2/15 1559/2/15 1558/2/15
f 1552/2/16 1560/2/16 1559/2/16
f 1545/2/17 1553/2/17 1560/2/17
f 1554/2/18 1562/2/18 1561/2/18
f 1555/2/32 1563/2/32 1562/2/32
f 1556/2/20 1564/2/20 1563/2/20
f 1556/2/41 1557/2/41 1565/2/41
f 1558/2/22 1566/2/22 1565/2/22
f 1559/2/33 1567/2/33 1566/2/33
f 1560/2/24 1568/2/24 1567/2/24
f 1553/2/34 1561/2/34 1568/2/34
f 1568/2/26 1561/2/26 1562/2/26
f 1562/2/26 1563/2/26 1568/2/26
f 1563/2/26 1564/2/26 1568/2/26
f 1564/2/26 1565/2/26 1566/2/26
f 1566/2/26 1567/2/26 1564/2/26
f 1569/2/1 1576/2/1 1571/2/1
f 1576/2/1 1575/2/1 1571/2/1
f 1575/2/1 1574/2/1 1573/2/1
f 1573/2/1 1572/2/1 1575/2/1
f 1572/2/1 1571/2/1 1575/2/1
f 1570/2/2 1578/2/2 1577/2/2
f 1571/2/49 1579/2/49 1578/2/49
f 1572/2/4 1580/2/4 1579/2/4
f 1573/2/5 1581/2/5 1580/2/5
f 1574/2/6 1582/2/6 1581/2/6
f 1574/2/28 1575/2/28 1583/2/28
f 1576/2/8 1584/2/8 1583/2/8
f 1569/2/42 1577/2/42 1584/2/42
f 1578/2/10 1586/2/10 1585/2/10
f 1579/2/11 1587/2/11 1586/2/11
f 1580/2/12 1588/2/12 1587/2/12
f 1581/2/13 1589/2/13 1588/2/13
f 1582/2/14 1590/2/14 1589/2/14
f 1583/2/15 1591/2/15 1590/2/15
f 1584/2/16 1592/2/16 1591/2/16
f 1577/2/17 1585/2/17 1592/2/17
f 1586/2/18 1594/2/18 1593/2/18
f 1586/2/19 1587/2/19 1595/2/19
f 1588/2/20 1596/2/20 1595/2/20
f 1588/2/21 1589/2/21 1597/2/21
f 1590/2/22 1598/2/22 1597/2/22
f 1591/2/33 1599/2/33 1598/2/33
f 1592/2/24 1600/2/24 1599/2/24
f 1585/2/25 1593/2/25 1600/2/25
f 1600/2/26 1593/2/26 1594/2/26
f 1594/2/26 1595/2/26 1600/2/26
f 1595/2/26 1596/2/26 1600/2/26
f 1596/2/26 1597/2/26 1598/2/26
f 1598/2/26 1599/2/26 1596/2/26
f 1603/7/1 1602/7/1 1601/7/1
f 1606/7/26 1607/7/26 1608/7/26
f 1602/7/10 1606/7/10 1605/7/10
f 1603/7/12 1607/7/12 1606/7/12
f 1604/7/14 1608/7/14 1607/7/14
f 1601/7/16 1605/7/16 1608/7/16
f 1611/7/1 1610/7/1 1609/7/1
f 1614/7/26 1615/7/26 1616/7/26
f 1610/7/10 1614/7/10 1613/7/10
f 1611/7/12 1615/7/12 1614/7/12
f 1612/7/14 1616/7/14 1615/7/14
f 1609/7/16 1613/7/16 1616/7/16
f 1619/7/1 1618/7/1 1617/7/1
f 1622/7/26 1623/7/26 1624/7/26
f 1618/7/10 1622/7/10 1621/7/10
f 1619/7/12 1623/7/12 1622/7/12
f 1620/7/14 1624/7/14 1623/7/14
f 1617/7/16 1621/7/16 1624/7/16
f 1627/2/1 1626/2/1 1625/2/1
f 1630/2/26 1631/2/26 1632/2/26
f 1626/2/10 1630/2/10 1629/2/10
f 1627/2/12 1631/2/12 1630/2/12
f 1628/2/14 1632/2/14 1631/2/14
f 1625/2/16 1629/2/16 1632/2/16
f 1635/2/1 1634/2/1 1633/2/1
f 1638/2/26 1639/2/26 1640/2/26
f 1634/2/10 1638/2/10 1637/2/10
f 1635/2/12 1639/2/12 1638/2/12
f 1636/2/14 1640/2/14 1639/2/14
f 1633/2/16 1637/2/16 1640/2/16
f 1644/5/51 1643/5/51 1642/5/51
f 1642/5/52 1646/5/52 1645/5/52
f 1642/5/53 1643/5/53 1647/5/53
f 1644/5/54 1648/5/54 1647/5/54
f 1641/5/55 1645/5/55 1648/5/55
f 1645/5/56 1646/5/56 1647/5/56
f 1651/8/1 1650/8/1 1649/8/1
f 1654/8/26 1655/8/26 1656/8/26
f 1650/8/10 1654/8/10 1653/8/10
f 1651/8/12 1655/8/12 1654/8/12
f 1652/8/14 1656/8/14 1655/8/14
f 1649/8/16 1653/8/16 1656/8/16
f 1659/7/1 1658/7/1 1657/7/1
f 1662/7/26 1663/7/26 1664/7/26
f 1658/7/10 1662/7/10 1661/7/10
f 1659/7/12 1663/7/12 1662/7/12
f 1660/7/14 1664/7/14 1663/7/14
f 1657/7/16 1661/7/16 1664/7/16
f 1667/7/1 1666/7/1 1665/7/1
f 1670/7/26 1671/7/26 1672/7/26
f 1666/7/10 1670/7/10 1669/7/10
f 1667/7/12 1671/7/12 1670/7/12
f 1668/7/14 1672/7/14 1671/7/14
f 1665/7/16 1669/7/16 1672/7/16
f 1675/7/1 1674/7/1 1673/7/1
f 1678/7/26 1679/7/26 1680/7/26
f 1674/7/10 1678/7/10 1677/7/10
f 1675/7/12 1679/7/12 1678/7/12
f 1676/7/14 1680/7/14 1679/7/14
f 1673/7/16 1677/7/16 1680/7/16
f 1683/2/1 1682/2/1 1681/2/1
f 1686/2/26 1687/2/26 1688/2/26
f 1682/2/10 1686/2/10 1685/2/10
f 1683/2/12 1687/2/12 1686/2/12
f 1684/2/14 1688/2/14 1687/2/14
f 1681/2/16 1685/2/16 1688/2/16
f 1691/2/1 1690/2/1 1689/2/1
f 1694/2/26 1695/2/26 1696/2/26
f 1690/2/10 1694/2/10 1693/2/10
f 1691/2/12 1695/2/12 1694/2/12
f 1692/2/14 1696/2/14 1695/2/14
f 1689/2/16 1693/2/16 1696/2/16
f 1700/5/51 1699/5/51 1698/5/51
f 1698/5/52 1702/5/52 1701/5/52
f 1698/5/53 1699/5/53 1703/5/53
f 1699/5/54 1700/5/54 1704/5/54
f 1697/5/55 1701/5/55 1704/5/55
f 1702/5/56 1703/5/56 1704/5/56
f 1707/8/1 1706/8/1 1705/8/1
f 1710/8/26 1711/8/26 1712/8/26
f 1706/8/10 1710/8/10 1709/8/10
f 1707/8/12 1711/8/12 1710/8/12
f 1708/8/14 1712/8/14 1711/8/14
f 1705/8/16 1709/8/16 1712/8/16
f 1715/7/1 1714/7/1 1713/7/1
f 1718/7/26 1719/7/26 1720/7/26
f 1714/7/10 1718/7/10 1717/7/10
f 1715/7/12 1719/7/12 1718/7/12
f 1716/7/14 1720/7/14 1719/7/14
f 1713/7/16 1717/7/16 1720/7/16
f 1723/6/1 1722/6/1 1721/6/1
f 1726/6/26 1727/6/26 1728/6/26
f 1722/6/10 1726/6/10 1725/6/10
f 1723/6/12 1727/6/12 1726/6/12
f 1724/6/14 1728/6/14 1727/6/14
f 1721/6/16 1725/6/16 1728/6/16
f 1731/7/1 1730/7/1 1729/7/1
f 1734/7/26 1735/7/26 1736/7/26
f 1730/7/10 1734/7/10 1733/7/10
f 1731/7/12 1735/7/12 1734/7/12
f 1732/7/14 1736/7/14 1735/7/14
f 1729/7/16 1733/7/16 1736/7/16
f 1739/6/1 1738/6/1 1737/6/1
f 1742/6/26 1743/6/26 1744/6/26
f 1738/6/10 1742/6/10 1741/6/10
f 1739/6/12 1743/6/12 1742/6/12
f 1740/6/14 1744/6/14 1743/6/14
f 1737/6/16 1741/6/16 1744/6/16
f 1747/7/1 1746/7/1 1745/7/1
f 1750/7/26 1751/7/26 1752/7/26
f 1746/7/10 1750/7/10 1749/7/10
f 1747/7/12 1751/7/12 1750/7/12
f 1748/7/14 1752/7/14 1751/7/14
f 1745/7/16 1749/7/16 1752/7/16
f 1755/6/1 1754/6/1 1753/6/1
f 1758/6/26 1759/6/26 1760/6/26
f 1754/6/10 1758/6/10 1757/6/10
f 1755/6/12 1759/6/12 1758/6/12
f 1756/6/14 1760/6/14 1759/6/14
f 1753/6/16 1757/6/16 1760/6/16
f 1763/7/1 1762/7/1 1761/7/1
f 1766/7/26 1767/7/26 1768/7/26
f 1762/7/10 1766/7/10 1765/7/10
f 1763/7/12 1767/7/12 1766/7/12
f 1764/7/14 1768/7/14 1767/7/14
f 1761/7/16 1765/7/16 1768/7/16
f 1771/6/1 1770/6/1 1769/6/1
f 1774/6/26 1775/6/26 1776/6/26
f 1770/6/10 1774/6/10 1773/6/10
f 1771/6/12 1775/6/12 1774/6/12
f 1772/6/14 1776/6/14 1775/6/14
f 1769/6/16 1773/6/16 1776/6/16
f 1777/2/1 1784/2/1 1783/2/1
f 1783/2/1 1782/2/1 1777/2/1
f 1782/2/1 1781/2/1 1777/2/1
f 1781/2/1 1780/2/1 1779/2/1
f 1779/2/1 1778/2/1 1781/2/1
f 1778/2/2 1786/2/2 1785/2/2
f 1779/2/27 1787/2/27 1786/2/27
f 1780/2/4 1788/2/4 1787/2/4
f 1781/2/5 1789/2/5 1788/2/5
f 1781/2/6 1782/2/6 1790/2/6
f 1783/2/28 1791/2/28 1790/2/28
f 1784/2/8 1792/2/8 1791/2/8
f 1777/2/45 1785/2/45 1792/2/45
f 1786/2/10 1794/2/10 1793/2/10
f 1787/2/11 1795/2/11 1794/2/11
f 1788/2/12 1796/2/12 1795/2/12
f 1789/2/13 1797/2/13 1796/2/13
f 1790/2/14 1798/2/14 1797/2/14
f 1791/2/15 1799/2/15 1798/2/15
f 1792/2/16 1800/2/16 1799/2/16
f 1785/2/17 1793/2/17 1800/2/17
f 1793/2/18 1794/2/18 1802/2/18
f 1795/2/32 1803/2/32 1802/2/32
f 1795/2/20 1796/2/20 1804/2/20
f 1796/2/21 1797/2/21 1805/2/21
f 1798/2/22 1806/2/22 1805/2/22
f 1799/2/33 1807/2/33 1806/2/33
f 1800/2/24 1808/2/24 1807/2/24
f 1793/2/48 1801/2/48 1808/2/48
f 1808/2/26 1801/2/26 1806/2/26
f 1801/2/26 1802/2/26 1806/2/26
f 1802/2/26 1803/2/26 1804/2/26
f 1804/2/26 1805/2/26 1802/2/26
f 1805/2/26 1806/2/26 1802/2/26
f 1811/9/1 1810/9/1 1809/9/1
f 1814/9/26 1815/9/26 1816/9/26
f 1810/9/10 1814/9/10 1813/9/10
f 1811/9/12 1815/9/12 1814/9/12
f 1812/9/14 1816/9/14 1815/9/14
f 1809/9/16 1813/9/16 1816/9/16
f 1819/10/1 1818/10/1 1817/10/1
f 1822/10/26 1823/10/26 1824/10/26
f 1818/10/10 1822/10/10 1821/10/10
f 1819/10/12 1823/10/12 1822/10/12
f 1820/10/14 1824/10/14 1823/10/14
f 1817/10/16 1821/10/16 1824/10/16
f 1827/11/1 1826/11/1 1825/11/1
f 1830/11/26 1831/11/26 1832/11/26
f 1826/11/10 1830/11/10 1829/11/10
f 1827/11/12 1831/11/12 1830/11/12
f 1828/11/14 1832/11/14 1831/11/14
f 1825/11/16 1829/11/16 1832/11/16
f 1835/7/1 1834/7/1 1833/7/1
f 1838/7/26 1839/7/26 1840/7/26
f 1834/7/10 1838/7/10 1837/7/10
f 1835/7/12 1839/7/12 1838/7/12
f 1836/7/14 1840/7/14 1839/7/14
f 1833/7/16 1837/7/16 1840/7/16
f 1843/7/1 1842/7/1 1841/7/1
f 1846/7/26 1847/7/26 1848/7/26
f 1842/7/10 1846/7/10 1845/7/10
f 1843/7/12 1847/7/12 1846/7/12
f 1844/7/14 1848/7/14 1847/7/14
f 1841/7/16 1845/7/16 1848/7/16
f 1851/7/1 1850/7/1 1849/7/1
f 1854/7/26 1855/7/26 1856/7/26
f 1850/7/10 1854/7/10 1853/7/10
f 1851/7/12 1855/7/12 1854/7/12
f 1852/7/14 1856/7/14 1855/7/14
f 1849/7/16 1853/7/16 1856/7/16
f 1859/2/1 1858/2/1 1857/2/1
f 1862/2/26 1863/2/26 1864/2/26
f 1858/2/10 1862/2/10 1861/2/10
f 1859/2/12 1863/2/12 1862/2/12
f 1860/2/14 1864/2/14 1863/2/14
f 1857/2/16 1861/2/16 1864/2/16
f 1867/2/1 1866/2/1 1865/2/1
f 1870/2/26 1871/2/26 1872/2/26
f 1866/2/10 1870/2/10 1869/2/10
f 1867/2/12 1871/2/12 1870/2/12
f 1868/2/14 1872/2/14 1871/2/14
f 1865/2/16 1869/2/16 1872/2/16
f 1875/5/57 1874/5/57 1873/5/57
f 1873/5/58 1874/5/58 1878/5/58
f 1875/5/53 1879/5/53 1878/5/53
f 1875/5/59 1876/5/59 1880/5/59
f 1876/5/55 1873/5/55 1877/5/55
f 1878/5/60 1879/5/60 1880/5/60
f 1883/8/1 1882/8/1 1881/8/1
f 1886/8/26 1887/8/26 1888/8/26
f 1882/8/10 1886/8/10 1885/8/10
f 1883/8/12 1887/8/12 1886/8/12
f 1884/8/14 1888/8/14 1887/8/14
f 1881/8/16 1885/8/16 1888/8/16
f 1891/7/1 1890/7/1 1889/7/1
f 1894/7/26 1895/7/26 1896/7/26
f 1890/7/10 1894/7/10 1893/7/10
f 1891/7/12 1895/7/12 1894/7/12
f 1892/7/14 1896/7/14 1895/7/14
f 1889/7/16 1893/7/16 1896/7/16
f 1899/7/1 1898/7/1 1897/7/1
f 1902/7/26 1903/7/26 1904/7/26
f 1898/7/10 1902/7/10 1901/7/10
f 1899/7/12 1903/7/12 1902/7/12
f 1900/7/14 1904/7/14 1903/7/14
f 1897/7/16 1901/7/16 1904/7/16
f 1907/7/1 1906/7/1 1905/7/1
f 1910/7/26 1911/7/26 1912/7/26
f 1906/7/10 1910/7/10 1909/7/10
f 1907/7/12 1911/7/12 1910/7/12
f 1908/7/14 1912/7/14 1911/7/14
f 1905/7/16 1909/7/16 1912/7/16
f 1915/2/1 1914/2/1 1913/2/1
f 1918/2/26 1919/2/26 1920/2/26
f 1914/2/10 1918/2/10 1917/2/10
f 1915/2/12 1919/2/12 1918/2/12
f 1916/2/14 1920/2/14 1919/2/14
f 1913/2/16 1917/2/16 1920/2/16
f 1923/2/1 1922/2/1 1921/2/1
f 1926/2/26 1927/2/26 1928/2/26
f 1922/2/10 1926/2/10 1925/2/10
f 1923/2/12 1927/2/12 1926/2/12
f 1924/2/14 1928/2/14 1927/2/14
f 1921/2/16 1925/2/16 1928/2/16
f 1931/5/57 1930/5/57 1929/5/57
f 1930/5/58 1934/5/58 1933/5/58
f 1931/5/53 1935/5/53 1934/5/53
f 1932/5/59 1936/5/59 1935/5/59
f 1932/5/55 1929/5/55 1933/5/55
f 1933/5/60 1934/5/60 1935/5/60
f 1939/8/1 1938/8/1 1937/8/1
f 1942/8/26 1943/8/26 1944/8/26
f 1938/8/10 1942/8/10 1941/8/10
f 1939/8/12 1943/8/12 1942/8/12
f 1940/8/14 1944/8/14 1943/8/14
f 1937/8/16 1941/8/16 1944/8/16
f 1947/7/1 1946/7/1 1945/7/1
f 1950/7/26 1951/7/26 1952/7/26
f 1946/7/10 1950/7/10 1949/7/10
f 1947/7/12 1951/7/12 1950/7/12
f 1948/7/14 1952/7/14 1951/7/14
f 1945/7/16 1949/7/16 1952/7/16
f 1955/6/1 1954/6/1 1953/6/1
f 1958/6/26 1959/6/26 1960/6/26
f 1954/6/10 1958/6/10 1957/6/10
f 1955/6/12 1959/6/12 1958/6/12
f 1956/6/14 1960/6/14 1959/6/14
f 1953/6/16 1957/6/16 1960/6/16
f 1963/7/1 1962/7/1 1961/7/1
f 1966/7/26 1967/7/26 1968/7/26
f 1962/7/10 1966/7/10 1965/7/10
f 1963/7/12 1967/7/12 1966/7/12
f 1964/7/14 1968/7/14 1967/7/14
f 1961/7/16 1965/7/16 1968/7/16
f 1971/6/1 1970/6/1 1969/6/1
f 1974/6/26 1975/6/26 1976/6/26
f 1970/6/10 1974/6/10 1973/6/10
f 1971/6/12 1975/6/12 1974/6/12
f 1972/6/14 1976/6/14 1975/6/14
f 1969/6/16 1973/6/16 1976/6/16
f 1979/7/1 1978/7/1 1977/7/1
f 1982/7/26 1983/7/26 1984/7/26
f 1978/7/10 1982/7/10 1981/7/10
f 1979/7/12 1983/7/12 1982/7/12
f 1980/7/14 1984/7/14 1983/7/14
f 1977/7/16 1981/7/16 1984/7/16
f 1987/6/1 1986/6/1 1985/6/1
f 1990/6/26 1991/6/26 1992/6/26
f 1986/6/10 1990/6/10 1989/6/10
f 1987/6/12 1991/6/12 1990/6/12
f 1988/6/14 1992/6/14 1991/6/14
f 1985/6/16 1989/6/16 1992/6/16
f 1995/7/1 1994/7/1 1993/7/1
f 1998/7/26 1999/7/26 2000/7/26
f 1994/7/10 1998/7/10 1997/7/10
f 1995/7/12 1999/7/12 1998/7/12
f 1996/7/14 2000/7/14 1999/7/14
f 1993/7/16 1997/7/16 2000/7/16
f 2003/6/1 2002/6/1 2001/6/1
f 2006/6/26 2007/6/26 2008/6/26
f 2002/6/10 2006/6/10 2005/6/10
f 2003/6/12 2007/6/12 2006/6/12
f 2004/6/14 2008/6/14 2007/6/14
f 2001/6/16 2005/6/16 2008/6/16
f 2009/2/1 2016/2/1 2015/2/1
f 2015/2/1 2014/2/1 2009/2/1
f 2014/2/1 2013/2/1 2009/2/1
f 2013/2/1 2012/2/1 2011/2/1
f 2011/2/1 2010/2/1 2013/2/1
f 2009/2/2 2010/2/2 2018/2/2
f 2011/2/27 2019/2/27 2018/2/27
f 2012/2/4 2020/2/4 2019/2/4
f 2013/2/31 2021/2/31 2020/2/31
f 2014/2/6 2022/2/6 2021/2/6
f 2014/2/28 2015/2/28 2023/2/28
f 2016/2/8 2024/2/8 2023/2/8
f 2016/2/9 2009/2/9 2017/2/9
f 2018/2/10 2026/2/10 2025/2/10
f 2019/2/11 2027/2/11 2026/2/11
f 2020/2/12 2028/2/12 2027/2/12
f 2021/2/13 2029/2/13 2028/2/13
f 2022/2/14 2030/2/14 2029/2/14
f 2023/2/15 2031/2/15 2030/2/15
f 2024/2/16 2032/2/16 2031/2/16
f 2017/2/17 2025/2/17 2032/2/17
f 2026/2/18 2034/2/18 2033/2/18
f 2027/2/32 2035/2/32 2034/2/32
f 2028/2/20 2036/2/20 2035/2/20
f 2029/2/21 2037/2/21 2036/2/21
f 2029/2/22 2030/2/22 2038/2/22
f 2031/2/33 2039/2/33 2038/2/33
f 2031/2/24 2032/2/24 2040/2/24
f 2032/2/25 2025/2/25 2033/2/25
f 2040/2/26 2033/2/26 2038/2/26
f 2033/2/26 2034/2/26 2038/2/26
f 2034/2/26 2035/2/26 2036/2/26
f 2036/2/26 2037/2/26 2034/2/26
f 2037/2/26 2038/2/26 2034/2/26
f 2043/9/1 2042/9/1 2041/9/1
f 2046/9/26 2047/9/26 2048/9/26
f 2042/9/10 2046/9/10 2045/9/10
f 2043/9/12 2047/9/12 2046/9/12
f 2044/9/14 2048/9/14 2047/9/14
f 2041/9/16 2045/9/16 2048/9/16
f 2051/10/1 2050/10/1 2049/10/1
f 2054/10/26 2055/10/26 2056/10/26
f 2050/10/10 2054/10/10 2053/10/10
f 2051/10/12 2055/10/12 2054/10/12
f 2052/10/14 2056/10/14 2055/10/14
f 2049/10/16 2053/10/16 2056/10/16
f 2059/11/1 2058/11/1 2057/11/1
f 2062/11/26 2063/11/26 2064/11/26
f 2058/11/10 2062/11/10 2061/11/10
f 2059/11/12 2063/11/12 2062/11/12
f 2060/11/14 2064/11/14 2063/11/14
f 2057/11/16 2061/11/16 2064/11/16
f 2065/7/1 2072/7/1 2071/7/1
f 2071/7/1 2070/7/1 2065/7/1
f 2070/7/1 2069/7/1 2065/7/1
f 2069/7/1 2068/7/1 2067/7/1
f 2067/7/1 2066/7/1 2069/7/1
f 2066/7/2 2074/7/2 2073/7/2
f 2067/7/35 2075/7/35 2074/7/35
f 2068/7/4 2076/7/4 2075/7/4
f 2068/7/5 2069/7/5 2077/7/5
f 2070/7/6 2078/7/6 2077/7/6
f 2071/7/28 2079/7/28 2078/7/28
f 2072/7/8 2080/7/8 2079/7/8
f 2072/7/45 2065/7/45 2073/7/45
f 2074/7/10 2082/7/10 2081/7/10
f 2075/7/11 2083/7/11 2082/7/11
f 2076/7/12 2084/7/12 2083/7/12
f 2077/7/13 2085/7/13 2084/7/13
f 2078/7/14 2086/7/14 2085/7/14
f 2079/7/15 2087/7/15 2086/7/15
f 2080/7/16 2088/7/16 2087/7/16
f 2073/7/17 2081/7/17 2088/7/17
f 2082/7/18 2090/7/18 2089/7/18
f 2082/7/32 2083/7/32 2091/7/32
f 2084/7/20 2092/7/20 2091/7/20
f 2085/7/21 2093/7/21 2092/7/21
f 2086/7/22 2094/7/22 2093/7/22
f 2086/7/33 2087/7/33 2095/7/33
f 2088/7/24 2096/7/24 2095/7/24
f 2081/7/48 2089/7/48 2096/7/48
f 2096/7/26 2089/7/26 2094/7/26
f 2089/7/26 2090/7/26 2094/7/26
f 2090/7/26 2091/7/26 2092/7/26
f 2092/7/26 2093/7/26 2090/7/26
f 2093/7/26 2094/7/26 2090/7/26
f 2099/2/61 2098/2/61 2097/2/61
f 2098/2/12 2102/2/12 2101/2/12
f 2099/2/62 2103/2/62 2102/2/62
f 2100/2/16 2104/2/16 2103/2/16
f 2097/2/63 2101/2/63 2104/2/63
f 2102/2/64 2103/2/64 2104/2/64
f 2107/2/61 2106/2/61 2105/2/61
f 2106/2/12 2110/2/12 2109/2/12
f 2107/2/62 2111/2/62 2110/2/62
f 2108/2/16 2112/2/16 2111/2/16
f 2105/2/63 2109/2/63 2112/2/63
f 2110/2/64 2111/2/64 2112/2/64
f 2113/7/1 2120/7/1 2119/7/1
f 2119/7/1 2118/7/1 2113/7/1
f 2118/7/1 2117/7/1 2113/7/1
f 2117/7/1 2116/7/1 2115/7/1
f 2115/7/1 2114/7/1 2117/7/1
f 2114/7/2 2122/7/2 2121/7/2
f 2115/7/27 2123/7/27 2122/7/27
f 2116/7/4 2124/7/4 2123/7/4
f 2116/7/31 2117/7/31 2125/7/31
f 2118/7/6 2126/7/6 2125/7/6
f 2119/7/37 2127/7/37 2126/7/37
f 2120/7/8 2128/7/8 2127/7/8
f 2120/7/9 2113/7/9 2121/7/9
f 2122/7/10 2130/7/10 2129/7/10
f 2123/7/11 2131/7/11 2130/7/11
f 2124/7/12 2132/7/12 2131/7/12
f 2125/7/13 2133/7/13 2132/7/13
f 2126/7/14 2134/7/14 2133/7/14
f 2127/7/15 2135/7/15 2134/7/15
f 2128/7/16 2136/7/16 2135/7/16
f 2121/7/17 2129/7/17 2136/7/17
f 2130/7/18 2138/7/18 2137/7/18
f 2130/7/32 2131/7/32 2139/7/32
f 2132/7/20 2140/7/20 2139/7/20
f 2133/7/43 2141/7/43 2140/7/43
f 2134/7/22 2142/7/22 2141/7/22
f 2134/7/33 2135/7/33 2143/7/33
f 2136/7/24 2144/7/24 2143/7/24
f 2129/7/25 2137/7/25 2144/7/25
f 2144/7/26 2137/7/26 2142/7/26
f 2137/7/26 2138/7/26 2142/7/26
f 2138/7/26 2139/7/26 2140/7/26
f 2140/7/26 2141/7/26 2138/7/26
f 2141/7/26 2142/7/26 2138/7/26
f 2147/2/65 2146/2/65 2145/2/65
f 2146/2/12 2150/2/12 2149/2/12
f 2147/2/66 2151/2/66 2150/2/66
f 2148/2/16 2152/2/16 2151/2/16
f 2145/2/67 2149/2/67 2152/2/67
f 2150/2/68 2151/2/68 2152/2/68
f 2155/2/65 2154/2/65 2153/2/65
f 2154/2/12 2158/2/12 2157/2/12
f 2155/2/66 2159/2/66 2158/2/66
f 2156/2/16 2160/2/16 2159/2/16
f 2153/2/67 2157/2/67 2160/2/67
f 2158/2/68 2159/2/68 2160/2/68
f 2163/3/1 2162/3/1 2161/3/1
f 2166/3/26 2167/3/26 2168/3/26
f 2162/3/10 2166/3/10 2165/3/10
f 2163/3/12 2167/3/12 2166/3/12
f 2164/3/14 2168/3/14 2167/3/14
f 2161/3/16 2165/3/16 2168/3/16
f 2171/10/1 2170/10/1 2169/10/1
f 2174/10/26 2175/10/26 2176/10/26
f 2170/10/10 2174/10/10 2173/10/10
f 2171/10/12 2175/10/12 2174/10/12
f 2172/10/14 2176/10/14 2175/10/14
f 2169/10/16 2173/10/16 2176/10/16
f 2179/10/1 2178/10/1 2177/10/1
f 2182/10/26 2183/10/26 2184/10/26
f 2178/10/10 2182/10/10 2181/10/10
f 2179/10/12 2183/10/12 2182/10/12
f 2180/10/14 2184/10/14 2183/10/14
f 2177/10/16 2181/10/16 2184/10/16
f 2187/10/1 2186/10/1 2185/10/1
f 2190/10/26 2191/10/26 2192/10/26
f 2186/10/10 2190/10/10 2189/10/10
f 2187/10/12 2191/10/12 2190/10/12
f 2188/10/14 2192/10/14 2191/10/14
f 2185/10/16 2189/10/16 2192/10/16
f 2195/10/1 2194/10/1 2193/10/1
f 2198/10/26 2199/10/26 2200/10/26
f 2194/10/10 2198/10/10 2197/10/10
f 2195/10/12 2199/10/12 2198/10/12
f 2196/10/14 2200/10/14 2199/10/14
f 2193/10/16 2197/10/16 2200/10/16
f 2203/10/1 2202/10/1 2201/10/1
f 2206/10/26 2207/10/26 2208/10/26
f 2202/10/10 2206/10/10 2205/10/10
f 2203/10/12 2207/10/12 2206/10/12
f 2204/10/14 2208/10/14 2207/10/14
f 2201/10/16 2205/10/16 2208/10/16
o WagonDetails_cargo
v -1.599000 1.270000 -1.673000
v -1.521000 1.270000 -1.673000
v -1.503000 1.270000 -1.691000
v -1.503000 1.270000 -1.769000
v -1.521000 1.270000 -1.787000
v -1.599000 1.270000 -1.787000
v -1.617000 1.270000 -1.769000
v -1.617000 1.270000 -1.691000
v -1.617000 1.288000 -1.655000
v -1.503000 1.288000 -1.655000
v -1.485000 1.288000 -1.673000
v -1.485000 1.288000 -1.787000
v -1.503000 1.288000 -1.805000
v -1.617000 1.288000 -1.805000
v -1.635000 1.288000 -1.787000
v -1.635000 1.288000 -1.673000
v -1.617000 2.912000 -1.655000
v -1.503000 2.912000 -1.655000
v -1.485000 2.912000 -1.673000
v -1.485000 2.912000 -1.787000
v -1.503000 2.912000 -1.805000
v -1.617000 2.912000 -1.805000
v -1.635000 2.912000 -1.787000
v -1.635000 2.912000 -1.673000
v -1.599000 2.930000 -1.673000
v -1.521000 2.930000 -1.673000
v -1.503000 2.930000 -1.691000
v -1.503000 2.930000 -1.769000
v -1.521000 2.930000 -1.787000
v -1.599000 2.930000 -1.787000
v -1.617000 2.930000 -1.769000
v -1.617000 2.930000 -1.691000
v -1.599000 1.270000 0.057000
v -1.521000 1.270000 0.057000
v -1.503000 1.270000 0.039000
v -1.503000 1.270000 -0.039000
v -1.521000 1.270000 -0.057000
v -1.599000 1.270000 -0.057000
v -1.617000 1.270000 -0.039000
v -1.617000 1.270000 0.039000
v -1.617000 1.288000 0.075000
v -1.503000 1.288000 0.075000
v -1.485000 1.288000 0.057000
v -1.485000 1.288000 -0.057000
v -1.503000 1.288000 -0.075000
v -1.617000 1.288000 -0.075000
v -1.635000 1.288000 -0.057000
v -1.635000 1.288000 0.057000
v -1.617000 2.912000 0.075000
v -1.503000 2.912000 0.075000
v -1.485000 2.912000 0.057000
v -1.485000 2.912000 -0.057000
v -1.503000 2.912000 -0.075000
v -1.617000 2.912000 -0.075000
v -1.635000 2.912000 -0.057000
v -1.635000 2.912000 0.057000
v -1.599000 2.930000 0.057000
v -1.521000 2.930000 0.057000
v -1.503000 2.930000 0.039000
v -1.503000 2.930000 -0.039000
v -1.521000 2.930000 -0.057000
v -1.599000 2.930000 -0.057000
v -1.617000 2.930000 -0.039000
v -1.617000 2.930000 0.039000
v -1.599000 1.270000 1.787000
v -1.521000 1.270000 1.787000
v -1.503000 1.270000 1.769000
v -1.503000 1.270000 1.691000
v -1.521000 1.270000 1.673000
v -1.599000 1.270000 1.673000
v -1.617000 1.270000 1.691000
v -1.617000 1.270000 1.769000
v -1.617000 1.288000 1.805000
v -1.503000 1.288000 1.805000
v -1.485000 1.288000 1.787000
v -1.485000 1.288000 1.673000
v -1.503000 1.288000 1.655000
v -1.617000 1.288000 1.655000
v -1.635000 1.288000 1.673000
v -1.635000 1.288000 1.787000
v -1.617000 2.912000 1.805000
v -1.503000 2.912000 1.805000
v -1.485000 2.912000 1.787000
v -1.485000 2.912000 1.673000
v -1.503000 2.912000 1.655000
v -1.617000 2.912000 1.655000
v -1.635000 2.912000 1.673000
v -1.635000 2.912000 1.787000
v -1.599000 2.930000 1.787000
v -1.521000 2.930000 1.787000
v -1.503000 2.930000 1.769000
v -1.503000 2.930000 1.691000
v -1.521000 2.930000 1.673000
v -1.599000 2.930000 1.673000
v -1.617000 2.930000 1.691000
v -1.617000 2.930000 1.769000
v -1.603800 1.545000 1.759400
v -1.536200 1.545000 1.759400
v -1.520600 1.545000 1.743800
v -1.520600 1.545000 -1.743800
v -1.536200 1.545000 -1.759400
v -1.603800 1.545000 -1.759400
v -1.619400 1.545000 -1.743800
v -1.619400 1.545000 1.743800
v -1.619400 1.560600 1.775000
v -1.520600 1.560600 1.775000
v -1.505000 1.560600 1.759400
v -1.505000 1.560600 -1.759400
v -1.520600 1.560600 -1.775000
v -1.619400 1.560600 -1.775000
v -1.635000 1.560600 -1.759400
v -1.635000 1.560600 1.759400
v -1.619400 1.799400 1.775000
v -1.520600 1.799400 1.775000
v -1.505000 1.799400 1.759400
v -1.505000 1.799400 -1.759400
v -1.520600 1.799400 -1.775000
v -1.619400 1.799400 -1.775000
v -1.635000 1.799400 -1.759400
v -1.635000 1.799400 1.759400
v -1.603800 1.815000 1.759400
v -1.536200 1.815000 1.759400
v -1.520600 1.815000 1.743800
v -1.520600 1.815000 -1.743800
v -1.536200 1.815000 -1.759400
v -1.603800 1.815000 -1.759400
v -1.619400 1.815000 -1.743800
v -1.619400 1.815000 1.743800
v -1.603800 1.995000 1.759400
v -1.536200 1.995000 1.759400
v -1.520600 1.995000 1.743800
v -1.520600 1.995000 -1.743800
v -1.536200 1.995000 -1.759400
v -1.603800 1.995000 -1.759400
v -1.619400 1.995000 -1.743800
v -1.619400 1.995000 1.743800
v -1.619400 2.010600 1.775000
v -1.520600 2.010600 1.775000
v -1.505000 2.010600 1.759400
v -1.505000 2.010600 -1.759400
v -1.520600 2.010600 -1.775000
v -1.619400 2.010600 -1.775000
v -1.635000 2.010600 -1.759400
v -1.635000 2.010600 1.759400
v -1.619400 2.249400 1.775000
v -1.520600 2.249400 1.775000
v -1.505000 2.249400 1.759400
v -1.505000 2.249400 -1.759400
v -1.520600 2.249400 -1.775000
v -1.619400 2.249400 -1.775000
v -1.635000 2.249400 -1.759400
v -1.635000 2.249400 1.759400
v -1.603800 2.265000 1.759400
v -1.536200 2.265000 1.759400
v -1.520600 2.265000 1.743800
v -1.520600 2.265000 -1.743800
v -1.536200 2.265000 -1.759400
v -1.603800 2.265000 -1.759400
v -1.619400 2.265000 -1.743800
v -1.619400 2.265000 1.743800
v -1.603800 2.445000 1.759400
v -1.536200 2.445000 1.759400
v -1.520600 2.445000 1.743800
v -1.520600 2.445000 -1.743800
v -1.536200 2.445000 -1.759400
v -1.603800 2.445000 -1.759400
v -1.619400 2.445000 -1.743800
v -1.619400 2.445000 1.743800
v -1.619400 2.460600 1.775000
v -1.520600 2.460600 1.775000
v -1.505000 2.460600 1.759400
v -1.505000 2.460600 -1.759400
v -1.520600 2.460600 -1.775000
v -1.619400 2.460600 -1.775000
v -1.635000 2.460600 -1.759400
v -1.635000 2.460600 1.759400
v -1.619400 2.699400 1.775000
v -1.520600 2.699400 1.775000
v -1.505000 2.699400 1.759400
v -1.505000 2.699400 -1.759400
v -1.520600 2.699400 -1.775000
v -1.619400 2.699400 -1.775000
v -1.635000 2.699400 -1.759400
v -1.635000 2.699400 1.759400
v -1.603800 2.715000 1.759400
v -1.536200 2.715000 1.759400
v -1.520600 2.715000 1.743800
v -1.520600 2.715000 -1.743800
v -1.536200 2.715000 -1.759400
v -1.603800 2.715000 -1.759400
v -1.619400 2.715000 -1.743800
v -1.619400 2.715000 1.743800
v 1.521000 1.270000 -1.673000
v 1.599000 1.270000 -1.673000
v 1.617000 1.270000 -1.691000
v 1.617000 1.270000 -1.769000
v 1.599000 1.270000 -1.787000
v 1.521000 1.270000 -1.787000
v 1.503000 1.270000 -1.769000
v 1.503000 1.270000 -1.691000
v 1.503000 1.288000 -1.655000
v 1.617000 1.288000 -1.655000
v 1.635000 1.288000 -1.673000
v 1.635000 1.288000 -1.787000
v 1.617000 1.288000 -1.805000
v 1.503000 1.288000 -1.805000
v 1.485000 1.288000 -1.787000
v 1.485000 1.288000 -1.673000
v 1.503000 2.912000 -1.655000
v 1.617000 2.912000 -1.655000
v 1.635000 2.912000 -1.673000
v 1.635000 2.912000 -1.787000
v 1.617000 2.912000 -1.805000
v 1.503000 2.912000 -1.805000
v 1.485000 2.912000 -1.787000
v 1.485000 2.912000 -1.673000
v 1.521000 2.930000 -1.673000
v 1.599000 2.930000 -1.673000
v 1.617000 2.930000 -1.691000
v 1.617000 2.930000 -1.769000
v 1.599000 2.930000 -1.787000
v 1.521000 2.930000 -1.787000
v 1.503000 2.930000 -1.769000
v 1.503000 2.930000 -1.691000
v 1.521000 1.270000 0.057000
v 1.599000 1.270000 0.057000
v 1.617000 1.270000 0.039000
v 1.617000 1.270000 -0.039000
v 1.599000 1.270000 -0.057000
v 1.521000 1.270000 -0.057000
v 1.503000 1.270000 -0.039000
v 1.503000 1.270000 0.039000
v 1.503000 1.288000 0.075000
v 1.617000 1.288000 0.075000
v 1.635000 1.288000 0.057000
v 1.635000 1.288000 -0.057000
v 1.617000 1.288000 -0.075000
v 1.503000 1.288000 -0.075000
v 1.485000 1.288000 -0.057000
v 1.485000 1.288000 0.057000
v 1.503000 2.912000 0.075000
v 1.617000 2.912000 0.075000
v 1.635000 2.912000 0.057000
v 1.635000 2.912000 -0.057000
v 1.617000 2.912000 -0.075000
v 1.503000 2.912000 -0.075000
v 1.485000 2.912000 -0.057000
v 1.485000 2.912000 0.057000
v 1.521000 2.930000 0.057000
v 1.599000 2.930000 0.057000
v 1.617000 2.930000 0.039000
v 1.617000 2.930000 -0.039000
v 1.599000 2.930000 -0.057000
v 1.521000 2.930000 -0.057000
v 1.503000 2.930000 -0.039000
v 1.503000 2.930000 0.039000
v 1.521000 1.270000 1.787000
v 1.599000 1.270000 1.787000
v 1.617000 1.270000 1.769000
v 1.617000 1.270000 1.691000
v 1.599000 1.270000 1.673000
v 1.521000 1.270000 1.673000
v 1.503000 1.270000 1.691000
v 1.503000 1.270000 1.769000
v 1.503000 1.288000 1.805000
v 1.617000 1.288000 1.805000
v 1.635000 1.288000 1.787000
v 1.635000 1.288000 1.673000
v 1.617000 1.288000 1.655000
v 1.503000 1.288000 1.655000
v 1.485000 1.288000 1.673000
v 1.485000 1.288000 1.787000
v 1.503000 2.912000 1.805000
v 1.617000 2.912000 1.805000
v 1.635000 2.912000 1.787000
v 1.635000 2.912000 1.673000
v 1.617000 2.912000 1.655000
v 1.503000 2.912000 1.655000
v 1.485000 2.912000 1.673000
v 1.485000 2.912000 1.787000
v 1.521000 2.930000 1.787000
v 1.599000 2.930000 1.787000
v 1.617000 2.930000 1.769000
v 1.617000 2.930000 1.691000
v 1.599000 2.930000 1.673000
v 1.521000 2.930000 1.673000
v 1.503000 2.930000 1.691000
v 1.503000 2.930000 1.769000
v 1.536200 1.545000 1.759400
v 1.603800 1.545000 1.759400
v 1.619400 1.545000 1.743800
v 1.619400 1.545000 -1.743800
v 1.603800 1.545000 -1.759400
v 1.536200 1.545000 -1.759400
v 1.520600 1.545000 -1.743800
v 1.520600 1.545000 1.743800
v 1.520600 1.560600 1.775000
v 1.619400 1.560600 1.775000
v 1.635000 1.560600 1.759400
v 1.635000 1.560600 -1.759400
v 1.619400 1.560600 -1.775000
v 1.520600 1.560600 -1.775000
v 1.505000 1.560600 -1.759400
v 1.505000 1.560600 1.759400
v 1.520600 1.799400 1.775000
v 1.619400 1.799400 1.775000
v 1.635000 1.799400 1.759400
v 1.635000 1.799400 -1.759400
v 1.619400 1.799400 -1.775000
v 1.520600 1.799400 -1.775000
v 1.505000 1.799400 -1.759400
v 1.505000 1.799400 1.759400
v 1.536200 1.815000 1.759400
v 1.603800 1.815000 1.759400
v 1.619400 1.815000 1.743800
v 1.619400 1.815000 -1.743800
v 1.603800 1.815000 -1.759400
v 1.536200 1.815000 -1.759400
v 1.520600 1.815000 -1.743800
v 1.520600 1.815000 1.743800
v 1.536200 1.995000 1.759400
v 1.603800 1.995000 1.759400
v 1.619400 1.995000 1.743800
v 1.619400 1.995000 -1.743800
v 1.603800 1.995000 -1.759400
v 1.536200 1.995000 -1.759400
v 1.520600 1.995000 -1.743800
v 1.520600 1.995000 1.743800
v 1.520600 2.010600 1.775000
v 1.619400 2.010600 1.775000
v 1.635000 2.010600 1.759400
v 1.635000 2.010600 -1.759400
v 1.619400 2.010600 -1.775000
v 1.520600 2.010600 -1.775000
v 1.505000 2.010600 -1.759400
v 1.505000 2.010600 1.759400
v 1.520600 2.249400 1.775000
v 1.619400 2.249400 1.775000
v 1.635000 2.249400 1.759400
v 1.635000 2.249400 -1.759400
v 1.619400 2.249400 -1.775000
v 1.520600 2.249400 -1.775000
v 1.505000 2.249400 -1.759400
v 1.505000 2.249400 1.759400
v 1.536200 2.265000 1.759400
v 1.603800 2.265000 1.759400
v 1.619400 2.265000 1.743800
v 1.619400 2.265000 -1.743800
v 1.603800 2.265000 -1.759400
v 1.536200 2.265000 -1.759400
v 1.520600 2.265000 -1.743800
v 1.520600 2.265000 1.743800
v 1.536200 2.445000 1.759400
v 1.603800 2.445000 1.759400
v 1.619400 2.445000 1.743800
v 1.619400 2.445000 -1.743800
v 1.603800 2.445000 -1.759400
v 1.536200 2.445000 -1.759400
v 1.520600 2.445000 -1.743800
v 1.520600 2.445000 1.743800
v 1.520600 2.460600 1.775000
v 1.619400 2.460600 1.775000
v 1.635000 2.460600 1.759400
v 1.635000 2.460600 -1.759400
v 1.619400 2.460600 -1.775000
v 1.520600 2.460600 -1.775000
v 1.505000 2.460600 -1.759400
v 1.505000 2.460600 1.759400
v 1.520600 2.699400 1.775000
v 1.619400 2.699400 1.775000
v 1.635000 2.699400 1.759400
v 1.635000 2.699400 -1.759400
v 1.619400 2.699400 -1.775000
v 1.520600 2.699400 -1.775000
v 1.505000 2.699400 -1.759400
v 1.505000 2.699400 1.759400
v 1.536200 2.715000 1.759400
v 1.603800 2.715000 1.759400
v 1.619400 2.715000 1.743800
v 1.619400 2.715000 -1.743800
v 1.603800 2.715000 -1.759400
v 1.536200 2.715000 -1.759400
v 1.520600 2.715000 -1.743800
v 1.520600 2.715000 1.743800
v -1.578800 1.545000 -1.730600
v 1.578800 1.545000 -1.730600
v 1.594400 1.545000 -1.746200
v 1.594400 1.545000 -1.813800
v 1.578800 1.545000 -1.829400
v -1.578800 1.545000 -1.829400
v -1.594400 1.545000 -1.813800
v -1.594400 1.545000 -1.746200
v -1.594400 1.560600 -1.715000
v 1.594400 1.560600 -1.715000
v 1.610000 1.560600 -1.730600
v 1.610000 1.560600 -1.829400
v 1.594400 1.560600 -1.845000
v -1.594400 1.560600 -1.845000
v -1.610000 1.560600 -1.829400
v -1.610000 1.560600 -1.730600
v -1.594400 1.799400 -1.715000
v 1.594400 1.799400 -1.715000
v 1.610000 1.799400 -1.730600
v 1.610000 1.799400 -1.829400
v 1.594400 1.799400 -1.845000
v -1.594400 1.799400 -1.845000
v -1.610000 1.799400 -1.829400
v -1.610000 1.799400 -1.730600
v -1.578800 1.815000 -1.730600
v 1.578800 1.815000 -1.730600
v 1.594400 1.815000 -1.746200
v 1.594400 1.815000 -1.813800
v 1.578800 1.815000 -1.829400
v -1.578800 1.815000 -1.829400
v -1.594400 1.815000 -1.813800
v -1.594400 1.815000 -1.746200
v -1.578800 1.995000 -1.730600
v 1.578800 1.995000 -1.730600
v 1.594400 1.995000 -1.746200
v 1.594400 1.995000 -1.813800
v 1.578800 1.995000 -1.829400
v -1.578800 1.995000 -1.829400
v -1.594400 1.995000 -1.813800
v -1.594400 1.995000 -1.746200
v -1.594400 2.010600 -1.715000
v 1.594400 2.010600 -1.715000
v 1.610000 2.010600 -1.730600
v 1.610000 2.010600 -1.829400
v 1.594400 2.010600 -1.845000
v -1.594400 2.010600 -1.845000
v -1.610000 2.010600 -1.829400
v -1.610000 2.010600 -1.730600
v -1.594400 2.249400 -1.715000
v 1.594400 2.249400 -1.715000
v 1.610000 2.249400 -1.730600
v 1.610000 2.249400 -1.829400
v 1.594400 2.249400 -1.845000
v -1.594400 2.249400 -1.845000
v -1.610000 2.249400 -1.829400
v -1.610000 2.249400 -1.730600
v -1.578800 2.265000 -1.730600
v 1.578800 2.265000 -1.730600
v 1.594400 2.265000 -1.746200
v 1.594400 2.265000 -1.813800
v 1.578800 2.265000 -1.829400
v -1.578800 2.265000 -1.829400
v -1.594400 2.265000 -1.813800
v -1.594400 2.265000 -1.746200
v -1.578800 2.445000 -1.730600
v 1.578800 2.445000 -1.730600
v 1.594400 2.445000 -1.746200
v 1.594400 2.445000 -1.813800
v 1.578800 2.445000 -1.829400
v -1.578800 2.445000 -1.829400
v -1.594400 2.445000 -1.813800
v -1.594400 2.445000 -1.746200
v -1.594400 2.460600 -1.715000
v 1.594400 2.460600 -1.715000
v 1.610000 2.460600 -1.730600
v 1.610000 2.460600 -1.829400
v 1.594400 2.460600 -1.845000
v -1.594400 2.460600 -1.845000
v -1.610000 2.460600 -1.829400
v -1.610000 2.460600 -1.730600
v -1.594400 2.699400 -1.715000
v 1.594400 2.699400 -1.715000
v 1.610000 2.699400 -1.730600
v 1.610000 2.699400 -1.829400
v 1.594400 2.699400 -1.845000
v -1.594400 2.699400 -1.845000
v -1.610000 2.699400 -1.829400
v -1.610000 2.699400 -1.730600
v -1.578800 2.715000 -1.730600
v 1.578800 2.715000 -1.730600
v 1.594400 2.715000 -1.746200
v 1.594400 2.715000 -1.813800
v 1.578800 2.715000 -1.829400
v -1.578800 2.715000 -1.829400
v -1.594400 2.715000 -1.813800
v -1.594400 2.715000 -1.746200
v -1.576400 1.475000 1.843200
v 1.576400 1.475000 1.843200
v 1.593200 1.475000 1.826400
v 1.593200 1.475000 1.753600
v 1.576400 1.475000 1.736800
v -1.576400 1.475000 1.736800
v -1.593200 1.475000 1.753600
v -1.593200 1.475000 1.826400
v -1.593200 1.491800 1.860000
v 1.593200 1.491800 1.860000
v 1.610000 1.491800 1.843200
v 1.610000 1.491800 1.736800
v 1.593200 1.491800 1.720000
v -1.593200 1.491800 1.720000
v -1.610000 1.491800 1.736800
v -1.610000 1.491800 1.843200
v -1.593200 2.388200 1.860000
v 1.593200 2.388200 1.860000
v 1.610000 2.388200 1.843200
v 1.610000 2.388200 1.736800
v 1.593200 2.388200 1.720000
v -1.593200 2.388200 1.720000
v -1.610000 2.388200 1.736800
v -1.610000 2.388200 1.843200
v -1.576400 2.405000 1.843200
v 1.576400 2.405000 1.843200
v 1.593200 2.405000 1.826400
v 1.593200 2.405000 1.753600
v 1.576400 2.405000 1.736800
v -1.576400 2.405000 1.736800
v -1.593200 2.405000 1.753600
v -1.593200 2.405000 1.826400
v -1.160000 1.440000 1.910000
v -1.040000 1.440000 1.910000
v -1.040000 1.440000 1.850000
v -1.160000 1.440000 1.850000
v -1.160000 2.440000 1.910000
v -1.040000 2.440000 1.910000
v -1.040000 2.440000 1.850000
v -1.160000 2.440000 1.850000
v 1.040000 1.440000 1.910000
v 1.160000 1.440000 1.910000
v 1.160000 1.440000 1.850000
v 1.040000 1.440000 1.850000
v 1.040000 2.440000 1.910000
v 1.160000 2.440000 1.910000
v 1.160000 2.440000 1.850000
v 1.040000 2.440000 1.850000
v -1.810000 1.485000 0.540000
v -1.590000 1.485000 0.540000
v -1.565000 1.485000 0.515000
v -1.565000 1.485000 -0.515000
v -1.590000 1.485000 -0.540000
v -1.810000 1.485000 -0.540000
v -1.835000 1.485000 -0.515000
v -1.835000 1.485000 0.515000
v -1.835000 1.510000 0.565000
v -1.565000 1.510000 0.565000
v -1.540000 1.510000 0.540000
v -1.540000 1.510000 -0.540000
v -1.565000 1.510000 -0.565000
v -1.835000 1.510000 -0.565000
v -1.860000 1.510000 -0.540000
v -1.860000 1.510000 0.540000
v -1.835000 2.030000 0.565000
v -1.565000 2.030000 0.565000
v -1.540000 2.030000 0.540000
v -1.540000 2.030000 -0.540000
v -1.565000 2.030000 -0.565000
v -1.835000 2.030000 -0.565000
v -1.860000 2.030000 -0.540000
v -1.860000 2.030000 0.540000
v -1.810000 2.055000 0.540000
v -1.590000 2.055000 0.540000
v -1.565000 2.055000 0.515000
v -1.565000 2.055000 -0.515000
v -1.590000 2.055000 -0.540000
v -1.810000 2.055000 -0.540000
v -1.835000 2.055000 -0.515000
v -1.835000 2.055000 0.515000
v -1.905000 1.460000 -0.340000
v -1.855000 1.460000 -0.340000
v -1.855000 1.460000 -0.440000
v -1.905000 1.460000 -0.440000
v -1.905000 2.080000 -0.340000
v -1.855000 2.080000 -0.340000
v -1.855000 2.080000 -0.440000
v -1.905000 2.080000 -0.440000
v -1.905000 1.460000 0.440000
v -1.855000 1.460000 0.440000
v -1.855000 1.460000 0.340000
v -1.905000 1.460000 0.340000
v -1.905000 2.080000 0.440000
v -1.855000 2.080000 0.440000
v -1.855000 2.080000 0.340000
v -1.905000 2.080000 0.340000
v -1.863200 2.045000 0.576600
v -1.536800 2.045000 0.576600
v -1.528400 2.045000 0.568200
v -1.528400 2.045000 -0.568200
v -1.536800 2.045000 -0.576600
v -1.863200 2.045000 -0.576600
v -1.871600 2.045000 -0.568200
v -1.871600 2.045000 0.568200
v -1.871600 2.053400 0.585000
v -1.528400 2.053400 0.585000
v -1.520000 2.053400 0.576600
v -1.520000 2.053400 -0.576600
v -1.528400 2.053400 -0.585000
v -1.871600 2.053400 -0.585000
v -1.880000 2.053400 -0.576600
v -1.880000 2.053400 0.576600
v -1.871600 2.106600 0.585000
v -1.528400 2.106600 0.585000
v -1.520000 2.106600 0.576600
v -1.520000 2.106600 -0.576600
v -1.528400 2.106600 -0.585000
v -1.871600 2.106600 -0.585000
v -1.880000 2.106600 -0.576600
v -1.880000 2.106600 0.576600
v -1.863200 2.115000 0.576600
v -1.536800 2.115000 0.576600
v -1.528400 2.115000 0.568200
v -1.528400 2.115000 -0.568200
v -1.536800 2.115000 -0.576600
v -1.863200 2.115000 -0.576600
v -1.871600 2.115000 -0.568200
v -1.871600 2.115000 0.568200
v 1.590000 1.485000 0.540000
v 1.810000 1.485000 0.540000
v 1.835000 1.485000 0.515000
v 1.835000 1.485000 -0.515000
v 1.810000 1.485000 -0.540000
v 1.590000 1.485000 -0.540000
v 1.565000 1.485000 -0.515000
v 1.565000 1.485000 0.515000
v 1.565000 1.510000 0.565000
v 1.835000 1.510000 0.565000
v 1.860000 1.510000 0.540000
v 1.860000 1.510000 -0.540000
v 1.835000 1.510000 -0.565000
v 1.565000 1.510000 -0.565000
v 1.540000 1.510000 -0.540000
v 1.540000 1.510000 0.540000
v 1.565000 2.030000 0.565000
v 1.835000 2.030000 0.565000
v 1.860000 2.030000 0.540000
v 1.860000 2.030000 -0.540000
v 1.835000 2.030000 -0.565000
v 1.565000 2.030000 -0.565000
v 1.540000 2.030000 -0.540000
v 1.540000 2.030000 0.540000
v 1.590000 2.055000 0.540000
v 1.810000 2.055000 0.540000
v 1.835000 2.055000 0.515000
v 1.835000 2.055000 -0.515000
v 1.810000 2.055000 -0.540000
v 1.590000 2.055000 -0.540000
v 1.565000 2.055000 -0.515000
v 1.565000 2.055000 0.515000
v 1.855000 1.460000 -0.340000
v 1.905000 1.460000 -0.340000
v 1.905000 1.460000 -0.440000
v 1.855000 1.460000 -0.440000
v 1.855000 2.080000 -0.340000
v 1.905000 2.080000 -0.340000
v 1.905000 2.080000 -0.440000
v 1.855000 2.080000 -0.440000
v 1.855000 1.460000 0.440000
v 1.905000 1.460000 0.440000
v 1.905000 1.460000 0.340000
v 1.855000 1.460000 0.340000
v 1.855000 2.080000 0.440000
v 1.905000 2.080000 0.440000
v 1.905000 2.080000 0.340000
v 1.855000 2.080000 0.340000
v 1.536800 2.045000 0.576600
v 1.863200 2.045000 0.576600
v 1.871600 2.045000 0.568200
v 1.871600 2.045000 -0.568200
v 1.863200 2.045000 -0.576600
v 1.536800 2.045000 -0.576600
v 1.528400 2.045000 -0.568200
v 1.528400 2.045000 0.568200
v 1.528400 2.053400 0.585000
v 1.871600 2.053400 0.585000
v 1.880000 2.053400 0.576600
v 1.880000 2.053400 -0.576600
v 1.871600 2.053400 -0.585000
v 1.528400 2.053400 -0.585000
v 1.520000 2.053400 -0.576600
v 1.520000 2.053400 0.576600
v 1.528400 2.106600 0.585000
v 1.871600 2.106600 0.585000
v 1.880000 2.106600 0.576600
v 1.880000 2.106600 -0.576600
v 1.871600 2.106600 -0.585000
v 1.528400 2.106600 -0.585000
v 1.520000 2.106600 -0.576600
v 1.520000 2.106600 0.576600
v 1.536800 2.115000 0.576600
v 1.863200 2.115000 0.576600
v 1.871600 2.115000 0.568200
v 1.871600 2.115000 -0.568200
v 1.863200 2.115000 -0.576600
v 1.536800 2.115000 -0.576600
v 1.528400 2.115000 -0.568200
v 1.528400 2.115000 0.568200
vn -0.0000 -1.0000 -0.0000
vn -0.0000 -0.7071 0.7071
vn 0.4083 -0.8165 0.4083
vn 0.7071 -0.7071 -0.0000
vn 0.4083 -0.8165 -0.4083
vn -0.0000 -0.7071 -0.7071
vn -0.4082 -0.8165 -0.4082
vn -0.7071 -0.7071 -0.0000
vn -0.4083 -0.8165 0.4082
vn -0.0000 -0.0000 1.0000
vn 0.7071 -0.0000 0.7071
vn 1.0000 -0.0000 -0.0000
vn 0.7071 -0.0000 -0.7071
vn -0.0000 -0.0000 -1.0000
vn -0.7071 -0.0000 -0.7071
vn -1.0000 -0.0000 -0.0000
vn -0.7071 -0.0000 0.7071
vn -0.0000 0.7071 0.7071
vn 0.4083 0.8165 0.4083
vn 0.7071 0.7071 -0.0000
vn 0.4083 0.8165 -0.4083
vn -0.0000 0.7071 -0.7071
vn -0.4082 0.8165 -0.4082
vn -0.7071 0.7071 -0.0000
vn -0.4083 0.8165 0.4082
vn -0.0000 1.0000 -0.0000
vn 0.4082 -0.8165 0.4083
vn 0.4083 -0.8165 -0.4082
vn 0.4082 0.8165 -0.4083
vn -0.4083 0.8165 -0.4082
vn -0.4082 0.8165 0.4082
vn 0.4082 -0.8165 0.4082
vn -0.4083 -0.8165 -0.4082
vn -0.4083 -0.8165 0.4083
vn 0.4082 0.8165 0.4083
vn -0.4083 0.8165 -0.4083
vn -0.4083 0.8165 0.4083
vn -0.4082 -0.8165 -0.4083
vn 0.4082 0.8165 -0.4082
vn -0.4082 0.8165 0.4083
vn 0.4083 0.8165 -0.4082
vn -0.4082 0.8165 -0.4083
vn 0.4083 -0.8165 0.4082
vn 0.4082 -0.8165 -0.4083
vn -0.4082 -0.8165 0.4082
vn 0.4083 0.8165 0.4082
vn -0.4083 -0.8165 -0.4083
vn 0.4082 0.8165 0.4082
vn 0.4082 -0.8165 -0.4082
vn -0.4082 -0.8165 0.4083
vt 0.875000 0.125000
vt 0.375000 0.125000
vt 0.125000 0.125000
vt 0.375000 0.875000
vt 0.125000 0.875000
s 0
usemtl Military_Wagon_cargo_Palette.001
f 2213/12/69 2211/12/69 2209/12/69
f 2210/12/70 2217/12/70 2209/12/70
f 2211/12/71 2218/12/71 2210/12/71
f 2211/12/72 2220/12/72 2219/12/72
f 2213/12/73 2220/12/73 2212/12/73
f 2214/12/74 2221/12/74 2213/12/74
f 2215/12/75 2222/12/75 2214/12/75
f 2216/12/76 2223/12/76 2215/12/76
f 2209/12/77 2224/12/77 2216/12/77
f 2218/12/78 2225/12/78 2217/12/78
f 2219/12/79 2226/12/79 2218/12/79
f 2220/12/80 2227/12/80 2219/12/80
f 2221/12/81 2228/12/81 2220/12/81
f 2222/12/82 2229/12/82 2221/12/82
f 2223/12/83 2230/12/83 2222/12/83
f 2224/12/84 2231/12/84 2223/12/84
f 2217/12/85 2232/12/85 2224/12/85
f 2225/12/86 2234/12/86 2233/12/86
f 2227/12/87 2234/12/87 2226/12/87
f 2228/12/88 2235/12/88 2227/12/88
f 2229/12/89 2236/12/89 2228/12/89
f 2230/12/90 2237/12/90 2229/12/90
f 2231/12/91 2238/12/91 2230/12/91
f 2231/12/92 2240/12/92 2239/12/92
f 2225/12/93 2240/12/93 2232/12/93
f 2234/12/94 2236/12/94 2238/12/94
f 2242/12/69 2241/12/69 2245/12/69
f 2242/12/70 2249/12/70 2241/12/70
f 2243/12/95 2250/12/95 2242/12/95
f 2244/12/72 2251/12/72 2243/12/72
f 2245/12/96 2252/12/96 2244/12/96
f 2246/12/74 2253/12/74 2245/12/74
f 2247/12/75 2254/12/75 2246/12/75
f 2247/12/76 2256/12/76 2255/12/76
f 2241/12/77 2256/12/77 2248/12/77
f 2250/12/78 2257/12/78 2249/12/78
f 2251/12/79 2258/12/79 2250/12/79
f 2252/12/80 2259/12/80 2251/12/80
f 2253/12/81 2260/12/81 2252/12/81
f 2254/12/82 2261/12/82 2253/12/82
f 2255/12/83 2262/12/83 2254/12/83
f 2256/12/84 2263/12/84 2255/12/84
f 2249/12/85 2264/12/85 2256/12/85
f 2257/12/86 2266/12/86 2265/12/86
f 2259/12/87 2266/12/87 2258/12/87
f 2260/12/88 2267/12/88 2259/12/88
f 2261/12/97 2268/12/97 2260/12/97
f 2261/12/90 2270/12/90 2269/12/90
f 2263/12/98 2270/12/98 2262/12/98
f 2264/12/92 2271/12/92 2263/12/92
f 2257/12/99 2272/12/99 2264/12/99
f 2270/12/94 2271/12/94 2272/12/94
f 2273/12/69 2279/12/69 2277/12/69
f 2274/12/70 2281/12/70 2273/12/70
f 2274/12/100 2283/12/100 2282/12/100
f 2276/12/72 2283/12/72 2275/12/72
f 2277/12/96 2284/12/96 2276/12/96
f 2278/12/74 2285/12/74 2277/12/74
f 2279/12/101 2286/12/101 2278/12/101
f 2279/12/76 2288/12/76 2287/12/76
f 2273/12/102 2288/12/102 2280/12/102
f 2282/12/78 2289/12/78 2281/12/78
f 2283/12/79 2290/12/79 2282/12/79
f 2284/12/80 2291/12/80 2283/12/80
f 2285/12/81 2292/12/81 2284/12/81
f 2286/12/82 2293/12/82 2285/12/82
f 2287/12/83 2294/12/83 2286/12/83
f 2288/12/84 2295/12/84 2287/12/84
f 2281/12/85 2296/12/85 2288/12/85
f 2290/12/86 2297/12/86 2289/12/86
f 2291/12/103 2298/12/103 2290/12/103
f 2291/12/88 2300/12/88 2299/12/88
f 2293/12/89 2300/12/89 2292/12/89
f 2293/12/90 2302/12/90 2301/12/90
f 2295/12/104 2302/12/104 2294/12/104
f 2296/12/92 2303/12/92 2295/12/92
f 2296/12/105 2297/12/105 2304/12/105
f 2303/12/94 2304/12/94 2300/12/94
f 2307/13/69 2306/13/69 2305/13/69
f 2306/13/70 2313/13/70 2305/13/70
f 2307/13/95 2314/13/95 2306/13/95
f 2308/13/72 2315/13/72 2307/13/72
f 2308/13/96 2317/13/96 2316/13/96
f 2309/13/74 2318/13/74 2317/13/74
f 2311/13/106 2318/13/106 2310/13/106
f 2312/13/76 2319/13/76 2311/13/76
f 2312/13/77 2313/13/77 2320/13/77
f 2314/13/78 2321/13/78 2313/13/78
f 2315/13/79 2322/13/79 2314/13/79
f 2316/13/80 2323/13/80 2315/13/80
f 2317/13/81 2324/13/81 2316/13/81
f 2318/13/82 2325/13/82 2317/13/82
f 2319/13/83 2326/13/83 2318/13/83
f 2320/13/84 2327/13/84 2319/13/84
f 2313/13/85 2328/13/85 2320/13/85
f 2321/13/86 2330/13/86 2329/13/86
f 2322/13/87 2331/13/87 2330/13/87
f 2324/13/88 2331/13/88 2323/13/88
f 2325/13/107 2332/13/107 2324/13/107
f 2326/13/90 2333/13/90 2325/13/90
f 2326/13/104 2335/13/104 2334/13/104
f 2328/13/92 2335/13/92 2327/13/92
f 2321/13/108 2336/13/108 2328/13/108
f 2335/13/94 2336/13/94 2332/13/94
f 2339/13/69 2338/13/69 2337/13/69
f 2338/13/70 2345/13/70 2337/13/70
f 2339/13/95 2346/13/95 2338/13/95
f 2340/13/72 2347/13/72 2339/13/72
f 2340/13/96 2349/13/96 2348/13/96
f 2341/13/74 2350/13/74 2349/13/74
f 2343/13/106 2350/13/106 2342/13/106
f 2344/13/76 2351/13/76 2343/13/76
f 2344/13/77 2345/13/77 2352/13/77
f 2346/13/78 2353/13/78 2345/13/78
f 2347/13/79 2354/13/79 2346/13/79
f 2348/13/80 2355/13/80 2347/13/80
f 2349/13/81 2356/13/81 2348/13/81
f 2350/13/82 2357/13/82 2349/13/82
f 2351/13/83 2358/13/83 2350/13/83
f 2352/13/84 2359/13/84 2351/13/84
f 2345/13/85 2360/13/85 2352/13/85
f 2353/13/86 2362/13/86 2361/13/86
f 2354/13/103 2363/13/103 2362/13/103
f 2356/13/88 2363/13/88 2355/13/88
f 2357/13/109 2364/13/109 2356/13/109
f 2358/13/90 2365/13/90 2357/13/90
f 2358/13/110 2367/13/110 2366/13/110
f 2360/13/92 2367/13/92 2359/13/92
f 2353/13/93 2368/13/93 2360/13/93
f 2367/13/94 2368/13/94 2364/13/94
f 2371/13/69 2370/13/69 2369/13/69
f 2370/13/70 2377/13/70 2369/13/70
f 2370/13/111 2379/13/111 2378/13/111
f 2372/13/72 2379/13/72 2371/13/72
f 2373/13/112 2380/13/112 2372/13/112
f 2373/13/74 2382/13/74 2381/13/74
f 2374/13/101 2383/13/101 2382/13/101
f 2376/13/76 2383/13/76 2375/13/76
f 2369/13/113 2384/13/113 2376/13/113
f 2378/13/78 2385/13/78 2377/13/78
f 2379/13/79 2386/13/79 2378/13/79
f 2380/13/80 2387/13/80 2379/13/80
f 2381/13/81 2388/13/81 2380/13/81
f 2382/13/82 2389/13/82 2381/13/82
f 2383/13/83 2390/13/83 2382/13/83
f 2384/13/84 2391/13/84 2383/13/84
f 2377/13/85 2392/13/85 2384/13/85
f 2385/13/86 2394/13/86 2393/13/86
f 2387/13/114 2394/13/114 2386/13/114
f 2388/13/88 2395/13/88 2387/13/88
f 2389/13/109 2396/13/109 2388/13/109
f 2390/13/90 2397/13/90 2389/13/90
f 2391/13/98 2398/13/98 2390/13/98
f 2392/13/92 2399/13/92 2391/13/92
f 2392/13/99 2393/13/99 2400/13/99
f 2399/13/94 2400/13/94 2396/13/94
f 2405/12/69 2403/12/69 2401/12/69
f 2402/12/70 2409/12/70 2401/12/70
f 2403/12/111 2410/12/111 2402/12/111
f 2403/12/72 2412/12/72 2411/12/72
f 2405/12/73 2412/12/73 2404/12/73
f 2406/12/74 2413/12/74 2405/12/74
f 2406/12/75 2415/12/75 2414/12/75
f 2408/12/76 2415/12/76 2407/12/76
f 2401/12/77 2416/12/77 2408/12/77
f 2410/12/78 2417/12/78 2409/12/78
f 2411/12/79 2418/12/79 2410/12/79
f 2412/12/80 2419/12/80 2411/12/80
f 2413/12/81 2420/12/81 2412/12/81
f 2414/12/82 2421/12/82 2413/12/82
f 2415/12/83 2422/12/83 2414/12/83
f 2416/12/84 2423/12/84 2415/12/84
f 2409/12/85 2424/12/85 2416/12/85
f 2417/12/86 2426/12/86 2425/12/86
f 2419/12/87 2426/12/87 2418/12/87
f 2420/12/88 2427/12/88 2419/12/88
f 2420/12/89 2429/12/89 2428/12/89
f 2422/12/90 2429/12/90 2421/12/90
f 2423/12/110 2430/12/110 2422/12/110
f 2423/12/92 2432/12/92 2431/12/92
f 2417/12/105 2432/12/105 2424/12/105
f 2426/12/94 2428/12/94 2430/12/94
f 2434/12/69 2433/12/69 2437/12/69
f 2434/12/70 2441/12/70 2433/12/70
f 2435/12/100 2442/12/100 2434/12/100
f 2435/12/72 2444/12/72 2443/12/72
f 2437/12/96 2444/12/96 2436/12/96
f 2438/12/74 2445/12/74 2437/12/74
f 2439/12/106 2446/12/106 2438/12/106
f 2440/12/76 2447/12/76 2439/12/76
f 2433/12/77 2448/12/77 2440/12/77
f 2442/12/78 2449/12/78 2441/12/78
f 2443/12/79 2450/12/79 2442/12/79
f 2444/12/80 2451/12/80 2443/12/80
f 2445/12/81 2452/12/81 2444/12/81
f 2446/12/82 2453/12/82 2445/12/82
f 2447/12/83 2454/12/83 2446/12/83
f 2448/12/84 2455/12/84 2447/12/84
f 2441/12/85 2456/12/85 2448/12/85
f 2449/12/86 2458/12/86 2457/12/86
f 2451/12/114 2458/12/114 2450/12/114
f 2452/12/88 2459/12/88 2451/12/88
f 2453/12/107 2460/12/107 2452/12/107
f 2453/12/90 2462/12/90 2461/12/90
f 2455/12/104 2462/12/104 2454/12/104
f 2456/12/92 2463/12/92 2455/12/92
f 2449/12/108 2464/12/108 2456/12/108
f 2462/12/94 2463/12/94 2464/12/94
f 2465/12/69 2471/12/69 2469/12/69
f 2466/12/70 2473/12/70 2465/12/70
f 2467/12/100 2474/12/100 2466/12/100
f 2468/12/72 2475/12/72 2467/12/72
f 2469/12/96 2476/12/96 2468/12/96
f 2470/12/74 2477/12/74 2469/12/74
f 2471/12/115 2478/12/115 2470/12/115
f 2471/12/76 2480/12/76 2479/12/76
f 2465/12/102 2480/12/102 2472/12/102
f 2474/12/78 2481/12/78 2473/12/78
f 2475/12/79 2482/12/79 2474/12/79
f 2476/12/80 2483/12/80 2475/12/80
f 2477/12/81 2484/12/81 2476/12/81
f 2478/12/82 2485/12/82 2477/12/82
f 2479/12/83 2486/12/83 2478/12/83
f 2480/12/84 2487/12/84 2479/12/84
f 2473/12/85 2488/12/85 2480/12/85
f 2482/12/86 2489/12/86 2481/12/86
f 2483/12/116 2490/12/116 2482/12/116
f 2483/12/88 2492/12/88 2491/12/88
f 2485/12/109 2492/12/109 2484/12/109
f 2485/12/90 2494/12/90 2493/12/90
f 2487/12/104 2494/12/104 2486/12/104
f 2488/12/92 2495/12/92 2487/12/92
f 2481/12/105 2496/12/105 2488/12/105
f 2495/12/94 2496/12/94 2492/12/94
f 2499/13/69 2498/13/69 2497/13/69
f 2497/13/70 2506/13/70 2505/13/70
f 2499/13/95 2506/13/95 2498/13/95
f 2500/13/72 2507/13/72 2499/13/72
f 2500/13/96 2509/13/96 2508/13/96
f 2502/13/74 2509/13/74 2501/13/74
f 2503/13/106 2510/13/106 2502/13/106
f 2504/13/76 2511/13/76 2503/13/76
f 2504/13/77 2505/13/77 2512/13/77
f 2506/13/78 2513/13/78 2505/13/78
f 2507/13/79 2514/13/79 2506/13/79
f 2508/13/80 2515/13/80 2507/13/80
f 2509/13/81 2516/13/81 2508/13/81
f 2510/13/82 2517/13/82 2509/13/82
f 2511/13/83 2518/13/83 2510/13/83
f 2512/13/84 2519/13/84 2511/13/84
f 2505/13/85 2520/13/85 2512/13/85
f 2514/13/86 2521/13/86 2513/13/86
f 2514/13/87 2523/13/87 2522/13/87
f 2516/13/88 2523/13/88 2515/13/88
f 2517/13/97 2524/13/97 2516/13/97
f 2517/13/90 2526/13/90 2525/13/90
f 2518/13/104 2527/13/104 2526/13/104
f 2520/13/92 2527/13/92 2519/13/92
f 2513/13/99 2528/13/99 2520/13/99
f 2527/13/94 2528/13/94 2524/13/94
f 2531/13/69 2530/13/69 2529/13/69
f 2529/13/70 2538/13/70 2537/13/70
f 2531/13/95 2538/13/95 2530/13/95
f 2532/13/72 2539/13/72 2531/13/72
f 2532/13/96 2541/13/96 2540/13/96
f 2534/13/74 2541/13/74 2533/13/74
f 2535/13/106 2542/13/106 2534/13/106
f 2536/13/76 2543/13/76 2535/13/76
f 2536/13/77 2537/13/77 2544/13/77
f 2538/13/78 2545/13/78 2537/13/78
f 2539/13/79 2546/13/79 2538/13/79
f 2540/13/80 2547/13/80 2539/13/80
f 2541/13/81 2548/13/81 2540/13/81
f 2542/13/82 2549/13/82 2541/13/82
f 2543/13/83 2550/13/83 2542/13/83
f 2544/13/84 2551/13/84 2543/13/84
f 2537/13/85 2552/13/85 2544/13/85
f 2546/13/86 2553/13/86 2545/13/86
f 2546/13/103 2555/13/103 2554/13/103
f 2548/13/88 2555/13/88 2547/13/88
f 2549/13/109 2556/13/109 2548/13/109
f 2549/13/90 2558/13/90 2557/13/90
f 2550/13/110 2559/13/110 2558/13/110
f 2552/13/92 2559/13/92 2551/13/92
f 2545/13/93 2560/13/93 2552/13/93
f 2559/13/94 2560/13/94 2556/13/94
f 2563/13/69 2562/13/69 2561/13/69
f 2561/13/70 2570/13/70 2569/13/70
f 2562/13/111 2571/13/111 2570/13/111
f 2564/13/72 2571/13/72 2563/13/72
f 2565/13/117 2572/13/117 2564/13/117
f 2566/13/74 2573/13/74 2565/13/74
f 2566/13/101 2575/13/101 2574/13/101
f 2568/13/76 2575/13/76 2567/13/76
f 2561/13/118 2576/13/118 2568/13/118
f 2570/13/78 2577/13/78 2569/13/78
f 2571/13/79 2578/13/79 2570/13/79
f 2572/13/80 2579/13/80 2571/13/80
f 2573/13/81 2580/13/81 2572/13/81
f 2574/13/82 2581/13/82 2573/13/82
f 2575/13/83 2582/13/83 2574/13/83
f 2576/13/84 2583/13/84 2575/13/84
f 2569/13/85 2584/13/85 2576/13/85
f 2578/13/86 2585/13/86 2577/13/86
f 2579/13/114 2586/13/114 2578/13/114
f 2580/13/88 2587/13/88 2579/13/88
f 2580/13/107 2589/13/107 2588/13/107
f 2581/13/90 2590/13/90 2589/13/90
f 2583/13/98 2590/13/98 2582/13/98
f 2584/13/92 2591/13/92 2583/13/92
f 2577/13/93 2592/13/93 2584/13/93
f 2591/13/94 2592/13/94 2588/13/94
f 2594/14/69 2593/14/69 2597/14/69
f 2594/14/70 2601/14/70 2593/14/70
f 2595/14/100 2602/14/100 2594/14/100
f 2596/14/72 2603/14/72 2595/14/72
f 2596/14/73 2605/14/73 2604/14/73
f 2597/14/74 2606/14/74 2605/14/74
f 2599/14/75 2606/14/75 2598/14/75
f 2600/14/76 2607/14/76 2599/14/76
f 2600/14/102 2601/14/102 2608/14/102
f 2602/14/78 2609/14/78 2601/14/78
f 2603/14/79 2610/14/79 2602/14/79
f 2604/14/80 2611/14/80 2603/14/80
f 2605/14/81 2612/14/81 2604/14/81
f 2606/14/82 2613/14/82 2605/14/82
f 2607/14/83 2614/14/83 2606/14/83
f 2608/14/84 2615/14/84 2607/14/84
f 2601/14/85 2616/14/85 2608/14/85
f 2610/14/86 2617/14/86 2609/14/86
f 2610/14/114 2619/14/114 2618/14/114
f 2612/14/88 2619/14/88 2611/14/88
f 2613/14/89 2620/14/89 2612/14/89
f 2613/14/90 2622/14/90 2621/14/90
f 2614/14/91 2623/14/91 2622/14/91
f 2616/14/92 2623/14/92 2615/14/92
f 2609/14/108 2624/14/108 2616/14/108
f 2622/14/94 2623/14/94 2624/14/94
f 2626/14/69 2625/14/69 2629/14/69
f 2626/14/70 2633/14/70 2625/14/70
f 2627/14/100 2634/14/100 2626/14/100
f 2628/14/72 2635/14/72 2627/14/72
f 2629/14/112 2636/14/112 2628/14/112
f 2629/14/74 2638/14/74 2637/14/74
f 2631/14/75 2638/14/75 2630/14/75
f 2632/14/76 2639/14/76 2631/14/76
f 2632/14/102 2633/14/102 2640/14/102
f 2634/14/78 2641/14/78 2633/14/78
f 2635/14/79 2642/14/79 2634/14/79
f 2636/14/80 2643/14/80 2635/14/80
f 2637/14/81 2644/14/81 2636/14/81
f 2638/14/82 2645/14/82 2637/14/82
f 2639/14/83 2646/14/83 2638/14/83
f 2640/14/84 2647/14/84 2639/14/84
f 2633/14/85 2648/14/85 2640/14/85
f 2641/14/86 2650/14/86 2649/14/86
f 2642/14/103 2651/14/103 2650/14/103
f 2644/14/88 2651/14/88 2643/14/88
f 2645/14/89 2652/14/89 2644/14/89
f 2645/14/90 2654/14/90 2653/14/90
f 2647/14/98 2654/14/98 2646/14/98
f 2648/14/92 2655/14/92 2647/14/92
f 2641/14/105 2656/14/105 2648/14/105
f 2654/14/94 2655/14/94 2656/14/94
f 2658/14/69 2657/14/69 2661/14/69
f 2658/14/70 2665/14/70 2657/14/70
f 2659/14/100 2666/14/100 2658/14/100
f 2660/14/72 2667/14/72 2659/14/72
f 2661/14/112 2668/14/112 2660/14/112
f 2662/14/74 2669/14/74 2661/14/74
f 2663/14/75 2670/14/75 2662/14/75
f 2664/14/76 2671/14/76 2663/14/76
f 2664/14/77 2665/14/77 2672/14/77
f 2666/14/78 2673/14/78 2665/14/78
f 2667/14/79 2674/14/79 2666/14/79
f 2668/14/80 2675/14/80 2667/14/80
f 2669/14/81 2676/14/81 2668/14/81
f 2670/14/82 2677/14/82 2669/14/82
f 2671/14/83 2678/14/83 2670/14/83
f 2672/14/84 2679/14/84 2671/14/84
f 2665/14/85 2680/14/85 2672/14/85
f 2674/14/86 2681/14/86 2673/14/86
f 2674/14/116 2683/14/116 2682/14/116
f 2676/14/88 2683/14/88 2675/14/88
f 2676/14/97 2685/14/97 2684/14/97
f 2678/14/90 2685/14/90 2677/14/90
f 2679/14/98 2686/14/98 2678/14/98
f 2680/14/92 2687/14/92 2679/14/92
f 2673/14/93 2688/14/93 2680/14/93
f 2686/14/94 2687/14/94 2688/14/94
f 2690/14/69 2689/14/69 2693/14/69
f 2690/14/70 2697/14/70 2689/14/70
f 2691/14/100 2698/14/100 2690/14/100
f 2692/14/72 2699/14/72 2691/14/72
f 2693/14/117 2700/14/117 2692/14/117
f 2694/14/74 2701/14/74 2693/14/74
f 2695/14/106 2702/14/106 2694/14/106
f 2695/14/76 2704/14/76 2703/14/76
f 2689/14/113 2704/14/113 2696/14/113
f 2698/14/78 2705/14/78 2697/14/78
f 2699/14/79 2706/14/79 2698/14/79
f 2700/14/80 2707/14/80 2699/14/80
f 2701/14/81 2708/14/81 2700/14/81
f 2702/14/82 2709/14/82 2701/14/82
f 2703/14/83 2710/14/83 2702/14/83
f 2704/14/84 2711/14/84 2703/14/84
f 2697/14/85 2712/14/85 2704/14/85
f 2706/14/86 2713/14/86 2705/14/86
f 2707/14/116 2714/14/116 2706/14/116
f 2707/14/88 2716/14/88 2715/14/88
f 2709/14/109 2716/14/109 2708/14/109
f 2710/14/90 2717/14/90 2709/14/90
f 2710/14/110 2719/14/110 2718/14/110
f 2712/14/92 2719/14/92 2711/14/92
f 2705/14/93 2720/14/93 2712/14/93
f 2718/14/94 2719/14/94 2720/14/94
f 2723/12/69 2721/12/69 2724/12/69
f 2726/12/94 2728/12/94 2725/12/94
f 2722/12/78 2725/12/78 2721/12/78
f 2723/12/80 2726/12/80 2722/12/80
f 2724/12/82 2727/12/82 2723/12/82
f 2721/12/84 2728/12/84 2724/12/84
f 2731/12/69 2729/12/69 2732/12/69
f 2734/12/94 2736/12/94 2733/12/94
f 2730/12/78 2733/12/78 2729/12/78
f 2731/12/80 2734/12/80 2730/12/80
f 2732/12/82 2735/12/82 2731/12/82
f 2729/12/84 2736/12/84 2732/12/84
f 2739/15/69 2738/15/69 2737/15/69
f 2737/15/70 2746/15/70 2745/15/70
f 2739/15/100 2746/15/100 2738/15/100
f 2739/15/72 2748/15/72 2747/15/72
f 2740/15/73 2749/15/73 2748/15/73
f 2742/15/74 2749/15/74 2741/15/74
f 2743/15/75 2750/15/75 2742/15/75
f 2744/15/76 2751/15/76 2743/15/76
f 2744/15/77 2745/15/77 2752/15/77
f 2746/15/78 2753/15/78 2745/15/78
f 2747/15/79 2754/15/79 2746/15/79
f 2748/15/80 2755/15/80 2747/15/80
f 2749/15/81 2756/15/81 2748/15/81
f 2750/15/82 2757/15/82 2749/15/82
f 2751/15/83 2758/15/83 2750/15/83
f 2752/15/84 2759/15/84 2751/15/84
f 2745/15/85 2760/15/85 2752/15/85
f 2754/15/86 2761/15/86 2753/15/86
f 2755/15/114 2762/15/114 2754/15/114
f 2756/15/88 2763/15/88 2755/15/88
f 2756/15/89 2765/15/89 2764/15/89
f 2757/15/90 2766/15/90 2765/15/90
f 2758/15/104 2767/15/104 2766/15/104
f 2760/15/92 2767/15/92 2759/15/92
f 2753/15/93 2768/15/93 2760/15/93
f 2767/15/94 2768/15/94 2764/15/94
f 2771/12/69 2769/12/69 2772/12/69
f 2774/12/94 2776/12/94 2773/12/94
f 2770/12/78 2773/12/78 2769/12/78
f 2771/12/80 2774/12/80 2770/12/80
f 2772/12/82 2775/12/82 2771/12/82
f 2769/12/84 2776/12/84 2772/12/84
f 2779/12/69 2777/12/69 2780/12/69
f 2782/12/94 2784/12/94 2781/12/94
f 2778/12/78 2781/12/78 2777/12/78
f 2779/12/80 2782/12/80 2778/12/80
f 2780/12/82 2783/12/82 2779/12/82
f 2777/12/84 2784/12/84 2780/12/84
f 2787/16/69 2786/16/69 2785/16/69
f 2786/16/70 2793/16/70 2785/16/70
f 2787/16/100 2794/16/100 2786/16/100
f 2788/16/72 2795/16/72 2787/16/72
f 2788/16/96 2797/16/96 2796/16/96
f 2790/16/74 2797/16/74 2789/16/74
f 2790/16/115 2799/16/115 2798/16/115
f 2792/16/76 2799/16/76 2791/16/76
f 2785/16/113 2800/16/113 2792/16/113
f 2794/16/78 2801/16/78 2793/16/78
f 2795/16/79 2802/16/79 2794/16/79
f 2796/16/80 2803/16/80 2795/16/80
f 2797/16/81 2804/16/81 2796/16/81
f 2798/16/82 2805/16/82 2797/16/82
f 2799/16/83 2806/16/83 2798/16/83
f 2800/16/84 2807/16/84 2799/16/84
f 2793/16/85 2808/16/85 2800/16/85
f 2802/16/86 2809/16/86 2801/16/86
f 2803/16/103 2810/16/103 2802/16/103
f 2804/16/88 2811/16/88 2803/16/88
f 2804/16/107 2813/16/107 2812/16/107
f 2806/16/90 2813/16/90 2805/16/90
f 2807/16/110 2814/16/110 2806/16/110
f 2808/16/92 2815/16/92 2807/16/92
f 2808/16/99 2809/16/99 2816/16/99
f 2815/16/94 2816/16/94 2812/16/94
f 2819/15/69 2818/15/69 2817/15/69
f 2818/15/70 2825/15/70 2817/15/70
f 2819/15/100 2826/15/100 2818/15/100
f 2820/15/72 2827/15/72 2819/15/72
f 2820/15/96 2829/15/96 2828/15/96
f 2821/15/74 2830/15/74 2829/15/74
f 2823/15/75 2830/15/75 2822/15/75
f 2823/15/76 2832/15/76 2831/15/76
f 2824/15/102 2825/15/102 2832/15/102
f 2826/15/78 2833/15/78 2825/15/78
f 2827/15/79 2834/15/79 2826/15/79
f 2828/15/80 2835/15/80 2827/15/80
f 2829/15/81 2836/15/81 2828/15/81
f 2830/15/82 2837/15/82 2829/15/82
f 2831/15/83 2838/15/83 2830/15/83
f 2832/15/84 2839/15/84 2831/15/84
f 2825/15/85 2840/15/85 2832/15/85
f 2833/15/86 2842/15/86 2841/15/86
f 2834/15/87 2843/15/87 2842/15/87
f 2836/15/88 2843/15/88 2835/15/88
f 2837/15/109 2844/15/109 2836/15/109
f 2838/15/90 2845/15/90 2837/15/90
f 2839/15/98 2846/15/98 2838/15/98
f 2840/15/92 2847/15/92 2839/15/92
f 2840/15/105 2841/15/105 2848/15/105
f 2847/15/94 2848/15/94 2844/15/94
f 2851/12/69 2849/12/69 2852/12/69
f 2854/12/94 2856/12/94 2853/12/94
f 2850/12/78 2853/12/78 2849/12/78
f 2851/12/80 2854/12/80 2850/12/80
f 2852/12/82 2855/12/82 2851/12/82
f 2849/12/84 2856/12/84 2852/12/84
f 2859/12/69 2857/12/69 2860/12/69
f 2862/12/94 2864/12/94 2861/12/94
f 2858/12/78 2861/12/78 2857/12/78
f 2859/12/80 2862/12/80 2858/12/80
f 2860/12/82 2863/12/82 2859/12/82
f 2857/12/84 2864/12/84 2860/12/84
f 2867/16/69 2866/16/69 2865/16/69
f 2866/16/70 2873/16/70 2865/16/70
f 2866/16/71 2875/16/71 2874/16/71
f 2868/16/72 2875/16/72 2867/16/72
f 2869/16/117 2876/16/117 2868/16/117
f 2870/16/74 2877/16/74 2869/16/74
f 2871/16/75 2878/16/75 2870/16/75
f 2872/16/76 2879/16/76 2871/16/76
f 2872/16/77 2873/16/77 2880/16/77
f 2874/16/78 2881/16/78 2873/16/78
f 2875/16/79 2882/16/79 2874/16/79
f 2876/16/80 2883/16/80 2875/16/80
f 2877/16/81 2884/16/81 2876/16/81
f 2878/16/82 2885/16/82 2877/16/82
f 2879/16/83 2886/16/83 2878/16/83
f 2880/16/84 2887/16/84 2879/16/84
f 2873/16/85 2888/16/85 2880/16/85
f 2882/16/86 2889/16/86 2881/16/86
f 2883/16/103 2890/16/103 2882/16/103
f 2884/16/88 2891/16/88 2883/16/88
f 2884/16/107 2893/16/107 2892/16/107
f 2886/16/90 2893/16/90 2885/16/90
f 2887/16/110 2894/16/110 2886/16/110
f 2888/16/92 2895/16/92 2887/16/92
f 2888/16/99 2889/16/99 2896/16/99
f 2895/16/94 2896/16/94 2892/16/94
f 2209/12/69 2216/12/69 2215/12/69
f 2215/12/69 2214/12/69 2209/12/69
f 2214/12/69 2213/12/69 2209/12/69
f 2213/12/69 2212/12/69 2211/12/69
f 2211/12/69 2210/12/69 2209/12/69
f 2210/12/70 2218/12/70 2217/12/70
f 2211/12/100 2219/12/100 2218/12/100
f 2211/12/72 2212/12/72 2220/12/72
f 2213/12/117 2221/12/117 2220/12/117
f 2214/12/74 2222/12/74 2221/12/74
f 2215/12/75 2223/12/75 2222/12/75
f 2216/12/76 2224/12/76 2223/12/76
f 2209/12/77 2217/12/77 2224/12/77
f 2218/12/78 2226/12/78 2225/12/78
f 2219/12/79 2227/12/79 2226/12/79
f 2220/12/80 2228/12/80 2227/12/80
f 2221/12/81 2229/12/81 2228/12/81
f 2222/12/82 2230/12/82 2229/12/82
f 2223/12/83 2231/12/83 2230/12/83
f 2224/12/84 2232/12/84 2231/12/84
f 2217/12/85 2225/12/85 2232/12/85
f 2225/12/86 2226/12/86 2234/12/86
f 2227/12/87 2235/12/87 2234/12/87
f 2228/12/88 2236/12/88 2235/12/88
f 2229/12/89 2237/12/89 2236/12/89
f 2230/12/90 2238/12/90 2237/12/90
f 2231/12/104 2239/12/104 2238/12/104
f 2231/12/92 2232/12/92 2240/12/92
f 2225/12/93 2233/12/93 2240/12/93
f 2240/12/94 2233/12/94 2234/12/94
f 2234/12/94 2235/12/94 2236/12/94
f 2236/12/94 2237/12/94 2238/12/94
f 2238/12/94 2239/12/94 2240/12/94
f 2240/12/94 2234/12/94 2238/12/94
f 2241/12/69 2248/12/69 2247/12/69
f 2247/12/69 2246/12/69 2241/12/69
f 2246/12/69 2245/12/69 2241/12/69
f 2245/12/69 2244/12/69 2243/12/69
f 2243/12/69 2242/12/69 2245/12/69
f 2242/12/70 2250/12/70 2249/12/70
f 2243/12/100 2251/12/100 2250/12/100
f 2244/12/72 2252/12/72 2251/12/72
f 2245/12/112 2253/12/112 2252/12/112
f 2246/12/74 2254/12/74 2253/12/74
f 2247/12/75 2255/12/75 2254/12/75
f 2247/12/76 2248/12/76 2256/12/76
f 2241/12/113 2249/12/113 2256/12/113
f 2250/12/78 2258/12/78 2257/12/78
f 2251/12/79 2259/12/79 2258/12/79
f 2252/12/80 2260/12/80 2259/12/80
f 2253/12/81 2261/12/81 2260/12/81
f 2254/12/82 2262/12/82 2261/12/82
f 2255/12/83 2263/12/83 2262/12/83
f 2256/12/84 2264/12/84 2263/12/84
f 2249/12/85 2257/12/85 2264/12/85
f 2257/12/86 2258/12/86 2266/12/86
f 2259/12/87 2267/12/87 2266/12/87
f 2260/12/88 2268/12/88 2267/12/88
f 2261/12/89 2269/12/89 2268/12/89
f 2261/12/90 2262/12/90 2270/12/90
f 2263/12/98 2271/12/98 2270/12/98
f 2264/12/92 2272/12/92 2271/12/92
f 2257/12/93 2265/12/93 2272/12/93
f 2272/12/94 2265/12/94 2268/12/94
f 2265/12/94 2266/12/94 2268/12/94
f 2266/12/94 2267/12/94 2268/12/94
f 2268/12/94 2269/12/94 2272/12/94
f 2269/12/94 2270/12/94 2272/12/94
f 2273/12/69 2280/12/69 2279/12/69
f 2279/12/69 2278/12/69 2277/12/69
f 2277/12/69 2276/12/69 2275/12/69
f 2275/12/69 2274/12/69 2277/12/69
f 2274/12/69 2273/12/69 2277/12/69
f 2274/12/70 2282/12/70 2281/12/70
f 2274/12/71 2275/12/71 2283/12/71
f 2276/12/72 2284/12/72 2283/12/72
f 2277/12/73 2285/12/73 2284/12/73
f 2278/12/74 2286/12/74 2285/12/74
f 2279/12/75 2287/12/75 2286/12/75
f 2279/12/76 2280/12/76 2288/12/76
f 2273/12/113 2281/12/113 2288/12/113
f 2282/12/78 2290/12/78 2289/12/78
f 2283/12/79 2291/12/79 2290/12/79
f 2284/12/80 2292/12/80 2291/12/80
f 2285/12/81 2293/12/81 2292/12/81
f 2286/12/82 2294/12/82 2293/12/82
f 2287/12/83 2295/12/83 2294/12/83
f 2288/12/84 2296/12/84 2295/12/84
f 2281/12/85 2289/12/85 2296/12/85
f 2290/12/86 2298/12/86 2297/12/86
f 2291/12/87 2299/12/87 2298/12/87
f 2291/12/88 2292/12/88 2300/12/88
f 2293/12/89 2301/12/89 2300/12/89
f 2293/12/90 2294/12/90 2302/12/90
f 2295/12/98 2303/12/98 2302/12/98
f 2296/12/92 2304/12/92 2303/12/92
f 2296/12/99 2289/12/99 2297/12/99
f 2304/12/94 2297/12/94 2300/12/94
f 2297/12/94 2298/12/94 2300/12/94
f 2298/12/94 2299/12/94 2300/12/94
f 2300/12/94 2301/12/94 2302/12/94
f 2302/12/94 2303/12/94 2300/12/94
f 2305/13/69 2312/13/69 2307/13/69
f 2312/13/69 2311/13/69 2307/13/69
f 2311/13/69 2310/13/69 2309/13/69
f 2309/13/69 2308/13/69 2311/13/69
f 2308/13/69 2307/13/69 2311/13/69
f 2306/13/70 2314/13/70 2313/13/70
f 2307/13/111 2315/13/111 2314/13/111
f 2308/13/72 2316/13/72 2315/13/72
f 2308/13/112 2309/13/112 2317/13/112
f 2309/13/74 2310/13/74 2318/13/74
f 2311/13/101 2319/13/101 2318/13/101
f 2312/13/76 2320/13/76 2319/13/76
f 2312/13/118 2305/13/118 2313/13/118
f 2314/13/78 2322/13/78 2321/13/78
f 2315/13/79 2323/13/79 2322/13/79
f 2316/13/80 2324/13/80 2323/13/80
f 2317/13/81 2325/13/81 2324/13/81
f 2318/13/82 2326/13/82 2325/13/82
f 2319/13/83 2327/13/83 2326/13/83
f 2320/13/84 2328/13/84 2327/13/84
f 2313/13/85 2321/13/85 2328/13/85
f 2321/13/86 2322/13/86 2330/13/86
f 2322/13/116 2323/13/116 2331/13/116
f 2324/13/88 2332/13/88 2331/13/88
f 2325/13/89 2333/13/89 2332/13/89
f 2326/13/90 2334/13/90 2333/13/90
f 2326/13/110 2327/13/110 2335/13/110
f 2328/13/92 2336/13/92 2335/13/92
f 2321/13/105 2329/13/105 2336/13/105
f 2336/13/94 2329/13/94 2330/13/94
f 2330/13/94 2331/13/94 2336/13/94
f 2331/13/94 2332/13/94 2336/13/94
f 2332/13/94 2333/13/94 2334/13/94
f 2334/13/94 2335/13/94 2332/13/94
f 2337/13/69 2344/13/69 2339/13/69
f 2344/13/69 2343/13/69 2339/13/69
f 2343/13/69 2342/13/69 2341/13/69
f 2341/13/69 2340/13/69 2343/13/69
f 2340/13/69 2339/13/69 2343/13/69
f 2338/13/70 2346/13/70 2345/13/70
f 2339/13/111 2347/13/111 2346/13/111
f 2340/13/72 2348/13/72 2347/13/72
f 2340/13/112 2341/13/112 2349/13/112
f 2341/13/74 2342/13/74 2350/13/74
f 2343/13/101 2351/13/101 2350/13/101
f 2344/13/76 2352/13/76 2351/13/76
f 2344/13/118 2337/13/118 2345/13/118
f 2346/13/78 2354/13/78 2353/13/78
f 2347/13/79 2355/13/79 2354/13/79
f 2348/13/80 2356/13/80 2355/13/80
f 2349/13/81 2357/13/81 2356/13/81
f 2350/13/82 2358/13/82 2357/13/82
f 2351/13/83 2359/13/83 2358/13/83
f 2352/13/84 2360/13/84 2359/13/84
f 2345/13/85 2353/13/85 2360/13/85
f 2353/13/86 2354/13/86 2362/13/86
f 2354/13/114 2355/13/114 2363/13/114
f 2356/13/88 2364/13/88 2363/13/88
f 2357/13/97 2365/13/97 2364/13/97
f 2358/13/90 2366/13/90 2365/13/90
f 2358/13/98 2359/13/98 2367/13/98
f 2360/13/92 2368/13/92 2367/13/92
f 2353/13/108 2361/13/108 2368/13/108
f 2368/13/94 2361/13/94 2362/13/94
f 2362/13/94 2363/13/94 2368/13/94
f 2363/13/94 2364/13/94 2368/13/94
f 2364/13/94 2365/13/94 2366/13/94
f 2366/13/94 2367/13/94 2364/13/94
f 2369/13/69 2376/13/69 2371/13/69
f 2376/13/69 2375/13/69 2371/13/69
f 2375/13/69 2374/13/69 2373/13/69
f 2373/13/69 2372/13/69 2375/13/69
f 2372/13/69 2371/13/69 2375/13/69
f 2370/13/70 2378/13/70 2377/13/70
f 2370/13/95 2371/13/95 2379/13/95
f 2372/13/72 2380/13/72 2379/13/72
f 2373/13/96 2381/13/96 2380/13/96
f 2373/13/74 2374/13/74 2382/13/74
f 2374/13/75 2375/13/75 2383/13/75
f 2376/13/76 2384/13/76 2383/13/76
f 2369/13/77 2377/13/77 2384/13/77
f 2378/13/78 2386/13/78 2385/13/78
f 2379/13/79 2387/13/79 2386/13/79
f 2380/13/80 2388/13/80 2387/13/80
f 2381/13/81 2389/13/81 2388/13/81
f 2382/13/82 2390/13/82 2389/13/82
f 2383/13/83 2391/13/83 2390/13/83
f 2384/13/84 2392/13/84 2391/13/84
f 2377/13/85 2385/13/85 2392/13/85
f 2385/13/86 2386/13/86 2394/13/86
f 2387/13/103 2395/13/103 2394/13/103
f 2388/13/88 2396/13/88 2395/13/88
f 2389/13/107 2397/13/107 2396/13/107
f 2390/13/90 2398/13/90 2397/13/90
f 2391/13/91 2399/13/91 2398/13/91
f 2392/13/92 2400/13/92 2399/13/92
f 2392/13/93 2385/13/93 2393/13/93
f 2400/13/94 2393/13/94 2394/13/94
f 2394/13/94 2395/13/94 2400/13/94
f 2395/13/94 2396/13/94 2400/13/94
f 2396/13/94 2397/13/94 2398/13/94
f 2398/13/94 2399/13/94 2396/13/94
f 2401/12/69 2408/12/69 2407/12/69
f 2407/12/69 2406/12/69 2401/12/69
f 2406/12/69 2405/12/69 2401/12/69
f 2405/12/69 2404/12/69 2403/12/69
f 2403/12/69 2402/12/69 2401/12/69
f 2402/12/70 2410/12/70 2409/12/70
f 2403/12/100 2411/12/100 2410/12/100
f 2403/12/72 2404/12/72 2412/12/72
f 2405/12/117 2413/12/117 2412/12/117
f 2406/12/74 2414/12/74 2413/12/74
f 2406/12/115 2407/12/115 2415/12/115
f 2408/12/76 2416/12/76 2415/12/76
f 2401/12/102 2409/12/102 2416/12/102
f 2410/12/78 2418/12/78 2417/12/78
f 2411/12/79 2419/12/79 2418/12/79
f 2412/12/80 2420/12/80 2419/12/80
f 2413/12/81 2421/12/81 2420/12/81
f 2414/12/82 2422/12/82 2421/12/82
f 2415/12/83 2423/12/83 2422/12/83
f 2416/12/84 2424/12/84 2423/12/84
f 2409/12/85 2417/12/85 2424/12/85
f 2417/12/86 2418/12/86 2426/12/86
f 2419/12/114 2427/12/114 2426/12/114
f 2420/12/88 2428/12/88 2427/12/88
f 2420/12/107 2421/12/107 2429/12/107
f 2422/12/90 2430/12/90 2429/12/90
f 2423/12/104 2431/12/104 2430/12/104
f 2423/12/92 2424/12/92 2432/12/92
f 2417/12/105 2425/12/105 2432/12/105
f 2432/12/94 2425/12/94 2426/12/94
f 2426/12/94 2427/12/94 2428/12/94
f 2428/12/94 2429/12/94 2430/12/94
f 2430/12/94 2431/12/94 2432/12/94
f 2432/12/94 2426/12/94 2430/12/94
f 2433/12/69 2440/12/69 2439/12/69
f 2439/12/69 2438/12/69 2433/12/69
f 2438/12/69 2437/12/69 2433/12/69
f 2437/12/69 2436/12/69 2435/12/69
f 2435/12/69 2434/12/69 2437/12/69
f 2434/12/70 2442/12/70 2441/12/70
f 2435/12/100 2443/12/100 2442/12/100
f 2435/12/72 2436/12/72 2444/12/72
f 2437/12/117 2445/12/117 2444/12/117
f 2438/12/74 2446/12/74 2445/12/74
f 2439/12/75 2447/12/75 2446/12/75
f 2440/12/76 2448/12/76 2447/12/76
f 2433/12/118 2441/12/118 2448/12/118
f 2442/12/78 2450/12/78 2449/12/78
f 2443/12/79 2451/12/79 2450/12/79
f 2444/12/80 2452/12/80 2451/12/80
f 2445/12/81 2453/12/81 2452/12/81
f 2446/12/82 2454/12/82 2453/12/82
f 2447/12/83 2455/12/83 2454/12/83
f 2448/12/84 2456/12/84 2455/12/84
f 2441/12/85 2449/12/85 2456/12/85
f 2449/12/86 2450/12/86 2458/12/86
f 2451/12/114 2459/12/114 2458/12/114
f 2452/12/88 2460/12/88 2459/12/88
f 2453/12/109 2461/12/109 2460/12/109
f 2453/12/90 2454/12/90 2462/12/90
f 2455/12/104 2463/12/104 2462/12/104
f 2456/12/92 2464/12/92 2463/12/92
f 2449/12/105 2457/12/105 2464/12/105
f 2464/12/94 2457/12/94 2460/12/94
f 2457/12/94 2458/12/94 2460/12/94
f 2458/12/94 2459/12/94 2460/12/94
f 2460/12/94 2461/12/94 2464/12/94
f 2461/12/94 2462/12/94 2464/12/94
f 2465/12/69 2472/12/69 2471/12/69
f 2471/12/69 2470/12/69 2469/12/69
f 2469/12/69 2468/12/69 2467/12/69
f 2467/12/69 2466/12/69 2469/12/69
f 2466/12/69 2465/12/69 2469/12/69
f 2466/12/70 2474/12/70 2473/12/70
f 2467/12/100 2475/12/100 2474/12/100
f 2468/12/72 2476/12/72 2475/12/72
f 2469/12/96 2477/12/96 2476/12/96
f 2470/12/74 2478/12/74 2477/12/74
f 2471/12/75 2479/12/75 2478/12/75
f 2471/12/76 2472/12/76 2480/12/76
f 2465/12/113 2473/12/113 2480/12/113
f 2474/12/78 2482/12/78 2481/12/78
f 2475/12/79 2483/12/79 2482/12/79
f 2476/12/80 2484/12/80 2483/12/80
f 2477/12/81 2485/12/81 2484/12/81
f 2478/12/82 2486/12/82 2485/12/82
f 2479/12/83 2487/12/83 2486/12/83
f 2480/12/84 2488/12/84 2487/12/84
f 2473/12/85 2481/12/85 2488/12/85
f 2482/12/86 2490/12/86 2489/12/86
f 2483/12/87 2491/12/87 2490/12/87
f 2483/12/88 2484/12/88 2492/12/88
f 2485/12/109 2493/12/109 2492/12/109
f 2485/12/90 2486/12/90 2494/12/90
f 2487/12/104 2495/12/104 2494/12/104
f 2488/12/92 2496/12/92 2495/12/92
f 2481/12/105 2489/12/105 2496/12/105
f 2496/12/94 2489/12/94 2492/12/94
f 2489/12/94 2490/12/94 2492/12/94
f 2490/12/94 2491/12/94 2492/12/94
f 2492/12/94 2493/12/94 2494/12/94
f 2494/12/94 2495/12/94 2492/12/94
f 2497/13/69 2504/13/69 2499/13/69
f 2504/13/69 2503/13/69 2499/13/69
f 2503/13/69 2502/13/69 2501/13/69
f 2501/13/69 2500/13/69 2503/13/69
f 2500/13/69 2499/13/69 2503/13/69
f 2497/13/70 2498/13/70 2506/13/70
f 2499/13/111 2507/13/111 2506/13/111
f 2500/13/72 2508/13/72 2507/13/72
f 2500/13/112 2501/13/112 2509/13/112
f 2502/13/74 2510/13/74 2509/13/74
f 2503/13/101 2511/13/101 2510/13/101
f 2504/13/76 2512/13/76 2511/13/76
f 2504/13/118 2497/13/118 2505/13/118
f 2506/13/78 2514/13/78 2513/13/78
f 2507/13/79 2515/13/79 2514/13/79
f 2508/13/80 2516/13/80 2515/13/80
f 2509/13/81 2517/13/81 2516/13/81
f 2510/13/82 2518/13/82 2517/13/82
f 2511/13/83 2519/13/83 2518/13/83
f 2512/13/84 2520/13/84 2519/13/84
f 2505/13/85 2513/13/85 2520/13/85
f 2514/13/86 2522/13/86 2521/13/86
f 2514/13/103 2515/13/103 2523/13/103
f 2516/13/88 2524/13/88 2523/13/88
f 2517/13/89 2525/13/89 2524/13/89
f 2517/13/90 2518/13/90 2526/13/90
f 2518/13/91 2519/13/91 2527/13/91
f 2520/13/92 2528/13/92 2527/13/92
f 2513/13/105 2521/13/105 2528/13/105
f 2528/13/94 2521/13/94 2522/13/94
f 2522/13/94 2523/13/94 2528/13/94
f 2523/13/94 2524/13/94 2528/13/94
f 2524/13/94 2525/13/94 2526/13/94
f 2526/13/94 2527/13/94 2524/13/94
f 2529/13/69 2536/13/69 2531/13/69
f 2536/13/69 2535/13/69 2531/13/69
f 2535/13/69 2534/13/69 2533/13/69
f 2533/13/69 2532/13/69 2535/13/69
f 2532/13/69 2531/13/69 2535/13/69
f 2529/13/70 2530/13/70 2538/13/70
f 2531/13/111 2539/13/111 2538/13/111
f 2532/13/72 2540/13/72 2539/13/72
f 2532/13/112 2533/13/112 2541/13/112
f 2534/13/74 2542/13/74 2541/13/74
f 2535/13/101 2543/13/101 2542/13/101
f 2536/13/76 2544/13/76 2543/13/76
f 2536/13/118 2529/13/118 2537/13/118
f 2538/13/78 2546/13/78 2545/13/78
f 2539/13/79 2547/13/79 2546/13/79
f 2540/13/80 2548/13/80 2547/13/80
f 2541/13/81 2549/13/81 2548/13/81
f 2542/13/82 2550/13/82 2549/13/82
f 2543/13/83 2551/13/83 2550/13/83
f 2544/13/84 2552/13/84 2551/13/84
f 2537/13/85 2545/13/85 2552/13/85
f 2546/13/86 2554/13/86 2553/13/86
f 2546/13/114 2547/13/114 2555/13/114
f 2548/13/88 2556/13/88 2555/13/88
f 2549/13/97 2557/13/97 2556/13/97
f 2549/13/90 2550/13/90 2558/13/90
f 2550/13/98 2551/13/98 2559/13/98
f 2552/13/92 2560/13/92 2559/13/92
f 2545/13/108 2553/13/108 2560/13/108
f 2560/13/94 2553/13/94 2554/13/94
f 2554/13/94 2555/13/94 2560/13/94
f 2555/13/94 2556/13/94 2560/13/94
f 2556/13/94 2557/13/94 2558/13/94
f 2558/13/94 2559/13/94 2556/13/94
f 2561/13/69 2568/13/69 2563/13/69
f 2568/13/69 2567/13/69 2563/13/69
f 2567/13/69 2566/13/69 2565/13/69
f 2565/13/69 2564/13/69 2567/13/69
f 2564/13/69 2563/13/69 2567/13/69
f 2561/13/70 2562/13/70 2570/13/70
f 2562/13/100 2563/13/100 2571/13/100
f 2564/13/72 2572/13/72 2571/13/72
f 2565/13/96 2573/13/96 2572/13/96
f 2566/13/74 2574/13/74 2573/13/74
f 2566/13/106 2567/13/106 2575/13/106
f 2568/13/76 2576/13/76 2575/13/76
f 2561/13/77 2569/13/77 2576/13/77
f 2570/13/78 2578/13/78 2577/13/78
f 2571/13/79 2579/13/79 2578/13/79
f 2572/13/80 2580/13/80 2579/13/80
f 2573/13/81 2581/13/81 2580/13/81
f 2574/13/82 2582/13/82 2581/13/82
f 2575/13/83 2583/13/83 2582/13/83
f 2576/13/84 2584/13/84 2583/13/84
f 2569/13/85 2577/13/85 2584/13/85
f 2578/13/86 2586/13/86 2585/13/86
f 2579/13/116 2587/13/116 2586/13/116
f 2580/13/88 2588/13/88 2587/13/88
f 2580/13/109 2581/13/109 2589/13/109
f 2581/13/90 2582/13/90 2590/13/90
f 2583/13/110 2591/13/110 2590/13/110
f 2584/13/92 2592/13/92 2591/13/92
f 2577/13/99 2585/13/99 2592/13/99
f 2592/13/94 2585/13/94 2586/13/94
f 2586/13/94 2587/13/94 2592/13/94
f 2587/13/94 2588/13/94 2592/13/94
f 2588/13/94 2589/13/94 2590/13/94
f 2590/13/94 2591/13/94 2588/13/94
f 2593/14/69 2600/14/69 2599/14/69
f 2599/14/69 2598/14/69 2593/14/69
f 2598/14/69 2597/14/69 2593/14/69
f 2597/14/69 2596/14/69 2595/14/69
f 2595/14/69 2594/14/69 2597/14/69
f 2594/14/70 2602/14/70 2601/14/70
f 2595/14/71 2603/14/71 2602/14/71
f 2596/14/72 2604/14/72 2603/14/72
f 2596/14/117 2597/14/117 2605/14/117
f 2597/14/74 2598/14/74 2606/14/74
f 2599/14/115 2607/14/115 2606/14/115
f 2600/14/76 2608/14/76 2607/14/76
f 2600/14/113 2593/14/113 2601/14/113
f 2602/14/78 2610/14/78 2609/14/78
f 2603/14/79 2611/14/79 2610/14/79
f 2604/14/80 2612/14/80 2611/14/80
f 2605/14/81 2613/14/81 2612/14/81
f 2606/14/82 2614/14/82 2613/14/82
f 2607/14/83 2615/14/83 2614/14/83
f 2608/14/84 2616/14/84 2615/14/84
f 2601/14/85 2609/14/85 2616/14/85
f 2610/14/86 2618/14/86 2617/14/86
f 2610/14/103 2611/14/103 2619/14/103
f 2612/14/88 2620/14/88 2619/14/88
f 2613/14/107 2621/14/107 2620/14/107
f 2613/14/90 2614/14/90 2622/14/90
f 2614/14/104 2615/14/104 2623/14/104
f 2616/14/92 2624/14/92 2623/14/92
f 2609/14/93 2617/14/93 2624/14/93
f 2624/14/94 2617/14/94 2622/14/94
f 2617/14/94 2618/14/94 2622/14/94
f 2618/14/94 2619/14/94 2620/14/94
f 2620/14/94 2621/14/94 2618/14/94
f 2621/14/94 2622/14/94 2618/14/94
f 2625/14/69 2632/14/69 2631/14/69
f 2631/14/69 2630/14/69 2625/14/69
f 2630/14/69 2629/14/69 2625/14/69
f 2629/14/69 2628/14/69 2627/14/69
f 2627/14/69 2626/14/69 2629/14/69
f 2626/14/70 2634/14/70 2633/14/70
f 2627/14/71 2635/14/71 2634/14/71
f 2628/14/72 2636/14/72 2635/14/72
f 2629/14/96 2637/14/96 2636/14/96
f 2629/14/74 2630/14/74 2638/14/74
f 2631/14/115 2639/14/115 2638/14/115
f 2632/14/76 2640/14/76 2639/14/76
f 2632/14/113 2625/14/113 2633/14/113
f 2634/14/78 2642/14/78 2641/14/78
f 2635/14/79 2643/14/79 2642/14/79
f 2636/14/80 2644/14/80 2643/14/80
f 2637/14/81 2645/14/81 2644/14/81
f 2638/14/82 2646/14/82 2645/14/82
f 2639/14/83 2647/14/83 2646/14/83
f 2640/14/84 2648/14/84 2647/14/84
f 2633/14/85 2641/14/85 2648/14/85
f 2641/14/86 2642/14/86 2650/14/86
f 2642/14/87 2643/14/87 2651/14/87
f 2644/14/88 2652/14/88 2651/14/88
f 2645/14/107 2653/14/107 2652/14/107
f 2645/14/90 2646/14/90 2654/14/90
f 2647/14/110 2655/14/110 2654/14/110
f 2648/14/92 2656/14/92 2655/14/92
f 2641/14/108 2649/14/108 2656/14/108
f 2656/14/94 2649/14/94 2654/14/94
f 2649/14/94 2650/14/94 2654/14/94
f 2650/14/94 2651/14/94 2652/14/94
f 2652/14/94 2653/14/94 2650/14/94
f 2653/14/94 2654/14/94 2650/14/94
f 2657/14/69 2664/14/69 2663/14/69
f 2663/14/69 2662/14/69 2657/14/69
f 2662/14/69 2661/14/69 2657/14/69
f 2661/14/69 2660/14/69 2659/14/69
f 2659/14/69 2658/14/69 2661/14/69
f 2658/14/70 2666/14/70 2665/14/70
f 2659/14/111 2667/14/111 2666/14/111
f 2660/14/72 2668/14/72 2667/14/72
f 2661/14/96 2669/14/96 2668/14/96
f 2662/14/74 2670/14/74 2669/14/74
f 2663/14/101 2671/14/101 2670/14/101
f 2664/14/76 2672/14/76 2671/14/76
f 2664/14/113 2657/14/113 2665/14/113
f 2666/14/78 2674/14/78 2673/14/78
f 2667/14/79 2675/14/79 2674/14/79
f 2668/14/80 2676/14/80 2675/14/80
f 2669/14/81 2677/14/81 2676/14/81
f 2670/14/82 2678/14/82 2677/14/82
f 2671/14/83 2679/14/83 2678/14/83
f 2672/14/84 2680/14/84 2679/14/84
f 2665/14/85 2673/14/85 2680/14/85
f 2674/14/86 2682/14/86 2681/14/86
f 2674/14/114 2675/14/114 2683/14/114
f 2676/14/88 2684/14/88 2683/14/88
f 2676/14/109 2677/14/109 2685/14/109
f 2678/14/90 2686/14/90 2685/14/90
f 2679/14/110 2687/14/110 2686/14/110
f 2680/14/92 2688/14/92 2687/14/92
f 2673/14/99 2681/14/99 2688/14/99
f 2688/14/94 2681/14/94 2686/14/94
f 2681/14/94 2682/14/94 2686/14/94
f 2682/14/94 2683/14/94 2684/14/94
f 2684/14/94 2685/14/94 2682/14/94
f 2685/14/94 2686/14/94 2682/14/94
f 2689/14/69 2696/14/69 2695/14/69
f 2695/14/69 2694/14/69 2689/14/69
f 2694/14/69 2693/14/69 2689/14/69
f 2693/14/69 2692/14/69 2691/14/69
f 2691/14/69 2690/14/69 2693/14/69
f 2690/14/70 2698/14/70 2697/14/70
f 2691/14/111 2699/14/111 2698/14/111
f 2692/14/72 2700/14/72 2699/14/72
f 2693/14/73 2701/14/73 2700/14/73
f 2694/14/74 2702/14/74 2701/14/74
f 2695/14/101 2703/14/101 2702/14/101
f 2695/14/76 2696/14/76 2704/14/76
f 2689/14/113 2697/14/113 2704/14/113
f 2698/14/78 2706/14/78 2705/14/78
f 2699/14/79 2707/14/79 2706/14/79
f 2700/14/80 2708/14/80 2707/14/80
f 2701/14/81 2709/14/81 2708/14/81
f 2702/14/82 2710/14/82 2709/14/82
f 2703/14/83 2711/14/83 2710/14/83
f 2704/14/84 2712/14/84 2711/14/84
f 2697/14/85 2705/14/85 2712/14/85
f 2706/14/86 2714/14/86 2713/14/86
f 2707/14/114 2715/14/114 2714/14/114
f 2707/14/88 2708/14/88 2716/14/88
f 2709/14/97 2717/14/97 2716/14/97
f 2710/14/90 2718/14/90 2717/14/90
f 2710/14/98 2711/14/98 2719/14/98
f 2712/14/92 2720/14/92 2719/14/92
f 2705/14/99 2713/14/99 2720/14/99
f 2720/14/94 2713/14/94 2718/14/94
f 2713/14/94 2714/14/94 2718/14/94
f 2714/14/94 2715/14/94 2716/14/94
f 2716/14/94 2717/14/94 2714/14/94
f 2717/14/94 2718/14/94 2714/14/94
f 2723/12/69 2722/12/69 2721/12/69
f 2726/12/94 2727/12/94 2728/12/94
f 2722/12/78 2726/12/78 2725/12/78
f 2723/12/80 2727/12/80 2726/12/80
f 2724/12/82 2728/12/82 2727/12/82
f 2721/12/84 2725/12/84 2728/12/84
f 2731/12/69 2730/12/69 2729/12/69
f 2734/12/94 2735/12/94 2736/12/94
f 2730/12/78 2734/12/78 2733/12/78
f 2731/12/80 2735/12/80 2734/12/80
f 2732/12/82 2736/12/82 2735/12/82
f 2729/12/84 2733/12/84 2736/12/84
f 2737/15/69 2744/15/69 2739/15/69
f 2744/15/69 2743/15/69 2739/15/69
f 2743/15/69 2742/15/69 2741/15/69
f 2741/15/69 2740/15/69 2743/15/69
f 2740/15/69 2739/15/69 2743/15/69
f 2737/15/70 2738/15/70 2746/15/70
f 2739/15/71 2747/15/71 2746/15/71
f 2739/15/72 2740/15/72 2748/15/72
f 2740/15/117 2741/15/117 2749/15/117
f 2742/15/74 2750/15/74 2749/15/74
f 2743/15/101 2751/15/101 2750/15/101
f 2744/15/76 2752/15/76 2751/15/76
f 2744/15/113 2737/15/113 2745/15/113
f 2746/15/78 2754/15/78 2753/15/78
f 2747/15/79 2755/15/79 2754/15/79
f 2748/15/80 2756/15/80 2755/15/80
f 2749/15/81 2757/15/81 2756/15/81
f 2750/15/82 2758/15/82 2757/15/82
f 2751/15/83 2759/15/83 2758/15/83
f 2752/15/84 2760/15/84 2759/15/84
f 2745/15/85 2753/15/85 2760/15/85
f 2754/15/86 2762/15/86 2761/15/86
f 2755/15/87 2763/15/87 2762/15/87
f 2756/15/88 2764/15/88 2763/15/88
f 2756/15/109 2757/15/109 2765/15/109
f 2757/15/90 2758/15/90 2766/15/90
f 2758/15/98 2759/15/98 2767/15/98
f 2760/15/92 2768/15/92 2767/15/92
f 2753/15/105 2761/15/105 2768/15/105
f 2768/15/94 2761/15/94 2762/15/94
f 2762/15/94 2763/15/94 2768/15/94
f 2763/15/94 2764/15/94 2768/15/94
f 2764/15/94 2765/15/94 2766/15/94
f 2766/15/94 2767/15/94 2764/15/94
f 2771/12/69 2770/12/69 2769/12/69
f 2774/12/94 2775/12/94 2776/12/94
f 2770/12/78 2774/12/78 2773/12/78
f 2771/12/80 2775/12/80 2774/12/80
f 2772/12/82 2776/12/82 2775/12/82
f 2769/12/84 2773/12/84 2776/12/84
f 2779/12/69 2778/12/69 2777/12/69
f 2782/12/94 2783/12/94 2784/12/94
f 2778/12/78 2782/12/78 2781/12/78
f 2779/12/80 2783/12/80 2782/12/80
f 2780/12/82 2784/12/82 2783/12/82
f 2777/12/84 2781/12/84 2784/12/84
f 2785/16/69 2792/16/69 2787/16/69
f 2792/16/69 2791/16/69 2787/16/69
f 2791/16/69 2790/16/69 2789/16/69
f 2789/16/69 2788/16/69 2791/16/69
f 2788/16/69 2787/16/69 2791/16/69
f 2786/16/70 2794/16/70 2793/16/70
f 2787/16/111 2795/16/111 2794/16/111
f 2788/16/72 2796/16/72 2795/16/72
f 2788/16/117 2789/16/117 2797/16/117
f 2790/16/74 2798/16/74 2797/16/74
f 2790/16/75 2791/16/75 2799/16/75
f 2792/16/76 2800/16/76 2799/16/76
f 2785/16/102 2793/16/102 2800/16/102
f 2794/16/78 2802/16/78 2801/16/78
f 2795/16/79 2803/16/79 2802/16/79
f 2796/16/80 2804/16/80 2803/16/80
f 2797/16/81 2805/16/81 2804/16/81
f 2798/16/82 2806/16/82 2805/16/82
f 2799/16/83 2807/16/83 2806/16/83
f 2800/16/84 2808/16/84 2807/16/84
f 2793/16/85 2801/16/85 2808/16/85
f 2802/16/86 2810/16/86 2809/16/86
f 2803/16/116 2811/16/116 2810/16/116
f 2804/16/88 2812/16/88 2811/16/88
f 2804/16/97 2805/16/97 2813/16/97
f 2806/16/90 2814/16/90 2813/16/90
f 2807/16/91 2815/16/91 2814/16/91
f 2808/16/92 2816/16/92 2815/16/92
f 2808/16/108 2801/16/108 2809/16/108
f 2816/16/94 2809/16/94 2810/16/94
f 2810/16/94 2811/16/94 2816/16/94
f 2811/16/94 2812/16/94 2816/16/94
f 2812/16/94 2813/16/94 2814/16/94
f 2814/16/94 2815/16/94 2812/16/94
f 2817/15/69 2824/15/69 2819/15/69
f 2824/15/69 2823/15/69 2819/15/69
f 2823/15/69 2822/15/69 2821/15/69
f 2821/15/69 2820/15/69 2823/15/69
f 2820/15/69 2819/15/69 2823/15/69
f 2818/15/70 2826/15/70 2825/15/70
f 2819/15/111 2827/15/111 2826/15/111
f 2820/15/72 2828/15/72 2827/15/72
f 2820/15/117 2821/15/117 2829/15/117
f 2821/15/74 2822/15/74 2830/15/74
f 2823/15/115 2831/15/115 2830/15/115
f 2823/15/76 2824/15/76 2832/15/76
f 2824/15/113 2817/15/113 2825/15/113
f 2826/15/78 2834/15/78 2833/15/78
f 2827/15/79 2835/15/79 2834/15/79
f 2828/15/80 2836/15/80 2835/15/80
f 2829/15/81 2837/15/81 2836/15/81
f 2830/15/82 2838/15/82 2837/15/82
f 2831/15/83 2839/15/83 2838/15/83
f 2832/15/84 2840/15/84 2839/15/84
f 2825/15/85 2833/15/85 2840/15/85
f 2833/15/86 2834/15/86 2842/15/86
f 2834/15/114 2835/15/114 2843/15/114
f 2836/15/88 2844/15/88 2843/15/88
f 2837/15/89 2845/15/89 2844/15/89
f 2838/15/90 2846/15/90 2845/15/90
f 2839/15/104 2847/15/104 2846/15/104
f 2840/15/92 2848/15/92 2847/15/92
f 2840/15/93 2833/15/93 2841/15/93
f 2848/15/94 2841/15/94 2842/15/94
f 2842/15/94 2843/15/94 2848/15/94
f 2843/15/94 2844/15/94 2848/15/94
f 2844/15/94 2845/15/94 2846/15/94
f 2846/15/94 2847/15/94 2844/15/94
f 2851/12/69 2850/12/69 2849/12/69
f 2854/12/94 2855/12/94 2856/12/94
f 2850/12/78 2854/12/78 2853/12/78
f 2851/12/80 2855/12/80 2854/12/80
f 2852/12/82 2856/12/82 2855/12/82
f 2849/12/84 2853/12/84 2856/12/84
f 2859/12/69 2858/12/69 2857/12/69
f 2862/12/94 2863/12/94 2864/12/94
f 2858/12/78 2862/12/78 2861/12/78
f 2859/12/80 2863/12/80 2862/12/80
f 2860/12/82 2864/12/82 2863/12/82
f 2857/12/84 2861/12/84 2864/12/84
f 2865/16/69 2872/16/69 2867/16/69
f 2872/16/69 2871/16/69 2867/16/69
f 2871/16/69 2870/16/69 2869/16/69
f 2869/16/69 2868/16/69 2871/16/69
f 2868/16/69 2867/16/69 2871/16/69
f 2866/16/70 2874/16/70 2873/16/70
f 2866/16/100 2867/16/100 2875/16/100
f 2868/16/72 2876/16/72 2875/16/72
f 2869/16/73 2877/16/73 2876/16/73
f 2870/16/74 2878/16/74 2877/16/74
f 2871/16/101 2879/16/101 2878/16/101
f 2872/16/76 2880/16/76 2879/16/76
f 2872/16/113 2865/16/113 2873/16/113
f 2874/16/78 2882/16/78 2881/16/78
f 2875/16/79 2883/16/79 2882/16/79
f 2876/16/80 2884/16/80 2883/16/80
f 2877/16/81 2885/16/81 2884/16/81
f 2878/16/82 2886/16/82 2885/16/82
f 2879/16/83 2887/16/83 2886/16/83
f 2880/16/84 2888/16/84 2887/16/84
f 2873/16/85 2881/16/85 2888/16/85
f 2882/16/86 2890/16/86 2889/16/86
f 2883/16/116 2891/16/116 2890/16/116
f 2884/16/88 2892/16/88 2891/16/88
f 2884/16/97 2885/16/97 2893/16/97
f 2886/16/90 2894/16/90 2893/16/90
f 2887/16/91 2895/16/91 2894/16/91
f 2888/16/92 2896/16/92 2895/16/92
f 2888/16/108 2881/16/108 2889/16/108
f 2896/16/94 2889/16/94 2890/16/94
f 2890/16/94 2891/16/94 2896/16/94
f 2891/16/94 2892/16/94 2896/16/94
f 2892/16/94 2893/16/94 2894/16/94
f 2894/16/94 2895/16/94 2892/16/94
o AllTerrainTire
v -2.199433 0.880000 0.888440
v -2.199433 1.210780 0.977072
v -2.199433 1.452928 1.219220
v -2.199433 1.541560 1.550000
v -2.199433 1.452928 1.880780
v -2.199433 1.210780 2.122928
v -2.199433 0.880000 2.211560
v -2.199433 0.549220 2.122928
v -2.199433 0.307072 1.880780
v -2.199433 0.218440 1.550000
v -2.199433 0.307072 1.219220
v -2.199433 0.549220 0.977072
v -2.149503 0.880000 0.738652
v -2.149503 1.285674 0.847352
v -2.149503 1.582648 1.144326
v -2.149503 1.691348 1.550000
v -2.149503 1.582648 1.955674
v -2.149503 1.285674 2.252647
v -2.149503 0.880000 2.361347
v -2.149503 0.474326 2.252647
v -2.149503 0.177352 1.955674
v -2.149503 0.068652 1.550000
v -2.149503 0.177352 1.144326
v -2.149503 0.474326 0.847352
v -1.800000 0.880000 0.670000
v -1.800000 1.320000 0.787898
v -1.800000 1.642102 1.110000
v -1.800000 1.760000 1.550000
v -1.800000 1.642102 1.990000
v -1.800000 1.320000 2.312102
v -1.800000 0.880000 2.430000
v -1.800000 0.440000 2.312102
v -1.800000 0.117898 1.990000
v -1.800000 0.000000 1.550000
v -1.800000 0.117898 1.110000
v -1.800000 0.440000 0.787898
v -1.450496 0.880000 0.738652
v -1.450496 1.285674 0.847352
v -1.450496 1.582648 1.144326
v -1.450496 1.691348 1.550000
v -1.450496 1.582648 1.955674
v -1.450496 1.285674 2.252647
v -1.450496 0.880000 2.361347
v -1.450496 0.474326 2.252647
v -1.450496 0.177352 1.955674
v -1.450496 0.068652 1.550000
v -1.450496 0.177352 1.144326
v -1.450496 0.474326 0.847352
v -1.400567 0.880000 0.888440
v -1.400567 1.210780 0.977072
v -1.400567 1.452928 1.219220
v -1.400567 1.541560 1.550000
v -1.400567 1.452928 1.880780
v -1.400567 1.210780 2.122928
v -1.400567 0.880000 2.211560
v -1.400567 0.549220 2.122928
v -1.400567 0.307072 1.880780
v -1.400567 0.218440 1.550000
v -1.400567 0.307072 1.219220
v -1.400567 0.549220 0.977072
v -2.206922 0.880000 1.050709
v -2.206922 1.233052 1.196948
v -2.206922 1.379291 1.550000
v -2.206922 1.233052 1.903052
v -2.206922 0.880000 2.049291
v -2.206922 0.526948 1.903052
v -2.206922 0.380709 1.550000
v -2.206922 0.526948 1.196948
v -2.234383 0.880000 1.150567
v -2.234383 1.162441 1.267558
v -2.234383 1.279433 1.550000
v -2.234383 1.162441 1.832441
v -2.234383 0.880000 1.949433
v -2.234383 0.597558 1.832441
v -2.234383 0.480567 1.550000
v -2.234383 0.597558 1.267558
v -2.238128 0.760845 1.430845
v -2.238128 0.711489 1.550000
v -2.238128 0.760845 1.669155
v -2.238128 0.880000 1.718511
v -2.238128 0.999155 1.669155
v -2.238128 1.048511 1.550000
v -2.238128 0.999155 1.430845
v -2.238128 0.880000 1.381489
v -2.241872 0.923688 1.300355
v -2.241872 0.923688 1.212979
v -2.241872 0.836312 1.212979
v -2.241872 0.836312 1.300355
v -2.241872 1.177722 1.447021
v -2.241872 1.177722 1.359645
v -2.241872 1.090346 1.359645
v -2.241872 1.090346 1.447021
v -2.241872 1.177722 1.740355
v -2.241872 1.177722 1.652979
v -2.241872 1.090346 1.652979
v -2.241872 1.090346 1.740355
v -2.241872 0.923688 1.887021
v -2.241872 0.923688 1.799645
v -2.241872 0.836312 1.799645
v -2.241872 0.836312 1.887021
v -2.241872 0.669654 1.740355
v -2.241872 0.669654 1.652979
v -2.241872 0.582278 1.652979
v -2.241872 0.582278 1.740355
v -2.241872 0.669654 1.447021
v -2.241872 0.669654 1.359645
v -2.241872 0.582278 1.359645
v -2.241872 0.582278 1.447021
v -1.393078 0.880000 1.050709
v -1.393078 1.233052 1.196948
v -1.393078 1.379291 1.550000
v -1.393078 1.233052 1.903052
v -1.393078 0.880000 2.049291
v -1.393078 0.526948 1.903052
v -1.393078 0.380709 1.550000
v -1.393078 0.526948 1.196948
v -1.365617 0.880000 1.150567
v -1.365617 1.162441 1.267558
v -1.365617 1.279433 1.550000
v -1.365617 1.162441 1.832441
v -1.365617 0.880000 1.949433
v -1.365617 0.597558 1.832441
v -1.365617 0.480567 1.550000
v -1.365617 0.597558 1.267558
v -1.361872 0.880000 1.381489
v -1.361872 0.999155 1.430845
v -1.361872 1.048511 1.550000
v -1.361872 0.999155 1.669155
v -1.361872 0.880000 1.718511
v -1.361872 0.760845 1.669155
v -1.361872 0.711489 1.550000
v -1.361872 0.760845 1.430845
v -1.358128 0.836312 1.300355
v -1.358128 0.836312 1.212979
v -1.358128 0.923688 1.212979
v -1.358128 0.923688 1.300355
v -1.358128 1.090346 1.447021
v -1.358128 1.090346 1.359645
v -1.358128 1.177722 1.359645
v -1.358128 1.177722 1.447021
v -1.358128 1.090346 1.740355
v -1.358128 1.090346 1.652979
v -1.358128 1.177722 1.652979
v -1.358128 1.177722 1.740355
v -1.358128 0.836312 1.887021
v -1.358128 0.836312 1.799645
v -1.358128 0.923688 1.799645
v -1.358128 0.923688 1.887021
v -1.358128 0.582278 1.740355
v -1.358128 0.582278 1.652979
v -1.358128 0.669654 1.652979
v -1.358128 0.669654 1.740355
v -1.358128 0.582278 1.447021
v -1.358128 0.582278 1.359645
v -1.358128 0.669654 1.359645
v -1.358128 0.669654 1.447021
vn -0.9453 0.0844 -0.3151
vn -0.9453 0.2307 -0.2307
vn -0.9453 0.3151 -0.0844
vn -0.9453 0.3151 0.0844
vn -0.9453 0.2307 0.2307
vn -0.9453 0.0844 0.3151
vn -0.9453 -0.0844 0.3151
vn -0.9453 -0.2307 0.2307
vn -0.9453 -0.3151 0.0844
vn -0.9453 -0.3151 -0.0844
vn -0.9453 -0.2307 -0.2307
vn -0.9453 -0.0844 -0.3151
vn -0.1864 0.2543 -0.9490
vn -0.1864 0.6947 -0.6947
vn -0.1864 0.9490 -0.2543
vn -0.1864 0.9490 0.2543
vn -0.1864 0.6947 0.6947
vn -0.1864 0.2543 0.9490
vn -0.1864 -0.2543 0.9490
vn -0.1864 -0.6947 0.6947
vn -0.1864 -0.9490 0.2543
vn -0.1864 -0.9490 -0.2543
vn -0.1864 -0.6947 -0.6947
vn -0.1864 -0.2543 -0.9490
vn 0.1864 0.2543 -0.9490
vn 0.1864 0.6947 -0.6947
vn 0.1864 0.9490 -0.2543
vn 0.1864 0.9490 0.2543
vn 0.1864 0.6947 0.6947
vn 0.1864 0.2543 0.9490
vn 0.1864 -0.2543 0.9490
vn 0.1864 -0.6947 0.6947
vn 0.1864 -0.9490 0.2543
vn 0.1864 -0.9490 -0.2543
vn 0.1864 -0.6947 -0.6947
vn 0.1864 -0.2543 -0.9490
vn 0.9453 0.0844 -0.3151
vn 0.9453 0.2307 -0.2307
vn 0.9453 0.3151 -0.0844
vn 0.9453 0.3151 0.0844
vn 0.9453 0.2307 0.2307
vn 0.9453 0.0844 0.3151
vn 0.9453 -0.0844 0.3151
vn 0.9453 -0.2307 0.2307
vn 0.9453 -0.3151 0.0844
vn 0.9453 -0.3151 -0.0844
vn 0.9453 -0.2307 -0.2307
vn 0.9453 -0.0844 -0.3151
vn -1.0000 -0.0000 -0.0000
vn 1.0000 -0.0000 -0.0000
vn -0.9584 0.1092 -0.2636
vn -0.9584 0.2636 -0.1092
vn -0.9584 0.2636 0.1092
vn -0.9584 0.1092 0.2636
vn -0.9584 -0.1092 0.2636
vn -0.9584 -0.2636 0.1092
vn -0.9584 -0.2636 -0.1092
vn -0.9584 -0.1092 -0.2636
vn 0.9584 0.1092 -0.2636
vn 0.9584 0.2636 -0.1092
vn 0.9584 0.2636 0.1092
vn 0.9584 0.1092 0.2636
vn 0.9584 -0.1092 0.2636
vn 0.9584 -0.2636 0.1092
vn 0.9584 -0.2636 -0.1092
vn 0.9584 -0.1092 -0.2636
vt 0.125000 0.375000
vt 0.375000 0.375000
vt 0.125000 0.625000
vt 0.375000 0.875000
vt 0.875000 0.125000
s 0
usemtl Military_Wagon_cargo_Palette
f 2898/17/119 2909/17/119 2897/17/119
f 2899/17/120 2910/17/120 2898/17/120
f 2900/17/121 2911/17/121 2899/17/121
f 2901/17/122 2912/17/122 2900/17/122
f 2901/17/123 2914/17/123 2913/17/123
f 2903/17/124 2914/17/124 2902/17/124
f 2904/17/125 2915/17/125 2903/17/125
f 2905/17/126 2916/17/126 2904/17/126
f 2906/17/127 2917/17/127 2905/17/127
f 2907/17/128 2918/17/128 2906/17/128
f 2907/17/129 2920/17/129 2919/17/129
f 2897/17/130 2920/17/130 2908/17/130
f 2909/17/131 2922/17/131 2921/17/131
f 2911/18/132 2922/18/132 2910/18/132
f 2912/17/133 2923/17/133 2911/17/133
f 2913/18/134 2924/18/134 2912/18/134
f 2914/17/135 2925/17/135 2913/17/135
f 2915/18/136 2926/18/136 2914/18/136
f 2915/17/137 2928/17/137 2927/17/137
f 2917/18/138 2928/18/138 2916/18/138
f 2918/17/139 2929/17/139 2917/17/139
f 2919/18/140 2930/18/140 2918/18/140
f 2920/17/141 2931/17/141 2919/17/141
f 2909/18/142 2932/18/142 2920/18/142
f 2922/17/143 2933/17/143 2921/17/143
f 2923/18/144 2934/18/144 2922/18/144
f 2924/17/145 2935/17/145 2923/17/145
f 2925/18/146 2936/18/146 2924/18/146
f 2926/17/147 2937/17/147 2925/17/147
f 2927/18/148 2938/18/148 2926/18/148
f 2928/17/149 2939/17/149 2927/17/149
f 2929/18/150 2940/18/150 2928/18/150
f 2930/17/151 2941/17/151 2929/17/151
f 2931/18/152 2942/18/152 2930/18/152
f 2932/17/153 2943/17/153 2931/17/153
f 2921/18/154 2944/18/154 2932/18/154
f 2934/17/155 2945/17/155 2933/17/155
f 2935/17/156 2946/17/156 2934/17/156
f 2936/17/157 2947/17/157 2935/17/157
f 2937/17/158 2948/17/158 2936/17/158
f 2938/17/159 2949/17/159 2937/17/159
f 2939/17/160 2950/17/160 2938/17/160
f 2940/17/161 2951/17/161 2939/17/161
f 2941/17/162 2952/17/162 2940/17/162
f 2942/17/163 2953/17/163 2941/17/163
f 2943/17/164 2954/17/164 2942/17/164
f 2944/17/165 2955/17/165 2943/17/165
f 2933/17/166 2956/17/166 2944/17/166
f 2905/17/167 2901/17/167 2897/17/167
f 2948/17/168 2952/17/168 2956/17/168
f 2959/19/168 2961/19/168 2963/19/168
f 2965/19/169 2958/19/169 2957/19/169
f 2966/19/170 2959/19/170 2958/19/170
f 2967/19/171 2960/19/171 2959/19/171
f 2968/19/172 2961/19/172 2960/19/172
f 2969/19/173 2962/19/173 2961/19/173
f 2970/19/174 2963/19/174 2962/19/174
f 2971/19/175 2964/19/175 2963/19/175
f 2972/19/176 2957/19/176 2964/19/176
f 2970/19/167 2968/19/167 2966/19/167
f 2978/20/167 2979/20/167 2980/20/167
f 2982/21/167 2984/21/167 2981/21/167
f 2986/21/167 2988/21/167 2985/21/167
f 2990/21/167 2992/21/167 2989/21/167
f 2994/21/167 2996/21/167 2993/21/167
f 2998/21/167 3000/21/167 2997/21/167
f 3002/21/167 3004/21/167 3001/21/167
f 3009/19/167 3007/19/167 3005/19/167
f 3006/19/177 3013/19/177 3005/19/177
f 3006/19/178 3015/19/178 3014/19/178
f 3008/19/179 3015/19/179 3007/19/179
f 3009/19/180 3016/19/180 3008/19/180
f 3010/19/181 3017/19/181 3009/19/181
f 3010/19/182 3019/19/182 3018/19/182
f 3012/19/183 3019/19/183 3011/19/183
f 3005/19/184 3020/19/184 3012/19/184
f 3016/19/168 3018/19/168 3020/19/168
f 3024/20/168 3026/20/168 3028/20/168
f 3030/21/168 3032/21/168 3029/21/168
f 3034/21/168 3036/21/168 3033/21/168
f 3038/21/168 3040/21/168 3037/21/168
f 3042/21/168 3044/21/168 3041/21/168
f 3046/21/168 3048/21/168 3045/21/168
f 3050/21/168 3052/21/168 3049/21/168
f 2898/17/119 2910/17/119 2909/17/119
f 2899/17/120 2911/17/120 2910/17/120
f 2900/17/121 2912/17/121 2911/17/121
f 2901/17/122 2913/17/122 2912/17/122
f 2901/17/123 2902/17/123 2914/17/123
f 2903/17/124 2915/17/124 2914/17/124
f 2904/17/125 2916/17/125 2915/17/125
f 2905/17/126 2917/17/126 2916/17/126
f 2906/17/127 2918/17/127 2917/17/127
f 2907/17/128 2919/17/128 2918/17/128
f 2907/17/129 2908/17/129 2920/17/129
f 2897/17/130 2909/17/130 2920/17/130
f 2909/17/131 2910/17/131 2922/17/131
f 2911/18/132 2923/18/132 2922/18/132
f 2912/17/133 2924/17/133 2923/17/133
f 2913/18/134 2925/18/134 2924/18/134
f 2914/17/135 2926/17/135 2925/17/135
f 2915/18/136 2927/18/136 2926/18/136
f 2915/17/137 2916/17/137 2928/17/137
f 2917/18/138 2929/18/138 2928/18/138
f 2918/17/139 2930/17/139 2929/17/139
f 2919/18/140 2931/18/140 2930/18/140
f 2920/17/141 2932/17/141 2931/17/141
f 2909/18/142 2921/18/142 2932/18/142
f 2922/17/143 2934/17/143 2933/17/143
f 2923/18/144 2935/18/144 2934/18/144
f 2924/17/145 2936/17/145 2935/17/145
f 2925/18/146 2937/18/146 2936/18/146
f 2926/17/147 2938/17/147 2937/17/147
f 2927/18/148 2939/18/148 2938/18/148
f 2928/17/149 2940/17/149 2939/17/149
f 2929/18/150 2941/18/150 2940/18/150
f 2930/17/151 2942/17/151 2941/17/151
f 2931/18/152 2943/18/152 2942/18/152
f 2932/17/153 2944/17/153 2943/17/153
f 2921/18/154 2933/18/154 2944/18/154
f 2934/17/155 2946/17/155 2945/17/155
f 2935/17/156 2947/17/156 2946/17/156
f 2936/17/157 2948/17/157 2947/17/157
f 2937/17/158 2949/17/158 2948/17/158
f 2938/17/159 2950/17/159 2949/17/159
f 2939/17/160 2951/17/160 2950/17/160
f 2940/17/161 2952/17/161 2951/17/161
f 2941/17/162 2953/17/162 2952/17/162
f 2942/17/163 2954/17/163 2953/17/163
f 2943/17/164 2955/17/164 2954/17/164
f 2944/17/165 2956/17/165 2955/17/165
f 2933/17/166 2945/17/166 2956/17/166
f 2897/17/167 2908/17/167 2907/17/167
f 2907/17/167 2906/17/167 2905/17/167
f 2905/17/167 2904/17/167 2903/17/167
f 2903/17/167 2902/17/167 2901/17/167
f 2901/17/167 2900/17/167 2899/17/167
f 2899/17/167 2898/17/167 2897/17/167
f 2897/17/167 2907/17/167 2905/17/167
f 2905/17/167 2903/17/167 2901/17/167
f 2901/17/167 2899/17/167 2897/17/167
f 2956/17/168 2945/17/168 2946/17/168
f 2946/17/168 2947/17/168 2948/17/168
f 2948/17/168 2949/17/168 2950/17/168
f 2950/17/168 2951/17/168 2952/17/168
f 2952/17/168 2953/17/168 2954/17/168
f 2954/17/168 2955/17/168 2956/17/168
f 2956/17/168 2946/17/168 2948/17/168
f 2948/17/168 2950/17/168 2952/17/168
f 2952/17/168 2954/17/168 2956/17/168
f 2963/19/168 2964/19/168 2957/19/168
f 2957/19/168 2958/19/168 2959/19/168
f 2959/19/168 2960/19/168 2961/19/168
f 2961/19/168 2962/19/168 2963/19/168
f 2963/19/168 2957/19/168 2959/19/168
f 2965/19/169 2966/19/169 2958/19/169
f 2966/19/170 2967/19/170 2959/19/170
f 2967/19/171 2968/19/171 2960/19/171
f 2968/19/172 2969/19/172 2961/19/172
f 2969/19/173 2970/19/173 2962/19/173
f 2970/19/174 2971/19/174 2963/19/174
f 2971/19/175 2972/19/175 2964/19/175
f 2972/19/176 2965/19/176 2957/19/176
f 2966/19/167 2965/19/167 2972/19/167
f 2972/19/167 2971/19/167 2970/19/167
f 2970/19/167 2969/19/167 2968/19/167
f 2968/19/167 2967/19/167 2966/19/167
f 2966/19/167 2972/19/167 2970/19/167
f 2980/20/167 2973/20/167 2976/20/167
f 2973/20/167 2974/20/167 2976/20/167
f 2974/20/167 2975/20/167 2976/20/167
f 2976/20/167 2977/20/167 2980/20/167
f 2977/20/167 2978/20/167 2980/20/167
f 2982/21/167 2983/21/167 2984/21/167
f 2986/21/167 2987/21/167 2988/21/167
f 2990/21/167 2991/21/167 2992/21/167
f 2994/21/167 2995/21/167 2996/21/167
f 2998/21/167 2999/21/167 3000/21/167
f 3002/21/167 3003/21/167 3004/21/167
f 3005/19/167 3012/19/167 3011/19/167
f 3011/19/167 3010/19/167 3009/19/167
f 3009/19/167 3008/19/167 3007/19/167
f 3007/19/167 3006/19/167 3005/19/167
f 3005/19/167 3011/19/167 3009/19/167
f 3006/19/177 3014/19/177 3013/19/177
f 3006/19/178 3007/19/178 3015/19/178
f 3008/19/179 3016/19/179 3015/19/179
f 3009/19/180 3017/19/180 3016/19/180
f 3010/19/181 3018/19/181 3017/19/181
f 3010/19/182 3011/19/182 3019/19/182
f 3012/19/183 3020/19/183 3019/19/183
f 3005/19/184 3013/19/184 3020/19/184
f 3020/19/168 3013/19/168 3014/19/168
f 3014/19/168 3015/19/168 3016/19/168
f 3016/19/168 3017/19/168 3018/19/168
f 3018/19/168 3019/19/168 3020/19/168
f 3020/19/168 3014/19/168 3016/19/168
f 3028/20/168 3021/20/168 3022/20/168
f 3022/20/168 3023/20/168 3024/20/168
f 3024/20/168 3025/20/168 3026/20/168
f 3026/20/168 3027/20/168 3028/20/168
f 3028/20/168 3022/20/168 3024/20/168
f 3030/21/168 3031/21/168 3032/21/168
f 3034/21/168 3035/21/168 3036/21/168
f 3038/21/168 3039/21/168 3040/21/168
f 3042/21/168 3043/21/168 3044/21/168
f 3046/21/168 3047/21/168 3048/21/168
f 3050/21/168 3051/21/168 3052/21/168
o AllTerrainTire.001
v 1.400567 0.880000 0.888440
v 1.400567 1.210780 0.977072
v 1.400567 1.452928 1.219220
v 1.400567 1.541560 1.550000
v 1.400567 1.452928 1.880780
v 1.400567 1.210780 2.122928
v 1.400567 0.880000 2.211560
v 1.400567 0.549220 2.122928
v 1.400567 0.307072 1.880780
v 1.400567 0.218440 1.550000
v 1.400567 0.307072 1.219220
v 1.400567 0.549220 0.977072
v 1.450496 0.880000 0.738652
v 1.450496 1.285674 0.847352
v 1.450496 1.582648 1.144326
v 1.450496 1.691348 1.550000
v 1.450496 1.582648 1.955674
v 1.450496 1.285674 2.252647
v 1.450496 0.880000 2.361347
v 1.450496 0.474326 2.252647
v 1.450496 0.177352 1.955674
v 1.450496 0.068652 1.550000
v 1.450496 0.177352 1.144326
v 1.450496 0.474326 0.847352
v 1.800000 0.880000 0.670000
v 1.800000 1.320000 0.787898
v 1.800000 1.642102 1.110000
v 1.800000 1.760000 1.550000
v 1.800000 1.642102 1.990000
v 1.800000 1.320000 2.312102
v 1.800000 0.880000 2.430000
v 1.800000 0.440000 2.312102
v 1.800000 0.117898 1.990000
v 1.800000 0.000000 1.550000
v 1.800000 0.117898 1.110000
v 1.800000 0.440000 0.787898
v 2.149503 0.880000 0.738652
v 2.149503 1.285674 0.847352
v 2.149503 1.582648 1.144326
v 2.149503 1.691348 1.550000
v 2.149503 1.582648 1.955674
v 2.149503 1.285674 2.252647
v 2.149503 0.880000 2.361347
v 2.149503 0.474326 2.252647
v 2.149503 0.177352 1.955674
v 2.149503 0.068652 1.550000
v 2.149503 0.177352 1.144326
v 2.149503 0.474326 0.847352
v 2.199433 0.880000 0.888440
v 2.199433 1.210780 0.977072
v 2.199433 1.452928 1.219220
v 2.199433 1.541560 1.550000
v 2.199433 1.452928 1.880780
v 2.199433 1.210780 2.122928
v 2.199433 0.880000 2.211560
v 2.199433 0.549220 2.122928
v 2.199433 0.307072 1.880780
v 2.199433 0.218440 1.550000
v 2.199433 0.307072 1.219220
v 2.199433 0.549220 0.977072
v 1.393078 0.880000 1.050709
v 1.393078 1.233052 1.196948
v 1.393078 1.379291 1.550000
v 1.393078 1.233052 1.903052
v 1.393078 0.880000 2.049291
v 1.393078 0.526948 1.903052
v 1.393078 0.380709 1.550000
v 1.393078 0.526948 1.196948
v 1.365617 0.880000 1.150567
v 1.365617 1.162441 1.267558
v 1.365617 1.279433 1.550000
v 1.365617 1.162441 1.832441
v 1.365617 0.880000 1.949433
v 1.365617 0.597558 1.832441
v 1.365617 0.480567 1.550000
v 1.365617 0.597558 1.267558
v 1.361872 0.760845 1.430845
v 1.361872 0.711489 1.550000
v 1.361872 0.760845 1.669155
v 1.361872 0.880000 1.718511
v 1.361872 0.999155 1.669155
v 1.361872 1.048511 1.550000
v 1.361872 0.999155 1.430845
v 1.361872 0.880000 1.381489
v 1.358128 0.923688 1.300355
v 1.358128 0.923688 1.212979
v 1.358128 0.836312 1.212979
v 1.358128 0.836312 1.300355
v 1.358128 1.177722 1.447021
v 1.358128 1.177722 1.359645
v 1.358128 1.090346 1.359645
v 1.358128 1.090346 1.447021
v 1.358128 1.177722 1.740355
v 1.358128 1.177722 1.652979
v 1.358128 1.090346 1.652979
v 1.358128 1.090346 1.740355
v 1.358128 0.923688 1.887021
v 1.358128 0.923688 1.799645
v 1.358128 0.836312 1.799645
v 1.358128 0.836312 1.887021
v 1.358128 0.669654 1.740355
v 1.358128 0.669654 1.652979
v 1.358128 0.582278 1.652979
v 1.358128 0.582278 1.740355
v 1.358128 0.669654 1.447021
v 1.358128 0.669654 1.359645
v 1.358128 0.582278 1.359645
v 1.358128 0.582278 1.447021
v 2.206922 0.880000 1.050709
v 2.206922 1.233052 1.196948
v 2.206922 1.379291 1.550000
v 2.206922 1.233052 1.903052
v 2.206922 0.880000 2.049291
v 2.206922 0.526948 1.903052
v 2.206922 0.380709 1.550000
v 2.206922 0.526948 1.196948
v 2.234383 0.880000 1.150567
v 2.234383 1.162441 1.267558
v 2.234383 1.279433 1.550000
v 2.234383 1.162441 1.832441
v 2.234383 0.880000 1.949433
v 2.234383 0.597558 1.832441
v 2.234383 0.480567 1.550000
v 2.234383 0.597558 1.267558
v 2.238128 0.880000 1.381489
v 2.238128 0.999155 1.430845
v 2.238128 1.048511 1.550000
v 2.238128 0.999155 1.669155
v 2.238128 0.880000 1.718511
v 2.238128 0.760845 1.669155
v 2.238128 0.711489 1.550000
v 2.238128 0.760845 1.430845
v 2.241872 0.836312 1.300355
v 2.241872 0.836312 1.212979
v 2.241872 0.923688 1.212979
v 2.241872 0.923688 1.300355
v 2.241872 1.090346 1.447021
v 2.241872 1.090346 1.359645
v 2.241872 1.177722 1.359645
v 2.241872 1.177722 1.447021
v 2.241872 1.090346 1.740355
v 2.241872 1.090346 1.652979
v 2.241872 1.177722 1.652979
v 2.241872 1.177722 1.740355
v 2.241872 0.836312 1.887021
v 2.241872 0.836312 1.799645
v 2.241872 0.923688 1.799645
v 2.241872 0.923688 1.887021
v 2.241872 0.582278 1.740355
v 2.241872 0.582278 1.652979
v 2.241872 0.669654 1.652979
v 2.241872 0.669654 1.740355
v 2.241872 0.582278 1.447021
v 2.241872 0.582278 1.359645
v 2.241872 0.669654 1.359645
v 2.241872 0.669654 1.447021
vn -0.9453 0.0844 -0.3151
vn -0.9453 0.2307 -0.2307
vn -0.9453 0.3151 -0.0844
vn -0.9453 0.3151 0.0844
vn -0.9453 0.2307 0.2307
vn -0.9453 0.0844 0.3151
vn -0.9453 -0.0844 0.3151
vn -0.9453 -0.2307 0.2307
vn -0.9453 -0.3151 0.0844
vn -0.9453 -0.3151 -0.0844
vn -0.9453 -0.2307 -0.2307
vn -0.9453 -0.0844 -0.3151
vn -0.1864 0.2543 -0.9490
vn -0.1864 0.6947 -0.6947
vn -0.1864 0.9490 -0.2543
vn -0.1864 0.9490 0.2543
vn -0.1864 0.6947 0.6947
vn -0.1864 0.2543 0.9490
vn -0.1864 -0.2543 0.9490
vn -0.1864 -0.6947 0.6947
vn -0.1864 -0.9490 0.2543
vn -0.1864 -0.9490 -0.2543
vn -0.1864 -0.6947 -0.6947
vn -0.1864 -0.2543 -0.9490
vn 0.1864 0.2543 -0.9490
vn 0.1864 0.6947 -0.6947
vn 0.1864 0.9490 -0.2543
vn 0.1864 0.9490 0.2543
vn 0.1864 0.6947 0.6947
vn 0.1864 0.2543 0.9490
vn 0.1864 -0.2543 0.9490
vn 0.1864 -0.6947 0.6947
vn 0.1864 -0.9490 0.2543
vn 0.1864 -0.9490 -0.2543
vn 0.1864 -0.6947 -0.6947
vn 0.1864 -0.2543 -0.9490
vn 0.9453 0.0844 -0.3151
vn 0.9453 0.2307 -0.2307
vn 0.9453 0.3151 -0.0844
vn 0.9453 0.3151 0.0844
vn 0.9453 0.2307 0.2307
vn 0.9453 0.0844 0.3151
vn 0.9453 -0.0844 0.3151
vn 0.9453 -0.2307 0.2307
vn 0.9453 -0.3151 0.0844
vn 0.9453 -0.3151 -0.0844
vn 0.9453 -0.2307 -0.2307
vn 0.9453 -0.0844 -0.3151
vn -1.0000 -0.0000 -0.0000
vn 1.0000 -0.0000 -0.0000
vn -0.9584 0.1092 -0.2636
vn -0.9584 0.2636 -0.1092
vn -0.9584 0.2636 0.1092
vn -0.9584 0.1092 0.2636
vn -0.9584 -0.1092 0.2636
vn -0.9584 -0.2636 0.1092
vn -0.9584 -0.2636 -0.1092
vn -0.9584 -0.1092 -0.2636
vn 0.9584 0.1092 -0.2636
vn 0.9584 0.2636 -0.1092
vn 0.9584 0.2636 0.1092
vn 0.9584 0.1092 0.2636
vn 0.9584 -0.1092 0.2636
vn 0.9584 -0.2636 0.1092
vn 0.9584 -0.2636 -0.1092
vn 0.9584 -0.1092 -0.2636
vt 0.125000 0.375000
vt 0.375000 0.375000
vt 0.125000 0.625000
vt 0.375000 0.875000
vt 0.875000 0.125000
s 0
usemtl Military_Wagon_cargo_Palette
f 3054/22/185 3065/22/185 3053/22/185
f 3055/22/186 3066/22/186 3054/22/186
f 3056/22/187 3067/22/187 3055/22/187
f 3057/22/188 3068/22/188 3056/22/188
f 3057/22/189 3070/22/189 3069/22/189
f 3059/22/190 3070/22/190 3058/22/190
f 3060/22/191 3071/22/191 3059/22/191
f 3061/22/192 3072/22/192 3060/22/192
f 3062/22/193 3073/22/193 3061/22/193
f 3063/22/194 3074/22/194 3062/22/194
f 3063/22/195 3076/22/195 3075/22/195
f 3053/22/196 3076/22/196 3064/22/196
f 3065/22/197 3078/22/197 3077/22/197
f 3067/23/198 3078/23/198 3066/23/198
f 3068/22/199 3079/22/199 3067/22/199
f 3069/23/200 3080/23/200 3068/23/200
f 3070/22/201 3081/22/201 3069/22/201
f 3071/23/202 3082/23/202 3070/23/202
f 3071/22/203 3084/22/203 3083/22/203
f 3073/23/204 3084/23/204 3072/23/204
f 3074/22/205 3085/22/205 3073/22/205
f 3075/23/206 3086/23/206 3074/23/206
f 3076/22/207 3087/22/207 3075/22/207
f 3065/23/208 3088/23/208 3076/23/208
f 3078/22/209 3089/22/209 3077/22/209
f 3079/23/210 3090/23/210 3078/23/210
f 3080/22/211 3091/22/211 3079/22/211
f 3081/23/212 3092/23/212 3080/23/212
f 3082/22/213 3093/22/213 3081/22/213
f 3083/23/214 3094/23/214 3082/23/214
f 3084/22/215 3095/22/215 3083/22/215
f 3085/23/216 3096/23/216 3084/23/216
f 3086/22/217 3097/22/217 3085/22/217
f 3087/23/218 3098/23/218 3086/23/218
f 3088/22/219 3099/22/219 3087/22/219
f 3077/23/220 3100/23/220 3088/23/220
f 3090/22/221 3101/22/221 3089/22/221
f 3091/22/222 3102/22/222 3090/22/222
f 3092/22/223 3103/22/223 3091/22/223
f 3093/22/224 3104/22/224 3092/22/224
f 3094/22/225 3105/22/225 3093/22/225
f 3095/22/226 3106/22/226 3094/22/226
f 3096/22/227 3107/22/227 3095/22/227
f 3097/22/228 3108/22/228 3096/22/228
f 3098/22/229 3109/22/229 3097/22/229
f 3099/22/230 3110/22/230 3098/22/230
f 3100/22/231 3111/22/231 3099/22/231
f 3089/22/232 3112/22/232 3100/22/232
f 3061/22/233 3057/22/233 3053/22/233
f 3104/22/234 3108/22/234 3112/22/234
f 3115/24/234 3117/24/234 3119/24/234
f 3121/24/235 3114/24/235 3113/24/235
f 3122/24/236 3115/24/236 3114/24/236
f 3123/24/237 3116/24/237 3115/24/237
f 3124/24/238 3117/24/238 3116/24/238
f 3125/24/239 3118/24/239 3117/24/239
f 3126/24/240 3119/24/240 3118/24/240
f 3127/24/241 3120/24/241 3119/24/241
f 3128/24/242 3113/24/242 3120/24/242
f 3126/24/233 3124/24/233 3122/24/233
f 3134/25/233 3135/25/233 3136/25/233
f 3138/26/233 3140/26/233 3137/26/233
f 3142/26/233 3144/26/233 3141/26/233
f 3146/26/233 3148/26/233 3145/26/233
f 3150/26/233 3152/26/233 3149/26/233
f 3154/26/233 3156/26/233 3153/26/233
f 3158/26/233 3160/26/233 3157/26/233
f 3165/24/233 3163/24/233 3161/24/233
f 3162/24/243 3169/24/243 3161/24/243
f 3162/24/244 3171/24/244 3170/24/244
f 3164/24/245 3171/24/245 3163/24/245
f 3165/24/246 3172/24/246 3164/24/246
f 3166/24/247 3173/24/247 3165/24/247
f 3166/24/248 3175/24/248 3174/24/248
f 3168/24/249 3175/24/249 3167/24/249
f 3161/24/250 3176/24/250 3168/24/250
f 3172/24/234 3174/24/234 3176/24/234
f 3180/25/234 3182/25/234 3184/25/234
f 3186/26/234 3188/26/234 3185/26/234
f 3190/26/234 3192/26/234 3189/26/234
f 3194/26/234 3196/26/234 3193/26/234
f 3198/26/234 3200/26/234 3197/26/234
f 3202/26/234 3204/26/234 3201/26/234
f 3206/26/234 3208/26/234 3205/26/234
f 3054/22/185 3066/22/185 3065/22/185
f 3055/22/186 3067/22/186 3066/22/186
f 3056/22/187 3068/22/187 3067/22/187
f 3057/22/188 3069/22/188 3068/22/188
f 3057/22/189 3058/22/189 3070/22/189
f 3059/22/190 3071/22/190 3070/22/190
f 3060/22/191 3072/22/191 3071/22/191
f 3061/22/192 3073/22/192 3072/22/192
f 3062/22/193 3074/22/193 3073/22/193
f 3063/22/194 3075/22/194 3074/22/194
f 3063/22/195 3064/22/195 3076/22/195
f 3053/22/196 3065/22/196 3076/22/196
f 3065/22/197 3066/22/197 3078/22/197
f 3067/23/198 3079/23/198 3078/23/198
f 3068/22/199 3080/22/199 3079/22/199
f 3069/23/200 3081/23/200 3080/23/200
f 3070/22/201 3082/22/201 3081/22/201
f 3071/23/202 3083/23/202 3082/23/202
f 3071/22/203 3072/22/203 3084/22/203
f 3073/23/204 3085/23/204 3084/23/204
f 3074/22/205 3086/22/205 3085/22/205
f 3075/23/206 3087/23/206 3086/23/206
f 3076/22/207 3088/22/207 3087/22/207
f 3065/23/208 3077/23/208 3088/23/208
f 3078/22/209 3090/22/209 3089/22/209
f 3079/23/210 3091/23/210 3090/23/210
f 3080/22/211 3092/22/211 3091/22/211
f 3081/23/212 3093/23/212 3092/23/212
f 3082/22/213 3094/22/213 3093/22/213
f 3083/23/214 3095/23/214 3094/23/214
f 3084/22/215 3096/22/215 3095/22/215
f 3085/23/216 3097/23/216 3096/23/216
f 3086/22/217 3098/22/217 3097/22/217
f 3087/23/218 3099/23/218 3098/23/218
f 3088/22/219 3100/22/219 3099/22/219
f 3077/23/220 3089/23/220 3100/23/220
f 3090/22/221 3102/22/221 3101/22/221
f 3091/22/222 3103/22/222 3102/22/222
f 3092/22/223 3104/22/223 3103/22/223
f 3093/22/224 3105/22/224 3104/22/224
f 3094/22/225 3106/22/225 3105/22/225
f 3095/22/226 3107/22/226 3106/22/226
f 3096/22/227 3108/22/227 3107/22/227
f 3097/22/228 3109/22/228 3108/22/228
f 3098/22/229 3110/22/229 3109/22/229
f 3099/22/230 3111/22/230 3110/22/230
f 3100/22/231 3112/22/231 3111/22/231
f 3089/22/232 3101/22/232 3112/22/232
f 3053/22/233 3064/22/233 3063/22/233
f 3063/22/233 3062/22/233 3061/22/233
f 3061/22/233 3060/22/233 3059/22/233
f 3059/22/233 3058/22/233 3057/22/233
f 3057/22/233 3056/22/233 3055/22/233
f 3055/22/233 3054/22/233 3053/22/233
f 3053/22/233 3063/22/233 3061/22/233
f 3061/22/233 3059/22/233 3057/22/233
f 3057/22/233 3055/22/233 3053/22/233
f 3112/22/234 3101/22/234 3102/22/234
f 3102/22/234 3103/22/234 3104/22/234
f 3104/22/234 3105/22/234 3106/22/234
f 3106/22/234 3107/22/234 3108/22/234
f 3108/22/234 3109/22/234 3110/22/234
f 3110/22/234 3111/22/234 3112/22/234
f 3112/22/234 3102/22/234 3104/22/234
f 3104/22/234 3106/22/234 3108/22/234
f 3108/22/234 3110/22/234 3112/22/234
f 3119/24/234 3120/24/234 3113/24/234
f 3113/24/234 3114/24/234 3115/24/234
f 3115/24/234 3116/24/234 3117/24/234
f 3117/24/234 3118/24/234 3119/24/234
f 3119/24/234 3113/24/234 3115/24/234
f 3121/24/235 3122/24/235 3114/24/235
f 3122/24/236 3123/24/236 3115/24/236
f 3123/24/237 3124/24/237 3116/24/237
f 3124/24/238 3125/24/238 3117/24/238
f 3125/24/239 3126/24/239 3118/24/239
f 3126/24/240 3127/24/240 3119/24/240
f 3127/24/241 3128/24/241 3120/24/241
f 3128/24/242 3121/24/242 3113/24/242
f 3122/24/233 3121/24/233 3128/24/233
f 3128/24/233 3127/24/233 3126/24/233
f 3126/24/233 3125/24/233 3124/24/233
f 3124/24/233 3123/24/233 3122/24/233
f 3122/24/233 3128/24/233 3126/24/233
f 3136/25/233 3129/25/233 3132/25/233
f 3129/25/233 3130/25/233 3132/25/233
f 3130/25/233 3131/25/233 3132/25/233
f 3132/25/233 3133/25/233 3136/25/233
f 3133/25/233 3134/25/233 3136/25/233
f 3138/26/233 3139/26/233 3140/26/233
f 3142/26/233 3143/26/233 3144/26/233
f 3146/26/233 3147/26/233 3148/26/233
f 3150/26/233 3151/26/233 3152/26/233
f 3154/26/233 3155/26/233 3156/26/233
f 3158/26/233 3159/26/233 3160/26/233
f 3161/24/233 3168/24/233 3167/24/233
f 3167/24/233 3166/24/233 3165/24/233
f 3165/24/233 3164/24/233 3163/24/233
f 3163/24/233 3162/24/233 3161/24/233
f 3161/24/233 3167/24/233 3165/24/233
f 3162/24/243 3170/24/243 3169/24/243
f 3162/24/244 3163/24/244 3171/24/244
f 3164/24/245 3172/24/245 3171/24/245
f 3165/24/246 3173/24/246 3172/24/246
f 3166/24/247 3174/24/247 3173/24/247
f 3166/24/248 3167/24/248 3175/24/248
f 3168/24/249 3176/24/249 3175/24/249
f 3161/24/250 3169/24/250 3176/24/250
f 3176/24/234 3169/24/234 3170/24/234
f 3170/24/234 3171/24/234 3172/24/234
f 3172/24/234 3173/24/234 3174/24/234
f 3174/24/234 3175/24/234 3176/24/234
f 3176/24/234 3170/24/234 3172/24/234
f 3184/25/234 3177/25/234 3178/25/234
f 3178/25/234 3179/25/234 3180/25/234
f 3180/25/234 3181/25/234 3182/25/234
f 3182/25/234 3183/25/234 3184/25/234
f 3184/25/234 3178/25/234 3180/25/234
f 3186/26/234 3187/26/234 3188/26/234
f 3190/26/234 3191/26/234 3192/26/234
f 3194/26/234 3195/26/234 3196/26/234
f 3198/26/234 3199/26/234 3200/26/234
f 3202/26/234 3203/26/234 3204/26/234
f 3206/26/234 3207/26/234 3208/26/234
o AllTerrainTire.002
v -2.199433 0.880000 -2.211560
v -2.199433 1.210780 -2.122928
v -2.199433 1.452928 -1.880780
v -2.199433 1.541560 -1.550000
v -2.199433 1.452928 -1.219220
v -2.199433 1.210780 -0.977072
v -2.199433 0.880000 -0.888440
v -2.199433 0.549220 -0.977072
v -2.199433 0.307072 -1.219220
v -2.199433 0.218440 -1.550000
v -2.199433 0.307072 -1.880780
v -2.199433 0.549220 -2.122928
v -2.149503 0.880000 -2.361347
v -2.149503 1.285674 -2.252647
v -2.149503 1.582648 -1.955674
v -2.149503 1.691348 -1.550000
v -2.149503 1.582648 -1.144326
v -2.149503 1.285674 -0.847352
v -2.149503 0.880000 -0.738652
v -2.149503 0.474326 -0.847352
v -2.149503 0.177352 -1.144326
v -2.149503 0.068652 -1.550000
v -2.149503 0.177352 -1.955674
v -2.149503 0.474326 -2.252647
v -1.800000 0.880000 -2.430000
v -1.800000 1.320000 -2.312102
v -1.800000 1.642102 -1.990000
v -1.800000 1.760000 -1.550000
v -1.800000 1.642102 -1.110000
v -1.800000 1.320000 -0.787898
v -1.800000 0.880000 -0.670000
v -1.800000 0.440000 -0.787898
v -1.800000 0.117898 -1.110000
v -1.800000 0.000000 -1.550000
v -1.800000 0.117898 -1.990000
v -1.800000 0.440000 -2.312102
v -1.450496 0.880000 -2.361347
v -1.450496 1.285674 -2.252647
v -1.450496 1.582648 -1.955674
v -1.450496 1.691348 -1.550000
v -1.450496 1.582648 -1.144326
v -1.450496 1.285674 -0.847352
v -1.450496 0.880000 -0.738652
v -1.450496 0.474326 -0.847352
v -1.450496 0.177352 -1.144326
v -1.450496 0.068652 -1.550000
v -1.450496 0.177352 -1.955674
v -1.450496 0.474326 -2.252647
v -1.400567 0.880000 -2.211560
v -1.400567 1.210780 -2.122928
v -1.400567 1.452928 -1.880780
v -1.400567 1.541560 -1.550000
v -1.400567 1.452928 -1.219220
v -1.400567 1.210780 -0.977072
v -1.400567 0.880000 -0.888440
v -1.400567 0.549220 -0.977072
v -1.400567 0.307072 -1.219220
v -1.400567 0.218440 -1.550000
v -1.400567 0.307072 -1.880780
v -1.400567 0.549220 -2.122928
v -2.206922 0.880000 -2.049291
v -2.206922 1.233052 -1.903052
v -2.206922 1.379291 -1.550000
v -2.206922 1.233052 -1.196948
v -2.206922 0.880000 -1.050709
v -2.206922 0.526948 -1.196948
v -2.206922 0.380709 -1.550000
v -2.206922 0.526948 -1.903052
v -2.234383 0.880000 -1.949433
v -2.234383 1.162441 -1.832441
v -2.234383 1.279433 -1.550000
v -2.234383 1.162441 -1.267558
v -2.234383 0.880000 -1.150567
v -2.234383 0.597558 -1.267558
v -2.234383 0.480567 -1.550000
v -2.234383 0.597558 -1.832441
v -2.238128 0.760845 -1.669155
v -2.238128 0.711489 -1.550000
v -2.238128 0.760845 -1.430845
v -2.238128 0.880000 -1.381489
v -2.238128 0.999155 -1.430845
v -2.238128 1.048511 -1.550000
v -2.238128 0.999155 -1.669155
v -2.238128 0.880000 -1.718511
v -2.241872 0.923688 -1.799645
v -2.241872 0.923688 -1.887021
v -2.241872 0.836312 -1.887021
v -2.241872 0.836312 -1.799645
v -2.241872 1.177722 -1.652979
v -2.241872 1.177722 -1.740355
v -2.241872 1.090346 -1.740355
v -2.241872 1.090346 -1.652979
v -2.241872 1.177722 -1.359645
v -2.241872 1.177722 -1.447021
v -2.241872 1.090346 -1.447021
v -2.241872 1.090346 -1.359645
v -2.241872 0.923688 -1.212979
v -2.241872 0.923688 -1.300355
v -2.241872 0.836312 -1.300355
v -2.241872 0.836312 -1.212979
v -2.241872 0.669654 -1.359645
v -2.241872 0.669654 -1.447021
v -2.241872 0.582278 -1.447021
v -2.241872 0.582278 -1.359645
v -2.241872 0.669654 -1.652979
v -2.241872 0.669654 -1.740355
v -2.241872 0.582278 -1.740355
v -2.241872 0.582278 -1.652979
v -1.393078 0.880000 -2.049291
v -1.393078 1.233052 -1.903052
v -1.393078 1.379291 -1.550000
v -1.393078 1.233052 -1.196948
v -1.393078 0.880000 -1.050709
v -1.393078 0.526948 -1.196948
v -1.393078 0.380709 -1.550000
v -1.393078 0.526948 -1.903052
v -1.365617 0.880000 -1.949433
v -1.365617 1.162441 -1.832441
v -1.365617 1.279433 -1.550000
v -1.365617 1.162441 -1.267558
v -1.365617 0.880000 -1.150567
v -1.365617 0.597558 -1.267558
v -1.365617 0.480567 -1.550000
v -1.365617 0.597558 -1.832441
v -1.361872 0.880000 -1.718511
v -1.361872 0.999155 -1.669155
v -1.361872 1.048511 -1.550000
v -1.361872 0.999155 -1.430845
v -1.361872 0.880000 -1.381489
v -1.361872 0.760845 -1.430845
v -1.361872 0.711489 -1.550000
v -1.361872 0.760845 -1.669155
v -1.358128 0.836312 -1.799645
v -1.358128 0.836312 -1.887021
v -1.358128 0.923688 -1.887021
v -1.358128 0.923688 -1.799645
v -1.358128 1.090346 -1.652979
v -1.358128 1.090346 -1.740355
v -1.358128 1.177722 -1.740355
v -1.358128 1.177722 -1.652979
v -1.358128 1.090346 -1.359645
v -1.358128 1.090346 -1.447021
v -1.358128 1.177722 -1.447021
v -1.358128 1.177722 -1.359645
v -1.358128 0.836312 -1.212979
v -1.358128 0.836312 -1.300355
v -1.358128 0.923688 -1.300355
v -1.358128 0.923688 -1.212979
v -1.358128 0.582278 -1.359645
v -1.358128 0.582278 -1.447021
v -1.358128 0.669654 -1.447021
v -1.358128 0.669654 -1.359645
v -1.358128 0.582278 -1.652979
v -1.358128 0.582278 -1.740355
v -1.358128 0.669654 -1.740355
v -1.358128 0.669654 -1.652979
vn -0.9453 0.0844 -0.3151
vn -0.9453 0.2307 -0.2307
vn -0.9453 0.3151 -0.0844
vn -0.9453 0.3151 0.0844
vn -0.9453 0.2307 0.2307
vn -0.9453 0.0844 0.3151
vn -0.9453 -0.0844 0.3151
vn -0.9453 -0.2307 0.2307
vn -0.9453 -0.3151 0.0844
vn -0.9453 -0.3151 -0.0844
vn -0.9453 -0.2307 -0.2307
vn -0.9453 -0.0844 -0.3151
vn -0.1864 0.2543 -0.9490
vn -0.1864 0.6947 -0.6947
vn -0.1864 0.9490 -0.2543
vn -0.1864 0.9490 0.2543
vn -0.1864 0.6947 0.6947
vn -0.1864 0.2543 0.9490
vn -0.1864 -0.2543 0.9490
vn -0.1864 -0.6947 0.6947
vn -0.1864 -0.9490 0.2543
vn -0.1864 -0.9490 -0.2543
vn -0.1864 -0.6947 -0.6947
vn -0.1864 -0.2543 -0.9490
vn 0.1864 0.2543 -0.9490
vn 0.1864 0.6947 -0.6947
vn 0.1864 0.9490 -0.2543
vn 0.1864 0.9490 0.2543
vn 0.1864 0.6947 0.6947
vn 0.1864 0.2543 0.9490
vn 0.1864 -0.2543 0.9490
vn 0.1864 -0.6947 0.6947
vn 0.1864 -0.9490 0.2543
vn 0.1864 -0.9490 -0.2543
vn 0.1864 -0.6947 -0.6947
vn 0.1864 -0.2543 -0.9490
vn 0.9453 0.0844 -0.3151
vn 0.9453 0.2307 -0.2307
vn 0.9453 0.3151 -0.0844
vn 0.9453 0.3151 0.0844
vn 0.9453 0.2307 0.2307
vn 0.9453 0.0844 0.3151
vn 0.9453 -0.0844 0.3151
vn 0.9453 -0.2307 0.2307
vn 0.9453 -0.3151 0.0844
vn 0.9453 -0.3151 -0.0844
vn 0.9453 -0.2307 -0.2307
vn 0.9453 -0.0844 -0.3151
vn -1.0000 -0.0000 -0.0000
vn 1.0000 -0.0000 -0.0000
vn -0.9584 0.1092 -0.2636
vn -0.9584 0.2636 -0.1092
vn -0.9584 0.2636 0.1092
vn -0.9584 0.1092 0.2636
vn -0.9584 -0.1092 0.2636
vn -0.9584 -0.2636 0.1092
vn -0.9584 -0.2636 -0.1092
vn -0.9584 -0.1092 -0.2636
vn 0.9584 0.1092 -0.2636
vn 0.9584 0.2636 -0.1092
vn 0.9584 0.2636 0.1092
vn 0.9584 0.1092 0.2636
vn 0.9584 -0.1092 0.2636
vn 0.9584 -0.2636 0.1092
vn 0.9584 -0.2636 -0.1092
vn 0.9584 -0.1092 -0.2636
vt 0.125000 0.375000
vt 0.375000 0.375000
vt 0.125000 0.625000
vt 0.375000 0.875000
vt 0.875000 0.125000
s 0
usemtl Military_Wagon_cargo_Palette
f 3210/27/251 3221/27/251 3209/27/251
f 3211/27/252 3222/27/252 3210/27/252
f 3212/27/253 3223/27/253 3211/27/253
f 3213/27/254 3224/27/254 3212/27/254
f 3213/27/255 3226/27/255 3225/27/255
f 3215/27/256 3226/27/256 3214/27/256
f 3216/27/257 3227/27/257 3215/27/257
f 3217/27/258 3228/27/258 3216/27/258
f 3218/27/259 3229/27/259 3217/27/259
f 3219/27/260 3230/27/260 3218/27/260
f 3219/27/261 3232/27/261 3231/27/261
f 3209/27/262 3232/27/262 3220/27/262
f 3221/27/263 3234/27/263 3233/27/263
f 3223/28/264 3234/28/264 3222/28/264
f 3224/27/265 3235/27/265 3223/27/265
f 3225/28/266 3236/28/266 3224/28/266
f 3226/27/267 3237/27/267 3225/27/267
f 3227/28/268 3238/28/268 3226/28/268
f 3227/27/269 3240/27/269 3239/27/269
f 3229/28/270 3240/28/270 3228/28/270
f 3230/27/271 3241/27/271 3229/27/271
f 3231/28/272 3242/28/272 3230/28/272
f 3232/27/273 3243/27/273 3231/27/273
f 3221/28/274 3244/28/274 3232/28/274
f 3234/27/275 3245/27/275 3233/27/275
f 3235/28/276 3246/28/276 3234/28/276
f 3236/27/277 3247/27/277 3235/27/277
f 3237/28/278 3248/28/278 3236/28/278
f 3238/27/279 3249/27/279 3237/27/279
f 3239/28/280 3250/28/280 3238/28/280
f 3240/27/281 3251/27/281 3239/27/281
f 3241/28/282 3252/28/282 3240/28/282
f 3242/27/283 3253/27/283 3241/27/283
f 3243/28/284 3254/28/284 3242/28/284
f 3244/27/285 3255/27/285 3243/27/285
f 3233/28/286 3256/28/286 3244/28/286
f 3246/27/287 3257/27/287 3245/27/287
f 3247/27/288 3258/27/288 3246/27/288
f 3248/27/289 3259/27/289 3247/27/289
f 3249/27/290 3260/27/290 3248/27/290
f 3250/27/291 3261/27/291 3249/27/291
f 3251/27/292 3262/27/292 3250/27/292
f 3252/27/293 3263/27/293 3251/27/293
f 3253/27/294 3264/27/294 3252/27/294
f 3254/27/295 3265/27/295 3253/27/295
f 3255/27/296 3266/27/296 3254/27/296
f 3256/27/297 3267/27/297 3255/27/297
f 3245/27/298 3268/27/298 3256/27/298
f 3217/27/299 3213/27/299 3209/27/299
f 3260/27/300 3264/27/300 3268/27/300
f 3271/29/300 3273/29/300 3275/29/300
f 3277/29/301 3270/29/301 3269/29/301
f 3278/29/302 3271/29/302 3270/29/302
f 3279/29/303 3272/29/303 3271/29/303
f 3280/29/304 3273/29/304 3272/29/304
f 3281/29/305 3274/29/305 3273/29/305
f 3282/29/306 3275/29/306 3274/29/306
f 3283/29/307 3276/29/307 3275/29/307
f 3284/29/308 3269/29/308 3276/29/308
f 3282/29/299 3280/29/299 3278/29/299
f 3290/30/299 3291/30/299 3292/30/299
f 3294/31/299 3296/31/299 3293/31/299
f 3298/31/299 3300/31/299 3297/31/299
f 3302/31/299 3304/31/299 3301/31/299
f 3306/31/299 3308/31/299 3305/31/299
f 3310/31/299 3312/31/299 3309/31/299
f 3314/31/299 3316/31/299 3313/31/299
f 3321/29/299 3319/29/299 3317/29/299
f 3318/29/309 3325/29/309 3317/29/309
f 3318/29/310 3327/29/310 3326/29/310
f 3320/29/311 3327/29/311 3319/29/311
f 3321/29/312 3328/29/312 3320/29/312
f 3322/29/313 3329/29/313 3321/29/313
f 3322/29/314 3331/29/314 3330/29/314
f 3324/29/315 3331/29/315 3323/29/315
f 3317/29/316 3332/29/316 3324/29/316
f 3328/29/300 3330/29/300 3332/29/300
f 3336/30/300 3338/30/300 3340/30/300
f 3342/31/300 3344/31/300 3341/31/300
f 3346/31/300 3348/31/300 3345/31/300
f 3350/31/300 3352/31/300 3349/31/300
f 3354/31/300 3356/31/300 3353/31/300
f 3358/31/300 3360/31/300 3357/31/300
f 3362/31/300 3364/31/300 3361/31/300
f 3210/27/251 3222/27/251 3221/27/251
f 3211/27/252 3223/27/252 3222/27/252
f 3212/27/253 3224/27/253 3223/27/253
f 3213/27/254 3225/27/254 3224/27/254
f 3213/27/255 3214/27/255 3226/27/255
f 3215/27/256 3227/27/256 3226/27/256
f 3216/27/257 3228/27/257 3227/27/257
f 3217/27/258 3229/27/258 3228/27/258
f 3218/27/259 3230/27/259 3229/27/259
f 3219/27/260 3231/27/260 3230/27/260
f 3219/27/261 3220/27/261 3232/27/261
f 3209/27/262 3221/27/262 3232/27/262
f 3221/27/263 3222/27/263 3234/27/263
f 3223/28/264 3235/28/264 3234/28/264
f 3224/27/265 3236/27/265 3235/27/265
f 3225/28/266 3237/28/266 3236/28/266
f 3226/27/267 3238/27/267 3237/27/267
f 3227/28/268 3239/28/268 3238/28/268
f 3227/27/269 3228/27/269 3240/27/269
f 3229/28/270 3241/28/270 3240/28/270
f 3230/27/271 3242/27/271 3241/27/271
f 3231/28/272 3243/28/272 3242/28/272
f 3232/27/273 3244/27/273 3243/27/273
f 3221/28/274 3233/28/274 3244/28/274
f 3234/27/275 3246/27/275 3245/27/275
f 3235/28/276 3247/28/276 3246/28/276
f 3236/27/277 3248/27/277 3247/27/277
f 3237/28/278 3249/28/278 3248/28/278
f 3238/27/279 3250/27/279 3249/27/279
f 3239/28/280 3251/28/280 3250/28/280
f 3240/27/281 3252/27/281 3251/27/281
f 3241/28/282 3253/28/282 3252/28/282
f 3242/27/283 3254/27/283 3253/27/283
f 3243/28/284 3255/28/284 3254/28/284
f 3244/27/285 3256/27/285 3255/27/285
f 3233/28/286 3245/28/286 3256/28/286
f 3246/27/287 3258/27/287 3257/27/287
f 3247/27/288 3259/27/288 3258/27/288
f 3248/27/289 3260/27/289 3259/27/289
f 3249/27/290 3261/27/290 3260/27/290
f 3250/27/291 3262/27/291 3261/27/291
f 3251/27/292 3263/27/292 3262/27/292
f 3252/27/293 3264/27/293 3263/27/293
f 3253/27/294 3265/27/294 3264/27/294
f 3254/27/295 3266/27/295 3265/27/295
f 3255/27/296 3267/27/296 3266/27/296
f 3256/27/297 3268/27/297 3267/27/297
f 3245/27/298 3257/27/298 3268/27/298
f 3209/27/299 3220/27/299 3219/27/299
f 3219/27/299 3218/27/299 3217/27/299
f 3217/27/299 3216/27/299 3215/27/299
f 3215/27/299 3214/27/299 3213/27/299
f 3213/27/299 3212/27/299 3211/27/299
f 3211/27/299 3210/27/299 3209/27/299
f 3209/27/299 3219/27/299 3217/27/299
f 3217/27/299 3215/27/299 3213/27/299
f 3213/27/299 3211/27/299 3209/27/299
f 3268/27/300 3257/27/300 3258/27/300
f 3258/27/300 3259/27/300 3260/27/300
f 3260/27/300 3261/27/300 3262/27/300
f 3262/27/300 3263/27/300 3264/27/300
f 3264/27/300 3265/27/300 3266/27/300
f 3266/27/300 3267/27/300 3268/27/300
f 3268/27/300 3258/27/300 3260/27/300
f 3260/27/300 3262/27/300 3264/27/300
f 3264/27/300 3266/27/300 3268/27/300
f 3275/29/300 3276/29/300 3269/29/300
f 3269/29/300 3270/29/300 3271/29/300
f 3271/29/300 3272/29/300 3273/29/300
f 3273/29/300 3274/29/300 3275/29/300
f 3275/29/300 3269/29/300 3271/29/300
f 3277/29/301 3278/29/301 3270/29/301
f 3278/29/302 3279/29/302 3271/29/302
f 3279/29/303 3280/29/303 3272/29/303
f 3280/29/304 3281/29/304 3273/29/304
f 3281/29/305 3282/29/305 3274/29/305
f 3282/29/306 3283/29/306 3275/29/306
f 3283/29/307 3284/29/307 3276/29/307
f 3284/29/308 3277/29/308 3269/29/308
f 3278/29/299 3277/29/299 3284/29/299
f 3284/29/299 3283/29/299 3282/29/299
f 3282/29/299 3281/29/299 3280/29/299
f 3280/29/299 3279/29/299 3278/29/299
f 3278/29/299 3284/29/299 3282/29/299
f 3292/30/299 3285/30/299 3288/30/299
f 3285/30/299 3286/30/299 3288/30/299
f 3286/30/299 3287/30/299 3288/30/299
f 3288/30/299 3289/30/299 3292/30/299
f 3289/30/299 3290/30/299 3292/30/299
f 3294/31/299 3295/31/299 3296/31/299
f 3298/31/299 3299/31/299 3300/31/299
f 3302/31/299 3303/31/299 3304/31/299
f 3306/31/299 3307/31/299 3308/31/299
f 3310/31/299 3311/31/299 3312/31/299
f 3314/31/299 3315/31/299 3316/31/299
f 3317/29/299 3324/29/299 3323/29/299
f 3323/29/299 3322/29/299 3321/29/299
f 3321/29/299 3320/29/299 3319/29/299
f 3319/29/299 3318/29/299 3317/29/299
f 3317/29/299 3323/29/299 3321/29/299
f 3318/29/309 3326/29/309 3325/29/309
f 3318/29/310 3319/29/310 3327/29/310
f 3320/29/311 3328/29/311 3327/29/311
f 3321/29/312 3329/29/312 3328/29/312
f 3322/29/313 3330/29/313 3329/29/313
f 3322/29/314 3323/29/314 3331/29/314
f 3324/29/315 3332/29/315 3331/29/315
f 3317/29/316 3325/29/316 3332/29/316
f 3332/29/300 3325/29/300 3326/29/300
f 3326/29/300 3327/29/300 3328/29/300
f 3328/29/300 3329/29/300 3330/29/300
f 3330/29/300 3331/29/300 3332/29/300
f 3332/29/300 3326/29/300 3328/29/300
f 3340/30/300 3333/30/300 3334/30/300
f 3334/30/300 3335/30/300 3336/30/300
f 3336/30/300 3337/30/300 3338/30/300
f 3338/30/300 3339/30/300 3340/30/300
f 3340/30/300 3334/30/300 3336/30/300
f 3342/31/300 3343/31/300 3344/31/300
f 3346/31/300 3347/31/300 3348/31/300
f 3350/31/300 3351/31/300 3352/31/300
f 3354/31/300 3355/31/300 3356/31/300
f 3358/31/300 3359/31/300 3360/31/300
f 3362/31/300 3363/31/300 3364/31/300
o AllTerrainTire.003
v 1.400567 0.880000 -2.211560
v 1.400567 1.210780 -2.122928
v 1.400567 1.452928 -1.880780
v 1.400567 1.541560 -1.550000
v 1.400567 1.452928 -1.219220
v 1.400567 1.210780 -0.977072
v 1.400567 0.880000 -0.888440
v 1.400567 0.549220 -0.977072
v 1.400567 0.307072 -1.219220
v 1.400567 0.218440 -1.550000
v 1.400567 0.307072 -1.880780
v 1.400567 0.549220 -2.122928
v 1.450496 0.880000 -2.361347
v 1.450496 1.285674 -2.252647
v 1.450496 1.582648 -1.955674
v 1.450496 1.691348 -1.550000
v 1.450496 1.582648 -1.144326
v 1.450496 1.285674 -0.847352
v 1.450496 0.880000 -0.738652
v 1.450496 0.474326 -0.847352
v 1.450496 0.177352 -1.144326
v 1.450496 0.068652 -1.550000
v 1.450496 0.177352 -1.955674
v 1.450496 0.474326 -2.252647
v 1.800000 0.880000 -2.430000
v 1.800000 1.320000 -2.312102
v 1.800000 1.642102 -1.990000
v 1.800000 1.760000 -1.550000
v 1.800000 1.642102 -1.110000
v 1.800000 1.320000 -0.787898
v 1.800000 0.880000 -0.670000
v 1.800000 0.440000 -0.787898
v 1.800000 0.117898 -1.110000
v 1.800000 0.000000 -1.550000
v 1.800000 0.117898 -1.990000
v 1.800000 0.440000 -2.312102
v 2.149503 0.880000 -2.361347
v 2.149503 1.285674 -2.252647
v 2.149503 1.582648 -1.955674
v 2.149503 1.691348 -1.550000
v 2.149503 1.582648 -1.144326
v 2.149503 1.285674 -0.847352
v 2.149503 0.880000 -0.738652
v 2.149503 0.474326 -0.847352
v 2.149503 0.177352 -1.144326
v 2.149503 0.068652 -1.550000
v 2.149503 0.177352 -1.955674
v 2.149503 0.474326 -2.252647
v 2.199433 0.880000 -2.211560
v 2.199433 1.210780 -2.122928
v 2.199433 1.452928 -1.880780
v 2.199433 1.541560 -1.550000
v 2.199433 1.452928 -1.219220
v 2.199433 1.210780 -0.977072
v 2.199433 0.880000 -0.888440
v 2.199433 0.549220 -0.977072
v 2.199433 0.307072 -1.219220
v 2.199433 0.218440 -1.550000
v 2.199433 0.307072 -1.880780
v 2.199433 0.549220 -2.122928
v 1.393078 0.880000 -2.049291
v 1.393078 1.233052 -1.903052
v 1.393078 1.379291 -1.550000
v 1.393078 1.233052 -1.196948
v 1.393078 0.880000 -1.050709
v 1.393078 0.526948 -1.196948
v 1.393078 0.380709 -1.550000
v 1.393078 0.526948 -1.903052
v 1.365617 0.880000 -1.949433
v 1.365617 1.162441 -1.832441
v 1.365617 1.279433 -1.550000
v 1.365617 1.162441 -1.267558
v 1.365617 0.880000 -1.150567
v 1.365617 0.597558 -1.267558
v 1.365617 0.480567 -1.550000
v 1.365617 0.597558 -1.832441
v 1.361872 0.760845 -1.669155
v 1.361872 0.711489 -1.550000
v 1.361872 0.760845 -1.430845
v 1.361872 0.880000 -1.381489
v 1.361872 0.999155 -1.430845
v 1.361872 1.048511 -1.550000
v 1.361872 0.999155 -1.669155
v 1.361872 0.880000 -1.718511
v 1.358128 0.923688 -1.799645
v 1.358128 0.923688 -1.887021
v 1.358128 0.836312 -1.887021
v 1.358128 0.836312 -1.799645
v 1.358128 1.177722 -1.652979
v 1.358128 1.177722 -1.740355
v 1.358128 1.090346 -1.740355
v 1.358128 1.090346 -1.652979
v 1.358128 1.177722 -1.359645
v 1.358128 1.177722 -1.447021
v 1.358128 1.090346 -1.447021
v 1.358128 1.090346 -1.359645
v 1.358128 0.923688 -1.212979
v 1.358128 0.923688 -1.300355
v 1.358128 0.836312 -1.300355
v 1.358128 0.836312 -1.212979
v 1.358128 0.669654 -1.359645
v 1.358128 0.669654 -1.447021
v 1.358128 0.582278 -1.447021
v 1.358128 0.582278 -1.359645
v 1.358128 0.669654 -1.652979
v 1.358128 0.669654 -1.740355
v 1.358128 0.582278 -1.740355
v 1.358128 0.582278 -1.652979
v 2.206922 0.880000 -2.049291
v 2.206922 1.233052 -1.903052
v 2.206922 1.379291 -1.550000
v 2.206922 1.233052 -1.196948
v 2.206922 0.880000 -1.050709
v 2.206922 0.526948 -1.196948
v 2.206922 0.380709 -1.550000
v 2.206922 0.526948 -1.903052
v 2.234383 0.880000 -1.949433
v 2.234383 1.162441 -1.832441
v 2.234383 1.279433 -1.550000
v 2.234383 1.162441 -1.267558
v 2.234383 0.880000 -1.150567
v 2.234383 0.597558 -1.267558
v 2.234383 0.480567 -1.550000
v 2.234383 0.597558 -1.832441
v 2.238128 0.880000 -1.718511
v 2.238128 0.999155 -1.669155
v 2.238128 1.048511 -1.550000
v 2.238128 0.999155 -1.430845
v 2.238128 0.880000 -1.381489
v 2.238128 0.760845 -1.430845
v 2.238128 0.711489 -1.550000
v 2.238128 0.760845 -1.669155
v 2.241872 0.836312 -1.799645
v 2.241872 0.836312 -1.887021
v 2.241872 0.923688 -1.887021
v 2.241872 0.923688 -1.799645
v 2.241872 1.090346 -1.652979
v 2.241872 1.090346 -1.740355
v 2.241872 1.177722 -1.740355
v 2.241872 1.177722 -1.652979
v 2.241872 1.090346 -1.359645
v 2.241872 1.090346 -1.447021
v 2.241872 1.177722 -1.447021
v 2.241872 1.177722 -1.359645
v 2.241872 0.836312 -1.212979
v 2.241872 0.836312 -1.300355
v 2.241872 0.923688 -1.300355
v 2.241872 0.923688 -1.212979
v 2.241872 0.582278 -1.359645
v 2.241872 0.582278 -1.447021
v 2.241872 0.669654 -1.447021
v 2.241872 0.669654 -1.359645
v 2.241872 0.582278 -1.652979
v 2.241872 0.582278 -1.740355
v 2.241872 0.669654 -1.740355
v 2.241872 0.669654 -1.652979
vn -0.9453 0.0844 -0.3151
vn -0.9453 0.2307 -0.2307
vn -0.9453 0.3151 -0.0844
vn -0.9453 0.3151 0.0844
vn -0.9453 0.2307 0.2307
vn -0.9453 0.0844 0.3151
vn -0.9453 -0.0844 0.3151
vn -0.9453 -0.2307 0.2307
vn -0.9453 -0.3151 0.0844
vn -0.9453 -0.3151 -0.0844
vn -0.9453 -0.2307 -0.2307
vn -0.9453 -0.0844 -0.3151
vn -0.1864 0.2543 -0.9490
vn -0.1864 0.6947 -0.6947
vn -0.1864 0.9490 -0.2543
vn -0.1864 0.9490 0.2543
vn -0.1864 0.6947 0.6947
vn -0.1864 0.2543 0.9490
vn -0.1864 -0.2543 0.9490
vn -0.1864 -0.6947 0.6947
vn -0.1864 -0.9490 0.2543
vn -0.1864 -0.9490 -0.2543
vn -0.1864 -0.6947 -0.6947
vn -0.1864 -0.2543 -0.9490
vn 0.1864 0.2543 -0.9490
vn 0.1864 0.6947 -0.6947
vn 0.1864 0.9490 -0.2543
vn 0.1864 0.9490 0.2543
vn 0.1864 0.6947 0.6947
vn 0.1864 0.2543 0.9490
vn 0.1864 -0.2543 0.9490
vn 0.1864 -0.6947 0.6947
vn 0.1864 -0.9490 0.2543
vn 0.1864 -0.9490 -0.2543
vn 0.1864 -0.6947 -0.6947
vn 0.1864 -0.2543 -0.9490
vn 0.9453 0.0844 -0.3151
vn 0.9453 0.2307 -0.2307
vn 0.9453 0.3151 -0.0844
vn 0.9453 0.3151 0.0844
vn 0.9453 0.2307 0.2307
vn 0.9453 0.0844 0.3151
vn 0.9453 -0.0844 0.3151
vn 0.9453 -0.2307 0.2307
vn 0.9453 -0.3151 0.0844
vn 0.9453 -0.3151 -0.0844
vn 0.9453 -0.2307 -0.2307
vn 0.9453 -0.0844 -0.3151
vn -1.0000 -0.0000 -0.0000
vn 1.0000 -0.0000 -0.0000
vn -0.9584 0.1092 -0.2636
vn -0.9584 0.2636 -0.1092
vn -0.9584 0.2636 0.1092
vn -0.9584 0.1092 0.2636
vn -0.9584 -0.1092 0.2636
vn -0.9584 -0.2636 0.1092
vn -0.9584 -0.2636 -0.1092
vn -0.9584 -0.1092 -0.2636
vn 0.9584 0.1092 -0.2636
vn 0.9584 0.2636 -0.1092
vn 0.9584 0.2636 0.1092
vn 0.9584 0.1092 0.2636
vn 0.9584 -0.1092 0.2636
vn 0.9584 -0.2636 0.1092
vn 0.9584 -0.2636 -0.1092
vn 0.9584 -0.1092 -0.2636
vt 0.125000 0.375000
vt 0.375000 0.375000
vt 0.125000 0.625000
vt 0.375000 0.875000
vt 0.875000 0.125000
s 0
usemtl Military_Wagon_cargo_Palette
f 3366/32/317 3377/32/317 3365/32/317
f 3367/32/318 3378/32/318 3366/32/318
f 3368/32/319 3379/32/319 3367/32/319
f 3369/32/320 3380/32/320 3368/32/320
f 3369/32/321 3382/32/321 3381/32/321
f 3371/32/322 3382/32/322 3370/32/322
f 3372/32/323 3383/32/323 3371/32/323
f 3373/32/324 3384/32/324 3372/32/324
f 3374/32/325 3385/32/325 3373/32/325
f 3375/32/326 3386/32/326 3374/32/326
f 3375/32/327 3388/32/327 3387/32/327
f 3365/32/328 3388/32/328 3376/32/328
f 3377/32/329 3390/32/329 3389/32/329
f 3379/33/330 3390/33/330 3378/33/330
f 3380/32/331 3391/32/331 3379/32/331
f 3381/33/332 3392/33/332 3380/33/332
f 3382/32/333 3393/32/333 3381/32/333
f 3383/33/334 3394/33/334 3382/33/334
f 3383/32/335 3396/32/335 3395/32/335
f 3385/33/336 3396/33/336 3384/33/336
f 3386/32/337 3397/32/337 3385/32/337
f 3387/33/338 3398/33/338 3386/33/338
f 3388/32/339 3399/32/339 3387/32/339
f 3377/33/340 3400/33/340 3388/33/340
f 3390/32/341 3401/32/341 3389/32/341
f 3391/33/342 3402/33/342 3390/33/342
f 3392/32/343 3403/32/343 3391/32/343
f 3393/33/344 3404/33/344 3392/33/344
f 3394/32/345 3405/32/345 3393/32/345
f 3395/33/346 3406/33/346 3394/33/346
f 3396/32/347 3407/32/347 3395/32/347
f 3397/33/348 3408/33/348 3396/33/348
f 3398/32/349 3409/32/349 3397/32/349
f 3399/33/350 3410/33/350 3398/33/350
f 3400/32/351 3411/32/351 3399/32/351
f 3389/33/352 3412/33/352 3400/33/352
f 3402/32/353 3413/32/353 3401/32/353
f 3403/32/354 3414/32/354 3402/32/354
f 3404/32/355 3415/32/355 3403/32/355
f 3405/32/356 3416/32/356 3404/32/356
f 3406/32/357 3417/32/357 3405/32/357
f 3407/32/358 3418/32/358 3406/32/358
f 3408/32/359 3419/32/359 3407/32/359
f 3409/32/360 3420/32/360 3408/32/360
f 3410/32/361 3421/32/361 3409/32/361
f 3411/32/362 3422/32/362 3410/32/362
f 3412/32/363 3423/32/363 3411/32/363
f 3401/32/364 3424/32/364 3412/32/364
f 3373/32/365 3369/32/365 3365/32/365
f 3416/32/366 3420/32/366 3424/32/366
f 3427/34/366 3429/34/366 3431/34/366
f 3433/34/367 3426/34/367 3425/34/367
f 3434/34/368 3427/34/368 3426/34/368
f 3435/34/369 3428/34/369 3427/34/369
f 3436/34/370 3429/34/370 3428/34/370
f 3437/34/371 3430/34/371 3429/34/371
f 3438/34/372 3431/34/372 3430/34/372
f 3439/34/373 3432/34/373 3431/34/373
f 3440/34/374 3425/34/374 3432/34/374
f 3438/34/365 3436/34/365 3434/34/365
f 3446/35/365 3447/35/365 3448/35/365
f 3450/36/365 3452/36/365 3449/36/365
f 3454/36/365 3456/36/365 3453/36/365
f 3458/36/365 3460/36/365 3457/36/365
f 3462/36/365 3464/36/365 3461/36/365
f 3466/36/365 3468/36/365 3465/36/365
f 3470/36/365 3472/36/365 3469/36/365
f 3477/34/365 3475/34/365 3473/34/365
f 3474/34/375 3481/34/375 3473/34/375
f 3474/34/376 3483/34/376 3482/34/376
f 3476/34/377 3483/34/377 3475/34/377
f 3477/34/378 3484/34/378 3476/34/378
f 3478/34/379 3485/34/379 3477/34/379
f 3478/34/380 3487/34/380 3486/34/380
f 3480/34/381 3487/34/381 3479/34/381
f 3473/34/382 3488/34/382 3480/34/382
f 3484/34/366 3486/34/366 3488/34/366
f 3492/35/366 3494/35/366 3496/35/366
f 3498/36/366 3500/36/366 3497/36/366
f 3502/36/366 3504/36/366 3501/36/366
f 3506/36/366 3508/36/366 3505/36/366
f 3510/36/366 3512/36/366 3509/36/366
f 3514/36/366 3516/36/366 3513/36/366
f 3518/36/366 3520/36/366 3517/36/366
f 3366/32/317 3378/32/317 3377/32/317
f 3367/32/318 3379/32/318 3378/32/318
f 3368/32/319 3380/32/319 3379/32/319
f 3369/32/320 3381/32/320 3380/32/320
f 3369/32/321 3370/32/321 3382/32/321
f 3371/32/322 3383/32/322 3382/32/322
f 3372/32/323 3384/32/323 3383/32/323
f 3373/32/324 3385/32/324 3384/32/324
f 3374/32/325 3386/32/325 3385/32/325
f 3375/32/326 3387/32/326 3386/32/326
f 3375/32/327 3376/32/327 3388/32/327
f 3365/32/328 3377/32/328 3388/32/328
f 3377/32/329 3378/32/329 3390/32/329
f 3379/33/330 3391/33/330 3390/33/330
f 3380/32/331 3392/32/331 3391/32/331
f 3381/33/332 3393/33/332 3392/33/332
f 3382/32/333 3394/32/333 3393/32/333
f 3383/33/334 3395/33/334 3394/33/334
f 3383/32/335 3384/32/335 3396/32/335
f 3385/33/336 3397/33/336 3396/33/336
f 3386/32/337 3398/32/337 3397/32/337
f 3387/33/338 3399/33/338 3398/33/338
f 3388/32/339 3400/32/339 3399/32/339
f 3377/33/340 3389/33/340 3400/33/340
f 3390/32/341 3402/32/341 3401/32/341
f 3391/33/342 3403/33/342 3402/33/342
f 3392/32/343 3404/32/343 3403/32/343
f 3393/33/344 3405/33/344 3404/33/344
f 3394/32/345 3406/32/345 3405/32/345
f 3395/33/346 3407/33/346 3406/33/346
f 3396/32/347 3408/32/347 3407/32/347
f 3397/33/348 3409/33/348 3408/33/348
f 3398/32/349 3410/32/349 3409/32/349
f 3399/33/350 3411/33/350 3410/33/350
f 3400/32/351 3412/32/351 3411/32/351
f 3389/33/352 3401/33/352 3412/33/352
f 3402/32/353 3414/32/353 3413/32/353
f 3403/32/354 3415/32/354 3414/32/354
f 3404/32/355 3416/32/355 3415/32/355
f 3405/32/356 3417/32/356 3416/32/356
f 3406/32/357 3418/32/357 3417/32/357
f 3407/32/358 3419/32/358 3418/32/358
f 3408/32/359 3420/32/359 3419/32/359
f 3409/32/360 3421/32/360 3420/32/360
f 3410/32/361 3422/32/361 3421/32/361
f 3411/32/362 3423/32/362 3422/32/362
f 3412/32/363 3424/32/363 3423/32/363
f 3401/32/364 3413/32/364 3424/32/364
f 3365/32/365 3376/32/365 3375/32/365
f 3375/32/365 3374/32/365 3373/32/365
f 3373/32/365 3372/32/365 3371/32/365
f 3371/32/365 3370/32/365 3369/32/365
f 3369/32/365 3368/32/365 3367/32/365
f 3367/32/365 3366/32/365 3365/32/365
f 3365/32/365 3375/32/365 3373/32/365
f 3373/32/365 3371/32/365 3369/32/365
f 3369/32/365 3367/32/365 3365/32/365
f 3424/32/366 3413/32/366 3414/32/366
f 3414/32/366 3415/32/366 3416/32/366
f 3416/32/366 3417/32/366 3418/32/366
f 3418/32/366 3419/32/366 3420/32/366
f 3420/32/366 3421/32/366 3422/32/366
f 3422/32/366 3423/32/366 3424/32/366
f 3424/32/366 3414/32/366 3416/32/366
f 3416/32/366 3418/32/366 3420/32/366
f 3420/32/366 3422/32/366 3424/32/366
f 3431/34/366 3432/34/366 3425/34/366
f 3425/34/366 3426/34/366 3427/34/366
f 3427/34/366 3428/34/366 3429/34/366
f 3429/34/366 3430/34/366 3431/34/366
f 3431/34/366 3425/34/366 3427/34/366
f 3433/34/367 3434/34/367 3426/34/367
f 3434/34/368 3435/34/368 3427/34/368
f 3435/34/369 3436/34/369 3428/34/369
f 3436/34/370 3437/34/370 3429/34/370
f 3437/34/371 3438/34/371 3430/34/371
f 3438/34/372 3439/34/372 3431/34/372
f 3439/34/373 3440/34/373 3432/34/373
f 3440/34/374 3433/34/374 3425/34/374
f 3434/34/365 3433/34/365 3440/34/365
f 3440/34/365 3439/34/365 3438/34/365
f 3438/34/365 3437/34/365 3436/34/365
f 3436/34/365 3435/34/365 3434/34/365
f 3434/34/365 3440/34/365 3438/34/365
f 3448/35/365 3441/35/365 3444/35/365
f 3441/35/365 3442/35/365 3444/35/365
f 3442/35/365 3443/35/365 3444/35/365
f 3444/35/365 3445/35/365 3448/35/365
f 3445/35/365 3446/35/365 3448/35/365
f 3450/36/365 3451/36/365 3452/36/365
f 3454/36/365 3455/36/365 3456/36/365
f 3458/36/365 3459/36/365 3460/36/365
f 3462/36/365 3463/36/365 3464/36/365
f 3466/36/365 3467/36/365 3468/36/365
f 3470/36/365 3471/36/365 3472/36/365
f 3473/34/365 3480/34/365 3479/34/365
f 3479/34/365 3478/34/365 3477/34/365
f 3477/34/365 3476/34/365 3475/34/365
f 3475/34/365 3474/34/365 3473/34/365
f 3473/34/365 3479/34/365 3477/34/365
f 3474/34/375 3482/34/375 3481/34/375
f 3474/34/376 3475/34/376 3483/34/376
f 3476/34/377 3484/34/377 3483/34/377
f 3477/34/378 3485/34/378 3484/34/378
f 3478/34/379 3486/34/379 3485/34/379
f 3478/34/380 3479/34/380 3487/34/380
f 3480/34/381 3488/34/381 3487/34/381
f 3473/34/382 3481/34/382 3488/34/382
f 3488/34/366 3481/34/366 3482/34/366
f 3482/34/366 3483/34/366 3484/34/366
f 3484/34/366 3485/34/366 3486/34/366
f 3486/34/366 3487/34/366 3488/34/366
f 3488/34/366 3482/34/366 3484/34/366
f 3496/35/366 3489/35/366 3490/35/366
f 3490/35/366 3491/35/366 3492/35/366
f 3492/35/366 3493/35/366 3494/35/366
f 3494/35/366 3495/35/366 3496/35/366
f 3496/35/366 3490/35/366 3492/35/366
f 3498/36/366 3499/36/366 3500/36/366
f 3502/36/366 3503/36/366 3504/36/366
f 3506/36/366 3507/36/366 3508/36/366
f 3510/36/366 3511/36/366 3512/36/366
f 3514/36/366 3515/36/366 3516/36/366
f 3518/36/366 3519/36/366 3520/36/366
o DrawbarFrame
v -0.311200 0.870000 3.285600
v -0.248800 0.870000 3.285600
v -0.234400 0.870000 3.271200
v -0.234400 0.870000 1.428800
v -0.248800 0.870000 1.414400
v -0.311200 0.870000 1.414400
v -0.325600 0.870000 1.428800
v -0.325600 0.870000 3.271200
v -0.325600 0.884400 3.300000
v -0.234400 0.884400 3.300000
v -0.220000 0.884400 3.285600
v -0.220000 0.884400 1.414400
v -0.234400 0.884400 1.400000
v -0.325600 0.884400 1.400000
v -0.340000 0.884400 1.414400
v -0.340000 0.884400 3.285600
v -0.325600 1.015600 3.300000
v -0.234400 1.015600 3.300000
v -0.220000 1.015600 3.285600
v -0.220000 1.015600 1.414400
v -0.234400 1.015600 1.400000
v -0.325600 1.015600 1.400000
v -0.340000 1.015600 1.414400
v -0.340000 1.015600 3.285600
v -0.311200 1.030000 3.285600
v -0.248800 1.030000 3.285600
v -0.234400 1.030000 3.271200
v -0.234400 1.030000 1.428800
v -0.248800 1.030000 1.414400
v -0.311200 1.030000 1.414400
v -0.325600 1.030000 1.428800
v -0.325600 1.030000 3.271200
v 0.248800 0.870000 3.285600
v 0.311200 0.870000 3.285600
v 0.325600 0.870000 3.271200
v 0.325600 0.870000 1.428800
v 0.311200 0.870000 1.414400
v 0.248800 0.870000 1.414400
v 0.234400 0.870000 1.428800
v 0.234400 0.870000 3.271200
v 0.234400 0.884400 3.300000
v 0.325600 0.884400 3.300000
v 0.340000 0.884400 3.285600
v 0.340000 0.884400 1.414400
v 0.325600 0.884400 1.400000
v 0.234400 0.884400 1.400000
v 0.220000 0.884400 1.414400
v 0.220000 0.884400 3.285600
v 0.234400 1.015600 3.300000
v 0.325600 1.015600 3.300000
v 0.340000 1.015600 3.285600
v 0.340000 1.015600 1.414400
v 0.325600 1.015600 1.400000
v 0.234400 1.015600 1.400000
v 0.220000 1.015600 1.414400
v 0.220000 1.015600 3.285600
v 0.248800 1.030000 3.285600
v 0.311200 1.030000 3.285600
v 0.325600 1.030000 3.271200
v 0.325600 1.030000 1.428800
v 0.311200 1.030000 1.414400
v 0.248800 1.030000 1.414400
v 0.234400 1.030000 1.428800
v 0.234400 1.030000 3.271200
v -0.110000 0.830000 3.365000
v 0.110000 0.830000 3.365000
v 0.135000 0.830000 3.340000
v 0.135000 0.830000 3.160000
v 0.110000 0.830000 3.135000
v -0.110000 0.830000 3.135000
v -0.135000 0.830000 3.160000
v -0.135000 0.830000 3.340000
v -0.135000 0.855000 3.390000
v 0.135000 0.855000 3.390000
v 0.160000 0.855000 3.365000
v 0.160000 0.855000 3.135000
v 0.135000 0.855000 3.110000
v -0.135000 0.855000 3.110000
v -0.160000 0.855000 3.135000
v -0.160000 0.855000 3.365000
v -0.135000 1.045000 3.390000
v 0.135000 1.045000 3.390000
v 0.160000 1.045000 3.365000
v 0.160000 1.045000 3.135000
v 0.135000 1.045000 3.110000
v -0.135000 1.045000 3.110000
v -0.160000 1.045000 3.135000
v -0.160000 1.045000 3.365000
v -0.110000 1.070000 3.365000
v 0.110000 1.070000 3.365000
v 0.135000 1.070000 3.340000
v 0.135000 1.070000 3.160000
v 0.110000 1.070000 3.135000
v -0.110000 1.070000 3.135000
v -0.135000 1.070000 3.160000
v -0.135000 1.070000 3.340000
vn -0.0000 -1.0000 -0.0000
vn -0.0000 -0.7071 0.7071
vn 0.4082 -0.8165 0.4082
vn 0.7071 -0.7071 -0.0000
vn 0.4082 -0.8165 -0.4082
vn -0.0000 -0.7071 -0.7071
vn -0.4082 -0.8165 -0.4082
vn -0.7071 -0.7071 -0.0000
vn -0.4083 -0.8165 0.4083
vn -0.0000 -0.0000 1.0000
vn 0.7071 -0.0000 0.7071
vn 1.0000 -0.0000 -0.0000
vn 0.7071 -0.0000 -0.7071
vn -0.0000 -0.0000 -1.0000
vn -0.7071 -0.0000 -0.7071
vn -1.0000 -0.0000 -0.0000
vn -0.7071 -0.0000 0.7071
vn -0.0000 0.7071 0.7071
vn 0.4082 0.8165 0.4082
vn 0.7071 0.7071 -0.0000
vn 0.4082 0.8165 -0.4082
vn -0.0000 0.7071 -0.7071
vn -0.4082 0.8165 -0.4082
vn -0.7071 0.7071 -0.0000
vn -0.4083 0.8165 0.4083
vn -0.0000 1.0000 -0.0000
vn -0.4082 -0.8165 0.4082
vn -0.4082 0.8165 0.4082
vn 0.4083 -0.8165 0.4083
vn 0.4083 0.8165 0.4083
vt 0.875000 0.125000
vt 0.375000 0.875000
s 0
usemtl Military_Wagon_cargo_Palette.001
f 3523/37/383 3522/37/383 3521/37/383
f 3522/37/384 3529/37/384 3521/37/384
f 3522/37/385 3531/37/385 3530/37/385
f 3524/37/386 3531/37/386 3523/37/386
f 3525/37/387 3532/37/387 3524/37/387
f 3526/37/388 3533/37/388 3525/37/388
f 3527/37/389 3534/37/389 3526/37/389
f 3528/37/390 3535/37/390 3527/37/390
f 3521/37/391 3536/37/391 3528/37/391
f 3530/37/392 3537/37/392 3529/37/392
f 3531/37/393 3538/37/393 3530/37/393
f 3532/37/394 3539/37/394 3531/37/394
f 3533/37/395 3540/37/395 3532/37/395
f 3534/37/396 3541/37/396 3533/37/396
f 3535/37/397 3542/37/397 3534/37/397
f 3536/37/398 3543/37/398 3535/37/398
f 3529/37/399 3544/37/399 3536/37/399
f 3538/37/400 3545/37/400 3537/37/400
f 3539/37/401 3546/37/401 3538/37/401
f 3540/37/402 3547/37/402 3539/37/402
f 3541/37/403 3548/37/403 3540/37/403
f 3541/37/404 3550/37/404 3549/37/404
f 3542/37/405 3551/37/405 3550/37/405
f 3544/37/406 3551/37/406 3543/37/406
f 3544/37/407 3545/37/407 3552/37/407
f 3551/37/408 3552/37/408 3548/37/408
f 3555/37/383 3554/37/383 3553/37/383
f 3554/37/384 3561/37/384 3553/37/384
f 3554/37/385 3563/37/385 3562/37/385
f 3556/37/386 3563/37/386 3555/37/386
f 3556/37/387 3565/37/387 3564/37/387
f 3557/37/388 3566/37/388 3565/37/388
f 3559/37/389 3566/37/389 3558/37/389
f 3560/37/390 3567/37/390 3559/37/390
f 3553/37/391 3568/37/391 3560/37/391
f 3562/37/392 3569/37/392 3561/37/392
f 3563/37/393 3570/37/393 3562/37/393
f 3564/37/394 3571/37/394 3563/37/394
f 3565/37/395 3572/37/395 3564/37/395
f 3566/37/396 3573/37/396 3565/37/396
f 3567/37/397 3574/37/397 3566/37/397
f 3568/37/398 3575/37/398 3567/37/398
f 3561/37/399 3576/37/399 3568/37/399
f 3570/37/400 3577/37/400 3569/37/400
f 3571/37/401 3578/37/401 3570/37/401
f 3572/37/402 3579/37/402 3571/37/402
f 3573/37/403 3580/37/403 3572/37/403
f 3574/37/404 3581/37/404 3573/37/404
f 3575/37/405 3582/37/405 3574/37/405
f 3576/37/406 3583/37/406 3575/37/406
f 3576/37/407 3577/37/407 3584/37/407
f 3583/37/408 3584/37/408 3580/37/408
f 3586/38/383 3585/38/383 3589/38/383
f 3586/38/384 3593/38/384 3585/38/384
f 3586/38/385 3595/38/385 3594/38/385
f 3587/38/386 3596/38/386 3595/38/386
f 3589/38/387 3596/38/387 3588/38/387
f 3590/38/388 3597/38/388 3589/38/388
f 3590/38/389 3599/38/389 3598/38/389
f 3592/38/390 3599/38/390 3591/38/390
f 3585/38/409 3600/38/409 3592/38/409
f 3594/38/392 3601/38/392 3593/38/392
f 3595/38/393 3602/38/393 3594/38/393
f 3596/38/394 3603/38/394 3595/38/394
f 3597/38/395 3604/38/395 3596/38/395
f 3598/38/396 3605/38/396 3597/38/396
f 3599/38/397 3606/38/397 3598/38/397
f 3600/38/398 3607/38/398 3599/38/398
f 3593/38/399 3608/38/399 3600/38/399
f 3602/38/400 3609/38/400 3601/38/400
f 3603/38/401 3610/38/401 3602/38/401
f 3604/38/402 3611/38/402 3603/38/402
f 3604/38/403 3613/38/403 3612/38/403
f 3606/38/404 3613/38/404 3605/38/404
f 3607/38/405 3614/38/405 3606/38/405
f 3607/38/406 3616/38/406 3615/38/406
f 3608/38/410 3609/38/410 3616/38/410
f 3614/38/408 3615/38/408 3616/38/408
f 3521/37/383 3528/37/383 3523/37/383
f 3528/37/383 3527/37/383 3523/37/383
f 3527/37/383 3526/37/383 3525/37/383
f 3525/37/383 3524/37/383 3527/37/383
f 3524/37/383 3523/37/383 3527/37/383
f 3522/37/384 3530/37/384 3529/37/384
f 3522/37/411 3523/37/411 3531/37/411
f 3524/37/386 3532/37/386 3531/37/386
f 3525/37/387 3533/37/387 3532/37/387
f 3526/37/388 3534/37/388 3533/37/388
f 3527/37/389 3535/37/389 3534/37/389
f 3528/37/390 3536/37/390 3535/37/390
f 3521/37/409 3529/37/409 3536/37/409
f 3530/37/392 3538/37/392 3537/37/392
f 3531/37/393 3539/37/393 3538/37/393
f 3532/37/394 3540/37/394 3539/37/394
f 3533/37/395 3541/37/395 3540/37/395
f 3534/37/396 3542/37/396 3541/37/396
f 3535/37/397 3543/37/397 3542/37/397
f 3536/37/398 3544/37/398 3543/37/398
f 3529/37/399 3537/37/399 3544/37/399
f 3538/37/400 3546/37/400 3545/37/400
f 3539/37/412 3547/37/412 3546/37/412
f 3540/37/402 3548/37/402 3547/37/402
f 3541/37/403 3549/37/403 3548/37/403
f 3541/37/404 3542/37/404 3550/37/404
f 3542/37/405 3543/37/405 3551/37/405
f 3544/37/406 3552/37/406 3551/37/406
f 3544/37/410 3537/37/410 3545/37/410
f 3552/37/408 3545/37/408 3546/37/408
f 3546/37/408 3547/37/408 3552/37/408
f 3547/37/408 3548/37/408 3552/37/408
f 3548/37/408 3549/37/408 3550/37/408
f 3550/37/408 3551/37/408 3548/37/408
f 3553/37/383 3560/37/383 3555/37/383
f 3560/37/383 3559/37/383 3555/37/383
f 3559/37/383 3558/37/383 3557/37/383
f 3557/37/383 3556/37/383 3559/37/383
f 3556/37/383 3555/37/383 3559/37/383
f 3554/37/384 3562/37/384 3561/37/384
f 3554/37/411 3555/37/411 3563/37/411
f 3556/37/386 3564/37/386 3563/37/386
f 3556/37/387 3557/37/387 3565/37/387
f 3557/37/388 3558/37/388 3566/37/388
f 3559/37/389 3567/37/389 3566/37/389
f 3560/37/390 3568/37/390 3567/37/390
f 3553/37/409 3561/37/409 3568/37/409
f 3562/37/392 3570/37/392 3569/37/392
f 3563/37/393 3571/37/393 3570/37/393
f 3564/37/394 3572/37/394 3571/37/394
f 3565/37/395 3573/37/395 3572/37/395
f 3566/37/396 3574/37/396 3573/37/396
f 3567/37/397 3575/37/397 3574/37/397
f 3568/37/398 3576/37/398 3575/37/398
f 3561/37/399 3569/37/399 3576/37/399
f 3570/37/400 3578/37/400 3577/37/400
f 3571/37/412 3579/37/412 3578/37/412
f 3572/37/402 3580/37/402 3579/37/402
f 3573/37/403 3581/37/403 3580/37/403
f 3574/37/404 3582/37/404 3581/37/404
f 3575/37/405 3583/37/405 3582/37/405
f 3576/37/406 3584/37/406 3583/37/406
f 3576/37/410 3569/37/410 3577/37/410
f 3584/37/408 3577/37/408 3578/37/408
f 3578/37/408 3579/37/408 3584/37/408
f 3579/37/408 3580/37/408 3584/37/408
f 3580/37/408 3581/37/408 3582/37/408
f 3582/37/408 3583/37/408 3580/37/408
f 3585/38/383 3592/38/383 3591/38/383
f 3591/38/383 3590/38/383 3585/38/383
f 3590/38/383 3589/38/383 3585/38/383
f 3589/38/383 3588/38/383 3587/38/383
f 3587/38/383 3586/38/383 3589/38/383
f 3586/38/384 3594/38/384 3593/38/384
f 3586/38/385 3587/38/385 3595/38/385
f 3587/38/386 3588/38/386 3596/38/386
f 3589/38/387 3597/38/387 3596/38/387
f 3590/38/388 3598/38/388 3597/38/388
f 3590/38/389 3591/38/389 3599/38/389
f 3592/38/390 3600/38/390 3599/38/390
f 3585/38/409 3593/38/409 3600/38/409
f 3594/38/392 3602/38/392 3601/38/392
f 3595/38/393 3603/38/393 3602/38/393
f 3596/38/394 3604/38/394 3603/38/394
f 3597/38/395 3605/38/395 3604/38/395
f 3598/38/396 3606/38/396 3605/38/396
f 3599/38/397 3607/38/397 3606/38/397
f 3600/38/398 3608/38/398 3607/38/398
f 3593/38/399 3601/38/399 3608/38/399
f 3602/38/400 3610/38/400 3609/38/400
f 3603/38/401 3611/38/401 3610/38/401
f 3604/38/402 3612/38/402 3611/38/402
f 3604/38/403 3605/38/403 3613/38/403
f 3606/38/404 3614/38/404 3613/38/404
f 3607/38/405 3615/38/405 3614/38/405
f 3607/38/406 3608/38/406 3616/38/406
f 3608/38/410 3601/38/410 3609/38/410
f 3616/38/408 3609/38/408 3614/38/408
f 3609/38/408 3610/38/408 3614/38/408
f 3610/38/408 3611/38/408 3612/38/408
f 3612/38/408 3613/38/408 3610/38/408
f 3613/38/408 3614/38/408 3610/38/408
