# Blender 5.2.1 LTS
# www.blender.org
mtllib wagon_fuel.mtl
o WagonDeck.003
v -1.590000 1.090000 1.810000
v 1.590000 1.090000 1.810000
v 1.590000 1.090000 -1.810000
v -1.590000 1.090000 -1.810000
v -1.590000 1.270000 1.810000
v 1.590000 1.270000 1.810000
v 1.590000 1.270000 -1.810000
v -1.590000 1.270000 -1.810000
v -1.290000 0.850000 1.740000
v 1.290000 0.850000 1.740000
v 1.290000 0.850000 -1.740000
v -1.290000 0.850000 -1.740000
v -1.290000 1.030000 1.740000
v 1.290000 1.030000 1.740000
v 1.290000 1.030000 -1.740000
v -1.290000 1.030000 -1.740000
v -1.370000 0.810000 1.860000
v -1.190000 0.810000 1.860000
v -1.190000 0.810000 -1.860000
v -1.370000 0.810000 -1.860000
v -1.370000 1.030000 1.860000
v -1.190000 1.030000 1.860000
v -1.190000 1.030000 -1.860000
v -1.370000 1.030000 -1.860000
v -1.600000 1.310000 1.750000
v -1.500000 1.310000 1.750000
v -1.500000 1.310000 -1.750000
v -1.600000 1.310000 -1.750000
v -1.600000 1.750000 1.750000
v -1.500000 1.750000 1.750000
v -1.500000 1.750000 -1.750000
v -1.600000 1.750000 -1.750000
v -2.210000 1.655000 -0.790000
v -1.390000 1.655000 -0.790000
v -1.390000 1.655000 -2.310000
v -2.210000 1.655000 -2.310000
v -2.210000 1.785000 -0.790000
v -1.390000 1.785000 -0.790000
v -1.390000 1.785000 -2.310000
v -2.210000 1.785000 -2.310000
v -2.140000 1.795000 -0.910000
v -1.460000 1.795000 -0.910000
v -1.460000 1.795000 -2.190000
v -2.140000 1.795000 -2.190000
v -2.140000 1.885000 -0.910000
v -1.460000 1.885000 -0.910000
v -1.460000 1.885000 -2.190000
v -2.140000 1.885000 -2.190000
v -1.575000 1.310000 -0.800000
v -1.465000 1.310000 -0.800000
v -1.465000 1.310000 -2.300000
v -1.575000 1.310000 -2.300000
v -1.575000 1.670000 -0.800000
v -1.465000 1.670000 -0.800000
v -1.465000 1.670000 -2.300000
v -1.575000 1.670000 -2.300000
v -2.210000 1.655000 2.310000
v -1.390000 1.655000 2.310000
v -1.390000 1.655000 0.790000
v -2.210000 1.655000 0.790000
v -2.210000 1.785000 2.310000
v -1.390000 1.785000 2.310000
v -1.390000 1.785000 0.790000
v -2.210000 1.785000 0.790000
v -2.140000 1.795000 2.190000
v -1.460000 1.795000 2.190000
v -1.460000 1.795000 0.910000
v -2.140000 1.795000 0.910000
v -2.140000 1.885000 2.190000
v -1.460000 1.885000 2.190000
v -1.460000 1.885000 0.910000
v -2.140000 1.885000 0.910000
v -1.575000 1.310000 2.300000
v -1.465000 1.310000 2.300000
v -1.465000 1.310000 0.800000
v -1.575000 1.310000 0.800000
v -1.575000 1.670000 2.300000
v -1.465000 1.670000 2.300000
v -1.465000 1.670000 0.800000
v -1.575000 1.670000 0.800000
v -1.395000 0.565000 0.500000
v -0.845000 0.565000 0.500000
v -0.845000 0.565000 -0.700000
v -1.395000 0.565000 -0.700000
v -1.395000 0.995000 0.500000
v -0.845000 0.995000 0.500000
v -0.845000 0.995000 -0.700000
v -1.395000 0.995000 -0.700000
v -1.410000 0.820000 -0.690000
v -0.830000 0.820000 -0.690000
v -0.830000 0.820000 -0.750000
v -1.410000 0.820000 -0.750000
v -1.410000 0.940000 -0.690000
v -0.830000 0.940000 -0.690000
v -0.830000 0.940000 -0.750000
v -1.410000 0.940000 -0.750000
v -1.410000 0.820000 0.550000
v -0.830000 0.820000 0.550000
v -0.830000 0.820000 0.490000
v -1.410000 0.820000 0.490000
v -1.410000 0.940000 0.550000
v -0.830000 0.940000 0.550000
v -0.830000 0.940000 0.490000
v -1.410000 0.940000 0.490000
v -1.550000 1.680000 -1.385000
v -1.450000 1.680000 -1.385000
v -1.450000 1.680000 -1.455000
v -1.550000 1.680000 -1.455000
v -1.550000 1.760000 -1.385000
v -1.450000 1.760000 -1.385000
v -1.450000 1.760000 -1.455000
v -1.550000 1.760000 -1.455000
v -1.550000 1.680000 -0.465000
v -1.450000 1.680000 -0.465000
v -1.450000 1.680000 -0.535000
v -1.550000 1.680000 -0.535000
v -1.550000 1.760000 -0.465000
v -1.450000 1.760000 -0.465000
v -1.450000 1.760000 -0.535000
v -1.550000 1.760000 -0.535000
v -1.550000 1.680000 0.455000
v -1.450000 1.680000 0.455000
v -1.450000 1.680000 0.385000
v -1.550000 1.680000 0.385000
v -1.550000 1.760000 0.455000
v -1.450000 1.760000 0.455000
v -1.450000 1.760000 0.385000
v -1.550000 1.760000 0.385000
v -1.550000 1.680000 1.375000
v -1.450000 1.680000 1.375000
v -1.450000 1.680000 1.305000
v -1.550000 1.680000 1.305000
v -1.550000 1.760000 1.375000
v -1.450000 1.760000 1.375000
v -1.450000 1.760000 1.305000
v -1.550000 1.760000 1.305000
v 1.190000 0.810000 1.860000
v 1.370000 0.810000 1.860000
v 1.370000 0.810000 -1.860000
v 1.190000 0.810000 -1.860000
v 1.190000 1.030000 1.860000
v 1.370000 1.030000 1.860000
v 1.370000 1.030000 -1.860000
v 1.190000 1.030000 -1.860000
v 1.500000 1.310000 1.750000
v 1.600000 1.310000 1.750000
v 1.600000 1.310000 -1.750000
v 1.500000 1.310000 -1.750000
v 1.500000 1.750000 1.750000
v 1.600000 1.750000 1.750000
v 1.600000 1.750000 -1.750000
v 1.500000 1.750000 -1.750000
v 1.390000 1.655000 -0.790000
v 2.210000 1.655000 -0.790000
v 2.210000 1.655000 -2.310000
v 1.390000 1.655000 -2.310000
v 1.390000 1.785000 -0.790000
v 2.210000 1.785000 -0.790000
v 2.210000 1.785000 -2.310000
v 1.390000 1.785000 -2.310000
v 1.460000 1.795000 -0.910000
v 2.140000 1.795000 -0.910000
v 2.140000 1.795000 -2.190000
v 1.460000 1.795000 -2.190000
v 1.460000 1.885000 -0.910000
v 2.140000 1.885000 -0.910000
v 2.140000 1.885000 -2.190000
v 1.460000 1.885000 -2.190000
v 1.465000 1.310000 -0.800000
v 1.575000 1.310000 -0.800000
v 1.575000 1.310000 -2.300000
v 1.465000 1.310000 -2.300000
v 1.465000 1.670000 -0.800000
v 1.575000 1.670000 -0.800000
v 1.575000 1.670000 -2.300000
v 1.465000 1.670000 -2.300000
v 1.390000 1.655000 2.310000
v 2.210000 1.655000 2.310000
v 2.210000 1.655000 0.790000
v 1.390000 1.655000 0.790000
v 1.390000 1.785000 2.310000
v 2.210000 1.785000 2.310000
v 2.210000 1.785000 0.790000
v 1.390000 1.785000 0.790000
v 1.460000 1.795000 2.190000
v 2.140000 1.795000 2.190000
v 2.140000 1.795000 0.910000
v 1.460000 1.795000 0.910000
v 1.460000 1.885000 2.190000
v 2.140000 1.885000 2.190000
v 2.140000 1.885000 0.910000
v 1.460000 1.885000 0.910000
v 1.465000 1.310000 2.300000
v 1.575000 1.310000 2.300000
v 1.575000 1.310000 0.800000
v 1.465000 1.310000 0.800000
v 1.465000 1.670000 2.300000
v 1.575000 1.670000 2.300000
v 1.575000 1.670000 0.800000
v 1.465000 1.670000 0.800000
v 0.845000 0.565000 0.500000
v 1.395000 0.565000 0.500000
v 1.395000 0.565000 -0.700000
v 0.845000 0.565000 -0.700000
v 0.845000 0.995000 0.500000
v 1.395000 0.995000 0.500000
v 1.395000 0.995000 -0.700000
v 0.845000 0.995000 -0.700000
v 0.830000 0.820000 -0.690000
v 1.410000 0.820000 -0.690000
v 1.410000 0.820000 -0.750000
v 0.830000 0.820000 -0.750000
v 0.830000 0.940000 -0.690000
v 1.410000 0.940000 -0.690000
v 1.410000 0.940000 -0.750000
v 0.830000 0.940000 -0.750000
v 0.830000 0.820000 0.550000
v 1.410000 0.820000 0.550000
v 1.410000 0.820000 0.490000
v 0.830000 0.820000 0.490000
v 0.830000 0.940000 0.550000
v 1.410000 0.940000 0.550000
v 1.410000 0.940000 0.490000
v 0.830000 0.940000 0.490000
v 1.450000 1.680000 -1.385000
v 1.550000 1.680000 -1.385000
v 1.550000 1.680000 -1.455000
v 1.450000 1.680000 -1.455000
v 1.450000 1.760000 -1.385000
v 1.550000 1.760000 -1.385000
v 1.550000 1.760000 -1.455000
v 1.450000 1.760000 -1.455000
v 1.450000 1.680000 -0.465000
v 1.550000 1.680000 -0.465000
v 1.550000 1.680000 -0.535000
v 1.450000 1.680000 -0.535000
v 1.450000 1.760000 -0.465000
v 1.550000 1.760000 -0.465000
v 1.550000 1.760000 -0.535000
v 1.450000 1.760000 -0.535000
v 1.450000 1.680000 0.455000
v 1.550000 1.680000 0.455000
v 1.550000 1.680000 0.385000
v 1.450000 1.680000 0.385000
v 1.450000 1.760000 0.455000
v 1.550000 1.760000 0.455000
v 1.550000 1.760000 0.385000
v 1.450000 1.760000 0.385000
v 1.450000 1.680000 1.375000
v 1.550000 1.680000 1.375000
v 1.550000 1.680000 1.305000
v 1.450000 1.680000 1.305000
v 1.450000 1.760000 1.375000
v 1.550000 1.760000 1.375000
v 1.550000 1.760000 1.305000
v 1.450000 1.760000 1.305000
v -1.580000 1.250000 -1.715000
v 1.580000 1.250000 -1.715000
v 1.580000 1.250000 -1.825000
v -1.580000 1.250000 -1.825000
v -1.580000 1.730000 -1.715000
v 1.580000 1.730000 -1.715000
v 1.580000 1.730000 -1.825000
v -1.580000 1.730000 -1.825000
v -1.580000 1.250000 1.825000
v 1.580000 1.250000 1.825000
v 1.580000 1.250000 1.715000
v -1.580000 1.250000 1.715000
v -1.580000 1.670000 1.825000
v 1.580000 1.670000 1.825000
v 1.580000 1.670000 1.715000
v -1.580000 1.670000 1.715000
v -1.025000 1.277500 1.575000
v -0.975000 1.277500 1.575000
v -0.975000 1.277500 -1.575000
v -1.025000 1.277500 -1.575000
v -1.025000 1.322500 1.575000
v -0.975000 1.322500 1.575000
v -0.975000 1.322500 -1.575000
v -1.025000 1.322500 -1.575000
v -0.525000 1.277500 1.575000
v -0.475000 1.277500 1.575000
v -0.475000 1.277500 -1.575000
v -0.525000 1.277500 -1.575000
v -0.525000 1.322500 1.575000
v -0.475000 1.322500 1.575000
v -0.475000 1.322500 -1.575000
v -0.525000 1.322500 -1.575000
v -0.025000 1.277500 1.575000
v 0.025000 1.277500 1.575000
v 0.025000 1.277500 -1.575000
v -0.025000 1.277500 -1.575000
v -0.025000 1.322500 1.575000
v 0.025000 1.322500 1.575000
v 0.025000 1.322500 -1.575000
v -0.025000 1.322500 -1.575000
v 0.475000 1.277500 1.575000
v 0.525000 1.277500 1.575000
v 0.525000 1.277500 -1.575000
v 0.475000 1.277500 -1.575000
v 0.475000 1.322500 1.575000
v 0.525000 1.322500 1.575000
v 0.525000 1.322500 -1.575000
v 0.475000 1.322500 -1.575000
v 0.975000 1.277500 1.575000
v 1.025000 1.277500 1.575000
v 1.025000 1.277500 -1.575000
v 0.975000 1.277500 -1.575000
v 0.975000 1.322500 1.575000
v 1.025000 1.322500 1.575000
v 1.025000 1.322500 -1.575000
v 0.975000 1.322500 -1.575000
v -1.460000 1.750000 -0.965000
v -0.840000 1.750000 -0.965000
v -0.840000 1.750000 -1.535000
v -1.460000 1.750000 -1.535000
v -1.460000 1.870000 -0.965000
v -0.840000 1.870000 -0.965000
v -0.840000 1.870000 -1.535000
v -1.460000 1.870000 -1.535000
v -1.460000 1.830000 -1.500000
v -0.840000 1.830000 -1.500000
v -0.840000 1.830000 -1.600000
v -1.460000 1.830000 -1.600000
v -1.460000 2.450000 -1.500000
v -0.840000 2.450000 -1.500000
v -0.840000 2.450000 -1.600000
v -1.460000 2.450000 -1.600000
v -0.955000 1.220000 -1.190000
v -0.885000 1.220000 -1.190000
v -0.885000 1.220000 -1.310000
v -0.955000 1.220000 -1.310000
v -0.955000 1.760000 -1.190000
v -0.885000 1.760000 -1.190000
v -0.885000 1.760000 -1.310000
v -0.955000 1.760000 -1.310000
v -1.415000 1.220000 -1.190000
v -1.345000 1.220000 -1.190000
v -1.345000 1.220000 -1.310000
v -1.415000 1.220000 -1.310000
v -1.415000 1.760000 -1.190000
v -1.345000 1.760000 -1.190000
v -1.345000 1.760000 -1.310000
v -1.415000 1.760000 -1.310000
v -1.450000 1.430000 -0.430000
v -0.850000 1.430000 -0.430000
v -0.850000 1.430000 -0.930000
v -1.450000 1.430000 -0.930000
v -1.450000 1.550000 -0.430000
v -0.850000 1.550000 -0.430000
v -0.850000 1.550000 -0.930000
v -1.450000 1.550000 -0.930000
v 0.840000 1.750000 -0.965000
v 1.460000 1.750000 -0.965000
v 1.460000 1.750000 -1.535000
v 0.840000 1.750000 -1.535000
v 0.840000 1.870000 -0.965000
v 1.460000 1.870000 -0.965000
v 1.460000 1.870000 -1.535000
v 0.840000 1.870000 -1.535000
v 0.840000 1.830000 -1.500000
v 1.460000 1.830000 -1.500000
v 1.460000 1.830000 -1.600000
v 0.840000 1.830000 -1.600000
v 0.840000 2.450000 -1.500000
v 1.460000 2.450000 -1.500000
v 1.460000 2.450000 -1.600000
v 0.840000 2.450000 -1.600000
v 0.885000 1.220000 -1.190000
v 0.955000 1.220000 -1.190000
v 0.955000 1.220000 -1.310000
v 0.885000 1.220000 -1.310000
v 0.885000 1.760000 -1.190000
v 0.955000 1.760000 -1.190000
v 0.955000 1.760000 -1.310000
v 0.885000 1.760000 -1.310000
v 1.345000 1.220000 -1.190000
v 1.415000 1.220000 -1.190000
v 1.415000 1.220000 -1.310000
v 1.345000 1.220000 -1.310000
v 1.345000 1.760000 -1.190000
v 1.415000 1.760000 -1.190000
v 1.415000 1.760000 -1.310000
v 1.345000 1.760000 -1.310000
v 0.850000 1.430000 -0.430000
v 1.450000 1.430000 -0.430000
v 1.450000 1.430000 -0.930000
v 0.850000 1.430000 -0.930000
v 0.850000 1.550000 -0.430000
v 1.450000 1.550000 -0.430000
v 1.450000 1.550000 -0.930000
v 0.850000 1.550000 -0.930000
v -1.110000 1.365000 0.960000
v -0.590000 1.365000 0.960000
v -0.590000 1.365000 0.440000
v -1.110000 1.365000 0.440000
v -1.110000 1.445000 0.960000
v -0.590000 1.445000 0.960000
v -0.590000 1.445000 0.440000
v -1.110000 1.445000 0.440000
v -1.010000 1.437500 0.860000
v -0.690000 1.437500 0.860000
v -0.690000 1.437500 0.540000
v -1.010000 1.437500 0.540000
v -1.010000 1.472500 0.860000
v -0.690000 1.472500 0.860000
v -0.690000 1.472500 0.540000
v -1.010000 1.472500 0.540000
v 0.590000 1.365000 0.960000
v 1.110000 1.365000 0.960000
v 1.110000 1.365000 0.440000
v 0.590000 1.365000 0.440000
v 0.590000 1.445000 0.960000
v 1.110000 1.445000 0.960000
v 1.110000 1.445000 0.440000
v 0.590000 1.445000 0.440000
v 0.690000 1.437500 0.860000
v 1.010000 1.437500 0.860000
v 1.010000 1.437500 0.540000
v 0.690000 1.437500 0.540000
v 0.690000 1.472500 0.860000
v 1.010000 1.472500 0.860000
v 1.010000 1.472500 0.540000
v 0.690000 1.472500 0.540000
v -0.260000 1.365000 -0.590000
v 0.260000 1.365000 -0.590000
v 0.260000 1.365000 -1.110000
v -0.260000 1.365000 -1.110000
v -0.260000 1.445000 -0.590000
v 0.260000 1.445000 -0.590000
v 0.260000 1.445000 -1.110000
v -0.260000 1.445000 -1.110000
v -0.160000 1.437500 -0.690000
v 0.160000 1.437500 -0.690000
v 0.160000 1.437500 -1.010000
v -0.160000 1.437500 -1.010000
v -0.160000 1.472500 -0.690000
v 0.160000 1.472500 -0.690000
v 0.160000 1.472500 -1.010000
v -0.160000 1.472500 -1.010000
v -0.170000 0.820000 -1.825000
v 0.170000 0.820000 -1.825000
v 0.170000 0.820000 -2.375000
v -0.170000 0.820000 -2.375000
v -0.170000 1.060000 -1.825000
v 0.170000 1.060000 -1.825000
v 0.170000 1.060000 -2.375000
v -0.170000 1.060000 -2.375000
v -0.110000 0.940000 2.495000
v 0.110000 0.940000 2.495000
v 0.110000 0.940000 0.745000
v -0.110000 0.940000 0.745000
v -0.110000 1.100000 2.495000
v 0.110000 1.100000 2.495000
v 0.110000 1.100000 0.745000
v -0.110000 1.100000 0.745000
v -0.340000 0.940000 3.225000
v -0.220000 0.940000 3.225000
v -0.220000 0.940000 1.475000
v -0.340000 0.940000 1.475000
v -0.340000 1.100000 3.225000
v -0.220000 1.100000 3.225000
v -0.220000 1.100000 1.475000
v -0.340000 1.100000 1.475000
v 0.220000 0.940000 3.225000
v 0.340000 0.940000 3.225000
v 0.340000 0.940000 1.475000
v 0.220000 0.940000 1.475000
v 0.220000 1.100000 3.225000
v 0.340000 1.100000 3.225000
v 0.340000 1.100000 1.475000
v 0.220000 1.100000 1.475000
v -1.370000 0.760000 -1.100000
v -1.210000 0.760000 -1.100000
v -1.210000 0.760000 -2.000000
v -1.370000 0.760000 -2.000000
v -1.370000 0.800000 -1.100000
v -1.210000 0.800000 -1.100000
v -1.210000 0.800000 -2.000000
v -1.370000 0.800000 -2.000000
v -1.370000 0.815000 -1.185000
v -1.210000 0.815000 -1.185000
v -1.210000 0.815000 -1.915000
v -1.370000 0.815000 -1.915000
v -1.370000 0.855000 -1.185000
v -1.210000 0.855000 -1.185000
v -1.210000 0.855000 -1.915000
v -1.370000 0.855000 -1.915000
v -1.370000 0.870000 -1.270000
v -1.210000 0.870000 -1.270000
v -1.210000 0.870000 -1.830000
v -1.370000 0.870000 -1.830000
v -1.370000 0.910000 -1.270000
v -1.210000 0.910000 -1.270000
v -1.210000 0.910000 -1.830000
v -1.370000 0.910000 -1.830000
v -1.395000 0.750000 -1.742500
v -1.185000 0.750000 -1.742500
v -1.185000 0.750000 -1.797500
v -1.395000 0.750000 -1.797500
v -1.395000 0.990000 -1.742500
v -1.185000 0.990000 -1.742500
v -1.185000 0.990000 -1.797500
v -1.395000 0.990000 -1.797500
v -1.395000 0.750000 -1.302500
v -1.185000 0.750000 -1.302500
v -1.185000 0.750000 -1.357500
v -1.395000 0.750000 -1.357500
v -1.395000 0.990000 -1.302500
v -1.185000 0.990000 -1.302500
v -1.185000 0.990000 -1.357500
v -1.395000 0.990000 -1.357500
v -1.407819 0.789068 -1.640396
v -1.407819 0.842893 -1.706182
v -1.492182 0.850932 -1.699604
v -1.492182 0.797107 -1.633818
v -1.337819 1.229068 -1.280396
v -1.337819 1.282893 -1.346182
v -1.422181 1.290932 -1.339604
v -1.422181 1.237107 -1.273818
v -2.110000 1.120000 -2.252500
v -1.490000 1.120000 -2.252500
v -1.490000 1.120000 -2.307500
v -2.110000 1.120000 -2.307500
v -2.110000 1.640000 -2.252500
v -1.490000 1.640000 -2.252500
v -1.490000 1.640000 -2.307500
v -2.110000 1.640000 -2.307500
v -1.370000 0.760000 2.000000
v -1.210000 0.760000 2.000000
v -1.210000 0.760000 1.100000
v -1.370000 0.760000 1.100000
v -1.370000 0.800000 2.000000
v -1.210000 0.800000 2.000000
v -1.210000 0.800000 1.100000
v -1.370000 0.800000 1.100000
v -1.370000 0.815000 1.915000
v -1.210000 0.815000 1.915000
v -1.210000 0.815000 1.185000
v -1.370000 0.815000 1.185000
v -1.370000 0.855000 1.915000
v -1.210000 0.855000 1.915000
v -1.210000 0.855000 1.185000
v -1.370000 0.855000 1.185000
v -1.370000 0.870000 1.830000
v -1.210000 0.870000 1.830000
v -1.210000 0.870000 1.270000
v -1.370000 0.870000 1.270000
v -1.370000 0.910000 1.830000
v -1.210000 0.910000 1.830000
v -1.210000 0.910000 1.270000
v -1.370000 0.910000 1.270000
v -1.395000 0.750000 1.357500
v -1.185000 0.750000 1.357500
v -1.185000 0.750000 1.302500
v -1.395000 0.750000 1.302500
v -1.395000 0.990000 1.357500
v -1.185000 0.990000 1.357500
v -1.185000 0.990000 1.302500
v -1.395000 0.990000 1.302500
v -1.395000 0.750000 1.797500
v -1.185000 0.750000 1.797500
v -1.185000 0.750000 1.742500
v -1.395000 0.750000 1.742500
v -1.395000 0.990000 1.797500
v -1.185000 0.990000 1.797500
v -1.185000 0.990000 1.742500
v -1.395000 0.990000 1.742500
v -1.407819 0.789068 1.459604
v -1.407819 0.842893 1.393818
v -1.492182 0.850932 1.400396
v -1.492182 0.797107 1.466182
v -1.337819 1.229068 1.819604
v -1.337819 1.282893 1.753818
v -1.422181 1.290932 1.760396
v -1.422181 1.237107 1.826182
v -2.110000 1.120000 0.847500
v -1.490000 1.120000 0.847500
v -1.490000 1.120000 0.792500
v -2.110000 1.120000 0.792500
v -2.110000 1.640000 0.847500
v -1.490000 1.640000 0.847500
v -1.490000 1.640000 0.792500
v -2.110000 1.640000 0.792500
v -1.627500 1.475000 -1.240000
v -1.592500 1.475000 -1.240000
v -1.592500 1.475000 -1.360000
v -1.627500 1.475000 -1.360000
v -1.627500 1.645000 -1.240000
v -1.592500 1.645000 -1.240000
v -1.592500 1.645000 -1.360000
v -1.627500 1.645000 -1.360000
v -1.652500 1.525000 -1.272500
v -1.627500 1.525000 -1.272500
v -1.627500 1.525000 -1.327500
v -1.652500 1.525000 -1.327500
v -1.652500 1.595000 -1.272500
v -1.627500 1.595000 -1.272500
v -1.627500 1.595000 -1.327500
v -1.652500 1.595000 -1.327500
v -1.627500 1.475000 -0.360000
v -1.592500 1.475000 -0.360000
v -1.592500 1.475000 -0.480000
v -1.627500 1.475000 -0.480000
v -1.627500 1.645000 -0.360000
v -1.592500 1.645000 -0.360000
v -1.592500 1.645000 -0.480000
v -1.627500 1.645000 -0.480000
v -1.652500 1.525000 -0.392500
v -1.627500 1.525000 -0.392500
v -1.627500 1.525000 -0.447500
v -1.652500 1.525000 -0.447500
v -1.652500 1.595000 -0.392500
v -1.627500 1.595000 -0.392500
v -1.627500 1.595000 -0.447500
v -1.652500 1.595000 -0.447500
v -1.627500 1.475000 0.520000
v -1.592500 1.475000 0.520000
v -1.592500 1.475000 0.400000
v -1.627500 1.475000 0.400000
v -1.627500 1.645000 0.520000
v -1.592500 1.645000 0.520000
v -1.592500 1.645000 0.400000
v -1.627500 1.645000 0.400000
v -1.652500 1.525000 0.487500
v -1.627500 1.525000 0.487500
v -1.627500 1.525000 0.432500
v -1.652500 1.525000 0.432500
v -1.652500 1.595000 0.487500
v -1.627500 1.595000 0.487500
v -1.627500 1.595000 0.432500
v -1.652500 1.595000 0.432500
v -1.627500 1.475000 1.400000
v -1.592500 1.475000 1.400000
v -1.592500 1.475000 1.280000
v -1.627500 1.475000 1.280000
v -1.627500 1.645000 1.400000
v -1.592500 1.645000 1.400000
v -1.592500 1.645000 1.280000
v -1.627500 1.645000 1.280000
v -1.652500 1.525000 1.367500
v -1.627500 1.525000 1.367500
v -1.627500 1.525000 1.312500
v -1.652500 1.525000 1.312500
v -1.652500 1.595000 1.367500
v -1.627500 1.595000 1.367500
v -1.627500 1.595000 1.312500
v -1.652500 1.595000 1.312500
v -1.450000 1.125000 -1.825000
v -1.150000 1.125000 -1.825000
v -1.150000 1.125000 -1.955000
v -1.450000 1.125000 -1.955000
v -1.450000 1.395000 -1.825000
v -1.150000 1.395000 -1.825000
v -1.150000 1.395000 -1.955000
v -1.450000 1.395000 -1.955000
v -1.415000 1.220000 -1.947500
v -1.185000 1.220000 -1.947500
v -1.185000 1.220000 -1.982500
v -1.415000 1.220000 -1.982500
v -1.415000 1.360000 -1.947500
v -1.185000 1.360000 -1.947500
v -1.185000 1.360000 -1.982500
v -1.415000 1.360000 -1.982500
v -1.415000 1.140000 -1.947500
v -1.185000 1.140000 -1.947500
v -1.185000 1.140000 -1.982500
v -1.415000 1.140000 -1.982500
v -1.415000 1.200000 -1.947500
v -1.185000 1.200000 -1.947500
v -1.185000 1.200000 -1.982500
v -1.415000 1.200000 -1.982500
v -1.592500 1.465000 1.745000
v -1.547500 1.465000 1.745000
v -1.547500 1.465000 1.575000
v -1.592500 1.465000 1.575000
v -1.592500 1.555000 1.745000
v -1.547500 1.555000 1.745000
v -1.547500 1.555000 1.575000
v -1.592500 1.555000 1.575000
v 1.210000 0.760000 -1.100000
v 1.370000 0.760000 -1.100000
v 1.370000 0.760000 -2.000000
v 1.210000 0.760000 -2.000000
v 1.210000 0.800000 -1.100000
v 1.370000 0.800000 -1.100000
v 1.370000 0.800000 -2.000000
v 1.210000 0.800000 -2.000000
v 1.210000 0.815000 -1.185000
v 1.370000 0.815000 -1.185000
v 1.370000 0.815000 -1.915000
v 1.210000 0.815000 -1.915000
v 1.210000 0.855000 -1.185000
v 1.370000 0.855000 -1.185000
v 1.370000 0.855000 -1.915000
v 1.210000 0.855000 -1.915000
v 1.210000 0.870000 -1.270000
v 1.370000 0.870000 -1.270000
v 1.370000 0.870000 -1.830000
v 1.210000 0.870000 -1.830000
v 1.210000 0.910000 -1.270000
v 1.370000 0.910000 -1.270000
v 1.370000 0.910000 -1.830000
v 1.210000 0.910000 -1.830000
v 1.185000 0.750000 -1.742500
v 1.395000 0.750000 -1.742500
v 1.395000 0.750000 -1.797500
v 1.185000 0.750000 -1.797500
v 1.185000 0.990000 -1.742500
v 1.395000 0.990000 -1.742500
v 1.395000 0.990000 -1.797500
v 1.185000 0.990000 -1.797500
v 1.185000 0.750000 -1.302500
v 1.395000 0.750000 -1.302500
v 1.395000 0.750000 -1.357500
v 1.185000 0.750000 -1.357500
v 1.185000 0.990000 -1.302500
v 1.395000 0.990000 -1.302500
v 1.395000 0.990000 -1.357500
v 1.185000 0.990000 -1.357500
v 1.492182 0.797107 -1.633818
v 1.492182 0.850932 -1.699604
v 1.407819 0.842893 -1.706182
v 1.407819 0.789068 -1.640396
v 1.422181 1.237107 -1.273818
v 1.422181 1.290932 -1.339604
v 1.337819 1.282893 -1.346182
v 1.337819 1.229068 -1.280396
v 1.490000 1.120000 -2.252500
v 2.110000 1.120000 -2.252500
v 2.110000 1.120000 -2.307500
v 1.490000 1.120000 -2.307500
v 1.490000 1.640000 -2.252500
v 2.110000 1.640000 -2.252500
v 2.110000 1.640000 -2.307500
v 1.490000 1.640000 -2.307500
v 1.210000 0.760000 2.000000
v 1.370000 0.760000 2.000000
v 1.370000 0.760000 1.100000
v 1.210000 0.760000 1.100000
v 1.210000 0.800000 2.000000
v 1.370000 0.800000 2.000000
v 1.370000 0.800000 1.100000
v 1.210000 0.800000 1.100000
v 1.210000 0.815000 1.915000
v 1.370000 0.815000 1.915000
v 1.370000 0.815000 1.185000
v 1.210000 0.815000 1.185000
v 1.210000 0.855000 1.915000
v 1.370000 0.855000 1.915000
v 1.370000 0.855000 1.185000
v 1.210000 0.855000 1.185000
v 1.210000 0.870000 1.830000
v 1.370000 0.870000 1.830000
v 1.370000 0.870000 1.270000
v 1.210000 0.870000 1.270000
v 1.210000 0.910000 1.830000
v 1.370000 0.910000 1.830000
v 1.370000 0.910000 1.270000
v 1.210000 0.910000 1.270000
v 1.185000 0.750000 1.357500
v 1.395000 0.750000 1.357500
v 1.395000 0.750000 1.302500
v 1.185000 0.750000 1.302500
v 1.185000 0.990000 1.357500
v 1.395000 0.990000 1.357500
v 1.395000 0.990000 1.302500
v 1.185000 0.990000 1.302500
v 1.185000 0.750000 1.797500
v 1.395000 0.750000 1.797500
v 1.395000 0.750000 1.742500
v 1.185000 0.750000 1.742500
v 1.185000 0.990000 1.797500
v 1.395000 0.990000 1.797500
v 1.395000 0.990000 1.742500
v 1.185000 0.990000 1.742500
v 1.492182 0.797107 1.466182
v 1.492182 0.850932 1.400396
v 1.407819 0.842893 1.393818
v 1.407819 0.789068 1.459604
v 1.422181 1.237107 1.826182
v 1.422181 1.290932 1.760396
v 1.337819 1.282893 1.753818
v 1.337819 1.229068 1.819604
v 1.490000 1.120000 0.847500
v 2.110000 1.120000 0.847500
v 2.110000 1.120000 0.792500
v 1.490000 1.120000 0.792500
v 1.490000 1.640000 0.847500
v 2.110000 1.640000 0.847500
v 2.110000 1.640000 0.792500
v 1.490000 1.640000 0.792500
v 1.592500 1.475000 -1.240000
v 1.627500 1.475000 -1.240000
v 1.627500 1.475000 -1.360000
v 1.592500 1.475000 -1.360000
v 1.592500 1.645000 -1.240000
v 1.627500 1.645000 -1.240000
v 1.627500 1.645000 -1.360000
v 1.592500 1.645000 -1.360000
v 1.627500 1.525000 -1.272500
v 1.652500 1.525000 -1.272500
v 1.652500 1.525000 -1.327500
v 1.627500 1.525000 -1.327500
v 1.627500 1.595000 -1.272500
v 1.652500 1.595000 -1.272500
v 1.652500 1.595000 -1.327500
v 1.627500 1.595000 -1.327500
v 1.592500 1.475000 -0.360000
v 1.627500 1.475000 -0.360000
v 1.627500 1.475000 -0.480000
v 1.592500 1.475000 -0.480000
v 1.592500 1.645000 -0.360000
v 1.627500 1.645000 -0.360000
v 1.627500 1.645000 -0.480000
v 1.592500 1.645000 -0.480000
v 1.627500 1.525000 -0.392500
v 1.652500 1.525000 -0.392500
v 1.652500 1.525000 -0.447500
v 1.627500 1.525000 -0.447500
v 1.627500 1.595000 -0.392500
v 1.652500 1.595000 -0.392500
v 1.652500 1.595000 -0.447500
v 1.627500 1.595000 -0.447500
v 1.592500 1.475000 0.520000
v 1.627500 1.475000 0.520000
v 1.627500 1.475000 0.400000
v 1.592500 1.475000 0.400000
v 1.592500 1.645000 0.520000
v 1.627500 1.645000 0.520000
v 1.627500 1.645000 0.400000
v 1.592500 1.645000 0.400000
v 1.627500 1.525000 0.487500
v 1.652500 1.525000 0.487500
v 1.652500 1.525000 0.432500
v 1.627500 1.525000 0.432500
v 1.627500 1.595000 0.487500
v 1.652500 1.595000 0.487500
v 1.652500 1.595000 0.432500
v 1.627500 1.595000 0.432500
v 1.592500 1.475000 1.400000
v 1.627500 1.475000 1.400000
v 1.627500 1.475000 1.280000
v 1.592500 1.475000 1.280000
v 1.592500 1.645000 1.400000
v 1.627500 1.645000 1.400000
v 1.627500 1.645000 1.280000
v 1.592500 1.645000 1.280000
v 1.627500 1.525000 1.367500
v 1.652500 1.525000 1.367500
v 1.652500 1.525000 1.312500
v 1.627500 1.525000 1.312500
v 1.627500 1.595000 1.367500
v 1.652500 1.595000 1.367500
v 1.652500 1.595000 1.312500
v 1.627500 1.595000 1.312500
v 1.150000 1.125000 -1.825000
v 1.450000 1.125000 -1.825000
v 1.450000 1.125000 -1.955000
v 1.150000 1.125000 -1.955000
v 1.150000 1.395000 -1.825000
v 1.450000 1.395000 -1.825000
v 1.450000 1.395000 -1.955000
v 1.150000 1.395000 -1.955000
v 1.185000 1.220000 -1.947500
v 1.415000 1.220000 -1.947500
v 1.415000 1.220000 -1.982500
v 1.185000 1.220000 -1.982500
v 1.185000 1.360000 -1.947500
v 1.415000 1.360000 -1.947500
v 1.415000 1.360000 -1.982500
v 1.185000 1.360000 -1.982500
v 1.185000 1.140000 -1.947500
v 1.415000 1.140000 -1.947500
v 1.415000 1.140000 -1.982500
v 1.185000 1.140000 -1.982500
v 1.185000 1.200000 -1.947500
v 1.415000 1.200000 -1.947500
v 1.415000 1.200000 -1.982500
v 1.185000 1.200000 -1.982500
v 1.547500 1.465000 1.745000
v 1.592500 1.465000 1.745000
v 1.592500 1.465000 1.575000
v 1.547500 1.465000 1.575000
v 1.547500 1.555000 1.745000
v 1.592500 1.555000 1.745000
v 1.592500 1.555000 1.575000
v 1.547500 1.555000 1.575000
v -1.580000 0.765000 -1.470000
v 1.580000 0.765000 -1.470000
v 1.580000 0.765000 -1.630000
v -1.580000 0.765000 -1.630000
v -1.580000 0.915000 -1.470000
v 1.580000 0.915000 -1.470000
v 1.580000 0.915000 -1.630000
v -1.580000 0.915000 -1.630000
v -0.635000 0.865382 -1.544846
v -0.635000 0.934618 -1.555154
v -0.705000 0.934618 -1.555154
v -0.705000 0.865382 -1.544846
v -0.635000 1.015382 -0.537346
v -0.635000 1.084618 -0.547654
v -0.705000 1.084618 -0.547654
v -0.705000 1.015382 -0.537346
v 0.705000 0.865382 -1.544846
v 0.705000 0.934618 -1.555154
v 0.635000 0.934618 -1.555154
v 0.635000 0.865382 -1.544846
v 0.705000 1.015382 -0.537346
v 0.705000 1.084618 -0.547654
v 0.635000 1.084618 -0.547654
v 0.635000 1.015382 -0.537346
v -1.580000 0.765000 1.630000
v 1.580000 0.765000 1.630000
v 1.580000 0.765000 1.470000
v -1.580000 0.765000 1.470000
v -1.580000 0.915000 1.630000
v 1.580000 0.915000 1.630000
v 1.580000 0.915000 1.470000
v -1.580000 0.915000 1.470000
v -0.635000 0.934618 1.555154
v -0.635000 0.865382 1.544846
v -0.705000 0.865382 1.544846
v -0.705000 0.934618 1.555154
v -0.635000 1.084618 0.547654
v -0.635000 1.015382 0.537346
v -0.705000 1.015382 0.537346
v -0.705000 1.084618 0.547654
v 0.705000 0.934618 1.555154
v 0.705000 0.865382 1.544846
v 0.635000 0.865382 1.544846
v 0.635000 0.934618 1.555154
v 0.705000 1.084618 0.547654
v 0.705000 1.015382 0.537346
v 0.635000 1.015382 0.537346
v 0.635000 1.084618 0.547654
v -0.325000 1.040000 -1.852500
v 0.325000 1.040000 -1.852500
v 0.325000 1.040000 -1.887500
v -0.325000 1.040000 -1.887500
v -0.325000 1.260000 -1.852500
v 0.325000 1.260000 -1.852500
v 0.325000 1.260000 -1.887500
v -0.325000 1.260000 -1.887500
v -0.247500 1.110000 -1.888000
v -0.192500 1.110000 -1.888000
v -0.192500 1.110000 -1.906000
v -0.247500 1.110000 -1.906000
v -0.247500 1.190000 -1.888000
v -0.192500 1.190000 -1.888000
v -0.192500 1.190000 -1.906000
v -0.247500 1.190000 -1.906000
v -0.137500 1.110000 -1.888000
v -0.082500 1.110000 -1.888000
v -0.082500 1.110000 -1.906000
v -0.137500 1.110000 -1.906000
v -0.137500 1.190000 -1.888000
v -0.082500 1.190000 -1.888000
v -0.082500 1.190000 -1.906000
v -0.137500 1.190000 -1.906000
v -0.027500 1.110000 -1.888000
v 0.027500 1.110000 -1.888000
v 0.027500 1.110000 -1.906000
v -0.027500 1.110000 -1.906000
v -0.027500 1.190000 -1.888000
v 0.027500 1.190000 -1.888000
v 0.027500 1.190000 -1.906000
v -0.027500 1.190000 -1.906000
v 0.082500 1.110000 -1.888000
v 0.137500 1.110000 -1.888000
v 0.137500 1.110000 -1.906000
v 0.082500 1.110000 -1.906000
v 0.082500 1.190000 -1.888000
v 0.137500 1.190000 -1.888000
v 0.137500 1.190000 -1.906000
v 0.082500 1.190000 -1.906000
v 0.192500 1.110000 -1.888000
v 0.247500 1.110000 -1.888000
v 0.247500 1.110000 -1.906000
v 0.192500 1.110000 -1.906000
v 0.192500 1.190000 -1.888000
v 0.247500 1.190000 -1.888000
v 0.247500 1.190000 -1.906000
v 0.192500 1.190000 -1.906000
vn -0.0000 -1.0000 -0.0000
vn -0.0000 1.0000 -0.0000
vn -0.0000 -0.0000 1.0000
vn 1.0000 -0.0000 -0.0000
vn -0.0000 -0.0000 -1.0000
vn -1.0000 -0.0000 -0.0000
vn -0.1222 -0.7682 -0.6285
vn 0.9925 -0.0946 -0.0774
vn -0.0000 0.6332 -0.7740
vn -0.9925 0.0946 0.0774
vn -0.0000 -0.6332 0.7740
vn 0.1222 0.7682 0.6285
vn 0.1222 -0.7682 -0.6285
vn 0.9925 0.0946 0.0774
vn -0.9925 -0.0946 -0.0774
vn -0.1222 0.7682 0.6285
vn -0.0000 -0.1473 -0.9891
vn -0.0000 0.9891 -0.1473
vn -0.0000 -0.9891 0.1473
vn -0.0000 0.1473 0.9891
vn -0.0000 -0.1473 0.9891
vn -0.0000 -0.9891 -0.1473
vn -0.0000 0.9891 0.1473
vn -0.0000 0.1473 -0.9891
vt 0.125000 0.875000
vt 0.875000 0.125000
vt 0.625000 0.875000
vt 0.125000 0.125000
vt 0.375000 0.125000
vt 0.375000 0.875000
vt 0.125000 0.625000
vt 0.125000 0.375000
vt 0.625000 0.625000
vt 0.875000 0.875000
vt 0.875000 0.625000
s 0
usemtl Military_Wagon_fuel_Palette
f 3/1/1 1/1/1 4/1/1
f 6/1/2 8/1/2 5/1/2
f 2/1/3 5/1/3 1/1/3
f 3/1/4 6/1/4 2/1/4
f 4/1/5 7/1/5 3/1/5
f 1/1/6 8/1/6 4/1/6
f 11/2/1 9/2/1 12/2/1
f 14/2/2 16/2/2 13/2/2
f 10/2/3 13/2/3 9/2/3
f 11/2/4 14/2/4 10/2/4
f 12/2/5 15/2/5 11/2/5
f 9/2/6 16/2/6 12/2/6
f 19/3/1 17/3/1 20/3/1
f 22/3/2 24/3/2 21/3/2
f 18/3/3 21/3/3 17/3/3
f 19/3/4 22/3/4 18/3/4
f 20/3/5 23/3/5 19/3/5
f 17/3/6 24/3/6 20/3/6
f 27/4/1 25/4/1 28/4/1
f 30/4/2 32/4/2 29/4/2
f 26/4/3 29/4/3 25/4/3
f 27/4/4 30/4/4 26/4/4
f 28/4/5 31/4/5 27/4/5
f 25/4/6 32/4/6 28/4/6
f 35/2/1 33/2/1 36/2/1
f 38/2/2 40/2/2 37/2/2
f 34/2/3 37/2/3 33/2/3
f 35/2/4 38/2/4 34/2/4
f 36/2/5 39/2/5 35/2/5
f 33/2/6 40/2/6 36/2/6
f 43/5/1 41/5/1 44/5/1
f 46/5/2 48/5/2 45/5/2
f 42/5/3 45/5/3 41/5/3
f 43/5/4 46/5/4 42/5/4
f 44/5/5 47/5/5 43/5/5
f 41/5/6 48/5/6 44/5/6
f 51/4/1 49/4/1 52/4/1
f 54/4/2 56/4/2 53/4/2
f 50/4/3 53/4/3 49/4/3
f 51/4/4 54/4/4 50/4/4
f 52/4/5 55/4/5 51/4/5
f 49/4/6 56/4/6 52/4/6
f 59/2/1 57/2/1 60/2/1
f 62/2/2 64/2/2 61/2/2
f 58/2/3 61/2/3 57/2/3
f 59/2/4 62/2/4 58/2/4
f 60/2/5 63/2/5 59/2/5
f 57/2/6 64/2/6 60/2/6
f 67/5/1 65/5/1 68/5/1
f 70/5/2 72/5/2 69/5/2
f 66/5/3 69/5/3 65/5/3
f 67/5/4 70/5/4 66/5/4
f 68/5/5 71/5/5 67/5/5
f 65/5/6 72/5/6 68/5/6
f 75/4/1 73/4/1 76/4/1
f 78/4/2 80/4/2 77/4/2
f 74/4/3 77/4/3 73/4/3
f 75/4/4 78/4/4 74/4/4
f 76/4/5 79/4/5 75/4/5
f 73/4/6 80/4/6 76/4/6
f 83/3/1 81/3/1 84/3/1
f 86/3/2 88/3/2 85/3/2
f 82/3/3 85/3/3 81/3/3
f 83/3/4 86/3/4 82/3/4
f 84/3/5 87/3/5 83/3/5
f 81/3/6 88/3/6 84/3/6
f 91/5/1 89/5/1 92/5/1
f 94/5/2 96/5/2 93/5/2
f 90/5/3 93/5/3 89/5/3
f 91/5/4 94/5/4 90/5/4
f 92/5/5 95/5/5 91/5/5
f 89/5/6 96/5/6 92/5/6
f 99/5/1 97/5/1 100/5/1
f 102/5/2 104/5/2 101/5/2
f 98/5/3 101/5/3 97/5/3
f 99/5/4 102/5/4 98/5/4
f 100/5/5 103/5/5 99/5/5
f 97/5/6 104/5/6 100/5/6
f 107/6/1 105/6/1 108/6/1
f 110/6/2 112/6/2 109/6/2
f 106/6/3 109/6/3 105/6/3
f 107/6/4 110/6/4 106/6/4
f 108/6/5 111/6/5 107/6/5
f 105/6/6 112/6/6 108/6/6
f 115/6/1 113/6/1 116/6/1
f 118/6/2 120/6/2 117/6/2
f 114/6/3 117/6/3 113/6/3
f 115/6/4 118/6/4 114/6/4
f 116/6/5 119/6/5 115/6/5
f 113/6/6 120/6/6 116/6/6
f 123/6/1 121/6/1 124/6/1
f 126/6/2 128/6/2 125/6/2
f 122/6/3 125/6/3 121/6/3
f 123/6/4 126/6/4 122/6/4
f 124/6/5 127/6/5 123/6/5
f 121/6/6 128/6/6 124/6/6
f 131/6/1 129/6/1 132/6/1
f 134/6/2 136/6/2 133/6/2
f 130/6/3 133/6/3 129/6/3
f 131/6/4 134/6/4 130/6/4
f 132/6/5 135/6/5 131/6/5
f 129/6/6 136/6/6 132/6/6
f 139/3/1 137/3/1 140/3/1
f 142/3/2 144/3/2 141/3/2
f 138/3/3 141/3/3 137/3/3
f 139/3/4 142/3/4 138/3/4
f 140/3/5 143/3/5 139/3/5
f 137/3/6 144/3/6 140/3/6
f 147/4/1 145/4/1 148/4/1
f 150/4/2 152/4/2 149/4/2
f 146/4/3 149/4/3 145/4/3
f 147/4/4 150/4/4 146/4/4
f 148/4/5 151/4/5 147/4/5
f 145/4/6 152/4/6 148/4/6
f 155/2/1 153/2/1 156/2/1
f 158/2/2 160/2/2 157/2/2
f 154/2/3 157/2/3 153/2/3
f 155/2/4 158/2/4 154/2/4
f 156/2/5 159/2/5 155/2/5
f 153/2/6 160/2/6 156/2/6
f 163/5/1 161/5/1 164/5/1
f 166/5/2 168/5/2 165/5/2
f 162/5/3 165/5/3 161/5/3
f 163/5/4 166/5/4 162/5/4
f 164/5/5 167/5/5 163/5/5
f 161/5/6 168/5/6 164/5/6
f 171/4/1 169/4/1 172/4/1
f 174/4/2 176/4/2 173/4/2
f 170/4/3 173/4/3 169/4/3
f 171/4/4 174/4/4 170/4/4
f 172/4/5 175/4/5 171/4/5
f 169/4/6 176/4/6 172/4/6
f 179/2/1 177/2/1 180/2/1
f 182/2/2 184/2/2 181/2/2
f 178/2/3 181/2/3 177/2/3
f 179/2/4 182/2/4 178/2/4
f 180/2/5 183/2/5 179/2/5
f 177/2/6 184/2/6 180/2/6
f 187/5/1 185/5/1 188/5/1
f 190/5/2 192/5/2 189/5/2
f 186/5/3 189/5/3 185/5/3
f 187/5/4 190/5/4 186/5/4
f 188/5/5 191/5/5 187/5/5
f 185/5/6 192/5/6 188/5/6
f 195/4/1 193/4/1 196/4/1
f 198/4/2 200/4/2 197/4/2
f 194/4/3 197/4/3 193/4/3
f 195/4/4 198/4/4 194/4/4
f 196/4/5 199/4/5 195/4/5
f 193/4/6 200/4/6 196/4/6
f 203/3/1 201/3/1 204/3/1
f 206/3/2 208/3/2 205/3/2
f 202/3/3 205/3/3 201/3/3
f 203/3/4 206/3/4 202/3/4
f 204/3/5 207/3/5 203/3/5
f 201/3/6 208/3/6 204/3/6
f 211/5/1 209/5/1 212/5/1
f 214/5/2 216/5/2 213/5/2
f 210/5/3 213/5/3 209/5/3
f 211/5/4 214/5/4 210/5/4
f 212/5/5 215/5/5 211/5/5
f 209/5/6 216/5/6 212/5/6
f 219/5/1 217/5/1 220/5/1
f 222/5/2 224/5/2 221/5/2
f 218/5/3 221/5/3 217/5/3
f 219/5/4 222/5/4 218/5/4
f 220/5/5 223/5/5 219/5/5
f 217/5/6 224/5/6 220/5/6
f 227/6/1 225/6/1 228/6/1
f 230/6/2 232/6/2 229/6/2
f 226/6/3 229/6/3 225/6/3
f 227/6/4 230/6/4 226/6/4
f 228/6/5 231/6/5 227/6/5
f 225/6/6 232/6/6 228/6/6
f 235/6/1 233/6/1 236/6/1
f 238/6/2 240/6/2 237/6/2
f 234/6/3 237/6/3 233/6/3
f 235/6/4 238/6/4 234/6/4
f 236/6/5 239/6/5 235/6/5
f 233/6/6 240/6/6 236/6/6
f 243/6/1 241/6/1 244/6/1
f 246/6/2 248/6/2 245/6/2
f 242/6/3 245/6/3 241/6/3
f 243/6/4 246/6/4 242/6/4
f 244/6/5 247/6/5 243/6/5
f 241/6/6 248/6/6 244/6/6
f 251/6/1 249/6/1 252/6/1
f 254/6/2 256/6/2 253/6/2
f 250/6/3 253/6/3 249/6/3
f 251/6/4 254/6/4 250/6/4
f 252/6/5 255/6/5 251/6/5
f 249/6/6 256/6/6 252/6/6
f 259/4/1 257/4/1 260/4/1
f 262/4/2 264/4/2 261/4/2
f 258/4/3 261/4/3 257/4/3
f 259/4/4 262/4/4 258/4/4
f 260/4/5 263/4/5 259/4/5
f 257/4/6 264/4/6 260/4/6
f 267/5/1 265/5/1 268/5/1
f 270/5/2 272/5/2 269/5/2
f 266/5/3 269/5/3 265/5/3
f 267/5/4 270/5/4 266/5/4
f 268/5/5 271/5/5 267/5/5
f 265/5/6 272/5/6 268/5/6
f 275/6/1 273/6/1 276/6/1
f 278/6/2 280/6/2 277/6/2
f 274/6/3 277/6/3 273/6/3
f 275/6/4 278/6/4 274/6/4
f 276/6/5 279/6/5 275/6/5
f 273/6/6 280/6/6 276/6/6
f 283/6/1 281/6/1 284/6/1
f 286/6/2 288/6/2 285/6/2
f 282/6/3 285/6/3 281/6/3
f 283/6/4 286/6/4 282/6/4
f 284/6/5 287/6/5 283/6/5
f 281/6/6 288/6/6 284/6/6
f 291/6/1 289/6/1 292/6/1
f 294/6/2 296/6/2 293/6/2
f 290/6/3 293/6/3 289/6/3
f 291/6/4 294/6/4 290/6/4
f 292/6/5 295/6/5 291/6/5
f 289/6/6 296/6/6 292/6/6
f 299/6/1 297/6/1 300/6/1
f 302/6/2 304/6/2 301/6/2
f 298/6/3 301/6/3 297/6/3
f 299/6/4 302/6/4 298/6/4
f 300/6/5 303/6/5 299/6/5
f 297/6/6 304/6/6 300/6/6
f 307/6/1 305/6/1 308/6/1
f 310/6/2 312/6/2 309/6/2
f 306/6/3 309/6/3 305/6/3
f 307/6/4 310/6/4 306/6/4
f 308/6/5 311/6/5 307/6/5
f 305/6/6 312/6/6 308/6/6
f 315/6/1 313/6/1 316/6/1
f 318/6/2 320/6/2 317/6/2
f 314/6/3 317/6/3 313/6/3
f 315/6/4 318/6/4 314/6/4
f 316/6/5 319/6/5 315/6/5
f 313/6/6 320/6/6 316/6/6
f 323/4/1 321/4/1 324/4/1
f 326/4/2 328/4/2 325/4/2
f 322/4/3 325/4/3 321/4/3
f 323/4/4 326/4/4 322/4/4
f 324/4/5 327/4/5 323/4/5
f 321/4/6 328/4/6 324/4/6
f 331/7/1 329/7/1 332/7/1
f 334/7/2 336/7/2 333/7/2
f 330/7/3 333/7/3 329/7/3
f 331/7/4 334/7/4 330/7/4
f 332/7/5 335/7/5 331/7/5
f 329/7/6 336/7/6 332/7/6
f 339/7/1 337/7/1 340/7/1
f 342/7/2 344/7/2 341/7/2
f 338/7/3 341/7/3 337/7/3
f 339/7/4 342/7/4 338/7/4
f 340/7/5 343/7/5 339/7/5
f 337/7/6 344/7/6 340/7/6
f 347/7/1 345/7/1 348/7/1
f 350/7/2 352/7/2 349/7/2
f 346/7/3 349/7/3 345/7/3
f 347/7/4 350/7/4 346/7/4
f 348/7/5 351/7/5 347/7/5
f 345/7/6 352/7/6 348/7/6
f 355/6/1 353/6/1 356/6/1
f 358/6/2 360/6/2 357/6/2
f 354/6/3 357/6/3 353/6/3
f 355/6/4 358/6/4 354/6/4
f 356/6/5 359/6/5 355/6/5
f 353/6/6 360/6/6 356/6/6
f 363/4/1 361/4/1 364/4/1
f 366/4/2 368/4/2 365/4/2
f 362/4/3 365/4/3 361/4/3
f 363/4/4 366/4/4 362/4/4
f 364/4/5 367/4/5 363/4/5
f 361/4/6 368/4/6 364/4/6
f 371/7/1 369/7/1 372/7/1
f 374/7/2 376/7/2 373/7/2
f 370/7/3 373/7/3 369/7/3
f 371/7/4 374/7/4 370/7/4
f 372/7/5 375/7/5 371/7/5
f 369/7/6 376/7/6 372/7/6
f 379/7/1 377/7/1 380/7/1
f 382/7/2 384/7/2 381/7/2
f 378/7/3 381/7/3 377/7/3
f 379/7/4 382/7/4 378/7/4
f 380/7/5 383/7/5 379/7/5
f 377/7/6 384/7/6 380/7/6
f 387/7/1 385/7/1 388/7/1
f 390/7/2 392/7/2 389/7/2
f 386/7/3 389/7/3 385/7/3
f 387/7/4 390/7/4 386/7/4
f 388/7/5 391/7/5 387/7/5
f 385/7/6 392/7/6 388/7/6
f 395/7/1 393/7/1 396/7/1
f 398/7/2 400/7/2 397/7/2
f 394/7/3 397/7/3 393/7/3
f 395/7/4 398/7/4 394/7/4
f 396/7/5 399/7/5 395/7/5
f 393/7/6 400/7/6 396/7/6
f 403/6/1 401/6/1 404/6/1
f 406/6/2 408/6/2 405/6/2
f 402/6/3 405/6/3 401/6/3
f 403/6/4 406/6/4 402/6/4
f 404/6/5 407/6/5 403/6/5
f 401/6/6 408/6/6 404/6/6
f 411/7/1 409/7/1 412/7/1
f 414/7/2 416/7/2 413/7/2
f 410/7/3 413/7/3 409/7/3
f 411/7/4 414/7/4 410/7/4
f 412/7/5 415/7/5 411/7/5
f 409/7/6 416/7/6 412/7/6
f 419/6/1 417/6/1 420/6/1
f 422/6/2 424/6/2 421/6/2
f 418/6/3 421/6/3 417/6/3
f 419/6/4 422/6/4 418/6/4
f 420/6/5 423/6/5 419/6/5
f 417/6/6 424/6/6 420/6/6
f 427/7/1 425/7/1 428/7/1
f 430/7/2 432/7/2 429/7/2
f 426/7/3 429/7/3 425/7/3
f 427/7/4 430/7/4 426/7/4
f 428/7/5 431/7/5 427/7/5
f 425/7/6 432/7/6 428/7/6
f 435/6/1 433/6/1 436/6/1
f 438/6/2 440/6/2 437/6/2
f 434/6/3 437/6/3 433/6/3
f 435/6/4 438/6/4 434/6/4
f 436/6/5 439/6/5 435/6/5
f 433/6/6 440/6/6 436/6/6
f 443/7/1 441/7/1 444/7/1
f 446/7/2 448/7/2 445/7/2
f 442/7/3 445/7/3 441/7/3
f 443/7/4 446/7/4 442/7/4
f 444/7/5 447/7/5 443/7/5
f 441/7/6 448/7/6 444/7/6
f 451/2/1 449/2/1 452/2/1
f 454/2/2 456/2/2 453/2/2
f 450/2/3 453/2/3 449/2/3
f 451/2/4 454/2/4 450/2/4
f 452/2/5 455/2/5 451/2/5
f 449/2/6 456/2/6 452/2/6
f 459/2/1 457/2/1 460/2/1
f 462/2/2 464/2/2 461/2/2
f 458/2/3 461/2/3 457/2/3
f 459/2/4 462/2/4 458/2/4
f 460/2/5 463/2/5 459/2/5
f 457/2/6 464/2/6 460/2/6
f 467/2/1 465/2/1 468/2/1
f 470/2/2 472/2/2 469/2/2
f 466/2/3 469/2/3 465/2/3
f 467/2/4 470/2/4 466/2/4
f 468/2/5 471/2/5 467/2/5
f 465/2/6 472/2/6 468/2/6
f 475/7/1 473/7/1 476/7/1
f 478/7/2 480/7/2 477/7/2
f 474/7/3 477/7/3 473/7/3
f 475/7/4 478/7/4 474/7/4
f 476/7/5 479/7/5 475/7/5
f 473/7/6 480/7/6 476/7/6
f 483/7/1 481/7/1 484/7/1
f 486/7/2 488/7/2 485/7/2
f 482/7/3 485/7/3 481/7/3
f 483/7/4 486/7/4 482/7/4
f 484/7/5 487/7/5 483/7/5
f 481/7/6 488/7/6 484/7/6
f 491/7/1 489/7/1 492/7/1
f 494/7/2 496/7/2 493/7/2
f 490/7/3 493/7/3 489/7/3
f 491/7/4 494/7/4 490/7/4
f 492/7/5 495/7/5 491/7/5
f 489/7/6 496/7/6 492/7/6
f 499/2/1 497/2/1 500/2/1
f 502/2/2 504/2/2 501/2/2
f 498/2/3 501/2/3 497/2/3
f 499/2/4 502/2/4 498/2/4
f 500/2/5 503/2/5 499/2/5
f 497/2/6 504/2/6 500/2/6
f 507/2/1 505/2/1 508/2/1
f 510/2/2 512/2/2 509/2/2
f 506/2/3 509/2/3 505/2/3
f 507/2/4 510/2/4 506/2/4
f 508/2/5 511/2/5 507/2/5
f 505/2/6 512/2/6 508/2/6
f 516/5/7 514/5/7 513/5/7
f 514/5/8 517/5/8 513/5/8
f 514/5/9 519/5/9 518/5/9
f 516/5/10 519/5/10 515/5/10
f 513/5/11 520/5/11 516/5/11
f 517/5/12 519/5/12 520/5/12
f 523/8/1 521/8/1 524/8/1
f 526/8/2 528/8/2 525/8/2
f 522/8/3 525/8/3 521/8/3
f 523/8/4 526/8/4 522/8/4
f 524/8/5 527/8/5 523/8/5
f 521/8/6 528/8/6 524/8/6
f 531/7/1 529/7/1 532/7/1
f 534/7/2 536/7/2 533/7/2
f 530/7/3 533/7/3 529/7/3
f 531/7/4 534/7/4 530/7/4
f 532/7/5 535/7/5 531/7/5
f 529/7/6 536/7/6 532/7/6
f 539/7/1 537/7/1 540/7/1
f 542/7/2 544/7/2 541/7/2
f 538/7/3 541/7/3 537/7/3
f 539/7/4 542/7/4 538/7/4
f 540/7/5 543/7/5 539/7/5
f 537/7/6 544/7/6 540/7/6
f 547/7/1 545/7/1 548/7/1
f 550/7/2 552/7/2 549/7/2
f 546/7/3 549/7/3 545/7/3
f 547/7/4 550/7/4 546/7/4
f 548/7/5 551/7/5 547/7/5
f 545/7/6 552/7/6 548/7/6
f 555/2/1 553/2/1 556/2/1
f 558/2/2 560/2/2 557/2/2
f 554/2/3 557/2/3 553/2/3
f 555/2/4 558/2/4 554/2/4
f 556/2/5 559/2/5 555/2/5
f 553/2/6 560/2/6 556/2/6
f 563/2/1 561/2/1 564/2/1
f 566/2/2 568/2/2 565/2/2
f 562/2/3 565/2/3 561/2/3
f 563/2/4 566/2/4 562/2/4
f 564/2/5 567/2/5 563/2/5
f 561/2/6 568/2/6 564/2/6
f 572/5/7 570/5/7 569/5/7
f 570/5/8 573/5/8 569/5/8
f 570/5/9 575/5/9 574/5/9
f 571/5/10 576/5/10 575/5/10
f 569/5/11 576/5/11 572/5/11
f 574/5/12 576/5/12 573/5/12
f 579/8/1 577/8/1 580/8/1
f 582/8/2 584/8/2 581/8/2
f 578/8/3 581/8/3 577/8/3
f 579/8/4 582/8/4 578/8/4
f 580/8/5 583/8/5 579/8/5
f 577/8/6 584/8/6 580/8/6
f 587/7/1 585/7/1 588/7/1
f 590/7/2 592/7/2 589/7/2
f 586/7/3 589/7/3 585/7/3
f 587/7/4 590/7/4 586/7/4
f 588/7/5 591/7/5 587/7/5
f 585/7/6 592/7/6 588/7/6
f 595/6/1 593/6/1 596/6/1
f 598/6/2 600/6/2 597/6/2
f 594/6/3 597/6/3 593/6/3
f 595/6/4 598/6/4 594/6/4
f 596/6/5 599/6/5 595/6/5
f 593/6/6 600/6/6 596/6/6
f 603/7/1 601/7/1 604/7/1
f 606/7/2 608/7/2 605/7/2
f 602/7/3 605/7/3 601/7/3
f 603/7/4 606/7/4 602/7/4
f 604/7/5 607/7/5 603/7/5
f 601/7/6 608/7/6 604/7/6
f 611/6/1 609/6/1 612/6/1
f 614/6/2 616/6/2 613/6/2
f 610/6/3 613/6/3 609/6/3
f 611/6/4 614/6/4 610/6/4
f 612/6/5 615/6/5 611/6/5
f 609/6/6 616/6/6 612/6/6
f 619/7/1 617/7/1 620/7/1
f 622/7/2 624/7/2 621/7/2
f 618/7/3 621/7/3 617/7/3
f 619/7/4 622/7/4 618/7/4
f 620/7/5 623/7/5 619/7/5
f 617/7/6 624/7/6 620/7/6
f 627/6/1 625/6/1 628/6/1
f 630/6/2 632/6/2 629/6/2
f 626/6/3 629/6/3 625/6/3
f 627/6/4 630/6/4 626/6/4
f 628/6/5 631/6/5 627/6/5
f 625/6/6 632/6/6 628/6/6
f 635/7/1 633/7/1 636/7/1
f 638/7/2 640/7/2 637/7/2
f 634/7/3 637/7/3 633/7/3
f 635/7/4 638/7/4 634/7/4
f 636/7/5 639/7/5 635/7/5
f 633/7/6 640/7/6 636/7/6
f 643/6/1 641/6/1 644/6/1
f 646/6/2 648/6/2 645/6/2
f 642/6/3 645/6/3 641/6/3
f 643/6/4 646/6/4 642/6/4
f 644/6/5 647/6/5 643/6/5
f 641/6/6 648/6/6 644/6/6
f 651/2/1 649/2/1 652/2/1
f 654/2/2 656/2/2 653/2/2
f 650/2/3 653/2/3 649/2/3
f 651/2/4 654/2/4 650/2/4
f 652/2/5 655/2/5 651/2/5
f 649/2/6 656/2/6 652/2/6
f 659/9/1 657/9/1 660/9/1
f 662/9/2 664/9/2 661/9/2
f 658/9/3 661/9/3 657/9/3
f 659/9/4 662/9/4 658/9/4
f 660/9/5 663/9/5 659/9/5
f 657/9/6 664/9/6 660/9/6
f 667/10/1 665/10/1 668/10/1
f 670/10/2 672/10/2 669/10/2
f 666/10/3 669/10/3 665/10/3
f 667/10/4 670/10/4 666/10/4
f 668/10/5 671/10/5 667/10/5
f 665/10/6 672/10/6 668/10/6
f 675/11/1 673/11/1 676/11/1
f 678/11/2 680/11/2 677/11/2
f 674/11/3 677/11/3 673/11/3
f 675/11/4 678/11/4 674/11/4
f 676/11/5 679/11/5 675/11/5
f 673/11/6 680/11/6 676/11/6
f 683/7/1 681/7/1 684/7/1
f 686/7/2 688/7/2 685/7/2
f 682/7/3 685/7/3 681/7/3
f 683/7/4 686/7/4 682/7/4
f 684/7/5 687/7/5 683/7/5
f 681/7/6 688/7/6 684/7/6
f 691/7/1 689/7/1 692/7/1
f 694/7/2 696/7/2 693/7/2
f 690/7/3 693/7/3 689/7/3
f 691/7/4 694/7/4 690/7/4
f 692/7/5 695/7/5 691/7/5
f 689/7/6 696/7/6 692/7/6
f 699/7/1 697/7/1 700/7/1
f 702/7/2 704/7/2 701/7/2
f 698/7/3 701/7/3 697/7/3
f 699/7/4 702/7/4 698/7/4
f 700/7/5 703/7/5 699/7/5
f 697/7/6 704/7/6 700/7/6
f 707/2/1 705/2/1 708/2/1
f 710/2/2 712/2/2 709/2/2
f 706/2/3 709/2/3 705/2/3
f 707/2/4 710/2/4 706/2/4
f 708/2/5 711/2/5 707/2/5
f 705/2/6 712/2/6 708/2/6
f 715/2/1 713/2/1 716/2/1
f 718/2/2 720/2/2 717/2/2
f 714/2/3 717/2/3 713/2/3
f 715/2/4 718/2/4 714/2/4
f 716/2/5 719/2/5 715/2/5
f 713/2/6 720/2/6 716/2/6
f 723/5/13 721/5/13 724/5/13
f 721/5/14 726/5/14 725/5/14
f 723/5/9 726/5/9 722/5/9
f 723/5/15 728/5/15 727/5/15
f 724/5/11 725/5/11 728/5/11
f 726/5/16 728/5/16 725/5/16
f 731/8/1 729/8/1 732/8/1
f 734/8/2 736/8/2 733/8/2
f 730/8/3 733/8/3 729/8/3
f 731/8/4 734/8/4 730/8/4
f 732/8/5 735/8/5 731/8/5
f 729/8/6 736/8/6 732/8/6
f 739/7/1 737/7/1 740/7/1
f 742/7/2 744/7/2 741/7/2
f 738/7/3 741/7/3 737/7/3
f 739/7/4 742/7/4 738/7/4
f 740/7/5 743/7/5 739/7/5
f 737/7/6 744/7/6 740/7/6
f 747/7/1 745/7/1 748/7/1
f 750/7/2 752/7/2 749/7/2
f 746/7/3 749/7/3 745/7/3
f 747/7/4 750/7/4 746/7/4
f 748/7/5 751/7/5 747/7/5
f 745/7/6 752/7/6 748/7/6
f 755/7/1 753/7/1 756/7/1
f 758/7/2 760/7/2 757/7/2
f 754/7/3 757/7/3 753/7/3
f 755/7/4 758/7/4 754/7/4
f 756/7/5 759/7/5 755/7/5
f 753/7/6 760/7/6 756/7/6
f 763/2/1 761/2/1 764/2/1
f 766/2/2 768/2/2 765/2/2
f 762/2/3 765/2/3 761/2/3
f 763/2/4 766/2/4 762/2/4
f 764/2/5 767/2/5 763/2/5
f 761/2/6 768/2/6 764/2/6
f 771/2/1 769/2/1 772/2/1
f 774/2/2 776/2/2 773/2/2
f 770/2/3 773/2/3 769/2/3
f 771/2/4 774/2/4 770/2/4
f 772/2/5 775/2/5 771/2/5
f 769/2/6 776/2/6 772/2/6
f 779/5/13 777/5/13 780/5/13
f 778/5/14 781/5/14 777/5/14
f 779/5/9 782/5/9 778/5/9
f 780/5/15 783/5/15 779/5/15
f 780/5/11 781/5/11 784/5/11
f 781/5/16 783/5/16 784/5/16
f 787/8/1 785/8/1 788/8/1
f 790/8/2 792/8/2 789/8/2
f 786/8/3 789/8/3 785/8/3
f 787/8/4 790/8/4 786/8/4
f 788/8/5 791/8/5 787/8/5
f 785/8/6 792/8/6 788/8/6
f 795/7/1 793/7/1 796/7/1
f 798/7/2 800/7/2 797/7/2
f 794/7/3 797/7/3 793/7/3
f 795/7/4 798/7/4 794/7/4
f 796/7/5 799/7/5 795/7/5
f 793/7/6 800/7/6 796/7/6
f 803/6/1 801/6/1 804/6/1
f 806/6/2 808/6/2 805/6/2
f 802/6/3 805/6/3 801/6/3
f 803/6/4 806/6/4 802/6/4
f 804/6/5 807/6/5 803/6/5
f 801/6/6 808/6/6 804/6/6
f 811/7/1 809/7/1 812/7/1
f 814/7/2 816/7/2 813/7/2
f 810/7/3 813/7/3 809/7/3
f 811/7/4 814/7/4 810/7/4
f 812/7/5 815/7/5 811/7/5
f 809/7/6 816/7/6 812/7/6
f 819/6/1 817/6/1 820/6/1
f 822/6/2 824/6/2 821/6/2
f 818/6/3 821/6/3 817/6/3
f 819/6/4 822/6/4 818/6/4
f 820/6/5 823/6/5 819/6/5
f 817/6/6 824/6/6 820/6/6
f 827/7/1 825/7/1 828/7/1
f 830/7/2 832/7/2 829/7/2
f 826/7/3 829/7/3 825/7/3
f 827/7/4 830/7/4 826/7/4
f 828/7/5 831/7/5 827/7/5
f 825/7/6 832/7/6 828/7/6
f 835/6/1 833/6/1 836/6/1
f 838/6/2 840/6/2 837/6/2
f 834/6/3 837/6/3 833/6/3
f 835/6/4 838/6/4 834/6/4
f 836/6/5 839/6/5 835/6/5
f 833/6/6 840/6/6 836/6/6
f 843/7/1 841/7/1 844/7/1
f 846/7/2 848/7/2 845/7/2
f 842/7/3 845/7/3 841/7/3
f 843/7/4 846/7/4 842/7/4
f 844/7/5 847/7/5 843/7/5
f 841/7/6 848/7/6 844/7/6
f 851/6/1 849/6/1 852/6/1
f 854/6/2 856/6/2 853/6/2
f 850/6/3 853/6/3 849/6/3
f 851/6/4 854/6/4 850/6/4
f 852/6/5 855/6/5 851/6/5
f 849/6/6 856/6/6 852/6/6
f 859/2/1 857/2/1 860/2/1
f 862/2/2 864/2/2 861/2/2
f 858/2/3 861/2/3 857/2/3
f 859/2/4 862/2/4 858/2/4
f 860/2/5 863/2/5 859/2/5
f 857/2/6 864/2/6 860/2/6
f 867/9/1 865/9/1 868/9/1
f 870/9/2 872/9/2 869/9/2
f 866/9/3 869/9/3 865/9/3
f 867/9/4 870/9/4 866/9/4
f 868/9/5 871/9/5 867/9/5
f 865/9/6 872/9/6 868/9/6
f 875/10/1 873/10/1 876/10/1
f 878/10/2 880/10/2 877/10/2
f 874/10/3 877/10/3 873/10/3
f 875/10/4 878/10/4 874/10/4
f 876/10/5 879/10/5 875/10/5
f 873/10/6 880/10/6 876/10/6
f 883/11/1 881/11/1 884/11/1
f 886/11/2 888/11/2 885/11/2
f 882/11/3 885/11/3 881/11/3
f 883/11/4 886/11/4 882/11/4
f 884/11/5 887/11/5 883/11/5
f 881/11/6 888/11/6 884/11/6
f 891/7/1 889/7/1 892/7/1
f 894/7/2 896/7/2 893/7/2
f 890/7/3 893/7/3 889/7/3
f 891/7/4 894/7/4 890/7/4
f 892/7/5 895/7/5 891/7/5
f 889/7/6 896/7/6 892/7/6
f 899/2/17 897/2/17 900/2/17
f 898/2/4 901/2/4 897/2/4
f 899/2/18 902/2/18 898/2/18
f 900/2/6 903/2/6 899/2/6
f 897/2/19 904/2/19 900/2/19
f 902/2/20 904/2/20 901/2/20
f 907/2/17 905/2/17 908/2/17
f 906/2/4 909/2/4 905/2/4
f 907/2/18 910/2/18 906/2/18
f 908/2/6 911/2/6 907/2/6
f 905/2/19 912/2/19 908/2/19
f 910/2/20 912/2/20 909/2/20
f 915/7/1 913/7/1 916/7/1
f 918/7/2 920/7/2 917/7/2
f 914/7/3 917/7/3 913/7/3
f 915/7/4 918/7/4 914/7/4
f 916/7/5 919/7/5 915/7/5
f 913/7/6 920/7/6 916/7/6
f 923/2/21 921/2/21 924/2/21
f 922/2/4 925/2/4 921/2/4
f 923/2/22 926/2/22 922/2/22
f 924/2/6 927/2/6 923/2/6
f 921/2/23 928/2/23 924/2/23
f 926/2/24 928/2/24 925/2/24
f 931/2/21 929/2/21 932/2/21
f 930/2/4 933/2/4 929/2/4
f 931/2/22 934/2/22 930/2/22
f 932/2/6 935/2/6 931/2/6
f 929/2/23 936/2/23 932/2/23
f 934/2/24 936/2/24 933/2/24
f 939/3/1 937/3/1 940/3/1
f 942/3/2 944/3/2 941/3/2
f 938/3/3 941/3/3 937/3/3
f 939/3/4 942/3/4 938/3/4
f 940/3/5 943/3/5 939/3/5
f 937/3/6 944/3/6 940/3/6
f 947/10/1 945/10/1 948/10/1
f 950/10/2 952/10/2 949/10/2
f 946/10/3 949/10/3 945/10/3
f 947/10/4 950/10/4 946/10/4
f 948/10/5 951/10/5 947/10/5
f 945/10/6 952/10/6 948/10/6
f 955/10/1 953/10/1 956/10/1
f 958/10/2 960/10/2 957/10/2
f 954/10/3 957/10/3 953/10/3
f 955/10/4 958/10/4 954/10/4
f 956/10/5 959/10/5 955/10/5
f 953/10/6 960/10/6 956/10/6
f 963/10/1 961/10/1 964/10/1
f 966/10/2 968/10/2 965/10/2
f 962/10/3 965/10/3 961/10/3
f 963/10/4 966/10/4 962/10/4
f 964/10/5 967/10/5 963/10/5
f 961/10/6 968/10/6 964/10/6
f 971/10/1 969/10/1 972/10/1
f 974/10/2 976/10/2 973/10/2
f 970/10/3 973/10/3 969/10/3
f 971/10/4 974/10/4 970/10/4
f 972/10/5 975/10/5 971/10/5
f 969/10/6 976/10/6 972/10/6
f 979/10/1 977/10/1 980/10/1
f 982/10/2 984/10/2 981/10/2
f 978/10/3 981/10/3 977/10/3
f 979/10/4 982/10/4 978/10/4
f 980/10/5 983/10/5 979/10/5
f 977/10/6 984/10/6 980/10/6
f 3/1/1 2/1/1 1/1/1
f 6/1/2 7/1/2 8/1/2
f 2/1/3 6/1/3 5/1/3
f 3/1/4 7/1/4 6/1/4
f 4/1/5 8/1/5 7/1/5
f 1/1/6 5/1/6 8/1/6
f 11/2/1 10/2/1 9/2/1
f 14/2/2 15/2/2 16/2/2
f 10/2/3 14/2/3 13/2/3
f 11/2/4 15/2/4 14/2/4
f 12/2/5 16/2/5 15/2/5
f 9/2/6 13/2/6 16/2/6
f 19/3/1 18/3/1 17/3/1
f 22/3/2 23/3/2 24/3/2
f 18/3/3 22/3/3 21/3/3
f 19/3/4 23/3/4 22/3/4
f 20/3/5 24/3/5 23/3/5
f 17/3/6 21/3/6 24/3/6
f 27/4/1 26/4/1 25/4/1
f 30/4/2 31/4/2 32/4/2
f 26/4/3 30/4/3 29/4/3
f 27/4/4 31/4/4 30/4/4
f 28/4/5 32/4/5 31/4/5
f 25/4/6 29/4/6 32/4/6
f 35/2/1 34/2/1 33/2/1
f 38/2/2 39/2/2 40/2/2
f 34/2/3 38/2/3 37/2/3
f 35/2/4 39/2/4 38/2/4
f 36/2/5 40/2/5 39/2/5
f 33/2/6 37/2/6 40/2/6
f 43/5/1 42/5/1 41/5/1
f 46/5/2 47/5/2 48/5/2
f 42/5/3 46/5/3 45/5/3
f 43/5/4 47/5/4 46/5/4
f 44/5/5 48/5/5 47/5/5
f 41/5/6 45/5/6 48/5/6
f 51/4/1 50/4/1 49/4/1
f 54/4/2 55/4/2 56/4/2
f 50/4/3 54/4/3 53/4/3
f 51/4/4 55/4/4 54/4/4
f 52/4/5 56/4/5 55/4/5
f 49/4/6 53/4/6 56/4/6
f 59/2/1 58/2/1 57/2/1
f 62/2/2 63/2/2 64/2/2
f 58/2/3 62/2/3 61/2/3
f 59/2/4 63/2/4 62/2/4
f 60/2/5 64/2/5 63/2/5
f 57/2/6 61/2/6 64/2/6
f 67/5/1 66/5/1 65/5/1
f 70/5/2 71/5/2 72/5/2
f 66/5/3 70/5/3 69/5/3
f 67/5/4 71/5/4 70/5/4
f 68/5/5 72/5/5 71/5/5
f 65/5/6 69/5/6 72/5/6
f 75/4/1 74/4/1 73/4/1
f 78/4/2 79/4/2 80/4/2
f 74/4/3 78/4/3 77/4/3
f 75/4/4 79/4/4 78/4/4
f 76/4/5 80/4/5 79/4/5
f 73/4/6 77/4/6 80/4/6
f 83/3/1 82/3/1 81/3/1
f 86/3/2 87/3/2 88/3/2
f 82/3/3 86/3/3 85/3/3
f 83/3/4 87/3/4 86/3/4
f 84/3/5 88/3/5 87/3/5
f 81/3/6 85/3/6 88/3/6
f 91/5/1 90/5/1 89/5/1
f 94/5/2 95/5/2 96/5/2
f 90/5/3 94/5/3 93/5/3
f 91/5/4 95/5/4 94/5/4
f 92/5/5 96/5/5 95/5/5
f 89/5/6 93/5/6 96/5/6
f 99/5/1 98/5/1 97/5/1
f 102/5/2 103/5/2 104/5/2
f 98/5/3 102/5/3 101/5/3
f 99/5/4 103/5/4 102/5/4
f 100/5/5 104/5/5 103/5/5
f 97/5/6 101/5/6 104/5/6
f 107/6/1 106/6/1 105/6/1
f 110/6/2 111/6/2 112/6/2
f 106/6/3 110/6/3 109/6/3
f 107/6/4 111/6/4 110/6/4
f 108/6/5 112/6/5 111/6/5
f 105/6/6 109/6/6 112/6/6
f 115/6/1 114/6/1 113/6/1
f 118/6/2 119/6/2 120/6/2
f 114/6/3 118/6/3 117/6/3
f 115/6/4 119/6/4 118/6/4
f 116/6/5 120/6/5 119/6/5
f 113/6/6 117/6/6 120/6/6
f 123/6/1 122/6/1 121/6/1
f 126/6/2 127/6/2 128/6/2
f 122/6/3 126/6/3 125/6/3
f 123/6/4 127/6/4 126/6/4
f 124/6/5 128/6/5 127/6/5
f 121/6/6 125/6/6 128/6/6
f 131/6/1 130/6/1 129/6/1
f 134/6/2 135/6/2 136/6/2
f 130/6/3 134/6/3 133/6/3
f 131/6/4 135/6/4 134/6/4
f 132/6/5 136/6/5 135/6/5
f 129/6/6 133/6/6 136/6/6
f 139/3/1 138/3/1 137/3/1
f 142/3/2 143/3/2 144/3/2
f 138/3/3 142/3/3 141/3/3
f 139/3/4 143/3/4 142/3/4
f 140/3/5 144/3/5 143/3/5
f 137/3/6 141/3/6 144/3/6
f 147/4/1 146/4/1 145/4/1
f 150/4/2 151/4/2 152/4/2
f 146/4/3 150/4/3 149/4/3
f 147/4/4 151/4/4 150/4/4
f 148/4/5 152/4/5 151/4/5
f 145/4/6 149/4/6 152/4/6
f 155/2/1 154/2/1 153/2/1
f 158/2/2 159/2/2 160/2/2
f 154/2/3 158/2/3 157/2/3
f 155/2/4 159/2/4 158/2/4
f 156/2/5 160/2/5 159/2/5
f 153/2/6 157/2/6 160/2/6
f 163/5/1 162/5/1 161/5/1
f 166/5/2 167/5/2 168/5/2
f 162/5/3 166/5/3 165/5/3
f 163/5/4 167/5/4 166/5/4
f 164/5/5 168/5/5 167/5/5
f 161/5/6 165/5/6 168/5/6
f 171/4/1 170/4/1 169/4/1
f 174/4/2 175/4/2 176/4/2
f 170/4/3 174/4/3 173/4/3
f 171/4/4 175/4/4 174/4/4
f 172/4/5 176/4/5 175/4/5
f 169/4/6 173/4/6 176/4/6
f 179/2/1 178/2/1 177/2/1
f 182/2/2 183/2/2 184/2/2
f 178/2/3 182/2/3 181/2/3
f 179/2/4 183/2/4 182/2/4
f 180/2/5 184/2/5 183/2/5
f 177/2/6 181/2/6 184/2/6
f 187/5/1 186/5/1 185/5/1
f 190/5/2 191/5/2 192/5/2
f 186/5/3 190/5/3 189/5/3
f 187/5/4 191/5/4 190/5/4
f 188/5/5 192/5/5 191/5/5
f 185/5/6 189/5/6 192/5/6
f 195/4/1 194/4/1 193/4/1
f 198/4/2 199/4/2 200/4/2
f 194/4/3 198/4/3 197/4/3
f 195/4/4 199/4/4 198/4/4
f 196/4/5 200/4/5 199/4/5
f 193/4/6 197/4/6 200/4/6
f 203/3/1 202/3/1 201/3/1
f 206/3/2 207/3/2 208/3/2
f 202/3/3 206/3/3 205/3/3
f 203/3/4 207/3/4 206/3/4
f 204/3/5 208/3/5 207/3/5
f 201/3/6 205/3/6 208/3/6
f 211/5/1 210/5/1 209/5/1
f 214/5/2 215/5/2 216/5/2
f 210/5/3 214/5/3 213/5/3
f 211/5/4 215/5/4 214/5/4
f 212/5/5 216/5/5 215/5/5
f 209/5/6 213/5/6 216/5/6
f 219/5/1 218/5/1 217/5/1
f 222/5/2 223/5/2 224/5/2
f 218/5/3 222/5/3 221/5/3
f 219/5/4 223/5/4 222/5/4
f 220/5/5 224/5/5 223/5/5
f 217/5/6 221/5/6 224/5/6
f 227/6/1 226/6/1 225/6/1
f 230/6/2 231/6/2 232/6/2
f 226/6/3 230/6/3 229/6/3
f 227/6/4 231/6/4 230/6/4
f 228/6/5 232/6/5 231/6/5
f 225/6/6 229/6/6 232/6/6
f 235/6/1 234/6/1 233/6/1
f 238/6/2 239/6/2 240/6/2
f 234/6/3 238/6/3 237/6/3
f 235/6/4 239/6/4 238/6/4
f 236/6/5 240/6/5 239/6/5
f 233/6/6 237/6/6 240/6/6
f 243/6/1 242/6/1 241/6/1
f 246/6/2 247/6/2 248/6/2
f 242/6/3 246/6/3 245/6/3
f 243/6/4 247/6/4 246/6/4
f 244/6/5 248/6/5 247/6/5
f 241/6/6 245/6/6 248/6/6
f 251/6/1 250/6/1 249/6/1
f 254/6/2 255/6/2 256/6/2
f 250/6/3 254/6/3 253/6/3
f 251/6/4 255/6/4 254/6/4
f 252/6/5 256/6/5 255/6/5
f 249/6/6 253/6/6 256/6/6
f 259/4/1 258/4/1 257/4/1
f 262/4/2 263/4/2 264/4/2
f 258/4/3 262/4/3 261/4/3
f 259/4/4 263/4/4 262/4/4
f 260/4/5 264/4/5 263/4/5
f 257/4/6 261/4/6 264/4/6
f 267/5/1 266/5/1 265/5/1
f 270/5/2 271/5/2 272/5/2
f 266/5/3 270/5/3 269/5/3
f 267/5/4 271/5/4 270/5/4
f 268/5/5 272/5/5 271/5/5
f 265/5/6 269/5/6 272/5/6
f 275/6/1 274/6/1 273/6/1
f 278/6/2 279/6/2 280/6/2
f 274/6/3 278/6/3 277/6/3
f 275/6/4 279/6/4 278/6/4
f 276/6/5 280/6/5 279/6/5
f 273/6/6 277/6/6 280/6/6
f 283/6/1 282/6/1 281/6/1
f 286/6/2 287/6/2 288/6/2
f 282/6/3 286/6/3 285/6/3
f 283/6/4 287/6/4 286/6/4
f 284/6/5 288/6/5 287/6/5
f 281/6/6 285/6/6 288/6/6
f 291/6/1 290/6/1 289/6/1
f 294/6/2 295/6/2 296/6/2
f 290/6/3 294/6/3 293/6/3
f 291/6/4 295/6/4 294/6/4
f 292/6/5 296/6/5 295/6/5
f 289/6/6 293/6/6 296/6/6
f 299/6/1 298/6/1 297/6/1
f 302/6/2 303/6/2 304/6/2
f 298/6/3 302/6/3 301/6/3
f 299/6/4 303/6/4 302/6/4
f 300/6/5 304/6/5 303/6/5
f 297/6/6 301/6/6 304/6/6
f 307/6/1 306/6/1 305/6/1
f 310/6/2 311/6/2 312/6/2
f 306/6/3 310/6/3 309/6/3
f 307/6/4 311/6/4 310/6/4
f 308/6/5 312/6/5 311/6/5
f 305/6/6 309/6/6 312/6/6
f 315/6/1 314/6/1 313/6/1
f 318/6/2 319/6/2 320/6/2
f 314/6/3 318/6/3 317/6/3
f 315/6/4 319/6/4 318/6/4
f 316/6/5 320/6/5 319/6/5
f 313/6/6 317/6/6 320/6/6
f 323/4/1 322/4/1 321/4/1
f 326/4/2 327/4/2 328/4/2
f 322/4/3 326/4/3 325/4/3
f 323/4/4 327/4/4 326/4/4
f 324/4/5 328/4/5 327/4/5
f 321/4/6 325/4/6 328/4/6
f 331/7/1 330/7/1 329/7/1
f 334/7/2 335/7/2 336/7/2
f 330/7/3 334/7/3 333/7/3
f 331/7/4 335/7/4 334/7/4
f 332/7/5 336/7/5 335/7/5
f 329/7/6 333/7/6 336/7/6
f 339/7/1 338/7/1 337/7/1
f 342/7/2 343/7/2 344/7/2
f 338/7/3 342/7/3 341/7/3
f 339/7/4 343/7/4 342/7/4
f 340/7/5 344/7/5 343/7/5
f 337/7/6 341/7/6 344/7/6
f 347/7/1 346/7/1 345/7/1
f 350/7/2 351/7/2 352/7/2
f 346/7/3 350/7/3 349/7/3
f 347/7/4 351/7/4 350/7/4
f 348/7/5 352/7/5 351/7/5
f 345/7/6 349/7/6 352/7/6
f 355/6/1 354/6/1 353/6/1
f 358/6/2 359/6/2 360/6/2
f 354/6/3 358/6/3 357/6/3
f 355/6/4 359/6/4 358/6/4
f 356/6/5 360/6/5 359/6/5
f 353/6/6 357/6/6 360/6/6
f 363/4/1 362/4/1 361/4/1
f 366/4/2 367/4/2 368/4/2
f 362/4/3 366/4/3 365/4/3
f 363/4/4 367/4/4 366/4/4
f 364/4/5 368/4/5 367/4/5
f 361/4/6 365/4/6 368/4/6
f 371/7/1 370/7/1 369/7/1
f 374/7/2 375/7/2 376/7/2
f 370/7/3 374/7/3 373/7/3
f 371/7/4 375/7/4 374/7/4
f 372/7/5 376/7/5 375/7/5
f 369/7/6 373/7/6 376/7/6
f 379/7/1 378/7/1 377/7/1
f 382/7/2 383/7/2 384/7/2
f 378/7/3 382/7/3 381/7/3
f 379/7/4 383/7/4 382/7/4
f 380/7/5 384/7/5 383/7/5
f 377/7/6 381/7/6 384/7/6
f 387/7/1 386/7/1 385/7/1
f 390/7/2 391/7/2 392/7/2
f 386/7/3 390/7/3 389/7/3
f 387/7/4 391/7/4 390/7/4
f 388/7/5 392/7/5 391/7/5
f 385/7/6 389/7/6 392/7/6
f 395/7/1 394/7/1 393/7/1
f 398/7/2 399/7/2 400/7/2
f 394/7/3 398/7/3 397/7/3
f 395/7/4 399/7/4 398/7/4
f 396/7/5 400/7/5 399/7/5
f 393/7/6 397/7/6 400/7/6
f 403/6/1 402/6/1 401/6/1
f 406/6/2 407/6/2 408/6/2
f 402/6/3 406/6/3 405/6/3
f 403/6/4 407/6/4 406/6/4
f 404/6/5 408/6/5 407/6/5
f 401/6/6 405/6/6 408/6/6
f 411/7/1 410/7/1 409/7/1
f 414/7/2 415/7/2 416/7/2
f 410/7/3 414/7/3 413/7/3
f 411/7/4 415/7/4 414/7/4
f 412/7/5 416/7/5 415/7/5
f 409/7/6 413/7/6 416/7/6
f 419/6/1 418/6/1 417/6/1
f 422/6/2 423/6/2 424/6/2
f 418/6/3 422/6/3 421/6/3
f 419/6/4 423/6/4 422/6/4
f 420/6/5 424/6/5 423/6/5
f 417/6/6 421/6/6 424/6/6
f 427/7/1 426/7/1 425/7/1
f 430/7/2 431/7/2 432/7/2
f 426/7/3 430/7/3 429/7/3
f 427/7/4 431/7/4 430/7/4
f 428/7/5 432/7/5 431/7/5
f 425/7/6 429/7/6 432/7/6
f 435/6/1 434/6/1 433/6/1
f 438/6/2 439/6/2 440/6/2
f 434/6/3 438/6/3 437/6/3
f 435/6/4 439/6/4 438/6/4
f 436/6/5 440/6/5 439/6/5
f 433/6/6 437/6/6 440/6/6
f 443/7/1 442/7/1 441/7/1
f 446/7/2 447/7/2 448/7/2
f 442/7/3 446/7/3 445/7/3
f 443/7/4 447/7/4 446/7/4
f 444/7/5 448/7/5 447/7/5
f 441/7/6 445/7/6 448/7/6
f 451/2/1 450/2/1 449/2/1
f 454/2/2 455/2/2 456/2/2
f 450/2/3 454/2/3 453/2/3
f 451/2/4 455/2/4 454/2/4
f 452/2/5 456/2/5 455/2/5
f 449/2/6 453/2/6 456/2/6
f 459/2/1 458/2/1 457/2/1
f 462/2/2 463/2/2 464/2/2
f 458/2/3 462/2/3 461/2/3
f 459/2/4 463/2/4 462/2/4
f 460/2/5 464/2/5 463/2/5
f 457/2/6 461/2/6 464/2/6
f 467/2/1 466/2/1 465/2/1
f 470/2/2 471/2/2 472/2/2
f 466/2/3 470/2/3 469/2/3
f 467/2/4 471/2/4 470/2/4
f 468/2/5 472/2/5 471/2/5
f 465/2/6 469/2/6 472/2/6
f 475/7/1 474/7/1 473/7/1
f 478/7/2 479/7/2 480/7/2
f 474/7/3 478/7/3 477/7/3
f 475/7/4 479/7/4 478/7/4
f 476/7/5 480/7/5 479/7/5
f 473/7/6 477/7/6 480/7/6
f 483/7/1 482/7/1 481/7/1
f 486/7/2 487/7/2 488/7/2
f 482/7/3 486/7/3 485/7/3
f 483/7/4 487/7/4 486/7/4
f 484/7/5 488/7/5 487/7/5
f 481/7/6 485/7/6 488/7/6
f 491/7/1 490/7/1 489/7/1
f 494/7/2 495/7/2 496/7/2
f 490/7/3 494/7/3 493/7/3
f 491/7/4 495/7/4 494/7/4
f 492/7/5 496/7/5 495/7/5
f 489/7/6 493/7/6 496/7/6
f 499/2/1 498/2/1 497/2/1
f 502/2/2 503/2/2 504/2/2
f 498/2/3 502/2/3 501/2/3
f 499/2/4 503/2/4 502/2/4
f 500/2/5 504/2/5 503/2/5
f 497/2/6 501/2/6 504/2/6
f 507/2/1 506/2/1 505/2/1
f 510/2/2 511/2/2 512/2/2
f 506/2/3 510/2/3 509/2/3
f 507/2/4 511/2/4 510/2/4
f 508/2/5 512/2/5 511/2/5
f 505/2/6 509/2/6 512/2/6
f 516/5/7 515/5/7 514/5/7
f 514/5/8 518/5/8 517/5/8
f 514/5/9 515/5/9 519/5/9
f 516/5/10 520/5/10 519/5/10
f 513/5/11 517/5/11 520/5/11
f 517/5/12 518/5/12 519/5/12
f 523/8/1 522/8/1 521/8/1
f 526/8/2 527/8/2 528/8/2
f 522/8/3 526/8/3 525/8/3
f 523/8/4 527/8/4 526/8/4
f 524/8/5 528/8/5 527/8/5
f 521/8/6 525/8/6 528/8/6
f 531/7/1 530/7/1 529/7/1
f 534/7/2 535/7/2 536/7/2
f 530/7/3 534/7/3 533/7/3
f 531/7/4 535/7/4 534/7/4
f 532/7/5 536/7/5 535/7/5
f 529/7/6 533/7/6 536/7/6
f 539/7/1 538/7/1 537/7/1
f 542/7/2 543/7/2 544/7/2
f 538/7/3 542/7/3 541/7/3
f 539/7/4 543/7/4 542/7/4
f 540/7/5 544/7/5 543/7/5
f 537/7/6 541/7/6 544/7/6
f 547/7/1 546/7/1 545/7/1
f 550/7/2 551/7/2 552/7/2
f 546/7/3 550/7/3 549/7/3
f 547/7/4 551/7/4 550/7/4
f 548/7/5 552/7/5 551/7/5
f 545/7/6 549/7/6 552/7/6
f 555/2/1 554/2/1 553/2/1
f 558/2/2 559/2/2 560/2/2
f 554/2/3 558/2/3 557/2/3
f 555/2/4 559/2/4 558/2/4
f 556/2/5 560/2/5 559/2/5
f 553/2/6 557/2/6 560/2/6
f 563/2/1 562/2/1 561/2/1
f 566/2/2 567/2/2 568/2/2
f 562/2/3 566/2/3 565/2/3
f 563/2/4 567/2/4 566/2/4
f 564/2/5 568/2/5 567/2/5
f 561/2/6 565/2/6 568/2/6
f 572/5/7 571/5/7 570/5/7
f 570/5/8 574/5/8 573/5/8
f 570/5/9 571/5/9 575/5/9
f 571/5/10 572/5/10 576/5/10
f 569/5/11 573/5/11 576/5/11
f 574/5/12 575/5/12 576/5/12
f 579/8/1 578/8/1 577/8/1
f 582/8/2 583/8/2 584/8/2
f 578/8/3 582/8/3 581/8/3
f 579/8/4 583/8/4 582/8/4
f 580/8/5 584/8/5 583/8/5
f 577/8/6 581/8/6 584/8/6
f 587/7/1 586/7/1 585/7/1
f 590/7/2 591/7/2 592/7/2
f 586/7/3 590/7/3 589/7/3
f 587/7/4 591/7/4 590/7/4
f 588/7/5 592/7/5 591/7/5
f 585/7/6 589/7/6 592/7/6
f 595/6/1 594/6/1 593/6/1
f 598/6/2 599/6/2 600/6/2
f 594/6/3 598/6/3 597/6/3
f 595/6/4 599/6/4 598/6/4
f 596/6/5 600/6/5 599/6/5
f 593/6/6 597/6/6 600/6/6
f 603/7/1 602/7/1 601/7/1
f 606/7/2 607/7/2 608/7/2
f 602/7/3 606/7/3 605/7/3
f 603/7/4 607/7/4 606/7/4
f 604/7/5 608/7/5 607/7/5
f 601/7/6 605/7/6 608/7/6
f 611/6/1 610/6/1 609/6/1
f 614/6/2 615/6/2 616/6/2
f 610/6/3 614/6/3 613/6/3
f 611/6/4 615/6/4 614/6/4
f 612/6/5 616/6/5 615/6/5
f 609/6/6 613/6/6 616/6/6
f 619/7/1 618/7/1 617/7/1
f 622/7/2 623/7/2 624/7/2
f 618/7/3 622/7/3 621/7/3
f 619/7/4 623/7/4 622/7/4
f 620/7/5 624/7/5 623/7/5
f 617/7/6 621/7/6 624/7/6
f 627/6/1 626/6/1 625/6/1
f 630/6/2 631/6/2 632/6/2
f 626/6/3 630/6/3 629/6/3
f 627/6/4 631/6/4 630/6/4
f 628/6/5 632/6/5 631/6/5
f 625/6/6 629/6/6 632/6/6
f 635/7/1 634/7/1 633/7/1
f 638/7/2 639/7/2 640/7/2
f 634/7/3 638/7/3 637/7/3
f 635/7/4 639/7/4 638/7/4
f 636/7/5 640/7/5 639/7/5
f 633/7/6 637/7/6 640/7/6
f 643/6/1 642/6/1 641/6/1
f 646/6/2 647/6/2 648/6/2
f 642/6/3 646/6/3 645/6/3
f 643/6/4 647/6/4 646/6/4
f 644/6/5 648/6/5 647/6/5
f 641/6/6 645/6/6 648/6/6
f 651/2/1 650/2/1 649/2/1
f 654/2/2 655/2/2 656/2/2
f 650/2/3 654/2/3 653/2/3
f 651/2/4 655/2/4 654/2/4
f 652/2/5 656/2/5 655/2/5
f 649/2/6 653/2/6 656/2/6
f 659/9/1 658/9/1 657/9/1
f 662/9/2 663/9/2 664/9/2
f 658/9/3 662/9/3 661/9/3
f 659/9/4 663/9/4 662/9/4
f 660/9/5 664/9/5 663/9/5
f 657/9/6 661/9/6 664/9/6
f 667/10/1 666/10/1 665/10/1
f 670/10/2 671/10/2 672/10/2
f 666/10/3 670/10/3 669/10/3
f 667/10/4 671/10/4 670/10/4
f 668/10/5 672/10/5 671/10/5
f 665/10/6 669/10/6 672/10/6
f 675/11/1 674/11/1 673/11/1
f 678/11/2 679/11/2 680/11/2
f 674/11/3 678/11/3 677/11/3
f 675/11/4 679/11/4 678/11/4
f 676/11/5 680/11/5 679/11/5
f 673/11/6 677/11/6 680/11/6
f 683/7/1 682/7/1 681/7/1
f 686/7/2 687/7/2 688/7/2
f 682/7/3 686/7/3 685/7/3
f 683/7/4 687/7/4 686/7/4
f 684/7/5 688/7/5 687/7/5
f 681/7/6 685/7/6 688/7/6
f 691/7/1 690/7/1 689/7/1
f 694/7/2 695/7/2 696/7/2
f 690/7/3 694/7/3 693/7/3
f 691/7/4 695/7/4 694/7/4
f 692/7/5 696/7/5 695/7/5
f 689/7/6 693/7/6 696/7/6
f 699/7/1 698/7/1 697/7/1
f 702/7/2 703/7/2 704/7/2
f 698/7/3 702/7/3 701/7/3
f 699/7/4 703/7/4 702/7/4
f 700/7/5 704/7/5 703/7/5
f 697/7/6 701/7/6 704/7/6
f 707/2/1 706/2/1 705/2/1
f 710/2/2 711/2/2 712/2/2
f 706/2/3 710/2/3 709/2/3
f 707/2/4 711/2/4 710/2/4
f 708/2/5 712/2/5 711/2/5
f 705/2/6 709/2/6 712/2/6
f 715/2/1 714/2/1 713/2/1
f 718/2/2 719/2/2 720/2/2
f 714/2/3 718/2/3 717/2/3
f 715/2/4 719/2/4 718/2/4
f 716/2/5 720/2/5 719/2/5
f 713/2/6 717/2/6 720/2/6
f 723/5/13 722/5/13 721/5/13
f 721/5/14 722/5/14 726/5/14
f 723/5/9 727/5/9 726/5/9
f 723/5/15 724/5/15 728/5/15
f 724/5/11 721/5/11 725/5/11
f 726/5/16 727/5/16 728/5/16
f 731/8/1 730/8/1 729/8/1
f 734/8/2 735/8/2 736/8/2
f 730/8/3 734/8/3 733/8/3
f 731/8/4 735/8/4 734/8/4
f 732/8/5 736/8/5 735/8/5
f 729/8/6 733/8/6 736/8/6
f 739/7/1 738/7/1 737/7/1
f 742/7/2 743/7/2 744/7/2
f 738/7/3 742/7/3 741/7/3
f 739/7/4 743/7/4 742/7/4
f 740/7/5 744/7/5 743/7/5
f 737/7/6 741/7/6 744/7/6
f 747/7/1 746/7/1 745/7/1
f 750/7/2 751/7/2 752/7/2
f 746/7/3 750/7/3 749/7/3
f 747/7/4 751/7/4 750/7/4
f 748/7/5 752/7/5 751/7/5
f 745/7/6 749/7/6 752/7/6
f 755/7/1 754/7/1 753/7/1
f 758/7/2 759/7/2 760/7/2
f 754/7/3 758/7/3 757/7/3
f 755/7/4 759/7/4 758/7/4
f 756/7/5 760/7/5 759/7/5
f 753/7/6 757/7/6 760/7/6
f 763/2/1 762/2/1 761/2/1
f 766/2/2 767/2/2 768/2/2
f 762/2/3 766/2/3 765/2/3
f 763/2/4 767/2/4 766/2/4
f 764/2/5 768/2/5 767/2/5
f 761/2/6 765/2/6 768/2/6
f 771/2/1 770/2/1 769/2/1
f 774/2/2 775/2/2 776/2/2
f 770/2/3 774/2/3 773/2/3
f 771/2/4 775/2/4 774/2/4
f 772/2/5 776/2/5 775/2/5
f 769/2/6 773/2/6 776/2/6
f 779/5/13 778/5/13 777/5/13
f 778/5/14 782/5/14 781/5/14
f 779/5/9 783/5/9 782/5/9
f 780/5/15 784/5/15 783/5/15
f 780/5/11 777/5/11 781/5/11
f 781/5/16 782/5/16 783/5/16
f 787/8/1 786/8/1 785/8/1
f 790/8/2 791/8/2 792/8/2
f 786/8/3 790/8/3 789/8/3
f 787/8/4 791/8/4 790/8/4
f 788/8/5 792/8/5 791/8/5
f 785/8/6 789/8/6 792/8/6
f 795/7/1 794/7/1 793/7/1
f 798/7/2 799/7/2 800/7/2
f 794/7/3 798/7/3 797/7/3
f 795/7/4 799/7/4 798/7/4
f 796/7/5 800/7/5 799/7/5
f 793/7/6 797/7/6 800/7/6
f 803/6/1 802/6/1 801/6/1
f 806/6/2 807/6/2 808/6/2
f 802/6/3 806/6/3 805/6/3
f 803/6/4 807/6/4 806/6/4
f 804/6/5 808/6/5 807/6/5
f 801/6/6 805/6/6 808/6/6
f 811/7/1 810/7/1 809/7/1
f 814/7/2 815/7/2 816/7/2
f 810/7/3 814/7/3 813/7/3
f 811/7/4 815/7/4 814/7/4
f 812/7/5 816/7/5 815/7/5
f 809/7/6 813/7/6 816/7/6
f 819/6/1 818/6/1 817/6/1
f 822/6/2 823/6/2 824/6/2
f 818/6/3 822/6/3 821/6/3
f 819/6/4 823/6/4 822/6/4
f 820/6/5 824/6/5 823/6/5
f 817/6/6 821/6/6 824/6/6
f 827/7/1 826/7/1 825/7/1
f 830/7/2 831/7/2 832/7/2
f 826/7/3 830/7/3 829/7/3
f 827/7/4 831/7/4 830/7/4
f 828/7/5 832/7/5 831/7/5
f 825/7/6 829/7/6 832/7/6
f 835/6/1 834/6/1 833/6/1
f 838/6/2 839/6/2 840/6/2
f 834/6/3 838/6/3 837/6/3
f 835/6/4 839/6/4 838/6/4
f 836/6/5 840/6/5 839/6/5
f 833/6/6 837/6/6 840/6/6
f 843/7/1 842/7/1 841/7/1
f 846/7/2 847/7/2 848/7/2
f 842/7/3 846/7/3 845/7/3
f 843/7/4 847/7/4 846/7/4
f 844/7/5 848/7/5 847/7/5
f 841/7/6 845/7/6 848/7/6
f 851/6/1 850/6/1 849/6/1
f 854/6/2 855/6/2 856/6/2
f 850/6/3 854/6/3 853/6/3
f 851/6/4 855/6/4 854/6/4
f 852/6/5 856/6/5 855/6/5
f 849/6/6 853/6/6 856/6/6
f 859/2/1 858/2/1 857/2/1
f 862/2/2 863/2/2 864/2/2
f 858/2/3 862/2/3 861/2/3
f 859/2/4 863/2/4 862/2/4
f 860/2/5 864/2/5 863/2/5
f 857/2/6 861/2/6 864/2/6
f 867/9/1 866/9/1 865/9/1
f 870/9/2 871/9/2 872/9/2
f 866/9/3 870/9/3 869/9/3
f 867/9/4 871/9/4 870/9/4
f 868/9/5 872/9/5 871/9/5
f 865/9/6 869/9/6 872/9/6
f 875/10/1 874/10/1 873/10/1
f 878/10/2 879/10/2 880/10/2
f 874/10/3 878/10/3 877/10/3
f 875/10/4 879/10/4 878/10/4
f 876/10/5 880/10/5 879/10/5
f 873/10/6 877/10/6 880/10/6
f 883/11/1 882/11/1 881/11/1
f 886/11/2 887/11/2 888/11/2
f 882/11/3 886/11/3 885/11/3
f 883/11/4 887/11/4 886/11/4
f 884/11/5 888/11/5 887/11/5
f 881/11/6 885/11/6 888/11/6
f 891/7/1 890/7/1 889/7/1
f 894/7/2 895/7/2 896/7/2
f 890/7/3 894/7/3 893/7/3
f 891/7/4 895/7/4 894/7/4
f 892/7/5 896/7/5 895/7/5
f 889/7/6 893/7/6 896/7/6
f 899/2/17 898/2/17 897/2/17
f 898/2/4 902/2/4 901/2/4
f 899/2/18 903/2/18 902/2/18
f 900/2/6 904/2/6 903/2/6
f 897/2/19 901/2/19 904/2/19
f 902/2/20 903/2/20 904/2/20
f 907/2/17 906/2/17 905/2/17
f 906/2/4 910/2/4 909/2/4
f 907/2/18 911/2/18 910/2/18
f 908/2/6 912/2/6 911/2/6
f 905/2/19 909/2/19 912/2/19
f 910/2/20 911/2/20 912/2/20
f 915/7/1 914/7/1 913/7/1
f 918/7/2 919/7/2 920/7/2
f 914/7/3 918/7/3 917/7/3
f 915/7/4 919/7/4 918/7/4
f 916/7/5 920/7/5 919/7/5
f 913/7/6 917/7/6 920/7/6
f 923/2/21 922/2/21 921/2/21
f 922/2/4 926/2/4 925/2/4
f 923/2/22 927/2/22 926/2/22
f 924/2/6 928/2/6 927/2/6
f 921/2/23 925/2/23 928/2/23
f 926/2/24 927/2/24 928/2/24
f 931/2/21 930/2/21 929/2/21
f 930/2/4 934/2/4 933/2/4
f 931/2/22 935/2/22 934/2/22
f 932/2/6 936/2/6 935/2/6
f 929/2/23 933/2/23 936/2/23
f 934/2/24 935/2/24 936/2/24
f 939/3/1 938/3/1 937/3/1
f 942/3/2 943/3/2 944/3/2
f 938/3/3 942/3/3 941/3/3
f 939/3/4 943/3/4 942/3/4
f 940/3/5 944/3/5 943/3/5
f 937/3/6 941/3/6 944/3/6
f 947/10/1 946/10/1 945/10/1
f 950/10/2 951/10/2 952/10/2
f 946/10/3 950/10/3 949/10/3
f 947/10/4 951/10/4 950/10/4
f 948/10/5 952/10/5 951/10/5
f 945/10/6 949/10/6 952/10/6
f 955/10/1 954/10/1 953/10/1
f 958/10/2 959/10/2 960/10/2
f 954/10/3 958/10/3 957/10/3
f 955/10/4 959/10/4 958/10/4
f 956/10/5 960/10/5 959/10/5
f 953/10/6 957/10/6 960/10/6
f 963/10/1 962/10/1 961/10/1
f 966/10/2 967/10/2 968/10/2
f 962/10/3 966/10/3 965/10/3
f 963/10/4 967/10/4 966/10/4
f 964/10/5 968/10/5 967/10/5
f 961/10/6 965/10/6 968/10/6
f 971/10/1 970/10/1 969/10/1
f 974/10/2 975/10/2 976/10/2
f 970/10/3 974/10/3 973/10/3
f 971/10/4 975/10/4 974/10/4
f 972/10/5 976/10/5 975/10/5
f 969/10/6 973/10/6 976/10/6
f 979/10/1 978/10/1 977/10/1
f 982/10/2 983/10/2 984/10/2
f 978/10/3 982/10/3 981/10/3
f 979/10/4 983/10/4 982/10/4
f 980/10/5 984/10/5 983/10/5
f 977/10/6 981/10/6 984/10/6
o WagonDetails_fuel
v -1.931000 1.419000 -0.005000
v -1.469000 1.419000 -0.005000
v -1.469000 1.419000 -0.755000
v -1.931000 1.419000 -0.755000
v -1.931000 2.805000 -0.005000
v -1.469000 2.805000 -0.005000
v -1.469000 2.805000 -0.755000
v -1.931000 2.805000 -0.755000
v -1.832000 2.784000 -0.552500
v -1.568000 2.784000 -0.552500
v -1.568000 2.784000 -0.657500
v -1.832000 2.784000 -0.657500
v -1.832000 3.120000 -0.552500
v -1.568000 3.120000 -0.552500
v -1.568000 3.120000 -0.657500
v -1.832000 3.120000 -0.657500
v -1.832000 2.784000 -0.102500
v -1.568000 2.784000 -0.102500
v -1.568000 2.784000 -0.207500
v -1.832000 2.784000 -0.207500
v -1.832000 3.120000 -0.102500
v -1.568000 3.120000 -0.102500
v -1.568000 3.120000 -0.207500
v -1.832000 3.120000 -0.207500
v -1.832000 3.057000 -0.102500
v -1.568000 3.057000 -0.102500
v -1.568000 3.057000 -0.657500
v -1.832000 3.057000 -0.657500
v -1.832000 3.183000 -0.102500
v -1.568000 3.183000 -0.102500
v -1.568000 3.183000 -0.657500
v -1.832000 3.183000 -0.657500
v -1.856750 2.763000 0.055000
v -1.543250 2.763000 0.055000
v -1.543250 2.763000 -0.125000
v -1.856750 2.763000 -0.125000
v -1.856750 2.931000 0.055000
v -1.543250 2.931000 0.055000
v -1.543250 2.931000 -0.125000
v -1.856750 2.931000 -0.125000
v -1.976375 1.650000 -0.545000
v -1.918625 1.650000 -0.545000
v -1.918625 1.650000 -0.605000
v -1.976375 1.650000 -0.605000
v -1.976375 2.574000 -0.545000
v -1.918625 2.574000 -0.545000
v -1.918625 2.574000 -0.605000
v -1.976375 2.574000 -0.605000
v -1.976375 1.650000 -0.155000
v -1.918625 1.650000 -0.155000
v -1.918625 1.650000 -0.215000
v -1.976375 1.650000 -0.215000
v -1.976375 2.574000 -0.155000
v -1.918625 2.574000 -0.155000
v -1.918625 2.574000 -0.215000
v -1.976375 2.574000 -0.215000
v -1.972250 1.419000 0.025000
v -1.427750 1.419000 0.025000
v -1.427750 1.419000 -0.785000
v -1.972250 1.419000 -0.785000
v -1.972250 1.587000 0.025000
v -1.427750 1.587000 0.025000
v -1.427750 1.587000 -0.785000
v -1.972250 1.587000 -0.785000
v -1.931000 1.419000 0.935000
v -1.469000 1.419000 0.935000
v -1.469000 1.419000 0.185000
v -1.931000 1.419000 0.185000
v -1.931000 2.805000 0.935000
v -1.469000 2.805000 0.935000
v -1.469000 2.805000 0.185000
v -1.931000 2.805000 0.185000
v -1.832000 2.784000 0.387500
v -1.568000 2.784000 0.387500
v -1.568000 2.784000 0.282500
v -1.832000 2.784000 0.282500
v -1.832000 3.120000 0.387500
v -1.568000 3.120000 0.387500
v -1.568000 3.120000 0.282500
v -1.832000 3.120000 0.282500
v -1.832000 2.784000 0.837500
v -1.568000 2.784000 0.837500
v -1.568000 2.784000 0.732500
v -1.832000 2.784000 0.732500
v -1.832000 3.120000 0.837500
v -1.568000 3.120000 0.837500
v -1.568000 3.120000 0.732500
v -1.832000 3.120000 0.732500
v -1.832000 3.057000 0.837500
v -1.568000 3.057000 0.837500
v -1.568000 3.057000 0.282500
v -1.832000 3.057000 0.282500
v -1.832000 3.183000 0.837500
v -1.568000 3.183000 0.837500
v -1.568000 3.183000 0.282500
v -1.832000 3.183000 0.282500
v -1.856750 2.763000 0.995000
v -1.543250 2.763000 0.995000
v -1.543250 2.763000 0.815000
v -1.856750 2.763000 0.815000
v -1.856750 2.931000 0.995000
v -1.543250 2.931000 0.995000
v -1.543250 2.931000 0.815000
v -1.856750 2.931000 0.815000
v -1.976375 1.650000 0.395000
v -1.918625 1.650000 0.395000
v -1.918625 1.650000 0.335000
v -1.976375 1.650000 0.335000
v -1.976375 2.574000 0.395000
v -1.918625 2.574000 0.395000
v -1.918625 2.574000 0.335000
v -1.976375 2.574000 0.335000
v -1.976375 1.650000 0.785000
v -1.918625 1.650000 0.785000
v -1.918625 1.650000 0.725000
v -1.976375 1.650000 0.725000
v -1.976375 2.574000 0.785000
v -1.918625 2.574000 0.785000
v -1.918625 2.574000 0.725000
v -1.976375 2.574000 0.725000
v -1.972250 1.419000 0.965000
v -1.427750 1.419000 0.965000
v -1.427750 1.419000 0.155000
v -1.972250 1.419000 0.155000
v -1.972250 1.587000 0.965000
v -1.427750 1.587000 0.965000
v -1.427750 1.587000 0.155000
v -1.972250 1.587000 0.155000
v 1.469000 1.419000 -0.005000
v 1.931000 1.419000 -0.005000
v 1.931000 1.419000 -0.755000
v 1.469000 1.419000 -0.755000
v 1.469000 2.805000 -0.005000
v 1.931000 2.805000 -0.005000
v 1.931000 2.805000 -0.755000
v 1.469000 2.805000 -0.755000
v 1.568000 2.784000 -0.552500
v 1.832000 2.784000 -0.552500
v 1.832000 2.784000 -0.657500
v 1.568000 2.784000 -0.657500
v 1.568000 3.120000 -0.552500
v 1.832000 3.120000 -0.552500
v 1.832000 3.120000 -0.657500
v 1.568000 3.120000 -0.657500
v 1.568000 2.784000 -0.102500
v 1.832000 2.784000 -0.102500
v 1.832000 2.784000 -0.207500
v 1.568000 2.784000 -0.207500
v 1.568000 3.120000 -0.102500
v 1.832000 3.120000 -0.102500
v 1.832000 3.120000 -0.207500
v 1.568000 3.120000 -0.207500
v 1.568000 3.057000 -0.102500
v 1.832000 3.057000 -0.102500
v 1.832000 3.057000 -0.657500
v 1.568000 3.057000 -0.657500
v 1.568000 3.183000 -0.102500
v 1.832000 3.183000 -0.102500
v 1.832000 3.183000 -0.657500
v 1.568000 3.183000 -0.657500
v 1.543250 2.763000 0.055000
v 1.856750 2.763000 0.055000
v 1.856750 2.763000 -0.125000
v 1.543250 2.763000 -0.125000
v 1.543250 2.931000 0.055000
v 1.856750 2.931000 0.055000
v 1.856750 2.931000 -0.125000
v 1.543250 2.931000 -0.125000
v 1.918625 1.650000 -0.545000
v 1.976375 1.650000 -0.545000
v 1.976375 1.650000 -0.605000
v 1.918625 1.650000 -0.605000
v 1.918625 2.574000 -0.545000
v 1.976375 2.574000 -0.545000
v 1.976375 2.574000 -0.605000
v 1.918625 2.574000 -0.605000
v 1.918625 1.650000 -0.155000
v 1.976375 1.650000 -0.155000
v 1.976375 1.650000 -0.215000
v 1.918625 1.650000 -0.215000
v 1.918625 2.574000 -0.155000
v 1.976375 2.574000 -0.155000
v 1.976375 2.574000 -0.215000
v 1.918625 2.574000 -0.215000
v 1.427750 1.419000 0.025000
v 1.972250 1.419000 0.025000
v 1.972250 1.419000 -0.785000
v 1.427750 1.419000 -0.785000
v 1.427750 1.587000 0.025000
v 1.972250 1.587000 0.025000
v 1.972250 1.587000 -0.785000
v 1.427750 1.587000 -0.785000
v 1.469000 1.419000 0.935000
v 1.931000 1.419000 0.935000
v 1.931000 1.419000 0.185000
v 1.469000 1.419000 0.185000
v 1.469000 2.805000 0.935000
v 1.931000 2.805000 0.935000
v 1.931000 2.805000 0.185000
v 1.469000 2.805000 0.185000
v 1.568000 2.784000 0.387500
v 1.832000 2.784000 0.387500
v 1.832000 2.784000 0.282500
v 1.568000 2.784000 0.282500
v 1.568000 3.120000 0.387500
v 1.832000 3.120000 0.387500
v 1.832000 3.120000 0.282500
v 1.568000 3.120000 0.282500
v 1.568000 2.784000 0.837500
v 1.832000 2.784000 0.837500
v 1.832000 2.784000 0.732500
v 1.568000 2.784000 0.732500
v 1.568000 3.120000 0.837500
v 1.832000 3.120000 0.837500
v 1.832000 3.120000 0.732500
v 1.568000 3.120000 0.732500
v 1.568000 3.057000 0.837500
v 1.832000 3.057000 0.837500
v 1.832000 3.057000 0.282500
v 1.568000 3.057000 0.282500
v 1.568000 3.183000 0.837500
v 1.832000 3.183000 0.837500
v 1.832000 3.183000 0.282500
v 1.568000 3.183000 0.282500
v 1.543250 2.763000 0.995000
v 1.856750 2.763000 0.995000
v 1.856750 2.763000 0.815000
v 1.543250 2.763000 0.815000
v 1.543250 2.931000 0.995000
v 1.856750 2.931000 0.995000
v 1.856750 2.931000 0.815000
v 1.543250 2.931000 0.815000
v 1.918625 1.650000 0.395000
v 1.976375 1.650000 0.395000
v 1.976375 1.650000 0.335000
v 1.918625 1.650000 0.335000
v 1.918625 2.574000 0.395000
v 1.976375 2.574000 0.395000
v 1.976375 2.574000 0.335000
v 1.918625 2.574000 0.335000
v 1.918625 1.650000 0.785000
v 1.976375 1.650000 0.785000
v 1.976375 1.650000 0.725000
v 1.918625 1.650000 0.725000
v 1.918625 2.574000 0.785000
v 1.976375 2.574000 0.785000
v 1.976375 2.574000 0.725000
v 1.918625 2.574000 0.725000
v 1.427750 1.419000 0.965000
v 1.972250 1.419000 0.965000
v 1.972250 1.419000 0.155000
v 1.427750 1.419000 0.155000
v 1.427750 1.587000 0.965000
v 1.972250 1.587000 0.965000
v 1.972250 1.587000 0.155000
v 1.427750 1.587000 0.155000
vn -0.0000 -1.0000 -0.0000
vn -0.0000 1.0000 -0.0000
vn -0.0000 -0.0000 1.0000
vn 1.0000 -0.0000 -0.0000
vn -0.0000 -0.0000 -1.0000
vn -1.0000 -0.0000 -0.0000
vt 0.125000 0.125000
vt 0.875000 0.125000
vt 0.125000 0.625000
vt 0.375000 0.125000
s 0
usemtl Military_Wagon_fuel_Palette
f 987/12/25 985/12/25 988/12/25
f 990/12/26 992/12/26 989/12/26
f 986/12/27 989/12/27 985/12/27
f 987/12/28 990/12/28 986/12/28
f 988/12/29 991/12/29 987/12/29
f 985/12/30 992/12/30 988/12/30
f 995/13/25 993/13/25 996/13/25
f 998/13/26 1000/13/26 997/13/26
f 994/13/27 997/13/27 993/13/27
f 995/13/28 998/13/28 994/13/28
f 996/13/29 999/13/29 995/13/29
f 993/13/30 1000/13/30 996/13/30
f 1003/13/25 1001/13/25 1004/13/25
f 1006/13/26 1008/13/26 1005/13/26
f 1002/13/27 1005/13/27 1001/13/27
f 1003/13/28 1006/13/28 1002/13/28
f 1004/13/29 1007/13/29 1003/13/29
f 1001/13/30 1008/13/30 1004/13/30
f 1011/13/25 1009/13/25 1012/13/25
f 1014/13/26 1016/13/26 1013/13/26
f 1010/13/27 1013/13/27 1009/13/27
f 1011/13/28 1014/13/28 1010/13/28
f 1012/13/29 1015/13/29 1011/13/29
f 1009/13/30 1016/13/30 1012/13/30
f 1019/14/25 1017/14/25 1020/14/25
f 1022/14/26 1024/14/26 1021/14/26
f 1018/14/27 1021/14/27 1017/14/27
f 1019/14/28 1022/14/28 1018/14/28
f 1020/14/29 1023/14/29 1019/14/29
f 1017/14/30 1024/14/30 1020/14/30
f 1027/15/25 1025/15/25 1028/15/25
f 1030/15/26 1032/15/26 1029/15/26
f 1026/15/27 1029/15/27 1025/15/27
f 1027/15/28 1030/15/28 1026/15/28
f 1028/15/29 1031/15/29 1027/15/29
f 1025/15/30 1032/15/30 1028/15/30
f 1035/15/25 1033/15/25 1036/15/25
f 1038/15/26 1040/15/26 1037/15/26
f 1034/15/27 1037/15/27 1033/15/27
f 1035/15/28 1038/15/28 1034/15/28
f 1036/15/29 1039/15/29 1035/15/29
f 1033/15/30 1040/15/30 1036/15/30
f 1043/13/25 1041/13/25 1044/13/25
f 1046/13/26 1048/13/26 1045/13/26
f 1042/13/27 1045/13/27 1041/13/27
f 1043/13/28 1046/13/28 1042/13/28
f 1044/13/29 1047/13/29 1043/13/29
f 1041/13/30 1048/13/30 1044/13/30
f 1051/12/25 1049/12/25 1052/12/25
f 1054/12/26 1056/12/26 1053/12/26
f 1050/12/27 1053/12/27 1049/12/27
f 1051/12/28 1054/12/28 1050/12/28
f 1052/12/29 1055/12/29 1051/12/29
f 1049/12/30 1056/12/30 1052/12/30
f 1059/13/25 1057/13/25 1060/13/25
f 1062/13/26 1064/13/26 1061/13/26
f 1058/13/27 1061/13/27 1057/13/27
f 1059/13/28 1062/13/28 1058/13/28
f 1060/13/29 1063/13/29 1059/13/29
f 1057/13/30 1064/13/30 1060/13/30
f 1067/13/25 1065/13/25 1068/13/25
f 1070/13/26 1072/13/26 1069/13/26
f 1066/13/27 1069/13/27 1065/13/27
f 1067/13/28 1070/13/28 1066/13/28
f 1068/13/29 1071/13/29 1067/13/29
f 1065/13/30 1072/13/30 1068/13/30
f 1075/13/25 1073/13/25 1076/13/25
f 1078/13/26 1080/13/26 1077/13/26
f 1074/13/27 1077/13/27 1073/13/27
f 1075/13/28 1078/13/28 1074/13/28
f 1076/13/29 1079/13/29 1075/13/29
f 1073/13/30 1080/13/30 1076/13/30
f 1083/14/25 1081/14/25 1084/14/25
f 1086/14/26 1088/14/26 1085/14/26
f 1082/14/27 1085/14/27 1081/14/27
f 1083/14/28 1086/14/28 1082/14/28
f 1084/14/29 1087/14/29 1083/14/29
f 1081/14/30 1088/14/30 1084/14/30
f 1091/15/25 1089/15/25 1092/15/25
f 1094/15/26 1096/15/26 1093/15/26
f 1090/15/27 1093/15/27 1089/15/27
f 1091/15/28 1094/15/28 1090/15/28
f 1092/15/29 1095/15/29 1091/15/29
f 1089/15/30 1096/15/30 1092/15/30
f 1099/15/25 1097/15/25 1100/15/25
f 1102/15/26 1104/15/26 1101/15/26
f 1098/15/27 1101/15/27 1097/15/27
f 1099/15/28 1102/15/28 1098/15/28
f 1100/15/29 1103/15/29 1099/15/29
f 1097/15/30 1104/15/30 1100/15/30
f 1107/13/25 1105/13/25 1108/13/25
f 1110/13/26 1112/13/26 1109/13/26
f 1106/13/27 1109/13/27 1105/13/27
f 1107/13/28 1110/13/28 1106/13/28
f 1108/13/29 1111/13/29 1107/13/29
f 1105/13/30 1112/13/30 1108/13/30
f 1115/12/25 1113/12/25 1116/12/25
f 1118/12/26 1120/12/26 1117/12/26
f 1114/12/27 1117/12/27 1113/12/27
f 1115/12/28 1118/12/28 1114/12/28
f 1116/12/29 1119/12/29 1115/12/29
f 1113/12/30 1120/12/30 1116/12/30
f 1123/13/25 1121/13/25 1124/13/25
f 1126/13/26 1128/13/26 1125/13/26
f 1122/13/27 1125/13/27 1121/13/27
f 1123/13/28 1126/13/28 1122/13/28
f 1124/13/29 1127/13/29 1123/13/29
f 1121/13/30 1128/13/30 1124/13/30
f 1131/13/25 1129/13/25 1132/13/25
f 1134/13/26 1136/13/26 1133/13/26
f 1130/13/27 1133/13/27 1129/13/27
f 1131/13/28 1134/13/28 1130/13/28
f 1132/13/29 1135/13/29 1131/13/29
f 1129/13/30 1136/13/30 1132/13/30
f 1139/13/25 1137/13/25 1140/13/25
f 1142/13/26 1144/13/26 1141/13/26
f 1138/13/27 1141/13/27 1137/13/27
f 1139/13/28 1142/13/28 1138/13/28
f 1140/13/29 1143/13/29 1139/13/29
f 1137/13/30 1144/13/30 1140/13/30
f 1147/14/25 1145/14/25 1148/14/25
f 1150/14/26 1152/14/26 1149/14/26
f 1146/14/27 1149/14/27 1145/14/27
f 1147/14/28 1150/14/28 1146/14/28
f 1148/14/29 1151/14/29 1147/14/29
f 1145/14/30 1152/14/30 1148/14/30
f 1155/15/25 1153/15/25 1156/15/25
f 1158/15/26 1160/15/26 1157/15/26
f 1154/15/27 1157/15/27 1153/15/27
f 1155/15/28 1158/15/28 1154/15/28
f 1156/15/29 1159/15/29 1155/15/29
f 1153/15/30 1160/15/30 1156/15/30
f 1163/15/25 1161/15/25 1164/15/25
f 1166/15/26 1168/15/26 1165/15/26
f 1162/15/27 1165/15/27 1161/15/27
f 1163/15/28 1166/15/28 1162/15/28
f 1164/15/29 1167/15/29 1163/15/29
f 1161/15/30 1168/15/30 1164/15/30
f 1171/13/25 1169/13/25 1172/13/25
f 1174/13/26 1176/13/26 1173/13/26
f 1170/13/27 1173/13/27 1169/13/27
f 1171/13/28 1174/13/28 1170/13/28
f 1172/13/29 1175/13/29 1171/13/29
f 1169/13/30 1176/13/30 1172/13/30
f 1179/12/25 1177/12/25 1180/12/25
f 1182/12/26 1184/12/26 1181/12/26
f 1178/12/27 1181/12/27 1177/12/27
f 1179/12/28 1182/12/28 1178/12/28
f 1180/12/29 1183/12/29 1179/12/29
f 1177/12/30 1184/12/30 1180/12/30
f 1187/13/25 1185/13/25 1188/13/25
f 1190/13/26 1192/13/26 1189/13/26
f 1186/13/27 1189/13/27 1185/13/27
f 1187/13/28 1190/13/28 1186/13/28
f 1188/13/29 1191/13/29 1187/13/29
f 1185/13/30 1192/13/30 1188/13/30
f 1195/13/25 1193/13/25 1196/13/25
f 1198/13/26 1200/13/26 1197/13/26
f 1194/13/27 1197/13/27 1193/13/27
f 1195/13/28 1198/13/28 1194/13/28
f 1196/13/29 1199/13/29 1195/13/29
f 1193/13/30 1200/13/30 1196/13/30
f 1203/13/25 1201/13/25 1204/13/25
f 1206/13/26 1208/13/26 1205/13/26
f 1202/13/27 1205/13/27 1201/13/27
f 1203/13/28 1206/13/28 1202/13/28
f 1204/13/29 1207/13/29 1203/13/29
f 1201/13/30 1208/13/30 1204/13/30
f 1211/14/25 1209/14/25 1212/14/25
f 1214/14/26 1216/14/26 1213/14/26
f 1210/14/27 1213/14/27 1209/14/27
f 1211/14/28 1214/14/28 1210/14/28
f 1212/14/29 1215/14/29 1211/14/29
f 1209/14/30 1216/14/30 1212/14/30
f 1219/15/25 1217/15/25 1220/15/25
f 1222/15/26 1224/15/26 1221/15/26
f 1218/15/27 1221/15/27 1217/15/27
f 1219/15/28 1222/15/28 1218/15/28
f 1220/15/29 1223/15/29 1219/15/29
f 1217/15/30 1224/15/30 1220/15/30
f 1227/15/25 1225/15/25 1228/15/25
f 1230/15/26 1232/15/26 1229/15/26
f 1226/15/27 1229/15/27 1225/15/27
f 1227/15/28 1230/15/28 1226/15/28
f 1228/15/29 1231/15/29 1227/15/29
f 1225/15/30 1232/15/30 1228/15/30
f 1235/13/25 1233/13/25 1236/13/25
f 1238/13/26 1240/13/26 1237/13/26
f 1234/13/27 1237/13/27 1233/13/27
f 1235/13/28 1238/13/28 1234/13/28
f 1236/13/29 1239/13/29 1235/13/29
f 1233/13/30 1240/13/30 1236/13/30
f 987/12/25 986/12/25 985/12/25
f 990/12/26 991/12/26 992/12/26
f 986/12/27 990/12/27 989/12/27
f 987/12/28 991/12/28 990/12/28
f 988/12/29 992/12/29 991/12/29
f 985/12/30 989/12/30 992/12/30
f 995/13/25 994/13/25 993/13/25
f 998/13/26 999/13/26 1000/13/26
f 994/13/27 998/13/27 997/13/27
f 995/13/28 999/13/28 998/13/28
f 996/13/29 1000/13/29 999/13/29
f 993/13/30 997/13/30 1000/13/30
f 1003/13/25 1002/13/25 1001/13/25
f 1006/13/26 1007/13/26 1008/13/26
f 1002/13/27 1006/13/27 1005/13/27
f 1003/13/28 1007/13/28 1006/13/28
f 1004/13/29 1008/13/29 1007/13/29
f 1001/13/30 1005/13/30 1008/13/30
f 1011/13/25 1010/13/25 1009/13/25
f 1014/13/26 1015/13/26 1016/13/26
f 1010/13/27 1014/13/27 1013/13/27
f 1011/13/28 1015/13/28 1014/13/28
f 1012/13/29 1016/13/29 1015/13/29
f 1009/13/30 1013/13/30 1016/13/30
f 1019/14/25 1018/14/25 1017/14/25
f 1022/14/26 1023/14/26 1024/14/26
f 1018/14/27 1022/14/27 1021/14/27
f 1019/14/28 1023/14/28 1022/14/28
f 1020/14/29 1024/14/29 1023/14/29
f 1017/14/30 1021/14/30 1024/14/30
f 1027/15/25 1026/15/25 1025/15/25
f 1030/15/26 1031/15/26 1032/15/26
f 1026/15/27 1030/15/27 1029/15/27
f 1027/15/28 1031/15/28 1030/15/28
f 1028/15/29 1032/15/29 1031/15/29
f 1025/15/30 1029/15/30 1032/15/30
f 1035/15/25 1034/15/25 1033/15/25
f 1038/15/26 1039/15/26 1040/15/26
f 1034/15/27 1038/15/27 1037/15/27
f 1035/15/28 1039/15/28 1038/15/28
f 1036/15/29 1040/15/29 1039/15/29
f 1033/15/30 1037/15/30 1040/15/30
f 1043/13/25 1042/13/25 1041/13/25
f 1046/13/26 1047/13/26 1048/13/26
f 1042/13/27 1046/13/27 1045/13/27
f 1043/13/28 1047/13/28 1046/13/28
f 1044/13/29 1048/13/29 1047/13/29
f 1041/13/30 1045/13/30 1048/13/30
f 1051/12/25 1050/12/25 1049/12/25
f 1054/12/26 1055/12/26 1056/12/26
f 1050/12/27 1054/12/27 1053/12/27
f 1051/12/28 1055/12/28 1054/12/28
f 1052/12/29 1056/12/29 1055/12/29
f 1049/12/30 1053/12/30 1056/12/30
f 1059/13/25 1058/13/25 1057/13/25
f 1062/13/26 1063/13/26 1064/13/26
f 1058/13/27 1062/13/27 1061/13/27
f 1059/13/28 1063/13/28 1062/13/28
f 1060/13/29 1064/13/29 1063/13/29
f 1057/13/30 1061/13/30 1064/13/30
f 1067/13/25 1066/13/25 1065/13/25
f 1070/13/26 1071/13/26 1072/13/26
f 1066/13/27 1070/13/27 1069/13/27
f 1067/13/28 1071/13/28 1070/13/28
f 1068/13/29 1072/13/29 1071/13/29
f 1065/13/30 1069/13/30 1072/13/30
f 1075/13/25 1074/13/25 1073/13/25
f 1078/13/26 1079/13/26 1080/13/26
f 1074/13/27 1078/13/27 1077/13/27
f 1075/13/28 1079/13/28 1078/13/28
f 1076/13/29 1080/13/29 1079/13/29
f 1073/13/30 1077/13/30 1080/13/30
f 1083/14/25 1082/14/25 1081/14/25
f 1086/14/26 1087/14/26 1088/14/26
f 1082/14/27 1086/14/27 1085/14/27
f 1083/14/28 1087/14/28 1086/14/28
f 1084/14/29 1088/14/29 1087/14/29
f 1081/14/30 1085/14/30 1088/14/30
f 1091/15/25 1090/15/25 1089/15/25
f 1094/15/26 1095/15/26 1096/15/26
f 1090/15/27 1094/15/27 1093/15/27
f 1091/15/28 1095/15/28 1094/15/28
f 1092/15/29 1096/15/29 1095/15/29
f 1089/15/30 1093/15/30 1096/15/30
f 1099/15/25 1098/15/25 1097/15/25
f 1102/15/26 1103/15/26 1104/15/26
f 1098/15/27 1102/15/27 1101/15/27
f 1099/15/28 1103/15/28 1102/15/28
f 1100/15/29 1104/15/29 1103/15/29
f 1097/15/30 1101/15/30 1104/15/30
f 1107/13/25 1106/13/25 1105/13/25
f 1110/13/26 1111/13/26 1112/13/26
f 1106/13/27 1110/13/27 1109/13/27
f 1107/13/28 1111/13/28 1110/13/28
f 1108/13/29 1112/13/29 1111/13/29
f 1105/13/30 1109/13/30 1112/13/30
f 1115/12/25 1114/12/25 1113/12/25
f 1118/12/26 1119/12/26 1120/12/26
f 1114/12/27 1118/12/27 1117/12/27
f 1115/12/28 1119/12/28 1118/12/28
f 1116/12/29 1120/12/29 1119/12/29
f 1113/12/30 1117/12/30 1120/12/30
f 1123/13/25 1122/13/25 1121/13/25
f 1126/13/26 1127/13/26 1128/13/26
f 1122/13/27 1126/13/27 1125/13/27
f 1123/13/28 1127/13/28 1126/13/28
f 1124/13/29 1128/13/29 1127/13/29
f 1121/13/30 1125/13/30 1128/13/30
f 1131/13/25 1130/13/25 1129/13/25
f 1134/13/26 1135/13/26 1136/13/26
f 1130/13/27 1134/13/27 1133/13/27
f 1131/13/28 1135/13/28 1134/13/28
f 1132/13/29 1136/13/29 1135/13/29
f 1129/13/30 1133/13/30 1136/13/30
f 1139/13/25 1138/13/25 1137/13/25
f 1142/13/26 1143/13/26 1144/13/26
f 1138/13/27 1142/13/27 1141/13/27
f 1139/13/28 1143/13/28 1142/13/28
f 1140/13/29 1144/13/29 1143/13/29
f 1137/13/30 1141/13/30 1144/13/30
f 1147/14/25 1146/14/25 1145/14/25
f 1150/14/26 1151/14/26 1152/14/26
f 1146/14/27 1150/14/27 1149/14/27
f 1147/14/28 1151/14/28 1150/14/28
f 1148/14/29 1152/14/29 1151/14/29
f 1145/14/30 1149/14/30 1152/14/30
f 1155/15/25 1154/15/25 1153/15/25
f 1158/15/26 1159/15/26 1160/15/26
f 1154/15/27 1158/15/27 1157/15/27
f 1155/15/28 1159/15/28 1158/15/28
f 1156/15/29 1160/15/29 1159/15/29
f 1153/15/30 1157/15/30 1160/15/30
f 1163/15/25 1162/15/25 1161/15/25
f 1166/15/26 1167/15/26 1168/15/26
f 1162/15/27 1166/15/27 1165/15/27
f 1163/15/28 1167/15/28 1166/15/28
f 1164/15/29 1168/15/29 1167/15/29
f 1161/15/30 1165/15/30 1168/15/30
f 1171/13/25 1170/13/25 1169/13/25
f 1174/13/26 1175/13/26 1176/13/26
f 1170/13/27 1174/13/27 1173/13/27
f 1171/13/28 1175/13/28 1174/13/28
f 1172/13/29 1176/13/29 1175/13/29
f 1169/13/30 1173/13/30 1176/13/30
f 1179/12/25 1178/12/25 1177/12/25
f 1182/12/26 1183/12/26 1184/12/26
f 1178/12/27 1182/12/27 1181/12/27
f 1179/12/28 1183/12/28 1182/12/28
f 1180/12/29 1184/12/29 1183/12/29
f 1177/12/30 1181/12/30 1184/12/30
f 1187/13/25 1186/13/25 1185/13/25
f 1190/13/26 1191/13/26 1192/13/26
f 1186/13/27 1190/13/27 1189/13/27
f 1187/13/28 1191/13/28 1190/13/28
f 1188/13/29 1192/13/29 1191/13/29
f 1185/13/30 1189/13/30 1192/13/30
f 1195/13/25 1194/13/25 1193/13/25
f 1198/13/26 1199/13/26 1200/13/26
f 1194/13/27 1198/13/27 1197/13/27
f 1195/13/28 1199/13/28 1198/13/28
f 1196/13/29 1200/13/29 1199/13/29
f 1193/13/30 1197/13/30 1200/13/30
f 1203/13/25 1202/13/25 1201/13/25
f 1206/13/26 1207/13/26 1208/13/26
f 1202/13/27 1206/13/27 1205/13/27
f 1203/13/28 1207/13/28 1206/13/28
f 1204/13/29 1208/13/29 1207/13/29
f 1201/13/30 1205/13/30 1208/13/30
f 1211/14/25 1210/14/25 1209/14/25
f 1214/14/26 1215/14/26 1216/14/26
f 1210/14/27 1214/14/27 1213/14/27
f 1211/14/28 1215/14/28 1214/14/28
f 1212/14/29 1216/14/29 1215/14/29
f 1209/14/30 1213/14/30 1216/14/30
f 1219/15/25 1218/15/25 1217/15/25
f 1222/15/26 1223/15/26 1224/15/26
f 1218/15/27 1222/15/27 1221/15/27
f 1219/15/28 1223/15/28 1222/15/28
f 1220/15/29 1224/15/29 1223/15/29
f 1217/15/30 1221/15/30 1224/15/30
f 1227/15/25 1226/15/25 1225/15/25
f 1230/15/26 1231/15/26 1232/15/26
f 1226/15/27 1230/15/27 1229/15/27
f 1227/15/28 1231/15/28 1230/15/28
f 1228/15/29 1232/15/29 1231/15/29
f 1225/15/30 1229/15/30 1232/15/30
f 1235/13/25 1234/13/25 1233/13/25
f 1238/13/26 1239/13/26 1240/13/26
f 1234/13/27 1238/13/27 1237/13/27
f 1235/13/28 1239/13/28 1238/13/28
f 1236/13/29 1240/13/29 1239/13/29
f 1233/13/30 1237/13/30 1240/13/30
o AllTerrainTire.012
v -2.199433 0.880000 0.888440
v -2.199433 1.210780 0.977072
v -2.199433 1.452928 1.219220
v -2.199433 1.541560 1.550000
v -2.199433 1.452928 1.880780
v -2.199433 1.210780 2.122928
v -2.199433 0.880000 2.211560
v -2.199433 0.549220 2.122928
v -2.199433 0.307072 1.880780
v -2.199433 0.218440 1.550000
v -2.199433 0.307072 1.219220
v -2.199433 0.549220 0.977072
v -2.099574 0.880000 0.670000
v -2.099574 1.320000 0.787898
v -2.099574 1.642102 1.110000
v -2.099574 1.760000 1.550000
v -2.099574 1.642102 1.990000
v -2.099574 1.320000 2.312102
v -2.099574 0.880000 2.430000
v -2.099574 0.440000 2.312102
v -2.099574 0.117898 1.990000
v -2.099574 0.000000 1.550000
v -2.099574 0.117898 1.110000
v -2.099574 0.440000 0.787898
v -1.500425 0.880000 0.670000
v -1.500425 1.320000 0.787898
v -1.500425 1.642102 1.110000
v -1.500425 1.760000 1.550000
v -1.500425 1.642102 1.990000
v -1.500425 1.320000 2.312102
v -1.500425 0.880000 2.430000
v -1.500425 0.440000 2.312102
v -1.500425 0.117898 1.990000
v -1.500425 0.000000 1.550000
v -1.500425 0.117898 1.110000
v -1.500425 0.440000 0.787898
v -1.400567 0.880000 0.888440
v -1.400567 1.210780 0.977072
v -1.400567 1.452928 1.219220
v -1.400567 1.541560 1.550000
v -1.400567 1.452928 1.880780
v -1.400567 1.210780 2.122928
v -1.400567 0.880000 2.211560
v -1.400567 0.549220 2.122928
v -1.400567 0.307072 1.880780
v -1.400567 0.218440 1.550000
v -1.400567 0.307072 1.219220
v -1.400567 0.549220 0.977072
v -2.234383 0.526948 1.196948
v -2.234383 0.380709 1.550000
v -2.234383 0.526948 1.903052
v -2.234383 0.880000 2.049291
v -2.234383 1.233052 1.903052
v -2.234383 1.379291 1.550000
v -2.234383 1.233052 1.196948
v -2.234383 0.880000 1.050709
v -2.238128 0.760845 1.430845
v -2.238128 0.711489 1.550000
v -2.238128 0.760845 1.669155
v -2.238128 0.880000 1.718511
v -2.238128 0.999155 1.669155
v -2.238128 1.048511 1.550000
v -2.238128 0.999155 1.430845
v -2.238128 0.880000 1.381489
v -1.365617 0.880000 1.050709
v -1.365617 1.233052 1.196948
v -1.365617 1.379291 1.550000
v -1.365617 1.233052 1.903052
v -1.365617 0.880000 2.049291
v -1.365617 0.526948 1.903052
v -1.365617 0.380709 1.550000
v -1.365617 0.526948 1.196948
v -1.361872 0.880000 1.381489
v -1.361872 0.999155 1.430845
v -1.361872 1.048511 1.550000
v -1.361872 0.999155 1.669155
v -1.361872 0.880000 1.718511
v -1.361872 0.760845 1.669155
v -1.361872 0.711489 1.550000
v -1.361872 0.760845 1.430845
vn -0.9039 0.1107 -0.4132
vn -0.9039 0.3025 -0.3025
vn -0.9039 0.4132 -0.1107
vn -0.9039 0.4132 0.1107
vn -0.9039 0.3025 0.3025
vn -0.9039 0.1107 0.4132
vn -0.9039 -0.1107 0.4132
vn -0.9039 -0.3025 0.3025
vn -0.9039 -0.4132 0.1107
vn -0.9039 -0.4132 -0.1107
vn -0.9039 -0.3025 -0.3025
vn -0.9039 -0.1107 -0.4132
vn -0.0000 0.2588 -0.9659
vn -0.0000 0.7071 -0.7071
vn -0.0000 0.9659 -0.2588
vn -0.0000 0.9659 0.2588
vn -0.0000 0.7071 0.7071
vn -0.0000 0.2588 0.9659
vn -0.0000 -0.2588 0.9659
vn -0.0000 -0.7071 0.7071
vn -0.0000 -0.9659 0.2588
vn -0.0000 -0.9659 -0.2588
vn -0.0000 -0.7071 -0.7071
vn -0.0000 -0.2588 -0.9659
vn 0.9039 0.1107 -0.4132
vn 0.9039 0.3025 -0.3025
vn 0.9039 0.4132 -0.1107
vn 0.9039 0.4132 0.1107
vn 0.9039 0.3025 0.3025
vn 0.9039 0.1107 0.4132
vn 0.9039 -0.1107 0.4132
vn 0.9039 -0.3025 0.3025
vn 0.9039 -0.4132 0.1107
vn 0.9039 -0.4132 -0.1107
vn 0.9039 -0.3025 -0.3025
vn 0.9039 -0.1107 -0.4132
vn -1.0000 -0.0000 -0.0000
vn 1.0000 -0.0000 -0.0000
vt 0.125000 0.375000
vt 0.375000 0.375000
vt 0.125000 0.625000
vt 0.375000 0.875000
s 0
usemtl Military_Wagon_cargo_Palette
f 1242/16/31 1253/16/31 1241/16/31
f 1242/16/32 1255/16/32 1254/16/32
f 1243/16/33 1256/16/33 1255/16/33
f 1245/16/34 1256/16/34 1244/16/34
f 1246/16/35 1257/16/35 1245/16/35
f 1247/16/36 1258/16/36 1246/16/36
f 1248/16/37 1259/16/37 1247/16/37
f 1248/16/38 1261/16/38 1260/16/38
f 1249/16/39 1262/16/39 1261/16/39
f 1251/16/40 1262/16/40 1250/16/40
f 1252/16/41 1263/16/41 1251/16/41
f 1241/16/42 1264/16/42 1252/16/42
f 1254/16/43 1265/16/43 1253/16/43
f 1255/17/44 1266/17/44 1254/17/44
f 1256/16/45 1267/16/45 1255/16/45
f 1257/17/46 1268/17/46 1256/17/46
f 1258/16/47 1269/16/47 1257/16/47
f 1259/17/48 1270/17/48 1258/17/48
f 1260/16/49 1271/16/49 1259/16/49
f 1261/17/50 1272/17/50 1260/17/50
f 1262/16/51 1273/16/51 1261/16/51
f 1263/17/52 1274/17/52 1262/17/52
f 1264/16/53 1275/16/53 1263/16/53
f 1253/17/54 1276/17/54 1264/17/54
f 1265/16/55 1278/16/55 1277/16/55
f 1267/17/56 1278/17/56 1266/17/56
f 1268/16/57 1279/16/57 1267/16/57
f 1268/17/58 1281/17/58 1280/17/58
f 1270/16/59 1281/16/59 1269/16/59
f 1271/17/60 1282/17/60 1270/17/60
f 1271/16/61 1284/16/61 1283/16/61
f 1273/17/62 1284/17/62 1272/17/62
f 1274/16/63 1285/16/63 1273/16/63
f 1274/17/64 1287/17/64 1286/17/64
f 1276/16/65 1287/16/65 1275/16/65
f 1265/17/66 1288/17/66 1276/17/66
f 1249/16/67 1245/16/67 1241/16/67
f 1280/16/68 1284/16/68 1288/16/68
f 1292/18/67 1294/18/67 1296/18/67
f 1302/19/67 1303/19/67 1304/19/67
f 1311/18/68 1312/18/68 1308/18/68
f 1316/19/68 1318/19/68 1320/19/68
f 1242/16/31 1254/16/31 1253/16/31
f 1242/16/32 1243/16/32 1255/16/32
f 1243/16/33 1244/16/33 1256/16/33
f 1245/16/34 1257/16/34 1256/16/34
f 1246/16/35 1258/16/35 1257/16/35
f 1247/16/36 1259/16/36 1258/16/36
f 1248/16/37 1260/16/37 1259/16/37
f 1248/16/38 1249/16/38 1261/16/38
f 1249/16/39 1250/16/39 1262/16/39
f 1251/16/40 1263/16/40 1262/16/40
f 1252/16/41 1264/16/41 1263/16/41
f 1241/16/42 1253/16/42 1264/16/42
f 1254/16/43 1266/16/43 1265/16/43
f 1255/17/44 1267/17/44 1266/17/44
f 1256/16/45 1268/16/45 1267/16/45
f 1257/17/46 1269/17/46 1268/17/46
f 1258/16/47 1270/16/47 1269/16/47
f 1259/17/48 1271/17/48 1270/17/48
f 1260/16/49 1272/16/49 1271/16/49
f 1261/17/50 1273/17/50 1272/17/50
f 1262/16/51 1274/16/51 1273/16/51
f 1263/17/52 1275/17/52 1274/17/52
f 1264/16/53 1276/16/53 1275/16/53
f 1253/17/54 1265/17/54 1276/17/54
f 1265/16/55 1266/16/55 1278/16/55
f 1267/17/56 1279/17/56 1278/17/56
f 1268/16/57 1280/16/57 1279/16/57
f 1268/17/58 1269/17/58 1281/17/58
f 1270/16/59 1282/16/59 1281/16/59
f 1271/17/60 1283/17/60 1282/17/60
f 1271/16/61 1272/16/61 1284/16/61
f 1273/17/62 1285/17/62 1284/17/62
f 1274/16/63 1286/16/63 1285/16/63
f 1274/17/64 1275/17/64 1287/17/64
f 1276/16/65 1288/16/65 1287/16/65
f 1265/17/66 1277/17/66 1288/17/66
f 1241/16/67 1252/16/67 1251/16/67
f 1251/16/67 1250/16/67 1249/16/67
f 1249/16/67 1248/16/67 1247/16/67
f 1247/16/67 1246/16/67 1245/16/67
f 1245/16/67 1244/16/67 1243/16/67
f 1243/16/67 1242/16/67 1241/16/67
f 1241/16/67 1251/16/67 1249/16/67
f 1249/16/67 1247/16/67 1245/16/67
f 1245/16/67 1243/16/67 1241/16/67
f 1288/16/68 1277/16/68 1278/16/68
f 1278/16/68 1279/16/68 1280/16/68
f 1280/16/68 1281/16/68 1282/16/68
f 1282/16/68 1283/16/68 1284/16/68
f 1284/16/68 1285/16/68 1286/16/68
f 1286/16/68 1287/16/68 1288/16/68
f 1288/16/68 1278/16/68 1280/16/68
f 1280/16/68 1282/16/68 1284/16/68
f 1284/16/68 1286/16/68 1288/16/68
f 1296/18/67 1289/18/67 1290/18/67
f 1290/18/67 1291/18/67 1292/18/67
f 1292/18/67 1293/18/67 1294/18/67
f 1294/18/67 1295/18/67 1296/18/67
f 1296/18/67 1290/18/67 1292/18/67
f 1304/19/67 1297/19/67 1300/19/67
f 1297/19/67 1298/19/67 1300/19/67
f 1298/19/67 1299/19/67 1300/19/67
f 1300/19/67 1301/19/67 1304/19/67
f 1301/19/67 1302/19/67 1304/19/67
f 1312/18/68 1305/18/68 1306/18/68
f 1306/18/68 1307/18/68 1312/18/68
f 1307/18/68 1308/18/68 1312/18/68
f 1308/18/68 1309/18/68 1310/18/68
f 1310/18/68 1311/18/68 1308/18/68
f 1320/19/68 1313/19/68 1314/19/68
f 1314/19/68 1315/19/68 1316/19/68
f 1316/19/68 1317/19/68 1318/19/68
f 1318/19/68 1319/19/68 1320/19/68
f 1320/19/68 1314/19/68 1316/19/68
o AllTerrainTire.013
v 1.400567 0.880000 0.888440
v 1.400567 1.210780 0.977072
v 1.400567 1.452928 1.219220
v 1.400567 1.541560 1.550000
v 1.400567 1.452928 1.880780
v 1.400567 1.210780 2.122928
v 1.400567 0.880000 2.211560
v 1.400567 0.549220 2.122928
v 1.400567 0.307072 1.880780
v 1.400567 0.218440 1.550000
v 1.400567 0.307072 1.219220
v 1.400567 0.549220 0.977072
v 1.500425 0.880000 0.670000
v 1.500425 1.320000 0.787898
v 1.500425 1.642102 1.110000
v 1.500425 1.760000 1.550000
v 1.500425 1.642102 1.990000
v 1.500425 1.320000 2.312102
v 1.500425 0.880000 2.430000
v 1.500425 0.440000 2.312102
v 1.500425 0.117898 1.990000
v 1.500425 0.000000 1.550000
v 1.500425 0.117898 1.110000
v 1.500425 0.440000 0.787898
v 2.099574 0.880000 0.670000
v 2.099574 1.320000 0.787898
v 2.099574 1.642102 1.110000
v 2.099574 1.760000 1.550000
v 2.099574 1.642102 1.990000
v 2.099574 1.320000 2.312102
v 2.099574 0.880000 2.430000
v 2.099574 0.440000 2.312102
v 2.099574 0.117898 1.990000
v 2.099574 0.000000 1.550000
v 2.099574 0.117898 1.110000
v 2.099574 0.440000 0.787898
v 2.199433 0.880000 0.888440
v 2.199433 1.210780 0.977072
v 2.199433 1.452928 1.219220
v 2.199433 1.541560 1.550000
v 2.199433 1.452928 1.880780
v 2.199433 1.210780 2.122928
v 2.199433 0.880000 2.211560
v 2.199433 0.549220 2.122928
v 2.199433 0.307072 1.880780
v 2.199433 0.218440 1.550000
v 2.199433 0.307072 1.219220
v 2.199433 0.549220 0.977072
v 1.365617 0.526948 1.196948
v 1.365617 0.380709 1.550000
v 1.365617 0.526948 1.903052
v 1.365617 0.880000 2.049291
v 1.365617 1.233052 1.903052
v 1.365617 1.379291 1.550000
v 1.365617 1.233052 1.196948
v 1.365617 0.880000 1.050709
v 1.361872 0.760845 1.430845
v 1.361872 0.711489 1.550000
v 1.361872 0.760845 1.669155
v 1.361872 0.880000 1.718511
v 1.361872 0.999155 1.669155
v 1.361872 1.048511 1.550000
v 1.361872 0.999155 1.430845
v 1.361872 0.880000 1.381489
v 2.234383 0.880000 1.050709
v 2.234383 1.233052 1.196948
v 2.234383 1.379291 1.550000
v 2.234383 1.233052 1.903052
v 2.234383 0.880000 2.049291
v 2.234383 0.526948 1.903052
v 2.234383 0.380709 1.550000
v 2.234383 0.526948 1.196948
v 2.238128 0.880000 1.381489
v 2.238128 0.999155 1.430845
v 2.238128 1.048511 1.550000
v 2.238128 0.999155 1.669155
v 2.238128 0.880000 1.718511
v 2.238128 0.760845 1.669155
v 2.238128 0.711489 1.550000
v 2.238128 0.760845 1.430845
vn -0.9039 0.1107 -0.4132
vn -0.9039 0.3025 -0.3025
vn -0.9039 0.4132 -0.1107
vn -0.9039 0.4132 0.1107
vn -0.9039 0.3025 0.3025
vn -0.9039 0.1107 0.4132
vn -0.9039 -0.1107 0.4132
vn -0.9039 -0.3025 0.3025
vn -0.9039 -0.4132 0.1107
vn -0.9039 -0.4132 -0.1107
vn -0.9039 -0.3025 -0.3025
vn -0.9039 -0.1107 -0.4132
vn -0.0000 0.2588 -0.9659
vn -0.0000 0.7071 -0.7071
vn -0.0000 0.9659 -0.2588
vn -0.0000 0.9659 0.2588
vn -0.0000 0.7071 0.7071
vn -0.0000 0.2588 0.9659
vn -0.0000 -0.2588 0.9659
vn -0.0000 -0.7071 0.7071
vn -0.0000 -0.9659 0.2588
vn -0.0000 -0.9659 -0.2588
vn -0.0000 -0.7071 -0.7071
vn -0.0000 -0.2588 -0.9659
vn 0.9039 0.1107 -0.4132
vn 0.9039 0.3025 -0.3025
vn 0.9039 0.4132 -0.1107
vn 0.9039 0.4132 0.1107
vn 0.9039 0.3025 0.3025
vn 0.9039 0.1107 0.4132
vn 0.9039 -0.1107 0.4132
vn 0.9039 -0.3025 0.3025
vn 0.9039 -0.4132 0.1107
vn 0.9039 -0.4132 -0.1107
vn 0.9039 -0.3025 -0.3025
vn 0.9039 -0.1107 -0.4132
vn -1.0000 -0.0000 -0.0000
vn 1.0000 -0.0000 -0.0000
vt 0.125000 0.375000
vt 0.375000 0.375000
vt 0.125000 0.625000
vt 0.375000 0.875000
s 0
usemtl Military_Wagon_cargo_Palette
f 1322/20/69 1333/20/69 1321/20/69
f 1322/20/70 1335/20/70 1334/20/70
f 1323/20/71 1336/20/71 1335/20/71
f 1325/20/72 1336/20/72 1324/20/72
f 1326/20/73 1337/20/73 1325/20/73
f 1327/20/74 1338/20/74 1326/20/74
f 1328/20/75 1339/20/75 1327/20/75
f 1328/20/76 1341/20/76 1340/20/76
f 1329/20/77 1342/20/77 1341/20/77
f 1331/20/78 1342/20/78 1330/20/78
f 1332/20/79 1343/20/79 1331/20/79
f 1321/20/80 1344/20/80 1332/20/80
f 1334/20/81 1345/20/81 1333/20/81
f 1335/21/82 1346/21/82 1334/21/82
f 1336/20/83 1347/20/83 1335/20/83
f 1337/21/84 1348/21/84 1336/21/84
f 1338/20/85 1349/20/85 1337/20/85
f 1339/21/86 1350/21/86 1338/21/86
f 1340/20/87 1351/20/87 1339/20/87
f 1341/21/88 1352/21/88 1340/21/88
f 1342/20/89 1353/20/89 1341/20/89
f 1343/21/90 1354/21/90 1342/21/90
f 1344/20/91 1355/20/91 1343/20/91
f 1333/21/92 1356/21/92 1344/21/92
f 1345/20/93 1358/20/93 1357/20/93
f 1347/21/94 1358/21/94 1346/21/94
f 1348/20/95 1359/20/95 1347/20/95
f 1348/21/96 1361/21/96 1360/21/96
f 1350/20/97 1361/20/97 1349/20/97
f 1351/21/98 1362/21/98 1350/21/98
f 1351/20/99 1364/20/99 1363/20/99
f 1353/21/100 1364/21/100 1352/21/100
f 1354/20/101 1365/20/101 1353/20/101
f 1354/21/102 1367/21/102 1366/21/102
f 1356/20/103 1367/20/103 1355/20/103
f 1345/21/104 1368/21/104 1356/21/104
f 1329/20/105 1325/20/105 1321/20/105
f 1360/20/106 1364/20/106 1368/20/106
f 1372/22/105 1374/22/105 1376/22/105
f 1382/23/105 1383/23/105 1384/23/105
f 1391/22/106 1392/22/106 1388/22/106
f 1396/23/106 1398/23/106 1400/23/106
f 1322/20/69 1334/20/69 1333/20/69
f 1322/20/70 1323/20/70 1335/20/70
f 1323/20/71 1324/20/71 1336/20/71
f 1325/20/72 1337/20/72 1336/20/72
f 1326/20/73 1338/20/73 1337/20/73
f 1327/20/74 1339/20/74 1338/20/74
f 1328/20/75 1340/20/75 1339/20/75
f 1328/20/76 1329/20/76 1341/20/76
f 1329/20/77 1330/20/77 1342/20/77
f 1331/20/78 1343/20/78 1342/20/78
f 1332/20/79 1344/20/79 1343/20/79
f 1321/20/80 1333/20/80 1344/20/80
f 1334/20/81 1346/20/81 1345/20/81
f 1335/21/82 1347/21/82 1346/21/82
f 1336/20/83 1348/20/83 1347/20/83
f 1337/21/84 1349/21/84 1348/21/84
f 1338/20/85 1350/20/85 1349/20/85
f 1339/21/86 1351/21/86 1350/21/86
f 1340/20/87 1352/20/87 1351/20/87
f 1341/21/88 1353/21/88 1352/21/88
f 1342/20/89 1354/20/89 1353/20/89
f 1343/21/90 1355/21/90 1354/21/90
f 1344/20/91 1356/20/91 1355/20/91
f 1333/21/92 1345/21/92 1356/21/92
f 1345/20/93 1346/20/93 1358/20/93
f 1347/21/94 1359/21/94 1358/21/94
f 1348/20/95 1360/20/95 1359/20/95
f 1348/21/96 1349/21/96 1361/21/96
f 1350/20/97 1362/20/97 1361/20/97
f 1351/21/98 1363/21/98 1362/21/98
f 1351/20/99 1352/20/99 1364/20/99
f 1353/21/100 1365/21/100 1364/21/100
f 1354/20/101 1366/20/101 1365/20/101
f 1354/21/102 1355/21/102 1367/21/102
f 1356/20/103 1368/20/103 1367/20/103
f 1345/21/104 1357/21/104 1368/21/104
f 1321/20/105 1332/20/105 1331/20/105
f 1331/20/105 1330/20/105 1329/20/105
f 1329/20/105 1328/20/105 1327/20/105
f 1327/20/105 1326/20/105 1325/20/105
f 1325/20/105 1324/20/105 1323/20/105
f 1323/20/105 1322/20/105 1321/20/105
f 1321/20/105 1331/20/105 1329/20/105
f 1329/20/105 1327/20/105 1325/20/105
f 1325/20/105 1323/20/105 1321/20/105
f 1368/20/106 1357/20/106 1358/20/106
f 1358/20/106 1359/20/106 1360/20/106
f 1360/20/106 1361/20/106 1362/20/106
f 1362/20/106 1363/20/106 1364/20/106
f 1364/20/106 1365/20/106 1366/20/106
f 1366/20/106 1367/20/106 1368/20/106
f 1368/20/106 1358/20/106 1360/20/106
f 1360/20/106 1362/20/106 1364/20/106
f 1364/20/106 1366/20/106 1368/20/106
f 1376/22/105 1369/22/105 1370/22/105
f 1370/22/105 1371/22/105 1372/22/105
f 1372/22/105 1373/22/105 1374/22/105
f 1374/22/105 1375/22/105 1376/22/105
f 1376/22/105 1370/22/105 1372/22/105
f 1384/23/105 1377/23/105 1380/23/105
f 1377/23/105 1378/23/105 1380/23/105
f 1378/23/105 1379/23/105 1380/23/105
f 1380/23/105 1381/23/105 1384/23/105
f 1381/23/105 1382/23/105 1384/23/105
f 1392/22/106 1385/22/106 1386/22/106
f 1386/22/106 1387/22/106 1392/22/106
f 1387/22/106 1388/22/106 1392/22/106
f 1388/22/106 1389/22/106 1390/22/106
f 1390/22/106 1391/22/106 1388/22/106
f 1400/23/106 1393/23/106 1394/23/106
f 1394/23/106 1395/23/106 1396/23/106
f 1396/23/106 1397/23/106 1398/23/106
f 1398/23/106 1399/23/106 1400/23/106
f 1400/23/106 1394/23/106 1396/23/106
o AllTerrainTire.014
v -2.199433 0.880000 -2.211560
v -2.199433 1.210780 -2.122928
v -2.199433 1.452928 -1.880780
v -2.199433 1.541560 -1.550000
v -2.199433 1.452928 -1.219220
v -2.199433 1.210780 -0.977072
v -2.199433 0.880000 -0.888440
v -2.199433 0.549220 -0.977072
v -2.199433 0.307072 -1.219220
v -2.199433 0.218440 -1.550000
v -2.199433 0.307072 -1.880780
v -2.199433 0.549220 -2.122928
v -2.099574 0.880000 -2.430000
v -2.099574 1.320000 -2.312102
v -2.099574 1.642102 -1.990000
v -2.099574 1.760000 -1.550000
v -2.099574 1.642102 -1.110000
v -2.099574 1.320000 -0.787898
v -2.099574 0.880000 -0.670000
v -2.099574 0.440000 -0.787898
v -2.099574 0.117898 -1.110000
v -2.099574 0.000000 -1.550000
v -2.099574 0.117898 -1.990000
v -2.099574 0.440000 -2.312102
v -1.500425 0.880000 -2.430000
v -1.500425 1.320000 -2.312102
v -1.500425 1.642102 -1.990000
v -1.500425 1.760000 -1.550000
v -1.500425 1.642102 -1.110000
v -1.500425 1.320000 -0.787898
v -1.500425 0.880000 -0.670000
v -1.500425 0.440000 -0.787898
v -1.500425 0.117898 -1.110000
v -1.500425 0.000000 -1.550000
v -1.500425 0.117898 -1.990000
v -1.500425 0.440000 -2.312102
v -1.400567 0.880000 -2.211560
v -1.400567 1.210780 -2.122928
v -1.400567 1.452928 -1.880780
v -1.400567 1.541560 -1.550000
v -1.400567 1.452928 -1.219220
v -1.400567 1.210780 -0.977072
v -1.400567 0.880000 -0.888440
v -1.400567 0.549220 -0.977072
v -1.400567 0.307072 -1.219220
v -1.400567 0.218440 -1.550000
v -1.400567 0.307072 -1.880780
v -1.400567 0.549220 -2.122928
v -2.234383 0.526948 -1.903052
v -2.234383 0.380709 -1.550000
v -2.234383 0.526948 -1.196948
v -2.234383 0.880000 -1.050709
v -2.234383 1.233052 -1.196948
v -2.234383 1.379291 -1.550000
v -2.234383 1.233052 -1.903052
v -2.234383 0.880000 -2.049291
v -2.238128 0.760845 -1.669155
v -2.238128 0.711489 -1.550000
v -2.238128 0.760845 -1.430845
v -2.238128 0.880000 -1.381489
v -2.238128 0.999155 -1.430845
v -2.238128 1.048511 -1.550000
v -2.238128 0.999155 -1.669155
v -2.238128 0.880000 -1.718511
v -1.365617 0.880000 -2.049291
v -1.365617 1.233052 -1.903052
v -1.365617 1.379291 -1.550000
v -1.365617 1.233052 -1.196948
v -1.365617 0.880000 -1.050709
v -1.365617 0.526948 -1.196948
v -1.365617 0.380709 -1.550000
v -1.365617 0.526948 -1.903052
v -1.361872 0.880000 -1.718511
v -1.361872 0.999155 -1.669155
v -1.361872 1.048511 -1.550000
v -1.361872 0.999155 -1.430845
v -1.361872 0.880000 -1.381489
v -1.361872 0.760845 -1.430845
v -1.361872 0.711489 -1.550000
v -1.361872 0.760845 -1.669155
vn -0.9039 0.1107 -0.4132
vn -0.9039 0.3025 -0.3025
vn -0.9039 0.4132 -0.1107
vn -0.9039 0.4132 0.1107
vn -0.9039 0.3025 0.3025
vn -0.9039 0.1107 0.4132
vn -0.9039 -0.1107 0.4132
vn -0.9039 -0.3025 0.3025
vn -0.9039 -0.4132 0.1107
vn -0.9039 -0.4132 -0.1107
vn -0.9039 -0.3025 -0.3025
vn -0.9039 -0.1107 -0.4132
vn -0.0000 0.2588 -0.9659
vn -0.0000 0.7071 -0.7071
vn -0.0000 0.9659 -0.2588
vn -0.0000 0.9659 0.2588
vn -0.0000 0.7071 0.7071
vn -0.0000 0.2588 0.9659
vn -0.0000 -0.2588 0.9659
vn -0.0000 -0.7071 0.7071
vn -0.0000 -0.9659 0.2588
vn -0.0000 -0.9659 -0.2588
vn -0.0000 -0.7071 -0.7071
vn -0.0000 -0.2588 -0.9659
vn 0.9039 0.1107 -0.4132
vn 0.9039 0.3025 -0.3025
vn 0.9039 0.4132 -0.1107
vn 0.9039 0.4132 0.1107
vn 0.9039 0.3025 0.3025
vn 0.9039 0.1107 0.4132
vn 0.9039 -0.1107 0.4132
vn 0.9039 -0.3025 0.3025
vn 0.9039 -0.4132 0.1107
vn 0.9039 -0.4132 -0.1107
vn 0.9039 -0.3025 -0.3025
vn 0.9039 -0.1107 -0.4132
vn -1.0000 -0.0000 -0.0000
vn 1.0000 -0.0000 -0.0000
vt 0.125000 0.375000
vt 0.375000 0.375000
vt 0.125000 0.625000
vt 0.375000 0.875000
s 0
usemtl Military_Wagon_cargo_Palette
f 1402/24/107 1413/24/107 1401/24/107
f 1402/24/108 1415/24/108 1414/24/108
f 1403/24/109 1416/24/109 1415/24/109
f 1405/24/110 1416/24/110 1404/24/110
f 1406/24/111 1417/24/111 1405/24/111
f 1407/24/112 1418/24/112 1406/24/112
f 1408/24/113 1419/24/113 1407/24/113
f 1408/24/114 1421/24/114 1420/24/114
f 1409/24/115 1422/24/115 1421/24/115
f 1411/24/116 1422/24/116 1410/24/116
f 1412/24/117 1423/24/117 1411/24/117
f 1401/24/118 1424/24/118 1412/24/118
f 1414/24/119 1425/24/119 1413/24/119
f 1415/25/120 1426/25/120 1414/25/120
f 1416/24/121 1427/24/121 1415/24/121
f 1417/25/122 1428/25/122 1416/25/122
f 1418/24/123 1429/24/123 1417/24/123
f 1419/25/124 1430/25/124 1418/25/124
f 1420/24/125 1431/24/125 1419/24/125
f 1421/25/126 1432/25/126 1420/25/126
f 1422/24/127 1433/24/127 1421/24/127
f 1423/25/128 1434/25/128 1422/25/128
f 1424/24/129 1435/24/129 1423/24/129
f 1413/25/130 1436/25/130 1424/25/130
f 1425/24/131 1438/24/131 1437/24/131
f 1427/25/132 1438/25/132 1426/25/132
f 1428/24/133 1439/24/133 1427/24/133
f 1428/25/134 1441/25/134 1440/25/134
f 1430/24/135 1441/24/135 1429/24/135
f 1431/25/136 1442/25/136 1430/25/136
f 1431/24/137 1444/24/137 1443/24/137
f 1433/25/138 1444/25/138 1432/25/138
f 1434/24/139 1445/24/139 1433/24/139
f 1434/25/140 1447/25/140 1446/25/140
f 1436/24/141 1447/24/141 1435/24/141
f 1425/25/142 1448/25/142 1436/25/142
f 1409/24/143 1405/24/143 1401/24/143
f 1440/24/144 1444/24/144 1448/24/144
f 1452/26/143 1454/26/143 1456/26/143
f 1462/27/143 1463/27/143 1464/27/143
f 1471/26/144 1472/26/144 1468/26/144
f 1476/27/144 1478/27/144 1480/27/144
f 1402/24/107 1414/24/107 1413/24/107
f 1402/24/108 1403/24/108 1415/24/108
f 1403/24/109 1404/24/109 1416/24/109
f 1405/24/110 1417/24/110 1416/24/110
f 1406/24/111 1418/24/111 1417/24/111
f 1407/24/112 1419/24/112 1418/24/112
f 1408/24/113 1420/24/113 1419/24/113
f 1408/24/114 1409/24/114 1421/24/114
f 1409/24/115 1410/24/115 1422/24/115
f 1411/24/116 1423/24/116 1422/24/116
f 1412/24/117 1424/24/117 1423/24/117
f 1401/24/118 1413/24/118 1424/24/118
f 1414/24/119 1426/24/119 1425/24/119
f 1415/25/120 1427/25/120 1426/25/120
f 1416/24/121 1428/24/121 1427/24/121
f 1417/25/122 1429/25/122 1428/25/122
f 1418/24/123 1430/24/123 1429/24/123
f 1419/25/124 1431/25/124 1430/25/124
f 1420/24/125 1432/24/125 1431/24/125
f 1421/25/126 1433/25/126 1432/25/126
f 1422/24/127 1434/24/127 1433/24/127
f 1423/25/128 1435/25/128 1434/25/128
f 1424/24/129 1436/24/129 1435/24/129
f 1413/25/130 1425/25/130 1436/25/130
f 1425/24/131 1426/24/131 1438/24/131
f 1427/25/132 1439/25/132 1438/25/132
f 1428/24/133 1440/24/133 1439/24/133
f 1428/25/134 1429/25/134 1441/25/134
f 1430/24/135 1442/24/135 1441/24/135
f 1431/25/136 1443/25/136 1442/25/136
f 1431/24/137 1432/24/137 1444/24/137
f 1433/25/138 1445/25/138 1444/25/138
f 1434/24/139 1446/24/139 1445/24/139
f 1434/25/140 1435/25/140 1447/25/140
f 1436/24/141 1448/24/141 1447/24/141
f 1425/25/142 1437/25/142 1448/25/142
f 1401/24/143 1412/24/143 1411/24/143
f 1411/24/143 1410/24/143 1409/24/143
f 1409/24/143 1408/24/143 1407/24/143
f 1407/24/143 1406/24/143 1405/24/143
f 1405/24/143 1404/24/143 1403/24/143
f 1403/24/143 1402/24/143 1401/24/143
f 1401/24/143 1411/24/143 1409/24/143
f 1409/24/143 1407/24/143 1405/24/143
f 1405/24/143 1403/24/143 1401/24/143
f 1448/24/144 1437/24/144 1438/24/144
f 1438/24/144 1439/24/144 1440/24/144
f 1440/24/144 1441/24/144 1442/24/144
f 1442/24/144 1443/24/144 1444/24/144
f 1444/24/144 1445/24/144 1446/24/144
f 1446/24/144 1447/24/144 1448/24/144
f 1448/24/144 1438/24/144 1440/24/144
f 1440/24/144 1442/24/144 1444/24/144
f 1444/24/144 1446/24/144 1448/24/144
f 1456/26/143 1449/26/143 1450/26/143
f 1450/26/143 1451/26/143 1452/26/143
f 1452/26/143 1453/26/143 1454/26/143
f 1454/26/143 1455/26/143 1456/26/143
f 1456/26/143 1450/26/143 1452/26/143
f 1464/27/143 1457/27/143 1460/27/143
f 1457/27/143 1458/27/143 1460/27/143
f 1458/27/143 1459/27/143 1460/27/143
f 1460/27/143 1461/27/143 1464/27/143
f 1461/27/143 1462/27/143 1464/27/143
f 1472/26/144 1465/26/144 1466/26/144
f 1466/26/144 1467/26/144 1472/26/144
f 1467/26/144 1468/26/144 1472/26/144
f 1468/26/144 1469/26/144 1470/26/144
f 1470/26/144 1471/26/144 1468/26/144
f 1480/27/144 1473/27/144 1474/27/144
f 1474/27/144 1475/27/144 1476/27/144
f 1476/27/144 1477/27/144 1478/27/144
f 1478/27/144 1479/27/144 1480/27/144
f 1480/27/144 1474/27/144 1476/27/144
o AllTerrainTire.015
v 1.400567 0.880000 -2.211560
v 1.400567 1.210780 -2.122928
v 1.400567 1.452928 -1.880780
v 1.400567 1.541560 -1.550000
v 1.400567 1.452928 -1.219220
v 1.400567 1.210780 -0.977072
v 1.400567 0.880000 -0.888440
v 1.400567 0.549220 -0.977072
v 1.400567 0.307072 -1.219220
v 1.400567 0.218440 -1.550000
v 1.400567 0.307072 -1.880780
v 1.400567 0.549220 -2.122928
v 1.500425 0.880000 -2.430000
v 1.500425 1.320000 -2.312102
v 1.500425 1.642102 -1.990000
v 1.500425 1.760000 -1.550000
v 1.500425 1.642102 -1.110000
v 1.500425 1.320000 -0.787898
v 1.500425 0.880000 -0.670000
v 1.500425 0.440000 -0.787898
v 1.500425 0.117898 -1.110000
v 1.500425 0.000000 -1.550000
v 1.500425 0.117898 -1.990000
v 1.500425 0.440000 -2.312102
v 2.099574 0.880000 -2.430000
v 2.099574 1.320000 -2.312102
v 2.099574 1.642102 -1.990000
v 2.099574 1.760000 -1.550000
v 2.099574 1.642102 -1.110000
v 2.099574 1.320000 -0.787898
v 2.099574 0.880000 -0.670000
v 2.099574 0.440000 -0.787898
v 2.099574 0.117898 -1.110000
v 2.099574 0.000000 -1.550000
v 2.099574 0.117898 -1.990000
v 2.099574 0.440000 -2.312102
v 2.199433 0.880000 -2.211560
v 2.199433 1.210780 -2.122928
v 2.199433 1.452928 -1.880780
v 2.199433 1.541560 -1.550000
v 2.199433 1.452928 -1.219220
v 2.199433 1.210780 -0.977072
v 2.199433 0.880000 -0.888440
v 2.199433 0.549220 -0.977072
v 2.199433 0.307072 -1.219220
v 2.199433 0.218440 -1.550000
v 2.199433 0.307072 -1.880780
v 2.199433 0.549220 -2.122928
v 1.365617 0.526948 -1.903052
v 1.365617 0.380709 -1.550000
v 1.365617 0.526948 -1.196948
v 1.365617 0.880000 -1.050709
v 1.365617 1.233052 -1.196948
v 1.365617 1.379291 -1.550000
v 1.365617 1.233052 -1.903052
v 1.365617 0.880000 -2.049291
v 1.361872 0.760845 -1.669155
v 1.361872 0.711489 -1.550000
v 1.361872 0.760845 -1.430845
v 1.361872 0.880000 -1.381489
v 1.361872 0.999155 -1.430845
v 1.361872 1.048511 -1.550000
v 1.361872 0.999155 -1.669155
v 1.361872 0.880000 -1.718511
v 2.234383 0.880000 -2.049291
v 2.234383 1.233052 -1.903052
v 2.234383 1.379291 -1.550000
v 2.234383 1.233052 -1.196948
v 2.234383 0.880000 -1.050709
v 2.234383 0.526948 -1.196948
v 2.234383 0.380709 -1.550000
v 2.234383 0.526948 -1.903052
v 2.238128 0.880000 -1.718511
v 2.238128 0.999155 -1.669155
v 2.238128 1.048511 -1.550000
v 2.238128 0.999155 -1.430845
v 2.238128 0.880000 -1.381489
v 2.238128 0.760845 -1.430845
v 2.238128 0.711489 -1.550000
v 2.238128 0.760845 -1.669155
vn -0.9039 0.1107 -0.4132
vn -0.9039 0.3025 -0.3025
vn -0.9039 0.4132 -0.1107
vn -0.9039 0.4132 0.1107
vn -0.9039 0.3025 0.3025
vn -0.9039 0.1107 0.4132
vn -0.9039 -0.1107 0.4132
vn -0.9039 -0.3025 0.3025
vn -0.9039 -0.4132 0.1107
vn -0.9039 -0.4132 -0.1107
vn -0.9039 -0.3025 -0.3025
vn -0.9039 -0.1107 -0.4132
vn -0.0000 0.2588 -0.9659
vn -0.0000 0.7071 -0.7071
vn -0.0000 0.9659 -0.2588
vn -0.0000 0.9659 0.2588
vn -0.0000 0.7071 0.7071
vn -0.0000 0.2588 0.9659
vn -0.0000 -0.2588 0.9659
vn -0.0000 -0.7071 0.7071
vn -0.0000 -0.9659 0.2588
vn -0.0000 -0.9659 -0.2588
vn -0.0000 -0.7071 -0.7071
vn -0.0000 -0.2588 -0.9659
vn 0.9039 0.1107 -0.4132
vn 0.9039 0.3025 -0.3025
vn 0.9039 0.4132 -0.1107
vn 0.9039 0.4132 0.1107
vn 0.9039 0.3025 0.3025
vn 0.9039 0.1107 0.4132
vn 0.9039 -0.1107 0.4132
vn 0.9039 -0.3025 0.3025
vn 0.9039 -0.4132 0.1107
vn 0.9039 -0.4132 -0.1107
vn 0.9039 -0.3025 -0.3025
vn 0.9039 -0.1107 -0.4132
vn -1.0000 -0.0000 -0.0000
vn 1.0000 -0.0000 -0.0000
vt 0.125000 0.375000
vt 0.375000 0.375000
vt 0.125000 0.625000
vt 0.375000 0.875000
s 0
usemtl Military_Wagon_cargo_Palette
f 1482/28/145 1493/28/145 1481/28/145
f 1482/28/146 1495/28/146 1494/28/146
f 1483/28/147 1496/28/147 1495/28/147
f 1485/28/148 1496/28/148 1484/28/148
f 1486/28/149 1497/28/149 1485/28/149
f 1487/28/150 1498/28/150 1486/28/150
f 1488/28/151 1499/28/151 1487/28/151
f 1488/28/152 1501/28/152 1500/28/152
f 1489/28/153 1502/28/153 1501/28/153
f 1491/28/154 1502/28/154 1490/28/154
f 1492/28/155 1503/28/155 1491/28/155
f 1481/28/156 1504/28/156 1492/28/156
f 1494/28/157 1505/28/157 1493/28/157
f 1495/29/158 1506/29/158 1494/29/158
f 1496/28/159 1507/28/159 1495/28/159
f 1497/29/160 1508/29/160 1496/29/160
f 1498/28/161 1509/28/161 1497/28/161
f 1499/29/162 1510/29/162 1498/29/162
f 1500/28/163 1511/28/163 1499/28/163
f 1501/29/164 1512/29/164 1500/29/164
f 1502/28/165 1513/28/165 1501/28/165
f 1503/29/166 1514/29/166 1502/29/166
f 1504/28/167 1515/28/167 1503/28/167
f 1493/29/168 1516/29/168 1504/29/168
f 1505/28/169 1518/28/169 1517/28/169
f 1507/29/170 1518/29/170 1506/29/170
f 1508/28/171 1519/28/171 1507/28/171
f 1508/29/172 1521/29/172 1520/29/172
f 1510/28/173 1521/28/173 1509/28/173
f 1511/29/174 1522/29/174 1510/29/174
f 1511/28/175 1524/28/175 1523/28/175
f 1513/29/176 1524/29/176 1512/29/176
f 1514/28/177 1525/28/177 1513/28/177
f 1514/29/178 1527/29/178 1526/29/178
f 1516/28/179 1527/28/179 1515/28/179
f 1505/29/180 1528/29/180 1516/29/180
f 1489/28/181 1485/28/181 1481/28/181
f 1520/28/182 1524/28/182 1528/28/182
f 1532/30/181 1534/30/181 1536/30/181
f 1542/31/181 1543/31/181 1544/31/181
f 1551/30/182 1552/30/182 1548/30/182
f 1556/31/182 1558/31/182 1560/31/182
f 1482/28/145 1494/28/145 1493/28/145
f 1482/28/146 1483/28/146 1495/28/146
f 1483/28/147 1484/28/147 1496/28/147
f 1485/28/148 1497/28/148 1496/28/148
f 1486/28/149 1498/28/149 1497/28/149
f 1487/28/150 1499/28/150 1498/28/150
f 1488/28/151 1500/28/151 1499/28/151
f 1488/28/152 1489/28/152 1501/28/152
f 1489/28/153 1490/28/153 1502/28/153
f 1491/28/154 1503/28/154 1502/28/154
f 1492/28/155 1504/28/155 1503/28/155
f 1481/28/156 1493/28/156 1504/28/156
f 1494/28/157 1506/28/157 1505/28/157
f 1495/29/158 1507/29/158 1506/29/158
f 1496/28/159 1508/28/159 1507/28/159
f 1497/29/160 1509/29/160 1508/29/160
f 1498/28/161 1510/28/161 1509/28/161
f 1499/29/162 1511/29/162 1510/29/162
f 1500/28/163 1512/28/163 1511/28/163
f 1501/29/164 1513/29/164 1512/29/164
f 1502/28/165 1514/28/165 1513/28/165
f 1503/29/166 1515/29/166 1514/29/166
f 1504/28/167 1516/28/167 1515/28/167
f 1493/29/168 1505/29/168 1516/29/168
f 1505/28/169 1506/28/169 1518/28/169
f 1507/29/170 1519/29/170 1518/29/170
f 1508/28/171 1520/28/171 1519/28/171
f 1508/29/172 1509/29/172 1521/29/172
f 1510/28/173 1522/28/173 1521/28/173
f 1511/29/174 1523/29/174 1522/29/174
f 1511/28/175 1512/28/175 1524/28/175
f 1513/29/176 1525/29/176 1524/29/176
f 1514/28/177 1526/28/177 1525/28/177
f 1514/29/178 1515/29/178 1527/29/178
f 1516/28/179 1528/28/179 1527/28/179
f 1505/29/180 1517/29/180 1528/29/180
f 1481/28/181 1492/28/181 1491/28/181
f 1491/28/181 1490/28/181 1489/28/181
f 1489/28/181 1488/28/181 1487/28/181
f 1487/28/181 1486/28/181 1485/28/181
f 1485/28/181 1484/28/181 1483/28/181
f 1483/28/181 1482/28/181 1481/28/181
f 1481/28/181 1491/28/181 1489/28/181
f 1489/28/181 1487/28/181 1485/28/181
f 1485/28/181 1483/28/181 1481/28/181
f 1528/28/182 1517/28/182 1518/28/182
f 1518/28/182 1519/28/182 1520/28/182
f 1520/28/182 1521/28/182 1522/28/182
f 1522/28/182 1523/28/182 1524/28/182
f 1524/28/182 1525/28/182 1526/28/182
f 1526/28/182 1527/28/182 1528/28/182
f 1528/28/182 1518/28/182 1520/28/182
f 1520/28/182 1522/28/182 1524/28/182
f 1524/28/182 1526/28/182 1528/28/182
f 1536/30/181 1529/30/181 1530/30/181
f 1530/30/181 1531/30/181 1532/30/181
f 1532/30/181 1533/30/181 1534/30/181
f 1534/30/181 1535/30/181 1536/30/181
f 1536/30/181 1530/30/181 1532/30/181
f 1544/31/181 1537/31/181 1540/31/181
f 1537/31/181 1538/31/181 1540/31/181
f 1538/31/181 1539/31/181 1540/31/181
f 1540/31/181 1541/31/181 1544/31/181
f 1541/31/181 1542/31/181 1544/31/181
f 1552/30/182 1545/30/182 1546/30/182
f 1546/30/182 1547/30/182 1552/30/182
f 1547/30/182 1548/30/182 1552/30/182
f 1548/30/182 1549/30/182 1550/30/182
f 1550/30/182 1551/30/182 1548/30/182
f 1560/31/182 1553/31/182 1554/31/182
f 1554/31/182 1555/31/182 1556/31/182
f 1556/31/182 1557/31/182 1558/31/182
f 1558/31/182 1559/31/182 1560/31/182
f 1560/31/182 1554/31/182 1556/31/182
o DrawbarFrame.003
v -0.340000 0.870000 3.300000
v -0.220000 0.870000 3.300000
v -0.220000 0.870000 1.400000
v -0.340000 0.870000 1.400000
v -0.340000 1.030000 3.300000
v -0.220000 1.030000 3.300000
v -0.220000 1.030000 1.400000
v -0.340000 1.030000 1.400000
v 0.220000 0.870000 3.300000
v 0.340000 0.870000 3.300000
v 0.340000 0.870000 1.400000
v 0.220000 0.870000 1.400000
v 0.220000 1.030000 3.300000
v 0.340000 1.030000 3.300000
v 0.340000 1.030000 1.400000
v 0.220000 1.030000 1.400000
v -0.160000 0.830000 3.390000
v 0.160000 0.830000 3.390000
v 0.160000 0.830000 3.110000
v -0.160000 0.830000 3.110000
v -0.160000 1.070000 3.390000
v 0.160000 1.070000 3.390000
v 0.160000 1.070000 3.110000
v -0.160000 1.070000 3.110000
vn -0.0000 -1.0000 -0.0000
vn -0.0000 1.0000 -0.0000
vn -0.0000 -0.0000 1.0000
vn 1.0000 -0.0000 -0.0000
vn -0.0000 -0.0000 -1.0000
vn -1.0000 -0.0000 -0.0000
vt 0.875000 0.125000
vt 0.375000 0.875000
s 0
usemtl Military_Wagon_fuel_Palette
f 1563/32/183 1561/32/183 1564/32/183
f 1566/32/184 1568/32/184 1565/32/184
f 1562/32/185 1565/32/185 1561/32/185
f 1563/32/186 1566/32/186 1562/32/186
f 1564/32/187 1567/32/187 1563/32/187
f 1561/32/188 1568/32/188 1564/32/188
f 1571/32/183 1569/32/183 1572/32/183
f 1574/32/184 1576/32/184 1573/32/184
f 1570/32/185 1573/32/185 1569/32/185
f 1571/32/186 1574/32/186 1570/32/186
f 1572/32/187 1575/32/187 1571/32/187
f 1569/32/188 1576/32/188 1572/32/188
f 1579/33/183 1577/33/183 1580/33/183
f 1582/33/184 1584/33/184 1581/33/184
f 1578/33/185 1581/33/185 1577/33/185
f 1579/33/186 1582/33/186 1578/33/186
f 1580/33/187 1583/33/187 1579/33/187
f 1577/33/188 1584/33/188 1580/33/188
f 1563/32/183 1562/32/183 1561/32/183
f 1566/32/184 1567/32/184 1568/32/184
f 1562/32/185 1566/32/185 1565/32/185
f 1563/32/186 1567/32/186 1566/32/186
f 1564/32/187 1568/32/187 1567/32/187
f 1561/32/188 1565/32/188 1568/32/188
f 1571/32/183 1570/32/183 1569/32/183
f 1574/32/184 1575/32/184 1576/32/184
f 1570/32/185 1574/32/185 1573/32/185
f 1571/32/186 1575/32/186 1574/32/186
f 1572/32/187 1576/32/187 1575/32/187
f 1569/32/188 1573/32/188 1576/32/188
f 1579/33/183 1578/33/183 1577/33/183
f 1582/33/184 1583/33/184 1584/33/184
f 1578/33/185 1582/33/185 1581/33/185
f 1579/33/186 1583/33/186 1582/33/186
f 1580/33/187 1584/33/187 1583/33/187
f 1577/33/188 1581/33/188 1584/33/188
