# Blender 5.2.1 LTS
# www.blender.org
mtllib spruceTrees.mtl
o spruceTrees
v -0.000121 0.001881 -0.299850
v 0.038838 1.528237 -0.305328
v 0.259662 0.000000 -0.149820
v 0.261510 1.526625 -0.176731
v 0.259784 0.009497 0.150030
v 0.261614 1.534765 0.080283
v 0.000121 0.020874 0.299850
v 0.039046 1.544517 0.208700
v -0.259662 0.022754 0.149820
v -0.183626 1.546129 0.080103
v -0.259784 0.013258 -0.150030
v -0.183730 1.537989 -0.176911
v 0.038882 1.530780 -0.305396
v 0.071685 3.056713 -0.295760
v 0.261553 1.528792 -0.176803
v 0.257245 3.055056 -0.188599
v 0.261613 1.534389 0.080279
v 0.257295 3.059721 0.025636
v 0.039002 1.541974 0.208768
v 0.071786 3.066042 0.132710
v -0.183669 1.543962 0.080175
v -0.113773 3.067698 0.025549
v -0.183729 1.538365 -0.176907
v -0.113823 3.063034 -0.188686
v 0.071728 3.060292 -0.295808
v 0.093198 4.585509 -0.260676
v 0.257290 3.058223 -0.188660
v 0.241648 4.583854 -0.174958
v 0.257298 3.059308 0.025623
v 0.241654 4.584722 -0.003531
v 0.071743 3.062463 0.132758
v 0.093210 4.587245 0.082177
v -0.113819 3.064532 0.025610
v -0.055240 4.588901 -0.003542
v -0.113827 3.063447 -0.188673
v -0.055246 4.588033 -0.174968
v 0.093209 4.588645 -0.260663
v 0.099961 6.113078 -0.197635
v 0.241667 4.586854 -0.174961
v 0.211304 6.111734 -0.133358
v 0.241661 4.584586 -0.003547
v 0.211301 6.110034 -0.004798
v 0.093199 4.584109 0.082164
v 0.099954 6.109676 0.059486
v -0.055259 4.585901 -0.003539
v -0.011390 6.111020 -0.004791
v -0.055254 4.588168 -0.174952
v -0.011386 6.112720 -0.133351
v 0.099947 6.114897 -0.197598
v 0.090923 7.638724 -0.112988
v 0.211296 6.113796 -0.133327
v 0.165156 7.637990 -0.070141
v 0.211307 6.110276 -0.004804
v 0.165163 7.635643 0.015541
v 0.099968 6.107857 0.059449
v 0.090937 7.634031 0.058376
v -0.011382 6.108958 -0.004822
v 0.016704 7.634765 0.015529
v -0.011392 6.112479 -0.133345
v 0.016697 7.637112 -0.070153
v 0.090908 7.639203 -0.112974
v 0.067535 9.162789 -0.019835
v 0.165141 7.638928 -0.070121
v 0.104652 9.162652 0.001591
v 0.165163 7.636102 0.015547
v 0.104663 9.161239 0.044425
v 0.090951 7.633552 0.058362
v 0.067557 9.159965 0.065833
v 0.016719 7.633827 0.015509
v 0.030441 9.160102 0.044406
v 0.016697 7.636652 -0.070159
v 0.030430 9.161514 0.001572
v -0.060338 0.426205 -0.121335
v 0.618957 0.034067 -0.240466
v -0.077848 0.345322 -0.008414
v 0.612828 0.005758 -0.200943
v -0.017511 0.380494 0.112922
v 0.633947 0.018068 -0.158476
v 0.060338 0.496550 0.121335
v 0.661194 0.058687 -0.155531
v 0.077849 0.577433 0.008414
v 0.667322 0.086996 -0.195054
v 0.017511 0.542260 -0.112922
v 0.646204 0.074686 -0.237521
v -0.003026 0.342371 0.073677
v 0.008427 0.004725 -0.644146
v 0.119694 0.400415 0.039459
v 0.051379 0.025040 -0.656122
v 0.122719 0.519421 -0.034218
v 0.052438 0.066692 -0.681909
v 0.003026 0.580383 -0.073677
v 0.010545 0.088029 -0.695720
v -0.119694 0.522340 -0.039459
v -0.032406 0.067714 -0.683744
v -0.122719 0.403333 0.034218
v -0.033465 0.026062 -0.657957
v 0.065233 0.423000 -0.117778
v -0.611381 0.032945 -0.257265
v -0.011982 0.539756 -0.115383
v -0.638406 0.073809 -0.256427
v -0.077216 0.578133 0.002395
v -0.661238 0.087242 -0.215204
v -0.065234 0.499755 0.117778
v -0.657044 0.059809 -0.174820
v 0.011982 0.382999 0.115383
v -0.630019 0.018945 -0.175659
v 0.077216 0.344621 -0.002395
v -0.607187 0.005512 -0.216881
v -0.102524 0.556665 -0.003009
v -0.437335 0.079728 0.535358
v 0.003532 0.570780 0.087284
v -0.400215 0.084668 0.566961
v 0.106056 0.475493 0.090293
v -0.364332 0.051318 0.568014
v 0.102524 0.366090 0.003009
v -0.365568 0.013026 0.537464
v -0.003532 0.351974 -0.087284
v -0.402687 0.008086 0.505862
v -0.106056 0.447262 -0.090293
v -0.438571 0.041437 0.504809
v 0.100654 0.558646 0.002746
v 0.421331 0.080421 0.548524
v 0.110105 0.450614 -0.085796
v 0.424639 0.042610 0.517534
v 0.009451 0.353345 -0.088542
v 0.389410 0.008566 0.516573
v -0.100654 0.364109 -0.002746
v 0.350873 0.012333 0.546602
v -0.110105 0.472141 0.085796
v 0.347565 0.050144 0.577592
v -0.009451 0.569409 0.088542
v 0.382794 0.084188 0.578553
v 0.082630 2.013828 -0.064901
v 2.529170 1.836949 0.069874
v 0.075461 1.946590 -0.002630
v 2.526661 1.813415 0.091669
v 0.077370 2.008927 0.064901
v 2.527329 1.835233 0.115304
v 0.084539 2.076166 0.002630
v 2.529839 1.858767 0.093510
v 0.050682 1.954202 -0.009818
v 1.219244 1.773475 -2.167031
v 0.129424 1.981000 0.029318
v 1.246803 1.782854 -2.153333
v 0.109318 2.068553 0.009818
v 1.239766 1.813498 -2.160158
v 0.030576 2.041755 -0.029318
v 1.212207 1.804119 -2.173856
v 0.111392 1.955308 -0.009787
v -1.119936 1.685553 -2.133253
v 0.127152 2.043256 -0.031392
v -1.114420 1.716334 -2.140815
v 0.048608 2.067447 0.009787
v -1.141911 1.724801 -2.126402
v 0.032848 1.979499 0.031392
v -1.147427 1.694019 -2.118841
v 0.085656 2.006182 -0.064545
v -2.360121 1.793244 -0.219183
v 0.074739 2.075916 -0.005656
v -2.363942 1.817652 -0.198572
v 0.074344 2.016573 0.064545
v -2.364080 1.796881 -0.174001
v 0.085261 1.946838 0.005656
v -2.360259 1.772474 -0.194612
v 0.046114 2.064497 -0.015970
v -1.324832 1.747296 2.009883
v 0.121580 2.048090 0.033886
v -1.298419 1.741554 2.027333
v 0.113887 1.958258 0.015970
v -1.301112 1.710112 2.021062
v 0.038420 1.974665 -0.033887
v -1.327525 1.715855 2.003613
v 0.113149 2.065068 -0.015604
v 1.456851 1.778500 2.028893
v 0.122754 1.975346 -0.033149
v 1.460212 1.747098 2.022752
v 0.046851 1.957687 0.015604
v 1.433646 1.740917 2.039816
v 0.037246 2.047409 0.033149
v 1.430285 1.772320 2.045957
v 0.060317 2.903974 0.003329
v 0.723737 2.595300 -2.117867
v 0.134732 2.943752 0.019682
v 0.749782 2.609222 -2.112143
v 0.099682 3.018780 -0.003329
v 0.737515 2.635482 -2.120198
v 0.025268 2.979002 -0.019682
v 0.711470 2.621560 -2.125921
v 0.112913 2.915573 -0.022634
v -1.356645 2.734042 -1.686145
v 0.112374 3.000903 -0.032913
v -1.356834 2.763907 -1.689742
v 0.047087 3.007183 0.022634
v -1.379684 2.766105 -1.670301
v 0.047626 2.921852 0.032913
v -1.379496 2.736240 -1.666703
v 0.064793 2.975465 -0.057131
v -2.080953 2.734404 0.496598
v 0.077321 3.020159 0.015207
v -2.076568 2.750047 0.521916
v 0.095207 2.947291 0.057131
v -2.070308 2.724543 0.536589
v 0.082679 2.902597 -0.015207
v -2.074693 2.708900 0.511271
v 0.058431 3.018171 -0.001680
v -0.687579 2.754216 2.081710
v 0.132902 2.982107 0.021569
v -0.661514 2.741593 2.089848
v 0.101569 2.904583 0.001680
v -0.672480 2.714460 2.082886
v 0.027098 2.940648 -0.021569
v -0.698545 2.727082 2.074749
v 0.110218 3.011923 -0.015023
v 1.312227 2.798440 1.844386
v 0.120816 2.927994 -0.030219
v 1.315937 2.769064 1.839067
v 0.049782 2.910833 0.015023
v 1.291075 2.763058 1.854902
v 0.039184 2.994762 0.030218
v 1.287365 2.792433 1.860220
v 0.077943 2.959499 -0.060711
v 2.294879 2.757925 -0.090042
v 0.074527 2.900885 0.002057
v 2.293684 2.737410 -0.068073
v 0.082057 2.963256 0.060711
v 2.296319 2.759240 -0.047544
v 0.085473 3.021871 -0.002057
v 2.297515 2.779755 -0.069513
v 0.111053 3.870408 -0.023562
v -1.268548 3.697226 -1.452407
v 0.107320 3.949943 -0.031052
v -1.269854 3.725063 -1.455029
v 0.048948 3.952347 0.023562
v -1.290285 3.725905 -1.435914
v 0.052680 3.872812 0.031052
v -1.288978 3.698068 -1.433292
v 0.066355 3.924185 -0.053364
v -1.856153 3.737245 0.432313
v 0.078114 3.966224 0.013645
v -1.852038 3.751958 0.455766
v 0.093645 3.898571 0.053364
v -1.846602 3.728280 0.469667
v 0.081886 3.856531 -0.013645
v -1.850718 3.713566 0.446214
v 0.060371 3.964352 -0.002520
v -0.604112 3.767640 1.863241
v 0.129419 3.930623 0.019629
v -0.579945 3.755835 1.870993
v 0.099629 3.858404 0.002520
v -0.590371 3.730558 1.865005
v 0.030581 3.892132 -0.019629
v -0.614538 3.742362 1.857253
v 0.110987 3.952366 -0.023615
v 1.449896 3.730528 1.436239
v 0.107396 3.872814 -0.030987
v 1.448639 3.702685 1.433659
v 0.049013 3.870389 0.023615
v 1.428205 3.701836 1.452770
v 0.052604 3.949942 0.030987
v 1.429462 3.729680 1.455350
v 0.068346 3.901455 -0.054439
v 2.027506 3.554927 -0.372505
v 0.072202 3.856594 0.011654
v 2.028856 3.539226 -0.349373
v 0.091654 3.921299 0.054439
v 2.035664 3.561872 -0.334398
v 0.087798 3.966162 -0.011654
v 2.034314 3.577574 -0.357530
v 0.061468 3.857958 -0.000888
v 0.700021 3.706619 -1.882092
v 0.130380 3.893593 0.018532
v 0.724140 3.719091 -1.875295
v 0.098532 3.964798 0.000888
v 0.712993 3.744013 -1.881471
v 0.029620 3.929163 -0.018532
v 0.688874 3.731541 -1.888268
v 0.060202 4.879735 -0.044821
v -1.563334 4.617353 0.604538
v 0.080091 4.909813 0.019798
v -1.556373 4.627880 0.627155
v 0.099798 4.843019 0.044821
v -1.549475 4.604503 0.635913
v 0.079909 4.812943 -0.019798
v -1.556436 4.593976 0.613297
v 0.073014 4.913025 0.004643
v -0.135446 4.694490 1.738614
v 0.131468 4.867711 0.006986
v -0.114987 4.678629 1.739434
v 0.086986 4.809729 -0.004643
v -0.130556 4.658336 1.735364
v 0.028532 4.855044 -0.006986
v -0.151015 4.674196 1.734544
v 0.111344 4.897909 -0.020515
v 1.319237 4.520337 1.239360
v 0.101441 4.825380 -0.031344
v 1.315771 4.494951 1.235570
v 0.048656 4.824845 0.020515
v 1.297296 4.494764 1.253720
v 0.058560 4.897374 0.031344
v 1.300762 4.520149 1.257510
v 0.056494 4.838090 -0.040535
v 1.636044 4.639904 -0.798761
v 0.085458 4.814949 0.023506
v 1.646182 4.631805 -0.776347
v 0.103506 4.884663 0.040535
v 1.652498 4.656205 -0.770387
v 0.074542 4.907804 -0.023506
v 1.642361 4.664304 -0.792801
v 0.069633 4.810267 0.004270
v 0.391684 4.635714 -1.719865
v 0.130426 4.852015 0.010367
v 0.412961 4.650325 -1.717731
v 0.090367 4.912487 -0.004270
v 0.398940 4.671490 -1.722854
v 0.029574 4.870739 -0.010367
v 0.377663 4.656878 -1.724988
v 0.110528 4.827101 -0.025121
v -1.215843 4.539034 -1.173046
v 0.098067 4.899843 -0.030528
v -1.220204 4.564494 -1.174938
v 0.049472 4.895654 0.025122
v -1.237212 4.563028 -1.155461
v 0.061933 4.822913 0.030528
v -1.232851 4.537569 -1.153569
v 0.076755 5.858195 0.010539
v -0.004932 5.481071 1.518039
v 0.127920 5.813968 0.003245
v 0.012976 5.465591 1.515486
v 0.083245 5.764558 -0.010539
v -0.002661 5.448298 1.510661
v 0.032080 5.808786 -0.003245
v -0.020569 5.463778 1.513214
v 0.105490 5.835465 -0.032919
v 1.391987 5.501512 0.764557
v 0.085302 5.770933 -0.025490
v 1.384921 5.478925 0.767158
v 0.054510 5.787290 0.032919
v 1.374144 5.484650 0.787601
v 0.074698 5.851822 0.025490
v 1.381210 5.507236 0.785001
v 0.060598 5.792871 -0.039933
v 1.471098 5.608932 -0.602352
v 0.082003 5.767410 0.019402
v 1.478590 5.600019 -0.581585
v 0.099403 5.829884 0.039933
v 1.484679 5.621885 -0.574399
v 0.077997 5.855345 -0.019402
v 1.477188 5.630797 -0.595166
v 0.080339 5.764271 0.009721
v 0.071235 5.481863 -1.513239
v 0.128098 5.811654 -0.000339
v 0.087951 5.498446 -1.516760
v 0.079661 5.858484 -0.009721
v 0.070998 5.514837 -1.520043
v 0.031902 5.811102 0.000339
v 0.054282 5.498253 -1.516522
v 0.104771 5.784839 -0.031555
v -1.172545 5.626536 -0.853432
v 0.091014 5.851110 -0.024770
v -1.177359 5.649731 -0.851057
v 0.055230 5.837916 0.031555
v -1.189884 5.645112 -0.831343
v 0.068986 5.771645 0.024771
v -1.185069 5.621917 -0.833718
v 0.059282 5.829953 -0.039234
v -1.321607 5.522982 0.582967
v 0.079686 5.854785 0.020718
v -1.314466 5.531673 0.603951
v 0.100718 5.792801 0.039234
v -1.307104 5.509979 0.610431
v 0.080314 5.767969 -0.020718
v -1.314246 5.501288 0.589448
v 0.097164 6.775519 -0.037821
v 1.296262 6.439128 0.413644
v 0.075214 6.721283 -0.017164
v 1.288580 6.420146 0.420874
v 0.062836 6.747235 0.037821
v 1.284248 6.429229 0.440119
v 0.084786 6.801471 0.017164
v 1.291930 6.448212 0.432889
v 0.054233 6.737199 -0.026009
v 1.125604 6.415595 -0.740346
v 0.086713 6.726506 0.025767
v 1.136972 6.411852 -0.722224
v 0.105767 6.785556 0.026009
v 1.143641 6.432519 -0.722139
v 0.073287 6.796249 -0.025767
v 1.132273 6.436262 -0.740261
v 0.079897 6.718369 0.008673
v 0.082477 6.487521 -1.280295
v 0.123875 6.761293 0.000103
v 0.097869 6.502545 -1.283295
v 0.080103 6.804387 -0.008673
v 0.082549 6.517628 -1.286367
v 0.036125 6.761462 -0.000103
v 0.067157 6.502604 -1.283367
v 0.103559 6.740303 -0.030427
v -1.026293 6.426606 -0.646848
v 0.082602 6.798300 -0.023559
v -1.033628 6.446905 -0.644444
v 0.056441 6.782454 0.030427
v -1.042784 6.441359 -0.625549
v 0.077398 6.724456 0.023559
v -1.035450 6.421060 -0.627953
v 0.056935 6.785596 -0.028398
v -0.993731 6.593431 0.705124
v 0.089501 6.797471 0.023065
v -0.982333 6.597587 0.723136
v 0.103065 6.737158 0.028398
v -0.977586 6.576478 0.725003
v 0.070499 6.725284 -0.023065
v -0.988984 6.572322 0.706991
v 0.084575 6.804272 0.008010
v 0.194320 6.525664 1.281177
v 0.123472 6.757595 -0.004575
v 0.207933 6.509327 1.276772
v 0.075425 6.718483 -0.008009
v 0.191117 6.495637 1.275570
v 0.036528 6.765160 0.004575
v 0.177503 6.511974 1.279975
v 0.055673 7.687525 -0.020283
v 0.892954 7.421326 -0.661079
v 0.089093 7.681417 0.024327
v 0.904651 7.419188 -0.645466
v 0.104327 7.735229 0.020283
v 0.909983 7.438022 -0.646881
v 0.070907 7.741338 -0.024327
v 0.898286 7.440160 -0.662495
v 0.104357 7.683513 -0.014227
v -0.637874 7.453779 -0.763164
v 0.096314 7.738074 -0.024357
v -0.640689 7.472876 -0.766710
v 0.055643 7.739243 0.014227
v -0.654924 7.473285 -0.753205
v 0.063686 7.684681 0.024357
v -0.652109 7.454188 -0.749660
v 0.055180 7.738511 -0.014827
v -0.671112 7.447499 0.737310
v 0.094832 7.738509 0.024820
v -0.657233 7.447498 0.751186
v 0.104820 7.684244 0.014827
v -0.653738 7.428506 0.747689
v 0.065168 7.684247 -0.024820
v -0.667616 7.428506 0.733812
v 0.103555 7.742535 -0.006818
v 0.700325 7.446219 0.850759
v 0.102750 7.689023 -0.023555
v 0.700043 7.427490 0.844901
v 0.056445 7.680220 0.006817
v 0.683836 7.424408 0.855532
v 0.057250 7.733731 0.023555
v 0.684118 7.443138 0.861390
v 0.546740 1.964118 0.110117
v 0.875286 1.883346 0.094964
v 1.112084 1.812670 0.140364
v 1.299359 1.627568 0.760348
v 0.655551 1.812670 0.668784
v 0.587178 1.883346 0.428438
v 0.838600 1.662583 0.362273
v 0.917184 1.969489 0.430165
v 0.553724 1.964118 -0.074551
v 0.611060 1.883345 -0.398409
v 0.707333 1.812670 -0.619466
v 1.353304 1.627568 -0.666079
v 1.122650 1.812670 -0.058073
v 0.873157 1.883346 -0.044127
v 0.863796 1.662583 -0.303941
v 0.947282 1.969489 -0.365705
v 1.277859 1.913555 0.125859
v 1.580438 1.821687 0.102830
v 1.813580 1.741302 0.119272
v 1.952292 1.530771 0.708540
v 1.340824 1.741302 0.666471
v 1.290369 1.821687 0.438574
v 1.526235 1.596277 0.340444
v 1.622985 1.893983 0.424033
v 1.283944 1.913555 -0.035026
v 1.327896 1.821687 -0.335280
v 1.395115 1.741302 -0.559127
v 2.000459 1.530771 -0.565104
v 1.825191 1.741302 0.022217
v 1.591778 1.821687 0.021414
v 1.547817 1.596277 -0.230239
v 1.650604 1.893983 -0.306281
v 2.008979 1.862992 0.141600
v 2.298695 1.764361 0.096072
v 2.516672 1.678058 0.097353
v 2.606347 1.452028 0.657701
v 2.056804 1.678058 0.629634
v 2.007105 1.764361 0.433577
v 2.215216 1.538473 0.319780
v 2.328426 1.825863 0.417589
v 2.014164 1.862992 0.004498
v 2.033342 1.764361 -0.288146
v 2.082440 1.678058 -0.500526
v 2.648806 1.452028 -0.465010
v 2.500793 1.678058 0.064969
v 2.298607 1.764361 0.070418
v 2.233270 1.538473 -0.157596
v 2.353543 1.825863 -0.246574
v 0.382382 1.956449 -0.372206
v 0.515837 1.875677 -0.665248
v 0.648306 1.805001 -0.885318
v 1.295467 1.619899 -0.766553
v 0.937404 1.805001 -0.215931
v 0.686924 1.875677 -0.269109
v 0.736471 1.654914 -0.525131
v 0.831809 1.961820 -0.566306
v 0.219185 1.956449 -0.458911
v -0.037414 1.875677 -0.653438
v -0.223038 1.805001 -0.830984
v 0.034890 1.619899 -1.436290
v 0.493483 1.805001 -0.966091
v 0.386619 1.875677 -0.733394
v 0.147717 1.654914 -0.837932
v 0.128474 1.961820 -0.939984
v 0.714938 1.893105 -1.023504
v 0.826516 1.801237 -1.304658
v 0.937088 1.720852 -1.520703
v 1.533167 1.510321 -1.376885
v 1.221924 1.720852 -0.861183
v 0.994592 1.801237 -0.915490
v 1.016270 1.575827 -1.153645
v 1.133648 1.873532 -1.204339
v 0.572759 1.893105 -1.099044
v 0.322955 1.801237 -1.269617
v 0.136452 1.720852 -1.424916
v 0.407609 1.510321 -1.974887
v 0.842412 1.720852 -1.558032
v 0.739527 1.801237 -1.348166
v 0.511939 1.575827 -1.421593
v 0.488248 1.873532 -1.547236
v 1.047494 1.829761 -1.674803
v 1.139280 1.731130 -1.940138
v 1.224760 1.644827 -2.160339
v 1.772228 1.418797 -1.987804
v 1.514711 1.644827 -1.488976
v 1.313560 1.731130 -1.536602
v 1.297703 1.505242 -1.782864
v 1.435051 1.792632 -1.842183
v 0.926333 1.829761 -1.739175
v 0.687618 1.731130 -1.886966
v 0.491552 1.644827 -2.018699
v 0.780054 1.418797 -2.514940
v 1.210187 1.644827 -2.154205
v 1.119567 1.731130 -1.968415
v 0.875831 1.505242 -2.007002
v 0.848109 1.792632 -2.154021
v -0.072255 1.940553 -0.454742
v -0.239865 1.859781 -0.723113
v -0.359731 1.789106 -0.953675
v 0.084007 1.604003 -1.436993
v 0.363903 1.789106 -0.838555
v 0.172451 1.859781 -0.657519
v -0.011658 1.639018 -0.835652
v 0.004658 1.945924 -0.938212
v -0.232905 1.940553 -0.363404
v -0.531522 1.859781 -0.258793
v -0.782773 1.789106 -0.192462
v -1.156897 1.604003 -0.731471
v -0.511615 1.789106 -0.873176
v -0.377020 1.859781 -0.646654
v -0.591223 1.639018 -0.506138
v -0.687700 1.945924 -0.544569
v -0.443995 1.850716 -1.084499
v -0.631276 1.758848 -1.330889
v -0.739728 1.678463 -1.537664
v -0.303966 1.467932 -1.964708
v -0.052036 1.678463 -1.428262
v -0.211342 1.758848 -1.264083
v -0.392426 1.533439 -1.408656
v -0.372339 1.831143 -1.534926
v -0.583955 1.850716 -1.004923
v -0.865447 1.758848 -0.876296
v -1.090985 1.678463 -0.815879
v -1.411958 1.467932 -1.334754
v -0.833294 1.678463 -1.462783
v -0.708090 1.758848 -1.271324
v -0.888886 1.533438 -1.126391
v -1.007667 1.831143 -1.173707
v -0.815735 1.760879 -1.714255
v -0.992057 1.662248 -1.934152
v -1.093223 1.575945 -2.118113
v -0.691706 1.349915 -2.493886
v -0.418507 1.575945 -2.010774
v -0.571371 1.662248 -1.867227
v -0.772915 1.436360 -1.983417
v -0.749410 1.723750 -2.131168
v -0.935005 1.760879 -1.646443
v -1.188244 1.662248 -1.522691
v -1.389925 1.575945 -1.464374
v -1.668396 1.349915 -1.938585
v -1.137097 1.575945 -2.099072
v -1.030606 1.662248 -1.918426
v -1.188203 1.436360 -1.747303
v -1.327191 1.723750 -1.802668
v -0.381636 1.956733 -0.129861
v -0.701047 1.875961 -0.138765
v -0.929674 1.805285 -0.200596
v -1.105930 1.620183 -0.811501
v -0.455055 1.805285 -0.704914
v -0.408080 1.875960 -0.450065
v -0.662513 1.655198 -0.394197
v -0.738139 1.962104 -0.465369
v -0.396465 1.956733 0.054343
v -0.475266 1.875960 0.364009
v -0.585775 1.805285 0.573486
v -1.220471 1.620183 0.611343
v -0.973608 1.805285 -0.000260
v -0.714663 1.875961 0.009853
v -0.716009 1.655198 0.270344
v -0.802046 1.962104 0.328502
v -1.111426 1.893861 -0.176672
v -1.409205 1.801993 -0.172377
v -1.635168 1.721609 -0.205377
v -1.760476 1.511077 -0.787499
v -1.159678 1.721609 -0.710621
v -1.109617 1.801993 -0.490712
v -1.350453 1.576584 -0.401623
v -1.443562 1.874289 -0.489249
v -1.124344 1.893861 -0.016191
v -1.185520 1.801993 0.275268
v -1.267318 1.721609 0.488476
v -1.862748 1.511077 0.482945
v -1.655863 1.721609 -0.086323
v -1.430328 1.801993 -0.086891
v -1.396278 1.576584 0.167627
v -1.502205 1.874289 0.239231
v -1.841214 1.830990 -0.223482
v -2.131299 1.732359 -0.191699
v -2.338178 1.646056 -0.213771
v -2.416101 1.420026 -0.764513
v -1.862367 1.646056 -0.719357
v -1.839442 1.732359 -0.501820
v -2.039690 1.506471 -0.410269
v -2.148639 1.793861 -0.512802
v -1.852224 1.830990 -0.086724
v -1.884893 1.732359 0.203262
v -1.951840 1.646056 0.400250
v -2.506253 1.420026 0.355377
v -2.340647 1.646056 -0.174938
v -2.123383 1.732359 -0.149552
v -2.078022 1.506471 0.065908
v -2.201971 1.793861 0.149693
v -0.263558 1.944788 0.334574
v -0.432074 1.864016 0.603686
v -0.586614 1.793341 0.815513
v -1.216259 1.608238 0.620223
v -0.797416 1.793341 0.112445
v -0.554306 1.864016 0.196013
v -0.633009 1.643253 0.445347
v -0.732484 1.950159 0.475172
v -0.111534 1.944788 0.439644
v 0.114023 1.864016 0.663122
v 0.286761 1.793341 0.860392
v -0.041982 1.608238 1.431812
v -0.445434 1.793341 0.911720
v -0.310539 1.864016 0.692885
v -0.084562 1.643253 0.824400
v -0.077300 1.950159 0.927995
v -0.669495 1.862009 0.942849
v -0.807505 1.770141 1.227360
v -0.960348 1.689756 1.369300
v -1.523225 1.479225 1.198823
v -1.162063 1.689756 0.696534
v -0.938540 1.770141 0.790329
v -0.983901 1.544732 1.037117
v -1.106372 1.842437 1.073838
v -0.537050 1.862009 1.034387
v -0.289774 1.770141 1.231485
v -0.184846 1.689756 1.411757
v -0.474723 1.479225 1.923483
v -0.885482 1.689756 1.460872
v -0.744909 1.770141 1.263390
v -0.514097 1.544732 1.361817
v -0.505156 1.842437 1.489362
v -1.075432 1.779230 1.551124
v -1.191709 1.680599 1.823014
v -1.318432 1.594297 1.977601
v -1.831610 1.368267 1.777849
v -1.519057 1.594297 1.308471
v -1.320919 1.680599 1.392071
v -1.336497 1.454711 1.629399
v -1.479804 1.742102 1.672367
v -0.962566 1.779230 1.629130
v -0.722832 1.680599 1.802254
v -0.599832 1.594297 1.959821
v -0.907361 1.368267 2.416634
v -1.296682 1.594297 2.008670
v -1.171627 1.680599 1.833716
v -0.943507 1.454711 1.901011
v -0.933045 1.742102 2.050254
v 0.265497 1.950369 0.442225
v 0.477400 1.869597 0.699541
v 0.582074 1.798921 0.917920
v 0.182368 1.613819 1.433347
v -0.135456 1.798921 0.857738
v 0.032826 1.869597 0.662253
v 0.233260 1.648834 0.826576
v 0.224580 1.955740 0.930062
v 0.418946 1.950369 0.339246
v 0.716501 1.869597 0.188996
v 0.952531 1.798921 0.134811
v 1.367646 1.613819 0.637911
v 0.736310 1.798921 0.821631
v 0.582533 1.869597 0.614542
v 0.786845 1.648834 0.455067
v 0.885902 1.955740 0.486251
v 0.682831 1.876892 1.042738
v 0.883528 1.785023 1.274229
v 1.013271 1.704639 1.472937
v 0.608338 1.494107 1.930898
v 0.284352 1.704639 1.411800
v 0.459590 1.785023 1.238672
v 0.655397 1.559614 1.369823
v 0.644711 1.857319 1.497234
v 0.816517 1.876891 0.953022
v 1.086417 1.785023 0.808035
v 1.308758 1.704639 0.725075
v 1.666662 1.494107 1.220660
v 1.089106 1.704639 1.422795
v 0.958668 1.785023 1.213828
v 1.129602 1.559614 1.051586
v 1.251559 1.857319 1.089980
v 1.100164 1.803414 1.643251
v 1.286521 1.704783 1.849012
v 1.439787 1.618480 2.028230
v 1.034183 1.392450 2.429925
v 0.740220 1.618480 1.969555
v 0.869629 1.704783 1.814045
v 1.077385 1.478895 1.914845
v 1.064880 1.766285 2.063931
v 1.214088 1.803414 1.566797
v 1.455737 1.704783 1.430152
v 1.664229 1.618480 1.319966
v 1.967091 1.392450 1.803854
v 1.453421 1.618480 1.989590
v 1.330111 1.704783 1.829201
v 1.474057 1.478895 1.648640
v 1.616762 1.766285 1.693565
v 0.288786 2.884256 -0.382508
v 0.357081 2.807118 -0.687108
v 0.464886 2.739624 -0.883124
v 1.073717 2.562850 -0.917382
v 0.829832 2.739623 -0.347563
v 0.594825 2.807118 -0.338218
v 0.593177 2.596290 -0.589928
v 0.675134 2.889385 -0.645777
v 0.121842 2.884256 -0.433766
v -0.160338 2.807118 -0.567258
v -0.327908 2.739624 -0.715462
v -0.227685 2.562850 -1.316963
v 0.274701 2.739624 -0.953946
v 0.232231 2.807118 -0.722618
v -0.013702 2.596290 -0.776264
v -0.050197 2.889385 -0.868482
v 0.472167 2.782372 -1.018078
v 0.517530 2.694637 -1.314277
v 0.607280 2.617870 -1.499990
v 1.175555 2.416813 -1.497387
v 0.975542 2.617870 -0.959563
v 0.751968 2.694637 -0.970238
v 0.731206 2.479371 -1.194595
v 0.832110 2.763680 -1.263354
v 0.326724 2.782372 -1.062735
v 0.047707 2.694637 -1.172010
v -0.113775 2.617870 -1.300338
v 0.013508 2.416813 -1.854181
v 0.494308 2.617870 -1.540988
v 0.434817 2.694637 -1.325210
v 0.211375 2.479371 -1.354203
v 0.166443 2.763680 -1.467740
v 0.655549 2.680488 -1.653648
v 0.688723 2.586295 -1.926282
v 0.749892 2.503876 -2.117667
v 1.278564 2.288017 -2.078189
v 1.132807 2.503876 -1.555737
v 0.923927 2.586295 -1.581119
v 0.870640 2.370572 -1.800218
v 0.988710 2.645029 -1.880674
v 0.531605 2.680488 -1.691704
v 0.272904 2.586295 -1.783915
v 0.099614 2.503876 -1.885604
v 0.254179 2.288017 -2.392715
v 0.731893 2.503876 -2.135829
v 0.661279 2.586295 -1.937615
v 0.435826 2.370572 -1.933723
v 0.383250 2.645030 -2.066575
v -0.132816 2.908499 -0.380280
v -0.355629 2.831361 -0.600108
v -0.469365 2.763866 -0.795480
v -0.168146 2.587093 -1.329468
v 0.200946 2.763866 -0.820430
v 0.054739 2.831361 -0.615382
v -0.146517 2.620533 -0.748369
v -0.150206 2.913628 -0.847477
v -0.265032 2.908499 -0.266189
v -0.528408 2.831362 -0.097066
v -0.743981 2.763866 -0.028990
v -1.198824 2.587093 -0.440080
v -0.621181 2.763866 -0.688429
v -0.453229 2.831361 -0.500778
v -0.627151 2.620533 -0.333623
v -0.724651 2.913628 -0.351779
v -0.573429 2.847019 -0.873676
v -0.792824 2.759285 -1.069932
v -0.901312 2.682518 -1.244764
v -0.605088 2.481461 -1.724257
v -0.263514 2.682518 -1.268503
v -0.370299 2.759285 -1.085659
v -0.585088 2.544019 -1.186922
v -0.589630 2.828328 -1.308941
v -0.688617 2.847019 -0.774278
v -0.928246 2.759285 -0.603314
v -1.122628 2.682518 -0.535851
v -1.525402 2.481461 -0.930104
v -1.005784 2.682518 -1.163303
v -0.850840 2.759285 -1.018986
v -0.996782 2.544019 -0.831665
v -1.116822 2.828328 -0.854019
v -1.014041 2.785540 -1.367072
v -1.216418 2.691347 -1.540603
v -1.337305 2.608929 -1.694534
v -1.042083 2.393070 -2.120461
v -0.702208 2.608929 -1.718173
v -0.809281 2.691347 -1.555757
v -1.023722 2.475625 -1.627174
v -1.029036 2.750082 -1.769952
v -1.112201 2.785541 -1.282367
v -1.325924 2.691347 -1.123019
v -1.502637 2.608929 -1.038869
v -1.853371 2.393070 -1.420388
v -1.386288 2.608929 -1.663665
v -1.251337 2.691347 -1.523552
v -1.368085 2.475625 -1.330018
v -1.508547 2.750082 -1.356175
v -0.355535 2.904790 0.014585
v -0.651862 2.827653 0.109056
v -0.876158 2.760158 0.117305
v -1.215100 2.583385 -0.389586
v -0.596465 2.760158 -0.477528
v -0.477518 2.827653 -0.261727
v -0.688869 2.616824 -0.142150
v -0.778619 2.909920 -0.184351
v -0.314836 2.904791 0.184412
v -0.287717 2.827653 0.494249
v -0.328905 2.760158 0.714885
v -0.897835 2.583385 0.934292
v -0.847834 2.760158 0.311441
v -0.611186 2.827653 0.242766
v -0.540919 2.616824 0.475211
v -0.601792 2.909920 0.553508
v -0.996104 2.837131 0.179660
v -1.269096 2.749397 0.280160
v -1.475735 2.672629 0.299554
v -1.766373 2.471572 -0.182523
v -1.193194 2.672629 -0.301335
v -1.088134 2.749397 -0.104700
v -1.279773 2.534131 0.046278
v -1.390272 2.818439 -0.005679
v -0.960647 2.837131 0.327616
v -0.922524 2.749397 0.616010
v -0.948962 2.672629 0.821867
v -1.483081 2.471572 0.999594
v -1.473174 2.672629 0.414315
v -1.258273 2.749397 0.354980
v -1.153045 2.534131 0.575087
v -1.227990 2.818439 0.671485
v -1.636673 2.769472 0.344736
v -1.890712 2.675279 0.459785
v -2.077627 2.592860 0.485230
v -2.318927 2.377001 0.023937
v -1.793027 2.592860 -0.120038
v -1.707585 2.675279 0.070322
v -1.872216 2.459556 0.233982
v -2.001514 2.734014 0.173186
v -1.606457 2.769472 0.470820
v -1.549979 2.675279 0.743918
v -1.566185 2.592860 0.931858
v -2.069195 2.377002 1.066014
v -2.094217 2.592860 0.521336
v -1.889744 2.675279 0.479765
v -1.766214 2.459556 0.676306
v -1.853910 2.734014 0.789104
v -0.148411 2.905666 0.371123
v -0.237074 2.828529 0.664173
v -0.335083 2.761034 0.886977
v -0.960115 2.584260 0.864421
v -0.684230 2.761034 0.312470
v -0.444492 2.828529 0.322875
v -0.463184 2.617700 0.562420
v -0.547937 2.910795 0.613927
v 0.015639 2.905666 0.431001
v 0.282079 2.828529 0.581830
v 0.477935 2.761034 0.726357
v 0.318726 2.584260 1.331192
v -0.159202 2.761034 0.940875
v -0.096426 2.828529 0.709269
v 0.133174 2.617700 0.780089
v 0.164821 2.910795 0.874081
v -0.364622 2.839466 0.996288
v -0.429991 2.751731 1.282068
v -0.516270 2.674965 1.484275
v -1.092002 2.473907 1.438339
v -0.875563 2.674965 0.893071
v -0.643819 2.751732 0.930222
v -0.632496 2.536466 1.159083
v -0.736842 2.820775 1.222498
v -0.221700 2.839466 1.048454
v 0.042761 2.751732 1.174961
v 0.221097 2.674964 1.303522
v 0.049901 2.473907 1.855129
v -0.434557 2.674965 1.524276
v -0.347441 2.751732 1.306339
v -0.121676 2.536466 1.345530
v -0.082714 2.820775 1.461251
v -0.580833 2.773266 1.621453
v -0.626755 2.679073 1.894288
v -0.689012 2.596654 2.096694
v -1.225099 2.380795 2.012993
v -1.031946 2.596654 1.532408
v -0.838299 2.679073 1.546200
v -0.803261 2.463350 1.756629
v -0.925359 2.737807 1.830831
v -0.459038 2.773266 1.665907
v -0.202938 2.679073 1.770599
v -0.019135 2.596654 1.875768
v -0.218472 2.380795 2.380407
v -0.644936 2.596654 2.086471
v -0.588973 2.679073 1.900574
v -0.375985 2.463350 1.912583
v -0.330394 2.737807 2.047991
v 0.242436 2.914020 0.404374
v 0.430399 2.836883 0.650443
v 0.555106 2.769388 0.862124
v 0.156087 2.592614 1.350286
v -0.116625 2.769388 0.800804
v 0.005834 2.836883 0.611686
v 0.208951 2.626054 0.771192
v 0.199935 2.919149 0.869958
v 0.388157 2.914020 0.308128
v 0.669485 2.836883 0.178765
v 0.903377 2.769388 0.103566
v 1.292043 2.592615 0.600011
v 0.696100 2.769388 0.745453
v 0.538476 2.836883 0.584467
v 0.738678 2.626054 0.421318
v 0.833056 2.919149 0.451795
v 0.616332 2.861743 0.950066
v 0.800021 2.774009 1.171965
v 0.931320 2.697242 1.363440
v 0.538953 2.496185 1.797713
v 0.235981 2.697242 1.299965
v 0.400286 2.774009 1.135475
v 0.587835 2.558743 1.262232
v 0.576735 2.843051 1.383830
v 0.743285 2.861743 0.866216
v 1.000094 2.774009 0.735717
v 1.215720 2.697242 0.649652
v 1.553272 2.496184 1.127776
v 1.001158 2.697242 1.314098
v 0.876747 2.774009 1.117692
v 1.041581 2.558743 0.962542
v 1.157777 2.843052 1.000064
v 0.990227 2.809467 1.495759
v 1.178146 2.715274 1.694605
v 1.306080 2.632855 1.865263
v 0.921691 2.416996 2.246549
v 0.603135 2.632855 1.801093
v 0.766170 2.715274 1.656997
v 0.966566 2.499551 1.754964
v 0.953577 2.774008 1.897249
v 1.098414 2.809467 1.424304
v 1.333660 2.715274 1.284618
v 1.528239 2.632855 1.197266
v 1.815847 2.416996 1.655977
v 1.311330 2.632855 1.868980
v 1.206536 2.715274 1.678290
v 1.346103 2.499551 1.504287
v 1.482066 2.774009 1.548193
v 0.509446 2.910030 0.074026
v 0.822496 2.832893 0.036637
v 1.047527 2.765398 0.069079
v 1.269208 2.588624 0.644085
v 0.641873 2.765398 0.609724
v 0.558461 2.832893 0.388536
v 0.804077 2.622064 0.295091
v 0.883406 2.915160 0.354613
v 0.504026 2.910030 -0.100526
v 0.536268 2.832893 -0.414148
v 0.617315 2.765398 -0.626568
v 1.226959 2.588625 -0.716622
v 1.055728 2.765398 -0.112130
v 0.821625 2.832893 -0.079307
v 0.784375 2.622064 -0.339444
v 0.859859 2.915160 -0.403773
v 1.170180 2.851104 0.042260
v 1.456147 2.763370 0.001507
v 1.683445 2.686602 -0.003601
v 1.851014 2.485545 0.553098
v 1.277300 2.686602 0.537701
v 1.200364 2.763370 0.342408
v 1.420913 2.548103 0.230388
v 1.518581 2.832412 0.303670
v 1.165458 2.851104 -0.109812
v 1.188473 2.763369 -0.397750
v 1.233384 2.686602 -0.620625
v 1.813289 2.485545 -0.661905
v 1.672329 2.686602 -0.105564
v 1.464912 2.763370 -0.073374
v 1.404037 2.548103 -0.313133
v 1.496971 2.832412 -0.392333
v 1.830914 2.792177 0.010493
v 2.095136 2.697984 -0.040173
v 2.288646 2.615565 -0.034279
v 2.433952 2.399706 0.462961
v 1.888475 2.615565 0.499059
v 1.854936 2.697984 0.279961
v 2.039109 2.482261 0.166705
v 2.153393 2.756719 0.252454
v 1.826890 2.792177 -0.119098
v 1.835460 2.697984 -0.387998
v 1.883688 2.615565 -0.575494
v 2.400696 2.399706 -0.608106
v 2.316175 2.615565 -0.068009
v 2.095059 2.697984 -0.083383
v 2.024992 2.482261 -0.287925
v 2.133737 2.756719 -0.380599
v -0.122852 3.861432 -0.335477
v -0.351280 3.787929 -0.534988
v -0.472706 3.723614 -0.715885
v -0.195578 3.555171 -1.237638
v 0.177047 3.723614 -0.768263
v 0.070270 3.787929 -0.568971
v -0.151055 3.587035 -0.685329
v -0.158649 3.866319 -0.779527
v -0.242612 3.861432 -0.222744
v -0.487400 3.787929 -0.043683
v -0.690539 3.723614 0.035072
v -1.138734 3.555171 -0.349827
v -0.599012 3.723614 -0.610331
v -0.428019 3.787929 -0.462411
v -0.590122 3.587035 -0.272026
v -0.683689 3.866319 -0.285295
v -0.536066 3.803288 -0.758998
v -0.748695 3.719688 -0.937143
v -0.870477 3.646538 -1.098202
v -0.601237 3.454954 -1.567438
v -0.249613 3.646538 -1.148252
v -0.339936 3.719688 -0.970095
v -0.560067 3.514565 -1.056724
v -0.569416 3.785477 -1.172699
v -0.640402 3.803288 -0.660784
v -0.860878 3.719688 -0.492446
v -1.044741 3.646538 -0.408989
v -1.443430 3.454955 -0.774665
v -0.957283 3.646538 -1.025696
v -0.803298 3.719688 -0.898468
v -0.936136 3.514565 -0.702723
v -1.051334 3.785477 -0.719060
v -0.949280 3.745145 -1.182519
v -1.150643 3.655390 -1.339258
v -1.306783 3.576856 -1.478022
v -1.007004 3.371168 -1.898582
v -0.658144 3.576856 -1.530311
v -0.752571 3.655391 -1.371348
v -0.969208 3.449833 -1.429735
v -0.980148 3.711358 -1.565439
v -1.038192 3.745145 -1.098823
v -1.235311 3.655391 -0.936777
v -1.404964 3.576856 -0.814906
v -1.749462 3.371169 -1.199692
v -1.313594 3.576856 -1.459203
v -1.179236 3.655391 -1.332185
v -1.283753 3.449832 -1.133647
v -1.418549 3.711358 -1.152763
v -0.311974 3.865247 0.007080
v -0.592910 3.791744 0.091380
v -0.808453 3.727429 0.101711
v -1.128782 3.558986 -0.382803
v -0.540756 3.727429 -0.459115
v -0.423869 3.791744 -0.262762
v -0.628727 3.590849 -0.144114
v -0.714012 3.870134 -0.184823
v -0.274574 3.865246 0.167244
v -0.254000 3.791744 0.459833
v -0.291235 3.727429 0.672386
v -0.834248 3.558986 0.878546
v -0.779620 3.727429 0.288110
v -0.562398 3.791744 0.217176
v -0.491612 3.590849 0.443082
v -0.550050 3.870134 0.517351
v -0.885678 3.813462 0.151920
v -1.146593 3.729862 0.246659
v -1.354910 3.656712 0.287691
v -1.617632 3.465128 -0.197460
v -1.084415 3.656712 -0.278998
v -0.974591 3.729862 -0.113685
v -1.155237 3.524740 0.023253
v -1.260239 3.795651 -0.026867
v -0.853096 3.813462 0.291457
v -0.817941 3.729862 0.566804
v -0.823639 3.656712 0.779047
v -1.354627 3.465128 0.928865
v -1.317129 3.656712 0.390754
v -1.131741 3.729862 0.319897
v -1.037796 3.524740 0.526197
v -1.109743 3.795651 0.617636
v -1.459383 3.761678 0.296760
v -1.706713 3.671924 0.414673
v -1.882898 3.593389 0.433569
v -2.107700 3.387701 -0.012698
v -1.620944 3.593389 -0.115226
v -1.531246 3.671924 0.047069
v -1.683210 3.466366 0.189922
v -1.806075 3.727891 0.131275
v -1.431617 3.761678 0.415669
v -1.370872 3.671924 0.682850
v -1.391112 3.593389 0.858886
v -1.875841 3.387701 0.980244
v -1.869020 3.593389 0.482854
v -1.690993 3.671924 0.430969
v -1.584982 3.466366 0.610585
v -1.669169 3.727891 0.717580
v -0.128182 3.868187 0.332195
v -0.206270 3.794684 0.621371
v -0.312758 3.730371 0.811817
v -0.900936 3.561927 0.803404
v -0.649667 3.730370 0.259307
v -0.412448 3.794684 0.283252
v -0.427851 3.593791 0.514927
v -0.508537 3.873075 0.564127
v 0.026404 3.868187 0.388357
v 0.291385 3.794685 0.528017
v 0.453811 3.730370 0.673713
v 0.316491 3.561926 1.245698
v -0.159179 3.730371 0.881122
v -0.083746 3.794684 0.654945
v 0.138898 3.593790 0.720828
v 0.169186 3.873075 0.810346
v -0.320243 3.821304 0.891863
v -0.389644 3.737704 1.151940
v -0.468414 3.664554 1.349916
v -1.012719 3.472971 1.314120
v -0.803821 3.664554 0.799869
v -0.595796 3.737704 0.813864
v -0.575263 3.532581 1.047369
v -0.674602 3.803493 1.107944
v -0.185566 3.821304 0.940792
v 0.052934 3.737704 1.065590
v 0.228789 3.664554 1.185897
v 0.074385 3.472970 1.709068
v -0.381467 3.664554 1.392381
v -0.322150 3.737704 1.192502
v -0.089833 3.532581 1.223727
v -0.052542 3.803493 1.333940
v -0.512304 3.774421 1.451531
v -0.561091 3.684667 1.702690
v -0.621353 3.606132 1.893636
v -1.125653 3.400444 1.825539
v -0.950323 3.606132 1.354145
v -0.759068 3.684667 1.378021
v -0.724059 3.479109 1.580655
v -0.840297 3.740634 1.651534
v -0.397535 3.774421 1.493227
v -0.163212 3.684667 1.595957
v 0.009849 3.606132 1.696663
v -0.167288 3.400444 2.173716
v -0.588697 3.606132 1.899186
v -0.523420 3.684667 1.717835
v -0.318044 3.479109 1.728161
v -0.274409 3.740634 1.857123
v 0.282767 3.862263 0.335528
v 0.491526 3.788760 0.536674
v 0.613103 3.724445 0.717585
v 0.355265 3.556002 1.237708
v 0.012125 3.724445 0.765879
v 0.089011 3.788760 0.569019
v 0.310881 3.587865 0.685387
v 0.318451 3.867150 0.779587
v 0.402556 3.862262 0.222826
v 0.644621 3.788760 0.063313
v 0.847807 3.724445 -0.015587
v 1.298646 3.556001 0.350136
v 0.763001 3.724445 0.581334
v 0.587820 3.788760 0.463110
v 0.750053 3.587866 0.272196
v 0.843617 3.867150 0.285489
v 0.695874 3.805504 0.759154
v 0.909241 3.721904 0.937291
v 1.066995 3.648754 1.095486
v 0.760840 3.457170 1.567611
v 0.391308 3.648754 1.149783
v 0.525367 3.721904 0.968138
v 0.719799 3.516781 1.056886
v 0.729119 3.787694 1.172863
v 0.800235 3.805504 0.660966
v 1.020864 3.721904 0.491907
v 1.209829 3.648754 0.372726
v 1.603234 3.457170 0.775051
v 1.114481 3.648754 1.043851
v 0.966694 3.721904 0.873188
v 1.095958 3.516781 0.702981
v 1.211151 3.787693 0.719346
v 1.108980 3.748746 1.182779
v 1.315453 3.658992 1.339156
v 1.466915 3.580456 1.478332
v 1.166523 3.374769 1.898857
v 0.806236 3.580456 1.531423
v 0.915839 3.658991 1.371268
v 1.128846 3.453434 1.430001
v 1.139751 3.714959 1.565707
v 1.197914 3.748746 1.099107
v 1.395800 3.658991 0.931996
v 1.564829 3.580456 0.814779
v 1.909158 3.374769 1.200155
v 1.471598 3.580456 1.470998
v 1.339409 3.658991 1.328913
v 1.443466 3.453434 1.133993
v 1.578257 3.714959 1.153143
v 0.471835 3.833861 0.012609
v 0.757036 3.760359 -0.058194
v 0.971388 3.696044 -0.055031
v 1.268038 3.527601 0.443011
v 0.677446 3.696044 0.488734
v 0.565149 3.760358 0.296778
v 0.780597 3.559464 0.179516
v 0.863731 3.838749 0.224455
v 0.442524 3.833861 -0.149231
v 0.436054 3.760359 -0.443017
v 0.486192 3.696044 -0.651447
v 1.037205 3.527600 -0.831535
v 0.952170 3.696044 -0.245311
v 0.740246 3.760359 -0.177890
v 0.673137 3.559464 -0.413824
v 0.735230 3.838749 -0.485066
v 1.052088 3.729769 -0.103244
v 1.320165 3.646169 -0.189822
v 1.532068 3.573019 -0.223653
v 1.765577 3.381435 0.282445
v 1.212535 3.573019 0.367453
v 1.122180 3.646169 0.176432
v 1.314847 3.441046 0.038795
v 1.417200 3.711958 0.094123
v 1.026552 3.729769 -0.244241
v 1.000932 3.646169 -0.524783
v 1.014442 3.573019 -0.738945
v 1.559454 3.381435 -0.855664
v 1.520989 3.573019 -0.297451
v 1.314793 3.646169 -0.251230
v 1.222806 3.441046 -0.469411
v 1.299253 3.711957 -0.557123
v 1.632341 3.625676 -0.219097
v 1.878830 3.535921 -0.312512
v 2.072504 3.457386 -0.353547
v 2.264303 3.251698 0.122521
v 1.766098 3.457386 0.213275
v 1.694070 3.535921 0.029276
v 1.850522 3.330363 -0.101156
v 1.970287 3.591888 -0.036414
v 1.610580 3.625676 -0.339251
v 1.573551 3.535921 -0.600233
v 1.576031 3.457386 -0.798191
v 2.082590 3.251698 -0.880809
v 2.061769 3.457386 -0.374834
v 1.866446 3.535921 -0.344953
v 1.773538 3.330363 -0.526220
v 1.862991 3.591888 -0.628853
v 0.279109 3.863906 -0.337711
v 0.358162 3.790403 -0.615267
v 0.446785 3.726089 -0.828091
v 1.038817 3.557646 -0.829676
v 0.786262 3.726089 -0.303857
v 0.561806 3.790403 -0.300793
v 0.573719 3.589509 -0.528492
v 0.653043 3.868794 -0.579860
v 0.123059 3.863906 -0.389666
v -0.130375 3.790404 -0.527717
v -0.318553 3.726089 -0.660896
v -0.190141 3.557646 -1.238837
v 0.267414 3.726089 -0.877018
v 0.221133 3.790404 -0.657364
v 0.001602 3.589509 -0.718969
v -0.031100 3.868793 -0.807633
v 0.455942 3.809889 -0.902376
v 0.514920 3.726289 -1.169417
v 0.586607 3.653138 -1.372066
v 1.136728 3.461555 -1.343232
v 0.927970 3.653138 -0.844922
v 0.732229 3.726289 -0.833840
v 0.706657 3.521166 -1.064731
v 0.804319 3.792078 -1.127974
v 0.319989 3.809889 -0.947639
v 0.072408 3.726289 -1.063797
v -0.109563 3.653138 -1.178220
v 0.039326 3.461555 -1.708593
v 0.479657 3.653138 -1.395542
v 0.447502 3.726289 -1.202143
v 0.216629 3.521166 -1.227878
v 0.176366 3.792078 -1.337040
v 0.632775 3.755871 -1.467040
v 0.670943 3.666116 -1.725295
v 0.723915 3.587582 -1.921040
v 1.235770 3.381894 -1.857522
v 1.073116 3.587582 -1.381793
v 0.880237 3.666116 -1.402097
v 0.840955 3.460558 -1.601851
v 0.955231 3.722084 -1.675853
v 0.516919 3.755871 -1.505612
v 0.273342 3.666116 -1.599540
v 0.093999 3.587581 -1.694188
v 0.268327 3.381894 -2.179616
v 0.696748 3.587581 -1.916500
v 0.634599 3.666116 -1.732782
v 0.431094 3.460558 -1.738307
v 0.383983 3.722084 -1.866040
v -0.264984 4.803181 0.048245
v -0.517659 4.733313 0.158728
v -0.723567 4.672179 0.208400
v -1.083660 4.512065 -0.216215
v -0.545217 4.672179 -0.343711
v -0.402045 4.733313 -0.199171
v -0.582461 4.542353 -0.054311
v -0.667942 4.807826 -0.081924
v -0.210295 4.803181 0.192537
v -0.157972 4.733313 0.463302
v -0.154711 4.672178 0.675091
v -0.648015 4.512065 0.933193
v -0.654205 4.672179 0.379895
v -0.481764 4.733313 0.271944
v -0.380040 4.542353 0.479758
v -0.425743 4.807826 0.557093
v -0.749411 4.729734 0.242477
v -0.983853 4.650268 0.366299
v -1.175957 4.580736 0.434297
v -1.483038 4.398626 0.005491
v -0.985812 4.580736 -0.154326
v -0.871594 4.650269 0.018783
v -1.019586 4.455289 0.155202
v -1.124828 4.712804 0.121205
v -0.701765 4.729734 0.368186
v -0.632426 4.650269 0.624091
v -0.608256 4.580736 0.826436
v -1.094012 4.398627 1.031899
v -1.140783 4.580736 0.511718
v -0.946824 4.650269 0.438285
v -0.846219 4.455289 0.612613
v -0.902488 4.712804 0.707826
v -1.233837 4.656289 0.436710
v -1.447282 4.570972 0.564311
v -1.615365 4.496320 0.618131
v -1.883636 4.300805 0.226802
v -1.436636 4.496321 0.064849
v -1.332084 4.570973 0.207698
v -1.458176 4.375580 0.364241
v -1.581322 4.624172 0.324460
v -1.193234 4.656289 0.543835
v -1.115599 4.570972 0.780085
v -1.099988 4.496321 0.955882
v -1.540661 4.300805 1.131709
v -1.600542 4.496321 0.660061
v -1.438226 4.570972 0.589415
v -1.313181 4.375579 0.746794
v -1.379023 4.624172 0.858205
v -0.037926 4.814968 0.327773
v -0.047522 4.745100 0.613337
v -0.113384 4.683966 0.804419
v -0.653143 4.523852 0.929169
v -0.540606 4.683967 0.367379
v -0.319989 4.745101 0.334608
v -0.276503 4.554141 0.560990
v -0.340740 4.819614 0.623784
v 0.115235 4.814969 0.346554
v 0.391728 4.745100 0.418601
v 0.563692 4.683967 0.524802
v 0.566915 4.523852 1.078780
v 0.043531 4.683966 0.845668
v 0.059987 4.745101 0.623239
v 0.290394 4.554141 0.630507
v 0.337555 4.819614 0.706961
v -0.091576 4.761168 0.846923
v -0.100589 4.681702 1.102398
v -0.137113 4.612169 1.296643
v -0.642881 4.430059 1.385843
v -0.551078 4.612168 0.873164
v -0.361823 4.681702 0.835160
v -0.294607 4.486722 1.045393
v -0.373694 4.744237 1.122703
v 0.041859 4.761168 0.863286
v 0.289125 4.681702 0.928159
v 0.470614 4.612169 1.006431
v 0.446617 4.430059 1.519444
v -0.033406 4.612169 1.317340
v -0.028939 4.681702 1.124359
v 0.190920 4.486722 1.104931
v 0.248985 4.744237 1.199060
v -0.145227 4.707367 1.366073
v -0.134131 4.622051 1.611873
v -0.154794 4.547400 1.795879
v -0.633537 4.351884 1.843413
v -0.590742 4.547400 1.349912
v -0.392727 4.622051 1.347334
v -0.313812 4.426659 1.530871
v -0.406354 4.675251 1.621334
v -0.031516 4.707367 1.380017
v 0.210724 4.622051 1.423148
v 0.385706 4.547400 1.483698
v 0.326991 4.351884 1.961199
v -0.145079 4.547400 1.811118
v -0.104128 4.622051 1.617368
v 0.092256 4.426659 1.580666
v 0.160198 4.675251 1.690808
v 0.263459 4.784572 0.296115
v 0.475282 4.714705 0.481747
v 0.589557 4.653570 0.651541
v 0.352151 4.493456 1.151863
v 0.004677 4.653570 0.712159
v 0.111411 4.714705 0.519460
v 0.297853 4.523745 0.627969
v 0.307114 4.789217 0.717320
v 0.373374 4.784572 0.187812
v 0.600976 4.714705 0.021903
v 0.791713 4.653570 -0.052312
v 1.227718 4.493456 0.289130
v 0.722464 4.653570 0.531609
v 0.557894 4.714704 0.385178
v 0.704683 4.523745 0.227102
v 0.793888 4.789218 0.237681
v 0.636785 4.680113 0.660838
v 0.845626 4.600647 0.825214
v 0.964037 4.531115 0.975709
v 0.716263 4.349005 1.427686
v 0.363663 4.531115 1.037934
v 0.456778 4.600647 0.865515
v 0.666055 4.405668 0.943247
v 0.677456 4.663183 1.053255
v 0.732544 4.680113 0.566483
v 0.938754 4.600647 0.398818
v 1.111572 4.531115 0.316331
v 1.498135 4.349005 0.657276
v 1.040489 4.531115 0.915721
v 0.892715 4.600647 0.787028
v 1.014491 4.405668 0.599919
v 1.124318 4.663183 0.612944
v 1.010111 4.575654 1.025561
v 1.226392 4.490337 1.167910
v 1.357809 4.415687 1.298459
v 1.080508 4.220170 1.704785
v 0.738277 4.415687 1.362669
v 0.849635 4.490337 1.206958
v 1.034415 4.294945 1.260059
v 1.047757 4.543538 1.388781
v 1.091715 4.575655 0.945154
v 1.278068 4.490337 0.765396
v 1.434281 4.415687 0.665841
v 1.769825 4.220170 1.025572
v 1.360929 4.415687 1.284357
v 1.233461 4.490338 1.141535
v 1.325828 4.294945 0.972918
v 1.454339 4.543538 0.988158
v 0.418228 4.809863 -0.083327
v 0.660785 4.739996 -0.230971
v 0.864917 4.678862 -0.322108
v 1.259686 4.518747 0.095889
v 0.731247 4.678862 0.305499
v 0.583048 4.739996 0.134021
v 0.744540 4.549037 -0.013828
v 0.832399 4.814509 0.004885
v 0.349048 4.809863 -0.221258
v 0.258248 4.739996 -0.490308
v 0.214144 4.678862 -0.709467
v 0.708603 4.518748 -1.002852
v 0.797102 4.678862 -0.441290
v 0.597274 4.739996 -0.334347
v 0.488481 4.549036 -0.524355
v 0.526023 4.814509 -0.605964
v 0.880212 4.747555 -0.326155
v 1.102705 4.668090 -0.482568
v 1.282068 4.598557 -0.547506
v 1.634255 4.416448 -0.165557
v 1.158737 4.598557 0.031561
v 1.019882 4.668090 -0.093696
v 1.157906 4.473111 -0.267011
v 1.266077 4.730626 -0.243973
v 0.819941 4.747556 -0.446323
v 0.716184 4.668089 -0.697723
v 0.692201 4.598557 -0.886966
v 1.142144 4.416448 -1.146721
v 1.230072 4.598557 -0.639530
v 1.077390 4.668090 -0.531558
v 0.938600 4.473111 -0.704260
v 0.984821 4.730626 -0.804735
v 1.342197 4.685249 -0.568984
v 1.540342 4.599933 -0.712574
v 1.709922 4.525281 -0.820391
v 2.010079 4.329765 -0.426736
v 1.580978 4.525281 -0.214969
v 1.462073 4.599933 -0.345083
v 1.572778 4.404540 -0.519874
v 1.699351 4.653132 -0.492916
v 1.290835 4.685249 -0.671387
v 1.194243 4.599932 -0.896219
v 1.126280 4.525281 -1.085331
v 1.576221 4.329765 -1.291754
v 1.688631 4.525281 -0.826634
v 1.535590 4.599933 -0.739190
v 1.389363 4.404540 -0.885564
v 1.443447 4.653132 -1.003133
v 0.217096 4.810862 -0.320228
v 0.249770 4.740994 -0.597568
v 0.312567 4.679860 -0.800834
v 0.866790 4.519745 -0.884204
v 0.705399 4.679860 -0.348296
v 0.500012 4.740994 -0.309292
v 0.469043 4.550034 -0.538934
v 0.536879 4.815507 -0.597821
v 0.065313 4.810862 -0.348031
v -0.198090 4.740994 -0.440788
v -0.382613 4.679860 -0.546673
v -0.342291 4.519745 -1.105678
v 0.145119 4.679860 -0.830585
v 0.138086 4.740994 -0.621646
v -0.092753 4.550034 -0.641842
v -0.135312 4.815507 -0.720950
v 0.301343 4.750218 -0.835299
v 0.312073 4.670753 -1.105196
v 0.377874 4.601220 -1.276369
v 0.883543 4.419110 -1.340686
v 0.750126 4.601220 -0.847539
v 0.569168 4.670753 -0.809025
v 0.515751 4.475773 -1.021419
v 0.599270 4.733288 -1.093919
v 0.169108 4.750218 -0.859521
v -0.091851 4.670753 -0.929236
v -0.244405 4.601220 -1.031006
v -0.196152 4.419110 -1.538460
v 0.255681 4.601220 -1.300046
v 0.253532 4.670753 -1.115047
v 0.034593 4.475774 -1.109556
v -0.017806 4.733288 -1.206953
v 0.385590 4.689575 -1.350370
v 0.383602 4.604259 -1.602665
v 0.416560 4.529607 -1.783452
v 0.901264 4.334091 -1.798008
v 0.829335 4.529606 -1.307940
v 0.630209 4.604259 -1.318576
v 0.563623 4.408866 -1.504913
v 0.661350 4.657458 -1.589747
v 0.272903 4.689575 -1.371011
v 0.026324 4.604259 -1.424454
v -0.142818 4.529607 -1.496294
v -0.050621 4.334091 -1.972371
v 0.411704 4.529606 -1.794619
v 0.357618 4.604259 -1.602685
v 0.161208 4.408866 -1.578626
v 0.099896 4.657458 -1.692593
v -0.122278 4.792399 -0.283593
v -0.342620 4.722531 -0.455618
v -0.499674 4.661397 -0.612208
v -0.266284 4.501284 -1.131787
v 0.128561 4.661397 -0.718870
v 0.024762 4.722531 -0.517992
v -0.178123 4.531571 -0.612517
v -0.193159 4.797045 -0.701080
v -0.224937 4.792399 -0.168389
v -0.441134 4.722532 0.008817
v -0.628380 4.661397 0.127668
v -1.084054 4.501284 -0.214084
v -0.594535 4.661397 -0.508658
v -0.421342 4.722532 -0.363296
v -0.558097 4.531571 -0.186109
v -0.647800 4.797045 -0.190880
v -0.518473 4.700984 -0.623336
v -0.734172 4.621519 -0.774391
v -0.877872 4.551985 -0.914211
v -0.647519 4.369876 -1.383414
v -0.288041 4.551985 -1.014353
v -0.363808 4.621518 -0.837272
v -0.565997 4.426539 -0.903252
v -0.584509 4.684054 -1.012288
v -0.607911 4.700984 -0.522968
v -0.802631 4.621518 -0.345689
v -0.970585 4.551985 -0.236185
v -1.377778 4.369876 -0.563916
v -0.938809 4.551985 -0.833613
v -0.782678 4.621518 -0.720823
v -0.891432 4.426539 -0.538048
v -1.001873 4.684054 -0.543922
v -0.914668 4.609570 -0.963078
v -1.130819 4.524253 -1.092612
v -1.277187 4.449602 -1.213215
v -1.028968 4.254086 -1.636306
v -0.685796 4.449602 -1.313621
v -0.767607 4.524253 -1.154278
v -0.954129 4.328860 -1.195505
v -0.975791 4.577453 -1.323091
v -0.990885 4.609570 -0.877547
v -1.164707 4.524254 -0.695102
v -1.314498 4.449602 -0.578779
v -1.672783 4.254086 -0.913816
v -1.282638 4.449602 -1.177785
v -1.145140 4.524253 -1.062992
v -1.226305 4.328861 -0.890069
v -1.355534 4.577453 -0.896942
v -0.008320 5.736721 0.291629
v -0.007560 5.670487 0.554987
v -0.039793 5.612534 0.755984
v -0.552213 5.460750 0.899363
v -0.467788 5.612534 0.372949
v -0.275054 5.670488 0.315592
v -0.219238 5.489462 0.527304
v -0.276028 5.741126 0.590760
v 0.135604 5.736721 0.299593
v 0.392706 5.670488 0.356662
v 0.581725 5.612534 0.432230
v 0.609124 5.460750 0.963626
v 0.114082 5.612534 0.765705
v 0.100432 5.670488 0.565082
v 0.319232 5.489462 0.557100
v 0.368674 5.741126 0.626434
v -0.024027 5.634291 0.743481
v -0.000583 5.558959 0.999852
v -0.028489 5.493044 1.180844
v -0.511418 5.320408 1.288081
v -0.463991 5.493044 0.791090
v -0.280244 5.558959 0.749568
v -0.203519 5.374123 0.944042
v -0.273438 5.618242 1.022167
v 0.101362 5.634292 0.750419
v 0.356626 5.558959 0.783824
v 0.527078 5.493044 0.850779
v 0.525690 5.320408 1.345469
v 0.051232 5.493044 1.190103
v 0.051058 5.558959 1.001724
v 0.257630 5.374123 0.969560
v 0.318502 5.618242 1.054922
v -0.039734 5.531860 1.195333
v -0.016421 5.450983 1.424690
v -0.010037 5.380215 1.612834
v -0.471433 5.194870 1.677704
v -0.461637 5.380215 1.208674
v -0.275506 5.450983 1.192821
v -0.188775 5.265756 1.361868
v -0.270588 5.501414 1.453284
v 0.067119 5.531861 1.201246
v 0.295999 5.450983 1.228848
v 0.480956 5.380215 1.263920
v 0.442961 5.194870 1.728302
v -0.012478 5.380215 1.615787
v 0.012914 5.450983 1.430716
v 0.196876 5.265755 1.383208
v 0.268103 5.501415 1.483093
v 0.297487 5.741831 0.213417
v 0.527054 5.675599 0.336355
v 0.696241 5.617645 0.455812
v 0.583948 5.465861 0.977028
v 0.165231 5.617645 0.655015
v 0.194365 5.675599 0.461160
v 0.408575 5.494573 0.509540
v 0.438485 5.746236 0.589272
v 0.371246 5.741831 0.089574
v 0.541578 5.675599 -0.107407
v 0.695260 5.617645 -0.246245
v 1.179114 5.465861 -0.022278
v 0.773041 5.617645 0.315541
v 0.590310 5.675599 0.244564
v 0.684532 5.494573 0.046199
v 0.768884 5.746236 0.034520
v 0.690605 5.647921 0.436747
v 0.911843 5.572589 0.541091
v 1.070893 5.506673 0.645347
v 0.947306 5.334038 1.121029
v 0.542452 5.506674 0.843586
v 0.587637 5.572589 0.662713
v 0.785141 5.387753 0.688749
v 0.821966 5.631872 0.786913
v 0.754864 5.647921 0.328853
v 0.905228 5.572590 0.135915
v 1.041855 5.506673 0.003631
v 1.478806 5.334039 0.228621
v 1.119259 5.506674 0.562698
v 0.952717 5.572589 0.478911
v 1.021472 5.387753 0.291940
v 1.125325 5.631872 0.277561
v 1.083722 5.554010 0.660075
v 1.307008 5.473132 0.742245
v 1.456681 5.402364 0.831289
v 1.311091 5.217020 1.266169
v 0.901526 5.402364 1.039549
v 0.978542 5.473132 0.865465
v 1.162220 5.287905 0.869325
v 1.205309 5.523564 0.984188
v 1.138482 5.554010 0.568131
v 1.267662 5.473132 0.368328
v 1.387388 5.402364 0.241852
v 1.779703 5.217020 0.479352
v 1.468706 5.402364 0.829183
v 1.315775 5.473132 0.715831
v 1.359859 5.287905 0.537481
v 1.481380 5.523564 0.520656
v 0.380836 5.763851 -0.048427
v 0.615582 5.697618 -0.158753
v 0.807069 5.639664 -0.206222
v 1.165467 5.487880 0.174096
v 0.649506 5.639664 0.349359
v 0.520746 5.697618 0.175645
v 0.685111 5.516592 0.037866
v 0.767037 5.768256 0.061100
v 0.324917 5.763850 -0.181282
v 0.268812 5.697618 -0.434521
v 0.264535 5.639664 -0.631757
v 0.714249 5.487880 -0.897929
v 0.771977 5.639664 -0.356080
v 0.574236 5.697618 -0.268593
v 0.475897 5.516592 -0.459193
v 0.516549 5.768256 -0.534021
v 0.793864 5.706638 -0.232342
v 1.009867 5.631306 -0.351108
v 1.187520 5.565391 -0.415004
v 1.496983 5.392756 -0.032937
v 1.033795 5.565391 0.127039
v 0.914109 5.631306 -0.013457
v 1.052804 5.446470 -0.158907
v 1.153669 5.690588 -0.130301
v 0.745147 5.706638 -0.348088
v 0.676694 5.631307 -0.584893
v 0.653353 5.565391 -0.772238
v 1.094033 5.392756 -0.990285
v 1.148430 5.565391 -0.503278
v 0.985089 5.631307 -0.417351
v 0.873632 5.446471 -0.584592
v 0.923681 5.690588 -0.676718
v 1.206893 5.649426 -0.416258
v 1.402626 5.568547 -0.537007
v 1.561799 5.497779 -0.600024
v 1.829669 5.312435 -0.239637
v 1.410186 5.497779 -0.065427
v 1.305253 5.568548 -0.193664
v 1.421902 5.383319 -0.355281
v 1.539927 5.618979 -0.321809
v 1.165377 5.649425 -0.514893
v 1.090538 5.568547 -0.732358
v 1.063999 5.497779 -0.901482
v 1.474397 5.312435 -1.083709
v 1.552276 5.497780 -0.636217
v 1.404132 5.568547 -0.561992
v 1.272064 5.383319 -0.711273
v 1.330628 5.618979 -0.819072
v 0.150337 5.742781 -0.296480
v 0.141384 5.676548 -0.553059
v 0.141970 5.618594 -0.770910
v 0.656083 5.466810 -0.936310
v 0.610732 5.618594 -0.400382
v 0.412765 5.676548 -0.338548
v 0.346462 5.495522 -0.544602
v 0.399268 5.747185 -0.611408
v 0.006195 5.742781 -0.295636
v -0.246091 5.676548 -0.343223
v -0.458500 5.618593 -0.391616
v -0.507011 5.466810 -0.929497
v 0.005890 5.618593 -0.767610
v 0.022759 5.676548 -0.560898
v -0.192823 5.495522 -0.541443
v -0.246408 5.747185 -0.607627
v 0.138407 5.650450 -0.748448
v 0.111028 5.575118 -0.993672
v 0.121526 5.509203 -1.181008
v 0.591614 5.336566 -1.321809
v 0.585152 5.509202 -0.814540
v 0.390503 5.575118 -0.772764
v 0.305311 5.390282 -0.959601
v 0.370325 5.634400 -1.041852
v 0.012829 5.650450 -0.747712
v -0.232424 5.575118 -0.774830
v -0.412887 5.509202 -0.826195
v -0.447063 5.336567 -1.315725
v 0.046415 5.509202 -1.198069
v 0.044444 5.575118 -0.998997
v -0.156536 5.390281 -0.956896
v -0.222510 5.634401 -1.038380
v 0.126478 5.558120 -1.200415
v 0.084646 5.477242 -1.431516
v 0.095398 5.406474 -1.596297
v 0.527899 5.221129 -1.708261
v 0.550069 5.406474 -1.236907
v 0.359717 5.477242 -1.214089
v 0.265065 5.292014 -1.375746
v 0.341140 5.527674 -1.471989
v 0.019464 5.558119 -1.199789
v -0.215182 5.477242 -1.209706
v -0.373585 5.406474 -1.256367
v -0.387879 5.221129 -1.702897
v 0.076846 5.406475 -1.621059
v 0.057323 5.477242 -1.430341
v -0.121168 5.292014 -1.373483
v -0.198366 5.527674 -1.468829
v -0.126167 5.767526 -0.224372
v -0.357794 5.701293 -0.356244
v -0.498751 5.643339 -0.491210
v -0.372779 5.491554 -1.001768
v 0.045394 5.643339 -0.663829
v -0.005890 5.701293 -0.467878
v -0.221801 5.520267 -0.525841
v -0.247551 5.771930 -0.607011
v -0.206227 5.767526 -0.104507
v -0.385728 5.701293 0.092524
v -0.548344 5.643339 0.200416
v -1.018796 5.491555 -0.034557
v -0.597306 5.643339 -0.368350
v -0.417392 5.701292 -0.275302
v -0.521336 5.520267 -0.077381
v -0.606179 5.771930 -0.070077
v -0.507217 5.716437 -0.467720
v -0.726577 5.641106 -0.582151
v -0.870839 5.575190 -0.697402
v -0.728209 5.402555 -1.164356
v -0.345755 5.575190 -0.863974
v -0.395662 5.641105 -0.687126
v -0.588602 5.456269 -0.724272
v -0.620305 5.700387 -0.824208
v -0.576966 5.716437 -0.363292
v -0.736758 5.641105 -0.174400
v -0.880866 5.575190 -0.058957
v -1.305121 5.402555 -0.300609
v -0.928112 5.575190 -0.607798
v -0.766533 5.641106 -0.520287
v -0.845126 5.456269 -0.340207
v -0.949583 5.700388 -0.331215
v -0.888266 5.665350 -0.711068
v -1.100838 5.584472 -0.806625
v -1.236316 5.513704 -0.906265
v -1.084007 5.328359 -1.328102
v -0.718685 5.513704 -1.070472
v -0.763628 5.584472 -0.913598
v -0.955844 5.399244 -0.924095
v -0.992940 5.634904 -1.041031
v -0.947705 5.665349 -0.622077
v -1.087593 5.584472 -0.435666
v -1.214542 5.513704 -0.325364
v -1.592657 5.328360 -0.566557
v -1.261118 5.513704 -0.866416
v -1.117935 5.584472 -0.788133
v -1.170370 5.399244 -0.602909
v -1.292598 5.634904 -0.592387
v -0.220542 5.746043 0.050220
v -0.459723 5.679811 0.180330
v -0.649244 5.621856 0.222880
v -1.006485 5.470073 -0.167621
v -0.495557 5.621856 -0.331603
v -0.362894 5.679810 -0.169014
v -0.525326 5.498785 -0.034257
v -0.607389 5.750448 -0.057003
v -0.163832 5.746043 0.182739
v -0.089398 5.679811 0.444647
v -0.089488 5.621857 0.638886
v -0.548884 5.470073 0.901694
v -0.596711 5.621856 0.367232
v -0.408967 5.679811 0.273495
v -0.313152 5.498785 0.461545
v -0.353357 5.750448 0.536614
v -0.632466 5.659153 0.236594
v -0.846860 5.583821 0.353408
v -1.028608 5.517906 0.434526
v -1.336762 5.345270 0.041384
v -0.877222 5.517906 -0.111657
v -0.753128 5.583821 0.015233
v -0.891839 5.398985 0.164704
v -0.992874 5.643104 0.136700
v -0.583060 5.659153 0.352047
v -0.516157 5.583821 0.586854
v -0.476914 5.517906 0.781975
v -0.928110 5.345270 0.996313
v -0.976544 5.517906 0.514387
v -0.825509 5.583821 0.421174
v -0.710133 5.398985 0.589313
v -0.759632 5.643104 0.681736
v -1.044391 5.572261 0.422969
v -1.242801 5.491384 0.557153
v -1.406516 5.420616 0.638869
v -1.668209 5.235271 0.250065
v -1.245957 5.420616 0.059592
v -1.149004 5.491385 0.218746
v -1.259760 5.306156 0.363275
v -1.377982 5.541816 0.330507
v -1.002288 5.572262 0.521355
v -0.914930 5.491384 0.744381
v -0.871144 5.420616 0.922041
v -1.307911 5.235271 1.092004
v -1.401049 5.420616 0.638239
v -1.224493 5.491384 0.578587
v -1.107802 5.306156 0.718367
v -1.165722 5.541815 0.826513
v 0.295779 6.691093 0.147145
v 0.542969 6.628495 0.211147
v 0.708461 6.573721 0.298783
v 0.703238 6.430267 0.801465
v 0.236164 6.573721 0.592892
v 0.250294 6.628495 0.393402
v 0.453789 6.457404 0.400886
v 0.496333 6.695256 0.469205
v 0.340345 6.691093 0.020794
v 0.457048 6.628495 -0.206318
v 0.578874 6.573721 -0.348536
v 1.068149 6.430268 -0.233096
v 0.762135 6.573721 0.176801
v 0.570612 6.628495 0.119226
v 0.622583 6.457404 -0.077663
v 0.698575 6.695256 -0.104173
v 0.659122 6.594400 0.266154
v 0.879094 6.523203 0.324466
v 1.071731 6.460906 0.375388
v 1.024252 6.297743 0.852501
v 0.579317 6.460905 0.682025
v 0.602021 6.523203 0.497005
v 0.793589 6.348510 0.482090
v 0.845969 6.579232 0.566204
v 0.697948 6.594400 0.156076
v 0.803124 6.523202 -0.045732
v 0.895091 6.460906 -0.222491
v 1.350144 6.297743 -0.071439
v 1.086158 6.460906 0.325223
v 0.910634 6.523203 0.262459
v 0.938134 6.348511 0.072289
v 1.031695 6.579232 0.039651
v 1.022464 6.497708 0.385164
v 1.245195 6.421268 0.419443
v 1.401269 6.354384 0.473607
v 1.345873 6.179211 0.904512
v 0.921841 6.354384 0.772158
v 0.949663 6.421268 0.603477
v 1.134119 6.246205 0.564465
v 1.195409 6.468933 0.662889
v 1.055551 6.497708 0.291359
v 1.137886 6.421268 0.081584
v 1.224990 6.354384 -0.058793
v 1.633224 6.179211 0.089841
v 1.411018 6.354384 0.474477
v 1.252558 6.421268 0.410306
v 1.254989 6.246205 0.221786
v 1.364466 6.468933 0.183595
v 0.325619 6.689271 -0.088787
v 0.521236 6.626673 -0.237305
v 0.689686 6.571899 -0.327668
v 1.094630 6.428445 -0.036043
v 0.652075 6.571899 0.220708
v 0.498245 6.626673 0.097916
v 0.623837 6.455582 -0.068333
v 0.704131 6.693434 -0.062826
v 0.249278 6.689271 -0.198890
v 0.147323 6.626673 -0.422337
v 0.096140 6.571899 -0.606514
v 0.469542 6.428445 -0.937566
v 0.622884 6.571900 -0.449445
v 0.469321 6.626673 -0.326321
v 0.334695 6.455582 -0.485343
v 0.357693 6.693433 -0.562471
v 0.634821 6.589542 -0.313677
v 0.811396 6.518344 -0.465419
v 0.962303 6.456046 -0.545766
v 1.323943 6.292884 -0.266412
v 0.927476 6.456046 -0.037988
v 0.788622 6.518343 -0.133372
v 0.888606 6.343652 -0.296270
v 0.987464 6.574373 -0.289490
v 0.568312 6.589542 -0.409599
v 0.459030 6.518344 -0.615177
v 0.413769 6.456046 -0.780040
v 0.765694 6.292884 -1.071538
v 0.901518 6.456047 -0.634599
v 0.777979 6.518344 -0.520070
v 0.641002 6.343652 -0.653373
v 0.669318 6.574373 -0.748331
v 0.944024 6.489813 -0.538566
v 1.101784 6.413373 -0.692829
v 1.237448 6.346489 -0.793160
v 1.554402 6.171316 -0.496702
v 1.199945 6.346490 -0.246365
v 1.078600 6.413373 -0.354797
v 1.154752 6.238310 -0.524113
v 1.270428 6.461038 -0.516179
v 0.887346 6.489813 -0.620309
v 0.771475 6.413373 -0.808084
v 0.703372 6.346489 -0.962463
v 1.062174 6.171316 -1.206611
v 1.228598 6.346489 -0.805847
v 1.096174 6.413374 -0.711263
v 0.947704 6.238310 -0.822726
v 0.980836 6.461038 -0.933838
v 0.147484 6.703404 -0.252305
v 0.129358 6.640807 -0.504147
v 0.153562 6.586032 -0.692329
v 0.630188 6.442578 -0.853268
v 0.568487 6.586033 -0.359054
v 0.385260 6.640806 -0.298602
v 0.334673 6.469714 -0.485355
v 0.385074 6.707567 -0.548103
v 0.013504 6.703404 -0.252567
v -0.236174 6.640807 -0.290166
v -0.414452 6.586032 -0.355088
v -0.466842 6.442578 -0.855416
v 0.001775 6.586032 -0.686735
v 0.020531 6.640806 -0.494707
v -0.172771 6.469715 -0.486348
v -0.222925 6.707567 -0.549294
v 0.139605 6.627230 -0.634561
v 0.102646 6.556032 -0.876879
v 0.133217 6.493734 -1.038378
v 0.572163 6.330573 -1.173092
v 0.549068 6.493734 -0.704359
v 0.373000 6.556032 -0.659726
v 0.298904 6.381339 -0.832887
v 0.360957 6.612061 -0.910142
v 0.022880 6.627230 -0.634789
v -0.221641 6.556032 -0.651923
v -0.372490 6.493734 -0.717200
v -0.407565 6.330572 -1.175011
v 0.044666 6.493734 -1.049587
v 0.049562 6.556032 -0.868016
v -0.135641 6.381339 -0.833738
v -0.197390 6.612061 -0.911235
v 0.131726 6.551056 -1.016816
v 0.087438 6.474617 -1.240725
v 0.078048 6.407733 -1.413061
v 0.514857 6.232559 -1.493812
v 0.516117 6.407733 -1.061197
v 0.346243 6.474617 -1.032849
v 0.264000 6.299553 -1.181495
v 0.336608 6.522282 -1.271893
v 0.032256 6.551056 -1.017011
v -0.195913 6.474617 -1.022953
v -0.366108 6.407733 -1.051622
v -0.349004 6.232559 -1.495504
v 0.073336 6.407733 -1.401768
v 0.063704 6.474617 -1.229815
v -0.099371 6.299553 -1.182207
v -0.171625 6.522281 -1.272888
v -0.106025 6.691058 -0.183322
v -0.332737 6.628459 -0.292459
v -0.487878 6.573686 -0.405089
v -0.390053 6.430232 -0.899902
v 0.023023 6.573685 -0.607593
v -0.011027 6.628459 -0.419974
v -0.216169 6.457368 -0.461207
v -0.245825 6.695220 -0.536027
v -0.172444 6.691057 -0.066964
v -0.328685 6.628459 0.130262
v -0.472624 6.573686 0.256896
v -0.933894 6.430232 0.052839
v -0.558040 6.573686 -0.285997
v -0.382471 6.628459 -0.211593
v -0.467729 6.457368 -0.020505
v -0.547234 6.695220 -0.007996
v -0.442266 6.594306 -0.365320
v -0.666255 6.523108 -0.454863
v -0.820638 6.460810 -0.549706
v -0.696787 6.297648 -1.007457
v -0.309472 6.460811 -0.752315
v -0.352530 6.523108 -0.579213
v -0.535999 6.348416 -0.601802
v -0.572511 6.579137 -0.693919
v -0.500131 6.594306 -0.263947
v -0.636658 6.523108 -0.065077
v -0.763077 6.460811 0.064721
v -1.182477 6.297649 -0.156591
v -0.848537 6.460810 -0.478453
v -0.689109 6.523108 -0.398446
v -0.751420 6.348416 -0.224411
v -0.849306 6.579137 -0.209010
v -0.778506 6.497554 -0.547318
v -0.979911 6.421115 -0.625437
v -1.135594 6.354231 -0.701934
v -1.003945 6.179057 -1.116081
v -0.610575 6.354231 -0.910034
v -0.685358 6.421115 -0.742188
v -0.856337 6.246052 -0.743679
v -0.899061 6.468779 -0.851468
v -0.827817 6.497554 -0.460931
v -0.948242 6.421115 -0.281587
v -1.057048 6.354231 -0.146493
v -1.432196 6.179057 -0.365841
v -1.144824 6.354230 -0.704387
v -0.997487 6.421115 -0.594584
v -1.036475 6.246052 -0.428102
v -1.151013 6.468780 -0.410081
v -0.166946 6.718233 0.085029
v -0.364715 6.655635 0.229462
v -0.536090 6.600862 0.335902
v -0.935062 6.457407 0.020556
v -0.489029 6.600861 -0.224779
v -0.336682 6.655635 -0.104524
v -0.464816 6.484544 0.060026
v -0.545017 6.722395 0.053295
v -0.092293 6.718233 0.196283
v 0.005205 6.655635 0.420934
v 0.071430 6.600862 0.611494
v -0.323804 6.457407 0.931512
v -0.465245 6.600861 0.442504
v -0.314481 6.655635 0.320271
v -0.182071 6.484544 0.481400
v -0.206244 6.722395 0.558168
v -0.479543 6.666773 0.305173
v -0.658054 6.595575 0.449926
v -0.811901 6.533277 0.548590
v -1.167863 6.370115 0.247399
v -0.765733 6.533277 -0.001447
v -0.630735 6.595574 0.124450
v -0.733033 6.420882 0.283897
v -0.831776 6.651605 0.275608
v -0.414505 6.666773 0.402100
v -0.312469 6.595575 0.608032
v -0.249982 6.533278 0.779784
v -0.621966 6.370115 1.060949
v -0.776470 6.533277 0.614002
v -0.624009 6.595574 0.509933
v -0.490907 6.420882 0.644736
v -0.520668 6.651604 0.739251
v -0.792141 6.615313 0.525318
v -0.952269 6.538873 0.677528
v -1.088046 6.471990 0.759077
v -1.401810 6.296816 0.474145
v -1.044318 6.471990 0.238111
v -0.925426 6.538874 0.357727
v -1.002625 6.363811 0.507651
v -1.118166 6.586538 0.497953
v -0.736717 6.615313 0.607917
v -0.623370 6.538873 0.797550
v -0.573615 6.471989 0.947917
v -0.920472 6.296815 1.191483
v -1.072276 6.471990 0.790897
v -0.929479 6.538874 0.701162
v -0.800158 6.363811 0.809389
v -0.834982 6.586538 0.919983
v 0.035441 6.704858 0.257345
v 0.075348 6.642260 0.506039
v 0.053594 6.587486 0.685963
v -0.391357 6.444032 0.899219
v -0.382308 6.587486 0.396122
v -0.205393 6.642260 0.319368
v -0.130068 6.471169 0.506260
v -0.174632 6.709020 0.573280
v 0.168903 6.704858 0.245577
v 0.420291 6.642261 0.261235
v 0.591052 6.587486 0.321954
v 0.701435 6.444032 0.802864
v 0.212594 6.587486 0.683601
v 0.176547 6.642260 0.494152
v 0.375415 6.471169 0.461690
v 0.431019 6.709021 0.519878
v 0.077608 6.631107 0.637349
v 0.129649 6.559909 0.871032
v 0.131532 6.497611 1.046479
v -0.304851 6.334449 1.212542
v -0.315005 6.497611 0.749566
v -0.157529 6.559909 0.680081
v -0.063241 6.385217 0.849177
v -0.118107 6.615938 0.931691
v 0.193882 6.631107 0.627097
v 0.433289 6.559909 0.627622
v 0.604870 6.497611 0.664298
v 0.671091 6.334449 1.126490
v 0.217178 6.497611 1.034768
v 0.183956 6.559909 0.865879
v 0.369625 6.385216 0.811010
v 0.438083 6.615938 0.882650
v 0.119775 6.557355 1.017353
v 0.181043 6.480917 1.234423
v 0.177222 6.414032 1.386174
v -0.218982 6.238859 1.526822
v -0.261237 6.414032 1.094632
v -0.099726 6.480916 1.047733
v 0.002822 6.305853 1.193244
v -0.061378 6.528581 1.289795
v 0.218861 6.557356 1.008617
v 0.444086 6.480917 0.996493
v 0.591296 6.414032 1.033532
v 0.641542 6.238859 1.450947
v 0.210617 6.414033 1.397300
v 0.200317 6.480917 1.229434
v 0.364789 6.305853 1.161328
v 0.444893 6.528581 1.245156
v 0.281922 7.650146 -0.081621
v 0.456534 7.591183 -0.232003
v 0.609226 7.539589 -0.324366
v 1.007980 7.404464 -0.079897
v 0.608081 7.539589 0.157786
v 0.455770 7.591183 0.089530
v 0.563482 7.430026 -0.080953
v 0.639292 7.654067 -0.080773
v 0.204804 7.650146 -0.178489
v 0.096420 7.591183 -0.381853
v 0.039827 7.539589 -0.551096
v 0.365866 7.404464 -0.886459
v 0.509969 7.539589 -0.444140
v 0.409943 7.591183 -0.310527
v 0.267263 7.430026 -0.453035
v 0.284080 7.654067 -0.526957
v 0.521400 7.566991 -0.282464
v 0.677912 7.499928 -0.433739
v 0.814754 7.441247 -0.521677
v 1.172031 7.287559 -0.280919
v 0.813547 7.441247 -0.013402
v 0.677167 7.499927 -0.120076
v 0.761010 7.335378 -0.281895
v 0.854346 7.552703 -0.281673
v 0.454215 7.566991 -0.366856
v 0.340986 7.499927 -0.552757
v 0.285231 7.441246 -0.705565
v 0.598544 7.287558 -1.001279
v 0.780844 7.441246 -0.592815
v 0.646835 7.499928 -0.483178
v 0.507367 7.335378 -0.600497
v 0.528072 7.552703 -0.691508
v 0.760879 7.483836 -0.483307
v 0.899546 7.411835 -0.633739
v 1.020845 7.348834 -0.750940
v 1.337165 7.183832 -0.481938
v 1.019616 7.348834 -0.233851
v 0.898826 7.411835 -0.330756
v 0.959837 7.246936 -0.482834
v 1.069052 7.456732 -0.482575
v 0.703625 7.483835 -0.555224
v 0.587301 7.411834 -0.723530
v 0.499585 7.348834 -0.867598
v 0.831463 7.183832 -1.117154
v 1.003793 7.348834 -0.752892
v 0.882736 7.411834 -0.656319
v 0.747760 7.246937 -0.749226
v 0.771987 7.456732 -0.855720
v -0.019754 7.656240 -0.193607
v -0.201183 7.597277 -0.352322
v -0.298335 7.545684 -0.496709
v -0.084469 7.410559 -0.916777
v 0.208856 7.545684 -0.542097
v 0.115585 7.597277 -0.380668
v -0.044850 7.436120 -0.474047
v -0.051608 7.660161 -0.549556
v -0.109160 7.656240 -0.107950
v -0.303829 7.597277 0.034214
v -0.466022 7.545684 0.097302
v -0.828897 7.410559 -0.203558
v -0.398967 7.545684 -0.407482
v -0.261950 7.597276 -0.281050
v -0.388269 7.436120 -0.145026
v -0.463419 7.660161 -0.155009
v -0.241666 7.583242 -0.413704
v -0.403665 7.516179 -0.555983
v -0.519173 7.457498 -0.682825
v -0.299658 7.303811 -1.061747
v -0.028246 7.457498 -0.726757
v -0.096281 7.516179 -0.583490
v -0.263023 7.351630 -0.652361
v -0.271342 7.568955 -0.745325
v -0.319557 7.583242 -0.339079
v -0.493927 7.516179 -0.212263
v -0.643031 7.457497 -0.127416
v -0.964525 7.303810 -0.424754
v -0.578127 7.457497 -0.616012
v -0.453288 7.516179 -0.518188
v -0.557081 7.351630 -0.370631
v -0.649604 7.568955 -0.382921
v -0.463578 7.510244 -0.633801
v -0.643762 7.438244 -0.756539
v -0.756068 7.375243 -0.867993
v -0.514944 7.210241 -1.207796
v -0.246697 7.375243 -0.913576
v -0.314716 7.438243 -0.785984
v -0.481312 7.273345 -0.831969
v -0.491046 7.483140 -0.940749
v -0.529955 7.510244 -0.570207
v -0.689251 7.438243 -0.421360
v -0.822640 7.375243 -0.336259
v -1.101225 7.210241 -0.646093
v -0.755297 7.375243 -0.843213
v -0.645749 7.438243 -0.748845
v -0.727181 7.273346 -0.596407
v -0.835445 7.483140 -0.610788
v -0.111422 7.651646 0.103885
v -0.266102 7.592681 0.289626
v -0.409946 7.541088 0.375694
v -0.833037 7.405963 0.184102
v -0.464682 7.541088 -0.116706
v -0.302338 7.592682 -0.036350
v -0.391259 7.431525 0.134993
v -0.466605 7.655566 0.143368
v -0.023866 7.651646 0.191432
v 0.123390 7.592681 0.383112
v 0.175783 7.541089 0.542341
v -0.104010 7.405963 0.913055
v -0.316622 7.541088 0.487654
v -0.202590 7.592681 0.346909
v -0.054945 7.431525 0.471273
v -0.063313 7.655566 0.546620
v -0.326707 7.570989 0.330469
v -0.465265 7.503925 0.497394
v -0.590952 7.445244 0.603433
v -0.973357 7.291556 0.402352
v -0.644732 7.445244 0.119634
v -0.499667 7.503925 0.187921
v -0.564851 7.339376 0.356941
v -0.657616 7.556701 0.367253
v -0.250428 7.570989 0.406740
v -0.117989 7.503925 0.578561
v -0.042126 7.445244 0.724459
v -0.322245 7.291556 1.053398
v -0.525930 7.445244 0.670728
v -0.427465 7.503925 0.544190
v -0.276876 7.339376 0.644887
v -0.287179 7.556701 0.737653
v -0.541992 7.490331 0.557052
v -0.661295 7.418330 0.735694
v -0.772464 7.355330 0.831023
v -1.114753 7.190328 0.620721
v -0.830120 7.355330 0.312357
v -0.695895 7.418330 0.424439
v -0.739734 7.253432 0.579033
v -0.848280 7.463227 0.591099
v -0.476989 7.490331 0.622049
v -0.328893 7.418330 0.777656
v -0.260292 7.355330 0.907039
v -0.540601 7.190328 1.194815
v -0.778964 7.355330 0.849435
v -0.640151 7.418330 0.743087
v -0.498950 7.253432 0.819792
v -0.511006 7.463227 0.928340
v 0.151421 7.651161 0.205751
v 0.293493 7.592197 0.387697
v 0.375616 7.540605 0.544687
v 0.113389 7.405480 0.930814
v -0.103198 7.540604 0.519571
v -0.017638 7.592197 0.371377
v 0.136673 7.431041 0.486926
v 0.132702 7.655082 0.562632
v 0.252024 7.651162 0.133574
v 0.460719 7.592198 0.034907
v 0.631907 7.540605 -0.010751
v 0.951054 7.405480 0.329839
v 0.502298 7.540605 0.450871
v 0.376500 7.592197 0.334868
v 0.523103 7.431041 0.209685
v 0.596092 7.655082 0.230177
v 0.340037 7.569698 0.454974
v 0.485850 7.502635 0.618989
v 0.570134 7.443954 0.760231
v 0.305955 7.290266 1.104714
v 0.056203 7.443954 0.733273
v 0.175183 7.502635 0.602693
v 0.327485 7.338085 0.694255
v 0.322596 7.555411 0.787463
v 0.427683 7.569699 0.392093
v 0.619706 7.502635 0.285839
v 0.776004 7.443954 0.234615
v 1.054094 7.290266 0.567969
v 0.636889 7.443954 0.730093
v 0.535612 7.502635 0.585351
v 0.658373 7.338085 0.456863
v 0.748235 7.555411 0.482093
v 0.528652 7.488233 0.704197
v 0.669829 7.416233 0.850101
v 0.771866 7.353231 0.976640
v 0.498465 7.188230 1.279693
v 0.242078 7.353231 0.948851
v 0.360650 7.416233 0.833884
v 0.518230 7.251335 0.902883
v 0.512509 7.461130 1.011948
v 0.603342 7.488234 0.650611
v 0.776678 7.416232 0.544905
v 0.922529 7.353231 0.473134
v 1.158176 7.188230 0.806390
v 0.779122 7.353232 0.983900
v 0.692987 7.416232 0.842983
v 0.794894 7.251335 0.704393
v 0.900043 7.461130 0.733915
v 0.090000 8.161378 0.000000
v 0.131365 8.253299 -0.039869
v 0.167559 8.333731 -0.058806
v 0.262353 8.544385 -0.000000
v 0.167559 8.333731 0.062726
v 0.131365 8.253299 0.040873
v 0.192509 8.317897 0.000000
v 0.139162 8.341903 0.000000
v 0.090000 8.236379 0.000000
v 0.033966 8.328300 -0.000123
v -0.010415 8.408730 -0.005296
v -0.036976 8.619385 -0.116545
v 0.076415 8.408730 -0.099897
v 0.086149 8.328300 -0.056976
v 0.014480 8.392898 -0.069317
v 0.053782 8.416903 -0.033243
v 0.090000 8.311378 -0.000000
v 0.131761 8.403299 0.037933
v 0.156321 8.483729 0.072152
v 0.104737 8.694385 0.171722
v 0.032729 8.483730 0.082759
v 0.051988 8.403300 0.044779
v 0.098765 8.467897 0.102134
v 0.094204 8.491903 0.048982
v 0.090000 8.386378 0.000000
v 0.082131 8.478299 -0.058308
v 0.090809 8.558730 -0.097324
v 0.195261 8.769384 -0.136476
v 0.188148 8.558730 -0.022249
v 0.146710 8.478299 -0.008499
v 0.152605 8.542897 -0.081171
v 0.120025 8.566903 -0.038928
v 0.090000 8.461378 0.000000
v 0.055904 8.553299 0.045589
v 0.024941 8.633730 0.078943
v -0.079833 8.844384 0.029367
v 0.002227 8.633729 -0.052414
v 0.043042 8.553299 -0.028798
v -0.011010 8.617897 0.017466
v 0.041557 8.641903 0.008377
v 0.090000 8.536378 -0.000000
v 0.147503 8.628299 -0.012953
v 0.188314 8.708731 -0.009503
v 0.234977 8.919384 0.093206
v 0.122300 8.708730 0.093178
v 0.104165 8.628299 0.054457
v 0.176227 8.692897 0.055435
v 0.131353 8.716903 0.026586
v 0.090000 8.611379 -0.000000
v 0.042114 8.703300 -0.030191
v 0.005718 8.783731 -0.058054
v 0.046219 8.994385 -0.166700
v 0.134847 8.783731 -0.091967
v 0.117347 8.703300 -0.049950
v 0.063961 8.767898 -0.099147
v 0.077512 8.791903 -0.047549
v 0.090000 8.686378 -0.000000
v 0.107376 8.778299 0.055949
v 0.107265 8.858730 0.096820
v 0.009532 9.069386 0.152415
v -0.003533 8.858729 0.038323
v 0.038549 8.778298 0.019612
v 0.042141 8.842897 0.090651
v 0.067047 8.866903 0.043475
v 0.090000 8.761378 -0.000000
v 0.115922 8.853299 -0.050470
v 0.142299 8.933730 -0.084269
v 0.252346 9.144384 -0.057875
v 0.185131 8.933730 0.035881
v 0.142506 8.853300 0.024100
v 0.186557 8.917897 -0.034422
v 0.136307 8.941903 -0.016508
v 0.090000 8.836378 -0.000000
v 0.037188 8.928299 0.018675
v -0.006062 9.008730 0.028018
v -0.068738 9.219385 -0.067141
v 0.042921 9.008730 -0.087790
v 0.068294 8.928299 -0.054867
v -0.004411 8.992897 -0.039933
v 0.044722 9.016903 -0.019151
v 0.090000 8.911378 -0.000000
v 0.141527 9.003300 0.021957
v 0.182053 9.083730 0.043250
v 0.161544 9.294385 0.156803
v 0.061376 9.083730 0.098311
v 0.073238 9.003299 0.053115
v 0.132552 9.067898 0.093260
v 0.110407 9.091903 0.044726
v 0.090000 8.986379 -0.000000
v 0.064176 9.078300 -0.051900
v 0.049808 9.158731 -0.094636
v 0.143322 9.369386 -0.163897
v 0.173799 9.158731 -0.054297
v 0.137996 9.078299 -0.027884
v 0.121714 9.142898 -0.097480
v 0.105209 9.166904 -0.046750
vn 0.0003 -0.0036 -1.0000
vn 0.8659 -0.0099 -0.5001
vn 0.8663 0.0218 0.4990
vn 0.0011 0.0597 0.9982
vn -0.8645 0.0660 0.4983
vn 0.0255 0.9992 -0.0317
vn -0.8649 0.0343 -0.5008
vn -0.0255 -0.9992 0.0317
vn 0.0004 0.0063 -1.0000
vn 0.8660 -0.0014 -0.5001
vn 0.8662 0.0203 0.4993
vn 0.0008 0.0498 0.9988
vn -0.8648 0.0576 0.4989
vn 0.0215 0.9995 -0.0218
vn -0.8650 0.0358 -0.5005
vn -0.0215 -0.9995 0.0218
vn 0.0004 0.0230 -0.9997
vn 0.8660 0.0134 -0.4999
vn 0.8660 0.0184 0.4997
vn 0.0004 0.0331 0.9995
vn -0.8652 0.0428 0.4996
vn 0.0141 0.9999 -0.0051
vn -0.8652 0.0377 -0.5000
vn -0.0141 -0.9999 0.0051
vn 0.0002 0.0413 -0.9991
vn 0.8658 0.0309 -0.4994
vn 0.8658 0.0176 0.5001
vn 0.0001 0.0149 0.9999
vn -0.8656 0.0253 0.5002
vn 0.0044 0.9999 0.0132
vn -0.8655 0.0385 -0.4994
vn -0.0044 -0.9999 -0.0132
vn -0.0002 0.0554 -0.9985
vn 0.8655 0.0469 -0.4988
vn 0.8655 0.0195 0.5004
vn 0.8655 0.0195 0.5005
vn -0.0001 0.0007 1.0000
vn -0.8658 0.0093 0.5003
vn -0.0059 0.9996 0.0274
vn -0.8659 0.0366 -0.4989
vn 0.0059 -0.9996 -0.0274
vn -0.0007 0.0610 -0.9981
vn 0.8650 0.0578 -0.4984
vn 0.8653 0.0248 0.5007
vn -0.0002 -0.0049 1.0000
vn -0.8659 -0.0017 0.5002
vn -0.0153 0.9993 0.0330
vn -0.8661 0.0313 -0.4988
vn 0.0153 -0.9993 -0.0330
vn -0.3350 -0.3100 -0.8898
vn -0.4592 -0.8839 -0.0885
vn -0.0311 -0.6343 0.7724
vn 0.5213 0.1892 0.8321
vn 0.6455 0.7631 0.0309
vn 0.8122 -0.5266 -0.2512
vn 0.2174 0.5135 -0.8301
vn -0.8122 0.5266 0.2512
vn -0.0201 -0.9048 0.4253
vn 0.8507 -0.4930 0.1825
vn 0.8722 0.3515 -0.3403
vn 0.0229 0.7840 -0.6203
vn -0.8479 0.3722 -0.3775
vn 0.0120 -0.5266 -0.8500
vn -0.8694 -0.4723 0.1453
vn -0.0120 0.5266 0.8500
vn 0.3706 -0.3327 -0.8672
vn -0.1773 0.4958 -0.8502
vn -0.6402 0.7681 -0.0145
vn -0.5552 0.2119 0.8043
vn -0.0073 -0.6166 0.7873
vn -0.8047 -0.5266 -0.2741
vn 0.4556 -0.8889 -0.0484
vn 0.8047 0.5266 0.2741
vn -0.7859 0.6157 0.0567
vn -0.0334 0.7159 0.6974
vn 0.6941 0.0398 0.7188
vn 0.6691 -0.7365 0.0994
vn -0.0835 -0.8367 -0.5413
vn -0.5094 -0.5266 0.6806
vn -0.8110 -0.1606 -0.5626
vn 0.5094 0.5266 -0.6806
vn 0.7704 0.6298 0.0992
vn 0.8375 -0.1368 -0.5291
vn 0.1233 -0.8270 -0.5486
vn -0.6580 -0.7506 0.0602
vn -0.7251 0.0160 0.6885
vn 0.4899 -0.5266 0.6948
vn -0.0109 0.7062 0.7080
vn -0.4899 0.5266 -0.6948
vn 0.6147 -0.0111 -0.7887
vn -0.6264 -0.7776 -0.0547
vn -0.5359 0.0717 -0.8412
vn 0.5252 -0.8509 -0.0108
vn -0.6023 0.0098 0.7982
vn 0.6385 0.7676 0.0549
vn 0.5490 -0.0723 0.8327
vn -0.5118 0.8590 0.0117
vn -0.6371 -0.6716 0.3783
vn 0.8902 -0.4312 -0.1472
vn 0.3574 -0.3331 0.8725
vn 0.1034 0.7727 0.6263
vn -0.0934 -0.7659 -0.6361
vn 0.6390 0.6625 -0.3908
vn -0.8911 0.4343 0.1320
vn -0.3446 0.3277 -0.8797
vn 0.1059 -0.7728 -0.6258
vn 0.8756 0.4734 0.0961
vn 0.6765 -0.6373 0.3689
vn 0.3027 0.3258 -0.8956
vn -0.1164 0.7790 0.6162
vn -0.6784 0.6280 -0.3813
vn -0.3155 -0.3318 0.8890
vn -0.5089 -0.1162 -0.8529
vn 0.5005 0.8654 -0.0258
vn 0.6384 -0.0154 -0.7696
vn -0.6502 0.0136 0.7596
vn 0.4955 0.1158 0.8609
vn -0.6453 0.7548 -0.1173
vn -0.5139 -0.8575 0.0240
vn 0.6334 -0.7649 0.1171
vn -0.1055 0.7364 -0.6683
vn 0.1897 0.3917 0.9003
vn 0.8477 0.5291 -0.0387
vn 0.7505 -0.6055 -0.2649
vn -0.8491 -0.5255 0.0537
vn 0.0936 -0.7305 0.6765
vn -0.2026 -0.3982 -0.8946
vn -0.7530 0.5966 0.2775
vn 0.1022 0.7365 -0.6687
vn 0.8576 -0.5097 0.0680
vn 0.2235 -0.3967 -0.8903
vn -0.7352 -0.6198 -0.2746
vn 0.7377 0.6110 0.2873
vn -0.0905 -0.7303 0.6771
vn -0.2105 0.3905 0.8962
vn -0.8565 0.5134 -0.0529
vn -0.0936 -0.8568 -0.5070
vn 0.5739 -0.1501 0.8051
vn -0.4315 -0.6875 0.5841
vn 0.9004 -0.3255 -0.2886
vn 0.1004 0.8636 0.4942
vn -0.5618 0.1454 -0.8144
vn 0.4322 0.6768 -0.5960
vn -0.9050 0.3261 0.2733
vn 0.0599 -0.6672 -0.7424
vn 0.8086 0.5882 -0.0145
vn 0.8159 -0.5647 0.1244
vn 0.0527 0.4725 -0.8797
vn -0.0735 0.6730 0.7360
vn -0.8122 -0.5834 -0.0005
vn -0.8194 0.5564 -0.1378
vn -0.0662 -0.4799 0.8748
vn 0.3466 0.2497 -0.9042
vn -0.6006 0.7244 0.3385
vn 0.5159 0.8535 0.0731
vn 0.7575 -0.1309 0.6396
vn -0.7679 0.1274 -0.6278
vn -0.3617 -0.2489 0.8985
vn 0.5883 -0.7348 -0.3378
vn -0.4873 0.6991 0.5232
vn 0.9094 0.3382 -0.2420
vn -0.0967 0.8255 -0.5561
vn 0.0889 -0.8181 0.5681
vn 0.4861 -0.7092 -0.5107
vn 0.5074 0.2174 0.8338
vn -0.9058 -0.3364 0.2576
vn -0.5200 -0.2219 -0.8248
vn 0.7244 0.6277 0.2850
vn 0.2379 -0.4047 -0.8830
vn 0.0947 0.7292 -0.6777
vn 0.8660 -0.4934 0.0820
vn -0.7218 -0.6365 -0.2717
vn -0.0829 -0.7226 0.6863
vn -0.2244 0.3985 0.8893
vn -0.8650 0.4974 -0.0664
vn -0.5959 0.0266 -0.8026
vn 0.5081 -0.8612 0.0094
vn -0.6421 -0.7653 0.0454
vn -0.5403 0.0774 0.8379
vn 0.5538 -0.0783 -0.8290
vn 0.6087 -0.0281 0.7929
vn -0.4942 0.8693 -0.0101
vn 0.6543 0.7548 -0.0455
vn 0.0472 -0.6465 -0.7614
vn 0.7858 0.6173 -0.0377
vn 0.8401 -0.5378 0.0711
vn -0.0063 0.4949 -0.8689
vn -0.0619 0.6522 0.7555
vn -0.8441 0.5294 -0.0851
vn -0.7905 -0.6121 0.0224
vn -0.0077 -0.5029 0.8643
vn -0.7624 0.1314 -0.6336
vn 0.5259 0.8477 0.0690
vn 0.3551 0.2372 -0.9042
vn -0.5937 0.7347 0.3282
vn 0.7515 -0.1348 0.6458
vn -0.5396 -0.8395 -0.0635
vn -0.3708 -0.2362 0.8982
vn 0.5807 -0.7454 -0.3274
vn -0.0909 0.8159 -0.5710
vn 0.5104 0.2286 0.8290
vn 0.9119 0.3260 -0.2494
vn 0.4792 -0.7228 -0.4978
vn -0.4806 0.7126 0.5111
vn 0.0829 -0.8079 0.5835
vn -0.9081 -0.3239 0.2655
vn -0.5236 -0.2330 -0.8195
vn 0.8431 0.5310 0.0845
vn 0.0088 -0.5042 -0.8636
vn 0.0610 0.6512 -0.7565
vn 0.7916 -0.6107 -0.0213
vn -0.8391 -0.5394 -0.0705
vn 0.0052 0.4962 0.8682
vn -0.0463 -0.6455 0.7624
vn -0.7869 0.6159 0.0365
vn -0.7220 -0.0441 -0.6905
vn 0.4539 -0.8887 0.0648
vn -0.6660 -0.6956 0.2694
vn -0.3835 0.2441 0.8907
vn 0.3986 -0.2448 -0.8838
vn 0.7332 0.0401 0.6789
vn -0.4395 0.8956 -0.0691
vn 0.6778 0.6840 -0.2698
vn -0.0822 -0.8213 -0.5646
vn 0.5522 -0.2050 0.8081
vn -0.4486 -0.7226 0.5260
vn 0.4497 0.7121 -0.5391
vn 0.0897 0.8291 0.5518
vn 0.9068 -0.3098 -0.2859
vn -0.5393 0.2007 -0.8178
vn -0.9111 0.3116 0.2698
vn 0.2170 0.3690 -0.9037
vn -0.5396 0.6683 0.5120
vn 0.5292 0.8412 0.1108
vn -0.2341 -0.3675 0.9001
vn 0.8387 -0.2074 0.5036
vn -0.8481 0.2019 -0.4900
vn -0.5424 -0.8339 -0.1019
vn 0.5264 -0.6796 -0.5109
vn -0.1791 0.7394 0.6490
vn 0.8771 0.1594 -0.4531
vn -0.0407 0.8708 -0.4899
vn 0.0376 -0.8623 0.5050
vn 0.1787 -0.7510 -0.6357
vn 0.7273 0.0368 0.6853
vn -0.8688 -0.1597 0.4687
vn -0.7391 -0.0395 -0.6725
vn 0.0997 0.6865 -0.7202
vn 0.7345 -0.6741 -0.0780
vn -0.0557 -0.4521 -0.8902
vn -0.8844 -0.4605 -0.0761
vn 0.0696 0.4424 0.8941
vn -0.0840 -0.6823 0.7262
vn -0.7289 0.6781 0.0939
vn 0.1541 -0.4318 -0.8887
vn -0.4203 -0.6599 0.6228
vn -0.8750 -0.2966 -0.3827
vn 0.6033 -0.7907 0.1044
vn -0.1369 0.4346 0.8902
vn 0.4340 0.6492 -0.6246
vn 0.8831 0.2904 0.3684
vn -0.5916 0.7979 -0.1153
vn -0.0561 -0.8614 -0.5047
vn 0.6897 -0.0798 0.7197
vn -0.2648 -0.7352 0.6240
vn 0.8865 -0.2141 -0.4102
vn 0.0607 0.8696 0.4899
vn 0.2653 0.7236 -0.6372
vn -0.6774 0.0763 -0.7317
vn -0.8937 0.2142 0.3942
vn 0.0438 -0.6336 -0.7724
vn 0.7028 0.7034 -0.1057
vn 0.8985 -0.4386 -0.0208
vn -0.1495 0.4944 -0.8563
vn -0.0601 0.6377 0.7679
vn -0.7098 -0.6985 0.0905
vn -0.9030 0.4295 0.0067
vn 0.1356 -0.5043 0.8528
vn -0.0247 0.9268 -0.3747
vn 0.7766 -0.0866 0.6240
vn 0.8493 0.1713 -0.4993
vn 0.0861 -0.6728 -0.7348
vn -0.8396 -0.1740 0.5145
vn 0.0232 -0.9199 0.3915
vn -0.7880 0.0827 -0.6101
vn -0.0862 0.6593 0.7470
vn 0.9216 0.2861 -0.2623
vn -0.3886 -0.5739 -0.7209
vn -0.0437 0.5286 -0.8478
vn 0.5812 -0.8022 -0.1370
vn -0.9146 -0.2945 0.2770
vn 0.4024 0.5619 0.7227
vn 0.0619 -0.5263 0.8480
vn -0.5698 0.8080 0.1501
vn 0.2076 -0.3870 -0.8984
vn -0.4866 -0.6782 0.5507
vn -0.8523 -0.2432 -0.4631
vn 0.5685 -0.8163 0.1021
vn -0.1893 0.3892 0.9015
vn 0.8619 0.2371 0.4483
vn -0.5550 0.8242 -0.1123
vn 0.5009 0.6664 -0.5522
vn 0.0024 -0.9126 -0.4089
vn 0.8250 0.1199 0.5523
vn 0.0091 -0.6896 0.7241
vn -0.0091 0.6762 -0.7367
vn -0.0025 0.9200 0.3920
vn 0.8078 -0.1136 -0.5785
vn -0.8184 0.1105 0.5639
vn -0.8145 -0.1229 -0.5670
vn -0.0655 -0.5148 -0.8548
vn 0.6588 0.7444 -0.1089
vn 0.8939 -0.3879 -0.2248
vn -0.2975 0.6027 -0.7404
vn 0.0474 0.5189 0.8535
vn -0.9009 0.3802 0.2094
vn 0.2825 -0.6133 0.7376
vn -0.8772 0.2016 -0.4357
vn 0.5089 0.8504 0.1339
vn 0.1603 0.4261 -0.8904
vn -0.1784 -0.4249 0.8875
vn 0.8682 -0.2086 0.4502
vn -0.5331 0.6204 0.5752
vn -0.5225 -0.8436 -0.1235
vn 0.5196 -0.6328 -0.5740
vn -0.1987 0.4056 -0.8922
vn 0.4465 -0.8855 -0.1285
vn -0.6100 -0.6106 -0.5051
vn -0.8419 -0.1243 0.5251
vn 0.8521 0.1167 -0.5102
vn 0.2177 -0.4060 0.8876
vn -0.4306 0.8919 0.1381
vn -0.0109 -0.5956 -0.8032
vn -0.3268 -0.5086 0.7966
vn -0.9353 -0.3083 -0.1735
vn 0.5893 -0.7932 0.1536
vn 0.0303 0.5978 0.8011
vn 0.9414 0.2980 0.1581
vn 0.3412 0.4956 -0.7987
vn -0.5783 0.7981 -0.1690
vn -0.0008 -0.9104 -0.4136
vn 0.8210 0.1110 0.5600
vn -0.0030 -0.6934 0.7206
vn 0.8118 -0.1173 -0.5720
vn 0.0008 0.9185 0.3955
vn 0.0030 0.6790 -0.7342
vn -0.8232 0.1141 0.5561
vn -0.8096 -0.1142 -0.5758
vn 0.9206 -0.2541 -0.2966
vn -0.4445 0.5376 -0.7165
vn 0.5279 0.8325 -0.1679
vn 0.0377 0.5356 0.8436
vn -0.5407 -0.8270 0.1542
vn -0.9279 0.2448 0.2811
vn 0.4304 -0.5511 0.7149
vn 0.0360 0.5314 -0.8464
vn -0.3061 0.5871 0.7494
vn 0.6463 0.7539 0.1180
vn 0.9005 -0.3763 0.2180
vn -0.6572 -0.7466 -0.1030
vn -0.0555 -0.5272 0.8479
vn 0.2902 -0.5989 -0.7464
vn 0.0367 0.9129 -0.4065
vn 0.8537 -0.1822 0.4878
vn 0.7655 0.0383 -0.6423
vn -0.1348 -0.6946 -0.7066
vn -0.7528 -0.0424 0.6569
vn -0.0341 -0.9049 0.4243
vn -0.8637 0.1800 -0.4708
vn 0.1350 0.6803 0.7204
vn -0.9344 -0.3475 -0.0788
vn 0.6287 -0.7641 0.1445
vn -0.2410 -0.4743 0.8468
vn 0.9400 0.3355 0.0619
vn 0.0751 0.6422 0.7628
vn 0.2571 0.4603 -0.8497
vn -0.6183 0.7689 -0.1627
vn 0.8881 -0.4476 0.1043
vn -0.0613 0.4108 -0.9097
vn 0.7213 0.6845 -0.1058
vn -0.1226 0.7088 0.6947
vn -0.7280 -0.6802 0.0857
vn -0.8924 0.4347 -0.1213
vn 0.0443 -0.4233 0.9049
vn -0.1259 0.7062 -0.6967
vn -0.0980 0.4067 0.9083
vn 0.6968 0.7062 0.1259
vn 0.1061 -0.7021 0.7041
vn 0.9040 -0.4197 -0.0814
vn -0.9083 0.4067 0.0982
vn 0.0813 -0.4197 -0.9040
vn -0.7042 -0.7021 -0.1060
vn 0.8118 0.4876 0.3213
vn 0.1515 -0.3192 -0.9355
vn 0.1682 0.7910 -0.5882
vn -0.1509 -0.7857 0.5999
vn -0.8093 -0.5019 -0.3053
vn 0.7953 -0.6058 -0.0207
vn -0.1344 0.3077 0.9419
vn -0.7926 0.6084 0.0420
vn -0.2112 -0.7392 -0.6395
vn 0.2183 0.9382 -0.2684
vn -0.1037 -0.7598 -0.6418
vn 0.3228 0.9062 -0.2732
vn 0.2248 -0.9130 -0.3405
vn 0.6525 0.7573 0.0290
vn -0.3012 -0.9151 0.2682
vn 0.1274 0.7590 0.6385
vn -0.6641 -0.7471 -0.0308
vn -0.2395 0.9109 0.3360
vn -0.6713 -0.7343 -0.1010
vn -0.2447 0.9320 0.2676
vn -0.6703 -0.7392 0.0657
vn -0.2139 0.9382 -0.2719
vn -0.6489 -0.7598 -0.0397
vn -0.1957 0.9062 -0.3749
vn -0.2828 -0.9130 -0.2940
vn 0.1715 0.7573 -0.6302
vn 0.1955 -0.9151 0.3528
vn 0.6509 0.7590 0.0159
vn -0.1758 -0.7471 0.6411
vn 0.2752 0.9109 0.3074
vn -0.2459 -0.7343 0.6328
vn 0.2073 0.9320 0.2974
vn -0.2567 -0.6713 -0.6953
vn 0.2645 0.9327 -0.2450
vn -0.1889 -0.6906 -0.6982
vn 0.3313 0.9101 -0.2487
vn 0.1775 -0.9128 -0.3679
vn 0.7034 0.7055 0.0865
vn -0.3311 -0.9176 0.2199
vn 0.1976 0.7092 0.6767
vn -0.7075 -0.7009 -0.0906
vn -0.1828 0.9138 0.3628
vn -0.7169 -0.6762 -0.1700
vn -0.1918 0.9395 0.2837
vn -0.7347 -0.6713 0.0978
vn -0.1809 0.9327 -0.3119
vn -0.7226 -0.6906 0.0310
vn -0.1699 0.9101 -0.3779
vn -0.3200 -0.9128 -0.2539
vn 0.2388 0.7055 -0.6673
vn 0.1419 -0.9176 0.3713
vn 0.7036 0.7092 -0.0443
vn -0.2437 -0.7009 0.6704
vn 0.3138 0.9138 0.2579
vn -0.3232 -0.6762 0.6621
vn 0.2347 0.9395 0.2494
vn -0.3203 -0.6042 -0.7296
vn 0.2863 0.9358 -0.2055
vn -0.2468 -0.6343 -0.7326
vn 0.3612 0.9092 -0.2073
vn 0.1348 -0.9113 -0.3892
vn 0.7488 0.6475 0.1413
vn -0.3810 -0.9002 0.2107
vn 0.2256 0.6397 0.7348
vn -0.7553 -0.6485 -0.0940
vn -0.1491 0.8905 0.4298
vn -0.7694 -0.6036 -0.2089
vn -0.1633 0.9350 0.3148
vn -0.7821 -0.6042 0.1524
vn -0.1376 0.9358 -0.3244
vn -0.7689 -0.6343 0.0800
vn -0.1230 0.9092 -0.3979
vn -0.3501 -0.9113 -0.2169
vn 0.3023 0.6475 -0.6996
vn 0.1220 -0.9002 0.4180
vn 0.7664 0.6397 -0.0588
vn -0.2575 -0.6485 0.7163
vn 0.3866 0.8905 0.2398
vn -0.3727 -0.6036 0.7048
vn 0.2713 0.9350 0.2284
vn -0.6702 -0.7350 -0.1026
vn -0.1521 0.9329 -0.3264
vn -0.6494 -0.7452 -0.1516
vn -0.1328 0.9176 -0.3747
vn -0.2020 -0.9206 -0.3342
vn 0.3212 0.7636 -0.5601
vn 0.1056 -0.9198 0.3779
vn 0.6283 0.7629 0.1521
vn -0.3329 -0.7450 0.5780
vn 0.1833 0.9167 0.3551
vn -0.3842 -0.7347 0.5592
vn 0.1337 0.9325 0.3355
vn -0.2473 -0.7350 0.6314
vn -0.3519 0.9329 0.0768
vn -0.2904 -0.7452 0.6003
vn -0.3947 0.9176 0.0474
vn -0.3704 -0.9206 0.1237
vn -0.4760 0.7636 -0.4363
vn 0.3918 -0.9198 -0.0201
vn 0.2863 0.7629 -0.5796
vn 0.4908 -0.7450 0.4517
vn 0.3866 0.9167 -0.1009
vn 0.4612 -0.7347 0.4975
vn 0.3567 0.9325 -0.0568
vn -0.7380 -0.6707 -0.0737
vn -0.1061 0.9320 -0.3466
vn -0.7208 -0.6836 -0.1146
vn -0.0895 0.9176 -0.3872
vn -0.2497 -0.9178 -0.3088
vn 0.3919 0.7094 -0.5858
vn 0.0611 -0.9107 0.4086
vn 0.6976 0.7039 0.1337
vn -0.3894 -0.6864 0.6142
vn 0.2394 0.9085 0.3426
vn -0.4486 -0.6691 0.5925
vn 0.1818 0.9297 0.3202
vn -0.2340 -0.6707 0.7039
vn -0.3615 0.9320 0.0275
vn -0.2700 -0.6836 0.6781
vn -0.3974 0.9176 0.0023
vn -0.3560 -0.9178 0.1758
vn -0.4855 0.7094 -0.5109
vn 0.4121 -0.9107 0.0301
vn 0.2836 0.7039 -0.6513
vn 0.5137 -0.6864 0.5148
vn 0.3868 0.9085 -0.1583
vn 0.4795 -0.6691 0.5678
vn 0.3523 0.9297 -0.1070
vn -0.7994 -0.5983 -0.0541
vn -0.0705 0.9268 -0.3689
vn -0.7929 -0.6052 -0.0706
vn -0.0637 0.9205 -0.3855
vn -0.2887 -0.9148 -0.2825
vn 0.4592 0.6500 -0.6055
vn 0.0158 -0.9076 0.4194
vn 0.7578 0.6449 0.0990
vn -0.4280 -0.6521 0.6257
vn 0.3134 0.8991 0.3056
vn -0.5318 -0.6068 0.5908
vn 0.2073 0.9398 0.2716
vn -0.2283 -0.5983 0.7680
vn -0.3754 0.9268 -0.0122
vn -0.2429 -0.6052 0.7581
vn -0.3901 0.9205 -0.0224
vn -0.3390 -0.9148 0.2196
vn -0.4899 0.6500 -0.5809
vn 0.4127 -0.9076 0.0767
vn 0.2629 0.6449 -0.7176
vn 0.5165 -0.6521 0.5549
vn 0.3669 0.8991 -0.2387
vn 0.4597 -0.6068 0.6485
vn 0.3105 0.9398 -0.1427
vn -0.4578 -0.7311 0.5059
vn -0.3696 0.9279 -0.0485
vn -0.4793 -0.7378 0.4753
vn -0.3913 0.9170 -0.0776
vn -0.3934 -0.9193 -0.0090
vn -0.3039 0.7625 -0.5711
vn 0.3695 -0.9224 0.1125
vn 0.4592 0.7651 -0.4514
vn 0.2995 -0.7379 0.6048
vn 0.3877 0.9204 0.0507
vn 0.2748 -0.7321 0.6233
vn 0.3631 0.9292 0.0681
vn 0.3931 -0.7311 0.5576
vn -0.1284 0.9279 0.3499
vn 0.3585 -0.7378 0.5720
vn -0.1616 0.9170 0.3647
vn -0.0952 -0.9193 0.3818
vn -0.6239 0.7625 0.1712
vn 0.1909 -0.9224 -0.3358
vn -0.3396 0.7651 -0.5471
vn 0.6558 -0.7379 -0.1595
vn 0.1346 0.9204 -0.3671
vn 0.6684 -0.7321 -0.1313
vn 0.1461 0.9292 -0.3393
vn -0.4446 -0.6745 0.5894
vn -0.3359 0.9372 -0.0942
vn -0.4867 -0.6973 0.5263
vn -0.3780 0.9125 -0.1564
vn -0.3990 -0.9159 0.0444
vn -0.2894 0.7079 -0.6443
vn 0.3945 -0.9032 0.1692
vn 0.5026 0.6981 -0.5100
vn 0.3284 -0.6826 0.6529
vn 0.4352 0.9001 -0.0184
vn 0.2735 -0.6653 0.6947
vn 0.3808 0.9244 0.0204
vn 0.4775 -0.6745 0.5631
vn -0.1656 0.9372 0.3070
vn 0.4066 -0.6973 0.5903
vn -0.2356 0.9125 0.3345
vn -0.0442 -0.9159 0.3990
vn -0.6921 0.7079 0.1409
vn 0.2516 -0.9032 -0.3478
vn -0.3872 0.6981 -0.6023
vn 0.7090 -0.6826 -0.1771
vn 0.0776 0.9001 -0.4286
vn 0.7378 -0.6653 -0.1144
vn 0.1035 0.9244 -0.3670
vn -0.4719 -0.5989 0.6470
vn -0.3470 0.9277 -0.1378
vn -0.5179 -0.6289 0.5799
vn -0.3932 0.8965 -0.2044
vn -0.4277 -0.9000 0.0844
vn -0.3018 0.6395 -0.7071
vn 0.3722 -0.9035 0.2122
vn 0.4987 0.6420 -0.5824
vn 0.3054 -0.6367 0.7080
vn 0.4310 0.8987 -0.0813
vn 0.2348 -0.6020 0.7632
vn 0.3603 0.9325 -0.0257
vn 0.5276 -0.5989 0.6024
vn -0.2106 0.9277 0.3083
vn 0.4520 -0.6289 0.6326
vn -0.2857 0.8965 0.3387
vn -0.0116 -0.9000 0.4358
vn -0.7561 0.6395 0.1392
vn 0.2888 -0.9035 -0.3166
vn -0.4587 0.6420 -0.6143
vn 0.7578 -0.6367 -0.1426
vn 0.0153 0.8987 -0.4383
vn 0.7961 -0.6020 -0.0615
vn 0.0540 0.9325 -0.3571
vn 0.1671 -0.7333 0.6590
vn -0.2430 0.9308 0.2731
vn 0.0544 -0.7514 0.6576
vn -0.3512 0.8947 0.2759
vn -0.2554 -0.9024 0.3471
vn -0.6622 0.7485 -0.0357
vn 0.3020 -0.9217 -0.2436
vn -0.1135 0.7645 -0.6346
vn 0.6635 -0.7435 0.0839
vn 0.2538 0.9190 -0.3017
vn 0.6659 -0.7345 0.1303
vn 0.2552 0.9323 -0.2563
vn 0.6796 -0.7333 -0.0183
vn 0.2131 0.9308 0.2970
vn 0.6535 -0.7514 0.0913
vn 0.1921 0.8947 0.4032
vn 0.2826 -0.9024 0.3254
vn -0.1802 0.7485 0.6382
vn -0.1713 -0.9217 -0.3481
vn -0.6440 0.7645 -0.0286
vn 0.2275 -0.7435 -0.6289
vn -0.2386 0.9190 -0.3139
vn 0.2733 -0.7345 -0.6211
vn -0.1940 0.9323 -0.3052
vn 0.2163 -0.6679 0.7121
vn -0.2828 0.9280 0.2424
vn 0.1406 -0.6877 0.7122
vn -0.3565 0.9018 0.2444
vn -0.2051 -0.9055 0.3716
vn -0.7071 0.6998 -0.1009
vn 0.3473 -0.9130 -0.2141
vn -0.1589 0.7057 -0.6905
vn 0.6993 -0.7078 0.0995
vn 0.1945 0.9062 -0.3755
vn 0.7080 -0.6767 0.2020
vn 0.2024 0.9402 -0.2739
vn 0.7423 -0.6679 -0.0547
vn 0.1744 0.9280 0.3291
vn 0.7257 -0.6877 0.0191
vn 0.1602 0.9018 0.4014
vn 0.3175 -0.9055 0.2816
vn -0.2537 0.6998 0.6677
vn -0.1326 -0.9130 -0.3858
vn -0.7085 0.7057 0.0035
vn 0.2506 -0.7078 -0.6604
vn -0.3237 0.9062 -0.2722
vn 0.3525 -0.6767 -0.6464
vn -0.2228 0.9402 -0.2575
vn 0.2867 -0.6036 0.7440
vn -0.2965 0.9349 0.1951
vn 0.1887 -0.6423 0.7429
vn -0.3952 0.8980 0.1933
vn -0.1634 -0.9044 0.3943
vn -0.7498 0.6426 -0.1576
vn 0.3843 -0.9039 -0.1878
vn -0.2019 0.6423 -0.7394
vn 0.7702 -0.6165 0.1634
vn 0.1934 0.9048 -0.3793
vn 0.7725 -0.5970 0.2165
vn 0.1955 0.9248 -0.3265
vn 0.7888 -0.6036 -0.1164
vn 0.1252 0.9349 0.3321
vn 0.7662 -0.6423 -0.0210
vn 0.1019 0.8980 0.4280
vn 0.3488 -0.9044 0.2459
vn -0.3184 0.6426 0.6969
vn -0.0988 -0.9039 -0.4161
vn -0.7657 0.6423 0.0346
vn 0.3285 -0.6165 -0.7155
vn -0.3276 0.9048 -0.2720
vn 0.3808 -0.5970 -0.7061
vn -0.2756 0.9248 -0.2624
vn 0.6544 -0.7319 0.1901
vn 0.1160 0.9290 0.3515
vn 0.6381 -0.7381 0.2193
vn 0.1009 0.9193 0.3803
vn 0.1613 -0.9215 0.3534
vn -0.3851 0.7643 0.5172
vn -0.0603 -0.9208 -0.3854
vn -0.6063 0.7637 -0.2217
vn 0.4000 -0.7452 -0.5335
vn -0.1390 0.9178 -0.3719
vn 0.4471 -0.7351 -0.5097
vn -0.0935 0.9330 -0.3476
vn 0.3291 -0.7319 -0.5967
vn 0.3684 0.9290 -0.0360
vn 0.3540 -0.7381 -0.5744
vn 0.3932 0.9193 -0.0150
vn 0.3802 -0.9215 -0.0798
vn 0.4201 0.7643 0.4893
vn -0.3892 -0.9208 -0.0258
vn -0.3493 0.7637 0.5428
vn -0.4327 -0.7452 -0.5074
vn -0.3934 0.9178 0.0539
vn -0.3991 -0.7351 -0.5481
vn -0.3596 0.9330 0.0150
vn 0.7234 -0.6776 0.1321
vn 0.0573 0.9416 0.3318
vn 0.6333 -0.7247 0.2715
vn -0.0278 0.8824 0.4697
vn 0.2222 -0.8992 0.3768
vn -0.4336 0.6950 0.5735
vn -0.0049 -0.9210 -0.3896
vn -0.6767 0.7118 -0.1882
vn 0.4766 -0.6910 -0.5435
vn -0.1862 0.9200 -0.3448
vn 0.5248 -0.6744 -0.5195
vn -0.1381 0.9370 -0.3207
vn 0.2877 -0.6776 -0.6768
vn 0.3363 0.9416 0.0169
vn 0.4039 -0.7247 -0.5582
vn 0.4522 0.8824 0.1303
vn 0.4164 -0.8992 -0.1341
vn 0.4643 0.6950 0.5490
vn -0.3812 -0.9210 -0.0807
vn -0.3321 0.7118 0.6189
vn -0.4257 -0.6910 -0.5843
vn -0.3773 0.9200 0.1059
vn -0.3916 -0.6744 -0.6260
vn -0.3432 0.9370 0.0644
vn 0.7874 -0.6052 0.1172
vn 0.0182 0.9374 0.3478
vn 0.7210 -0.6552 0.2253
vn -0.0488 0.8886 0.4561
vn 0.2614 -0.9005 0.3474
vn -0.5067 0.6399 0.5777
vn 0.0343 -0.9092 -0.4150
vn -0.7412 0.6460 -0.1824
vn 0.5183 -0.6362 -0.5715
vn -0.2508 0.9060 -0.3409
vn 0.5899 -0.6039 -0.5360
vn -0.1776 0.9353 -0.3059
vn 0.2872 -0.6052 -0.7425
vn 0.3434 0.9374 0.0586
vn 0.3780 -0.6553 -0.6540
vn 0.4343 0.8886 0.1477
vn 0.3963 -0.9005 -0.1788
vn 0.4524 0.6399 0.6212
vn -0.3973 -0.9092 -0.1246
vn -0.3407 0.6460 0.6831
vn -0.4438 -0.6362 -0.6311
vn -0.3877 0.9060 0.1698
vn -0.3935 -0.6039 -0.6932
vn -0.3374 0.9353 0.1061
vn 0.3847 -0.7416 -0.5496
vn 0.3371 0.9413 0.0179
vn 0.4499 -0.7638 -0.4628
vn 0.4025 0.9098 0.1015
vn 0.3994 -0.9166 -0.0194
vn 0.3520 0.7602 0.5460
vn -0.3818 -0.9203 -0.0851
vn -0.4294 0.7633 0.4826
vn -0.3506 -0.7428 -0.5704
vn -0.3975 0.9175 -0.0105
vn -0.3146 -0.7338 -0.6021
vn -0.3617 0.9314 -0.0406
vn -0.4517 -0.7416 -0.4959
vn 0.0915 0.9413 -0.3249
vn -0.3528 -0.7638 -0.5405
vn 0.1874 0.9098 -0.3704
vn 0.0688 -0.9166 -0.3940
vn 0.6100 0.7602 -0.2236
vn -0.1669 -0.9203 0.3538
vn 0.3766 0.7633 0.5249
vn -0.6334 -0.7428 0.2168
vn -0.0975 0.9175 0.3855
vn -0.6565 -0.7338 0.1748
vn -0.1190 0.9314 0.3440
vn 0.4056 -0.6729 -0.6187
vn 0.3479 0.9350 0.0694
vn 0.4443 -0.6913 -0.5698
vn 0.3867 0.9147 0.1176
vn 0.3928 -0.9166 -0.0741
vn 0.3345 0.7085 0.6214
vn -0.3741 -0.9170 -0.1384
vn -0.4324 0.7088 0.5574
vn -0.3381 -0.6751 -0.6557
vn -0.3953 0.9182 0.0263
vn -0.3169 -0.6674 -0.6739
vn -0.3741 0.9273 0.0086
vn -0.5145 -0.6729 -0.5315
vn 0.1441 0.9350 -0.3242
vn -0.4583 -0.6913 -0.5586
vn 0.1996 0.9147 -0.3514
vn 0.0140 -0.9166 -0.3995
vn 0.6797 0.7085 -0.1899
vn -0.2172 -0.9170 0.3346
vn 0.4488 0.7088 0.5442
vn -0.7139 -0.6751 0.1859
vn -0.0611 0.9182 0.3914
vn -0.7271 -0.6674 0.1612
vn -0.0738 0.9273 0.3669
vn 0.4314 -0.5966 -0.6767
vn 0.3652 0.9241 0.1122
vn 0.4403 -0.6018 -0.6663
vn 0.3741 0.9192 0.1227
vn 0.3894 -0.9131 -0.1206
vn 0.3215 0.6488 0.6897
vn -0.4013 -0.8972 -0.1842
vn -0.4681 0.6375 0.6119
vn -0.3745 -0.6427 -0.6683
vn -0.4411 0.8885 0.1260
vn -0.2933 -0.6014 -0.7432
vn -0.3600 0.9315 0.0520
vn -0.5655 -0.5966 -0.5694
vn 0.1896 0.9241 -0.3317
vn -0.5534 -0.6018 -0.5758
vn 0.2019 0.9192 -0.3380
vn -0.0322 -0.9131 -0.4064
vn 0.7434 0.6488 -0.1622
vn -0.2678 -0.8972 0.3511
vn 0.4942 0.6375 0.5910
vn -0.7342 -0.6427 0.2187
vn 0.0261 0.8885 0.4580
vn -0.7894 -0.6014 0.1230
vn -0.0283 0.9315 0.3626
vn -0.6738 -0.7380 0.0358
vn -0.2055 0.9368 -0.2833
vn -0.6422 -0.7611 -0.0911
vn -0.1788 0.8958 -0.4068
vn -0.2808 -0.9050 -0.3196
vn 0.1822 0.7507 -0.6351
vn 0.1830 -0.9141 0.3619
vn 0.6506 0.7582 0.0433
vn -0.1909 -0.7519 0.6310
vn 0.2736 0.9090 0.3146
vn -0.2750 -0.7362 0.6184
vn 0.1921 0.9344 0.3001
vn -0.1130 -0.7380 0.6652
vn -0.3215 0.9368 0.1383
vn -0.2298 -0.7611 0.6065
vn -0.4362 0.8958 0.0852
vn -0.3734 -0.9050 0.2038
vn -0.5796 0.7507 -0.3172
vn 0.3932 -0.9141 -0.0991
vn 0.1850 0.7582 -0.6252
vn 0.5737 -0.7519 0.3247
vn 0.3669 0.9090 -0.1978
vn 0.5429 -0.7362 0.4041
vn 0.3349 0.9344 -0.1215
vn -0.7311 -0.6765 0.0884
vn -0.1573 0.9401 -0.3025
vn -0.6975 -0.7154 -0.0414
vn -0.1264 0.8937 -0.4305
vn -0.3190 -0.9051 -0.2811
vn 0.2506 0.6996 -0.6692
vn 0.1388 -0.9096 0.3917
vn 0.7112 0.7030 0.0017
vn -0.2670 -0.6829 0.6800
vn 0.2976 0.9079 0.2952
vn -0.3239 -0.6675 0.6704
vn 0.2422 0.9275 0.2847
vn -0.0742 -0.6765 0.7327
vn -0.3297 0.9401 0.0871
vn -0.1935 -0.7154 0.6714
vn -0.4478 0.8937 0.0289
vn -0.3442 -0.9051 0.2495
vn -0.5978 0.6996 -0.3914
vn 0.4126 -0.9096 -0.0495
vn 0.1577 0.7030 -0.6935
vn 0.6048 -0.6829 0.4097
vn 0.3534 0.9079 -0.2256
vn 0.5830 -0.6675 0.4632
vn 0.3309 0.9275 -0.1738
vn -0.7909 -0.6017 0.1116
vn -0.1311 0.9320 -0.3379
vn -0.7719 -0.6352 0.0269
vn -0.1118 0.8992 -0.4230
vn -0.3506 -0.9036 -0.2461
vn 0.3144 0.6421 -0.6992
vn 0.0891 -0.9115 0.4015
vn 0.7599 0.6477 -0.0556
vn -0.3338 -0.6299 0.7013
vn 0.3290 0.9107 0.2497
vn -0.3984 -0.6033 0.6909
vn 0.2631 0.9344 0.2401
vn -0.0647 -0.6017 0.7961
vn -0.3585 0.9320 0.0537
vn -0.1432 -0.6352 0.7589
vn -0.4372 0.8992 0.0162
vn -0.3171 -0.9036 0.2880
vn -0.6132 0.6421 -0.4602
vn 0.4112 -0.9115 0.0012
vn 0.1125 0.6477 -0.7535
vn 0.6110 -0.6299 0.4796
vn 0.3158 0.9107 -0.2662
vn 0.5866 -0.6033 0.5404
vn 0.2920 0.9344 -0.2039
vn -0.3264 -0.7386 0.5899
vn -0.3474 0.9374 0.0232
vn -0.4111 -0.7608 0.5021
vn -0.4320 0.8999 -0.0594
vn -0.4131 -0.9082 0.0676
vn -0.4340 0.7533 -0.4942
vn 0.3879 -0.9209 0.0386
vn 0.3667 0.7638 -0.5311
vn 0.4144 -0.7345 0.5373
vn 0.3936 0.9190 -0.0218
vn 0.3971 -0.7300 0.5563
vn 0.3762 0.9265 -0.0038
vn 0.5039 -0.7386 0.4479
vn -0.0536 0.9374 0.3441
vn 0.3997 -0.7608 0.5113
vn -0.1528 0.8999 0.4084
vn -0.0247 -0.9082 0.4178
vn -0.5774 0.7533 0.3149
vn 0.1228 -0.9209 -0.3700
vn -0.4377 0.7638 -0.4743
vn 0.6152 -0.7345 -0.2864
vn 0.0651 0.9190 -0.3888
vn 0.6299 -0.7300 -0.2653
vn 0.0789 0.9265 -0.3679
vn -0.3244 -0.6738 0.6639
vn -0.3501 0.9363 -0.0272
vn -0.4150 -0.7098 0.5692
vn -0.4405 0.8900 -0.1174
vn -0.4167 -0.9011 0.1204
vn -0.4422 0.6964 -0.5652
vn 0.4132 -0.9062 0.0901
vn 0.3875 0.7004 -0.5994
vn 0.4438 -0.7038 0.5547
vn 0.4182 0.8985 -0.1330
vn 0.3744 -0.6734 0.6375
vn 0.3487 0.9357 -0.0532
vn 0.5765 -0.6738 0.4622
vn -0.1034 0.9363 0.3356
vn 0.4642 -0.7098 0.5298
vn -0.2113 0.8900 0.4040
vn 0.0260 -0.9011 0.4329
vn -0.6485 0.6964 0.3073
vn 0.1786 -0.9062 -0.3833
vn -0.4997 0.7004 -0.5096
vn 0.6386 -0.7038 -0.3113
vn -0.0379 0.8985 -0.4372
vn 0.7041 -0.6734 -0.2253
vn 0.0247 0.9357 -0.3518
vn -0.3433 -0.5975 0.7247
vn -0.3728 0.9255 -0.0676
vn -0.4096 -0.6305 0.6593
vn -0.4391 0.8888 -0.1311
vn -0.4157 -0.8944 0.1652
vn -0.4453 0.6355 -0.6307
vn 0.4119 -0.9011 0.1355
vn 0.3821 0.6403 -0.6664
vn 0.4437 -0.6465 0.6206
vn 0.4139 0.8924 -0.1800
vn 0.3722 -0.6035 0.7052
vn 0.3424 0.9347 -0.0950
vn 0.6316 -0.5975 0.4940
vn -0.1478 0.9255 0.3489
vn 0.5533 -0.6305 0.5444
vn -0.2243 0.8888 0.3996
vn 0.0699 -0.8944 0.4418
vn -0.7131 0.6355 0.2960
vn 0.2226 -0.9011 -0.3722
vn -0.5662 0.6403 -0.5191
vn 0.7029 -0.6465 -0.2967
vn -0.0847 0.8924 -0.4433
vn 0.7697 -0.6035 -0.2083
vn -0.0175 0.9347 -0.3549
vn 0.3718 -0.7373 0.5640
vn -0.1406 0.9358 0.3231
vn 0.2506 -0.7594 0.6004
vn -0.2564 0.8962 0.3620
vn -0.1326 -0.9050 0.4043
vn -0.6396 0.7506 0.1659
vn 0.2150 -0.9180 -0.3331
vn -0.2993 0.7615 -0.5749
vn 0.6611 -0.7384 -0.1334
vn 0.1546 0.9154 -0.3716
vn 0.6758 -0.7310 -0.0943
vn 0.1679 0.9278 -0.3331
vn 0.6319 -0.7373 -0.2389
vn 0.2844 0.9358 0.2081
vn 0.6408 -0.7594 -0.1127
vn 0.2969 0.8962 0.3296
vn 0.3653 -0.9050 0.2181
vn 0.0214 0.7506 0.6604
vn -0.2778 -0.9180 -0.2829
vn -0.6266 0.7615 0.1658
vn 0.0149 -0.7384 -0.6742
vn -0.3285 0.9154 -0.2324
vn 0.0564 -0.7310 -0.6801
vn -0.2882 0.9278 -0.2369
vn 0.4363 -0.6719 0.5985
vn -0.1877 0.9336 0.3051
vn 0.3210 -0.7041 0.6334
vn -0.2989 0.8909 0.3419
vn -0.0849 -0.9004 0.4267
vn -0.7053 0.6959 0.1350
vn 0.2595 -0.9176 -0.3010
vn -0.3728 0.7093 -0.5983
vn 0.7058 -0.7009 -0.1035
vn 0.0782 0.9138 -0.3985
vn 0.7362 -0.6762 -0.0296
vn 0.1082 0.9395 -0.3249
vn 0.6797 -0.6719 -0.2943
vn 0.2564 0.9336 0.2501
vn 0.6884 -0.7041 -0.1742
vn 0.2680 0.8909 0.3667
vn 0.3977 -0.9004 0.1765
vn -0.0231 0.6959 0.7177
vn -0.2367 -0.9176 -0.3192
vn -0.6655 0.7093 0.2324
vn 0.0540 -0.7009 -0.7113
vn -0.3717 0.9138 -0.1638
vn 0.1327 -0.6762 -0.7247
vn -0.2932 0.9395 -0.1769
vn 0.5037 -0.6037 0.6180
vn -0.2212 0.9350 0.2771
vn 0.3776 -0.6539 0.6556
vn -0.3467 0.8835 0.3151
vn -0.0419 -0.8964 0.4413
vn -0.7642 0.6369 0.1017
vn 0.2990 -0.9132 -0.2770
vn -0.4369 0.6489 -0.6230
vn 0.7674 -0.6375 -0.0684
vn 0.0380 0.9107 -0.4114
vn 0.7958 -0.6056 0.0022
vn 0.0686 0.9380 -0.3397
vn 0.7135 -0.6037 -0.3558
vn 0.2218 0.9350 0.2766
vn 0.7225 -0.6539 -0.2245
vn 0.2313 0.8835 0.4074
vn 0.4214 -0.8964 0.1377
vn -0.0685 0.6369 0.7679
vn -0.2046 -0.9132 -0.3525
vn -0.7037 0.6489 0.2895
vn 0.1017 -0.6375 -0.7637
vn -0.3930 0.9107 -0.1274
vn 0.1769 -0.6056 -0.7759
vn -0.3164 0.9380 -0.1415
vn 0.6790 -0.7341 0.0122
vn 0.1973 0.9317 0.3049
vn 0.6642 -0.7445 0.0666
vn 0.1843 0.9152 0.3583
vn 0.2487 -0.9185 0.3075
vn -0.2372 0.7618 0.6028
vn -0.1668 -0.9118 -0.3754
vn -0.6491 0.7563 -0.0822
vn 0.2354 -0.7386 -0.6317
vn -0.2408 0.9082 -0.3423
vn 0.2909 -0.7293 -0.6192
vn -0.1877 0.9257 -0.3284
vn 0.1609 -0.7341 -0.6597
vn 0.3408 0.9317 -0.1255
vn 0.2108 -0.7445 -0.6334
vn 0.3900 0.9152 -0.1011
vn 0.3546 -0.9185 -0.1751
vn 0.5360 0.7618 0.3637
vn -0.4028 -0.9118 0.0803
vn -0.2227 0.7563 0.6152
vn -0.5646 -0.7386 -0.3683
vn -0.3868 0.9082 0.1598
vn -0.5402 -0.7293 -0.4197
vn -0.3615 0.9257 0.1110
vn 0.7385 -0.6732 -0.0377
vn 0.1481 0.9354 0.3211
vn 0.7160 -0.6969 0.0409
vn 0.1269 0.9082 0.3989
vn 0.2961 -0.9124 0.2828
vn -0.2976 0.7052 0.6435
vn -0.1065 -0.9185 -0.3809
vn -0.7041 0.7099 -0.0177
vn 0.3301 -0.6794 -0.6553
vn -0.2566 0.9192 -0.2988
vn 0.3636 -0.6695 -0.6477
vn -0.2235 0.9303 -0.2909
vn 0.1253 -0.6732 -0.7288
vn 0.3457 0.9354 -0.0741
vn 0.1971 -0.6969 -0.6895
vn 0.4171 0.9082 -0.0362
vn 0.3409 -0.9124 -0.2268
vn 0.5625 0.7052 0.4316
vn -0.3950 -0.9185 0.0202
vn -0.1718 0.7099 0.6830
vn -0.5669 -0.6794 -0.4659
vn -0.3478 0.9192 0.1847
vn -0.5521 -0.6695 -0.4970
vn -0.3329 0.9303 0.1542
vn 0.7945 -0.6027 -0.0743
vn 0.1111 0.9335 0.3410
vn 0.7788 -0.6271 -0.0158
vn 0.0943 0.9116 0.4002
vn 0.3285 -0.9116 0.2470
vn -0.3652 0.6478 0.6686
vn -0.0914 -0.8941 -0.4384
vn -0.7718 0.6353 -0.0248
vn 0.3201 -0.6344 -0.7036
vn -0.3568 0.8873 -0.2922
vn 0.4186 -0.5984 -0.6832
vn -0.2600 0.9269 -0.2708
vn 0.1019 -0.6027 -0.7915
vn 0.3571 0.9335 -0.0336
vn 0.1555 -0.6271 -0.7633
vn 0.4111 0.9116 -0.0041
vn 0.3131 -0.9116 -0.2663
vn 0.5721 0.6478 0.5031
vn -0.4477 -0.8941 -0.0070
vn -0.1937 0.6353 0.7476
vn -0.6162 -0.6344 -0.4668
vn -0.3634 0.8873 0.2840
vn -0.5746 -0.5984 -0.5583
vn -0.3212 0.9269 0.1942
vn 0.4061 -0.7364 -0.5411
vn 0.3547 0.9347 0.0221
vn 0.4402 -0.7474 -0.4976
vn 0.3889 0.9190 0.0639
vn 0.3865 -0.9221 -0.0180
vn 0.3346 0.7648 0.5505
vn -0.4081 -0.9085 -0.0897
vn -0.4593 0.7536 0.4704
vn -0.3833 -0.7630 -0.5205
vn -0.4344 0.8998 0.0399
vn -0.2908 -0.7395 -0.6071
vn -0.3425 0.9386 -0.0416
vn -0.4387 -0.7364 -0.5150
vn 0.0994 0.9347 -0.3412
vn -0.3889 -0.7474 -0.5387
vn 0.1477 0.9190 -0.3654
vn 0.0673 -0.9221 -0.3810
vn 0.6105 0.7648 -0.2056
vn -0.1771 -0.9085 0.3785
vn 0.3581 0.7536 0.5513
vn -0.5919 -0.7630 0.2597
vn -0.0565 0.8998 0.4326
vn -0.6561 -0.7395 0.1505
vn -0.1158 0.9386 0.3250
vn 0.4195 -0.6702 -0.6122
vn 0.3570 0.9313 0.0727
vn 0.4458 -0.6824 -0.5793
vn 0.3834 0.9176 0.1050
vn 0.3911 -0.9176 -0.0715
vn 0.3275 0.7092 0.6243
vn -0.3757 -0.9159 -0.1413
vn -0.4391 0.7079 0.5532
vn -0.3370 -0.6782 -0.6531
vn -0.3992 0.9164 0.0289
vn -0.3094 -0.6681 -0.6767
vn -0.3718 0.9283 0.0061
vn -0.5052 -0.6702 -0.5437
vn 0.1493 0.9313 -0.3323
vn -0.4673 -0.6824 -0.5621
vn 0.1866 0.9176 -0.3510
vn 0.0161 -0.9176 -0.3972
vn 0.6810 0.7092 -0.1825
vn -0.2203 -0.9159 0.3355
vn 0.4433 0.7079 0.5498
vn -0.7111 -0.6782 0.1854
vn -0.0595 0.9164 0.3958
vn -0.7281 -0.6681 0.1534
vn -0.0757 0.9283 0.3640
vn 0.4188 -0.6012 -0.6806
vn 0.3463 0.9312 0.1139
vn 0.4520 -0.6221 -0.6393
vn 0.3794 0.9120 0.1561
vn 0.3956 -0.9109 -0.1169
vn 0.3219 0.6473 0.6910
vn -0.3591 -0.9145 -0.1864
vn -0.4331 0.6498 0.6246
vn -0.3187 -0.6212 -0.7159
vn -0.3915 0.9166 0.0813
vn -0.2837 -0.6024 -0.7461
vn -0.3563 0.9330 0.0499
vn -0.5720 -0.6012 -0.5580
vn 0.1871 0.9312 -0.3128
vn -0.5245 -0.6221 -0.5813
vn 0.2355 0.9120 -0.3358
vn -0.0272 -0.9109 -0.4116
vn 0.7448 0.6473 -0.1624
vn -0.2606 -0.9145 0.3094
vn 0.5143 0.6498 0.5597
vn -0.7684 -0.6212 0.1538
vn -0.0066 0.9166 0.3998
vn -0.7902 -0.6024 0.1130
vn -0.0296 0.9330 0.3586
vn -0.2566 -0.7399 -0.6219
vn 0.1979 0.9391 -0.2809
vn -0.1377 -0.7627 -0.6320
vn 0.3132 0.9031 -0.2937
vn 0.2035 -0.9111 -0.3585
vn 0.6546 0.7557 -0.0201
vn -0.2746 -0.9206 0.2778
vn 0.1812 0.7636 0.6198
vn -0.6486 -0.7611 0.0123
vn -0.1949 0.9152 0.3528
vn -0.6663 -0.7416 -0.0781
vn -0.2108 0.9413 0.2637
vn -0.6630 -0.7399 0.1138
vn -0.2306 0.9391 -0.2547
vn -0.6468 -0.7627 -0.0044
vn -0.2177 0.9031 -0.3700
vn -0.3051 -0.9111 -0.2773
vn 0.1241 0.7557 -0.6431
vn 0.2107 -0.9206 0.3289
vn 0.6445 0.7636 -0.0407
vn -0.1303 -0.7611 0.6355
vn 0.3014 0.9152 0.2676
vn -0.2224 -0.7416 0.6329
vn 0.2110 0.9413 0.2635
vn -0.3023 -0.6707 -0.6773
vn 0.2483 0.9320 -0.2642
vn -0.2472 -0.6865 -0.6838
vn 0.3025 0.9137 -0.2713
vn 0.1484 -0.9150 -0.3751
vn 0.7057 0.7072 0.0430
vn -0.3257 -0.9097 0.2578
vn 0.2283 0.7031 0.6734
vn -0.6998 -0.7143 -0.0051
vn -0.1452 0.9000 0.4110
vn -0.7248 -0.6775 -0.1251
vn -0.1687 0.9414 0.2921
vn -0.7272 -0.6707 0.1462
vn -0.2033 0.9320 -0.3002
vn -0.7214 -0.6865 0.0911
vn -0.1983 0.9137 -0.3547
vn -0.3334 -0.9150 -0.2271
vn 0.1969 0.7072 -0.6790
vn 0.1800 -0.9097 0.3743
vn 0.7071 0.7031 -0.0749
vn -0.1586 -0.7143 0.6816
vn 0.3691 0.9000 0.2319
vn -0.2812 -0.6775 0.6797
vn 0.2480 0.9414 0.2287
vn -0.3515 -0.5988 -0.7196
vn 0.2841 0.9276 -0.2427
vn -0.2486 -0.6360 -0.7305
vn 0.3855 0.8869 -0.2547
vn 0.1336 -0.8942 -0.4272
vn 0.7705 0.6354 0.0507
vn -0.3479 -0.9140 0.2089
vn 0.3031 0.6494 0.6974
vn -0.7837 -0.6113 -0.1100
vn -0.1468 0.9182 0.3679
vn -0.7880 -0.5996 -0.1394
vn -0.1516 0.9288 0.3382
vn -0.7792 -0.5988 0.1849
vn -0.1744 0.9276 -0.3305
vn -0.7673 -0.6360 0.0822
vn -0.1639 0.8869 -0.4320
vn -0.3875 -0.8942 -0.2241
vn 0.2186 0.6354 -0.7406
vn 0.1275 -0.9140 0.3852
vn 0.7469 0.6494 -0.1427
vn -0.2793 -0.6113 0.7404
vn 0.3267 0.9182 0.2240
vn -0.3089 -0.5996 0.7382
vn 0.2966 0.9288 0.2221
vn -0.2898 -0.7416 0.6050
vn -0.3356 0.9413 0.0374
vn -0.3747 -0.7652 0.5235
vn -0.4201 0.9066 -0.0403
vn -0.3962 -0.9142 0.0847
vn -0.4417 0.7583 -0.4794
vn 0.3889 -0.9210 0.0218
vn 0.3431 0.7639 -0.5465
vn 0.4378 -0.7603 0.4799
vn 0.3922 0.9159 -0.0854
vn 0.3835 -0.7414 0.5506
vn 0.3378 0.9411 -0.0169
vn 0.5266 -0.7416 0.4155
vn -0.0372 0.9413 0.3356
vn 0.4285 -0.7652 0.4804
vn -0.1316 0.9066 0.4010
vn -0.0044 -0.9142 0.4052
vn -0.5647 0.7583 0.3257
vn 0.1066 -0.9210 -0.3746
vn -0.4579 0.7639 -0.4547
vn 0.5643 -0.7603 -0.3218
vn 0.0027 0.9159 -0.4014
vn 0.6214 -0.7414 -0.2533
vn 0.0577 0.9411 -0.3332
vn -0.3022 -0.6720 0.6761
vn -0.3576 0.9338 -0.0114
vn -0.3787 -0.7007 0.6046
vn -0.4339 0.8975 -0.0796
vn -0.4031 -0.9047 0.1381
vn -0.4584 0.6992 -0.5485
vn 0.4084 -0.9099 0.0733
vn 0.3527 0.7032 -0.6173
vn 0.4593 -0.7153 0.5266
vn 0.4036 0.9000 -0.1649
vn 0.3851 -0.6778 0.6263
vn 0.3293 0.9419 -0.0671
vn 0.5932 -0.6720 0.4432
vn -0.0896 0.9338 0.3464
vn 0.5067 -0.7007 0.5022
vn -0.1729 0.8975 0.4058
vn 0.0462 -0.9047 0.4236
vn -0.6358 0.6992 0.3268
vn 0.1611 -0.9099 -0.3823
vn -0.5248 0.7033 -0.4796
vn 0.6146 -0.7153 -0.3325
vn -0.0723 0.9000 -0.4299
vn 0.6955 -0.6778 -0.2383
vn 0.0068 0.9419 -0.3360
vn -0.3089 -0.5982 0.7394
vn -0.3727 0.9265 -0.0517
vn -0.3324 -0.6100 0.7193
vn -0.3962 0.9153 -0.0722
vn -0.3690 -0.9113 0.1826
vn -0.4342 0.6475 -0.6262
vn 0.4081 -0.9052 0.1190
vn 0.3433 0.6432 -0.6844
vn 0.4611 -0.6557 0.5978
vn 0.3962 0.8946 -0.2066
vn 0.3888 -0.6067 0.6934
vn 0.3241 0.9397 -0.1090
vn 0.6536 -0.5982 0.4637
vn -0.1323 0.9265 0.3523
vn 0.6288 -0.6100 0.4822
vn -0.1574 0.9153 0.3707
vn 0.0972 -0.9113 0.4001
vn -0.7063 0.6475 0.2862
vn 0.2057 -0.9052 -0.3720
vn -0.5924 0.6432 -0.4852
vn 0.6845 -0.6557 -0.3186
vn -0.1146 0.8946 -0.4319
vn 0.7618 -0.6067 -0.2271
vn -0.0352 0.9397 -0.3401
vn 0.3639 -0.7352 0.5718
vn -0.1455 0.9332 0.3287
vn 0.2541 -0.7545 0.6050
vn -0.2502 0.8970 0.3643
vn -0.1351 -0.9048 0.4039
vn -0.6406 0.7505 0.1626
vn 0.2188 -0.9161 -0.3361
vn -0.2930 0.7598 -0.5804
vn 0.6498 -0.7467 -0.1423
vn 0.1433 0.9121 -0.3841
vn 0.6741 -0.7343 -0.0795
vn 0.1652 0.9321 -0.3224
vn 0.6378 -0.7352 -0.2295
vn 0.2887 0.9332 0.2141
vn 0.6461 -0.7545 -0.1151
vn 0.3005 0.8970 0.3241
vn 0.3644 -0.9048 0.2205
vn 0.0180 0.7505 0.6607
vn -0.2799 -0.9161 -0.2872
vn -0.6305 0.7598 0.1584
vn 0.0038 -0.7467 -0.6652
vn -0.3432 0.9121 -0.2241
vn 0.0704 -0.7343 -0.6751
vn -0.2783 0.9321 -0.2320
vn 0.4334 -0.6721 0.6004
vn -0.1891 0.9340 0.3032
vn 0.3657 -0.6926 0.6218
vn -0.2556 0.9104 0.3252
vn -0.0734 -0.9134 0.4004
vn -0.7010 0.7060 0.1008
vn 0.2741 -0.9033 -0.3302
vn -0.3466 0.6981 -0.6264
vn 0.6917 -0.7071 -0.1467
vn 0.0713 0.8938 -0.4428
vn 0.7383 -0.6736 -0.0351
vn 0.1144 0.9360 -0.3329
vn 0.6808 -0.6721 -0.2910
vn 0.2543 0.9340 0.2511
vn 0.6869 -0.6926 -0.2203
vn 0.2611 0.9104 0.3208
vn 0.3746 -0.9134 0.1595
vn -0.0555 0.7060 0.7061
vn -0.2620 -0.9033 -0.3398
vn -0.6873 0.6981 0.2007
vn 0.0088 -0.7071 -0.7071
vn -0.4164 0.8938 -0.1667
vn 0.1278 -0.6736 -0.7280
vn -0.2997 0.9360 -0.1847
vn 0.5106 -0.6072 0.6088
vn -0.2166 0.9405 0.2617
vn 0.3669 -0.6670 0.6484
vn -0.3612 0.8826 0.3009
vn -0.0411 -0.8994 0.4352
vn -0.7638 0.6391 0.0902
vn 0.3141 -0.8975 -0.3095
vn -0.4072 0.6377 -0.6538
vn 0.7607 -0.6395 -0.1110
vn 0.0422 0.8900 -0.4540
vn 0.7993 -0.6007 -0.0141
vn 0.0800 0.9305 -0.3575
vn 0.7060 -0.6072 -0.3645
vn 0.2078 0.9405 0.2687
vn 0.7132 -0.6670 -0.2156
vn 0.2143 0.8826 0.4184
vn 0.4156 -0.8994 0.1356
vn -0.0796 0.6391 0.7650
vn -0.2330 -0.8975 -0.3744
vn -0.7272 0.6377 0.2538
vn 0.0587 -0.6395 -0.7665
vn -0.4336 0.8900 -0.1408
vn 0.1617 -0.6007 -0.7829
vn -0.3312 0.9305 -0.1565
vn 0.6733 -0.7394 -0.0061
vn 0.1886 0.9384 0.2894
vn 0.6410 -0.7608 0.1015
vn 0.1598 0.9047 0.3949
vn 0.2566 -0.9120 0.3201
vn -0.2254 0.7564 0.6140
vn -0.1557 -0.9210 -0.3570
vn -0.6425 0.7639 -0.0602
vn 0.2628 -0.7375 -0.6221
vn -0.2158 0.9189 -0.3303
vn 0.2950 -0.7315 -0.6147
vn -0.1846 0.9285 -0.3223
vn 0.1418 -0.7394 -0.6582
vn 0.3238 0.9384 -0.1204
vn 0.2397 -0.7608 -0.6031
vn 0.4204 0.9047 -0.0693
vn 0.3686 -0.9120 -0.1801
vn 0.5495 0.7564 0.3547
vn -0.3825 -0.9210 0.0735
vn -0.1998 0.7639 0.6136
vn -0.5492 -0.7375 -0.3929
vn -0.3696 0.9189 0.1380
vn -0.5350 -0.7315 -0.4227
vn -0.3549 0.9285 0.1093
vn 0.7453 -0.6666 -0.0154
vn 0.1612 0.9262 0.3408
vn 0.7309 -0.6813 0.0391
vn 0.1485 0.9069 0.3942
vn 0.3007 -0.9085 0.2901
vn -0.2899 0.7022 0.6503
vn -0.1107 -0.9158 -0.3861
vn -0.7060 0.7078 -0.0231
vn 0.2916 -0.7058 -0.6456
vn -0.3010 0.9103 -0.2843
vn 0.3833 -0.6770 -0.6284
vn -0.2099 0.9407 -0.2667
vn 0.1486 -0.6666 -0.7305
vn 0.3678 0.9262 -0.0825
vn 0.1986 -0.6813 -0.7045
vn 0.4172 0.9069 -0.0584
vn 0.3490 -0.9085 -0.2297
vn 0.5708 0.7022 0.4256
vn -0.4010 -0.9158 0.0232
vn -0.1775 0.7078 0.6837
vn -0.5659 -0.7058 -0.4262
vn -0.3434 0.9103 0.2312
vn -0.5289 -0.6770 -0.5118
vn -0.3063 0.9407 0.1462
vn 0.7989 -0.5985 -0.0587
vn 0.1208 0.9271 0.3548
vn 0.7855 -0.6188 -0.0066
vn 0.1073 0.9071 0.4070
vn 0.3348 -0.9063 0.2579
vn -0.3542 0.6440 0.6781
vn -0.0819 -0.9019 -0.4240
vn -0.7676 0.6409 -0.0059
vn 0.3451 -0.6284 -0.6971
vn -0.3339 0.8991 -0.2831
vn 0.4209 -0.5995 -0.6808
vn -0.2583 0.9285 -0.2667
vn 0.1181 -0.5985 -0.7923
vn 0.3727 0.9271 -0.0400
vn 0.1660 -0.6188 -0.7678
vn 0.4206 0.9071 -0.0153
vn 0.3251 -0.9063 -0.2700
vn 0.5838 0.6440 0.4944
vn -0.4316 -0.9019 -0.0132
vn -0.1742 0.6409 0.7476
vn -0.6044 -0.6284 -0.4897
vn -0.3495 0.8991 0.2636
vn -0.5718 -0.5995 -0.5600
vn -0.3169 0.9285 0.1934
vn 0.3205 -0.7327 -0.6004
vn 0.3656 0.9299 -0.0396
vn 0.3952 -0.7490 -0.5318
vn 0.4398 0.8978 0.0236
vn 0.4179 -0.9044 -0.0858
vn 0.4627 0.7502 0.4723
vn -0.4198 -0.9074 -0.0186
vn -0.3748 0.7526 0.5413
vn -0.4687 -0.7692 -0.4343
vn -0.4235 0.8969 0.1276
vn -0.3826 -0.7417 -0.5510
vn -0.3370 0.9414 0.0167
vn -0.5154 -0.7327 -0.4445
vn 0.0416 0.9299 -0.3654
vn -0.4321 -0.7490 -0.5023
vn 0.1196 0.8978 -0.4239
vn 0.0081 -0.9044 -0.4265
vn 0.5624 0.7502 -0.3478
vn -0.1103 -0.9074 0.4055
vn 0.4458 0.7526 0.4845
vn -0.5266 -0.7692 0.3619
vn 0.0315 0.8969 0.4412
vn -0.6215 -0.7417 0.2523
vn -0.0577 0.9414 0.3324
vn 0.3011 -0.6724 -0.6762
vn 0.3564 0.9343 0.0116
vn 0.3324 -0.6850 -0.6483
vn 0.3877 0.9210 0.0392
vn 0.3652 -0.9208 -0.1368
vn 0.4214 0.7117 0.5621
vn -0.3901 -0.9177 -0.0758
vn -0.3341 0.7093 0.6207
vn -0.4388 -0.6734 -0.5950
vn -0.3840 0.9192 0.0868
vn -0.4240 -0.6670 -0.6127
vn -0.3691 0.9268 0.0696
vn -0.5936 -0.6724 -0.4422
vn 0.0895 0.9343 -0.3452
vn -0.5595 -0.6850 -0.4666
vn 0.1234 0.9210 -0.3696
vn -0.0533 -0.9208 -0.3863
vn 0.6408 0.7117 -0.2877
vn -0.1595 -0.9177 0.3640
vn 0.5322 0.7093 0.4622
vn -0.6768 -0.6734 0.2975
vn 0.0004 0.9192 0.3937
vn -0.6908 -0.6670 0.2791
vn -0.0132 0.9268 0.3754
vn 0.3004 -0.6003 -0.7412
vn 0.3642 0.9298 0.0528
vn 0.3339 -0.6178 -0.7120
vn 0.3978 0.9138 0.0827
vn 0.3686 -0.9115 -0.1825
vn 0.4336 0.6477 0.6265
vn -0.3963 -0.9101 -0.1209
vn -0.3314 0.6467 0.6870
vn -0.4483 -0.6422 -0.6217
vn -0.3838 0.9054 0.1813
vn -0.3936 -0.6055 -0.6917
vn -0.3293 0.9379 0.1092
vn -0.6572 -0.6003 -0.4558
vn 0.1314 0.9298 -0.3438
vn -0.6213 -0.6178 -0.4820
vn 0.1680 0.9138 -0.3699
vn -0.0972 -0.9115 -0.3997
vn 0.7064 0.6477 -0.2855
vn -0.2049 -0.9101 0.3601
vn 0.5975 0.6467 0.4741
vn -0.7050 -0.6422 0.3009
vn 0.0927 0.9054 0.4142
vn -0.7612 -0.6055 0.2322
vn 0.0343 0.9379 0.3452
vn -0.3357 -0.7356 -0.5884
vn 0.1612 0.9337 -0.3198
vn -0.2177 -0.7560 -0.6173
vn 0.2738 0.8952 -0.3516
vn 0.1565 -0.9036 -0.3988
vn 0.6486 0.7495 -0.1328
vn -0.2359 -0.9156 0.3257
vn 0.2627 0.7594 0.5952
vn -0.6409 -0.7580 0.1210
vn -0.1445 0.9097 0.3893
vn -0.6729 -0.7391 0.0298
vn -0.1737 0.9381 0.2997
vn -0.6477 -0.7356 0.1983
vn -0.2766 0.9337 -0.2275
vn -0.6501 -0.7560 0.0769
vn -0.2830 0.8952 -0.3443
vn -0.3547 -0.9036 -0.2403
vn 0.0128 0.7495 -0.6619
vn 0.2660 -0.9156 0.3017
vn 0.6384 0.7594 -0.1256
vn -0.0227 -0.7580 0.6519
vn 0.3481 0.9097 0.2265
vn -0.1186 -0.7391 0.6631
vn 0.2542 0.9381 0.2352
vn -0.4089 -0.6745 -0.6147
vn 0.2001 0.9373 -0.2855
vn -0.3411 -0.6957 -0.6322
vn 0.2673 0.9146 -0.3033
vn 0.0885 -0.9174 -0.3881
vn 0.7029 0.7090 -0.0559
vn -0.2747 -0.9188 0.2834
vn 0.3407 0.7102 0.6161
vn -0.7058 -0.7056 0.0636
vn -0.0938 0.9141 0.3944
vn -0.7349 -0.6779 -0.0185
vn -0.1229 0.9420 0.3124
vn -0.6895 -0.6745 0.2640
vn -0.2346 0.9373 -0.2579
vn -0.6916 -0.6957 0.1940
vn -0.2372 0.9146 -0.3274
vn -0.3592 -0.9174 -0.1715
vn 0.0997 0.7091 -0.6981
vn 0.2162 -0.9188 0.3302
vn 0.6759 0.7102 -0.1972
vn -0.0928 -0.7056 0.7025
vn 0.3642 0.9141 0.1781
vn -0.1793 -0.6779 0.7129
vn 0.2778 0.9420 0.1885
vn -0.4652 -0.6026 -0.6484
vn 0.2383 0.9334 -0.2681
vn -0.3970 -0.6308 -0.6667
vn 0.3075 0.9076 -0.2858
vn 0.0505 -0.9092 -0.4132
vn 0.7628 0.6461 -0.0282
vn -0.3227 -0.9045 0.2788
vn 0.3859 0.6427 0.6618
vn -0.7824 -0.6215 0.0410
vn -0.0836 0.9043 0.4187
vn -0.8009 -0.5986 -0.0173
vn -0.1021 0.9272 0.3604
vn -0.7347 -0.6026 0.3115
vn -0.2093 0.9334 -0.2913
vn -0.7376 -0.6308 0.2410
vn -0.2114 0.9076 -0.3627
vn -0.3920 -0.9092 -0.1400
vn 0.1400 0.6461 -0.7503
vn 0.2011 -0.9045 0.3760
vn 0.7304 0.6427 -0.2312
vn -0.1317 -0.6215 0.7723
vn 0.3901 0.9043 0.1735
vn -0.1927 -0.5986 0.7775
vn 0.3292 0.9272 0.1788
vn -0.6817 -0.7316 -0.0004
vn -0.2101 0.9286 -0.3058
vn -0.6689 -0.7413 -0.0545
vn -0.1994 0.9119 -0.3586
vn -0.2612 -0.9153 -0.3066
vn 0.2144 0.7592 -0.6146
vn 0.1830 -0.9073 0.3785
vn 0.6544 0.7526 0.0732
vn -0.2031 -0.7395 0.6418
vn 0.2634 0.9029 0.3397
vn -0.2716 -0.7287 0.6287
vn 0.1981 0.9249 0.3246
vn -0.1500 -0.7316 0.6650
vn -0.3444 0.9286 0.1379
vn -0.2000 -0.7413 0.6407
vn -0.3936 0.9119 0.1158
vn -0.3564 -0.9153 0.1876
vn -0.5525 0.7592 -0.3440
vn 0.4095 -0.9073 -0.0954
vn 0.2151 0.7526 -0.6224
vn 0.5816 -0.7395 0.3391
vn 0.3892 0.9029 -0.1824
vn 0.5538 -0.7287 0.4030
vn 0.3601 0.9249 -0.1220
vn -0.7413 -0.6696 0.0459
vn -0.1646 0.9304 -0.3276
vn -0.7279 -0.6856 -0.0100
vn -0.1523 0.9112 -0.3828
vn -0.3035 -0.9128 -0.2734
vn 0.2798 0.7055 -0.6511
vn 0.1369 -0.9040 0.4049
vn 0.7147 0.6987 0.0308
vn -0.2297 -0.7148 0.6605
vn 0.3496 0.8924 0.2853
vn -0.3636 -0.6761 0.6409
vn 0.2188 0.9394 0.2638
vn -0.1180 -0.6696 0.7333
vn -0.3558 0.9304 0.0887
vn -0.1696 -0.6856 0.7080
vn -0.4069 0.9112 0.0646
vn -0.3333 -0.9128 0.2361
vn -0.5738 0.7055 -0.4159
vn 0.4251 -0.9040 -0.0447
vn 0.1869 0.6987 -0.6905
vn 0.5939 -0.7148 0.3691
vn 0.3551 0.8924 -0.2785
vn 0.5455 -0.6761 0.4954
vn 0.3054 0.9394 -0.1556
vn -0.7937 -0.6014 0.0917
vn -0.1239 0.9315 -0.3420
vn -0.7813 -0.6230 0.0385
vn -0.1107 0.9117 -0.3957
vn -0.3364 -0.9109 -0.2392
vn 0.3445 0.6472 -0.6800
vn 0.0935 -0.9018 0.4219
vn 0.7676 0.6408 -0.0146
vn -0.3290 -0.6250 0.7079
vn 0.3373 0.8999 0.2764
vn -0.3993 -0.5985 0.6945
vn 0.2673 0.9271 0.2628
vn -0.0848 -0.6014 0.7945
vn -0.3609 0.9315 0.0458
vn -0.1339 -0.6230 0.7707
vn -0.4104 0.9117 0.0211
vn -0.3072 -0.9109 0.2757
vn -0.5878 0.6472 -0.4853
vn 0.4321 -0.9018 0.0014
vn 0.1542 0.6408 -0.7521
vn 0.6184 -0.6250 0.4764
vn 0.3437 0.8999 -0.2684
vn 0.5899 -0.5985 0.5420
vn 0.3150 0.9271 -0.2031
vn 0.4324 -0.7328 0.5254
vn -0.1031 0.9302 0.3524
vn 0.3571 -0.7469 0.5609
vn -0.1747 0.9045 0.3891
vn -0.0769 -0.9096 0.4082
vn -0.6127 0.7545 0.2351
vn 0.1786 -0.9061 -0.3835
vn -0.3551 0.7516 -0.5559
vn 0.5924 -0.7608 -0.2650
vn 0.0585 0.8973 -0.4375
vn 0.6566 -0.7381 -0.1553
vn 0.1172 0.9368 -0.3295
vn 0.6075 -0.7328 -0.3065
vn 0.3212 0.9302 0.1780
vn 0.6256 -0.7469 -0.2252
vn 0.3413 0.9045 0.2558
vn 0.3814 -0.9096 0.1646
vn 0.0949 0.7545 0.6494
vn -0.3349 -0.9061 -0.2585
vn -0.6203 0.7516 0.2244
vn -0.1285 -0.7608 -0.6362
vn -0.4140 0.8973 -0.1531
vn -0.0074 -0.7381 -0.6746
vn -0.2957 0.9368 -0.1867
vn 0.5107 -0.6729 0.5351
vn -0.1465 0.9351 0.3228
vn 0.4502 -0.6926 0.5636
vn -0.2061 0.9132 0.3515
vn -0.0178 -0.9156 0.4016
vn -0.6812 0.7077 0.1873
vn 0.2230 -0.9117 -0.3452
vn -0.4376 0.7047 -0.5585
vn 0.7098 -0.6764 -0.1967
vn 0.0608 0.9117 -0.4063
vn 0.7285 -0.6658 -0.1614
vn 0.0783 0.9252 -0.3714
vn 0.6342 -0.6729 -0.3808
vn 0.2828 0.9351 0.2137
vn 0.6486 -0.6926 -0.3155
vn 0.2977 0.9132 0.2782
vn 0.3879 -0.9156 0.1055
vn 0.0332 0.7077 0.7057
vn -0.2878 -0.9117 -0.2933
vn -0.6410 0.7047 0.3043
vn -0.0361 -0.6764 -0.7357
vn -0.3831 0.9117 -0.1485
vn 0.0025 -0.6658 -0.7461
vn -0.3452 0.9252 -0.1579
vn 0.5731 -0.6017 0.5564
vn -0.1866 0.9319 0.3110
vn 0.4772 -0.6415 0.6006
vn -0.2821 0.8912 0.3553
vn 0.0166 -0.8989 0.4378
vn -0.7452 0.6387 0.1917
vn 0.2691 -0.8998 -0.3435
vn -0.4933 0.6393 -0.5898
vn 0.7390 -0.6416 -0.2056
vn -0.0208 0.8923 -0.4510
vn 0.7903 -0.6019 -0.1148
vn 0.0302 0.9323 -0.3603
vn 0.6686 -0.6017 -0.4370
vn 0.2624 0.9319 0.2503
vn 0.6907 -0.6415 -0.3338
vn 0.2847 0.8912 0.3532
vn 0.4307 -0.8989 0.0799
vn 0.0235 0.6387 0.7691
vn -0.2761 -0.8998 -0.3379
vn -0.6837 0.6393 0.3518
vn -0.0383 -0.6416 -0.7661
vn -0.4446 0.8923 -0.0787
vn 0.0615 -0.6019 -0.7962
vn -0.3449 0.9323 -0.1086
vn 0.6535 -0.7400 -0.1591
vn 0.2472 0.9393 0.2381
vn 0.6434 -0.7652 -0.0230
vn 0.2412 0.8971 0.3701
vn 0.3297 -0.9068 0.2627
vn -0.0717 0.7521 0.6551
vn -0.2276 -0.9235 -0.3088
vn -0.6364 0.7660 0.0908
vn 0.1106 -0.7491 -0.6531
vn -0.2934 0.9204 -0.2582
vn 0.1669 -0.7376 -0.6543
vn -0.2382 0.9362 -0.2583
vn -0.0118 -0.7400 -0.6725
vn 0.2866 0.9393 -0.1889
vn 0.1188 -0.7652 -0.6328
vn 0.4141 0.8971 -0.1540
vn 0.3287 -0.9068 -0.2640
vn 0.6234 0.7521 0.2138
vn -0.3512 -0.9235 0.1543
vn -0.0511 0.7660 0.6408
vn -0.6129 -0.7491 -0.2512
vn -0.3163 0.9204 0.2296
vn -0.6017 -0.7376 -0.3064
vn -0.3043 0.9362 0.1757
vn 0.7231 -0.6664 -0.1818
vn 0.2341 0.9260 0.2963
vn 0.7204 -0.6848 -0.1097
vn 0.2335 0.9007 0.3663
vn 0.3648 -0.9041 0.2227
vn -0.1275 0.6988 0.7039
vn -0.2037 -0.9105 -0.3599
vn -0.6994 0.7037 0.1247
vn 0.1206 -0.7083 -0.6955
vn -0.3742 0.9028 -0.2118
vn 0.2293 -0.6760 -0.7003
vn -0.2668 0.9394 -0.2153
vn -0.0186 -0.6664 -0.7454
vn 0.3404 0.9260 -0.1633
vn 0.0511 -0.6848 -0.7269
vn 0.4086 0.9007 -0.1474
vn 0.2974 -0.9041 -0.3070
vn 0.6588 0.6988 0.2789
vn -0.3958 -0.9105 0.1197
vn -0.0318 0.7037 0.7097
vn -0.6521 -0.7083 -0.2703
vn -0.2888 0.9028 0.3186
vn -0.6329 -0.6760 -0.3774
vn -0.2686 0.9394 0.2131
vn 0.7621 -0.6002 -0.2427
vn 0.1926 0.9297 0.3140
vn 0.7594 -0.6281 -0.1695
vn 0.1898 0.9022 0.3873
vn 0.3872 -0.9043 0.1797
vn -0.1887 0.6426 0.7426
vn -0.1532 -0.9141 -0.3754
vn -0.7353 0.6495 0.1936
vn 0.2232 -0.6180 -0.7539
vn -0.3482 0.9168 -0.1953
vn 0.2644 -0.6014 -0.7539
vn -0.3063 0.9315 -0.1961
vn -0.0695 -0.6002 -0.7968
vn 0.3486 0.9297 -0.1190
vn 0.0013 -0.6281 -0.7781
vn 0.4195 0.9022 -0.1001
vn 0.2603 -0.9043 -0.3383
vn 0.6831 0.6426 0.3471
vn -0.3999 -0.9141 0.0671
vn 0.0274 0.6495 0.7599
vn -0.6865 -0.6180 -0.3832
vn -0.2670 0.9168 0.2968
vn -0.6775 -0.6014 -0.4234
vn -0.2585 0.9315 0.2557
vn 0.2911 -0.7373 -0.6097
vn 0.3494 0.9358 -0.0465
vn 0.3804 -0.7585 -0.5291
vn 0.4382 0.8984 0.0286
vn 0.4112 -0.9066 -0.0950
vn 0.4690 0.7520 0.4632
vn -0.4074 -0.9132 -0.0106
vn -0.3491 0.7574 0.5517
vn -0.4667 -0.7351 -0.4917
vn -0.4093 0.9103 0.0621
vn -0.4391 -0.7279 -0.5266
vn -0.3814 0.9239 0.0293
vn -0.5309 -0.7373 -0.4178
vn 0.0313 0.9358 -0.3511
vn -0.4327 -0.7585 -0.4872
vn 0.1241 0.8984 -0.4212
vn -0.0025 -0.9066 -0.4220
vn 0.5549 0.7520 -0.3559
vn -0.0997 -0.9132 0.3952
vn 0.4616 0.7574 0.4617
vn -0.5822 -0.7351 0.3474
vn -0.0293 0.9103 0.4130
vn -0.6102 -0.7279 0.3128
vn -0.0551 0.9239 0.3786
vn 0.2818 -0.6733 -0.6835
vn 0.3530 0.9356 0.0038
vn 0.3628 -0.7039 -0.6107
vn 0.4338 0.8980 0.0736
vn 0.3974 -0.9058 -0.1471
vn 0.4685 0.7001 0.5389
vn -0.3998 -0.9143 -0.0655
vn -0.3280 0.7066 0.6269
vn -0.4612 -0.7081 -0.5346
vn -0.3896 0.9077 0.1556
vn -0.4019 -0.6771 -0.6164
vn -0.3303 0.9409 0.0748
vn -0.6050 -0.6733 -0.4250
vn 0.0812 0.9356 -0.3436
vn -0.5161 -0.7039 -0.4880
vn 0.1670 0.8980 -0.4070
vn -0.0563 -0.9058 -0.4200
vn 0.6286 0.7001 -0.3387
vn -0.1517 -0.9143 0.3757
vn 0.5396 0.7067 0.4576
vn -0.6228 -0.7081 0.3326
vn 0.0663 0.9077 0.4143
vn -0.6896 -0.6771 0.2568
vn 0.0005 0.9409 0.3387
vn 0.2561 -0.6066 -0.7527
vn 0.3391 0.9395 0.0479
vn 0.3229 -0.6442 -0.6934
vn 0.4061 0.9072 0.1099
vn 0.3632 -0.9119 -0.1910
vn 0.4469 0.6480 0.6168
vn -0.4077 -0.9064 -0.1101
vn -0.3245 0.6441 0.6927
vn -0.4702 -0.6163 -0.6317
vn -0.3884 0.9079 0.1575
vn -0.4397 -0.5979 -0.6702
vn -0.3579 0.9262 0.1190
vn -0.6781 -0.6066 -0.4151
vn 0.1212 0.9395 -0.3203
vn -0.6056 -0.6442 -0.4672
vn 0.1964 0.9072 -0.3721
vn -0.1066 -0.9119 -0.3962
vn 0.6998 0.6480 -0.3006
vn -0.1970 -0.9064 0.3736
vn 0.6046 0.6441 0.4687
vn -0.7195 -0.6163 0.3200
vn 0.0684 0.9079 0.4135
vn -0.7504 -0.5979 0.2818
vn 0.0375 0.9262 0.3753
vn -0.4927 -0.7389 -0.4597
vn 0.0622 0.9378 -0.3416
vn -0.4434 -0.7509 -0.4894
vn 0.1102 0.9219 -0.3715
vn 0.0264 -0.9249 -0.3792
vn 0.5864 0.7672 -0.2599
vn -0.1326 -0.9201 0.3686
vn 0.4245 0.7632 0.4872
vn -0.6197 -0.7357 0.2733
vn -0.0724 0.9180 0.3899
vn -0.6365 -0.7303 0.2480
vn -0.0881 0.9269 0.3648
vn -0.5567 -0.7389 0.3797
vn -0.3196 0.9378 -0.1357
vn -0.5748 -0.7509 0.3251
vn -0.3382 0.9219 -0.1891
vn -0.3642 -0.9249 -0.1090
vn -0.1249 0.7672 -0.6292
vn 0.3305 -0.9201 0.2103
vn 0.5685 0.7632 -0.3072
vn 0.1306 -0.7357 0.6646
vn 0.3645 0.9180 0.1562
vn 0.1022 -0.7303 0.6754
vn 0.3365 0.9269 0.1660
vn -0.5696 -0.6768 -0.4664
vn 0.1098 0.9405 -0.3217
vn -0.4661 -0.7122 -0.5249
vn 0.2112 0.9003 -0.3806
vn -0.0197 -0.9094 -0.4154
vn 0.6576 0.7029 -0.2712
vn -0.1888 -0.9052 0.3808
vn 0.4853 0.6996 0.5244
vn -0.6306 -0.7149 0.3021
vn 0.0452 0.8939 0.4461
vn -0.7101 -0.6764 0.1954
vn -0.0312 0.9399 0.3400
vn -0.5800 -0.6768 0.4533
vn -0.2897 0.9405 -0.1777
vn -0.6144 -0.7122 0.3395
vn -0.3249 0.9003 -0.2896
vn -0.4096 -0.9094 -0.0720
vn -0.1202 0.7029 -0.7011
vn 0.3301 -0.9052 0.2678
vn 0.6181 0.6996 -0.3584
vn 0.1563 -0.7149 0.6815
vn 0.4451 0.8939 0.0538
vn 0.0348 -0.6764 0.7357
vn 0.3249 0.9399 0.1051
vn -0.6226 -0.5994 -0.5030
vn 0.1553 0.9285 -0.3373
vn -0.5985 -0.6107 -0.5185
vn 0.1800 0.9183 -0.3527
vn -0.0711 -0.9139 -0.3997
vn 0.7248 0.6494 -0.2301
vn -0.2317 -0.9023 0.3635
vn 0.5541 0.6411 0.5309
vn -0.7092 -0.6487 0.2760
vn 0.0758 0.8932 0.4432
vn -0.7750 -0.6043 0.1847
vn 0.0093 0.9361 0.3517
vn -0.6274 -0.5994 0.4970
vn -0.2950 0.9285 -0.2256
vn -0.6372 -0.6107 0.4701
vn -0.3046 0.9183 -0.2530
vn -0.4055 -0.9139 -0.0183
vn -0.0654 0.6494 -0.7576
vn 0.3038 -0.9023 0.3059
vn 0.6396 0.6411 -0.4241
vn 0.1135 -0.6487 0.7525
vn 0.4490 0.8932 0.0233
vn 0.0100 -0.6043 0.7967
vn 0.3452 0.9361 0.0682
vn -0.6691 -0.7355 0.1065
vn -0.2425 0.9336 -0.2638
vn -0.6599 -0.7510 0.0220
vn -0.2360 0.9081 -0.3460
vn -0.3045 -0.9132 -0.2707
vn 0.1224 0.7575 -0.6413
vn 0.2263 -0.9125 0.3408
vn 0.6529 0.7569 -0.0295
vn -0.1033 -0.7579 0.6442
vn 0.3219 0.9059 0.2751
vn -0.2071 -0.7383 0.6419
vn 0.2210 0.9371 0.2702
vn -0.0430 -0.7356 0.6761
vn -0.3106 0.9336 0.1787
vn -0.1234 -0.7510 0.6487
vn -0.3894 0.9081 0.1543
vn -0.3310 -0.9132 0.2377
vn -0.5988 0.7575 -0.2602
vn 0.3822 -0.9125 -0.1460
vn 0.1145 0.7569 -0.6435
vn 0.6058 -0.7579 0.2421
vn 0.3390 0.9059 -0.2537
vn 0.5807 -0.7383 0.3430
vn 0.3122 0.9371 -0.1563
vn -0.7171 -0.6758 0.1705
vn -0.1933 0.9391 -0.2842
vn -0.6964 -0.7173 0.0237
vn -0.1762 0.8865 -0.4279
vn -0.3561 -0.9003 -0.2504
vn 0.1616 0.6958 -0.6998
vn 0.1961 -0.9014 0.3859
vn 0.7145 0.6967 -0.0640
vn -0.1281 -0.7143 0.6880
vn 0.3920 0.8890 0.2366
vn -0.2678 -0.6753 0.6872
vn 0.2556 0.9383 0.2330
vn 0.0089 -0.6758 0.7370
vn -0.3197 0.9391 0.1262
vn -0.1298 -0.7173 0.6846
vn -0.4561 0.8865 0.0780
vn -0.3225 -0.9003 0.2924
vn -0.6472 0.6958 -0.3113
vn 0.4196 -0.9014 -0.1066
vn 0.0944 0.6967 -0.7111
vn 0.6431 -0.7143 0.2760
vn 0.3168 0.8890 -0.3305
vn 0.6117 -0.6753 0.4121
vn 0.2834 0.9383 -0.1982
vn -0.7692 -0.6035 0.2101
vn -0.1644 0.9348 -0.3148
vn -0.7600 -0.6378 0.1248
vn -0.1543 0.9030 -0.4010
vn -0.3718 -0.9072 -0.1969
vn 0.2382 0.6446 -0.7265
vn 0.1308 -0.9141 0.3839
vn 0.7455 0.6495 -0.1497
vn -0.2700 -0.6147 0.7411
vn 0.3323 0.9176 0.2182
vn -0.3055 -0.6006 0.7389
vn 0.2963 0.9302 0.2165
vn 0.0362 -0.6035 0.7965
vn -0.3432 0.9348 0.0913
vn -0.0451 -0.6378 0.7689
vn -0.4251 0.9030 0.0625
vn -0.2737 -0.9072 0.3195
vn -0.6565 0.6446 -0.3919
vn 0.4032 -0.9141 -0.0433
vn 0.0176 0.6495 -0.7602
vn 0.6637 -0.6147 0.4261
vn 0.2858 0.9176 -0.2763
vn 0.6538 -0.6006 0.4602
vn 0.2763 0.9302 -0.2415
vn -0.2562 -0.7358 0.6269
vn -0.3507 0.9339 0.0699
vn -0.3009 -0.7466 0.5933
vn -0.3952 0.9178 0.0380
vn -0.3717 -0.9210 0.1168
vn -0.4672 0.7639 -0.4452
vn 0.3863 -0.9223 -0.0118
vn 0.2908 0.7650 -0.5747
vn 0.4774 -0.7410 0.4722
vn 0.3834 0.9200 -0.0819
vn 0.4555 -0.7336 0.5044
vn 0.3612 0.9311 -0.0510
vn 0.5554 -0.7358 0.3875
vn -0.0088 0.9339 0.3575
vn 0.5128 -0.7466 0.4238
vn -0.0497 0.9178 0.3939
vn 0.0324 -0.9210 0.3883
vn -0.5369 0.7639 0.3580
vn 0.0733 -0.9223 -0.3795
vn -0.4968 0.7650 -0.4098
vn 0.5655 -0.7410 -0.3621
vn 0.0043 0.9200 -0.3920
vn 0.5921 -0.7336 -0.3336
vn 0.0296 0.9311 -0.3636
vn -0.2426 -0.6718 0.6999
vn -0.3580 0.9335 0.0202
vn -0.3018 -0.6930 0.6548
vn -0.4169 0.9087 -0.0234
vn -0.3728 -0.9120 0.1709
vn -0.4891 0.7049 -0.5137
vn 0.4227 -0.9056 0.0351
vn 0.3073 0.6999 -0.6447
vn 0.5140 -0.7005 0.4950
vn 0.3991 0.8987 -0.1821
vn 0.4586 -0.6722 0.5812
vn 0.3431 0.9341 -0.0989
vn 0.6295 -0.6718 0.3903
vn -0.0589 0.9335 0.3537
vn 0.5725 -0.6930 0.4381
vn -0.1144 0.9087 0.4016
vn 0.0849 -0.9120 0.4013
vn -0.6085 0.7049 0.3644
vn 0.1270 -0.9056 -0.4047
vn -0.5615 0.6999 -0.4413
vn 0.5958 -0.7005 -0.3928
vn -0.0901 0.8987 -0.4293
vn 0.6677 -0.6722 -0.3198
vn -0.0212 0.9341 -0.3565
vn -0.2210 -0.6034 0.7662
vn -0.3550 0.9346 -0.0231
vn -0.2756 -0.6311 0.7251
vn -0.4099 0.9098 -0.0657
vn -0.3522 -0.9110 0.2143
vn -0.4880 0.6473 -0.5855
vn 0.4374 -0.8959 0.0777
vn 0.3038 0.6366 -0.7088
vn 0.5324 -0.6280 0.5676
vn 0.4000 0.8916 -0.2123
vn 0.4845 -0.5973 0.6391
vn 0.3518 0.9252 -0.1423
vn 0.6990 -0.6034 0.3838
vn -0.1005 0.9346 0.3413
vn 0.6469 -0.6311 0.4281
vn -0.1541 0.9098 0.3855
vn 0.1318 -0.9110 0.3907
vn -0.6783 0.6473 0.3476
vn 0.1718 -0.8959 -0.4096
vn -0.6248 0.6366 -0.4520
vn 0.6706 -0.6280 -0.3948
vn -0.1193 0.8916 -0.4369
vn 0.7299 -0.5973 -0.3323
vn -0.0616 0.9252 -0.3744
vn 0.6525 -0.7345 -0.1866
vn 0.2764 0.9322 0.2336
vn 0.6543 -0.7481 -0.1108
vn 0.2802 0.9095 0.3072
vn 0.3348 -0.9140 0.2291
vn -0.0425 0.7581 0.6507
vn -0.2630 -0.9150 -0.3060
vn -0.6408 0.7589 0.1161
vn 0.0324 -0.7554 -0.6545
vn -0.3433 0.9094 -0.2347
vn 0.1236 -0.7379 -0.6635
vn -0.2542 0.9366 -0.2413
vn -0.0388 -0.7345 -0.6775
vn 0.2886 0.9322 -0.2184
vn 0.0355 -0.7481 -0.6626
vn 0.3612 0.9095 -0.2060
vn 0.2970 -0.9140 -0.2764
vn 0.6256 0.7581 0.1843
vn -0.3563 -0.9150 0.1894
vn -0.0274 0.7589 0.6506
vn -0.6314 -0.7554 -0.1753
vn -0.3043 0.9094 0.2834
vn -0.6202 -0.7379 -0.2662
vn -0.2912 0.9366 0.1951
vn 0.6882 -0.6766 -0.2618
vn 0.2252 0.9402 0.2557
vn 0.6881 -0.7095 -0.1523
vn 0.2261 0.9036 0.3639
vn 0.3671 -0.9113 0.1863
vn -0.0956 0.7044 0.7034
vn -0.2189 -0.9151 -0.3387
vn -0.6835 0.7073 0.1805
vn 0.0929 -0.7031 -0.7050
vn -0.3691 0.9100 -0.1887
vn 0.1818 -0.6760 -0.7142
vn -0.2808 0.9393 -0.1973
vn -0.1043 -0.6766 -0.7289
vn 0.2989 0.9402 -0.1636
vn 0.0025 -0.7095 -0.7047
vn 0.4047 0.9036 -0.1407
vn 0.2623 -0.9113 -0.3173
vn 0.6652 0.7044 0.2477
vn -0.3785 -0.9151 0.1392
vn 0.0260 0.7073 0.7065
vn -0.6674 -0.7031 -0.2454
vn -0.2651 0.9100 0.3187
vn -0.6568 -0.6760 -0.3341
vn -0.2541 0.9393 0.2307
vn 0.7479 -0.5985 -0.2871
vn 0.2182 0.9271 0.3047
vn 0.7495 -0.6108 -0.2552
vn 0.2196 0.9156 0.3369
vn 0.3860 -0.9117 0.1409
vn -0.1554 0.6478 0.7458
vn -0.1785 -0.9138 -0.3648
vn -0.7212 0.6493 0.2415
vn 0.1703 -0.6196 -0.7662
vn -0.3628 0.9161 -0.1705
vn 0.2146 -0.6017 -0.7694
vn -0.3178 0.9320 -0.1744
vn -0.1159 -0.5985 -0.7927
vn 0.3452 0.9271 -0.1460
vn -0.0844 -0.6108 -0.7872
vn 0.3769 0.9156 -0.1403
vn 0.2222 -0.9117 -0.3457
vn 0.6935 0.6478 0.3153
vn -0.3951 -0.9138 0.0941
vn 0.0773 0.6493 0.7566
vn -0.7102 -0.6196 -0.3343
vn -0.2460 0.9161 0.3166
vn -0.7035 -0.6017 -0.3782
vn -0.2400 0.9320 0.2718
vn 0.1453 -0.7320 -0.6657
vn 0.3427 0.9290 -0.1395
vn 0.1979 -0.7421 -0.6404
vn 0.3944 0.9115 -0.1164
vn 0.3560 -0.9150 -0.1898
vn 0.5550 0.7589 0.3406
vn -0.4033 -0.9101 0.0954
vn -0.2054 0.7549 0.6229
vn -0.5709 -0.7591 -0.3127
vn -0.3734 0.9027 0.2138
vn -0.5295 -0.7383 -0.4178
vn -0.3304 0.9370 0.1130
vn -0.6175 -0.7320 -0.2879
vn -0.0608 0.9290 -0.3650
vn -0.5813 -0.7421 -0.3336
vn -0.0270 0.9115 -0.4104
vn -0.1070 -0.9150 -0.3890
vn 0.4541 0.7590 -0.4667
vn 0.0045 -0.9101 0.4144
vn 0.5626 0.7549 0.3371
vn -0.4304 -0.7591 0.4883
vn 0.1266 0.9027 0.4112
vn -0.5238 -0.7383 0.4249
vn 0.0377 0.9370 0.3472
vn 0.1189 -0.6682 -0.7344
vn 0.3597 0.9285 -0.0924
vn 0.1783 -0.6858 -0.7056
vn 0.4184 0.9059 -0.0655
vn 0.3415 -0.9085 -0.2410
vn 0.5844 0.7022 0.4067
vn -0.4170 -0.9078 0.0436
vn -0.1742 0.7017 0.6908
vn -0.5968 -0.6943 -0.4021
vn -0.3558 0.9031 0.2402
vn -0.5645 -0.6709 -0.4809
vn -0.3226 0.9322 0.1638
vn -0.6904 -0.6682 -0.2772
vn -0.0112 0.9285 -0.3712
vn -0.6492 -0.6858 -0.3288
vn 0.0279 0.9059 -0.4226
vn -0.1602 -0.9085 -0.3860
vn 0.5250 0.7022 -0.4809
vn -0.0490 -0.9078 0.4164
vn 0.6358 0.7017 0.3216
vn -0.5233 -0.6943 0.4940
vn 0.1563 0.9031 0.3999
vn -0.5931 -0.6709 0.4452
vn 0.0889 0.9322 0.3507
vn 0.0740 -0.6029 -0.7944
vn 0.3550 0.9338 -0.0454
vn 0.1495 -0.6362 -0.7569
vn 0.4308 0.9024 -0.0070
vn 0.3161 -0.9063 -0.2805
vn 0.5995 0.6440 0.4752
vn -0.4076 -0.9131 -0.0102
vn -0.1220 0.6488 0.7511
vn -0.6035 -0.6091 -0.5146
vn -0.3243 0.9177 0.2296
vn -0.5924 -0.5987 -0.5391
vn -0.3134 0.9273 0.2047
vn -0.7588 -0.6029 -0.2466
vn 0.0336 0.9338 -0.3563
vn -0.7056 -0.6362 -0.3120
vn 0.0877 0.9024 -0.4219
vn -0.2042 -0.9063 -0.3699
vn 0.5952 0.6440 -0.4806
vn -0.0994 -0.9131 0.3954
vn 0.7060 0.6488 0.2839
vn -0.6345 -0.6091 0.4758
vn 0.1528 0.9177 0.3668
vn -0.6560 -0.5987 0.4596
vn 0.1309 0.9273 0.3507
vn -0.4481 -0.7310 -0.5146
vn 0.0919 0.9279 -0.3614
vn -0.3640 -0.7458 -0.5579
vn 0.1710 0.8976 -0.4062
vn 0.0659 -0.9038 -0.4228
vn 0.6042 0.7497 -0.2701
vn -0.1539 -0.9248 0.3478
vn 0.3969 0.7671 0.5040
vn -0.6324 -0.7424 0.2211
vn -0.0903 0.9227 0.3748
vn -0.6510 -0.7351 0.1892
vn -0.1080 0.9330 0.3432
vn -0.6004 -0.7310 0.3242
vn -0.3324 0.9279 -0.1690
vn -0.6242 -0.7458 0.2327
vn -0.3588 0.8976 -0.2560
vn -0.3980 -0.9038 -0.1571
vn -0.1309 0.7497 -0.6487
vn 0.3055 -0.9248 0.2265
vn 0.5788 0.7671 -0.2766
vn 0.0768 -0.7424 0.6655
vn 0.3458 0.9227 0.1704
vn 0.0417 -0.7351 0.6767
vn 0.3111 0.9330 0.1807
vn -0.5233 -0.6696 -0.5270
vn 0.1378 0.9304 -0.3395
vn -0.4577 -0.6897 -0.5611
vn 0.2013 0.9053 -0.3741
vn 0.0085 -0.9087 -0.4175
vn 0.6741 0.7023 -0.2287
vn -0.2127 -0.9071 0.3631
vn 0.4518 0.7011 0.5516
vn -0.6727 -0.6980 0.2456
vn -0.0119 0.9013 0.4330
vn -0.7220 -0.6719 0.1654
vn -0.0586 0.9336 0.3535
vn -0.6291 -0.6696 0.3949
vn -0.3010 0.9304 -0.2090
vn -0.6478 -0.6897 0.3234
vn -0.3208 0.9053 -0.2785
vn -0.4054 -0.9087 -0.0999
vn -0.0751 0.7023 -0.7079
vn 0.3076 -0.9071 0.2872
vn 0.6373 0.7011 -0.3197
vn 0.0919 -0.6980 0.7102
vn 0.4198 0.9013 0.1066
vn 0.0029 -0.6719 0.7407
vn 0.3320 0.9336 0.1348
vn -0.5850 -0.5982 -0.5477
vn 0.1786 0.9265 -0.3311
vn -0.5114 -0.6283 -0.5862
vn 0.2512 0.8945 -0.3699
vn -0.0318 -0.8983 -0.4383
vn 0.7377 0.6383 -0.2201
vn -0.2551 -0.9028 0.3462
vn 0.5183 0.6415 0.5655
vn -0.7210 -0.6540 0.2291
vn 0.0533 0.8921 0.4487
vn -0.7856 -0.6056 0.1271
vn -0.0125 0.9380 0.3463
vn -0.6627 -0.5982 0.4505
vn -0.2838 0.9265 -0.2469
vn -0.6842 -0.6283 0.3703
vn -0.3057 0.8945 -0.3263
vn -0.4346 -0.8983 -0.0651
vn -0.0528 0.6383 -0.7680
vn 0.2818 -0.9028 0.3249
vn 0.6655 0.6415 -0.3815
vn 0.0652 -0.6540 0.7537
vn 0.4495 0.8921 0.0465
vn -0.0485 -0.6056 0.7943
vn 0.3351 0.9380 0.0882
vn -0.6518 -0.7285 0.2108
vn -0.3049 0.9247 -0.2281
vn -0.6538 -0.7317 0.1929
vn -0.3074 0.9194 -0.2454
vn -0.3355 -0.9211 -0.1977
vn 0.0180 0.7640 -0.6450
vn 0.2734 -0.9192 0.2835
vn 0.6262 0.7624 -0.1629
vn -0.0125 -0.7492 0.6622
vn 0.3368 0.9154 0.2203
vn -0.0781 -0.7364 0.6721
vn 0.2725 0.9346 0.2285
vn 0.0626 -0.7285 0.6822
vn -0.2894 0.9247 0.2474
vn 0.0447 -0.7317 0.6802
vn -0.3069 0.9194 0.2460
vn -0.2665 -0.9211 0.2839
vn -0.6253 0.7640 -0.1592
vn 0.3366 -0.9192 -0.2045
vn -0.0215 0.7624 -0.6467
vn 0.6433 -0.7492 0.1575
vn 0.2889 0.9154 -0.2802
vn 0.6385 -0.7364 0.2237
vn 0.2827 0.9346 -0.2157
vn -0.6867 -0.6698 0.2824
vn -0.2605 0.9307 -0.2568
vn -0.6933 -0.6911 0.2043
vn -0.2685 0.9039 -0.3331
vn -0.3840 -0.9078 -0.1689
vn 0.0447 0.7016 -0.7111
vn 0.2274 -0.9210 0.3163
vn 0.6623 0.7118 -0.2338
vn -0.0794 -0.6903 0.7191
vn 0.3495 0.9202 0.1765
vn -0.1313 -0.6742 0.7268
vn 0.2977 0.9368 0.1841
vn 0.1248 -0.6698 0.7320
vn -0.3077 0.9307 0.1978
vn 0.0471 -0.6911 0.7212
vn -0.3839 0.9039 0.1889
vn -0.2490 -0.9078 0.3375
vn -0.6840 0.7016 -0.1997
vn 0.3585 -0.9210 -0.1524
vn -0.0827 0.7118 -0.6974
vn 0.6842 -0.6903 0.2353
vn 0.2489 0.9202 -0.3022
vn 0.6803 -0.6742 0.2877
vn 0.2449 0.9368 -0.2500
vn -0.7226 -0.6012 0.3412
vn -0.2280 0.9311 -0.2846
vn -0.7309 -0.6431 0.2285
vn -0.2369 0.8870 -0.3964
vn -0.4206 -0.8961 -0.1415
vn 0.0742 0.6368 -0.7675
vn 0.1968 -0.9156 0.3508
vn 0.7024 0.6506 -0.2888
vn -0.1340 -0.6119 0.7795
vn 0.3605 0.9200 0.1539
vn -0.1623 -0.6004 0.7830
vn 0.3318 0.9300 0.1580
vn 0.1742 -0.6012 0.7799
vn -0.3277 0.9311 0.1600
vn 0.0625 -0.6431 0.7632
vn -0.4387 0.8870 0.1442
vn -0.2303 -0.8961 0.3793
vn -0.7325 0.6368 -0.2409
vn 0.3854 -0.9155 -0.1150
vn -0.1276 0.6506 -0.7487
vn 0.7311 -0.6119 0.3019
vn 0.2293 0.9200 -0.3179
vn 0.7283 -0.6004 0.3302
vn 0.2269 0.9300 -0.2890
vn -0.1628 -0.7369 0.6561
vn -0.3339 0.9354 0.1167
vn -0.2617 -0.7572 0.5984
vn -0.4312 0.9000 0.0639
vn -0.3813 -0.9076 0.1757
vn -0.5512 0.7528 -0.3598
vn 0.3883 -0.9190 -0.0677
vn 0.2163 0.7623 -0.6100
vn 0.5385 -0.7593 0.3655
vn 0.3673 0.9137 -0.1741
vn 0.5004 -0.7405 0.4486
vn 0.3285 0.9399 -0.0934
vn 0.6043 -0.7369 0.3028
vn 0.0405 0.9354 0.3514
vn 0.5264 -0.7572 0.3867
vn -0.0323 0.9000 0.4347
vn 0.0877 -0.9076 0.4106
vn -0.4720 0.7528 0.4588
vn 0.0192 -0.9190 -0.3937
vn -0.5477 0.7623 -0.3449
vn 0.4748 -0.7593 -0.4451
vn -0.0892 0.9137 -0.3966
vn 0.5475 -0.7405 -0.3897
vn -0.0190 0.9399 -0.3410
vn -0.1491 -0.6703 0.7270
vn -0.3570 0.9314 0.0713
vn -0.2277 -0.6947 0.6823
vn -0.4348 0.9000 0.0295
vn -0.3601 -0.9054 0.2247
vn -0.5686 0.6998 -0.4324
vn 0.4278 -0.9035 -0.0254
vn 0.2198 0.6983 -0.6812
vn 0.5830 -0.6936 0.4231
vn 0.3763 0.8979 -0.2285
vn 0.5438 -0.6693 0.5063
vn 0.3360 0.9301 -0.1485
vn 0.6765 -0.6703 0.3050
vn -0.0088 0.9314 0.3640
vn 0.6157 -0.6947 0.3720
vn -0.0667 0.9000 0.4307
vn 0.1402 -0.9054 0.4007
vn -0.5467 0.6998 0.4598
vn 0.0691 -0.9035 -0.4230
vn -0.6163 0.6983 -0.3640
vn 0.5407 -0.6936 -0.4759
vn -0.1403 0.8979 -0.4173
vn 0.6133 -0.6693 -0.4194
vn -0.0711 0.9301 -0.3604
vn -0.1267 -0.6001 0.7898
vn -0.3675 0.9295 0.0308
vn -0.2127 -0.6366 0.7413
vn -0.4532 0.8913 -0.0168
vn -0.3493 -0.8978 0.2683
vn -0.5911 0.6379 -0.4937
vn 0.4430 -0.8964 0.0168
vn 0.2016 0.6369 -0.7441
vn 0.6009 -0.6499 0.4653
vn 0.3593 0.8850 -0.2963
vn 0.5493 -0.6028 0.5787
vn 0.3074 0.9337 -0.1837
vn 0.7427 -0.6001 0.2970
vn -0.0506 0.9295 0.3653
vn 0.6765 -0.6366 0.3702
vn -0.1159 0.8913 0.4384
vn 0.1851 -0.8978 0.3997
vn -0.6114 0.6379 0.4683
vn 0.1136 -0.8964 -0.4285
vn -0.6817 0.6369 -0.3600
vn 0.5859 -0.6499 -0.4841
vn -0.2102 0.8850 -0.4155
vn 0.6852 -0.6028 -0.4088
vn -0.1117 0.9337 -0.3402
vn 0.4675 -0.7409 0.4822
vn -0.0808 0.9405 0.3302
vn 0.3546 -0.7653 0.5372
vn -0.1893 0.9027 0.3864
vn -0.0587 -0.9112 0.4078
vn -0.6022 0.7558 0.2572
vn 0.1558 -0.9181 -0.3644
vn -0.3919 0.7615 -0.5162
vn 0.6240 -0.7421 -0.2447
vn 0.0837 0.9151 -0.3945
vn 0.6501 -0.7328 -0.2008
vn 0.1079 0.9301 -0.3511
vn 0.5730 -0.7410 -0.3502
vn 0.3044 0.9405 0.1513
vn 0.6019 -0.7653 -0.2281
vn 0.3355 0.9027 0.2695
vn 0.3850 -0.9112 0.1468
vn 0.1187 0.7558 0.6440
vn -0.3213 -0.9181 -0.2320
vn -0.5897 0.7615 0.2690
vn -0.1017 -0.7421 -0.6625
vn -0.3665 0.9151 -0.1682
vn -0.0531 -0.7328 -0.6784
vn -0.3188 0.9301 -0.1823
vn 0.5231 -0.6678 0.5295
vn -0.1373 0.9280 0.3464
vn 0.4903 -0.6782 0.5474
vn -0.1694 0.9156 0.3646
vn -0.0011 -0.9153 0.4028
vn -0.6727 0.7074 0.2167
vn 0.2132 -0.9015 -0.3766
vn -0.4483 0.6968 -0.5600
vn 0.6524 -0.7081 -0.2702
vn -0.0095 0.8911 -0.4536
vn 0.7209 -0.6734 -0.1638
vn 0.0549 0.9358 -0.3484
vn 0.6314 -0.6678 -0.3942
vn 0.3078 0.9280 0.2100
vn 0.6417 -0.6782 -0.3582
vn 0.3185 0.9156 0.2453
vn 0.3927 -0.9153 0.0895
vn 0.0637 0.7074 0.7039
vn -0.3206 -0.9015 -0.2907
vn -0.6447 0.6968 0.3144
vn -0.1204 -0.7081 -0.6958
vn -0.4447 0.8911 -0.0903
vn -0.0015 -0.6734 -0.7393
vn -0.3278 0.9358 -0.1300
vn 0.6006 -0.6037 0.5242
vn -0.1713 0.9351 0.3103
vn 0.5475 -0.6285 0.5525
vn -0.2261 0.9135 0.3381
vn 0.0465 -0.9135 0.4042
vn -0.7374 0.6491 0.1869
vn 0.2498 -0.9098 -0.3315
vn -0.5309 0.6464 -0.5479
vn 0.7670 -0.6111 -0.1955
vn 0.0023 0.9132 -0.4074
vn 0.7844 -0.5978 -0.1651
vn 0.0200 0.9260 -0.3770
vn 0.6433 -0.6037 -0.4709
vn 0.2651 0.9351 0.2353
vn 0.6592 -0.6285 -0.4128
vn 0.2803 0.9135 0.2948
vn 0.4045 -0.9135 0.0433
vn 0.0205 0.6491 0.7604
vn -0.2686 -0.9098 -0.3165
vn -0.6511 0.6464 0.3977
vn -0.0224 -0.6112 -0.7912
vn -0.3970 0.9132 -0.0916
vn 0.0111 -0.5978 -0.8015
vn -0.3634 0.9260 -0.1022
vn -0.0130 -0.7395 -0.6730
vn 0.2871 0.9387 -0.1909
vn 0.0892 -0.7602 -0.6436
vn 0.3874 0.9071 -0.1647
vn 0.3141 -0.9138 -0.2575
vn 0.6131 0.7579 0.2227
vn -0.3536 -0.9220 0.1577
vn -0.0519 0.7647 0.6422
vn -0.6180 -0.7459 -0.2486
vn -0.3202 0.9191 0.2297
vn -0.6076 -0.7357 -0.2992
vn -0.3089 0.9338 0.1803
vn -0.6594 -0.7395 -0.1350
vn -0.1233 0.9387 -0.3221
vn -0.6083 -0.7602 -0.2283
vn -0.0756 0.9071 -0.4141
vn -0.1823 -0.9138 -0.3630
vn 0.3518 0.7579 -0.5493
vn 0.0763 -0.9220 0.3796
vn 0.6152 0.7647 0.1916
vn -0.3782 -0.7459 0.5483
vn 0.1538 0.9191 0.3628
vn -0.4253 -0.7357 0.5271
vn 0.1081 0.9338 0.3410
vn -0.0174 -0.6651 -0.7465
vn 0.3434 0.9242 -0.1671
vn -0.0177 -0.6650 -0.7466
vn 0.3431 0.9243 -0.1672
vn 0.2613 -0.9210 -0.2890
vn 0.6320 0.7118 0.3063
vn -0.3791 -0.9188 0.1102
vn -0.0093 0.7101 0.7040
vn -0.6533 -0.6897 -0.3124
vn -0.2884 0.9176 0.2736
vn -0.6423 -0.6731 -0.3665
vn -0.2772 0.9353 0.2199
vn -0.7322 -0.6651 -0.1469
vn -0.0877 0.9242 -0.3717
vn -0.7323 -0.6650 -0.1466
vn -0.0878 0.9243 -0.3714
vn -0.2245 -0.9210 -0.3184
vn 0.4376 0.7118 -0.5493
vn 0.0243 -0.9188 0.3941
vn 0.6848 0.7101 0.1636
vn -0.4482 -0.6897 0.5687
vn 0.2036 0.9176 0.3414
vn -0.4985 -0.6731 0.5462
vn 0.1537 0.9353 0.3187
vn -0.0849 -0.6031 -0.7931
vn 0.3381 0.9342 -0.1138
vn -0.0048 -0.6361 -0.7716
vn 0.4188 0.9035 -0.0912
vn 0.2530 -0.9072 -0.3363
vn 0.6800 0.6446 0.3495
vn -0.3991 -0.9144 0.0684
vn 0.0313 0.6497 0.7595
vn -0.6805 -0.6358 -0.3643
vn -0.2544 0.9127 0.3199
vn -0.6667 -0.6057 -0.4344
vn -0.2419 0.9381 0.2478
vn -0.7924 -0.6031 -0.0912
vn -0.0368 0.9342 -0.3548
vn -0.7538 -0.6361 -0.1647
vn 0.0029 0.9035 -0.4286
vn -0.2725 -0.9072 -0.3206
vn 0.4902 0.6446 -0.5867
vn -0.0209 -0.9144 0.4044
vn 0.7479 0.6497 0.1362
vn -0.5048 -0.6358 0.5839
vn 0.2563 0.9127 0.3184
vn -0.5701 -0.6057 0.5551
vn 0.1887 0.9381 0.2904
vn -0.5451 -0.7315 -0.4097
vn 0.0153 0.9284 -0.3712
vn -0.4872 -0.7439 -0.4574
vn 0.0695 0.9052 -0.4192
vn -0.0240 -0.9099 -0.4142
vn 0.5379 0.7547 -0.3757
vn -0.0791 -0.9221 0.3788
vn 0.4903 0.7648 0.4179
vn -0.5530 -0.7528 0.3570
vn 0.0111 0.9183 0.3957
vn -0.6000 -0.7388 0.3070
vn -0.0340 0.9377 0.3458
vn -0.5193 -0.7315 0.4419
vn -0.3588 0.9284 -0.0964
vn -0.5532 -0.7439 0.3750
vn -0.3937 0.9052 -0.1598
vn -0.4094 -0.9099 -0.0675
vn -0.2484 0.7547 -0.6072
vn 0.3522 -0.9221 0.1604
vn 0.5153 0.7648 -0.3867
vn 0.2269 -0.7528 0.6179
vn 0.3885 0.9183 0.0760
vn 0.1678 -0.7388 0.6527
vn 0.3299 0.9377 0.1091
vn -0.6207 -0.6695 -0.4081
vn 0.0648 0.9303 -0.3611
vn -0.5394 -0.6965 -0.4731
vn 0.1418 0.8934 -0.4264
vn -0.0757 -0.9006 -0.4280
vn 0.6085 0.6961 -0.3811
vn -0.1334 -0.9013 0.4123
vn 0.5513 0.6966 0.4592
vn -0.5882 -0.7054 0.3955
vn 0.0961 0.8916 0.4424
vn -0.6728 -0.6726 0.3083
vn 0.0158 0.9345 0.3555
vn -0.5344 -0.6695 0.5159
vn -0.3381 0.9303 -0.1425
vn -0.5800 -0.6965 0.4224
vn -0.3849 0.8934 -0.2319
vn -0.4342 -0.9006 -0.0201
vn -0.2383 0.6961 -0.6773
vn 0.3729 -0.9013 0.2206
vn 0.5690 0.6966 -0.4370
vn 0.2567 -0.7054 0.6606
vn 0.4527 0.8916 0.0033
vn 0.1531 -0.6725 0.7240
vn 0.3503 0.9345 0.0626
vn -0.6886 -0.6003 -0.4067
vn 0.1061 0.9299 -0.3522
vn -0.6393 -0.6250 -0.4478
vn 0.1559 0.9061 -0.3933
vn -0.1244 -0.9068 -0.4028
vn 0.6812 0.6443 -0.3476
vn -0.1782 -0.9067 0.3822
vn 0.6273 0.6443 0.4374
vn -0.6762 -0.6426 0.3603
vn 0.1255 0.9010 0.4153
vn -0.7414 -0.6044 0.2915
vn 0.0588 0.9362 0.3464
vn -0.5480 -0.6003 0.5825
vn -0.3203 0.9299 -0.1809
vn -0.5773 -0.6250 0.5255
vn -0.3495 0.9061 -0.2384
vn -0.4203 -0.9068 0.0329
vn -0.1896 0.6443 -0.7409
vn 0.3337 -0.9067 0.2578
vn 0.5645 0.6443 -0.5160
vn 0.2031 -0.6426 0.7388
vn 0.4327 0.9010 -0.0313
vn 0.1217 -0.6044 0.7873
vn 0.3508 0.9362 0.0187
vn -0.6354 -0.7374 0.2290
vn -0.2809 0.9359 -0.2124
vn -0.6415 -0.7548 0.1372
vn -0.2890 0.9086 -0.3016
vn -0.3463 -0.9142 -0.2107
vn 0.0081 0.7582 -0.6519
vn 0.2900 -0.9088 0.3000
vn 0.6423 0.7538 -0.1386
vn 0.0022 -0.7376 0.6752
vn 0.3503 0.9049 0.2419
vn -0.0587 -0.7281 0.6829
vn 0.2914 0.9241 0.2471
vn 0.0839 -0.7374 0.6702
vn -0.2689 0.9359 0.2274
vn -0.0070 -0.7548 0.6560
vn -0.3577 0.9086 0.2158
vn -0.2816 -0.9142 0.2916
vn -0.6342 0.7582 -0.1510
vn 0.3564 -0.9088 -0.2171
vn 0.0058 0.7538 -0.6571
vn 0.6592 -0.7376 0.1460
vn 0.3129 0.9049 -0.2887
vn 0.6534 -0.7281 0.2072
vn 0.3050 0.9241 -0.2301
vn -0.6708 -0.6777 0.3014
vn -0.2352 0.9416 -0.2408
vn -0.6759 -0.7215 0.1504
vn -0.2428 0.8887 -0.3888
vn -0.3906 -0.9030 -0.1790
vn 0.0400 0.6979 -0.7150
vn 0.2408 -0.9129 0.3296
vn 0.6761 0.7056 -0.2123
vn -0.0610 -0.6895 0.7217
vn 0.3693 0.9105 0.1860
vn -0.1259 -0.6709 0.7307
vn 0.3053 0.9323 0.1939
vn 0.1468 -0.6777 0.7206
vn -0.2866 0.9416 0.1767
vn -0.0017 -0.7215 0.6924
vn -0.4326 0.8887 0.1516
vn -0.2603 -0.9030 0.3418
vn -0.6888 0.6979 -0.1960
vn 0.3744 -0.9129 -0.1626
vn -0.0587 0.7056 -0.7062
vn 0.6907 -0.6895 0.2179
vn 0.2625 0.9105 -0.3195
vn 0.6853 -0.6709 0.2832
vn 0.2562 0.9323 -0.2553
vn -0.7163 -0.6047 0.3481
vn -0.2139 0.9366 -0.2774
vn -0.7214 -0.6314 0.2844
vn -0.2177 0.9138 -0.3428
vn -0.3881 -0.9144 -0.1155
vn 0.1218 0.6497 -0.7504
vn 0.2139 -0.9057 0.3661
vn 0.7189 0.6435 -0.2627
vn -0.1106 -0.6126 0.7826
vn 0.3851 0.9079 0.1655
vn -0.1537 -0.5966 0.7877
vn 0.3420 0.9241 0.1705
vn 0.1824 -0.6047 0.7753
vn -0.3176 0.9366 0.1478
vn 0.1191 -0.6314 0.7663
vn -0.3822 0.9138 0.1371
vn -0.1979 -0.9144 0.3532
vn -0.7053 0.6497 -0.2836
vn 0.4041 -0.9057 -0.1283
vn -0.0984 0.6435 -0.7591
vn 0.7393 -0.6126 0.2797
vn 0.2460 0.9079 -0.3394
vn 0.7347 -0.5966 0.3229
vn 0.2414 0.9241 -0.2963
vn -0.1172 -0.7367 0.6660
vn -0.3256 0.9351 0.1401
vn -0.1919 -0.7523 0.6302
vn -0.3992 0.9106 0.1071
vn -0.3514 -0.9155 0.1959
vn -0.5603 0.7593 -0.3309
vn 0.3868 -0.9171 -0.0966
vn 0.1777 0.7607 -0.6244
vn 0.5667 -0.7576 0.3240
vn 0.3586 0.9116 -0.2011
vn 0.5342 -0.7393 0.4100
vn 0.3250 0.9384 -0.1177
vn 0.6240 -0.7367 0.2605
vn 0.0652 0.9351 0.3484
vn 0.5727 -0.7523 0.3256
vn 0.0169 0.9106 0.4130
vn 0.1140 -0.9155 0.3859
vn -0.4458 0.7593 0.4740
vn -0.0093 -0.9171 -0.3986
vn -0.5701 0.7607 -0.3104
vn 0.4405 -0.7576 -0.4817
vn -0.1174 0.9116 -0.3940
vn 0.5172 -0.7393 -0.4312
vn -0.0435 0.9384 -0.3429
vn -0.0785 -0.6753 0.7333
vn -0.3339 0.9384 0.0890
vn -0.1479 -0.6989 0.6998
vn -0.4030 0.9135 0.0560
vn -0.3180 -0.9170 0.2408
vn -0.5753 0.7088 -0.4083
vn 0.4163 -0.9078 -0.0514
vn 0.1616 0.7016 -0.6940
vn 0.6062 -0.6882 0.3985
vn 0.3542 0.9045 -0.2374
vn 0.5795 -0.6688 0.4657
vn 0.3266 0.9293 -0.1723
vn 0.6982 -0.6753 0.2375
vn 0.0136 0.9384 0.3453
vn 0.6503 -0.6989 0.2979
vn -0.0338 0.9135 0.4055
vn 0.1651 -0.9170 0.3631
vn -0.5246 0.7088 0.4716
vn 0.0412 -0.9078 -0.4174
vn -0.6416 0.7016 -0.3100
vn 0.5219 -0.6882 -0.5040
vn -0.1539 0.9045 -0.3977
vn 0.5816 -0.6688 -0.4631
vn -0.0964 0.9293 -0.3564
vn -0.0828 -0.5973 0.7978
vn -0.3748 0.9251 0.0610
vn -0.1206 -0.6127 0.7811
vn -0.4126 0.9098 0.0443
vn -0.3088 -0.9073 0.2856
vn -0.6064 0.6447 -0.4654
vn 0.4051 -0.9143 0.0039
vn 0.1051 0.6496 -0.7529
vn 0.6121 -0.6021 0.5126
vn 0.3200 0.9205 -0.2242
vn 0.6069 -0.5972 0.5244
vn 0.3149 0.9251 -0.2123
vn 0.7601 -0.5973 0.2559
vn -0.0227 0.9251 0.3790
vn 0.7356 -0.6127 0.2891
vn -0.0474 0.9098 0.4123
vn 0.2109 -0.9072 0.3639
vn -0.5872 0.6447 0.4895
vn 0.0927 -0.9143 -0.3943
vn -0.7115 0.6496 -0.2678
vn 0.6345 -0.6022 -0.4846
vn -0.1485 0.9205 -0.3614
vn 0.6448 -0.5972 -0.4770
vn -0.1380 0.9251 -0.3538
vn 0.5381 -0.7308 0.4200
vn -0.0211 0.9275 0.3731
vn 0.5106 -0.7371 0.4427
vn -0.0472 0.9171 0.3959
vn 0.0201 -0.9194 0.3928
vn -0.5471 0.7626 0.3452
vn 0.0852 -0.9198 -0.3829
vn -0.4822 0.7630 -0.4305
vn 0.5517 -0.7547 -0.3551
vn -0.0115 0.9154 -0.4024
vn 0.6046 -0.7389 -0.2974
vn 0.0393 0.9378 -0.3449
vn 0.5279 -0.7308 -0.4327
vn 0.3594 0.9275 0.1025
vn 0.5440 -0.7371 -0.4009
vn 0.3759 0.9171 0.1330
vn 0.3877 -0.9194 0.0666
vn 0.2167 0.7626 0.6095
vn -0.3549 -0.9198 -0.1672
vn -0.5259 0.7630 0.3759
vn -0.2254 -0.7547 -0.6162
vn -0.3951 0.9154 -0.0771
vn -0.1574 -0.7389 -0.6552
vn -0.3278 0.9378 -0.1140
vn 0.6113 -0.6671 0.4258
vn -0.0709 0.9269 0.3685
vn 0.5703 -0.6811 0.4592
vn -0.1102 0.9090 0.4020
vn 0.0720 -0.9102 0.4079
vn -0.6186 0.7035 0.3500
vn 0.1386 -0.9159 -0.3767
vn -0.5564 0.7079 -0.4350
vn 0.6386 -0.6882 -0.3443
vn -0.0473 0.9145 -0.4018
vn 0.6768 -0.6716 -0.3016
vn -0.0100 0.9332 -0.3593
vn 0.5496 -0.6671 -0.5030
vn 0.3440 0.9269 0.1500
vn 0.5731 -0.6811 -0.4556
vn 0.3680 0.9090 0.1958
vn 0.4138 -0.9102 0.0193
vn 0.2056 0.7035 0.6803
vn -0.3371 -0.9159 -0.2179
vn -0.5465 0.7079 0.4474
vn -0.1957 -0.6882 -0.6986
vn -0.4024 0.9145 -0.0421
vn -0.1457 -0.6716 -0.7265
vn -0.3527 0.9332 -0.0691
vn 0.6826 -0.6005 0.4165
vn -0.1115 0.9301 0.3499
vn 0.6023 -0.6384 0.4793
vn -0.1908 0.8906 0.4127
vn 0.1150 -0.8977 0.4253
vn -0.6816 0.6379 0.3584
vn 0.1842 -0.9020 -0.3905
vn -0.6162 0.6409 -0.4577
vn 0.7038 -0.6150 -0.3557
vn -0.0836 0.9028 -0.4218
vn 0.7385 -0.5959 -0.3155
vn -0.0494 0.9230 -0.3817
vn 0.5562 -0.6005 -0.5745
vn 0.3169 0.9301 0.1855
vn 0.5998 -0.6384 -0.4824
vn 0.3608 0.8906 0.2768
vn 0.4402 -0.8977 -0.0188
vn 0.2001 0.6379 0.7437
vn -0.3405 -0.9020 -0.2654
vn -0.5818 0.6409 0.5007
vn -0.1925 -0.6150 -0.7647
vn -0.4298 0.9028 -0.0110
vn -0.1457 -0.5959 -0.7897
vn -0.3832 0.9230 -0.0356
vn 0.6135 -0.7369 -0.2839
vn 0.3002 0.9353 0.1873
vn 0.6322 -0.7592 -0.1547
vn 0.3224 0.8940 0.3111
vn 0.3835 -0.9032 0.1926
vn 0.0739 0.7492 0.6582
vn -0.3054 -0.9143 -0.2662
vn -0.6187 0.7583 0.2051
vn -0.0557 -0.7475 -0.6619
vn -0.3662 0.9099 -0.1949
vn 0.0161 -0.7343 -0.6787
vn -0.2961 0.9320 -0.2092
vn -0.1423 -0.7369 -0.6608
vn 0.2486 0.9353 -0.2517
vn -0.0121 -0.7592 -0.6507
vn 0.3743 0.8940 -0.2463
vn 0.2721 -0.9032 -0.3319
vn 0.6584 0.7492 0.0723
vn -0.3267 -0.9143 0.2395
vn 0.0643 0.7583 0.6487
vn -0.6580 -0.7475 -0.0909
vn -0.2705 0.9099 0.3145
vn -0.6586 -0.7343 -0.1647
vn -0.2691 0.9320 0.2430
vn 0.6503 -0.6742 -0.3502
vn 0.2672 0.9368 0.2259
vn 0.6646 -0.7018 -0.2563
vn 0.2826 0.9049 0.3183
vn 0.3910 -0.9107 0.1328
vn 0.0071 0.7039 0.7102
vn -0.2809 -0.9071 -0.3135
vn -0.6633 0.7011 0.2616
vn -0.0341 -0.7045 -0.7089
vn -0.4155 0.8995 -0.1352
vn 0.0704 -0.6739 -0.7355
vn -0.3125 0.9364 -0.1596
vn -0.1989 -0.6742 -0.7113
vn 0.2791 0.9368 -0.2111
vn -0.1042 -0.7018 -0.7047
vn 0.3726 0.9049 -0.2058
vn 0.2154 -0.9107 -0.3524
vn 0.6945 0.7039 0.1490
vn -0.3675 -0.9071 0.2052
vn 0.1096 0.7011 0.7046
vn -0.6990 -0.7045 -0.1224
vn -0.2231 0.8995 0.3757
vn -0.7021 -0.6739 -0.2301
vn -0.2243 0.9364 0.2699
vn 0.6864 -0.6032 -0.4062
vn 0.2432 0.9344 0.2604
vn 0.7057 -0.6547 -0.2708
vn 0.2632 0.8803 0.3946
vn 0.4341 -0.8943 0.1090
vn -0.0068 0.6354 0.7721
vn -0.2432 -0.9070 -0.3438
vn -0.6904 0.6445 0.3287
vn 0.0337 -0.6271 -0.7782
vn -0.4081 0.9058 -0.1137
vn 0.0995 -0.6009 -0.7931
vn -0.3420 0.9308 -0.1291
vn -0.2456 -0.6032 -0.7588
vn 0.3074 0.9344 -0.1801
vn -0.1093 -0.6547 -0.7479
vn 0.4428 0.8803 -0.1702
vn 0.2017 -0.8943 -0.3996
vn 0.7518 0.6354 0.1762
vn -0.3888 -0.9070 0.1618
vn 0.1691 0.6445 0.7457
vn -0.7518 -0.6271 -0.2037
vn -0.2005 0.9058 0.3732
vn -0.7519 -0.6009 -0.2712
vn -0.2010 0.9308 0.3053
vn -0.5702 -0.7305 -0.3757
vn -0.0093 0.9272 -0.3743
vn -0.5117 -0.7434 -0.4308
vn 0.0450 0.9020 -0.4294
vn -0.0512 -0.9071 -0.4179
vn 0.5103 0.7524 -0.4166
vn -0.0530 -0.9038 0.4247
vn 0.5065 0.7497 0.4260
vn -0.4587 -0.7720 0.4400
vn 0.1041 0.8913 0.4413
vn -0.5809 -0.7421 0.3344
vn -0.0111 0.9419 0.3358
vn -0.4917 -0.7305 0.4739
vn -0.3672 0.9272 -0.0731
vn -0.5326 -0.7434 0.4047
vn -0.4091 0.9020 -0.1382
vn -0.4189 -0.9071 -0.0418
vn -0.2944 0.7524 -0.5893
vn 0.4027 -0.9038 0.1449
vn 0.5268 0.7497 -0.4006
vn 0.3286 -0.7720 0.5441
vn 0.4534 0.8913 -0.0047
vn 0.1988 -0.7421 0.6402
vn 0.3252 0.9419 0.0846
vn -0.6449 -0.6681 -0.3711
vn 0.0407 0.9284 -0.3694
vn -0.5762 -0.6921 -0.4347
vn 0.1055 0.8951 -0.4331
vn -0.1038 -0.9011 -0.4211
vn 0.5823 0.6964 -0.4195
vn -0.1077 -0.9175 0.3828
vn 0.5910 0.7092 0.3845
vn -0.6048 -0.6934 0.3917
vn 0.0861 0.9153 0.3934
vn -0.6522 -0.6738 0.3473
vn 0.0394 0.9363 0.3489
vn -0.5036 -0.6681 0.5477
vn -0.3515 0.9284 -0.1208
vn -0.5506 -0.6921 0.4667
vn -0.3994 0.8951 -0.1980
vn -0.4336 -0.9011 0.0089
vn -0.2814 0.6964 -0.6601
vn 0.3499 -0.9175 0.1891
vn 0.5049 0.7092 -0.4921
vn 0.2494 -0.6934 0.6760
vn 0.4027 0.9153 0.0023
vn 0.1957 -0.6738 0.7125
vn 0.3491 0.9363 0.0382
vn -0.7112 -0.5981 -0.3694
vn 0.0823 0.9264 -0.3675
vn -0.6917 -0.6086 -0.3887
vn 0.1022 0.9165 -0.3868
vn -0.1516 -0.9120 -0.3811
vn 0.6605 0.6480 -0.3792
vn -0.1517 -0.9015 0.4054
vn 0.6510 0.6406 0.4073
vn -0.6597 -0.6267 0.4149
vn 0.1346 0.8990 0.4167
vn -0.7139 -0.5988 0.3629
vn 0.0807 0.9276 0.3648
vn -0.5165 -0.5981 0.6128
vn -0.3404 0.9264 -0.1610
vn -0.5311 -0.6086 0.5895
vn -0.3550 0.9165 -0.1847
vn -0.4051 -0.9120 0.0643
vn -0.2250 0.6480 -0.7276
vn 0.3622 -0.9015 0.2370
vn 0.5402 0.6406 -0.5457
vn 0.2599 -0.6267 0.7347
vn 0.4361 0.8990 -0.0398
vn 0.1974 -0.5989 0.7762
vn 0.3736 0.9276 0.0013
vn -0.2903 -0.7400 0.6068
vn -0.3410 0.9392 0.0409
vn -0.3766 -0.7626 0.5259
vn -0.4269 0.9036 -0.0356
vn -0.4019 -0.9114 0.0886
vn -0.4521 0.7560 -0.4734
vn 0.4003 -0.9162 0.0171
vn 0.3497 0.7600 -0.5479
vn 0.4529 -0.7395 0.4980
vn 0.4031 0.9133 -0.0590
vn 0.4223 -0.7310 0.5360
vn 0.3723 0.9278 -0.0231
vn 0.5282 -0.7400 0.4164
vn -0.0350 0.9392 0.3416
vn 0.4304 -0.7626 0.4829
vn -0.1285 0.9036 0.4087
vn -0.0018 -0.9114 0.4115
vn -0.5611 0.7560 0.3372
vn 0.1045 -0.9162 -0.3868
vn -0.4577 0.7600 -0.4614
vn 0.5853 -0.7395 -0.3326
vn 0.0309 0.9133 -0.4062
vn 0.6156 -0.7310 -0.2944
vn 0.0592 0.9278 -0.3683
vn -0.3170 -0.6663 0.6750
vn -0.3779 0.9258 -0.0061
vn -0.3573 -0.6802 0.6400
vn -0.4180 0.9076 -0.0392
vn -0.3924 -0.9089 0.1413
vn -0.4541 0.7025 -0.5480
vn 0.4277 -0.9014 0.0670
vn 0.3665 0.6967 -0.6166
vn 0.4826 -0.7060 0.5183
vn 0.4214 0.8917 -0.1651
vn 0.4094 -0.6728 0.6163
vn 0.3478 0.9348 -0.0714
vn 0.5889 -0.6663 0.4574
vn -0.0889 0.9258 0.3674
vn 0.5460 -0.6802 0.4890
vn -0.1300 0.9076 0.3993
vn 0.0517 -0.9089 0.4139
vn -0.6343 0.7025 0.3228
vn 0.1593 -0.9014 -0.4026
vn -0.5211 0.6967 -0.4930
vn 0.6116 -0.7060 -0.3570
vn -0.0686 0.8917 -0.4474
vn 0.6911 -0.6728 -0.2641
vn 0.0067 0.9348 -0.3550
vn -0.2678 -0.6063 0.7488
vn -0.3395 0.9391 -0.0525
vn -0.3287 -0.6411 0.6936
vn -0.4006 0.9096 -0.1104
vn -0.3630 -0.9131 0.1858
vn -0.4355 0.6488 -0.6240
vn 0.4284 -0.8966 0.1122
vn 0.3573 0.6371 -0.6830
vn 0.4857 -0.6528 0.5813
vn 0.4144 0.8842 -0.2157
vn 0.4083 -0.6035 0.6849
vn 0.3369 0.9348 -0.1127
vn 0.6717 -0.6063 0.4256
vn -0.1258 0.9391 0.3197
vn 0.6045 -0.6411 0.4729
vn -0.1957 0.9096 0.3666
vn 0.1016 -0.9131 0.3949
vn -0.7044 0.6488 0.2879
vn 0.2035 -0.8966 -0.3933
vn -0.5879 0.6371 -0.4985
vn 0.6737 -0.6528 -0.3463
vn -0.1194 0.8842 -0.4516
vn 0.7578 -0.6035 -0.2480
vn -0.0360 0.9348 -0.3534
vn 0.6131 -0.7404 0.2755
vn 0.0480 0.9398 0.3383
vn 0.5084 -0.7682 0.3891
vn -0.0497 0.8911 0.4512
vn 0.0988 -0.9028 0.4186
vn -0.4567 0.7488 0.4803
vn 0.0084 -0.9160 -0.4012
vn -0.5551 0.7597 -0.3385
vn 0.4686 -0.7518 -0.4639
vn -0.0907 0.9112 -0.4018
vn 0.5332 -0.7366 -0.4161
vn -0.0290 0.9349 -0.3536
vn 0.4033 -0.7404 -0.5376
vn 0.3406 0.9398 0.0275
vn 0.4912 -0.7682 -0.4105
vn 0.4293 0.8911 0.1475
vn 0.4301 -0.9028 -0.0045
vn 0.3684 0.7488 0.5510
vn -0.3895 -0.9160 -0.0963
vn -0.4521 0.7597 0.4673
vn -0.3498 -0.7518 -0.5590
vn -0.4119 0.9112 0.0003
vn -0.2889 -0.7366 -0.6115
vn -0.3514 0.9349 -0.0493
vn 0.6823 -0.6675 0.2982
vn 0.0015 0.9275 0.3739
vn 0.6275 -0.6891 0.3624
vn -0.0498 0.8977 0.4377
vn 0.1505 -0.9025 0.4036
vn -0.5325 0.6975 0.4795
vn 0.0588 -0.9041 -0.4232
vn -0.6254 0.6988 -0.3471
vn 0.5148 -0.7050 -0.4878
vn -0.1684 0.8956 -0.4119
vn 0.6080 -0.6732 -0.4209
vn -0.0787 0.9354 -0.3446
vn 0.4407 -0.6675 -0.6002
vn 0.3651 0.9275 0.0806
vn 0.4913 -0.6891 -0.5326
vn 0.4161 0.8977 0.1447
vn 0.4268 -0.9025 -0.0582
vn 0.3509 0.6975 0.6247
vn -0.3999 -0.9041 -0.1503
vn -0.4759 0.6988 0.5340
vn -0.3629 -0.7050 -0.6093
vn -0.4388 0.8956 0.0739
vn -0.2772 -0.6732 -0.6855
vn -0.3535 0.9354 0.0011
vn 0.7531 -0.6046 0.2593
vn -0.0442 0.9365 0.3479
vn 0.6711 -0.6529 0.3512
vn -0.1267 0.8891 0.4399
vn 0.1948 -0.9003 0.3893
vn -0.6020 0.6397 0.4779
vn 0.1109 -0.9152 -0.3873
vn -0.6991 0.6503 -0.2973
vn 0.6597 -0.5999 -0.4528
vn -0.1278 0.9221 -0.3653
vn 0.6654 -0.5970 -0.4481
vn -0.1219 0.9247 -0.3606
vn 0.4183 -0.6046 -0.6779
vn 0.3297 0.9365 0.1195
vn 0.4899 -0.6529 -0.5777
vn 0.4013 0.8891 0.2201
vn 0.4226 -0.9003 -0.1046
vn 0.3341 0.6397 0.6922
vn -0.3535 -0.9152 -0.1933
vn -0.4435 0.6503 0.6168
vn -0.2969 -0.5999 -0.7430
vn -0.3844 0.9221 0.0445
vn -0.2911 -0.5970 -0.7476
vn -0.3786 0.9247 0.0398
vn 0.4024 -0.7310 -0.5511
vn 0.3730 0.9278 0.0094
vn 0.4587 -0.7448 -0.4847
vn 0.4295 0.9003 0.0712
vn 0.4226 -0.9058 -0.0300
vn 0.3932 0.7513 0.5300
vn -0.4227 -0.9032 -0.0742
vn -0.4520 0.7492 0.4842
vn -0.4147 -0.7580 -0.5034
vn -0.4440 0.8943 0.0550
vn -0.3246 -0.7364 -0.5935
vn -0.3543 0.9347 -0.0289
vn -0.4493 -0.7310 -0.5136
vn 0.0910 0.9278 -0.3619
vn -0.3722 -0.7448 -0.5539
vn 0.1637 0.9002 -0.4034
vn 0.0635 -0.9058 -0.4189
vn 0.6034 0.7513 -0.2673
vn -0.1652 -0.9032 0.3961
vn 0.3732 0.7492 0.5472
vn -0.5821 -0.7580 0.2941
vn -0.0438 0.8943 0.4453
vn -0.6503 -0.7364 0.1864
vn -0.1059 0.9347 0.3393
vn 0.3976 -0.6696 -0.6273
vn 0.3616 0.9305 0.0590
vn 0.4545 -0.6933 -0.5593
vn 0.4187 0.8996 0.1239
vn 0.4175 -0.9048 -0.0835
vn 0.3814 0.6994 0.6045
vn -0.3764 -0.9178 -0.1267
vn -0.4130 0.7094 0.5712
vn -0.3585 -0.6848 -0.6344
vn -0.3946 0.9174 0.0527
vn -0.3243 -0.6711 -0.6666
vn -0.3604 0.9326 0.0212
vn -0.5247 -0.6696 -0.5256
vn 0.1369 0.9305 -0.3399
vn -0.4458 -0.6933 -0.5662
vn 0.2128 0.8996 -0.3813
vn 0.0102 -0.9048 -0.4256
vn 0.6735 0.6994 -0.2394
vn -0.2062 -0.9178 0.3394
vn 0.4666 0.7094 0.5283
vn -0.6976 -0.6848 0.2105
vn -0.0351 0.9174 0.3965
vn -0.7216 -0.6711 0.1701
vn -0.0585 0.9326 0.3563
vn 0.4089 -0.5969 -0.6903
vn 0.3675 0.9246 0.1007
vn 0.4376 -0.6129 -0.6580
vn 0.3961 0.9085 0.1330
vn 0.4021 -0.9062 -0.1307
vn 0.3598 0.6439 0.6752
vn -0.3661 -0.9145 -0.1724
vn -0.4088 0.6498 0.6408
vn -0.3469 -0.6243 -0.6999
vn -0.3889 0.9158 0.1008
vn -0.3091 -0.6031 -0.7353
vn -0.3511 0.9342 0.0639
vn -0.5837 -0.5969 -0.5505
vn 0.1789 0.9246 -0.3364
vn -0.5459 -0.6129 -0.5713
vn 0.2167 0.9085 -0.3572
vn -0.0392 -0.9062 -0.4210
vn 0.7377 0.6439 -0.2028
vn -0.2485 -0.9145 0.3194
vn 0.5355 0.6498 0.5395
vn -0.7590 -0.6244 0.1848
vn 0.0129 0.9158 0.4015
vn -0.7852 -0.6031 0.1402
vn -0.0148 0.9342 0.3565
vn 0.7780 -0.5095 -0.3676
vn -0.8973 0.2444 -0.3676
vn 0.7706 -0.4524 -0.4488
vn -0.8497 0.2767 -0.4488
vn 0.8599 -0.2652 -0.4362
vn -0.7687 0.4677 -0.4362
vn 0.8700 -0.2683 0.4138
vn -0.7778 0.4732 0.4137
vn 0.7761 -0.4650 0.4261
vn -0.8627 0.2725 0.4261
vn 0.7806 -0.5112 0.3597
vn -0.9003 0.2452 0.3597
vn -0.8290 -0.5057 -0.2386
vn 0.3959 0.2425 0.8857
vn -0.8500 -0.4826 -0.2112
vn 0.3584 0.2555 0.8979
vn -0.9182 -0.2692 -0.2905
vn 0.2998 0.4748 0.8275
vn -0.3701 -0.2695 -0.8891
vn 0.8492 0.4753 0.2301
vn -0.2877 -0.4778 -0.8300
vn 0.9232 0.2619 0.2814
vn -0.3209 -0.5087 -0.7989
vn 0.9112 0.2439 0.3320
vn 0.4447 -0.5068 0.7385
vn 0.3023 0.2431 -0.9217
vn 0.5063 -0.4639 0.7270
vn 0.3674 0.2668 -0.8909
vn 0.5019 -0.2661 0.8230
vn 0.3622 0.4693 -0.8053
vn -0.3300 -0.2693 0.9047
vn -0.4714 0.4750 -0.7431
vn -0.3502 -0.4672 0.8118
vn -0.4909 0.2731 -0.8273
vn -0.2853 -0.5125 0.8099
vn -0.4294 0.2458 -0.8690
vn 0.1990 -0.5127 -0.8352
vn -0.8305 0.2459 0.4997
vn 0.1185 -0.4437 -0.8883
vn -0.8723 0.2864 0.3963
vn 0.1797 -0.2652 -0.9473
vn -0.8149 0.4677 0.3423
vn 0.8549 -0.2693 -0.4434
vn -0.1551 0.4750 0.8662
vn 0.8040 -0.4753 -0.3573
vn -0.1994 0.2640 0.9437
vn 0.7669 -0.5093 -0.3905
vn -0.2557 0.2442 0.9354
vn -0.7009 -0.5082 0.5005
vn 0.9455 0.2437 0.2158
vn -0.6934 -0.4871 0.5309
vn 0.9339 0.2560 0.2496
vn -0.7989 -0.2710 0.5370
vn 0.8410 0.4779 0.2534
vn -0.9327 -0.2709 -0.2381
vn 0.7069 0.4778 -0.5216
vn -0.8247 -0.4975 -0.2689
vn 0.7989 0.2440 -0.5497
vn -0.8241 -0.5027 -0.2609
vn 0.8047 0.2411 -0.5425
vn 0.8488 -0.5130 0.1280
vn -0.5699 0.2460 -0.7841
vn 0.8895 -0.4537 0.0549
vn -0.4844 0.2813 -0.8283
vn 0.9570 -0.2671 0.1130
vn -0.4229 0.4711 -0.7741
vn 0.4988 -0.2669 0.8246
vn -0.8801 0.4708 -0.0619
vn 0.4098 -0.4690 0.7823
vn -0.9596 0.2636 -0.0981
vn 0.4439 -0.5064 0.7393
vn -0.9566 0.2429 -0.1611
vn -0.5620 -0.5073 -0.6533
vn -0.1382 0.2433 0.9600
vn -0.5877 -0.4892 -0.6445
vn -0.1683 0.2538 0.9525
vn -0.6030 -0.2710 -0.7503
vn -0.1802 0.4780 0.8597
vn 0.1567 -0.2710 -0.9497
vn 0.5795 0.4780 0.6601
vn 0.1950 -0.4871 -0.8513
vn 0.6146 0.2561 0.7462
vn 0.1641 -0.5082 -0.8454
vn 0.5886 0.2437 0.7708
vn -0.0511 -0.5122 0.8574
vn 0.7351 0.2456 -0.6319
vn 0.0257 -0.4528 0.8912
vn 0.7866 0.2806 -0.5500
vn -0.0265 -0.2665 0.9635
vn 0.7379 0.4701 -0.4843
vn -0.7644 -0.2697 0.5856
vn 0.0091 0.4758 -0.8795
vn -0.7243 -0.4915 0.4835
vn 0.0420 0.2472 -0.9681
vn -0.7101 -0.5027 0.4930
vn 0.0615 0.2411 -0.9686
vn 0.6039 -0.5077 -0.6145
vn -0.9684 0.2435 -0.0539
vn 0.5807 -0.4698 -0.6648
vn -0.9572 0.2649 -0.1166
vn 0.6767 -0.2676 -0.6859
vn -0.8714 0.4720 -0.1340
vn 0.9594 -0.2704 0.0803
vn -0.6047 0.4769 0.6379
vn 0.8689 -0.4789 0.1255
vn -0.6849 0.2635 0.6794
vn 0.8562 -0.5103 0.0812
vn -0.7243 0.2447 0.6446
vn -0.8611 -0.5056 0.0538
vn 0.6701 0.2425 0.7015
vn -0.8727 -0.4798 0.0906
vn 0.6352 0.2569 0.7284
vn -0.9624 -0.2686 0.0392
vn 0.5572 0.4738 0.6820
vn -0.6391 -0.2681 -0.7208
vn 0.8775 0.4729 -0.0793
vn -0.5510 -0.4591 -0.6969
vn 0.9586 0.2786 -0.0583
vn -0.5849 -0.5131 -0.6282
vn 0.9688 0.2461 0.0290
vn 0.6708 -0.5056 0.5425
vn -0.0193 0.2425 -0.9700
vn 0.6923 -0.4893 0.5304
vn 0.0088 0.2518 -0.9677
vn 0.7257 -0.2704 0.6327
vn 0.0363 0.4769 -0.8782
vn 0.0080 -0.2711 0.9625
vn -0.6831 0.4781 -0.5521
vn -0.0485 -0.4947 0.8677
vn -0.7333 0.2477 -0.6332
vn -0.0342 -0.5047 0.8626
vn -0.7230 0.2420 -0.6470
vn -0.1027 -0.5108 -0.8536
vn -0.6223 0.2450 0.7435
vn -0.1407 -0.4840 -0.8637
vn -0.6530 0.2611 0.7109
vn -0.0976 -0.2715 -0.9575
vn -0.6135 0.4788 0.6280
vn 0.6619 -0.2684 -0.6999
vn 0.1519 0.4734 0.8677
vn 0.6415 -0.4816 -0.5971
vn 0.1356 0.2541 0.9576
vn 0.6106 -0.5041 -0.6108
vn 0.0978 0.2418 0.9654
vn -0.8753 -0.4706 -0.1114
vn -0.5290 -0.8459 -0.0678
vn 0.8881 0.4507 0.0899
vn -0.6689 -0.7372 0.0949
vn 0.6233 0.5963 0.5058
vn -0.0572 -0.5342 -0.8434
vn -0.9078 0.3678 -0.2015
vn -0.0542 -0.6393 -0.7671
vn 0.1030 -0.7040 -0.7027
vt 0.250000 0.108166
vt 0.250000 0.040000
vt 0.250000 0.108122
vt 0.250000 0.176293
vt 0.250000 0.244419
vt 0.250000 0.176273
vt 0.250000 0.312557
vt 0.250000 0.244412
vt 0.250000 0.380705
vt 0.250000 0.312540
vt 0.250000 0.448852
vt 0.250000 0.380669
vt 0.250000 0.068442
vt 0.250000 0.180320
vt 0.250000 0.070572
vt 0.250000 0.069544
vt 0.250000 0.179444
vt 0.250000 0.177681
vt 0.250000 0.067361
vt 0.250000 0.179476
vt 0.250000 0.069582
vt 0.250000 0.067950
vt 0.250000 0.178144
vt 0.250000 0.068717
vt 0.250000 0.178761
vt 0.250000 0.214200
vt 0.250000 0.113958
vt 0.250000 0.216834
vt 0.250000 0.117342
vt 0.250000 0.116836
vt 0.250000 0.216419
vt 0.250000 0.216517
vt 0.250000 0.116956
vt 0.250000 0.217459
vt 0.250000 0.118088
vt 0.250000 0.117550
vt 0.250000 0.217006
vt 0.250000 0.254324
vt 0.250000 0.165259
vt 0.250000 0.254753
vt 0.250000 0.165777
vt 0.250000 0.166173
vt 0.250000 0.255087
vt 0.250000 0.254417
vt 0.250000 0.165372
vt 0.250000 0.161365
vt 0.250000 0.251374
vt 0.250000 0.254602
vt 0.250000 0.165596
vt 0.250000 0.211613
vt 0.250000 0.290601
vt 0.250000 0.291883
vt 0.250000 0.213256
vt 0.250000 0.208911
vt 0.250000 0.288684
vt 0.250000 0.291322
vt 0.250000 0.212551
vt 0.250000 0.291431
vt 0.250000 0.212690
vt 0.250000 0.289475
vt 0.250000 0.210063
vt 0.250000 0.256647
vt 0.250000 0.326161
vt 0.250000 0.326659
vt 0.250000 0.257417
vt 0.250000 0.328936
vt 0.250000 0.260606
vt 0.250000 0.326753
vt 0.250000 0.257559
vt 0.250000 0.329336
vt 0.250000 0.261118
vt 0.250000 0.327078
vt 0.250000 0.258043
vt 0.250000 0.304699
vt 0.250000 0.363873
vt 0.250000 0.363704
vt 0.250000 0.304416
vt 0.250000 0.365061
vt 0.250000 0.306567
vt 0.250000 0.304693
vt 0.250000 0.363870
vt 0.250000 0.308715
vt 0.250000 0.366594
vt 0.250000 0.306782
vt 0.250000 0.365207
vt 0.250000 0.353462
vt 0.250000 0.402036
vt 0.250000 0.354404
vt 0.250000 0.402608
vt 0.250000 0.353696
vt 0.250000 0.402175
vt 0.250000 0.402130
vt 0.250000 0.353620
vt 0.250000 0.627250
vt 0.250000 0.623641
vt 0.250000 0.613777
vt 0.250000 0.627490
vt 0.250000 0.620483
vt 0.250000 0.612213
vt 0.250000 0.624991
vt 0.250000 0.620886
vt 0.250000 0.610815
vt 0.250000 0.624116
vt 0.250000 0.617294
vt 0.250000 0.607888
vt 0.250000 0.622732
vt 0.250000 0.618325
vt 0.250000 0.608232
vt 0.250000 0.621073
vt 0.250000 0.614469
vt 0.250000 0.604370
vt 0.250000 0.626907
vt 0.250000 0.623298
vt 0.250000 0.613435
vt 0.250000 0.627147
vt 0.250000 0.620141
vt 0.250000 0.611870
vt 0.250000 0.624077
vt 0.250000 0.619972
vt 0.250000 0.609901
vt 0.250000 0.623203
vt 0.250000 0.616381
vt 0.250000 0.606974
vt 0.250000 0.621247
vt 0.250000 0.616840
vt 0.250000 0.606747
vt 0.250000 0.619588
vt 0.250000 0.612984
vt 0.250000 0.602885
vt 0.250000 0.626197
vt 0.250000 0.622588
vt 0.250000 0.612724
vt 0.250000 0.626437
vt 0.250000 0.619430
vt 0.250000 0.611160
vt 0.250000 0.622183
vt 0.250000 0.618078
vt 0.250000 0.608007
vt 0.250000 0.621309
vt 0.250000 0.614487
vt 0.250000 0.605080
vt 0.250000 0.618169
vt 0.250000 0.613762
vt 0.250000 0.603669
vt 0.250000 0.616510
vt 0.250000 0.609906
vt 0.250000 0.599807
vt 0.250000 0.626920
vt 0.250000 0.623311
vt 0.250000 0.613447
vt 0.250000 0.627160
vt 0.250000 0.620153
vt 0.250000 0.611883
vt 0.250000 0.624111
vt 0.250000 0.620006
vt 0.250000 0.609935
vt 0.250000 0.623236
vt 0.250000 0.616415
vt 0.250000 0.607008
vt 0.250000 0.621302
vt 0.250000 0.616895
vt 0.250000 0.606802
vt 0.250000 0.619643
vt 0.250000 0.613039
vt 0.250000 0.602940
vt 0.250000 0.626386
vt 0.250000 0.622777
vt 0.250000 0.612914
vt 0.250000 0.626626
vt 0.250000 0.619620
vt 0.250000 0.611349
vt 0.250000 0.622688
vt 0.250000 0.618583
vt 0.250000 0.608512
vt 0.250000 0.621813
vt 0.250000 0.614991
vt 0.250000 0.605585
vt 0.250000 0.618989
vt 0.250000 0.614582
vt 0.250000 0.604489
vt 0.250000 0.617330
vt 0.250000 0.610726
vt 0.250000 0.600627
vt 0.250000 0.626636
vt 0.250000 0.623027
vt 0.250000 0.613163
vt 0.250000 0.626876
vt 0.250000 0.619869
vt 0.250000 0.611598
vt 0.250000 0.623353
vt 0.250000 0.619248
vt 0.250000 0.609177
vt 0.250000 0.622478
vt 0.250000 0.615656
vt 0.250000 0.606250
vt 0.250000 0.620070
vt 0.250000 0.615663
vt 0.250000 0.605570
vt 0.250000 0.618411
vt 0.250000 0.611807
vt 0.250000 0.601708
vt 0.250000 0.668363
vt 0.250000 0.664916
vt 0.250000 0.655496
vt 0.250000 0.668592
vt 0.250000 0.661900
vt 0.250000 0.654002
vt 0.250000 0.663810
vt 0.250000 0.659890
vt 0.250000 0.650272
vt 0.250000 0.662975
vt 0.250000 0.656460
vt 0.250000 0.647477
vt 0.250000 0.659258
vt 0.250000 0.655050
vt 0.250000 0.645411
vt 0.250000 0.657674
vt 0.250000 0.651367
vt 0.250000 0.641722
vt 0.250000 0.669446
vt 0.250000 0.665999
vt 0.250000 0.656579
vt 0.250000 0.669675
vt 0.250000 0.662984
vt 0.250000 0.655085
vt 0.250000 0.666699
vt 0.250000 0.662779
vt 0.250000 0.653161
vt 0.250000 0.665864
vt 0.250000 0.659349
vt 0.250000 0.650365
vt 0.250000 0.663952
vt 0.250000 0.659743
vt 0.250000 0.650105
vt 0.250000 0.662368
vt 0.250000 0.656061
vt 0.250000 0.646416
vt 0.250000 0.669280
vt 0.250000 0.665834
vt 0.250000 0.656414
vt 0.250000 0.669509
vt 0.250000 0.662818
vt 0.250000 0.654920
vt 0.250000 0.666257
vt 0.250000 0.662337
vt 0.250000 0.652719
vt 0.250000 0.665422
vt 0.250000 0.658907
vt 0.250000 0.649924
vt 0.250000 0.663234
vt 0.250000 0.659025
vt 0.250000 0.649387
vt 0.250000 0.661650
vt 0.250000 0.655343
vt 0.250000 0.645698
vt 0.250000 0.669319
vt 0.250000 0.665873
vt 0.250000 0.656453
vt 0.250000 0.669548
vt 0.250000 0.662857
vt 0.250000 0.654959
vt 0.250000 0.666361
vt 0.250000 0.662441
vt 0.250000 0.652823
vt 0.250000 0.665526
vt 0.250000 0.659011
vt 0.250000 0.650028
vt 0.250000 0.663404
vt 0.250000 0.659195
vt 0.250000 0.649556
vt 0.250000 0.661819
vt 0.250000 0.655512
vt 0.250000 0.645868
vt 0.250000 0.669693
vt 0.250000 0.666246
vt 0.250000 0.656826
vt 0.250000 0.669922
vt 0.250000 0.663230
vt 0.250000 0.655332
vt 0.250000 0.667357
vt 0.250000 0.663437
vt 0.250000 0.653818
vt 0.250000 0.666522
vt 0.250000 0.660007
vt 0.250000 0.651023
vt 0.250000 0.665021
vt 0.250000 0.660812
vt 0.250000 0.651174
vt 0.250000 0.663437
vt 0.250000 0.657130
vt 0.250000 0.647485
vt 0.250000 0.669514
vt 0.250000 0.666068
vt 0.250000 0.656648
vt 0.250000 0.669743
vt 0.250000 0.663052
vt 0.250000 0.655154
vt 0.250000 0.666881
vt 0.250000 0.662961
vt 0.250000 0.653343
vt 0.250000 0.666046
vt 0.250000 0.659531
vt 0.250000 0.650548
vt 0.250000 0.664248
vt 0.250000 0.660040
vt 0.250000 0.650401
vt 0.250000 0.662664
vt 0.250000 0.656357
vt 0.250000 0.646713
vt 0.250000 0.712024
vt 0.250000 0.708740
vt 0.250000 0.699763
vt 0.250000 0.712242
vt 0.250000 0.705866
vt 0.250000 0.698340
vt 0.250000 0.705866
vt 0.250000 0.709426
vt 0.250000 0.705691
vt 0.250000 0.696525
vt 0.250000 0.708630
vt 0.250000 0.702422
vt 0.250000 0.693862
vt 0.250000 0.706828
vt 0.250000 0.702818
vt 0.250000 0.693633
vt 0.250000 0.705318
vt 0.250000 0.699309
vt 0.250000 0.690118
vt 0.250000 0.712194
vt 0.250000 0.708910
vt 0.250000 0.699934
vt 0.250000 0.712413
vt 0.250000 0.706036
vt 0.250000 0.698510
vt 0.250000 0.709880
vt 0.250000 0.706145
vt 0.250000 0.696980
vt 0.250000 0.709085
vt 0.250000 0.702877
vt 0.250000 0.694317
vt 0.250000 0.707567
vt 0.250000 0.703556
vt 0.250000 0.694372
vt 0.250000 0.706057
vt 0.250000 0.700047
vt 0.250000 0.690857
vt 0.250000 0.712326
vt 0.250000 0.709041
vt 0.250000 0.700065
vt 0.250000 0.712544
vt 0.250000 0.706168
vt 0.250000 0.698642
vt 0.250000 0.710231
vt 0.250000 0.706495
vt 0.250000 0.697330
vt 0.250000 0.709435
vt 0.250000 0.703227
vt 0.250000 0.694667
vt 0.250000 0.708136
vt 0.250000 0.704126
vt 0.250000 0.694941
vt 0.250000 0.706626
vt 0.250000 0.700617
vt 0.250000 0.691426
vt 0.250000 0.712061
vt 0.250000 0.708777
vt 0.250000 0.699801
vt 0.250000 0.712279
vt 0.250000 0.705903
vt 0.250000 0.698377
vt 0.250000 0.705903
vt 0.250000 0.709525
vt 0.250000 0.705790
vt 0.250000 0.696624
vt 0.250000 0.708729
vt 0.250000 0.702521
vt 0.250000 0.693961
vt 0.250000 0.706989
vt 0.250000 0.702978
vt 0.250000 0.693794
vt 0.250000 0.705479
vt 0.250000 0.699470
vt 0.250000 0.690279
vt 0.250000 0.710792
vt 0.250000 0.707508
vt 0.250000 0.698532
vt 0.250000 0.711010
vt 0.250000 0.704634
vt 0.250000 0.697108
vt 0.250000 0.706141
vt 0.250000 0.702406
vt 0.250000 0.693241
vt 0.250000 0.705345
vt 0.250000 0.699137
vt 0.250000 0.690577
vt 0.250000 0.701490
vt 0.250000 0.697480
vt 0.250000 0.688295
vt 0.250000 0.699980
vt 0.250000 0.693971
vt 0.250000 0.684780
vt 0.250000 0.712134
vt 0.250000 0.708850
vt 0.250000 0.699874
vt 0.250000 0.712353
vt 0.250000 0.705976
vt 0.250000 0.698450
vt 0.250000 0.709721
vt 0.250000 0.705985
vt 0.250000 0.696820
vt 0.250000 0.708925
vt 0.250000 0.702717
vt 0.250000 0.694157
vt 0.250000 0.707307
vt 0.250000 0.703297
vt 0.250000 0.694112
vt 0.250000 0.705797
vt 0.250000 0.699788
vt 0.250000 0.690598
vt 0.250000 0.754102
vt 0.250000 0.750980
vt 0.250000 0.742448
vt 0.250000 0.754309
vt 0.250000 0.748249
vt 0.250000 0.741095
vt 0.250000 0.750820
vt 0.250000 0.747270
vt 0.250000 0.738558
vt 0.250000 0.750064
vt 0.250000 0.744163
vt 0.250000 0.736026
vt 0.250000 0.747539
vt 0.250000 0.743727
vt 0.250000 0.734996
vt 0.250000 0.746104
vt 0.250000 0.740391
vt 0.250000 0.731655
vt 0.250000 0.754629
vt 0.250000 0.751507
vt 0.250000 0.742975
vt 0.250000 0.754836
vt 0.250000 0.748775
vt 0.250000 0.741621
vt 0.250000 0.752225
vt 0.250000 0.748674
vt 0.250000 0.739962
vt 0.250000 0.751468
vt 0.250000 0.745567
vt 0.250000 0.737430
vt 0.250000 0.749821
vt 0.250000 0.746009
vt 0.250000 0.737279
vt 0.250000 0.748386
vt 0.250000 0.742673
vt 0.250000 0.733938
vt 0.250000 0.753270
vt 0.250000 0.750149
vt 0.250000 0.741616
vt 0.250000 0.753478
vt 0.250000 0.747417
vt 0.250000 0.740263
vt 0.250000 0.748603
vt 0.250000 0.745053
vt 0.250000 0.736341
vt 0.250000 0.747847
vt 0.250000 0.741946
vt 0.250000 0.733809
vt 0.250000 0.743936
vt 0.250000 0.740124
vt 0.250000 0.731393
vt 0.250000 0.742501
vt 0.250000 0.736788
vt 0.250000 0.728052
vt 0.250000 0.754400
vt 0.250000 0.751279
vt 0.250000 0.742746
vt 0.250000 0.754608
vt 0.250000 0.748547
vt 0.250000 0.741393
vt 0.250000 0.751616
vt 0.250000 0.748066
vt 0.250000 0.739354
vt 0.250000 0.750860
vt 0.250000 0.744959
vt 0.250000 0.736822
vt 0.250000 0.748833
vt 0.250000 0.745021
vt 0.250000 0.736290
vt 0.250000 0.747398
vt 0.250000 0.741685
vt 0.250000 0.732949
vt 0.250000 0.754445
vt 0.250000 0.751323
vt 0.250000 0.742791
vt 0.250000 0.754653
vt 0.250000 0.748592
vt 0.250000 0.741438
vt 0.250000 0.751735
vt 0.250000 0.748185
vt 0.250000 0.739473
vt 0.250000 0.750979
vt 0.250000 0.745078
vt 0.250000 0.736941
vt 0.250000 0.749026
vt 0.250000 0.745214
vt 0.250000 0.736484
vt 0.250000 0.747591
vt 0.250000 0.741878
vt 0.250000 0.733143
vt 0.250000 0.753620
vt 0.250000 0.750498
vt 0.250000 0.741966
vt 0.250000 0.753828
vt 0.250000 0.747767
vt 0.250000 0.740613
vt 0.250000 0.749536
vt 0.250000 0.745985
vt 0.250000 0.737273
vt 0.250000 0.748779
vt 0.250000 0.742878
vt 0.250000 0.734741
vt 0.250000 0.745451
vt 0.250000 0.741639
vt 0.250000 0.732909
vt 0.250000 0.744016
vt 0.250000 0.738304
vt 0.250000 0.729568
vt 0.250000 0.795813
vt 0.250000 0.792854
vt 0.250000 0.784765
vt 0.250000 0.796010
vt 0.250000 0.790264
vt 0.250000 0.783483
vt 0.250000 0.791237
vt 0.250000 0.787871
vt 0.250000 0.779612
vt 0.250000 0.790519
vt 0.250000 0.784926
vt 0.250000 0.777212
vt 0.250000 0.786660
vt 0.250000 0.783046
vt 0.250000 0.774770
vt 0.250000 0.785300
vt 0.250000 0.779884
vt 0.250000 0.771603
vt 0.250000 0.796042
vt 0.250000 0.793082
vt 0.250000 0.784994
vt 0.250000 0.796238
vt 0.250000 0.790493
vt 0.250000 0.783711
vt 0.250000 0.791846
vt 0.250000 0.788480
vt 0.250000 0.780221
vt 0.250000 0.791128
vt 0.250000 0.785535
vt 0.250000 0.777821
vt 0.250000 0.787650
vt 0.250000 0.784036
vt 0.250000 0.775760
vt 0.250000 0.786289
vt 0.250000 0.780874
vt 0.250000 0.772593
vt 0.250000 0.797025
vt 0.250000 0.794066
vt 0.250000 0.785978
vt 0.250000 0.797222
vt 0.250000 0.791477
vt 0.250000 0.784695
vt 0.250000 0.794469
vt 0.250000 0.791103
vt 0.250000 0.782845
vt 0.250000 0.793752
vt 0.250000 0.788158
vt 0.250000 0.780445
vt 0.250000 0.791913
vt 0.250000 0.788299
vt 0.250000 0.780023
vt 0.250000 0.790552
vt 0.250000 0.785137
vt 0.250000 0.776856
vt 0.250000 0.796084
vt 0.250000 0.793125
vt 0.250000 0.785036
vt 0.250000 0.796281
vt 0.250000 0.790535
vt 0.250000 0.783753
vt 0.250000 0.791959
vt 0.250000 0.788593
vt 0.250000 0.780334
vt 0.250000 0.791241
vt 0.250000 0.785648
vt 0.250000 0.777934
vt 0.250000 0.787833
vt 0.250000 0.784220
vt 0.250000 0.775943
vt 0.250000 0.786473
vt 0.250000 0.781058
vt 0.250000 0.772776
vt 0.250000 0.797190
vt 0.250000 0.794230
vt 0.250000 0.786142
vt 0.250000 0.797386
vt 0.250000 0.791641
vt 0.250000 0.784859
vt 0.250000 0.794907
vt 0.250000 0.791541
vt 0.250000 0.783282
vt 0.250000 0.794190
vt 0.250000 0.788596
vt 0.250000 0.780882
vt 0.250000 0.792624
vt 0.250000 0.789011
vt 0.250000 0.780734
vt 0.250000 0.791264
vt 0.250000 0.785849
vt 0.250000 0.777567
vt 0.250000 0.796230
vt 0.250000 0.793270
vt 0.250000 0.785182
vt 0.250000 0.796427
vt 0.250000 0.790681
vt 0.250000 0.783899
vt 0.250000 0.792347
vt 0.250000 0.788982
vt 0.250000 0.780723
vt 0.250000 0.791630
vt 0.250000 0.786036
vt 0.250000 0.778323
vt 0.250000 0.788465
vt 0.250000 0.784851
vt 0.250000 0.776575
vt 0.250000 0.787105
vt 0.250000 0.781689
vt 0.250000 0.773408
vt 0.250000 0.838455
vt 0.250000 0.835658
vt 0.250000 0.828014
vt 0.250000 0.838641
vt 0.250000 0.833211
vt 0.250000 0.826801
vt 0.250000 0.834135
vt 0.250000 0.830954
vt 0.250000 0.823148
vt 0.250000 0.833457
vt 0.250000 0.828170
vt 0.250000 0.820880
vt 0.250000 0.829815
vt 0.250000 0.826399
vt 0.250000 0.818577
vt 0.250000 0.828529
vt 0.250000 0.823411
vt 0.250000 0.815584
vt 0.250000 0.838374
vt 0.250000 0.835577
vt 0.250000 0.827933
vt 0.250000 0.838560
vt 0.250000 0.833130
vt 0.250000 0.826720
vt 0.250000 0.833918
vt 0.250000 0.830737
vt 0.250000 0.822931
vt 0.250000 0.833240
vt 0.250000 0.827953
vt 0.250000 0.820663
vt 0.250000 0.829462
vt 0.250000 0.826047
vt 0.250000 0.818225
vt 0.250000 0.828176
vt 0.250000 0.823058
vt 0.250000 0.815231
vt 0.250000 0.839005
vt 0.250000 0.836209
vt 0.250000 0.828564
vt 0.250000 0.839191
vt 0.250000 0.833761
vt 0.250000 0.827352
vt 0.250000 0.835602
vt 0.250000 0.832421
vt 0.250000 0.824615
vt 0.250000 0.834924
vt 0.250000 0.829637
vt 0.250000 0.822347
vt 0.250000 0.832198
vt 0.250000 0.828783
vt 0.250000 0.820961
vt 0.250000 0.830913
vt 0.250000 0.825795
vt 0.250000 0.817968
vt 0.250000 0.838454
vt 0.250000 0.835657
vt 0.250000 0.828012
vt 0.250000 0.838640
vt 0.250000 0.833210
vt 0.250000 0.826800
vt 0.250000 0.834131
vt 0.250000 0.830950
vt 0.250000 0.823144
vt 0.250000 0.833453
vt 0.250000 0.828166
vt 0.250000 0.820876
vt 0.250000 0.829808
vt 0.250000 0.826393
vt 0.250000 0.818571
vt 0.250000 0.828522
vt 0.250000 0.823404
vt 0.250000 0.815577
vt 0.250000 0.839668
vt 0.250000 0.836871
vt 0.250000 0.829227
vt 0.250000 0.839854
vt 0.250000 0.834424
vt 0.250000 0.828014
vt 0.250000 0.837369
vt 0.250000 0.834188
vt 0.250000 0.826382
vt 0.250000 0.836691
vt 0.250000 0.831404
vt 0.250000 0.824114
vt 0.250000 0.835069
vt 0.250000 0.831654
vt 0.250000 0.823832
vt 0.250000 0.833784
vt 0.250000 0.828666
vt 0.250000 0.820839
vt 0.250000 0.839070
vt 0.250000 0.836273
vt 0.250000 0.828629
vt 0.250000 0.839256
vt 0.250000 0.833826
vt 0.250000 0.827416
vt 0.250000 0.835775
vt 0.250000 0.832594
vt 0.250000 0.824789
vt 0.250000 0.835097
vt 0.250000 0.829810
vt 0.250000 0.822520
vt 0.250000 0.832480
vt 0.250000 0.829064
vt 0.250000 0.821243
vt 0.250000 0.831194
vt 0.250000 0.826076
vt 0.250000 0.818249
vt 0.250000 0.881307
vt 0.250000 0.878672
vt 0.250000 0.871472
vt 0.250000 0.881482
vt 0.250000 0.876367
vt 0.250000 0.870329
vt 0.250000 0.877591
vt 0.250000 0.874595
vt 0.250000 0.867243
vt 0.250000 0.876953
vt 0.250000 0.871973
vt 0.250000 0.865106
vt 0.250000 0.873876
vt 0.250000 0.870659
vt 0.250000 0.863291
vt 0.250000 0.872665
vt 0.250000 0.867844
vt 0.250000 0.860471
vt 0.250000 0.881579
vt 0.250000 0.878944
vt 0.250000 0.871744
vt 0.250000 0.881754
vt 0.250000 0.876639
vt 0.250000 0.870602
vt 0.250000 0.878317
vt 0.250000 0.875321
vt 0.250000 0.867969
vt 0.250000 0.877679
vt 0.250000 0.872699
vt 0.250000 0.865832
vt 0.250000 0.875056
vt 0.250000 0.871839
vt 0.250000 0.864471
vt 0.250000 0.873845
vt 0.250000 0.869024
vt 0.250000 0.861651
vt 0.250000 0.881374
vt 0.250000 0.878739
vt 0.250000 0.871539
vt 0.250000 0.881549
vt 0.250000 0.876434
vt 0.250000 0.870396
vt 0.250000 0.877770
vt 0.250000 0.874773
vt 0.250000 0.867421
vt 0.250000 0.877131
vt 0.250000 0.872151
vt 0.250000 0.865285
vt 0.250000 0.874166
vt 0.250000 0.870949
vt 0.250000 0.863581
vt 0.250000 0.872955
vt 0.250000 0.868134
vt 0.250000 0.860762
vt 0.250000 0.881352
vt 0.250000 0.878717
vt 0.250000 0.871517
vt 0.250000 0.881527
vt 0.250000 0.876412
vt 0.250000 0.870375
vt 0.250000 0.877712
vt 0.250000 0.874716
vt 0.250000 0.867364
vt 0.250000 0.877074
vt 0.250000 0.872094
vt 0.250000 0.865227
vt 0.250000 0.874072
vt 0.250000 0.870855
vt 0.250000 0.863487
vt 0.250000 0.872861
vt 0.250000 0.868040
vt 0.250000 0.860668
vt 0.250000 0.904149
vt 0.250000 0.908256
vt 0.250000 0.911142
vt 0.250000 0.912215
vt 0.250000 0.911850
vt 0.250000 0.921262
vt 0.250000 0.907500
vt 0.250000 0.911607
vt 0.250000 0.914493
vt 0.250000 0.915566
vt 0.250000 0.915201
vt 0.250000 0.924613
vt 0.250000 0.910851
vt 0.250000 0.914958
vt 0.250000 0.917845
vt 0.250000 0.918917
vt 0.250000 0.918552
vt 0.250000 0.927964
vt 0.250000 0.914202
vt 0.250000 0.918309
vt 0.250000 0.921196
vt 0.250000 0.922268
vt 0.250000 0.921903
vt 0.250000 0.931315
vt 0.250000 0.917553
vt 0.250000 0.921660
vt 0.250000 0.924547
vt 0.250000 0.925619
vt 0.250000 0.925254
vt 0.250000 0.934666
vt 0.250000 0.920904
vt 0.250000 0.925011
vt 0.250000 0.927898
vt 0.250000 0.928970
vt 0.250000 0.928605
vt 0.250000 0.938017
vt 0.250000 0.924255
vt 0.250000 0.928362
vt 0.250000 0.931249
vt 0.250000 0.932321
vt 0.250000 0.931956
vt 0.250000 0.941368
vt 0.250000 0.927606
vt 0.250000 0.931714
vt 0.250000 0.934600
vt 0.250000 0.935672
vt 0.250000 0.935307
vt 0.250000 0.944719
vt 0.250000 0.930957
vt 0.250000 0.935065
vt 0.250000 0.937951
vt 0.250000 0.939023
vt 0.250000 0.938658
vt 0.250000 0.948071
vt 0.250000 0.934309
vt 0.250000 0.938416
vt 0.250000 0.941302
vt 0.250000 0.942375
vt 0.250000 0.942009
vt 0.250000 0.951422
vt 0.250000 0.937660
vt 0.250000 0.941767
vt 0.250000 0.944653
vt 0.250000 0.945726
vt 0.250000 0.945360
vt 0.250000 0.954773
vt 0.250000 0.941011
vt 0.250000 0.945118
vt 0.250000 0.948004
vt 0.250000 0.949077
vt 0.250000 0.948712
vt 0.250000 0.958124
s 1
usemtl TexturedTrees.003
f 2/1/1 3/2/2 1/2/1
f 4/1/2 5/2/3 3/2/2
f 6/1/3 7/2/4 5/2/3
f 7/2/4 10/1/5 9/2/5
s 0
f 10/1/6 8/1/6 6/1/6
s 1
f 10/1/5 11/2/7 9/2/5
f 11/2/7 2/1/1 1/2/1
s 0
f 9/2/8 11/2/8 3/2/8
s 1
f 13/3/9 16/4/10 15/3/10
f 16/4/10 17/3/11 15/3/10
f 18/4/11 19/3/12 17/3/11
f 19/3/12 22/4/13 21/3/13
s 0
f 14/4/14 22/4/14 18/4/14
s 1
f 22/4/13 23/3/15 21/3/13
f 23/3/15 14/4/9 13/3/9
s 0
f 15/3/16 19/3/16 23/3/16
s 1
f 26/5/17 27/6/18 25/6/17
f 27/6/18 30/5/19 29/6/19
f 29/6/19 32/5/20 31/6/20
f 32/5/20 33/6/21 31/6/20
s 0
f 34/5/22 32/5/22 30/5/22
s 1
f 34/5/21 35/6/23 33/6/21
f 36/5/23 25/6/17 35/6/23
s 0
f 27/6/24 31/6/24 35/6/24
s 1
f 38/7/25 39/8/26 37/8/25
f 39/8/26 42/7/27 41/8/27
f 42/7/27 43/8/28 41/8/27
f 44/7/28 45/8/29 43/8/28
s 0
f 46/7/30 44/7/30 42/7/30
s 1
f 45/8/29 48/7/31 47/8/31
f 48/7/31 37/8/25 47/8/31
s 0
f 45/8/32 47/8/32 39/8/32
s 1
f 50/9/33 51/10/34 49/10/33
f 51/10/34 54/9/35 53/10/36
f 53/10/36 56/9/37 55/10/37
f 55/10/37 58/9/38 57/10/38
s 0
f 56/9/39 54/9/39 50/9/39
s 1
f 58/9/38 59/10/40 57/10/38
f 60/9/40 49/10/33 59/10/40
s 0
f 51/10/41 55/10/41 59/10/41
s 1
f 62/11/42 63/12/43 61/12/42
f 63/12/43 66/11/44 65/12/44
f 66/11/44 67/12/45 65/12/44
f 67/12/45 70/11/46 69/12/46
s 0
f 68/11/47 66/11/47 62/11/47
s 1
f 70/11/46 71/12/48 69/12/46
f 71/12/48 62/11/42 61/12/42
s 0
f 63/12/49 67/12/49 71/12/49
s 1
f 73/2/50 76/13/51 75/2/51
f 75/2/51 78/13/52 77/2/52
f 78/13/52 79/2/53 77/2/52
f 80/13/53 81/2/54 79/2/53
s 0
f 80/13/55 78/13/55 74/13/55
s 1
f 82/13/54 83/2/56 81/2/54
f 84/13/56 73/2/50 83/2/56
s 0
f 75/2/57 79/2/57 83/2/57
s 1
f 86/13/58 87/2/59 85/2/58
f 87/2/59 90/13/60 89/2/60
f 90/13/60 91/2/61 89/2/60
f 91/2/61 94/13/62 93/2/62
s 0
f 92/13/63 90/13/63 86/13/63
s 1
f 93/2/62 96/13/64 95/2/64
f 96/13/64 85/2/58 95/2/64
s 0
f 87/2/65 91/2/65 95/2/65
s 1
f 98/13/66 99/2/67 97/2/66
f 99/2/67 102/13/68 101/2/68
f 101/2/68 104/13/69 103/2/69
f 104/13/69 105/2/70 103/2/69
s 0
f 106/13/71 104/13/71 102/13/71
s 1
f 106/13/70 107/2/72 105/2/70
f 108/13/72 97/2/66 107/2/72
s 0
f 99/2/73 103/2/73 107/2/73
s 1
f 109/2/74 112/13/75 111/2/75
f 111/2/75 114/13/76 113/2/76
f 114/13/76 115/2/77 113/2/76
f 116/13/77 117/2/78 115/2/77
s 0
f 116/13/79 114/13/79 110/13/79
s 1
f 117/2/78 120/13/80 119/2/80
f 120/13/80 109/2/74 119/2/80
s 0
f 115/2/81 117/2/81 119/2/81
s 1
f 122/13/82 123/2/83 121/2/82
f 123/2/83 126/13/84 125/2/84
f 125/2/84 128/13/85 127/2/85
f 128/13/85 129/2/86 127/2/85
s 0
f 122/13/87 130/13/87 126/13/87
s 1
f 130/13/86 131/2/88 129/2/86
f 132/13/88 121/2/82 131/2/88
s 0
f 123/2/89 127/2/89 131/2/89
s 1
f 134/14/90 135/15/91 133/15/92
f 136/14/93 137/15/94 135/15/91
f 136/14/93 140/14/95 138/14/96
f 137/15/94 140/14/95 139/15/97
f 140/14/95 133/15/92 139/15/97
f 133/15/92 137/15/94 139/15/97
f 141/16/98 144/17/99 143/16/100
f 144/17/99 145/16/101 143/16/100
f 142/17/102 146/17/103 144/17/99
f 146/17/103 147/16/104 145/16/101
f 148/17/105 141/16/98 147/16/104
f 141/16/98 145/16/101 147/16/104
f 150/18/106 151/19/107 149/19/108
f 152/18/109 153/19/110 151/19/107
f 150/18/106 154/18/111 152/18/109
f 154/18/111 155/19/112 153/19/110
f 155/19/112 150/18/106 149/19/108
f 151/19/107 155/19/112 149/19/108
f 158/20/113 159/21/114 157/21/115
f 159/21/114 162/20/116 161/21/117
f 160/20/118 164/20/119 162/20/116
f 162/20/116 163/21/120 161/21/117
f 164/20/119 157/21/115 163/21/120
f 159/21/114 163/21/120 157/21/115
f 165/22/121 168/23/122 167/22/123
f 168/23/122 169/22/124 167/22/123
f 168/23/122 172/23/125 170/23/126
f 169/22/124 172/23/125 171/22/127
f 171/22/127 166/23/128 165/22/121
f 167/22/123 171/22/127 165/22/121
f 173/24/129 176/25/130 175/24/131
f 176/25/130 177/24/132 175/24/131
f 174/25/133 178/25/134 176/25/130
f 177/24/132 180/25/135 179/24/136
f 180/25/135 173/24/129 179/24/136
f 173/24/129 177/24/132 179/24/136
f 182/26/137 183/27/138 181/27/139
f 184/26/140 185/27/141 183/27/138
f 184/26/140 188/26/142 186/26/143
f 186/26/143 187/27/144 185/27/141
f 188/26/142 181/27/139 187/27/144
f 183/27/138 187/27/144 181/27/139
f 190/28/145 191/29/146 189/29/147
f 192/28/148 193/29/149 191/29/146
f 192/28/148 196/28/150 194/28/151
f 193/29/149 196/28/150 195/29/152
f 196/28/150 189/29/147 195/29/152
f 189/29/147 193/29/149 195/29/152
f 197/30/153 200/31/154 199/30/155
f 200/31/154 201/30/156 199/30/155
f 198/31/157 202/31/158 200/31/154
f 202/31/158 203/30/159 201/30/156
f 203/30/159 198/31/157 197/30/153
f 199/30/155 203/30/159 197/30/153
f 206/32/160 207/33/161 205/33/162
f 207/33/161 210/32/163 209/33/164
f 208/32/165 212/32/166 210/32/163
f 210/32/163 211/33/167 209/33/164
f 212/32/166 205/33/162 211/33/167
f 207/33/161 211/33/167 205/33/162
f 214/34/168 215/35/169 213/35/170
f 216/34/171 217/35/172 215/35/169
f 214/34/168 218/34/173 216/34/171
f 217/35/172 220/34/174 219/35/175
f 219/35/175 214/34/168 213/35/170
f 213/35/170 217/35/172 219/35/175
f 221/36/176 224/37/177 223/36/178
f 224/37/177 225/36/179 223/36/178
f 222/37/180 226/37/181 224/37/177
f 226/37/181 227/36/182 225/36/179
f 228/37/183 221/36/176 227/36/182
f 221/36/176 225/36/179 227/36/182
f 230/38/184 231/39/185 229/39/186
f 232/38/187 233/39/188 231/39/185
f 230/38/184 234/38/189 232/38/187
f 233/39/188 236/38/190 235/39/191
f 236/38/190 229/39/186 235/39/191
f 229/39/186 233/39/188 235/39/191
f 238/40/192 239/41/193 237/41/194
f 240/40/195 241/41/196 239/41/193
f 240/40/195 244/40/197 242/40/198
f 242/40/198 243/41/199 241/41/196
f 244/40/197 237/41/194 243/41/199
f 239/41/193 243/41/199 237/41/194
f 245/42/200 248/43/201 247/42/202
f 248/43/201 249/42/203 247/42/202
f 246/43/204 250/43/205 248/43/201
f 249/42/203 252/43/206 251/42/207
f 251/42/207 246/43/204 245/42/200
f 247/42/202 251/42/207 245/42/200
f 254/44/208 255/45/209 253/45/210
f 256/44/211 257/45/212 255/45/209
f 256/44/211 260/44/213 258/44/214
f 257/45/212 260/44/213 259/45/215
f 260/44/213 253/45/210 259/45/215
f 255/45/209 259/45/215 253/45/210
f 261/46/216 264/47/217 263/46/218
f 264/47/217 265/46/219 263/46/218
f 262/47/220 266/47/221 264/47/217
f 266/47/221 267/46/222 265/46/219
f 268/47/223 261/46/216 267/46/222
f 261/46/216 265/46/219 267/46/222
f 270/48/224 271/49/225 269/49/226
f 271/49/225 274/48/227 273/49/228
f 272/48/229 276/48/230 274/48/227
f 273/49/228 276/48/230 275/49/231
f 276/48/230 269/49/226 275/49/231
f 271/49/225 275/49/231 269/49/226
f 277/50/232 280/51/233 279/50/234
f 279/50/234 282/51/235 281/50/236
f 278/51/237 282/51/235 280/51/233
f 281/50/236 284/51/238 283/50/239
f 284/51/238 277/50/232 283/50/239
f 277/50/232 281/50/236 283/50/239
f 286/52/240 287/53/241 285/53/242
f 287/53/241 290/52/243 289/53/244
f 288/52/245 292/52/246 290/52/243
f 289/53/244 292/52/246 291/53/247
f 292/52/246 285/53/242 291/53/247
f 285/53/242 289/53/244 291/53/247
f 293/54/248 296/55/249 295/54/250
f 296/55/249 297/54/251 295/54/250
f 296/55/249 300/55/252 298/55/253
f 298/55/253 299/54/254 297/54/251
f 300/55/252 293/54/248 299/54/254
f 293/54/248 297/54/251 299/54/254
f 302/56/255 303/57/256 301/57/257
f 304/56/258 305/57/259 303/57/256
f 304/56/258 308/56/260 306/56/261
f 306/56/261 307/57/262 305/57/259
f 307/57/262 302/56/255 301/57/257
f 303/57/256 307/57/262 301/57/257
f 310/58/263 311/59/264 309/59/265
f 312/58/266 313/59/267 311/59/264
f 310/58/263 314/58/268 312/58/266
f 313/59/267 316/58/269 315/59/270
f 316/58/269 309/59/265 315/59/270
f 309/59/265 313/59/267 315/59/270
f 318/60/271 319/61/272 317/61/273
f 320/60/274 321/61/275 319/61/272
f 320/60/274 324/60/276 322/60/277
f 321/61/275 324/60/276 323/61/278
f 324/60/276 317/61/273 323/61/278
f 319/61/272 323/61/278 317/61/273
f 325/62/279 328/63/280 327/62/281
f 328/63/280 329/62/282 327/62/281
f 328/63/280 332/63/283 330/63/284
f 330/63/284 331/62/285 329/62/282
f 331/62/285 326/63/286 325/62/279
f 325/62/279 329/62/282 331/62/285
f 334/64/287 335/65/288 333/65/289
f 336/64/290 337/65/291 335/65/288
f 336/64/290 340/64/292 338/64/293
f 338/64/293 339/65/294 337/65/291
f 339/65/294 334/64/287 333/65/289
f 335/65/288 339/65/294 333/65/289
f 342/66/295 343/67/296 341/67/297
f 344/66/298 345/67/299 343/67/296
f 342/66/295 346/66/300 344/66/298
f 346/66/300 347/67/301 345/67/299
f 348/66/302 341/67/297 347/67/301
f 341/67/297 345/67/299 347/67/301
f 350/68/303 351/69/304 349/69/305
f 351/69/304 354/68/306 353/69/307
f 350/68/303 354/68/306 352/68/308
f 354/68/306 355/69/309 353/69/307
f 356/68/310 349/69/305 355/69/309
f 351/69/304 355/69/309 349/69/305
f 358/70/311 359/71/312 357/71/313
f 360/70/314 361/71/315 359/71/312
f 358/70/311 362/70/316 360/70/314
f 362/70/316 363/71/317 361/71/315
f 363/71/317 358/70/311 357/71/313
f 359/71/312 363/71/317 357/71/313
f 366/72/318 367/73/319 365/73/320
f 367/73/319 370/72/321 369/73/322
f 366/72/318 370/72/321 368/72/323
f 369/73/322 372/72/324 371/73/325
f 372/72/324 365/73/320 371/73/325
f 367/73/319 371/73/325 365/73/320
f 373/74/326 376/75/327 375/74/328
f 376/75/327 377/74/329 375/74/328
f 374/75/330 378/75/331 376/75/327
f 378/75/331 379/74/332 377/74/329
f 379/74/332 374/75/330 373/74/326
f 375/74/328 379/74/332 373/74/326
f 382/76/333 383/77/334 381/77/335
f 384/76/336 385/77/337 383/77/334
f 382/76/333 386/76/338 384/76/336
f 385/77/337 388/76/339 387/77/340
f 387/77/340 382/76/333 381/77/335
f 381/77/335 385/77/337 387/77/340
f 390/78/341 391/79/342 389/79/343
f 392/78/344 393/79/345 391/79/342
f 390/78/341 394/78/346 392/78/344
f 394/78/346 395/79/347 393/79/345
f 396/78/348 389/79/343 395/79/347
f 391/79/342 395/79/347 389/79/343
f 397/80/349 400/81/350 399/80/351
f 400/81/350 401/80/352 399/80/351
f 400/81/350 404/81/353 402/81/354
f 402/81/354 403/80/355 401/80/352
f 404/81/353 397/80/349 403/80/355
f 397/80/349 401/80/352 403/80/355
f 405/82/356 408/83/357 407/82/358
f 408/83/357 409/82/359 407/82/358
f 408/83/357 412/83/360 410/83/361
f 410/83/361 411/82/362 409/82/359
f 412/83/360 405/82/356 411/82/362
f 405/82/356 409/82/359 411/82/362
f 413/84/363 416/85/364 415/84/365
f 416/85/364 417/84/366 415/84/365
f 416/85/364 420/85/367 418/85/368
f 418/85/368 419/84/369 417/84/366
f 419/84/369 414/85/370 413/84/363
f 413/84/363 417/84/366 419/84/369
f 421/86/371 424/87/372 423/86/373
f 423/86/373 426/87/374 425/86/375
f 424/87/372 428/87/376 426/87/374
f 425/86/375 428/87/376 427/86/377
f 428/87/376 421/86/371 427/86/377
f 421/86/371 425/86/375 427/86/377
f 429/88/378 432/89/379 431/88/380
f 432/89/379 433/88/381 431/88/380
f 432/89/379 436/89/382 434/89/383
f 434/89/383 435/88/384 433/88/381
f 436/89/382 429/88/378 435/88/384
f 431/88/380 435/88/384 429/88/378
f 437/90/385 440/91/386 439/90/387
f 439/90/387 442/91/388 441/90/389
f 438/91/390 442/91/388 440/91/386
f 442/91/388 443/90/391 441/90/389
f 444/91/392 437/90/385 443/90/391
f 437/90/385 441/90/389 443/90/391
f 446/92/393 447/93/394 445/93/395
f 447/93/394 450/92/396 449/93/397
f 448/92/398 452/92/399 450/92/396
f 450/92/396 451/93/400 449/93/397
f 452/92/399 445/93/395 451/93/400
f 445/93/395 449/93/397 451/93/400
s 0
f 453/94/401 454/95/401 459/96/401
f 454/95/402 453/94/402 460/97/402
f 454/95/403 455/98/403 459/96/403
f 455/98/404 454/95/404 460/97/404
f 455/98/405 456/99/405 459/96/405
f 456/99/406 455/98/406 460/97/406
f 456/99/407 457/98/407 459/96/407
f 457/98/408 456/99/408 460/97/408
f 457/98/409 458/95/409 459/96/409
f 458/95/410 457/98/410 460/97/410
f 458/95/411 453/94/411 459/96/411
f 453/94/412 458/95/412 460/97/412
f 461/94/413 462/95/413 467/96/413
f 462/95/414 461/94/414 468/97/414
f 462/95/415 463/98/415 467/96/415
f 463/98/416 462/95/416 468/97/416
f 463/98/417 464/99/417 467/96/417
f 464/99/418 463/98/418 468/97/418
f 464/99/419 465/98/419 467/96/419
f 465/98/420 464/99/420 468/97/420
f 465/98/421 466/95/421 467/96/421
f 466/95/422 465/98/422 468/97/422
f 466/95/423 461/94/423 467/96/423
f 461/94/424 466/95/424 468/97/424
f 469/100/425 470/101/425 475/102/425
f 470/101/426 469/100/426 476/103/426
f 470/101/427 471/104/427 475/102/427
f 471/104/428 470/101/428 476/103/428
f 471/104/429 472/105/429 475/102/429
f 472/105/430 471/104/430 476/103/430
f 472/105/431 473/104/431 475/102/431
f 473/104/432 472/105/432 476/103/432
f 473/104/433 474/101/433 475/102/433
f 474/101/434 473/104/434 476/103/434
f 474/101/435 469/100/435 475/102/435
f 469/100/436 474/101/436 476/103/436
f 477/100/437 478/101/437 483/102/437
f 478/101/438 477/100/438 484/103/438
f 478/101/439 479/104/439 483/102/439
f 479/104/440 478/101/440 484/103/440
f 479/104/441 480/105/441 483/102/441
f 480/105/442 479/104/442 484/103/442
f 480/105/443 481/104/443 483/102/443
f 481/104/444 480/105/444 484/103/444
f 481/104/445 482/101/445 483/102/445
f 482/101/446 481/104/446 484/103/446
f 482/101/447 477/100/447 483/102/447
f 477/100/448 482/101/448 484/103/448
f 485/106/449 486/107/449 491/108/449
f 486/107/450 485/106/450 492/109/450
f 486/107/451 487/110/451 491/108/451
f 487/110/452 486/107/452 492/109/452
f 487/110/453 488/111/453 491/108/453
f 488/111/454 487/110/454 492/109/454
f 488/111/455 489/110/455 491/108/455
f 489/110/456 488/111/456 492/109/456
f 489/110/457 490/107/457 491/108/457
f 490/107/458 489/110/458 492/109/458
f 490/107/459 485/106/459 491/108/459
f 485/106/460 490/107/460 492/109/460
f 493/106/461 494/107/461 499/108/461
f 494/107/462 493/106/462 500/109/462
f 494/107/463 495/110/463 499/108/463
f 495/110/464 494/107/464 500/109/464
f 495/110/465 496/111/465 499/108/465
f 496/111/466 495/110/466 500/109/466
f 496/111/467 497/110/467 499/108/467
f 497/110/468 496/111/468 500/109/468
f 497/110/469 498/107/469 499/108/469
f 498/107/470 497/110/470 500/109/470
f 498/107/471 493/106/471 499/108/471
f 493/106/472 498/107/472 500/109/472
f 501/112/473 502/113/473 507/114/473
f 502/113/474 501/112/474 508/115/474
f 502/113/475 503/116/475 507/114/475
f 503/116/476 502/113/476 508/115/476
f 503/116/477 504/117/477 507/114/477
f 504/117/478 503/116/478 508/115/478
f 504/117/479 505/116/479 507/114/479
f 505/116/480 504/117/480 508/115/480
f 505/116/481 506/113/481 507/114/481
f 506/113/482 505/116/482 508/115/482
f 506/113/483 501/112/483 507/114/483
f 501/112/484 506/113/484 508/115/484
f 509/112/485 510/113/485 515/114/485
f 510/113/486 509/112/486 516/115/486
f 510/113/487 511/116/487 515/114/487
f 511/116/488 510/113/488 516/115/488
f 511/116/489 512/117/489 515/114/489
f 512/117/490 511/116/490 516/115/490
f 512/117/491 513/116/491 515/114/491
f 513/116/492 512/117/492 516/115/492
f 513/116/493 514/113/493 515/114/493
f 514/113/494 513/116/494 516/115/494
f 514/113/495 509/112/495 515/114/495
f 509/112/496 514/113/496 516/115/496
f 517/118/497 518/119/497 523/120/497
f 518/119/498 517/118/498 524/121/498
f 518/119/499 519/122/499 523/120/499
f 519/122/500 518/119/500 524/121/500
f 519/122/501 520/123/501 523/120/501
f 520/123/502 519/122/502 524/121/502
f 520/123/503 521/122/503 523/120/503
f 521/122/504 520/123/504 524/121/504
f 521/122/505 522/119/505 523/120/505
f 522/119/506 521/122/506 524/121/506
f 522/119/507 517/118/507 523/120/507
f 517/118/508 522/119/508 524/121/508
f 525/118/509 526/119/509 531/120/509
f 526/119/510 525/118/510 532/121/510
f 526/119/511 527/122/511 531/120/511
f 527/122/512 526/119/512 532/121/512
f 527/122/513 528/123/513 531/120/513
f 528/123/514 527/122/514 532/121/514
f 528/123/515 529/122/515 531/120/515
f 529/122/516 528/123/516 532/121/516
f 529/122/517 530/119/517 531/120/517
f 530/119/518 529/122/518 532/121/518
f 530/119/519 525/118/519 531/120/519
f 525/118/520 530/119/520 532/121/520
f 533/124/521 534/125/521 539/126/521
f 534/125/522 533/124/522 540/127/522
f 534/125/523 535/128/523 539/126/523
f 535/128/524 534/125/524 540/127/524
f 535/128/525 536/129/525 539/126/525
f 536/129/526 535/128/526 540/127/526
f 536/129/527 537/128/527 539/126/527
f 537/128/528 536/129/528 540/127/528
f 537/128/529 538/125/529 539/126/529
f 538/125/530 537/128/530 540/127/530
f 538/125/531 533/124/531 539/126/531
f 533/124/532 538/125/532 540/127/532
f 541/124/533 542/125/533 547/126/533
f 542/125/534 541/124/534 548/127/534
f 542/125/535 543/128/535 547/126/535
f 543/128/536 542/125/536 548/127/536
f 543/128/537 544/129/537 547/126/537
f 544/129/538 543/128/538 548/127/538
f 544/129/539 545/128/539 547/126/539
f 545/128/540 544/129/540 548/127/540
f 545/128/541 546/125/541 547/126/541
f 546/125/542 545/128/542 548/127/542
f 546/125/543 541/124/543 547/126/543
f 541/124/544 546/125/544 548/127/544
f 549/130/545 550/131/545 555/132/545
f 550/131/546 549/130/546 556/133/546
f 550/131/547 551/134/547 555/132/547
f 551/134/548 550/131/548 556/133/548
f 551/134/549 552/135/549 555/132/549
f 552/135/550 551/134/550 556/133/550
f 552/135/551 553/134/551 555/132/551
f 553/134/552 552/135/552 556/133/552
f 553/134/553 554/131/553 555/132/553
f 554/131/554 553/134/554 556/133/554
f 554/131/555 549/130/555 555/132/555
f 549/130/556 554/131/556 556/133/556
f 557/130/557 558/131/557 563/132/557
f 558/131/558 557/130/558 564/133/558
f 558/131/559 559/134/559 563/132/559
f 559/134/560 558/131/560 564/133/560
f 559/134/561 560/135/561 563/132/561
f 560/135/562 559/134/562 564/133/562
f 560/135/563 561/134/563 563/132/563
f 561/134/564 560/135/564 564/133/564
f 561/134/565 562/131/565 563/132/565
f 562/131/566 561/134/566 564/133/566
f 562/131/567 557/130/567 563/132/567
f 557/130/568 562/131/568 564/133/568
f 565/136/569 566/137/569 571/138/569
f 566/137/570 565/136/570 572/139/570
f 566/137/571 567/140/571 571/138/571
f 567/140/572 566/137/572 572/139/572
f 567/140/573 568/141/573 571/138/573
f 568/141/574 567/140/574 572/139/574
f 568/141/575 569/140/575 571/138/575
f 569/140/576 568/141/576 572/139/576
f 569/140/577 570/137/577 571/138/577
f 570/137/578 569/140/578 572/139/578
f 570/137/579 565/136/579 571/138/579
f 565/136/580 570/137/580 572/139/580
f 573/136/581 574/137/581 579/138/581
f 574/137/582 573/136/582 580/139/582
f 574/137/583 575/140/583 579/138/583
f 575/140/584 574/137/584 580/139/584
f 575/140/585 576/141/585 579/138/585
f 576/141/586 575/140/586 580/139/586
f 576/141/587 577/140/587 579/138/587
f 577/140/588 576/141/588 580/139/588
f 577/140/589 578/137/589 579/138/589
f 578/137/590 577/140/590 580/139/590
f 578/137/591 573/136/591 579/138/591
f 573/136/592 578/137/592 580/139/592
f 581/142/593 582/143/593 587/144/593
f 582/143/594 581/142/594 588/145/594
f 582/143/595 583/146/595 587/144/595
f 583/146/596 582/143/596 588/145/596
f 583/146/597 584/147/597 587/144/597
f 584/147/598 583/146/598 588/145/598
f 584/147/599 585/146/599 587/144/599
f 585/146/600 584/147/600 588/145/600
f 585/146/601 586/143/601 587/144/601
f 586/143/602 585/146/602 588/145/602
f 586/143/603 581/142/603 587/144/603
f 581/142/604 586/143/604 588/145/604
f 589/142/605 590/143/605 595/144/605
f 590/143/606 589/142/606 596/145/606
f 590/143/607 591/146/607 595/144/607
f 591/146/608 590/143/608 596/145/608
f 591/146/609 592/147/609 595/144/609
f 592/147/610 591/146/610 596/145/610
f 592/147/611 593/146/611 595/144/611
f 593/146/612 592/147/612 596/145/612
f 593/146/613 594/143/613 595/144/613
f 594/143/614 593/146/614 596/145/614
f 594/143/615 589/142/615 595/144/615
f 589/142/616 594/143/616 596/145/616
f 597/148/617 598/149/617 603/150/617
f 598/149/618 597/148/618 604/151/618
f 598/149/619 599/152/619 603/150/619
f 599/152/620 598/149/620 604/151/620
f 599/152/621 600/153/621 603/150/621
f 600/153/622 599/152/622 604/151/622
f 600/153/623 601/152/623 603/150/623
f 601/152/624 600/153/624 604/151/624
f 601/152/625 602/149/625 603/150/625
f 602/149/626 601/152/626 604/151/626
f 602/149/627 597/148/627 603/150/627
f 597/148/628 602/149/628 604/151/628
f 605/148/629 606/149/629 611/150/629
f 606/149/630 605/148/630 612/151/630
f 606/149/631 607/152/631 611/150/631
f 607/152/632 606/149/632 612/151/632
f 607/152/633 608/153/633 611/150/633
f 608/153/634 607/152/634 612/151/634
f 608/153/635 609/152/635 611/150/635
f 609/152/636 608/153/636 612/151/636
f 609/152/637 610/149/637 611/150/637
f 610/149/638 609/152/638 612/151/638
f 610/149/639 605/148/639 611/150/639
f 605/148/640 610/149/640 612/151/640
f 613/154/641 614/155/641 619/156/641
f 614/155/642 613/154/642 620/157/642
f 614/155/643 615/158/643 619/156/643
f 615/158/644 614/155/644 620/157/644
f 615/158/645 616/159/645 619/156/645
f 616/159/646 615/158/646 620/157/646
f 616/159/647 617/158/647 619/156/647
f 617/158/648 616/159/648 620/157/648
f 617/158/649 618/155/649 619/156/649
f 618/155/650 617/158/650 620/157/650
f 618/155/651 613/154/651 619/156/651
f 613/154/652 618/155/652 620/157/652
f 621/154/653 622/155/653 627/156/653
f 622/155/654 621/154/654 628/157/654
f 622/155/655 623/158/655 627/156/655
f 623/158/656 622/155/656 628/157/656
f 623/158/657 624/159/657 627/156/657
f 624/159/658 623/158/658 628/157/658
f 624/159/659 625/158/659 627/156/659
f 625/158/660 624/159/660 628/157/660
f 625/158/661 626/155/661 627/156/661
f 626/155/662 625/158/662 628/157/662
f 626/155/663 621/154/663 627/156/663
f 621/154/664 626/155/664 628/157/664
f 629/160/665 630/161/665 635/162/665
f 630/161/666 629/160/666 636/163/666
f 630/161/667 631/164/667 635/162/667
f 631/164/668 630/161/668 636/163/668
f 631/164/669 632/165/669 635/162/669
f 632/165/670 631/164/670 636/163/670
f 632/165/671 633/164/671 635/162/671
f 633/164/672 632/165/672 636/163/672
f 633/164/673 634/161/673 635/162/673
f 634/161/674 633/164/674 636/163/674
f 634/161/675 629/160/675 635/162/675
f 629/160/676 634/161/676 636/163/676
f 637/160/677 638/161/677 643/162/677
f 638/161/678 637/160/678 644/163/678
f 638/161/679 639/164/679 643/162/679
f 639/164/680 638/161/680 644/163/680
f 639/164/681 640/165/681 643/162/681
f 640/165/682 639/164/682 644/163/682
f 640/165/683 641/164/683 643/162/683
f 641/164/684 640/165/684 644/163/684
f 641/164/685 642/161/685 643/162/685
f 642/161/686 641/164/686 644/163/686
f 642/161/687 637/160/687 643/162/687
f 637/160/688 642/161/688 644/163/688
f 645/166/689 646/167/689 651/168/689
f 646/167/690 645/166/690 652/169/690
f 646/167/691 647/170/691 651/168/691
f 647/170/692 646/167/692 652/169/692
f 647/170/693 648/171/693 651/168/693
f 648/171/694 647/170/694 652/169/694
f 648/171/695 649/170/695 651/168/695
f 649/170/696 648/171/696 652/169/696
f 649/170/697 650/167/697 651/168/697
f 650/167/698 649/170/698 652/169/698
f 650/167/699 645/166/699 651/168/699
f 645/166/700 650/167/700 652/169/700
f 653/166/701 654/167/701 659/168/701
f 654/167/702 653/166/702 660/169/702
f 654/167/703 655/170/703 659/168/703
f 655/170/704 654/167/704 660/169/704
f 655/170/705 656/171/705 659/168/705
f 656/171/706 655/170/706 660/169/706
f 656/171/707 657/170/707 659/168/707
f 657/170/708 656/171/708 660/169/708
f 657/170/709 658/167/709 659/168/709
f 658/167/710 657/170/710 660/169/710
f 658/167/711 653/166/711 659/168/711
f 653/166/712 658/167/712 660/169/712
f 661/172/713 662/173/713 667/174/713
f 662/173/714 661/172/714 668/175/714
f 662/173/715 663/176/715 667/174/715
f 663/176/716 662/173/716 668/175/716
f 663/176/717 664/177/717 667/174/717
f 664/177/718 663/176/718 668/175/718
f 664/177/719 665/176/719 667/174/719
f 665/176/720 664/177/720 668/175/720
f 665/176/721 666/173/721 667/174/721
f 666/173/722 665/176/722 668/175/722
f 666/173/723 661/172/723 667/174/723
f 661/172/724 666/173/724 668/175/724
f 669/172/725 670/173/725 675/174/725
f 670/173/726 669/172/726 676/175/726
f 670/173/727 671/176/727 675/174/727
f 671/176/728 670/173/728 676/175/728
f 671/176/729 672/177/729 675/174/729
f 672/177/730 671/176/730 676/175/730
f 672/177/731 673/176/731 675/174/731
f 673/176/732 672/177/732 676/175/732
f 673/176/733 674/173/733 675/174/733
f 674/173/734 673/176/734 676/175/734
f 674/173/735 669/172/735 675/174/735
f 669/172/736 674/173/736 676/175/736
f 677/178/737 678/179/737 683/180/737
f 678/179/738 677/178/738 684/181/738
f 678/179/739 679/182/739 683/180/739
f 679/182/740 678/179/740 684/181/740
f 679/182/741 680/183/741 683/180/741
f 680/183/742 679/182/742 684/181/742
f 680/183/743 681/182/743 683/180/743
f 681/182/744 680/183/744 684/181/744
f 681/182/745 682/179/745 683/180/745
f 682/179/746 681/182/746 684/181/746
f 682/179/747 677/178/747 683/180/747
f 677/178/748 682/179/748 684/181/748
f 685/178/749 686/179/749 691/180/749
f 686/179/750 685/178/750 692/181/750
f 686/179/751 687/182/751 691/180/751
f 687/182/752 686/179/752 692/181/752
f 687/182/753 688/183/753 691/180/753
f 688/183/754 687/182/754 692/181/754
f 688/183/755 689/182/755 691/180/755
f 689/182/756 688/183/756 692/181/756
f 689/182/757 690/179/757 691/180/757
f 690/179/758 689/182/758 692/181/758
f 690/179/759 685/178/759 691/180/759
f 685/178/760 690/179/760 692/181/760
f 693/184/761 694/185/761 699/186/761
f 694/185/762 693/184/762 700/187/762
f 694/185/763 695/188/763 699/186/763
f 695/188/764 694/185/764 700/187/764
f 695/188/765 696/189/765 699/186/765
f 696/189/766 695/188/766 700/187/766
f 696/189/767 697/188/767 699/186/767
f 697/188/768 696/189/768 700/187/768
f 697/188/769 698/185/769 699/186/769
f 698/185/770 697/188/770 700/187/770
f 698/185/771 693/184/771 699/186/771
f 693/184/772 698/185/772 700/187/772
f 701/184/773 702/185/773 707/186/773
f 702/185/774 701/184/774 708/187/774
f 702/185/775 703/188/775 707/186/775
f 703/188/776 702/185/776 708/187/776
f 703/188/777 704/189/777 707/186/777
f 704/189/778 703/188/778 708/187/778
f 704/189/779 705/188/779 707/186/779
f 705/188/780 704/189/780 708/187/780
f 705/188/781 706/185/781 707/186/781
f 706/185/782 705/188/782 708/187/782
f 706/185/783 701/184/783 707/186/783
f 701/184/784 706/185/784 708/187/784
f 709/190/785 710/191/785 715/192/785
f 710/191/786 709/190/786 716/193/786
f 710/191/787 711/194/787 715/192/787
f 711/194/788 710/191/788 716/193/788
f 711/194/789 712/195/789 715/192/789
f 712/195/790 711/194/790 716/193/790
f 712/195/791 713/194/791 715/192/791
f 713/194/792 712/195/792 716/193/792
f 713/194/793 714/191/793 715/192/793
f 714/191/794 713/194/794 716/193/794
f 714/191/795 709/190/795 715/192/795
f 709/190/796 714/191/796 716/193/796
f 717/190/797 718/191/797 723/192/797
f 718/191/798 717/190/798 724/193/798
f 718/191/799 719/194/799 723/192/799
f 719/194/800 718/191/800 724/193/800
f 719/194/801 720/195/801 723/192/801
f 720/195/802 719/194/802 724/193/802
f 720/195/803 721/194/803 723/192/803
f 721/194/804 720/195/804 724/193/804
f 721/194/805 722/191/805 723/192/805
f 722/191/806 721/194/806 724/193/806
f 722/191/807 717/190/807 723/192/807
f 717/190/808 722/191/808 724/193/808
f 725/196/809 726/197/809 731/198/809
f 726/197/810 725/196/810 732/199/810
f 726/197/811 727/200/811 731/198/811
f 727/200/812 726/197/812 732/199/812
f 727/200/813 728/201/813 731/198/813
f 728/201/814 727/200/814 732/199/814
f 728/201/815 729/200/815 731/198/815
f 729/200/816 728/201/816 732/199/816
f 729/200/817 730/197/817 731/198/817
f 730/197/818 729/200/818 732/199/818
f 730/197/819 725/196/819 731/198/819
f 725/196/820 730/197/820 732/199/820
f 733/196/821 734/197/821 739/198/821
f 734/197/822 733/196/822 740/199/822
f 734/197/823 735/200/823 739/198/823
f 735/200/824 734/197/824 740/199/824
f 735/200/825 736/201/825 739/198/825
f 736/201/826 735/200/826 740/199/826
f 736/201/827 737/200/827 739/198/827
f 737/200/828 736/201/828 740/199/828
f 737/200/829 738/197/829 739/198/829
f 738/197/830 737/200/830 740/199/830
f 738/197/831 733/196/831 739/198/831
f 733/196/832 738/197/832 740/199/832
f 741/202/833 742/203/833 747/204/833
f 742/203/834 741/202/834 748/205/834
f 742/203/835 743/206/835 747/204/835
f 743/206/836 742/203/836 748/205/836
f 743/206/837 744/207/837 747/204/837
f 744/207/838 743/206/838 748/205/838
f 744/207/839 745/206/839 747/204/839
f 745/206/840 744/207/840 748/205/840
f 745/206/841 746/203/841 747/204/841
f 746/203/842 745/206/842 748/205/842
f 746/203/843 741/202/843 747/204/843
f 741/202/844 746/203/844 748/205/844
f 749/202/845 750/203/845 755/204/845
f 750/203/846 749/202/846 756/205/846
f 750/203/847 751/206/847 755/204/847
f 751/206/848 750/203/848 756/205/848
f 751/206/849 752/207/849 755/204/849
f 752/207/850 751/206/850 756/205/850
f 752/207/851 753/206/851 755/204/851
f 753/206/852 752/207/852 756/205/852
f 753/206/853 754/203/853 755/204/853
f 754/203/854 753/206/854 756/205/854
f 754/203/855 749/202/855 755/204/855
f 749/202/856 754/203/856 756/205/856
f 757/208/857 758/209/857 763/210/857
f 758/209/858 757/208/858 764/211/858
f 758/209/859 759/212/859 763/210/859
f 759/212/860 758/209/860 764/211/860
f 759/212/861 760/213/861 763/210/861
f 760/213/862 759/212/862 764/211/862
f 760/213/863 761/212/863 763/210/863
f 761/212/864 760/213/864 764/211/864
f 761/212/865 762/209/865 763/210/865
f 762/209/866 761/212/866 764/211/866
f 762/209/867 757/208/867 763/210/867
f 757/208/868 762/209/868 764/211/868
f 765/208/869 766/209/869 771/210/869
f 766/209/870 765/208/870 772/211/870
f 766/209/871 767/212/871 771/210/871
f 767/212/872 766/209/872 772/211/872
f 767/212/873 768/213/873 771/210/873
f 768/213/874 767/212/874 772/211/874
f 768/213/875 769/212/875 771/210/875
f 769/212/876 768/213/876 772/211/876
f 769/212/877 770/209/877 771/210/877
f 770/209/878 769/212/878 772/211/878
f 770/209/879 765/208/879 771/210/879
f 765/208/880 770/209/880 772/211/880
f 773/214/881 774/215/881 779/216/881
f 774/215/882 773/214/882 780/217/882
f 774/215/883 775/218/883 779/216/883
f 775/218/884 774/215/884 780/217/884
f 775/218/885 776/219/885 779/216/885
f 776/219/886 775/218/886 780/217/886
f 776/219/887 777/218/887 779/216/887
f 777/218/888 776/219/888 780/217/888
f 777/218/889 778/215/889 779/216/889
f 778/215/890 777/218/890 780/217/890
f 778/215/891 773/214/891 779/216/891
f 773/214/892 778/215/892 780/217/892
f 781/214/893 782/215/893 787/216/893
f 782/215/894 781/214/894 788/217/894
f 782/215/895 783/218/895 787/216/895
f 783/218/896 782/215/896 788/217/896
f 783/218/897 784/219/897 787/216/897
f 784/219/898 783/218/898 788/217/898
f 784/219/899 785/218/899 787/216/899
f 785/218/900 784/219/900 788/217/900
f 785/218/901 786/215/901 787/216/901
f 786/215/902 785/218/902 788/217/902
f 786/215/903 781/214/903 787/216/903
f 781/214/904 786/215/904 788/217/904
f 789/220/905 790/221/905 795/222/905
f 790/221/906 789/220/906 796/223/906
f 790/221/907 791/224/907 795/222/907
f 791/224/908 790/221/908 796/223/908
f 791/224/909 792/225/909 795/222/909
f 792/225/910 791/224/910 796/223/910
f 792/225/911 793/224/911 795/222/911
f 793/224/912 792/225/912 796/223/912
f 793/224/913 794/221/913 795/222/913
f 794/221/914 793/224/914 796/223/914
f 794/221/915 789/220/915 795/222/915
f 789/220/916 794/221/916 796/223/916
f 797/220/917 798/221/917 803/222/917
f 798/221/918 797/220/918 804/223/918
f 798/221/919 799/224/919 803/222/919
f 799/224/920 798/221/920 804/223/920
f 799/224/921 800/225/921 803/222/921
f 800/225/922 799/224/922 804/223/922
f 800/225/923 801/224/923 803/222/923
f 801/224/924 800/225/924 804/223/924
f 801/224/925 802/221/925 803/222/925
f 802/221/926 801/224/926 804/223/926
f 802/221/927 797/220/927 803/222/927
f 797/220/928 802/221/928 804/223/928
f 805/226/929 806/227/929 811/228/929
f 806/227/930 805/226/930 812/229/930
f 806/227/931 807/230/931 811/228/931
f 807/230/932 806/227/932 812/229/932
f 807/230/933 808/231/933 811/228/933
f 808/231/934 807/230/934 812/229/934
f 808/231/935 809/230/935 811/228/935
f 809/230/936 808/231/936 812/229/936
f 809/230/937 810/227/937 811/228/937
f 810/227/938 809/230/938 812/229/938
f 810/227/939 805/226/939 811/228/939
f 805/226/940 810/227/940 812/229/940
f 813/226/941 814/227/941 819/228/941
f 814/227/942 813/226/942 820/229/942
f 814/227/943 815/230/943 819/228/943
f 815/230/944 814/227/944 820/229/944
f 815/230/945 816/231/945 819/228/945
f 816/231/946 815/230/946 820/229/946
f 816/231/947 817/230/947 819/228/947
f 817/230/948 816/231/948 820/229/948
f 817/230/949 818/227/949 819/228/949
f 818/227/950 817/230/950 820/229/950
f 818/227/951 813/226/951 819/228/951
f 813/226/952 818/227/952 820/229/952
f 821/232/953 822/233/953 827/234/953
f 822/233/954 821/232/954 828/235/954
f 822/233/955 823/236/955 827/234/955
f 823/236/956 822/233/956 828/235/956
f 823/236/957 824/237/957 827/234/957
f 824/237/958 823/236/958 828/235/958
f 824/237/959 825/236/959 827/234/959
f 825/236/960 824/237/960 828/235/960
f 825/236/961 826/233/961 827/234/961
f 826/233/962 825/236/962 828/235/962
f 826/233/963 821/232/963 827/234/963
f 821/232/964 826/233/964 828/235/964
f 829/232/965 830/233/965 835/234/965
f 830/233/966 829/232/966 836/235/966
f 830/233/967 831/236/967 835/234/967
f 831/236/968 830/233/968 836/235/968
f 831/236/969 832/237/969 835/234/969
f 832/237/970 831/236/970 836/235/970
f 832/237/971 833/236/971 835/234/971
f 833/236/972 832/237/972 836/235/972
f 833/236/973 834/233/973 835/234/973
f 834/233/974 833/236/974 836/235/974
f 834/233/975 829/232/975 835/234/975
f 829/232/976 834/233/976 836/235/976
f 837/238/977 838/239/977 843/240/977
f 838/239/978 837/238/978 844/241/978
f 838/239/979 839/242/979 843/240/979
f 839/242/980 838/239/980 844/241/980
f 839/242/981 840/243/981 843/240/981
f 840/243/982 839/242/982 844/241/982
f 840/243/983 841/242/983 843/240/983
f 841/242/984 840/243/984 844/241/984
f 841/242/985 842/239/985 843/240/985
f 842/239/986 841/242/986 844/241/986
f 842/239/987 837/238/987 843/240/987
f 837/238/988 842/239/988 844/241/988
f 845/238/989 846/239/989 851/240/989
f 846/239/990 845/238/990 852/241/990
f 846/239/991 847/242/991 851/240/991
f 847/242/992 846/239/992 852/241/992
f 847/242/993 848/243/993 851/240/993
f 848/243/994 847/242/994 852/241/994
f 848/243/995 849/242/995 851/240/995
f 849/242/996 848/243/996 852/241/996
f 849/242/997 850/239/997 851/240/997
f 850/239/998 849/242/998 852/241/998
f 850/239/999 845/238/999 851/240/999
f 845/238/1000 850/239/1000 852/241/1000
f 853/244/1001 854/245/1001 859/246/1001
f 854/245/1002 853/244/1002 860/247/1002
f 854/245/1003 855/248/1003 859/246/1003
f 855/248/1004 854/245/1004 860/247/1004
f 855/248/1005 856/249/1005 859/246/1005
f 856/249/1006 855/248/1006 860/247/1006
f 856/249/1007 857/248/1007 859/246/1007
f 857/248/1008 856/249/1008 860/247/1008
f 857/248/1009 858/245/1009 859/246/1009
f 858/245/1010 857/248/1010 860/247/1010
f 858/245/1011 853/244/1011 859/246/1011
f 853/244/1012 858/245/1012 860/247/1012
f 861/244/1013 862/245/1013 867/246/1013
f 862/245/1014 861/244/1014 868/247/1014
f 862/245/1015 863/248/1015 867/246/1015
f 863/248/1016 862/245/1016 868/247/1016
f 863/248/1017 864/249/1017 867/246/1017
f 864/249/1018 863/248/1018 868/247/1018
f 864/249/1019 865/248/1019 867/246/1019
f 865/248/1020 864/249/1020 868/247/1020
f 865/248/1021 866/245/1021 867/246/1021
f 866/245/1022 865/248/1022 868/247/1022
f 866/245/1023 861/244/1023 867/246/1023
f 861/244/1024 866/245/1024 868/247/1024
f 869/250/1025 870/251/1025 875/252/1025
f 870/251/1026 869/250/1026 876/253/1026
f 870/251/1027 871/254/1027 875/252/1027
f 871/254/1028 870/251/1028 876/253/1028
f 871/254/1029 872/255/1029 875/252/1029
f 872/255/1030 871/254/1030 876/253/1030
f 872/255/1031 873/254/1031 875/252/1031
f 873/254/1032 872/255/1032 876/253/1032
f 873/254/1033 874/251/1033 875/252/1033
f 874/251/1034 873/254/1034 876/253/1034
f 874/251/1035 869/250/1035 875/252/1035
f 869/250/1036 874/251/1036 876/253/1036
f 877/250/1037 878/251/1037 883/252/1037
f 878/251/1038 877/250/1038 884/253/1038
f 878/251/1039 879/254/1039 883/252/1039
f 879/254/1040 878/251/1040 884/253/1040
f 879/254/1041 880/255/1041 883/252/1041
f 880/255/1042 879/254/1042 884/253/1042
f 880/255/1043 881/254/1043 883/252/1043
f 881/254/1044 880/255/1044 884/253/1044
f 881/254/1045 882/251/1045 883/252/1045
f 882/251/1046 881/254/1046 884/253/1046
f 882/251/1047 877/250/1047 883/252/1047
f 877/250/1048 882/251/1048 884/253/1048
f 885/256/1049 886/257/1049 891/258/1049
f 886/257/1050 885/256/1050 892/259/1050
f 886/257/1051 887/260/1051 891/258/1051
f 887/260/1052 886/257/1052 892/259/1052
f 887/260/1053 888/261/1053 891/258/1053
f 888/261/1054 887/260/1054 892/259/1054
f 888/261/1055 889/260/1055 891/258/1055
f 889/260/1056 888/261/1056 892/259/1056
f 889/260/1057 890/257/1057 891/258/1057
f 890/257/1058 889/260/1058 892/259/1058
f 890/257/1059 885/256/1059 891/258/1059
f 885/256/1060 890/257/1060 892/259/1060
f 893/256/1061 894/257/1061 899/258/1061
f 894/257/1062 893/256/1062 900/259/1062
f 894/257/1063 895/260/1063 899/258/1063
f 895/260/1064 894/257/1064 900/259/1064
f 895/260/1065 896/261/1065 899/258/1065
f 896/261/1066 895/260/1066 900/259/1066
f 896/261/1067 897/260/1067 899/258/1067
f 897/260/1068 896/261/1068 900/259/1068
f 897/260/1069 898/257/1069 899/258/1069
f 898/257/1070 897/260/1070 900/259/1070
f 898/257/1071 893/256/1071 899/258/1071
f 893/256/1072 898/257/1072 900/259/1072
f 901/262/1073 902/263/1073 907/264/1073
f 902/263/1074 901/262/1074 908/265/1074
f 902/263/1075 903/266/1075 907/264/1075
f 903/266/1076 902/263/1076 908/265/1076
f 903/266/1077 904/267/1077 907/264/1077
f 904/267/1078 903/266/1078 908/265/1078
f 904/267/1079 905/266/1079 907/264/1079
f 905/266/1080 904/267/1080 908/265/1080
f 905/266/1081 906/263/1081 907/264/1081
f 906/263/1082 905/266/1082 908/265/1082
f 906/263/1083 901/262/1083 907/264/1083
f 901/262/1084 906/263/1084 908/265/1084
f 909/262/1085 910/263/1085 915/264/1085
f 910/263/1086 909/262/1086 916/265/1086
f 910/263/1087 911/266/1087 915/264/1087
f 911/266/1088 910/263/1088 916/265/1088
f 911/266/1089 912/267/1089 915/264/1089
f 912/267/1090 911/266/1090 916/265/1090
f 912/267/1091 913/266/1091 915/264/1091
f 913/266/1092 912/267/1092 916/265/1092
f 913/266/1093 914/263/1093 915/264/1093
f 914/263/1094 913/266/1094 916/265/1094
f 914/263/1095 909/262/1095 915/264/1095
f 909/262/1096 914/263/1096 916/265/1096
f 917/268/1097 918/269/1097 923/270/1097
f 918/269/1098 917/268/1098 924/271/1098
f 918/269/1099 919/272/1099 923/270/1099
f 919/272/1100 918/269/1100 924/271/1100
f 919/272/1101 920/273/1101 923/270/1101
f 920/273/1102 919/272/1102 924/271/1102
f 920/273/1103 921/272/1103 923/270/1103
f 921/272/1104 920/273/1104 924/271/1104
f 921/272/1105 922/269/1105 923/270/1105
f 922/269/1106 921/272/1106 924/271/1106
f 922/269/1107 917/268/1107 923/270/1107
f 917/268/1108 922/269/1108 924/271/1108
f 925/268/1109 926/269/1109 931/270/1109
f 926/269/1110 925/268/1110 932/271/1110
f 926/269/1111 927/272/1111 931/270/1111
f 927/272/1112 926/269/1112 932/271/1112
f 927/272/1113 928/273/1113 931/270/1113
f 928/273/1114 927/272/1114 932/271/1114
f 928/273/1115 929/272/1115 931/270/1115
f 929/272/1116 928/273/1116 932/271/1116
f 929/272/1117 930/269/1117 931/270/1117
f 930/269/1118 929/272/1118 932/271/1118
f 930/269/1119 925/268/1119 931/270/1119
f 925/268/1120 930/269/1120 932/271/1120
f 933/274/1121 934/275/1121 939/276/1121
f 934/275/1122 933/274/1122 940/277/1122
f 934/275/1123 935/278/1123 939/276/1123
f 935/278/1124 934/275/1124 940/277/1124
f 935/278/1125 936/279/1125 939/276/1125
f 936/279/1126 935/278/1126 940/277/1126
f 936/279/1127 937/278/1127 939/276/1127
f 937/278/1128 936/279/1128 940/277/1128
f 937/278/1129 938/275/1129 939/276/1129
f 938/275/1130 937/278/1130 940/277/1130
f 938/275/1131 933/274/1131 939/276/1131
f 933/274/1132 938/275/1132 940/277/1132
f 941/274/1133 942/275/1133 947/276/1133
f 942/275/1134 941/274/1134 948/277/1134
f 942/275/1135 943/278/1135 947/276/1135
f 943/278/1136 942/275/1136 948/277/1136
f 943/278/1137 944/279/1137 947/276/1137
f 944/279/1138 943/278/1138 948/277/1138
f 944/279/1139 945/278/1139 947/276/1139
f 945/278/1140 944/279/1140 948/277/1140
f 945/278/1141 946/275/1141 947/276/1141
f 946/275/1142 945/278/1142 948/277/1142
f 946/275/1143 941/274/1143 947/276/1143
f 941/274/1144 946/275/1144 948/277/1144
f 949/280/1145 950/281/1145 955/282/1145
f 950/281/1146 949/280/1146 956/283/1146
f 950/281/1147 951/284/1147 955/282/1147
f 951/284/1148 950/281/1148 956/283/1148
f 951/284/1149 952/285/1149 955/282/1149
f 952/285/1150 951/284/1150 956/283/1150
f 952/285/1151 953/284/1151 955/282/1151
f 953/284/1152 952/285/1152 956/283/1152
f 953/284/1153 954/281/1153 955/282/1153
f 954/281/1154 953/284/1154 956/283/1154
f 954/281/1155 949/280/1155 955/282/1155
f 949/280/1156 954/281/1156 956/283/1156
f 957/280/1157 958/281/1157 963/282/1157
f 958/281/1158 957/280/1158 964/283/1158
f 958/281/1159 959/284/1159 963/282/1159
f 959/284/1160 958/281/1160 964/283/1160
f 959/284/1161 960/285/1161 963/282/1161
f 960/285/1162 959/284/1162 964/283/1162
f 960/285/1163 961/284/1163 963/282/1163
f 961/284/1164 960/285/1164 964/283/1164
f 961/284/1165 962/281/1165 963/282/1165
f 962/281/1166 961/284/1166 964/283/1166
f 962/281/1167 957/280/1167 963/282/1167
f 957/280/1168 962/281/1168 964/283/1168
f 965/286/1169 966/287/1169 971/288/1169
f 966/287/1170 965/286/1170 972/289/1170
f 966/287/1171 967/290/1171 971/288/1171
f 967/290/1172 966/287/1172 972/289/1172
f 967/290/1173 968/291/1173 971/288/1173
f 968/291/1174 967/290/1174 972/289/1174
f 968/291/1175 969/290/1175 971/288/1175
f 969/290/1176 968/291/1176 972/289/1176
f 969/290/1177 970/287/1177 971/288/1177
f 970/287/1178 969/290/1178 972/289/1178
f 970/287/1179 965/286/1179 971/288/1179
f 965/286/1180 970/287/1180 972/289/1180
f 973/286/1181 974/287/1181 979/288/1181
f 974/287/1182 973/286/1182 980/289/1182
f 974/287/1183 975/290/1183 979/288/1183
f 975/290/1184 974/287/1184 980/289/1184
f 975/290/1185 976/291/1185 979/288/1185
f 976/291/1186 975/290/1186 980/289/1186
f 976/291/1187 977/290/1187 979/288/1187
f 977/290/1188 976/291/1188 980/289/1188
f 977/290/1189 978/287/1189 979/288/1189
f 978/287/1190 977/290/1190 980/289/1190
f 978/287/1191 973/286/1191 979/288/1191
f 973/286/1192 978/287/1192 980/289/1192
f 981/292/1193 982/293/1193 987/294/1193
f 982/293/1194 981/292/1194 988/295/1194
f 982/293/1195 983/296/1195 987/294/1195
f 983/296/1196 982/293/1196 988/295/1196
f 983/296/1197 984/297/1197 987/294/1197
f 984/297/1198 983/296/1198 988/295/1198
f 984/297/1199 985/296/1199 987/294/1199
f 985/296/1200 984/297/1200 988/295/1200
f 985/296/1201 986/293/1201 987/294/1201
f 986/293/1202 985/296/1202 988/295/1202
f 986/293/1203 981/292/1203 987/294/1203
f 981/292/1204 986/293/1204 988/295/1204
f 989/292/1205 990/293/1205 995/294/1205
f 990/293/1206 989/292/1206 996/295/1206
f 990/293/1207 991/296/1207 995/294/1207
f 991/296/1208 990/293/1208 996/295/1208
f 991/296/1209 992/297/1209 995/294/1209
f 992/297/1210 991/296/1210 996/295/1210
f 992/297/1211 993/296/1211 995/294/1211
f 993/296/1212 992/297/1212 996/295/1212
f 993/296/1213 994/293/1213 995/294/1213
f 994/293/1214 993/296/1214 996/295/1214
f 994/293/1215 989/292/1215 995/294/1215
f 989/292/1216 994/293/1216 996/295/1216
f 997/298/1217 998/299/1217 1003/300/1217
f 998/299/1218 997/298/1218 1004/301/1218
f 998/299/1219 999/302/1219 1003/300/1219
f 999/302/1220 998/299/1220 1004/301/1220
f 999/302/1221 1000/303/1221 1003/300/1221
f 1000/303/1222 999/302/1222 1004/301/1222
f 1000/303/1223 1001/302/1223 1003/300/1223
f 1001/302/1224 1000/303/1224 1004/301/1224
f 1001/302/1225 1002/299/1225 1003/300/1225
f 1002/299/1226 1001/302/1226 1004/301/1226
f 1002/299/1227 997/298/1227 1003/300/1227
f 997/298/1228 1002/299/1228 1004/301/1228
f 1005/298/1229 1006/299/1229 1011/300/1229
f 1006/299/1230 1005/298/1230 1012/301/1230
f 1006/299/1231 1007/302/1231 1011/300/1231
f 1007/302/1232 1006/299/1232 1012/301/1232
f 1007/302/1233 1008/303/1233 1011/300/1233
f 1008/303/1234 1007/302/1234 1012/301/1234
f 1008/303/1235 1009/302/1235 1011/300/1235
f 1009/302/1236 1008/303/1236 1012/301/1236
f 1009/302/1237 1010/299/1237 1011/300/1237
f 1010/299/1238 1009/302/1238 1012/301/1238
f 1010/299/1239 1005/298/1239 1011/300/1239
f 1005/298/1240 1010/299/1240 1012/301/1240
f 1013/304/1241 1014/305/1241 1019/306/1241
f 1014/305/1242 1013/304/1242 1020/307/1242
f 1014/305/1243 1015/308/1243 1019/306/1243
f 1015/308/1244 1014/305/1244 1020/307/1244
f 1015/308/1245 1016/309/1245 1019/306/1245
f 1016/309/1246 1015/308/1246 1020/307/1246
f 1016/309/1247 1017/308/1247 1019/306/1247
f 1017/308/1248 1016/309/1248 1020/307/1248
f 1017/308/1249 1018/305/1249 1019/306/1249
f 1018/305/1250 1017/308/1250 1020/307/1250
f 1018/305/1251 1013/304/1251 1019/306/1251
f 1013/304/1252 1018/305/1252 1020/307/1252
f 1021/304/1253 1022/305/1253 1027/306/1253
f 1022/305/1254 1021/304/1254 1028/307/1254
f 1022/305/1255 1023/308/1255 1027/306/1255
f 1023/308/1256 1022/305/1256 1028/307/1256
f 1023/308/1257 1024/309/1257 1027/306/1257
f 1024/309/1258 1023/308/1258 1028/307/1258
f 1024/309/1259 1025/308/1259 1027/306/1259
f 1025/308/1260 1024/309/1260 1028/307/1260
f 1025/308/1261 1026/305/1261 1027/306/1261
f 1026/305/1262 1025/308/1262 1028/307/1262
f 1026/305/1263 1021/304/1263 1027/306/1263
f 1021/304/1264 1026/305/1264 1028/307/1264
f 1029/310/1265 1030/311/1265 1035/312/1265
f 1030/311/1266 1029/310/1266 1036/313/1266
f 1030/311/1267 1031/314/1267 1035/312/1267
f 1031/314/1268 1030/311/1268 1036/313/1268
f 1031/314/1269 1032/315/1269 1035/312/1269
f 1032/315/1270 1031/314/1270 1036/313/1270
f 1032/315/1271 1033/314/1271 1035/312/1271
f 1033/314/1272 1032/315/1272 1036/313/1272
f 1033/314/1273 1034/311/1273 1035/312/1273
f 1034/311/1274 1033/314/1274 1036/313/1274
f 1034/311/1275 1029/310/1275 1035/312/1275
f 1029/310/1276 1034/311/1276 1036/313/1276
f 1037/310/1277 1038/311/1277 1043/312/1277
f 1038/311/1278 1037/310/1278 1044/313/1278
f 1038/311/1279 1039/316/1279 1043/312/1279
f 1039/316/1280 1038/311/1280 1044/313/1280
f 1039/316/1281 1040/315/1281 1043/312/1281
f 1040/315/1282 1039/316/1282 1044/313/1282
f 1040/315/1283 1041/316/1283 1043/312/1283
f 1041/316/1284 1040/315/1284 1044/313/1284
f 1041/316/1285 1042/311/1285 1043/312/1285
f 1042/311/1286 1041/316/1286 1044/313/1286
f 1042/311/1287 1037/310/1287 1043/312/1287
f 1037/310/1288 1042/311/1288 1044/313/1288
f 1045/317/1289 1046/318/1289 1051/319/1289
f 1046/318/1290 1045/317/1290 1052/320/1290
f 1046/318/1291 1047/321/1291 1051/319/1291
f 1047/321/1292 1046/318/1292 1052/320/1292
f 1047/321/1293 1048/322/1293 1051/319/1293
f 1048/322/1294 1047/321/1294 1052/320/1294
f 1048/322/1295 1049/321/1295 1051/319/1295
f 1049/321/1296 1048/322/1296 1052/320/1296
f 1049/321/1297 1050/318/1297 1051/319/1297
f 1050/318/1298 1049/321/1298 1052/320/1298
f 1050/318/1299 1045/317/1299 1051/319/1299
f 1045/317/1300 1050/318/1300 1052/320/1300
f 1053/317/1301 1054/318/1301 1059/319/1301
f 1054/318/1302 1053/317/1302 1060/320/1302
f 1054/318/1303 1055/321/1303 1059/319/1303
f 1055/321/1304 1054/318/1304 1060/320/1304
f 1055/321/1305 1056/322/1305 1059/319/1305
f 1056/322/1306 1055/321/1306 1060/320/1306
f 1056/322/1307 1057/321/1307 1059/319/1307
f 1057/321/1308 1056/322/1308 1060/320/1308
f 1057/321/1309 1058/318/1309 1059/319/1309
f 1058/318/1310 1057/321/1310 1060/320/1310
f 1058/318/1311 1053/317/1311 1059/319/1311
f 1053/317/1312 1058/318/1312 1060/320/1312
f 1061/323/1313 1062/324/1313 1067/325/1313
f 1062/324/1314 1061/323/1314 1068/326/1314
f 1062/324/1315 1063/327/1315 1067/325/1315
f 1063/327/1316 1062/324/1316 1068/326/1316
f 1063/327/1317 1064/328/1317 1067/325/1317
f 1064/328/1318 1063/327/1318 1068/326/1318
f 1064/328/1319 1065/327/1319 1067/325/1319
f 1065/327/1320 1064/328/1320 1068/326/1320
f 1065/327/1321 1066/324/1321 1067/325/1321
f 1066/324/1322 1065/327/1322 1068/326/1322
f 1066/324/1323 1061/323/1323 1067/325/1323
f 1061/323/1324 1066/324/1324 1068/326/1324
f 1069/323/1325 1070/324/1325 1075/325/1325
f 1070/324/1326 1069/323/1326 1076/326/1326
f 1070/324/1327 1071/327/1327 1075/325/1327
f 1071/327/1328 1070/324/1328 1076/326/1328
f 1071/327/1329 1072/328/1329 1075/325/1329
f 1072/328/1330 1071/327/1330 1076/326/1330
f 1072/328/1331 1073/327/1331 1075/325/1331
f 1073/327/1332 1072/328/1332 1076/326/1332
f 1073/327/1333 1074/324/1333 1075/325/1333
f 1074/324/1334 1073/327/1334 1076/326/1334
f 1074/324/1335 1069/323/1335 1075/325/1335
f 1069/323/1336 1074/324/1336 1076/326/1336
f 1077/329/1337 1078/330/1337 1083/331/1337
f 1078/330/1338 1077/329/1338 1084/332/1338
f 1078/330/1339 1079/333/1339 1083/331/1339
f 1079/333/1340 1078/330/1340 1084/332/1340
f 1079/333/1341 1080/334/1341 1083/331/1341
f 1080/334/1342 1079/333/1342 1084/332/1342
f 1080/334/1343 1081/333/1343 1083/331/1343
f 1081/333/1344 1080/334/1344 1084/332/1344
f 1081/333/1345 1082/330/1345 1083/331/1345
f 1082/330/1346 1081/333/1346 1084/332/1346
f 1082/330/1347 1077/329/1347 1083/331/1347
f 1077/329/1348 1082/330/1348 1084/332/1348
f 1085/329/1349 1086/330/1349 1091/331/1349
f 1086/330/1350 1085/329/1350 1092/332/1350
f 1086/330/1351 1087/333/1351 1091/331/1351
f 1087/333/1352 1086/330/1352 1092/332/1352
f 1087/333/1353 1088/334/1353 1091/331/1353
f 1088/334/1354 1087/333/1354 1092/332/1354
f 1088/334/1355 1089/333/1355 1091/331/1355
f 1089/333/1356 1088/334/1356 1092/332/1356
f 1089/333/1357 1090/330/1357 1091/331/1357
f 1090/330/1358 1089/333/1358 1092/332/1358
f 1090/330/1359 1085/329/1359 1091/331/1359
f 1085/329/1360 1090/330/1360 1092/332/1360
f 1093/335/1361 1094/336/1361 1099/337/1361
f 1094/336/1362 1093/335/1362 1100/338/1362
f 1094/336/1363 1095/339/1363 1099/337/1363
f 1095/339/1364 1094/336/1364 1100/338/1364
f 1095/339/1365 1096/340/1365 1099/337/1365
f 1096/340/1366 1095/339/1366 1100/338/1366
f 1096/340/1367 1097/339/1367 1099/337/1367
f 1097/339/1368 1096/340/1368 1100/338/1368
f 1097/339/1369 1098/336/1369 1099/337/1369
f 1098/336/1370 1097/339/1370 1100/338/1370
f 1098/336/1371 1093/335/1371 1099/337/1371
f 1093/335/1372 1098/336/1372 1100/338/1372
f 1101/335/1373 1102/336/1373 1107/337/1373
f 1102/336/1374 1101/335/1374 1108/338/1374
f 1102/336/1375 1103/339/1375 1107/337/1375
f 1103/339/1376 1102/336/1376 1108/338/1376
f 1103/339/1377 1104/340/1377 1107/337/1377
f 1104/340/1378 1103/339/1378 1108/338/1378
f 1104/340/1379 1105/339/1379 1107/337/1379
f 1105/339/1380 1104/340/1380 1108/338/1380
f 1105/339/1381 1106/336/1381 1107/337/1381
f 1106/336/1382 1105/339/1382 1108/338/1382
f 1106/336/1383 1101/335/1383 1107/337/1383
f 1101/335/1384 1106/336/1384 1108/338/1384
f 1109/341/1385 1110/342/1385 1115/343/1385
f 1110/342/1386 1109/341/1386 1116/344/1386
f 1110/342/1387 1111/345/1387 1115/343/1387
f 1111/345/1388 1110/342/1388 1116/344/1388
f 1111/345/1389 1112/346/1389 1115/343/1389
f 1112/346/1390 1111/345/1390 1116/344/1390
f 1112/346/1391 1113/345/1391 1115/343/1391
f 1113/345/1392 1112/346/1392 1116/344/1392
f 1113/345/1393 1114/342/1393 1115/343/1393
f 1114/342/1394 1113/345/1394 1116/344/1394
f 1114/342/1395 1109/341/1395 1115/343/1395
f 1109/341/1396 1114/342/1396 1116/344/1396
f 1117/341/1397 1118/342/1397 1123/343/1397
f 1118/342/1398 1117/341/1398 1124/344/1398
f 1118/342/1399 1119/345/1399 1123/343/1399
f 1119/345/1400 1118/342/1400 1124/344/1400
f 1119/345/1401 1120/346/1401 1123/343/1401
f 1120/346/1402 1119/345/1402 1124/344/1402
f 1120/346/1403 1121/345/1403 1123/343/1403
f 1121/345/1404 1120/346/1404 1124/344/1404
f 1121/345/1405 1122/342/1405 1123/343/1405
f 1122/342/1406 1121/345/1406 1124/344/1406
f 1122/342/1407 1117/341/1407 1123/343/1407
f 1117/341/1408 1122/342/1408 1124/344/1408
f 1125/347/1409 1126/348/1409 1131/349/1409
f 1126/348/1410 1125/347/1410 1132/350/1410
f 1126/348/1411 1127/351/1411 1131/349/1411
f 1127/351/1412 1126/348/1412 1132/350/1412
f 1127/351/1413 1128/352/1413 1131/349/1413
f 1128/352/1414 1127/351/1414 1132/350/1414
f 1128/352/1415 1129/351/1415 1131/349/1415
f 1129/351/1416 1128/352/1416 1132/350/1416
f 1129/351/1417 1130/348/1417 1131/349/1417
f 1130/348/1418 1129/351/1418 1132/350/1418
f 1130/348/1419 1125/347/1419 1131/349/1419
f 1125/347/1420 1130/348/1420 1132/350/1420
f 1133/347/1421 1134/348/1421 1139/349/1421
f 1134/348/1422 1133/347/1422 1140/350/1422
f 1134/348/1423 1135/351/1423 1139/349/1423
f 1135/351/1424 1134/348/1424 1140/350/1424
f 1135/351/1425 1136/352/1425 1139/349/1425
f 1136/352/1426 1135/351/1426 1140/350/1426
f 1136/352/1427 1137/351/1427 1139/349/1427
f 1137/351/1428 1136/352/1428 1140/350/1428
f 1137/351/1429 1138/348/1429 1139/349/1429
f 1138/348/1430 1137/351/1430 1140/350/1430
f 1138/348/1431 1133/347/1431 1139/349/1431
f 1133/347/1432 1138/348/1432 1140/350/1432
f 1141/353/1433 1142/354/1433 1147/355/1433
f 1142/354/1434 1141/353/1434 1148/356/1434
f 1142/354/1435 1143/357/1435 1147/355/1435
f 1143/357/1436 1142/354/1436 1148/356/1436
f 1143/357/1437 1144/358/1437 1147/355/1437
f 1144/358/1438 1143/357/1438 1148/356/1438
f 1144/358/1439 1145/357/1439 1147/355/1439
f 1145/357/1440 1144/358/1440 1148/356/1440
f 1145/357/1441 1146/354/1441 1147/355/1441
f 1146/354/1442 1145/357/1442 1148/356/1442
f 1146/354/1443 1141/353/1443 1147/355/1443
f 1141/353/1444 1146/354/1444 1148/356/1444
f 1149/353/1445 1150/354/1445 1155/355/1445
f 1150/354/1446 1149/353/1446 1156/356/1446
f 1150/354/1447 1151/357/1447 1155/355/1447
f 1151/357/1448 1150/354/1448 1156/356/1448
f 1151/357/1449 1152/358/1449 1155/355/1449
f 1152/358/1450 1151/357/1450 1156/356/1450
f 1152/358/1451 1153/357/1451 1155/355/1451
f 1153/357/1452 1152/358/1452 1156/356/1452
f 1153/357/1453 1154/354/1453 1155/355/1453
f 1154/354/1454 1153/357/1454 1156/356/1454
f 1154/354/1455 1149/353/1455 1155/355/1455
f 1149/353/1456 1154/354/1456 1156/356/1456
f 1157/359/1457 1158/360/1457 1163/361/1457
f 1158/360/1458 1157/359/1458 1164/362/1458
f 1158/360/1459 1159/363/1459 1163/361/1459
f 1159/363/1460 1158/360/1460 1164/362/1460
f 1159/363/1461 1160/364/1461 1163/361/1461
f 1160/364/1462 1159/363/1462 1164/362/1462
f 1160/364/1463 1161/363/1463 1163/361/1463
f 1161/363/1464 1160/364/1464 1164/362/1464
f 1161/363/1465 1162/360/1465 1163/361/1465
f 1162/360/1466 1161/363/1466 1164/362/1466
f 1162/360/1467 1157/359/1467 1163/361/1467
f 1157/359/1468 1162/360/1468 1164/362/1468
f 1165/359/1469 1166/360/1469 1171/361/1469
f 1166/360/1470 1165/359/1470 1172/362/1470
f 1166/360/1471 1167/363/1471 1171/361/1471
f 1167/363/1472 1166/360/1472 1172/362/1472
f 1167/363/1473 1168/364/1473 1171/361/1473
f 1168/364/1474 1167/363/1474 1172/362/1474
f 1168/364/1475 1169/363/1475 1171/361/1475
f 1169/363/1476 1168/364/1476 1172/362/1476
f 1169/363/1477 1170/360/1477 1171/361/1477
f 1170/360/1478 1169/363/1478 1172/362/1478
f 1170/360/1479 1165/359/1479 1171/361/1479
f 1165/359/1480 1170/360/1480 1172/362/1480
f 1173/365/1481 1174/366/1481 1179/367/1481
f 1174/366/1482 1173/365/1482 1180/368/1482
f 1174/366/1483 1175/369/1483 1179/367/1483
f 1175/369/1484 1174/366/1484 1180/368/1484
f 1175/369/1485 1176/370/1485 1179/367/1485
f 1176/370/1486 1175/369/1486 1180/368/1486
f 1176/370/1487 1177/369/1487 1179/367/1487
f 1177/369/1488 1176/370/1488 1180/368/1488
f 1177/369/1489 1178/366/1489 1179/367/1489
f 1178/366/1490 1177/369/1490 1180/368/1490
f 1178/366/1491 1173/365/1491 1179/367/1491
f 1173/365/1492 1178/366/1492 1180/368/1492
f 1181/365/1493 1182/366/1493 1187/367/1493
f 1182/366/1494 1181/365/1494 1188/368/1494
f 1182/366/1495 1183/371/1495 1187/367/1495
f 1183/371/1496 1182/366/1496 1188/368/1496
f 1183/371/1497 1184/370/1497 1187/367/1497
f 1184/370/1498 1183/371/1498 1188/368/1498
f 1184/370/1499 1185/371/1499 1187/367/1499
f 1185/371/1500 1184/370/1500 1188/368/1500
f 1185/371/1501 1186/366/1501 1187/367/1501
f 1186/366/1502 1185/371/1502 1188/368/1502
f 1186/366/1503 1181/365/1503 1187/367/1503
f 1181/365/1504 1186/366/1504 1188/368/1504
f 1189/372/1505 1190/373/1505 1195/374/1505
f 1190/373/1506 1189/372/1506 1196/375/1506
f 1190/373/1507 1191/376/1507 1195/374/1507
f 1191/376/1508 1190/373/1508 1196/375/1508
f 1191/376/1509 1192/377/1509 1195/374/1509
f 1192/377/1510 1191/376/1510 1196/375/1510
f 1192/377/1511 1193/376/1511 1195/374/1511
f 1193/376/1512 1192/377/1512 1196/375/1512
f 1193/376/1513 1194/373/1513 1195/374/1513
f 1194/373/1514 1193/376/1514 1196/375/1514
f 1194/373/1515 1189/372/1515 1195/374/1515
f 1189/372/1516 1194/373/1516 1196/375/1516
f 1197/372/1517 1198/373/1517 1203/374/1517
f 1198/373/1518 1197/372/1518 1204/375/1518
f 1198/373/1519 1199/376/1519 1203/374/1519
f 1199/376/1520 1198/373/1520 1204/375/1520
f 1199/376/1521 1200/377/1521 1203/374/1521
f 1200/377/1522 1199/376/1522 1204/375/1522
f 1200/377/1523 1201/376/1523 1203/374/1523
f 1201/376/1524 1200/377/1524 1204/375/1524
f 1201/376/1525 1202/373/1525 1203/374/1525
f 1202/373/1526 1201/376/1526 1204/375/1526
f 1202/373/1527 1197/372/1527 1203/374/1527
f 1197/372/1528 1202/373/1528 1204/375/1528
f 1205/378/1529 1206/379/1529 1211/380/1529
f 1206/379/1530 1205/378/1530 1212/381/1530
f 1206/379/1531 1207/382/1531 1211/380/1531
f 1207/382/1532 1206/379/1532 1212/381/1532
f 1207/382/1533 1208/383/1533 1211/380/1533
f 1208/383/1534 1207/382/1534 1212/381/1534
f 1208/383/1535 1209/382/1535 1211/380/1535
f 1209/382/1536 1208/383/1536 1212/381/1536
f 1209/382/1537 1210/379/1537 1211/380/1537
f 1210/379/1538 1209/382/1538 1212/381/1538
f 1210/379/1539 1205/378/1539 1211/380/1539
f 1205/378/1540 1210/379/1540 1212/381/1540
f 1213/378/1541 1214/379/1541 1219/380/1541
f 1214/379/1542 1213/378/1542 1220/381/1542
f 1214/379/1543 1215/382/1543 1219/380/1543
f 1215/382/1544 1214/379/1544 1220/381/1544
f 1215/382/1545 1216/383/1545 1219/380/1545
f 1216/383/1546 1215/382/1546 1220/381/1546
f 1216/383/1547 1217/382/1547 1219/380/1547
f 1217/382/1548 1216/383/1548 1220/381/1548
f 1217/382/1549 1218/379/1549 1219/380/1549
f 1218/379/1550 1217/382/1550 1220/381/1550
f 1218/379/1551 1213/378/1551 1219/380/1551
f 1213/378/1552 1218/379/1552 1220/381/1552
f 1221/384/1553 1222/385/1553 1227/386/1553
f 1222/385/1554 1221/384/1554 1228/387/1554
f 1222/385/1555 1223/388/1555 1227/386/1555
f 1223/388/1556 1222/385/1556 1228/387/1556
f 1223/388/1557 1224/389/1557 1227/386/1557
f 1224/389/1558 1223/388/1558 1228/387/1558
f 1224/389/1559 1225/388/1559 1227/386/1559
f 1225/388/1560 1224/389/1560 1228/387/1560
f 1225/388/1561 1226/385/1561 1227/386/1561
f 1226/385/1562 1225/388/1562 1228/387/1562
f 1226/385/1563 1221/384/1563 1227/386/1563
f 1221/384/1564 1226/385/1564 1228/387/1564
f 1229/384/1565 1230/385/1565 1235/386/1565
f 1230/385/1566 1229/384/1566 1236/387/1566
f 1230/385/1567 1231/388/1567 1235/386/1567
f 1231/388/1568 1230/385/1568 1236/387/1568
f 1231/388/1569 1232/389/1569 1235/386/1569
f 1232/389/1570 1231/388/1570 1236/387/1570
f 1232/389/1571 1233/388/1571 1235/386/1571
f 1233/388/1572 1232/389/1572 1236/387/1572
f 1233/388/1573 1234/385/1573 1235/386/1573
f 1234/385/1574 1233/388/1574 1236/387/1574
f 1234/385/1575 1229/384/1575 1235/386/1575
f 1229/384/1576 1234/385/1576 1236/387/1576
f 1237/390/1577 1238/391/1577 1243/392/1577
f 1238/391/1578 1237/390/1578 1244/393/1578
f 1238/391/1579 1239/394/1579 1243/392/1579
f 1239/394/1580 1238/391/1580 1244/393/1580
f 1239/394/1581 1240/395/1581 1243/392/1581
f 1240/395/1582 1239/394/1582 1244/393/1582
f 1240/395/1583 1241/394/1583 1243/392/1583
f 1241/394/1584 1240/395/1584 1244/393/1584
f 1241/394/1585 1242/391/1585 1243/392/1585
f 1242/391/1586 1241/394/1586 1244/393/1586
f 1242/391/1587 1237/390/1587 1243/392/1587
f 1237/390/1588 1242/391/1588 1244/393/1588
f 1245/390/1589 1246/391/1589 1251/392/1589
f 1246/391/1590 1245/390/1590 1252/393/1590
f 1246/391/1591 1247/394/1591 1251/392/1591
f 1247/394/1592 1246/391/1592 1252/393/1592
f 1247/394/1593 1248/395/1593 1251/392/1593
f 1248/395/1594 1247/394/1594 1252/393/1594
f 1248/395/1595 1249/394/1595 1251/392/1595
f 1249/394/1596 1248/395/1596 1252/393/1596
f 1249/394/1597 1250/391/1597 1251/392/1597
f 1250/391/1598 1249/394/1598 1252/393/1598
f 1250/391/1599 1245/390/1599 1251/392/1599
f 1245/390/1600 1250/391/1600 1252/393/1600
f 1253/396/1601 1254/397/1601 1259/398/1601
f 1254/397/1602 1253/396/1602 1260/399/1602
f 1254/397/1603 1255/400/1603 1259/398/1603
f 1255/400/1604 1254/397/1604 1260/399/1604
f 1255/400/1605 1256/401/1605 1259/398/1605
f 1256/401/1606 1255/400/1606 1260/399/1606
f 1256/401/1607 1257/400/1607 1259/398/1607
f 1257/400/1608 1256/401/1608 1260/399/1608
f 1257/400/1609 1258/397/1609 1259/398/1609
f 1258/397/1610 1257/400/1610 1260/399/1610
f 1258/397/1611 1253/396/1611 1259/398/1611
f 1253/396/1612 1258/397/1612 1260/399/1612
f 1261/396/1613 1262/397/1613 1267/398/1613
f 1262/397/1614 1261/396/1614 1268/399/1614
f 1262/397/1615 1263/400/1615 1267/398/1615
f 1263/400/1616 1262/397/1616 1268/399/1616
f 1263/400/1617 1264/401/1617 1267/398/1617
f 1264/401/1618 1263/400/1618 1268/399/1618
f 1264/401/1619 1265/400/1619 1267/398/1619
f 1265/400/1620 1264/401/1620 1268/399/1620
f 1265/400/1621 1266/397/1621 1267/398/1621
f 1266/397/1622 1265/400/1622 1268/399/1622
f 1266/397/1623 1261/396/1623 1267/398/1623
f 1261/396/1624 1266/397/1624 1268/399/1624
f 1269/402/1625 1270/403/1625 1275/404/1625
f 1270/403/1626 1269/402/1626 1276/405/1626
f 1270/403/1627 1271/406/1627 1275/404/1627
f 1271/406/1628 1270/403/1628 1276/405/1628
f 1271/406/1629 1272/407/1629 1275/404/1629
f 1272/407/1630 1271/406/1630 1276/405/1630
f 1272/407/1631 1273/406/1631 1275/404/1631
f 1273/406/1632 1272/407/1632 1276/405/1632
f 1273/406/1633 1274/403/1633 1275/404/1633
f 1274/403/1634 1273/406/1634 1276/405/1634
f 1274/403/1635 1269/402/1635 1275/404/1635
f 1269/402/1636 1274/403/1636 1276/405/1636
f 1277/402/1637 1278/403/1637 1283/404/1637
f 1278/403/1638 1277/402/1638 1284/405/1638
f 1278/403/1639 1279/406/1639 1283/404/1639
f 1279/406/1640 1278/403/1640 1284/405/1640
f 1279/406/1641 1280/407/1641 1283/404/1641
f 1280/407/1642 1279/406/1642 1284/405/1642
f 1280/407/1643 1281/406/1643 1283/404/1643
f 1281/406/1644 1280/407/1644 1284/405/1644
f 1281/406/1645 1282/403/1645 1283/404/1645
f 1282/403/1646 1281/406/1646 1284/405/1646
f 1282/403/1647 1277/402/1647 1283/404/1647
f 1277/402/1648 1282/403/1648 1284/405/1648
f 1285/408/1649 1286/409/1649 1291/410/1649
f 1286/409/1650 1285/408/1650 1292/411/1650
f 1286/409/1651 1287/412/1651 1291/410/1651
f 1287/412/1652 1286/409/1652 1292/411/1652
f 1287/412/1653 1288/413/1653 1291/410/1653
f 1288/413/1654 1287/412/1654 1292/411/1654
f 1288/413/1655 1289/412/1655 1291/410/1655
f 1289/412/1656 1288/413/1656 1292/411/1656
f 1289/412/1657 1290/409/1657 1291/410/1657
f 1290/409/1658 1289/412/1658 1292/411/1658
f 1290/409/1659 1285/408/1659 1291/410/1659
f 1285/408/1660 1290/409/1660 1292/411/1660
f 1293/408/1661 1294/409/1661 1299/410/1661
f 1294/409/1662 1293/408/1662 1300/411/1662
f 1294/409/1663 1295/412/1663 1299/410/1663
f 1295/412/1664 1294/409/1664 1300/411/1664
f 1295/412/1665 1296/413/1665 1299/410/1665
f 1296/413/1666 1295/412/1666 1300/411/1666
f 1296/413/1667 1297/412/1667 1299/410/1667
f 1297/412/1668 1296/413/1668 1300/411/1668
f 1297/412/1669 1298/409/1669 1299/410/1669
f 1298/409/1670 1297/412/1670 1300/411/1670
f 1298/409/1671 1293/408/1671 1299/410/1671
f 1293/408/1672 1298/409/1672 1300/411/1672
f 1301/414/1673 1302/415/1673 1307/416/1673
f 1302/415/1674 1301/414/1674 1308/417/1674
f 1302/415/1675 1303/418/1675 1307/416/1675
f 1303/418/1676 1302/415/1676 1308/417/1676
f 1303/418/1677 1304/419/1677 1307/416/1677
f 1304/419/1678 1303/418/1678 1308/417/1678
f 1304/419/1679 1305/418/1679 1307/416/1679
f 1305/418/1680 1304/419/1680 1308/417/1680
f 1305/418/1681 1306/415/1681 1307/416/1681
f 1306/415/1682 1305/418/1682 1308/417/1682
f 1306/415/1683 1301/414/1683 1307/416/1683
f 1301/414/1684 1306/415/1684 1308/417/1684
f 1309/414/1685 1310/415/1685 1315/416/1685
f 1310/415/1686 1309/414/1686 1316/417/1686
f 1310/415/1687 1311/418/1687 1315/416/1687
f 1311/418/1688 1310/415/1688 1316/417/1688
f 1311/418/1689 1312/419/1689 1315/416/1689
f 1312/419/1690 1311/418/1690 1316/417/1690
f 1312/419/1691 1313/418/1691 1315/416/1691
f 1313/418/1692 1312/419/1692 1316/417/1692
f 1313/418/1693 1314/415/1693 1315/416/1693
f 1314/415/1694 1313/418/1694 1316/417/1694
f 1314/415/1695 1309/414/1695 1315/416/1695
f 1309/414/1696 1314/415/1696 1316/417/1696
f 1317/420/1697 1318/421/1697 1323/422/1697
f 1318/421/1698 1317/420/1698 1324/423/1698
f 1318/421/1699 1319/424/1699 1323/422/1699
f 1319/424/1700 1318/421/1700 1324/423/1700
f 1319/424/1701 1320/425/1701 1323/422/1701
f 1320/425/1702 1319/424/1702 1324/423/1702
f 1320/425/1703 1321/424/1703 1323/422/1703
f 1321/424/1704 1320/425/1704 1324/423/1704
f 1321/424/1705 1322/421/1705 1323/422/1705
f 1322/421/1706 1321/424/1706 1324/423/1706
f 1322/421/1707 1317/420/1707 1323/422/1707
f 1317/420/1708 1322/421/1708 1324/423/1708
f 1325/420/1709 1326/421/1709 1331/422/1709
f 1326/421/1710 1325/420/1710 1332/423/1710
f 1326/421/1711 1327/424/1711 1331/422/1711
f 1327/424/1712 1326/421/1712 1332/423/1712
f 1327/424/1713 1328/425/1713 1331/422/1713
f 1328/425/1714 1327/424/1714 1332/423/1714
f 1328/425/1715 1329/424/1715 1331/422/1715
f 1329/424/1716 1328/425/1716 1332/423/1716
f 1329/424/1717 1330/421/1717 1331/422/1717
f 1330/421/1718 1329/424/1718 1332/423/1718
f 1330/421/1719 1325/420/1719 1331/422/1719
f 1325/420/1720 1330/421/1720 1332/423/1720
f 1333/426/1721 1334/427/1721 1339/428/1721
f 1334/427/1722 1333/426/1722 1340/429/1722
f 1334/427/1723 1335/430/1723 1339/428/1723
f 1335/430/1724 1334/427/1724 1340/429/1724
f 1335/430/1725 1336/431/1725 1339/428/1725
f 1336/431/1726 1335/430/1726 1340/429/1726
f 1336/431/1727 1337/430/1727 1339/428/1727
f 1337/430/1728 1336/431/1728 1340/429/1728
f 1337/430/1729 1338/427/1729 1339/428/1729
f 1338/427/1730 1337/430/1730 1340/429/1730
f 1338/427/1731 1333/426/1731 1339/428/1731
f 1333/426/1732 1338/427/1732 1340/429/1732
f 1341/426/1733 1342/427/1733 1347/428/1733
f 1342/427/1734 1341/426/1734 1348/429/1734
f 1342/427/1735 1343/430/1735 1347/428/1735
f 1343/430/1736 1342/427/1736 1348/429/1736
f 1343/430/1737 1344/431/1737 1347/428/1737
f 1344/431/1738 1343/430/1738 1348/429/1738
f 1344/431/1739 1345/430/1739 1347/428/1739
f 1345/430/1740 1344/431/1740 1348/429/1740
f 1345/430/1741 1346/427/1741 1347/428/1741
f 1346/427/1742 1345/430/1742 1348/429/1742
f 1346/427/1743 1341/426/1743 1347/428/1743
f 1341/426/1744 1346/427/1744 1348/429/1744
f 1349/432/1745 1350/433/1745 1355/434/1745
f 1350/433/1746 1349/432/1746 1356/435/1746
f 1350/433/1747 1351/436/1747 1355/434/1747
f 1351/436/1748 1350/433/1748 1356/435/1748
f 1351/436/1749 1352/437/1749 1355/434/1749
f 1352/437/1750 1351/436/1750 1356/435/1750
f 1352/437/1751 1353/436/1751 1355/434/1751
f 1353/436/1752 1352/437/1752 1356/435/1752
f 1353/436/1753 1354/433/1753 1355/434/1753
f 1354/433/1754 1353/436/1754 1356/435/1754
f 1354/433/1755 1349/432/1755 1355/434/1755
f 1349/432/1756 1354/433/1756 1356/435/1756
f 1357/432/1757 1358/433/1757 1363/434/1757
f 1358/433/1758 1357/432/1758 1364/435/1758
f 1358/433/1759 1359/436/1759 1363/434/1759
f 1359/436/1760 1358/433/1760 1364/435/1760
f 1359/436/1761 1360/437/1761 1363/434/1761
f 1360/437/1762 1359/436/1762 1364/435/1762
f 1360/437/1763 1361/436/1763 1363/434/1763
f 1361/436/1764 1360/437/1764 1364/435/1764
f 1361/436/1765 1362/433/1765 1363/434/1765
f 1362/433/1766 1361/436/1766 1364/435/1766
f 1362/433/1767 1357/432/1767 1363/434/1767
f 1357/432/1768 1362/433/1768 1364/435/1768
f 1365/438/1769 1366/439/1769 1371/440/1769
f 1366/439/1770 1365/438/1770 1372/441/1770
f 1366/439/1771 1367/442/1771 1371/440/1771
f 1367/442/1772 1366/439/1772 1372/441/1772
f 1367/442/1773 1368/443/1773 1371/440/1773
f 1368/443/1774 1367/442/1774 1372/441/1774
f 1368/443/1775 1369/442/1775 1371/440/1775
f 1369/442/1776 1368/443/1776 1372/441/1776
f 1369/442/1777 1370/439/1777 1371/440/1777
f 1370/439/1778 1369/442/1778 1372/441/1778
f 1370/439/1779 1365/438/1779 1371/440/1779
f 1365/438/1780 1370/439/1780 1372/441/1780
f 1373/438/1781 1374/439/1781 1379/440/1781
f 1374/439/1782 1373/438/1782 1380/441/1782
f 1374/439/1783 1375/442/1783 1379/440/1783
f 1375/442/1784 1374/439/1784 1380/441/1784
f 1375/442/1785 1376/443/1785 1379/440/1785
f 1376/443/1786 1375/442/1786 1380/441/1786
f 1376/443/1787 1377/442/1787 1379/440/1787
f 1377/442/1788 1376/443/1788 1380/441/1788
f 1377/442/1789 1378/439/1789 1379/440/1789
f 1378/439/1790 1377/442/1790 1380/441/1790
f 1378/439/1791 1373/438/1791 1379/440/1791
f 1373/438/1792 1378/439/1792 1380/441/1792
f 1381/444/1793 1382/445/1793 1387/446/1793
f 1382/445/1794 1381/444/1794 1388/447/1794
f 1382/445/1795 1383/448/1795 1387/446/1795
f 1383/448/1796 1382/445/1796 1388/447/1796
f 1383/448/1797 1384/449/1797 1387/446/1797
f 1384/449/1798 1383/448/1798 1388/447/1798
f 1384/449/1799 1385/448/1799 1387/446/1799
f 1385/448/1800 1384/449/1800 1388/447/1800
f 1385/448/1801 1386/445/1801 1387/446/1801
f 1386/445/1802 1385/448/1802 1388/447/1802
f 1386/445/1803 1381/444/1803 1387/446/1803
f 1381/444/1804 1386/445/1804 1388/447/1804
f 1389/444/1805 1390/445/1805 1395/446/1805
f 1390/445/1806 1389/444/1806 1396/447/1806
f 1390/445/1807 1391/448/1807 1395/446/1807
f 1391/448/1808 1390/445/1808 1396/447/1808
f 1391/448/1809 1392/449/1809 1395/446/1809
f 1392/449/1810 1391/448/1810 1396/447/1810
f 1392/449/1811 1393/448/1811 1395/446/1811
f 1393/448/1812 1392/449/1812 1396/447/1812
f 1393/448/1813 1394/445/1813 1395/446/1813
f 1394/445/1814 1393/448/1814 1396/447/1814
f 1394/445/1815 1389/444/1815 1395/446/1815
f 1389/444/1816 1394/445/1816 1396/447/1816
f 1397/450/1817 1398/451/1817 1403/452/1817
f 1398/451/1818 1397/450/1818 1404/453/1818
f 1398/451/1819 1399/454/1819 1403/452/1819
f 1399/454/1820 1398/451/1820 1404/453/1820
f 1399/454/1821 1400/455/1821 1403/452/1821
f 1400/455/1822 1399/454/1822 1404/453/1822
f 1400/455/1823 1401/454/1823 1403/452/1823
f 1401/454/1824 1400/455/1824 1404/453/1824
f 1401/454/1825 1402/451/1825 1403/452/1825
f 1402/451/1826 1401/454/1826 1404/453/1826
f 1402/451/1827 1397/450/1827 1403/452/1827
f 1397/450/1828 1402/451/1828 1404/453/1828
f 1405/450/1829 1406/451/1829 1411/452/1829
f 1406/451/1830 1405/450/1830 1412/453/1830
f 1406/451/1831 1407/454/1831 1411/452/1831
f 1407/454/1832 1406/451/1832 1412/453/1832
f 1407/454/1833 1408/455/1833 1411/452/1833
f 1408/455/1834 1407/454/1834 1412/453/1834
f 1408/455/1835 1409/454/1835 1411/452/1835
f 1409/454/1836 1408/455/1836 1412/453/1836
f 1409/454/1837 1410/451/1837 1411/452/1837
f 1410/451/1838 1409/454/1838 1412/453/1838
f 1410/451/1839 1405/450/1839 1411/452/1839
f 1405/450/1840 1410/451/1840 1412/453/1840
f 1413/456/1841 1414/457/1841 1419/458/1841
f 1414/457/1842 1413/456/1842 1420/459/1842
f 1414/457/1843 1415/460/1843 1419/458/1843
f 1415/460/1844 1414/457/1844 1420/459/1844
f 1415/460/1845 1416/461/1845 1419/458/1845
f 1416/461/1846 1415/460/1846 1420/459/1846
f 1416/461/1847 1417/460/1847 1419/458/1847
f 1417/460/1848 1416/461/1848 1420/459/1848
f 1417/460/1849 1418/457/1849 1419/458/1849
f 1418/457/1850 1417/460/1850 1420/459/1850
f 1418/457/1851 1413/456/1851 1419/458/1851
f 1413/456/1852 1418/457/1852 1420/459/1852
f 1421/456/1853 1422/457/1853 1427/458/1853
f 1422/457/1854 1421/456/1854 1428/459/1854
f 1422/457/1855 1423/460/1855 1427/458/1855
f 1423/460/1856 1422/457/1856 1428/459/1856
f 1423/460/1857 1424/461/1857 1427/458/1857
f 1424/461/1858 1423/460/1858 1428/459/1858
f 1424/461/1859 1425/460/1859 1427/458/1859
f 1425/460/1860 1424/461/1860 1428/459/1860
f 1425/460/1861 1426/457/1861 1427/458/1861
f 1426/457/1862 1425/460/1862 1428/459/1862
f 1426/457/1863 1421/456/1863 1427/458/1863
f 1421/456/1864 1426/457/1864 1428/459/1864
f 1429/462/1865 1430/463/1865 1435/464/1865
f 1430/463/1866 1429/462/1866 1436/465/1866
f 1430/463/1867 1431/466/1867 1435/464/1867
f 1431/466/1868 1430/463/1868 1436/465/1868
f 1431/466/1869 1432/467/1869 1435/464/1869
f 1432/467/1870 1431/466/1870 1436/465/1870
f 1432/467/1871 1433/466/1871 1435/464/1871
f 1433/466/1872 1432/467/1872 1436/465/1872
f 1433/466/1873 1434/463/1873 1435/464/1873
f 1434/463/1874 1433/466/1874 1436/465/1874
f 1434/463/1875 1429/462/1875 1435/464/1875
f 1429/462/1876 1434/463/1876 1436/465/1876
f 1437/462/1877 1438/463/1877 1443/464/1877
f 1438/463/1878 1437/462/1878 1444/465/1878
f 1438/463/1879 1439/466/1879 1443/464/1879
f 1439/466/1880 1438/463/1880 1444/465/1880
f 1439/466/1881 1440/467/1881 1443/464/1881
f 1440/467/1882 1439/466/1882 1444/465/1882
f 1440/467/1883 1441/466/1883 1443/464/1883
f 1441/466/1884 1440/467/1884 1444/465/1884
f 1441/466/1885 1442/463/1885 1443/464/1885
f 1442/463/1886 1441/466/1886 1444/465/1886
f 1442/463/1887 1437/462/1887 1443/464/1887
f 1437/462/1888 1442/463/1888 1444/465/1888
f 1445/468/1889 1446/469/1889 1451/470/1889
f 1446/469/1890 1445/468/1890 1452/471/1890
f 1446/469/1891 1447/472/1891 1451/470/1891
f 1447/472/1892 1446/469/1892 1452/471/1892
f 1447/472/1893 1448/473/1893 1451/470/1893
f 1448/473/1894 1447/472/1894 1452/471/1894
f 1448/473/1895 1449/472/1895 1451/470/1895
f 1449/472/1896 1448/473/1896 1452/471/1896
f 1449/472/1897 1450/469/1897 1451/470/1897
f 1450/469/1898 1449/472/1898 1452/471/1898
f 1450/469/1899 1445/468/1899 1451/470/1899
f 1445/468/1900 1450/469/1900 1452/471/1900
f 1453/468/1901 1454/469/1901 1459/470/1901
f 1454/469/1902 1453/468/1902 1460/471/1902
f 1454/469/1903 1455/472/1903 1459/470/1903
f 1455/472/1904 1454/469/1904 1460/471/1904
f 1455/472/1905 1456/473/1905 1459/470/1905
f 1456/473/1906 1455/472/1906 1460/471/1906
f 1456/473/1907 1457/472/1907 1459/470/1907
f 1457/472/1908 1456/473/1908 1460/471/1908
f 1457/472/1909 1458/469/1909 1459/470/1909
f 1458/469/1910 1457/472/1910 1460/471/1910
f 1458/469/1911 1453/468/1911 1459/470/1911
f 1453/468/1912 1458/469/1912 1460/471/1912
f 1461/474/1913 1462/475/1913 1467/476/1913
f 1462/475/1914 1461/474/1914 1468/477/1914
f 1462/475/1915 1463/478/1915 1467/476/1915
f 1463/478/1916 1462/475/1916 1468/477/1916
f 1463/478/1917 1464/479/1917 1467/476/1917
f 1464/479/1918 1463/478/1918 1468/477/1918
f 1464/479/1919 1465/478/1919 1467/476/1919
f 1465/478/1920 1464/479/1920 1468/477/1920
f 1465/478/1921 1466/475/1921 1467/476/1921
f 1466/475/1922 1465/478/1922 1468/477/1922
f 1466/475/1923 1461/474/1923 1467/476/1923
f 1461/474/1924 1466/475/1924 1468/477/1924
f 1469/474/1925 1470/475/1925 1475/476/1925
f 1470/475/1926 1469/474/1926 1476/477/1926
f 1470/475/1927 1471/478/1927 1475/476/1927
f 1471/478/1928 1470/475/1928 1476/477/1928
f 1471/478/1929 1472/479/1929 1475/476/1929
f 1472/479/1930 1471/478/1930 1476/477/1930
f 1472/479/1931 1473/478/1931 1475/476/1931
f 1473/478/1932 1472/479/1932 1476/477/1932
f 1473/478/1933 1474/475/1933 1475/476/1933
f 1474/475/1934 1473/478/1934 1476/477/1934
f 1474/475/1935 1469/474/1935 1475/476/1935
f 1469/474/1936 1474/475/1936 1476/477/1936
f 1477/480/1937 1478/481/1937 1483/482/1937
f 1478/481/1938 1477/480/1938 1484/483/1938
f 1478/481/1939 1479/484/1939 1483/482/1939
f 1479/484/1940 1478/481/1940 1484/483/1940
f 1479/484/1941 1480/485/1941 1483/482/1941
f 1480/485/1942 1479/484/1942 1484/483/1942
f 1480/485/1943 1481/484/1943 1483/482/1943
f 1481/484/1944 1480/485/1944 1484/483/1944
f 1481/484/1945 1482/481/1945 1483/482/1945
f 1482/481/1946 1481/484/1946 1484/483/1946
f 1482/481/1947 1477/480/1947 1483/482/1947
f 1477/480/1948 1482/481/1948 1484/483/1948
f 1485/480/1949 1486/481/1949 1491/482/1949
f 1486/481/1950 1485/480/1950 1492/483/1950
f 1486/481/1951 1487/484/1951 1491/482/1951
f 1487/484/1952 1486/481/1952 1492/483/1952
f 1487/484/1953 1488/485/1953 1491/482/1953
f 1488/485/1954 1487/484/1954 1492/483/1954
f 1488/485/1955 1489/484/1955 1491/482/1955
f 1489/484/1956 1488/485/1956 1492/483/1956
f 1489/484/1957 1490/481/1957 1491/482/1957
f 1490/481/1958 1489/484/1958 1492/483/1958
f 1490/481/1959 1485/480/1959 1491/482/1959
f 1485/480/1960 1490/481/1960 1492/483/1960
f 1493/486/1961 1494/487/1961 1499/488/1961
f 1494/487/1962 1493/486/1962 1500/489/1962
f 1494/487/1963 1495/490/1963 1499/488/1963
f 1495/490/1964 1494/487/1964 1500/489/1964
f 1495/490/1965 1496/491/1965 1499/488/1965
f 1496/491/1966 1495/490/1966 1500/489/1966
f 1496/491/1967 1497/490/1967 1499/488/1967
f 1497/490/1968 1496/491/1968 1500/489/1968
f 1497/490/1969 1498/487/1969 1499/488/1969
f 1498/487/1970 1497/490/1970 1500/489/1970
f 1498/487/1971 1493/486/1971 1499/488/1971
f 1493/486/1972 1498/487/1972 1500/489/1972
f 1501/486/1973 1502/487/1973 1507/488/1973
f 1502/487/1974 1501/486/1974 1508/489/1974
f 1502/487/1975 1503/490/1975 1507/488/1975
f 1503/490/1976 1502/487/1976 1508/489/1976
f 1503/490/1977 1504/491/1977 1507/488/1977
f 1504/491/1978 1503/490/1978 1508/489/1978
f 1504/491/1979 1505/490/1979 1507/488/1979
f 1505/490/1980 1504/491/1980 1508/489/1980
f 1505/490/1981 1506/487/1981 1507/488/1981
f 1506/487/1982 1505/490/1982 1508/489/1982
f 1506/487/1983 1501/486/1983 1507/488/1983
f 1501/486/1984 1506/487/1984 1508/489/1984
f 1509/492/1985 1510/493/1985 1515/494/1985
f 1510/493/1986 1509/492/1986 1516/495/1986
f 1510/493/1987 1511/496/1987 1515/494/1987
f 1511/496/1988 1510/493/1988 1516/495/1988
f 1511/496/1989 1512/497/1989 1515/494/1989
f 1512/497/1990 1511/496/1990 1516/495/1990
f 1512/497/1991 1513/496/1991 1515/494/1991
f 1513/496/1992 1512/497/1992 1516/495/1992
f 1513/496/1993 1514/493/1993 1515/494/1993
f 1514/493/1994 1513/496/1994 1516/495/1994
f 1514/493/1995 1509/492/1995 1515/494/1995
f 1509/492/1996 1514/493/1996 1516/495/1996
f 1517/492/1997 1518/493/1997 1523/494/1997
f 1518/493/1998 1517/492/1998 1524/495/1998
f 1518/493/1999 1519/496/1999 1523/494/1999
f 1519/496/2000 1518/493/2000 1524/495/2000
f 1519/496/2001 1520/497/2001 1523/494/2001
f 1520/497/2002 1519/496/2002 1524/495/2002
f 1520/497/2003 1521/496/2003 1523/494/2003
f 1521/496/2004 1520/497/2004 1524/495/2004
f 1521/496/2005 1522/493/2005 1523/494/2005
f 1522/493/2006 1521/496/2006 1524/495/2006
f 1522/493/2007 1517/492/2007 1523/494/2007
f 1517/492/2008 1522/493/2008 1524/495/2008
f 1525/498/2009 1526/499/2009 1531/500/2009
f 1526/499/2010 1525/498/2010 1532/501/2010
f 1526/499/2011 1527/502/2011 1531/500/2011
f 1527/502/2012 1526/499/2012 1532/501/2012
f 1527/502/2013 1528/503/2013 1531/500/2013
f 1528/503/2014 1527/502/2014 1532/501/2014
f 1528/503/2015 1529/502/2015 1531/500/2015
f 1529/502/2016 1528/503/2016 1532/501/2016
f 1529/502/2017 1530/499/2017 1531/500/2017
f 1530/499/2018 1529/502/2018 1532/501/2018
f 1530/499/2019 1525/498/2019 1531/500/2019
f 1525/498/2020 1530/499/2020 1532/501/2020
f 1533/498/2021 1534/499/2021 1539/500/2021
f 1534/499/2022 1533/498/2022 1540/501/2022
f 1534/499/2023 1535/502/2023 1539/500/2023
f 1535/502/2024 1534/499/2024 1540/501/2024
f 1535/502/2025 1536/503/2025 1539/500/2025
f 1536/503/2026 1535/502/2026 1540/501/2026
f 1536/503/2027 1537/502/2027 1539/500/2027
f 1537/502/2028 1536/503/2028 1540/501/2028
f 1537/502/2029 1538/499/2029 1539/500/2029
f 1538/499/2030 1537/502/2030 1540/501/2030
f 1538/499/2031 1533/498/2031 1539/500/2031
f 1533/498/2032 1538/499/2032 1540/501/2032
f 1541/504/2033 1542/505/2033 1547/506/2033
f 1542/505/2034 1541/504/2034 1548/507/2034
f 1542/505/2035 1543/508/2035 1547/506/2035
f 1543/508/2036 1542/505/2036 1548/507/2036
f 1543/508/2037 1544/509/2037 1547/506/2037
f 1544/509/2038 1543/508/2038 1548/507/2038
f 1544/509/2039 1545/508/2039 1547/506/2039
f 1545/508/2040 1544/509/2040 1548/507/2040
f 1545/508/2041 1546/505/2041 1547/506/2041
f 1546/505/2042 1545/508/2042 1548/507/2042
f 1546/505/2043 1541/504/2043 1547/506/2043
f 1541/504/2044 1546/505/2044 1548/507/2044
f 1549/504/2045 1550/505/2045 1555/506/2045
f 1550/505/2046 1549/504/2046 1556/507/2046
f 1550/505/2047 1551/508/2047 1555/506/2047
f 1551/508/2048 1550/505/2048 1556/507/2048
f 1551/508/2049 1552/509/2049 1555/506/2049
f 1552/509/2050 1551/508/2050 1556/507/2050
f 1552/509/2051 1553/508/2051 1555/506/2051
f 1553/508/2052 1552/509/2052 1556/507/2052
f 1553/508/2053 1554/505/2053 1555/506/2053
f 1554/505/2054 1553/508/2054 1556/507/2054
f 1554/505/2055 1549/504/2055 1555/506/2055
f 1549/504/2056 1554/505/2056 1556/507/2056
f 1557/510/2057 1558/511/2057 1563/512/2057
f 1558/511/2058 1557/510/2058 1564/513/2058
f 1558/511/2059 1559/514/2059 1563/512/2059
f 1559/514/2060 1558/511/2060 1564/513/2060
f 1559/514/2061 1560/515/2061 1563/512/2061
f 1560/515/2062 1559/514/2062 1564/513/2062
f 1560/515/2063 1561/514/2063 1563/512/2063
f 1561/514/2064 1560/515/2064 1564/513/2064
f 1561/514/2065 1562/511/2065 1563/512/2065
f 1562/511/2066 1561/514/2066 1564/513/2066
f 1562/511/2067 1557/510/2067 1563/512/2067
f 1557/510/2068 1562/511/2068 1564/513/2068
f 1565/510/2069 1566/511/2069 1571/512/2069
f 1566/511/2070 1565/510/2070 1572/513/2070
f 1566/511/2071 1567/514/2071 1571/512/2071
f 1567/514/2072 1566/511/2072 1572/513/2072
f 1567/514/2073 1568/515/2073 1571/512/2073
f 1568/515/2074 1567/514/2074 1572/513/2074
f 1568/515/2075 1569/514/2075 1571/512/2075
f 1569/514/2076 1568/515/2076 1572/513/2076
f 1569/514/2077 1570/511/2077 1571/512/2077
f 1570/511/2078 1569/514/2078 1572/513/2078
f 1570/511/2079 1565/510/2079 1571/512/2079
f 1565/510/2080 1570/511/2080 1572/513/2080
f 1573/516/2081 1574/517/2081 1579/518/2081
f 1574/517/2082 1573/516/2082 1580/519/2082
f 1574/517/2083 1575/520/2083 1579/518/2083
f 1575/520/2084 1574/517/2084 1580/519/2084
f 1575/520/2085 1576/521/2085 1579/518/2085
f 1576/521/2086 1575/520/2086 1580/519/2086
f 1576/521/2087 1577/520/2087 1579/518/2087
f 1577/520/2088 1576/521/2088 1580/519/2088
f 1577/520/2089 1578/517/2089 1579/518/2089
f 1578/517/2090 1577/520/2090 1580/519/2090
f 1578/517/2091 1573/516/2091 1579/518/2091
f 1573/516/2092 1578/517/2092 1580/519/2092
f 1581/516/2093 1582/517/2093 1587/518/2093
f 1582/517/2094 1581/516/2094 1588/519/2094
f 1582/517/2095 1583/520/2095 1587/518/2095
f 1583/520/2096 1582/517/2096 1588/519/2096
f 1583/520/2097 1584/521/2097 1587/518/2097
f 1584/521/2098 1583/520/2098 1588/519/2098
f 1584/521/2099 1585/520/2099 1587/518/2099
f 1585/520/2100 1584/521/2100 1588/519/2100
f 1585/520/2101 1586/517/2101 1587/518/2101
f 1586/517/2102 1585/520/2102 1588/519/2102
f 1586/517/2103 1581/516/2103 1587/518/2103
f 1581/516/2104 1586/517/2104 1588/519/2104
f 1589/522/2105 1590/523/2105 1595/524/2105
f 1590/523/2106 1589/522/2106 1596/525/2106
f 1590/523/2107 1591/526/2107 1595/524/2107
f 1591/526/2108 1590/523/2108 1596/525/2108
f 1591/526/2109 1592/527/2109 1595/524/2109
f 1592/527/2110 1591/526/2110 1596/525/2110
f 1592/527/2111 1593/526/2111 1595/524/2111
f 1593/526/2112 1592/527/2112 1596/525/2112
f 1593/526/2113 1594/523/2113 1595/524/2113
f 1594/523/2114 1593/526/2114 1596/525/2114
f 1594/523/2115 1589/522/2115 1595/524/2115
f 1589/522/2116 1594/523/2116 1596/525/2116
f 1597/522/2117 1598/523/2117 1603/524/2117
f 1598/523/2118 1597/522/2118 1604/525/2118
f 1598/523/2119 1599/526/2119 1603/524/2119
f 1599/526/2120 1598/523/2120 1604/525/2120
f 1599/526/2121 1600/527/2121 1603/524/2121
f 1600/527/2122 1599/526/2122 1604/525/2122
f 1600/527/2123 1601/526/2123 1603/524/2123
f 1601/526/2124 1600/527/2124 1604/525/2124
f 1601/526/2125 1602/523/2125 1603/524/2125
f 1602/523/2126 1601/526/2126 1604/525/2126
f 1602/523/2127 1597/522/2127 1603/524/2127
f 1597/522/2128 1602/523/2128 1604/525/2128
f 1605/528/2129 1606/529/2129 1611/530/2129
f 1606/529/2130 1605/528/2130 1612/531/2130
f 1606/529/2131 1607/532/2131 1611/530/2131
f 1607/532/2132 1606/529/2132 1612/531/2132
f 1607/532/2133 1608/533/2133 1611/530/2133
f 1608/533/2134 1607/532/2134 1612/531/2134
f 1608/533/2135 1609/532/2135 1611/530/2135
f 1609/532/2136 1608/533/2136 1612/531/2136
f 1609/532/2137 1610/529/2137 1611/530/2137
f 1610/529/2138 1609/532/2138 1612/531/2138
f 1610/529/2139 1605/528/2139 1611/530/2139
f 1605/528/2140 1610/529/2140 1612/531/2140
f 1613/528/2141 1614/529/2141 1619/530/2141
f 1614/529/2142 1613/528/2142 1620/531/2142
f 1614/529/2143 1615/532/2143 1619/530/2143
f 1615/532/2144 1614/529/2144 1620/531/2144
f 1615/532/2145 1616/533/2145 1619/530/2145
f 1616/533/2146 1615/532/2146 1620/531/2146
f 1616/533/2147 1617/532/2147 1619/530/2147
f 1617/532/2148 1616/533/2148 1620/531/2148
f 1617/532/2149 1618/529/2149 1619/530/2149
f 1618/529/2150 1617/532/2150 1620/531/2150
f 1618/529/2151 1613/528/2151 1619/530/2151
f 1613/528/2152 1618/529/2152 1620/531/2152
f 1621/534/2153 1622/535/2153 1627/536/2153
f 1622/535/2154 1621/534/2154 1628/537/2154
f 1622/535/2155 1623/538/2155 1627/536/2155
f 1623/538/2156 1622/535/2156 1628/537/2156
f 1623/538/2157 1624/539/2157 1627/536/2157
f 1624/539/2158 1623/538/2158 1628/537/2158
f 1624/539/2159 1625/538/2159 1627/536/2159
f 1625/538/2160 1624/539/2160 1628/537/2160
f 1625/538/2161 1626/535/2161 1627/536/2161
f 1626/535/2162 1625/538/2162 1628/537/2162
f 1626/535/2163 1621/534/2163 1627/536/2163
f 1621/534/2164 1626/535/2164 1628/537/2164
f 1629/534/2165 1630/535/2165 1635/536/2165
f 1630/535/2166 1629/534/2166 1636/537/2166
f 1630/535/2167 1631/538/2167 1635/536/2167
f 1631/538/2168 1630/535/2168 1636/537/2168
f 1631/538/2169 1632/539/2169 1635/536/2169
f 1632/539/2170 1631/538/2170 1636/537/2170
f 1632/539/2171 1633/538/2171 1635/536/2171
f 1633/538/2172 1632/539/2172 1636/537/2172
f 1633/538/2173 1634/535/2173 1635/536/2173
f 1634/535/2174 1633/538/2174 1636/537/2174
f 1634/535/2175 1629/534/2175 1635/536/2175
f 1629/534/2176 1634/535/2176 1636/537/2176
f 1637/540/2177 1638/541/2177 1643/542/2177
f 1638/541/2178 1637/540/2178 1644/543/2178
f 1638/541/2179 1639/544/2179 1643/542/2179
f 1639/544/2180 1638/541/2180 1644/543/2180
f 1639/544/2181 1640/545/2181 1643/542/2181
f 1640/545/2182 1639/544/2182 1644/543/2182
f 1640/545/2183 1641/544/2183 1643/542/2183
f 1641/544/2184 1640/545/2184 1644/543/2184
f 1641/544/2185 1642/541/2185 1643/542/2185
f 1642/541/2186 1641/544/2186 1644/543/2186
f 1642/541/2187 1637/540/2187 1643/542/2187
f 1637/540/2188 1642/541/2188 1644/543/2188
f 1645/540/2189 1646/541/2189 1651/542/2189
f 1646/541/2190 1645/540/2190 1652/543/2190
f 1646/541/2191 1647/544/2191 1651/542/2191
f 1647/544/2192 1646/541/2192 1652/543/2192
f 1647/544/2193 1648/545/2193 1651/542/2193
f 1648/545/2194 1647/544/2194 1652/543/2194
f 1648/545/2195 1649/544/2195 1651/542/2195
f 1649/544/2196 1648/545/2196 1652/543/2196
f 1649/544/2197 1650/541/2197 1651/542/2197
f 1650/541/2198 1649/544/2198 1652/543/2198
f 1650/541/2199 1645/540/2199 1651/542/2199
f 1645/540/2200 1650/541/2200 1652/543/2200
f 1653/546/2201 1654/547/2201 1659/548/2201
f 1654/547/2202 1653/546/2202 1660/549/2202
f 1654/547/2203 1655/550/2203 1659/548/2203
f 1655/550/2204 1654/547/2204 1660/549/2204
f 1655/550/2205 1656/551/2205 1659/548/2205
f 1656/551/2206 1655/550/2206 1660/549/2206
f 1656/551/2207 1657/550/2207 1659/548/2207
f 1657/550/2208 1656/551/2208 1660/549/2208
f 1657/550/2209 1658/547/2209 1659/548/2209
f 1658/547/2210 1657/550/2210 1660/549/2210
f 1658/547/2211 1653/546/2211 1659/548/2211
f 1653/546/2212 1658/547/2212 1660/549/2212
f 1661/546/2213 1662/547/2213 1667/548/2213
f 1662/547/2214 1661/546/2214 1668/549/2214
f 1662/547/2215 1663/550/2215 1667/548/2215
f 1663/550/2216 1662/547/2216 1668/549/2216
f 1663/550/2217 1664/551/2217 1667/548/2217
f 1664/551/2218 1663/550/2218 1668/549/2218
f 1664/551/2219 1665/550/2219 1667/548/2219
f 1665/550/2220 1664/551/2220 1668/549/2220
f 1665/550/2221 1666/547/2221 1667/548/2221
f 1666/547/2222 1665/550/2222 1668/549/2222
f 1666/547/2223 1661/546/2223 1667/548/2223
f 1661/546/2224 1666/547/2224 1668/549/2224
f 1669/552/2225 1670/553/2225 1675/554/2225
f 1670/553/2226 1669/552/2226 1676/555/2226
f 1670/553/2227 1671/556/2227 1675/554/2227
f 1671/556/2228 1670/553/2228 1676/555/2228
f 1671/556/2229 1672/557/2229 1675/554/2229
f 1672/557/2230 1671/556/2230 1676/555/2230
f 1672/557/2231 1673/556/2231 1675/554/2231
f 1673/556/2232 1672/557/2232 1676/555/2232
f 1673/556/2233 1674/553/2233 1675/554/2233
f 1674/553/2234 1673/556/2234 1676/555/2234
f 1674/553/2235 1669/552/2235 1675/554/2235
f 1669/552/2236 1674/553/2236 1676/555/2236
f 1677/552/2237 1678/553/2237 1683/554/2237
f 1678/553/2238 1677/552/2238 1684/555/2238
f 1678/553/2239 1679/556/2239 1683/554/2239
f 1679/556/2240 1678/553/2240 1684/555/2240
f 1679/556/2241 1680/557/2241 1683/554/2241
f 1680/557/2242 1679/556/2242 1684/555/2242
f 1680/557/2243 1681/556/2243 1683/554/2243
f 1681/556/2244 1680/557/2244 1684/555/2244
f 1681/556/2245 1682/553/2245 1683/554/2245
f 1682/553/2246 1681/556/2246 1684/555/2246
f 1682/553/2247 1677/552/2247 1683/554/2247
f 1677/552/2248 1682/553/2248 1684/555/2248
f 1685/558/2249 1686/559/2249 1691/560/2249
f 1686/559/2250 1685/558/2250 1692/561/2250
f 1686/559/2251 1687/562/2251 1691/560/2251
f 1687/562/2252 1686/559/2252 1692/561/2252
f 1687/562/2253 1688/563/2253 1691/560/2253
f 1688/563/2254 1687/562/2254 1692/561/2254
f 1688/563/2255 1689/562/2255 1691/560/2255
f 1689/562/2256 1688/563/2256 1692/561/2256
f 1689/562/2257 1690/559/2257 1691/560/2257
f 1690/559/2258 1689/562/2258 1692/561/2258
f 1690/559/2259 1685/558/2259 1691/560/2259
f 1685/558/2260 1690/559/2260 1692/561/2260
f 1693/558/2261 1694/559/2261 1699/560/2261
f 1694/559/2262 1693/558/2262 1700/561/2262
f 1694/559/2263 1695/562/2263 1699/560/2263
f 1695/562/2264 1694/559/2264 1700/561/2264
f 1695/562/2265 1696/563/2265 1699/560/2265
f 1696/563/2266 1695/562/2266 1700/561/2266
f 1696/563/2267 1697/562/2267 1699/560/2267
f 1697/562/2268 1696/563/2268 1700/561/2268
f 1697/562/2269 1698/559/2269 1699/560/2269
f 1698/559/2270 1697/562/2270 1700/561/2270
f 1698/559/2271 1693/558/2271 1699/560/2271
f 1693/558/2272 1698/559/2272 1700/561/2272
f 1701/564/2273 1702/565/2273 1707/566/2273
f 1702/565/2274 1701/564/2274 1708/567/2274
f 1702/565/2275 1703/568/2275 1707/566/2275
f 1703/568/2276 1702/565/2276 1708/567/2276
f 1703/568/2277 1704/569/2277 1707/566/2277
f 1704/569/2278 1703/568/2278 1708/567/2278
f 1704/569/2279 1705/568/2279 1707/566/2279
f 1705/568/2280 1704/569/2280 1708/567/2280
f 1705/568/2281 1706/565/2281 1707/566/2281
f 1706/565/2282 1705/568/2282 1708/567/2282
f 1706/565/2283 1701/564/2283 1707/566/2283
f 1701/564/2284 1706/565/2284 1708/567/2284
f 1709/564/2285 1710/565/2285 1715/566/2285
f 1710/565/2286 1709/564/2286 1716/567/2286
f 1710/565/2287 1711/568/2287 1715/566/2287
f 1711/568/2288 1710/565/2288 1716/567/2288
f 1711/568/2289 1712/569/2289 1715/566/2289
f 1712/569/2290 1711/568/2290 1716/567/2290
f 1712/569/2291 1713/568/2291 1715/566/2291
f 1713/568/2292 1712/569/2292 1716/567/2292
f 1713/568/2293 1714/565/2293 1715/566/2293
f 1714/565/2294 1713/568/2294 1716/567/2294
f 1714/565/2295 1709/564/2295 1715/566/2295
f 1709/564/2296 1714/565/2296 1716/567/2296
f 1717/570/2297 1718/571/2297 1723/572/2297
f 1718/571/2298 1717/570/2298 1724/573/2298
f 1718/571/2299 1719/574/2299 1723/572/2299
f 1719/574/2300 1718/571/2300 1724/573/2300
f 1719/574/2301 1720/575/2301 1723/572/2301
f 1720/575/2302 1719/574/2302 1724/573/2302
f 1720/575/2303 1721/574/2303 1723/572/2303
f 1721/574/2304 1720/575/2304 1724/573/2304
f 1721/574/2305 1722/571/2305 1723/572/2305
f 1722/571/2306 1721/574/2306 1724/573/2306
f 1722/571/2307 1717/570/2307 1723/572/2307
f 1717/570/2308 1722/571/2308 1724/573/2308
f 1725/570/2309 1726/571/2309 1731/572/2309
f 1726/571/2310 1725/570/2310 1732/573/2310
f 1726/571/2311 1727/574/2311 1731/572/2311
f 1727/574/2312 1726/571/2312 1732/573/2312
f 1727/574/2313 1728/575/2313 1731/572/2313
f 1728/575/2314 1727/574/2314 1732/573/2314
f 1728/575/2315 1729/574/2315 1731/572/2315
f 1729/574/2316 1728/575/2316 1732/573/2316
f 1729/574/2317 1730/571/2317 1731/572/2317
f 1730/571/2318 1729/574/2318 1732/573/2318
f 1730/571/2319 1725/570/2319 1731/572/2319
f 1725/570/2320 1730/571/2320 1732/573/2320
f 1733/576/2321 1734/577/2321 1739/578/2321
f 1734/577/2322 1733/576/2322 1740/579/2322
f 1734/577/2323 1735/580/2323 1739/578/2323
f 1735/580/2324 1734/577/2324 1740/579/2324
f 1735/580/2325 1736/581/2325 1739/578/2325
f 1736/581/2326 1735/580/2326 1740/579/2326
f 1736/581/2327 1737/580/2327 1739/578/2327
f 1737/580/2328 1736/581/2328 1740/579/2328
f 1737/580/2329 1738/577/2329 1739/578/2329
f 1738/577/2330 1737/580/2330 1740/579/2330
f 1738/577/2331 1733/576/2331 1739/578/2331
f 1733/576/2332 1738/577/2332 1740/579/2332
f 1741/576/2333 1742/577/2333 1747/578/2333
f 1742/577/2334 1741/576/2334 1748/579/2334
f 1742/577/2335 1743/580/2335 1747/578/2335
f 1743/580/2336 1742/577/2336 1748/579/2336
f 1743/580/2337 1744/581/2337 1747/578/2337
f 1744/581/2338 1743/580/2338 1748/579/2338
f 1744/581/2339 1745/580/2339 1747/578/2339
f 1745/580/2340 1744/581/2340 1748/579/2340
f 1745/580/2341 1746/577/2341 1747/578/2341
f 1746/577/2342 1745/580/2342 1748/579/2342
f 1746/577/2343 1741/576/2343 1747/578/2343
f 1741/576/2344 1746/577/2344 1748/579/2344
f 1749/582/2345 1750/583/2345 1755/584/2345
f 1750/583/2346 1749/582/2346 1756/585/2346
f 1750/583/2347 1751/586/2347 1755/584/2347
f 1751/586/2348 1750/583/2348 1756/585/2348
f 1751/586/2349 1752/587/2349 1755/584/2349
f 1752/587/2350 1751/586/2350 1756/585/2350
f 1752/587/2351 1753/586/2351 1755/584/2351
f 1753/586/2352 1752/587/2352 1756/585/2352
f 1753/586/2353 1754/583/2353 1755/584/2353
f 1754/583/2354 1753/586/2354 1756/585/2354
f 1754/583/2355 1749/582/2355 1755/584/2355
f 1749/582/2356 1754/583/2356 1756/585/2356
f 1757/582/2357 1758/583/2357 1763/584/2357
f 1758/583/2358 1757/582/2358 1764/585/2358
f 1758/583/2359 1759/586/2359 1763/584/2359
f 1759/586/2360 1758/583/2360 1764/585/2360
f 1759/586/2361 1760/587/2361 1763/584/2361
f 1760/587/2362 1759/586/2362 1764/585/2362
f 1760/587/2363 1761/586/2363 1763/584/2363
f 1761/586/2364 1760/587/2364 1764/585/2364
f 1761/586/2365 1762/583/2365 1763/584/2365
f 1762/583/2366 1761/586/2366 1764/585/2366
f 1762/583/2367 1757/582/2367 1763/584/2367
f 1757/582/2368 1762/583/2368 1764/585/2368
f 1765/588/2369 1766/589/2369 1771/590/2369
f 1766/589/2370 1765/588/2370 1772/591/2370
f 1766/589/2371 1767/592/2371 1771/590/2371
f 1767/592/2372 1766/589/2372 1772/591/2372
f 1767/592/2373 1768/593/2373 1771/590/2373
f 1768/593/2374 1767/592/2374 1772/591/2374
f 1768/593/2375 1769/592/2375 1771/590/2375
f 1769/592/2376 1768/593/2376 1772/591/2376
f 1769/592/2377 1770/589/2377 1771/590/2377
f 1770/589/2378 1769/592/2378 1772/591/2378
f 1770/589/2379 1765/588/2379 1771/590/2379
f 1765/588/2380 1770/589/2380 1772/591/2380
f 1773/588/2381 1774/589/2381 1779/590/2381
f 1774/589/2382 1773/588/2382 1780/591/2382
f 1774/589/2383 1775/592/2383 1779/590/2383
f 1775/592/2384 1774/589/2384 1780/591/2384
f 1775/592/2385 1776/593/2385 1779/590/2385
f 1776/593/2386 1775/592/2386 1780/591/2386
f 1776/593/2387 1777/592/2387 1779/590/2387
f 1777/592/2388 1776/593/2388 1780/591/2388
f 1777/592/2389 1778/589/2389 1779/590/2389
f 1778/589/2390 1777/592/2390 1780/591/2390
f 1778/589/2391 1773/588/2391 1779/590/2391
f 1773/588/2392 1778/589/2392 1780/591/2392
f 1781/594/2393 1782/595/2393 1787/596/2393
f 1782/595/2394 1781/594/2394 1788/597/2394
f 1782/595/2395 1783/598/2395 1787/596/2395
f 1783/598/2396 1782/595/2396 1788/597/2396
f 1783/598/2397 1784/599/2397 1787/596/2397
f 1784/599/2398 1783/598/2398 1788/597/2398
f 1784/599/2399 1785/598/2399 1787/596/2399
f 1785/598/2400 1784/599/2400 1788/597/2400
f 1785/598/2401 1786/595/2401 1787/596/2401
f 1786/595/2402 1785/598/2402 1788/597/2402
f 1786/595/2403 1781/594/2403 1787/596/2403
f 1781/594/2404 1786/595/2404 1788/597/2404
f 1789/594/2405 1790/595/2405 1795/596/2405
f 1790/595/2406 1789/594/2406 1796/597/2406
f 1790/595/2407 1791/598/2407 1795/596/2407
f 1791/598/2408 1790/595/2408 1796/597/2408
f 1791/598/2409 1792/599/2409 1795/596/2409
f 1792/599/2410 1791/598/2410 1796/597/2410
f 1792/599/2411 1793/598/2411 1795/596/2411
f 1793/598/2412 1792/599/2412 1796/597/2412
f 1793/598/2413 1794/595/2413 1795/596/2413
f 1794/595/2414 1793/598/2414 1796/597/2414
f 1794/595/2415 1789/594/2415 1795/596/2415
f 1789/594/2416 1794/595/2416 1796/597/2416
f 1797/600/2417 1798/601/2417 1803/602/2417
f 1798/601/2418 1797/600/2418 1804/603/2418
f 1798/601/2419 1799/604/2419 1803/602/2419
f 1799/604/2420 1798/601/2420 1804/603/2420
f 1799/604/2421 1800/605/2421 1803/602/2421
f 1800/605/2422 1799/604/2422 1804/603/2422
f 1800/605/2423 1801/604/2423 1803/602/2423
f 1801/604/2424 1800/605/2424 1804/603/2424
f 1801/604/2425 1802/601/2425 1803/602/2425
f 1802/601/2426 1801/604/2426 1804/603/2426
f 1802/601/2427 1797/600/2427 1803/602/2427
f 1797/600/2428 1802/601/2428 1804/603/2428
f 1805/600/2429 1806/601/2429 1811/602/2429
f 1806/601/2430 1805/600/2430 1812/603/2430
f 1806/601/2431 1807/604/2431 1811/602/2431
f 1807/604/2432 1806/601/2432 1812/603/2432
f 1807/604/2433 1808/605/2433 1811/602/2433
f 1808/605/2434 1807/604/2434 1812/603/2434
f 1808/605/2435 1809/604/2435 1811/602/2435
f 1809/604/2436 1808/605/2436 1812/603/2436
f 1809/604/2437 1810/601/2437 1811/602/2437
f 1810/601/2438 1809/604/2438 1812/603/2438
f 1810/601/2439 1805/600/2439 1811/602/2439
f 1805/600/2440 1810/601/2440 1812/603/2440
f 1813/606/2441 1814/607/2441 1819/608/2441
f 1814/607/2442 1813/606/2442 1820/609/2442
f 1814/607/2443 1815/610/2443 1819/608/2443
f 1815/610/2444 1814/607/2444 1820/609/2444
f 1815/610/2445 1816/611/2445 1819/608/2445
f 1816/611/2446 1815/610/2446 1820/609/2446
f 1816/611/2447 1817/610/2447 1819/608/2447
f 1817/610/2448 1816/611/2448 1820/609/2448
f 1817/610/2449 1818/607/2449 1819/608/2449
f 1818/607/2450 1817/610/2450 1820/609/2450
f 1818/607/2451 1813/606/2451 1819/608/2451
f 1813/606/2452 1818/607/2452 1820/609/2452
f 1821/606/2453 1822/607/2453 1827/608/2453
f 1822/607/2454 1821/606/2454 1828/609/2454
f 1822/607/2455 1823/610/2455 1827/608/2455
f 1823/610/2456 1822/607/2456 1828/609/2456
f 1823/610/2457 1824/611/2457 1827/608/2457
f 1824/611/2458 1823/610/2458 1828/609/2458
f 1824/611/2459 1825/610/2459 1827/608/2459
f 1825/610/2460 1824/611/2460 1828/609/2460
f 1825/610/2461 1826/607/2461 1827/608/2461
f 1826/607/2462 1825/610/2462 1828/609/2462
f 1826/607/2463 1821/606/2463 1827/608/2463
f 1821/606/2464 1826/607/2464 1828/609/2464
f 1829/612/2465 1830/613/2465 1835/614/2465
f 1830/613/2466 1829/612/2466 1836/615/2466
f 1830/613/2467 1831/616/2467 1835/614/2467
f 1831/616/2468 1830/613/2468 1836/615/2468
f 1831/616/2469 1832/617/2469 1835/614/2469
f 1832/617/2470 1831/616/2470 1836/615/2470
f 1832/617/2471 1833/616/2471 1835/614/2471
f 1833/616/2472 1832/617/2472 1836/615/2472
f 1833/616/2473 1834/613/2473 1835/614/2473
f 1834/613/2474 1833/616/2474 1836/615/2474
f 1834/613/2475 1829/612/2475 1835/614/2475
f 1829/612/2476 1834/613/2476 1836/615/2476
f 1837/612/2477 1838/613/2477 1843/614/2477
f 1838/613/2478 1837/612/2478 1844/615/2478
f 1838/613/2479 1839/616/2479 1843/614/2479
f 1839/616/2480 1838/613/2480 1844/615/2480
f 1839/616/2481 1840/617/2481 1843/614/2481
f 1840/617/2482 1839/616/2482 1844/615/2482
f 1840/617/2483 1841/616/2483 1843/614/2483
f 1841/616/2484 1840/617/2484 1844/615/2484
f 1841/616/2485 1842/613/2485 1843/614/2485
f 1842/613/2486 1841/616/2486 1844/615/2486
f 1842/613/2487 1837/612/2487 1843/614/2487
f 1837/612/2488 1842/613/2488 1844/615/2488
f 1845/618/2489 1846/619/2489 1851/620/2489
f 1846/619/2490 1845/618/2490 1852/621/2490
f 1846/619/2491 1847/622/2491 1851/620/2491
f 1847/622/2492 1846/619/2492 1852/621/2492
f 1847/622/2493 1848/623/2493 1851/620/2493
f 1848/623/2494 1847/622/2494 1852/621/2494
f 1848/623/2495 1849/622/2495 1851/620/2495
f 1849/622/2496 1848/623/2496 1852/621/2496
f 1849/622/2497 1850/619/2497 1851/620/2497
f 1850/619/2498 1849/622/2498 1852/621/2498
f 1850/619/2499 1845/618/2499 1851/620/2499
f 1845/618/2500 1850/619/2500 1852/621/2500
f 1853/618/2501 1854/619/2501 1859/620/2501
f 1854/619/2502 1853/618/2502 1860/621/2502
f 1854/619/2503 1855/622/2503 1859/620/2503
f 1855/622/2504 1854/619/2504 1860/621/2504
f 1855/622/2505 1856/623/2505 1859/620/2505
f 1856/623/2506 1855/622/2506 1860/621/2506
f 1856/623/2507 1857/622/2507 1859/620/2507
f 1857/622/2508 1856/623/2508 1860/621/2508
f 1857/622/2509 1858/619/2509 1859/620/2509
f 1858/619/2510 1857/622/2510 1860/621/2510
f 1858/619/2511 1853/618/2511 1859/620/2511
f 1853/618/2512 1858/619/2512 1860/621/2512
f 1861/624/2513 1862/625/2513 1867/626/2513
f 1862/625/2514 1861/624/2514 1868/627/2514
f 1862/625/2515 1863/628/2515 1867/626/2515
f 1863/628/2516 1862/625/2516 1868/627/2516
f 1863/628/2517 1864/629/2517 1867/626/2517
f 1864/629/2518 1863/628/2518 1868/627/2518
f 1864/629/2519 1865/628/2519 1867/626/2519
f 1865/628/2520 1864/629/2520 1868/627/2520
f 1865/628/2521 1866/625/2521 1867/626/2521
f 1866/625/2522 1865/628/2522 1868/627/2522
f 1866/625/2523 1861/624/2523 1867/626/2523
f 1861/624/2524 1866/625/2524 1868/627/2524
f 1869/624/2525 1870/625/2525 1875/626/2525
f 1870/625/2526 1869/624/2526 1876/627/2526
f 1870/625/2527 1871/628/2527 1875/626/2527
f 1871/628/2528 1870/625/2528 1876/627/2528
f 1871/628/2529 1872/629/2529 1875/626/2529
f 1872/629/2530 1871/628/2530 1876/627/2530
f 1872/629/2531 1873/628/2531 1875/626/2531
f 1873/628/2532 1872/629/2532 1876/627/2532
f 1873/628/2533 1874/625/2533 1875/626/2533
f 1874/625/2534 1873/628/2534 1876/627/2534
f 1874/625/2535 1869/624/2535 1875/626/2535
f 1869/624/2536 1874/625/2536 1876/627/2536
f 1877/630/2537 1878/631/2537 1883/632/2537
f 1878/631/2538 1877/630/2538 1884/633/2538
f 1878/631/2539 1879/634/2539 1883/632/2539
f 1879/634/2540 1878/631/2540 1884/633/2540
f 1879/634/2541 1880/635/2541 1883/632/2541
f 1880/635/2542 1879/634/2542 1884/633/2542
f 1880/635/2543 1881/634/2543 1883/632/2543
f 1881/634/2544 1880/635/2544 1884/633/2544
f 1881/634/2545 1882/631/2545 1883/632/2545
f 1882/631/2546 1881/634/2546 1884/633/2546
f 1882/631/2547 1877/630/2547 1883/632/2547
f 1877/630/2548 1882/631/2548 1884/633/2548
f 1885/630/2549 1886/631/2549 1891/632/2549
f 1886/631/2550 1885/630/2550 1892/633/2550
f 1886/631/2551 1887/634/2551 1891/632/2551
f 1887/634/2552 1886/631/2552 1892/633/2552
f 1887/634/2553 1888/635/2553 1891/632/2553
f 1888/635/2554 1887/634/2554 1892/633/2554
f 1888/635/2555 1889/634/2555 1891/632/2555
f 1889/634/2556 1888/635/2556 1892/633/2556
f 1889/634/2557 1890/631/2557 1891/632/2557
f 1890/631/2558 1889/634/2558 1892/633/2558
f 1890/631/2559 1885/630/2559 1891/632/2559
f 1885/630/2560 1890/631/2560 1892/633/2560
f 1893/636/2561 1894/637/2561 1899/638/2561
f 1894/637/2562 1893/636/2562 1900/639/2562
f 1894/637/2563 1895/640/2563 1899/638/2563
f 1895/640/2564 1894/637/2564 1900/639/2564
f 1895/640/2565 1896/641/2565 1899/638/2565
f 1896/641/2566 1895/640/2566 1900/639/2566
f 1896/641/2567 1897/640/2567 1899/638/2567
f 1897/640/2568 1896/641/2568 1900/639/2568
f 1897/640/2569 1898/637/2569 1899/638/2569
f 1898/637/2570 1897/640/2570 1900/639/2570
f 1898/637/2571 1893/636/2571 1899/638/2571
f 1893/636/2572 1898/637/2572 1900/639/2572
f 1901/636/2573 1902/637/2573 1907/638/2573
f 1902/637/2574 1901/636/2574 1908/639/2574
f 1902/637/2575 1903/640/2575 1907/638/2575
f 1903/640/2576 1902/637/2576 1908/639/2576
f 1903/640/2577 1904/641/2577 1907/638/2577
f 1904/641/2578 1903/640/2578 1908/639/2578
f 1904/641/2579 1905/640/2579 1907/638/2579
f 1905/640/2580 1904/641/2580 1908/639/2580
f 1905/640/2581 1906/637/2581 1907/638/2581
f 1906/637/2582 1905/640/2582 1908/639/2582
f 1906/637/2583 1901/636/2583 1907/638/2583
f 1901/636/2584 1906/637/2584 1908/639/2584
f 1909/642/2585 1910/643/2585 1915/644/2585
f 1910/643/2586 1909/642/2586 1916/645/2586
f 1910/643/2587 1911/646/2587 1915/644/2587
f 1911/646/2588 1910/643/2588 1916/645/2588
f 1911/646/2589 1912/647/2589 1915/644/2589
f 1912/647/2590 1911/646/2590 1916/645/2590
f 1912/647/2591 1913/646/2591 1915/644/2591
f 1913/646/2592 1912/647/2592 1916/645/2592
f 1913/646/2593 1914/643/2593 1915/644/2593
f 1914/643/2594 1913/646/2594 1916/645/2594
f 1914/643/2595 1909/642/2595 1915/644/2595
f 1909/642/2596 1914/643/2596 1916/645/2596
f 1917/642/2597 1918/643/2597 1923/644/2597
f 1918/643/2598 1917/642/2598 1924/645/2598
f 1918/643/2599 1919/646/2599 1923/644/2599
f 1919/646/2600 1918/643/2600 1924/645/2600
f 1919/646/2601 1920/647/2601 1923/644/2601
f 1920/647/2602 1919/646/2602 1924/645/2602
f 1920/647/2603 1921/646/2603 1923/644/2603
f 1921/646/2604 1920/647/2604 1924/645/2604
f 1921/646/2605 1922/643/2605 1923/644/2605
f 1922/643/2606 1921/646/2606 1924/645/2606
f 1922/643/2607 1917/642/2607 1923/644/2607
f 1917/642/2608 1922/643/2608 1924/645/2608
f 1925/648/2609 1926/649/2609 1931/650/2609
f 1926/649/2610 1925/648/2610 1932/651/2610
f 1926/649/2611 1927/652/2611 1931/650/2611
f 1927/652/2612 1926/649/2612 1932/651/2612
f 1927/652/2613 1928/653/2613 1931/650/2613
f 1928/653/2614 1927/652/2614 1932/651/2614
f 1928/653/2615 1929/652/2615 1931/650/2615
f 1929/652/2616 1928/653/2616 1932/651/2616
f 1929/652/2617 1930/649/2617 1931/650/2617
f 1930/649/2618 1929/652/2618 1932/651/2618
f 1930/649/2619 1925/648/2619 1931/650/2619
f 1925/648/2620 1930/649/2620 1932/651/2620
f 1933/648/2621 1934/649/2621 1939/650/2621
f 1934/649/2622 1933/648/2622 1940/651/2622
f 1934/649/2623 1935/652/2623 1939/650/2623
f 1935/652/2624 1934/649/2624 1940/651/2624
f 1935/652/2625 1936/653/2625 1939/650/2625
f 1936/653/2626 1935/652/2626 1940/651/2626
f 1936/653/2627 1937/652/2627 1939/650/2627
f 1937/652/2628 1936/653/2628 1940/651/2628
f 1937/652/2629 1938/649/2629 1939/650/2629
f 1938/649/2630 1937/652/2630 1940/651/2630
f 1938/649/2631 1933/648/2631 1939/650/2631
f 1933/648/2632 1938/649/2632 1940/651/2632
f 1941/654/2633 1942/655/2633 1947/656/2633
f 1942/655/2634 1941/654/2634 1948/657/2634
f 1942/655/2635 1943/658/2635 1947/656/2635
f 1943/658/2636 1942/655/2636 1948/657/2636
f 1943/658/2637 1944/659/2637 1947/656/2637
f 1944/659/2638 1943/658/2638 1948/657/2638
f 1944/659/2639 1945/658/2639 1947/656/2639
f 1945/658/2640 1944/659/2640 1948/657/2640
f 1945/658/2641 1946/655/2641 1947/656/2641
f 1946/655/2642 1945/658/2642 1948/657/2642
f 1946/655/2643 1941/654/2643 1947/656/2643
f 1941/654/2644 1946/655/2644 1948/657/2644
f 1949/654/2645 1950/655/2645 1955/656/2645
f 1950/655/2646 1949/654/2646 1956/657/2646
f 1950/655/2647 1951/658/2647 1955/656/2647
f 1951/658/2648 1950/655/2648 1956/657/2648
f 1951/658/2649 1952/659/2649 1955/656/2649
f 1952/659/2650 1951/658/2650 1956/657/2650
f 1952/659/2651 1953/658/2651 1955/656/2651
f 1953/658/2652 1952/659/2652 1956/657/2652
f 1953/658/2653 1954/655/2653 1955/656/2653
f 1954/655/2654 1953/658/2654 1956/657/2654
f 1954/655/2655 1949/654/2655 1955/656/2655
f 1949/654/2656 1954/655/2656 1956/657/2656
f 1957/660/2657 1958/661/2657 1963/662/2657
f 1958/661/2658 1957/660/2658 1964/663/2658
f 1958/661/2659 1959/664/2659 1963/662/2659
f 1959/664/2660 1958/661/2660 1964/663/2660
f 1959/664/2661 1960/665/2661 1963/662/2661
f 1960/665/2662 1959/664/2662 1964/663/2662
f 1960/665/2663 1961/664/2663 1963/662/2663
f 1961/664/2664 1960/665/2664 1964/663/2664
f 1961/664/2665 1962/661/2665 1963/662/2665
f 1962/661/2666 1961/664/2666 1964/663/2666
f 1962/661/2667 1957/660/2667 1963/662/2667
f 1957/660/2668 1962/661/2668 1964/663/2668
f 1965/660/2669 1966/661/2669 1971/662/2669
f 1966/661/2670 1965/660/2670 1972/663/2670
f 1966/661/2671 1967/664/2671 1971/662/2671
f 1967/664/2672 1966/661/2672 1972/663/2672
f 1967/664/2673 1968/665/2673 1971/662/2673
f 1968/665/2674 1967/664/2674 1972/663/2674
f 1968/665/2675 1969/664/2675 1971/662/2675
f 1969/664/2676 1968/665/2676 1972/663/2676
f 1969/664/2677 1970/661/2677 1971/662/2677
f 1970/661/2678 1969/664/2678 1972/663/2678
f 1970/661/2679 1965/660/2679 1971/662/2679
f 1965/660/2680 1970/661/2680 1972/663/2680
f 1973/666/2681 1974/667/2681 1979/668/2681
f 1974/667/2682 1973/666/2682 1980/669/2682
f 1974/667/2683 1975/670/2683 1979/668/2683
f 1975/670/2684 1974/667/2684 1980/669/2684
f 1975/670/2685 1976/671/2685 1979/668/2685
f 1976/671/2686 1975/670/2686 1980/669/2686
f 1976/671/2687 1977/670/2687 1979/668/2687
f 1977/670/2688 1976/671/2688 1980/669/2688
f 1977/670/2689 1978/667/2689 1979/668/2689
f 1978/667/2690 1977/670/2690 1980/669/2690
f 1978/667/2691 1973/666/2691 1979/668/2691
f 1973/666/2692 1978/667/2692 1980/669/2692
f 1981/666/2693 1982/667/2693 1987/668/2693
f 1982/667/2694 1981/666/2694 1988/669/2694
f 1982/667/2695 1983/670/2695 1987/668/2695
f 1983/670/2696 1982/667/2696 1988/669/2696
f 1983/670/2697 1984/671/2697 1987/668/2697
f 1984/671/2698 1983/670/2698 1988/669/2698
f 1984/671/2699 1985/670/2699 1987/668/2699
f 1985/670/2700 1984/671/2700 1988/669/2700
f 1985/670/2701 1986/667/2701 1987/668/2701
f 1986/667/2702 1985/670/2702 1988/669/2702
f 1986/667/2703 1981/666/2703 1987/668/2703
f 1981/666/2704 1986/667/2704 1988/669/2704
f 1989/672/2705 1990/673/2705 1995/674/2705
f 1990/673/2706 1989/672/2706 1996/675/2706
f 1990/673/2707 1991/676/2707 1995/674/2707
f 1991/676/2708 1990/673/2708 1996/675/2708
f 1991/676/2709 1992/677/2709 1995/674/2709
f 1992/677/2710 1991/676/2710 1996/675/2710
f 1992/677/2711 1993/676/2711 1995/674/2711
f 1993/676/2712 1992/677/2712 1996/675/2712
f 1993/676/2713 1994/673/2713 1995/674/2713
f 1994/673/2714 1993/676/2714 1996/675/2714
f 1994/673/2715 1989/672/2715 1995/674/2715
f 1989/672/2716 1994/673/2716 1996/675/2716
f 1997/672/2717 1998/673/2717 2003/674/2717
f 1998/673/2718 1997/672/2718 2004/675/2718
f 1998/673/2719 1999/676/2719 2003/674/2719
f 1999/676/2720 1998/673/2720 2004/675/2720
f 1999/676/2721 2000/677/2721 2003/674/2721
f 2000/677/2722 1999/676/2722 2004/675/2722
f 2000/677/2723 2001/676/2723 2003/674/2723
f 2001/676/2724 2000/677/2724 2004/675/2724
f 2001/676/2725 2002/673/2725 2003/674/2725
f 2002/673/2726 2001/676/2726 2004/675/2726
f 2002/673/2727 1997/672/2727 2003/674/2727
f 1997/672/2728 2002/673/2728 2004/675/2728
f 2005/678/2729 2006/679/2729 2011/680/2729
f 2006/679/2730 2005/678/2730 2012/681/2730
f 2006/679/2731 2007/682/2731 2011/680/2731
f 2007/682/2732 2006/679/2732 2012/681/2732
f 2007/682/2733 2008/683/2733 2011/680/2733
f 2008/683/2734 2007/682/2734 2012/681/2734
f 2008/683/2735 2009/682/2735 2011/680/2735
f 2009/682/2736 2008/683/2736 2012/681/2736
f 2009/682/2737 2010/679/2737 2011/680/2737
f 2010/679/2738 2009/682/2738 2012/681/2738
f 2010/679/2739 2005/678/2739 2011/680/2739
f 2005/678/2740 2010/679/2740 2012/681/2740
f 2013/678/2741 2014/679/2741 2019/680/2741
f 2014/679/2742 2013/678/2742 2020/681/2742
f 2014/679/2743 2015/682/2743 2019/680/2743
f 2015/682/2744 2014/679/2744 2020/681/2744
f 2015/682/2745 2016/683/2745 2019/680/2745
f 2016/683/2746 2015/682/2746 2020/681/2746
f 2016/683/2747 2017/682/2747 2019/680/2747
f 2017/682/2748 2016/683/2748 2020/681/2748
f 2017/682/2749 2018/679/2749 2019/680/2749
f 2018/679/2750 2017/682/2750 2020/681/2750
f 2018/679/2751 2013/678/2751 2019/680/2751
f 2013/678/2752 2018/679/2752 2020/681/2752
f 2021/684/2753 2022/685/2753 2027/686/2753
f 2022/685/2754 2021/684/2754 2028/687/2754
f 2022/685/2755 2023/688/2755 2027/686/2755
f 2023/688/2756 2022/685/2756 2028/687/2756
f 2023/688/2757 2024/689/2757 2027/686/2757
f 2024/689/2758 2023/688/2758 2028/687/2758
f 2024/689/2759 2025/688/2759 2027/686/2759
f 2025/688/2760 2024/689/2760 2028/687/2760
f 2025/688/2761 2026/685/2761 2027/686/2761
f 2026/685/2762 2025/688/2762 2028/687/2762
f 2026/685/2763 2021/684/2763 2027/686/2763
f 2021/684/2764 2026/685/2764 2028/687/2764
f 2029/684/2765 2030/685/2765 2035/686/2765
f 2030/685/2766 2029/684/2766 2036/687/2766
f 2030/685/2767 2031/688/2767 2035/686/2767
f 2031/688/2768 2030/685/2768 2036/687/2768
f 2031/688/2769 2032/689/2769 2035/686/2769
f 2032/689/2770 2031/688/2770 2036/687/2770
f 2032/689/2771 2033/688/2771 2035/686/2771
f 2033/688/2772 2032/689/2772 2036/687/2772
f 2033/688/2773 2034/685/2773 2035/686/2773
f 2034/685/2774 2033/688/2774 2036/687/2774
f 2034/685/2775 2029/684/2775 2035/686/2775
f 2029/684/2776 2034/685/2776 2036/687/2776
f 2037/690/2777 2038/691/2777 2043/692/2777
f 2038/691/2778 2037/690/2778 2044/693/2778
f 2038/691/2779 2039/694/2779 2043/692/2779
f 2039/694/2780 2038/691/2780 2044/693/2780
f 2039/694/2781 2040/695/2781 2043/692/2781
f 2040/695/2782 2039/694/2782 2044/693/2782
f 2040/695/2783 2041/694/2783 2043/692/2783
f 2041/694/2784 2040/695/2784 2044/693/2784
f 2041/694/2785 2042/691/2785 2043/692/2785
f 2042/691/2786 2041/694/2786 2044/693/2786
f 2042/691/2787 2037/690/2787 2043/692/2787
f 2037/690/2788 2042/691/2788 2044/693/2788
f 2045/690/2789 2046/691/2789 2051/692/2789
f 2046/691/2790 2045/690/2790 2052/693/2790
f 2046/691/2791 2047/694/2791 2051/692/2791
f 2047/694/2792 2046/691/2792 2052/693/2792
f 2047/694/2793 2048/695/2793 2051/692/2793
f 2048/695/2794 2047/694/2794 2052/693/2794
f 2048/695/2795 2049/694/2795 2051/692/2795
f 2049/694/2796 2048/695/2796 2052/693/2796
f 2049/694/2797 2050/691/2797 2051/692/2797
f 2050/691/2798 2049/694/2798 2052/693/2798
f 2050/691/2799 2045/690/2799 2051/692/2799
f 2045/690/2800 2050/691/2800 2052/693/2800
f 2053/696/2801 2054/697/2801 2059/698/2801
f 2054/697/2802 2053/696/2802 2060/699/2802
f 2054/697/2803 2055/700/2803 2059/698/2803
f 2055/700/2804 2054/697/2804 2060/699/2804
f 2055/700/2805 2056/701/2805 2059/698/2805
f 2056/701/2806 2055/700/2806 2060/699/2806
f 2056/701/2807 2057/700/2807 2059/698/2807
f 2057/700/2808 2056/701/2808 2060/699/2808
f 2057/700/2809 2058/697/2809 2059/698/2809
f 2058/697/2810 2057/700/2810 2060/699/2810
f 2058/697/2811 2053/696/2811 2059/698/2811
f 2053/696/2812 2058/697/2812 2060/699/2812
f 2061/696/2813 2062/697/2813 2067/698/2813
f 2062/697/2814 2061/696/2814 2068/699/2814
f 2062/697/2815 2063/700/2815 2067/698/2815
f 2063/700/2816 2062/697/2816 2068/699/2816
f 2063/700/2817 2064/701/2817 2067/698/2817
f 2064/701/2818 2063/700/2818 2068/699/2818
f 2064/701/2819 2065/700/2819 2067/698/2819
f 2065/700/2820 2064/701/2820 2068/699/2820
f 2065/700/2821 2066/697/2821 2067/698/2821
f 2066/697/2822 2065/700/2822 2068/699/2822
f 2066/697/2823 2061/696/2823 2067/698/2823
f 2061/696/2824 2066/697/2824 2068/699/2824
f 2069/702/2825 2070/703/2825 2075/704/2825
f 2070/703/2826 2069/702/2826 2076/705/2826
f 2070/703/2827 2071/706/2827 2075/704/2827
f 2071/706/2828 2070/703/2828 2076/705/2828
f 2071/706/2829 2072/707/2829 2075/704/2829
f 2072/707/2830 2071/706/2830 2076/705/2830
f 2072/707/2831 2073/706/2831 2075/704/2831
f 2073/706/2832 2072/707/2832 2076/705/2832
f 2073/706/2833 2074/703/2833 2075/704/2833
f 2074/703/2834 2073/706/2834 2076/705/2834
f 2074/703/2835 2069/702/2835 2075/704/2835
f 2069/702/2836 2074/703/2836 2076/705/2836
f 2077/702/2837 2078/703/2837 2083/704/2837
f 2078/703/2838 2077/702/2838 2084/705/2838
f 2078/703/2839 2079/706/2839 2083/704/2839
f 2079/706/2840 2078/703/2840 2084/705/2840
f 2079/706/2841 2080/707/2841 2083/704/2841
f 2080/707/2842 2079/706/2842 2084/705/2842
f 2080/707/2843 2081/706/2843 2083/704/2843
f 2081/706/2844 2080/707/2844 2084/705/2844
f 2081/706/2845 2082/703/2845 2083/704/2845
f 2082/703/2846 2081/706/2846 2084/705/2846
f 2082/703/2847 2077/702/2847 2083/704/2847
f 2077/702/2848 2082/703/2848 2084/705/2848
f 2085/708/2849 2086/709/2849 2091/710/2849
f 2086/709/2850 2085/708/2850 2092/711/2850
f 2086/709/2851 2087/712/2851 2091/710/2851
f 2087/712/2852 2086/709/2852 2092/711/2852
f 2087/712/2853 2088/713/2853 2091/710/2853
f 2088/713/2854 2087/712/2854 2092/711/2854
f 2088/713/2855 2089/712/2855 2091/710/2855
f 2089/712/2856 2088/713/2856 2092/711/2856
f 2089/712/2857 2090/709/2857 2091/710/2857
f 2090/709/2858 2089/712/2858 2092/711/2858
f 2090/709/2859 2085/708/2859 2091/710/2859
f 2085/708/2860 2090/709/2860 2092/711/2860
f 2093/708/2861 2094/709/2861 2099/710/2861
f 2094/709/2862 2093/708/2862 2100/711/2862
f 2094/709/2863 2095/712/2863 2099/710/2863
f 2095/712/2864 2094/709/2864 2100/711/2864
f 2095/712/2865 2096/713/2865 2099/710/2865
f 2096/713/2866 2095/712/2866 2100/711/2866
f 2096/713/2867 2097/712/2867 2099/710/2867
f 2097/712/2868 2096/713/2868 2100/711/2868
f 2097/712/2869 2098/709/2869 2099/710/2869
f 2098/709/2870 2097/712/2870 2100/711/2870
f 2098/709/2871 2093/708/2871 2099/710/2871
f 2093/708/2872 2098/709/2872 2100/711/2872
f 2101/714/2873 2102/715/2873 2107/716/2873
f 2102/715/2874 2101/714/2874 2108/717/2874
f 2102/715/2875 2103/718/2875 2107/716/2875
f 2103/718/2876 2102/715/2876 2108/717/2876
f 2103/718/2877 2104/719/2877 2107/716/2877
f 2104/719/2878 2103/718/2878 2108/717/2878
f 2104/719/2879 2105/718/2879 2107/716/2879
f 2105/718/2880 2104/719/2880 2108/717/2880
f 2105/718/2881 2106/715/2881 2107/716/2881
f 2106/715/2882 2105/718/2882 2108/717/2882
f 2106/715/2883 2101/714/2883 2107/716/2883
f 2101/714/2884 2106/715/2884 2108/717/2884
f 2109/714/2885 2110/715/2885 2115/716/2885
f 2110/715/2886 2109/714/2886 2116/717/2886
f 2110/715/2887 2111/718/2887 2115/716/2887
f 2111/718/2888 2110/715/2888 2116/717/2888
f 2111/718/2889 2112/719/2889 2115/716/2889
f 2112/719/2890 2111/718/2890 2116/717/2890
f 2112/719/2891 2113/718/2891 2115/716/2891
f 2113/718/2892 2112/719/2892 2116/717/2892
f 2113/718/2893 2114/715/2893 2115/716/2893
f 2114/715/2894 2113/718/2894 2116/717/2894
f 2114/715/2895 2109/714/2895 2115/716/2895
f 2109/714/2896 2114/715/2896 2116/717/2896
f 2117/720/2897 2118/721/2897 2123/722/2897
f 2118/721/2898 2117/720/2898 2124/723/2898
f 2118/721/2899 2119/724/2899 2123/722/2899
f 2119/724/2900 2118/721/2900 2124/723/2900
f 2119/724/2901 2120/725/2901 2123/722/2901
f 2120/725/2902 2119/724/2902 2124/723/2902
f 2120/725/2903 2121/724/2903 2123/722/2903
f 2121/724/2904 2120/725/2904 2124/723/2904
f 2121/724/2905 2122/721/2905 2123/722/2905
f 2122/721/2906 2121/724/2906 2124/723/2906
f 2122/721/2907 2117/720/2907 2123/722/2907
f 2117/720/2908 2122/721/2908 2124/723/2908
f 2125/720/2909 2126/721/2909 2131/722/2909
f 2126/721/2910 2125/720/2910 2132/723/2910
f 2126/721/2911 2127/724/2911 2131/722/2911
f 2127/724/2912 2126/721/2912 2132/723/2912
f 2127/724/2913 2128/725/2913 2131/722/2913
f 2128/725/2914 2127/724/2914 2132/723/2914
f 2128/725/2915 2129/724/2915 2131/722/2915
f 2129/724/2916 2128/725/2916 2132/723/2916
f 2129/724/2917 2130/721/2917 2131/722/2917
f 2130/721/2918 2129/724/2918 2132/723/2918
f 2130/721/2919 2125/720/2919 2131/722/2919
f 2125/720/2920 2130/721/2920 2132/723/2920
f 2133/726/2921 2134/727/2921 2139/728/2921
f 2134/727/2922 2133/726/2922 2140/729/2922
f 2134/727/2923 2135/730/2923 2139/728/2923
f 2135/730/2924 2134/727/2924 2140/729/2924
f 2135/730/2925 2136/731/2925 2139/728/2925
f 2136/731/2926 2135/730/2926 2140/729/2926
f 2136/731/2927 2137/730/2927 2139/728/2927
f 2137/730/2928 2136/731/2928 2140/729/2928
f 2137/730/2929 2138/727/2929 2139/728/2929
f 2138/727/2930 2137/730/2930 2140/729/2930
f 2138/727/2931 2133/726/2931 2139/728/2931
f 2133/726/2932 2138/727/2932 2140/729/2932
f 2141/726/2933 2142/727/2933 2147/728/2933
f 2142/727/2934 2141/726/2934 2148/729/2934
f 2142/727/2935 2143/730/2935 2147/728/2935
f 2143/730/2936 2142/727/2936 2148/729/2936
f 2143/730/2937 2144/731/2937 2147/728/2937
f 2144/731/2938 2143/730/2938 2148/729/2938
f 2144/731/2939 2145/730/2939 2147/728/2939
f 2145/730/2940 2144/731/2940 2148/729/2940
f 2145/730/2941 2146/727/2941 2147/728/2941
f 2146/727/2942 2145/730/2942 2148/729/2942
f 2146/727/2943 2141/726/2943 2147/728/2943
f 2141/726/2944 2146/727/2944 2148/729/2944
f 2149/732/2945 2150/733/2945 2155/734/2945
f 2150/733/2946 2149/732/2946 2156/735/2946
f 2150/733/2947 2151/736/2947 2155/734/2947
f 2151/736/2948 2150/733/2948 2156/735/2948
f 2151/736/2949 2152/737/2949 2155/734/2949
f 2152/737/2950 2151/736/2950 2156/735/2950
f 2152/737/2951 2153/736/2951 2155/734/2951
f 2153/736/2952 2152/737/2952 2156/735/2952
f 2153/736/2953 2154/733/2953 2155/734/2953
f 2154/733/2954 2153/736/2954 2156/735/2954
f 2154/733/2955 2149/732/2955 2155/734/2955
f 2149/732/2956 2154/733/2956 2156/735/2956
f 2157/732/2957 2158/733/2957 2163/734/2957
f 2158/733/2958 2157/732/2958 2164/735/2958
f 2158/733/2959 2159/736/2959 2163/734/2959
f 2159/736/2960 2158/733/2960 2164/735/2960
f 2159/736/2961 2160/737/2961 2163/734/2961
f 2160/737/2962 2159/736/2962 2164/735/2962
f 2160/737/2963 2161/736/2963 2163/734/2963
f 2161/736/2964 2160/737/2964 2164/735/2964
f 2161/736/2965 2162/733/2965 2163/734/2965
f 2162/733/2966 2161/736/2966 2164/735/2966
f 2162/733/2967 2157/732/2967 2163/734/2967
f 2157/732/2968 2162/733/2968 2164/735/2968
f 2165/738/2969 2166/739/2969 2171/740/2969
f 2166/739/2970 2165/738/2970 2172/741/2970
f 2166/739/2971 2167/742/2971 2171/740/2971
f 2167/742/2972 2166/739/2972 2172/741/2972
f 2167/742/2973 2168/743/2973 2171/740/2973
f 2168/743/2974 2167/742/2974 2172/741/2974
f 2168/743/2975 2169/742/2975 2171/740/2975
f 2169/742/2976 2168/743/2976 2172/741/2976
f 2169/742/2977 2170/739/2977 2171/740/2977
f 2170/739/2978 2169/742/2978 2172/741/2978
f 2170/739/2979 2165/738/2979 2171/740/2979
f 2165/738/2980 2170/739/2980 2172/741/2980
f 2173/738/2981 2174/739/2981 2179/740/2981
f 2174/739/2982 2173/738/2982 2180/741/2982
f 2174/739/2983 2175/742/2983 2179/740/2983
f 2175/742/2984 2174/739/2984 2180/741/2984
f 2175/742/2985 2176/743/2985 2179/740/2985
f 2176/743/2986 2175/742/2986 2180/741/2986
f 2176/743/2987 2177/742/2987 2179/740/2987
f 2177/742/2988 2176/743/2988 2180/741/2988
f 2177/742/2989 2178/739/2989 2179/740/2989
f 2178/739/2990 2177/742/2990 2180/741/2990
f 2178/739/2991 2173/738/2991 2179/740/2991
f 2173/738/2992 2178/739/2992 2180/741/2992
f 2181/744/2993 2182/745/2993 2187/746/2993
f 2182/745/2994 2181/744/2994 2188/747/2994
f 2182/745/2995 2183/748/2995 2187/746/2995
f 2183/748/2996 2182/745/2996 2188/747/2996
f 2183/748/2997 2184/749/2997 2187/746/2997
f 2184/749/2998 2183/748/2998 2188/747/2998
f 2184/749/2999 2185/748/2999 2187/746/2999
f 2185/748/3000 2184/749/3000 2188/747/3000
f 2185/748/3001 2186/745/3001 2187/746/3001
f 2186/745/3002 2185/748/3002 2188/747/3002
f 2186/745/3003 2181/744/3003 2187/746/3003
f 2181/744/3004 2186/745/3004 2188/747/3004
f 2189/744/3005 2190/745/3005 2195/746/3005
f 2190/745/3006 2189/744/3006 2196/747/3006
f 2190/745/3007 2191/748/3007 2195/746/3007
f 2191/748/3008 2190/745/3008 2196/747/3008
f 2191/748/3009 2192/749/3009 2195/746/3009
f 2192/749/3010 2191/748/3010 2196/747/3010
f 2192/749/3011 2193/748/3011 2195/746/3011
f 2193/748/3012 2192/749/3012 2196/747/3012
f 2193/748/3013 2194/745/3013 2195/746/3013
f 2194/745/3014 2193/748/3014 2196/747/3014
f 2194/745/3015 2189/744/3015 2195/746/3015
f 2189/744/3016 2194/745/3016 2196/747/3016
f 2197/750/3017 2198/751/3017 2203/752/3017
f 2198/751/3018 2197/750/3018 2204/753/3018
f 2198/751/3019 2199/754/3019 2203/752/3019
f 2199/754/3020 2198/751/3020 2204/753/3020
f 2199/754/3021 2200/755/3021 2203/752/3021
f 2200/755/3022 2199/754/3022 2204/753/3022
f 2200/755/3023 2201/754/3023 2203/752/3023
f 2201/754/3024 2200/755/3024 2204/753/3024
f 2201/754/3025 2202/751/3025 2203/752/3025
f 2202/751/3026 2201/754/3026 2204/753/3026
f 2202/751/3027 2197/750/3027 2203/752/3027
f 2197/750/3028 2202/751/3028 2204/753/3028
f 2205/750/3029 2206/751/3029 2211/752/3029
f 2206/751/3030 2205/750/3030 2212/753/3030
f 2206/751/3031 2207/754/3031 2211/752/3031
f 2207/754/3032 2206/751/3032 2212/753/3032
f 2207/754/3033 2208/755/3033 2211/752/3033
f 2208/755/3034 2207/754/3034 2212/753/3034
f 2208/755/3035 2209/754/3035 2211/752/3035
f 2209/754/3036 2208/755/3036 2212/753/3036
f 2209/754/3037 2210/751/3037 2211/752/3037
f 2210/751/3038 2209/754/3038 2212/753/3038
f 2210/751/3039 2205/750/3039 2211/752/3039
f 2205/750/3040 2210/751/3040 2212/753/3040
f 2213/756/3041 2214/757/3041 2219/758/3041
f 2214/757/3042 2213/756/3042 2220/759/3042
f 2214/757/3043 2215/760/3043 2219/758/3043
f 2215/760/3044 2214/757/3044 2220/759/3044
f 2215/760/3045 2216/761/3045 2219/758/3045
f 2216/761/3046 2215/760/3046 2220/759/3046
f 2216/761/3047 2217/760/3047 2219/758/3047
f 2217/760/3048 2216/761/3048 2220/759/3048
f 2217/760/3049 2218/757/3049 2219/758/3049
f 2218/757/3050 2217/760/3050 2220/759/3050
f 2218/757/3051 2213/756/3051 2219/758/3051
f 2213/756/3052 2218/757/3052 2220/759/3052
f 2221/756/3053 2222/757/3053 2227/758/3053
f 2222/757/3054 2221/756/3054 2228/759/3054
f 2222/757/3055 2223/760/3055 2227/758/3055
f 2223/760/3056 2222/757/3056 2228/759/3056
f 2223/760/3057 2224/761/3057 2227/758/3057
f 2224/761/3058 2223/760/3058 2228/759/3058
f 2224/761/3059 2225/760/3059 2227/758/3059
f 2225/760/3060 2224/761/3060 2228/759/3060
f 2225/760/3061 2226/757/3061 2227/758/3061
f 2226/757/3062 2225/760/3062 2228/759/3062
f 2226/757/3063 2221/756/3063 2227/758/3063
f 2221/756/3064 2226/757/3064 2228/759/3064
f 2229/762/3065 2230/763/3065 2235/764/3065
f 2230/763/3066 2229/762/3066 2236/765/3066
f 2230/763/3067 2231/766/3067 2235/764/3067
f 2231/766/3068 2230/763/3068 2236/765/3068
f 2231/766/3069 2232/767/3069 2235/764/3069
f 2232/767/3070 2231/766/3070 2236/765/3070
f 2232/767/3071 2233/766/3071 2235/764/3071
f 2233/766/3072 2232/767/3072 2236/765/3072
f 2233/766/3073 2234/763/3073 2235/764/3073
f 2234/763/3074 2233/766/3074 2236/765/3074
f 2234/763/3075 2229/762/3075 2235/764/3075
f 2229/762/3076 2234/763/3076 2236/765/3076
f 2237/762/3077 2238/763/3077 2243/764/3077
f 2238/763/3078 2237/762/3078 2244/765/3078
f 2238/763/3079 2239/766/3079 2243/764/3079
f 2239/766/3080 2238/763/3080 2244/765/3080
f 2239/766/3081 2240/767/3081 2243/764/3081
f 2240/767/3082 2239/766/3082 2244/765/3082
f 2240/767/3083 2241/766/3083 2243/764/3083
f 2241/766/3084 2240/767/3084 2244/765/3084
f 2241/766/3085 2242/763/3085 2243/764/3085
f 2242/763/3086 2241/766/3086 2244/765/3086
f 2242/763/3087 2237/762/3087 2243/764/3087
f 2237/762/3088 2242/763/3088 2244/765/3088
f 2245/768/3089 2246/769/3089 2251/770/3089
f 2246/769/3090 2245/768/3090 2252/771/3090
f 2246/769/3091 2247/772/3091 2251/770/3091
f 2247/772/3092 2246/769/3092 2252/771/3092
f 2247/772/3093 2248/773/3093 2251/770/3093
f 2248/773/3094 2247/772/3094 2252/771/3094
f 2248/773/3095 2249/772/3095 2251/770/3095
f 2249/772/3096 2248/773/3096 2252/771/3096
f 2249/772/3097 2250/769/3097 2251/770/3097
f 2250/769/3098 2249/772/3098 2252/771/3098
f 2250/769/3099 2245/768/3099 2251/770/3099
f 2245/768/3100 2250/769/3100 2252/771/3100
f 2253/768/3101 2254/769/3101 2259/770/3101
f 2254/769/3102 2253/768/3102 2260/771/3102
f 2254/769/3103 2255/772/3103 2259/770/3103
f 2255/772/3104 2254/769/3104 2260/771/3104
f 2255/772/3105 2256/773/3105 2259/770/3105
f 2256/773/3106 2255/772/3106 2260/771/3106
f 2256/773/3107 2257/772/3107 2259/770/3107
f 2257/772/3108 2256/773/3108 2260/771/3108
f 2257/772/3109 2258/769/3109 2259/770/3109
f 2258/769/3110 2257/772/3110 2260/771/3110
f 2258/769/3111 2253/768/3111 2259/770/3111
f 2253/768/3112 2258/769/3112 2260/771/3112
f 2261/774/3113 2262/775/3113 2267/776/3113
f 2262/775/3114 2261/774/3114 2268/777/3114
f 2262/775/3115 2263/778/3115 2267/776/3115
f 2263/778/3116 2262/775/3116 2268/777/3116
f 2263/778/3117 2264/779/3117 2267/776/3117
f 2264/779/3118 2263/778/3118 2268/777/3118
f 2264/779/3119 2265/778/3119 2267/776/3119
f 2265/778/3120 2264/779/3120 2268/777/3120
f 2265/778/3121 2266/775/3121 2267/776/3121
f 2266/775/3122 2265/778/3122 2268/777/3122
f 2266/775/3123 2261/774/3123 2267/776/3123
f 2261/774/3124 2266/775/3124 2268/777/3124
f 2269/774/3125 2270/775/3125 2275/776/3125
f 2270/775/3126 2269/774/3126 2276/777/3126
f 2270/775/3127 2271/778/3127 2275/776/3127
f 2271/778/3128 2270/775/3128 2276/777/3128
f 2271/778/3129 2272/779/3129 2275/776/3129
f 2272/779/3130 2271/778/3130 2276/777/3130
f 2272/779/3131 2273/778/3131 2275/776/3131
f 2273/778/3132 2272/779/3132 2276/777/3132
f 2273/778/3133 2274/775/3133 2275/776/3133
f 2274/775/3134 2273/778/3134 2276/777/3134
f 2274/775/3135 2269/774/3135 2275/776/3135
f 2269/774/3136 2274/775/3136 2276/777/3136
f 2277/780/3137 2278/781/3137 2283/782/3137
f 2278/781/3138 2277/780/3138 2284/783/3138
f 2278/781/3139 2279/784/3139 2283/782/3139
f 2279/784/3140 2278/781/3140 2284/783/3140
f 2279/784/3141 2280/785/3141 2283/782/3141
f 2280/785/3142 2279/784/3142 2284/783/3142
f 2280/785/3143 2281/784/3143 2283/782/3143
f 2281/784/3144 2280/785/3144 2284/783/3144
f 2281/784/3145 2282/781/3145 2283/782/3145
f 2282/781/3146 2281/784/3146 2284/783/3146
f 2282/781/3147 2277/780/3147 2283/782/3147
f 2277/780/3148 2282/781/3148 2284/783/3148
f 2285/780/3149 2286/781/3149 2291/782/3149
f 2286/781/3150 2285/780/3150 2292/783/3150
f 2286/781/3151 2287/784/3151 2291/782/3151
f 2287/784/3152 2286/781/3152 2292/783/3152
f 2287/784/3153 2288/785/3153 2291/782/3153
f 2288/785/3154 2287/784/3154 2292/783/3154
f 2288/785/3155 2289/784/3155 2291/782/3155
f 2289/784/3156 2288/785/3156 2292/783/3156
f 2289/784/3157 2290/781/3157 2291/782/3157
f 2290/781/3158 2289/784/3158 2292/783/3158
f 2290/781/3159 2285/780/3159 2291/782/3159
f 2285/780/3160 2290/781/3160 2292/783/3160
f 2293/786/3161 2294/787/3161 2299/788/3161
f 2294/787/3162 2293/786/3162 2300/789/3162
f 2294/787/3163 2295/790/3163 2299/788/3163
f 2295/790/3164 2294/787/3164 2300/789/3164
f 2295/790/3165 2296/791/3165 2299/788/3165
f 2296/791/3166 2295/790/3166 2300/789/3166
f 2296/791/3167 2297/790/3167 2299/788/3167
f 2297/790/3168 2296/791/3168 2300/789/3168
f 2297/790/3169 2298/787/3169 2299/788/3169
f 2298/787/3170 2297/790/3170 2300/789/3170
f 2298/787/3171 2293/786/3171 2299/788/3171
f 2293/786/3172 2298/787/3172 2300/789/3172
f 2301/786/3173 2302/787/3173 2307/788/3173
f 2302/787/3174 2301/786/3174 2308/789/3174
f 2302/787/3175 2303/790/3175 2307/788/3175
f 2303/790/3176 2302/787/3176 2308/789/3176
f 2303/790/3177 2304/791/3177 2307/788/3177
f 2304/791/3178 2303/790/3178 2308/789/3178
f 2304/791/3179 2305/790/3179 2307/788/3179
f 2305/790/3180 2304/791/3180 2308/789/3180
f 2305/790/3181 2306/787/3181 2307/788/3181
f 2306/787/3182 2305/790/3182 2308/789/3182
f 2306/787/3183 2301/786/3183 2307/788/3183
f 2301/786/3184 2306/787/3184 2308/789/3184
f 2309/792/3185 2310/793/3185 2315/794/3185
f 2310/793/3186 2309/792/3186 2316/795/3186
f 2310/793/3187 2311/796/3187 2315/794/3187
f 2311/796/3188 2310/793/3188 2316/795/3188
f 2311/796/3189 2312/797/3189 2315/794/3189
f 2312/797/3190 2311/796/3190 2316/795/3190
f 2312/797/3191 2313/796/3191 2315/794/3191
f 2313/796/3192 2312/797/3192 2316/795/3192
f 2313/796/3193 2314/793/3193 2315/794/3193
f 2314/793/3194 2313/796/3194 2316/795/3194
f 2314/793/3195 2309/792/3195 2315/794/3195
f 2309/792/3196 2314/793/3196 2316/795/3196
f 2317/792/3197 2318/793/3197 2323/794/3197
f 2318/793/3198 2317/792/3198 2324/795/3198
f 2318/793/3199 2319/796/3199 2323/794/3199
f 2319/796/3200 2318/793/3200 2324/795/3200
f 2319/796/3201 2320/797/3201 2323/794/3201
f 2320/797/3202 2319/796/3202 2324/795/3202
f 2320/797/3203 2321/796/3203 2323/794/3203
f 2321/796/3204 2320/797/3204 2324/795/3204
f 2321/796/3205 2322/793/3205 2323/794/3205
f 2322/793/3206 2321/796/3206 2324/795/3206
f 2322/793/3207 2317/792/3207 2323/794/3207
f 2317/792/3208 2322/793/3208 2324/795/3208
f 2325/798/3209 2326/799/3209 2331/800/3209
f 2326/799/3210 2325/798/3210 2332/801/3210
f 2326/799/3211 2327/802/3211 2331/800/3211
f 2327/802/3212 2326/799/3212 2332/801/3212
f 2327/802/3213 2328/803/3213 2331/800/3213
f 2328/803/3214 2327/802/3214 2332/801/3214
f 2328/803/3215 2329/802/3215 2331/800/3215
f 2329/802/3216 2328/803/3216 2332/801/3216
f 2329/802/3217 2330/799/3217 2331/800/3217
f 2330/799/3218 2329/802/3218 2332/801/3218
f 2330/799/3219 2325/798/3219 2331/800/3219
f 2325/798/3220 2330/799/3220 2332/801/3220
f 2333/798/3221 2334/799/3221 2339/800/3221
f 2334/799/3222 2333/798/3222 2340/801/3222
f 2334/799/3223 2335/802/3223 2339/800/3223
f 2335/802/3224 2334/799/3224 2340/801/3224
f 2335/802/3225 2336/803/3225 2339/800/3225
f 2336/803/3226 2335/802/3226 2340/801/3226
f 2336/803/3227 2337/802/3227 2339/800/3227
f 2337/802/3228 2336/803/3228 2340/801/3228
f 2337/802/3229 2338/799/3229 2339/800/3229
f 2338/799/3230 2337/802/3230 2340/801/3230
f 2338/799/3231 2333/798/3231 2339/800/3231
f 2333/798/3232 2338/799/3232 2340/801/3232
f 2341/804/3233 2342/805/3233 2347/806/3233
f 2342/805/3234 2341/804/3234 2348/807/3234
f 2342/805/3235 2343/808/3235 2347/806/3235
f 2343/808/3236 2342/805/3236 2348/807/3236
f 2343/808/3237 2344/809/3237 2347/806/3237
f 2344/809/3238 2343/808/3238 2348/807/3238
f 2344/809/3239 2345/808/3239 2347/806/3239
f 2345/808/3240 2344/809/3240 2348/807/3240
f 2345/808/3241 2346/805/3241 2347/806/3241
f 2346/805/3242 2345/808/3242 2348/807/3242
f 2346/805/3243 2341/804/3243 2347/806/3243
f 2341/804/3244 2346/805/3244 2348/807/3244
f 2349/804/3245 2350/805/3245 2355/806/3245
f 2350/805/3246 2349/804/3246 2356/807/3246
f 2350/805/3247 2351/808/3247 2355/806/3247
f 2351/808/3248 2350/805/3248 2356/807/3248
f 2351/808/3249 2352/809/3249 2355/806/3249
f 2352/809/3250 2351/808/3250 2356/807/3250
f 2352/809/3251 2353/808/3251 2355/806/3251
f 2353/808/3252 2352/809/3252 2356/807/3252
f 2353/808/3253 2354/805/3253 2355/806/3253
f 2354/805/3254 2353/808/3254 2356/807/3254
f 2354/805/3255 2349/804/3255 2355/806/3255
f 2349/804/3256 2354/805/3256 2356/807/3256
f 2357/810/3257 2358/811/3257 2363/812/3257
f 2358/811/3258 2357/810/3258 2364/813/3258
f 2358/811/3259 2359/814/3259 2363/812/3259
f 2359/814/3260 2358/811/3260 2364/813/3260
f 2359/814/3261 2360/815/3261 2363/812/3261
f 2360/815/3262 2359/814/3262 2364/813/3262
f 2360/815/3263 2361/814/3263 2363/812/3263
f 2361/814/3264 2360/815/3264 2364/813/3264
f 2361/814/3265 2362/811/3265 2363/812/3265
f 2362/811/3266 2361/814/3266 2364/813/3266
f 2362/811/3267 2357/810/3267 2363/812/3267
f 2357/810/3268 2362/811/3268 2364/813/3268
f 2365/810/3269 2366/811/3269 2371/812/3269
f 2366/811/3270 2365/810/3270 2372/813/3270
f 2366/811/3271 2367/814/3271 2371/812/3271
f 2367/814/3272 2366/811/3272 2372/813/3272
f 2367/814/3273 2368/815/3273 2371/812/3273
f 2368/815/3274 2367/814/3274 2372/813/3274
f 2368/815/3275 2369/814/3275 2371/812/3275
f 2369/814/3276 2368/815/3276 2372/813/3276
f 2369/814/3277 2370/811/3277 2371/812/3277
f 2370/811/3278 2369/814/3278 2372/813/3278
f 2370/811/3279 2365/810/3279 2371/812/3279
f 2365/810/3280 2370/811/3280 2372/813/3280
f 2373/816/3281 2374/817/3281 2379/818/3281
f 2374/817/3282 2373/816/3282 2380/819/3282
f 2374/817/3283 2375/820/3283 2379/818/3283
f 2375/820/3284 2374/817/3284 2380/819/3284
f 2375/820/3285 2376/821/3285 2379/818/3285
f 2376/821/3286 2375/820/3286 2380/819/3286
f 2376/821/3287 2377/820/3287 2379/818/3287
f 2377/820/3288 2376/821/3288 2380/819/3288
f 2377/820/3289 2378/817/3289 2379/818/3289
f 2378/817/3290 2377/820/3290 2380/819/3290
f 2378/817/3291 2373/816/3291 2379/818/3291
f 2373/816/3292 2378/817/3292 2380/819/3292
f 2381/822/3293 2382/823/3293 2387/824/3293
f 2382/823/3294 2381/822/3294 2388/825/3294
f 2382/823/3295 2383/826/3295 2387/824/3295
f 2383/826/3296 2382/823/3296 2388/825/3296
f 2383/826/3297 2384/827/3297 2387/824/3297
f 2384/827/3298 2383/826/3298 2388/825/3298
f 2384/827/3299 2385/826/3299 2387/824/3299
f 2385/826/3300 2384/827/3300 2388/825/3300
f 2385/826/3301 2386/823/3301 2387/824/3301
f 2386/823/3302 2385/826/3302 2388/825/3302
f 2386/823/3303 2381/822/3303 2387/824/3303
f 2381/822/3304 2386/823/3304 2388/825/3304
f 2389/828/3305 2390/829/3305 2395/830/3305
f 2390/829/3306 2389/828/3306 2396/831/3306
f 2390/829/3307 2391/832/3307 2395/830/3307
f 2391/832/3308 2390/829/3308 2396/831/3308
f 2391/832/3309 2392/833/3309 2395/830/3309
f 2392/833/3310 2391/832/3310 2396/831/3310
f 2392/833/3311 2393/832/3311 2395/830/3311
f 2393/832/3312 2392/833/3312 2396/831/3312
f 2393/832/3313 2394/829/3313 2395/830/3313
f 2394/829/3314 2393/832/3314 2396/831/3314
f 2394/829/3315 2389/828/3315 2395/830/3315
f 2389/828/3316 2394/829/3316 2396/831/3316
f 2397/834/3317 2398/835/3317 2403/836/3317
f 2398/835/3318 2397/834/3318 2404/837/3318
f 2398/835/3319 2399/838/3319 2403/836/3319
f 2399/838/3320 2398/835/3320 2404/837/3320
f 2399/838/3321 2400/839/3321 2403/836/3321
f 2400/839/3322 2399/838/3322 2404/837/3322
f 2400/839/3323 2401/838/3323 2403/836/3323
f 2401/838/3324 2400/839/3324 2404/837/3324
f 2401/838/3325 2402/835/3325 2403/836/3325
f 2402/835/3326 2401/838/3326 2404/837/3326
f 2402/835/3327 2397/834/3327 2403/836/3327
f 2397/834/3328 2402/835/3328 2404/837/3328
f 2405/840/3329 2406/841/3329 2411/842/3329
f 2406/841/3330 2405/840/3330 2412/843/3330
f 2406/841/3331 2407/844/3331 2411/842/3331
f 2407/844/3332 2406/841/3332 2412/843/3332
f 2407/844/3333 2408/845/3333 2411/842/3333
f 2408/845/3334 2407/844/3334 2412/843/3334
f 2408/845/3335 2409/844/3335 2411/842/3335
f 2409/844/3336 2408/845/3336 2412/843/3336
f 2409/844/3337 2410/841/3337 2411/842/3337
f 2410/841/3338 2409/844/3338 2412/843/3338
f 2410/841/3339 2405/840/3339 2411/842/3339
f 2405/840/3340 2410/841/3340 2412/843/3340
f 2413/846/3341 2414/847/3341 2419/848/3341
f 2414/847/3342 2413/846/3342 2420/849/3342
f 2414/847/3343 2415/850/3343 2419/848/3343
f 2415/850/3344 2414/847/3344 2420/849/3344
f 2415/850/3345 2416/851/3345 2419/848/3345
f 2416/851/3346 2415/850/3346 2420/849/3346
f 2416/851/3347 2417/850/3347 2419/848/3347
f 2417/850/3348 2416/851/3348 2420/849/3348
f 2417/850/3349 2418/847/3349 2419/848/3349
f 2418/847/3350 2417/850/3350 2420/849/3350
f 2418/847/3351 2413/846/3351 2419/848/3351
f 2413/846/3352 2418/847/3352 2420/849/3352
f 2421/852/3353 2422/853/3353 2427/854/3353
f 2422/853/3354 2421/852/3354 2428/855/3354
f 2422/853/3355 2423/856/3355 2427/854/3355
f 2423/856/3356 2422/853/3356 2428/855/3356
f 2423/856/3357 2424/857/3357 2427/854/3357
f 2424/857/3358 2423/856/3358 2428/855/3358
f 2424/857/3359 2425/856/3359 2427/854/3359
f 2425/856/3360 2424/857/3360 2428/855/3360
f 2425/856/3361 2426/853/3361 2427/854/3361
f 2426/853/3362 2425/856/3362 2428/855/3362
f 2426/853/3363 2421/852/3363 2427/854/3363
f 2421/852/3364 2426/853/3364 2428/855/3364
f 2429/858/3365 2430/859/3365 2435/860/3365
f 2430/859/3366 2429/858/3366 2436/861/3366
f 2430/859/3367 2431/862/3367 2435/860/3367
f 2431/862/3368 2430/859/3368 2436/861/3368
f 2431/862/3369 2432/863/3369 2435/860/3369
f 2432/863/3370 2431/862/3370 2436/861/3370
f 2432/863/3371 2433/862/3371 2435/860/3371
f 2433/862/3372 2432/863/3372 2436/861/3372
f 2433/862/3373 2434/859/3373 2435/860/3373
f 2434/859/3374 2433/862/3374 2436/861/3374
f 2434/859/3375 2429/858/3375 2435/860/3375
f 2429/858/3376 2434/859/3376 2436/861/3376
f 2437/864/3377 2438/865/3377 2443/866/3377
f 2438/865/3378 2437/864/3378 2444/867/3378
f 2438/865/3379 2439/868/3379 2443/866/3379
f 2439/868/3380 2438/865/3380 2444/867/3380
f 2439/868/3381 2440/869/3381 2443/866/3381
f 2440/869/3382 2439/868/3382 2444/867/3382
f 2440/869/3383 2441/868/3383 2443/866/3383
f 2441/868/3384 2440/869/3384 2444/867/3384
f 2441/868/3385 2442/865/3385 2443/866/3385
f 2442/865/3386 2441/868/3386 2444/867/3386
f 2442/865/3387 2437/864/3387 2443/866/3387
f 2437/864/3388 2442/865/3388 2444/867/3388
f 2445/870/3389 2446/871/3389 2451/872/3389
f 2446/871/3390 2445/870/3390 2452/873/3390
f 2446/871/3391 2447/874/3391 2451/872/3391
f 2447/874/3392 2446/871/3392 2452/873/3392
f 2447/874/3393 2448/875/3393 2451/872/3393
f 2448/875/3394 2447/874/3394 2452/873/3394
f 2448/875/3395 2449/874/3395 2451/872/3395
f 2449/874/3396 2448/875/3396 2452/873/3396
f 2449/874/3397 2450/871/3397 2451/872/3397
f 2450/871/3398 2449/874/3398 2452/873/3398
f 2450/871/3399 2445/870/3399 2451/872/3399
f 2445/870/3400 2450/871/3400 2452/873/3400
f 2453/876/3401 2454/877/3401 2459/878/3401
f 2454/877/3402 2453/876/3402 2460/879/3402
f 2454/877/3403 2455/880/3403 2459/878/3403
f 2455/880/3404 2454/877/3404 2460/879/3404
f 2455/880/3405 2456/881/3405 2459/878/3405
f 2456/881/3406 2455/880/3406 2460/879/3406
f 2456/881/3407 2457/880/3407 2459/878/3407
f 2457/880/3408 2456/881/3408 2460/879/3408
f 2457/880/3409 2458/877/3409 2459/878/3409
f 2458/877/3410 2457/880/3410 2460/879/3410
f 2458/877/3411 2453/876/3411 2459/878/3411
f 2453/876/3412 2458/877/3412 2460/879/3412
f 2461/882/3413 2462/883/3413 2467/884/3413
f 2462/883/3414 2461/882/3414 2468/885/3414
f 2462/883/3415 2463/886/3415 2467/884/3415
f 2463/886/3416 2462/883/3416 2468/885/3416
f 2463/886/3417 2464/887/3417 2467/884/3417
f 2464/887/3418 2463/886/3418 2468/885/3418
f 2464/887/3419 2465/886/3419 2467/884/3419
f 2465/886/3420 2464/887/3420 2468/885/3420
f 2465/886/3421 2466/883/3421 2467/884/3421
f 2466/883/3422 2465/886/3422 2468/885/3422
f 2466/883/3423 2461/882/3423 2467/884/3423
f 2461/882/3424 2466/883/3424 2468/885/3424
s 1
f 2/1/1 4/1/2 3/2/2
f 4/1/2 6/1/3 5/2/3
f 6/1/3 8/1/4 7/2/4
f 7/2/4 8/1/4 10/1/5
s 0
f 6/1/6 4/1/6 10/1/6
f 4/1/6 2/1/6 10/1/6
f 2/1/6 12/1/6 10/1/6
s 1
f 10/1/5 12/1/7 11/2/7
f 11/2/7 12/1/7 2/1/1
s 0
f 11/2/8 1/2/8 3/2/8
f 3/2/8 5/2/8 7/2/8
f 7/2/8 9/2/8 3/2/8
s 1
f 13/3/9 14/4/9 16/4/10
f 16/4/10 18/4/11 17/3/11
f 18/4/11 20/4/12 19/3/12
f 19/3/12 20/4/12 22/4/13
s 0
f 18/4/14 16/4/14 14/4/14
f 14/4/14 24/4/14 22/4/14
f 22/4/14 20/4/14 18/4/14
s 1
f 22/4/13 24/4/15 23/3/15
f 23/3/15 24/4/15 14/4/9
s 0
f 23/3/16 13/3/16 15/3/16
f 15/3/16 17/3/16 19/3/16
f 19/3/16 21/3/16 23/3/16
s 1
f 26/5/17 28/5/18 27/6/18
f 27/6/18 28/5/18 30/5/19
f 29/6/19 30/5/19 32/5/20
f 32/5/20 34/5/21 33/6/21
s 0
f 30/5/22 28/5/22 26/5/22
f 26/5/22 36/5/22 30/5/22
f 36/5/22 34/5/22 30/5/22
s 1
f 34/5/21 36/5/23 35/6/23
f 36/5/23 26/5/17 25/6/17
s 0
f 35/6/24 25/6/24 27/6/24
f 27/6/24 29/6/24 31/6/24
f 31/6/24 33/6/24 35/6/24
s 1
f 38/7/25 40/7/26 39/8/26
f 39/8/26 40/7/26 42/7/27
f 42/7/27 44/7/28 43/8/28
f 44/7/28 46/7/29 45/8/29
s 0
f 42/7/30 40/7/30 46/7/30
f 40/7/30 38/7/30 46/7/30
f 38/7/30 48/7/30 46/7/30
s 1
f 45/8/29 46/7/29 48/7/31
f 48/7/31 38/7/25 37/8/25
s 0
f 47/8/32 37/8/32 39/8/32
f 39/8/32 41/8/32 43/8/32
f 43/8/32 45/8/32 39/8/32
s 1
f 50/9/33 52/9/34 51/10/34
f 51/10/34 52/9/34 54/9/35
f 53/10/36 54/9/35 56/9/37
f 55/10/37 56/9/37 58/9/38
s 0
f 54/9/39 52/9/39 50/9/39
f 50/9/39 60/9/39 58/9/39
f 58/9/39 56/9/39 50/9/39
s 1
f 58/9/38 60/9/40 59/10/40
f 60/9/40 50/9/33 49/10/33
s 0
f 59/10/41 49/10/41 51/10/41
f 51/10/41 53/10/41 55/10/41
f 55/10/41 57/10/41 59/10/41
s 1
f 62/11/42 64/11/43 63/12/43
f 63/12/43 64/11/43 66/11/44
f 66/11/44 68/11/45 67/12/45
f 67/12/45 68/11/45 70/11/46
s 0
f 66/11/47 64/11/47 62/11/47
f 62/11/47 72/11/47 70/11/47
f 70/11/47 68/11/47 62/11/47
s 1
f 70/11/46 72/11/48 71/12/48
f 71/12/48 72/11/48 62/11/42
s 0
f 71/12/49 61/12/49 63/12/49
f 63/12/49 65/12/49 67/12/49
f 67/12/49 69/12/49 71/12/49
s 1
f 73/2/50 74/13/50 76/13/51
f 75/2/51 76/13/51 78/13/52
f 78/13/52 80/13/53 79/2/53
f 80/13/53 82/13/54 81/2/54
s 0
f 78/13/55 76/13/55 74/13/55
f 74/13/55 84/13/55 82/13/55
f 82/13/55 80/13/55 74/13/55
s 1
f 82/13/54 84/13/56 83/2/56
f 84/13/56 74/13/50 73/2/50
s 0
f 83/2/57 73/2/57 75/2/57
f 75/2/57 77/2/57 79/2/57
f 79/2/57 81/2/57 83/2/57
s 1
f 86/13/58 88/13/59 87/2/59
f 87/2/59 88/13/59 90/13/60
f 90/13/60 92/13/61 91/2/61
f 91/2/61 92/13/61 94/13/62
s 0
f 90/13/63 88/13/63 86/13/63
f 86/13/63 96/13/63 94/13/63
f 94/13/63 92/13/63 86/13/63
s 1
f 93/2/62 94/13/62 96/13/64
f 96/13/64 86/13/58 85/2/58
s 0
f 95/2/65 85/2/65 87/2/65
f 87/2/65 89/2/65 91/2/65
f 91/2/65 93/2/65 95/2/65
s 1
f 98/13/66 100/13/67 99/2/67
f 99/2/67 100/13/67 102/13/68
f 101/2/68 102/13/68 104/13/69
f 104/13/69 106/13/70 105/2/70
s 0
f 102/13/71 100/13/71 106/13/71
f 100/13/71 98/13/71 106/13/71
f 98/13/71 108/13/71 106/13/71
s 1
f 106/13/70 108/13/72 107/2/72
f 108/13/72 98/13/66 97/2/66
s 0
f 107/2/73 97/2/73 99/2/73
f 99/2/73 101/2/73 103/2/73
f 103/2/73 105/2/73 107/2/73
s 1
f 109/2/74 110/13/74 112/13/75
f 111/2/75 112/13/75 114/13/76
f 114/13/76 116/13/77 115/2/77
f 116/13/77 118/13/78 117/2/78
s 0
f 114/13/79 112/13/79 110/13/79
f 110/13/79 120/13/79 118/13/79
f 118/13/79 116/13/79 110/13/79
s 1
f 117/2/78 118/13/78 120/13/80
f 120/13/80 110/13/74 109/2/74
s 0
f 119/2/81 109/2/81 115/2/81
f 109/2/81 111/2/81 115/2/81
f 111/2/81 113/2/81 115/2/81
s 1
f 122/13/82 124/13/83 123/2/83
f 123/2/83 124/13/83 126/13/84
f 125/2/84 126/13/84 128/13/85
f 128/13/85 130/13/86 129/2/86
s 0
f 126/13/87 124/13/87 122/13/87
f 122/13/87 132/13/87 130/13/87
f 130/13/87 128/13/87 126/13/87
s 1
f 130/13/86 132/13/88 131/2/88
f 132/13/88 122/13/82 121/2/82
s 0
f 131/2/89 121/2/89 123/2/89
f 123/2/89 125/2/89 127/2/89
f 127/2/89 129/2/89 131/2/89
s 1
f 134/14/90 136/14/93 135/15/91
f 136/14/93 138/14/96 137/15/94
f 136/14/93 134/14/90 140/14/95
f 137/15/94 138/14/96 140/14/95
f 140/14/95 134/14/90 133/15/92
f 133/15/92 135/15/91 137/15/94
f 141/16/98 142/17/102 144/17/99
f 144/17/99 146/17/103 145/16/101
f 142/17/102 148/17/105 146/17/103
f 146/17/103 148/17/105 147/16/104
f 148/17/105 142/17/102 141/16/98
f 141/16/98 143/16/100 145/16/101
f 150/18/106 152/18/109 151/19/107
f 152/18/109 154/18/111 153/19/110
f 150/18/106 156/18/3425 154/18/111
f 154/18/111 156/18/3425 155/19/112
f 155/19/112 156/18/3425 150/18/106
f 151/19/107 153/19/110 155/19/112
f 158/20/113 160/20/118 159/21/114
f 159/21/114 160/20/118 162/20/116
f 160/20/118 158/20/113 164/20/119
f 162/20/116 164/20/119 163/21/120
f 164/20/119 158/20/113 157/21/115
f 159/21/114 161/21/117 163/21/120
f 165/22/121 166/23/128 168/23/122
f 168/23/122 170/23/126 169/22/124
f 168/23/122 166/23/128 172/23/125
f 169/22/124 170/23/126 172/23/125
f 171/22/127 172/23/125 166/23/128
f 167/22/123 169/22/124 171/22/127
f 173/24/129 174/25/133 176/25/130
f 176/25/130 178/25/134 177/24/132
f 174/25/133 180/25/135 178/25/134
f 177/24/132 178/25/134 180/25/135
f 180/25/135 174/25/133 173/24/129
f 173/24/129 175/24/131 177/24/132
f 182/26/137 184/26/140 183/27/138
f 184/26/140 186/26/143 185/27/141
f 184/26/140 182/26/137 188/26/142
f 186/26/143 188/26/142 187/27/144
f 188/26/142 182/26/137 181/27/139
f 183/27/138 185/27/141 187/27/144
f 190/28/145 192/28/148 191/29/146
f 192/28/148 194/28/151 193/29/149
f 192/28/148 190/28/145 196/28/150
f 193/29/149 194/28/151 196/28/150
f 196/28/150 190/28/145 189/29/147
f 189/29/147 191/29/146 193/29/149
f 197/30/153 198/31/157 200/31/154
f 200/31/154 202/31/158 201/30/156
f 198/31/157 204/31/3426 202/31/158
f 202/31/158 204/31/3426 203/30/159
f 203/30/159 204/31/3426 198/31/157
f 199/30/155 201/30/156 203/30/159
f 206/32/160 208/32/165 207/33/161
f 207/33/161 208/32/165 210/32/163
f 208/32/165 206/32/160 212/32/166
f 210/32/163 212/32/166 211/33/167
f 212/32/166 206/32/160 205/33/162
f 207/33/161 209/33/164 211/33/167
f 214/34/168 216/34/171 215/35/169
f 216/34/171 218/34/173 217/35/172
f 214/34/168 220/34/174 218/34/173
f 217/35/172 218/34/173 220/34/174
f 219/35/175 220/34/174 214/34/168
f 213/35/170 215/35/169 217/35/172
f 221/36/176 222/37/180 224/37/177
f 224/37/177 226/37/181 225/36/179
f 222/37/180 228/37/183 226/37/181
f 226/37/181 228/37/183 227/36/182
f 228/37/183 222/37/180 221/36/176
f 221/36/176 223/36/178 225/36/179
f 230/38/184 232/38/187 231/39/185
f 232/38/187 234/38/189 233/39/188
f 230/38/184 236/38/190 234/38/189
f 233/39/188 234/38/189 236/38/190
f 236/38/190 230/38/184 229/39/186
f 229/39/186 231/39/185 233/39/188
f 238/40/192 240/40/195 239/41/193
f 240/40/195 242/40/198 241/41/196
f 240/40/195 238/40/192 244/40/197
f 242/40/198 244/40/197 243/41/199
f 244/40/197 238/40/192 237/41/194
f 239/41/193 241/41/196 243/41/199
f 245/42/200 246/43/204 248/43/201
f 248/43/201 250/43/205 249/42/203
f 246/43/204 252/43/206 250/43/205
f 249/42/203 250/43/205 252/43/206
f 251/42/207 252/43/206 246/43/204
f 247/42/202 249/42/203 251/42/207
f 254/44/208 256/44/211 255/45/209
f 256/44/211 258/44/214 257/45/212
f 256/44/211 254/44/208 260/44/213
f 257/45/212 258/44/214 260/44/213
f 260/44/213 254/44/208 253/45/210
f 255/45/209 257/45/212 259/45/215
f 261/46/216 262/47/220 264/47/217
f 264/47/217 266/47/221 265/46/219
f 262/47/220 268/47/223 266/47/221
f 266/47/221 268/47/223 267/46/222
f 268/47/223 262/47/220 261/46/216
f 261/46/216 263/46/218 265/46/219
f 270/48/224 272/48/229 271/49/225
f 271/49/225 272/48/229 274/48/227
f 272/48/229 270/48/224 276/48/230
f 273/49/228 274/48/227 276/48/230
f 276/48/230 270/48/224 269/49/226
f 271/49/225 273/49/228 275/49/231
f 277/50/232 278/51/237 280/51/233
f 279/50/234 280/51/233 282/51/235
f 278/51/237 284/51/238 282/51/235
f 281/50/236 282/51/235 284/51/238
f 284/51/238 278/51/237 277/50/232
f 277/50/232 279/50/234 281/50/236
f 286/52/240 288/52/245 287/53/241
f 287/53/241 288/52/245 290/52/243
f 288/52/245 286/52/240 292/52/246
f 289/53/244 290/52/243 292/52/246
f 292/52/246 286/52/240 285/53/242
f 285/53/242 287/53/241 289/53/244
f 293/54/248 294/55/3427 296/55/249
f 296/55/249 298/55/253 297/54/251
f 296/55/249 294/55/3427 300/55/252
f 298/55/253 300/55/252 299/54/254
f 300/55/252 294/55/3427 293/54/248
f 293/54/248 295/54/250 297/54/251
f 302/56/255 304/56/258 303/57/256
f 304/56/258 306/56/261 305/57/259
f 304/56/258 302/56/255 308/56/260
f 306/56/261 308/56/260 307/57/262
f 307/57/262 308/56/260 302/56/255
f 303/57/256 305/57/259 307/57/262
f 310/58/263 312/58/266 311/59/264
f 312/58/266 314/58/268 313/59/267
f 310/58/263 316/58/269 314/58/268
f 313/59/267 314/58/268 316/58/269
f 316/58/269 310/58/263 309/59/265
f 309/59/265 311/59/264 313/59/267
f 318/60/271 320/60/274 319/61/272
f 320/60/274 322/60/277 321/61/275
f 320/60/274 318/60/271 324/60/276
f 321/61/275 322/60/277 324/60/276
f 324/60/276 318/60/271 317/61/273
f 319/61/272 321/61/275 323/61/278
f 325/62/279 326/63/286 328/63/280
f 328/63/280 330/63/284 329/62/282
f 328/63/280 326/63/286 332/63/283
f 330/63/284 332/63/283 331/62/285
f 331/62/285 332/63/283 326/63/286
f 325/62/279 327/62/281 329/62/282
f 334/64/287 336/64/290 335/65/288
f 336/64/290 338/64/293 337/65/291
f 336/64/290 334/64/287 340/64/292
f 338/64/293 340/64/292 339/65/294
f 339/65/294 340/64/292 334/64/287
f 335/65/288 337/65/291 339/65/294
f 342/66/295 344/66/298 343/67/296
f 344/66/298 346/66/300 345/67/299
f 342/66/295 348/66/302 346/66/300
f 346/66/300 348/66/302 347/67/301
f 348/66/302 342/66/295 341/67/297
f 341/67/297 343/67/296 345/67/299
f 350/68/303 352/68/308 351/69/304
f 351/69/304 352/68/308 354/68/306
f 350/68/303 356/68/310 354/68/306
f 354/68/306 356/68/310 355/69/309
f 356/68/310 350/68/303 349/69/305
f 351/69/304 353/69/307 355/69/309
f 358/70/311 360/70/314 359/71/312
f 360/70/314 362/70/316 361/71/315
f 358/70/311 364/70/3428 362/70/316
f 362/70/316 364/70/3428 363/71/317
f 363/71/317 364/70/3428 358/70/311
f 359/71/312 361/71/315 363/71/317
f 366/72/318 368/72/323 367/73/319
f 367/73/319 368/72/323 370/72/321
f 366/72/318 372/72/324 370/72/321
f 369/73/322 370/72/321 372/72/324
f 372/72/324 366/72/318 365/73/320
f 367/73/319 369/73/322 371/73/325
f 373/74/326 374/75/330 376/75/327
f 376/75/327 378/75/331 377/74/329
f 374/75/330 380/75/3429 378/75/331
f 378/75/331 380/75/3429 379/74/332
f 379/74/332 380/75/3429 374/75/330
f 375/74/328 377/74/329 379/74/332
f 382/76/333 384/76/336 383/77/334
f 384/76/336 386/76/338 385/77/337
f 382/76/333 388/76/339 386/76/338
f 385/77/337 386/76/338 388/76/339
f 387/77/340 388/76/339 382/76/333
f 381/77/335 383/77/334 385/77/337
f 390/78/341 392/78/344 391/79/342
f 392/78/344 394/78/346 393/79/345
f 390/78/341 396/78/348 394/78/346
f 394/78/346 396/78/348 395/79/347
f 396/78/348 390/78/341 389/79/343
f 391/79/342 393/79/345 395/79/347
f 397/80/349 398/81/3430 400/81/350
f 400/81/350 402/81/354 401/80/352
f 400/81/350 398/81/3430 404/81/353
f 402/81/354 404/81/353 403/80/355
f 404/81/353 398/81/3430 397/80/349
f 397/80/349 399/80/351 401/80/352
f 405/82/356 406/83/3431 408/83/357
f 408/83/357 410/83/361 409/82/359
f 408/83/357 406/83/3431 412/83/360
f 410/83/361 412/83/360 411/82/362
f 412/83/360 406/83/3431 405/82/356
f 405/82/356 407/82/358 409/82/359
f 413/84/363 414/85/370 416/85/364
f 416/85/364 418/85/368 417/84/366
f 416/85/364 414/85/370 420/85/367
f 418/85/368 420/85/367 419/84/369
f 419/84/369 420/85/367 414/85/370
f 413/84/363 415/84/365 417/84/366
f 421/86/371 422/87/3432 424/87/372
f 423/86/373 424/87/372 426/87/374
f 424/87/372 422/87/3432 428/87/376
f 425/86/375 426/87/374 428/87/376
f 428/87/376 422/87/3432 421/86/371
f 421/86/371 423/86/373 425/86/375
f 429/88/378 430/89/3433 432/89/379
f 432/89/379 434/89/383 433/88/381
f 432/89/379 430/89/3433 436/89/382
f 434/89/383 436/89/382 435/88/384
f 436/89/382 430/89/3433 429/88/378
f 431/88/380 433/88/381 435/88/384
f 437/90/385 438/91/390 440/91/386
f 439/90/387 440/91/386 442/91/388
f 438/91/390 444/91/392 442/91/388
f 442/91/388 444/91/392 443/90/391
f 444/91/392 438/91/390 437/90/385
f 437/90/385 439/90/387 441/90/389
f 446/92/393 448/92/398 447/93/394
f 447/93/394 448/92/398 450/92/396
f 448/92/398 446/92/393 452/92/399
f 450/92/396 452/92/399 451/93/400
f 452/92/399 446/92/393 445/93/395
f 445/93/395 447/93/394 449/93/397
