# Blender 5.2.1 LTS
# www.blender.org
mtllib garrison_3.mtl
o Fortification
v -4.462500 0.000000 4.383750
v 4.462500 0.000000 4.383750
v 4.488750 0.000000 4.357500
v 4.488750 0.000000 -4.357500
v 4.462500 0.000000 -4.383750
v -4.462500 0.000000 -4.383750
v -4.488750 0.000000 -4.357500
v -4.488750 0.000000 4.357500
v -4.488750 0.026250 4.410000
v 4.488750 0.026250 4.410000
v 4.515000 0.026250 4.383750
v 4.515000 0.026250 -4.383750
v 4.488750 0.026250 -4.410000
v -4.488750 0.026250 -4.410000
v -4.515000 0.026250 -4.383750
v -4.515000 0.026250 4.383750
v -4.488750 0.498750 4.410000
v 4.488750 0.498750 4.410000
v 4.515000 0.498750 4.383750
v 4.515000 0.498750 -4.383750
v 4.488750 0.498750 -4.410000
v -4.488750 0.498750 -4.410000
v -4.515000 0.498750 -4.383750
v -4.515000 0.498750 4.383750
v -4.462500 0.525000 4.383750
v 4.462500 0.525000 4.383750
v 4.488750 0.525000 4.357500
v 4.488750 0.525000 -4.357500
v 4.462500 0.525000 -4.383750
v -4.462500 0.525000 -4.383750
v -4.488750 0.525000 -4.357500
v -4.488750 0.525000 4.357500
v -3.622500 0.262500 3.228750
v 3.622500 0.262500 3.228750
v 3.648750 0.262500 3.202500
v 3.648750 0.262500 -3.202500
v 3.622500 0.262500 -3.228750
v -3.622500 0.262500 -3.228750
v -3.648750 0.262500 -3.202500
v -3.648750 0.262500 3.202500
v -3.648750 0.288750 3.255000
v 3.648750 0.288750 3.255000
v 3.675000 0.288750 3.228750
v 3.675000 0.288750 -3.228750
v 3.648750 0.288750 -3.255000
v -3.648750 0.288750 -3.255000
v -3.675000 0.288750 -3.228750
v -3.675000 0.288750 3.228750
v -3.648750 3.806250 3.255000
v 3.648750 3.806250 3.255000
v 3.675000 3.806250 3.228750
v 3.675000 3.806250 -3.228750
v 3.648750 3.806250 -3.255000
v -3.648750 3.806250 -3.255000
v -3.675000 3.806250 -3.228750
v -3.675000 3.806250 3.228750
v -3.622500 3.832500 3.228750
v 3.622500 3.832500 3.228750
v 3.648750 3.832500 3.202500
v 3.648750 3.832500 -3.202500
v 3.622500 3.832500 -3.228750
v -3.622500 3.832500 -3.228750
v -3.648750 3.832500 -3.202500
v -3.648750 3.832500 3.202500
v -3.596250 0.210000 3.858750
v -3.018750 0.210000 3.858750
v -2.992500 0.210000 3.832500
v -2.992500 0.210000 -3.832500
v -3.018750 0.210000 -3.858750
v -3.596250 0.210000 -3.858750
v -3.622500 0.210000 -3.832500
v -3.622500 0.210000 3.832500
v -3.622500 0.236250 3.885000
v -2.992500 0.236250 3.885000
v -2.966250 0.236250 3.858750
v -2.966250 0.236250 -3.858750
v -2.992500 0.236250 -3.885000
v -3.622500 0.236250 -3.885000
v -3.648750 0.236250 -3.858750
v -3.648750 0.236250 3.858750
v -3.622500 2.913750 3.885000
v -2.992500 2.913750 3.885000
v -2.966250 2.913750 3.858750
v -2.966250 2.913750 -3.858750
v -2.992500 2.913750 -3.885000
v -3.622500 2.913750 -3.885000
v -3.648750 2.913750 -3.858750
v -3.648750 2.913750 3.858750
v -3.596250 2.940000 3.858750
v -3.018750 2.940000 3.858750
v -2.992500 2.940000 3.832500
v -2.992500 2.940000 -3.832500
v -3.018750 2.940000 -3.858750
v -3.596250 2.940000 -3.858750
v -3.622500 2.940000 -3.832500
v -3.622500 2.940000 3.832500
v -3.685500 0.000000 -3.570000
v -2.929500 0.000000 -3.570000
v -2.903250 0.000000 -3.596250
v -2.903250 0.000000 -3.753750
v -2.929500 0.000000 -3.780000
v -3.685500 0.000000 -3.780000
v -3.711750 0.000000 -3.753750
v -3.711750 0.000000 -3.596250
v -3.711750 0.026250 -3.543750
v -2.903250 0.026250 -3.543750
v -2.877000 0.026250 -3.570000
v -2.877000 0.026250 -3.780000
v -2.903250 0.026250 -3.806250
v -3.711750 0.026250 -3.806250
v -3.738000 0.026250 -3.780000
v -3.738000 0.026250 -3.570000
v -3.711750 3.018750 -3.543750
v -2.903250 3.018750 -3.543750
v -2.877000 3.018750 -3.570000
v -2.877000 3.018750 -3.780000
v -2.903250 3.018750 -3.806250
v -3.711750 3.018750 -3.806250
v -3.738000 3.018750 -3.780000
v -3.738000 3.018750 -3.570000
v -3.685500 3.045000 -3.570000
v -2.929500 3.045000 -3.570000
v -2.903250 3.045000 -3.596250
v -2.903250 3.045000 -3.753750
v -2.929500 3.045000 -3.780000
v -3.685500 3.045000 -3.780000
v -3.711750 3.045000 -3.753750
v -3.711750 3.045000 -3.596250
v -3.685500 0.000000 -1.365000
v -2.929500 0.000000 -1.365000
v -2.903250 0.000000 -1.391250
v -2.903250 0.000000 -1.548750
v -2.929500 0.000000 -1.575000
v -3.685500 0.000000 -1.575000
v -3.711750 0.000000 -1.548750
v -3.711750 0.000000 -1.391250
v -3.711750 0.026250 -1.338750
v -2.903250 0.026250 -1.338750
v -2.877000 0.026250 -1.365000
v -2.877000 0.026250 -1.575000
v -2.903250 0.026250 -1.601250
v -3.711750 0.026250 -1.601250
v -3.738000 0.026250 -1.575000
v -3.738000 0.026250 -1.365000
v -3.711750 3.018750 -1.338750
v -2.903250 3.018750 -1.338750
v -2.877000 3.018750 -1.365000
v -2.877000 3.018750 -1.575000
v -2.903250 3.018750 -1.601250
v -3.711750 3.018750 -1.601250
v -3.738000 3.018750 -1.575000
v -3.738000 3.018750 -1.365000
v -3.685500 3.045000 -1.365000
v -2.929500 3.045000 -1.365000
v -2.903250 3.045000 -1.391250
v -2.903250 3.045000 -1.548750
v -2.929500 3.045000 -1.575000
v -3.685500 3.045000 -1.575000
v -3.711750 3.045000 -1.548750
v -3.711750 3.045000 -1.391250
v -3.685500 0.000000 1.575000
v -2.929500 0.000000 1.575000
v -2.903250 0.000000 1.548750
v -2.903250 0.000000 1.391250
v -2.929500 0.000000 1.365000
v -3.685500 0.000000 1.365000
v -3.711750 0.000000 1.391250
v -3.711750 0.000000 1.548750
v -3.711750 0.026250 1.601250
v -2.903250 0.026250 1.601250
v -2.877000 0.026250 1.575000
v -2.877000 0.026250 1.365000
v -2.903250 0.026250 1.338750
v -3.711750 0.026250 1.338750
v -3.738000 0.026250 1.365000
v -3.738000 0.026250 1.575000
v -3.711750 3.018750 1.601250
v -2.903250 3.018750 1.601250
v -2.877000 3.018750 1.575000
v -2.877000 3.018750 1.365000
v -2.903250 3.018750 1.338750
v -3.711750 3.018750 1.338750
v -3.738000 3.018750 1.365000
v -3.738000 3.018750 1.575000
v -3.685500 3.045000 1.575000
v -2.929500 3.045000 1.575000
v -2.903250 3.045000 1.548750
v -2.903250 3.045000 1.391250
v -2.929500 3.045000 1.365000
v -3.685500 3.045000 1.365000
v -3.711750 3.045000 1.391250
v -3.711750 3.045000 1.548750
v -3.685500 0.000000 3.780000
v -2.929500 0.000000 3.780000
v -2.903250 0.000000 3.753750
v -2.903250 0.000000 3.596250
v -2.929500 0.000000 3.570000
v -3.685500 0.000000 3.570000
v -3.711750 0.000000 3.596250
v -3.711750 0.000000 3.753750
v -3.711750 0.026250 3.806250
v -2.903250 0.026250 3.806250
v -2.877000 0.026250 3.780000
v -2.877000 0.026250 3.570000
v -2.903250 0.026250 3.543750
v -3.711750 0.026250 3.543750
v -3.738000 0.026250 3.570000
v -3.738000 0.026250 3.780000
v -3.711750 3.018750 3.806250
v -2.903250 3.018750 3.806250
v -2.877000 3.018750 3.780000
v -2.877000 3.018750 3.570000
v -2.903250 3.018750 3.543750
v -3.711750 3.018750 3.543750
v -3.738000 3.018750 3.570000
v -3.738000 3.018750 3.780000
v -3.685500 3.045000 3.780000
v -2.929500 3.045000 3.780000
v -2.903250 3.045000 3.753750
v -2.903250 3.045000 3.596250
v -2.929500 3.045000 3.570000
v -3.685500 3.045000 3.570000
v -3.711750 3.045000 3.596250
v -3.711750 3.045000 3.753750
v 3.018750 0.210000 3.858750
v 3.596250 0.210000 3.858750
v 3.622500 0.210000 3.832500
v 3.622500 0.210000 -3.832500
v 3.596250 0.210000 -3.858750
v 3.018750 0.210000 -3.858750
v 2.992500 0.210000 -3.832500
v 2.992500 0.210000 3.832500
v 2.992500 0.236250 3.885000
v 3.622500 0.236250 3.885000
v 3.648750 0.236250 3.858750
v 3.648750 0.236250 -3.858750
v 3.622500 0.236250 -3.885000
v 2.992500 0.236250 -3.885000
v 2.966250 0.236250 -3.858750
v 2.966250 0.236250 3.858750
v 2.992500 2.913750 3.885000
v 3.622500 2.913750 3.885000
v 3.648750 2.913750 3.858750
v 3.648750 2.913750 -3.858750
v 3.622500 2.913750 -3.885000
v 2.992500 2.913750 -3.885000
v 2.966250 2.913750 -3.858750
v 2.966250 2.913750 3.858750
v 3.018750 2.940000 3.858750
v 3.596250 2.940000 3.858750
v 3.622500 2.940000 3.832500
v 3.622500 2.940000 -3.832500
v 3.596250 2.940000 -3.858750
v 3.018750 2.940000 -3.858750
v 2.992500 2.940000 -3.832500
v 2.992500 2.940000 3.832500
v 2.929500 0.000000 -3.570000
v 3.685500 0.000000 -3.570000
v 3.711750 0.000000 -3.596250
v 3.711750 0.000000 -3.753750
v 3.685500 0.000000 -3.780000
v 2.929500 0.000000 -3.780000
v 2.903250 0.000000 -3.753750
v 2.903250 0.000000 -3.596250
v 2.903250 0.026250 -3.543750
v 3.711750 0.026250 -3.543750
v 3.738000 0.026250 -3.570000
v 3.738000 0.026250 -3.780000
v 3.711750 0.026250 -3.806250
v 2.903250 0.026250 -3.806250
v 2.877000 0.026250 -3.780000
v 2.877000 0.026250 -3.570000
v 2.903250 3.018750 -3.543750
v 3.711750 3.018750 -3.543750
v 3.738000 3.018750 -3.570000
v 3.738000 3.018750 -3.780000
v 3.711750 3.018750 -3.806250
v 2.903250 3.018750 -3.806250
v 2.877000 3.018750 -3.780000
v 2.877000 3.018750 -3.570000
v 2.929500 3.045000 -3.570000
v 3.685500 3.045000 -3.570000
v 3.711750 3.045000 -3.596250
v 3.711750 3.045000 -3.753750
v 3.685500 3.045000 -3.780000
v 2.929500 3.045000 -3.780000
v 2.903250 3.045000 -3.753750
v 2.903250 3.045000 -3.596250
v 2.929500 0.000000 -1.365000
v 3.685500 0.000000 -1.365000
v 3.711750 0.000000 -1.391250
v 3.711750 0.000000 -1.548750
v 3.685500 0.000000 -1.575000
v 2.929500 0.000000 -1.575000
v 2.903250 0.000000 -1.548750
v 2.903250 0.000000 -1.391250
v 2.903250 0.026250 -1.338750
v 3.711750 0.026250 -1.338750
v 3.738000 0.026250 -1.365000
v 3.738000 0.026250 -1.575000
v 3.711750 0.026250 -1.601250
v 2.903250 0.026250 -1.601250
v 2.877000 0.026250 -1.575000
v 2.877000 0.026250 -1.365000
v 2.903250 3.018750 -1.338750
v 3.711750 3.018750 -1.338750
v 3.738000 3.018750 -1.365000
v 3.738000 3.018750 -1.575000
v 3.711750 3.018750 -1.601250
v 2.903250 3.018750 -1.601250
v 2.877000 3.018750 -1.575000
v 2.877000 3.018750 -1.365000
v 2.929500 3.045000 -1.365000
v 3.685500 3.045000 -1.365000
v 3.711750 3.045000 -1.391250
v 3.711750 3.045000 -1.548750
v 3.685500 3.045000 -1.575000
v 2.929500 3.045000 -1.575000
v 2.903250 3.045000 -1.548750
v 2.903250 3.045000 -1.391250
v 2.929500 0.000000 1.575000
v 3.685500 0.000000 1.575000
v 3.711750 0.000000 1.548750
v 3.711750 0.000000 1.391250
v 3.685500 0.000000 1.365000
v 2.929500 0.000000 1.365000
v 2.903250 0.000000 1.391250
v 2.903250 0.000000 1.548750
v 2.903250 0.026250 1.601250
v 3.711750 0.026250 1.601250
v 3.738000 0.026250 1.575000
v 3.738000 0.026250 1.365000
v 3.711750 0.026250 1.338750
v 2.903250 0.026250 1.338750
v 2.877000 0.026250 1.365000
v 2.877000 0.026250 1.575000
v 2.903250 3.018750 1.601250
v 3.711750 3.018750 1.601250
v 3.738000 3.018750 1.575000
v 3.738000 3.018750 1.365000
v 3.711750 3.018750 1.338750
v 2.903250 3.018750 1.338750
v 2.877000 3.018750 1.365000
v 2.877000 3.018750 1.575000
v 2.929500 3.045000 1.575000
v 3.685500 3.045000 1.575000
v 3.711750 3.045000 1.548750
v 3.711750 3.045000 1.391250
v 3.685500 3.045000 1.365000
v 2.929500 3.045000 1.365000
v 2.903250 3.045000 1.391250
v 2.903250 3.045000 1.548750
v 2.929500 0.000000 3.780000
v 3.685500 0.000000 3.780000
v 3.711750 0.000000 3.753750
v 3.711750 0.000000 3.596250
v 3.685500 0.000000 3.570000
v 2.929500 0.000000 3.570000
v 2.903250 0.000000 3.596250
v 2.903250 0.000000 3.753750
v 2.903250 0.026250 3.806250
v 3.711750 0.026250 3.806250
v 3.738000 0.026250 3.780000
v 3.738000 0.026250 3.570000
v 3.711750 0.026250 3.543750
v 2.903250 0.026250 3.543750
v 2.877000 0.026250 3.570000
v 2.877000 0.026250 3.780000
v 2.903250 3.018750 3.806250
v 3.711750 3.018750 3.806250
v 3.738000 3.018750 3.780000
v 3.738000 3.018750 3.570000
v 3.711750 3.018750 3.543750
v 2.903250 3.018750 3.543750
v 2.877000 3.018750 3.570000
v 2.877000 3.018750 3.780000
v 2.929500 3.045000 3.780000
v 3.685500 3.045000 3.780000
v 3.711750 3.045000 3.753750
v 3.711750 3.045000 3.596250
v 3.685500 3.045000 3.570000
v 2.929500 3.045000 3.570000
v 2.903250 3.045000 3.596250
v 2.903250 3.045000 3.753750
v -1.444800 0.367500 3.315900
v 1.444800 0.367500 3.315900
v 1.457400 0.367500 3.303300
v 1.457400 0.367500 3.248700
v 1.444800 0.367500 3.236100
v -1.444800 0.367500 3.236100
v -1.457400 0.367500 3.248700
v -1.457400 0.367500 3.303300
v -1.457400 0.380100 3.328500
v 1.457400 0.380100 3.328500
v 1.470000 0.380100 3.315900
v 1.470000 0.380100 3.236100
v 1.457400 0.380100 3.223500
v -1.457400 0.380100 3.223500
v -1.470000 0.380100 3.236100
v -1.470000 0.380100 3.315900
v -1.457400 2.874900 3.328500
v 1.457400 2.874900 3.328500
v 1.470000 2.874900 3.315900
v 1.470000 2.874900 3.236100
v 1.457400 2.874900 3.223500
v -1.457400 2.874900 3.223500
v -1.470000 2.874900 3.236100
v -1.470000 2.874900 3.315900
v -1.444800 2.887500 3.315900
v 1.444800 2.887500 3.315900
v 1.457400 2.887500 3.303300
v 1.457400 2.887500 3.248700
v 1.444800 2.887500 3.236100
v -1.444800 2.887500 3.236100
v -1.457400 2.887500 3.248700
v -1.457400 2.887500 3.303300
v -1.624140 0.183750 3.442320
v -1.525860 0.183750 3.442320
v -1.503180 0.183750 3.419640
v -1.503180 0.183750 3.321360
v -1.525860 0.183750 3.298680
v -1.624140 0.183750 3.298680
v -1.646820 0.183750 3.321360
v -1.646820 0.183750 3.419640
v -1.646820 0.206430 3.465000
v -1.503180 0.206430 3.465000
v -1.480500 0.206430 3.442320
v -1.480500 0.206430 3.298680
v -1.503180 0.206430 3.276000
v -1.646820 0.206430 3.276000
v -1.669500 0.206430 3.298680
v -1.669500 0.206430 3.442320
v -1.646820 3.048570 3.465000
v -1.503180 3.048570 3.465000
v -1.480500 3.048570 3.442320
v -1.480500 3.048570 3.298680
v -1.503180 3.048570 3.276000
v -1.646820 3.048570 3.276000
v -1.669500 3.048570 3.298680
v -1.669500 3.048570 3.442320
v -1.624140 3.071250 3.442320
v -1.525860 3.071250 3.442320
v -1.503180 3.071250 3.419640
v -1.503180 3.071250 3.321360
v -1.525860 3.071250 3.298680
v -1.624140 3.071250 3.298680
v -1.646820 3.071250 3.321360
v -1.646820 3.071250 3.419640
v 1.525860 0.183750 3.442320
v 1.624140 0.183750 3.442320
v 1.646820 0.183750 3.419640
v 1.646820 0.183750 3.321360
v 1.624140 0.183750 3.298680
v 1.525860 0.183750 3.298680
v 1.503180 0.183750 3.321360
v 1.503180 0.183750 3.419640
v 1.503180 0.206430 3.465000
v 1.646820 0.206430 3.465000
v 1.669500 0.206430 3.442320
v 1.669500 0.206430 3.298680
v 1.646820 0.206430 3.276000
v 1.503180 0.206430 3.276000
v 1.480500 0.206430 3.298680
v 1.480500 0.206430 3.442320
v 1.503180 3.048570 3.465000
v 1.646820 3.048570 3.465000
v 1.669500 3.048570 3.442320
v 1.669500 3.048570 3.298680
v 1.646820 3.048570 3.276000
v 1.503180 3.048570 3.276000
v 1.480500 3.048570 3.298680
v 1.480500 3.048570 3.442320
v 1.525860 3.071250 3.442320
v 1.624140 3.071250 3.442320
v 1.646820 3.071250 3.419640
v 1.646820 3.071250 3.321360
v 1.624140 3.071250 3.298680
v 1.525860 3.071250 3.298680
v 1.503180 3.071250 3.321360
v 1.503180 3.071250 3.419640
v -1.582140 3.003000 3.452820
v 1.582140 3.003000 3.452820
v 1.604820 3.003000 3.430140
v 1.604820 3.003000 3.331860
v 1.582140 3.003000 3.309180
v -1.582140 3.003000 3.309180
v -1.604820 3.003000 3.331860
v -1.604820 3.003000 3.430140
v -1.604820 3.025680 3.475500
v 1.604820 3.025680 3.475500
v 1.627500 3.025680 3.452820
v 1.627500 3.025680 3.309180
v 1.604820 3.025680 3.286500
v -1.604820 3.025680 3.286500
v -1.627500 3.025680 3.309180
v -1.627500 3.025680 3.452820
v -1.604820 3.169320 3.475500
v 1.604820 3.169320 3.475500
v 1.627500 3.169320 3.452820
v 1.627500 3.169320 3.309180
v 1.604820 3.169320 3.286500
v -1.604820 3.169320 3.286500
v -1.627500 3.169320 3.309180
v -1.627500 3.169320 3.452820
v -1.582140 3.192000 3.452820
v 1.582140 3.192000 3.452820
v 1.604820 3.192000 3.430140
v 1.604820 3.192000 3.331860
v 1.582140 3.192000 3.309180
v -1.582140 3.192000 3.309180
v -1.604820 3.192000 3.331860
v -1.604820 3.192000 3.430140
v -3.146010 2.614500 -3.312120
v -2.208990 2.614500 -3.312120
v -2.193870 2.614500 -3.327240
v -2.193870 2.614500 -3.392760
v -2.208990 2.614500 -3.407880
v -3.146010 2.614500 -3.407880
v -3.161130 2.614500 -3.392760
v -3.161130 2.614500 -3.327240
v -3.161130 2.629620 -3.297000
v -2.193870 2.629620 -3.297000
v -2.178750 2.629620 -3.312120
v -2.178750 2.629620 -3.407880
v -2.193870 2.629620 -3.423000
v -3.161130 2.629620 -3.423000
v -3.176250 2.629620 -3.407880
v -3.176250 2.629620 -3.312120
v -3.161130 3.145380 -3.297000
v -2.193870 3.145380 -3.297000
v -2.178750 3.145380 -3.312120
v -2.178750 3.145380 -3.407880
v -2.193870 3.145380 -3.423000
v -3.161130 3.145380 -3.423000
v -3.176250 3.145380 -3.407880
v -3.176250 3.145380 -3.312120
v -3.146010 3.160500 -3.312120
v -2.208990 3.160500 -3.312120
v -2.193870 3.160500 -3.327240
v -2.193870 3.160500 -3.392760
v -2.208990 3.160500 -3.407880
v -3.146010 3.160500 -3.407880
v -3.161130 3.160500 -3.392760
v -3.161130 3.160500 -3.327240
v -3.240300 2.530500 -3.278100
v -2.114700 2.530500 -3.278100
v -2.102100 2.530500 -3.290700
v -2.102100 2.530500 -3.429300
v -2.114700 2.530500 -3.441900
v -3.240300 2.530500 -3.441900
v -3.252900 2.530500 -3.429300
v -3.252900 2.530500 -3.290700
v -3.252900 2.543100 -3.265500
v -2.102100 2.543100 -3.265500
v -2.089500 2.543100 -3.278100
v -2.089500 2.543100 -3.441900
v -2.102100 2.543100 -3.454500
v -3.252900 2.543100 -3.454500
v -3.265500 2.543100 -3.441900
v -3.265500 2.543100 -3.278100
v -3.252900 2.622900 -3.265500
v -2.102100 2.622900 -3.265500
v -2.089500 2.622900 -3.278100
v -2.089500 2.622900 -3.441900
v -2.102100 2.622900 -3.454500
v -3.252900 2.622900 -3.454500
v -3.265500 2.622900 -3.441900
v -3.265500 2.622900 -3.278100
v -3.240300 2.635500 -3.278100
v -2.114700 2.635500 -3.278100
v -2.102100 2.635500 -3.290700
v -2.102100 2.635500 -3.429300
v -2.114700 2.635500 -3.441900
v -3.240300 2.635500 -3.441900
v -3.252900 2.635500 -3.429300
v -3.252900 2.635500 -3.290700
v 2.208990 2.614500 -3.312120
v 3.146010 2.614500 -3.312120
v 3.161130 2.614500 -3.327240
v 3.161130 2.614500 -3.392760
v 3.146010 2.614500 -3.407880
v 2.208990 2.614500 -3.407880
v 2.193870 2.614500 -3.392760
v 2.193870 2.614500 -3.327240
v 2.193870 2.629620 -3.297000
v 3.161130 2.629620 -3.297000
v 3.176250 2.629620 -3.312120
v 3.176250 2.629620 -3.407880
v 3.161130 2.629620 -3.423000
v 2.193870 2.629620 -3.423000
v 2.178750 2.629620 -3.407880
v 2.178750 2.629620 -3.312120
v 2.193870 3.145380 -3.297000
v 3.161130 3.145380 -3.297000
v 3.176250 3.145380 -3.312120
v 3.176250 3.145380 -3.407880
v 3.161130 3.145380 -3.423000
v 2.193870 3.145380 -3.423000
v 2.178750 3.145380 -3.407880
v 2.178750 3.145380 -3.312120
v 2.208990 3.160500 -3.312120
v 3.146010 3.160500 -3.312120
v 3.161130 3.160500 -3.327240
v 3.161130 3.160500 -3.392760
v 3.146010 3.160500 -3.407880
v 2.208990 3.160500 -3.407880
v 2.193870 3.160500 -3.392760
v 2.193870 3.160500 -3.327240
v 2.114700 2.530500 -3.278100
v 3.240300 2.530500 -3.278100
v 3.252900 2.530500 -3.290700
v 3.252900 2.530500 -3.429300
v 3.240300 2.530500 -3.441900
v 2.114700 2.530500 -3.441900
v 2.102100 2.530500 -3.429300
v 2.102100 2.530500 -3.290700
v 2.102100 2.543100 -3.265500
v 3.252900 2.543100 -3.265500
v 3.265500 2.543100 -3.278100
v 3.265500 2.543100 -3.441900
v 3.252900 2.543100 -3.454500
v 2.102100 2.543100 -3.454500
v 2.089500 2.543100 -3.441900
v 2.089500 2.543100 -3.278100
v 2.102100 2.622900 -3.265500
v 3.252900 2.622900 -3.265500
v 3.265500 2.622900 -3.278100
v 3.265500 2.622900 -3.441900
v 3.252900 2.622900 -3.454500
v 2.102100 2.622900 -3.454500
v 2.089500 2.622900 -3.441900
v 2.089500 2.622900 -3.278100
v 2.114700 2.635500 -3.278100
v 3.240300 2.635500 -3.278100
v 3.252900 2.635500 -3.290700
v 3.252900 2.635500 -3.429300
v 3.240300 2.635500 -3.441900
v 2.114700 2.635500 -3.441900
v 2.102100 2.635500 -3.429300
v 2.102100 2.635500 -3.290700
v -3.146010 2.614500 3.407880
v -2.208990 2.614500 3.407880
v -2.193870 2.614500 3.392760
v -2.193870 2.614500 3.327240
v -2.208990 2.614500 3.312120
v -3.146010 2.614500 3.312120
v -3.161130 2.614500 3.327240
v -3.161130 2.614500 3.392760
v -3.161130 2.629620 3.423000
v -2.193870 2.629620 3.423000
v -2.178750 2.629620 3.407880
v -2.178750 2.629620 3.312120
v -2.193870 2.629620 3.297000
v -3.161130 2.629620 3.297000
v -3.176250 2.629620 3.312120
v -3.176250 2.629620 3.407880
v -3.161130 3.145380 3.423000
v -2.193870 3.145380 3.423000
v -2.178750 3.145380 3.407880
v -2.178750 3.145380 3.312120
v -2.193870 3.145380 3.297000
v -3.161130 3.145380 3.297000
v -3.176250 3.145380 3.312120
v -3.176250 3.145380 3.407880
v -3.146010 3.160500 3.407880
v -2.208990 3.160500 3.407880
v -2.193870 3.160500 3.392760
v -2.193870 3.160500 3.327240
v -2.208990 3.160500 3.312120
v -3.146010 3.160500 3.312120
v -3.161130 3.160500 3.327240
v -3.161130 3.160500 3.392760
v -3.240300 2.530500 3.441900
v -2.114700 2.530500 3.441900
v -2.102100 2.530500 3.429300
v -2.102100 2.530500 3.290700
v -2.114700 2.530500 3.278100
v -3.240300 2.530500 3.278100
v -3.252900 2.530500 3.290700
v -3.252900 2.530500 3.429300
v -3.252900 2.543100 3.454500
v -2.102100 2.543100 3.454500
v -2.089500 2.543100 3.441900
v -2.089500 2.543100 3.278100
v -2.102100 2.543100 3.265500
v -3.252900 2.543100 3.265500
v -3.265500 2.543100 3.278100
v -3.265500 2.543100 3.441900
v -3.252900 2.622900 3.454500
v -2.102100 2.622900 3.454500
v -2.089500 2.622900 3.441900
v -2.089500 2.622900 3.278100
v -2.102100 2.622900 3.265500
v -3.252900 2.622900 3.265500
v -3.265500 2.622900 3.278100
v -3.265500 2.622900 3.441900
v -3.240300 2.635500 3.441900
v -2.114700 2.635500 3.441900
v -2.102100 2.635500 3.429300
v -2.102100 2.635500 3.290700
v -2.114700 2.635500 3.278100
v -3.240300 2.635500 3.278100
v -3.252900 2.635500 3.290700
v -3.252900 2.635500 3.429300
v 2.208990 2.614500 3.407880
v 3.146010 2.614500 3.407880
v 3.161130 2.614500 3.392760
v 3.161130 2.614500 3.327240
v 3.146010 2.614500 3.312120
v 2.208990 2.614500 3.312120
v 2.193870 2.614500 3.327240
v 2.193870 2.614500 3.392760
v 2.193870 2.629620 3.423000
v 3.161130 2.629620 3.423000
v 3.176250 2.629620 3.407880
v 3.176250 2.629620 3.312120
v 3.161130 2.629620 3.297000
v 2.193870 2.629620 3.297000
v 2.178750 2.629620 3.312120
v 2.178750 2.629620 3.407880
v 2.193870 3.145380 3.423000
v 3.161130 3.145380 3.423000
v 3.176250 3.145380 3.407880
v 3.176250 3.145380 3.312120
v 3.161130 3.145380 3.297000
v 2.193870 3.145380 3.297000
v 2.178750 3.145380 3.312120
v 2.178750 3.145380 3.407880
v 2.208990 3.160500 3.407880
v 3.146010 3.160500 3.407880
v 3.161130 3.160500 3.392760
v 3.161130 3.160500 3.327240
v 3.146010 3.160500 3.312120
v 2.208990 3.160500 3.312120
v 2.193870 3.160500 3.327240
v 2.193870 3.160500 3.392760
v 2.114700 2.530500 3.441900
v 3.240300 2.530500 3.441900
v 3.252900 2.530500 3.429300
v 3.252900 2.530500 3.290700
v 3.240300 2.530500 3.278100
v 2.114700 2.530500 3.278100
v 2.102100 2.530500 3.290700
v 2.102100 2.530500 3.429300
v 2.102100 2.543100 3.454500
v 3.252900 2.543100 3.454500
v 3.265500 2.543100 3.441900
v 3.265500 2.543100 3.278100
v 3.252900 2.543100 3.265500
v 2.102100 2.543100 3.265500
v 2.089500 2.543100 3.278100
v 2.089500 2.543100 3.441900
v 2.102100 2.622900 3.454500
v 3.252900 2.622900 3.454500
v 3.265500 2.622900 3.441900
v 3.265500 2.622900 3.278100
v 3.252900 2.622900 3.265500
v 2.102100 2.622900 3.265500
v 2.089500 2.622900 3.278100
v 2.089500 2.622900 3.441900
v 2.114700 2.635500 3.441900
v 3.240300 2.635500 3.441900
v 3.252900 2.635500 3.429300
v 3.252900 2.635500 3.290700
v 3.240300 2.635500 3.278100
v 2.114700 2.635500 3.278100
v 2.102100 2.635500 3.290700
v 2.102100 2.635500 3.429300
v -4.252500 0.236250 -2.231250
v -3.307500 0.236250 -2.231250
v -3.281250 0.236250 -2.257500
v -3.281250 0.236250 -3.412500
v -3.307500 0.236250 -3.438750
v -4.252500 0.236250 -3.438750
v -4.278750 0.236250 -3.412500
v -4.278750 0.236250 -2.257500
v -4.278750 0.262500 -2.205000
v -3.281250 0.262500 -2.205000
v -3.255000 0.262500 -2.231250
v -3.255000 0.262500 -3.438750
v -3.281250 0.262500 -3.465000
v -4.278750 0.262500 -3.465000
v -4.305000 0.262500 -3.438750
v -4.305000 0.262500 -2.231250
v -4.278750 0.997500 -2.205000
v -3.281250 0.997500 -2.205000
v -3.255000 0.997500 -2.231250
v -3.255000 0.997500 -3.438750
v -3.281250 0.997500 -3.465000
v -4.278750 0.997500 -3.465000
v -4.305000 0.997500 -3.438750
v -4.305000 0.997500 -2.231250
v -4.252500 1.023750 -2.231250
v -3.307500 1.023750 -2.231250
v -3.281250 1.023750 -2.257500
v -3.281250 1.023750 -3.412500
v -3.307500 1.023750 -3.438750
v -4.252500 1.023750 -3.438750
v -4.278750 1.023750 -3.412500
v -4.278750 1.023750 -2.257500
v -4.252500 0.236250 3.438750
v -3.307500 0.236250 3.438750
v -3.281250 0.236250 3.412500
v -3.281250 0.236250 2.257500
v -3.307500 0.236250 2.231250
v -4.252500 0.236250 2.231250
v -4.278750 0.236250 2.257500
v -4.278750 0.236250 3.412500
v -4.278750 0.262500 3.465000
v -3.281250 0.262500 3.465000
v -3.255000 0.262500 3.438750
v -3.255000 0.262500 2.231250
v -3.281250 0.262500 2.205000
v -4.278750 0.262500 2.205000
v -4.305000 0.262500 2.231250
v -4.305000 0.262500 3.438750
v -4.278750 0.997500 3.465000
v -3.281250 0.997500 3.465000
v -3.255000 0.997500 3.438750
v -3.255000 0.997500 2.231250
v -3.281250 0.997500 2.205000
v -4.278750 0.997500 2.205000
v -4.305000 0.997500 2.231250
v -4.305000 0.997500 3.438750
v -4.252500 1.023750 3.438750
v -3.307500 1.023750 3.438750
v -3.281250 1.023750 3.412500
v -3.281250 1.023750 2.257500
v -3.307500 1.023750 2.231250
v -4.252500 1.023750 2.231250
v -4.278750 1.023750 2.257500
v -4.278750 1.023750 3.412500
v 3.307500 0.236250 -2.231250
v 4.252500 0.236250 -2.231250
v 4.278750 0.236250 -2.257500
v 4.278750 0.236250 -3.412500
v 4.252500 0.236250 -3.438750
v 3.307500 0.236250 -3.438750
v 3.281250 0.236250 -3.412500
v 3.281250 0.236250 -2.257500
v 3.281250 0.262500 -2.205000
v 4.278750 0.262500 -2.205000
v 4.305000 0.262500 -2.231250
v 4.305000 0.262500 -3.438750
v 4.278750 0.262500 -3.465000
v 3.281250 0.262500 -3.465000
v 3.255000 0.262500 -3.438750
v 3.255000 0.262500 -2.231250
v 3.281250 0.997500 -2.205000
v 4.278750 0.997500 -2.205000
v 4.305000 0.997500 -2.231250
v 4.305000 0.997500 -3.438750
v 4.278750 0.997500 -3.465000
v 3.281250 0.997500 -3.465000
v 3.255000 0.997500 -3.438750
v 3.255000 0.997500 -2.231250
v 3.307500 1.023750 -2.231250
v 4.252500 1.023750 -2.231250
v 4.278750 1.023750 -2.257500
v 4.278750 1.023750 -3.412500
v 4.252500 1.023750 -3.438750
v 3.307500 1.023750 -3.438750
v 3.281250 1.023750 -3.412500
v 3.281250 1.023750 -2.257500
v 3.307500 0.236250 3.438750
v 4.252500 0.236250 3.438750
v 4.278750 0.236250 3.412500
v 4.278750 0.236250 2.257500
v 4.252500 0.236250 2.231250
v 3.307500 0.236250 2.231250
v 3.281250 0.236250 2.257500
v 3.281250 0.236250 3.412500
v 3.281250 0.262500 3.465000
v 4.278750 0.262500 3.465000
v 4.305000 0.262500 3.438750
v 4.305000 0.262500 2.231250
v 4.278750 0.262500 2.205000
v 3.281250 0.262500 2.205000
v 3.255000 0.262500 2.231250
v 3.255000 0.262500 3.438750
v 3.281250 0.997500 3.465000
v 4.278750 0.997500 3.465000
v 4.305000 0.997500 3.438750
v 4.305000 0.997500 2.231250
v 4.278750 0.997500 2.205000
v 3.281250 0.997500 2.205000
v 3.255000 0.997500 2.231250
v 3.255000 0.997500 3.438750
v 3.307500 1.023750 3.438750
v 4.252500 1.023750 3.438750
v 4.278750 1.023750 3.412500
v 4.278750 1.023750 2.257500
v 4.252500 1.023750 2.231250
v 3.307500 1.023750 2.231250
v 3.281250 1.023750 2.257500
v 3.281250 1.023750 3.412500
v -3.703875 0.997500 0.603750
v -3.677625 0.997500 0.603750
v -3.677625 0.997500 -0.813750
v -3.703875 0.997500 -0.813750
v -3.703875 1.102500 0.603750
v -3.677625 1.102500 0.603750
v -3.677625 1.102500 -0.813750
v -3.703875 1.102500 -0.813750
v -3.703875 1.365000 0.603750
v -3.677625 1.365000 0.603750
v -3.677625 1.365000 -0.813750
v -3.703875 1.365000 -0.813750
v -3.703875 1.470000 0.603750
v -3.677625 1.470000 0.603750
v -3.677625 1.470000 -0.813750
v -3.703875 1.470000 -0.813750
v -3.703875 1.732500 0.603750
v -3.677625 1.732500 0.603750
v -3.677625 1.732500 -0.813750
v -3.703875 1.732500 -0.813750
v -3.703875 1.837500 0.603750
v -3.677625 1.837500 0.603750
v -3.677625 1.837500 -0.813750
v -3.703875 1.837500 -0.813750
v -3.703875 2.100000 0.603750
v -3.677625 2.100000 0.603750
v -3.677625 2.100000 -0.813750
v -3.703875 2.100000 -0.813750
v -3.703875 2.205000 0.603750
v -3.677625 2.205000 0.603750
v -3.677625 2.205000 -0.813750
v -3.703875 2.205000 -0.813750
v -3.703875 2.467500 0.603750
v -3.677625 2.467500 0.603750
v -3.677625 2.467500 -0.813750
v -3.703875 2.467500 -0.813750
v -3.703875 2.572500 0.603750
v -3.677625 2.572500 0.603750
v -3.677625 2.572500 -0.813750
v -3.703875 2.572500 -0.813750
v -3.840375 3.060750 -1.680000
v -3.840375 3.031875 -1.629987
v -3.840375 2.974125 -1.629987
v -3.840375 2.945250 -1.680000
v -3.840375 2.974125 -1.730013
v -3.840375 3.031875 -1.730013
v -3.782625 3.060750 -1.680000
v -3.782625 3.031875 -1.629987
v -3.782625 2.974125 -1.629987
v -3.782625 2.945250 -1.680000
v -3.782625 2.974125 -1.730013
v -3.782625 3.031875 -1.730013
v -3.840375 3.060750 -0.577500
v -3.840375 3.031875 -0.527487
v -3.840375 2.974125 -0.527487
v -3.840375 2.945250 -0.577500
v -3.840375 2.974125 -0.627513
v -3.840375 3.031875 -0.627513
v -3.782625 3.060750 -0.577500
v -3.782625 3.031875 -0.527487
v -3.782625 2.974125 -0.527487
v -3.782625 2.945250 -0.577500
v -3.782625 2.974125 -0.627513
v -3.782625 3.031875 -0.627513
v -3.840375 3.060750 0.525000
v -3.840375 3.031875 0.575013
v -3.840375 2.974125 0.575013
v -3.840375 2.945250 0.525000
v -3.840375 2.974125 0.474987
v -3.840375 3.031875 0.474987
v -3.782625 3.060750 0.525000
v -3.782625 3.031875 0.575013
v -3.782625 2.974125 0.575013
v -3.782625 2.945250 0.525000
v -3.782625 2.974125 0.474987
v -3.782625 3.031875 0.474987
v -3.840375 3.060750 1.627500
v -3.840375 3.031875 1.677513
v -3.840375 2.974125 1.677513
v -3.840375 2.945250 1.627500
v -3.840375 2.974125 1.577487
v -3.840375 3.031875 1.577487
v -3.782625 3.060750 1.627500
v -3.782625 3.031875 1.677513
v -3.782625 2.974125 1.677513
v -3.782625 2.945250 1.627500
v -3.782625 2.974125 1.577487
v -3.782625 3.031875 1.577487
v 3.677625 0.997500 0.603750
v 3.703875 0.997500 0.603750
v 3.703875 0.997500 -0.813750
v 3.677625 0.997500 -0.813750
v 3.677625 1.102500 0.603750
v 3.703875 1.102500 0.603750
v 3.703875 1.102500 -0.813750
v 3.677625 1.102500 -0.813750
v 3.677625 1.365000 0.603750
v 3.703875 1.365000 0.603750
v 3.703875 1.365000 -0.813750
v 3.677625 1.365000 -0.813750
v 3.677625 1.470000 0.603750
v 3.703875 1.470000 0.603750
v 3.703875 1.470000 -0.813750
v 3.677625 1.470000 -0.813750
v 3.677625 1.732500 0.603750
v 3.703875 1.732500 0.603750
v 3.703875 1.732500 -0.813750
v 3.677625 1.732500 -0.813750
v 3.677625 1.837500 0.603750
v 3.703875 1.837500 0.603750
v 3.703875 1.837500 -0.813750
v 3.677625 1.837500 -0.813750
v 3.677625 2.100000 0.603750
v 3.703875 2.100000 0.603750
v 3.703875 2.100000 -0.813750
v 3.677625 2.100000 -0.813750
v 3.677625 2.205000 0.603750
v 3.703875 2.205000 0.603750
v 3.703875 2.205000 -0.813750
v 3.677625 2.205000 -0.813750
v 3.677625 2.467500 0.603750
v 3.703875 2.467500 0.603750
v 3.703875 2.467500 -0.813750
v 3.677625 2.467500 -0.813750
v 3.677625 2.572500 0.603750
v 3.703875 2.572500 0.603750
v 3.703875 2.572500 -0.813750
v 3.677625 2.572500 -0.813750
v 3.782625 3.060750 -1.680000
v 3.782625 3.031875 -1.629987
v 3.782625 2.974125 -1.629987
v 3.782625 2.945250 -1.680000
v 3.782625 2.974125 -1.730013
v 3.782625 3.031875 -1.730013
v 3.840375 3.060750 -1.680000
v 3.840375 3.031875 -1.629987
v 3.840375 2.974125 -1.629987
v 3.840375 2.945250 -1.680000
v 3.840375 2.974125 -1.730013
v 3.840375 3.031875 -1.730013
v 3.782625 3.060750 -0.577500
v 3.782625 3.031875 -0.527487
v 3.782625 2.974125 -0.527487
v 3.782625 2.945250 -0.577500
v 3.782625 2.974125 -0.627513
v 3.782625 3.031875 -0.627513
v 3.840375 3.060750 -0.577500
v 3.840375 3.031875 -0.527487
v 3.840375 2.974125 -0.527487
v 3.840375 2.945250 -0.577500
v 3.840375 2.974125 -0.627513
v 3.840375 3.031875 -0.627513
v 3.782625 3.060750 0.525000
v 3.782625 3.031875 0.575013
v 3.782625 2.974125 0.575013
v 3.782625 2.945250 0.525000
v 3.782625 2.974125 0.474987
v 3.782625 3.031875 0.474987
v 3.840375 3.060750 0.525000
v 3.840375 3.031875 0.575013
v 3.840375 2.974125 0.575013
v 3.840375 2.945250 0.525000
v 3.840375 2.974125 0.474987
v 3.840375 3.031875 0.474987
v 3.782625 3.060750 1.627500
v 3.782625 3.031875 1.677513
v 3.782625 2.974125 1.677513
v 3.782625 2.945250 1.627500
v 3.782625 2.974125 1.577487
v 3.782625 3.031875 1.577487
v 3.840375 3.060750 1.627500
v 3.840375 3.031875 1.677513
v 3.840375 2.974125 1.677513
v 3.840375 2.945250 1.627500
v 3.840375 2.974125 1.577487
v 3.840375 3.031875 1.577487
v -1.338750 0.501375 3.367875
v 1.338750 0.501375 3.367875
v 1.338750 0.501375 3.320625
v -1.338750 0.501375 3.320625
v -1.338750 0.548625 3.367875
v 1.338750 0.548625 3.367875
v 1.338750 0.548625 3.320625
v -1.338750 0.548625 3.320625
v -1.338750 0.816375 3.367875
v 1.338750 0.816375 3.367875
v 1.338750 0.816375 3.320625
v -1.338750 0.816375 3.320625
v -1.338750 0.863625 3.367875
v 1.338750 0.863625 3.367875
v 1.338750 0.863625 3.320625
v -1.338750 0.863625 3.320625
v -1.338750 1.131375 3.367875
v 1.338750 1.131375 3.367875
v 1.338750 1.131375 3.320625
v -1.338750 1.131375 3.320625
v -1.338750 1.178625 3.367875
v 1.338750 1.178625 3.367875
v 1.338750 1.178625 3.320625
v -1.338750 1.178625 3.320625
v -1.338750 1.446375 3.367875
v 1.338750 1.446375 3.367875
v 1.338750 1.446375 3.320625
v -1.338750 1.446375 3.320625
v -1.338750 1.493625 3.367875
v 1.338750 1.493625 3.367875
v 1.338750 1.493625 3.320625
v -1.338750 1.493625 3.320625
v -1.338750 1.761375 3.367875
v 1.338750 1.761375 3.367875
v 1.338750 1.761375 3.320625
v -1.338750 1.761375 3.320625
v -1.338750 1.808625 3.367875
v 1.338750 1.808625 3.367875
v 1.338750 1.808625 3.320625
v -1.338750 1.808625 3.320625
v -1.338750 2.076375 3.367875
v 1.338750 2.076375 3.367875
v 1.338750 2.076375 3.320625
v -1.338750 2.076375 3.320625
v -1.338750 2.123625 3.367875
v 1.338750 2.123625 3.367875
v 1.338750 2.123625 3.320625
v -1.338750 2.123625 3.320625
v -1.338750 2.391375 3.367875
v 1.338750 2.391375 3.367875
v 1.338750 2.391375 3.320625
v -1.338750 2.391375 3.320625
v -1.338750 2.438625 3.367875
v 1.338750 2.438625 3.367875
v 1.338750 2.438625 3.320625
v -1.338750 2.438625 3.320625
v -1.338750 2.706375 3.367875
v 1.338750 2.706375 3.367875
v 1.338750 2.706375 3.320625
v -1.338750 2.706375 3.320625
v -1.338750 2.753625 3.367875
v 1.338750 2.753625 3.367875
v 1.338750 2.753625 3.320625
v -1.338750 2.753625 3.320625
v -2.789745 0.651000 3.543435
v -2.754255 0.651000 3.543435
v -2.746065 0.651000 3.535245
v -2.746065 0.651000 3.499755
v -2.754255 0.651000 3.491565
v -2.789745 0.651000 3.491565
v -2.797935 0.651000 3.499755
v -2.797935 0.651000 3.535245
v -2.797935 0.659190 3.551625
v -2.746065 0.659190 3.551625
v -2.737875 0.659190 3.543435
v -2.737875 0.659190 3.491565
v -2.746065 0.659190 3.483375
v -2.797935 0.659190 3.483375
v -2.806125 0.659190 3.491565
v -2.806125 0.659190 3.543435
v -2.797935 3.792810 3.551625
v -2.746065 3.792810 3.551625
v -2.737875 3.792810 3.543435
v -2.737875 3.792810 3.491565
v -2.746065 3.792810 3.483375
v -2.797935 3.792810 3.483375
v -2.806125 3.792810 3.491565
v -2.806125 3.792810 3.543435
v -2.789745 3.801000 3.543435
v -2.754255 3.801000 3.543435
v -2.746065 3.801000 3.535245
v -2.746065 3.801000 3.499755
v -2.754255 3.801000 3.491565
v -2.789745 3.801000 3.491565
v -2.797935 3.801000 3.499755
v -2.797935 3.801000 3.535245
v -2.201745 0.651000 3.543435
v -2.166255 0.651000 3.543435
v -2.158065 0.651000 3.535245
v -2.158065 0.651000 3.499755
v -2.166255 0.651000 3.491565
v -2.201745 0.651000 3.491565
v -2.209935 0.651000 3.499755
v -2.209935 0.651000 3.535245
v -2.209935 0.659190 3.551625
v -2.158065 0.659190 3.551625
v -2.149875 0.659190 3.543435
v -2.149875 0.659190 3.491565
v -2.158065 0.659190 3.483375
v -2.209935 0.659190 3.483375
v -2.218125 0.659190 3.491565
v -2.218125 0.659190 3.543435
v -2.209935 3.792810 3.551625
v -2.158065 3.792810 3.551625
v -2.149875 3.792810 3.543435
v -2.149875 3.792810 3.491565
v -2.158065 3.792810 3.483375
v -2.209935 3.792810 3.483375
v -2.218125 3.792810 3.491565
v -2.218125 3.792810 3.543435
v -2.201745 3.801000 3.543435
v -2.166255 3.801000 3.543435
v -2.158065 3.801000 3.535245
v -2.158065 3.801000 3.499755
v -2.166255 3.801000 3.491565
v -2.201745 3.801000 3.491565
v -2.209935 3.801000 3.499755
v -2.209935 3.801000 3.535245
v -2.803500 0.816375 3.572625
v -2.152500 0.816375 3.572625
v -2.152500 0.816375 3.525375
v -2.803500 0.816375 3.525375
v -2.803500 0.863625 3.572625
v -2.152500 0.863625 3.572625
v -2.152500 0.863625 3.525375
v -2.803500 0.863625 3.525375
v -2.803500 1.131375 3.572625
v -2.152500 1.131375 3.572625
v -2.152500 1.131375 3.525375
v -2.803500 1.131375 3.525375
v -2.803500 1.178625 3.572625
v -2.152500 1.178625 3.572625
v -2.152500 1.178625 3.525375
v -2.803500 1.178625 3.525375
v -2.803500 1.446375 3.572625
v -2.152500 1.446375 3.572625
v -2.152500 1.446375 3.525375
v -2.803500 1.446375 3.525375
v -2.803500 1.493625 3.572625
v -2.152500 1.493625 3.572625
v -2.152500 1.493625 3.525375
v -2.803500 1.493625 3.525375
v -2.803500 1.761375 3.572625
v -2.152500 1.761375 3.572625
v -2.152500 1.761375 3.525375
v -2.803500 1.761375 3.525375
v -2.803500 1.808625 3.572625
v -2.152500 1.808625 3.572625
v -2.152500 1.808625 3.525375
v -2.803500 1.808625 3.525375
v -2.803500 2.076375 3.572625
v -2.152500 2.076375 3.572625
v -2.152500 2.076375 3.525375
v -2.803500 2.076375 3.525375
v -2.803500 2.123625 3.572625
v -2.152500 2.123625 3.572625
v -2.152500 2.123625 3.525375
v -2.803500 2.123625 3.525375
v -2.803500 2.391375 3.572625
v -2.152500 2.391375 3.572625
v -2.152500 2.391375 3.525375
v -2.803500 2.391375 3.525375
v -2.803500 2.438625 3.572625
v -2.152500 2.438625 3.572625
v -2.152500 2.438625 3.525375
v -2.803500 2.438625 3.525375
v -2.803500 2.706375 3.572625
v -2.152500 2.706375 3.572625
v -2.152500 2.706375 3.525375
v -2.803500 2.706375 3.525375
v -2.803500 2.753625 3.572625
v -2.152500 2.753625 3.572625
v -2.152500 2.753625 3.525375
v -2.803500 2.753625 3.525375
v -2.803500 3.021375 3.572625
v -2.152500 3.021375 3.572625
v -2.152500 3.021375 3.525375
v -2.803500 3.021375 3.525375
v -2.803500 3.068625 3.572625
v -2.152500 3.068625 3.572625
v -2.152500 3.068625 3.525375
v -2.803500 3.068625 3.525375
v -2.803500 3.336375 3.572625
v -2.152500 3.336375 3.572625
v -2.152500 3.336375 3.525375
v -2.803500 3.336375 3.525375
v -2.803500 3.383625 3.572625
v -2.152500 3.383625 3.572625
v -2.152500 3.383625 3.525375
v -2.803500 3.383625 3.525375
v -2.803500 3.651375 3.572625
v -2.152500 3.651375 3.572625
v -2.152500 3.651375 3.525375
v -2.803500 3.651375 3.525375
v -2.803500 3.698625 3.572625
v -2.152500 3.698625 3.572625
v -2.152500 3.698625 3.525375
v -2.803500 3.698625 3.525375
v -3.858750 3.811500 3.517500
v 3.858750 3.811500 3.517500
v 3.885000 3.811500 3.491250
v 3.885000 3.811500 -3.491250
v 3.858750 3.811500 -3.517500
v -3.858750 3.811500 -3.517500
v -3.885000 3.811500 -3.491250
v -3.885000 3.811500 3.491250
v -3.885000 3.837750 3.543750
v 3.885000 3.837750 3.543750
v 3.911250 3.837750 3.517500
v 3.911250 3.837750 -3.517500
v 3.885000 3.837750 -3.543750
v -3.885000 3.837750 -3.543750
v -3.911250 3.837750 -3.517500
v -3.911250 3.837750 3.517500
v -3.885000 4.100250 3.543750
v 3.885000 4.100250 3.543750
v 3.911250 4.100250 3.517500
v 3.911250 4.100250 -3.517500
v 3.885000 4.100250 -3.543750
v -3.885000 4.100250 -3.543750
v -3.911250 4.100250 -3.517500
v -3.911250 4.100250 3.517500
v -3.858750 4.126500 3.517500
v 3.858750 4.126500 3.517500
v 3.885000 4.126500 3.491250
v 3.885000 4.126500 -3.491250
v 3.858750 4.126500 -3.517500
v -3.858750 4.126500 -3.517500
v -3.885000 4.126500 -3.491250
v -3.885000 4.126500 3.491250
v -3.561180 3.974250 3.287340
v -3.473820 3.974250 3.287340
v -3.453660 3.974250 3.267180
v -3.453660 3.974250 -3.267180
v -3.473820 3.974250 -3.287340
v -3.561180 3.974250 -3.287340
v -3.581340 3.974250 -3.267180
v -3.581340 3.974250 3.267180
v -3.581340 3.994410 3.307500
v -3.453660 3.994410 3.307500
v -3.433500 3.994410 3.287340
v -3.433500 3.994410 -3.287340
v -3.453660 3.994410 -3.307500
v -3.581340 3.994410 -3.307500
v -3.601500 3.994410 -3.287340
v -3.601500 3.994410 3.287340
v -3.581340 4.531590 3.307500
v -3.453660 4.531590 3.307500
v -3.433500 4.531590 3.287340
v -3.433500 4.531590 -3.287340
v -3.453660 4.531590 -3.307500
v -3.581340 4.531590 -3.307500
v -3.601500 4.531590 -3.287340
v -3.601500 4.531590 3.287340
v -3.561180 4.551750 3.287340
v -3.473820 4.551750 3.287340
v -3.453660 4.551750 3.267180
v -3.453660 4.551750 -3.267180
v -3.473820 4.551750 -3.287340
v -3.561180 4.551750 -3.287340
v -3.581340 4.551750 -3.267180
v -3.581340 4.551750 3.267180
v 3.473820 3.974250 3.287340
v 3.561180 3.974250 3.287340
v 3.581340 3.974250 3.267180
v 3.581340 3.974250 -3.267180
v 3.561180 3.974250 -3.287340
v 3.473820 3.974250 -3.287340
v 3.453660 3.974250 -3.267180
v 3.453660 3.974250 3.267180
v 3.453660 3.994410 3.307500
v 3.581340 3.994410 3.307500
v 3.601500 3.994410 3.287340
v 3.601500 3.994410 -3.287340
v 3.581340 3.994410 -3.307500
v 3.453660 3.994410 -3.307500
v 3.433500 3.994410 -3.287340
v 3.433500 3.994410 3.287340
v 3.453660 4.531590 3.307500
v 3.581340 4.531590 3.307500
v 3.601500 4.531590 3.287340
v 3.601500 4.531590 -3.287340
v 3.581340 4.531590 -3.307500
v 3.453660 4.531590 -3.307500
v 3.433500 4.531590 -3.287340
v 3.433500 4.531590 3.287340
v 3.473820 4.551750 3.287340
v 3.561180 4.551750 3.287340
v 3.581340 4.551750 3.267180
v 3.581340 4.551750 -3.267180
v 3.561180 4.551750 -3.287340
v 3.473820 4.551750 -3.287340
v 3.453660 4.551750 -3.267180
v 3.453660 4.551750 3.267180
v -3.424680 3.979500 -3.212160
v 3.424680 3.979500 -3.212160
v 3.444840 3.979500 -3.232320
v 3.444840 3.979500 -3.319680
v 3.424680 3.979500 -3.339840
v -3.424680 3.979500 -3.339840
v -3.444840 3.979500 -3.319680
v -3.444840 3.979500 -3.232320
v -3.444840 3.999660 -3.192000
v 3.444840 3.999660 -3.192000
v 3.465000 3.999660 -3.212160
v 3.465000 3.999660 -3.339840
v 3.444840 3.999660 -3.360000
v -3.444840 3.999660 -3.360000
v -3.465000 3.999660 -3.339840
v -3.465000 3.999660 -3.212160
v -3.444840 4.484340 -3.192000
v 3.444840 4.484340 -3.192000
v 3.465000 4.484340 -3.212160
v 3.465000 4.484340 -3.339840
v 3.444840 4.484340 -3.360000
v -3.444840 4.484340 -3.360000
v -3.465000 4.484340 -3.339840
v -3.465000 4.484340 -3.212160
v -3.424680 4.504500 -3.212160
v 3.424680 4.504500 -3.212160
v 3.444840 4.504500 -3.232320
v 3.444840 4.504500 -3.319680
v 3.424680 4.504500 -3.339840
v -3.424680 4.504500 -3.339840
v -3.444840 4.504500 -3.319680
v -3.444840 4.504500 -3.232320
v -2.794680 4.084500 1.397340
v -1.615320 4.084500 1.397340
v -1.595160 4.084500 1.377180
v -1.595160 4.084500 -1.377180
v -1.615320 4.084500 -1.397340
v -2.794680 4.084500 -1.397340
v -2.814840 4.084500 -1.377180
v -2.814840 4.084500 1.377180
v -2.814840 4.104660 1.417500
v -1.595160 4.104660 1.417500
v -1.575000 4.104660 1.397340
v -1.575000 4.104660 -1.397340
v -1.595160 4.104660 -1.417500
v -2.814840 4.104660 -1.417500
v -2.835000 4.104660 -1.397340
v -2.835000 4.104660 1.397340
v -2.814840 4.232340 1.417500
v -1.595160 4.232340 1.417500
v -1.575000 4.232340 1.397340
v -1.575000 4.232340 -1.397340
v -1.595160 4.232340 -1.417500
v -2.814840 4.232340 -1.417500
v -2.835000 4.232340 -1.397340
v -2.835000 4.232340 1.397340
v -2.794680 4.252500 1.397340
v -1.615320 4.252500 1.397340
v -1.595160 4.252500 1.377180
v -1.595160 4.252500 -1.377180
v -1.615320 4.252500 -1.397340
v -2.794680 4.252500 -1.397340
v -2.814840 4.252500 -1.377180
v -2.814840 4.252500 1.377180
v -0.589680 4.084500 1.397340
v 0.589680 4.084500 1.397340
v 0.609840 4.084500 1.377180
v 0.609840 4.084500 -1.377180
v 0.589680 4.084500 -1.397340
v -0.589680 4.084500 -1.397340
v -0.609840 4.084500 -1.377180
v -0.609840 4.084500 1.377180
v -0.609840 4.104660 1.417500
v 0.609840 4.104660 1.417500
v 0.630000 4.104660 1.397340
v 0.630000 4.104660 -1.397340
v 0.609840 4.104660 -1.417500
v -0.609840 4.104660 -1.417500
v -0.630000 4.104660 -1.397340
v -0.630000 4.104660 1.397340
v -0.609840 4.232340 1.417500
v 0.609840 4.232340 1.417500
v 0.630000 4.232340 1.397340
v 0.630000 4.232340 -1.397340
v 0.609840 4.232340 -1.417500
v -0.609840 4.232340 -1.417500
v -0.630000 4.232340 -1.397340
v -0.630000 4.232340 1.397340
v -0.589680 4.252500 1.397340
v 0.589680 4.252500 1.397340
v 0.609840 4.252500 1.377180
v 0.609840 4.252500 -1.377180
v 0.589680 4.252500 -1.397340
v -0.589680 4.252500 -1.397340
v -0.609840 4.252500 -1.377180
v -0.609840 4.252500 1.377180
v 1.615320 4.084500 1.397340
v 2.794680 4.084500 1.397340
v 2.814840 4.084500 1.377180
v 2.814840 4.084500 -1.377180
v 2.794680 4.084500 -1.397340
v 1.615320 4.084500 -1.397340
v 1.595160 4.084500 -1.377180
v 1.595160 4.084500 1.377180
v 1.595160 4.104660 1.417500
v 2.814840 4.104660 1.417500
v 2.835000 4.104660 1.397340
v 2.835000 4.104660 -1.397340
v 2.814840 4.104660 -1.417500
v 1.595160 4.104660 -1.417500
v 1.575000 4.104660 -1.397340
v 1.575000 4.104660 1.397340
v 1.595160 4.232340 1.417500
v 2.814840 4.232340 1.417500
v 2.835000 4.232340 1.397340
v 2.835000 4.232340 -1.397340
v 2.814840 4.232340 -1.417500
v 1.595160 4.232340 -1.417500
v 1.575000 4.232340 -1.397340
v 1.575000 4.232340 1.397340
v 1.615320 4.252500 1.397340
v 2.794680 4.252500 1.397340
v 2.814840 4.252500 1.377180
v 2.814840 4.252500 -1.377180
v 2.794680 4.252500 -1.397340
v 1.615320 4.252500 -1.397340
v 1.595160 4.252500 -1.377180
v 1.595160 4.252500 1.377180
v -1.563450 4.184250 -0.281400
v -0.956550 4.184250 -0.281400
v -0.937650 4.184250 -0.300300
v -0.937650 4.184250 -1.169700
v -0.956550 4.184250 -1.188600
v -1.563450 4.184250 -1.188600
v -1.582350 4.184250 -1.169700
v -1.582350 4.184250 -0.300300
v -1.582350 4.203150 -0.262500
v -0.937650 4.203150 -0.262500
v -0.918750 4.203150 -0.281400
v -0.918750 4.203150 -1.188600
v -0.937650 4.203150 -1.207500
v -1.582350 4.203150 -1.207500
v -1.601250 4.203150 -1.188600
v -1.601250 4.203150 -0.281400
v -1.582350 4.322850 -0.262500
v -0.937650 4.322850 -0.262500
v -0.918750 4.322850 -0.281400
v -0.918750 4.322850 -1.188600
v -0.937650 4.322850 -1.207500
v -1.582350 4.322850 -1.207500
v -1.601250 4.322850 -1.188600
v -1.601250 4.322850 -0.281400
v -1.563450 4.341750 -0.281400
v -0.956550 4.341750 -0.281400
v -0.937650 4.341750 -0.300300
v -0.937650 4.341750 -1.169700
v -0.956550 4.341750 -1.188600
v -1.563450 4.341750 -1.188600
v -1.582350 4.341750 -1.169700
v -1.582350 4.341750 -0.300300
v -1.522500 4.344375 -0.979125
v -0.997500 4.344375 -0.979125
v -0.997500 4.344375 -1.036875
v -1.522500 4.344375 -1.036875
v -1.522500 4.370625 -0.979125
v -0.997500 4.370625 -0.979125
v -0.997500 4.370625 -1.036875
v -1.522500 4.370625 -1.036875
v -1.522500 4.344375 -0.790125
v -0.997500 4.344375 -0.790125
v -0.997500 4.344375 -0.847875
v -1.522500 4.344375 -0.847875
v -1.522500 4.370625 -0.790125
v -0.997500 4.370625 -0.790125
v -0.997500 4.370625 -0.847875
v -1.522500 4.370625 -0.847875
v -1.522500 4.344375 -0.601125
v -0.997500 4.344375 -0.601125
v -0.997500 4.344375 -0.658875
v -1.522500 4.344375 -0.658875
v -1.522500 4.370625 -0.601125
v -0.997500 4.370625 -0.601125
v -0.997500 4.370625 -0.658875
v -1.522500 4.370625 -0.658875
v -1.522500 4.344375 -0.412125
v -0.997500 4.344375 -0.412125
v -0.997500 4.344375 -0.469875
v -1.522500 4.344375 -0.469875
v -1.522500 4.370625 -0.412125
v -0.997500 4.370625 -0.412125
v -0.997500 4.370625 -0.469875
v -1.522500 4.370625 -0.469875
v 0.956550 4.184250 -0.281400
v 1.563450 4.184250 -0.281400
v 1.582350 4.184250 -0.300300
v 1.582350 4.184250 -1.169700
v 1.563450 4.184250 -1.188600
v 0.956550 4.184250 -1.188600
v 0.937650 4.184250 -1.169700
v 0.937650 4.184250 -0.300300
v 0.937650 4.203150 -0.262500
v 1.582350 4.203150 -0.262500
v 1.601250 4.203150 -0.281400
v 1.601250 4.203150 -1.188600
v 1.582350 4.203150 -1.207500
v 0.937650 4.203150 -1.207500
v 0.918750 4.203150 -1.188600
v 0.918750 4.203150 -0.281400
v 0.937650 4.322850 -0.262500
v 1.582350 4.322850 -0.262500
v 1.601250 4.322850 -0.281400
v 1.601250 4.322850 -1.188600
v 1.582350 4.322850 -1.207500
v 0.937650 4.322850 -1.207500
v 0.918750 4.322850 -1.188600
v 0.918750 4.322850 -0.281400
v 0.956550 4.341750 -0.281400
v 1.563450 4.341750 -0.281400
v 1.582350 4.341750 -0.300300
v 1.582350 4.341750 -1.169700
v 1.563450 4.341750 -1.188600
v 0.956550 4.341750 -1.188600
v 0.937650 4.341750 -1.169700
v 0.937650 4.341750 -0.300300
v 0.997500 4.344375 -0.979125
v 1.522500 4.344375 -0.979125
v 1.522500 4.344375 -1.036875
v 0.997500 4.344375 -1.036875
v 0.997500 4.370625 -0.979125
v 1.522500 4.370625 -0.979125
v 1.522500 4.370625 -1.036875
v 0.997500 4.370625 -1.036875
v 0.997500 4.344375 -0.790125
v 1.522500 4.344375 -0.790125
v 1.522500 4.344375 -0.847875
v 0.997500 4.344375 -0.847875
v 0.997500 4.370625 -0.790125
v 1.522500 4.370625 -0.790125
v 1.522500 4.370625 -0.847875
v 0.997500 4.370625 -0.847875
v 0.997500 4.344375 -0.601125
v 1.522500 4.344375 -0.601125
v 1.522500 4.344375 -0.658875
v 0.997500 4.344375 -0.658875
v 0.997500 4.370625 -0.601125
v 1.522500 4.370625 -0.601125
v 1.522500 4.370625 -0.658875
v 0.997500 4.370625 -0.658875
v 0.997500 4.344375 -0.412125
v 1.522500 4.344375 -0.412125
v 1.522500 4.344375 -0.469875
v 0.997500 4.344375 -0.469875
v 0.997500 4.370625 -0.412125
v 1.522500 4.370625 -0.412125
v 1.522500 4.370625 -0.469875
v 0.997500 4.370625 -0.469875
v -2.520000 4.147500 -2.908500
v -2.831834 4.147500 -2.779334
v -2.961000 4.147500 -2.467500
v -2.831834 4.147500 -2.155666
v -2.520000 4.147500 -2.026500
v -2.208166 4.147500 -2.155666
v -2.079000 4.147500 -2.467500
v -2.208166 4.147500 -2.779334
v -2.520000 8.662500 -2.908500
v -2.831834 8.662500 -2.779334
v -2.961000 8.662500 -2.467500
v -2.831834 8.662500 -2.155666
v -2.520000 8.662500 -2.026500
v -2.208166 8.662500 -2.155666
v -2.079000 8.662500 -2.467500
v -2.208166 8.662500 -2.779334
v -2.520000 4.630500 -2.982000
v -2.883806 4.630500 -2.831306
v -3.034500 4.630500 -2.467500
v -2.883806 4.630500 -2.103693
v -2.520000 4.630500 -1.953000
v -2.156194 4.630500 -2.103693
v -2.005500 4.630500 -2.467500
v -2.156194 4.630500 -2.831306
v -2.520000 4.819500 -2.982000
v -2.883806 4.819500 -2.831306
v -3.034500 4.819500 -2.467500
v -2.883806 4.819500 -2.103693
v -2.520000 4.819500 -1.953000
v -2.156194 4.819500 -2.103693
v -2.005500 4.819500 -2.467500
v -2.156194 4.819500 -2.831306
v -2.520000 7.150500 -2.982000
v -2.883806 7.150500 -2.831306
v -3.034500 7.150500 -2.467500
v -2.883806 7.150500 -2.103693
v -2.520000 7.150500 -1.953000
v -2.156194 7.150500 -2.103693
v -2.005500 7.150500 -2.467500
v -2.156194 7.150500 -2.831306
v -2.520000 7.339500 -2.982000
v -2.883806 7.339500 -2.831306
v -3.034500 7.339500 -2.467500
v -2.883806 7.339500 -2.103693
v -2.520000 7.339500 -1.953000
v -2.156194 7.339500 -2.103693
v -2.005500 7.339500 -2.467500
v -2.156194 7.339500 -2.831306
v -2.520000 8.515500 -2.982000
v -2.883806 8.515500 -2.831306
v -3.034500 8.515500 -2.467500
v -2.883806 8.515500 -2.103693
v -2.520000 8.515500 -1.953000
v -2.156194 8.515500 -2.103693
v -2.005500 8.515500 -2.467500
v -2.156194 8.515500 -2.831306
v -2.520000 8.704500 -2.982000
v -2.883806 8.704500 -2.831306
v -3.034500 8.704500 -2.467500
v -2.883806 8.704500 -2.103693
v -2.520000 8.704500 -1.953000
v -2.156194 8.704500 -2.103693
v -2.005500 8.704500 -2.467500
v -2.156194 8.704500 -2.831306
v -2.520000 8.678249 -2.814000
v -2.765013 8.678249 -2.712512
v -2.866500 8.678249 -2.467500
v -2.765013 8.678249 -2.222487
v -2.520000 8.678249 -2.121000
v -2.274987 8.678249 -2.222487
v -2.173500 8.678249 -2.467500
v -2.274987 8.678249 -2.712512
v -2.520000 8.709750 -2.814000
v -2.765013 8.709750 -2.712512
v -2.866500 8.709750 -2.467500
v -2.765013 8.709750 -2.222487
v -2.520000 8.709750 -2.121000
v -2.274987 8.709750 -2.222487
v -2.173500 8.709750 -2.467500
v -2.274987 8.709750 -2.712512
v -0.840000 4.147500 -2.908500
v -1.151834 4.147500 -2.779334
v -1.281000 4.147500 -2.467500
v -1.151834 4.147500 -2.155666
v -0.840000 4.147500 -2.026500
v -0.528166 4.147500 -2.155666
v -0.399000 4.147500 -2.467500
v -0.528166 4.147500 -2.779334
v -0.840000 8.662500 -2.908500
v -1.151834 8.662500 -2.779334
v -1.281000 8.662500 -2.467500
v -1.151834 8.662500 -2.155666
v -0.840000 8.662500 -2.026500
v -0.528166 8.662500 -2.155666
v -0.399000 8.662500 -2.467500
v -0.528166 8.662500 -2.779334
v -0.840000 4.630500 -2.982000
v -1.203807 4.630500 -2.831306
v -1.354500 4.630500 -2.467500
v -1.203807 4.630500 -2.103693
v -0.840000 4.630500 -1.953000
v -0.476194 4.630500 -2.103693
v -0.325500 4.630500 -2.467500
v -0.476194 4.630500 -2.831306
v -0.840000 4.819500 -2.982000
v -1.203807 4.819500 -2.831306
v -1.354500 4.819500 -2.467500
v -1.203807 4.819500 -2.103693
v -0.840000 4.819500 -1.953000
v -0.476194 4.819500 -2.103693
v -0.325500 4.819500 -2.467500
v -0.476194 4.819500 -2.831306
v -0.840000 7.150500 -2.982000
v -1.203807 7.150500 -2.831306
v -1.354500 7.150500 -2.467500
v -1.203807 7.150500 -2.103693
v -0.840000 7.150500 -1.953000
v -0.476194 7.150500 -2.103693
v -0.325500 7.150500 -2.467500
v -0.476194 7.150500 -2.831306
v -0.840000 7.339500 -2.982000
v -1.203807 7.339500 -2.831306
v -1.354500 7.339500 -2.467500
v -1.203807 7.339500 -2.103693
v -0.840000 7.339500 -1.953000
v -0.476194 7.339500 -2.103693
v -0.325500 7.339500 -2.467500
v -0.476194 7.339500 -2.831306
v -0.840000 8.515500 -2.982000
v -1.203807 8.515500 -2.831306
v -1.354500 8.515500 -2.467500
v -1.203807 8.515500 -2.103693
v -0.840000 8.515500 -1.953000
v -0.476194 8.515500 -2.103693
v -0.325500 8.515500 -2.467500
v -0.476194 8.515500 -2.831306
v -0.840000 8.704500 -2.982000
v -1.203807 8.704500 -2.831306
v -1.354500 8.704500 -2.467500
v -1.203807 8.704500 -2.103693
v -0.840000 8.704500 -1.953000
v -0.476194 8.704500 -2.103693
v -0.325500 8.704500 -2.467500
v -0.476194 8.704500 -2.831306
v -0.840000 8.678249 -2.814000
v -1.085012 8.678249 -2.712512
v -1.186500 8.678249 -2.467500
v -1.085012 8.678249 -2.222487
v -0.840000 8.678249 -2.121000
v -0.594988 8.678249 -2.222487
v -0.493500 8.678249 -2.467500
v -0.594988 8.678249 -2.712512
v -0.840000 8.709750 -2.814000
v -1.085012 8.709750 -2.712512
v -1.186500 8.709750 -2.467500
v -1.085012 8.709750 -2.222487
v -0.840000 8.709750 -2.121000
v -0.594988 8.709750 -2.222487
v -0.493500 8.709750 -2.467500
v -0.594988 8.709750 -2.712512
v 0.840000 4.147500 -2.908500
v 0.528166 4.147500 -2.779334
v 0.399000 4.147500 -2.467500
v 0.528166 4.147500 -2.155666
v 0.840000 4.147500 -2.026500
v 1.151834 4.147500 -2.155666
v 1.281000 4.147500 -2.467500
v 1.151834 4.147500 -2.779334
v 0.840000 8.662500 -2.908500
v 0.528166 8.662500 -2.779334
v 0.399000 8.662500 -2.467500
v 0.528166 8.662500 -2.155666
v 0.840000 8.662500 -2.026500
v 1.151834 8.662500 -2.155666
v 1.281000 8.662500 -2.467500
v 1.151834 8.662500 -2.779334
v 0.840000 4.630500 -2.982000
v 0.476194 4.630500 -2.831306
v 0.325500 4.630500 -2.467500
v 0.476194 4.630500 -2.103693
v 0.840000 4.630500 -1.953000
v 1.203807 4.630500 -2.103693
v 1.354500 4.630500 -2.467500
v 1.203807 4.630500 -2.831306
v 0.840000 4.819500 -2.982000
v 0.476194 4.819500 -2.831306
v 0.325500 4.819500 -2.467500
v 0.476194 4.819500 -2.103693
v 0.840000 4.819500 -1.953000
v 1.203807 4.819500 -2.103693
v 1.354500 4.819500 -2.467500
v 1.203807 4.819500 -2.831306
v 0.840000 7.150500 -2.982000
v 0.476194 7.150500 -2.831306
v 0.325500 7.150500 -2.467500
v 0.476194 7.150500 -2.103693
v 0.840000 7.150500 -1.953000
v 1.203807 7.150500 -2.103693
v 1.354500 7.150500 -2.467500
v 1.203807 7.150500 -2.831306
v 0.840000 7.339500 -2.982000
v 0.476194 7.339500 -2.831306
v 0.325500 7.339500 -2.467500
v 0.476194 7.339500 -2.103693
v 0.840000 7.339500 -1.953000
v 1.203807 7.339500 -2.103693
v 1.354500 7.339500 -2.467500
v 1.203807 7.339500 -2.831306
v 0.840000 8.515500 -2.982000
v 0.476194 8.515500 -2.831306
v 0.325500 8.515500 -2.467500
v 0.476194 8.515500 -2.103693
v 0.840000 8.515500 -1.953000
v 1.203807 8.515500 -2.103693
v 1.354500 8.515500 -2.467500
v 1.203807 8.515500 -2.831306
v 0.840000 8.704500 -2.982000
v 0.476194 8.704500 -2.831306
v 0.325500 8.704500 -2.467500
v 0.476194 8.704500 -2.103693
v 0.840000 8.704500 -1.953000
v 1.203807 8.704500 -2.103693
v 1.354500 8.704500 -2.467500
v 1.203807 8.704500 -2.831306
v 0.840000 8.678249 -2.814000
v 0.594988 8.678249 -2.712512
v 0.493500 8.678249 -2.467500
v 0.594988 8.678249 -2.222487
v 0.840000 8.678249 -2.121000
v 1.085012 8.678249 -2.222487
v 1.186500 8.678249 -2.467500
v 1.085012 8.678249 -2.712512
v 0.840000 8.709750 -2.814000
v 0.594988 8.709750 -2.712512
v 0.493500 8.709750 -2.467500
v 0.594988 8.709750 -2.222487
v 0.840000 8.709750 -2.121000
v 1.085012 8.709750 -2.222487
v 1.186500 8.709750 -2.467500
v 1.085012 8.709750 -2.712512
v 2.520000 4.147500 -2.908500
v 2.208166 4.147500 -2.779334
v 2.079000 4.147500 -2.467500
v 2.208166 4.147500 -2.155666
v 2.520000 4.147500 -2.026500
v 2.831834 4.147500 -2.155666
v 2.961000 4.147500 -2.467500
v 2.831834 4.147500 -2.779334
v 2.520000 8.662500 -2.908500
v 2.208166 8.662500 -2.779334
v 2.079000 8.662500 -2.467500
v 2.208166 8.662500 -2.155666
v 2.520000 8.662500 -2.026500
v 2.831834 8.662500 -2.155666
v 2.961000 8.662500 -2.467500
v 2.831834 8.662500 -2.779334
v 2.520000 4.630500 -2.982000
v 2.156194 4.630500 -2.831306
v 2.005500 4.630500 -2.467500
v 2.156194 4.630500 -2.103693
v 2.520000 4.630500 -1.953000
v 2.883806 4.630500 -2.103693
v 3.034500 4.630500 -2.467500
v 2.883806 4.630500 -2.831306
v 2.520000 4.819500 -2.982000
v 2.156194 4.819500 -2.831306
v 2.005500 4.819500 -2.467500
v 2.156194 4.819500 -2.103693
v 2.520000 4.819500 -1.953000
v 2.883806 4.819500 -2.103693
v 3.034500 4.819500 -2.467500
v 2.883806 4.819500 -2.831306
v 2.520000 7.150500 -2.982000
v 2.156194 7.150500 -2.831306
v 2.005500 7.150500 -2.467500
v 2.156194 7.150500 -2.103693
v 2.520000 7.150500 -1.953000
v 2.883806 7.150500 -2.103693
v 3.034500 7.150500 -2.467500
v 2.883806 7.150500 -2.831306
v 2.520000 7.339500 -2.982000
v 2.156194 7.339500 -2.831306
v 2.005500 7.339500 -2.467500
v 2.156194 7.339500 -2.103693
v 2.520000 7.339500 -1.953000
v 2.883806 7.339500 -2.103693
v 3.034500 7.339500 -2.467500
v 2.883806 7.339500 -2.831306
v 2.520000 8.515500 -2.982000
v 2.156194 8.515500 -2.831306
v 2.005500 8.515500 -2.467500
v 2.156194 8.515500 -2.103693
v 2.520000 8.515500 -1.953000
v 2.883806 8.515500 -2.103693
v 3.034500 8.515500 -2.467500
v 2.883806 8.515500 -2.831306
v 2.520000 8.704500 -2.982000
v 2.156194 8.704500 -2.831306
v 2.005500 8.704500 -2.467500
v 2.156194 8.704500 -2.103693
v 2.520000 8.704500 -1.953000
v 2.883806 8.704500 -2.103693
v 3.034500 8.704500 -2.467500
v 2.883806 8.704500 -2.831306
v 2.520000 8.678249 -2.814000
v 2.274987 8.678249 -2.712512
v 2.173500 8.678249 -2.467500
v 2.274987 8.678249 -2.222487
v 2.520000 8.678249 -2.121000
v 2.765013 8.678249 -2.222487
v 2.866500 8.678249 -2.467500
v 2.765013 8.678249 -2.712512
v 2.520000 8.709750 -2.814000
v 2.274987 8.709750 -2.712512
v 2.173500 8.709750 -2.467500
v 2.274987 8.709750 -2.222487
v 2.520000 8.709750 -2.121000
v 2.765013 8.709750 -2.222487
v 2.866500 8.709750 -2.467500
v 2.765013 8.709750 -2.712512
v 0.472500 4.247250 1.811250
v 2.677500 4.247250 1.811250
v 2.703750 4.247250 1.785000
v 2.703750 4.247250 0.315000
v 2.677500 4.247250 0.288750
v 0.472500 4.247250 0.288750
v 0.446250 4.247250 0.315000
v 0.446250 4.247250 1.785000
v 0.446250 4.273500 1.837500
v 2.703750 4.273500 1.837500
v 2.730000 4.273500 1.811250
v 2.730000 4.273500 0.288750
v 2.703750 4.273500 0.262500
v 0.446250 4.273500 0.262500
v 0.420000 4.273500 0.288750
v 0.420000 4.273500 1.811250
v 0.446250 5.008500 1.837500
v 2.703750 5.008500 1.837500
v 2.730000 5.008500 1.811250
v 2.730000 5.008500 0.288750
v 2.703750 5.008500 0.262500
v 0.446250 5.008500 0.262500
v 0.420000 5.008500 0.288750
v 0.420000 5.008500 1.811250
v 0.472500 5.034750 1.811250
v 2.677500 5.034750 1.811250
v 2.703750 5.034750 1.785000
v 2.703750 5.034750 0.315000
v 2.677500 5.034750 0.288750
v 0.472500 5.034750 0.288750
v 0.446250 5.034750 0.315000
v 0.446250 5.034750 1.785000
v 1.575000 5.008500 0.525000
v 1.312500 5.008500 0.595337
v 1.120337 5.008500 0.787500
v 1.050000 5.008500 1.050000
v 1.120337 5.008500 1.312500
v 1.312500 5.008500 1.504663
v 1.575000 5.008500 1.575000
v 1.837500 5.008500 1.504663
v 2.029663 5.008500 1.312500
v 2.100000 5.008500 1.050000
v 2.029663 5.008500 0.787500
v 1.837500 5.008500 0.595337
v 1.575000 5.239500 0.525000
v 1.312500 5.239500 0.595337
v 1.120337 5.239500 0.787500
v 1.050000 5.239500 1.050000
v 1.120337 5.239500 1.312500
v 1.312500 5.239500 1.504663
v 1.575000 5.239500 1.575000
v 1.837500 5.239500 1.504663
v 2.029663 5.239500 1.312500
v 2.100000 5.239500 1.050000
v 2.029663 5.239500 0.787500
v 1.837500 5.239500 0.595337
v 1.575000 5.585999 0.997500
v 1.476252 5.553915 0.997500
v 1.415223 5.469915 0.997500
v 1.415223 5.366085 0.997500
v 1.476252 5.282085 0.997500
v 1.575000 5.250000 0.997500
v 1.673748 5.282085 0.997500
v 1.734777 5.366085 0.997500
v 1.734777 5.469915 0.997500
v 1.673748 5.553915 0.997500
v 1.575000 5.585999 2.887500
v 1.476252 5.553915 2.887500
v 1.415223 5.469915 2.887500
v 1.415223 5.366085 2.887500
v 1.476252 5.282085 2.887500
v 1.575000 5.250000 2.887500
v 1.673748 5.282085 2.887500
v 1.734777 5.366085 2.887500
v 1.734777 5.469915 2.887500
v 1.673748 5.553915 2.887500
v 1.076250 5.176500 1.443750
v 2.073750 5.176500 1.443750
v 2.100000 5.176500 1.417500
v 2.100000 5.176500 0.682500
v 2.073750 5.176500 0.656250
v 1.076250 5.176500 0.656250
v 1.050000 5.176500 0.682500
v 1.050000 5.176500 1.417500
v 1.050000 5.202750 1.470000
v 2.100000 5.202750 1.470000
v 2.126250 5.202750 1.443750
v 2.126250 5.202750 0.656250
v 2.100000 5.202750 0.630000
v 1.050000 5.202750 0.630000
v 1.023750 5.202750 0.656250
v 1.023750 5.202750 1.443750
v 1.050000 5.654250 1.470000
v 2.100000 5.654250 1.470000
v 2.126250 5.654250 1.443750
v 2.126250 5.654250 0.656250
v 2.100000 5.654250 0.630000
v 1.050000 5.654250 0.630000
v 1.023750 5.654250 0.656250
v 1.023750 5.654250 1.443750
v 1.076250 5.680500 1.443750
v 2.073750 5.680500 1.443750
v 2.100000 5.680500 1.417500
v 2.100000 5.680500 0.682500
v 2.073750 5.680500 0.656250
v 1.076250 5.680500 0.656250
v 1.050000 5.680500 0.682500
v 1.050000 5.680500 1.417500
vn -0.0000 -1.0000 -0.0000
vn -0.0000 -0.7071 0.7071
vn 0.4082 -0.8165 0.4082
vn 0.7071 -0.7071 -0.0000
vn 0.4082 -0.8165 -0.4082
vn -0.0000 -0.7071 -0.7071
vn -0.4082 -0.8165 -0.4082
vn -0.7071 -0.7071 -0.0000
vn -0.4082 -0.8165 0.4082
vn -0.0000 -0.0000 1.0000
vn 0.7071 -0.0000 0.7071
vn 1.0000 -0.0000 -0.0000
vn 0.7071 -0.0000 -0.7071
vn -0.0000 -0.0000 -1.0000
vn -0.7071 -0.0000 -0.7071
vn -1.0000 -0.0000 -0.0000
vn -0.7071 -0.0000 0.7071
vn -0.0000 0.7071 0.7071
vn 0.4082 0.8165 0.4082
vn 0.7071 0.7071 -0.0000
vn 0.4082 0.8165 -0.4082
vn -0.0000 0.7071 -0.7071
vn -0.4082 0.8165 -0.4082
vn -0.7071 0.7071 -0.0000
vn -0.4082 0.8165 0.4082
vn -0.0000 1.0000 -0.0000
vn 0.4082 -0.8165 0.4083
vn 0.4082 -0.8165 -0.4083
vn -0.4082 -0.8165 -0.4083
vn -0.4082 -0.8165 0.4083
vn -0.4083 -0.8165 -0.4082
vn 0.4082 0.8165 0.4083
vn 0.4083 -0.8165 -0.4083
vn 0.4083 0.8165 -0.4082
vn -0.4083 0.8165 0.4083
vn 0.4083 -0.8165 -0.4082
vn -0.4083 0.8165 -0.4082
vn -0.4083 -0.8165 0.4082
vn -0.4082 0.8165 0.4083
vn -0.4083 -0.8165 0.4083
vn -0.4083 0.8165 0.4082
vn 0.4083 -0.8165 0.4082
vn -0.4082 0.8165 -0.4083
vn 0.4082 0.8165 -0.4083
vn 0.4083 0.8165 0.4082
vn 0.4083 0.8165 -0.4083
vn 0.4083 0.8165 0.4083
vn 0.4083 -0.8165 0.4083
vn -0.4083 -0.8165 -0.4083
vn -0.0000 0.8660 0.5000
vn -0.0000 -0.8660 0.5000
vn -0.0000 -0.8660 -0.5000
vn -0.0000 0.8660 -0.5000
vn -0.4083 0.8165 -0.4083
vn 0.0001 1.0000 -0.0000
vn -0.3827 -0.0000 -0.9239
vn -0.9239 -0.0000 -0.3827
vn -0.9239 -0.0000 0.3827
vn -0.3827 -0.0000 0.9239
vn 0.3827 -0.0000 0.9239
vn 0.9239 -0.0000 0.3827
vn 0.9239 -0.0000 -0.3827
vn 0.3827 -0.0000 -0.9239
vn -0.2588 -0.0000 -0.9659
vn -0.9659 -0.0000 -0.2588
vn -0.9659 -0.0000 0.2588
vn -0.2588 -0.0000 0.9659
vn 0.2588 -0.0000 0.9659
vn 0.9659 -0.0000 0.2588
vn 0.9659 -0.0000 -0.2588
vn 0.2588 -0.0000 -0.9659
vn -0.3090 0.9511 -0.0000
vn -0.8090 0.5878 -0.0000
vn -0.8090 -0.5878 -0.0000
vn -0.3090 -0.9511 -0.0000
vn 0.3090 -0.9511 -0.0000
vn 0.8090 -0.5878 -0.0000
vn 0.8090 0.5878 -0.0000
vn 0.3090 0.9511 -0.0000
vt 0.625000 0.125000
vt 0.125000 0.625000
vt 0.125000 0.125000
vt 0.625000 0.875000
vt 0.375000 0.875000
vt 0.375000 0.125000
vt 0.875000 0.125000
s 0
usemtl Field_Palette
f 2/1/1 1/1/1 5/1/1
f 2/1/2 9/1/2 1/1/2
f 3/1/3 10/1/3 2/1/3
f 4/1/4 11/1/4 3/1/4
f 5/1/5 12/1/5 4/1/5
f 6/1/6 13/1/6 5/1/6
f 7/1/7 14/1/7 6/1/7
f 8/1/8 15/1/8 7/1/8
f 1/1/9 16/1/9 8/1/9
f 10/1/10 17/1/10 9/1/10
f 11/1/11 18/1/11 10/1/11
f 12/1/12 19/1/12 11/1/12
f 13/1/13 20/1/13 12/1/13
f 14/1/14 21/1/14 13/1/14
f 15/1/15 22/1/15 14/1/15
f 16/1/16 23/1/16 15/1/16
f 9/1/17 24/1/17 16/1/17
f 18/1/18 25/1/18 17/1/18
f 19/1/19 26/1/19 18/1/19
f 19/1/20 28/1/20 27/1/20
f 21/1/21 28/1/21 20/1/21
f 22/1/22 29/1/22 21/1/22
f 23/1/23 30/1/23 22/1/23
f 23/1/24 32/1/24 31/1/24
f 17/1/25 32/1/25 24/1/25
f 30/1/26 31/1/26 32/1/26
f 34/2/1 33/2/1 37/2/1
f 34/2/2 41/2/2 33/2/2
f 35/2/27 42/2/27 34/2/27
f 36/2/4 43/2/4 35/2/4
f 37/2/28 44/2/28 36/2/28
f 38/2/6 45/2/6 37/2/6
f 39/2/29 46/2/29 38/2/29
f 40/2/8 47/2/8 39/2/8
f 33/2/30 48/2/30 40/2/30
f 42/2/10 49/2/10 41/2/10
f 43/2/11 50/2/11 42/2/11
f 44/2/12 51/2/12 43/2/12
f 45/2/13 52/2/13 44/2/13
f 46/2/14 53/2/14 45/2/14
f 47/2/15 54/2/15 46/2/15
f 48/2/16 55/2/16 47/2/16
f 41/2/17 56/2/17 48/2/17
f 50/2/18 57/2/18 49/2/18
f 50/2/19 59/2/19 58/2/19
f 52/2/20 59/2/20 51/2/20
f 53/2/21 60/2/21 52/2/21
f 54/2/22 61/2/22 53/2/22
f 54/2/23 63/2/23 62/2/23
f 56/2/24 63/2/24 55/2/24
f 49/2/25 64/2/25 56/2/25
f 62/2/26 63/2/26 64/2/26
f 67/3/1 66/3/1 65/3/1
f 65/3/2 74/3/2 73/3/2
f 66/3/27 75/3/27 74/3/27
f 68/3/4 75/3/4 67/3/4
f 69/3/5 76/3/5 68/3/5
f 69/3/6 78/3/6 77/3/6
f 71/3/31 78/3/31 70/3/31
f 72/3/8 79/3/8 71/3/8
f 65/3/9 80/3/9 72/3/9
f 74/3/10 81/3/10 73/3/10
f 75/3/11 82/3/11 74/3/11
f 76/3/12 83/3/12 75/3/12
f 77/3/13 84/3/13 76/3/13
f 78/3/14 85/3/14 77/3/14
f 79/3/15 86/3/15 78/3/15
f 80/3/16 87/3/16 79/3/16
f 73/3/17 88/3/17 80/3/17
f 82/3/18 89/3/18 81/3/18
f 83/3/32 90/3/32 82/3/32
f 84/3/20 91/3/20 83/3/20
f 84/3/21 93/3/21 92/3/21
f 86/3/22 93/3/22 85/3/22
f 87/3/23 94/3/23 86/3/23
f 88/3/24 95/3/24 87/3/24
f 81/3/25 96/3/25 88/3/25
f 95/3/26 96/3/26 92/3/26
f 98/1/1 97/1/1 101/1/1
f 98/1/2 105/1/2 97/1/2
f 98/1/3 107/1/3 106/1/3
f 99/1/4 108/1/4 107/1/4
f 101/1/33 108/1/33 100/1/33
f 102/1/6 109/1/6 101/1/6
f 102/1/7 111/1/7 110/1/7
f 104/1/8 111/1/8 103/1/8
f 97/1/9 112/1/9 104/1/9
f 106/1/10 113/1/10 105/1/10
f 107/1/11 114/1/11 106/1/11
f 108/1/12 115/1/12 107/1/12
f 109/1/13 116/1/13 108/1/13
f 110/1/14 117/1/14 109/1/14
f 111/1/15 118/1/15 110/1/15
f 112/1/16 119/1/16 111/1/16
f 105/1/17 120/1/17 112/1/17
f 114/1/18 121/1/18 113/1/18
f 115/1/19 122/1/19 114/1/19
f 116/1/20 123/1/20 115/1/20
f 117/1/34 124/1/34 116/1/34
f 118/1/22 125/1/22 117/1/22
f 118/1/23 127/1/23 126/1/23
f 119/1/24 128/1/24 127/1/24
f 113/1/35 128/1/35 120/1/35
f 126/1/26 127/1/26 128/1/26
f 130/1/1 129/1/1 133/1/1
f 130/1/2 137/1/2 129/1/2
f 130/1/3 139/1/3 138/1/3
f 132/1/4 139/1/4 131/1/4
f 132/1/36 141/1/36 140/1/36
f 134/1/6 141/1/6 133/1/6
f 135/1/7 142/1/7 134/1/7
f 136/1/8 143/1/8 135/1/8
f 129/1/9 144/1/9 136/1/9
f 138/1/10 145/1/10 137/1/10
f 139/1/11 146/1/11 138/1/11
f 140/1/12 147/1/12 139/1/12
f 141/1/13 148/1/13 140/1/13
f 142/1/14 149/1/14 141/1/14
f 143/1/15 150/1/15 142/1/15
f 144/1/16 151/1/16 143/1/16
f 137/1/17 152/1/17 144/1/17
f 146/1/18 153/1/18 145/1/18
f 146/1/32 155/1/32 154/1/32
f 148/1/20 155/1/20 147/1/20
f 149/1/34 156/1/34 148/1/34
f 150/1/22 157/1/22 149/1/22
f 151/1/37 158/1/37 150/1/37
f 152/1/24 159/1/24 151/1/24
f 145/1/35 160/1/35 152/1/35
f 158/1/26 159/1/26 160/1/26
f 162/1/1 161/1/1 165/1/1
f 162/1/2 169/1/2 161/1/2
f 163/1/3 170/1/3 162/1/3
f 164/1/4 171/1/4 163/1/4
f 165/1/5 172/1/5 164/1/5
f 166/1/6 173/1/6 165/1/6
f 166/1/7 175/1/7 174/1/7
f 168/1/8 175/1/8 167/1/8
f 168/1/38 169/1/38 176/1/38
f 170/1/10 177/1/10 169/1/10
f 171/1/11 178/1/11 170/1/11
f 172/1/12 179/1/12 171/1/12
f 173/1/13 180/1/13 172/1/13
f 174/1/14 181/1/14 173/1/14
f 175/1/15 182/1/15 174/1/15
f 176/1/16 183/1/16 175/1/16
f 169/1/17 184/1/17 176/1/17
f 178/1/18 185/1/18 177/1/18
f 178/1/32 187/1/32 186/1/32
f 180/1/20 187/1/20 179/1/20
f 181/1/34 188/1/34 180/1/34
f 182/1/22 189/1/22 181/1/22
f 182/1/23 191/1/23 190/1/23
f 184/1/24 191/1/24 183/1/24
f 184/1/39 185/1/39 192/1/39
f 190/1/26 191/1/26 192/1/26
f 194/1/1 193/1/1 197/1/1
f 194/1/2 201/1/2 193/1/2
f 194/1/3 203/1/3 202/1/3
f 196/1/4 203/1/4 195/1/4
f 197/1/5 204/1/5 196/1/5
f 198/1/6 205/1/6 197/1/6
f 199/1/7 206/1/7 198/1/7
f 199/1/8 208/1/8 207/1/8
f 193/1/40 208/1/40 200/1/40
f 202/1/10 209/1/10 201/1/10
f 203/1/11 210/1/11 202/1/11
f 204/1/12 211/1/12 203/1/12
f 205/1/13 212/1/13 204/1/13
f 206/1/14 213/1/14 205/1/14
f 207/1/15 214/1/15 206/1/15
f 208/1/16 215/1/16 207/1/16
f 201/1/17 216/1/17 208/1/17
f 210/1/18 217/1/18 209/1/18
f 210/1/32 219/1/32 218/1/32
f 211/1/20 220/1/20 219/1/20
f 213/1/34 220/1/34 212/1/34
f 214/1/22 221/1/22 213/1/22
f 215/1/23 222/1/23 214/1/23
f 216/1/24 223/1/24 215/1/24
f 209/1/41 224/1/41 216/1/41
f 222/1/26 223/1/26 224/1/26
f 227/3/1 226/3/1 225/3/1
f 225/3/2 234/3/2 233/3/2
f 227/3/42 234/3/42 226/3/42
f 228/3/4 235/3/4 227/3/4
f 229/3/5 236/3/5 228/3/5
f 229/3/6 238/3/6 237/3/6
f 230/3/29 239/3/29 238/3/29
f 232/3/8 239/3/8 231/3/8
f 225/3/9 240/3/9 232/3/9
f 234/3/10 241/3/10 233/3/10
f 235/3/11 242/3/11 234/3/11
f 236/3/12 243/3/12 235/3/12
f 237/3/13 244/3/13 236/3/13
f 238/3/14 245/3/14 237/3/14
f 239/3/15 246/3/15 238/3/15
f 240/3/16 247/3/16 239/3/16
f 233/3/17 248/3/17 240/3/17
f 242/3/18 249/3/18 241/3/18
f 243/3/19 250/3/19 242/3/19
f 244/3/20 251/3/20 243/3/20
f 245/3/21 252/3/21 244/3/21
f 246/3/22 253/3/22 245/3/22
f 247/3/43 254/3/43 246/3/43
f 248/3/24 255/3/24 247/3/24
f 248/3/25 249/3/25 256/3/25
f 255/3/26 256/3/26 252/3/26
f 258/1/1 257/1/1 261/1/1
f 258/1/2 265/1/2 257/1/2
f 259/1/3 266/1/3 258/1/3
f 259/1/4 268/1/4 267/1/4
f 261/1/33 268/1/33 260/1/33
f 262/1/6 269/1/6 261/1/6
f 262/1/7 271/1/7 270/1/7
f 264/1/8 271/1/8 263/1/8
f 257/1/9 272/1/9 264/1/9
f 266/1/10 273/1/10 265/1/10
f 267/1/11 274/1/11 266/1/11
f 268/1/12 275/1/12 267/1/12
f 269/1/13 276/1/13 268/1/13
f 270/1/14 277/1/14 269/1/14
f 271/1/15 278/1/15 270/1/15
f 272/1/16 279/1/16 271/1/16
f 265/1/17 280/1/17 272/1/17
f 274/1/18 281/1/18 273/1/18
f 275/1/19 282/1/19 274/1/19
f 276/1/20 283/1/20 275/1/20
f 277/1/34 284/1/34 276/1/34
f 278/1/22 285/1/22 277/1/22
f 278/1/43 287/1/43 286/1/43
f 279/1/24 288/1/24 287/1/24
f 273/1/41 288/1/41 280/1/41
f 286/1/26 287/1/26 288/1/26
f 290/1/1 289/1/1 293/1/1
f 290/1/2 297/1/2 289/1/2
f 290/1/3 299/1/3 298/1/3
f 292/1/4 299/1/4 291/1/4
f 292/1/36 301/1/36 300/1/36
f 294/1/6 301/1/6 293/1/6
f 295/1/7 302/1/7 294/1/7
f 296/1/8 303/1/8 295/1/8
f 289/1/9 304/1/9 296/1/9
f 298/1/10 305/1/10 297/1/10
f 299/1/11 306/1/11 298/1/11
f 300/1/12 307/1/12 299/1/12
f 301/1/13 308/1/13 300/1/13
f 302/1/14 309/1/14 301/1/14
f 303/1/15 310/1/15 302/1/15
f 304/1/16 311/1/16 303/1/16
f 297/1/17 312/1/17 304/1/17
f 306/1/18 313/1/18 305/1/18
f 306/1/19 315/1/19 314/1/19
f 308/1/20 315/1/20 307/1/20
f 308/1/44 317/1/44 316/1/44
f 310/1/22 317/1/22 309/1/22
f 310/1/43 319/1/43 318/1/43
f 312/1/24 319/1/24 311/1/24
f 305/1/41 320/1/41 312/1/41
f 318/1/26 319/1/26 320/1/26
f 322/1/1 321/1/1 325/1/1
f 322/1/2 329/1/2 321/1/2
f 323/1/3 330/1/3 322/1/3
f 324/1/4 331/1/4 323/1/4
f 325/1/5 332/1/5 324/1/5
f 326/1/6 333/1/6 325/1/6
f 326/1/7 335/1/7 334/1/7
f 328/1/8 335/1/8 327/1/8
f 328/1/38 329/1/38 336/1/38
f 330/1/10 337/1/10 329/1/10
f 331/1/11 338/1/11 330/1/11
f 332/1/12 339/1/12 331/1/12
f 333/1/13 340/1/13 332/1/13
f 334/1/14 341/1/14 333/1/14
f 335/1/15 342/1/15 334/1/15
f 336/1/16 343/1/16 335/1/16
f 329/1/17 344/1/17 336/1/17
f 338/1/18 345/1/18 337/1/18
f 339/1/45 346/1/45 338/1/45
f 340/1/20 347/1/20 339/1/20
f 341/1/46 348/1/46 340/1/46
f 342/1/22 349/1/22 341/1/22
f 342/1/43 351/1/43 350/1/43
f 344/1/24 351/1/24 343/1/24
f 337/1/41 352/1/41 344/1/41
f 350/1/26 351/1/26 352/1/26
f 354/1/1 353/1/1 357/1/1
f 354/1/2 361/1/2 353/1/2
f 354/1/3 363/1/3 362/1/3
f 356/1/4 363/1/4 355/1/4
f 357/1/5 364/1/5 356/1/5
f 358/1/6 365/1/6 357/1/6
f 358/1/7 367/1/7 366/1/7
f 359/1/8 368/1/8 367/1/8
f 353/1/40 368/1/40 360/1/40
f 362/1/10 369/1/10 361/1/10
f 363/1/11 370/1/11 362/1/11
f 364/1/12 371/1/12 363/1/12
f 365/1/13 372/1/13 364/1/13
f 366/1/14 373/1/14 365/1/14
f 367/1/15 374/1/15 366/1/15
f 368/1/16 375/1/16 367/1/16
f 361/1/17 376/1/17 368/1/17
f 370/1/18 377/1/18 369/1/18
f 370/1/19 379/1/19 378/1/19
f 371/1/20 380/1/20 379/1/20
f 373/1/46 380/1/46 372/1/46
f 374/1/22 381/1/22 373/1/22
f 375/1/23 382/1/23 374/1/23
f 376/1/24 383/1/24 375/1/24
f 369/1/41 384/1/41 376/1/41
f 382/1/26 383/1/26 384/1/26
f 386/4/1 385/4/1 389/4/1
f 386/4/2 393/4/2 385/4/2
f 386/4/27 395/4/27 394/4/27
f 387/4/4 396/4/4 395/4/4
f 389/4/36 396/4/36 388/4/36
f 390/4/6 397/4/6 389/4/6
f 390/4/29 399/4/29 398/4/29
f 392/4/8 399/4/8 391/4/8
f 385/4/9 400/4/9 392/4/9
f 394/4/10 401/4/10 393/4/10
f 395/4/11 402/4/11 394/4/11
f 396/4/12 403/4/12 395/4/12
f 397/4/13 404/4/13 396/4/13
f 398/4/14 405/4/14 397/4/14
f 399/4/15 406/4/15 398/4/15
f 400/4/16 407/4/16 399/4/16
f 393/4/17 408/4/17 400/4/17
f 401/4/18 410/4/18 409/4/18
f 403/4/19 410/4/19 402/4/19
f 404/4/20 411/4/20 403/4/20
f 405/4/21 412/4/21 404/4/21
f 406/4/22 413/4/22 405/4/22
f 406/4/37 415/4/37 414/4/37
f 407/4/24 416/4/24 415/4/24
f 408/4/25 409/4/25 416/4/25
f 414/4/26 415/4/26 416/4/26
f 423/5/1 421/5/1 419/5/1
f 418/5/2 425/5/2 417/5/2
f 418/5/3 427/5/3 426/5/3
f 420/5/4 427/5/4 419/5/4
f 421/5/36 428/5/36 420/5/36
f 422/5/6 429/5/6 421/5/6
f 423/5/31 430/5/31 422/5/31
f 424/5/8 431/5/8 423/5/8
f 424/5/9 425/5/9 432/5/9
f 426/5/10 433/5/10 425/5/10
f 427/5/11 434/5/11 426/5/11
f 428/5/12 435/5/12 427/5/12
f 429/5/13 436/5/13 428/5/13
f 430/5/14 437/5/14 429/5/14
f 431/5/15 438/5/15 430/5/15
f 432/5/16 439/5/16 431/5/16
f 425/5/17 440/5/17 432/5/17
f 434/5/18 441/5/18 433/5/18
f 434/5/45 443/5/45 442/5/45
f 436/5/20 443/5/20 435/5/20
f 436/5/34 445/5/34 444/5/34
f 438/5/22 445/5/22 437/5/22
f 439/5/43 446/5/43 438/5/43
f 440/5/24 447/5/24 439/5/24
f 433/5/25 448/5/25 440/5/25
f 447/5/26 448/5/26 444/5/26
f 455/5/1 453/5/1 451/5/1
f 450/5/2 457/5/2 449/5/2
f 451/5/42 458/5/42 450/5/42
f 452/5/4 459/5/4 451/5/4
f 452/5/36 461/5/36 460/5/36
f 454/5/6 461/5/6 453/5/6
f 454/5/31 463/5/31 462/5/31
f 456/5/8 463/5/8 455/5/8
f 449/5/38 464/5/38 456/5/38
f 458/5/10 465/5/10 457/5/10
f 459/5/11 466/5/11 458/5/11
f 460/5/12 467/5/12 459/5/12
f 461/5/13 468/5/13 460/5/13
f 462/5/14 469/5/14 461/5/14
f 463/5/15 470/5/15 462/5/15
f 464/5/16 471/5/16 463/5/16
f 457/5/17 472/5/17 464/5/17
f 466/5/18 473/5/18 465/5/18
f 466/5/47 475/5/47 474/5/47
f 468/5/20 475/5/20 467/5/20
f 469/5/21 476/5/21 468/5/21
f 470/5/22 477/5/22 469/5/22
f 471/5/23 478/5/23 470/5/23
f 472/5/24 479/5/24 471/5/24
f 465/5/25 480/5/25 472/5/25
f 479/5/26 480/5/26 476/5/26
f 482/5/1 481/5/1 485/5/1
f 482/5/2 489/5/2 481/5/2
f 483/5/48 490/5/48 482/5/48
f 484/5/4 491/5/4 483/5/4
f 485/5/33 492/5/33 484/5/33
f 486/5/6 493/5/6 485/5/6
f 486/5/7 495/5/7 494/5/7
f 488/5/8 495/5/8 487/5/8
f 481/5/40 496/5/40 488/5/40
f 490/5/10 497/5/10 489/5/10
f 491/5/11 498/5/11 490/5/11
f 492/5/12 499/5/12 491/5/12
f 493/5/13 500/5/13 492/5/13
f 494/5/14 501/5/14 493/5/14
f 495/5/15 502/5/15 494/5/15
f 496/5/16 503/5/16 495/5/16
f 489/5/17 504/5/17 496/5/17
f 498/5/18 505/5/18 497/5/18
f 499/5/19 506/5/19 498/5/19
f 500/5/20 507/5/20 499/5/20
f 501/5/34 508/5/34 500/5/34
f 502/5/22 509/5/22 501/5/22
f 503/5/23 510/5/23 502/5/23
f 504/5/24 511/5/24 503/5/24
f 497/5/41 512/5/41 504/5/41
f 510/5/26 511/5/26 512/5/26
f 514/4/1 513/4/1 517/4/1
f 514/4/2 521/4/2 513/4/2
f 515/4/42 522/4/42 514/4/42
f 516/4/4 523/4/4 515/4/4
f 516/4/28 525/4/28 524/4/28
f 518/4/6 525/4/6 517/4/6
f 519/4/49 526/4/49 518/4/49
f 520/4/8 527/4/8 519/4/8
f 520/4/9 521/4/9 528/4/9
f 522/4/10 529/4/10 521/4/10
f 523/4/11 530/4/11 522/4/11
f 524/4/12 531/4/12 523/4/12
f 525/4/13 532/4/13 524/4/13
f 526/4/14 533/4/14 525/4/14
f 527/4/15 534/4/15 526/4/15
f 528/4/16 535/4/16 527/4/16
f 521/4/17 536/4/17 528/4/17
f 530/4/18 537/4/18 529/4/18
f 530/4/19 539/4/19 538/4/19
f 532/4/20 539/4/20 531/4/20
f 533/4/46 540/4/46 532/4/46
f 534/4/22 541/4/22 533/4/22
f 534/4/43 543/4/43 542/4/43
f 536/4/24 543/4/24 535/4/24
f 529/4/41 544/4/41 536/4/41
f 542/4/26 543/4/26 544/4/26
f 546/6/1 545/6/1 549/6/1
f 546/6/2 553/6/2 545/6/2
f 547/6/27 554/6/27 546/6/27
f 548/6/4 555/6/4 547/6/4
f 548/6/33 557/6/33 556/6/33
f 550/6/6 557/6/6 549/6/6
f 550/6/49 559/6/49 558/6/49
f 552/6/8 559/6/8 551/6/8
f 552/6/40 553/6/40 560/6/40
f 554/6/10 561/6/10 553/6/10
f 555/6/11 562/6/11 554/6/11
f 556/6/12 563/6/12 555/6/12
f 557/6/13 564/6/13 556/6/13
f 558/6/14 565/6/14 557/6/14
f 559/6/15 566/6/15 558/6/15
f 560/6/16 567/6/16 559/6/16
f 553/6/17 568/6/17 560/6/17
f 561/6/18 570/6/18 569/6/18
f 562/6/45 571/6/45 570/6/45
f 564/6/20 571/6/20 563/6/20
f 565/6/21 572/6/21 564/6/21
f 566/6/22 573/6/22 565/6/22
f 566/6/37 575/6/37 574/6/37
f 568/6/24 575/6/24 567/6/24
f 561/6/39 576/6/39 568/6/39
f 574/6/26 575/6/26 576/6/26
f 578/4/1 577/4/1 581/4/1
f 578/4/2 585/4/2 577/4/2
f 579/4/48 586/4/48 578/4/48
f 580/4/4 587/4/4 579/4/4
f 580/4/5 589/4/5 588/4/5
f 582/4/6 589/4/6 581/4/6
f 583/4/31 590/4/31 582/4/31
f 584/4/8 591/4/8 583/4/8
f 584/4/30 585/4/30 592/4/30
f 586/4/10 593/4/10 585/4/10
f 587/4/11 594/4/11 586/4/11
f 588/4/12 595/4/12 587/4/12
f 589/4/13 596/4/13 588/4/13
f 590/4/14 597/4/14 589/4/14
f 591/4/15 598/4/15 590/4/15
f 592/4/16 599/4/16 591/4/16
f 585/4/17 600/4/17 592/4/17
f 594/4/18 601/4/18 593/4/18
f 594/4/32 603/4/32 602/4/32
f 596/4/20 603/4/20 595/4/20
f 597/4/34 604/4/34 596/4/34
f 598/4/22 605/4/22 597/4/22
f 598/4/23 607/4/23 606/4/23
f 600/4/24 607/4/24 599/4/24
f 593/4/35 608/4/35 600/4/35
f 606/4/26 607/4/26 608/4/26
f 610/6/1 609/6/1 613/6/1
f 609/6/2 618/6/2 617/6/2
f 611/6/3 618/6/3 610/6/3
f 612/6/4 619/6/4 611/6/4
f 613/6/28 620/6/28 612/6/28
f 614/6/6 621/6/6 613/6/6
f 615/6/29 622/6/29 614/6/29
f 616/6/8 623/6/8 615/6/8
f 616/6/40 617/6/40 624/6/40
f 618/6/10 625/6/10 617/6/10
f 619/6/11 626/6/11 618/6/11
f 620/6/12 627/6/12 619/6/12
f 621/6/13 628/6/13 620/6/13
f 622/6/14 629/6/14 621/6/14
f 623/6/15 630/6/15 622/6/15
f 624/6/16 631/6/16 623/6/16
f 617/6/17 632/6/17 624/6/17
f 626/6/18 633/6/18 625/6/18
f 626/6/45 635/6/45 634/6/45
f 628/6/20 635/6/20 627/6/20
f 629/6/44 636/6/44 628/6/44
f 630/6/22 637/6/22 629/6/22
f 630/6/37 639/6/37 638/6/37
f 632/6/24 639/6/24 631/6/24
f 625/6/25 640/6/25 632/6/25
f 638/6/26 639/6/26 640/6/26
f 642/4/1 641/4/1 645/4/1
f 642/4/2 649/4/2 641/4/2
f 643/4/42 650/4/42 642/4/42
f 644/4/4 651/4/4 643/4/4
f 644/4/28 653/4/28 652/4/28
f 646/4/6 653/4/6 645/4/6
f 647/4/49 654/4/49 646/4/49
f 648/4/8 655/4/8 647/4/8
f 648/4/9 649/4/9 656/4/9
f 650/4/10 657/4/10 649/4/10
f 651/4/11 658/4/11 650/4/11
f 652/4/12 659/4/12 651/4/12
f 653/4/13 660/4/13 652/4/13
f 654/4/14 661/4/14 653/4/14
f 655/4/15 662/4/15 654/4/15
f 656/4/16 663/4/16 655/4/16
f 649/4/17 664/4/17 656/4/17
f 658/4/18 665/4/18 657/4/18
f 658/4/19 667/4/19 666/4/19
f 660/4/20 667/4/20 659/4/20
f 661/4/46 668/4/46 660/4/46
f 662/4/22 669/4/22 661/4/22
f 662/4/43 671/4/43 670/4/43
f 664/4/24 671/4/24 663/4/24
f 657/4/41 672/4/41 664/4/41
f 670/4/26 671/4/26 672/4/26
f 674/6/1 673/6/1 677/6/1
f 674/6/2 681/6/2 673/6/2
f 675/6/27 682/6/27 674/6/27
f 676/6/4 683/6/4 675/6/4
f 676/6/33 685/6/33 684/6/33
f 677/6/6 686/6/6 685/6/6
f 679/6/7 686/6/7 678/6/7
f 680/6/8 687/6/8 679/6/8
f 673/6/30 688/6/30 680/6/30
f 682/6/10 689/6/10 681/6/10
f 683/6/11 690/6/11 682/6/11
f 684/6/12 691/6/12 683/6/12
f 685/6/13 692/6/13 684/6/13
f 686/6/14 693/6/14 685/6/14
f 687/6/15 694/6/15 686/6/15
f 688/6/16 695/6/16 687/6/16
f 681/6/17 696/6/17 688/6/17
f 690/6/18 697/6/18 689/6/18
f 690/6/45 699/6/45 698/6/45
f 692/6/20 699/6/20 691/6/20
f 693/6/21 700/6/21 692/6/21
f 694/6/22 701/6/22 693/6/22
f 694/6/37 703/6/37 702/6/37
f 696/6/24 703/6/24 695/6/24
f 689/6/39 704/6/39 696/6/39
f 702/6/26 703/6/26 704/6/26
f 706/4/1 705/4/1 709/4/1
f 706/4/2 713/4/2 705/4/2
f 707/4/48 714/4/48 706/4/48
f 708/4/4 715/4/4 707/4/4
f 708/4/5 717/4/5 716/4/5
f 710/4/6 717/4/6 709/4/6
f 711/4/31 718/4/31 710/4/31
f 712/4/8 719/4/8 711/4/8
f 712/4/30 713/4/30 720/4/30
f 714/4/10 721/4/10 713/4/10
f 715/4/11 722/4/11 714/4/11
f 716/4/12 723/4/12 715/4/12
f 717/4/13 724/4/13 716/4/13
f 718/4/14 725/4/14 717/4/14
f 719/4/15 726/4/15 718/4/15
f 720/4/16 727/4/16 719/4/16
f 713/4/17 728/4/17 720/4/17
f 722/4/18 729/4/18 721/4/18
f 722/4/32 731/4/32 730/4/32
f 724/4/20 731/4/20 723/4/20
f 725/4/34 732/4/34 724/4/34
f 726/4/22 733/4/22 725/4/22
f 726/4/23 735/4/23 734/4/23
f 728/4/24 735/4/24 727/4/24
f 721/4/35 736/4/35 728/4/35
f 734/4/26 735/4/26 736/4/26
f 738/6/1 737/6/1 741/6/1
f 738/6/2 745/6/2 737/6/2
f 738/6/48 747/6/48 746/6/48
f 740/6/4 747/6/4 739/6/4
f 740/6/33 749/6/33 748/6/33
f 742/6/6 749/6/6 741/6/6
f 743/6/29 750/6/29 742/6/29
f 744/6/8 751/6/8 743/6/8
f 744/6/40 745/6/40 752/6/40
f 746/6/10 753/6/10 745/6/10
f 747/6/11 754/6/11 746/6/11
f 748/6/12 755/6/12 747/6/12
f 749/6/13 756/6/13 748/6/13
f 750/6/14 757/6/14 749/6/14
f 751/6/15 758/6/15 750/6/15
f 752/6/16 759/6/16 751/6/16
f 745/6/17 760/6/17 752/6/17
f 754/6/18 761/6/18 753/6/18
f 754/6/45 763/6/45 762/6/45
f 756/6/20 763/6/20 755/6/20
f 757/6/44 764/6/44 756/6/44
f 757/6/22 766/6/22 765/6/22
f 758/6/37 767/6/37 766/6/37
f 760/6/24 767/6/24 759/6/24
f 753/6/25 768/6/25 760/6/25
f 766/6/26 767/6/26 768/6/26
f 771/1/1 770/1/1 769/1/1
f 770/1/2 777/1/2 769/1/2
f 770/1/3 779/1/3 778/1/3
f 772/1/4 779/1/4 771/1/4
f 773/1/5 780/1/5 772/1/5
f 774/1/6 781/1/6 773/1/6
f 774/1/7 783/1/7 782/1/7
f 775/1/8 784/1/8 783/1/8
f 769/1/9 784/1/9 776/1/9
f 778/1/10 785/1/10 777/1/10
f 779/1/11 786/1/11 778/1/11
f 780/1/12 787/1/12 779/1/12
f 781/1/13 788/1/13 780/1/13
f 782/1/14 789/1/14 781/1/14
f 783/1/15 790/1/15 782/1/15
f 784/1/16 791/1/16 783/1/16
f 777/1/17 792/1/17 784/1/17
f 786/1/18 793/1/18 785/1/18
f 787/1/19 794/1/19 786/1/19
f 787/1/20 796/1/20 795/1/20
f 788/1/21 797/1/21 796/1/21
f 790/1/22 797/1/22 789/1/22
f 790/1/23 799/1/23 798/1/23
f 792/1/24 799/1/24 791/1/24
f 792/1/25 793/1/25 800/1/25
f 799/1/26 800/1/26 796/1/26
f 803/1/1 802/1/1 801/1/1
f 802/1/2 809/1/2 801/1/2
f 803/1/3 810/1/3 802/1/3
f 804/1/4 811/1/4 803/1/4
f 805/1/5 812/1/5 804/1/5
f 806/1/6 813/1/6 805/1/6
f 806/1/7 815/1/7 814/1/7
f 808/1/8 815/1/8 807/1/8
f 801/1/9 816/1/9 808/1/9
f 810/1/10 817/1/10 809/1/10
f 811/1/11 818/1/11 810/1/11
f 812/1/12 819/1/12 811/1/12
f 813/1/13 820/1/13 812/1/13
f 814/1/14 821/1/14 813/1/14
f 815/1/15 822/1/15 814/1/15
f 816/1/16 823/1/16 815/1/16
f 809/1/17 824/1/17 816/1/17
f 818/1/18 825/1/18 817/1/18
f 819/1/19 826/1/19 818/1/19
f 820/1/20 827/1/20 819/1/20
f 820/1/21 829/1/21 828/1/21
f 822/1/22 829/1/22 821/1/22
f 823/1/23 830/1/23 822/1/23
f 823/1/24 832/1/24 831/1/24
f 817/1/25 832/1/25 824/1/25
f 831/1/26 832/1/26 828/1/26
f 835/1/1 834/1/1 833/1/1
f 834/1/2 841/1/2 833/1/2
f 834/1/3 843/1/3 842/1/3
f 836/1/4 843/1/4 835/1/4
f 837/1/5 844/1/5 836/1/5
f 838/1/6 845/1/6 837/1/6
f 839/1/7 846/1/7 838/1/7
f 840/1/8 847/1/8 839/1/8
f 833/1/9 848/1/9 840/1/9
f 842/1/10 849/1/10 841/1/10
f 843/1/11 850/1/11 842/1/11
f 844/1/12 851/1/12 843/1/12
f 845/1/13 852/1/13 844/1/13
f 846/1/14 853/1/14 845/1/14
f 847/1/15 854/1/15 846/1/15
f 848/1/16 855/1/16 847/1/16
f 841/1/17 856/1/17 848/1/17
f 850/1/18 857/1/18 849/1/18
f 851/1/19 858/1/19 850/1/19
f 851/1/20 860/1/20 859/1/20
f 853/1/21 860/1/21 852/1/21
f 854/1/22 861/1/22 853/1/22
f 855/1/23 862/1/23 854/1/23
f 856/1/24 863/1/24 855/1/24
f 856/1/25 857/1/25 864/1/25
f 863/1/26 864/1/26 860/1/26
f 867/1/1 866/1/1 865/1/1
f 866/1/2 873/1/2 865/1/2
f 866/1/3 875/1/3 874/1/3
f 867/1/4 876/1/4 875/1/4
f 869/1/5 876/1/5 868/1/5
f 870/1/6 877/1/6 869/1/6
f 870/1/7 879/1/7 878/1/7
f 872/1/8 879/1/8 871/1/8
f 865/1/9 880/1/9 872/1/9
f 874/1/10 881/1/10 873/1/10
f 875/1/11 882/1/11 874/1/11
f 876/1/12 883/1/12 875/1/12
f 877/1/13 884/1/13 876/1/13
f 878/1/14 885/1/14 877/1/14
f 879/1/15 886/1/15 878/1/15
f 880/1/16 887/1/16 879/1/16
f 873/1/17 888/1/17 880/1/17
f 882/1/18 889/1/18 881/1/18
f 882/1/19 891/1/19 890/1/19
f 884/1/20 891/1/20 883/1/20
f 884/1/21 893/1/21 892/1/21
f 886/1/22 893/1/22 885/1/22
f 887/1/23 894/1/23 886/1/23
f 887/1/24 896/1/24 895/1/24
f 888/1/25 889/1/25 896/1/25
f 895/1/26 896/1/26 892/1/26
f 899/7/1 897/7/1 900/7/1
f 902/7/26 904/7/26 901/7/26
f 898/7/10 901/7/10 897/7/10
f 899/7/12 902/7/12 898/7/12
f 900/7/14 903/7/14 899/7/14
f 897/7/16 904/7/16 900/7/16
f 907/7/1 905/7/1 908/7/1
f 910/7/26 912/7/26 909/7/26
f 906/7/10 909/7/10 905/7/10
f 907/7/12 910/7/12 906/7/12
f 908/7/14 911/7/14 907/7/14
f 905/7/16 912/7/16 908/7/16
f 915/7/1 913/7/1 916/7/1
f 918/7/26 920/7/26 917/7/26
f 914/7/10 917/7/10 913/7/10
f 915/7/12 918/7/12 914/7/12
f 916/7/14 919/7/14 915/7/14
f 913/7/16 920/7/16 916/7/16
f 923/7/1 921/7/1 924/7/1
f 926/7/26 928/7/26 925/7/26
f 922/7/10 925/7/10 921/7/10
f 923/7/12 926/7/12 922/7/12
f 924/7/14 927/7/14 923/7/14
f 921/7/16 928/7/16 924/7/16
f 931/7/1 929/7/1 932/7/1
f 934/7/26 936/7/26 933/7/26
f 930/7/10 933/7/10 929/7/10
f 931/7/12 934/7/12 930/7/12
f 932/7/14 935/7/14 931/7/14
f 929/7/16 936/7/16 932/7/16
f 939/2/16 938/2/16 937/2/16
f 938/2/50 943/2/50 937/2/50
f 939/2/10 944/2/10 938/2/10
f 940/2/51 945/2/51 939/2/51
f 941/2/52 946/2/52 940/2/52
f 942/2/14 947/2/14 941/2/14
f 937/2/53 948/2/53 942/2/53
f 947/2/12 948/2/12 944/2/12
f 951/2/16 950/2/16 949/2/16
f 950/2/50 955/2/50 949/2/50
f 951/2/10 956/2/10 950/2/10
f 952/2/51 957/2/51 951/2/51
f 953/2/52 958/2/52 952/2/52
f 954/2/14 959/2/14 953/2/14
f 949/2/53 960/2/53 954/2/53
f 959/2/12 960/2/12 956/2/12
f 963/2/16 962/2/16 961/2/16
f 962/2/50 967/2/50 961/2/50
f 963/2/10 968/2/10 962/2/10
f 964/2/51 969/2/51 963/2/51
f 965/2/52 970/2/52 964/2/52
f 966/2/14 971/2/14 965/2/14
f 961/2/53 972/2/53 966/2/53
f 971/2/12 972/2/12 968/2/12
f 975/2/16 974/2/16 973/2/16
f 974/2/50 979/2/50 973/2/50
f 975/2/10 980/2/10 974/2/10
f 976/2/51 981/2/51 975/2/51
f 977/2/52 982/2/52 976/2/52
f 978/2/14 983/2/14 977/2/14
f 973/2/53 984/2/53 978/2/53
f 983/2/12 984/2/12 980/2/12
f 987/7/1 985/7/1 988/7/1
f 990/7/26 992/7/26 989/7/26
f 986/7/10 989/7/10 985/7/10
f 987/7/12 990/7/12 986/7/12
f 988/7/14 991/7/14 987/7/14
f 985/7/16 992/7/16 988/7/16
f 995/7/1 993/7/1 996/7/1
f 998/7/26 1000/7/26 997/7/26
f 994/7/10 997/7/10 993/7/10
f 995/7/12 998/7/12 994/7/12
f 996/7/14 999/7/14 995/7/14
f 993/7/16 1000/7/16 996/7/16
f 1003/7/1 1001/7/1 1004/7/1
f 1006/7/26 1008/7/26 1005/7/26
f 1002/7/10 1005/7/10 1001/7/10
f 1003/7/12 1006/7/12 1002/7/12
f 1004/7/14 1007/7/14 1003/7/14
f 1001/7/16 1008/7/16 1004/7/16
f 1011/7/1 1009/7/1 1012/7/1
f 1014/7/26 1016/7/26 1013/7/26
f 1010/7/10 1013/7/10 1009/7/10
f 1011/7/12 1014/7/12 1010/7/12
f 1012/7/14 1015/7/14 1011/7/14
f 1009/7/16 1016/7/16 1012/7/16
f 1019/7/1 1017/7/1 1020/7/1
f 1022/7/26 1024/7/26 1021/7/26
f 1018/7/10 1021/7/10 1017/7/10
f 1019/7/12 1022/7/12 1018/7/12
f 1020/7/14 1023/7/14 1019/7/14
f 1017/7/16 1024/7/16 1020/7/16
f 1027/2/16 1026/2/16 1025/2/16
f 1026/2/50 1031/2/50 1025/2/50
f 1027/2/10 1032/2/10 1026/2/10
f 1028/2/51 1033/2/51 1027/2/51
f 1029/2/52 1034/2/52 1028/2/52
f 1030/2/14 1035/2/14 1029/2/14
f 1025/2/53 1036/2/53 1030/2/53
f 1035/2/12 1036/2/12 1032/2/12
f 1039/2/16 1038/2/16 1037/2/16
f 1038/2/50 1043/2/50 1037/2/50
f 1039/2/10 1044/2/10 1038/2/10
f 1040/2/51 1045/2/51 1039/2/51
f 1041/2/52 1046/2/52 1040/2/52
f 1042/2/14 1047/2/14 1041/2/14
f 1037/2/53 1048/2/53 1042/2/53
f 1047/2/12 1048/2/12 1044/2/12
f 1051/2/16 1050/2/16 1049/2/16
f 1050/2/50 1055/2/50 1049/2/50
f 1051/2/10 1056/2/10 1050/2/10
f 1052/2/51 1057/2/51 1051/2/51
f 1053/2/52 1058/2/52 1052/2/52
f 1054/2/14 1059/2/14 1053/2/14
f 1049/2/53 1060/2/53 1054/2/53
f 1059/2/12 1060/2/12 1056/2/12
f 1063/2/16 1062/2/16 1061/2/16
f 1062/2/50 1067/2/50 1061/2/50
f 1063/2/10 1068/2/10 1062/2/10
f 1064/2/51 1069/2/51 1063/2/51
f 1065/2/52 1070/2/52 1064/2/52
f 1066/2/14 1071/2/14 1065/2/14
f 1061/2/53 1072/2/53 1066/2/53
f 1071/2/12 1072/2/12 1068/2/12
f 1075/2/1 1073/2/1 1076/2/1
f 1078/2/26 1080/2/26 1077/2/26
f 1074/2/10 1077/2/10 1073/2/10
f 1075/2/12 1078/2/12 1074/2/12
f 1076/2/14 1079/2/14 1075/2/14
f 1073/2/16 1080/2/16 1076/2/16
f 1083/2/1 1081/2/1 1084/2/1
f 1086/2/26 1088/2/26 1085/2/26
f 1082/2/10 1085/2/10 1081/2/10
f 1083/2/12 1086/2/12 1082/2/12
f 1084/2/14 1087/2/14 1083/2/14
f 1081/2/16 1088/2/16 1084/2/16
f 1091/2/1 1089/2/1 1092/2/1
f 1094/2/26 1096/2/26 1093/2/26
f 1090/2/10 1093/2/10 1089/2/10
f 1091/2/12 1094/2/12 1090/2/12
f 1092/2/14 1095/2/14 1091/2/14
f 1089/2/16 1096/2/16 1092/2/16
f 1099/2/1 1097/2/1 1100/2/1
f 1102/2/26 1104/2/26 1101/2/26
f 1098/2/10 1101/2/10 1097/2/10
f 1099/2/12 1102/2/12 1098/2/12
f 1100/2/14 1103/2/14 1099/2/14
f 1097/2/16 1104/2/16 1100/2/16
f 1107/2/1 1105/2/1 1108/2/1
f 1110/2/26 1112/2/26 1109/2/26
f 1106/2/10 1109/2/10 1105/2/10
f 1107/2/12 1110/2/12 1106/2/12
f 1108/2/14 1111/2/14 1107/2/14
f 1105/2/16 1112/2/16 1108/2/16
f 1115/2/1 1113/2/1 1116/2/1
f 1118/2/26 1120/2/26 1117/2/26
f 1114/2/10 1117/2/10 1113/2/10
f 1115/2/12 1118/2/12 1114/2/12
f 1116/2/14 1119/2/14 1115/2/14
f 1113/2/16 1120/2/16 1116/2/16
f 1123/2/1 1121/2/1 1124/2/1
f 1126/2/26 1128/2/26 1125/2/26
f 1122/2/10 1125/2/10 1121/2/10
f 1123/2/12 1126/2/12 1122/2/12
f 1124/2/14 1127/2/14 1123/2/14
f 1121/2/16 1128/2/16 1124/2/16
f 1131/2/1 1129/2/1 1132/2/1
f 1134/2/26 1136/2/26 1133/2/26
f 1130/2/10 1133/2/10 1129/2/10
f 1131/2/12 1134/2/12 1130/2/12
f 1132/2/14 1135/2/14 1131/2/14
f 1129/2/16 1136/2/16 1132/2/16
f 1138/2/1 1137/2/1 1141/2/1
f 1138/2/2 1145/2/2 1137/2/2
f 1139/2/3 1146/2/3 1138/2/3
f 1139/2/4 1148/2/4 1147/2/4
f 1140/2/36 1149/2/36 1148/2/36
f 1141/2/6 1150/2/6 1149/2/6
f 1143/2/29 1150/2/29 1142/2/29
f 1144/2/8 1151/2/8 1143/2/8
f 1137/2/9 1152/2/9 1144/2/9
f 1146/2/10 1153/2/10 1145/2/10
f 1147/2/11 1154/2/11 1146/2/11
f 1148/2/12 1155/2/12 1147/2/12
f 1149/2/13 1156/2/13 1148/2/13
f 1150/2/14 1157/2/14 1149/2/14
f 1151/2/15 1158/2/15 1150/2/15
f 1152/2/16 1159/2/16 1151/2/16
f 1145/2/17 1160/2/17 1152/2/17
f 1153/2/18 1162/2/18 1161/2/18
f 1154/2/19 1163/2/19 1162/2/19
f 1156/2/20 1163/2/20 1155/2/20
f 1157/2/34 1164/2/34 1156/2/34
f 1158/2/22 1165/2/22 1157/2/22
f 1159/2/54 1166/2/54 1158/2/54
f 1159/2/24 1168/2/24 1167/2/24
f 1160/2/25 1161/2/25 1168/2/25
f 1166/2/55 1167/2/55 1168/2/55
f 1173/2/1 1171/2/1 1169/2/1
f 1170/2/2 1177/2/2 1169/2/2
f 1170/2/27 1179/2/27 1178/2/27
f 1171/2/4 1180/2/4 1179/2/4
f 1172/2/33 1181/2/33 1180/2/33
f 1174/2/6 1181/2/6 1173/2/6
f 1175/2/31 1182/2/31 1174/2/31
f 1176/2/8 1183/2/8 1175/2/8
f 1176/2/9 1177/2/9 1184/2/9
f 1178/2/10 1185/2/10 1177/2/10
f 1179/2/11 1186/2/11 1178/2/11
f 1180/2/12 1187/2/12 1179/2/12
f 1181/2/13 1188/2/13 1180/2/13
f 1182/2/14 1189/2/14 1181/2/14
f 1183/2/15 1190/2/15 1182/2/15
f 1184/2/16 1191/2/16 1183/2/16
f 1177/2/17 1192/2/17 1184/2/17
f 1186/2/18 1193/2/18 1185/2/18
f 1186/2/45 1195/2/45 1194/2/45
f 1188/2/20 1195/2/20 1187/2/20
f 1189/2/46 1196/2/46 1188/2/46
f 1190/2/22 1197/2/22 1189/2/22
f 1190/2/54 1199/2/54 1198/2/54
f 1191/2/24 1200/2/24 1199/2/24
f 1192/2/25 1193/2/25 1200/2/25
f 1196/2/26 1198/2/26 1200/2/26
f 1203/2/1 1201/2/1 1204/2/1
f 1206/2/26 1208/2/26 1205/2/26
f 1202/2/10 1205/2/10 1201/2/10
f 1203/2/12 1206/2/12 1202/2/12
f 1204/2/14 1207/2/14 1203/2/14
f 1201/2/16 1208/2/16 1204/2/16
f 1211/2/1 1209/2/1 1212/2/1
f 1214/2/26 1216/2/26 1213/2/26
f 1210/2/10 1213/2/10 1209/2/10
f 1211/2/12 1214/2/12 1210/2/12
f 1212/2/14 1215/2/14 1211/2/14
f 1209/2/16 1216/2/16 1212/2/16
f 1219/2/1 1217/2/1 1220/2/1
f 1222/2/26 1224/2/26 1221/2/26
f 1218/2/10 1221/2/10 1217/2/10
f 1219/2/12 1222/2/12 1218/2/12
f 1220/2/14 1223/2/14 1219/2/14
f 1217/2/16 1224/2/16 1220/2/16
f 1227/2/1 1225/2/1 1228/2/1
f 1230/2/26 1232/2/26 1229/2/26
f 1226/2/10 1229/2/10 1225/2/10
f 1227/2/12 1230/2/12 1226/2/12
f 1228/2/14 1231/2/14 1227/2/14
f 1225/2/16 1232/2/16 1228/2/16
f 1235/2/1 1233/2/1 1236/2/1
f 1238/2/26 1240/2/26 1237/2/26
f 1234/2/10 1237/2/10 1233/2/10
f 1235/2/12 1238/2/12 1234/2/12
f 1236/2/14 1239/2/14 1235/2/14
f 1233/2/16 1240/2/16 1236/2/16
f 1243/2/1 1241/2/1 1244/2/1
f 1246/2/26 1248/2/26 1245/2/26
f 1242/2/10 1245/2/10 1241/2/10
f 1243/2/12 1246/2/12 1242/2/12
f 1244/2/14 1247/2/14 1243/2/14
f 1241/2/16 1248/2/16 1244/2/16
f 1251/2/1 1249/2/1 1252/2/1
f 1254/2/26 1256/2/26 1253/2/26
f 1250/2/10 1253/2/10 1249/2/10
f 1251/2/12 1254/2/12 1250/2/12
f 1252/2/14 1255/2/14 1251/2/14
f 1249/2/16 1256/2/16 1252/2/16
f 1259/2/1 1257/2/1 1260/2/1
f 1262/2/26 1264/2/26 1261/2/26
f 1258/2/10 1261/2/10 1257/2/10
f 1259/2/12 1262/2/12 1258/2/12
f 1260/2/14 1263/2/14 1259/2/14
f 1257/2/16 1264/2/16 1260/2/16
f 1267/2/1 1265/2/1 1268/2/1
f 1270/2/26 1272/2/26 1269/2/26
f 1266/2/10 1269/2/10 1265/2/10
f 1267/2/12 1270/2/12 1266/2/12
f 1268/2/14 1271/2/14 1267/2/14
f 1265/2/16 1272/2/16 1268/2/16
f 1275/2/1 1273/2/1 1276/2/1
f 1278/2/26 1280/2/26 1277/2/26
f 1274/2/10 1277/2/10 1273/2/10
f 1275/2/12 1278/2/12 1274/2/12
f 1276/2/14 1279/2/14 1275/2/14
f 1273/2/16 1280/2/16 1276/2/16
f 1282/6/1 1281/6/1 1285/6/1
f 1282/6/2 1289/6/2 1281/6/2
f 1283/6/3 1290/6/3 1282/6/3
f 1284/6/4 1291/6/4 1283/6/4
f 1284/6/28 1293/6/28 1292/6/28
f 1286/6/6 1293/6/6 1285/6/6
f 1287/6/7 1294/6/7 1286/6/7
f 1288/6/8 1295/6/8 1287/6/8
f 1288/6/30 1289/6/30 1296/6/30
f 1290/6/10 1297/6/10 1289/6/10
f 1291/6/11 1298/6/11 1290/6/11
f 1292/6/12 1299/6/12 1291/6/12
f 1293/6/13 1300/6/13 1292/6/13
f 1294/6/14 1301/6/14 1293/6/14
f 1295/6/15 1302/6/15 1294/6/15
f 1296/6/16 1303/6/16 1295/6/16
f 1289/6/17 1304/6/17 1296/6/17
f 1298/6/18 1305/6/18 1297/6/18
f 1298/6/32 1307/6/32 1306/6/32
f 1300/6/20 1307/6/20 1299/6/20
f 1301/6/46 1308/6/46 1300/6/46
f 1302/6/22 1309/6/22 1301/6/22
f 1302/6/43 1311/6/43 1310/6/43
f 1304/6/24 1311/6/24 1303/6/24
f 1297/6/35 1312/6/35 1304/6/35
f 1310/6/26 1311/6/26 1312/6/26
f 1315/3/1 1314/3/1 1313/3/1
f 1313/3/2 1322/3/2 1321/3/2
f 1315/3/42 1322/3/42 1314/3/42
f 1316/3/4 1323/3/4 1315/3/4
f 1317/3/36 1324/3/36 1316/3/36
f 1317/3/6 1326/3/6 1325/3/6
f 1319/3/7 1326/3/7 1318/3/7
f 1320/3/8 1327/3/8 1319/3/8
f 1313/3/9 1328/3/9 1320/3/9
f 1322/3/10 1329/3/10 1321/3/10
f 1323/3/11 1330/3/11 1322/3/11
f 1324/3/12 1331/3/12 1323/3/12
f 1325/3/13 1332/3/13 1324/3/13
f 1326/3/14 1333/3/14 1325/3/14
f 1327/3/15 1334/3/15 1326/3/15
f 1328/3/16 1335/3/16 1327/3/16
f 1321/3/17 1336/3/17 1328/3/17
f 1330/3/18 1337/3/18 1329/3/18
f 1330/3/45 1339/3/45 1338/3/45
f 1332/3/20 1339/3/20 1331/3/20
f 1333/3/44 1340/3/44 1332/3/44
f 1334/3/22 1341/3/22 1333/3/22
f 1335/3/43 1342/3/43 1334/3/43
f 1336/3/24 1343/3/24 1335/3/24
f 1336/3/41 1337/3/41 1344/3/41
f 1343/3/26 1344/3/26 1340/3/26
f 1347/3/1 1346/3/1 1345/3/1
f 1345/3/2 1354/3/2 1353/3/2
f 1347/3/3 1354/3/3 1346/3/3
f 1348/3/4 1355/3/4 1347/3/4
f 1349/3/5 1356/3/5 1348/3/5
f 1349/3/6 1358/3/6 1357/3/6
f 1351/3/31 1358/3/31 1350/3/31
f 1352/3/8 1359/3/8 1351/3/8
f 1345/3/38 1360/3/38 1352/3/38
f 1354/3/10 1361/3/10 1353/3/10
f 1355/3/11 1362/3/11 1354/3/11
f 1356/3/12 1363/3/12 1355/3/12
f 1357/3/13 1364/3/13 1356/3/13
f 1358/3/14 1365/3/14 1357/3/14
f 1359/3/15 1366/3/15 1358/3/15
f 1360/3/16 1367/3/16 1359/3/16
f 1353/3/17 1368/3/17 1360/3/17
f 1362/3/18 1369/3/18 1361/3/18
f 1363/3/32 1370/3/32 1362/3/32
f 1364/3/20 1371/3/20 1363/3/20
f 1364/3/34 1373/3/34 1372/3/34
f 1366/3/22 1373/3/22 1365/3/22
f 1366/3/37 1375/3/37 1374/3/37
f 1368/3/24 1375/3/24 1367/3/24
f 1361/3/39 1376/3/39 1368/3/39
f 1375/3/26 1376/3/26 1372/3/26
f 1378/3/1 1377/3/1 1381/3/1
f 1378/3/2 1385/3/2 1377/3/2
f 1379/3/48 1386/3/48 1378/3/48
f 1380/3/4 1387/3/4 1379/3/4
f 1381/3/36 1388/3/36 1380/3/36
f 1381/3/6 1390/3/6 1389/3/6
f 1382/3/29 1391/3/29 1390/3/29
f 1384/3/8 1391/3/8 1383/3/8
f 1377/3/38 1392/3/38 1384/3/38
f 1386/3/10 1393/3/10 1385/3/10
f 1387/3/11 1394/3/11 1386/3/11
f 1388/3/12 1395/3/12 1387/3/12
f 1389/3/13 1396/3/13 1388/3/13
f 1390/3/14 1397/3/14 1389/3/14
f 1391/3/15 1398/3/15 1390/3/15
f 1392/3/16 1399/3/16 1391/3/16
f 1385/3/17 1400/3/17 1392/3/17
f 1394/3/18 1401/3/18 1393/3/18
f 1395/3/19 1402/3/19 1394/3/19
f 1396/3/20 1403/3/20 1395/3/20
f 1397/3/34 1404/3/34 1396/3/34
f 1398/3/22 1405/3/22 1397/3/22
f 1398/3/23 1407/3/23 1406/3/23
f 1400/3/24 1407/3/24 1399/3/24
f 1400/3/25 1401/3/25 1408/3/25
f 1406/3/26 1407/3/26 1408/3/26
f 1411/7/1 1410/7/1 1409/7/1
f 1410/7/2 1417/7/2 1409/7/2
f 1411/7/3 1418/7/3 1410/7/3
f 1412/7/4 1419/7/4 1411/7/4
f 1413/7/5 1420/7/5 1412/7/5
f 1414/7/6 1421/7/6 1413/7/6
f 1414/7/49 1423/7/49 1422/7/49
f 1416/7/8 1423/7/8 1415/7/8
f 1409/7/9 1424/7/9 1416/7/9
f 1418/7/10 1425/7/10 1417/7/10
f 1419/7/11 1426/7/11 1418/7/11
f 1420/7/12 1427/7/12 1419/7/12
f 1421/7/13 1428/7/13 1420/7/13
f 1422/7/14 1429/7/14 1421/7/14
f 1423/7/15 1430/7/15 1422/7/15
f 1424/7/16 1431/7/16 1423/7/16
f 1417/7/17 1432/7/17 1424/7/17
f 1426/7/18 1433/7/18 1425/7/18
f 1427/7/47 1434/7/47 1426/7/47
f 1428/7/20 1435/7/20 1427/7/20
f 1429/7/21 1436/7/21 1428/7/21
f 1430/7/22 1437/7/22 1429/7/22
f 1431/7/43 1438/7/43 1430/7/43
f 1432/7/24 1439/7/24 1431/7/24
f 1432/7/25 1433/7/25 1440/7/25
f 1439/7/26 1440/7/26 1436/7/26
f 1443/7/1 1442/7/1 1441/7/1
f 1442/7/2 1449/7/2 1441/7/2
f 1442/7/48 1451/7/48 1450/7/48
f 1444/7/4 1451/7/4 1443/7/4
f 1445/7/5 1452/7/5 1444/7/5
f 1446/7/6 1453/7/6 1445/7/6
f 1446/7/49 1455/7/49 1454/7/49
f 1448/7/8 1455/7/8 1447/7/8
f 1441/7/9 1456/7/9 1448/7/9
f 1450/7/10 1457/7/10 1449/7/10
f 1451/7/11 1458/7/11 1450/7/11
f 1452/7/12 1459/7/12 1451/7/12
f 1453/7/13 1460/7/13 1452/7/13
f 1454/7/14 1461/7/14 1453/7/14
f 1455/7/15 1462/7/15 1454/7/15
f 1456/7/16 1463/7/16 1455/7/16
f 1449/7/17 1464/7/17 1456/7/17
f 1458/7/18 1465/7/18 1457/7/18
f 1459/7/32 1466/7/32 1458/7/32
f 1460/7/20 1467/7/20 1459/7/20
f 1460/7/21 1469/7/21 1468/7/21
f 1462/7/22 1469/7/22 1461/7/22
f 1463/7/43 1470/7/43 1462/7/43
f 1464/7/24 1471/7/24 1463/7/24
f 1464/7/25 1465/7/25 1472/7/25
f 1471/7/26 1472/7/26 1468/7/26
f 1475/7/1 1474/7/1 1473/7/1
f 1474/7/2 1481/7/2 1473/7/2
f 1474/7/48 1483/7/48 1482/7/48
f 1476/7/4 1483/7/4 1475/7/4
f 1477/7/5 1484/7/5 1476/7/5
f 1478/7/6 1485/7/6 1477/7/6
f 1479/7/7 1486/7/7 1478/7/7
f 1480/7/8 1487/7/8 1479/7/8
f 1473/7/9 1488/7/9 1480/7/9
f 1482/7/10 1489/7/10 1481/7/10
f 1483/7/11 1490/7/11 1482/7/11
f 1484/7/12 1491/7/12 1483/7/12
f 1485/7/13 1492/7/13 1484/7/13
f 1486/7/14 1493/7/14 1485/7/14
f 1487/7/15 1494/7/15 1486/7/15
f 1488/7/16 1495/7/16 1487/7/16
f 1481/7/17 1496/7/17 1488/7/17
f 1490/7/18 1497/7/18 1489/7/18
f 1491/7/32 1498/7/32 1490/7/32
f 1492/7/20 1499/7/20 1491/7/20
f 1492/7/21 1501/7/21 1500/7/21
f 1494/7/22 1501/7/22 1493/7/22
f 1495/7/54 1502/7/54 1494/7/54
f 1496/7/24 1503/7/24 1495/7/24
f 1489/7/25 1504/7/25 1496/7/25
f 1503/7/26 1504/7/26 1500/7/26
f 1507/3/1 1506/3/1 1505/3/1
f 1505/3/2 1514/3/2 1513/3/2
f 1507/3/27 1514/3/27 1506/3/27
f 1507/3/4 1516/3/4 1515/3/4
f 1509/3/36 1516/3/36 1508/3/36
f 1510/3/6 1517/3/6 1509/3/6
f 1511/3/31 1518/3/31 1510/3/31
f 1512/3/8 1519/3/8 1511/3/8
f 1512/3/9 1513/3/9 1520/3/9
f 1514/3/10 1521/3/10 1513/3/10
f 1515/3/11 1522/3/11 1514/3/11
f 1516/3/12 1523/3/12 1515/3/12
f 1517/3/13 1524/3/13 1516/3/13
f 1518/3/14 1525/3/14 1517/3/14
f 1519/3/15 1526/3/15 1518/3/15
f 1520/3/16 1527/3/16 1519/3/16
f 1513/3/17 1528/3/17 1520/3/17
f 1522/3/18 1529/3/18 1521/3/18
f 1523/3/19 1530/3/19 1522/3/19
f 1524/3/20 1531/3/20 1523/3/20
f 1525/3/21 1532/3/21 1524/3/21
f 1525/3/22 1534/3/22 1533/3/22
f 1526/3/23 1535/3/23 1534/3/23
f 1527/3/24 1536/3/24 1535/3/24
f 1521/3/25 1536/3/25 1528/3/25
f 1535/3/26 1536/3/26 1532/3/26
f 1539/7/1 1537/7/1 1540/7/1
f 1542/7/26 1544/7/26 1541/7/26
f 1538/7/10 1541/7/10 1537/7/10
f 1539/7/12 1542/7/12 1538/7/12
f 1540/7/14 1543/7/14 1539/7/14
f 1537/7/16 1544/7/16 1540/7/16
f 1547/7/1 1545/7/1 1548/7/1
f 1550/7/26 1552/7/26 1549/7/26
f 1546/7/10 1549/7/10 1545/7/10
f 1547/7/12 1550/7/12 1546/7/12
f 1548/7/14 1551/7/14 1547/7/14
f 1545/7/16 1552/7/16 1548/7/16
f 1555/7/1 1553/7/1 1556/7/1
f 1558/7/26 1560/7/26 1557/7/26
f 1554/7/10 1557/7/10 1553/7/10
f 1555/7/12 1558/7/12 1554/7/12
f 1556/7/14 1559/7/14 1555/7/14
f 1553/7/16 1560/7/16 1556/7/16
f 1563/7/1 1561/7/1 1564/7/1
f 1566/7/26 1568/7/26 1565/7/26
f 1562/7/10 1565/7/10 1561/7/10
f 1563/7/12 1566/7/12 1562/7/12
f 1564/7/14 1567/7/14 1563/7/14
f 1561/7/16 1568/7/16 1564/7/16
f 1571/3/1 1570/3/1 1569/3/1
f 1570/3/2 1577/3/2 1569/3/2
f 1571/3/3 1578/3/3 1570/3/3
f 1571/3/4 1580/3/4 1579/3/4
f 1572/3/5 1581/3/5 1580/3/5
f 1573/3/6 1582/3/6 1581/3/6
f 1575/3/31 1582/3/31 1574/3/31
f 1576/3/8 1583/3/8 1575/3/8
f 1569/3/9 1584/3/9 1576/3/9
f 1578/3/10 1585/3/10 1577/3/10
f 1579/3/11 1586/3/11 1578/3/11
f 1580/3/12 1587/3/12 1579/3/12
f 1581/3/13 1588/3/13 1580/3/13
f 1582/3/14 1589/3/14 1581/3/14
f 1583/3/15 1590/3/15 1582/3/15
f 1584/3/16 1591/3/16 1583/3/16
f 1577/3/17 1592/3/17 1584/3/17
f 1585/3/18 1594/3/18 1593/3/18
f 1586/3/19 1595/3/19 1594/3/19
f 1588/3/20 1595/3/20 1587/3/20
f 1589/3/21 1596/3/21 1588/3/21
f 1590/3/22 1597/3/22 1589/3/22
f 1591/3/23 1598/3/23 1590/3/23
f 1591/3/24 1600/3/24 1599/3/24
f 1585/3/25 1600/3/25 1592/3/25
f 1599/3/26 1600/3/26 1596/3/26
f 1603/7/1 1601/7/1 1604/7/1
f 1606/7/26 1608/7/26 1605/7/26
f 1602/7/10 1605/7/10 1601/7/10
f 1603/7/12 1606/7/12 1602/7/12
f 1604/7/14 1607/7/14 1603/7/14
f 1601/7/16 1608/7/16 1604/7/16
f 1611/7/1 1609/7/1 1612/7/1
f 1614/7/26 1616/7/26 1613/7/26
f 1610/7/10 1613/7/10 1609/7/10
f 1611/7/12 1614/7/12 1610/7/12
f 1612/7/14 1615/7/14 1611/7/14
f 1609/7/16 1616/7/16 1612/7/16
f 1619/7/1 1617/7/1 1620/7/1
f 1622/7/26 1624/7/26 1621/7/26
f 1618/7/10 1621/7/10 1617/7/10
f 1619/7/12 1622/7/12 1618/7/12
f 1620/7/14 1623/7/14 1619/7/14
f 1617/7/16 1624/7/16 1620/7/16
f 1627/7/1 1625/7/1 1628/7/1
f 1630/7/26 1632/7/26 1629/7/26
f 1626/7/10 1629/7/10 1625/7/10
f 1627/7/12 1630/7/12 1626/7/12
f 1628/7/14 1631/7/14 1627/7/14
f 1625/7/16 1632/7/16 1628/7/16
f 1633/1/1 1639/1/1 1637/1/1
f 1634/1/56 1641/1/56 1633/1/56
f 1635/1/57 1642/1/57 1634/1/57
f 1636/1/58 1643/1/58 1635/1/58
f 1637/1/59 1644/1/59 1636/1/59
f 1638/1/60 1645/1/60 1637/1/60
f 1639/1/61 1646/1/61 1638/1/61
f 1640/1/62 1647/1/62 1639/1/62
f 1633/1/63 1648/1/63 1640/1/63
f 1647/1/26 1648/1/26 1644/1/26
f 1651/2/1 1650/2/1 1649/2/1
f 1650/2/56 1657/2/56 1649/2/56
f 1651/2/57 1658/2/57 1650/2/57
f 1652/2/58 1659/2/58 1651/2/58
f 1653/2/59 1660/2/59 1652/2/59
f 1654/2/60 1661/2/60 1653/2/60
f 1655/2/61 1662/2/61 1654/2/61
f 1656/2/62 1663/2/62 1655/2/62
f 1649/2/63 1664/2/63 1656/2/63
f 1660/2/26 1662/2/26 1664/2/26
f 1667/2/1 1666/2/1 1665/2/1
f 1666/2/56 1673/2/56 1665/2/56
f 1667/2/57 1674/2/57 1666/2/57
f 1668/2/58 1675/2/58 1667/2/58
f 1669/2/59 1676/2/59 1668/2/59
f 1670/2/60 1677/2/60 1669/2/60
f 1671/2/61 1678/2/61 1670/2/61
f 1672/2/62 1679/2/62 1671/2/62
f 1665/2/63 1680/2/63 1672/2/63
f 1676/2/26 1678/2/26 1680/2/26
f 1683/2/1 1682/2/1 1681/2/1
f 1682/2/56 1689/2/56 1681/2/56
f 1683/2/57 1690/2/57 1682/2/57
f 1684/2/58 1691/2/58 1683/2/58
f 1685/2/59 1692/2/59 1684/2/59
f 1686/2/60 1693/2/60 1685/2/60
f 1687/2/61 1694/2/61 1686/2/61
f 1688/2/62 1695/2/62 1687/2/62
f 1681/2/63 1696/2/63 1688/2/63
f 1692/2/26 1694/2/26 1696/2/26
f 1701/4/1 1699/4/1 1697/4/1
f 1698/4/56 1705/4/56 1697/4/56
f 1699/4/57 1706/4/57 1698/4/57
f 1700/4/58 1707/4/58 1699/4/58
f 1701/4/59 1708/4/59 1700/4/59
f 1702/4/60 1709/4/60 1701/4/60
f 1703/4/61 1710/4/61 1702/4/61
f 1704/4/62 1711/4/62 1703/4/62
f 1697/4/63 1712/4/63 1704/4/63
f 1710/4/26 1711/4/26 1712/4/26
f 1717/1/1 1715/1/1 1713/1/1
f 1714/1/56 1721/1/56 1713/1/56
f 1715/1/57 1722/1/57 1714/1/57
f 1716/1/58 1723/1/58 1715/1/58
f 1717/1/59 1724/1/59 1716/1/59
f 1718/1/60 1725/1/60 1717/1/60
f 1719/1/61 1726/1/61 1718/1/61
f 1720/1/62 1727/1/62 1719/1/62
f 1713/1/63 1728/1/63 1720/1/63
f 1726/1/26 1727/1/26 1728/1/26
f 1735/2/1 1733/2/1 1731/2/1
f 1730/2/56 1737/2/56 1729/2/56
f 1731/2/57 1738/2/57 1730/2/57
f 1732/2/58 1739/2/58 1731/2/58
f 1733/2/59 1740/2/59 1732/2/59
f 1734/2/60 1741/2/60 1733/2/60
f 1735/2/61 1742/2/61 1734/2/61
f 1736/2/62 1743/2/62 1735/2/62
f 1729/2/63 1744/2/63 1736/2/63
f 1743/2/26 1744/2/26 1740/2/26
f 1751/2/1 1749/2/1 1747/2/1
f 1746/2/56 1753/2/56 1745/2/56
f 1747/2/57 1754/2/57 1746/2/57
f 1748/2/58 1755/2/58 1747/2/58
f 1749/2/59 1756/2/59 1748/2/59
f 1750/2/60 1757/2/60 1749/2/60
f 1751/2/61 1758/2/61 1750/2/61
f 1752/2/62 1759/2/62 1751/2/62
f 1745/2/63 1760/2/63 1752/2/63
f 1759/2/26 1760/2/26 1756/2/26
f 1767/2/1 1765/2/1 1763/2/1
f 1762/2/56 1769/2/56 1761/2/56
f 1763/2/57 1770/2/57 1762/2/57
f 1764/2/58 1771/2/58 1763/2/58
f 1765/2/59 1772/2/59 1764/2/59
f 1766/2/60 1773/2/60 1765/2/60
f 1767/2/61 1774/2/61 1766/2/61
f 1768/2/62 1775/2/62 1767/2/62
f 1761/2/63 1776/2/63 1768/2/63
f 1775/2/26 1776/2/26 1772/2/26
f 1781/4/1 1779/4/1 1777/4/1
f 1778/4/56 1785/4/56 1777/4/56
f 1779/4/57 1786/4/57 1778/4/57
f 1780/4/58 1787/4/58 1779/4/58
f 1781/4/59 1788/4/59 1780/4/59
f 1782/4/60 1789/4/60 1781/4/60
f 1783/4/61 1790/4/61 1782/4/61
f 1784/4/62 1791/4/62 1783/4/62
f 1777/4/63 1792/4/63 1784/4/63
f 1791/4/26 1792/4/26 1788/4/26
f 1797/1/1 1795/1/1 1793/1/1
f 1794/1/56 1801/1/56 1793/1/56
f 1795/1/57 1802/1/57 1794/1/57
f 1796/1/58 1803/1/58 1795/1/58
f 1797/1/59 1804/1/59 1796/1/59
f 1798/1/60 1805/1/60 1797/1/60
f 1799/1/61 1806/1/61 1798/1/61
f 1800/1/62 1807/1/62 1799/1/62
f 1793/1/63 1808/1/63 1800/1/63
f 1806/1/26 1807/1/26 1808/1/26
f 1815/2/1 1813/2/1 1811/2/1
f 1810/2/56 1817/2/56 1809/2/56
f 1811/2/57 1818/2/57 1810/2/57
f 1812/2/58 1819/2/58 1811/2/58
f 1813/2/59 1820/2/59 1812/2/59
f 1814/2/60 1821/2/60 1813/2/60
f 1815/2/61 1822/2/61 1814/2/61
f 1816/2/62 1823/2/62 1815/2/62
f 1809/2/63 1824/2/63 1816/2/63
f 1823/2/26 1824/2/26 1820/2/26
f 1831/2/1 1829/2/1 1827/2/1
f 1826/2/56 1833/2/56 1825/2/56
f 1827/2/57 1834/2/57 1826/2/57
f 1828/2/58 1835/2/58 1827/2/58
f 1829/2/59 1836/2/59 1828/2/59
f 1830/2/60 1837/2/60 1829/2/60
f 1831/2/61 1838/2/61 1830/2/61
f 1832/2/62 1839/2/62 1831/2/62
f 1825/2/63 1840/2/63 1832/2/63
f 1839/2/26 1840/2/26 1836/2/26
f 1847/2/1 1845/2/1 1843/2/1
f 1842/2/56 1849/2/56 1841/2/56
f 1843/2/57 1850/2/57 1842/2/57
f 1844/2/58 1851/2/58 1843/2/58
f 1845/2/59 1852/2/59 1844/2/59
f 1846/2/60 1853/2/60 1845/2/60
f 1847/2/61 1854/2/61 1846/2/61
f 1848/2/62 1855/2/62 1847/2/62
f 1841/2/63 1856/2/63 1848/2/63
f 1855/2/26 1856/2/26 1852/2/26
f 1861/4/1 1859/4/1 1857/4/1
f 1858/4/56 1865/4/56 1857/4/56
f 1859/4/57 1866/4/57 1858/4/57
f 1860/4/58 1867/4/58 1859/4/58
f 1861/4/59 1868/4/59 1860/4/59
f 1862/4/60 1869/4/60 1861/4/60
f 1863/4/61 1870/4/61 1862/4/61
f 1864/4/62 1871/4/62 1863/4/62
f 1857/4/63 1872/4/63 1864/4/63
f 1871/4/26 1872/4/26 1868/4/26
f 1877/1/1 1875/1/1 1873/1/1
f 1874/1/56 1881/1/56 1873/1/56
f 1875/1/57 1882/1/57 1874/1/57
f 1876/1/58 1883/1/58 1875/1/58
f 1877/1/59 1884/1/59 1876/1/59
f 1878/1/60 1885/1/60 1877/1/60
f 1879/1/61 1886/1/61 1878/1/61
f 1880/1/62 1887/1/62 1879/1/62
f 1873/1/63 1888/1/63 1880/1/63
f 1886/1/26 1887/1/26 1888/1/26
f 1891/2/1 1890/2/1 1889/2/1
f 1890/2/56 1897/2/56 1889/2/56
f 1891/2/57 1898/2/57 1890/2/57
f 1892/2/58 1899/2/58 1891/2/58
f 1893/2/59 1900/2/59 1892/2/59
f 1894/2/60 1901/2/60 1893/2/60
f 1895/2/61 1902/2/61 1894/2/61
f 1896/2/62 1903/2/62 1895/2/62
f 1889/2/63 1904/2/63 1896/2/63
f 1900/2/26 1902/2/26 1904/2/26
f 1907/2/1 1906/2/1 1905/2/1
f 1906/2/56 1913/2/56 1905/2/56
f 1907/2/57 1914/2/57 1906/2/57
f 1908/2/58 1915/2/58 1907/2/58
f 1909/2/59 1916/2/59 1908/2/59
f 1910/2/60 1917/2/60 1909/2/60
f 1911/2/61 1918/2/61 1910/2/61
f 1912/2/62 1919/2/62 1911/2/62
f 1905/2/63 1920/2/63 1912/2/63
f 1916/2/26 1918/2/26 1920/2/26
f 1923/2/1 1922/2/1 1921/2/1
f 1922/2/56 1929/2/56 1921/2/56
f 1923/2/57 1930/2/57 1922/2/57
f 1924/2/58 1931/2/58 1923/2/58
f 1925/2/59 1932/2/59 1924/2/59
f 1926/2/60 1933/2/60 1925/2/60
f 1927/2/61 1934/2/61 1926/2/61
f 1928/2/62 1935/2/62 1927/2/62
f 1921/2/63 1936/2/63 1928/2/63
f 1932/2/26 1934/2/26 1936/2/26
f 1941/4/1 1939/4/1 1937/4/1
f 1938/4/56 1945/4/56 1937/4/56
f 1939/4/57 1946/4/57 1938/4/57
f 1940/4/58 1947/4/58 1939/4/58
f 1941/4/59 1948/4/59 1940/4/59
f 1942/4/60 1949/4/60 1941/4/60
f 1943/4/61 1950/4/61 1942/4/61
f 1944/4/62 1951/4/62 1943/4/62
f 1937/4/63 1952/4/63 1944/4/63
f 1951/4/26 1952/4/26 1948/4/26
f 1954/3/1 1953/3/1 1957/3/1
f 1954/3/2 1961/3/2 1953/3/2
f 1955/3/3 1962/3/3 1954/3/3
f 1956/3/4 1963/3/4 1955/3/4
f 1956/3/5 1965/3/5 1964/3/5
f 1958/3/6 1965/3/6 1957/3/6
f 1959/3/7 1966/3/7 1958/3/7
f 1960/3/8 1967/3/8 1959/3/8
f 1960/3/9 1961/3/9 1968/3/9
f 1962/3/10 1969/3/10 1961/3/10
f 1963/3/11 1970/3/11 1962/3/11
f 1964/3/12 1971/3/12 1963/3/12
f 1965/3/13 1972/3/13 1964/3/13
f 1966/3/14 1973/3/14 1965/3/14
f 1967/3/15 1974/3/15 1966/3/15
f 1968/3/16 1975/3/16 1967/3/16
f 1961/3/17 1976/3/17 1968/3/17
f 1970/3/18 1977/3/18 1969/3/18
f 1971/3/19 1978/3/19 1970/3/19
f 1972/3/20 1979/3/20 1971/3/20
f 1972/3/21 1981/3/21 1980/3/21
f 1973/3/22 1982/3/22 1981/3/22
f 1975/3/23 1982/3/23 1974/3/23
f 1976/3/24 1983/3/24 1975/3/24
f 1969/3/25 1984/3/25 1976/3/25
f 1982/3/26 1983/3/26 1984/3/26
f 1989/2/1 1987/2/1 1985/2/1
f 1986/2/64 1997/2/64 1985/2/64
f 1987/2/15 1998/2/15 1986/2/15
f 1988/2/65 1999/2/65 1987/2/65
f 1989/2/66 2000/2/66 1988/2/66
f 1990/2/17 2001/2/17 1989/2/17
f 1991/2/67 2002/2/67 1990/2/67
f 1992/2/68 2003/2/68 1991/2/68
f 1993/2/11 2004/2/11 1992/2/11
f 1994/2/69 2005/2/69 1993/2/69
f 1995/2/70 2006/2/70 1994/2/70
f 1996/2/13 2007/2/13 1995/2/13
f 1985/2/71 2008/2/71 1996/2/71
f 2006/2/26 2008/2/26 2000/2/26
f 2015/7/14 2011/7/14 2009/7/14
f 2010/7/72 2019/7/72 2009/7/72
f 2011/7/73 2020/7/73 2010/7/73
f 2012/7/16 2021/7/16 2011/7/16
f 2013/7/74 2022/7/74 2012/7/74
f 2014/7/75 2023/7/75 2013/7/75
f 2015/7/76 2024/7/76 2014/7/76
f 2016/7/77 2025/7/77 2015/7/77
f 2017/7/12 2026/7/12 2016/7/12
f 2018/7/78 2027/7/78 2017/7/78
f 2009/7/79 2028/7/79 2018/7/79
f 2024/7/10 2026/7/10 2028/7/10
f 2030/6/1 2029/6/1 2033/6/1
f 2030/6/2 2037/6/2 2029/6/2
f 2031/6/27 2038/6/27 2030/6/27
f 2032/6/4 2039/6/4 2031/6/4
f 2032/6/5 2041/6/5 2040/6/5
f 2034/6/6 2041/6/6 2033/6/6
f 2035/6/29 2042/6/29 2034/6/29
f 2036/6/8 2043/6/8 2035/6/8
f 2036/6/30 2037/6/30 2044/6/30
f 2038/6/10 2045/6/10 2037/6/10
f 2039/6/11 2046/6/11 2038/6/11
f 2040/6/12 2047/6/12 2039/6/12
f 2041/6/13 2048/6/13 2040/6/13
f 2042/6/14 2049/6/14 2041/6/14
f 2043/6/15 2050/6/15 2042/6/15
f 2044/6/16 2051/6/16 2043/6/16
f 2037/6/17 2052/6/17 2044/6/17
f 2046/6/18 2053/6/18 2045/6/18
f 2047/6/19 2054/6/19 2046/6/19
f 2048/6/20 2055/6/20 2047/6/20
f 2049/6/21 2056/6/21 2048/6/21
f 2049/6/22 2058/6/22 2057/6/22
f 2050/6/23 2059/6/23 2058/6/23
f 2052/6/24 2059/6/24 2051/6/24
f 2045/6/25 2060/6/25 2052/6/25
f 2058/6/26 2059/6/26 2060/6/26
f 1/1/1 8/1/1 7/1/1
f 7/1/1 6/1/1 1/1/1
f 6/1/1 5/1/1 1/1/1
f 5/1/1 4/1/1 3/1/1
f 3/1/1 2/1/1 5/1/1
f 2/1/2 10/1/2 9/1/2
f 3/1/3 11/1/3 10/1/3
f 4/1/4 12/1/4 11/1/4
f 5/1/5 13/1/5 12/1/5
f 6/1/6 14/1/6 13/1/6
f 7/1/7 15/1/7 14/1/7
f 8/1/8 16/1/8 15/1/8
f 1/1/9 9/1/9 16/1/9
f 10/1/10 18/1/10 17/1/10
f 11/1/11 19/1/11 18/1/11
f 12/1/12 20/1/12 19/1/12
f 13/1/13 21/1/13 20/1/13
f 14/1/14 22/1/14 21/1/14
f 15/1/15 23/1/15 22/1/15
f 16/1/16 24/1/16 23/1/16
f 9/1/17 17/1/17 24/1/17
f 18/1/18 26/1/18 25/1/18
f 19/1/19 27/1/19 26/1/19
f 19/1/20 20/1/20 28/1/20
f 21/1/21 29/1/21 28/1/21
f 22/1/22 30/1/22 29/1/22
f 23/1/23 31/1/23 30/1/23
f 23/1/24 24/1/24 32/1/24
f 17/1/25 25/1/25 32/1/25
f 32/1/26 25/1/26 30/1/26
f 25/1/26 26/1/26 30/1/26
f 26/1/26 27/1/26 28/1/26
f 28/1/26 29/1/26 26/1/26
f 29/1/26 30/1/26 26/1/26
f 33/2/1 40/2/1 39/2/1
f 39/2/1 38/2/1 33/2/1
f 38/2/1 37/2/1 33/2/1
f 37/2/1 36/2/1 35/2/1
f 35/2/1 34/2/1 37/2/1
f 34/2/2 42/2/2 41/2/2
f 35/2/3 43/2/3 42/2/3
f 36/2/4 44/2/4 43/2/4
f 37/2/5 45/2/5 44/2/5
f 38/2/6 46/2/6 45/2/6
f 39/2/7 47/2/7 46/2/7
f 40/2/8 48/2/8 47/2/8
f 33/2/9 41/2/9 48/2/9
f 42/2/10 50/2/10 49/2/10
f 43/2/11 51/2/11 50/2/11
f 44/2/12 52/2/12 51/2/12
f 45/2/13 53/2/13 52/2/13
f 46/2/14 54/2/14 53/2/14
f 47/2/15 55/2/15 54/2/15
f 48/2/16 56/2/16 55/2/16
f 41/2/17 49/2/17 56/2/17
f 50/2/18 58/2/18 57/2/18
f 50/2/19 51/2/19 59/2/19
f 52/2/20 60/2/20 59/2/20
f 53/2/21 61/2/21 60/2/21
f 54/2/22 62/2/22 61/2/22
f 54/2/23 55/2/23 63/2/23
f 56/2/24 64/2/24 63/2/24
f 49/2/25 57/2/25 64/2/25
f 64/2/26 57/2/26 62/2/26
f 57/2/26 58/2/26 62/2/26
f 58/2/26 59/2/26 60/2/26
f 60/2/26 61/2/26 58/2/26
f 61/2/26 62/2/26 58/2/26
f 65/3/1 72/3/1 67/3/1
f 72/3/1 71/3/1 67/3/1
f 71/3/1 70/3/1 69/3/1
f 69/3/1 68/3/1 71/3/1
f 68/3/1 67/3/1 71/3/1
f 65/3/2 66/3/2 74/3/2
f 66/3/3 67/3/3 75/3/3
f 68/3/4 76/3/4 75/3/4
f 69/3/28 77/3/28 76/3/28
f 69/3/6 70/3/6 78/3/6
f 71/3/7 79/3/7 78/3/7
f 72/3/8 80/3/8 79/3/8
f 65/3/9 73/3/9 80/3/9
f 74/3/10 82/3/10 81/3/10
f 75/3/11 83/3/11 82/3/11
f 76/3/12 84/3/12 83/3/12
f 77/3/13 85/3/13 84/3/13
f 78/3/14 86/3/14 85/3/14
f 79/3/15 87/3/15 86/3/15
f 80/3/16 88/3/16 87/3/16
f 73/3/17 81/3/17 88/3/17
f 82/3/18 90/3/18 89/3/18
f 83/3/19 91/3/19 90/3/19
f 84/3/20 92/3/20 91/3/20
f 84/3/44 85/3/44 93/3/44
f 86/3/22 94/3/22 93/3/22
f 87/3/23 95/3/23 94/3/23
f 88/3/24 96/3/24 95/3/24
f 81/3/25 89/3/25 96/3/25
f 96/3/26 89/3/26 90/3/26
f 90/3/26 91/3/26 96/3/26
f 91/3/26 92/3/26 96/3/26
f 92/3/26 93/3/26 94/3/26
f 94/3/26 95/3/26 92/3/26
f 97/1/1 104/1/1 103/1/1
f 103/1/1 102/1/1 97/1/1
f 102/1/1 101/1/1 97/1/1
f 101/1/1 100/1/1 99/1/1
f 99/1/1 98/1/1 101/1/1
f 98/1/2 106/1/2 105/1/2
f 98/1/3 99/1/3 107/1/3
f 99/1/4 100/1/4 108/1/4
f 101/1/5 109/1/5 108/1/5
f 102/1/6 110/1/6 109/1/6
f 102/1/49 103/1/49 111/1/49
f 104/1/8 112/1/8 111/1/8
f 97/1/9 105/1/9 112/1/9
f 106/1/10 114/1/10 113/1/10
f 107/1/11 115/1/11 114/1/11
f 108/1/12 116/1/12 115/1/12
f 109/1/13 117/1/13 116/1/13
f 110/1/14 118/1/14 117/1/14
f 111/1/15 119/1/15 118/1/15
f 112/1/16 120/1/16 119/1/16
f 105/1/17 113/1/17 120/1/17
f 114/1/18 122/1/18 121/1/18
f 115/1/47 123/1/47 122/1/47
f 116/1/20 124/1/20 123/1/20
f 117/1/44 125/1/44 124/1/44
f 118/1/22 126/1/22 125/1/22
f 118/1/37 119/1/37 127/1/37
f 119/1/24 120/1/24 128/1/24
f 113/1/25 121/1/25 128/1/25
f 128/1/26 121/1/26 126/1/26
f 121/1/26 122/1/26 126/1/26
f 122/1/26 123/1/26 124/1/26
f 124/1/26 125/1/26 122/1/26
f 125/1/26 126/1/26 122/1/26
f 129/1/1 136/1/1 135/1/1
f 135/1/1 134/1/1 129/1/1
f 134/1/1 133/1/1 129/1/1
f 133/1/1 132/1/1 131/1/1
f 131/1/1 130/1/1 133/1/1
f 130/1/2 138/1/2 137/1/2
f 130/1/3 131/1/3 139/1/3
f 132/1/4 140/1/4 139/1/4
f 132/1/5 133/1/5 141/1/5
f 134/1/6 142/1/6 141/1/6
f 135/1/31 143/1/31 142/1/31
f 136/1/8 144/1/8 143/1/8
f 129/1/9 137/1/9 144/1/9
f 138/1/10 146/1/10 145/1/10
f 139/1/11 147/1/11 146/1/11
f 140/1/12 148/1/12 147/1/12
f 141/1/13 149/1/13 148/1/13
f 142/1/14 150/1/14 149/1/14
f 143/1/15 151/1/15 150/1/15
f 144/1/16 152/1/16 151/1/16
f 137/1/17 145/1/17 152/1/17
f 146/1/18 154/1/18 153/1/18
f 146/1/45 147/1/45 155/1/45
f 148/1/20 156/1/20 155/1/20
f 149/1/44 157/1/44 156/1/44
f 150/1/22 158/1/22 157/1/22
f 151/1/43 159/1/43 158/1/43
f 152/1/24 160/1/24 159/1/24
f 145/1/25 153/1/25 160/1/25
f 160/1/26 153/1/26 158/1/26
f 153/1/26 154/1/26 158/1/26
f 154/1/26 155/1/26 156/1/26
f 156/1/26 157/1/26 154/1/26
f 157/1/26 158/1/26 154/1/26
f 161/1/1 168/1/1 167/1/1
f 167/1/1 166/1/1 161/1/1
f 166/1/1 165/1/1 161/1/1
f 165/1/1 164/1/1 163/1/1
f 163/1/1 162/1/1 165/1/1
f 162/1/2 170/1/2 169/1/2
f 163/1/42 171/1/42 170/1/42
f 164/1/4 172/1/4 171/1/4
f 165/1/5 173/1/5 172/1/5
f 166/1/6 174/1/6 173/1/6
f 166/1/7 167/1/7 175/1/7
f 168/1/8 176/1/8 175/1/8
f 168/1/9 161/1/9 169/1/9
f 170/1/10 178/1/10 177/1/10
f 171/1/11 179/1/11 178/1/11
f 172/1/12 180/1/12 179/1/12
f 173/1/13 181/1/13 180/1/13
f 174/1/14 182/1/14 181/1/14
f 175/1/15 183/1/15 182/1/15
f 176/1/16 184/1/16 183/1/16
f 169/1/17 177/1/17 184/1/17
f 178/1/18 186/1/18 185/1/18
f 178/1/45 179/1/45 187/1/45
f 180/1/20 188/1/20 187/1/20
f 181/1/44 189/1/44 188/1/44
f 182/1/22 190/1/22 189/1/22
f 182/1/54 183/1/54 191/1/54
f 184/1/24 192/1/24 191/1/24
f 184/1/41 177/1/41 185/1/41
f 192/1/26 185/1/26 190/1/26
f 185/1/26 186/1/26 190/1/26
f 186/1/26 187/1/26 188/1/26
f 188/1/26 189/1/26 186/1/26
f 189/1/26 190/1/26 186/1/26
f 193/1/1 200/1/1 199/1/1
f 199/1/1 198/1/1 193/1/1
f 198/1/1 197/1/1 193/1/1
f 197/1/1 196/1/1 195/1/1
f 195/1/1 194/1/1 197/1/1
f 194/1/2 202/1/2 201/1/2
f 194/1/48 195/1/48 203/1/48
f 196/1/4 204/1/4 203/1/4
f 197/1/5 205/1/5 204/1/5
f 198/1/6 206/1/6 205/1/6
f 199/1/7 207/1/7 206/1/7
f 199/1/8 200/1/8 208/1/8
f 193/1/9 201/1/9 208/1/9
f 202/1/10 210/1/10 209/1/10
f 203/1/11 211/1/11 210/1/11
f 204/1/12 212/1/12 211/1/12
f 205/1/13 213/1/13 212/1/13
f 206/1/14 214/1/14 213/1/14
f 207/1/15 215/1/15 214/1/15
f 208/1/16 216/1/16 215/1/16
f 201/1/17 209/1/17 216/1/17
f 210/1/18 218/1/18 217/1/18
f 210/1/45 211/1/45 219/1/45
f 211/1/20 212/1/20 220/1/20
f 213/1/44 221/1/44 220/1/44
f 214/1/22 222/1/22 221/1/22
f 215/1/54 223/1/54 222/1/54
f 216/1/24 224/1/24 223/1/24
f 209/1/25 217/1/25 224/1/25
f 224/1/26 217/1/26 222/1/26
f 217/1/26 218/1/26 222/1/26
f 218/1/26 219/1/26 220/1/26
f 220/1/26 221/1/26 218/1/26
f 221/1/26 222/1/26 218/1/26
f 225/3/1 232/3/1 227/3/1
f 232/3/1 231/3/1 227/3/1
f 231/3/1 230/3/1 229/3/1
f 229/3/1 228/3/1 231/3/1
f 228/3/1 227/3/1 231/3/1
f 225/3/2 226/3/2 234/3/2
f 227/3/3 235/3/3 234/3/3
f 228/3/4 236/3/4 235/3/4
f 229/3/5 237/3/5 236/3/5
f 229/3/6 230/3/6 238/3/6
f 230/3/7 231/3/7 239/3/7
f 232/3/8 240/3/8 239/3/8
f 225/3/30 233/3/30 240/3/30
f 234/3/10 242/3/10 241/3/10
f 235/3/11 243/3/11 242/3/11
f 236/3/12 244/3/12 243/3/12
f 237/3/13 245/3/13 244/3/13
f 238/3/14 246/3/14 245/3/14
f 239/3/15 247/3/15 246/3/15
f 240/3/16 248/3/16 247/3/16
f 233/3/17 241/3/17 248/3/17
f 242/3/18 250/3/18 249/3/18
f 243/3/19 251/3/19 250/3/19
f 244/3/20 252/3/20 251/3/20
f 245/3/21 253/3/21 252/3/21
f 246/3/22 254/3/22 253/3/22
f 247/3/23 255/3/23 254/3/23
f 248/3/24 256/3/24 255/3/24
f 248/3/39 241/3/39 249/3/39
f 256/3/26 249/3/26 250/3/26
f 250/3/26 251/3/26 256/3/26
f 251/3/26 252/3/26 256/3/26
f 252/3/26 253/3/26 254/3/26
f 254/3/26 255/3/26 252/3/26
f 257/1/1 264/1/1 263/1/1
f 263/1/1 262/1/1 257/1/1
f 262/1/1 261/1/1 257/1/1
f 261/1/1 260/1/1 259/1/1
f 259/1/1 258/1/1 261/1/1
f 258/1/2 266/1/2 265/1/2
f 259/1/3 267/1/3 266/1/3
f 259/1/4 260/1/4 268/1/4
f 261/1/5 269/1/5 268/1/5
f 262/1/6 270/1/6 269/1/6
f 262/1/49 263/1/49 271/1/49
f 264/1/8 272/1/8 271/1/8
f 257/1/9 265/1/9 272/1/9
f 266/1/10 274/1/10 273/1/10
f 267/1/11 275/1/11 274/1/11
f 268/1/12 276/1/12 275/1/12
f 269/1/13 277/1/13 276/1/13
f 270/1/14 278/1/14 277/1/14
f 271/1/15 279/1/15 278/1/15
f 272/1/16 280/1/16 279/1/16
f 265/1/17 273/1/17 280/1/17
f 274/1/18 282/1/18 281/1/18
f 275/1/47 283/1/47 282/1/47
f 276/1/20 284/1/20 283/1/20
f 277/1/21 285/1/21 284/1/21
f 278/1/22 286/1/22 285/1/22
f 278/1/37 279/1/37 287/1/37
f 279/1/24 280/1/24 288/1/24
f 273/1/39 281/1/39 288/1/39
f 288/1/26 281/1/26 286/1/26
f 281/1/26 282/1/26 286/1/26
f 282/1/26 283/1/26 284/1/26
f 284/1/26 285/1/26 282/1/26
f 285/1/26 286/1/26 282/1/26
f 289/1/1 296/1/1 295/1/1
f 295/1/1 294/1/1 289/1/1
f 294/1/1 293/1/1 289/1/1
f 293/1/1 292/1/1 291/1/1
f 291/1/1 290/1/1 293/1/1
f 290/1/2 298/1/2 297/1/2
f 290/1/3 291/1/3 299/1/3
f 292/1/4 300/1/4 299/1/4
f 292/1/5 293/1/5 301/1/5
f 294/1/6 302/1/6 301/1/6
f 295/1/31 303/1/31 302/1/31
f 296/1/8 304/1/8 303/1/8
f 289/1/9 297/1/9 304/1/9
f 298/1/10 306/1/10 305/1/10
f 299/1/11 307/1/11 306/1/11
f 300/1/12 308/1/12 307/1/12
f 301/1/13 309/1/13 308/1/13
f 302/1/14 310/1/14 309/1/14
f 303/1/15 311/1/15 310/1/15
f 304/1/16 312/1/16 311/1/16
f 297/1/17 305/1/17 312/1/17
f 306/1/18 314/1/18 313/1/18
f 306/1/47 307/1/47 315/1/47
f 308/1/20 316/1/20 315/1/20
f 308/1/34 309/1/34 317/1/34
f 310/1/22 318/1/22 317/1/22
f 310/1/37 311/1/37 319/1/37
f 312/1/24 320/1/24 319/1/24
f 305/1/39 313/1/39 320/1/39
f 320/1/26 313/1/26 318/1/26
f 313/1/26 314/1/26 318/1/26
f 314/1/26 315/1/26 316/1/26
f 316/1/26 317/1/26 314/1/26
f 317/1/26 318/1/26 314/1/26
f 321/1/1 328/1/1 327/1/1
f 327/1/1 326/1/1 321/1/1
f 326/1/1 325/1/1 321/1/1
f 325/1/1 324/1/1 323/1/1
f 323/1/1 322/1/1 325/1/1
f 322/1/2 330/1/2 329/1/2
f 323/1/42 331/1/42 330/1/42
f 324/1/4 332/1/4 331/1/4
f 325/1/5 333/1/5 332/1/5
f 326/1/6 334/1/6 333/1/6
f 326/1/7 327/1/7 335/1/7
f 328/1/8 336/1/8 335/1/8
f 328/1/9 321/1/9 329/1/9
f 330/1/10 338/1/10 337/1/10
f 331/1/11 339/1/11 338/1/11
f 332/1/12 340/1/12 339/1/12
f 333/1/13 341/1/13 340/1/13
f 334/1/14 342/1/14 341/1/14
f 335/1/15 343/1/15 342/1/15
f 336/1/16 344/1/16 343/1/16
f 329/1/17 337/1/17 344/1/17
f 338/1/18 346/1/18 345/1/18
f 339/1/32 347/1/32 346/1/32
f 340/1/20 348/1/20 347/1/20
f 341/1/21 349/1/21 348/1/21
f 342/1/22 350/1/22 349/1/22
f 342/1/37 343/1/37 351/1/37
f 344/1/24 352/1/24 351/1/24
f 337/1/39 345/1/39 352/1/39
f 352/1/26 345/1/26 350/1/26
f 345/1/26 346/1/26 350/1/26
f 346/1/26 347/1/26 348/1/26
f 348/1/26 349/1/26 346/1/26
f 349/1/26 350/1/26 346/1/26
f 353/1/1 360/1/1 359/1/1
f 359/1/1 358/1/1 353/1/1
f 358/1/1 357/1/1 353/1/1
f 357/1/1 356/1/1 355/1/1
f 355/1/1 354/1/1 357/1/1
f 354/1/2 362/1/2 361/1/2
f 354/1/48 355/1/48 363/1/48
f 356/1/4 364/1/4 363/1/4
f 357/1/5 365/1/5 364/1/5
f 358/1/6 366/1/6 365/1/6
f 358/1/7 359/1/7 367/1/7
f 359/1/8 360/1/8 368/1/8
f 353/1/9 361/1/9 368/1/9
f 362/1/10 370/1/10 369/1/10
f 363/1/11 371/1/11 370/1/11
f 364/1/12 372/1/12 371/1/12
f 365/1/13 373/1/13 372/1/13
f 366/1/14 374/1/14 373/1/14
f 367/1/15 375/1/15 374/1/15
f 368/1/16 376/1/16 375/1/16
f 361/1/17 369/1/17 376/1/17
f 370/1/18 378/1/18 377/1/18
f 370/1/45 371/1/45 379/1/45
f 371/1/20 372/1/20 380/1/20
f 373/1/21 381/1/21 380/1/21
f 374/1/22 382/1/22 381/1/22
f 375/1/54 383/1/54 382/1/54
f 376/1/24 384/1/24 383/1/24
f 369/1/39 377/1/39 384/1/39
f 384/1/26 377/1/26 382/1/26
f 377/1/26 378/1/26 382/1/26
f 378/1/26 379/1/26 380/1/26
f 380/1/26 381/1/26 378/1/26
f 381/1/26 382/1/26 378/1/26
f 385/4/1 392/4/1 391/4/1
f 391/4/1 390/4/1 385/4/1
f 390/4/1 389/4/1 385/4/1
f 389/4/1 388/4/1 387/4/1
f 387/4/1 386/4/1 389/4/1
f 386/4/2 394/4/2 393/4/2
f 386/4/3 387/4/3 395/4/3
f 387/4/4 388/4/4 396/4/4
f 389/4/28 397/4/28 396/4/28
f 390/4/6 398/4/6 397/4/6
f 390/4/31 391/4/31 399/4/31
f 392/4/8 400/4/8 399/4/8
f 385/4/30 393/4/30 400/4/30
f 394/4/10 402/4/10 401/4/10
f 395/4/11 403/4/11 402/4/11
f 396/4/12 404/4/12 403/4/12
f 397/4/13 405/4/13 404/4/13
f 398/4/14 406/4/14 405/4/14
f 399/4/15 407/4/15 406/4/15
f 400/4/16 408/4/16 407/4/16
f 393/4/17 401/4/17 408/4/17
f 401/4/18 402/4/18 410/4/18
f 403/4/19 411/4/19 410/4/19
f 404/4/20 412/4/20 411/4/20
f 405/4/34 413/4/34 412/4/34
f 406/4/22 414/4/22 413/4/22
f 406/4/23 407/4/23 415/4/23
f 407/4/24 408/4/24 416/4/24
f 408/4/25 401/4/25 409/4/25
f 416/4/26 409/4/26 414/4/26
f 409/4/26 410/4/26 414/4/26
f 410/4/26 411/4/26 412/4/26
f 412/4/26 413/4/26 410/4/26
f 413/4/26 414/4/26 410/4/26
f 417/5/1 424/5/1 423/5/1
f 423/5/1 422/5/1 421/5/1
f 421/5/1 420/5/1 419/5/1
f 419/5/1 418/5/1 417/5/1
f 417/5/1 423/5/1 419/5/1
f 418/5/2 426/5/2 425/5/2
f 418/5/42 419/5/42 427/5/42
f 420/5/4 428/5/4 427/5/4
f 421/5/36 429/5/36 428/5/36
f 422/5/6 430/5/6 429/5/6
f 423/5/31 431/5/31 430/5/31
f 424/5/8 432/5/8 431/5/8
f 424/5/38 417/5/38 425/5/38
f 426/5/10 434/5/10 433/5/10
f 427/5/11 435/5/11 434/5/11
f 428/5/12 436/5/12 435/5/12
f 429/5/13 437/5/13 436/5/13
f 430/5/14 438/5/14 437/5/14
f 431/5/15 439/5/15 438/5/15
f 432/5/16 440/5/16 439/5/16
f 425/5/17 433/5/17 440/5/17
f 434/5/18 442/5/18 441/5/18
f 434/5/19 435/5/19 443/5/19
f 436/5/20 444/5/20 443/5/20
f 436/5/21 437/5/21 445/5/21
f 438/5/22 446/5/22 445/5/22
f 439/5/37 447/5/37 446/5/37
f 440/5/24 448/5/24 447/5/24
f 433/5/35 441/5/35 448/5/35
f 448/5/26 441/5/26 442/5/26
f 442/5/26 443/5/26 448/5/26
f 443/5/26 444/5/26 448/5/26
f 444/5/26 445/5/26 446/5/26
f 446/5/26 447/5/26 444/5/26
f 449/5/1 456/5/1 455/5/1
f 455/5/1 454/5/1 453/5/1
f 453/5/1 452/5/1 451/5/1
f 451/5/1 450/5/1 449/5/1
f 449/5/1 455/5/1 451/5/1
f 450/5/2 458/5/2 457/5/2
f 451/5/3 459/5/3 458/5/3
f 452/5/4 460/5/4 459/5/4
f 452/5/36 453/5/36 461/5/36
f 454/5/6 462/5/6 461/5/6
f 454/5/31 455/5/31 463/5/31
f 456/5/8 464/5/8 463/5/8
f 449/5/9 457/5/9 464/5/9
f 458/5/10 466/5/10 465/5/10
f 459/5/11 467/5/11 466/5/11
f 460/5/12 468/5/12 467/5/12
f 461/5/13 469/5/13 468/5/13
f 462/5/14 470/5/14 469/5/14
f 463/5/15 471/5/15 470/5/15
f 464/5/16 472/5/16 471/5/16
f 457/5/17 465/5/17 472/5/17
f 466/5/18 474/5/18 473/5/18
f 466/5/19 467/5/19 475/5/19
f 468/5/20 476/5/20 475/5/20
f 469/5/46 477/5/46 476/5/46
f 470/5/22 478/5/22 477/5/22
f 471/5/37 479/5/37 478/5/37
f 472/5/24 480/5/24 479/5/24
f 465/5/41 473/5/41 480/5/41
f 480/5/26 473/5/26 474/5/26
f 474/5/26 475/5/26 480/5/26
f 475/5/26 476/5/26 480/5/26
f 476/5/26 477/5/26 478/5/26
f 478/5/26 479/5/26 476/5/26
f 481/5/1 488/5/1 487/5/1
f 487/5/1 486/5/1 481/5/1
f 486/5/1 485/5/1 481/5/1
f 485/5/1 484/5/1 483/5/1
f 483/5/1 482/5/1 485/5/1
f 482/5/2 490/5/2 489/5/2
f 483/5/42 491/5/42 490/5/42
f 484/5/4 492/5/4 491/5/4
f 485/5/5 493/5/5 492/5/5
f 486/5/6 494/5/6 493/5/6
f 486/5/49 487/5/49 495/5/49
f 488/5/8 496/5/8 495/5/8
f 481/5/9 489/5/9 496/5/9
f 490/5/10 498/5/10 497/5/10
f 491/5/11 499/5/11 498/5/11
f 492/5/12 500/5/12 499/5/12
f 493/5/13 501/5/13 500/5/13
f 494/5/14 502/5/14 501/5/14
f 495/5/15 503/5/15 502/5/15
f 496/5/16 504/5/16 503/5/16
f 489/5/17 497/5/17 504/5/17
f 498/5/18 506/5/18 505/5/18
f 499/5/32 507/5/32 506/5/32
f 500/5/20 508/5/20 507/5/20
f 501/5/21 509/5/21 508/5/21
f 502/5/22 510/5/22 509/5/22
f 503/5/43 511/5/43 510/5/43
f 504/5/24 512/5/24 511/5/24
f 497/5/25 505/5/25 512/5/25
f 512/5/26 505/5/26 510/5/26
f 505/5/26 506/5/26 510/5/26
f 506/5/26 507/5/26 508/5/26
f 508/5/26 509/5/26 506/5/26
f 509/5/26 510/5/26 506/5/26
f 513/4/1 520/4/1 519/4/1
f 519/4/1 518/4/1 513/4/1
f 518/4/1 517/4/1 513/4/1
f 517/4/1 516/4/1 515/4/1
f 515/4/1 514/4/1 517/4/1
f 514/4/2 522/4/2 521/4/2
f 515/4/27 523/4/27 522/4/27
f 516/4/4 524/4/4 523/4/4
f 516/4/36 517/4/36 525/4/36
f 518/4/6 526/4/6 525/4/6
f 519/4/7 527/4/7 526/4/7
f 520/4/8 528/4/8 527/4/8
f 520/4/40 513/4/40 521/4/40
f 522/4/10 530/4/10 529/4/10
f 523/4/11 531/4/11 530/4/11
f 524/4/12 532/4/12 531/4/12
f 525/4/13 533/4/13 532/4/13
f 526/4/14 534/4/14 533/4/14
f 527/4/15 535/4/15 534/4/15
f 528/4/16 536/4/16 535/4/16
f 521/4/17 529/4/17 536/4/17
f 530/4/18 538/4/18 537/4/18
f 530/4/47 531/4/47 539/4/47
f 532/4/20 540/4/20 539/4/20
f 533/4/21 541/4/21 540/4/21
f 534/4/22 542/4/22 541/4/22
f 534/4/37 535/4/37 543/4/37
f 536/4/24 544/4/24 543/4/24
f 529/4/39 537/4/39 544/4/39
f 544/4/26 537/4/26 542/4/26
f 537/4/26 538/4/26 542/4/26
f 538/4/26 539/4/26 540/4/26
f 540/4/26 541/4/26 538/4/26
f 541/4/26 542/4/26 538/4/26
f 545/6/1 552/6/1 551/6/1
f 551/6/1 550/6/1 545/6/1
f 550/6/1 549/6/1 545/6/1
f 549/6/1 548/6/1 547/6/1
f 547/6/1 546/6/1 549/6/1
f 546/6/2 554/6/2 553/6/2
f 547/6/48 555/6/48 554/6/48
f 548/6/4 556/6/4 555/6/4
f 548/6/28 549/6/28 557/6/28
f 550/6/6 558/6/6 557/6/6
f 550/6/29 551/6/29 559/6/29
f 552/6/8 560/6/8 559/6/8
f 552/6/9 545/6/9 553/6/9
f 554/6/10 562/6/10 561/6/10
f 555/6/11 563/6/11 562/6/11
f 556/6/12 564/6/12 563/6/12
f 557/6/13 565/6/13 564/6/13
f 558/6/14 566/6/14 565/6/14
f 559/6/15 567/6/15 566/6/15
f 560/6/16 568/6/16 567/6/16
f 553/6/17 561/6/17 568/6/17
f 561/6/18 562/6/18 570/6/18
f 562/6/19 563/6/19 571/6/19
f 564/6/20 572/6/20 571/6/20
f 565/6/34 573/6/34 572/6/34
f 566/6/22 574/6/22 573/6/22
f 566/6/43 567/6/43 575/6/43
f 568/6/24 576/6/24 575/6/24
f 561/6/41 569/6/41 576/6/41
f 576/6/26 569/6/26 574/6/26
f 569/6/26 570/6/26 574/6/26
f 570/6/26 571/6/26 572/6/26
f 572/6/26 573/6/26 570/6/26
f 573/6/26 574/6/26 570/6/26
f 577/4/1 584/4/1 583/4/1
f 583/4/1 582/4/1 577/4/1
f 582/4/1 581/4/1 577/4/1
f 581/4/1 580/4/1 579/4/1
f 579/4/1 578/4/1 581/4/1
f 578/4/2 586/4/2 585/4/2
f 579/4/3 587/4/3 586/4/3
f 580/4/4 588/4/4 587/4/4
f 580/4/33 581/4/33 589/4/33
f 582/4/6 590/4/6 589/4/6
f 583/4/29 591/4/29 590/4/29
f 584/4/8 592/4/8 591/4/8
f 584/4/38 577/4/38 585/4/38
f 586/4/10 594/4/10 593/4/10
f 587/4/11 595/4/11 594/4/11
f 588/4/12 596/4/12 595/4/12
f 589/4/13 597/4/13 596/4/13
f 590/4/14 598/4/14 597/4/14
f 591/4/15 599/4/15 598/4/15
f 592/4/16 600/4/16 599/4/16
f 585/4/17 593/4/17 600/4/17
f 594/4/18 602/4/18 601/4/18
f 594/4/45 595/4/45 603/4/45
f 596/4/20 604/4/20 603/4/20
f 597/4/44 605/4/44 604/4/44
f 598/4/22 606/4/22 605/4/22
f 598/4/54 599/4/54 607/4/54
f 600/4/24 608/4/24 607/4/24
f 593/4/25 601/4/25 608/4/25
f 608/4/26 601/4/26 606/4/26
f 601/4/26 602/4/26 606/4/26
f 602/4/26 603/4/26 604/4/26
f 604/4/26 605/4/26 602/4/26
f 605/4/26 606/4/26 602/4/26
f 609/6/1 616/6/1 615/6/1
f 615/6/1 614/6/1 609/6/1
f 614/6/1 613/6/1 609/6/1
f 613/6/1 612/6/1 611/6/1
f 611/6/1 610/6/1 613/6/1
f 609/6/2 610/6/2 618/6/2
f 611/6/48 619/6/48 618/6/48
f 612/6/4 620/6/4 619/6/4
f 613/6/33 621/6/33 620/6/33
f 614/6/6 622/6/6 621/6/6
f 615/6/49 623/6/49 622/6/49
f 616/6/8 624/6/8 623/6/8
f 616/6/30 609/6/30 617/6/30
f 618/6/10 626/6/10 625/6/10
f 619/6/11 627/6/11 626/6/11
f 620/6/12 628/6/12 627/6/12
f 621/6/13 629/6/13 628/6/13
f 622/6/14 630/6/14 629/6/14
f 623/6/15 631/6/15 630/6/15
f 624/6/16 632/6/16 631/6/16
f 617/6/17 625/6/17 632/6/17
f 626/6/18 634/6/18 633/6/18
f 626/6/32 627/6/32 635/6/32
f 628/6/20 636/6/20 635/6/20
f 629/6/34 637/6/34 636/6/34
f 630/6/22 638/6/22 637/6/22
f 630/6/23 631/6/23 639/6/23
f 632/6/24 640/6/24 639/6/24
f 625/6/41 633/6/41 640/6/41
f 640/6/26 633/6/26 638/6/26
f 633/6/26 634/6/26 638/6/26
f 634/6/26 635/6/26 636/6/26
f 636/6/26 637/6/26 634/6/26
f 637/6/26 638/6/26 634/6/26
f 641/4/1 648/4/1 647/4/1
f 647/4/1 646/4/1 641/4/1
f 646/4/1 645/4/1 641/4/1
f 645/4/1 644/4/1 643/4/1
f 643/4/1 642/4/1 645/4/1
f 642/4/2 650/4/2 649/4/2
f 643/4/27 651/4/27 650/4/27
f 644/4/4 652/4/4 651/4/4
f 644/4/36 645/4/36 653/4/36
f 646/4/6 654/4/6 653/4/6
f 647/4/7 655/4/7 654/4/7
f 648/4/8 656/4/8 655/4/8
f 648/4/40 641/4/40 649/4/40
f 650/4/10 658/4/10 657/4/10
f 651/4/11 659/4/11 658/4/11
f 652/4/12 660/4/12 659/4/12
f 653/4/13 661/4/13 660/4/13
f 654/4/14 662/4/14 661/4/14
f 655/4/15 663/4/15 662/4/15
f 656/4/16 664/4/16 663/4/16
f 649/4/17 657/4/17 664/4/17
f 658/4/18 666/4/18 665/4/18
f 658/4/47 659/4/47 667/4/47
f 660/4/20 668/4/20 667/4/20
f 661/4/21 669/4/21 668/4/21
f 662/4/22 670/4/22 669/4/22
f 662/4/37 663/4/37 671/4/37
f 664/4/24 672/4/24 671/4/24
f 657/4/39 665/4/39 672/4/39
f 672/4/26 665/4/26 670/4/26
f 665/4/26 666/4/26 670/4/26
f 666/4/26 667/4/26 668/4/26
f 668/4/26 669/4/26 666/4/26
f 669/4/26 670/4/26 666/4/26
f 673/6/1 680/6/1 679/6/1
f 679/6/1 678/6/1 673/6/1
f 678/6/1 677/6/1 673/6/1
f 677/6/1 676/6/1 675/6/1
f 675/6/1 674/6/1 677/6/1
f 674/6/2 682/6/2 681/6/2
f 675/6/48 683/6/48 682/6/48
f 676/6/4 684/6/4 683/6/4
f 676/6/28 677/6/28 685/6/28
f 677/6/6 678/6/6 686/6/6
f 679/6/49 687/6/49 686/6/49
f 680/6/8 688/6/8 687/6/8
f 673/6/40 681/6/40 688/6/40
f 682/6/10 690/6/10 689/6/10
f 683/6/11 691/6/11 690/6/11
f 684/6/12 692/6/12 691/6/12
f 685/6/13 693/6/13 692/6/13
f 686/6/14 694/6/14 693/6/14
f 687/6/15 695/6/15 694/6/15
f 688/6/16 696/6/16 695/6/16
f 681/6/17 689/6/17 696/6/17
f 690/6/18 698/6/18 697/6/18
f 690/6/19 691/6/19 699/6/19
f 692/6/20 700/6/20 699/6/20
f 693/6/34 701/6/34 700/6/34
f 694/6/22 702/6/22 701/6/22
f 694/6/43 695/6/43 703/6/43
f 696/6/24 704/6/24 703/6/24
f 689/6/41 697/6/41 704/6/41
f 704/6/26 697/6/26 702/6/26
f 697/6/26 698/6/26 702/6/26
f 698/6/26 699/6/26 700/6/26
f 700/6/26 701/6/26 698/6/26
f 701/6/26 702/6/26 698/6/26
f 705/4/1 712/4/1 711/4/1
f 711/4/1 710/4/1 705/4/1
f 710/4/1 709/4/1 705/4/1
f 709/4/1 708/4/1 707/4/1
f 707/4/1 706/4/1 709/4/1
f 706/4/2 714/4/2 713/4/2
f 707/4/3 715/4/3 714/4/3
f 708/4/4 716/4/4 715/4/4
f 708/4/33 709/4/33 717/4/33
f 710/4/6 718/4/6 717/4/6
f 711/4/29 719/4/29 718/4/29
f 712/4/8 720/4/8 719/4/8
f 712/4/38 705/4/38 713/4/38
f 714/4/10 722/4/10 721/4/10
f 715/4/11 723/4/11 722/4/11
f 716/4/12 724/4/12 723/4/12
f 717/4/13 725/4/13 724/4/13
f 718/4/14 726/4/14 725/4/14
f 719/4/15 727/4/15 726/4/15
f 720/4/16 728/4/16 727/4/16
f 713/4/17 721/4/17 728/4/17
f 722/4/18 730/4/18 729/4/18
f 722/4/45 723/4/45 731/4/45
f 724/4/20 732/4/20 731/4/20
f 725/4/44 733/4/44 732/4/44
f 726/4/22 734/4/22 733/4/22
f 726/4/54 727/4/54 735/4/54
f 728/4/24 736/4/24 735/4/24
f 721/4/25 729/4/25 736/4/25
f 736/4/26 729/4/26 734/4/26
f 729/4/26 730/4/26 734/4/26
f 730/4/26 731/4/26 732/4/26
f 732/4/26 733/4/26 730/4/26
f 733/4/26 734/4/26 730/4/26
f 737/6/1 744/6/1 743/6/1
f 743/6/1 742/6/1 737/6/1
f 742/6/1 741/6/1 737/6/1
f 741/6/1 740/6/1 739/6/1
f 739/6/1 738/6/1 741/6/1
f 738/6/2 746/6/2 745/6/2
f 738/6/27 739/6/27 747/6/27
f 740/6/4 748/6/4 747/6/4
f 740/6/5 741/6/5 749/6/5
f 742/6/6 750/6/6 749/6/6
f 743/6/49 751/6/49 750/6/49
f 744/6/8 752/6/8 751/6/8
f 744/6/30 737/6/30 745/6/30
f 746/6/10 754/6/10 753/6/10
f 747/6/11 755/6/11 754/6/11
f 748/6/12 756/6/12 755/6/12
f 749/6/13 757/6/13 756/6/13
f 750/6/14 758/6/14 757/6/14
f 751/6/15 759/6/15 758/6/15
f 752/6/16 760/6/16 759/6/16
f 745/6/17 753/6/17 760/6/17
f 754/6/18 762/6/18 761/6/18
f 754/6/32 755/6/32 763/6/32
f 756/6/20 764/6/20 763/6/20
f 757/6/34 765/6/34 764/6/34
f 757/6/22 758/6/22 766/6/22
f 758/6/23 759/6/23 767/6/23
f 760/6/24 768/6/24 767/6/24
f 753/6/41 761/6/41 768/6/41
f 768/6/26 761/6/26 766/6/26
f 761/6/26 762/6/26 766/6/26
f 762/6/26 763/6/26 764/6/26
f 764/6/26 765/6/26 762/6/26
f 765/6/26 766/6/26 762/6/26
f 769/1/1 776/1/1 771/1/1
f 776/1/1 775/1/1 771/1/1
f 775/1/1 774/1/1 773/1/1
f 773/1/1 772/1/1 775/1/1
f 772/1/1 771/1/1 775/1/1
f 770/1/2 778/1/2 777/1/2
f 770/1/3 771/1/3 779/1/3
f 772/1/4 780/1/4 779/1/4
f 773/1/5 781/1/5 780/1/5
f 774/1/6 782/1/6 781/1/6
f 774/1/7 775/1/7 783/1/7
f 775/1/8 776/1/8 784/1/8
f 769/1/9 777/1/9 784/1/9
f 778/1/10 786/1/10 785/1/10
f 779/1/11 787/1/11 786/1/11
f 780/1/12 788/1/12 787/1/12
f 781/1/13 789/1/13 788/1/13
f 782/1/14 790/1/14 789/1/14
f 783/1/15 791/1/15 790/1/15
f 784/1/16 792/1/16 791/1/16
f 777/1/17 785/1/17 792/1/17
f 786/1/18 794/1/18 793/1/18
f 787/1/19 795/1/19 794/1/19
f 787/1/20 788/1/20 796/1/20
f 788/1/21 789/1/21 797/1/21
f 790/1/22 798/1/22 797/1/22
f 790/1/23 791/1/23 799/1/23
f 792/1/24 800/1/24 799/1/24
f 792/1/25 785/1/25 793/1/25
f 800/1/26 793/1/26 794/1/26
f 794/1/26 795/1/26 800/1/26
f 795/1/26 796/1/26 800/1/26
f 796/1/26 797/1/26 798/1/26
f 798/1/26 799/1/26 796/1/26
f 801/1/1 808/1/1 803/1/1
f 808/1/1 807/1/1 803/1/1
f 807/1/1 806/1/1 805/1/1
f 805/1/1 804/1/1 807/1/1
f 804/1/1 803/1/1 807/1/1
f 802/1/2 810/1/2 809/1/2
f 803/1/3 811/1/3 810/1/3
f 804/1/4 812/1/4 811/1/4
f 805/1/5 813/1/5 812/1/5
f 806/1/6 814/1/6 813/1/6
f 806/1/7 807/1/7 815/1/7
f 808/1/8 816/1/8 815/1/8
f 801/1/9 809/1/9 816/1/9
f 810/1/10 818/1/10 817/1/10
f 811/1/11 819/1/11 818/1/11
f 812/1/12 820/1/12 819/1/12
f 813/1/13 821/1/13 820/1/13
f 814/1/14 822/1/14 821/1/14
f 815/1/15 823/1/15 822/1/15
f 816/1/16 824/1/16 823/1/16
f 809/1/17 817/1/17 824/1/17
f 818/1/18 826/1/18 825/1/18
f 819/1/19 827/1/19 826/1/19
f 820/1/20 828/1/20 827/1/20
f 820/1/21 821/1/21 829/1/21
f 822/1/22 830/1/22 829/1/22
f 823/1/23 831/1/23 830/1/23
f 823/1/24 824/1/24 832/1/24
f 817/1/25 825/1/25 832/1/25
f 832/1/26 825/1/26 826/1/26
f 826/1/26 827/1/26 832/1/26
f 827/1/26 828/1/26 832/1/26
f 828/1/26 829/1/26 830/1/26
f 830/1/26 831/1/26 828/1/26
f 833/1/1 840/1/1 835/1/1
f 840/1/1 839/1/1 835/1/1
f 839/1/1 838/1/1 837/1/1
f 837/1/1 836/1/1 839/1/1
f 836/1/1 835/1/1 839/1/1
f 834/1/2 842/1/2 841/1/2
f 834/1/3 835/1/3 843/1/3
f 836/1/4 844/1/4 843/1/4
f 837/1/5 845/1/5 844/1/5
f 838/1/6 846/1/6 845/1/6
f 839/1/7 847/1/7 846/1/7
f 840/1/8 848/1/8 847/1/8
f 833/1/9 841/1/9 848/1/9
f 842/1/10 850/1/10 849/1/10
f 843/1/11 851/1/11 850/1/11
f 844/1/12 852/1/12 851/1/12
f 845/1/13 853/1/13 852/1/13
f 846/1/14 854/1/14 853/1/14
f 847/1/15 855/1/15 854/1/15
f 848/1/16 856/1/16 855/1/16
f 841/1/17 849/1/17 856/1/17
f 850/1/18 858/1/18 857/1/18
f 851/1/19 859/1/19 858/1/19
f 851/1/20 852/1/20 860/1/20
f 853/1/21 861/1/21 860/1/21
f 854/1/22 862/1/22 861/1/22
f 855/1/23 863/1/23 862/1/23
f 856/1/24 864/1/24 863/1/24
f 856/1/25 849/1/25 857/1/25
f 864/1/26 857/1/26 858/1/26
f 858/1/26 859/1/26 864/1/26
f 859/1/26 860/1/26 864/1/26
f 860/1/26 861/1/26 862/1/26
f 862/1/26 863/1/26 860/1/26
f 865/1/1 872/1/1 867/1/1
f 872/1/1 871/1/1 867/1/1
f 871/1/1 870/1/1 869/1/1
f 869/1/1 868/1/1 871/1/1
f 868/1/1 867/1/1 871/1/1
f 866/1/2 874/1/2 873/1/2
f 866/1/3 867/1/3 875/1/3
f 867/1/4 868/1/4 876/1/4
f 869/1/5 877/1/5 876/1/5
f 870/1/6 878/1/6 877/1/6
f 870/1/7 871/1/7 879/1/7
f 872/1/8 880/1/8 879/1/8
f 865/1/9 873/1/9 880/1/9
f 874/1/10 882/1/10 881/1/10
f 875/1/11 883/1/11 882/1/11
f 876/1/12 884/1/12 883/1/12
f 877/1/13 885/1/13 884/1/13
f 878/1/14 886/1/14 885/1/14
f 879/1/15 887/1/15 886/1/15
f 880/1/16 888/1/16 887/1/16
f 873/1/17 881/1/17 888/1/17
f 882/1/18 890/1/18 889/1/18
f 882/1/19 883/1/19 891/1/19
f 884/1/20 892/1/20 891/1/20
f 884/1/21 885/1/21 893/1/21
f 886/1/22 894/1/22 893/1/22
f 887/1/23 895/1/23 894/1/23
f 887/1/24 888/1/24 896/1/24
f 888/1/25 881/1/25 889/1/25
f 896/1/26 889/1/26 890/1/26
f 890/1/26 891/1/26 896/1/26
f 891/1/26 892/1/26 896/1/26
f 892/1/26 893/1/26 894/1/26
f 894/1/26 895/1/26 892/1/26
f 899/7/1 898/7/1 897/7/1
f 902/7/26 903/7/26 904/7/26
f 898/7/10 902/7/10 901/7/10
f 899/7/12 903/7/12 902/7/12
f 900/7/14 904/7/14 903/7/14
f 897/7/16 901/7/16 904/7/16
f 907/7/1 906/7/1 905/7/1
f 910/7/26 911/7/26 912/7/26
f 906/7/10 910/7/10 909/7/10
f 907/7/12 911/7/12 910/7/12
f 908/7/14 912/7/14 911/7/14
f 905/7/16 909/7/16 912/7/16
f 915/7/1 914/7/1 913/7/1
f 918/7/26 919/7/26 920/7/26
f 914/7/10 918/7/10 917/7/10
f 915/7/12 919/7/12 918/7/12
f 916/7/14 920/7/14 919/7/14
f 913/7/16 917/7/16 920/7/16
f 923/7/1 922/7/1 921/7/1
f 926/7/26 927/7/26 928/7/26
f 922/7/10 926/7/10 925/7/10
f 923/7/12 927/7/12 926/7/12
f 924/7/14 928/7/14 927/7/14
f 921/7/16 925/7/16 928/7/16
f 931/7/1 930/7/1 929/7/1
f 934/7/26 935/7/26 936/7/26
f 930/7/10 934/7/10 933/7/10
f 931/7/12 935/7/12 934/7/12
f 932/7/14 936/7/14 935/7/14
f 929/7/16 933/7/16 936/7/16
f 937/2/16 942/2/16 939/2/16
f 942/2/16 941/2/16 939/2/16
f 941/2/16 940/2/16 939/2/16
f 938/2/50 944/2/50 943/2/50
f 939/2/10 945/2/10 944/2/10
f 940/2/51 946/2/51 945/2/51
f 941/2/52 947/2/52 946/2/52
f 942/2/14 948/2/14 947/2/14
f 937/2/53 943/2/53 948/2/53
f 948/2/12 943/2/12 944/2/12
f 944/2/12 945/2/12 946/2/12
f 946/2/12 947/2/12 944/2/12
f 949/2/16 954/2/16 951/2/16
f 954/2/16 953/2/16 951/2/16
f 953/2/16 952/2/16 951/2/16
f 950/2/50 956/2/50 955/2/50
f 951/2/10 957/2/10 956/2/10
f 952/2/51 958/2/51 957/2/51
f 953/2/52 959/2/52 958/2/52
f 954/2/14 960/2/14 959/2/14
f 949/2/53 955/2/53 960/2/53
f 960/2/12 955/2/12 956/2/12
f 956/2/12 957/2/12 958/2/12
f 958/2/12 959/2/12 956/2/12
f 961/2/16 966/2/16 963/2/16
f 966/2/16 965/2/16 963/2/16
f 965/2/16 964/2/16 963/2/16
f 962/2/50 968/2/50 967/2/50
f 963/2/10 969/2/10 968/2/10
f 964/2/51 970/2/51 969/2/51
f 965/2/52 971/2/52 970/2/52
f 966/2/14 972/2/14 971/2/14
f 961/2/53 967/2/53 972/2/53
f 972/2/12 967/2/12 968/2/12
f 968/2/12 969/2/12 970/2/12
f 970/2/12 971/2/12 968/2/12
f 973/2/16 978/2/16 975/2/16
f 978/2/16 977/2/16 975/2/16
f 977/2/16 976/2/16 975/2/16
f 974/2/50 980/2/50 979/2/50
f 975/2/10 981/2/10 980/2/10
f 976/2/51 982/2/51 981/2/51
f 977/2/52 983/2/52 982/2/52
f 978/2/14 984/2/14 983/2/14
f 973/2/53 979/2/53 984/2/53
f 984/2/12 979/2/12 980/2/12
f 980/2/12 981/2/12 982/2/12
f 982/2/12 983/2/12 980/2/12
f 987/7/1 986/7/1 985/7/1
f 990/7/26 991/7/26 992/7/26
f 986/7/10 990/7/10 989/7/10
f 987/7/12 991/7/12 990/7/12
f 988/7/14 992/7/14 991/7/14
f 985/7/16 989/7/16 992/7/16
f 995/7/1 994/7/1 993/7/1
f 998/7/26 999/7/26 1000/7/26
f 994/7/10 998/7/10 997/7/10
f 995/7/12 999/7/12 998/7/12
f 996/7/14 1000/7/14 999/7/14
f 993/7/16 997/7/16 1000/7/16
f 1003/7/1 1002/7/1 1001/7/1
f 1006/7/26 1007/7/26 1008/7/26
f 1002/7/10 1006/7/10 1005/7/10
f 1003/7/12 1007/7/12 1006/7/12
f 1004/7/14 1008/7/14 1007/7/14
f 1001/7/16 1005/7/16 1008/7/16
f 1011/7/1 1010/7/1 1009/7/1
f 1014/7/26 1015/7/26 1016/7/26
f 1010/7/10 1014/7/10 1013/7/10
f 1011/7/12 1015/7/12 1014/7/12
f 1012/7/14 1016/7/14 1015/7/14
f 1009/7/16 1013/7/16 1016/7/16
f 1019/7/1 1018/7/1 1017/7/1
f 1022/7/26 1023/7/26 1024/7/26
f 1018/7/10 1022/7/10 1021/7/10
f 1019/7/12 1023/7/12 1022/7/12
f 1020/7/14 1024/7/14 1023/7/14
f 1017/7/16 1021/7/16 1024/7/16
f 1025/2/16 1030/2/16 1027/2/16
f 1030/2/16 1029/2/16 1027/2/16
f 1029/2/16 1028/2/16 1027/2/16
f 1026/2/50 1032/2/50 1031/2/50
f 1027/2/10 1033/2/10 1032/2/10
f 1028/2/51 1034/2/51 1033/2/51
f 1029/2/52 1035/2/52 1034/2/52
f 1030/2/14 1036/2/14 1035/2/14
f 1025/2/53 1031/2/53 1036/2/53
f 1036/2/12 1031/2/12 1032/2/12
f 1032/2/12 1033/2/12 1034/2/12
f 1034/2/12 1035/2/12 1032/2/12
f 1037/2/16 1042/2/16 1039/2/16
f 1042/2/16 1041/2/16 1039/2/16
f 1041/2/16 1040/2/16 1039/2/16
f 1038/2/50 1044/2/50 1043/2/50
f 1039/2/10 1045/2/10 1044/2/10
f 1040/2/51 1046/2/51 1045/2/51
f 1041/2/52 1047/2/52 1046/2/52
f 1042/2/14 1048/2/14 1047/2/14
f 1037/2/53 1043/2/53 1048/2/53
f 1048/2/12 1043/2/12 1044/2/12
f 1044/2/12 1045/2/12 1046/2/12
f 1046/2/12 1047/2/12 1044/2/12
f 1049/2/16 1054/2/16 1051/2/16
f 1054/2/16 1053/2/16 1051/2/16
f 1053/2/16 1052/2/16 1051/2/16
f 1050/2/50 1056/2/50 1055/2/50
f 1051/2/10 1057/2/10 1056/2/10
f 1052/2/51 1058/2/51 1057/2/51
f 1053/2/52 1059/2/52 1058/2/52
f 1054/2/14 1060/2/14 1059/2/14
f 1049/2/53 1055/2/53 1060/2/53
f 1060/2/12 1055/2/12 1056/2/12
f 1056/2/12 1057/2/12 1058/2/12
f 1058/2/12 1059/2/12 1056/2/12
f 1061/2/16 1066/2/16 1063/2/16
f 1066/2/16 1065/2/16 1063/2/16
f 1065/2/16 1064/2/16 1063/2/16
f 1062/2/50 1068/2/50 1067/2/50
f 1063/2/10 1069/2/10 1068/2/10
f 1064/2/51 1070/2/51 1069/2/51
f 1065/2/52 1071/2/52 1070/2/52
f 1066/2/14 1072/2/14 1071/2/14
f 1061/2/53 1067/2/53 1072/2/53
f 1072/2/12 1067/2/12 1068/2/12
f 1068/2/12 1069/2/12 1070/2/12
f 1070/2/12 1071/2/12 1068/2/12
f 1075/2/1 1074/2/1 1073/2/1
f 1078/2/26 1079/2/26 1080/2/26
f 1074/2/10 1078/2/10 1077/2/10
f 1075/2/12 1079/2/12 1078/2/12
f 1076/2/14 1080/2/14 1079/2/14
f 1073/2/16 1077/2/16 1080/2/16
f 1083/2/1 1082/2/1 1081/2/1
f 1086/2/26 1087/2/26 1088/2/26
f 1082/2/10 1086/2/10 1085/2/10
f 1083/2/12 1087/2/12 1086/2/12
f 1084/2/14 1088/2/14 1087/2/14
f 1081/2/16 1085/2/16 1088/2/16
f 1091/2/1 1090/2/1 1089/2/1
f 1094/2/26 1095/2/26 1096/2/26
f 1090/2/10 1094/2/10 1093/2/10
f 1091/2/12 1095/2/12 1094/2/12
f 1092/2/14 1096/2/14 1095/2/14
f 1089/2/16 1093/2/16 1096/2/16
f 1099/2/1 1098/2/1 1097/2/1
f 1102/2/26 1103/2/26 1104/2/26
f 1098/2/10 1102/2/10 1101/2/10
f 1099/2/12 1103/2/12 1102/2/12
f 1100/2/14 1104/2/14 1103/2/14
f 1097/2/16 1101/2/16 1104/2/16
f 1107/2/1 1106/2/1 1105/2/1
f 1110/2/26 1111/2/26 1112/2/26
f 1106/2/10 1110/2/10 1109/2/10
f 1107/2/12 1111/2/12 1110/2/12
f 1108/2/14 1112/2/14 1111/2/14
f 1105/2/16 1109/2/16 1112/2/16
f 1115/2/1 1114/2/1 1113/2/1
f 1118/2/26 1119/2/26 1120/2/26
f 1114/2/10 1118/2/10 1117/2/10
f 1115/2/12 1119/2/12 1118/2/12
f 1116/2/14 1120/2/14 1119/2/14
f 1113/2/16 1117/2/16 1120/2/16
f 1123/2/1 1122/2/1 1121/2/1
f 1126/2/26 1127/2/26 1128/2/26
f 1122/2/10 1126/2/10 1125/2/10
f 1123/2/12 1127/2/12 1126/2/12
f 1124/2/14 1128/2/14 1127/2/14
f 1121/2/16 1125/2/16 1128/2/16
f 1131/2/1 1130/2/1 1129/2/1
f 1134/2/26 1135/2/26 1136/2/26
f 1130/2/10 1134/2/10 1133/2/10
f 1131/2/12 1135/2/12 1134/2/12
f 1132/2/14 1136/2/14 1135/2/14
f 1129/2/16 1133/2/16 1136/2/16
f 1137/2/1 1144/2/1 1141/2/1
f 1144/2/1 1143/2/1 1141/2/1
f 1143/2/1 1142/2/1 1141/2/1
f 1141/2/1 1140/2/1 1139/2/1
f 1139/2/1 1138/2/1 1141/2/1
f 1138/2/2 1146/2/2 1145/2/2
f 1139/2/3 1147/2/3 1146/2/3
f 1139/2/4 1140/2/4 1148/2/4
f 1140/2/36 1141/2/36 1149/2/36
f 1141/2/6 1142/2/6 1150/2/6
f 1143/2/49 1151/2/49 1150/2/49
f 1144/2/8 1152/2/8 1151/2/8
f 1137/2/30 1145/2/30 1152/2/30
f 1146/2/10 1154/2/10 1153/2/10
f 1147/2/11 1155/2/11 1154/2/11
f 1148/2/12 1156/2/12 1155/2/12
f 1149/2/13 1157/2/13 1156/2/13
f 1150/2/14 1158/2/14 1157/2/14
f 1151/2/15 1159/2/15 1158/2/15
f 1152/2/16 1160/2/16 1159/2/16
f 1145/2/17 1153/2/17 1160/2/17
f 1153/2/18 1154/2/18 1162/2/18
f 1154/2/45 1155/2/45 1163/2/45
f 1156/2/20 1164/2/20 1163/2/20
f 1157/2/46 1165/2/46 1164/2/46
f 1158/2/22 1166/2/22 1165/2/22
f 1159/2/54 1167/2/54 1166/2/54
f 1159/2/24 1160/2/24 1168/2/24
f 1160/2/25 1153/2/25 1161/2/25
f 1168/2/26 1161/2/26 1162/2/26
f 1162/2/26 1163/2/26 1168/2/26
f 1163/2/26 1164/2/26 1168/2/26
f 1164/2/26 1165/2/26 1168/2/26
f 1165/2/26 1166/2/26 1168/2/26
f 1169/2/1 1176/2/1 1173/2/1
f 1176/2/1 1175/2/1 1173/2/1
f 1175/2/1 1174/2/1 1173/2/1
f 1173/2/1 1172/2/1 1171/2/1
f 1171/2/1 1170/2/1 1169/2/1
f 1170/2/2 1178/2/2 1177/2/2
f 1170/2/3 1171/2/3 1179/2/3
f 1171/2/4 1172/2/4 1180/2/4
f 1172/2/36 1173/2/36 1181/2/36
f 1174/2/6 1182/2/6 1181/2/6
f 1175/2/31 1183/2/31 1182/2/31
f 1176/2/8 1184/2/8 1183/2/8
f 1176/2/38 1169/2/38 1177/2/38
f 1178/2/10 1186/2/10 1185/2/10
f 1179/2/11 1187/2/11 1186/2/11
f 1180/2/12 1188/2/12 1187/2/12
f 1181/2/13 1189/2/13 1188/2/13
f 1182/2/14 1190/2/14 1189/2/14
f 1183/2/15 1191/2/15 1190/2/15
f 1184/2/16 1192/2/16 1191/2/16
f 1177/2/17 1185/2/17 1192/2/17
f 1186/2/18 1194/2/18 1193/2/18
f 1186/2/19 1187/2/19 1195/2/19
f 1188/2/20 1196/2/20 1195/2/20
f 1189/2/34 1197/2/34 1196/2/34
f 1190/2/22 1198/2/22 1197/2/22
f 1190/2/54 1191/2/54 1199/2/54
f 1191/2/24 1192/2/24 1200/2/24
f 1192/2/39 1185/2/39 1193/2/39
f 1200/2/26 1193/2/26 1194/2/26
f 1194/2/26 1195/2/26 1200/2/26
f 1195/2/26 1196/2/26 1200/2/26
f 1196/2/26 1197/2/26 1198/2/26
f 1198/2/55 1199/2/55 1200/2/55
f 1203/2/1 1202/2/1 1201/2/1
f 1206/2/26 1207/2/26 1208/2/26
f 1202/2/10 1206/2/10 1205/2/10
f 1203/2/12 1207/2/12 1206/2/12
f 1204/2/14 1208/2/14 1207/2/14
f 1201/2/16 1205/2/16 1208/2/16
f 1211/2/1 1210/2/1 1209/2/1
f 1214/2/26 1215/2/26 1216/2/26
f 1210/2/10 1214/2/10 1213/2/10
f 1211/2/12 1215/2/12 1214/2/12
f 1212/2/14 1216/2/14 1215/2/14
f 1209/2/16 1213/2/16 1216/2/16
f 1219/2/1 1218/2/1 1217/2/1
f 1222/2/26 1223/2/26 1224/2/26
f 1218/2/10 1222/2/10 1221/2/10
f 1219/2/12 1223/2/12 1222/2/12
f 1220/2/14 1224/2/14 1223/2/14
f 1217/2/16 1221/2/16 1224/2/16
f 1227/2/1 1226/2/1 1225/2/1
f 1230/2/26 1231/2/26 1232/2/26
f 1226/2/10 1230/2/10 1229/2/10
f 1227/2/12 1231/2/12 1230/2/12
f 1228/2/14 1232/2/14 1231/2/14
f 1225/2/16 1229/2/16 1232/2/16
f 1235/2/1 1234/2/1 1233/2/1
f 1238/2/26 1239/2/26 1240/2/26
f 1234/2/10 1238/2/10 1237/2/10
f 1235/2/12 1239/2/12 1238/2/12
f 1236/2/14 1240/2/14 1239/2/14
f 1233/2/16 1237/2/16 1240/2/16
f 1243/2/1 1242/2/1 1241/2/1
f 1246/2/26 1247/2/26 1248/2/26
f 1242/2/10 1246/2/10 1245/2/10
f 1243/2/12 1247/2/12 1246/2/12
f 1244/2/14 1248/2/14 1247/2/14
f 1241/2/16 1245/2/16 1248/2/16
f 1251/2/1 1250/2/1 1249/2/1
f 1254/2/26 1255/2/26 1256/2/26
f 1250/2/10 1254/2/10 1253/2/10
f 1251/2/12 1255/2/12 1254/2/12
f 1252/2/14 1256/2/14 1255/2/14
f 1249/2/16 1253/2/16 1256/2/16
f 1259/2/1 1258/2/1 1257/2/1
f 1262/2/26 1263/2/26 1264/2/26
f 1258/2/10 1262/2/10 1261/2/10
f 1259/2/12 1263/2/12 1262/2/12
f 1260/2/14 1264/2/14 1263/2/14
f 1257/2/16 1261/2/16 1264/2/16
f 1267/2/1 1266/2/1 1265/2/1
f 1270/2/26 1271/2/26 1272/2/26
f 1266/2/10 1270/2/10 1269/2/10
f 1267/2/12 1271/2/12 1270/2/12
f 1268/2/14 1272/2/14 1271/2/14
f 1265/2/16 1269/2/16 1272/2/16
f 1275/2/1 1274/2/1 1273/2/1
f 1278/2/26 1279/2/26 1280/2/26
f 1274/2/10 1278/2/10 1277/2/10
f 1275/2/12 1279/2/12 1278/2/12
f 1276/2/14 1280/2/14 1279/2/14
f 1273/2/16 1277/2/16 1280/2/16
f 1281/6/1 1288/6/1 1287/6/1
f 1287/6/1 1286/6/1 1281/6/1
f 1286/6/1 1285/6/1 1281/6/1
f 1285/6/1 1284/6/1 1283/6/1
f 1283/6/1 1282/6/1 1285/6/1
f 1282/6/2 1290/6/2 1289/6/2
f 1283/6/27 1291/6/27 1290/6/27
f 1284/6/4 1292/6/4 1291/6/4
f 1284/6/5 1285/6/5 1293/6/5
f 1286/6/6 1294/6/6 1293/6/6
f 1287/6/29 1295/6/29 1294/6/29
f 1288/6/8 1296/6/8 1295/6/8
f 1288/6/9 1281/6/9 1289/6/9
f 1290/6/10 1298/6/10 1297/6/10
f 1291/6/11 1299/6/11 1298/6/11
f 1292/6/12 1300/6/12 1299/6/12
f 1293/6/13 1301/6/13 1300/6/13
f 1294/6/14 1302/6/14 1301/6/14
f 1295/6/15 1303/6/15 1302/6/15
f 1296/6/16 1304/6/16 1303/6/16
f 1289/6/17 1297/6/17 1304/6/17
f 1298/6/18 1306/6/18 1305/6/18
f 1298/6/47 1299/6/47 1307/6/47
f 1300/6/20 1308/6/20 1307/6/20
f 1301/6/44 1309/6/44 1308/6/44
f 1302/6/22 1310/6/22 1309/6/22
f 1302/6/54 1303/6/54 1311/6/54
f 1304/6/24 1312/6/24 1311/6/24
f 1297/6/39 1305/6/39 1312/6/39
f 1312/6/26 1305/6/26 1310/6/26
f 1305/6/26 1306/6/26 1310/6/26
f 1306/6/26 1307/6/26 1308/6/26
f 1308/6/26 1309/6/26 1306/6/26
f 1309/6/26 1310/6/26 1306/6/26
f 1313/3/1 1320/3/1 1315/3/1
f 1320/3/1 1319/3/1 1315/3/1
f 1319/3/1 1318/3/1 1317/3/1
f 1317/3/1 1316/3/1 1319/3/1
f 1316/3/1 1315/3/1 1319/3/1
f 1313/3/2 1314/3/2 1322/3/2
f 1315/3/42 1323/3/42 1322/3/42
f 1316/3/4 1324/3/4 1323/3/4
f 1317/3/36 1325/3/36 1324/3/36
f 1317/3/6 1318/3/6 1326/3/6
f 1319/3/7 1327/3/7 1326/3/7
f 1320/3/8 1328/3/8 1327/3/8
f 1313/3/9 1321/3/9 1328/3/9
f 1322/3/10 1330/3/10 1329/3/10
f 1323/3/11 1331/3/11 1330/3/11
f 1324/3/12 1332/3/12 1331/3/12
f 1325/3/13 1333/3/13 1332/3/13
f 1326/3/14 1334/3/14 1333/3/14
f 1327/3/15 1335/3/15 1334/3/15
f 1328/3/16 1336/3/16 1335/3/16
f 1321/3/17 1329/3/17 1336/3/17
f 1330/3/18 1338/3/18 1337/3/18
f 1330/3/32 1331/3/32 1339/3/32
f 1332/3/20 1340/3/20 1339/3/20
f 1333/3/34 1341/3/34 1340/3/34
f 1334/3/22 1342/3/22 1341/3/22
f 1335/3/37 1343/3/37 1342/3/37
f 1336/3/24 1344/3/24 1343/3/24
f 1336/3/39 1329/3/39 1337/3/39
f 1344/3/26 1337/3/26 1338/3/26
f 1338/3/26 1339/3/26 1344/3/26
f 1339/3/26 1340/3/26 1344/3/26
f 1340/3/26 1341/3/26 1342/3/26
f 1342/3/26 1343/3/26 1340/3/26
f 1345/3/1 1352/3/1 1347/3/1
f 1352/3/1 1351/3/1 1347/3/1
f 1351/3/1 1350/3/1 1349/3/1
f 1349/3/1 1348/3/1 1351/3/1
f 1348/3/1 1347/3/1 1351/3/1
f 1345/3/2 1346/3/2 1354/3/2
f 1347/3/3 1355/3/3 1354/3/3
f 1348/3/4 1356/3/4 1355/3/4
f 1349/3/5 1357/3/5 1356/3/5
f 1349/3/6 1350/3/6 1358/3/6
f 1351/3/31 1359/3/31 1358/3/31
f 1352/3/8 1360/3/8 1359/3/8
f 1345/3/38 1353/3/38 1360/3/38
f 1354/3/10 1362/3/10 1361/3/10
f 1355/3/11 1363/3/11 1362/3/11
f 1356/3/12 1364/3/12 1363/3/12
f 1357/3/13 1365/3/13 1364/3/13
f 1358/3/14 1366/3/14 1365/3/14
f 1359/3/15 1367/3/15 1366/3/15
f 1360/3/16 1368/3/16 1367/3/16
f 1353/3/17 1361/3/17 1368/3/17
f 1362/3/18 1370/3/18 1369/3/18
f 1363/3/45 1371/3/45 1370/3/45
f 1364/3/20 1372/3/20 1371/3/20
f 1364/3/44 1365/3/44 1373/3/44
f 1366/3/22 1374/3/22 1373/3/22
f 1366/3/43 1367/3/43 1375/3/43
f 1368/3/24 1376/3/24 1375/3/24
f 1361/3/41 1369/3/41 1376/3/41
f 1376/3/26 1369/3/26 1370/3/26
f 1370/3/26 1371/3/26 1376/3/26
f 1371/3/26 1372/3/26 1376/3/26
f 1372/3/26 1373/3/26 1374/3/26
f 1374/3/26 1375/3/26 1372/3/26
f 1377/3/1 1384/3/1 1383/3/1
f 1383/3/1 1382/3/1 1377/3/1
f 1382/3/1 1381/3/1 1377/3/1
f 1381/3/1 1380/3/1 1379/3/1
f 1379/3/1 1378/3/1 1381/3/1
f 1378/3/2 1386/3/2 1385/3/2
f 1379/3/3 1387/3/3 1386/3/3
f 1380/3/4 1388/3/4 1387/3/4
f 1381/3/28 1389/3/28 1388/3/28
f 1381/3/6 1382/3/6 1390/3/6
f 1382/3/31 1383/3/31 1391/3/31
f 1384/3/8 1392/3/8 1391/3/8
f 1377/3/9 1385/3/9 1392/3/9
f 1386/3/10 1394/3/10 1393/3/10
f 1387/3/11 1395/3/11 1394/3/11
f 1388/3/12 1396/3/12 1395/3/12
f 1389/3/13 1397/3/13 1396/3/13
f 1390/3/14 1398/3/14 1397/3/14
f 1391/3/15 1399/3/15 1398/3/15
f 1392/3/16 1400/3/16 1399/3/16
f 1385/3/17 1393/3/17 1400/3/17
f 1394/3/18 1402/3/18 1401/3/18
f 1395/3/19 1403/3/19 1402/3/19
f 1396/3/20 1404/3/20 1403/3/20
f 1397/3/21 1405/3/21 1404/3/21
f 1398/3/22 1406/3/22 1405/3/22
f 1398/3/37 1399/3/37 1407/3/37
f 1400/3/24 1408/3/24 1407/3/24
f 1400/3/25 1393/3/25 1401/3/25
f 1408/3/26 1401/3/26 1406/3/26
f 1401/3/26 1402/3/26 1406/3/26
f 1402/3/26 1403/3/26 1404/3/26
f 1404/3/26 1405/3/26 1402/3/26
f 1405/3/26 1406/3/26 1402/3/26
f 1409/7/1 1416/7/1 1411/7/1
f 1416/7/1 1415/7/1 1411/7/1
f 1415/7/1 1414/7/1 1413/7/1
f 1413/7/1 1412/7/1 1415/7/1
f 1412/7/1 1411/7/1 1415/7/1
f 1410/7/2 1418/7/2 1417/7/2
f 1411/7/42 1419/7/42 1418/7/42
f 1412/7/4 1420/7/4 1419/7/4
f 1413/7/36 1421/7/36 1420/7/36
f 1414/7/6 1422/7/6 1421/7/6
f 1414/7/7 1415/7/7 1423/7/7
f 1416/7/8 1424/7/8 1423/7/8
f 1409/7/40 1417/7/40 1424/7/40
f 1418/7/10 1426/7/10 1425/7/10
f 1419/7/11 1427/7/11 1426/7/11
f 1420/7/12 1428/7/12 1427/7/12
f 1421/7/13 1429/7/13 1428/7/13
f 1422/7/14 1430/7/14 1429/7/14
f 1423/7/15 1431/7/15 1430/7/15
f 1424/7/16 1432/7/16 1431/7/16
f 1417/7/17 1425/7/17 1432/7/17
f 1426/7/18 1434/7/18 1433/7/18
f 1427/7/19 1435/7/19 1434/7/19
f 1428/7/20 1436/7/20 1435/7/20
f 1429/7/21 1437/7/21 1436/7/21
f 1430/7/22 1438/7/22 1437/7/22
f 1431/7/23 1439/7/23 1438/7/23
f 1432/7/24 1440/7/24 1439/7/24
f 1432/7/39 1425/7/39 1433/7/39
f 1440/7/26 1433/7/26 1434/7/26
f 1434/7/26 1435/7/26 1440/7/26
f 1435/7/26 1436/7/26 1440/7/26
f 1436/7/26 1437/7/26 1438/7/26
f 1438/7/26 1439/7/26 1436/7/26
f 1441/7/1 1448/7/1 1443/7/1
f 1448/7/1 1447/7/1 1443/7/1
f 1447/7/1 1446/7/1 1445/7/1
f 1445/7/1 1444/7/1 1447/7/1
f 1444/7/1 1443/7/1 1447/7/1
f 1442/7/2 1450/7/2 1449/7/2
f 1442/7/3 1443/7/3 1451/7/3
f 1444/7/4 1452/7/4 1451/7/4
f 1445/7/33 1453/7/33 1452/7/33
f 1446/7/6 1454/7/6 1453/7/6
f 1446/7/7 1447/7/7 1455/7/7
f 1448/7/8 1456/7/8 1455/7/8
f 1441/7/40 1449/7/40 1456/7/40
f 1450/7/10 1458/7/10 1457/7/10
f 1451/7/11 1459/7/11 1458/7/11
f 1452/7/12 1460/7/12 1459/7/12
f 1453/7/13 1461/7/13 1460/7/13
f 1454/7/14 1462/7/14 1461/7/14
f 1455/7/15 1463/7/15 1462/7/15
f 1456/7/16 1464/7/16 1463/7/16
f 1449/7/17 1457/7/17 1464/7/17
f 1458/7/18 1466/7/18 1465/7/18
f 1459/7/19 1467/7/19 1466/7/19
f 1460/7/20 1468/7/20 1467/7/20
f 1460/7/44 1461/7/44 1469/7/44
f 1462/7/22 1470/7/22 1469/7/22
f 1463/7/23 1471/7/23 1470/7/23
f 1464/7/24 1472/7/24 1471/7/24
f 1464/7/39 1457/7/39 1465/7/39
f 1472/7/26 1465/7/26 1466/7/26
f 1466/7/26 1467/7/26 1472/7/26
f 1467/7/26 1468/7/26 1472/7/26
f 1468/7/26 1469/7/26 1470/7/26
f 1470/7/26 1471/7/26 1468/7/26
f 1473/7/1 1480/7/1 1475/7/1
f 1480/7/1 1479/7/1 1475/7/1
f 1479/7/1 1478/7/1 1477/7/1
f 1477/7/1 1476/7/1 1479/7/1
f 1476/7/1 1475/7/1 1479/7/1
f 1474/7/2 1482/7/2 1481/7/2
f 1474/7/3 1475/7/3 1483/7/3
f 1476/7/4 1484/7/4 1483/7/4
f 1477/7/33 1485/7/33 1484/7/33
f 1478/7/6 1486/7/6 1485/7/6
f 1479/7/31 1487/7/31 1486/7/31
f 1480/7/8 1488/7/8 1487/7/8
f 1473/7/38 1481/7/38 1488/7/38
f 1482/7/10 1490/7/10 1489/7/10
f 1483/7/11 1491/7/11 1490/7/11
f 1484/7/12 1492/7/12 1491/7/12
f 1485/7/13 1493/7/13 1492/7/13
f 1486/7/14 1494/7/14 1493/7/14
f 1487/7/15 1495/7/15 1494/7/15
f 1488/7/16 1496/7/16 1495/7/16
f 1481/7/17 1489/7/17 1496/7/17
f 1490/7/18 1498/7/18 1497/7/18
f 1491/7/19 1499/7/19 1498/7/19
f 1492/7/20 1500/7/20 1499/7/20
f 1492/7/44 1493/7/44 1501/7/44
f 1494/7/22 1502/7/22 1501/7/22
f 1495/7/23 1503/7/23 1502/7/23
f 1496/7/24 1504/7/24 1503/7/24
f 1489/7/25 1497/7/25 1504/7/25
f 1504/7/26 1497/7/26 1498/7/26
f 1498/7/26 1499/7/26 1504/7/26
f 1499/7/26 1500/7/26 1504/7/26
f 1500/7/26 1501/7/26 1502/7/26
f 1502/7/26 1503/7/26 1500/7/26
f 1505/3/1 1512/3/1 1507/3/1
f 1512/3/1 1511/3/1 1507/3/1
f 1511/3/1 1510/3/1 1509/3/1
f 1509/3/1 1508/3/1 1511/3/1
f 1508/3/1 1507/3/1 1511/3/1
f 1505/3/2 1506/3/2 1514/3/2
f 1507/3/3 1515/3/3 1514/3/3
f 1507/3/4 1508/3/4 1516/3/4
f 1509/3/5 1517/3/5 1516/3/5
f 1510/3/6 1518/3/6 1517/3/6
f 1511/3/7 1519/3/7 1518/3/7
f 1512/3/8 1520/3/8 1519/3/8
f 1512/3/9 1505/3/9 1513/3/9
f 1514/3/10 1522/3/10 1521/3/10
f 1515/3/11 1523/3/11 1522/3/11
f 1516/3/12 1524/3/12 1523/3/12
f 1517/3/13 1525/3/13 1524/3/13
f 1518/3/14 1526/3/14 1525/3/14
f 1519/3/15 1527/3/15 1526/3/15
f 1520/3/16 1528/3/16 1527/3/16
f 1513/3/17 1521/3/17 1528/3/17
f 1522/3/18 1530/3/18 1529/3/18
f 1523/3/19 1531/3/19 1530/3/19
f 1524/3/20 1532/3/20 1531/3/20
f 1525/3/21 1533/3/21 1532/3/21
f 1525/3/22 1526/3/22 1534/3/22
f 1526/3/23 1527/3/23 1535/3/23
f 1527/3/24 1528/3/24 1536/3/24
f 1521/3/25 1529/3/25 1536/3/25
f 1536/3/26 1529/3/26 1530/3/26
f 1530/3/26 1531/3/26 1536/3/26
f 1531/3/26 1532/3/26 1536/3/26
f 1532/3/26 1533/3/26 1534/3/26
f 1534/3/26 1535/3/26 1532/3/26
f 1539/7/1 1538/7/1 1537/7/1
f 1542/7/26 1543/7/26 1544/7/26
f 1538/7/10 1542/7/10 1541/7/10
f 1539/7/12 1543/7/12 1542/7/12
f 1540/7/14 1544/7/14 1543/7/14
f 1537/7/16 1541/7/16 1544/7/16
f 1547/7/1 1546/7/1 1545/7/1
f 1550/7/26 1551/7/26 1552/7/26
f 1546/7/10 1550/7/10 1549/7/10
f 1547/7/12 1551/7/12 1550/7/12
f 1548/7/14 1552/7/14 1551/7/14
f 1545/7/16 1549/7/16 1552/7/16
f 1555/7/1 1554/7/1 1553/7/1
f 1558/7/26 1559/7/26 1560/7/26
f 1554/7/10 1558/7/10 1557/7/10
f 1555/7/12 1559/7/12 1558/7/12
f 1556/7/14 1560/7/14 1559/7/14
f 1553/7/16 1557/7/16 1560/7/16
f 1563/7/1 1562/7/1 1561/7/1
f 1566/7/26 1567/7/26 1568/7/26
f 1562/7/10 1566/7/10 1565/7/10
f 1563/7/12 1567/7/12 1566/7/12
f 1564/7/14 1568/7/14 1567/7/14
f 1561/7/16 1565/7/16 1568/7/16
f 1569/3/1 1576/3/1 1571/3/1
f 1576/3/1 1575/3/1 1571/3/1
f 1575/3/1 1574/3/1 1573/3/1
f 1573/3/1 1572/3/1 1575/3/1
f 1572/3/1 1571/3/1 1575/3/1
f 1570/3/2 1578/3/2 1577/3/2
f 1571/3/3 1579/3/3 1578/3/3
f 1571/3/4 1572/3/4 1580/3/4
f 1572/3/36 1573/3/36 1581/3/36
f 1573/3/6 1574/3/6 1582/3/6
f 1575/3/7 1583/3/7 1582/3/7
f 1576/3/8 1584/3/8 1583/3/8
f 1569/3/9 1577/3/9 1584/3/9
f 1578/3/10 1586/3/10 1585/3/10
f 1579/3/11 1587/3/11 1586/3/11
f 1580/3/12 1588/3/12 1587/3/12
f 1581/3/13 1589/3/13 1588/3/13
f 1582/3/14 1590/3/14 1589/3/14
f 1583/3/15 1591/3/15 1590/3/15
f 1584/3/16 1592/3/16 1591/3/16
f 1577/3/17 1585/3/17 1592/3/17
f 1585/3/18 1586/3/18 1594/3/18
f 1586/3/19 1587/3/19 1595/3/19
f 1588/3/20 1596/3/20 1595/3/20
f 1589/3/21 1597/3/21 1596/3/21
f 1590/3/22 1598/3/22 1597/3/22
f 1591/3/37 1599/3/37 1598/3/37
f 1591/3/24 1592/3/24 1600/3/24
f 1585/3/25 1593/3/25 1600/3/25
f 1600/3/26 1593/3/26 1594/3/26
f 1594/3/26 1595/3/26 1600/3/26
f 1595/3/26 1596/3/26 1600/3/26
f 1596/3/26 1597/3/26 1598/3/26
f 1598/3/26 1599/3/26 1596/3/26
f 1603/7/1 1602/7/1 1601/7/1
f 1606/7/26 1607/7/26 1608/7/26
f 1602/7/10 1606/7/10 1605/7/10
f 1603/7/12 1607/7/12 1606/7/12
f 1604/7/14 1608/7/14 1607/7/14
f 1601/7/16 1605/7/16 1608/7/16
f 1611/7/1 1610/7/1 1609/7/1
f 1614/7/26 1615/7/26 1616/7/26
f 1610/7/10 1614/7/10 1613/7/10
f 1611/7/12 1615/7/12 1614/7/12
f 1612/7/14 1616/7/14 1615/7/14
f 1609/7/16 1613/7/16 1616/7/16
f 1619/7/1 1618/7/1 1617/7/1
f 1622/7/26 1623/7/26 1624/7/26
f 1618/7/10 1622/7/10 1621/7/10
f 1619/7/12 1623/7/12 1622/7/12
f 1620/7/14 1624/7/14 1623/7/14
f 1617/7/16 1621/7/16 1624/7/16
f 1627/7/1 1626/7/1 1625/7/1
f 1630/7/26 1631/7/26 1632/7/26
f 1626/7/10 1630/7/10 1629/7/10
f 1627/7/12 1631/7/12 1630/7/12
f 1628/7/14 1632/7/14 1631/7/14
f 1625/7/16 1629/7/16 1632/7/16
f 1633/1/1 1640/1/1 1639/1/1
f 1639/1/1 1638/1/1 1637/1/1
f 1637/1/1 1636/1/1 1635/1/1
f 1635/1/1 1634/1/1 1637/1/1
f 1634/1/1 1633/1/1 1637/1/1
f 1634/1/56 1642/1/56 1641/1/56
f 1635/1/57 1643/1/57 1642/1/57
f 1636/1/58 1644/1/58 1643/1/58
f 1637/1/59 1645/1/59 1644/1/59
f 1638/1/60 1646/1/60 1645/1/60
f 1639/1/61 1647/1/61 1646/1/61
f 1640/1/62 1648/1/62 1647/1/62
f 1633/1/63 1641/1/63 1648/1/63
f 1648/1/26 1641/1/26 1642/1/26
f 1642/1/26 1643/1/26 1648/1/26
f 1643/1/26 1644/1/26 1648/1/26
f 1644/1/26 1645/1/26 1646/1/26
f 1646/1/26 1647/1/26 1644/1/26
f 1649/2/1 1656/2/1 1653/2/1
f 1656/2/1 1655/2/1 1653/2/1
f 1655/2/1 1654/2/1 1653/2/1
f 1653/2/1 1652/2/1 1649/2/1
f 1652/2/1 1651/2/1 1649/2/1
f 1650/2/56 1658/2/56 1657/2/56
f 1651/2/57 1659/2/57 1658/2/57
f 1652/2/58 1660/2/58 1659/2/58
f 1653/2/59 1661/2/59 1660/2/59
f 1654/2/60 1662/2/60 1661/2/60
f 1655/2/61 1663/2/61 1662/2/61
f 1656/2/62 1664/2/62 1663/2/62
f 1649/2/63 1657/2/63 1664/2/63
f 1664/2/26 1657/2/26 1658/2/26
f 1658/2/26 1659/2/26 1660/2/26
f 1660/2/26 1661/2/26 1662/2/26
f 1662/2/26 1663/2/26 1664/2/26
f 1664/2/26 1658/2/26 1660/2/26
f 1665/2/1 1672/2/1 1669/2/1
f 1672/2/1 1671/2/1 1669/2/1
f 1671/2/1 1670/2/1 1669/2/1
f 1669/2/1 1668/2/1 1665/2/1
f 1668/2/1 1667/2/1 1665/2/1
f 1666/2/56 1674/2/56 1673/2/56
f 1667/2/57 1675/2/57 1674/2/57
f 1668/2/58 1676/2/58 1675/2/58
f 1669/2/59 1677/2/59 1676/2/59
f 1670/2/60 1678/2/60 1677/2/60
f 1671/2/61 1679/2/61 1678/2/61
f 1672/2/62 1680/2/62 1679/2/62
f 1665/2/63 1673/2/63 1680/2/63
f 1680/2/26 1673/2/26 1674/2/26
f 1674/2/26 1675/2/26 1676/2/26
f 1676/2/26 1677/2/26 1678/2/26
f 1678/2/26 1679/2/26 1680/2/26
f 1680/2/26 1674/2/26 1676/2/26
f 1681/2/1 1688/2/1 1685/2/1
f 1688/2/1 1687/2/1 1685/2/1
f 1687/2/1 1686/2/1 1685/2/1
f 1685/2/1 1684/2/1 1681/2/1
f 1684/2/1 1683/2/1 1681/2/1
f 1682/2/56 1690/2/56 1689/2/56
f 1683/2/57 1691/2/57 1690/2/57
f 1684/2/58 1692/2/58 1691/2/58
f 1685/2/59 1693/2/59 1692/2/59
f 1686/2/60 1694/2/60 1693/2/60
f 1687/2/61 1695/2/61 1694/2/61
f 1688/2/62 1696/2/62 1695/2/62
f 1681/2/63 1689/2/63 1696/2/63
f 1696/2/26 1689/2/26 1690/2/26
f 1690/2/26 1691/2/26 1692/2/26
f 1692/2/26 1693/2/26 1694/2/26
f 1694/2/26 1695/2/26 1696/2/26
f 1696/2/26 1690/2/26 1692/2/26
f 1697/4/1 1704/4/1 1703/4/1
f 1703/4/1 1702/4/1 1701/4/1
f 1701/4/1 1700/4/1 1699/4/1
f 1699/4/1 1698/4/1 1697/4/1
f 1697/4/1 1703/4/1 1701/4/1
f 1698/4/56 1706/4/56 1705/4/56
f 1699/4/57 1707/4/57 1706/4/57
f 1700/4/58 1708/4/58 1707/4/58
f 1701/4/59 1709/4/59 1708/4/59
f 1702/4/60 1710/4/60 1709/4/60
f 1703/4/61 1711/4/61 1710/4/61
f 1704/4/62 1712/4/62 1711/4/62
f 1697/4/63 1705/4/63 1712/4/63
f 1712/4/26 1705/4/26 1706/4/26
f 1706/4/26 1707/4/26 1712/4/26
f 1707/4/26 1708/4/26 1712/4/26
f 1708/4/26 1709/4/26 1712/4/26
f 1709/4/26 1710/4/26 1712/4/26
f 1713/1/1 1720/1/1 1719/1/1
f 1719/1/1 1718/1/1 1717/1/1
f 1717/1/1 1716/1/1 1715/1/1
f 1715/1/1 1714/1/1 1713/1/1
f 1713/1/1 1719/1/1 1717/1/1
f 1714/1/56 1722/1/56 1721/1/56
f 1715/1/57 1723/1/57 1722/1/57
f 1716/1/58 1724/1/58 1723/1/58
f 1717/1/59 1725/1/59 1724/1/59
f 1718/1/60 1726/1/60 1725/1/60
f 1719/1/61 1727/1/61 1726/1/61
f 1720/1/62 1728/1/62 1727/1/62
f 1713/1/63 1721/1/63 1728/1/63
f 1728/1/26 1721/1/26 1722/1/26
f 1722/1/26 1723/1/26 1728/1/26
f 1723/1/26 1724/1/26 1728/1/26
f 1724/1/26 1725/1/26 1728/1/26
f 1725/1/26 1726/1/26 1728/1/26
f 1729/2/1 1736/2/1 1735/2/1
f 1735/2/1 1734/2/1 1733/2/1
f 1733/2/1 1732/2/1 1731/2/1
f 1731/2/1 1730/2/1 1729/2/1
f 1729/2/1 1735/2/1 1731/2/1
f 1730/2/56 1738/2/56 1737/2/56
f 1731/2/57 1739/2/57 1738/2/57
f 1732/2/58 1740/2/58 1739/2/58
f 1733/2/59 1741/2/59 1740/2/59
f 1734/2/60 1742/2/60 1741/2/60
f 1735/2/61 1743/2/61 1742/2/61
f 1736/2/62 1744/2/62 1743/2/62
f 1729/2/63 1737/2/63 1744/2/63
f 1744/2/26 1737/2/26 1738/2/26
f 1738/2/26 1739/2/26 1744/2/26
f 1739/2/26 1740/2/26 1744/2/26
f 1740/2/26 1741/2/26 1742/2/26
f 1742/2/26 1743/2/26 1740/2/26
f 1745/2/1 1752/2/1 1751/2/1
f 1751/2/1 1750/2/1 1749/2/1
f 1749/2/1 1748/2/1 1747/2/1
f 1747/2/1 1746/2/1 1745/2/1
f 1745/2/1 1751/2/1 1747/2/1
f 1746/2/56 1754/2/56 1753/2/56
f 1747/2/57 1755/2/57 1754/2/57
f 1748/2/58 1756/2/58 1755/2/58
f 1749/2/59 1757/2/59 1756/2/59
f 1750/2/60 1758/2/60 1757/2/60
f 1751/2/61 1759/2/61 1758/2/61
f 1752/2/62 1760/2/62 1759/2/62
f 1745/2/63 1753/2/63 1760/2/63
f 1760/2/26 1753/2/26 1754/2/26
f 1754/2/26 1755/2/26 1760/2/26
f 1755/2/26 1756/2/26 1760/2/26
f 1756/2/26 1757/2/26 1758/2/26
f 1758/2/26 1759/2/26 1756/2/26
f 1761/2/1 1768/2/1 1767/2/1
f 1767/2/1 1766/2/1 1765/2/1
f 1765/2/1 1764/2/1 1763/2/1
f 1763/2/1 1762/2/1 1761/2/1
f 1761/2/1 1767/2/1 1763/2/1
f 1762/2/56 1770/2/56 1769/2/56
f 1763/2/57 1771/2/57 1770/2/57
f 1764/2/58 1772/2/58 1771/2/58
f 1765/2/59 1773/2/59 1772/2/59
f 1766/2/60 1774/2/60 1773/2/60
f 1767/2/61 1775/2/61 1774/2/61
f 1768/2/62 1776/2/62 1775/2/62
f 1761/2/63 1769/2/63 1776/2/63
f 1776/2/26 1769/2/26 1770/2/26
f 1770/2/26 1771/2/26 1776/2/26
f 1771/2/26 1772/2/26 1776/2/26
f 1772/2/26 1773/2/26 1774/2/26
f 1774/2/26 1775/2/26 1772/2/26
f 1777/4/1 1784/4/1 1783/4/1
f 1783/4/1 1782/4/1 1781/4/1
f 1781/4/1 1780/4/1 1779/4/1
f 1779/4/1 1778/4/1 1777/4/1
f 1777/4/1 1783/4/1 1781/4/1
f 1778/4/56 1786/4/56 1785/4/56
f 1779/4/57 1787/4/57 1786/4/57
f 1780/4/58 1788/4/58 1787/4/58
f 1781/4/59 1789/4/59 1788/4/59
f 1782/4/60 1790/4/60 1789/4/60
f 1783/4/61 1791/4/61 1790/4/61
f 1784/4/62 1792/4/62 1791/4/62
f 1777/4/63 1785/4/63 1792/4/63
f 1792/4/26 1785/4/26 1786/4/26
f 1786/4/26 1787/4/26 1792/4/26
f 1787/4/26 1788/4/26 1792/4/26
f 1788/4/26 1789/4/26 1790/4/26
f 1790/4/26 1791/4/26 1788/4/26
f 1793/1/1 1800/1/1 1797/1/1
f 1800/1/1 1799/1/1 1797/1/1
f 1799/1/1 1798/1/1 1797/1/1
f 1797/1/1 1796/1/1 1795/1/1
f 1795/1/1 1794/1/1 1793/1/1
f 1794/1/56 1802/1/56 1801/1/56
f 1795/1/57 1803/1/57 1802/1/57
f 1796/1/58 1804/1/58 1803/1/58
f 1797/1/59 1805/1/59 1804/1/59
f 1798/1/60 1806/1/60 1805/1/60
f 1799/1/61 1807/1/61 1806/1/61
f 1800/1/62 1808/1/62 1807/1/62
f 1793/1/63 1801/1/63 1808/1/63
f 1808/1/26 1801/1/26 1802/1/26
f 1802/1/26 1803/1/26 1808/1/26
f 1803/1/26 1804/1/26 1808/1/26
f 1804/1/26 1805/1/26 1808/1/26
f 1805/1/26 1806/1/26 1808/1/26
f 1809/2/1 1816/2/1 1815/2/1
f 1815/2/1 1814/2/1 1813/2/1
f 1813/2/1 1812/2/1 1811/2/1
f 1811/2/1 1810/2/1 1809/2/1
f 1809/2/1 1815/2/1 1811/2/1
f 1810/2/56 1818/2/56 1817/2/56
f 1811/2/57 1819/2/57 1818/2/57
f 1812/2/58 1820/2/58 1819/2/58
f 1813/2/59 1821/2/59 1820/2/59
f 1814/2/60 1822/2/60 1821/2/60
f 1815/2/61 1823/2/61 1822/2/61
f 1816/2/62 1824/2/62 1823/2/62
f 1809/2/63 1817/2/63 1824/2/63
f 1824/2/26 1817/2/26 1818/2/26
f 1818/2/26 1819/2/26 1824/2/26
f 1819/2/26 1820/2/26 1824/2/26
f 1820/2/26 1821/2/26 1822/2/26
f 1822/2/26 1823/2/26 1820/2/26
f 1825/2/1 1832/2/1 1831/2/1
f 1831/2/1 1830/2/1 1829/2/1
f 1829/2/1 1828/2/1 1827/2/1
f 1827/2/1 1826/2/1 1825/2/1
f 1825/2/1 1831/2/1 1827/2/1
f 1826/2/56 1834/2/56 1833/2/56
f 1827/2/57 1835/2/57 1834/2/57
f 1828/2/58 1836/2/58 1835/2/58
f 1829/2/59 1837/2/59 1836/2/59
f 1830/2/60 1838/2/60 1837/2/60
f 1831/2/61 1839/2/61 1838/2/61
f 1832/2/62 1840/2/62 1839/2/62
f 1825/2/63 1833/2/63 1840/2/63
f 1840/2/26 1833/2/26 1834/2/26
f 1834/2/26 1835/2/26 1840/2/26
f 1835/2/26 1836/2/26 1840/2/26
f 1836/2/26 1837/2/26 1838/2/26
f 1838/2/26 1839/2/26 1836/2/26
f 1841/2/1 1848/2/1 1847/2/1
f 1847/2/1 1846/2/1 1845/2/1
f 1845/2/1 1844/2/1 1843/2/1
f 1843/2/1 1842/2/1 1841/2/1
f 1841/2/1 1847/2/1 1843/2/1
f 1842/2/56 1850/2/56 1849/2/56
f 1843/2/57 1851/2/57 1850/2/57
f 1844/2/58 1852/2/58 1851/2/58
f 1845/2/59 1853/2/59 1852/2/59
f 1846/2/60 1854/2/60 1853/2/60
f 1847/2/61 1855/2/61 1854/2/61
f 1848/2/62 1856/2/62 1855/2/62
f 1841/2/63 1849/2/63 1856/2/63
f 1856/2/26 1849/2/26 1850/2/26
f 1850/2/26 1851/2/26 1856/2/26
f 1851/2/26 1852/2/26 1856/2/26
f 1852/2/26 1853/2/26 1854/2/26
f 1854/2/26 1855/2/26 1852/2/26
f 1857/4/1 1864/4/1 1863/4/1
f 1863/4/1 1862/4/1 1861/4/1
f 1861/4/1 1860/4/1 1859/4/1
f 1859/4/1 1858/4/1 1857/4/1
f 1857/4/1 1863/4/1 1861/4/1
f 1858/4/56 1866/4/56 1865/4/56
f 1859/4/57 1867/4/57 1866/4/57
f 1860/4/58 1868/4/58 1867/4/58
f 1861/4/59 1869/4/59 1868/4/59
f 1862/4/60 1870/4/60 1869/4/60
f 1863/4/61 1871/4/61 1870/4/61
f 1864/4/62 1872/4/62 1871/4/62
f 1857/4/63 1865/4/63 1872/4/63
f 1872/4/26 1865/4/26 1866/4/26
f 1866/4/26 1867/4/26 1872/4/26
f 1867/4/26 1868/4/26 1872/4/26
f 1868/4/26 1869/4/26 1870/4/26
f 1870/4/26 1871/4/26 1868/4/26
f 1873/1/1 1880/1/1 1877/1/1
f 1880/1/1 1879/1/1 1877/1/1
f 1879/1/1 1878/1/1 1877/1/1
f 1877/1/1 1876/1/1 1875/1/1
f 1875/1/1 1874/1/1 1873/1/1
f 1874/1/56 1882/1/56 1881/1/56
f 1875/1/57 1883/1/57 1882/1/57
f 1876/1/58 1884/1/58 1883/1/58
f 1877/1/59 1885/1/59 1884/1/59
f 1878/1/60 1886/1/60 1885/1/60
f 1879/1/61 1887/1/61 1886/1/61
f 1880/1/62 1888/1/62 1887/1/62
f 1873/1/63 1881/1/63 1888/1/63
f 1888/1/26 1881/1/26 1882/1/26
f 1882/1/26 1883/1/26 1888/1/26
f 1883/1/26 1884/1/26 1888/1/26
f 1884/1/26 1885/1/26 1888/1/26
f 1885/1/26 1886/1/26 1888/1/26
f 1889/2/1 1896/2/1 1895/2/1
f 1895/2/1 1894/2/1 1889/2/1
f 1894/2/1 1893/2/1 1889/2/1
f 1893/2/1 1892/2/1 1889/2/1
f 1892/2/1 1891/2/1 1889/2/1
f 1890/2/56 1898/2/56 1897/2/56
f 1891/2/57 1899/2/57 1898/2/57
f 1892/2/58 1900/2/58 1899/2/58
f 1893/2/59 1901/2/59 1900/2/59
f 1894/2/60 1902/2/60 1901/2/60
f 1895/2/61 1903/2/61 1902/2/61
f 1896/2/62 1904/2/62 1903/2/62
f 1889/2/63 1897/2/63 1904/2/63
f 1904/2/26 1897/2/26 1898/2/26
f 1898/2/26 1899/2/26 1900/2/26
f 1900/2/26 1901/2/26 1902/2/26
f 1902/2/26 1903/2/26 1904/2/26
f 1904/2/26 1898/2/26 1900/2/26
f 1905/2/1 1912/2/1 1911/2/1
f 1911/2/1 1910/2/1 1905/2/1
f 1910/2/1 1909/2/1 1905/2/1
f 1909/2/1 1908/2/1 1905/2/1
f 1908/2/1 1907/2/1 1905/2/1
f 1906/2/56 1914/2/56 1913/2/56
f 1907/2/57 1915/2/57 1914/2/57
f 1908/2/58 1916/2/58 1915/2/58
f 1909/2/59 1917/2/59 1916/2/59
f 1910/2/60 1918/2/60 1917/2/60
f 1911/2/61 1919/2/61 1918/2/61
f 1912/2/62 1920/2/62 1919/2/62
f 1905/2/63 1913/2/63 1920/2/63
f 1920/2/26 1913/2/26 1914/2/26
f 1914/2/26 1915/2/26 1916/2/26
f 1916/2/26 1917/2/26 1918/2/26
f 1918/2/26 1919/2/26 1920/2/26
f 1920/2/26 1914/2/26 1916/2/26
f 1921/2/1 1928/2/1 1927/2/1
f 1927/2/1 1926/2/1 1921/2/1
f 1926/2/1 1925/2/1 1921/2/1
f 1925/2/1 1924/2/1 1921/2/1
f 1924/2/1 1923/2/1 1921/2/1
f 1922/2/56 1930/2/56 1929/2/56
f 1923/2/57 1931/2/57 1930/2/57
f 1924/2/58 1932/2/58 1931/2/58
f 1925/2/59 1933/2/59 1932/2/59
f 1926/2/60 1934/2/60 1933/2/60
f 1927/2/61 1935/2/61 1934/2/61
f 1928/2/62 1936/2/62 1935/2/62
f 1921/2/63 1929/2/63 1936/2/63
f 1936/2/26 1929/2/26 1930/2/26
f 1930/2/26 1931/2/26 1932/2/26
f 1932/2/26 1933/2/26 1934/2/26
f 1934/2/26 1935/2/26 1936/2/26
f 1936/2/26 1930/2/26 1932/2/26
f 1937/4/1 1944/4/1 1943/4/1
f 1943/4/1 1942/4/1 1941/4/1
f 1941/4/1 1940/4/1 1939/4/1
f 1939/4/1 1938/4/1 1937/4/1
f 1937/4/1 1943/4/1 1941/4/1
f 1938/4/56 1946/4/56 1945/4/56
f 1939/4/57 1947/4/57 1946/4/57
f 1940/4/58 1948/4/58 1947/4/58
f 1941/4/59 1949/4/59 1948/4/59
f 1942/4/60 1950/4/60 1949/4/60
f 1943/4/61 1951/4/61 1950/4/61
f 1944/4/62 1952/4/62 1951/4/62
f 1937/4/63 1945/4/63 1952/4/63
f 1952/4/26 1945/4/26 1948/4/26
f 1945/4/26 1946/4/26 1948/4/26
f 1946/4/26 1947/4/26 1948/4/26
f 1948/4/26 1949/4/26 1950/4/26
f 1950/4/26 1951/4/26 1948/4/26
f 1953/3/1 1960/3/1 1959/3/1
f 1959/3/1 1958/3/1 1953/3/1
f 1958/3/1 1957/3/1 1953/3/1
f 1957/3/1 1956/3/1 1955/3/1
f 1955/3/1 1954/3/1 1957/3/1
f 1954/3/2 1962/3/2 1961/3/2
f 1955/3/3 1963/3/3 1962/3/3
f 1956/3/4 1964/3/4 1963/3/4
f 1956/3/5 1957/3/5 1965/3/5
f 1958/3/6 1966/3/6 1965/3/6
f 1959/3/7 1967/3/7 1966/3/7
f 1960/3/8 1968/3/8 1967/3/8
f 1960/3/9 1953/3/9 1961/3/9
f 1962/3/10 1970/3/10 1969/3/10
f 1963/3/11 1971/3/11 1970/3/11
f 1964/3/12 1972/3/12 1971/3/12
f 1965/3/13 1973/3/13 1972/3/13
f 1966/3/14 1974/3/14 1973/3/14
f 1967/3/15 1975/3/15 1974/3/15
f 1968/3/16 1976/3/16 1975/3/16
f 1961/3/17 1969/3/17 1976/3/17
f 1970/3/18 1978/3/18 1977/3/18
f 1971/3/19 1979/3/19 1978/3/19
f 1972/3/20 1980/3/20 1979/3/20
f 1972/3/21 1973/3/21 1981/3/21
f 1973/3/22 1974/3/22 1982/3/22
f 1975/3/23 1983/3/23 1982/3/23
f 1976/3/24 1984/3/24 1983/3/24
f 1969/3/25 1977/3/25 1984/3/25
f 1984/3/26 1977/3/26 1982/3/26
f 1977/3/26 1978/3/26 1982/3/26
f 1978/3/26 1979/3/26 1980/3/26
f 1980/3/26 1981/3/26 1978/3/26
f 1981/3/26 1982/3/26 1978/3/26
f 1985/2/1 1996/2/1 1995/2/1
f 1995/2/1 1994/2/1 1993/2/1
f 1993/2/1 1992/2/1 1989/2/1
f 1992/2/1 1991/2/1 1989/2/1
f 1991/2/1 1990/2/1 1989/2/1
f 1989/2/1 1988/2/1 1987/2/1
f 1987/2/1 1986/2/1 1985/2/1
f 1985/2/1 1995/2/1 1989/2/1
f 1995/2/1 1993/2/1 1989/2/1
f 1986/2/64 1998/2/64 1997/2/64
f 1987/2/15 1999/2/15 1998/2/15
f 1988/2/65 2000/2/65 1999/2/65
f 1989/2/66 2001/2/66 2000/2/66
f 1990/2/17 2002/2/17 2001/2/17
f 1991/2/67 2003/2/67 2002/2/67
f 1992/2/68 2004/2/68 2003/2/68
f 1993/2/11 2005/2/11 2004/2/11
f 1994/2/69 2006/2/69 2005/2/69
f 1995/2/70 2007/2/70 2006/2/70
f 1996/2/13 2008/2/13 2007/2/13
f 1985/2/71 1997/2/71 2008/2/71
f 2008/2/26 1997/2/26 1998/2/26
f 1998/2/26 1999/2/26 2008/2/26
f 1999/2/26 2000/2/26 2008/2/26
f 2000/2/26 2001/2/26 2004/2/26
f 2001/2/26 2002/2/26 2004/2/26
f 2002/2/26 2003/2/26 2004/2/26
f 2004/2/26 2005/2/26 2006/2/26
f 2006/2/26 2007/2/26 2008/2/26
f 2004/2/26 2006/2/26 2000/2/26
f 2009/7/14 2018/7/14 2017/7/14
f 2017/7/14 2016/7/14 2009/7/14
f 2016/7/14 2015/7/14 2009/7/14
f 2015/7/14 2014/7/14 2011/7/14
f 2014/7/14 2013/7/14 2011/7/14
f 2013/7/14 2012/7/14 2011/7/14
f 2011/7/14 2010/7/14 2009/7/14
f 2010/7/72 2020/7/72 2019/7/72
f 2011/7/73 2021/7/73 2020/7/73
f 2012/7/16 2022/7/16 2021/7/16
f 2013/7/74 2023/7/74 2022/7/74
f 2014/7/75 2024/7/75 2023/7/75
f 2015/7/76 2025/7/76 2024/7/76
f 2016/7/77 2026/7/77 2025/7/77
f 2017/7/12 2027/7/12 2026/7/12
f 2018/7/78 2028/7/78 2027/7/78
f 2009/7/79 2019/7/79 2028/7/79
f 2028/7/10 2019/7/10 2022/7/10
f 2019/7/10 2020/7/10 2022/7/10
f 2020/7/10 2021/7/10 2022/7/10
f 2022/7/10 2023/7/10 2024/7/10
f 2024/7/10 2025/7/10 2026/7/10
f 2026/7/10 2027/7/10 2028/7/10
f 2022/7/10 2024/7/10 2028/7/10
f 2029/6/1 2036/6/1 2035/6/1
f 2035/6/1 2034/6/1 2029/6/1
f 2034/6/1 2033/6/1 2029/6/1
f 2033/6/1 2032/6/1 2031/6/1
f 2031/6/1 2030/6/1 2033/6/1
f 2030/6/2 2038/6/2 2037/6/2
f 2031/6/3 2039/6/3 2038/6/3
f 2032/6/4 2040/6/4 2039/6/4
f 2032/6/28 2033/6/28 2041/6/28
f 2034/6/6 2042/6/6 2041/6/6
f 2035/6/29 2043/6/29 2042/6/29
f 2036/6/8 2044/6/8 2043/6/8
f 2036/6/30 2029/6/30 2037/6/30
f 2038/6/10 2046/6/10 2045/6/10
f 2039/6/11 2047/6/11 2046/6/11
f 2040/6/12 2048/6/12 2047/6/12
f 2041/6/13 2049/6/13 2048/6/13
f 2042/6/14 2050/6/14 2049/6/14
f 2043/6/15 2051/6/15 2050/6/15
f 2044/6/16 2052/6/16 2051/6/16
f 2037/6/17 2045/6/17 2052/6/17
f 2046/6/18 2054/6/18 2053/6/18
f 2047/6/19 2055/6/19 2054/6/19
f 2048/6/20 2056/6/20 2055/6/20
f 2049/6/21 2057/6/21 2056/6/21
f 2049/6/22 2050/6/22 2058/6/22
f 2050/6/23 2051/6/23 2059/6/23
f 2052/6/24 2060/6/24 2059/6/24
f 2045/6/25 2053/6/25 2060/6/25
f 2060/6/26 2053/6/26 2058/6/26
f 2053/6/26 2054/6/26 2058/6/26
f 2054/6/26 2055/6/26 2056/6/26
f 2056/6/26 2057/6/26 2054/6/26
f 2057/6/26 2058/6/26 2054/6/26
