# Blender 5.2.1 LTS
# www.blender.org
mtllib heal_cart.mtl
o Body.002
v -1.240000 0.575000 1.800000
v 1.240000 0.575000 1.800000
v 1.265000 0.575000 1.775000
v 1.265000 0.575000 -1.775000
v 1.240000 0.575000 -1.800000
v -1.240000 0.575000 -1.800000
v -1.265000 0.575000 -1.775000
v -1.265000 0.575000 1.775000
v -1.265000 0.600000 1.825000
v 1.265000 0.600000 1.825000
v 1.290000 0.600000 1.800000
v 1.290000 0.600000 -1.800000
v 1.265000 0.600000 -1.825000
v -1.265000 0.600000 -1.825000
v -1.290000 0.600000 -1.800000
v -1.290000 0.600000 1.800000
v -1.265000 0.780000 1.825000
v 1.265000 0.780000 1.825000
v 1.290000 0.780000 1.800000
v 1.290000 0.780000 -1.800000
v 1.265000 0.780000 -1.825000
v -1.265000 0.780000 -1.825000
v -1.290000 0.780000 -1.800000
v -1.290000 0.780000 1.800000
v -1.240000 0.805000 1.800000
v 1.240000 0.805000 1.800000
v 1.265000 0.805000 1.775000
v 1.265000 0.805000 -1.775000
v 1.240000 0.805000 -1.800000
v -1.240000 0.805000 -1.800000
v -1.265000 0.805000 -1.775000
v -1.265000 0.805000 1.775000
v -1.065000 0.725000 0.570000
v 1.065000 0.725000 0.570000
v 1.090000 0.725000 0.545000
v 1.090000 0.725000 -1.705000
v 1.065000 0.725000 -1.730000
v -1.065000 0.725000 -1.730000
v -1.090000 0.725000 -1.705000
v -1.090000 0.725000 0.545000
v -1.090000 0.750000 0.595000
v 1.090000 0.750000 0.595000
v 1.115000 0.750000 0.570000
v 1.115000 0.750000 -1.730000
v 1.090000 0.750000 -1.755000
v -1.090000 0.750000 -1.755000
v -1.115000 0.750000 -1.730000
v -1.115000 0.750000 0.570000
v -1.090000 2.250000 0.595000
v 1.090000 2.250000 0.595000
v 1.115000 2.250000 0.570000
v 1.115000 2.250000 -1.730000
v 1.090000 2.250000 -1.755000
v -1.090000 2.250000 -1.755000
v -1.115000 2.250000 -1.730000
v -1.115000 2.250000 0.570000
v -1.065000 2.275000 0.570000
v 1.065000 2.275000 0.570000
v 1.090000 2.275000 0.545000
v 1.090000 2.275000 -1.705000
v 1.065000 2.275000 -1.730000
v -1.065000 2.275000 -1.730000
v -1.090000 2.275000 -1.705000
v -1.090000 2.275000 0.545000
v -1.116200 2.250000 0.605600
v 1.116200 2.250000 0.605600
v 1.130600 2.250000 0.591200
v 1.130600 2.250000 -1.751200
v 1.116200 2.250000 -1.765600
v -1.116200 2.250000 -1.765600
v -1.130600 2.250000 -1.751200
v -1.130600 2.250000 0.591200
v -1.130600 2.264400 0.620000
v 1.130600 2.264400 0.620000
v 1.145000 2.264400 0.605600
v 1.145000 2.264400 -1.765600
v 1.130600 2.264400 -1.780000
v -1.130600 2.264400 -1.780000
v -1.145000 2.264400 -1.765600
v -1.145000 2.264400 0.605600
v -1.130600 2.355600 0.620000
v 1.130600 2.355600 0.620000
v 1.145000 2.355600 0.605600
v 1.145000 2.355600 -1.765600
v 1.130600 2.355600 -1.780000
v -1.130600 2.355600 -1.780000
v -1.145000 2.355600 -1.765600
v -1.145000 2.355600 0.605600
v -1.116200 2.370000 0.605600
v 1.116200 2.370000 0.605600
v 1.130600 2.370000 0.591200
v 1.130600 2.370000 -1.751200
v 1.116200 2.370000 -1.765600
v -1.116200 2.370000 -1.765600
v -1.130600 2.370000 -1.751200
v -1.130600 2.370000 0.591200
v -1.100000 0.840000 0.550000
v 1.100000 0.840000 0.550000
v 1.100000 0.840000 1.630000
v -1.100000 0.840000 1.630000
v -0.960000 2.190000 0.550000
v 0.960000 2.190000 0.550000
v 0.960000 2.190000 1.060000
v -0.960000 2.190000 1.060000
v -0.986200 2.180000 1.290600
v 0.986200 2.180000 1.290600
v 1.000600 2.180000 1.276200
v 1.000600 2.180000 0.443800
v 0.986200 2.180000 0.429400
v -0.986200 2.180000 0.429400
v -1.000600 2.180000 0.443800
v -1.000600 2.180000 1.276200
v -1.000600 2.194400 1.305000
v 1.000600 2.194400 1.305000
v 1.015000 2.194400 1.290600
v 1.015000 2.194400 0.429400
v 1.000600 2.194400 0.415000
v -1.000600 2.194400 0.415000
v -1.015000 2.194400 0.429400
v -1.015000 2.194400 1.290600
v -1.000600 2.285600 1.305000
v 1.000600 2.285600 1.305000
v 1.015000 2.285600 1.290600
v 1.015000 2.285600 0.429400
v 1.000600 2.285600 0.415000
v -1.000600 2.285600 0.415000
v -1.015000 2.285600 0.429400
v -1.015000 2.285600 1.290600
v -0.986200 2.300000 1.290600
v 0.986200 2.300000 1.290600
v 1.000600 2.300000 1.276200
v 1.000600 2.300000 0.443800
v 0.986200 2.300000 0.429400
v -0.986200 2.300000 0.429400
v -1.000600 2.300000 0.443800
v -1.000600 2.300000 1.276200
v -0.070000 2.090000 1.120000
v -0.860000 2.090000 1.120000
v -0.910000 1.500000 1.380000
v -0.070000 1.500000 1.380000
v -1.033000 1.520000 0.630000
v -1.033000 1.520000 1.320000
v -0.978000 2.070000 1.100000
v -0.978000 2.070000 0.630000
v -1.152500 1.025000 1.270000
v -1.107500 1.025000 1.270000
v -1.107500 1.025000 0.610000
v -1.152500 1.025000 0.610000
v -1.152500 1.435000 1.270000
v -1.107500 1.435000 1.270000
v -1.107500 1.435000 0.610000
v -1.152500 1.435000 0.610000
v -1.197500 1.412500 0.750000
v -1.142500 1.412500 0.750000
v -1.142500 1.412500 0.570000
v -1.197500 1.412500 0.570000
v -1.197500 1.467500 0.750000
v -1.142500 1.467500 0.750000
v -1.142500 1.467500 0.570000
v -1.197500 1.467500 0.570000
v -1.000000 1.655000 1.120000
v -1.000000 1.690000 1.155000
v -1.000000 1.725000 1.120000
v -1.000000 1.690000 1.085000
v -1.350000 1.655000 1.120000
v -1.350000 1.690000 1.155000
v -1.350000 1.725000 1.120000
v -1.350000 1.690000 1.085000
v -1.400800 1.660000 1.195400
v -1.359200 1.660000 1.195400
v -1.349600 1.660000 1.185800
v -1.349600 1.660000 1.054200
v -1.359200 1.660000 1.044600
v -1.400800 1.660000 1.044600
v -1.410400 1.660000 1.054200
v -1.410400 1.660000 1.185800
v -1.410400 1.669600 1.205000
v -1.349600 1.669600 1.205000
v -1.340000 1.669600 1.195400
v -1.340000 1.669600 1.044600
v -1.349600 1.669600 1.035000
v -1.410400 1.669600 1.035000
v -1.420000 1.669600 1.044600
v -1.420000 1.669600 1.195400
v -1.410400 1.870400 1.205000
v -1.349600 1.870400 1.205000
v -1.340000 1.870400 1.195400
v -1.340000 1.870400 1.044600
v -1.349600 1.870400 1.035000
v -1.410400 1.870400 1.035000
v -1.420000 1.870400 1.044600
v -1.420000 1.870400 1.195400
v -1.400800 1.880000 1.195400
v -1.359200 1.880000 1.195400
v -1.349600 1.880000 1.185800
v -1.349600 1.880000 1.054200
v -1.359200 1.880000 1.044600
v -1.400800 1.880000 1.044600
v -1.410400 1.880000 1.054200
v -1.410400 1.880000 1.185800
v -1.142500 1.430000 -0.485000
v -1.117500 1.430000 -0.485000
v -1.117500 1.430000 -0.655000
v -1.142500 1.430000 -0.655000
v -1.142500 2.010000 -0.485000
v -1.117500 2.010000 -0.485000
v -1.117500 2.010000 -0.655000
v -1.142500 2.010000 -0.655000
v -1.162500 1.635000 -0.260000
v -1.137500 1.635000 -0.260000
v -1.137500 1.635000 -0.880000
v -1.162500 1.635000 -0.880000
v -1.162500 1.805000 -0.260000
v -1.137500 1.805000 -0.260000
v -1.137500 1.805000 -0.880000
v -1.162500 1.805000 -0.880000
v -1.406200 0.960000 -0.559400
v -1.033800 0.960000 -0.559400
v -1.019400 0.960000 -0.573800
v -1.019400 0.960000 -1.726200
v -1.033800 0.960000 -1.740600
v -1.406200 0.960000 -1.740600
v -1.420600 0.960000 -1.726200
v -1.420600 0.960000 -0.573800
v -1.420600 0.974400 -0.545000
v -1.019400 0.974400 -0.545000
v -1.005000 0.974400 -0.559400
v -1.005000 0.974400 -1.740600
v -1.019400 0.974400 -1.755000
v -1.420600 0.974400 -1.755000
v -1.435000 0.974400 -1.740600
v -1.435000 0.974400 -0.559400
v -1.420600 1.065600 -0.545000
v -1.019400 1.065600 -0.545000
v -1.005000 1.065600 -0.559400
v -1.005000 1.065600 -1.740600
v -1.019400 1.065600 -1.755000
v -1.420600 1.065600 -1.755000
v -1.435000 1.065600 -1.740600
v -1.435000 1.065600 -0.559400
v -1.406200 1.080000 -0.559400
v -1.033800 1.080000 -0.559400
v -1.019400 1.080000 -0.573800
v -1.019400 1.080000 -1.726200
v -1.033800 1.080000 -1.740600
v -1.406200 1.080000 -1.740600
v -1.420600 1.080000 -1.726200
v -1.420600 1.080000 -0.573800
v -0.920000 0.668917 -1.392803
v -0.985000 0.620000 -1.350000
v -0.920000 0.571083 -1.307197
v -0.855000 0.620000 -1.350000
v -0.920000 1.018918 -0.992803
v -0.985000 0.970000 -0.950000
v -0.920000 0.921083 -0.907197
v -0.855000 0.970000 -0.950000
v -1.406200 0.960000 1.740600
v -1.033800 0.960000 1.740600
v -1.019400 0.960000 1.726200
v -1.019400 0.960000 0.573800
v -1.033800 0.960000 0.559400
v -1.406200 0.960000 0.559400
v -1.420600 0.960000 0.573800
v -1.420600 0.960000 1.726200
v -1.420600 0.974400 1.755000
v -1.019400 0.974400 1.755000
v -1.005000 0.974400 1.740600
v -1.005000 0.974400 0.559400
v -1.019400 0.974400 0.545000
v -1.420600 0.974400 0.545000
v -1.435000 0.974400 0.559400
v -1.435000 0.974400 1.740600
v -1.420600 1.065600 1.755000
v -1.019400 1.065600 1.755000
v -1.005000 1.065600 1.740600
v -1.005000 1.065600 0.559400
v -1.019400 1.065600 0.545000
v -1.420600 1.065600 0.545000
v -1.435000 1.065600 0.559400
v -1.435000 1.065600 1.740600
v -1.406200 1.080000 1.740600
v -1.033800 1.080000 1.740600
v -1.019400 1.080000 1.726200
v -1.019400 1.080000 0.573800
v -1.033800 1.080000 0.559400
v -1.406200 1.080000 0.559400
v -1.420600 1.080000 0.573800
v -1.420600 1.080000 1.726200
v -0.920000 0.668917 0.907197
v -0.985000 0.620000 0.950000
v -0.920000 0.571083 0.992803
v -0.855000 0.620000 0.950000
v -0.920000 1.018918 1.307197
v -0.985000 0.970000 1.350000
v -0.920000 0.921083 1.392803
v -0.855000 0.970000 1.350000
v -1.286000 0.780000 0.368000
v -1.034000 0.780000 0.368000
v -1.022000 0.780000 0.356000
v -1.022000 0.780000 -0.296000
v -1.034000 0.780000 -0.308000
v -1.286000 0.780000 -0.308000
v -1.298000 0.780000 -0.296000
v -1.298000 0.780000 0.356000
v -1.298000 0.792000 0.380000
v -1.022000 0.792000 0.380000
v -1.010000 0.792000 0.368000
v -1.010000 0.792000 -0.308000
v -1.022000 0.792000 -0.320000
v -1.298000 0.792000 -0.320000
v -1.310000 0.792000 -0.308000
v -1.310000 0.792000 0.368000
v -1.298000 0.868000 0.380000
v -1.022000 0.868000 0.380000
v -1.010000 0.868000 0.368000
v -1.010000 0.868000 -0.308000
v -1.022000 0.868000 -0.320000
v -1.298000 0.868000 -0.320000
v -1.310000 0.868000 -0.308000
v -1.310000 0.868000 0.368000
v -1.286000 0.880000 0.368000
v -1.034000 0.880000 0.368000
v -1.022000 0.880000 0.356000
v -1.022000 0.880000 -0.296000
v -1.034000 0.880000 -0.308000
v -1.286000 0.880000 -0.308000
v -1.298000 0.880000 -0.296000
v -1.298000 0.880000 0.356000
v -0.980000 0.945000 1.870000
v -0.700000 0.945000 1.870000
v -0.700000 0.945000 1.810000
v -0.980000 0.945000 1.810000
v -0.980000 1.175000 1.870000
v -0.700000 1.175000 1.870000
v -0.700000 1.175000 1.810000
v -0.980000 1.175000 1.810000
v -0.945000 0.990000 1.900500
v -0.735000 0.990000 1.900500
v -0.735000 0.990000 1.865500
v -0.945000 0.990000 1.865500
v -0.945000 1.150000 1.900500
v -0.735000 1.150000 1.900500
v -0.735000 1.150000 1.865500
v -0.945000 1.150000 1.865500
v -0.929400 0.965000 -1.775300
v -0.790600 0.965000 -1.775300
v -0.782800 0.965000 -1.783100
v -0.782800 0.965000 -1.816900
v -0.790600 0.965000 -1.824700
v -0.929400 0.965000 -1.824700
v -0.937200 0.965000 -1.816900
v -0.937200 0.965000 -1.783100
v -0.937200 0.972800 -1.767500
v -0.782800 0.972800 -1.767500
v -0.775000 0.972800 -1.775300
v -0.775000 0.972800 -1.824700
v -0.782800 0.972800 -1.832500
v -0.937200 0.972800 -1.832500
v -0.945000 0.972800 -1.824700
v -0.945000 0.972800 -1.775300
v -0.937200 1.227200 -1.767500
v -0.782800 1.227200 -1.767500
v -0.775000 1.227200 -1.775300
v -0.775000 1.227200 -1.824700
v -0.782800 1.227200 -1.832500
v -0.937200 1.227200 -1.832500
v -0.945000 1.227200 -1.824700
v -0.945000 1.227200 -1.775300
v -0.929400 1.235000 -1.775300
v -0.790600 1.235000 -1.775300
v -0.782800 1.235000 -1.783100
v -0.782800 1.235000 -1.816900
v -0.790600 1.235000 -1.824700
v -0.929400 1.235000 -1.824700
v -0.937200 1.235000 -1.816900
v -0.937200 1.235000 -1.783100
v -0.905000 1.030000 -1.752500
v -0.055000 1.030000 -1.752500
v -0.055000 1.030000 -1.807500
v -0.905000 1.030000 -1.807500
v -0.905000 2.130000 -1.752500
v -0.055000 2.130000 -1.752500
v -0.055000 2.130000 -1.807500
v -0.905000 2.130000 -1.807500
v -0.985000 1.212500 -1.787500
v -0.835000 1.212500 -1.787500
v -0.835000 1.212500 -1.852500
v -0.985000 1.212500 -1.852500
v -0.985000 1.267500 -1.787500
v -0.835000 1.267500 -1.787500
v -0.835000 1.267500 -1.852500
v -0.985000 1.267500 -1.852500
v -0.985000 1.922500 -1.787500
v -0.835000 1.922500 -1.787500
v -0.835000 1.922500 -1.852500
v -0.985000 1.922500 -1.852500
v -0.985000 1.977500 -1.787500
v -0.835000 1.977500 -1.787500
v -0.835000 1.977500 -1.852500
v -0.985000 1.977500 -1.852500
v -0.122500 1.535000 -1.812500
v -0.077500 1.535000 -1.812500
v -0.077500 1.535000 -1.847500
v -0.122500 1.535000 -1.847500
v -0.122500 1.705000 -1.812500
v -0.077500 1.705000 -1.812500
v -0.077500 1.705000 -1.847500
v -0.122500 1.705000 -1.847500
v 0.070000 1.500000 1.380000
v 0.910000 1.500000 1.380000
v 0.860000 2.090000 1.120000
v 0.070000 2.090000 1.120000
v 0.978000 2.070000 0.630000
v 0.978000 2.070000 1.100000
v 1.033000 1.520000 1.320000
v 1.033000 1.520000 0.630000
v 1.107500 1.025000 1.270000
v 1.152500 1.025000 1.270000
v 1.152500 1.025000 0.610000
v 1.107500 1.025000 0.610000
v 1.107500 1.435000 1.270000
v 1.152500 1.435000 1.270000
v 1.152500 1.435000 0.610000
v 1.107500 1.435000 0.610000
v 1.142500 1.412500 0.750000
v 1.197500 1.412500 0.750000
v 1.197500 1.412500 0.570000
v 1.142500 1.412500 0.570000
v 1.142500 1.467500 0.750000
v 1.197500 1.467500 0.750000
v 1.197500 1.467500 0.570000
v 1.142500 1.467500 0.570000
v 1.000000 1.725000 1.120000
v 1.000000 1.690000 1.155000
v 1.000000 1.655000 1.120000
v 1.000000 1.690000 1.085000
v 1.350000 1.725000 1.120000
v 1.350000 1.690000 1.155000
v 1.350000 1.655000 1.120000
v 1.350000 1.690000 1.085000
v 1.359200 1.660000 1.195400
v 1.400800 1.660000 1.195400
v 1.410400 1.660000 1.185800
v 1.410400 1.660000 1.054200
v 1.400800 1.660000 1.044600
v 1.359200 1.660000 1.044600
v 1.349600 1.660000 1.054200
v 1.349600 1.660000 1.185800
v 1.349600 1.669600 1.205000
v 1.410400 1.669600 1.205000
v 1.420000 1.669600 1.195400
v 1.420000 1.669600 1.044600
v 1.410400 1.669600 1.035000
v 1.349600 1.669600 1.035000
v 1.340000 1.669600 1.044600
v 1.340000 1.669600 1.195400
v 1.349600 1.870400 1.205000
v 1.410400 1.870400 1.205000
v 1.420000 1.870400 1.195400
v 1.420000 1.870400 1.044600
v 1.410400 1.870400 1.035000
v 1.349600 1.870400 1.035000
v 1.340000 1.870400 1.044600
v 1.340000 1.870400 1.195400
v 1.359200 1.880000 1.195400
v 1.400800 1.880000 1.195400
v 1.410400 1.880000 1.185800
v 1.410400 1.880000 1.054200
v 1.400800 1.880000 1.044600
v 1.359200 1.880000 1.044600
v 1.349600 1.880000 1.054200
v 1.349600 1.880000 1.185800
v 1.117500 1.430000 -0.485000
v 1.142500 1.430000 -0.485000
v 1.142500 1.430000 -0.655000
v 1.117500 1.430000 -0.655000
v 1.117500 2.010000 -0.485000
v 1.142500 2.010000 -0.485000
v 1.142500 2.010000 -0.655000
v 1.117500 2.010000 -0.655000
v 1.137500 1.635000 -0.260000
v 1.162500 1.635000 -0.260000
v 1.162500 1.635000 -0.880000
v 1.137500 1.635000 -0.880000
v 1.137500 1.805000 -0.260000
v 1.162500 1.805000 -0.260000
v 1.162500 1.805000 -0.880000
v 1.137500 1.805000 -0.880000
v 1.033800 0.960000 -0.559400
v 1.406200 0.960000 -0.559400
v 1.420600 0.960000 -0.573800
v 1.420600 0.960000 -1.726200
v 1.406200 0.960000 -1.740600
v 1.033800 0.960000 -1.740600
v 1.019400 0.960000 -1.726200
v 1.019400 0.960000 -0.573800
v 1.019400 0.974400 -0.545000
v 1.420600 0.974400 -0.545000
v 1.435000 0.974400 -0.559400
v 1.435000 0.974400 -1.740600
v 1.420600 0.974400 -1.755000
v 1.019400 0.974400 -1.755000
v 1.005000 0.974400 -1.740600
v 1.005000 0.974400 -0.559400
v 1.019400 1.065600 -0.545000
v 1.420600 1.065600 -0.545000
v 1.435000 1.065600 -0.559400
v 1.435000 1.065600 -1.740600
v 1.420600 1.065600 -1.755000
v 1.019400 1.065600 -1.755000
v 1.005000 1.065600 -1.740600
v 1.005000 1.065600 -0.559400
v 1.033800 1.080000 -0.559400
v 1.406200 1.080000 -0.559400
v 1.420600 1.080000 -0.573800
v 1.420600 1.080000 -1.726200
v 1.406200 1.080000 -1.740600
v 1.033800 1.080000 -1.740600
v 1.019400 1.080000 -1.726200
v 1.019400 1.080000 -0.573800
v 0.920000 0.668917 -1.392803
v 0.855000 0.620000 -1.350000
v 0.920000 0.571083 -1.307197
v 0.985000 0.620000 -1.350000
v 0.920000 1.018918 -0.992803
v 0.855000 0.970000 -0.950000
v 0.920000 0.921083 -0.907197
v 0.985000 0.970000 -0.950000
v 1.033800 0.960000 1.740600
v 1.406200 0.960000 1.740600
v 1.420600 0.960000 1.726200
v 1.420600 0.960000 0.573800
v 1.406200 0.960000 0.559400
v 1.033800 0.960000 0.559400
v 1.019400 0.960000 0.573800
v 1.019400 0.960000 1.726200
v 1.019400 0.974400 1.755000
v 1.420600 0.974400 1.755000
v 1.435000 0.974400 1.740600
v 1.435000 0.974400 0.559400
v 1.420600 0.974400 0.545000
v 1.019400 0.974400 0.545000
v 1.005000 0.974400 0.559400
v 1.005000 0.974400 1.740600
v 1.019400 1.065600 1.755000
v 1.420600 1.065600 1.755000
v 1.435000 1.065600 1.740600
v 1.435000 1.065600 0.559400
v 1.420600 1.065600 0.545000
v 1.019400 1.065600 0.545000
v 1.005000 1.065600 0.559400
v 1.005000 1.065600 1.740600
v 1.033800 1.080000 1.740600
v 1.406200 1.080000 1.740600
v 1.420600 1.080000 1.726200
v 1.420600 1.080000 0.573800
v 1.406200 1.080000 0.559400
v 1.033800 1.080000 0.559400
v 1.019400 1.080000 0.573800
v 1.019400 1.080000 1.726200
v 0.920000 0.668917 0.907197
v 0.855000 0.620000 0.950000
v 0.920000 0.571083 0.992803
v 0.985000 0.620000 0.950000
v 0.920000 1.018918 1.307197
v 0.855000 0.970000 1.350000
v 0.920000 0.921083 1.392803
v 0.985000 0.970000 1.350000
v 1.034000 0.780000 0.368000
v 1.286000 0.780000 0.368000
v 1.298000 0.780000 0.356000
v 1.298000 0.780000 -0.296000
v 1.286000 0.780000 -0.308000
v 1.034000 0.780000 -0.308000
v 1.022000 0.780000 -0.296000
v 1.022000 0.780000 0.356000
v 1.022000 0.792000 0.380000
v 1.298000 0.792000 0.380000
v 1.310000 0.792000 0.368000
v 1.310000 0.792000 -0.308000
v 1.298000 0.792000 -0.320000
v 1.022000 0.792000 -0.320000
v 1.010000 0.792000 -0.308000
v 1.010000 0.792000 0.368000
v 1.022000 0.868000 0.380000
v 1.298000 0.868000 0.380000
v 1.310000 0.868000 0.368000
v 1.310000 0.868000 -0.308000
v 1.298000 0.868000 -0.320000
v 1.022000 0.868000 -0.320000
v 1.010000 0.868000 -0.308000
v 1.010000 0.868000 0.368000
v 1.034000 0.880000 0.368000
v 1.286000 0.880000 0.368000
v 1.298000 0.880000 0.356000
v 1.298000 0.880000 -0.296000
v 1.286000 0.880000 -0.308000
v 1.034000 0.880000 -0.308000
v 1.022000 0.880000 -0.296000
v 1.022000 0.880000 0.356000
v 0.700000 0.945000 1.870000
v 0.980000 0.945000 1.870000
v 0.980000 0.945000 1.810000
v 0.700000 0.945000 1.810000
v 0.700000 1.175000 1.870000
v 0.980000 1.175000 1.870000
v 0.980000 1.175000 1.810000
v 0.700000 1.175000 1.810000
v 0.735000 0.990000 1.900500
v 0.945000 0.990000 1.900500
v 0.945000 0.990000 1.865500
v 0.735000 0.990000 1.865500
v 0.735000 1.150000 1.900500
v 0.945000 1.150000 1.900500
v 0.945000 1.150000 1.865500
v 0.735000 1.150000 1.865500
v 0.790600 0.965000 -1.775300
v 0.929400 0.965000 -1.775300
v 0.937200 0.965000 -1.783100
v 0.937200 0.965000 -1.816900
v 0.929400 0.965000 -1.824700
v 0.790600 0.965000 -1.824700
v 0.782800 0.965000 -1.816900
v 0.782800 0.965000 -1.783100
v 0.782800 0.972800 -1.767500
v 0.937200 0.972800 -1.767500
v 0.945000 0.972800 -1.775300
v 0.945000 0.972800 -1.824700
v 0.937200 0.972800 -1.832500
v 0.782800 0.972800 -1.832500
v 0.775000 0.972800 -1.824700
v 0.775000 0.972800 -1.775300
v 0.782800 1.227200 -1.767500
v 0.937200 1.227200 -1.767500
v 0.945000 1.227200 -1.775300
v 0.945000 1.227200 -1.824700
v 0.937200 1.227200 -1.832500
v 0.782800 1.227200 -1.832500
v 0.775000 1.227200 -1.824700
v 0.775000 1.227200 -1.775300
v 0.790600 1.235000 -1.775300
v 0.929400 1.235000 -1.775300
v 0.937200 1.235000 -1.783100
v 0.937200 1.235000 -1.816900
v 0.929400 1.235000 -1.824700
v 0.790600 1.235000 -1.824700
v 0.782800 1.235000 -1.816900
v 0.782800 1.235000 -1.783100
v 0.055000 1.030000 -1.752500
v 0.905000 1.030000 -1.752500
v 0.905000 1.030000 -1.807500
v 0.055000 1.030000 -1.807500
v 0.055000 2.130000 -1.752500
v 0.905000 2.130000 -1.752500
v 0.905000 2.130000 -1.807500
v 0.055000 2.130000 -1.807500
v 0.835000 1.212500 -1.787500
v 0.985000 1.212500 -1.787500
v 0.985000 1.212500 -1.852500
v 0.835000 1.212500 -1.852500
v 0.835000 1.267500 -1.787500
v 0.985000 1.267500 -1.787500
v 0.985000 1.267500 -1.852500
v 0.835000 1.267500 -1.852500
v 0.835000 1.922500 -1.787500
v 0.985000 1.922500 -1.787500
v 0.985000 1.922500 -1.852500
v 0.835000 1.922500 -1.852500
v 0.835000 1.977500 -1.787500
v 0.985000 1.977500 -1.787500
v 0.985000 1.977500 -1.852500
v 0.835000 1.977500 -1.852500
v 0.077500 1.535000 -1.812500
v 0.122500 1.535000 -1.812500
v 0.122500 1.535000 -1.847500
v 0.077500 1.535000 -1.847500
v 0.077500 1.705000 -1.812500
v 0.122500 1.705000 -1.812500
v 0.122500 1.705000 -1.847500
v 0.077500 1.705000 -1.847500
v -1.177000 0.730000 1.996000
v 1.177000 0.730000 1.996000
v 1.201000 0.730000 1.972000
v 1.201000 0.730000 1.868000
v 1.177000 0.730000 1.844000
v -1.177000 0.730000 1.844000
v -1.201000 0.730000 1.868000
v -1.201000 0.730000 1.972000
v -1.201000 0.754000 2.020000
v 1.201000 0.754000 2.020000
v 1.225000 0.754000 1.996000
v 1.225000 0.754000 1.844000
v 1.201000 0.754000 1.820000
v -1.201000 0.754000 1.820000
v -1.225000 0.754000 1.844000
v -1.225000 0.754000 1.996000
v -1.201000 0.906000 2.020000
v 1.201000 0.906000 2.020000
v 1.225000 0.906000 1.996000
v 1.225000 0.906000 1.844000
v 1.201000 0.906000 1.820000
v -1.201000 0.906000 1.820000
v -1.225000 0.906000 1.844000
v -1.225000 0.906000 1.996000
v -1.177000 0.930000 1.996000
v 1.177000 0.930000 1.996000
v 1.201000 0.930000 1.972000
v 1.201000 0.930000 1.868000
v 1.177000 0.930000 1.844000
v -1.177000 0.930000 1.844000
v -1.201000 0.930000 1.868000
v -1.201000 0.930000 1.972000
v -0.543400 0.925000 1.834200
v 0.543400 0.925000 1.834200
v 0.554200 0.925000 1.823400
v 0.554200 0.925000 1.776600
v 0.543400 0.925000 1.765800
v -0.543400 0.925000 1.765800
v -0.554200 0.925000 1.776600
v -0.554200 0.925000 1.823400
v -0.554200 0.935800 1.845000
v 0.554200 0.935800 1.845000
v 0.565000 0.935800 1.834200
v 0.565000 0.935800 1.765800
v 0.554200 0.935800 1.755000
v -0.554200 0.935800 1.755000
v -0.565000 0.935800 1.765800
v -0.565000 0.935800 1.834200
v -0.554200 1.264200 1.845000
v 0.554200 1.264200 1.845000
v 0.565000 1.264200 1.834200
v 0.565000 1.264200 1.765800
v 0.554200 1.264200 1.755000
v -0.554200 1.264200 1.755000
v -0.565000 1.264200 1.765800
v -0.565000 1.264200 1.834200
v -0.543400 1.275000 1.834200
v 0.543400 1.275000 1.834200
v 0.554200 1.275000 1.823400
v 0.554200 1.275000 1.776600
v 0.543400 1.275000 1.765800
v -0.543400 1.275000 1.765800
v -0.554200 1.275000 1.776600
v -0.554200 1.275000 1.823400
v -0.462500 0.970000 1.875000
v -0.417500 0.970000 1.875000
v -0.417500 0.970000 1.845000
v -0.462500 0.970000 1.845000
v -0.462500 1.230000 1.875000
v -0.417500 1.230000 1.875000
v -0.417500 1.230000 1.845000
v -0.462500 1.230000 1.845000
v -0.242500 0.970000 1.875000
v -0.197500 0.970000 1.875000
v -0.197500 0.970000 1.845000
v -0.242500 0.970000 1.845000
v -0.242500 1.230000 1.875000
v -0.197500 1.230000 1.875000
v -0.197500 1.230000 1.845000
v -0.242500 1.230000 1.845000
v -0.022500 0.970000 1.875000
v 0.022500 0.970000 1.875000
v 0.022500 0.970000 1.845000
v -0.022500 0.970000 1.845000
v -0.022500 1.230000 1.875000
v 0.022500 1.230000 1.875000
v 0.022500 1.230000 1.845000
v -0.022500 1.230000 1.845000
v 0.197500 0.970000 1.875000
v 0.242500 0.970000 1.875000
v 0.242500 0.970000 1.845000
v 0.197500 0.970000 1.845000
v 0.197500 1.230000 1.875000
v 0.242500 1.230000 1.875000
v 0.242500 1.230000 1.845000
v 0.197500 1.230000 1.845000
v 0.417500 0.970000 1.875000
v 0.462500 0.970000 1.875000
v 0.462500 0.970000 1.845000
v 0.417500 0.970000 1.845000
v 0.417500 1.230000 1.875000
v 0.462500 1.230000 1.875000
v 0.462500 1.230000 1.845000
v 0.417500 1.230000 1.845000
v -0.588200 2.305000 0.911600
v 0.588200 2.305000 0.911600
v 0.596600 2.305000 0.903200
v 0.596600 2.305000 0.656800
v 0.588200 2.305000 0.648400
v -0.588200 2.305000 0.648400
v -0.596600 2.305000 0.656800
v -0.596600 2.305000 0.903200
v -0.596600 2.313400 0.920000
v 0.596600 2.313400 0.920000
v 0.605000 2.313400 0.911600
v 0.605000 2.313400 0.648400
v 0.596600 2.313400 0.640000
v -0.596600 2.313400 0.640000
v -0.605000 2.313400 0.648400
v -0.605000 2.313400 0.911600
v -0.596600 2.366600 0.920000
v 0.596600 2.366600 0.920000
v 0.605000 2.366600 0.911600
v 0.605000 2.366600 0.648400
v 0.596600 2.366600 0.640000
v -0.596600 2.366600 0.640000
v -0.605000 2.366600 0.648400
v -0.605000 2.366600 0.911600
v -0.588200 2.375000 0.911600
v 0.588200 2.375000 0.911600
v 0.596600 2.375000 0.903200
v 0.596600 2.375000 0.656800
v 0.588200 2.375000 0.648400
v -0.588200 2.375000 0.648400
v -0.596600 2.375000 0.656800
v -0.596600 2.375000 0.903200
v -0.440000 2.360000 0.650000
v -0.505000 2.360000 0.667417
v -0.552583 2.360000 0.715000
v -0.570000 2.360000 0.780000
v -0.552583 2.360000 0.845000
v -0.505000 2.360000 0.892583
v -0.440000 2.360000 0.910000
v -0.375000 2.360000 0.892583
v -0.327417 2.360000 0.845000
v -0.310000 2.360000 0.780000
v -0.327417 2.360000 0.715000
v -0.375000 2.360000 0.667417
v -0.440000 2.540000 0.650000
v -0.505000 2.540000 0.667417
v -0.552583 2.540000 0.715000
v -0.570000 2.540000 0.780000
v -0.552583 2.540000 0.845000
v -0.505000 2.540000 0.892583
v -0.440000 2.540000 0.910000
v -0.375000 2.540000 0.892583
v -0.327417 2.540000 0.845000
v -0.310000 2.540000 0.780000
v -0.327417 2.540000 0.715000
v -0.375000 2.540000 0.667417
v -0.440000 2.545000 0.690000
v -0.485000 2.545000 0.702058
v -0.517942 2.545000 0.735000
v -0.530000 2.545000 0.780000
v -0.517942 2.545000 0.825000
v -0.485000 2.545000 0.857942
v -0.440000 2.545000 0.870000
v -0.395000 2.545000 0.857942
v -0.362058 2.545000 0.825000
v -0.350000 2.545000 0.780000
v -0.362058 2.545000 0.735000
v -0.395000 2.545000 0.702058
v -0.440000 2.575000 0.690000
v -0.485000 2.575000 0.702058
v -0.517942 2.575000 0.735000
v -0.530000 2.575000 0.780000
v -0.517942 2.575000 0.825000
v -0.485000 2.575000 0.857942
v -0.440000 2.575000 0.870000
v -0.395000 2.575000 0.857942
v -0.362058 2.575000 0.825000
v -0.350000 2.575000 0.780000
v -0.362058 2.575000 0.735000
v -0.395000 2.575000 0.702058
v 0.440000 2.360000 0.650000
v 0.375000 2.360000 0.667417
v 0.327417 2.360000 0.715000
v 0.310000 2.360000 0.780000
v 0.327417 2.360000 0.845000
v 0.375000 2.360000 0.892583
v 0.440000 2.360000 0.910000
v 0.505000 2.360000 0.892583
v 0.552583 2.360000 0.845000
v 0.570000 2.360000 0.780000
v 0.552583 2.360000 0.715000
v 0.505000 2.360000 0.667417
v 0.440000 2.540000 0.650000
v 0.375000 2.540000 0.667417
v 0.327417 2.540000 0.715000
v 0.310000 2.540000 0.780000
v 0.327417 2.540000 0.845000
v 0.375000 2.540000 0.892583
v 0.440000 2.540000 0.910000
v 0.505000 2.540000 0.892583
v 0.552583 2.540000 0.845000
v 0.570000 2.540000 0.780000
v 0.552583 2.540000 0.715000
v 0.505000 2.540000 0.667417
v 0.440000 2.545000 0.690000
v 0.395000 2.545000 0.702058
v 0.362058 2.545000 0.735000
v 0.350000 2.545000 0.780000
v 0.362058 2.545000 0.825000
v 0.395000 2.545000 0.857942
v 0.440000 2.545000 0.870000
v 0.485000 2.545000 0.857942
v 0.517942 2.545000 0.825000
v 0.530000 2.545000 0.780000
v 0.517942 2.545000 0.735000
v 0.485000 2.545000 0.702058
v 0.440000 2.575000 0.690000
v 0.395000 2.575000 0.702058
v 0.362058 2.575000 0.735000
v 0.350000 2.575000 0.780000
v 0.362058 2.575000 0.825000
v 0.395000 2.575000 0.857942
v 0.440000 2.575000 0.870000
v 0.485000 2.575000 0.857942
v 0.517942 2.575000 0.825000
v 0.530000 2.575000 0.780000
v 0.517942 2.575000 0.735000
v 0.485000 2.575000 0.702058
vn -0.0000 -1.0000 -0.0000
vn -0.0000 -0.7071 0.7071
vn 0.4083 -0.8165 0.4082
vn 0.7071 -0.7071 -0.0000
vn 0.4082 -0.8165 -0.4082
vn -0.0000 -0.7071 -0.7071
vn -0.4083 -0.8165 -0.4082
vn -0.7071 -0.7071 -0.0000
vn -0.4082 -0.8165 0.4082
vn -0.0000 -0.0000 1.0000
vn 0.7071 -0.0000 0.7071
vn 1.0000 -0.0000 -0.0000
vn 0.7071 -0.0000 -0.7071
vn -0.0000 -0.0000 -1.0000
vn -0.7071 -0.0000 -0.7071
vn -1.0000 -0.0000 -0.0000
vn -0.7071 -0.0000 0.7071
vn -0.0000 0.7071 0.7071
vn 0.4083 0.8165 0.4082
vn 0.7071 0.7071 -0.0000
vn 0.4082 0.8165 -0.4082
vn -0.0000 0.7071 -0.7071
vn -0.4083 0.8165 -0.4082
vn -0.7071 0.7071 -0.0000
vn -0.4082 0.8165 0.4082
vn -0.0000 1.0000 -0.0000
vn 0.4082 -0.8165 0.4082
vn -0.4082 -0.8165 -0.4082
vn -0.4082 0.8165 -0.4082
vn -0.4083 0.8165 0.4082
vn 0.4082 -0.8165 0.4083
vn 0.4083 -0.8165 -0.4082
vn -0.4082 -0.8165 -0.4083
vn -0.4083 -0.8165 0.4082
vn 0.4082 0.8165 0.4082
vn 0.4082 0.8165 -0.4083
vn 0.9947 0.1032 -0.0000
vn -0.0000 0.3890 0.9212
vn -0.9947 0.1032 -0.0000
vn -0.4082 0.8165 -0.4083
vn -0.4082 0.8165 0.4083
vn -0.0000 0.4033 0.9151
vn 0.9950 -0.0995 -0.0000
vn 0.4082 -0.8165 -0.4083
vn -0.4082 -0.8165 0.4083
vn 0.4083 0.8165 -0.4082
vn -0.0000 -0.6585 -0.7526
vn -0.7071 0.5322 -0.4656
vn -0.7071 -0.5322 0.4656
vn 0.7071 -0.5322 0.4656
vn 0.7071 0.5322 -0.4656
vn -0.0000 0.6585 0.7526
vn 0.4083 -0.8165 -0.4083
vn -0.4083 -0.8165 -0.4083
vn -0.0000 -0.4033 -0.9151
vn -0.9950 -0.0995 -0.0000
vn 0.4083 -0.8165 0.4083
vn 0.4083 0.8165 0.4083
vn -0.4083 0.8165 -0.4083
vn -0.4083 -0.8165 0.4083
vn 0.4083 0.8165 -0.4083
vn -0.4083 0.8165 0.4083
vn -0.2588 -0.0000 -0.9659
vn -0.9659 -0.0000 -0.2588
vn -0.9659 -0.0000 0.2588
vn -0.2588 -0.0000 0.9659
vn 0.2588 -0.0000 0.9659
vn 0.9659 -0.0000 0.2588
vn 0.9659 -0.0000 -0.2588
vn 0.2588 -0.0000 -0.9659
vn 0.4082 0.8165 0.4083
vt 0.625000 0.125000
vt 0.125000 0.125000
vt 0.375000 0.125000
vt 0.625000 0.375000
vt 0.125000 0.625000
vt 0.875000 0.125000
vt 0.875000 0.875000
vt 0.375000 0.625000
vt 0.625000 0.625000
vt 0.625000 0.875000
s 0
usemtl Field_Palette
f 3/1/1 2/1/1 1/1/1
f 2/1/2 9/1/2 1/1/2
f 2/1/3 11/1/3 10/1/3
f 3/1/4 12/1/4 11/1/4
f 5/1/5 12/1/5 4/1/5
f 6/1/6 13/1/6 5/1/6
f 6/1/7 15/1/7 14/1/7
f 7/1/8 16/1/8 15/1/8
f 1/1/9 16/1/9 8/1/9
f 10/1/10 17/1/10 9/1/10
f 11/1/11 18/1/11 10/1/11
f 12/1/12 19/1/12 11/1/12
f 13/1/13 20/1/13 12/1/13
f 14/1/14 21/1/14 13/1/14
f 15/1/15 22/1/15 14/1/15
f 16/1/16 23/1/16 15/1/16
f 9/1/17 24/1/17 16/1/17
f 18/1/18 25/1/18 17/1/18
f 19/1/19 26/1/19 18/1/19
f 20/1/20 27/1/20 19/1/20
f 20/1/21 29/1/21 28/1/21
f 22/1/22 29/1/22 21/1/22
f 23/1/23 30/1/23 22/1/23
f 24/1/24 31/1/24 23/1/24
f 24/1/25 25/1/25 32/1/25
f 31/1/26 32/1/26 28/1/26
f 35/2/1 34/2/1 33/2/1
f 33/2/2 42/2/2 41/2/2
f 34/2/27 43/2/27 42/2/27
f 35/2/4 44/2/4 43/2/4
f 37/2/5 44/2/5 36/2/5
f 37/2/6 46/2/6 45/2/6
f 39/2/28 46/2/28 38/2/28
f 39/2/8 48/2/8 47/2/8
f 33/2/9 48/2/9 40/2/9
f 42/2/10 49/2/10 41/2/10
f 43/2/11 50/2/11 42/2/11
f 44/2/12 51/2/12 43/2/12
f 45/2/13 52/2/13 44/2/13
f 46/2/14 53/2/14 45/2/14
f 47/2/15 54/2/15 46/2/15
f 48/2/16 55/2/16 47/2/16
f 41/2/17 56/2/17 48/2/17
f 49/2/18 58/2/18 57/2/18
f 51/2/19 58/2/19 50/2/19
f 52/2/20 59/2/20 51/2/20
f 53/2/21 60/2/21 52/2/21
f 54/2/22 61/2/22 53/2/22
f 55/2/29 62/2/29 54/2/29
f 56/2/24 63/2/24 55/2/24
f 56/2/30 57/2/30 64/2/30
f 63/2/26 64/2/26 60/2/26
f 67/3/1 66/3/1 65/3/1
f 66/3/2 73/3/2 65/3/2
f 67/3/31 74/3/31 66/3/31
f 68/3/4 75/3/4 67/3/4
f 68/3/32 77/3/32 76/3/32
f 70/3/6 77/3/6 69/3/6
f 71/3/33 78/3/33 70/3/33
f 72/3/8 79/3/8 71/3/8
f 72/3/34 73/3/34 80/3/34
f 74/3/10 81/3/10 73/3/10
f 75/3/11 82/3/11 74/3/11
f 76/3/12 83/3/12 75/3/12
f 77/3/13 84/3/13 76/3/13
f 78/3/14 85/3/14 77/3/14
f 79/3/15 86/3/15 78/3/15
f 80/3/16 87/3/16 79/3/16
f 73/3/17 88/3/17 80/3/17
f 82/3/18 89/3/18 81/3/18
f 82/3/35 91/3/35 90/3/35
f 84/3/20 91/3/20 83/3/20
f 84/3/36 93/3/36 92/3/36
f 86/3/22 93/3/22 85/3/22
f 87/3/23 94/3/23 86/3/23
f 88/3/24 95/3/24 87/3/24
f 81/3/30 96/3/30 88/3/30
f 95/3/26 96/3/26 92/3/26
f 97/2/1 99/2/1 100/2/1
f 101/2/14 98/2/14 97/2/14
f 98/2/37 103/2/37 99/2/37
f 103/2/38 100/2/38 99/2/38
f 104/2/39 97/2/39 100/2/39
f 104/2/26 102/2/26 101/2/26
f 106/3/1 105/3/1 109/3/1
f 106/3/2 113/3/2 105/3/2
f 106/3/27 115/3/27 114/3/27
f 108/3/4 115/3/4 107/3/4
f 108/3/5 117/3/5 116/3/5
f 110/3/6 117/3/6 109/3/6
f 111/3/7 118/3/7 110/3/7
f 111/3/8 120/3/8 119/3/8
f 105/3/34 120/3/34 112/3/34
f 114/3/10 121/3/10 113/3/10
f 115/3/11 122/3/11 114/3/11
f 116/3/12 123/3/12 115/3/12
f 117/3/13 124/3/13 116/3/13
f 118/3/14 125/3/14 117/3/14
f 119/3/15 126/3/15 118/3/15
f 120/3/16 127/3/16 119/3/16
f 113/3/17 128/3/17 120/3/17
f 122/3/18 129/3/18 121/3/18
f 122/3/19 131/3/19 130/3/19
f 123/3/20 132/3/20 131/3/20
f 125/3/21 132/3/21 124/3/21
f 126/3/22 133/3/22 125/3/22
f 126/3/40 135/3/40 134/3/40
f 128/3/24 135/3/24 127/3/24
f 121/3/41 136/3/41 128/3/41
f 134/3/26 135/3/26 136/3/26
f 138/4/42 140/4/42 137/4/42
f 141/4/43 143/4/43 142/4/43
f 147/1/1 145/1/1 148/1/1
f 150/1/26 152/1/26 149/1/26
f 146/1/10 149/1/10 145/1/10
f 147/1/12 150/1/12 146/1/12
f 148/1/14 151/1/14 147/1/14
f 145/1/16 152/1/16 148/1/16
f 155/5/1 153/5/1 156/5/1
f 158/5/26 160/5/26 157/5/26
f 154/5/10 157/5/10 153/5/10
f 155/5/12 158/5/12 154/5/12
f 156/5/14 159/5/14 155/5/14
f 153/5/16 160/5/16 156/5/16
f 163/5/12 161/5/12 164/5/12
f 162/5/2 165/5/2 161/5/2
f 163/5/18 166/5/18 162/5/18
f 164/5/22 167/5/22 163/5/22
f 161/5/6 168/5/6 164/5/6
f 166/5/16 168/5/16 165/5/16
f 171/6/1 170/6/1 169/6/1
f 170/6/2 177/6/2 169/6/2
f 170/6/3 179/6/3 178/6/3
f 172/6/4 179/6/4 171/6/4
f 173/6/44 180/6/44 172/6/44
f 174/6/6 181/6/6 173/6/6
f 175/6/28 182/6/28 174/6/28
f 176/6/8 183/6/8 175/6/8
f 169/6/45 184/6/45 176/6/45
f 178/6/10 185/6/10 177/6/10
f 179/6/11 186/6/11 178/6/11
f 180/6/12 187/6/12 179/6/12
f 181/6/13 188/6/13 180/6/13
f 182/6/14 189/6/14 181/6/14
f 183/6/15 190/6/15 182/6/15
f 184/6/16 191/6/16 183/6/16
f 177/6/17 192/6/17 184/6/17
f 186/6/18 193/6/18 185/6/18
f 187/6/19 194/6/19 186/6/19
f 188/6/20 195/6/20 187/6/20
f 189/6/46 196/6/46 188/6/46
f 190/6/22 197/6/22 189/6/22
f 191/6/23 198/6/23 190/6/23
f 192/6/24 199/6/24 191/6/24
f 192/6/41 193/6/41 200/6/41
f 199/6/26 200/6/26 196/6/26
f 203/7/1 201/7/1 204/7/1
f 206/7/26 208/7/26 205/7/26
f 202/7/10 205/7/10 201/7/10
f 203/7/12 206/7/12 202/7/12
f 204/7/14 207/7/14 203/7/14
f 201/7/16 208/7/16 204/7/16
f 211/7/1 209/7/1 212/7/1
f 214/7/26 216/7/26 213/7/26
f 210/7/10 213/7/10 209/7/10
f 211/7/12 214/7/12 210/7/12
f 212/7/14 215/7/14 211/7/14
f 209/7/16 216/7/16 212/7/16
f 219/3/1 218/3/1 217/3/1
f 218/3/2 225/3/2 217/3/2
f 218/3/27 227/3/27 226/3/27
f 220/3/4 227/3/4 219/3/4
f 221/3/5 228/3/5 220/3/5
f 222/3/6 229/3/6 221/3/6
f 222/3/28 231/3/28 230/3/28
f 224/3/8 231/3/8 223/3/8
f 217/3/34 232/3/34 224/3/34
f 226/3/10 233/3/10 225/3/10
f 227/3/11 234/3/11 226/3/11
f 228/3/12 235/3/12 227/3/12
f 229/3/13 236/3/13 228/3/13
f 230/3/14 237/3/14 229/3/14
f 231/3/15 238/3/15 230/3/15
f 232/3/16 239/3/16 231/3/16
f 225/3/17 240/3/17 232/3/17
f 234/3/18 241/3/18 233/3/18
f 234/3/19 243/3/19 242/3/19
f 236/3/20 243/3/20 235/3/20
f 237/3/21 244/3/21 236/3/21
f 238/3/22 245/3/22 237/3/22
f 238/3/29 247/3/29 246/3/29
f 240/3/24 247/3/24 239/3/24
f 240/3/30 241/3/30 248/3/30
f 247/3/26 248/3/26 244/3/26
f 251/5/47 249/5/47 252/5/47
f 249/5/48 254/5/48 253/5/48
f 251/5/49 254/5/49 250/5/49
f 252/5/50 255/5/50 251/5/50
f 249/5/51 256/5/51 252/5/51
f 253/5/52 255/5/52 256/5/52
f 259/3/1 258/3/1 257/3/1
f 258/3/2 265/3/2 257/3/2
f 259/3/27 266/3/27 258/3/27
f 260/3/4 267/3/4 259/3/4
f 261/3/5 268/3/5 260/3/5
f 262/3/6 269/3/6 261/3/6
f 262/3/28 271/3/28 270/3/28
f 264/3/8 271/3/8 263/3/8
f 257/3/34 272/3/34 264/3/34
f 266/3/10 273/3/10 265/3/10
f 267/3/11 274/3/11 266/3/11
f 268/3/12 275/3/12 267/3/12
f 269/3/13 276/3/13 268/3/13
f 270/3/14 277/3/14 269/3/14
f 271/3/15 278/3/15 270/3/15
f 272/3/16 279/3/16 271/3/16
f 265/3/17 280/3/17 272/3/17
f 274/3/18 281/3/18 273/3/18
f 275/3/35 282/3/35 274/3/35
f 276/3/20 283/3/20 275/3/20
f 277/3/21 284/3/21 276/3/21
f 278/3/22 285/3/22 277/3/22
f 279/3/23 286/3/23 278/3/23
f 280/3/24 287/3/24 279/3/24
f 273/3/30 288/3/30 280/3/30
f 287/3/26 288/3/26 284/3/26
f 292/5/47 290/5/47 289/5/47
f 290/5/48 293/5/48 289/5/48
f 291/5/49 294/5/49 290/5/49
f 292/5/50 295/5/50 291/5/50
f 289/5/51 296/5/51 292/5/51
f 294/5/52 296/5/52 293/5/52
f 299/5/1 298/5/1 297/5/1
f 298/5/2 305/5/2 297/5/2
f 299/5/27 306/5/27 298/5/27
f 299/5/4 308/5/4 307/5/4
f 300/5/32 309/5/32 308/5/32
f 301/5/6 310/5/6 309/5/6
f 302/5/7 311/5/7 310/5/7
f 304/5/8 311/5/8 303/5/8
f 297/5/9 312/5/9 304/5/9
f 306/5/10 313/5/10 305/5/10
f 307/5/11 314/5/11 306/5/11
f 308/5/12 315/5/12 307/5/12
f 309/5/13 316/5/13 308/5/13
f 310/5/14 317/5/14 309/5/14
f 311/5/15 318/5/15 310/5/15
f 312/5/16 319/5/16 311/5/16
f 305/5/17 320/5/17 312/5/17
f 313/5/18 322/5/18 321/5/18
f 314/5/35 323/5/35 322/5/35
f 316/5/20 323/5/20 315/5/20
f 317/5/46 324/5/46 316/5/46
f 318/5/22 325/5/22 317/5/22
f 319/5/23 326/5/23 318/5/23
f 320/5/24 327/5/24 319/5/24
f 320/5/25 321/5/25 328/5/25
f 327/5/26 328/5/26 324/5/26
f 331/6/1 329/6/1 332/6/1
f 334/6/26 336/6/26 333/6/26
f 330/6/10 333/6/10 329/6/10
f 331/6/12 334/6/12 330/6/12
f 332/6/14 335/6/14 331/6/14
f 329/6/16 336/6/16 332/6/16
f 339/8/1 337/8/1 340/8/1
f 342/8/26 344/8/26 341/8/26
f 338/8/10 341/8/10 337/8/10
f 339/8/12 342/8/12 338/8/12
f 340/8/14 343/8/14 339/8/14
f 337/8/16 344/8/16 340/8/16
f 346/9/1 345/9/1 349/9/1
f 346/9/2 353/9/2 345/9/2
f 346/9/27 355/9/27 354/9/27
f 348/9/4 355/9/4 347/9/4
f 348/9/53 357/9/53 356/9/53
f 350/9/6 357/9/6 349/9/6
f 350/9/54 359/9/54 358/9/54
f 352/9/8 359/9/8 351/9/8
f 345/9/9 360/9/9 352/9/9
f 354/9/10 361/9/10 353/9/10
f 355/9/11 362/9/11 354/9/11
f 356/9/12 363/9/12 355/9/12
f 357/9/13 364/9/13 356/9/13
f 358/9/14 365/9/14 357/9/14
f 359/9/15 366/9/15 358/9/15
f 360/9/16 367/9/16 359/9/16
f 353/9/17 368/9/17 360/9/17
f 362/9/18 369/9/18 361/9/18
f 362/9/35 371/9/35 370/9/35
f 363/9/20 372/9/20 371/9/20
f 365/9/46 372/9/46 364/9/46
f 366/9/22 373/9/22 365/9/22
f 366/9/29 375/9/29 374/9/29
f 368/9/24 375/9/24 367/9/24
f 361/9/30 376/9/30 368/9/30
f 374/9/26 375/9/26 376/9/26
f 379/3/1 377/3/1 380/3/1
f 382/3/26 384/3/26 381/3/26
f 378/3/10 381/3/10 377/3/10
f 379/3/12 382/3/12 378/3/12
f 380/3/14 383/3/14 379/3/14
f 377/3/16 384/3/16 380/3/16
f 387/5/1 385/5/1 388/5/1
f 390/5/26 392/5/26 389/5/26
f 386/5/10 389/5/10 385/5/10
f 387/5/12 390/5/12 386/5/12
f 388/5/14 391/5/14 387/5/14
f 385/5/16 392/5/16 388/5/16
f 395/5/1 393/5/1 396/5/1
f 398/5/26 400/5/26 397/5/26
f 394/5/10 397/5/10 393/5/10
f 395/5/12 398/5/12 394/5/12
f 396/5/14 399/5/14 395/5/14
f 393/5/16 400/5/16 396/5/16
f 403/6/1 401/6/1 404/6/1
f 406/6/26 408/6/26 405/6/26
f 402/6/10 405/6/10 401/6/10
f 403/6/12 406/6/12 402/6/12
f 404/6/14 407/6/14 403/6/14
f 401/6/16 408/6/16 404/6/16
f 409/4/55 411/4/55 410/4/55
f 416/4/56 414/4/56 413/4/56
f 419/1/1 417/1/1 420/1/1
f 422/1/26 424/1/26 421/1/26
f 418/1/10 421/1/10 417/1/10
f 419/1/12 422/1/12 418/1/12
f 420/1/14 423/1/14 419/1/14
f 417/1/16 424/1/16 420/1/16
f 427/5/1 425/5/1 428/5/1
f 430/5/26 432/5/26 429/5/26
f 426/5/10 429/5/10 425/5/10
f 427/5/12 430/5/12 426/5/12
f 428/5/14 431/5/14 427/5/14
f 425/5/16 432/5/16 428/5/16
f 435/5/16 433/5/16 436/5/16
f 434/5/18 437/5/18 433/5/18
f 435/5/2 438/5/2 434/5/2
f 436/5/6 439/5/6 435/5/6
f 433/5/22 440/5/22 436/5/22
f 438/5/12 440/5/12 437/5/12
f 443/6/1 442/6/1 441/6/1
f 442/6/2 449/6/2 441/6/2
f 442/6/3 451/6/3 450/6/3
f 444/6/4 451/6/4 443/6/4
f 444/6/32 453/6/32 452/6/32
f 446/6/6 453/6/6 445/6/6
f 446/6/7 455/6/7 454/6/7
f 448/6/8 455/6/8 447/6/8
f 441/6/45 456/6/45 448/6/45
f 450/6/10 457/6/10 449/6/10
f 451/6/11 458/6/11 450/6/11
f 452/6/12 459/6/12 451/6/12
f 453/6/13 460/6/13 452/6/13
f 454/6/14 461/6/14 453/6/14
f 455/6/15 462/6/15 454/6/15
f 456/6/16 463/6/16 455/6/16
f 449/6/17 464/6/17 456/6/17
f 458/6/18 465/6/18 457/6/18
f 459/6/19 466/6/19 458/6/19
f 460/6/20 467/6/20 459/6/20
f 460/6/36 469/6/36 468/6/36
f 462/6/22 469/6/22 461/6/22
f 462/6/29 471/6/29 470/6/29
f 464/6/24 471/6/24 463/6/24
f 464/6/41 465/6/41 472/6/41
f 471/6/26 472/6/26 468/6/26
f 475/7/1 473/7/1 476/7/1
f 478/7/26 480/7/26 477/7/26
f 474/7/10 477/7/10 473/7/10
f 475/7/12 478/7/12 474/7/12
f 476/7/14 479/7/14 475/7/14
f 473/7/16 480/7/16 476/7/16
f 483/7/1 481/7/1 484/7/1
f 486/7/26 488/7/26 485/7/26
f 482/7/10 485/7/10 481/7/10
f 483/7/12 486/7/12 482/7/12
f 484/7/14 487/7/14 483/7/14
f 481/7/16 488/7/16 484/7/16
f 491/3/1 490/3/1 489/3/1
f 490/3/2 497/3/2 489/3/2
f 490/3/27 499/3/27 498/3/27
f 492/3/4 499/3/4 491/3/4
f 493/3/32 500/3/32 492/3/32
f 494/3/6 501/3/6 493/3/6
f 495/3/28 502/3/28 494/3/28
f 496/3/8 503/3/8 495/3/8
f 489/3/9 504/3/9 496/3/9
f 498/3/10 505/3/10 497/3/10
f 499/3/11 506/3/11 498/3/11
f 500/3/12 507/3/12 499/3/12
f 501/3/13 508/3/13 500/3/13
f 502/3/14 509/3/14 501/3/14
f 503/3/15 510/3/15 502/3/15
f 504/3/16 511/3/16 503/3/16
f 497/3/17 512/3/17 504/3/17
f 506/3/18 513/3/18 505/3/18
f 507/3/19 514/3/19 506/3/19
f 508/3/20 515/3/20 507/3/20
f 509/3/46 516/3/46 508/3/46
f 510/3/22 517/3/22 509/3/22
f 511/3/29 518/3/29 510/3/29
f 512/3/24 519/3/24 511/3/24
f 505/3/25 520/3/25 512/3/25
f 519/3/26 520/3/26 516/3/26
f 523/5/47 521/5/47 524/5/47
f 521/5/48 526/5/48 525/5/48
f 523/5/49 526/5/49 522/5/49
f 523/5/50 528/5/50 527/5/50
f 521/5/51 528/5/51 524/5/51
f 525/5/52 527/5/52 528/5/52
f 531/3/1 530/3/1 529/3/1
f 530/3/2 537/3/2 529/3/2
f 530/3/27 539/3/27 538/3/27
f 532/3/4 539/3/4 531/3/4
f 533/3/32 540/3/32 532/3/32
f 534/3/6 541/3/6 533/3/6
f 534/3/28 543/3/28 542/3/28
f 536/3/8 543/3/8 535/3/8
f 529/3/9 544/3/9 536/3/9
f 538/3/10 545/3/10 537/3/10
f 539/3/11 546/3/11 538/3/11
f 540/3/12 547/3/12 539/3/12
f 541/3/13 548/3/13 540/3/13
f 542/3/14 549/3/14 541/3/14
f 543/3/15 550/3/15 542/3/15
f 544/3/16 551/3/16 543/3/16
f 537/3/17 552/3/17 544/3/17
f 546/3/18 553/3/18 545/3/18
f 546/3/35 555/3/35 554/3/35
f 548/3/20 555/3/20 547/3/20
f 548/3/46 557/3/46 556/3/46
f 550/3/22 557/3/22 549/3/22
f 550/3/23 559/3/23 558/3/23
f 552/3/24 559/3/24 551/3/24
f 545/3/25 560/3/25 552/3/25
f 559/3/26 560/3/26 556/3/26
f 564/5/47 562/5/47 561/5/47
f 561/5/48 566/5/48 565/5/48
f 563/5/49 566/5/49 562/5/49
f 564/5/50 567/5/50 563/5/50
f 564/5/51 565/5/51 568/5/51
f 566/5/52 568/5/52 565/5/52
f 571/5/1 570/5/1 569/5/1
f 569/5/2 578/5/2 577/5/2
f 570/5/3 579/5/3 578/5/3
f 572/5/4 579/5/4 571/5/4
f 573/5/5 580/5/5 572/5/5
f 574/5/6 581/5/6 573/5/6
f 575/5/28 582/5/28 574/5/28
f 575/5/8 584/5/8 583/5/8
f 576/5/34 577/5/34 584/5/34
f 578/5/10 585/5/10 577/5/10
f 579/5/11 586/5/11 578/5/11
f 580/5/12 587/5/12 579/5/12
f 581/5/13 588/5/13 580/5/13
f 582/5/14 589/5/14 581/5/14
f 583/5/15 590/5/15 582/5/15
f 584/5/16 591/5/16 583/5/16
f 577/5/17 592/5/17 584/5/17
f 586/5/18 593/5/18 585/5/18
f 587/5/19 594/5/19 586/5/19
f 588/5/20 595/5/20 587/5/20
f 588/5/21 597/5/21 596/5/21
f 589/5/22 598/5/22 597/5/22
f 590/5/29 599/5/29 598/5/29
f 592/5/24 599/5/24 591/5/24
f 585/5/30 600/5/30 592/5/30
f 599/5/26 600/5/26 596/5/26
f 603/6/1 601/6/1 604/6/1
f 606/6/26 608/6/26 605/6/26
f 602/6/10 605/6/10 601/6/10
f 603/6/12 606/6/12 602/6/12
f 604/6/14 607/6/14 603/6/14
f 601/6/16 608/6/16 604/6/16
f 611/8/1 609/8/1 612/8/1
f 614/8/26 616/8/26 613/8/26
f 610/8/10 613/8/10 609/8/10
f 611/8/12 614/8/12 610/8/12
f 612/8/14 615/8/14 611/8/14
f 609/8/16 616/8/16 612/8/16
f 618/9/1 617/9/1 621/9/1
f 618/9/2 625/9/2 617/9/2
f 619/9/27 626/9/27 618/9/27
f 620/9/4 627/9/4 619/9/4
f 621/9/44 628/9/44 620/9/44
f 622/9/6 629/9/6 621/9/6
f 623/9/28 630/9/28 622/9/28
f 624/9/8 631/9/8 623/9/8
f 617/9/9 632/9/9 624/9/9
f 626/9/10 633/9/10 625/9/10
f 627/9/11 634/9/11 626/9/11
f 628/9/12 635/9/12 627/9/12
f 629/9/13 636/9/13 628/9/13
f 630/9/14 637/9/14 629/9/14
f 631/9/15 638/9/15 630/9/15
f 632/9/16 639/9/16 631/9/16
f 625/9/17 640/9/17 632/9/17
f 634/9/18 641/9/18 633/9/18
f 634/9/35 643/9/35 642/9/35
f 636/9/20 643/9/20 635/9/20
f 637/9/46 644/9/46 636/9/46
f 638/9/22 645/9/22 637/9/22
f 638/9/40 647/9/40 646/9/40
f 639/9/24 648/9/24 647/9/24
f 633/9/30 648/9/30 640/9/30
f 646/9/26 647/9/26 648/9/26
f 651/3/1 649/3/1 652/3/1
f 654/3/26 656/3/26 653/3/26
f 650/3/10 653/3/10 649/3/10
f 651/3/12 654/3/12 650/3/12
f 652/3/14 655/3/14 651/3/14
f 649/3/16 656/3/16 652/3/16
f 659/5/1 657/5/1 660/5/1
f 662/5/26 664/5/26 661/5/26
f 658/5/10 661/5/10 657/5/10
f 659/5/12 662/5/12 658/5/12
f 660/5/14 663/5/14 659/5/14
f 657/5/16 664/5/16 660/5/16
f 667/5/1 665/5/1 668/5/1
f 670/5/26 672/5/26 669/5/26
f 666/5/10 669/5/10 665/5/10
f 667/5/12 670/5/12 666/5/12
f 668/5/14 671/5/14 667/5/14
f 665/5/16 672/5/16 668/5/16
f 675/6/1 673/6/1 676/6/1
f 678/6/26 680/6/26 677/6/26
f 674/6/10 677/6/10 673/6/10
f 675/6/12 678/6/12 674/6/12
f 676/6/14 679/6/14 675/6/14
f 673/6/16 680/6/16 676/6/16
f 682/5/1 681/5/1 685/5/1
f 682/5/2 689/5/2 681/5/2
f 683/5/57 690/5/57 682/5/57
f 683/5/4 692/5/4 691/5/4
f 684/5/44 693/5/44 692/5/44
f 686/5/6 693/5/6 685/5/6
f 687/5/54 694/5/54 686/5/54
f 687/5/8 696/5/8 695/5/8
f 688/5/45 689/5/45 696/5/45
f 690/5/10 697/5/10 689/5/10
f 691/5/11 698/5/11 690/5/11
f 692/5/12 699/5/12 691/5/12
f 693/5/13 700/5/13 692/5/13
f 694/5/14 701/5/14 693/5/14
f 695/5/15 702/5/15 694/5/15
f 696/5/16 703/5/16 695/5/16
f 689/5/17 704/5/17 696/5/17
f 698/5/18 705/5/18 697/5/18
f 699/5/58 706/5/58 698/5/58
f 700/5/20 707/5/20 699/5/20
f 701/5/36 708/5/36 700/5/36
f 702/5/22 709/5/22 701/5/22
f 702/5/59 711/5/59 710/5/59
f 704/5/24 711/5/24 703/5/24
f 704/5/25 705/5/25 712/5/25
f 710/5/26 711/5/26 712/5/26
f 714/10/1 713/10/1 717/10/1
f 714/10/2 721/10/2 713/10/2
f 715/10/27 722/10/27 714/10/27
f 716/10/4 723/10/4 715/10/4
f 716/10/44 725/10/44 724/10/44
f 718/10/6 725/10/6 717/10/6
f 719/10/7 726/10/7 718/10/7
f 720/10/8 727/10/8 719/10/8
f 713/10/60 728/10/60 720/10/60
f 722/10/10 729/10/10 721/10/10
f 723/10/11 730/10/11 722/10/11
f 724/10/12 731/10/12 723/10/12
f 725/10/13 732/10/13 724/10/13
f 726/10/14 733/10/14 725/10/14
f 727/10/15 734/10/15 726/10/15
f 728/10/16 735/10/16 727/10/16
f 721/10/17 736/10/17 728/10/17
f 730/10/18 737/10/18 729/10/18
f 731/10/35 738/10/35 730/10/35
f 732/10/20 739/10/20 731/10/20
f 732/10/61 741/10/61 740/10/61
f 734/10/22 741/10/22 733/10/22
f 735/10/40 742/10/40 734/10/40
f 736/10/24 743/10/24 735/10/24
f 729/10/25 744/10/25 736/10/25
f 742/10/26 743/10/26 744/10/26
f 747/5/1 745/5/1 748/5/1
f 750/5/26 752/5/26 749/5/26
f 746/5/10 749/5/10 745/5/10
f 747/5/12 750/5/12 746/5/12
f 748/5/14 751/5/14 747/5/14
f 745/5/16 752/5/16 748/5/16
f 755/5/1 753/5/1 756/5/1
f 758/5/26 760/5/26 757/5/26
f 754/5/10 757/5/10 753/5/10
f 755/5/12 758/5/12 754/5/12
f 756/5/14 759/5/14 755/5/14
f 753/5/16 760/5/16 756/5/16
f 763/5/1 761/5/1 764/5/1
f 766/5/26 768/5/26 765/5/26
f 762/5/10 765/5/10 761/5/10
f 763/5/12 766/5/12 762/5/12
f 764/5/14 767/5/14 763/5/14
f 761/5/16 768/5/16 764/5/16
f 771/5/1 769/5/1 772/5/1
f 774/5/26 776/5/26 773/5/26
f 770/5/10 773/5/10 769/5/10
f 771/5/12 774/5/12 770/5/12
f 772/5/14 775/5/14 771/5/14
f 769/5/16 776/5/16 772/5/16
f 779/5/1 777/5/1 780/5/1
f 782/5/26 784/5/26 781/5/26
f 778/5/10 781/5/10 777/5/10
f 779/5/12 782/5/12 778/5/12
f 780/5/14 783/5/14 779/5/14
f 777/5/16 784/5/16 780/5/16
f 786/6/1 785/6/1 789/6/1
f 786/6/2 793/6/2 785/6/2
f 787/6/3 794/6/3 786/6/3
f 788/6/4 795/6/4 787/6/4
f 788/6/53 797/6/53 796/6/53
f 790/6/6 797/6/6 789/6/6
f 791/6/28 798/6/28 790/6/28
f 792/6/8 799/6/8 791/6/8
f 792/6/60 793/6/60 800/6/60
f 794/6/10 801/6/10 793/6/10
f 795/6/11 802/6/11 794/6/11
f 796/6/12 803/6/12 795/6/12
f 797/6/13 804/6/13 796/6/13
f 798/6/14 805/6/14 797/6/14
f 799/6/15 806/6/15 798/6/15
f 800/6/16 807/6/16 799/6/16
f 793/6/17 808/6/17 800/6/17
f 802/6/18 809/6/18 801/6/18
f 802/6/19 811/6/19 810/6/19
f 804/6/20 811/6/20 803/6/20
f 805/6/61 812/6/61 804/6/61
f 806/6/22 813/6/22 805/6/22
f 806/6/23 815/6/23 814/6/23
f 808/6/24 815/6/24 807/6/24
f 801/6/62 816/6/62 808/6/62
f 814/6/26 815/6/26 816/6/26
f 825/9/1 821/9/1 817/9/1
f 818/9/63 829/9/63 817/9/63
f 819/9/15 830/9/15 818/9/15
f 820/9/64 831/9/64 819/9/64
f 821/9/65 832/9/65 820/9/65
f 822/9/17 833/9/17 821/9/17
f 823/9/66 834/9/66 822/9/66
f 824/9/67 835/9/67 823/9/67
f 825/9/11 836/9/11 824/9/11
f 826/9/68 837/9/68 825/9/68
f 827/9/69 838/9/69 826/9/69
f 828/9/13 839/9/13 827/9/13
f 817/9/70 840/9/70 828/9/70
f 832/9/26 836/9/26 840/9/26
f 851/3/1 849/3/1 845/3/1
f 842/3/63 853/3/63 841/3/63
f 843/3/15 854/3/15 842/3/15
f 844/3/64 855/3/64 843/3/64
f 845/3/65 856/3/65 844/3/65
f 846/3/17 857/3/17 845/3/17
f 847/3/66 858/3/66 846/3/66
f 848/3/67 859/3/67 847/3/67
f 849/3/11 860/3/11 848/3/11
f 850/3/68 861/3/68 849/3/68
f 851/3/69 862/3/69 850/3/69
f 852/3/13 863/3/13 851/3/13
f 841/3/70 864/3/70 852/3/70
f 862/3/26 864/3/26 856/3/26
f 873/9/1 869/9/1 865/9/1
f 866/9/63 877/9/63 865/9/63
f 867/9/15 878/9/15 866/9/15
f 868/9/64 879/9/64 867/9/64
f 869/9/65 880/9/65 868/9/65
f 870/9/17 881/9/17 869/9/17
f 871/9/66 882/9/66 870/9/66
f 872/9/67 883/9/67 871/9/67
f 873/9/11 884/9/11 872/9/11
f 874/9/68 885/9/68 873/9/68
f 875/9/69 886/9/69 874/9/69
f 876/9/13 887/9/13 875/9/13
f 865/9/70 888/9/70 876/9/70
f 880/9/26 884/9/26 888/9/26
f 891/3/1 889/3/1 897/3/1
f 890/3/63 901/3/63 889/3/63
f 891/3/15 902/3/15 890/3/15
f 892/3/64 903/3/64 891/3/64
f 893/3/65 904/3/65 892/3/65
f 894/3/17 905/3/17 893/3/17
f 895/3/66 906/3/66 894/3/66
f 896/3/67 907/3/67 895/3/67
f 897/3/11 908/3/11 896/3/11
f 898/3/68 909/3/68 897/3/68
f 899/3/69 910/3/69 898/3/69
f 900/3/13 911/3/13 899/3/13
f 889/3/70 912/3/70 900/3/70
f 910/3/26 912/3/26 904/3/26
f 1/1/1 8/1/1 3/1/1
f 8/1/1 7/1/1 3/1/1
f 7/1/1 6/1/1 5/1/1
f 5/1/1 4/1/1 7/1/1
f 4/1/1 3/1/1 7/1/1
f 2/1/2 10/1/2 9/1/2
f 2/1/27 3/1/27 11/1/27
f 3/1/4 4/1/4 12/1/4
f 5/1/32 13/1/32 12/1/32
f 6/1/6 14/1/6 13/1/6
f 6/1/28 7/1/28 15/1/28
f 7/1/8 8/1/8 16/1/8
f 1/1/34 9/1/34 16/1/34
f 10/1/10 18/1/10 17/1/10
f 11/1/11 19/1/11 18/1/11
f 12/1/12 20/1/12 19/1/12
f 13/1/13 21/1/13 20/1/13
f 14/1/14 22/1/14 21/1/14
f 15/1/15 23/1/15 22/1/15
f 16/1/16 24/1/16 23/1/16
f 9/1/17 17/1/17 24/1/17
f 18/1/18 26/1/18 25/1/18
f 19/1/35 27/1/35 26/1/35
f 20/1/20 28/1/20 27/1/20
f 20/1/46 21/1/46 29/1/46
f 22/1/22 30/1/22 29/1/22
f 23/1/29 31/1/29 30/1/29
f 24/1/24 32/1/24 31/1/24
f 24/1/30 17/1/30 25/1/30
f 32/1/26 25/1/26 26/1/26
f 26/1/26 27/1/26 32/1/26
f 27/1/26 28/1/26 32/1/26
f 28/1/26 29/1/26 30/1/26
f 30/1/26 31/1/26 28/1/26
f 33/2/1 40/2/1 35/2/1
f 40/2/1 39/2/1 35/2/1
f 39/2/1 38/2/1 37/2/1
f 37/2/1 36/2/1 39/2/1
f 36/2/1 35/2/1 39/2/1
f 33/2/2 34/2/2 42/2/2
f 34/2/27 35/2/27 43/2/27
f 35/2/4 36/2/4 44/2/4
f 37/2/5 45/2/5 44/2/5
f 37/2/6 38/2/6 46/2/6
f 39/2/28 47/2/28 46/2/28
f 39/2/8 40/2/8 48/2/8
f 33/2/9 41/2/9 48/2/9
f 42/2/10 50/2/10 49/2/10
f 43/2/11 51/2/11 50/2/11
f 44/2/12 52/2/12 51/2/12
f 45/2/13 53/2/13 52/2/13
f 46/2/14 54/2/14 53/2/14
f 47/2/15 55/2/15 54/2/15
f 48/2/16 56/2/16 55/2/16
f 41/2/17 49/2/17 56/2/17
f 49/2/18 50/2/18 58/2/18
f 51/2/19 59/2/19 58/2/19
f 52/2/20 60/2/20 59/2/20
f 53/2/46 61/2/46 60/2/46
f 54/2/22 62/2/22 61/2/22
f 55/2/29 63/2/29 62/2/29
f 56/2/24 64/2/24 63/2/24
f 56/2/30 49/2/30 57/2/30
f 64/2/26 57/2/26 58/2/26
f 58/2/26 59/2/26 64/2/26
f 59/2/26 60/2/26 64/2/26
f 60/2/26 61/2/26 62/2/26
f 62/2/26 63/2/26 60/2/26
f 65/3/1 72/3/1 67/3/1
f 72/3/1 71/3/1 67/3/1
f 71/3/1 70/3/1 69/3/1
f 69/3/1 68/3/1 71/3/1
f 68/3/1 67/3/1 71/3/1
f 66/3/2 74/3/2 73/3/2
f 67/3/3 75/3/3 74/3/3
f 68/3/4 76/3/4 75/3/4
f 68/3/44 69/3/44 77/3/44
f 70/3/6 78/3/6 77/3/6
f 71/3/7 79/3/7 78/3/7
f 72/3/8 80/3/8 79/3/8
f 72/3/45 65/3/45 73/3/45
f 74/3/10 82/3/10 81/3/10
f 75/3/11 83/3/11 82/3/11
f 76/3/12 84/3/12 83/3/12
f 77/3/13 85/3/13 84/3/13
f 78/3/14 86/3/14 85/3/14
f 79/3/15 87/3/15 86/3/15
f 80/3/16 88/3/16 87/3/16
f 73/3/17 81/3/17 88/3/17
f 82/3/18 90/3/18 89/3/18
f 82/3/19 83/3/19 91/3/19
f 84/3/20 92/3/20 91/3/20
f 84/3/46 85/3/46 93/3/46
f 86/3/22 94/3/22 93/3/22
f 87/3/40 95/3/40 94/3/40
f 88/3/24 96/3/24 95/3/24
f 81/3/25 89/3/25 96/3/25
f 96/3/26 89/3/26 90/3/26
f 90/3/26 91/3/26 96/3/26
f 91/3/26 92/3/26 96/3/26
f 92/3/26 93/3/26 94/3/26
f 94/3/26 95/3/26 92/3/26
f 97/2/1 98/2/1 99/2/1
f 101/2/14 102/2/14 98/2/14
f 98/2/37 102/2/37 103/2/37
f 103/2/38 104/2/38 100/2/38
f 104/2/39 101/2/39 97/2/39
f 104/2/26 103/2/26 102/2/26
f 105/3/1 112/3/1 111/3/1
f 111/3/1 110/3/1 105/3/1
f 110/3/1 109/3/1 105/3/1
f 109/3/1 108/3/1 107/3/1
f 107/3/1 106/3/1 109/3/1
f 106/3/2 114/3/2 113/3/2
f 106/3/3 107/3/3 115/3/3
f 108/3/4 116/3/4 115/3/4
f 108/3/32 109/3/32 117/3/32
f 110/3/6 118/3/6 117/3/6
f 111/3/28 119/3/28 118/3/28
f 111/3/8 112/3/8 120/3/8
f 105/3/9 113/3/9 120/3/9
f 114/3/10 122/3/10 121/3/10
f 115/3/11 123/3/11 122/3/11
f 116/3/12 124/3/12 123/3/12
f 117/3/13 125/3/13 124/3/13
f 118/3/14 126/3/14 125/3/14
f 119/3/15 127/3/15 126/3/15
f 120/3/16 128/3/16 127/3/16
f 113/3/17 121/3/17 128/3/17
f 122/3/18 130/3/18 129/3/18
f 122/3/71 123/3/71 131/3/71
f 123/3/20 124/3/20 132/3/20
f 125/3/36 133/3/36 132/3/36
f 126/3/22 134/3/22 133/3/22
f 126/3/29 127/3/29 135/3/29
f 128/3/24 136/3/24 135/3/24
f 121/3/30 129/3/30 136/3/30
f 136/3/26 129/3/26 134/3/26
f 129/3/26 130/3/26 134/3/26
f 130/3/26 131/3/26 132/3/26
f 132/3/26 133/3/26 130/3/26
f 133/3/26 134/3/26 130/3/26
f 138/4/42 139/4/42 140/4/42
f 141/4/43 144/4/43 143/4/43
f 147/1/1 146/1/1 145/1/1
f 150/1/26 151/1/26 152/1/26
f 146/1/10 150/1/10 149/1/10
f 147/1/12 151/1/12 150/1/12
f 148/1/14 152/1/14 151/1/14
f 145/1/16 149/1/16 152/1/16
f 155/5/1 154/5/1 153/5/1
f 158/5/26 159/5/26 160/5/26
f 154/5/10 158/5/10 157/5/10
f 155/5/12 159/5/12 158/5/12
f 156/5/14 160/5/14 159/5/14
f 153/5/16 157/5/16 160/5/16
f 163/5/12 162/5/12 161/5/12
f 162/5/2 166/5/2 165/5/2
f 163/5/18 167/5/18 166/5/18
f 164/5/22 168/5/22 167/5/22
f 161/5/6 165/5/6 168/5/6
f 166/5/16 167/5/16 168/5/16
f 169/6/1 176/6/1 171/6/1
f 176/6/1 175/6/1 171/6/1
f 175/6/1 174/6/1 173/6/1
f 173/6/1 172/6/1 175/6/1
f 172/6/1 171/6/1 175/6/1
f 170/6/2 178/6/2 177/6/2
f 170/6/31 171/6/31 179/6/31
f 172/6/4 180/6/4 179/6/4
f 173/6/32 181/6/32 180/6/32
f 174/6/6 182/6/6 181/6/6
f 175/6/7 183/6/7 182/6/7
f 176/6/8 184/6/8 183/6/8
f 169/6/34 177/6/34 184/6/34
f 178/6/10 186/6/10 185/6/10
f 179/6/11 187/6/11 186/6/11
f 180/6/12 188/6/12 187/6/12
f 181/6/13 189/6/13 188/6/13
f 182/6/14 190/6/14 189/6/14
f 183/6/15 191/6/15 190/6/15
f 184/6/16 192/6/16 191/6/16
f 177/6/17 185/6/17 192/6/17
f 186/6/18 194/6/18 193/6/18
f 187/6/71 195/6/71 194/6/71
f 188/6/20 196/6/20 195/6/20
f 189/6/21 197/6/21 196/6/21
f 190/6/22 198/6/22 197/6/22
f 191/6/40 199/6/40 198/6/40
f 192/6/24 200/6/24 199/6/24
f 192/6/30 185/6/30 193/6/30
f 200/6/26 193/6/26 194/6/26
f 194/6/26 195/6/26 200/6/26
f 195/6/26 196/6/26 200/6/26
f 196/6/26 197/6/26 198/6/26
f 198/6/26 199/6/26 196/6/26
f 203/7/1 202/7/1 201/7/1
f 206/7/26 207/7/26 208/7/26
f 202/7/10 206/7/10 205/7/10
f 203/7/12 207/7/12 206/7/12
f 204/7/14 208/7/14 207/7/14
f 201/7/16 205/7/16 208/7/16
f 211/7/1 210/7/1 209/7/1
f 214/7/26 215/7/26 216/7/26
f 210/7/10 214/7/10 213/7/10
f 211/7/12 215/7/12 214/7/12
f 212/7/14 216/7/14 215/7/14
f 209/7/16 213/7/16 216/7/16
f 217/3/1 224/3/1 219/3/1
f 224/3/1 223/3/1 219/3/1
f 223/3/1 222/3/1 221/3/1
f 221/3/1 220/3/1 223/3/1
f 220/3/1 219/3/1 223/3/1
f 218/3/2 226/3/2 225/3/2
f 218/3/27 219/3/27 227/3/27
f 220/3/4 228/3/4 227/3/4
f 221/3/5 229/3/5 228/3/5
f 222/3/6 230/3/6 229/3/6
f 222/3/7 223/3/7 231/3/7
f 224/3/8 232/3/8 231/3/8
f 217/3/9 225/3/9 232/3/9
f 226/3/10 234/3/10 233/3/10
f 227/3/11 235/3/11 234/3/11
f 228/3/12 236/3/12 235/3/12
f 229/3/13 237/3/13 236/3/13
f 230/3/14 238/3/14 237/3/14
f 231/3/15 239/3/15 238/3/15
f 232/3/16 240/3/16 239/3/16
f 225/3/17 233/3/17 240/3/17
f 234/3/18 242/3/18 241/3/18
f 234/3/35 235/3/35 243/3/35
f 236/3/20 244/3/20 243/3/20
f 237/3/21 245/3/21 244/3/21
f 238/3/22 246/3/22 245/3/22
f 238/3/23 239/3/23 247/3/23
f 240/3/24 248/3/24 247/3/24
f 240/3/30 233/3/30 241/3/30
f 248/3/26 241/3/26 242/3/26
f 242/3/26 243/3/26 248/3/26
f 243/3/26 244/3/26 248/3/26
f 244/3/26 245/3/26 246/3/26
f 246/3/26 247/3/26 244/3/26
f 251/5/47 250/5/47 249/5/47
f 249/5/48 250/5/48 254/5/48
f 251/5/49 255/5/49 254/5/49
f 252/5/50 256/5/50 255/5/50
f 249/5/51 253/5/51 256/5/51
f 253/5/52 254/5/52 255/5/52
f 257/3/1 264/3/1 259/3/1
f 264/3/1 263/3/1 259/3/1
f 263/3/1 262/3/1 261/3/1
f 261/3/1 260/3/1 263/3/1
f 260/3/1 259/3/1 263/3/1
f 258/3/2 266/3/2 265/3/2
f 259/3/27 267/3/27 266/3/27
f 260/3/4 268/3/4 267/3/4
f 261/3/5 269/3/5 268/3/5
f 262/3/6 270/3/6 269/3/6
f 262/3/7 263/3/7 271/3/7
f 264/3/8 272/3/8 271/3/8
f 257/3/9 265/3/9 272/3/9
f 266/3/10 274/3/10 273/3/10
f 267/3/11 275/3/11 274/3/11
f 268/3/12 276/3/12 275/3/12
f 269/3/13 277/3/13 276/3/13
f 270/3/14 278/3/14 277/3/14
f 271/3/15 279/3/15 278/3/15
f 272/3/16 280/3/16 279/3/16
f 265/3/17 273/3/17 280/3/17
f 274/3/18 282/3/18 281/3/18
f 275/3/35 283/3/35 282/3/35
f 276/3/20 284/3/20 283/3/20
f 277/3/46 285/3/46 284/3/46
f 278/3/22 286/3/22 285/3/22
f 279/3/23 287/3/23 286/3/23
f 280/3/24 288/3/24 287/3/24
f 273/3/25 281/3/25 288/3/25
f 288/3/26 281/3/26 282/3/26
f 282/3/26 283/3/26 288/3/26
f 283/3/26 284/3/26 288/3/26
f 284/3/26 285/3/26 286/3/26
f 286/3/26 287/3/26 284/3/26
f 292/5/47 291/5/47 290/5/47
f 290/5/48 294/5/48 293/5/48
f 291/5/49 295/5/49 294/5/49
f 292/5/50 296/5/50 295/5/50
f 289/5/51 293/5/51 296/5/51
f 294/5/52 295/5/52 296/5/52
f 297/5/1 304/5/1 299/5/1
f 304/5/1 303/5/1 299/5/1
f 303/5/1 302/5/1 301/5/1
f 301/5/1 300/5/1 303/5/1
f 300/5/1 299/5/1 303/5/1
f 298/5/2 306/5/2 305/5/2
f 299/5/3 307/5/3 306/5/3
f 299/5/4 300/5/4 308/5/4
f 300/5/5 301/5/5 309/5/5
f 301/5/6 302/5/6 310/5/6
f 302/5/28 303/5/28 311/5/28
f 304/5/8 312/5/8 311/5/8
f 297/5/34 305/5/34 312/5/34
f 306/5/10 314/5/10 313/5/10
f 307/5/11 315/5/11 314/5/11
f 308/5/12 316/5/12 315/5/12
f 309/5/13 317/5/13 316/5/13
f 310/5/14 318/5/14 317/5/14
f 311/5/15 319/5/15 318/5/15
f 312/5/16 320/5/16 319/5/16
f 305/5/17 313/5/17 320/5/17
f 313/5/18 314/5/18 322/5/18
f 314/5/19 315/5/19 323/5/19
f 316/5/20 324/5/20 323/5/20
f 317/5/21 325/5/21 324/5/21
f 318/5/22 326/5/22 325/5/22
f 319/5/29 327/5/29 326/5/29
f 320/5/24 328/5/24 327/5/24
f 320/5/30 313/5/30 321/5/30
f 328/5/26 321/5/26 322/5/26
f 322/5/26 323/5/26 328/5/26
f 323/5/26 324/5/26 328/5/26
f 324/5/26 325/5/26 326/5/26
f 326/5/26 327/5/26 324/5/26
f 331/6/1 330/6/1 329/6/1
f 334/6/26 335/6/26 336/6/26
f 330/6/10 334/6/10 333/6/10
f 331/6/12 335/6/12 334/6/12
f 332/6/14 336/6/14 335/6/14
f 329/6/16 333/6/16 336/6/16
f 339/8/1 338/8/1 337/8/1
f 342/8/26 343/8/26 344/8/26
f 338/8/10 342/8/10 341/8/10
f 339/8/12 343/8/12 342/8/12
f 340/8/14 344/8/14 343/8/14
f 337/8/16 341/8/16 344/8/16
f 345/9/1 352/9/1 351/9/1
f 351/9/1 350/9/1 345/9/1
f 350/9/1 349/9/1 345/9/1
f 349/9/1 348/9/1 347/9/1
f 347/9/1 346/9/1 349/9/1
f 346/9/2 354/9/2 353/9/2
f 346/9/27 347/9/27 355/9/27
f 348/9/4 356/9/4 355/9/4
f 348/9/5 349/9/5 357/9/5
f 350/9/6 358/9/6 357/9/6
f 350/9/33 351/9/33 359/9/33
f 352/9/8 360/9/8 359/9/8
f 345/9/9 353/9/9 360/9/9
f 354/9/10 362/9/10 361/9/10
f 355/9/11 363/9/11 362/9/11
f 356/9/12 364/9/12 363/9/12
f 357/9/13 365/9/13 364/9/13
f 358/9/14 366/9/14 365/9/14
f 359/9/15 367/9/15 366/9/15
f 360/9/16 368/9/16 367/9/16
f 353/9/17 361/9/17 368/9/17
f 362/9/18 370/9/18 369/9/18
f 362/9/19 363/9/19 371/9/19
f 363/9/20 364/9/20 372/9/20
f 365/9/36 373/9/36 372/9/36
f 366/9/22 374/9/22 373/9/22
f 366/9/23 367/9/23 375/9/23
f 368/9/24 376/9/24 375/9/24
f 361/9/25 369/9/25 376/9/25
f 376/9/26 369/9/26 374/9/26
f 369/9/26 370/9/26 374/9/26
f 370/9/26 371/9/26 372/9/26
f 372/9/26 373/9/26 370/9/26
f 373/9/26 374/9/26 370/9/26
f 379/3/1 378/3/1 377/3/1
f 382/3/26 383/3/26 384/3/26
f 378/3/10 382/3/10 381/3/10
f 379/3/12 383/3/12 382/3/12
f 380/3/14 384/3/14 383/3/14
f 377/3/16 381/3/16 384/3/16
f 387/5/1 386/5/1 385/5/1
f 390/5/26 391/5/26 392/5/26
f 386/5/10 390/5/10 389/5/10
f 387/5/12 391/5/12 390/5/12
f 388/5/14 392/5/14 391/5/14
f 385/5/16 389/5/16 392/5/16
f 395/5/1 394/5/1 393/5/1
f 398/5/26 399/5/26 400/5/26
f 394/5/10 398/5/10 397/5/10
f 395/5/12 399/5/12 398/5/12
f 396/5/14 400/5/14 399/5/14
f 393/5/16 397/5/16 400/5/16
f 403/6/1 402/6/1 401/6/1
f 406/6/26 407/6/26 408/6/26
f 402/6/10 406/6/10 405/6/10
f 403/6/12 407/6/12 406/6/12
f 404/6/14 408/6/14 407/6/14
f 401/6/16 405/6/16 408/6/16
f 409/4/55 412/4/55 411/4/55
f 416/4/56 415/4/56 414/4/56
f 419/1/1 418/1/1 417/1/1
f 422/1/26 423/1/26 424/1/26
f 418/1/10 422/1/10 421/1/10
f 419/1/12 423/1/12 422/1/12
f 420/1/14 424/1/14 423/1/14
f 417/1/16 421/1/16 424/1/16
f 427/5/1 426/5/1 425/5/1
f 430/5/26 431/5/26 432/5/26
f 426/5/10 430/5/10 429/5/10
f 427/5/12 431/5/12 430/5/12
f 428/5/14 432/5/14 431/5/14
f 425/5/16 429/5/16 432/5/16
f 435/5/16 434/5/16 433/5/16
f 434/5/18 438/5/18 437/5/18
f 435/5/2 439/5/2 438/5/2
f 436/5/6 440/5/6 439/5/6
f 433/5/22 437/5/22 440/5/22
f 438/5/12 439/5/12 440/5/12
f 441/6/1 448/6/1 443/6/1
f 448/6/1 447/6/1 443/6/1
f 447/6/1 446/6/1 445/6/1
f 445/6/1 444/6/1 447/6/1
f 444/6/1 443/6/1 447/6/1
f 442/6/2 450/6/2 449/6/2
f 442/6/31 443/6/31 451/6/31
f 444/6/4 452/6/4 451/6/4
f 444/6/5 445/6/5 453/6/5
f 446/6/6 454/6/6 453/6/6
f 446/6/33 447/6/33 455/6/33
f 448/6/8 456/6/8 455/6/8
f 441/6/34 449/6/34 456/6/34
f 450/6/10 458/6/10 457/6/10
f 451/6/11 459/6/11 458/6/11
f 452/6/12 460/6/12 459/6/12
f 453/6/13 461/6/13 460/6/13
f 454/6/14 462/6/14 461/6/14
f 455/6/15 463/6/15 462/6/15
f 456/6/16 464/6/16 463/6/16
f 449/6/17 457/6/17 464/6/17
f 458/6/18 466/6/18 465/6/18
f 459/6/71 467/6/71 466/6/71
f 460/6/20 468/6/20 467/6/20
f 460/6/46 461/6/46 469/6/46
f 462/6/22 470/6/22 469/6/22
f 462/6/23 463/6/23 471/6/23
f 464/6/24 472/6/24 471/6/24
f 464/6/30 457/6/30 465/6/30
f 472/6/26 465/6/26 466/6/26
f 466/6/26 467/6/26 472/6/26
f 467/6/26 468/6/26 472/6/26
f 468/6/26 469/6/26 470/6/26
f 470/6/26 471/6/26 468/6/26
f 475/7/1 474/7/1 473/7/1
f 478/7/26 479/7/26 480/7/26
f 474/7/10 478/7/10 477/7/10
f 475/7/12 479/7/12 478/7/12
f 476/7/14 480/7/14 479/7/14
f 473/7/16 477/7/16 480/7/16
f 483/7/1 482/7/1 481/7/1
f 486/7/26 487/7/26 488/7/26
f 482/7/10 486/7/10 485/7/10
f 483/7/12 487/7/12 486/7/12
f 484/7/14 488/7/14 487/7/14
f 481/7/16 485/7/16 488/7/16
f 489/3/1 496/3/1 491/3/1
f 496/3/1 495/3/1 491/3/1
f 495/3/1 494/3/1 493/3/1
f 493/3/1 492/3/1 495/3/1
f 492/3/1 491/3/1 495/3/1
f 490/3/2 498/3/2 497/3/2
f 490/3/3 491/3/3 499/3/3
f 492/3/4 500/3/4 499/3/4
f 493/3/5 501/3/5 500/3/5
f 494/3/6 502/3/6 501/3/6
f 495/3/28 503/3/28 502/3/28
f 496/3/8 504/3/8 503/3/8
f 489/3/9 497/3/9 504/3/9
f 498/3/10 506/3/10 505/3/10
f 499/3/11 507/3/11 506/3/11
f 500/3/12 508/3/12 507/3/12
f 501/3/13 509/3/13 508/3/13
f 502/3/14 510/3/14 509/3/14
f 503/3/15 511/3/15 510/3/15
f 504/3/16 512/3/16 511/3/16
f 497/3/17 505/3/17 512/3/17
f 506/3/18 514/3/18 513/3/18
f 507/3/19 515/3/19 514/3/19
f 508/3/20 516/3/20 515/3/20
f 509/3/21 517/3/21 516/3/21
f 510/3/22 518/3/22 517/3/22
f 511/3/29 519/3/29 518/3/29
f 512/3/24 520/3/24 519/3/24
f 505/3/30 513/3/30 520/3/30
f 520/3/26 513/3/26 514/3/26
f 514/3/26 515/3/26 520/3/26
f 515/3/26 516/3/26 520/3/26
f 516/3/26 517/3/26 518/3/26
f 518/3/26 519/3/26 516/3/26
f 523/5/47 522/5/47 521/5/47
f 521/5/48 522/5/48 526/5/48
f 523/5/49 527/5/49 526/5/49
f 523/5/50 524/5/50 528/5/50
f 521/5/51 525/5/51 528/5/51
f 525/5/52 526/5/52 527/5/52
f 529/3/1 536/3/1 531/3/1
f 536/3/1 535/3/1 531/3/1
f 535/3/1 534/3/1 533/3/1
f 533/3/1 532/3/1 535/3/1
f 532/3/1 531/3/1 535/3/1
f 530/3/2 538/3/2 537/3/2
f 530/3/3 531/3/3 539/3/3
f 532/3/4 540/3/4 539/3/4
f 533/3/5 541/3/5 540/3/5
f 534/3/6 542/3/6 541/3/6
f 534/3/28 535/3/28 543/3/28
f 536/3/8 544/3/8 543/3/8
f 529/3/9 537/3/9 544/3/9
f 538/3/10 546/3/10 545/3/10
f 539/3/11 547/3/11 546/3/11
f 540/3/12 548/3/12 547/3/12
f 541/3/13 549/3/13 548/3/13
f 542/3/14 550/3/14 549/3/14
f 543/3/15 551/3/15 550/3/15
f 544/3/16 552/3/16 551/3/16
f 537/3/17 545/3/17 552/3/17
f 546/3/18 554/3/18 553/3/18
f 546/3/19 547/3/19 555/3/19
f 548/3/20 556/3/20 555/3/20
f 548/3/46 549/3/46 557/3/46
f 550/3/22 558/3/22 557/3/22
f 550/3/29 551/3/29 559/3/29
f 552/3/24 560/3/24 559/3/24
f 545/3/25 553/3/25 560/3/25
f 560/3/26 553/3/26 554/3/26
f 554/3/26 555/3/26 560/3/26
f 555/3/26 556/3/26 560/3/26
f 556/3/26 557/3/26 558/3/26
f 558/3/26 559/3/26 556/3/26
f 564/5/47 563/5/47 562/5/47
f 561/5/48 562/5/48 566/5/48
f 563/5/49 567/5/49 566/5/49
f 564/5/50 568/5/50 567/5/50
f 564/5/51 561/5/51 565/5/51
f 566/5/52 567/5/52 568/5/52
f 569/5/1 576/5/1 571/5/1
f 576/5/1 575/5/1 571/5/1
f 575/5/1 574/5/1 573/5/1
f 573/5/1 572/5/1 575/5/1
f 572/5/1 571/5/1 575/5/1
f 569/5/2 570/5/2 578/5/2
f 570/5/27 571/5/27 579/5/27
f 572/5/4 580/5/4 579/5/4
f 573/5/32 581/5/32 580/5/32
f 574/5/6 582/5/6 581/5/6
f 575/5/7 583/5/7 582/5/7
f 575/5/8 576/5/8 584/5/8
f 576/5/9 569/5/9 577/5/9
f 578/5/10 586/5/10 585/5/10
f 579/5/11 587/5/11 586/5/11
f 580/5/12 588/5/12 587/5/12
f 581/5/13 589/5/13 588/5/13
f 582/5/14 590/5/14 589/5/14
f 583/5/15 591/5/15 590/5/15
f 584/5/16 592/5/16 591/5/16
f 577/5/17 585/5/17 592/5/17
f 586/5/18 594/5/18 593/5/18
f 587/5/35 595/5/35 594/5/35
f 588/5/20 596/5/20 595/5/20
f 588/5/46 589/5/46 597/5/46
f 589/5/22 590/5/22 598/5/22
f 590/5/23 591/5/23 599/5/23
f 592/5/24 600/5/24 599/5/24
f 585/5/25 593/5/25 600/5/25
f 600/5/26 593/5/26 594/5/26
f 594/5/26 595/5/26 600/5/26
f 595/5/26 596/5/26 600/5/26
f 596/5/26 597/5/26 598/5/26
f 598/5/26 599/5/26 596/5/26
f 603/6/1 602/6/1 601/6/1
f 606/6/26 607/6/26 608/6/26
f 602/6/10 606/6/10 605/6/10
f 603/6/12 607/6/12 606/6/12
f 604/6/14 608/6/14 607/6/14
f 601/6/16 605/6/16 608/6/16
f 611/8/1 610/8/1 609/8/1
f 614/8/26 615/8/26 616/8/26
f 610/8/10 614/8/10 613/8/10
f 611/8/12 615/8/12 614/8/12
f 612/8/14 616/8/14 615/8/14
f 609/8/16 613/8/16 616/8/16
f 617/9/1 624/9/1 623/9/1
f 623/9/1 622/9/1 617/9/1
f 622/9/1 621/9/1 617/9/1
f 621/9/1 620/9/1 619/9/1
f 619/9/1 618/9/1 621/9/1
f 618/9/2 626/9/2 625/9/2
f 619/9/27 627/9/27 626/9/27
f 620/9/4 628/9/4 627/9/4
f 621/9/53 629/9/53 628/9/53
f 622/9/6 630/9/6 629/9/6
f 623/9/54 631/9/54 630/9/54
f 624/9/8 632/9/8 631/9/8
f 617/9/9 625/9/9 632/9/9
f 626/9/10 634/9/10 633/9/10
f 627/9/11 635/9/11 634/9/11
f 628/9/12 636/9/12 635/9/12
f 629/9/13 637/9/13 636/9/13
f 630/9/14 638/9/14 637/9/14
f 631/9/15 639/9/15 638/9/15
f 632/9/16 640/9/16 639/9/16
f 625/9/17 633/9/17 640/9/17
f 634/9/18 642/9/18 641/9/18
f 634/9/19 635/9/19 643/9/19
f 636/9/20 644/9/20 643/9/20
f 637/9/21 645/9/21 644/9/21
f 638/9/22 646/9/22 645/9/22
f 638/9/23 639/9/23 647/9/23
f 639/9/24 640/9/24 648/9/24
f 633/9/25 641/9/25 648/9/25
f 648/9/26 641/9/26 646/9/26
f 641/9/26 642/9/26 646/9/26
f 642/9/26 643/9/26 644/9/26
f 644/9/26 645/9/26 642/9/26
f 645/9/26 646/9/26 642/9/26
f 651/3/1 650/3/1 649/3/1
f 654/3/26 655/3/26 656/3/26
f 650/3/10 654/3/10 653/3/10
f 651/3/12 655/3/12 654/3/12
f 652/3/14 656/3/14 655/3/14
f 649/3/16 653/3/16 656/3/16
f 659/5/1 658/5/1 657/5/1
f 662/5/26 663/5/26 664/5/26
f 658/5/10 662/5/10 661/5/10
f 659/5/12 663/5/12 662/5/12
f 660/5/14 664/5/14 663/5/14
f 657/5/16 661/5/16 664/5/16
f 667/5/1 666/5/1 665/5/1
f 670/5/26 671/5/26 672/5/26
f 666/5/10 670/5/10 669/5/10
f 667/5/12 671/5/12 670/5/12
f 668/5/14 672/5/14 671/5/14
f 665/5/16 669/5/16 672/5/16
f 675/6/1 674/6/1 673/6/1
f 678/6/26 679/6/26 680/6/26
f 674/6/10 678/6/10 677/6/10
f 675/6/12 679/6/12 678/6/12
f 676/6/14 680/6/14 679/6/14
f 673/6/16 677/6/16 680/6/16
f 681/5/1 688/5/1 687/5/1
f 687/5/1 686/5/1 681/5/1
f 686/5/1 685/5/1 681/5/1
f 685/5/1 684/5/1 683/5/1
f 683/5/1 682/5/1 685/5/1
f 682/5/2 690/5/2 689/5/2
f 683/5/31 691/5/31 690/5/31
f 683/5/4 684/5/4 692/5/4
f 684/5/53 685/5/53 693/5/53
f 686/5/6 694/5/6 693/5/6
f 687/5/33 695/5/33 694/5/33
f 687/5/8 688/5/8 696/5/8
f 688/5/60 681/5/60 689/5/60
f 690/5/10 698/5/10 697/5/10
f 691/5/11 699/5/11 698/5/11
f 692/5/12 700/5/12 699/5/12
f 693/5/13 701/5/13 700/5/13
f 694/5/14 702/5/14 701/5/14
f 695/5/15 703/5/15 702/5/15
f 696/5/16 704/5/16 703/5/16
f 689/5/17 697/5/17 704/5/17
f 698/5/18 706/5/18 705/5/18
f 699/5/35 707/5/35 706/5/35
f 700/5/20 708/5/20 707/5/20
f 701/5/61 709/5/61 708/5/61
f 702/5/22 710/5/22 709/5/22
f 702/5/40 703/5/40 711/5/40
f 704/5/24 712/5/24 711/5/24
f 704/5/62 697/5/62 705/5/62
f 712/5/26 705/5/26 710/5/26
f 705/5/26 706/5/26 710/5/26
f 706/5/26 707/5/26 708/5/26
f 708/5/26 709/5/26 706/5/26
f 709/5/26 710/5/26 706/5/26
f 713/10/1 720/10/1 719/10/1
f 719/10/1 718/10/1 713/10/1
f 718/10/1 717/10/1 713/10/1
f 717/10/1 716/10/1 715/10/1
f 715/10/1 714/10/1 717/10/1
f 714/10/2 722/10/2 721/10/2
f 715/10/27 723/10/27 722/10/27
f 716/10/4 724/10/4 723/10/4
f 716/10/32 717/10/32 725/10/32
f 718/10/6 726/10/6 725/10/6
f 719/10/33 727/10/33 726/10/33
f 720/10/8 728/10/8 727/10/8
f 713/10/9 721/10/9 728/10/9
f 722/10/10 730/10/10 729/10/10
f 723/10/11 731/10/11 730/10/11
f 724/10/12 732/10/12 731/10/12
f 725/10/13 733/10/13 732/10/13
f 726/10/14 734/10/14 733/10/14
f 727/10/15 735/10/15 734/10/15
f 728/10/16 736/10/16 735/10/16
f 721/10/17 729/10/17 736/10/17
f 730/10/18 738/10/18 737/10/18
f 731/10/58 739/10/58 738/10/58
f 732/10/20 740/10/20 739/10/20
f 732/10/36 733/10/36 741/10/36
f 734/10/22 742/10/22 741/10/22
f 735/10/59 743/10/59 742/10/59
f 736/10/24 744/10/24 743/10/24
f 729/10/25 737/10/25 744/10/25
f 744/10/26 737/10/26 742/10/26
f 737/10/26 738/10/26 742/10/26
f 738/10/26 739/10/26 740/10/26
f 740/10/26 741/10/26 738/10/26
f 741/10/26 742/10/26 738/10/26
f 747/5/1 746/5/1 745/5/1
f 750/5/26 751/5/26 752/5/26
f 746/5/10 750/5/10 749/5/10
f 747/5/12 751/5/12 750/5/12
f 748/5/14 752/5/14 751/5/14
f 745/5/16 749/5/16 752/5/16
f 755/5/1 754/5/1 753/5/1
f 758/5/26 759/5/26 760/5/26
f 754/5/10 758/5/10 757/5/10
f 755/5/12 759/5/12 758/5/12
f 756/5/14 760/5/14 759/5/14
f 753/5/16 757/5/16 760/5/16
f 763/5/1 762/5/1 761/5/1
f 766/5/26 767/5/26 768/5/26
f 762/5/10 766/5/10 765/5/10
f 763/5/12 767/5/12 766/5/12
f 764/5/14 768/5/14 767/5/14
f 761/5/16 765/5/16 768/5/16
f 771/5/1 770/5/1 769/5/1
f 774/5/26 775/5/26 776/5/26
f 770/5/10 774/5/10 773/5/10
f 771/5/12 775/5/12 774/5/12
f 772/5/14 776/5/14 775/5/14
f 769/5/16 773/5/16 776/5/16
f 779/5/1 778/5/1 777/5/1
f 782/5/26 783/5/26 784/5/26
f 778/5/10 782/5/10 781/5/10
f 779/5/12 783/5/12 782/5/12
f 780/5/14 784/5/14 783/5/14
f 777/5/16 781/5/16 784/5/16
f 785/6/1 792/6/1 791/6/1
f 791/6/1 790/6/1 785/6/1
f 790/6/1 789/6/1 785/6/1
f 789/6/1 788/6/1 787/6/1
f 787/6/1 786/6/1 789/6/1
f 786/6/2 794/6/2 793/6/2
f 787/6/57 795/6/57 794/6/57
f 788/6/4 796/6/4 795/6/4
f 788/6/5 789/6/5 797/6/5
f 790/6/6 798/6/6 797/6/6
f 791/6/54 799/6/54 798/6/54
f 792/6/8 800/6/8 799/6/8
f 792/6/34 785/6/34 793/6/34
f 794/6/10 802/6/10 801/6/10
f 795/6/11 803/6/11 802/6/11
f 796/6/12 804/6/12 803/6/12
f 797/6/13 805/6/13 804/6/13
f 798/6/14 806/6/14 805/6/14
f 799/6/15 807/6/15 806/6/15
f 800/6/16 808/6/16 807/6/16
f 793/6/17 801/6/17 808/6/17
f 802/6/18 810/6/18 809/6/18
f 802/6/58 803/6/58 811/6/58
f 804/6/20 812/6/20 811/6/20
f 805/6/46 813/6/46 812/6/46
f 806/6/22 814/6/22 813/6/22
f 806/6/59 807/6/59 815/6/59
f 808/6/24 816/6/24 815/6/24
f 801/6/30 809/6/30 816/6/30
f 816/6/26 809/6/26 814/6/26
f 809/6/26 810/6/26 814/6/26
f 810/6/26 811/6/26 812/6/26
f 812/6/26 813/6/26 810/6/26
f 813/6/26 814/6/26 810/6/26
f 817/9/1 828/9/1 825/9/1
f 828/9/1 827/9/1 825/9/1
f 827/9/1 826/9/1 825/9/1
f 825/9/1 824/9/1 823/9/1
f 823/9/1 822/9/1 825/9/1
f 822/9/1 821/9/1 825/9/1
f 821/9/1 820/9/1 819/9/1
f 819/9/1 818/9/1 817/9/1
f 821/9/1 819/9/1 817/9/1
f 818/9/63 830/9/63 829/9/63
f 819/9/15 831/9/15 830/9/15
f 820/9/64 832/9/64 831/9/64
f 821/9/65 833/9/65 832/9/65
f 822/9/17 834/9/17 833/9/17
f 823/9/66 835/9/66 834/9/66
f 824/9/67 836/9/67 835/9/67
f 825/9/11 837/9/11 836/9/11
f 826/9/68 838/9/68 837/9/68
f 827/9/69 839/9/69 838/9/69
f 828/9/13 840/9/13 839/9/13
f 817/9/70 829/9/70 840/9/70
f 840/9/26 829/9/26 830/9/26
f 830/9/26 831/9/26 832/9/26
f 832/9/26 833/9/26 836/9/26
f 833/9/26 834/9/26 836/9/26
f 834/9/26 835/9/26 836/9/26
f 836/9/26 837/9/26 838/9/26
f 838/9/26 839/9/26 836/9/26
f 839/9/26 840/9/26 836/9/26
f 840/9/26 830/9/26 832/9/26
f 841/3/1 852/3/1 851/3/1
f 851/3/1 850/3/1 849/3/1
f 849/3/1 848/3/1 847/3/1
f 847/3/1 846/3/1 849/3/1
f 846/3/1 845/3/1 849/3/1
f 845/3/1 844/3/1 841/3/1
f 844/3/1 843/3/1 841/3/1
f 843/3/1 842/3/1 841/3/1
f 841/3/1 851/3/1 845/3/1
f 842/3/63 854/3/63 853/3/63
f 843/3/15 855/3/15 854/3/15
f 844/3/64 856/3/64 855/3/64
f 845/3/65 857/3/65 856/3/65
f 846/3/17 858/3/17 857/3/17
f 847/3/66 859/3/66 858/3/66
f 848/3/67 860/3/67 859/3/67
f 849/3/11 861/3/11 860/3/11
f 850/3/68 862/3/68 861/3/68
f 851/3/69 863/3/69 862/3/69
f 852/3/13 864/3/13 863/3/13
f 841/3/70 853/3/70 864/3/70
f 864/3/26 853/3/26 856/3/26
f 853/3/26 854/3/26 856/3/26
f 854/3/26 855/3/26 856/3/26
f 856/3/26 857/3/26 858/3/26
f 858/3/26 859/3/26 856/3/26
f 859/3/26 860/3/26 856/3/26
f 860/3/26 861/3/26 862/3/26
f 862/3/26 863/3/26 864/3/26
f 860/3/26 862/3/26 856/3/26
f 865/9/1 876/9/1 873/9/1
f 876/9/1 875/9/1 873/9/1
f 875/9/1 874/9/1 873/9/1
f 873/9/1 872/9/1 871/9/1
f 871/9/1 870/9/1 873/9/1
f 870/9/1 869/9/1 873/9/1
f 869/9/1 868/9/1 867/9/1
f 867/9/1 866/9/1 865/9/1
f 869/9/1 867/9/1 865/9/1
f 866/9/63 878/9/63 877/9/63
f 867/9/15 879/9/15 878/9/15
f 868/9/64 880/9/64 879/9/64
f 869/9/65 881/9/65 880/9/65
f 870/9/17 882/9/17 881/9/17
f 871/9/66 883/9/66 882/9/66
f 872/9/67 884/9/67 883/9/67
f 873/9/11 885/9/11 884/9/11
f 874/9/68 886/9/68 885/9/68
f 875/9/69 887/9/69 886/9/69
f 876/9/13 888/9/13 887/9/13
f 865/9/70 877/9/70 888/9/70
f 888/9/26 877/9/26 878/9/26
f 878/9/26 879/9/26 880/9/26
f 880/9/26 881/9/26 884/9/26
f 881/9/26 882/9/26 884/9/26
f 882/9/26 883/9/26 884/9/26
f 884/9/26 885/9/26 886/9/26
f 886/9/26 887/9/26 884/9/26
f 887/9/26 888/9/26 884/9/26
f 888/9/26 878/9/26 880/9/26
f 889/3/1 900/3/1 899/3/1
f 899/3/1 898/3/1 889/3/1
f 898/3/1 897/3/1 889/3/1
f 897/3/1 896/3/1 893/3/1
f 896/3/1 895/3/1 893/3/1
f 895/3/1 894/3/1 893/3/1
f 893/3/1 892/3/1 891/3/1
f 891/3/1 890/3/1 889/3/1
f 893/3/1 891/3/1 897/3/1
f 890/3/63 902/3/63 901/3/63
f 891/3/15 903/3/15 902/3/15
f 892/3/64 904/3/64 903/3/64
f 893/3/65 905/3/65 904/3/65
f 894/3/17 906/3/17 905/3/17
f 895/3/66 907/3/66 906/3/66
f 896/3/67 908/3/67 907/3/67
f 897/3/11 909/3/11 908/3/11
f 898/3/68 910/3/68 909/3/68
f 899/3/69 911/3/69 910/3/69
f 900/3/13 912/3/13 911/3/13
f 889/3/70 901/3/70 912/3/70
f 912/3/26 901/3/26 902/3/26
f 902/3/26 903/3/26 912/3/26
f 903/3/26 904/3/26 912/3/26
f 904/3/26 905/3/26 908/3/26
f 905/3/26 906/3/26 908/3/26
f 906/3/26 907/3/26 908/3/26
f 908/3/26 909/3/26 910/3/26
f 910/3/26 911/3/26 912/3/26
f 908/3/26 910/3/26 904/3/26
o Wheel_LB
v -1.425000 1.040000 -1.150000
v -1.425000 1.000417 -0.951005
v -1.425000 0.887695 -0.782304
v -1.425000 0.718995 -0.669583
v -1.425000 0.520000 -0.630000
v -1.425000 0.321005 -0.669583
v -1.425000 0.152304 -0.782304
v -1.425000 0.039583 -0.951005
v -1.425000 0.000000 -1.150000
v -1.425000 0.039583 -1.348995
v -1.425000 0.152304 -1.517695
v -1.425000 0.321005 -1.630417
v -1.425000 0.520000 -1.670000
v -1.425000 0.718995 -1.630417
v -1.425000 0.887695 -1.517695
v -1.425000 1.000417 -1.348995
v -1.075000 1.040000 -1.150000
v -1.075000 1.000417 -0.951005
v -1.075000 0.887695 -0.782304
v -1.075000 0.718995 -0.669583
v -1.075000 0.520000 -0.630000
v -1.075000 0.321005 -0.669583
v -1.075000 0.152304 -0.782304
v -1.075000 0.039583 -0.951005
v -1.075000 0.000000 -1.150000
v -1.075000 0.039583 -1.348995
v -1.075000 0.152304 -1.517695
v -1.075000 0.321005 -1.630417
v -1.075000 0.520000 -1.670000
v -1.075000 0.718995 -1.630417
v -1.075000 0.887695 -1.517695
v -1.075000 1.000417 -1.348995
v -1.445000 0.475000 -0.595000
v -1.055000 0.475000 -0.595000
v -1.055000 0.475000 -0.685000
v -1.445000 0.475000 -0.685000
v -1.445000 0.565000 -0.595000
v -1.055000 0.565000 -0.595000
v -1.055000 0.565000 -0.685000
v -1.445000 0.565000 -0.685000
v -1.445000 0.632599 -0.619961
v -1.055000 0.632599 -0.619961
v -1.055000 0.632599 -0.709961
v -1.445000 0.632599 -0.709961
v -1.445000 0.722599 -0.619961
v -1.055000 0.722599 -0.619961
v -1.055000 0.722599 -0.709961
v -1.445000 0.722599 -0.709961
v -1.445000 0.774770 -0.692401
v -1.055000 0.774770 -0.692401
v -1.055000 0.774770 -0.782401
v -1.445000 0.774770 -0.782401
v -1.445000 0.864770 -0.692401
v -1.055000 0.864770 -0.692401
v -1.055000 0.864770 -0.782401
v -1.445000 0.864770 -0.782401
v -1.445000 0.887599 -0.805229
v -1.055000 0.887599 -0.805229
v -1.055000 0.887599 -0.895229
v -1.445000 0.887599 -0.895229
v -1.445000 0.977599 -0.805229
v -1.055000 0.977599 -0.805229
v -1.055000 0.977599 -0.895229
v -1.445000 0.977599 -0.895229
v -1.445000 0.960039 -0.947401
v -1.055000 0.960039 -0.947401
v -1.055000 0.960039 -1.037401
v -1.445000 0.960039 -1.037401
v -1.445000 1.050039 -0.947401
v -1.055000 1.050039 -0.947401
v -1.055000 1.050039 -1.037401
v -1.445000 1.050039 -1.037401
v -1.445000 0.985000 -1.105000
v -1.055000 0.985000 -1.105000
v -1.055000 0.985000 -1.195000
v -1.445000 0.985000 -1.195000
v -1.445000 1.075000 -1.105000
v -1.055000 1.075000 -1.105000
v -1.055000 1.075000 -1.195000
v -1.445000 1.075000 -1.195000
v -1.445000 0.960039 -1.262599
v -1.055000 0.960039 -1.262599
v -1.055000 0.960039 -1.352599
v -1.445000 0.960039 -1.352599
v -1.445000 1.050039 -1.262599
v -1.055000 1.050039 -1.262599
v -1.055000 1.050039 -1.352599
v -1.445000 1.050039 -1.352599
v -1.445000 0.887599 -1.404770
v -1.055000 0.887599 -1.404770
v -1.055000 0.887599 -1.494771
v -1.445000 0.887599 -1.494771
v -1.445000 0.977599 -1.404770
v -1.055000 0.977599 -1.404770
v -1.055000 0.977599 -1.494771
v -1.445000 0.977599 -1.494771
v -1.445000 0.774770 -1.517599
v -1.055000 0.774770 -1.517599
v -1.055000 0.774770 -1.607599
v -1.445000 0.774770 -1.607599
v -1.445000 0.864770 -1.517599
v -1.055000 0.864770 -1.517599
v -1.055000 0.864770 -1.607599
v -1.445000 0.864770 -1.607599
v -1.445000 0.632599 -1.590039
v -1.055000 0.632599 -1.590039
v -1.055000 0.632599 -1.680039
v -1.445000 0.632599 -1.680039
v -1.445000 0.722599 -1.590039
v -1.055000 0.722599 -1.590039
v -1.055000 0.722599 -1.680039
v -1.445000 0.722599 -1.680039
v -1.445000 0.475000 -1.615000
v -1.055000 0.475000 -1.615000
v -1.055000 0.475000 -1.705000
v -1.445000 0.475000 -1.705000
v -1.445000 0.565000 -1.615000
v -1.055000 0.565000 -1.615000
v -1.055000 0.565000 -1.705000
v -1.445000 0.565000 -1.705000
v -1.445000 0.317401 -1.590039
v -1.055000 0.317401 -1.590039
v -1.055000 0.317401 -1.680039
v -1.445000 0.317401 -1.680039
v -1.445000 0.407401 -1.590039
v -1.055000 0.407401 -1.590039
v -1.055000 0.407401 -1.680039
v -1.445000 0.407401 -1.680039
v -1.445000 0.175229 -1.517599
v -1.055000 0.175229 -1.517599
v -1.055000 0.175229 -1.607599
v -1.445000 0.175229 -1.607599
v -1.445000 0.265229 -1.517599
v -1.055000 0.265229 -1.517599
v -1.055000 0.265229 -1.607599
v -1.445000 0.265229 -1.607599
v -1.445000 0.062401 -1.404770
v -1.055000 0.062401 -1.404770
v -1.055000 0.062401 -1.494771
v -1.445000 0.062401 -1.494771
v -1.445000 0.152401 -1.404770
v -1.055000 0.152401 -1.404770
v -1.055000 0.152401 -1.494771
v -1.445000 0.152401 -1.494771
v -1.445000 -0.010039 -1.262599
v -1.055000 -0.010039 -1.262599
v -1.055000 -0.010039 -1.352599
v -1.445000 -0.010039 -1.352599
v -1.445000 0.079961 -1.262599
v -1.055000 0.079961 -1.262599
v -1.055000 0.079961 -1.352599
v -1.445000 0.079961 -1.352599
v -1.445000 -0.035000 -1.105000
v -1.055000 -0.035000 -1.105000
v -1.055000 -0.035000 -1.195000
v -1.445000 -0.035000 -1.195000
v -1.445000 0.055000 -1.105000
v -1.055000 0.055000 -1.105000
v -1.055000 0.055000 -1.195000
v -1.445000 0.055000 -1.195000
v -1.445000 -0.010039 -0.947401
v -1.055000 -0.010039 -0.947401
v -1.055000 -0.010039 -1.037401
v -1.445000 -0.010039 -1.037401
v -1.445000 0.079961 -0.947401
v -1.055000 0.079961 -0.947401
v -1.055000 0.079961 -1.037401
v -1.445000 0.079961 -1.037401
v -1.445000 0.062401 -0.805229
v -1.055000 0.062401 -0.805229
v -1.055000 0.062401 -0.895229
v -1.445000 0.062401 -0.895229
v -1.445000 0.152401 -0.805229
v -1.055000 0.152401 -0.805229
v -1.055000 0.152401 -0.895229
v -1.445000 0.152401 -0.895229
v -1.445000 0.175229 -0.692401
v -1.055000 0.175229 -0.692401
v -1.055000 0.175229 -0.782401
v -1.445000 0.175229 -0.782401
v -1.445000 0.265229 -0.692401
v -1.055000 0.265229 -0.692401
v -1.055000 0.265229 -0.782401
v -1.445000 0.265229 -0.782401
v -1.445000 0.317401 -0.619961
v -1.055000 0.317401 -0.619961
v -1.055000 0.317401 -0.709961
v -1.445000 0.317401 -0.709961
v -1.445000 0.407401 -0.619961
v -1.055000 0.407401 -0.619961
v -1.055000 0.407401 -0.709961
v -1.445000 0.407401 -0.709961
v -1.457500 0.840000 -1.150000
v -1.457500 0.797128 -0.990000
v -1.457500 0.680000 -0.872872
v -1.457500 0.520000 -0.830000
v -1.457500 0.360000 -0.872872
v -1.457500 0.242872 -0.990000
v -1.457500 0.200000 -1.150000
v -1.457500 0.242872 -1.310000
v -1.457500 0.360000 -1.427128
v -1.457500 0.520000 -1.470000
v -1.457500 0.680000 -1.427128
v -1.457500 0.797128 -1.310000
v -1.412500 0.840000 -1.150000
v -1.412500 0.797128 -0.990000
v -1.412500 0.680000 -0.872872
v -1.412500 0.520000 -0.830000
v -1.412500 0.360000 -0.872872
v -1.412500 0.242872 -0.990000
v -1.412500 0.200000 -1.150000
v -1.412500 0.242872 -1.310000
v -1.412500 0.360000 -1.427128
v -1.412500 0.520000 -1.470000
v -1.412500 0.680000 -1.427128
v -1.412500 0.797128 -1.310000
v -1.482500 0.760000 -1.150000
v -1.482500 0.727846 -1.030000
v -1.482500 0.640000 -0.942154
v -1.482500 0.520000 -0.910000
v -1.482500 0.400000 -0.942154
v -1.482500 0.312154 -1.030000
v -1.482500 0.280000 -1.150000
v -1.482500 0.312154 -1.270000
v -1.482500 0.400000 -1.357846
v -1.482500 0.520000 -1.390000
v -1.482500 0.640000 -1.357846
v -1.482500 0.727846 -1.270000
v -1.447500 0.760000 -1.150000
v -1.447500 0.727846 -1.030000
v -1.447500 0.640000 -0.942154
v -1.447500 0.520000 -0.910000
v -1.447500 0.400000 -0.942154
v -1.447500 0.312154 -1.030000
v -1.447500 0.280000 -1.150000
v -1.447500 0.312154 -1.270000
v -1.447500 0.400000 -1.357846
v -1.447500 0.520000 -1.390000
v -1.447500 0.640000 -1.357846
v -1.447500 0.727846 -1.270000
v -1.525000 0.620000 -1.150000
v -1.525000 0.600902 -1.091221
v -1.525000 0.550902 -1.054894
v -1.525000 0.489098 -1.054894
v -1.525000 0.439098 -1.091221
v -1.525000 0.420000 -1.150000
v -1.525000 0.439098 -1.208779
v -1.525000 0.489098 -1.245106
v -1.525000 0.550902 -1.245106
v -1.525000 0.600902 -1.208779
v -1.455000 0.620000 -1.150000
v -1.455000 0.600902 -1.091221
v -1.455000 0.550902 -1.054894
v -1.455000 0.489098 -1.054894
v -1.455000 0.439098 -1.091221
v -1.455000 0.420000 -1.150000
v -1.455000 0.439098 -1.208779
v -1.455000 0.489098 -1.245106
v -1.455000 0.550902 -1.245106
v -1.455000 0.600902 -1.208779
v -1.504000 0.546000 -0.990000
v -1.504000 0.533000 -0.967483
v -1.504000 0.507000 -0.967483
v -1.504000 0.494000 -0.990000
v -1.504000 0.507000 -1.012517
v -1.504000 0.533000 -1.012517
v -1.482000 0.546000 -0.990000
v -1.482000 0.533000 -0.967483
v -1.482000 0.507000 -0.967483
v -1.482000 0.494000 -0.990000
v -1.482000 0.507000 -1.012517
v -1.482000 0.533000 -1.012517
v -1.504000 0.684564 -1.070000
v -1.504000 0.671564 -1.047483
v -1.504000 0.645564 -1.047483
v -1.504000 0.632564 -1.070000
v -1.504000 0.645564 -1.092517
v -1.504000 0.671564 -1.092517
v -1.482000 0.684564 -1.070000
v -1.482000 0.671564 -1.047483
v -1.482000 0.645564 -1.047483
v -1.482000 0.632564 -1.070000
v -1.482000 0.645564 -1.092517
v -1.482000 0.671564 -1.092517
v -1.504000 0.684564 -1.230000
v -1.504000 0.671564 -1.207483
v -1.504000 0.645564 -1.207483
v -1.504000 0.632564 -1.230000
v -1.504000 0.645564 -1.252517
v -1.504000 0.671564 -1.252517
v -1.482000 0.684564 -1.230000
v -1.482000 0.671564 -1.207483
v -1.482000 0.645564 -1.207483
v -1.482000 0.632564 -1.230000
v -1.482000 0.645564 -1.252517
v -1.482000 0.671564 -1.252517
v -1.504000 0.546000 -1.310000
v -1.504000 0.533000 -1.287483
v -1.504000 0.507000 -1.287483
v -1.504000 0.494000 -1.310000
v -1.504000 0.507000 -1.332517
v -1.504000 0.533000 -1.332517
v -1.482000 0.546000 -1.310000
v -1.482000 0.533000 -1.287483
v -1.482000 0.507000 -1.287483
v -1.482000 0.494000 -1.310000
v -1.482000 0.507000 -1.332517
v -1.482000 0.533000 -1.332517
v -1.504000 0.407436 -1.230000
v -1.504000 0.394436 -1.207483
v -1.504000 0.368436 -1.207483
v -1.504000 0.355436 -1.230000
v -1.504000 0.368436 -1.252517
v -1.504000 0.394436 -1.252517
v -1.482000 0.407436 -1.230000
v -1.482000 0.394436 -1.207483
v -1.482000 0.368436 -1.207483
v -1.482000 0.355436 -1.230000
v -1.482000 0.368436 -1.252517
v -1.482000 0.394436 -1.252517
v -1.504000 0.407436 -1.070000
v -1.504000 0.394436 -1.047483
v -1.504000 0.368436 -1.047483
v -1.504000 0.355436 -1.070000
v -1.504000 0.368436 -1.092517
v -1.504000 0.394436 -1.092517
v -1.482000 0.407436 -1.070000
v -1.482000 0.394436 -1.047483
v -1.482000 0.368436 -1.047483
v -1.482000 0.355436 -1.070000
v -1.482000 0.368436 -1.092517
v -1.482000 0.394436 -1.092517
v -1.087500 0.840000 -1.150000
v -1.087500 0.797128 -0.990000
v -1.087500 0.680000 -0.872872
v -1.087500 0.520000 -0.830000
v -1.087500 0.360000 -0.872872
v -1.087500 0.242872 -0.990000
v -1.087500 0.200000 -1.150000
v -1.087500 0.242872 -1.310000
v -1.087500 0.360000 -1.427128
v -1.087500 0.520000 -1.470000
v -1.087500 0.680000 -1.427128
v -1.087500 0.797128 -1.310000
v -1.042500 0.840000 -1.150000
v -1.042500 0.797128 -0.990000
v -1.042500 0.680000 -0.872872
v -1.042500 0.520000 -0.830000
v -1.042500 0.360000 -0.872872
v -1.042500 0.242872 -0.990000
v -1.042500 0.200000 -1.150000
v -1.042500 0.242872 -1.310000
v -1.042500 0.360000 -1.427128
v -1.042500 0.520000 -1.470000
v -1.042500 0.680000 -1.427128
v -1.042500 0.797128 -1.310000
v -1.052500 0.760000 -1.150000
v -1.052500 0.727846 -1.030000
v -1.052500 0.640000 -0.942154
v -1.052500 0.520000 -0.910000
v -1.052500 0.400000 -0.942154
v -1.052500 0.312154 -1.030000
v -1.052500 0.280000 -1.150000
v -1.052500 0.312154 -1.270000
v -1.052500 0.400000 -1.357846
v -1.052500 0.520000 -1.390000
v -1.052500 0.640000 -1.357846
v -1.052500 0.727846 -1.270000
v -1.017500 0.760000 -1.150000
v -1.017500 0.727846 -1.030000
v -1.017500 0.640000 -0.942154
v -1.017500 0.520000 -0.910000
v -1.017500 0.400000 -0.942154
v -1.017500 0.312154 -1.030000
v -1.017500 0.280000 -1.150000
v -1.017500 0.312154 -1.270000
v -1.017500 0.400000 -1.357846
v -1.017500 0.520000 -1.390000
v -1.017500 0.640000 -1.357846
v -1.017500 0.727846 -1.270000
v -1.045000 0.620000 -1.150000
v -1.045000 0.600902 -1.091221
v -1.045000 0.550902 -1.054894
v -1.045000 0.489098 -1.054894
v -1.045000 0.439098 -1.091221
v -1.045000 0.420000 -1.150000
v -1.045000 0.439098 -1.208779
v -1.045000 0.489098 -1.245106
v -1.045000 0.550902 -1.245106
v -1.045000 0.600902 -1.208779
v -0.975000 0.620000 -1.150000
v -0.975000 0.600902 -1.091221
v -0.975000 0.550902 -1.054894
v -0.975000 0.489098 -1.054894
v -0.975000 0.439098 -1.091221
v -0.975000 0.420000 -1.150000
v -0.975000 0.439098 -1.208779
v -0.975000 0.489098 -1.245106
v -0.975000 0.550902 -1.245106
v -0.975000 0.600902 -1.208779
v -1.018000 0.546000 -0.990000
v -1.018000 0.533000 -0.967483
v -1.018000 0.507000 -0.967483
v -1.018000 0.494000 -0.990000
v -1.018000 0.507000 -1.012517
v -1.018000 0.533000 -1.012517
v -0.996000 0.546000 -0.990000
v -0.996000 0.533000 -0.967483
v -0.996000 0.507000 -0.967483
v -0.996000 0.494000 -0.990000
v -0.996000 0.507000 -1.012517
v -0.996000 0.533000 -1.012517
v -1.018000 0.684564 -1.070000
v -1.018000 0.671564 -1.047483
v -1.018000 0.645564 -1.047483
v -1.018000 0.632564 -1.070000
v -1.018000 0.645564 -1.092517
v -1.018000 0.671564 -1.092517
v -0.996000 0.684564 -1.070000
v -0.996000 0.671564 -1.047483
v -0.996000 0.645564 -1.047483
v -0.996000 0.632564 -1.070000
v -0.996000 0.645564 -1.092517
v -0.996000 0.671564 -1.092517
v -1.018000 0.684564 -1.230000
v -1.018000 0.671564 -1.207483
v -1.018000 0.645564 -1.207483
v -1.018000 0.632564 -1.230000
v -1.018000 0.645564 -1.252517
v -1.018000 0.671564 -1.252517
v -0.996000 0.684564 -1.230000
v -0.996000 0.671564 -1.207483
v -0.996000 0.645564 -1.207483
v -0.996000 0.632564 -1.230000
v -0.996000 0.645564 -1.252517
v -0.996000 0.671564 -1.252517
v -1.018000 0.546000 -1.310000
v -1.018000 0.533000 -1.287483
v -1.018000 0.507000 -1.287483
v -1.018000 0.494000 -1.310000
v -1.018000 0.507000 -1.332517
v -1.018000 0.533000 -1.332517
v -0.996000 0.546000 -1.310000
v -0.996000 0.533000 -1.287483
v -0.996000 0.507000 -1.287483
v -0.996000 0.494000 -1.310000
v -0.996000 0.507000 -1.332517
v -0.996000 0.533000 -1.332517
v -1.018000 0.407436 -1.230000
v -1.018000 0.394436 -1.207483
v -1.018000 0.368436 -1.207483
v -1.018000 0.355436 -1.230000
v -1.018000 0.368436 -1.252517
v -1.018000 0.394436 -1.252517
v -0.996000 0.407436 -1.230000
v -0.996000 0.394436 -1.207483
v -0.996000 0.368436 -1.207483
v -0.996000 0.355436 -1.230000
v -0.996000 0.368436 -1.252517
v -0.996000 0.394436 -1.252517
v -1.018000 0.407436 -1.070000
v -1.018000 0.394436 -1.047483
v -1.018000 0.368436 -1.047483
v -1.018000 0.355436 -1.070000
v -1.018000 0.368436 -1.092517
v -1.018000 0.394436 -1.092517
v -0.996000 0.407436 -1.070000
v -0.996000 0.394436 -1.047483
v -0.996000 0.368436 -1.047483
v -0.996000 0.355436 -1.070000
v -0.996000 0.368436 -1.092517
v -0.996000 0.394436 -1.092517
vn -1.0000 -0.0000 -0.0000
vn -0.0000 0.9808 0.1951
vn -0.0000 0.8315 0.5556
vn -0.0000 0.5556 0.8315
vn -0.0000 0.1951 0.9808
vn -0.0000 -0.1951 0.9808
vn -0.0000 -0.5556 0.8315
vn -0.0000 -0.8315 0.5556
vn -0.0000 -0.9808 0.1951
vn -0.0000 -0.9808 -0.1951
vn -0.0000 -0.8315 -0.5556
vn -0.0000 -0.5556 -0.8315
vn -0.0000 -0.1951 -0.9808
vn -0.0000 0.1951 -0.9808
vn -0.0000 0.5556 -0.8315
vn -0.0000 0.8315 -0.5556
vn -0.0000 0.9808 -0.1951
vn 1.0000 -0.0000 -0.0000
vn -0.0000 -1.0000 -0.0000
vn -0.0000 1.0000 -0.0000
vn -0.0000 -0.0000 1.0000
vn -0.0000 -0.0000 -1.0000
vn -0.0000 0.9659 0.2588
vn -0.0000 0.7071 0.7071
vn -0.0000 0.2588 0.9659
vn -0.0000 -0.2588 0.9659
vn -0.0000 -0.7071 0.7071
vn -0.0000 -0.9659 0.2588
vn -0.0000 -0.9659 -0.2588
vn -0.0000 -0.7071 -0.7071
vn -0.0000 -0.2588 -0.9659
vn -0.0000 0.2588 -0.9659
vn -0.0000 0.7071 -0.7071
vn -0.0000 0.9659 -0.2588
vn -0.0000 0.9511 0.3090
vn -0.0000 0.5878 0.8090
vn -0.0000 -0.5878 0.8090
vn -0.0000 -0.9511 0.3090
vn -0.0000 -0.9511 -0.3090
vn -0.0000 -0.5878 -0.8090
vn -0.0000 0.5878 -0.8090
vn -0.0000 0.9511 -0.3090
vn -0.0000 0.8660 0.5000
vn -0.0000 -0.8660 0.5000
vn -0.0000 -0.8660 -0.5000
vn -0.0000 0.8660 -0.5000
vt 0.125000 0.375000
vt 0.375000 0.375000
vt 0.875000 0.125000
vt 0.125000 0.625000
vt 0.625000 0.125000
vt 0.375000 0.875000
s 0
usemtl Field_Palette
f 921/11/72 917/11/72 913/11/72
f 914/11/73 929/11/73 913/11/73
f 915/11/74 930/11/74 914/11/74
f 916/11/75 931/11/75 915/11/75
f 917/11/76 932/11/76 916/11/76
f 918/11/77 933/11/77 917/11/77
f 919/11/78 934/11/78 918/11/78
f 920/11/79 935/11/79 919/11/79
f 921/11/80 936/11/80 920/11/80
f 922/11/81 937/11/81 921/11/81
f 923/11/82 938/11/82 922/11/82
f 924/11/83 939/11/83 923/11/83
f 925/11/84 940/11/84 924/11/84
f 926/11/85 941/11/85 925/11/85
f 927/11/86 942/11/86 926/11/86
f 928/11/87 943/11/87 927/11/87
f 913/11/88 944/11/88 928/11/88
f 942/11/89 944/11/89 936/11/89
f 947/12/90 945/12/90 948/12/90
f 950/12/91 952/12/91 949/12/91
f 946/12/92 949/12/92 945/12/92
f 947/12/89 950/12/89 946/12/89
f 948/12/93 951/12/93 947/12/93
f 945/12/72 952/12/72 948/12/72
f 955/12/90 953/12/90 956/12/90
f 958/12/91 960/12/91 957/12/91
f 954/12/92 957/12/92 953/12/92
f 955/12/89 958/12/89 954/12/89
f 956/12/93 959/12/93 955/12/93
f 953/12/72 960/12/72 956/12/72
f 963/12/90 961/12/90 964/12/90
f 966/12/91 968/12/91 965/12/91
f 962/12/92 965/12/92 961/12/92
f 963/12/89 966/12/89 962/12/89
f 964/12/93 967/12/93 963/12/93
f 961/12/72 968/12/72 964/12/72
f 971/12/90 969/12/90 972/12/90
f 974/12/91 976/12/91 973/12/91
f 970/12/92 973/12/92 969/12/92
f 971/12/89 974/12/89 970/12/89
f 972/12/93 975/12/93 971/12/93
f 969/12/72 976/12/72 972/12/72
f 979/12/90 977/12/90 980/12/90
f 982/12/91 984/12/91 981/12/91
f 978/12/92 981/12/92 977/12/92
f 979/12/89 982/12/89 978/12/89
f 980/12/93 983/12/93 979/12/93
f 977/12/72 984/12/72 980/12/72
f 987/12/90 985/12/90 988/12/90
f 990/12/91 992/12/91 989/12/91
f 986/12/92 989/12/92 985/12/92
f 987/12/89 990/12/89 986/12/89
f 988/12/93 991/12/93 987/12/93
f 985/12/72 992/12/72 988/12/72
f 995/12/90 993/12/90 996/12/90
f 998/12/91 1000/12/91 997/12/91
f 994/12/92 997/12/92 993/12/92
f 995/12/89 998/12/89 994/12/89
f 996/12/93 999/12/93 995/12/93
f 993/12/72 1000/12/72 996/12/72
f 1003/12/90 1001/12/90 1004/12/90
f 1006/12/91 1008/12/91 1005/12/91
f 1002/12/92 1005/12/92 1001/12/92
f 1003/12/89 1006/12/89 1002/12/89
f 1004/12/93 1007/12/93 1003/12/93
f 1001/12/72 1008/12/72 1004/12/72
f 1011/12/90 1009/12/90 1012/12/90
f 1014/12/91 1016/12/91 1013/12/91
f 1010/12/92 1013/12/92 1009/12/92
f 1011/12/89 1014/12/89 1010/12/89
f 1012/12/93 1015/12/93 1011/12/93
f 1009/12/72 1016/12/72 1012/12/72
f 1019/12/90 1017/12/90 1020/12/90
f 1022/12/91 1024/12/91 1021/12/91
f 1018/12/92 1021/12/92 1017/12/92
f 1019/12/89 1022/12/89 1018/12/89
f 1020/12/93 1023/12/93 1019/12/93
f 1017/12/72 1024/12/72 1020/12/72
f 1027/12/90 1025/12/90 1028/12/90
f 1030/12/91 1032/12/91 1029/12/91
f 1026/12/92 1029/12/92 1025/12/92
f 1027/12/89 1030/12/89 1026/12/89
f 1028/12/93 1031/12/93 1027/12/93
f 1025/12/72 1032/12/72 1028/12/72
f 1035/12/90 1033/12/90 1036/12/90
f 1038/12/91 1040/12/91 1037/12/91
f 1034/12/92 1037/12/92 1033/12/92
f 1035/12/89 1038/12/89 1034/12/89
f 1036/12/93 1039/12/93 1035/12/93
f 1033/12/72 1040/12/72 1036/12/72
f 1043/12/90 1041/12/90 1044/12/90
f 1046/12/91 1048/12/91 1045/12/91
f 1042/12/92 1045/12/92 1041/12/92
f 1043/12/89 1046/12/89 1042/12/89
f 1044/12/93 1047/12/93 1043/12/93
f 1041/12/72 1048/12/72 1044/12/72
f 1051/12/90 1049/12/90 1052/12/90
f 1054/12/91 1056/12/91 1053/12/91
f 1050/12/92 1053/12/92 1049/12/92
f 1051/12/89 1054/12/89 1050/12/89
f 1052/12/93 1055/12/93 1051/12/93
f 1049/12/72 1056/12/72 1052/12/72
f 1059/12/90 1057/12/90 1060/12/90
f 1062/12/91 1064/12/91 1061/12/91
f 1058/12/92 1061/12/92 1057/12/92
f 1059/12/89 1062/12/89 1058/12/89
f 1060/12/93 1063/12/93 1059/12/93
f 1057/12/72 1064/12/72 1060/12/72
f 1067/12/90 1065/12/90 1068/12/90
f 1070/12/91 1072/12/91 1069/12/91
f 1066/12/92 1069/12/92 1065/12/92
f 1067/12/89 1070/12/89 1066/12/89
f 1068/12/93 1071/12/93 1067/12/93
f 1065/12/72 1072/12/72 1068/12/72
f 1075/12/90 1073/12/90 1076/12/90
f 1078/12/91 1080/12/91 1077/12/91
f 1074/12/92 1077/12/92 1073/12/92
f 1075/12/89 1078/12/89 1074/12/89
f 1076/12/93 1079/12/93 1075/12/93
f 1073/12/72 1080/12/72 1076/12/72
f 1083/12/90 1081/12/90 1084/12/90
f 1086/12/91 1088/12/91 1085/12/91
f 1082/12/92 1085/12/92 1081/12/92
f 1083/12/89 1086/12/89 1082/12/89
f 1084/12/93 1087/12/93 1083/12/93
f 1081/12/72 1088/12/72 1084/12/72
f 1091/12/90 1089/12/90 1092/12/90
f 1094/12/91 1096/12/91 1093/12/91
f 1090/12/92 1093/12/92 1089/12/92
f 1091/12/89 1094/12/89 1090/12/89
f 1092/12/93 1095/12/93 1091/12/93
f 1089/12/72 1096/12/72 1092/12/72
f 1099/12/90 1097/12/90 1100/12/90
f 1102/12/91 1104/12/91 1101/12/91
f 1098/12/92 1101/12/92 1097/12/92
f 1099/12/89 1102/12/89 1098/12/89
f 1100/12/93 1103/12/93 1099/12/93
f 1097/12/72 1104/12/72 1100/12/72
f 1115/13/72 1113/13/72 1109/13/72
f 1106/13/94 1117/13/94 1105/13/94
f 1107/13/95 1118/13/95 1106/13/95
f 1108/13/96 1119/13/96 1107/13/96
f 1109/13/97 1120/13/97 1108/13/97
f 1110/13/98 1121/13/98 1109/13/98
f 1111/13/99 1122/13/99 1110/13/99
f 1112/13/100 1123/13/100 1111/13/100
f 1113/13/101 1124/13/101 1112/13/101
f 1114/13/102 1125/13/102 1113/13/102
f 1115/13/103 1126/13/103 1114/13/103
f 1116/13/104 1127/13/104 1115/13/104
f 1105/13/105 1128/13/105 1116/13/105
f 1118/13/89 1120/13/89 1124/13/89
f 1137/14/72 1135/14/72 1133/14/72
f 1130/14/94 1141/14/94 1129/14/94
f 1131/14/95 1142/14/95 1130/14/95
f 1132/14/96 1143/14/96 1131/14/96
f 1133/14/97 1144/14/97 1132/14/97
f 1134/14/98 1145/14/98 1133/14/98
f 1135/14/99 1146/14/99 1134/14/99
f 1136/14/100 1147/14/100 1135/14/100
f 1137/14/101 1148/14/101 1136/14/101
f 1138/14/102 1149/14/102 1137/14/102
f 1139/14/103 1150/14/103 1138/14/103
f 1140/14/104 1151/14/104 1139/14/104
f 1129/14/105 1152/14/105 1140/14/105
f 1148/14/89 1150/14/89 1152/14/89
f 1153/15/72 1161/15/72 1159/15/72
f 1154/15/106 1163/15/106 1153/15/106
f 1155/15/107 1164/15/107 1154/15/107
f 1156/15/92 1165/15/92 1155/15/92
f 1157/15/108 1166/15/108 1156/15/108
f 1158/15/109 1167/15/109 1157/15/109
f 1159/15/110 1168/15/110 1158/15/110
f 1160/15/111 1169/15/111 1159/15/111
f 1161/15/93 1170/15/93 1160/15/93
f 1162/15/112 1171/15/112 1161/15/112
f 1153/15/113 1172/15/113 1162/15/113
f 1166/15/89 1168/15/89 1170/15/89
f 1175/16/72 1174/16/72 1173/16/72
f 1174/16/114 1179/16/114 1173/16/114
f 1175/16/92 1180/16/92 1174/16/92
f 1176/16/115 1181/16/115 1175/16/115
f 1177/16/116 1182/16/116 1176/16/116
f 1178/16/93 1183/16/93 1177/16/93
f 1173/16/117 1184/16/117 1178/16/117
f 1182/16/89 1183/16/89 1184/16/89
f 1187/16/72 1186/16/72 1185/16/72
f 1186/16/114 1191/16/114 1185/16/114
f 1187/16/92 1192/16/92 1186/16/92
f 1188/16/115 1193/16/115 1187/16/115
f 1189/16/116 1194/16/116 1188/16/116
f 1190/16/93 1195/16/93 1189/16/93
f 1185/16/117 1196/16/117 1190/16/117
f 1192/16/89 1194/16/89 1196/16/89
f 1199/16/72 1198/16/72 1197/16/72
f 1198/16/114 1203/16/114 1197/16/114
f 1199/16/92 1204/16/92 1198/16/92
f 1200/16/115 1205/16/115 1199/16/115
f 1201/16/116 1206/16/116 1200/16/116
f 1202/16/93 1207/16/93 1201/16/93
f 1197/16/117 1208/16/117 1202/16/117
f 1204/16/89 1206/16/89 1208/16/89
f 1211/16/72 1210/16/72 1209/16/72
f 1210/16/114 1215/16/114 1209/16/114
f 1211/16/92 1216/16/92 1210/16/92
f 1212/16/115 1217/16/115 1211/16/115
f 1213/16/116 1218/16/116 1212/16/116
f 1214/16/93 1219/16/93 1213/16/93
f 1209/16/117 1220/16/117 1214/16/117
f 1218/16/89 1219/16/89 1220/16/89
f 1225/16/72 1223/16/72 1221/16/72
f 1222/16/114 1227/16/114 1221/16/114
f 1223/16/92 1228/16/92 1222/16/92
f 1224/16/115 1229/16/115 1223/16/115
f 1225/16/116 1230/16/116 1224/16/116
f 1226/16/93 1231/16/93 1225/16/93
f 1221/16/117 1232/16/117 1226/16/117
f 1228/16/89 1230/16/89 1232/16/89
f 1237/16/72 1235/16/72 1233/16/72
f 1234/16/114 1239/16/114 1233/16/114
f 1235/16/92 1240/16/92 1234/16/92
f 1236/16/115 1241/16/115 1235/16/115
f 1237/16/116 1242/16/116 1236/16/116
f 1238/16/93 1243/16/93 1237/16/93
f 1233/16/117 1244/16/117 1238/16/117
f 1240/16/89 1242/16/89 1244/16/89
f 1255/13/72 1253/13/72 1249/13/72
f 1246/13/94 1257/13/94 1245/13/94
f 1247/13/95 1258/13/95 1246/13/95
f 1248/13/96 1259/13/96 1247/13/96
f 1249/13/97 1260/13/97 1248/13/97
f 1250/13/98 1261/13/98 1249/13/98
f 1251/13/99 1262/13/99 1250/13/99
f 1252/13/100 1263/13/100 1251/13/100
f 1253/13/101 1264/13/101 1252/13/101
f 1254/13/102 1265/13/102 1253/13/102
f 1255/13/103 1266/13/103 1254/13/103
f 1256/13/104 1267/13/104 1255/13/104
f 1245/13/105 1268/13/105 1256/13/105
f 1258/13/89 1260/13/89 1264/13/89
f 1273/14/72 1271/14/72 1269/14/72
f 1270/14/94 1281/14/94 1269/14/94
f 1271/14/95 1282/14/95 1270/14/95
f 1272/14/96 1283/14/96 1271/14/96
f 1273/14/97 1284/14/97 1272/14/97
f 1274/14/98 1285/14/98 1273/14/98
f 1275/14/99 1286/14/99 1274/14/99
f 1276/14/100 1287/14/100 1275/14/100
f 1277/14/101 1288/14/101 1276/14/101
f 1278/14/102 1289/14/102 1277/14/102
f 1279/14/103 1290/14/103 1278/14/103
f 1280/14/104 1291/14/104 1279/14/104
f 1269/14/105 1292/14/105 1280/14/105
f 1288/14/89 1290/14/89 1292/14/89
f 1297/15/72 1295/15/72 1293/15/72
f 1294/15/106 1303/15/106 1293/15/106
f 1295/15/107 1304/15/107 1294/15/107
f 1296/15/92 1305/15/92 1295/15/92
f 1297/15/108 1306/15/108 1296/15/108
f 1298/15/109 1307/15/109 1297/15/109
f 1299/15/110 1308/15/110 1298/15/110
f 1300/15/111 1309/15/111 1299/15/111
f 1301/15/93 1310/15/93 1300/15/93
f 1302/15/112 1311/15/112 1301/15/112
f 1293/15/113 1312/15/113 1302/15/113
f 1306/15/89 1310/15/89 1312/15/89
f 1315/16/72 1314/16/72 1313/16/72
f 1314/16/114 1319/16/114 1313/16/114
f 1315/16/92 1320/16/92 1314/16/92
f 1316/16/115 1321/16/115 1315/16/115
f 1317/16/116 1322/16/116 1316/16/116
f 1318/16/93 1323/16/93 1317/16/93
f 1313/16/117 1324/16/117 1318/16/117
f 1322/16/89 1323/16/89 1324/16/89
f 1329/16/72 1327/16/72 1325/16/72
f 1326/16/114 1331/16/114 1325/16/114
f 1327/16/92 1332/16/92 1326/16/92
f 1328/16/115 1333/16/115 1327/16/115
f 1329/16/116 1334/16/116 1328/16/116
f 1330/16/93 1335/16/93 1329/16/93
f 1325/16/117 1336/16/117 1330/16/117
f 1332/16/89 1334/16/89 1336/16/89
f 1341/16/72 1339/16/72 1337/16/72
f 1338/16/114 1343/16/114 1337/16/114
f 1339/16/92 1344/16/92 1338/16/92
f 1340/16/115 1345/16/115 1339/16/115
f 1341/16/116 1346/16/116 1340/16/116
f 1342/16/93 1347/16/93 1341/16/93
f 1337/16/117 1348/16/117 1342/16/117
f 1344/16/89 1346/16/89 1348/16/89
f 1351/16/72 1350/16/72 1349/16/72
f 1350/16/114 1355/16/114 1349/16/114
f 1351/16/92 1356/16/92 1350/16/92
f 1352/16/115 1357/16/115 1351/16/115
f 1353/16/116 1358/16/116 1352/16/116
f 1354/16/93 1359/16/93 1353/16/93
f 1349/16/117 1360/16/117 1354/16/117
f 1358/16/89 1359/16/89 1360/16/89
f 1365/16/72 1363/16/72 1361/16/72
f 1362/16/114 1367/16/114 1361/16/114
f 1363/16/92 1368/16/92 1362/16/92
f 1364/16/115 1369/16/115 1363/16/115
f 1365/16/116 1370/16/116 1364/16/116
f 1366/16/93 1371/16/93 1365/16/93
f 1361/16/117 1372/16/117 1366/16/117
f 1368/16/89 1370/16/89 1372/16/89
f 1377/16/72 1375/16/72 1373/16/72
f 1374/16/114 1379/16/114 1373/16/114
f 1375/16/92 1380/16/92 1374/16/92
f 1376/16/115 1381/16/115 1375/16/115
f 1377/16/116 1382/16/116 1376/16/116
f 1378/16/93 1383/16/93 1377/16/93
f 1373/16/117 1384/16/117 1378/16/117
f 1380/16/89 1382/16/89 1384/16/89
f 913/11/72 928/11/72 927/11/72
f 927/11/72 926/11/72 925/11/72
f 925/11/72 924/11/72 923/11/72
f 923/11/72 922/11/72 921/11/72
f 921/11/72 920/11/72 919/11/72
f 919/11/72 918/11/72 917/11/72
f 917/11/72 916/11/72 915/11/72
f 915/11/72 914/11/72 913/11/72
f 913/11/72 927/11/72 925/11/72
f 925/11/72 923/11/72 921/11/72
f 921/11/72 919/11/72 917/11/72
f 917/11/72 915/11/72 913/11/72
f 913/11/72 925/11/72 921/11/72
f 914/11/73 930/11/73 929/11/73
f 915/11/74 931/11/74 930/11/74
f 916/11/75 932/11/75 931/11/75
f 917/11/76 933/11/76 932/11/76
f 918/11/77 934/11/77 933/11/77
f 919/11/78 935/11/78 934/11/78
f 920/11/79 936/11/79 935/11/79
f 921/11/80 937/11/80 936/11/80
f 922/11/81 938/11/81 937/11/81
f 923/11/82 939/11/82 938/11/82
f 924/11/83 940/11/83 939/11/83
f 925/11/84 941/11/84 940/11/84
f 926/11/85 942/11/85 941/11/85
f 927/11/86 943/11/86 942/11/86
f 928/11/87 944/11/87 943/11/87
f 913/11/88 929/11/88 944/11/88
f 944/11/89 929/11/89 930/11/89
f 930/11/89 931/11/89 932/11/89
f 932/11/89 933/11/89 934/11/89
f 934/11/89 935/11/89 936/11/89
f 936/11/89 937/11/89 938/11/89
f 938/11/89 939/11/89 940/11/89
f 940/11/89 941/11/89 942/11/89
f 942/11/89 943/11/89 944/11/89
f 944/11/89 930/11/89 932/11/89
f 932/11/89 934/11/89 944/11/89
f 934/11/89 936/11/89 944/11/89
f 936/11/89 938/11/89 940/11/89
f 940/11/89 942/11/89 936/11/89
f 947/12/90 946/12/90 945/12/90
f 950/12/91 951/12/91 952/12/91
f 946/12/92 950/12/92 949/12/92
f 947/12/89 951/12/89 950/12/89
f 948/12/93 952/12/93 951/12/93
f 945/12/72 949/12/72 952/12/72
f 955/12/90 954/12/90 953/12/90
f 958/12/91 959/12/91 960/12/91
f 954/12/92 958/12/92 957/12/92
f 955/12/89 959/12/89 958/12/89
f 956/12/93 960/12/93 959/12/93
f 953/12/72 957/12/72 960/12/72
f 963/12/90 962/12/90 961/12/90
f 966/12/91 967/12/91 968/12/91
f 962/12/92 966/12/92 965/12/92
f 963/12/89 967/12/89 966/12/89
f 964/12/93 968/12/93 967/12/93
f 961/12/72 965/12/72 968/12/72
f 971/12/90 970/12/90 969/12/90
f 974/12/91 975/12/91 976/12/91
f 970/12/92 974/12/92 973/12/92
f 971/12/89 975/12/89 974/12/89
f 972/12/93 976/12/93 975/12/93
f 969/12/72 973/12/72 976/12/72
f 979/12/90 978/12/90 977/12/90
f 982/12/91 983/12/91 984/12/91
f 978/12/92 982/12/92 981/12/92
f 979/12/89 983/12/89 982/12/89
f 980/12/93 984/12/93 983/12/93
f 977/12/72 981/12/72 984/12/72
f 987/12/90 986/12/90 985/12/90
f 990/12/91 991/12/91 992/12/91
f 986/12/92 990/12/92 989/12/92
f 987/12/89 991/12/89 990/12/89
f 988/12/93 992/12/93 991/12/93
f 985/12/72 989/12/72 992/12/72
f 995/12/90 994/12/90 993/12/90
f 998/12/91 999/12/91 1000/12/91
f 994/12/92 998/12/92 997/12/92
f 995/12/89 999/12/89 998/12/89
f 996/12/93 1000/12/93 999/12/93
f 993/12/72 997/12/72 1000/12/72
f 1003/12/90 1002/12/90 1001/12/90
f 1006/12/91 1007/12/91 1008/12/91
f 1002/12/92 1006/12/92 1005/12/92
f 1003/12/89 1007/12/89 1006/12/89
f 1004/12/93 1008/12/93 1007/12/93
f 1001/12/72 1005/12/72 1008/12/72
f 1011/12/90 1010/12/90 1009/12/90
f 1014/12/91 1015/12/91 1016/12/91
f 1010/12/92 1014/12/92 1013/12/92
f 1011/12/89 1015/12/89 1014/12/89
f 1012/12/93 1016/12/93 1015/12/93
f 1009/12/72 1013/12/72 1016/12/72
f 1019/12/90 1018/12/90 1017/12/90
f 1022/12/91 1023/12/91 1024/12/91
f 1018/12/92 1022/12/92 1021/12/92
f 1019/12/89 1023/12/89 1022/12/89
f 1020/12/93 1024/12/93 1023/12/93
f 1017/12/72 1021/12/72 1024/12/72
f 1027/12/90 1026/12/90 1025/12/90
f 1030/12/91 1031/12/91 1032/12/91
f 1026/12/92 1030/12/92 1029/12/92
f 1027/12/89 1031/12/89 1030/12/89
f 1028/12/93 1032/12/93 1031/12/93
f 1025/12/72 1029/12/72 1032/12/72
f 1035/12/90 1034/12/90 1033/12/90
f 1038/12/91 1039/12/91 1040/12/91
f 1034/12/92 1038/12/92 1037/12/92
f 1035/12/89 1039/12/89 1038/12/89
f 1036/12/93 1040/12/93 1039/12/93
f 1033/12/72 1037/12/72 1040/12/72
f 1043/12/90 1042/12/90 1041/12/90
f 1046/12/91 1047/12/91 1048/12/91
f 1042/12/92 1046/12/92 1045/12/92
f 1043/12/89 1047/12/89 1046/12/89
f 1044/12/93 1048/12/93 1047/12/93
f 1041/12/72 1045/12/72 1048/12/72
f 1051/12/90 1050/12/90 1049/12/90
f 1054/12/91 1055/12/91 1056/12/91
f 1050/12/92 1054/12/92 1053/12/92
f 1051/12/89 1055/12/89 1054/12/89
f 1052/12/93 1056/12/93 1055/12/93
f 1049/12/72 1053/12/72 1056/12/72
f 1059/12/90 1058/12/90 1057/12/90
f 1062/12/91 1063/12/91 1064/12/91
f 1058/12/92 1062/12/92 1061/12/92
f 1059/12/89 1063/12/89 1062/12/89
f 1060/12/93 1064/12/93 1063/12/93
f 1057/12/72 1061/12/72 1064/12/72
f 1067/12/90 1066/12/90 1065/12/90
f 1070/12/91 1071/12/91 1072/12/91
f 1066/12/92 1070/12/92 1069/12/92
f 1067/12/89 1071/12/89 1070/12/89
f 1068/12/93 1072/12/93 1071/12/93
f 1065/12/72 1069/12/72 1072/12/72
f 1075/12/90 1074/12/90 1073/12/90
f 1078/12/91 1079/12/91 1080/12/91
f 1074/12/92 1078/12/92 1077/12/92
f 1075/12/89 1079/12/89 1078/12/89
f 1076/12/93 1080/12/93 1079/12/93
f 1073/12/72 1077/12/72 1080/12/72
f 1083/12/90 1082/12/90 1081/12/90
f 1086/12/91 1087/12/91 1088/12/91
f 1082/12/92 1086/12/92 1085/12/92
f 1083/12/89 1087/12/89 1086/12/89
f 1084/12/93 1088/12/93 1087/12/93
f 1081/12/72 1085/12/72 1088/12/72
f 1091/12/90 1090/12/90 1089/12/90
f 1094/12/91 1095/12/91 1096/12/91
f 1090/12/92 1094/12/92 1093/12/92
f 1091/12/89 1095/12/89 1094/12/89
f 1092/12/93 1096/12/93 1095/12/93
f 1089/12/72 1093/12/72 1096/12/72
f 1099/12/90 1098/12/90 1097/12/90
f 1102/12/91 1103/12/91 1104/12/91
f 1098/12/92 1102/12/92 1101/12/92
f 1099/12/89 1103/12/89 1102/12/89
f 1100/12/93 1104/12/93 1103/12/93
f 1097/12/72 1101/12/72 1104/12/72
f 1105/13/72 1116/13/72 1115/13/72
f 1115/13/72 1114/13/72 1113/13/72
f 1113/13/72 1112/13/72 1109/13/72
f 1112/13/72 1111/13/72 1109/13/72
f 1111/13/72 1110/13/72 1109/13/72
f 1109/13/72 1108/13/72 1105/13/72
f 1108/13/72 1107/13/72 1105/13/72
f 1107/13/72 1106/13/72 1105/13/72
f 1105/13/72 1115/13/72 1109/13/72
f 1106/13/94 1118/13/94 1117/13/94
f 1107/13/95 1119/13/95 1118/13/95
f 1108/13/96 1120/13/96 1119/13/96
f 1109/13/97 1121/13/97 1120/13/97
f 1110/13/98 1122/13/98 1121/13/98
f 1111/13/99 1123/13/99 1122/13/99
f 1112/13/100 1124/13/100 1123/13/100
f 1113/13/101 1125/13/101 1124/13/101
f 1114/13/102 1126/13/102 1125/13/102
f 1115/13/103 1127/13/103 1126/13/103
f 1116/13/104 1128/13/104 1127/13/104
f 1105/13/105 1117/13/105 1128/13/105
f 1128/13/89 1117/13/89 1118/13/89
f 1118/13/89 1119/13/89 1120/13/89
f 1120/13/89 1121/13/89 1122/13/89
f 1122/13/89 1123/13/89 1120/13/89
f 1123/13/89 1124/13/89 1120/13/89
f 1124/13/89 1125/13/89 1128/13/89
f 1125/13/89 1126/13/89 1128/13/89
f 1126/13/89 1127/13/89 1128/13/89
f 1128/13/89 1118/13/89 1124/13/89
f 1129/14/72 1140/14/72 1139/14/72
f 1139/14/72 1138/14/72 1137/14/72
f 1137/14/72 1136/14/72 1135/14/72
f 1135/14/72 1134/14/72 1133/14/72
f 1133/14/72 1132/14/72 1131/14/72
f 1131/14/72 1130/14/72 1133/14/72
f 1130/14/72 1129/14/72 1133/14/72
f 1129/14/72 1139/14/72 1133/14/72
f 1139/14/72 1137/14/72 1133/14/72
f 1130/14/94 1142/14/94 1141/14/94
f 1131/14/95 1143/14/95 1142/14/95
f 1132/14/96 1144/14/96 1143/14/96
f 1133/14/97 1145/14/97 1144/14/97
f 1134/14/98 1146/14/98 1145/14/98
f 1135/14/99 1147/14/99 1146/14/99
f 1136/14/100 1148/14/100 1147/14/100
f 1137/14/101 1149/14/101 1148/14/101
f 1138/14/102 1150/14/102 1149/14/102
f 1139/14/103 1151/14/103 1150/14/103
f 1140/14/104 1152/14/104 1151/14/104
f 1129/14/105 1141/14/105 1152/14/105
f 1152/14/89 1141/14/89 1142/14/89
f 1142/14/89 1143/14/89 1152/14/89
f 1143/14/89 1144/14/89 1152/14/89
f 1144/14/89 1145/14/89 1146/14/89
f 1146/14/89 1147/14/89 1148/14/89
f 1148/14/89 1149/14/89 1150/14/89
f 1150/14/89 1151/14/89 1152/14/89
f 1144/14/89 1146/14/89 1152/14/89
f 1146/14/89 1148/14/89 1152/14/89
f 1153/15/72 1162/15/72 1161/15/72
f 1161/15/72 1160/15/72 1159/15/72
f 1159/15/72 1158/15/72 1155/15/72
f 1158/15/72 1157/15/72 1155/15/72
f 1157/15/72 1156/15/72 1155/15/72
f 1155/15/72 1154/15/72 1159/15/72
f 1154/15/72 1153/15/72 1159/15/72
f 1154/15/106 1164/15/106 1163/15/106
f 1155/15/107 1165/15/107 1164/15/107
f 1156/15/92 1166/15/92 1165/15/92
f 1157/15/108 1167/15/108 1166/15/108
f 1158/15/109 1168/15/109 1167/15/109
f 1159/15/110 1169/15/110 1168/15/110
f 1160/15/111 1170/15/111 1169/15/111
f 1161/15/93 1171/15/93 1170/15/93
f 1162/15/112 1172/15/112 1171/15/112
f 1153/15/113 1163/15/113 1172/15/113
f 1172/15/89 1163/15/89 1164/15/89
f 1164/15/89 1165/15/89 1166/15/89
f 1166/15/89 1167/15/89 1168/15/89
f 1168/15/89 1169/15/89 1170/15/89
f 1170/15/89 1171/15/89 1166/15/89
f 1171/15/89 1172/15/89 1166/15/89
f 1172/15/89 1164/15/89 1166/15/89
f 1173/16/72 1178/16/72 1177/16/72
f 1177/16/72 1176/16/72 1173/16/72
f 1176/16/72 1175/16/72 1173/16/72
f 1174/16/114 1180/16/114 1179/16/114
f 1175/16/92 1181/16/92 1180/16/92
f 1176/16/115 1182/16/115 1181/16/115
f 1177/16/116 1183/16/116 1182/16/116
f 1178/16/93 1184/16/93 1183/16/93
f 1173/16/117 1179/16/117 1184/16/117
f 1184/16/89 1179/16/89 1182/16/89
f 1179/16/89 1180/16/89 1182/16/89
f 1180/16/89 1181/16/89 1182/16/89
f 1185/16/72 1190/16/72 1187/16/72
f 1190/16/72 1189/16/72 1187/16/72
f 1189/16/72 1188/16/72 1187/16/72
f 1186/16/114 1192/16/114 1191/16/114
f 1187/16/92 1193/16/92 1192/16/92
f 1188/16/115 1194/16/115 1193/16/115
f 1189/16/116 1195/16/116 1194/16/116
f 1190/16/93 1196/16/93 1195/16/93
f 1185/16/117 1191/16/117 1196/16/117
f 1196/16/89 1191/16/89 1192/16/89
f 1192/16/89 1193/16/89 1194/16/89
f 1194/16/89 1195/16/89 1196/16/89
f 1197/16/72 1202/16/72 1199/16/72
f 1202/16/72 1201/16/72 1199/16/72
f 1201/16/72 1200/16/72 1199/16/72
f 1198/16/114 1204/16/114 1203/16/114
f 1199/16/92 1205/16/92 1204/16/92
f 1200/16/115 1206/16/115 1205/16/115
f 1201/16/116 1207/16/116 1206/16/116
f 1202/16/93 1208/16/93 1207/16/93
f 1197/16/117 1203/16/117 1208/16/117
f 1208/16/89 1203/16/89 1204/16/89
f 1204/16/89 1205/16/89 1206/16/89
f 1206/16/89 1207/16/89 1208/16/89
f 1209/16/72 1214/16/72 1213/16/72
f 1213/16/72 1212/16/72 1209/16/72
f 1212/16/72 1211/16/72 1209/16/72
f 1210/16/114 1216/16/114 1215/16/114
f 1211/16/92 1217/16/92 1216/16/92
f 1212/16/115 1218/16/115 1217/16/115
f 1213/16/116 1219/16/116 1218/16/116
f 1214/16/93 1220/16/93 1219/16/93
f 1209/16/117 1215/16/117 1220/16/117
f 1220/16/89 1215/16/89 1218/16/89
f 1215/16/89 1216/16/89 1218/16/89
f 1216/16/89 1217/16/89 1218/16/89
f 1221/16/72 1226/16/72 1225/16/72
f 1225/16/72 1224/16/72 1223/16/72
f 1223/16/72 1222/16/72 1221/16/72
f 1222/16/114 1228/16/114 1227/16/114
f 1223/16/92 1229/16/92 1228/16/92
f 1224/16/115 1230/16/115 1229/16/115
f 1225/16/116 1231/16/116 1230/16/116
f 1226/16/93 1232/16/93 1231/16/93
f 1221/16/117 1227/16/117 1232/16/117
f 1232/16/89 1227/16/89 1228/16/89
f 1228/16/89 1229/16/89 1230/16/89
f 1230/16/89 1231/16/89 1232/16/89
f 1233/16/72 1238/16/72 1237/16/72
f 1237/16/72 1236/16/72 1235/16/72
f 1235/16/72 1234/16/72 1233/16/72
f 1234/16/114 1240/16/114 1239/16/114
f 1235/16/92 1241/16/92 1240/16/92
f 1236/16/115 1242/16/115 1241/16/115
f 1237/16/116 1243/16/116 1242/16/116
f 1238/16/93 1244/16/93 1243/16/93
f 1233/16/117 1239/16/117 1244/16/117
f 1244/16/89 1239/16/89 1240/16/89
f 1240/16/89 1241/16/89 1242/16/89
f 1242/16/89 1243/16/89 1244/16/89
f 1245/13/72 1256/13/72 1255/13/72
f 1255/13/72 1254/13/72 1253/13/72
f 1253/13/72 1252/13/72 1249/13/72
f 1252/13/72 1251/13/72 1249/13/72
f 1251/13/72 1250/13/72 1249/13/72
f 1249/13/72 1248/13/72 1245/13/72
f 1248/13/72 1247/13/72 1245/13/72
f 1247/13/72 1246/13/72 1245/13/72
f 1245/13/72 1255/13/72 1249/13/72
f 1246/13/94 1258/13/94 1257/13/94
f 1247/13/95 1259/13/95 1258/13/95
f 1248/13/96 1260/13/96 1259/13/96
f 1249/13/97 1261/13/97 1260/13/97
f 1250/13/98 1262/13/98 1261/13/98
f 1251/13/99 1263/13/99 1262/13/99
f 1252/13/100 1264/13/100 1263/13/100
f 1253/13/101 1265/13/101 1264/13/101
f 1254/13/102 1266/13/102 1265/13/102
f 1255/13/103 1267/13/103 1266/13/103
f 1256/13/104 1268/13/104 1267/13/104
f 1245/13/105 1257/13/105 1268/13/105
f 1268/13/89 1257/13/89 1258/13/89
f 1258/13/89 1259/13/89 1260/13/89
f 1260/13/89 1261/13/89 1262/13/89
f 1262/13/89 1263/13/89 1260/13/89
f 1263/13/89 1264/13/89 1260/13/89
f 1264/13/89 1265/13/89 1268/13/89
f 1265/13/89 1266/13/89 1268/13/89
f 1266/13/89 1267/13/89 1268/13/89
f 1268/13/89 1258/13/89 1264/13/89
f 1269/14/72 1280/14/72 1279/14/72
f 1279/14/72 1278/14/72 1277/14/72
f 1277/14/72 1276/14/72 1275/14/72
f 1275/14/72 1274/14/72 1273/14/72
f 1273/14/72 1272/14/72 1271/14/72
f 1271/14/72 1270/14/72 1269/14/72
f 1269/14/72 1279/14/72 1273/14/72
f 1279/14/72 1277/14/72 1273/14/72
f 1277/14/72 1275/14/72 1273/14/72
f 1270/14/94 1282/14/94 1281/14/94
f 1271/14/95 1283/14/95 1282/14/95
f 1272/14/96 1284/14/96 1283/14/96
f 1273/14/97 1285/14/97 1284/14/97
f 1274/14/98 1286/14/98 1285/14/98
f 1275/14/99 1287/14/99 1286/14/99
f 1276/14/100 1288/14/100 1287/14/100
f 1277/14/101 1289/14/101 1288/14/101
f 1278/14/102 1290/14/102 1289/14/102
f 1279/14/103 1291/14/103 1290/14/103
f 1280/14/104 1292/14/104 1291/14/104
f 1269/14/105 1281/14/105 1292/14/105
f 1292/14/89 1281/14/89 1282/14/89
f 1282/14/89 1283/14/89 1284/14/89
f 1284/14/89 1285/14/89 1286/14/89
f 1286/14/89 1287/14/89 1288/14/89
f 1288/14/89 1289/14/89 1290/14/89
f 1290/14/89 1291/14/89 1292/14/89
f 1292/14/89 1282/14/89 1288/14/89
f 1282/14/89 1284/14/89 1288/14/89
f 1284/14/89 1286/14/89 1288/14/89
f 1293/15/72 1302/15/72 1301/15/72
f 1301/15/72 1300/15/72 1299/15/72
f 1299/15/72 1298/15/72 1297/15/72
f 1297/15/72 1296/15/72 1295/15/72
f 1295/15/72 1294/15/72 1293/15/72
f 1293/15/72 1301/15/72 1299/15/72
f 1299/15/72 1297/15/72 1293/15/72
f 1294/15/106 1304/15/106 1303/15/106
f 1295/15/107 1305/15/107 1304/15/107
f 1296/15/92 1306/15/92 1305/15/92
f 1297/15/108 1307/15/108 1306/15/108
f 1298/15/109 1308/15/109 1307/15/109
f 1299/15/110 1309/15/110 1308/15/110
f 1300/15/111 1310/15/111 1309/15/111
f 1301/15/93 1311/15/93 1310/15/93
f 1302/15/112 1312/15/112 1311/15/112
f 1293/15/113 1303/15/113 1312/15/113
f 1312/15/89 1303/15/89 1304/15/89
f 1304/15/89 1305/15/89 1306/15/89
f 1306/15/89 1307/15/89 1308/15/89
f 1308/15/89 1309/15/89 1310/15/89
f 1310/15/89 1311/15/89 1312/15/89
f 1312/15/89 1304/15/89 1306/15/89
f 1306/15/89 1308/15/89 1310/15/89
f 1313/16/72 1318/16/72 1317/16/72
f 1317/16/72 1316/16/72 1313/16/72
f 1316/16/72 1315/16/72 1313/16/72
f 1314/16/114 1320/16/114 1319/16/114
f 1315/16/92 1321/16/92 1320/16/92
f 1316/16/115 1322/16/115 1321/16/115
f 1317/16/116 1323/16/116 1322/16/116
f 1318/16/93 1324/16/93 1323/16/93
f 1313/16/117 1319/16/117 1324/16/117
f 1324/16/89 1319/16/89 1322/16/89
f 1319/16/89 1320/16/89 1322/16/89
f 1320/16/89 1321/16/89 1322/16/89
f 1325/16/72 1330/16/72 1329/16/72
f 1329/16/72 1328/16/72 1327/16/72
f 1327/16/72 1326/16/72 1325/16/72
f 1326/16/114 1332/16/114 1331/16/114
f 1327/16/92 1333/16/92 1332/16/92
f 1328/16/115 1334/16/115 1333/16/115
f 1329/16/116 1335/16/116 1334/16/116
f 1330/16/93 1336/16/93 1335/16/93
f 1325/16/117 1331/16/117 1336/16/117
f 1336/16/89 1331/16/89 1332/16/89
f 1332/16/89 1333/16/89 1334/16/89
f 1334/16/89 1335/16/89 1336/16/89
f 1337/16/72 1342/16/72 1341/16/72
f 1341/16/72 1340/16/72 1339/16/72
f 1339/16/72 1338/16/72 1337/16/72
f 1338/16/114 1344/16/114 1343/16/114
f 1339/16/92 1345/16/92 1344/16/92
f 1340/16/115 1346/16/115 1345/16/115
f 1341/16/116 1347/16/116 1346/16/116
f 1342/16/93 1348/16/93 1347/16/93
f 1337/16/117 1343/16/117 1348/16/117
f 1348/16/89 1343/16/89 1344/16/89
f 1344/16/89 1345/16/89 1346/16/89
f 1346/16/89 1347/16/89 1348/16/89
f 1349/16/72 1354/16/72 1353/16/72
f 1353/16/72 1352/16/72 1349/16/72
f 1352/16/72 1351/16/72 1349/16/72
f 1350/16/114 1356/16/114 1355/16/114
f 1351/16/92 1357/16/92 1356/16/92
f 1352/16/115 1358/16/115 1357/16/115
f 1353/16/116 1359/16/116 1358/16/116
f 1354/16/93 1360/16/93 1359/16/93
f 1349/16/117 1355/16/117 1360/16/117
f 1360/16/89 1355/16/89 1358/16/89
f 1355/16/89 1356/16/89 1358/16/89
f 1356/16/89 1357/16/89 1358/16/89
f 1361/16/72 1366/16/72 1365/16/72
f 1365/16/72 1364/16/72 1363/16/72
f 1363/16/72 1362/16/72 1361/16/72
f 1362/16/114 1368/16/114 1367/16/114
f 1363/16/92 1369/16/92 1368/16/92
f 1364/16/115 1370/16/115 1369/16/115
f 1365/16/116 1371/16/116 1370/16/116
f 1366/16/93 1372/16/93 1371/16/93
f 1361/16/117 1367/16/117 1372/16/117
f 1372/16/89 1367/16/89 1368/16/89
f 1368/16/89 1369/16/89 1370/16/89
f 1370/16/89 1371/16/89 1372/16/89
f 1373/16/72 1378/16/72 1377/16/72
f 1377/16/72 1376/16/72 1375/16/72
f 1375/16/72 1374/16/72 1373/16/72
f 1374/16/114 1380/16/114 1379/16/114
f 1375/16/92 1381/16/92 1380/16/92
f 1376/16/115 1382/16/115 1381/16/115
f 1377/16/116 1383/16/116 1382/16/116
f 1378/16/93 1384/16/93 1383/16/93
f 1373/16/117 1379/16/117 1384/16/117
f 1384/16/89 1379/16/89 1380/16/89
f 1380/16/89 1381/16/89 1382/16/89
f 1382/16/89 1383/16/89 1384/16/89
o Wheel_LF
v -1.425000 1.040000 1.150000
v -1.425000 1.000417 1.348995
v -1.425000 0.887695 1.517695
v -1.425000 0.718995 1.630417
v -1.425000 0.520000 1.670000
v -1.425000 0.321005 1.630417
v -1.425000 0.152304 1.517695
v -1.425000 0.039583 1.348995
v -1.425000 0.000000 1.150000
v -1.425000 0.039583 0.951005
v -1.425000 0.152304 0.782304
v -1.425000 0.321005 0.669583
v -1.425000 0.520000 0.630000
v -1.425000 0.718995 0.669583
v -1.425000 0.887695 0.782304
v -1.425000 1.000417 0.951005
v -1.075000 1.040000 1.150000
v -1.075000 1.000417 1.348995
v -1.075000 0.887695 1.517695
v -1.075000 0.718995 1.630417
v -1.075000 0.520000 1.670000
v -1.075000 0.321005 1.630417
v -1.075000 0.152304 1.517695
v -1.075000 0.039583 1.348995
v -1.075000 0.000000 1.150000
v -1.075000 0.039583 0.951005
v -1.075000 0.152304 0.782304
v -1.075000 0.321005 0.669583
v -1.075000 0.520000 0.630000
v -1.075000 0.718995 0.669583
v -1.075000 0.887695 0.782304
v -1.075000 1.000417 0.951005
v -1.445000 0.475000 1.705000
v -1.055000 0.475000 1.705000
v -1.055000 0.475000 1.615000
v -1.445000 0.475000 1.615000
v -1.445000 0.565000 1.705000
v -1.055000 0.565000 1.705000
v -1.055000 0.565000 1.615000
v -1.445000 0.565000 1.615000
v -1.445000 0.632599 1.680039
v -1.055000 0.632599 1.680039
v -1.055000 0.632599 1.590039
v -1.445000 0.632599 1.590039
v -1.445000 0.722599 1.680039
v -1.055000 0.722599 1.680039
v -1.055000 0.722599 1.590039
v -1.445000 0.722599 1.590039
v -1.445000 0.774770 1.607599
v -1.055000 0.774770 1.607599
v -1.055000 0.774770 1.517599
v -1.445000 0.774770 1.517599
v -1.445000 0.864770 1.607599
v -1.055000 0.864770 1.607599
v -1.055000 0.864770 1.517599
v -1.445000 0.864770 1.517599
v -1.445000 0.887599 1.494771
v -1.055000 0.887599 1.494771
v -1.055000 0.887599 1.404770
v -1.445000 0.887599 1.404770
v -1.445000 0.977599 1.494771
v -1.055000 0.977599 1.494771
v -1.055000 0.977599 1.404770
v -1.445000 0.977599 1.404770
v -1.445000 0.960039 1.352599
v -1.055000 0.960039 1.352599
v -1.055000 0.960039 1.262599
v -1.445000 0.960039 1.262599
v -1.445000 1.050039 1.352599
v -1.055000 1.050039 1.352599
v -1.055000 1.050039 1.262599
v -1.445000 1.050039 1.262599
v -1.445000 0.985000 1.195000
v -1.055000 0.985000 1.195000
v -1.055000 0.985000 1.105000
v -1.445000 0.985000 1.105000
v -1.445000 1.075000 1.195000
v -1.055000 1.075000 1.195000
v -1.055000 1.075000 1.105000
v -1.445000 1.075000 1.105000
v -1.445000 0.960039 1.037401
v -1.055000 0.960039 1.037401
v -1.055000 0.960039 0.947401
v -1.445000 0.960039 0.947401
v -1.445000 1.050039 1.037401
v -1.055000 1.050039 1.037401
v -1.055000 1.050039 0.947401
v -1.445000 1.050039 0.947401
v -1.445000 0.887599 0.895229
v -1.055000 0.887599 0.895229
v -1.055000 0.887599 0.805229
v -1.445000 0.887599 0.805229
v -1.445000 0.977599 0.895229
v -1.055000 0.977599 0.895229
v -1.055000 0.977599 0.805229
v -1.445000 0.977599 0.805229
v -1.445000 0.774770 0.782401
v -1.055000 0.774770 0.782401
v -1.055000 0.774770 0.692401
v -1.445000 0.774770 0.692401
v -1.445000 0.864770 0.782401
v -1.055000 0.864770 0.782401
v -1.055000 0.864770 0.692401
v -1.445000 0.864770 0.692401
v -1.445000 0.632599 0.709961
v -1.055000 0.632599 0.709961
v -1.055000 0.632599 0.619961
v -1.445000 0.632599 0.619961
v -1.445000 0.722599 0.709961
v -1.055000 0.722599 0.709961
v -1.055000 0.722599 0.619961
v -1.445000 0.722599 0.619961
v -1.445000 0.475000 0.685000
v -1.055000 0.475000 0.685000
v -1.055000 0.475000 0.595000
v -1.445000 0.475000 0.595000
v -1.445000 0.565000 0.685000
v -1.055000 0.565000 0.685000
v -1.055000 0.565000 0.595000
v -1.445000 0.565000 0.595000
v -1.445000 0.317401 0.709961
v -1.055000 0.317401 0.709961
v -1.055000 0.317401 0.619961
v -1.445000 0.317401 0.619961
v -1.445000 0.407401 0.709961
v -1.055000 0.407401 0.709961
v -1.055000 0.407401 0.619961
v -1.445000 0.407401 0.619961
v -1.445000 0.175229 0.782401
v -1.055000 0.175229 0.782401
v -1.055000 0.175229 0.692401
v -1.445000 0.175229 0.692401
v -1.445000 0.265229 0.782401
v -1.055000 0.265229 0.782401
v -1.055000 0.265229 0.692401
v -1.445000 0.265229 0.692401
v -1.445000 0.062401 0.895229
v -1.055000 0.062401 0.895229
v -1.055000 0.062401 0.805229
v -1.445000 0.062401 0.805229
v -1.445000 0.152401 0.895229
v -1.055000 0.152401 0.895229
v -1.055000 0.152401 0.805229
v -1.445000 0.152401 0.805229
v -1.445000 -0.010039 1.037401
v -1.055000 -0.010039 1.037401
v -1.055000 -0.010039 0.947401
v -1.445000 -0.010039 0.947401
v -1.445000 0.079961 1.037401
v -1.055000 0.079961 1.037401
v -1.055000 0.079961 0.947401
v -1.445000 0.079961 0.947401
v -1.445000 -0.035000 1.195000
v -1.055000 -0.035000 1.195000
v -1.055000 -0.035000 1.105000
v -1.445000 -0.035000 1.105000
v -1.445000 0.055000 1.195000
v -1.055000 0.055000 1.195000
v -1.055000 0.055000 1.105000
v -1.445000 0.055000 1.105000
v -1.445000 -0.010039 1.352599
v -1.055000 -0.010039 1.352599
v -1.055000 -0.010039 1.262599
v -1.445000 -0.010039 1.262599
v -1.445000 0.079961 1.352599
v -1.055000 0.079961 1.352599
v -1.055000 0.079961 1.262599
v -1.445000 0.079961 1.262599
v -1.445000 0.062401 1.494771
v -1.055000 0.062401 1.494771
v -1.055000 0.062401 1.404770
v -1.445000 0.062401 1.404770
v -1.445000 0.152401 1.494771
v -1.055000 0.152401 1.494771
v -1.055000 0.152401 1.404770
v -1.445000 0.152401 1.404770
v -1.445000 0.175229 1.607599
v -1.055000 0.175229 1.607599
v -1.055000 0.175229 1.517599
v -1.445000 0.175229 1.517599
v -1.445000 0.265229 1.607599
v -1.055000 0.265229 1.607599
v -1.055000 0.265229 1.517599
v -1.445000 0.265229 1.517599
v -1.445000 0.317401 1.680039
v -1.055000 0.317401 1.680039
v -1.055000 0.317401 1.590039
v -1.445000 0.317401 1.590039
v -1.445000 0.407401 1.680039
v -1.055000 0.407401 1.680039
v -1.055000 0.407401 1.590039
v -1.445000 0.407401 1.590039
v -1.457500 0.840000 1.150000
v -1.457500 0.797128 1.310000
v -1.457500 0.680000 1.427128
v -1.457500 0.520000 1.470000
v -1.457500 0.360000 1.427128
v -1.457500 0.242872 1.310000
v -1.457500 0.200000 1.150000
v -1.457500 0.242872 0.990000
v -1.457500 0.360000 0.872872
v -1.457500 0.520000 0.830000
v -1.457500 0.680000 0.872872
v -1.457500 0.797128 0.990000
v -1.412500 0.840000 1.150000
v -1.412500 0.797128 1.310000
v -1.412500 0.680000 1.427128
v -1.412500 0.520000 1.470000
v -1.412500 0.360000 1.427128
v -1.412500 0.242872 1.310000
v -1.412500 0.200000 1.150000
v -1.412500 0.242872 0.990000
v -1.412500 0.360000 0.872872
v -1.412500 0.520000 0.830000
v -1.412500 0.680000 0.872872
v -1.412500 0.797128 0.990000
v -1.482500 0.760000 1.150000
v -1.482500 0.727846 1.270000
v -1.482500 0.640000 1.357846
v -1.482500 0.520000 1.390000
v -1.482500 0.400000 1.357846
v -1.482500 0.312154 1.270000
v -1.482500 0.280000 1.150000
v -1.482500 0.312154 1.030000
v -1.482500 0.400000 0.942154
v -1.482500 0.520000 0.910000
v -1.482500 0.640000 0.942154
v -1.482500 0.727846 1.030000
v -1.447500 0.760000 1.150000
v -1.447500 0.727846 1.270000
v -1.447500 0.640000 1.357846
v -1.447500 0.520000 1.390000
v -1.447500 0.400000 1.357846
v -1.447500 0.312154 1.270000
v -1.447500 0.280000 1.150000
v -1.447500 0.312154 1.030000
v -1.447500 0.400000 0.942154
v -1.447500 0.520000 0.910000
v -1.447500 0.640000 0.942154
v -1.447500 0.727846 1.030000
v -1.525000 0.620000 1.150000
v -1.525000 0.600902 1.208779
v -1.525000 0.550902 1.245106
v -1.525000 0.489098 1.245106
v -1.525000 0.439098 1.208779
v -1.525000 0.420000 1.150000
v -1.525000 0.439098 1.091221
v -1.525000 0.489098 1.054894
v -1.525000 0.550902 1.054894
v -1.525000 0.600902 1.091221
v -1.455000 0.620000 1.150000
v -1.455000 0.600902 1.208779
v -1.455000 0.550902 1.245106
v -1.455000 0.489098 1.245106
v -1.455000 0.439098 1.208779
v -1.455000 0.420000 1.150000
v -1.455000 0.439098 1.091221
v -1.455000 0.489098 1.054894
v -1.455000 0.550902 1.054894
v -1.455000 0.600902 1.091221
v -1.504000 0.546000 1.310000
v -1.504000 0.533000 1.332517
v -1.504000 0.507000 1.332517
v -1.504000 0.494000 1.310000
v -1.504000 0.507000 1.287483
v -1.504000 0.533000 1.287483
v -1.482000 0.546000 1.310000
v -1.482000 0.533000 1.332517
v -1.482000 0.507000 1.332517
v -1.482000 0.494000 1.310000
v -1.482000 0.507000 1.287483
v -1.482000 0.533000 1.287483
v -1.504000 0.684564 1.230000
v -1.504000 0.671564 1.252517
v -1.504000 0.645564 1.252517
v -1.504000 0.632564 1.230000
v -1.504000 0.645564 1.207483
v -1.504000 0.671564 1.207483
v -1.482000 0.684564 1.230000
v -1.482000 0.671564 1.252517
v -1.482000 0.645564 1.252517
v -1.482000 0.632564 1.230000
v -1.482000 0.645564 1.207483
v -1.482000 0.671564 1.207483
v -1.504000 0.684564 1.070000
v -1.504000 0.671564 1.092517
v -1.504000 0.645564 1.092517
v -1.504000 0.632564 1.070000
v -1.504000 0.645564 1.047483
v -1.504000 0.671564 1.047483
v -1.482000 0.684564 1.070000
v -1.482000 0.671564 1.092517
v -1.482000 0.645564 1.092517
v -1.482000 0.632564 1.070000
v -1.482000 0.645564 1.047483
v -1.482000 0.671564 1.047483
v -1.504000 0.546000 0.990000
v -1.504000 0.533000 1.012517
v -1.504000 0.507000 1.012517
v -1.504000 0.494000 0.990000
v -1.504000 0.507000 0.967483
v -1.504000 0.533000 0.967483
v -1.482000 0.546000 0.990000
v -1.482000 0.533000 1.012517
v -1.482000 0.507000 1.012517
v -1.482000 0.494000 0.990000
v -1.482000 0.507000 0.967483
v -1.482000 0.533000 0.967483
v -1.504000 0.407436 1.070000
v -1.504000 0.394436 1.092517
v -1.504000 0.368436 1.092517
v -1.504000 0.355436 1.070000
v -1.504000 0.368436 1.047483
v -1.504000 0.394436 1.047483
v -1.482000 0.407436 1.070000
v -1.482000 0.394436 1.092517
v -1.482000 0.368436 1.092517
v -1.482000 0.355436 1.070000
v -1.482000 0.368436 1.047483
v -1.482000 0.394436 1.047483
v -1.504000 0.407436 1.230000
v -1.504000 0.394436 1.252517
v -1.504000 0.368436 1.252517
v -1.504000 0.355436 1.230000
v -1.504000 0.368436 1.207483
v -1.504000 0.394436 1.207483
v -1.482000 0.407436 1.230000
v -1.482000 0.394436 1.252517
v -1.482000 0.368436 1.252517
v -1.482000 0.355436 1.230000
v -1.482000 0.368436 1.207483
v -1.482000 0.394436 1.207483
v -1.087500 0.840000 1.150000
v -1.087500 0.797128 1.310000
v -1.087500 0.680000 1.427128
v -1.087500 0.520000 1.470000
v -1.087500 0.360000 1.427128
v -1.087500 0.242872 1.310000
v -1.087500 0.200000 1.150000
v -1.087500 0.242872 0.990000
v -1.087500 0.360000 0.872872
v -1.087500 0.520000 0.830000
v -1.087500 0.680000 0.872872
v -1.087500 0.797128 0.990000
v -1.042500 0.840000 1.150000
v -1.042500 0.797128 1.310000
v -1.042500 0.680000 1.427128
v -1.042500 0.520000 1.470000
v -1.042500 0.360000 1.427128
v -1.042500 0.242872 1.310000
v -1.042500 0.200000 1.150000
v -1.042500 0.242872 0.990000
v -1.042500 0.360000 0.872872
v -1.042500 0.520000 0.830000
v -1.042500 0.680000 0.872872
v -1.042500 0.797128 0.990000
v -1.052500 0.760000 1.150000
v -1.052500 0.727846 1.270000
v -1.052500 0.640000 1.357846
v -1.052500 0.520000 1.390000
v -1.052500 0.400000 1.357846
v -1.052500 0.312154 1.270000
v -1.052500 0.280000 1.150000
v -1.052500 0.312154 1.030000
v -1.052500 0.400000 0.942154
v -1.052500 0.520000 0.910000
v -1.052500 0.640000 0.942154
v -1.052500 0.727846 1.030000
v -1.017500 0.760000 1.150000
v -1.017500 0.727846 1.270000
v -1.017500 0.640000 1.357846
v -1.017500 0.520000 1.390000
v -1.017500 0.400000 1.357846
v -1.017500 0.312154 1.270000
v -1.017500 0.280000 1.150000
v -1.017500 0.312154 1.030000
v -1.017500 0.400000 0.942154
v -1.017500 0.520000 0.910000
v -1.017500 0.640000 0.942154
v -1.017500 0.727846 1.030000
v -1.045000 0.620000 1.150000
v -1.045000 0.600902 1.208779
v -1.045000 0.550902 1.245106
v -1.045000 0.489098 1.245106
v -1.045000 0.439098 1.208779
v -1.045000 0.420000 1.150000
v -1.045000 0.439098 1.091221
v -1.045000 0.489098 1.054894
v -1.045000 0.550902 1.054894
v -1.045000 0.600902 1.091221
v -0.975000 0.620000 1.150000
v -0.975000 0.600902 1.208779
v -0.975000 0.550902 1.245106
v -0.975000 0.489098 1.245106
v -0.975000 0.439098 1.208779
v -0.975000 0.420000 1.150000
v -0.975000 0.439098 1.091221
v -0.975000 0.489098 1.054894
v -0.975000 0.550902 1.054894
v -0.975000 0.600902 1.091221
v -1.018000 0.546000 1.310000
v -1.018000 0.533000 1.332517
v -1.018000 0.507000 1.332517
v -1.018000 0.494000 1.310000
v -1.018000 0.507000 1.287483
v -1.018000 0.533000 1.287483
v -0.996000 0.546000 1.310000
v -0.996000 0.533000 1.332517
v -0.996000 0.507000 1.332517
v -0.996000 0.494000 1.310000
v -0.996000 0.507000 1.287483
v -0.996000 0.533000 1.287483
v -1.018000 0.684564 1.230000
v -1.018000 0.671564 1.252517
v -1.018000 0.645564 1.252517
v -1.018000 0.632564 1.230000
v -1.018000 0.645564 1.207483
v -1.018000 0.671564 1.207483
v -0.996000 0.684564 1.230000
v -0.996000 0.671564 1.252517
v -0.996000 0.645564 1.252517
v -0.996000 0.632564 1.230000
v -0.996000 0.645564 1.207483
v -0.996000 0.671564 1.207483
v -1.018000 0.684564 1.070000
v -1.018000 0.671564 1.092517
v -1.018000 0.645564 1.092517
v -1.018000 0.632564 1.070000
v -1.018000 0.645564 1.047483
v -1.018000 0.671564 1.047483
v -0.996000 0.684564 1.070000
v -0.996000 0.671564 1.092517
v -0.996000 0.645564 1.092517
v -0.996000 0.632564 1.070000
v -0.996000 0.645564 1.047483
v -0.996000 0.671564 1.047483
v -1.018000 0.546000 0.990000
v -1.018000 0.533000 1.012517
v -1.018000 0.507000 1.012517
v -1.018000 0.494000 0.990000
v -1.018000 0.507000 0.967483
v -1.018000 0.533000 0.967483
v -0.996000 0.546000 0.990000
v -0.996000 0.533000 1.012517
v -0.996000 0.507000 1.012517
v -0.996000 0.494000 0.990000
v -0.996000 0.507000 0.967483
v -0.996000 0.533000 0.967483
v -1.018000 0.407436 1.070000
v -1.018000 0.394436 1.092517
v -1.018000 0.368436 1.092517
v -1.018000 0.355436 1.070000
v -1.018000 0.368436 1.047483
v -1.018000 0.394436 1.047483
v -0.996000 0.407436 1.070000
v -0.996000 0.394436 1.092517
v -0.996000 0.368436 1.092517
v -0.996000 0.355436 1.070000
v -0.996000 0.368436 1.047483
v -0.996000 0.394436 1.047483
v -1.018000 0.407436 1.230000
v -1.018000 0.394436 1.252517
v -1.018000 0.368436 1.252517
v -1.018000 0.355436 1.230000
v -1.018000 0.368436 1.207483
v -1.018000 0.394436 1.207483
v -0.996000 0.407436 1.230000
v -0.996000 0.394436 1.252517
v -0.996000 0.368436 1.252517
v -0.996000 0.355436 1.230000
v -0.996000 0.368436 1.207483
v -0.996000 0.394436 1.207483
vn -1.0000 -0.0000 -0.0000
vn -0.0000 0.9808 0.1951
vn -0.0000 0.8315 0.5556
vn -0.0000 0.5556 0.8315
vn -0.0000 0.1951 0.9808
vn -0.0000 -0.1951 0.9808
vn -0.0000 -0.5556 0.8315
vn -0.0000 -0.8315 0.5556
vn -0.0000 -0.9808 0.1951
vn -0.0000 -0.9808 -0.1951
vn -0.0000 -0.8315 -0.5556
vn -0.0000 -0.5556 -0.8315
vn -0.0000 -0.1951 -0.9808
vn -0.0000 0.1951 -0.9808
vn -0.0000 0.5556 -0.8315
vn -0.0000 0.8315 -0.5556
vn -0.0000 0.9808 -0.1951
vn 1.0000 -0.0000 -0.0000
vn -0.0000 -1.0000 -0.0000
vn -0.0000 1.0000 -0.0000
vn -0.0000 -0.0000 1.0000
vn -0.0000 -0.0000 -1.0000
vn -0.0000 0.9659 0.2588
vn -0.0000 0.7071 0.7071
vn -0.0000 0.2588 0.9659
vn -0.0000 -0.2588 0.9659
vn -0.0000 -0.7071 0.7071
vn -0.0000 -0.9659 0.2588
vn -0.0000 -0.9659 -0.2588
vn -0.0000 -0.7071 -0.7071
vn -0.0000 -0.2588 -0.9659
vn -0.0000 0.2588 -0.9659
vn -0.0000 0.7071 -0.7071
vn -0.0000 0.9659 -0.2588
vn -0.0000 0.9511 0.3090
vn -0.0000 0.5878 0.8090
vn -0.0000 -0.5878 0.8090
vn -0.0000 -0.9511 0.3090
vn -0.0000 -0.9511 -0.3090
vn -0.0000 -0.5878 -0.8090
vn -0.0000 0.5878 -0.8090
vn -0.0000 0.9511 -0.3090
vn -0.0000 0.8660 0.5000
vn -0.0000 -0.8660 0.5000
vn -0.0000 -0.8660 -0.5000
vn -0.0000 0.8660 -0.5000
vt 0.125000 0.375000
vt 0.375000 0.375000
vt 0.875000 0.125000
vt 0.125000 0.625000
vt 0.625000 0.125000
vt 0.375000 0.875000
s 0
usemtl Field_Palette
f 1393/17/118 1389/17/118 1385/17/118
f 1386/17/119 1401/17/119 1385/17/119
f 1387/17/120 1402/17/120 1386/17/120
f 1388/17/121 1403/17/121 1387/17/121
f 1389/17/122 1404/17/122 1388/17/122
f 1390/17/123 1405/17/123 1389/17/123
f 1391/17/124 1406/17/124 1390/17/124
f 1392/17/125 1407/17/125 1391/17/125
f 1393/17/126 1408/17/126 1392/17/126
f 1394/17/127 1409/17/127 1393/17/127
f 1395/17/128 1410/17/128 1394/17/128
f 1396/17/129 1411/17/129 1395/17/129
f 1397/17/130 1412/17/130 1396/17/130
f 1398/17/131 1413/17/131 1397/17/131
f 1399/17/132 1414/17/132 1398/17/132
f 1400/17/133 1415/17/133 1399/17/133
f 1385/17/134 1416/17/134 1400/17/134
f 1414/17/135 1416/17/135 1408/17/135
f 1419/18/136 1417/18/136 1420/18/136
f 1422/18/137 1424/18/137 1421/18/137
f 1418/18/138 1421/18/138 1417/18/138
f 1419/18/135 1422/18/135 1418/18/135
f 1420/18/139 1423/18/139 1419/18/139
f 1417/18/118 1424/18/118 1420/18/118
f 1427/18/136 1425/18/136 1428/18/136
f 1430/18/137 1432/18/137 1429/18/137
f 1426/18/138 1429/18/138 1425/18/138
f 1427/18/135 1430/18/135 1426/18/135
f 1428/18/139 1431/18/139 1427/18/139
f 1425/18/118 1432/18/118 1428/18/118
f 1435/18/136 1433/18/136 1436/18/136
f 1438/18/137 1440/18/137 1437/18/137
f 1434/18/138 1437/18/138 1433/18/138
f 1435/18/135 1438/18/135 1434/18/135
f 1436/18/139 1439/18/139 1435/18/139
f 1433/18/118 1440/18/118 1436/18/118
f 1443/18/136 1441/18/136 1444/18/136
f 1446/18/137 1448/18/137 1445/18/137
f 1442/18/138 1445/18/138 1441/18/138
f 1443/18/135 1446/18/135 1442/18/135
f 1444/18/139 1447/18/139 1443/18/139
f 1441/18/118 1448/18/118 1444/18/118
f 1451/18/136 1449/18/136 1452/18/136
f 1454/18/137 1456/18/137 1453/18/137
f 1450/18/138 1453/18/138 1449/18/138
f 1451/18/135 1454/18/135 1450/18/135
f 1452/18/139 1455/18/139 1451/18/139
f 1449/18/118 1456/18/118 1452/18/118
f 1459/18/136 1457/18/136 1460/18/136
f 1462/18/137 1464/18/137 1461/18/137
f 1458/18/138 1461/18/138 1457/18/138
f 1459/18/135 1462/18/135 1458/18/135
f 1460/18/139 1463/18/139 1459/18/139
f 1457/18/118 1464/18/118 1460/18/118
f 1467/18/136 1465/18/136 1468/18/136
f 1470/18/137 1472/18/137 1469/18/137
f 1466/18/138 1469/18/138 1465/18/138
f 1467/18/135 1470/18/135 1466/18/135
f 1468/18/139 1471/18/139 1467/18/139
f 1465/18/118 1472/18/118 1468/18/118
f 1475/18/136 1473/18/136 1476/18/136
f 1478/18/137 1480/18/137 1477/18/137
f 1474/18/138 1477/18/138 1473/18/138
f 1475/18/135 1478/18/135 1474/18/135
f 1476/18/139 1479/18/139 1475/18/139
f 1473/18/118 1480/18/118 1476/18/118
f 1483/18/136 1481/18/136 1484/18/136
f 1486/18/137 1488/18/137 1485/18/137
f 1482/18/138 1485/18/138 1481/18/138
f 1483/18/135 1486/18/135 1482/18/135
f 1484/18/139 1487/18/139 1483/18/139
f 1481/18/118 1488/18/118 1484/18/118
f 1491/18/136 1489/18/136 1492/18/136
f 1494/18/137 1496/18/137 1493/18/137
f 1490/18/138 1493/18/138 1489/18/138
f 1491/18/135 1494/18/135 1490/18/135
f 1492/18/139 1495/18/139 1491/18/139
f 1489/18/118 1496/18/118 1492/18/118
f 1499/18/136 1497/18/136 1500/18/136
f 1502/18/137 1504/18/137 1501/18/137
f 1498/18/138 1501/18/138 1497/18/138
f 1499/18/135 1502/18/135 1498/18/135
f 1500/18/139 1503/18/139 1499/18/139
f 1497/18/118 1504/18/118 1500/18/118
f 1507/18/136 1505/18/136 1508/18/136
f 1510/18/137 1512/18/137 1509/18/137
f 1506/18/138 1509/18/138 1505/18/138
f 1507/18/135 1510/18/135 1506/18/135
f 1508/18/139 1511/18/139 1507/18/139
f 1505/18/118 1512/18/118 1508/18/118
f 1515/18/136 1513/18/136 1516/18/136
f 1518/18/137 1520/18/137 1517/18/137
f 1514/18/138 1517/18/138 1513/18/138
f 1515/18/135 1518/18/135 1514/18/135
f 1516/18/139 1519/18/139 1515/18/139
f 1513/18/118 1520/18/118 1516/18/118
f 1523/18/136 1521/18/136 1524/18/136
f 1526/18/137 1528/18/137 1525/18/137
f 1522/18/138 1525/18/138 1521/18/138
f 1523/18/135 1526/18/135 1522/18/135
f 1524/18/139 1527/18/139 1523/18/139
f 1521/18/118 1528/18/118 1524/18/118
f 1531/18/136 1529/18/136 1532/18/136
f 1534/18/137 1536/18/137 1533/18/137
f 1530/18/138 1533/18/138 1529/18/138
f 1531/18/135 1534/18/135 1530/18/135
f 1532/18/139 1535/18/139 1531/18/139
f 1529/18/118 1536/18/118 1532/18/118
f 1539/18/136 1537/18/136 1540/18/136
f 1542/18/137 1544/18/137 1541/18/137
f 1538/18/138 1541/18/138 1537/18/138
f 1539/18/135 1542/18/135 1538/18/135
f 1540/18/139 1543/18/139 1539/18/139
f 1537/18/118 1544/18/118 1540/18/118
f 1547/18/136 1545/18/136 1548/18/136
f 1550/18/137 1552/18/137 1549/18/137
f 1546/18/138 1549/18/138 1545/18/138
f 1547/18/135 1550/18/135 1546/18/135
f 1548/18/139 1551/18/139 1547/18/139
f 1545/18/118 1552/18/118 1548/18/118
f 1555/18/136 1553/18/136 1556/18/136
f 1558/18/137 1560/18/137 1557/18/137
f 1554/18/138 1557/18/138 1553/18/138
f 1555/18/135 1558/18/135 1554/18/135
f 1556/18/139 1559/18/139 1555/18/139
f 1553/18/118 1560/18/118 1556/18/118
f 1563/18/136 1561/18/136 1564/18/136
f 1566/18/137 1568/18/137 1565/18/137
f 1562/18/138 1565/18/138 1561/18/138
f 1563/18/135 1566/18/135 1562/18/135
f 1564/18/139 1567/18/139 1563/18/139
f 1561/18/118 1568/18/118 1564/18/118
f 1571/18/136 1569/18/136 1572/18/136
f 1574/18/137 1576/18/137 1573/18/137
f 1570/18/138 1573/18/138 1569/18/138
f 1571/18/135 1574/18/135 1570/18/135
f 1572/18/139 1575/18/139 1571/18/139
f 1569/18/118 1576/18/118 1572/18/118
f 1587/19/118 1585/19/118 1581/19/118
f 1578/19/140 1589/19/140 1577/19/140
f 1579/19/141 1590/19/141 1578/19/141
f 1580/19/142 1591/19/142 1579/19/142
f 1581/19/143 1592/19/143 1580/19/143
f 1582/19/144 1593/19/144 1581/19/144
f 1583/19/145 1594/19/145 1582/19/145
f 1584/19/146 1595/19/146 1583/19/146
f 1585/19/147 1596/19/147 1584/19/147
f 1586/19/148 1597/19/148 1585/19/148
f 1587/19/149 1598/19/149 1586/19/149
f 1588/19/150 1599/19/150 1587/19/150
f 1577/19/151 1600/19/151 1588/19/151
f 1590/19/135 1592/19/135 1596/19/135
f 1609/20/118 1607/20/118 1605/20/118
f 1602/20/140 1613/20/140 1601/20/140
f 1603/20/141 1614/20/141 1602/20/141
f 1604/20/142 1615/20/142 1603/20/142
f 1605/20/143 1616/20/143 1604/20/143
f 1606/20/144 1617/20/144 1605/20/144
f 1607/20/145 1618/20/145 1606/20/145
f 1608/20/146 1619/20/146 1607/20/146
f 1609/20/147 1620/20/147 1608/20/147
f 1610/20/148 1621/20/148 1609/20/148
f 1611/20/149 1622/20/149 1610/20/149
f 1612/20/150 1623/20/150 1611/20/150
f 1601/20/151 1624/20/151 1612/20/151
f 1620/20/135 1622/20/135 1624/20/135
f 1625/21/118 1633/21/118 1631/21/118
f 1626/21/152 1635/21/152 1625/21/152
f 1627/21/153 1636/21/153 1626/21/153
f 1628/21/138 1637/21/138 1627/21/138
f 1629/21/154 1638/21/154 1628/21/154
f 1630/21/155 1639/21/155 1629/21/155
f 1631/21/156 1640/21/156 1630/21/156
f 1632/21/157 1641/21/157 1631/21/157
f 1633/21/139 1642/21/139 1632/21/139
f 1634/21/158 1643/21/158 1633/21/158
f 1625/21/159 1644/21/159 1634/21/159
f 1638/21/135 1640/21/135 1642/21/135
f 1647/22/118 1646/22/118 1645/22/118
f 1646/22/160 1651/22/160 1645/22/160
f 1647/22/138 1652/22/138 1646/22/138
f 1648/22/161 1653/22/161 1647/22/161
f 1649/22/162 1654/22/162 1648/22/162
f 1650/22/139 1655/22/139 1649/22/139
f 1645/22/163 1656/22/163 1650/22/163
f 1654/22/135 1655/22/135 1656/22/135
f 1659/22/118 1658/22/118 1657/22/118
f 1658/22/160 1663/22/160 1657/22/160
f 1659/22/138 1664/22/138 1658/22/138
f 1660/22/161 1665/22/161 1659/22/161
f 1661/22/162 1666/22/162 1660/22/162
f 1662/22/139 1667/22/139 1661/22/139
f 1657/22/163 1668/22/163 1662/22/163
f 1664/22/135 1666/22/135 1668/22/135
f 1671/22/118 1670/22/118 1669/22/118
f 1670/22/160 1675/22/160 1669/22/160
f 1671/22/138 1676/22/138 1670/22/138
f 1672/22/161 1677/22/161 1671/22/161
f 1673/22/162 1678/22/162 1672/22/162
f 1674/22/139 1679/22/139 1673/22/139
f 1669/22/163 1680/22/163 1674/22/163
f 1676/22/135 1678/22/135 1680/22/135
f 1683/22/118 1682/22/118 1681/22/118
f 1682/22/160 1687/22/160 1681/22/160
f 1683/22/138 1688/22/138 1682/22/138
f 1684/22/161 1689/22/161 1683/22/161
f 1685/22/162 1690/22/162 1684/22/162
f 1686/22/139 1691/22/139 1685/22/139
f 1681/22/163 1692/22/163 1686/22/163
f 1690/22/135 1691/22/135 1692/22/135
f 1697/22/118 1695/22/118 1693/22/118
f 1694/22/160 1699/22/160 1693/22/160
f 1695/22/138 1700/22/138 1694/22/138
f 1696/22/161 1701/22/161 1695/22/161
f 1697/22/162 1702/22/162 1696/22/162
f 1698/22/139 1703/22/139 1697/22/139
f 1693/22/163 1704/22/163 1698/22/163
f 1700/22/135 1702/22/135 1704/22/135
f 1709/22/118 1707/22/118 1705/22/118
f 1706/22/160 1711/22/160 1705/22/160
f 1707/22/138 1712/22/138 1706/22/138
f 1708/22/161 1713/22/161 1707/22/161
f 1709/22/162 1714/22/162 1708/22/162
f 1710/22/139 1715/22/139 1709/22/139
f 1705/22/163 1716/22/163 1710/22/163
f 1712/22/135 1714/22/135 1716/22/135
f 1727/19/118 1725/19/118 1721/19/118
f 1718/19/140 1729/19/140 1717/19/140
f 1719/19/141 1730/19/141 1718/19/141
f 1720/19/142 1731/19/142 1719/19/142
f 1721/19/143 1732/19/143 1720/19/143
f 1722/19/144 1733/19/144 1721/19/144
f 1723/19/145 1734/19/145 1722/19/145
f 1724/19/146 1735/19/146 1723/19/146
f 1725/19/147 1736/19/147 1724/19/147
f 1726/19/148 1737/19/148 1725/19/148
f 1727/19/149 1738/19/149 1726/19/149
f 1728/19/150 1739/19/150 1727/19/150
f 1717/19/151 1740/19/151 1728/19/151
f 1730/19/135 1732/19/135 1736/19/135
f 1745/20/118 1743/20/118 1741/20/118
f 1742/20/140 1753/20/140 1741/20/140
f 1743/20/141 1754/20/141 1742/20/141
f 1744/20/142 1755/20/142 1743/20/142
f 1745/20/143 1756/20/143 1744/20/143
f 1746/20/144 1757/20/144 1745/20/144
f 1747/20/145 1758/20/145 1746/20/145
f 1748/20/146 1759/20/146 1747/20/146
f 1749/20/147 1760/20/147 1748/20/147
f 1750/20/148 1761/20/148 1749/20/148
f 1751/20/149 1762/20/149 1750/20/149
f 1752/20/150 1763/20/150 1751/20/150
f 1741/20/151 1764/20/151 1752/20/151
f 1760/20/135 1762/20/135 1764/20/135
f 1769/21/118 1767/21/118 1765/21/118
f 1766/21/152 1775/21/152 1765/21/152
f 1767/21/153 1776/21/153 1766/21/153
f 1768/21/138 1777/21/138 1767/21/138
f 1769/21/154 1778/21/154 1768/21/154
f 1770/21/155 1779/21/155 1769/21/155
f 1771/21/156 1780/21/156 1770/21/156
f 1772/21/157 1781/21/157 1771/21/157
f 1773/21/139 1782/21/139 1772/21/139
f 1774/21/158 1783/21/158 1773/21/158
f 1765/21/159 1784/21/159 1774/21/159
f 1778/21/135 1782/21/135 1784/21/135
f 1787/22/118 1786/22/118 1785/22/118
f 1786/22/160 1791/22/160 1785/22/160
f 1787/22/138 1792/22/138 1786/22/138
f 1788/22/161 1793/22/161 1787/22/161
f 1789/22/162 1794/22/162 1788/22/162
f 1790/22/139 1795/22/139 1789/22/139
f 1785/22/163 1796/22/163 1790/22/163
f 1794/22/135 1795/22/135 1796/22/135
f 1801/22/118 1799/22/118 1797/22/118
f 1798/22/160 1803/22/160 1797/22/160
f 1799/22/138 1804/22/138 1798/22/138
f 1800/22/161 1805/22/161 1799/22/161
f 1801/22/162 1806/22/162 1800/22/162
f 1802/22/139 1807/22/139 1801/22/139
f 1797/22/163 1808/22/163 1802/22/163
f 1804/22/135 1806/22/135 1808/22/135
f 1813/22/118 1811/22/118 1809/22/118
f 1810/22/160 1815/22/160 1809/22/160
f 1811/22/138 1816/22/138 1810/22/138
f 1812/22/161 1817/22/161 1811/22/161
f 1813/22/162 1818/22/162 1812/22/162
f 1814/22/139 1819/22/139 1813/22/139
f 1809/22/163 1820/22/163 1814/22/163
f 1816/22/135 1818/22/135 1820/22/135
f 1823/22/118 1822/22/118 1821/22/118
f 1822/22/160 1827/22/160 1821/22/160
f 1823/22/138 1828/22/138 1822/22/138
f 1824/22/161 1829/22/161 1823/22/161
f 1825/22/162 1830/22/162 1824/22/162
f 1826/22/139 1831/22/139 1825/22/139
f 1821/22/163 1832/22/163 1826/22/163
f 1830/22/135 1831/22/135 1832/22/135
f 1837/22/118 1835/22/118 1833/22/118
f 1834/22/160 1839/22/160 1833/22/160
f 1835/22/138 1840/22/138 1834/22/138
f 1836/22/161 1841/22/161 1835/22/161
f 1837/22/162 1842/22/162 1836/22/162
f 1838/22/139 1843/22/139 1837/22/139
f 1833/22/163 1844/22/163 1838/22/163
f 1840/22/135 1842/22/135 1844/22/135
f 1849/22/118 1847/22/118 1845/22/118
f 1846/22/160 1851/22/160 1845/22/160
f 1847/22/138 1852/22/138 1846/22/138
f 1848/22/161 1853/22/161 1847/22/161
f 1849/22/162 1854/22/162 1848/22/162
f 1850/22/139 1855/22/139 1849/22/139
f 1845/22/163 1856/22/163 1850/22/163
f 1852/22/135 1854/22/135 1856/22/135
f 1385/17/118 1400/17/118 1399/17/118
f 1399/17/118 1398/17/118 1397/17/118
f 1397/17/118 1396/17/118 1395/17/118
f 1395/17/118 1394/17/118 1393/17/118
f 1393/17/118 1392/17/118 1391/17/118
f 1391/17/118 1390/17/118 1389/17/118
f 1389/17/118 1388/17/118 1387/17/118
f 1387/17/118 1386/17/118 1385/17/118
f 1385/17/118 1399/17/118 1397/17/118
f 1397/17/118 1395/17/118 1393/17/118
f 1393/17/118 1391/17/118 1389/17/118
f 1389/17/118 1387/17/118 1385/17/118
f 1385/17/118 1397/17/118 1393/17/118
f 1386/17/119 1402/17/119 1401/17/119
f 1387/17/120 1403/17/120 1402/17/120
f 1388/17/121 1404/17/121 1403/17/121
f 1389/17/122 1405/17/122 1404/17/122
f 1390/17/123 1406/17/123 1405/17/123
f 1391/17/124 1407/17/124 1406/17/124
f 1392/17/125 1408/17/125 1407/17/125
f 1393/17/126 1409/17/126 1408/17/126
f 1394/17/127 1410/17/127 1409/17/127
f 1395/17/128 1411/17/128 1410/17/128
f 1396/17/129 1412/17/129 1411/17/129
f 1397/17/130 1413/17/130 1412/17/130
f 1398/17/131 1414/17/131 1413/17/131
f 1399/17/132 1415/17/132 1414/17/132
f 1400/17/133 1416/17/133 1415/17/133
f 1385/17/134 1401/17/134 1416/17/134
f 1416/17/135 1401/17/135 1402/17/135
f 1402/17/135 1403/17/135 1404/17/135
f 1404/17/135 1405/17/135 1406/17/135
f 1406/17/135 1407/17/135 1408/17/135
f 1408/17/135 1409/17/135 1410/17/135
f 1410/17/135 1411/17/135 1412/17/135
f 1412/17/135 1413/17/135 1414/17/135
f 1414/17/135 1415/17/135 1416/17/135
f 1416/17/135 1402/17/135 1404/17/135
f 1404/17/135 1406/17/135 1416/17/135
f 1406/17/135 1408/17/135 1416/17/135
f 1408/17/135 1410/17/135 1412/17/135
f 1412/17/135 1414/17/135 1408/17/135
f 1419/18/136 1418/18/136 1417/18/136
f 1422/18/137 1423/18/137 1424/18/137
f 1418/18/138 1422/18/138 1421/18/138
f 1419/18/135 1423/18/135 1422/18/135
f 1420/18/139 1424/18/139 1423/18/139
f 1417/18/118 1421/18/118 1424/18/118
f 1427/18/136 1426/18/136 1425/18/136
f 1430/18/137 1431/18/137 1432/18/137
f 1426/18/138 1430/18/138 1429/18/138
f 1427/18/135 1431/18/135 1430/18/135
f 1428/18/139 1432/18/139 1431/18/139
f 1425/18/118 1429/18/118 1432/18/118
f 1435/18/136 1434/18/136 1433/18/136
f 1438/18/137 1439/18/137 1440/18/137
f 1434/18/138 1438/18/138 1437/18/138
f 1435/18/135 1439/18/135 1438/18/135
f 1436/18/139 1440/18/139 1439/18/139
f 1433/18/118 1437/18/118 1440/18/118
f 1443/18/136 1442/18/136 1441/18/136
f 1446/18/137 1447/18/137 1448/18/137
f 1442/18/138 1446/18/138 1445/18/138
f 1443/18/135 1447/18/135 1446/18/135
f 1444/18/139 1448/18/139 1447/18/139
f 1441/18/118 1445/18/118 1448/18/118
f 1451/18/136 1450/18/136 1449/18/136
f 1454/18/137 1455/18/137 1456/18/137
f 1450/18/138 1454/18/138 1453/18/138
f 1451/18/135 1455/18/135 1454/18/135
f 1452/18/139 1456/18/139 1455/18/139
f 1449/18/118 1453/18/118 1456/18/118
f 1459/18/136 1458/18/136 1457/18/136
f 1462/18/137 1463/18/137 1464/18/137
f 1458/18/138 1462/18/138 1461/18/138
f 1459/18/135 1463/18/135 1462/18/135
f 1460/18/139 1464/18/139 1463/18/139
f 1457/18/118 1461/18/118 1464/18/118
f 1467/18/136 1466/18/136 1465/18/136
f 1470/18/137 1471/18/137 1472/18/137
f 1466/18/138 1470/18/138 1469/18/138
f 1467/18/135 1471/18/135 1470/18/135
f 1468/18/139 1472/18/139 1471/18/139
f 1465/18/118 1469/18/118 1472/18/118
f 1475/18/136 1474/18/136 1473/18/136
f 1478/18/137 1479/18/137 1480/18/137
f 1474/18/138 1478/18/138 1477/18/138
f 1475/18/135 1479/18/135 1478/18/135
f 1476/18/139 1480/18/139 1479/18/139
f 1473/18/118 1477/18/118 1480/18/118
f 1483/18/136 1482/18/136 1481/18/136
f 1486/18/137 1487/18/137 1488/18/137
f 1482/18/138 1486/18/138 1485/18/138
f 1483/18/135 1487/18/135 1486/18/135
f 1484/18/139 1488/18/139 1487/18/139
f 1481/18/118 1485/18/118 1488/18/118
f 1491/18/136 1490/18/136 1489/18/136
f 1494/18/137 1495/18/137 1496/18/137
f 1490/18/138 1494/18/138 1493/18/138
f 1491/18/135 1495/18/135 1494/18/135
f 1492/18/139 1496/18/139 1495/18/139
f 1489/18/118 1493/18/118 1496/18/118
f 1499/18/136 1498/18/136 1497/18/136
f 1502/18/137 1503/18/137 1504/18/137
f 1498/18/138 1502/18/138 1501/18/138
f 1499/18/135 1503/18/135 1502/18/135
f 1500/18/139 1504/18/139 1503/18/139
f 1497/18/118 1501/18/118 1504/18/118
f 1507/18/136 1506/18/136 1505/18/136
f 1510/18/137 1511/18/137 1512/18/137
f 1506/18/138 1510/18/138 1509/18/138
f 1507/18/135 1511/18/135 1510/18/135
f 1508/18/139 1512/18/139 1511/18/139
f 1505/18/118 1509/18/118 1512/18/118
f 1515/18/136 1514/18/136 1513/18/136
f 1518/18/137 1519/18/137 1520/18/137
f 1514/18/138 1518/18/138 1517/18/138
f 1515/18/135 1519/18/135 1518/18/135
f 1516/18/139 1520/18/139 1519/18/139
f 1513/18/118 1517/18/118 1520/18/118
f 1523/18/136 1522/18/136 1521/18/136
f 1526/18/137 1527/18/137 1528/18/137
f 1522/18/138 1526/18/138 1525/18/138
f 1523/18/135 1527/18/135 1526/18/135
f 1524/18/139 1528/18/139 1527/18/139
f 1521/18/118 1525/18/118 1528/18/118
f 1531/18/136 1530/18/136 1529/18/136
f 1534/18/137 1535/18/137 1536/18/137
f 1530/18/138 1534/18/138 1533/18/138
f 1531/18/135 1535/18/135 1534/18/135
f 1532/18/139 1536/18/139 1535/18/139
f 1529/18/118 1533/18/118 1536/18/118
f 1539/18/136 1538/18/136 1537/18/136
f 1542/18/137 1543/18/137 1544/18/137
f 1538/18/138 1542/18/138 1541/18/138
f 1539/18/135 1543/18/135 1542/18/135
f 1540/18/139 1544/18/139 1543/18/139
f 1537/18/118 1541/18/118 1544/18/118
f 1547/18/136 1546/18/136 1545/18/136
f 1550/18/137 1551/18/137 1552/18/137
f 1546/18/138 1550/18/138 1549/18/138
f 1547/18/135 1551/18/135 1550/18/135
f 1548/18/139 1552/18/139 1551/18/139
f 1545/18/118 1549/18/118 1552/18/118
f 1555/18/136 1554/18/136 1553/18/136
f 1558/18/137 1559/18/137 1560/18/137
f 1554/18/138 1558/18/138 1557/18/138
f 1555/18/135 1559/18/135 1558/18/135
f 1556/18/139 1560/18/139 1559/18/139
f 1553/18/118 1557/18/118 1560/18/118
f 1563/18/136 1562/18/136 1561/18/136
f 1566/18/137 1567/18/137 1568/18/137
f 1562/18/138 1566/18/138 1565/18/138
f 1563/18/135 1567/18/135 1566/18/135
f 1564/18/139 1568/18/139 1567/18/139
f 1561/18/118 1565/18/118 1568/18/118
f 1571/18/136 1570/18/136 1569/18/136
f 1574/18/137 1575/18/137 1576/18/137
f 1570/18/138 1574/18/138 1573/18/138
f 1571/18/135 1575/18/135 1574/18/135
f 1572/18/139 1576/18/139 1575/18/139
f 1569/18/118 1573/18/118 1576/18/118
f 1577/19/118 1588/19/118 1587/19/118
f 1587/19/118 1586/19/118 1585/19/118
f 1585/19/118 1584/19/118 1581/19/118
f 1584/19/118 1583/19/118 1581/19/118
f 1583/19/118 1582/19/118 1581/19/118
f 1581/19/118 1580/19/118 1577/19/118
f 1580/19/118 1579/19/118 1577/19/118
f 1579/19/118 1578/19/118 1577/19/118
f 1577/19/118 1587/19/118 1581/19/118
f 1578/19/140 1590/19/140 1589/19/140
f 1579/19/141 1591/19/141 1590/19/141
f 1580/19/142 1592/19/142 1591/19/142
f 1581/19/143 1593/19/143 1592/19/143
f 1582/19/144 1594/19/144 1593/19/144
f 1583/19/145 1595/19/145 1594/19/145
f 1584/19/146 1596/19/146 1595/19/146
f 1585/19/147 1597/19/147 1596/19/147
f 1586/19/148 1598/19/148 1597/19/148
f 1587/19/149 1599/19/149 1598/19/149
f 1588/19/150 1600/19/150 1599/19/150
f 1577/19/151 1589/19/151 1600/19/151
f 1600/19/135 1589/19/135 1590/19/135
f 1590/19/135 1591/19/135 1592/19/135
f 1592/19/135 1593/19/135 1594/19/135
f 1594/19/135 1595/19/135 1592/19/135
f 1595/19/135 1596/19/135 1592/19/135
f 1596/19/135 1597/19/135 1600/19/135
f 1597/19/135 1598/19/135 1600/19/135
f 1598/19/135 1599/19/135 1600/19/135
f 1600/19/135 1590/19/135 1596/19/135
f 1601/20/118 1612/20/118 1611/20/118
f 1611/20/118 1610/20/118 1609/20/118
f 1609/20/118 1608/20/118 1607/20/118
f 1607/20/118 1606/20/118 1605/20/118
f 1605/20/118 1604/20/118 1603/20/118
f 1603/20/118 1602/20/118 1605/20/118
f 1602/20/118 1601/20/118 1605/20/118
f 1601/20/118 1611/20/118 1605/20/118
f 1611/20/118 1609/20/118 1605/20/118
f 1602/20/140 1614/20/140 1613/20/140
f 1603/20/141 1615/20/141 1614/20/141
f 1604/20/142 1616/20/142 1615/20/142
f 1605/20/143 1617/20/143 1616/20/143
f 1606/20/144 1618/20/144 1617/20/144
f 1607/20/145 1619/20/145 1618/20/145
f 1608/20/146 1620/20/146 1619/20/146
f 1609/20/147 1621/20/147 1620/20/147
f 1610/20/148 1622/20/148 1621/20/148
f 1611/20/149 1623/20/149 1622/20/149
f 1612/20/150 1624/20/150 1623/20/150
f 1601/20/151 1613/20/151 1624/20/151
f 1624/20/135 1613/20/135 1614/20/135
f 1614/20/135 1615/20/135 1624/20/135
f 1615/20/135 1616/20/135 1624/20/135
f 1616/20/135 1617/20/135 1618/20/135
f 1618/20/135 1619/20/135 1620/20/135
f 1620/20/135 1621/20/135 1622/20/135
f 1622/20/135 1623/20/135 1624/20/135
f 1616/20/135 1618/20/135 1624/20/135
f 1618/20/135 1620/20/135 1624/20/135
f 1625/21/118 1634/21/118 1633/21/118
f 1633/21/118 1632/21/118 1631/21/118
f 1631/21/118 1630/21/118 1627/21/118
f 1630/21/118 1629/21/118 1627/21/118
f 1629/21/118 1628/21/118 1627/21/118
f 1627/21/118 1626/21/118 1631/21/118
f 1626/21/118 1625/21/118 1631/21/118
f 1626/21/152 1636/21/152 1635/21/152
f 1627/21/153 1637/21/153 1636/21/153
f 1628/21/138 1638/21/138 1637/21/138
f 1629/21/154 1639/21/154 1638/21/154
f 1630/21/155 1640/21/155 1639/21/155
f 1631/21/156 1641/21/156 1640/21/156
f 1632/21/157 1642/21/157 1641/21/157
f 1633/21/139 1643/21/139 1642/21/139
f 1634/21/158 1644/21/158 1643/21/158
f 1625/21/159 1635/21/159 1644/21/159
f 1644/21/135 1635/21/135 1636/21/135
f 1636/21/135 1637/21/135 1638/21/135
f 1638/21/135 1639/21/135 1640/21/135
f 1640/21/135 1641/21/135 1642/21/135
f 1642/21/135 1643/21/135 1638/21/135
f 1643/21/135 1644/21/135 1638/21/135
f 1644/21/135 1636/21/135 1638/21/135
f 1645/22/118 1650/22/118 1649/22/118
f 1649/22/118 1648/22/118 1645/22/118
f 1648/22/118 1647/22/118 1645/22/118
f 1646/22/160 1652/22/160 1651/22/160
f 1647/22/138 1653/22/138 1652/22/138
f 1648/22/161 1654/22/161 1653/22/161
f 1649/22/162 1655/22/162 1654/22/162
f 1650/22/139 1656/22/139 1655/22/139
f 1645/22/163 1651/22/163 1656/22/163
f 1656/22/135 1651/22/135 1654/22/135
f 1651/22/135 1652/22/135 1654/22/135
f 1652/22/135 1653/22/135 1654/22/135
f 1657/22/118 1662/22/118 1659/22/118
f 1662/22/118 1661/22/118 1659/22/118
f 1661/22/118 1660/22/118 1659/22/118
f 1658/22/160 1664/22/160 1663/22/160
f 1659/22/138 1665/22/138 1664/22/138
f 1660/22/161 1666/22/161 1665/22/161
f 1661/22/162 1667/22/162 1666/22/162
f 1662/22/139 1668/22/139 1667/22/139
f 1657/22/163 1663/22/163 1668/22/163
f 1668/22/135 1663/22/135 1664/22/135
f 1664/22/135 1665/22/135 1666/22/135
f 1666/22/135 1667/22/135 1668/22/135
f 1669/22/118 1674/22/118 1671/22/118
f 1674/22/118 1673/22/118 1671/22/118
f 1673/22/118 1672/22/118 1671/22/118
f 1670/22/160 1676/22/160 1675/22/160
f 1671/22/138 1677/22/138 1676/22/138
f 1672/22/161 1678/22/161 1677/22/161
f 1673/22/162 1679/22/162 1678/22/162
f 1674/22/139 1680/22/139 1679/22/139
f 1669/22/163 1675/22/163 1680/22/163
f 1680/22/135 1675/22/135 1676/22/135
f 1676/22/135 1677/22/135 1678/22/135
f 1678/22/135 1679/22/135 1680/22/135
f 1681/22/118 1686/22/118 1685/22/118
f 1685/22/118 1684/22/118 1681/22/118
f 1684/22/118 1683/22/118 1681/22/118
f 1682/22/160 1688/22/160 1687/22/160
f 1683/22/138 1689/22/138 1688/22/138
f 1684/22/161 1690/22/161 1689/22/161
f 1685/22/162 1691/22/162 1690/22/162
f 1686/22/139 1692/22/139 1691/22/139
f 1681/22/163 1687/22/163 1692/22/163
f 1692/22/135 1687/22/135 1690/22/135
f 1687/22/135 1688/22/135 1690/22/135
f 1688/22/135 1689/22/135 1690/22/135
f 1693/22/118 1698/22/118 1697/22/118
f 1697/22/118 1696/22/118 1695/22/118
f 1695/22/118 1694/22/118 1693/22/118
f 1694/22/160 1700/22/160 1699/22/160
f 1695/22/138 1701/22/138 1700/22/138
f 1696/22/161 1702/22/161 1701/22/161
f 1697/22/162 1703/22/162 1702/22/162
f 1698/22/139 1704/22/139 1703/22/139
f 1693/22/163 1699/22/163 1704/22/163
f 1704/22/135 1699/22/135 1700/22/135
f 1700/22/135 1701/22/135 1702/22/135
f 1702/22/135 1703/22/135 1704/22/135
f 1705/22/118 1710/22/118 1709/22/118
f 1709/22/118 1708/22/118 1707/22/118
f 1707/22/118 1706/22/118 1705/22/118
f 1706/22/160 1712/22/160 1711/22/160
f 1707/22/138 1713/22/138 1712/22/138
f 1708/22/161 1714/22/161 1713/22/161
f 1709/22/162 1715/22/162 1714/22/162
f 1710/22/139 1716/22/139 1715/22/139
f 1705/22/163 1711/22/163 1716/22/163
f 1716/22/135 1711/22/135 1712/22/135
f 1712/22/135 1713/22/135 1714/22/135
f 1714/22/135 1715/22/135 1716/22/135
f 1717/19/118 1728/19/118 1727/19/118
f 1727/19/118 1726/19/118 1725/19/118
f 1725/19/118 1724/19/118 1721/19/118
f 1724/19/118 1723/19/118 1721/19/118
f 1723/19/118 1722/19/118 1721/19/118
f 1721/19/118 1720/19/118 1717/19/118
f 1720/19/118 1719/19/118 1717/19/118
f 1719/19/118 1718/19/118 1717/19/118
f 1717/19/118 1727/19/118 1721/19/118
f 1718/19/140 1730/19/140 1729/19/140
f 1719/19/141 1731/19/141 1730/19/141
f 1720/19/142 1732/19/142 1731/19/142
f 1721/19/143 1733/19/143 1732/19/143
f 1722/19/144 1734/19/144 1733/19/144
f 1723/19/145 1735/19/145 1734/19/145
f 1724/19/146 1736/19/146 1735/19/146
f 1725/19/147 1737/19/147 1736/19/147
f 1726/19/148 1738/19/148 1737/19/148
f 1727/19/149 1739/19/149 1738/19/149
f 1728/19/150 1740/19/150 1739/19/150
f 1717/19/151 1729/19/151 1740/19/151
f 1740/19/135 1729/19/135 1730/19/135
f 1730/19/135 1731/19/135 1732/19/135
f 1732/19/135 1733/19/135 1734/19/135
f 1734/19/135 1735/19/135 1732/19/135
f 1735/19/135 1736/19/135 1732/19/135
f 1736/19/135 1737/19/135 1740/19/135
f 1737/19/135 1738/19/135 1740/19/135
f 1738/19/135 1739/19/135 1740/19/135
f 1740/19/135 1730/19/135 1736/19/135
f 1741/20/118 1752/20/118 1751/20/118
f 1751/20/118 1750/20/118 1749/20/118
f 1749/20/118 1748/20/118 1747/20/118
f 1747/20/118 1746/20/118 1745/20/118
f 1745/20/118 1744/20/118 1743/20/118
f 1743/20/118 1742/20/118 1741/20/118
f 1741/20/118 1751/20/118 1745/20/118
f 1751/20/118 1749/20/118 1745/20/118
f 1749/20/118 1747/20/118 1745/20/118
f 1742/20/140 1754/20/140 1753/20/140
f 1743/20/141 1755/20/141 1754/20/141
f 1744/20/142 1756/20/142 1755/20/142
f 1745/20/143 1757/20/143 1756/20/143
f 1746/20/144 1758/20/144 1757/20/144
f 1747/20/145 1759/20/145 1758/20/145
f 1748/20/146 1760/20/146 1759/20/146
f 1749/20/147 1761/20/147 1760/20/147
f 1750/20/148 1762/20/148 1761/20/148
f 1751/20/149 1763/20/149 1762/20/149
f 1752/20/150 1764/20/150 1763/20/150
f 1741/20/151 1753/20/151 1764/20/151
f 1764/20/135 1753/20/135 1754/20/135
f 1754/20/135 1755/20/135 1756/20/135
f 1756/20/135 1757/20/135 1758/20/135
f 1758/20/135 1759/20/135 1760/20/135
f 1760/20/135 1761/20/135 1762/20/135
f 1762/20/135 1763/20/135 1764/20/135
f 1764/20/135 1754/20/135 1760/20/135
f 1754/20/135 1756/20/135 1760/20/135
f 1756/20/135 1758/20/135 1760/20/135
f 1765/21/118 1774/21/118 1773/21/118
f 1773/21/118 1772/21/118 1771/21/118
f 1771/21/118 1770/21/118 1769/21/118
f 1769/21/118 1768/21/118 1767/21/118
f 1767/21/118 1766/21/118 1765/21/118
f 1765/21/118 1773/21/118 1771/21/118
f 1771/21/118 1769/21/118 1765/21/118
f 1766/21/152 1776/21/152 1775/21/152
f 1767/21/153 1777/21/153 1776/21/153
f 1768/21/138 1778/21/138 1777/21/138
f 1769/21/154 1779/21/154 1778/21/154
f 1770/21/155 1780/21/155 1779/21/155
f 1771/21/156 1781/21/156 1780/21/156
f 1772/21/157 1782/21/157 1781/21/157
f 1773/21/139 1783/21/139 1782/21/139
f 1774/21/158 1784/21/158 1783/21/158
f 1765/21/159 1775/21/159 1784/21/159
f 1784/21/135 1775/21/135 1776/21/135
f 1776/21/135 1777/21/135 1778/21/135
f 1778/21/135 1779/21/135 1780/21/135
f 1780/21/135 1781/21/135 1782/21/135
f 1782/21/135 1783/21/135 1784/21/135
f 1784/21/135 1776/21/135 1778/21/135
f 1778/21/135 1780/21/135 1782/21/135
f 1785/22/118 1790/22/118 1789/22/118
f 1789/22/118 1788/22/118 1785/22/118
f 1788/22/118 1787/22/118 1785/22/118
f 1786/22/160 1792/22/160 1791/22/160
f 1787/22/138 1793/22/138 1792/22/138
f 1788/22/161 1794/22/161 1793/22/161
f 1789/22/162 1795/22/162 1794/22/162
f 1790/22/139 1796/22/139 1795/22/139
f 1785/22/163 1791/22/163 1796/22/163
f 1796/22/135 1791/22/135 1794/22/135
f 1791/22/135 1792/22/135 1794/22/135
f 1792/22/135 1793/22/135 1794/22/135
f 1797/22/118 1802/22/118 1801/22/118
f 1801/22/118 1800/22/118 1799/22/118
f 1799/22/118 1798/22/118 1797/22/118
f 1798/22/160 1804/22/160 1803/22/160
f 1799/22/138 1805/22/138 1804/22/138
f 1800/22/161 1806/22/161 1805/22/161
f 1801/22/162 1807/22/162 1806/22/162
f 1802/22/139 1808/22/139 1807/22/139
f 1797/22/163 1803/22/163 1808/22/163
f 1808/22/135 1803/22/135 1804/22/135
f 1804/22/135 1805/22/135 1806/22/135
f 1806/22/135 1807/22/135 1808/22/135
f 1809/22/118 1814/22/118 1813/22/118
f 1813/22/118 1812/22/118 1811/22/118
f 1811/22/118 1810/22/118 1809/22/118
f 1810/22/160 1816/22/160 1815/22/160
f 1811/22/138 1817/22/138 1816/22/138
f 1812/22/161 1818/22/161 1817/22/161
f 1813/22/162 1819/22/162 1818/22/162
f 1814/22/139 1820/22/139 1819/22/139
f 1809/22/163 1815/22/163 1820/22/163
f 1820/22/135 1815/22/135 1816/22/135
f 1816/22/135 1817/22/135 1818/22/135
f 1818/22/135 1819/22/135 1820/22/135
f 1821/22/118 1826/22/118 1825/22/118
f 1825/22/118 1824/22/118 1821/22/118
f 1824/22/118 1823/22/118 1821/22/118
f 1822/22/160 1828/22/160 1827/22/160
f 1823/22/138 1829/22/138 1828/22/138
f 1824/22/161 1830/22/161 1829/22/161
f 1825/22/162 1831/22/162 1830/22/162
f 1826/22/139 1832/22/139 1831/22/139
f 1821/22/163 1827/22/163 1832/22/163
f 1832/22/135 1827/22/135 1830/22/135
f 1827/22/135 1828/22/135 1830/22/135
f 1828/22/135 1829/22/135 1830/22/135
f 1833/22/118 1838/22/118 1837/22/118
f 1837/22/118 1836/22/118 1835/22/118
f 1835/22/118 1834/22/118 1833/22/118
f 1834/22/160 1840/22/160 1839/22/160
f 1835/22/138 1841/22/138 1840/22/138
f 1836/22/161 1842/22/161 1841/22/161
f 1837/22/162 1843/22/162 1842/22/162
f 1838/22/139 1844/22/139 1843/22/139
f 1833/22/163 1839/22/163 1844/22/163
f 1844/22/135 1839/22/135 1840/22/135
f 1840/22/135 1841/22/135 1842/22/135
f 1842/22/135 1843/22/135 1844/22/135
f 1845/22/118 1850/22/118 1849/22/118
f 1849/22/118 1848/22/118 1847/22/118
f 1847/22/118 1846/22/118 1845/22/118
f 1846/22/160 1852/22/160 1851/22/160
f 1847/22/138 1853/22/138 1852/22/138
f 1848/22/161 1854/22/161 1853/22/161
f 1849/22/162 1855/22/162 1854/22/162
f 1850/22/139 1856/22/139 1855/22/139
f 1845/22/163 1851/22/163 1856/22/163
f 1856/22/135 1851/22/135 1852/22/135
f 1852/22/135 1853/22/135 1854/22/135
f 1854/22/135 1855/22/135 1856/22/135
o Wheel_RB
v 1.075000 1.040000 -1.150000
v 1.075000 1.000417 -0.951005
v 1.075000 0.887695 -0.782304
v 1.075000 0.718995 -0.669583
v 1.075000 0.520000 -0.630000
v 1.075000 0.321005 -0.669583
v 1.075000 0.152304 -0.782304
v 1.075000 0.039583 -0.951005
v 1.075000 0.000000 -1.150000
v 1.075000 0.039583 -1.348995
v 1.075000 0.152304 -1.517695
v 1.075000 0.321005 -1.630417
v 1.075000 0.520000 -1.670000
v 1.075000 0.718995 -1.630417
v 1.075000 0.887695 -1.517695
v 1.075000 1.000417 -1.348995
v 1.425000 1.040000 -1.150000
v 1.425000 1.000417 -0.951005
v 1.425000 0.887695 -0.782304
v 1.425000 0.718995 -0.669583
v 1.425000 0.520000 -0.630000
v 1.425000 0.321005 -0.669583
v 1.425000 0.152304 -0.782304
v 1.425000 0.039583 -0.951005
v 1.425000 0.000000 -1.150000
v 1.425000 0.039583 -1.348995
v 1.425000 0.152304 -1.517695
v 1.425000 0.321005 -1.630417
v 1.425000 0.520000 -1.670000
v 1.425000 0.718995 -1.630417
v 1.425000 0.887695 -1.517695
v 1.425000 1.000417 -1.348995
v 1.055000 0.475000 -0.595000
v 1.445000 0.475000 -0.595000
v 1.445000 0.475000 -0.685000
v 1.055000 0.475000 -0.685000
v 1.055000 0.565000 -0.595000
v 1.445000 0.565000 -0.595000
v 1.445000 0.565000 -0.685000
v 1.055000 0.565000 -0.685000
v 1.055000 0.632599 -0.619961
v 1.445000 0.632599 -0.619961
v 1.445000 0.632599 -0.709961
v 1.055000 0.632599 -0.709961
v 1.055000 0.722599 -0.619961
v 1.445000 0.722599 -0.619961
v 1.445000 0.722599 -0.709961
v 1.055000 0.722599 -0.709961
v 1.055000 0.774770 -0.692401
v 1.445000 0.774770 -0.692401
v 1.445000 0.774770 -0.782401
v 1.055000 0.774770 -0.782401
v 1.055000 0.864770 -0.692401
v 1.445000 0.864770 -0.692401
v 1.445000 0.864770 -0.782401
v 1.055000 0.864770 -0.782401
v 1.055000 0.887599 -0.805229
v 1.445000 0.887599 -0.805229
v 1.445000 0.887599 -0.895229
v 1.055000 0.887599 -0.895229
v 1.055000 0.977599 -0.805229
v 1.445000 0.977599 -0.805229
v 1.445000 0.977599 -0.895229
v 1.055000 0.977599 -0.895229
v 1.055000 0.960039 -0.947401
v 1.445000 0.960039 -0.947401
v 1.445000 0.960039 -1.037401
v 1.055000 0.960039 -1.037401
v 1.055000 1.050039 -0.947401
v 1.445000 1.050039 -0.947401
v 1.445000 1.050039 -1.037401
v 1.055000 1.050039 -1.037401
v 1.055000 0.985000 -1.105000
v 1.445000 0.985000 -1.105000
v 1.445000 0.985000 -1.195000
v 1.055000 0.985000 -1.195000
v 1.055000 1.075000 -1.105000
v 1.445000 1.075000 -1.105000
v 1.445000 1.075000 -1.195000
v 1.055000 1.075000 -1.195000
v 1.055000 0.960039 -1.262599
v 1.445000 0.960039 -1.262599
v 1.445000 0.960039 -1.352599
v 1.055000 0.960039 -1.352599
v 1.055000 1.050039 -1.262599
v 1.445000 1.050039 -1.262599
v 1.445000 1.050039 -1.352599
v 1.055000 1.050039 -1.352599
v 1.055000 0.887599 -1.404770
v 1.445000 0.887599 -1.404770
v 1.445000 0.887599 -1.494771
v 1.055000 0.887599 -1.494771
v 1.055000 0.977599 -1.404770
v 1.445000 0.977599 -1.404770
v 1.445000 0.977599 -1.494771
v 1.055000 0.977599 -1.494771
v 1.055000 0.774770 -1.517599
v 1.445000 0.774770 -1.517599
v 1.445000 0.774770 -1.607599
v 1.055000 0.774770 -1.607599
v 1.055000 0.864770 -1.517599
v 1.445000 0.864770 -1.517599
v 1.445000 0.864770 -1.607599
v 1.055000 0.864770 -1.607599
v 1.055000 0.632599 -1.590039
v 1.445000 0.632599 -1.590039
v 1.445000 0.632599 -1.680039
v 1.055000 0.632599 -1.680039
v 1.055000 0.722599 -1.590039
v 1.445000 0.722599 -1.590039
v 1.445000 0.722599 -1.680039
v 1.055000 0.722599 -1.680039
v 1.055000 0.475000 -1.615000
v 1.445000 0.475000 -1.615000
v 1.445000 0.475000 -1.705000
v 1.055000 0.475000 -1.705000
v 1.055000 0.565000 -1.615000
v 1.445000 0.565000 -1.615000
v 1.445000 0.565000 -1.705000
v 1.055000 0.565000 -1.705000
v 1.055000 0.317401 -1.590039
v 1.445000 0.317401 -1.590039
v 1.445000 0.317401 -1.680039
v 1.055000 0.317401 -1.680039
v 1.055000 0.407401 -1.590039
v 1.445000 0.407401 -1.590039
v 1.445000 0.407401 -1.680039
v 1.055000 0.407401 -1.680039
v 1.055000 0.175229 -1.517599
v 1.445000 0.175229 -1.517599
v 1.445000 0.175229 -1.607599
v 1.055000 0.175229 -1.607599
v 1.055000 0.265229 -1.517599
v 1.445000 0.265229 -1.517599
v 1.445000 0.265229 -1.607599
v 1.055000 0.265229 -1.607599
v 1.055000 0.062401 -1.404770
v 1.445000 0.062401 -1.404770
v 1.445000 0.062401 -1.494771
v 1.055000 0.062401 -1.494771
v 1.055000 0.152401 -1.404770
v 1.445000 0.152401 -1.404770
v 1.445000 0.152401 -1.494771
v 1.055000 0.152401 -1.494771
v 1.055000 -0.010039 -1.262599
v 1.445000 -0.010039 -1.262599
v 1.445000 -0.010039 -1.352599
v 1.055000 -0.010039 -1.352599
v 1.055000 0.079961 -1.262599
v 1.445000 0.079961 -1.262599
v 1.445000 0.079961 -1.352599
v 1.055000 0.079961 -1.352599
v 1.055000 -0.035000 -1.105000
v 1.445000 -0.035000 -1.105000
v 1.445000 -0.035000 -1.195000
v 1.055000 -0.035000 -1.195000
v 1.055000 0.055000 -1.105000
v 1.445000 0.055000 -1.105000
v 1.445000 0.055000 -1.195000
v 1.055000 0.055000 -1.195000
v 1.055000 -0.010039 -0.947401
v 1.445000 -0.010039 -0.947401
v 1.445000 -0.010039 -1.037401
v 1.055000 -0.010039 -1.037401
v 1.055000 0.079961 -0.947401
v 1.445000 0.079961 -0.947401
v 1.445000 0.079961 -1.037401
v 1.055000 0.079961 -1.037401
v 1.055000 0.062401 -0.805229
v 1.445000 0.062401 -0.805229
v 1.445000 0.062401 -0.895229
v 1.055000 0.062401 -0.895229
v 1.055000 0.152401 -0.805229
v 1.445000 0.152401 -0.805229
v 1.445000 0.152401 -0.895229
v 1.055000 0.152401 -0.895229
v 1.055000 0.175229 -0.692401
v 1.445000 0.175229 -0.692401
v 1.445000 0.175229 -0.782401
v 1.055000 0.175229 -0.782401
v 1.055000 0.265229 -0.692401
v 1.445000 0.265229 -0.692401
v 1.445000 0.265229 -0.782401
v 1.055000 0.265229 -0.782401
v 1.055000 0.317401 -0.619961
v 1.445000 0.317401 -0.619961
v 1.445000 0.317401 -0.709961
v 1.055000 0.317401 -0.709961
v 1.055000 0.407401 -0.619961
v 1.445000 0.407401 -0.619961
v 1.445000 0.407401 -0.709961
v 1.055000 0.407401 -0.709961
v 1.042500 0.840000 -1.150000
v 1.042500 0.797128 -0.990000
v 1.042500 0.680000 -0.872872
v 1.042500 0.520000 -0.830000
v 1.042500 0.360000 -0.872872
v 1.042500 0.242872 -0.990000
v 1.042500 0.200000 -1.150000
v 1.042500 0.242872 -1.310000
v 1.042500 0.360000 -1.427128
v 1.042500 0.520000 -1.470000
v 1.042500 0.680000 -1.427128
v 1.042500 0.797128 -1.310000
v 1.087500 0.840000 -1.150000
v 1.087500 0.797128 -0.990000
v 1.087500 0.680000 -0.872872
v 1.087500 0.520000 -0.830000
v 1.087500 0.360000 -0.872872
v 1.087500 0.242872 -0.990000
v 1.087500 0.200000 -1.150000
v 1.087500 0.242872 -1.310000
v 1.087500 0.360000 -1.427128
v 1.087500 0.520000 -1.470000
v 1.087500 0.680000 -1.427128
v 1.087500 0.797128 -1.310000
v 1.017500 0.760000 -1.150000
v 1.017500 0.727846 -1.030000
v 1.017500 0.640000 -0.942154
v 1.017500 0.520000 -0.910000
v 1.017500 0.400000 -0.942154
v 1.017500 0.312154 -1.030000
v 1.017500 0.280000 -1.150000
v 1.017500 0.312154 -1.270000
v 1.017500 0.400000 -1.357846
v 1.017500 0.520000 -1.390000
v 1.017500 0.640000 -1.357846
v 1.017500 0.727846 -1.270000
v 1.052500 0.760000 -1.150000
v 1.052500 0.727846 -1.030000
v 1.052500 0.640000 -0.942154
v 1.052500 0.520000 -0.910000
v 1.052500 0.400000 -0.942154
v 1.052500 0.312154 -1.030000
v 1.052500 0.280000 -1.150000
v 1.052500 0.312154 -1.270000
v 1.052500 0.400000 -1.357846
v 1.052500 0.520000 -1.390000
v 1.052500 0.640000 -1.357846
v 1.052500 0.727846 -1.270000
v 0.975000 0.620000 -1.150000
v 0.975000 0.600902 -1.091221
v 0.975000 0.550902 -1.054894
v 0.975000 0.489098 -1.054894
v 0.975000 0.439098 -1.091221
v 0.975000 0.420000 -1.150000
v 0.975000 0.439098 -1.208779
v 0.975000 0.489098 -1.245106
v 0.975000 0.550902 -1.245106
v 0.975000 0.600902 -1.208779
v 1.045000 0.620000 -1.150000
v 1.045000 0.600902 -1.091221
v 1.045000 0.550902 -1.054894
v 1.045000 0.489098 -1.054894
v 1.045000 0.439098 -1.091221
v 1.045000 0.420000 -1.150000
v 1.045000 0.439098 -1.208779
v 1.045000 0.489098 -1.245106
v 1.045000 0.550902 -1.245106
v 1.045000 0.600902 -1.208779
v 0.996000 0.546000 -0.990000
v 0.996000 0.533000 -0.967483
v 0.996000 0.507000 -0.967483
v 0.996000 0.494000 -0.990000
v 0.996000 0.507000 -1.012517
v 0.996000 0.533000 -1.012517
v 1.018000 0.546000 -0.990000
v 1.018000 0.533000 -0.967483
v 1.018000 0.507000 -0.967483
v 1.018000 0.494000 -0.990000
v 1.018000 0.507000 -1.012517
v 1.018000 0.533000 -1.012517
v 0.996000 0.684564 -1.070000
v 0.996000 0.671564 -1.047483
v 0.996000 0.645564 -1.047483
v 0.996000 0.632564 -1.070000
v 0.996000 0.645564 -1.092517
v 0.996000 0.671564 -1.092517
v 1.018000 0.684564 -1.070000
v 1.018000 0.671564 -1.047483
v 1.018000 0.645564 -1.047483
v 1.018000 0.632564 -1.070000
v 1.018000 0.645564 -1.092517
v 1.018000 0.671564 -1.092517
v 0.996000 0.684564 -1.230000
v 0.996000 0.671564 -1.207483
v 0.996000 0.645564 -1.207483
v 0.996000 0.632564 -1.230000
v 0.996000 0.645564 -1.252517
v 0.996000 0.671564 -1.252517
v 1.018000 0.684564 -1.230000
v 1.018000 0.671564 -1.207483
v 1.018000 0.645564 -1.207483
v 1.018000 0.632564 -1.230000
v 1.018000 0.645564 -1.252517
v 1.018000 0.671564 -1.252517
v 0.996000 0.546000 -1.310000
v 0.996000 0.533000 -1.287483
v 0.996000 0.507000 -1.287483
v 0.996000 0.494000 -1.310000
v 0.996000 0.507000 -1.332517
v 0.996000 0.533000 -1.332517
v 1.018000 0.546000 -1.310000
v 1.018000 0.533000 -1.287483
v 1.018000 0.507000 -1.287483
v 1.018000 0.494000 -1.310000
v 1.018000 0.507000 -1.332517
v 1.018000 0.533000 -1.332517
v 0.996000 0.407436 -1.230000
v 0.996000 0.394436 -1.207483
v 0.996000 0.368436 -1.207483
v 0.996000 0.355436 -1.230000
v 0.996000 0.368436 -1.252517
v 0.996000 0.394436 -1.252517
v 1.018000 0.407436 -1.230000
v 1.018000 0.394436 -1.207483
v 1.018000 0.368436 -1.207483
v 1.018000 0.355436 -1.230000
v 1.018000 0.368436 -1.252517
v 1.018000 0.394436 -1.252517
v 0.996000 0.407436 -1.070000
v 0.996000 0.394436 -1.047483
v 0.996000 0.368436 -1.047483
v 0.996000 0.355436 -1.070000
v 0.996000 0.368436 -1.092517
v 0.996000 0.394436 -1.092517
v 1.018000 0.407436 -1.070000
v 1.018000 0.394436 -1.047483
v 1.018000 0.368436 -1.047483
v 1.018000 0.355436 -1.070000
v 1.018000 0.368436 -1.092517
v 1.018000 0.394436 -1.092517
v 1.412500 0.840000 -1.150000
v 1.412500 0.797128 -0.990000
v 1.412500 0.680000 -0.872872
v 1.412500 0.520000 -0.830000
v 1.412500 0.360000 -0.872872
v 1.412500 0.242872 -0.990000
v 1.412500 0.200000 -1.150000
v 1.412500 0.242872 -1.310000
v 1.412500 0.360000 -1.427128
v 1.412500 0.520000 -1.470000
v 1.412500 0.680000 -1.427128
v 1.412500 0.797128 -1.310000
v 1.457500 0.840000 -1.150000
v 1.457500 0.797128 -0.990000
v 1.457500 0.680000 -0.872872
v 1.457500 0.520000 -0.830000
v 1.457500 0.360000 -0.872872
v 1.457500 0.242872 -0.990000
v 1.457500 0.200000 -1.150000
v 1.457500 0.242872 -1.310000
v 1.457500 0.360000 -1.427128
v 1.457500 0.520000 -1.470000
v 1.457500 0.680000 -1.427128
v 1.457500 0.797128 -1.310000
v 1.447500 0.760000 -1.150000
v 1.447500 0.727846 -1.030000
v 1.447500 0.640000 -0.942154
v 1.447500 0.520000 -0.910000
v 1.447500 0.400000 -0.942154
v 1.447500 0.312154 -1.030000
v 1.447500 0.280000 -1.150000
v 1.447500 0.312154 -1.270000
v 1.447500 0.400000 -1.357846
v 1.447500 0.520000 -1.390000
v 1.447500 0.640000 -1.357846
v 1.447500 0.727846 -1.270000
v 1.482500 0.760000 -1.150000
v 1.482500 0.727846 -1.030000
v 1.482500 0.640000 -0.942154
v 1.482500 0.520000 -0.910000
v 1.482500 0.400000 -0.942154
v 1.482500 0.312154 -1.030000
v 1.482500 0.280000 -1.150000
v 1.482500 0.312154 -1.270000
v 1.482500 0.400000 -1.357846
v 1.482500 0.520000 -1.390000
v 1.482500 0.640000 -1.357846
v 1.482500 0.727846 -1.270000
v 1.455000 0.620000 -1.150000
v 1.455000 0.600902 -1.091221
v 1.455000 0.550902 -1.054894
v 1.455000 0.489098 -1.054894
v 1.455000 0.439098 -1.091221
v 1.455000 0.420000 -1.150000
v 1.455000 0.439098 -1.208779
v 1.455000 0.489098 -1.245106
v 1.455000 0.550902 -1.245106
v 1.455000 0.600902 -1.208779
v 1.525000 0.620000 -1.150000
v 1.525000 0.600902 -1.091221
v 1.525000 0.550902 -1.054894
v 1.525000 0.489098 -1.054894
v 1.525000 0.439098 -1.091221
v 1.525000 0.420000 -1.150000
v 1.525000 0.439098 -1.208779
v 1.525000 0.489098 -1.245106
v 1.525000 0.550902 -1.245106
v 1.525000 0.600902 -1.208779
v 1.482000 0.546000 -0.990000
v 1.482000 0.533000 -0.967483
v 1.482000 0.507000 -0.967483
v 1.482000 0.494000 -0.990000
v 1.482000 0.507000 -1.012517
v 1.482000 0.533000 -1.012517
v 1.504000 0.546000 -0.990000
v 1.504000 0.533000 -0.967483
v 1.504000 0.507000 -0.967483
v 1.504000 0.494000 -0.990000
v 1.504000 0.507000 -1.012517
v 1.504000 0.533000 -1.012517
v 1.482000 0.684564 -1.070000
v 1.482000 0.671564 -1.047483
v 1.482000 0.645564 -1.047483
v 1.482000 0.632564 -1.070000
v 1.482000 0.645564 -1.092517
v 1.482000 0.671564 -1.092517
v 1.504000 0.684564 -1.070000
v 1.504000 0.671564 -1.047483
v 1.504000 0.645564 -1.047483
v 1.504000 0.632564 -1.070000
v 1.504000 0.645564 -1.092517
v 1.504000 0.671564 -1.092517
v 1.482000 0.684564 -1.230000
v 1.482000 0.671564 -1.207483
v 1.482000 0.645564 -1.207483
v 1.482000 0.632564 -1.230000
v 1.482000 0.645564 -1.252517
v 1.482000 0.671564 -1.252517
v 1.504000 0.684564 -1.230000
v 1.504000 0.671564 -1.207483
v 1.504000 0.645564 -1.207483
v 1.504000 0.632564 -1.230000
v 1.504000 0.645564 -1.252517
v 1.504000 0.671564 -1.252517
v 1.482000 0.546000 -1.310000
v 1.482000 0.533000 -1.287483
v 1.482000 0.507000 -1.287483
v 1.482000 0.494000 -1.310000
v 1.482000 0.507000 -1.332517
v 1.482000 0.533000 -1.332517
v 1.504000 0.546000 -1.310000
v 1.504000 0.533000 -1.287483
v 1.504000 0.507000 -1.287483
v 1.504000 0.494000 -1.310000
v 1.504000 0.507000 -1.332517
v 1.504000 0.533000 -1.332517
v 1.482000 0.407436 -1.230000
v 1.482000 0.394436 -1.207483
v 1.482000 0.368436 -1.207483
v 1.482000 0.355436 -1.230000
v 1.482000 0.368436 -1.252517
v 1.482000 0.394436 -1.252517
v 1.504000 0.407436 -1.230000
v 1.504000 0.394436 -1.207483
v 1.504000 0.368436 -1.207483
v 1.504000 0.355436 -1.230000
v 1.504000 0.368436 -1.252517
v 1.504000 0.394436 -1.252517
v 1.482000 0.407436 -1.070000
v 1.482000 0.394436 -1.047483
v 1.482000 0.368436 -1.047483
v 1.482000 0.355436 -1.070000
v 1.482000 0.368436 -1.092517
v 1.482000 0.394436 -1.092517
v 1.504000 0.407436 -1.070000
v 1.504000 0.394436 -1.047483
v 1.504000 0.368436 -1.047483
v 1.504000 0.355436 -1.070000
v 1.504000 0.368436 -1.092517
v 1.504000 0.394436 -1.092517
vn -1.0000 -0.0000 -0.0000
vn -0.0000 0.9808 0.1951
vn -0.0000 0.8315 0.5556
vn -0.0000 0.5556 0.8315
vn -0.0000 0.1951 0.9808
vn -0.0000 -0.1951 0.9808
vn -0.0000 -0.5556 0.8315
vn -0.0000 -0.8315 0.5556
vn -0.0000 -0.9808 0.1951
vn -0.0000 -0.9808 -0.1951
vn -0.0000 -0.8315 -0.5556
vn -0.0000 -0.5556 -0.8315
vn -0.0000 -0.1951 -0.9808
vn -0.0000 0.1951 -0.9808
vn -0.0000 0.5556 -0.8315
vn -0.0000 0.8315 -0.5556
vn -0.0000 0.9808 -0.1951
vn 1.0000 -0.0000 -0.0000
vn -0.0000 -1.0000 -0.0000
vn -0.0000 1.0000 -0.0000
vn -0.0000 -0.0000 1.0000
vn -0.0000 -0.0000 -1.0000
vn -0.0000 0.9659 0.2588
vn -0.0000 0.7071 0.7071
vn -0.0000 0.2588 0.9659
vn -0.0000 -0.2588 0.9659
vn -0.0000 -0.7071 0.7071
vn -0.0000 -0.9659 0.2588
vn -0.0000 -0.9659 -0.2588
vn -0.0000 -0.7071 -0.7071
vn -0.0000 -0.2588 -0.9659
vn -0.0000 0.2588 -0.9659
vn -0.0000 0.7071 -0.7071
vn -0.0000 0.9659 -0.2588
vn -0.0000 0.9511 0.3090
vn -0.0000 0.5878 0.8090
vn -0.0000 -0.5878 0.8090
vn -0.0000 -0.9511 0.3090
vn -0.0000 -0.9511 -0.3090
vn -0.0000 -0.5878 -0.8090
vn -0.0000 0.5878 -0.8090
vn -0.0000 0.9511 -0.3090
vn -0.0000 0.8660 0.5000
vn -0.0000 -0.8660 0.5000
vn -0.0000 -0.8660 -0.5000
vn -0.0000 0.8660 -0.5000
vt 0.125000 0.375000
vt 0.375000 0.375000
vt 0.875000 0.125000
vt 0.125000 0.625000
vt 0.625000 0.125000
vt 0.375000 0.875000
s 0
usemtl Field_Palette
f 1865/23/164 1861/23/164 1857/23/164
f 1858/23/165 1873/23/165 1857/23/165
f 1859/23/166 1874/23/166 1858/23/166
f 1860/23/167 1875/23/167 1859/23/167
f 1861/23/168 1876/23/168 1860/23/168
f 1862/23/169 1877/23/169 1861/23/169
f 1863/23/170 1878/23/170 1862/23/170
f 1864/23/171 1879/23/171 1863/23/171
f 1865/23/172 1880/23/172 1864/23/172
f 1866/23/173 1881/23/173 1865/23/173
f 1867/23/174 1882/23/174 1866/23/174
f 1868/23/175 1883/23/175 1867/23/175
f 1869/23/176 1884/23/176 1868/23/176
f 1870/23/177 1885/23/177 1869/23/177
f 1871/23/178 1886/23/178 1870/23/178
f 1872/23/179 1887/23/179 1871/23/179
f 1857/23/180 1888/23/180 1872/23/180
f 1886/23/181 1888/23/181 1880/23/181
f 1891/24/182 1889/24/182 1892/24/182
f 1894/24/183 1896/24/183 1893/24/183
f 1890/24/184 1893/24/184 1889/24/184
f 1891/24/181 1894/24/181 1890/24/181
f 1892/24/185 1895/24/185 1891/24/185
f 1889/24/164 1896/24/164 1892/24/164
f 1899/24/182 1897/24/182 1900/24/182
f 1902/24/183 1904/24/183 1901/24/183
f 1898/24/184 1901/24/184 1897/24/184
f 1899/24/181 1902/24/181 1898/24/181
f 1900/24/185 1903/24/185 1899/24/185
f 1897/24/164 1904/24/164 1900/24/164
f 1907/24/182 1905/24/182 1908/24/182
f 1910/24/183 1912/24/183 1909/24/183
f 1906/24/184 1909/24/184 1905/24/184
f 1907/24/181 1910/24/181 1906/24/181
f 1908/24/185 1911/24/185 1907/24/185
f 1905/24/164 1912/24/164 1908/24/164
f 1915/24/182 1913/24/182 1916/24/182
f 1918/24/183 1920/24/183 1917/24/183
f 1914/24/184 1917/24/184 1913/24/184
f 1915/24/181 1918/24/181 1914/24/181
f 1916/24/185 1919/24/185 1915/24/185
f 1913/24/164 1920/24/164 1916/24/164
f 1923/24/182 1921/24/182 1924/24/182
f 1926/24/183 1928/24/183 1925/24/183
f 1922/24/184 1925/24/184 1921/24/184
f 1923/24/181 1926/24/181 1922/24/181
f 1924/24/185 1927/24/185 1923/24/185
f 1921/24/164 1928/24/164 1924/24/164
f 1931/24/182 1929/24/182 1932/24/182
f 1934/24/183 1936/24/183 1933/24/183
f 1930/24/184 1933/24/184 1929/24/184
f 1931/24/181 1934/24/181 1930/24/181
f 1932/24/185 1935/24/185 1931/24/185
f 1929/24/164 1936/24/164 1932/24/164
f 1939/24/182 1937/24/182 1940/24/182
f 1942/24/183 1944/24/183 1941/24/183
f 1938/24/184 1941/24/184 1937/24/184
f 1939/24/181 1942/24/181 1938/24/181
f 1940/24/185 1943/24/185 1939/24/185
f 1937/24/164 1944/24/164 1940/24/164
f 1947/24/182 1945/24/182 1948/24/182
f 1950/24/183 1952/24/183 1949/24/183
f 1946/24/184 1949/24/184 1945/24/184
f 1947/24/181 1950/24/181 1946/24/181
f 1948/24/185 1951/24/185 1947/24/185
f 1945/24/164 1952/24/164 1948/24/164
f 1955/24/182 1953/24/182 1956/24/182
f 1958/24/183 1960/24/183 1957/24/183
f 1954/24/184 1957/24/184 1953/24/184
f 1955/24/181 1958/24/181 1954/24/181
f 1956/24/185 1959/24/185 1955/24/185
f 1953/24/164 1960/24/164 1956/24/164
f 1963/24/182 1961/24/182 1964/24/182
f 1966/24/183 1968/24/183 1965/24/183
f 1962/24/184 1965/24/184 1961/24/184
f 1963/24/181 1966/24/181 1962/24/181
f 1964/24/185 1967/24/185 1963/24/185
f 1961/24/164 1968/24/164 1964/24/164
f 1971/24/182 1969/24/182 1972/24/182
f 1974/24/183 1976/24/183 1973/24/183
f 1970/24/184 1973/24/184 1969/24/184
f 1971/24/181 1974/24/181 1970/24/181
f 1972/24/185 1975/24/185 1971/24/185
f 1969/24/164 1976/24/164 1972/24/164
f 1979/24/182 1977/24/182 1980/24/182
f 1982/24/183 1984/24/183 1981/24/183
f 1978/24/184 1981/24/184 1977/24/184
f 1979/24/181 1982/24/181 1978/24/181
f 1980/24/185 1983/24/185 1979/24/185
f 1977/24/164 1984/24/164 1980/24/164
f 1987/24/182 1985/24/182 1988/24/182
f 1990/24/183 1992/24/183 1989/24/183
f 1986/24/184 1989/24/184 1985/24/184
f 1987/24/181 1990/24/181 1986/24/181
f 1988/24/185 1991/24/185 1987/24/185
f 1985/24/164 1992/24/164 1988/24/164
f 1995/24/182 1993/24/182 1996/24/182
f 1998/24/183 2000/24/183 1997/24/183
f 1994/24/184 1997/24/184 1993/24/184
f 1995/24/181 1998/24/181 1994/24/181
f 1996/24/185 1999/24/185 1995/24/185
f 1993/24/164 2000/24/164 1996/24/164
f 2003/24/182 2001/24/182 2004/24/182
f 2006/24/183 2008/24/183 2005/24/183
f 2002/24/184 2005/24/184 2001/24/184
f 2003/24/181 2006/24/181 2002/24/181
f 2004/24/185 2007/24/185 2003/24/185
f 2001/24/164 2008/24/164 2004/24/164
f 2011/24/182 2009/24/182 2012/24/182
f 2014/24/183 2016/24/183 2013/24/183
f 2010/24/184 2013/24/184 2009/24/184
f 2011/24/181 2014/24/181 2010/24/181
f 2012/24/185 2015/24/185 2011/24/185
f 2009/24/164 2016/24/164 2012/24/164
f 2019/24/182 2017/24/182 2020/24/182
f 2022/24/183 2024/24/183 2021/24/183
f 2018/24/184 2021/24/184 2017/24/184
f 2019/24/181 2022/24/181 2018/24/181
f 2020/24/185 2023/24/185 2019/24/185
f 2017/24/164 2024/24/164 2020/24/164
f 2027/24/182 2025/24/182 2028/24/182
f 2030/24/183 2032/24/183 2029/24/183
f 2026/24/184 2029/24/184 2025/24/184
f 2027/24/181 2030/24/181 2026/24/181
f 2028/24/185 2031/24/185 2027/24/185
f 2025/24/164 2032/24/164 2028/24/164
f 2035/24/182 2033/24/182 2036/24/182
f 2038/24/183 2040/24/183 2037/24/183
f 2034/24/184 2037/24/184 2033/24/184
f 2035/24/181 2038/24/181 2034/24/181
f 2036/24/185 2039/24/185 2035/24/185
f 2033/24/164 2040/24/164 2036/24/164
f 2043/24/182 2041/24/182 2044/24/182
f 2046/24/183 2048/24/183 2045/24/183
f 2042/24/184 2045/24/184 2041/24/184
f 2043/24/181 2046/24/181 2042/24/181
f 2044/24/185 2047/24/185 2043/24/185
f 2041/24/164 2048/24/164 2044/24/164
f 2059/25/164 2057/25/164 2053/25/164
f 2050/25/186 2061/25/186 2049/25/186
f 2051/25/187 2062/25/187 2050/25/187
f 2052/25/188 2063/25/188 2051/25/188
f 2053/25/189 2064/25/189 2052/25/189
f 2054/25/190 2065/25/190 2053/25/190
f 2055/25/191 2066/25/191 2054/25/191
f 2056/25/192 2067/25/192 2055/25/192
f 2057/25/193 2068/25/193 2056/25/193
f 2058/25/194 2069/25/194 2057/25/194
f 2059/25/195 2070/25/195 2058/25/195
f 2060/25/196 2071/25/196 2059/25/196
f 2049/25/197 2072/25/197 2060/25/197
f 2062/25/181 2064/25/181 2068/25/181
f 2081/26/164 2079/26/164 2077/26/164
f 2074/26/186 2085/26/186 2073/26/186
f 2075/26/187 2086/26/187 2074/26/187
f 2076/26/188 2087/26/188 2075/26/188
f 2077/26/189 2088/26/189 2076/26/189
f 2078/26/190 2089/26/190 2077/26/190
f 2079/26/191 2090/26/191 2078/26/191
f 2080/26/192 2091/26/192 2079/26/192
f 2081/26/193 2092/26/193 2080/26/193
f 2082/26/194 2093/26/194 2081/26/194
f 2083/26/195 2094/26/195 2082/26/195
f 2084/26/196 2095/26/196 2083/26/196
f 2073/26/197 2096/26/197 2084/26/197
f 2092/26/181 2094/26/181 2096/26/181
f 2097/27/164 2105/27/164 2103/27/164
f 2098/27/198 2107/27/198 2097/27/198
f 2099/27/199 2108/27/199 2098/27/199
f 2100/27/184 2109/27/184 2099/27/184
f 2101/27/200 2110/27/200 2100/27/200
f 2102/27/201 2111/27/201 2101/27/201
f 2103/27/202 2112/27/202 2102/27/202
f 2104/27/203 2113/27/203 2103/27/203
f 2105/27/185 2114/27/185 2104/27/185
f 2106/27/204 2115/27/204 2105/27/204
f 2097/27/205 2116/27/205 2106/27/205
f 2110/27/181 2112/27/181 2114/27/181
f 2119/28/164 2118/28/164 2117/28/164
f 2118/28/206 2123/28/206 2117/28/206
f 2119/28/184 2124/28/184 2118/28/184
f 2120/28/207 2125/28/207 2119/28/207
f 2121/28/208 2126/28/208 2120/28/208
f 2122/28/185 2127/28/185 2121/28/185
f 2117/28/209 2128/28/209 2122/28/209
f 2126/28/181 2127/28/181 2128/28/181
f 2131/28/164 2130/28/164 2129/28/164
f 2130/28/206 2135/28/206 2129/28/206
f 2131/28/184 2136/28/184 2130/28/184
f 2132/28/207 2137/28/207 2131/28/207
f 2133/28/208 2138/28/208 2132/28/208
f 2134/28/185 2139/28/185 2133/28/185
f 2129/28/209 2140/28/209 2134/28/209
f 2136/28/181 2138/28/181 2140/28/181
f 2143/28/164 2142/28/164 2141/28/164
f 2142/28/206 2147/28/206 2141/28/206
f 2143/28/184 2148/28/184 2142/28/184
f 2144/28/207 2149/28/207 2143/28/207
f 2145/28/208 2150/28/208 2144/28/208
f 2146/28/185 2151/28/185 2145/28/185
f 2141/28/209 2152/28/209 2146/28/209
f 2148/28/181 2150/28/181 2152/28/181
f 2155/28/164 2154/28/164 2153/28/164
f 2154/28/206 2159/28/206 2153/28/206
f 2155/28/184 2160/28/184 2154/28/184
f 2156/28/207 2161/28/207 2155/28/207
f 2157/28/208 2162/28/208 2156/28/208
f 2158/28/185 2163/28/185 2157/28/185
f 2153/28/209 2164/28/209 2158/28/209
f 2162/28/181 2163/28/181 2164/28/181
f 2169/28/164 2167/28/164 2165/28/164
f 2166/28/206 2171/28/206 2165/28/206
f 2167/28/184 2172/28/184 2166/28/184
f 2168/28/207 2173/28/207 2167/28/207
f 2169/28/208 2174/28/208 2168/28/208
f 2170/28/185 2175/28/185 2169/28/185
f 2165/28/209 2176/28/209 2170/28/209
f 2172/28/181 2174/28/181 2176/28/181
f 2181/28/164 2179/28/164 2177/28/164
f 2178/28/206 2183/28/206 2177/28/206
f 2179/28/184 2184/28/184 2178/28/184
f 2180/28/207 2185/28/207 2179/28/207
f 2181/28/208 2186/28/208 2180/28/208
f 2182/28/185 2187/28/185 2181/28/185
f 2177/28/209 2188/28/209 2182/28/209
f 2184/28/181 2186/28/181 2188/28/181
f 2199/25/164 2197/25/164 2193/25/164
f 2190/25/186 2201/25/186 2189/25/186
f 2191/25/187 2202/25/187 2190/25/187
f 2192/25/188 2203/25/188 2191/25/188
f 2193/25/189 2204/25/189 2192/25/189
f 2194/25/190 2205/25/190 2193/25/190
f 2195/25/191 2206/25/191 2194/25/191
f 2196/25/192 2207/25/192 2195/25/192
f 2197/25/193 2208/25/193 2196/25/193
f 2198/25/194 2209/25/194 2197/25/194
f 2199/25/195 2210/25/195 2198/25/195
f 2200/25/196 2211/25/196 2199/25/196
f 2189/25/197 2212/25/197 2200/25/197
f 2202/25/181 2204/25/181 2208/25/181
f 2217/26/164 2215/26/164 2213/26/164
f 2214/26/186 2225/26/186 2213/26/186
f 2215/26/187 2226/26/187 2214/26/187
f 2216/26/188 2227/26/188 2215/26/188
f 2217/26/189 2228/26/189 2216/26/189
f 2218/26/190 2229/26/190 2217/26/190
f 2219/26/191 2230/26/191 2218/26/191
f 2220/26/192 2231/26/192 2219/26/192
f 2221/26/193 2232/26/193 2220/26/193
f 2222/26/194 2233/26/194 2221/26/194
f 2223/26/195 2234/26/195 2222/26/195
f 2224/26/196 2235/26/196 2223/26/196
f 2213/26/197 2236/26/197 2224/26/197
f 2232/26/181 2234/26/181 2236/26/181
f 2241/27/164 2239/27/164 2237/27/164
f 2238/27/198 2247/27/198 2237/27/198
f 2239/27/199 2248/27/199 2238/27/199
f 2240/27/184 2249/27/184 2239/27/184
f 2241/27/200 2250/27/200 2240/27/200
f 2242/27/201 2251/27/201 2241/27/201
f 2243/27/202 2252/27/202 2242/27/202
f 2244/27/203 2253/27/203 2243/27/203
f 2245/27/185 2254/27/185 2244/27/185
f 2246/27/204 2255/27/204 2245/27/204
f 2237/27/205 2256/27/205 2246/27/205
f 2250/27/181 2254/27/181 2256/27/181
f 2259/28/164 2258/28/164 2257/28/164
f 2258/28/206 2263/28/206 2257/28/206
f 2259/28/184 2264/28/184 2258/28/184
f 2260/28/207 2265/28/207 2259/28/207
f 2261/28/208 2266/28/208 2260/28/208
f 2262/28/185 2267/28/185 2261/28/185
f 2257/28/209 2268/28/209 2262/28/209
f 2266/28/181 2267/28/181 2268/28/181
f 2273/28/164 2271/28/164 2269/28/164
f 2270/28/206 2275/28/206 2269/28/206
f 2271/28/184 2276/28/184 2270/28/184
f 2272/28/207 2277/28/207 2271/28/207
f 2273/28/208 2278/28/208 2272/28/208
f 2274/28/185 2279/28/185 2273/28/185
f 2269/28/209 2280/28/209 2274/28/209
f 2276/28/181 2278/28/181 2280/28/181
f 2285/28/164 2283/28/164 2281/28/164
f 2282/28/206 2287/28/206 2281/28/206
f 2283/28/184 2288/28/184 2282/28/184
f 2284/28/207 2289/28/207 2283/28/207
f 2285/28/208 2290/28/208 2284/28/208
f 2286/28/185 2291/28/185 2285/28/185
f 2281/28/209 2292/28/209 2286/28/209
f 2288/28/181 2290/28/181 2292/28/181
f 2295/28/164 2294/28/164 2293/28/164
f 2294/28/206 2299/28/206 2293/28/206
f 2295/28/184 2300/28/184 2294/28/184
f 2296/28/207 2301/28/207 2295/28/207
f 2297/28/208 2302/28/208 2296/28/208
f 2298/28/185 2303/28/185 2297/28/185
f 2293/28/209 2304/28/209 2298/28/209
f 2302/28/181 2303/28/181 2304/28/181
f 2309/28/164 2307/28/164 2305/28/164
f 2306/28/206 2311/28/206 2305/28/206
f 2307/28/184 2312/28/184 2306/28/184
f 2308/28/207 2313/28/207 2307/28/207
f 2309/28/208 2314/28/208 2308/28/208
f 2310/28/185 2315/28/185 2309/28/185
f 2305/28/209 2316/28/209 2310/28/209
f 2312/28/181 2314/28/181 2316/28/181
f 2321/28/164 2319/28/164 2317/28/164
f 2318/28/206 2323/28/206 2317/28/206
f 2319/28/184 2324/28/184 2318/28/184
f 2320/28/207 2325/28/207 2319/28/207
f 2321/28/208 2326/28/208 2320/28/208
f 2322/28/185 2327/28/185 2321/28/185
f 2317/28/209 2328/28/209 2322/28/209
f 2324/28/181 2326/28/181 2328/28/181
f 1857/23/164 1872/23/164 1871/23/164
f 1871/23/164 1870/23/164 1869/23/164
f 1869/23/164 1868/23/164 1867/23/164
f 1867/23/164 1866/23/164 1865/23/164
f 1865/23/164 1864/23/164 1863/23/164
f 1863/23/164 1862/23/164 1861/23/164
f 1861/23/164 1860/23/164 1859/23/164
f 1859/23/164 1858/23/164 1857/23/164
f 1857/23/164 1871/23/164 1869/23/164
f 1869/23/164 1867/23/164 1865/23/164
f 1865/23/164 1863/23/164 1861/23/164
f 1861/23/164 1859/23/164 1857/23/164
f 1857/23/164 1869/23/164 1865/23/164
f 1858/23/165 1874/23/165 1873/23/165
f 1859/23/166 1875/23/166 1874/23/166
f 1860/23/167 1876/23/167 1875/23/167
f 1861/23/168 1877/23/168 1876/23/168
f 1862/23/169 1878/23/169 1877/23/169
f 1863/23/170 1879/23/170 1878/23/170
f 1864/23/171 1880/23/171 1879/23/171
f 1865/23/172 1881/23/172 1880/23/172
f 1866/23/173 1882/23/173 1881/23/173
f 1867/23/174 1883/23/174 1882/23/174
f 1868/23/175 1884/23/175 1883/23/175
f 1869/23/176 1885/23/176 1884/23/176
f 1870/23/177 1886/23/177 1885/23/177
f 1871/23/178 1887/23/178 1886/23/178
f 1872/23/179 1888/23/179 1887/23/179
f 1857/23/180 1873/23/180 1888/23/180
f 1888/23/181 1873/23/181 1874/23/181
f 1874/23/181 1875/23/181 1876/23/181
f 1876/23/181 1877/23/181 1878/23/181
f 1878/23/181 1879/23/181 1880/23/181
f 1880/23/181 1881/23/181 1882/23/181
f 1882/23/181 1883/23/181 1884/23/181
f 1884/23/181 1885/23/181 1886/23/181
f 1886/23/181 1887/23/181 1888/23/181
f 1888/23/181 1874/23/181 1876/23/181
f 1876/23/181 1878/23/181 1888/23/181
f 1878/23/181 1880/23/181 1888/23/181
f 1880/23/181 1882/23/181 1884/23/181
f 1884/23/181 1886/23/181 1880/23/181
f 1891/24/182 1890/24/182 1889/24/182
f 1894/24/183 1895/24/183 1896/24/183
f 1890/24/184 1894/24/184 1893/24/184
f 1891/24/181 1895/24/181 1894/24/181
f 1892/24/185 1896/24/185 1895/24/185
f 1889/24/164 1893/24/164 1896/24/164
f 1899/24/182 1898/24/182 1897/24/182
f 1902/24/183 1903/24/183 1904/24/183
f 1898/24/184 1902/24/184 1901/24/184
f 1899/24/181 1903/24/181 1902/24/181
f 1900/24/185 1904/24/185 1903/24/185
f 1897/24/164 1901/24/164 1904/24/164
f 1907/24/182 1906/24/182 1905/24/182
f 1910/24/183 1911/24/183 1912/24/183
f 1906/24/184 1910/24/184 1909/24/184
f 1907/24/181 1911/24/181 1910/24/181
f 1908/24/185 1912/24/185 1911/24/185
f 1905/24/164 1909/24/164 1912/24/164
f 1915/24/182 1914/24/182 1913/24/182
f 1918/24/183 1919/24/183 1920/24/183
f 1914/24/184 1918/24/184 1917/24/184
f 1915/24/181 1919/24/181 1918/24/181
f 1916/24/185 1920/24/185 1919/24/185
f 1913/24/164 1917/24/164 1920/24/164
f 1923/24/182 1922/24/182 1921/24/182
f 1926/24/183 1927/24/183 1928/24/183
f 1922/24/184 1926/24/184 1925/24/184
f 1923/24/181 1927/24/181 1926/24/181
f 1924/24/185 1928/24/185 1927/24/185
f 1921/24/164 1925/24/164 1928/24/164
f 1931/24/182 1930/24/182 1929/24/182
f 1934/24/183 1935/24/183 1936/24/183
f 1930/24/184 1934/24/184 1933/24/184
f 1931/24/181 1935/24/181 1934/24/181
f 1932/24/185 1936/24/185 1935/24/185
f 1929/24/164 1933/24/164 1936/24/164
f 1939/24/182 1938/24/182 1937/24/182
f 1942/24/183 1943/24/183 1944/24/183
f 1938/24/184 1942/24/184 1941/24/184
f 1939/24/181 1943/24/181 1942/24/181
f 1940/24/185 1944/24/185 1943/24/185
f 1937/24/164 1941/24/164 1944/24/164
f 1947/24/182 1946/24/182 1945/24/182
f 1950/24/183 1951/24/183 1952/24/183
f 1946/24/184 1950/24/184 1949/24/184
f 1947/24/181 1951/24/181 1950/24/181
f 1948/24/185 1952/24/185 1951/24/185
f 1945/24/164 1949/24/164 1952/24/164
f 1955/24/182 1954/24/182 1953/24/182
f 1958/24/183 1959/24/183 1960/24/183
f 1954/24/184 1958/24/184 1957/24/184
f 1955/24/181 1959/24/181 1958/24/181
f 1956/24/185 1960/24/185 1959/24/185
f 1953/24/164 1957/24/164 1960/24/164
f 1963/24/182 1962/24/182 1961/24/182
f 1966/24/183 1967/24/183 1968/24/183
f 1962/24/184 1966/24/184 1965/24/184
f 1963/24/181 1967/24/181 1966/24/181
f 1964/24/185 1968/24/185 1967/24/185
f 1961/24/164 1965/24/164 1968/24/164
f 1971/24/182 1970/24/182 1969/24/182
f 1974/24/183 1975/24/183 1976/24/183
f 1970/24/184 1974/24/184 1973/24/184
f 1971/24/181 1975/24/181 1974/24/181
f 1972/24/185 1976/24/185 1975/24/185
f 1969/24/164 1973/24/164 1976/24/164
f 1979/24/182 1978/24/182 1977/24/182
f 1982/24/183 1983/24/183 1984/24/183
f 1978/24/184 1982/24/184 1981/24/184
f 1979/24/181 1983/24/181 1982/24/181
f 1980/24/185 1984/24/185 1983/24/185
f 1977/24/164 1981/24/164 1984/24/164
f 1987/24/182 1986/24/182 1985/24/182
f 1990/24/183 1991/24/183 1992/24/183
f 1986/24/184 1990/24/184 1989/24/184
f 1987/24/181 1991/24/181 1990/24/181
f 1988/24/185 1992/24/185 1991/24/185
f 1985/24/164 1989/24/164 1992/24/164
f 1995/24/182 1994/24/182 1993/24/182
f 1998/24/183 1999/24/183 2000/24/183
f 1994/24/184 1998/24/184 1997/24/184
f 1995/24/181 1999/24/181 1998/24/181
f 1996/24/185 2000/24/185 1999/24/185
f 1993/24/164 1997/24/164 2000/24/164
f 2003/24/182 2002/24/182 2001/24/182
f 2006/24/183 2007/24/183 2008/24/183
f 2002/24/184 2006/24/184 2005/24/184
f 2003/24/181 2007/24/181 2006/24/181
f 2004/24/185 2008/24/185 2007/24/185
f 2001/24/164 2005/24/164 2008/24/164
f 2011/24/182 2010/24/182 2009/24/182
f 2014/24/183 2015/24/183 2016/24/183
f 2010/24/184 2014/24/184 2013/24/184
f 2011/24/181 2015/24/181 2014/24/181
f 2012/24/185 2016/24/185 2015/24/185
f 2009/24/164 2013/24/164 2016/24/164
f 2019/24/182 2018/24/182 2017/24/182
f 2022/24/183 2023/24/183 2024/24/183
f 2018/24/184 2022/24/184 2021/24/184
f 2019/24/181 2023/24/181 2022/24/181
f 2020/24/185 2024/24/185 2023/24/185
f 2017/24/164 2021/24/164 2024/24/164
f 2027/24/182 2026/24/182 2025/24/182
f 2030/24/183 2031/24/183 2032/24/183
f 2026/24/184 2030/24/184 2029/24/184
f 2027/24/181 2031/24/181 2030/24/181
f 2028/24/185 2032/24/185 2031/24/185
f 2025/24/164 2029/24/164 2032/24/164
f 2035/24/182 2034/24/182 2033/24/182
f 2038/24/183 2039/24/183 2040/24/183
f 2034/24/184 2038/24/184 2037/24/184
f 2035/24/181 2039/24/181 2038/24/181
f 2036/24/185 2040/24/185 2039/24/185
f 2033/24/164 2037/24/164 2040/24/164
f 2043/24/182 2042/24/182 2041/24/182
f 2046/24/183 2047/24/183 2048/24/183
f 2042/24/184 2046/24/184 2045/24/184
f 2043/24/181 2047/24/181 2046/24/181
f 2044/24/185 2048/24/185 2047/24/185
f 2041/24/164 2045/24/164 2048/24/164
f 2049/25/164 2060/25/164 2059/25/164
f 2059/25/164 2058/25/164 2057/25/164
f 2057/25/164 2056/25/164 2053/25/164
f 2056/25/164 2055/25/164 2053/25/164
f 2055/25/164 2054/25/164 2053/25/164
f 2053/25/164 2052/25/164 2049/25/164
f 2052/25/164 2051/25/164 2049/25/164
f 2051/25/164 2050/25/164 2049/25/164
f 2049/25/164 2059/25/164 2053/25/164
f 2050/25/186 2062/25/186 2061/25/186
f 2051/25/187 2063/25/187 2062/25/187
f 2052/25/188 2064/25/188 2063/25/188
f 2053/25/189 2065/25/189 2064/25/189
f 2054/25/190 2066/25/190 2065/25/190
f 2055/25/191 2067/25/191 2066/25/191
f 2056/25/192 2068/25/192 2067/25/192
f 2057/25/193 2069/25/193 2068/25/193
f 2058/25/194 2070/25/194 2069/25/194
f 2059/25/195 2071/25/195 2070/25/195
f 2060/25/196 2072/25/196 2071/25/196
f 2049/25/197 2061/25/197 2072/25/197
f 2072/25/181 2061/25/181 2062/25/181
f 2062/25/181 2063/25/181 2064/25/181
f 2064/25/181 2065/25/181 2066/25/181
f 2066/25/181 2067/25/181 2064/25/181
f 2067/25/181 2068/25/181 2064/25/181
f 2068/25/181 2069/25/181 2072/25/181
f 2069/25/181 2070/25/181 2072/25/181
f 2070/25/181 2071/25/181 2072/25/181
f 2072/25/181 2062/25/181 2068/25/181
f 2073/26/164 2084/26/164 2083/26/164
f 2083/26/164 2082/26/164 2081/26/164
f 2081/26/164 2080/26/164 2079/26/164
f 2079/26/164 2078/26/164 2077/26/164
f 2077/26/164 2076/26/164 2075/26/164
f 2075/26/164 2074/26/164 2077/26/164
f 2074/26/164 2073/26/164 2077/26/164
f 2073/26/164 2083/26/164 2077/26/164
f 2083/26/164 2081/26/164 2077/26/164
f 2074/26/186 2086/26/186 2085/26/186
f 2075/26/187 2087/26/187 2086/26/187
f 2076/26/188 2088/26/188 2087/26/188
f 2077/26/189 2089/26/189 2088/26/189
f 2078/26/190 2090/26/190 2089/26/190
f 2079/26/191 2091/26/191 2090/26/191
f 2080/26/192 2092/26/192 2091/26/192
f 2081/26/193 2093/26/193 2092/26/193
f 2082/26/194 2094/26/194 2093/26/194
f 2083/26/195 2095/26/195 2094/26/195
f 2084/26/196 2096/26/196 2095/26/196
f 2073/26/197 2085/26/197 2096/26/197
f 2096/26/181 2085/26/181 2086/26/181
f 2086/26/181 2087/26/181 2096/26/181
f 2087/26/181 2088/26/181 2096/26/181
f 2088/26/181 2089/26/181 2090/26/181
f 2090/26/181 2091/26/181 2092/26/181
f 2092/26/181 2093/26/181 2094/26/181
f 2094/26/181 2095/26/181 2096/26/181
f 2088/26/181 2090/26/181 2096/26/181
f 2090/26/181 2092/26/181 2096/26/181
f 2097/27/164 2106/27/164 2105/27/164
f 2105/27/164 2104/27/164 2103/27/164
f 2103/27/164 2102/27/164 2099/27/164
f 2102/27/164 2101/27/164 2099/27/164
f 2101/27/164 2100/27/164 2099/27/164
f 2099/27/164 2098/27/164 2103/27/164
f 2098/27/164 2097/27/164 2103/27/164
f 2098/27/198 2108/27/198 2107/27/198
f 2099/27/199 2109/27/199 2108/27/199
f 2100/27/184 2110/27/184 2109/27/184
f 2101/27/200 2111/27/200 2110/27/200
f 2102/27/201 2112/27/201 2111/27/201
f 2103/27/202 2113/27/202 2112/27/202
f 2104/27/203 2114/27/203 2113/27/203
f 2105/27/185 2115/27/185 2114/27/185
f 2106/27/204 2116/27/204 2115/27/204
f 2097/27/205 2107/27/205 2116/27/205
f 2116/27/181 2107/27/181 2108/27/181
f 2108/27/181 2109/27/181 2110/27/181
f 2110/27/181 2111/27/181 2112/27/181
f 2112/27/181 2113/27/181 2114/27/181
f 2114/27/181 2115/27/181 2110/27/181
f 2115/27/181 2116/27/181 2110/27/181
f 2116/27/181 2108/27/181 2110/27/181
f 2117/28/164 2122/28/164 2121/28/164
f 2121/28/164 2120/28/164 2117/28/164
f 2120/28/164 2119/28/164 2117/28/164
f 2118/28/206 2124/28/206 2123/28/206
f 2119/28/184 2125/28/184 2124/28/184
f 2120/28/207 2126/28/207 2125/28/207
f 2121/28/208 2127/28/208 2126/28/208
f 2122/28/185 2128/28/185 2127/28/185
f 2117/28/209 2123/28/209 2128/28/209
f 2128/28/181 2123/28/181 2126/28/181
f 2123/28/181 2124/28/181 2126/28/181
f 2124/28/181 2125/28/181 2126/28/181
f 2129/28/164 2134/28/164 2131/28/164
f 2134/28/164 2133/28/164 2131/28/164
f 2133/28/164 2132/28/164 2131/28/164
f 2130/28/206 2136/28/206 2135/28/206
f 2131/28/184 2137/28/184 2136/28/184
f 2132/28/207 2138/28/207 2137/28/207
f 2133/28/208 2139/28/208 2138/28/208
f 2134/28/185 2140/28/185 2139/28/185
f 2129/28/209 2135/28/209 2140/28/209
f 2140/28/181 2135/28/181 2136/28/181
f 2136/28/181 2137/28/181 2138/28/181
f 2138/28/181 2139/28/181 2140/28/181
f 2141/28/164 2146/28/164 2143/28/164
f 2146/28/164 2145/28/164 2143/28/164
f 2145/28/164 2144/28/164 2143/28/164
f 2142/28/206 2148/28/206 2147/28/206
f 2143/28/184 2149/28/184 2148/28/184
f 2144/28/207 2150/28/207 2149/28/207
f 2145/28/208 2151/28/208 2150/28/208
f 2146/28/185 2152/28/185 2151/28/185
f 2141/28/209 2147/28/209 2152/28/209
f 2152/28/181 2147/28/181 2148/28/181
f 2148/28/181 2149/28/181 2150/28/181
f 2150/28/181 2151/28/181 2152/28/181
f 2153/28/164 2158/28/164 2157/28/164
f 2157/28/164 2156/28/164 2153/28/164
f 2156/28/164 2155/28/164 2153/28/164
f 2154/28/206 2160/28/206 2159/28/206
f 2155/28/184 2161/28/184 2160/28/184
f 2156/28/207 2162/28/207 2161/28/207
f 2157/28/208 2163/28/208 2162/28/208
f 2158/28/185 2164/28/185 2163/28/185
f 2153/28/209 2159/28/209 2164/28/209
f 2164/28/181 2159/28/181 2162/28/181
f 2159/28/181 2160/28/181 2162/28/181
f 2160/28/181 2161/28/181 2162/28/181
f 2165/28/164 2170/28/164 2169/28/164
f 2169/28/164 2168/28/164 2167/28/164
f 2167/28/164 2166/28/164 2165/28/164
f 2166/28/206 2172/28/206 2171/28/206
f 2167/28/184 2173/28/184 2172/28/184
f 2168/28/207 2174/28/207 2173/28/207
f 2169/28/208 2175/28/208 2174/28/208
f 2170/28/185 2176/28/185 2175/28/185
f 2165/28/209 2171/28/209 2176/28/209
f 2176/28/181 2171/28/181 2172/28/181
f 2172/28/181 2173/28/181 2174/28/181
f 2174/28/181 2175/28/181 2176/28/181
f 2177/28/164 2182/28/164 2181/28/164
f 2181/28/164 2180/28/164 2179/28/164
f 2179/28/164 2178/28/164 2177/28/164
f 2178/28/206 2184/28/206 2183/28/206
f 2179/28/184 2185/28/184 2184/28/184
f 2180/28/207 2186/28/207 2185/28/207
f 2181/28/208 2187/28/208 2186/28/208
f 2182/28/185 2188/28/185 2187/28/185
f 2177/28/209 2183/28/209 2188/28/209
f 2188/28/181 2183/28/181 2184/28/181
f 2184/28/181 2185/28/181 2186/28/181
f 2186/28/181 2187/28/181 2188/28/181
f 2189/25/164 2200/25/164 2199/25/164
f 2199/25/164 2198/25/164 2197/25/164
f 2197/25/164 2196/25/164 2193/25/164
f 2196/25/164 2195/25/164 2193/25/164
f 2195/25/164 2194/25/164 2193/25/164
f 2193/25/164 2192/25/164 2189/25/164
f 2192/25/164 2191/25/164 2189/25/164
f 2191/25/164 2190/25/164 2189/25/164
f 2189/25/164 2199/25/164 2193/25/164
f 2190/25/186 2202/25/186 2201/25/186
f 2191/25/187 2203/25/187 2202/25/187
f 2192/25/188 2204/25/188 2203/25/188
f 2193/25/189 2205/25/189 2204/25/189
f 2194/25/190 2206/25/190 2205/25/190
f 2195/25/191 2207/25/191 2206/25/191
f 2196/25/192 2208/25/192 2207/25/192
f 2197/25/193 2209/25/193 2208/25/193
f 2198/25/194 2210/25/194 2209/25/194
f 2199/25/195 2211/25/195 2210/25/195
f 2200/25/196 2212/25/196 2211/25/196
f 2189/25/197 2201/25/197 2212/25/197
f 2212/25/181 2201/25/181 2202/25/181
f 2202/25/181 2203/25/181 2204/25/181
f 2204/25/181 2205/25/181 2206/25/181
f 2206/25/181 2207/25/181 2204/25/181
f 2207/25/181 2208/25/181 2204/25/181
f 2208/25/181 2209/25/181 2212/25/181
f 2209/25/181 2210/25/181 2212/25/181
f 2210/25/181 2211/25/181 2212/25/181
f 2212/25/181 2202/25/181 2208/25/181
f 2213/26/164 2224/26/164 2223/26/164
f 2223/26/164 2222/26/164 2221/26/164
f 2221/26/164 2220/26/164 2219/26/164
f 2219/26/164 2218/26/164 2217/26/164
f 2217/26/164 2216/26/164 2215/26/164
f 2215/26/164 2214/26/164 2213/26/164
f 2213/26/164 2223/26/164 2217/26/164
f 2223/26/164 2221/26/164 2217/26/164
f 2221/26/164 2219/26/164 2217/26/164
f 2214/26/186 2226/26/186 2225/26/186
f 2215/26/187 2227/26/187 2226/26/187
f 2216/26/188 2228/26/188 2227/26/188
f 2217/26/189 2229/26/189 2228/26/189
f 2218/26/190 2230/26/190 2229/26/190
f 2219/26/191 2231/26/191 2230/26/191
f 2220/26/192 2232/26/192 2231/26/192
f 2221/26/193 2233/26/193 2232/26/193
f 2222/26/194 2234/26/194 2233/26/194
f 2223/26/195 2235/26/195 2234/26/195
f 2224/26/196 2236/26/196 2235/26/196
f 2213/26/197 2225/26/197 2236/26/197
f 2236/26/181 2225/26/181 2226/26/181
f 2226/26/181 2227/26/181 2228/26/181
f 2228/26/181 2229/26/181 2230/26/181
f 2230/26/181 2231/26/181 2232/26/181
f 2232/26/181 2233/26/181 2234/26/181
f 2234/26/181 2235/26/181 2236/26/181
f 2236/26/181 2226/26/181 2232/26/181
f 2226/26/181 2228/26/181 2232/26/181
f 2228/26/181 2230/26/181 2232/26/181
f 2237/27/164 2246/27/164 2245/27/164
f 2245/27/164 2244/27/164 2243/27/164
f 2243/27/164 2242/27/164 2241/27/164
f 2241/27/164 2240/27/164 2239/27/164
f 2239/27/164 2238/27/164 2237/27/164
f 2237/27/164 2245/27/164 2243/27/164
f 2243/27/164 2241/27/164 2237/27/164
f 2238/27/198 2248/27/198 2247/27/198
f 2239/27/199 2249/27/199 2248/27/199
f 2240/27/184 2250/27/184 2249/27/184
f 2241/27/200 2251/27/200 2250/27/200
f 2242/27/201 2252/27/201 2251/27/201
f 2243/27/202 2253/27/202 2252/27/202
f 2244/27/203 2254/27/203 2253/27/203
f 2245/27/185 2255/27/185 2254/27/185
f 2246/27/204 2256/27/204 2255/27/204
f 2237/27/205 2247/27/205 2256/27/205
f 2256/27/181 2247/27/181 2248/27/181
f 2248/27/181 2249/27/181 2250/27/181
f 2250/27/181 2251/27/181 2252/27/181
f 2252/27/181 2253/27/181 2254/27/181
f 2254/27/181 2255/27/181 2256/27/181
f 2256/27/181 2248/27/181 2250/27/181
f 2250/27/181 2252/27/181 2254/27/181
f 2257/28/164 2262/28/164 2261/28/164
f 2261/28/164 2260/28/164 2257/28/164
f 2260/28/164 2259/28/164 2257/28/164
f 2258/28/206 2264/28/206 2263/28/206
f 2259/28/184 2265/28/184 2264/28/184
f 2260/28/207 2266/28/207 2265/28/207
f 2261/28/208 2267/28/208 2266/28/208
f 2262/28/185 2268/28/185 2267/28/185
f 2257/28/209 2263/28/209 2268/28/209
f 2268/28/181 2263/28/181 2266/28/181
f 2263/28/181 2264/28/181 2266/28/181
f 2264/28/181 2265/28/181 2266/28/181
f 2269/28/164 2274/28/164 2273/28/164
f 2273/28/164 2272/28/164 2271/28/164
f 2271/28/164 2270/28/164 2269/28/164
f 2270/28/206 2276/28/206 2275/28/206
f 2271/28/184 2277/28/184 2276/28/184
f 2272/28/207 2278/28/207 2277/28/207
f 2273/28/208 2279/28/208 2278/28/208
f 2274/28/185 2280/28/185 2279/28/185
f 2269/28/209 2275/28/209 2280/28/209
f 2280/28/181 2275/28/181 2276/28/181
f 2276/28/181 2277/28/181 2278/28/181
f 2278/28/181 2279/28/181 2280/28/181
f 2281/28/164 2286/28/164 2285/28/164
f 2285/28/164 2284/28/164 2283/28/164
f 2283/28/164 2282/28/164 2281/28/164
f 2282/28/206 2288/28/206 2287/28/206
f 2283/28/184 2289/28/184 2288/28/184
f 2284/28/207 2290/28/207 2289/28/207
f 2285/28/208 2291/28/208 2290/28/208
f 2286/28/185 2292/28/185 2291/28/185
f 2281/28/209 2287/28/209 2292/28/209
f 2292/28/181 2287/28/181 2288/28/181
f 2288/28/181 2289/28/181 2290/28/181
f 2290/28/181 2291/28/181 2292/28/181
f 2293/28/164 2298/28/164 2297/28/164
f 2297/28/164 2296/28/164 2293/28/164
f 2296/28/164 2295/28/164 2293/28/164
f 2294/28/206 2300/28/206 2299/28/206
f 2295/28/184 2301/28/184 2300/28/184
f 2296/28/207 2302/28/207 2301/28/207
f 2297/28/208 2303/28/208 2302/28/208
f 2298/28/185 2304/28/185 2303/28/185
f 2293/28/209 2299/28/209 2304/28/209
f 2304/28/181 2299/28/181 2302/28/181
f 2299/28/181 2300/28/181 2302/28/181
f 2300/28/181 2301/28/181 2302/28/181
f 2305/28/164 2310/28/164 2309/28/164
f 2309/28/164 2308/28/164 2307/28/164
f 2307/28/164 2306/28/164 2305/28/164
f 2306/28/206 2312/28/206 2311/28/206
f 2307/28/184 2313/28/184 2312/28/184
f 2308/28/207 2314/28/207 2313/28/207
f 2309/28/208 2315/28/208 2314/28/208
f 2310/28/185 2316/28/185 2315/28/185
f 2305/28/209 2311/28/209 2316/28/209
f 2316/28/181 2311/28/181 2312/28/181
f 2312/28/181 2313/28/181 2314/28/181
f 2314/28/181 2315/28/181 2316/28/181
f 2317/28/164 2322/28/164 2321/28/164
f 2321/28/164 2320/28/164 2319/28/164
f 2319/28/164 2318/28/164 2317/28/164
f 2318/28/206 2324/28/206 2323/28/206
f 2319/28/184 2325/28/184 2324/28/184
f 2320/28/207 2326/28/207 2325/28/207
f 2321/28/208 2327/28/208 2326/28/208
f 2322/28/185 2328/28/185 2327/28/185
f 2317/28/209 2323/28/209 2328/28/209
f 2328/28/181 2323/28/181 2324/28/181
f 2324/28/181 2325/28/181 2326/28/181
f 2326/28/181 2327/28/181 2328/28/181
o Wheel_RF
v 1.075000 1.040000 1.150000
v 1.075000 1.000417 1.348995
v 1.075000 0.887695 1.517695
v 1.075000 0.718995 1.630417
v 1.075000 0.520000 1.670000
v 1.075000 0.321005 1.630417
v 1.075000 0.152304 1.517695
v 1.075000 0.039583 1.348995
v 1.075000 0.000000 1.150000
v 1.075000 0.039583 0.951005
v 1.075000 0.152304 0.782304
v 1.075000 0.321005 0.669583
v 1.075000 0.520000 0.630000
v 1.075000 0.718995 0.669583
v 1.075000 0.887695 0.782304
v 1.075000 1.000417 0.951005
v 1.425000 1.040000 1.150000
v 1.425000 1.000417 1.348995
v 1.425000 0.887695 1.517695
v 1.425000 0.718995 1.630417
v 1.425000 0.520000 1.670000
v 1.425000 0.321005 1.630417
v 1.425000 0.152304 1.517695
v 1.425000 0.039583 1.348995
v 1.425000 0.000000 1.150000
v 1.425000 0.039583 0.951005
v 1.425000 0.152304 0.782304
v 1.425000 0.321005 0.669583
v 1.425000 0.520000 0.630000
v 1.425000 0.718995 0.669583
v 1.425000 0.887695 0.782304
v 1.425000 1.000417 0.951005
v 1.055000 0.475000 1.705000
v 1.445000 0.475000 1.705000
v 1.445000 0.475000 1.615000
v 1.055000 0.475000 1.615000
v 1.055000 0.565000 1.705000
v 1.445000 0.565000 1.705000
v 1.445000 0.565000 1.615000
v 1.055000 0.565000 1.615000
v 1.055000 0.632599 1.680039
v 1.445000 0.632599 1.680039
v 1.445000 0.632599 1.590039
v 1.055000 0.632599 1.590039
v 1.055000 0.722599 1.680039
v 1.445000 0.722599 1.680039
v 1.445000 0.722599 1.590039
v 1.055000 0.722599 1.590039
v 1.055000 0.774770 1.607599
v 1.445000 0.774770 1.607599
v 1.445000 0.774770 1.517599
v 1.055000 0.774770 1.517599
v 1.055000 0.864770 1.607599
v 1.445000 0.864770 1.607599
v 1.445000 0.864770 1.517599
v 1.055000 0.864770 1.517599
v 1.055000 0.887599 1.494771
v 1.445000 0.887599 1.494771
v 1.445000 0.887599 1.404770
v 1.055000 0.887599 1.404770
v 1.055000 0.977599 1.494771
v 1.445000 0.977599 1.494771
v 1.445000 0.977599 1.404770
v 1.055000 0.977599 1.404770
v 1.055000 0.960039 1.352599
v 1.445000 0.960039 1.352599
v 1.445000 0.960039 1.262599
v 1.055000 0.960039 1.262599
v 1.055000 1.050039 1.352599
v 1.445000 1.050039 1.352599
v 1.445000 1.050039 1.262599
v 1.055000 1.050039 1.262599
v 1.055000 0.985000 1.195000
v 1.445000 0.985000 1.195000
v 1.445000 0.985000 1.105000
v 1.055000 0.985000 1.105000
v 1.055000 1.075000 1.195000
v 1.445000 1.075000 1.195000
v 1.445000 1.075000 1.105000
v 1.055000 1.075000 1.105000
v 1.055000 0.960039 1.037401
v 1.445000 0.960039 1.037401
v 1.445000 0.960039 0.947401
v 1.055000 0.960039 0.947401
v 1.055000 1.050039 1.037401
v 1.445000 1.050039 1.037401
v 1.445000 1.050039 0.947401
v 1.055000 1.050039 0.947401
v 1.055000 0.887599 0.895229
v 1.445000 0.887599 0.895229
v 1.445000 0.887599 0.805229
v 1.055000 0.887599 0.805229
v 1.055000 0.977599 0.895229
v 1.445000 0.977599 0.895229
v 1.445000 0.977599 0.805229
v 1.055000 0.977599 0.805229
v 1.055000 0.774770 0.782401
v 1.445000 0.774770 0.782401
v 1.445000 0.774770 0.692401
v 1.055000 0.774770 0.692401
v 1.055000 0.864770 0.782401
v 1.445000 0.864770 0.782401
v 1.445000 0.864770 0.692401
v 1.055000 0.864770 0.692401
v 1.055000 0.632599 0.709961
v 1.445000 0.632599 0.709961
v 1.445000 0.632599 0.619961
v 1.055000 0.632599 0.619961
v 1.055000 0.722599 0.709961
v 1.445000 0.722599 0.709961
v 1.445000 0.722599 0.619961
v 1.055000 0.722599 0.619961
v 1.055000 0.475000 0.685000
v 1.445000 0.475000 0.685000
v 1.445000 0.475000 0.595000
v 1.055000 0.475000 0.595000
v 1.055000 0.565000 0.685000
v 1.445000 0.565000 0.685000
v 1.445000 0.565000 0.595000
v 1.055000 0.565000 0.595000
v 1.055000 0.317401 0.709961
v 1.445000 0.317401 0.709961
v 1.445000 0.317401 0.619961
v 1.055000 0.317401 0.619961
v 1.055000 0.407401 0.709961
v 1.445000 0.407401 0.709961
v 1.445000 0.407401 0.619961
v 1.055000 0.407401 0.619961
v 1.055000 0.175229 0.782401
v 1.445000 0.175229 0.782401
v 1.445000 0.175229 0.692401
v 1.055000 0.175229 0.692401
v 1.055000 0.265229 0.782401
v 1.445000 0.265229 0.782401
v 1.445000 0.265229 0.692401
v 1.055000 0.265229 0.692401
v 1.055000 0.062401 0.895229
v 1.445000 0.062401 0.895229
v 1.445000 0.062401 0.805229
v 1.055000 0.062401 0.805229
v 1.055000 0.152401 0.895229
v 1.445000 0.152401 0.895229
v 1.445000 0.152401 0.805229
v 1.055000 0.152401 0.805229
v 1.055000 -0.010039 1.037401
v 1.445000 -0.010039 1.037401
v 1.445000 -0.010039 0.947401
v 1.055000 -0.010039 0.947401
v 1.055000 0.079961 1.037401
v 1.445000 0.079961 1.037401
v 1.445000 0.079961 0.947401
v 1.055000 0.079961 0.947401
v 1.055000 -0.035000 1.195000
v 1.445000 -0.035000 1.195000
v 1.445000 -0.035000 1.105000
v 1.055000 -0.035000 1.105000
v 1.055000 0.055000 1.195000
v 1.445000 0.055000 1.195000
v 1.445000 0.055000 1.105000
v 1.055000 0.055000 1.105000
v 1.055000 -0.010039 1.352599
v 1.445000 -0.010039 1.352599
v 1.445000 -0.010039 1.262599
v 1.055000 -0.010039 1.262599
v 1.055000 0.079961 1.352599
v 1.445000 0.079961 1.352599
v 1.445000 0.079961 1.262599
v 1.055000 0.079961 1.262599
v 1.055000 0.062401 1.494771
v 1.445000 0.062401 1.494771
v 1.445000 0.062401 1.404770
v 1.055000 0.062401 1.404770
v 1.055000 0.152401 1.494771
v 1.445000 0.152401 1.494771
v 1.445000 0.152401 1.404770
v 1.055000 0.152401 1.404770
v 1.055000 0.175229 1.607599
v 1.445000 0.175229 1.607599
v 1.445000 0.175229 1.517599
v 1.055000 0.175229 1.517599
v 1.055000 0.265229 1.607599
v 1.445000 0.265229 1.607599
v 1.445000 0.265229 1.517599
v 1.055000 0.265229 1.517599
v 1.055000 0.317401 1.680039
v 1.445000 0.317401 1.680039
v 1.445000 0.317401 1.590039
v 1.055000 0.317401 1.590039
v 1.055000 0.407401 1.680039
v 1.445000 0.407401 1.680039
v 1.445000 0.407401 1.590039
v 1.055000 0.407401 1.590039
v 1.042500 0.840000 1.150000
v 1.042500 0.797128 1.310000
v 1.042500 0.680000 1.427128
v 1.042500 0.520000 1.470000
v 1.042500 0.360000 1.427128
v 1.042500 0.242872 1.310000
v 1.042500 0.200000 1.150000
v 1.042500 0.242872 0.990000
v 1.042500 0.360000 0.872872
v 1.042500 0.520000 0.830000
v 1.042500 0.680000 0.872872
v 1.042500 0.797128 0.990000
v 1.087500 0.840000 1.150000
v 1.087500 0.797128 1.310000
v 1.087500 0.680000 1.427128
v 1.087500 0.520000 1.470000
v 1.087500 0.360000 1.427128
v 1.087500 0.242872 1.310000
v 1.087500 0.200000 1.150000
v 1.087500 0.242872 0.990000
v 1.087500 0.360000 0.872872
v 1.087500 0.520000 0.830000
v 1.087500 0.680000 0.872872
v 1.087500 0.797128 0.990000
v 1.017500 0.760000 1.150000
v 1.017500 0.727846 1.270000
v 1.017500 0.640000 1.357846
v 1.017500 0.520000 1.390000
v 1.017500 0.400000 1.357846
v 1.017500 0.312154 1.270000
v 1.017500 0.280000 1.150000
v 1.017500 0.312154 1.030000
v 1.017500 0.400000 0.942154
v 1.017500 0.520000 0.910000
v 1.017500 0.640000 0.942154
v 1.017500 0.727846 1.030000
v 1.052500 0.760000 1.150000
v 1.052500 0.727846 1.270000
v 1.052500 0.640000 1.357846
v 1.052500 0.520000 1.390000
v 1.052500 0.400000 1.357846
v 1.052500 0.312154 1.270000
v 1.052500 0.280000 1.150000
v 1.052500 0.312154 1.030000
v 1.052500 0.400000 0.942154
v 1.052500 0.520000 0.910000
v 1.052500 0.640000 0.942154
v 1.052500 0.727846 1.030000
v 0.975000 0.620000 1.150000
v 0.975000 0.600902 1.208779
v 0.975000 0.550902 1.245106
v 0.975000 0.489098 1.245106
v 0.975000 0.439098 1.208779
v 0.975000 0.420000 1.150000
v 0.975000 0.439098 1.091221
v 0.975000 0.489098 1.054894
v 0.975000 0.550902 1.054894
v 0.975000 0.600902 1.091221
v 1.045000 0.620000 1.150000
v 1.045000 0.600902 1.208779
v 1.045000 0.550902 1.245106
v 1.045000 0.489098 1.245106
v 1.045000 0.439098 1.208779
v 1.045000 0.420000 1.150000
v 1.045000 0.439098 1.091221
v 1.045000 0.489098 1.054894
v 1.045000 0.550902 1.054894
v 1.045000 0.600902 1.091221
v 0.996000 0.546000 1.310000
v 0.996000 0.533000 1.332517
v 0.996000 0.507000 1.332517
v 0.996000 0.494000 1.310000
v 0.996000 0.507000 1.287483
v 0.996000 0.533000 1.287483
v 1.018000 0.546000 1.310000
v 1.018000 0.533000 1.332517
v 1.018000 0.507000 1.332517
v 1.018000 0.494000 1.310000
v 1.018000 0.507000 1.287483
v 1.018000 0.533000 1.287483
v 0.996000 0.684564 1.230000
v 0.996000 0.671564 1.252517
v 0.996000 0.645564 1.252517
v 0.996000 0.632564 1.230000
v 0.996000 0.645564 1.207483
v 0.996000 0.671564 1.207483
v 1.018000 0.684564 1.230000
v 1.018000 0.671564 1.252517
v 1.018000 0.645564 1.252517
v 1.018000 0.632564 1.230000
v 1.018000 0.645564 1.207483
v 1.018000 0.671564 1.207483
v 0.996000 0.684564 1.070000
v 0.996000 0.671564 1.092517
v 0.996000 0.645564 1.092517
v 0.996000 0.632564 1.070000
v 0.996000 0.645564 1.047483
v 0.996000 0.671564 1.047483
v 1.018000 0.684564 1.070000
v 1.018000 0.671564 1.092517
v 1.018000 0.645564 1.092517
v 1.018000 0.632564 1.070000
v 1.018000 0.645564 1.047483
v 1.018000 0.671564 1.047483
v 0.996000 0.546000 0.990000
v 0.996000 0.533000 1.012517
v 0.996000 0.507000 1.012517
v 0.996000 0.494000 0.990000
v 0.996000 0.507000 0.967483
v 0.996000 0.533000 0.967483
v 1.018000 0.546000 0.990000
v 1.018000 0.533000 1.012517
v 1.018000 0.507000 1.012517
v 1.018000 0.494000 0.990000
v 1.018000 0.507000 0.967483
v 1.018000 0.533000 0.967483
v 0.996000 0.407436 1.070000
v 0.996000 0.394436 1.092517
v 0.996000 0.368436 1.092517
v 0.996000 0.355436 1.070000
v 0.996000 0.368436 1.047483
v 0.996000 0.394436 1.047483
v 1.018000 0.407436 1.070000
v 1.018000 0.394436 1.092517
v 1.018000 0.368436 1.092517
v 1.018000 0.355436 1.070000
v 1.018000 0.368436 1.047483
v 1.018000 0.394436 1.047483
v 0.996000 0.407436 1.230000
v 0.996000 0.394436 1.252517
v 0.996000 0.368436 1.252517
v 0.996000 0.355436 1.230000
v 0.996000 0.368436 1.207483
v 0.996000 0.394436 1.207483
v 1.018000 0.407436 1.230000
v 1.018000 0.394436 1.252517
v 1.018000 0.368436 1.252517
v 1.018000 0.355436 1.230000
v 1.018000 0.368436 1.207483
v 1.018000 0.394436 1.207483
v 1.412500 0.840000 1.150000
v 1.412500 0.797128 1.310000
v 1.412500 0.680000 1.427128
v 1.412500 0.520000 1.470000
v 1.412500 0.360000 1.427128
v 1.412500 0.242872 1.310000
v 1.412500 0.200000 1.150000
v 1.412500 0.242872 0.990000
v 1.412500 0.360000 0.872872
v 1.412500 0.520000 0.830000
v 1.412500 0.680000 0.872872
v 1.412500 0.797128 0.990000
v 1.457500 0.840000 1.150000
v 1.457500 0.797128 1.310000
v 1.457500 0.680000 1.427128
v 1.457500 0.520000 1.470000
v 1.457500 0.360000 1.427128
v 1.457500 0.242872 1.310000
v 1.457500 0.200000 1.150000
v 1.457500 0.242872 0.990000
v 1.457500 0.360000 0.872872
v 1.457500 0.520000 0.830000
v 1.457500 0.680000 0.872872
v 1.457500 0.797128 0.990000
v 1.447500 0.760000 1.150000
v 1.447500 0.727846 1.270000
v 1.447500 0.640000 1.357846
v 1.447500 0.520000 1.390000
v 1.447500 0.400000 1.357846
v 1.447500 0.312154 1.270000
v 1.447500 0.280000 1.150000
v 1.447500 0.312154 1.030000
v 1.447500 0.400000 0.942154
v 1.447500 0.520000 0.910000
v 1.447500 0.640000 0.942154
v 1.447500 0.727846 1.030000
v 1.482500 0.760000 1.150000
v 1.482500 0.727846 1.270000
v 1.482500 0.640000 1.357846
v 1.482500 0.520000 1.390000
v 1.482500 0.400000 1.357846
v 1.482500 0.312154 1.270000
v 1.482500 0.280000 1.150000
v 1.482500 0.312154 1.030000
v 1.482500 0.400000 0.942154
v 1.482500 0.520000 0.910000
v 1.482500 0.640000 0.942154
v 1.482500 0.727846 1.030000
v 1.455000 0.620000 1.150000
v 1.455000 0.600902 1.208779
v 1.455000 0.550902 1.245106
v 1.455000 0.489098 1.245106
v 1.455000 0.439098 1.208779
v 1.455000 0.420000 1.150000
v 1.455000 0.439098 1.091221
v 1.455000 0.489098 1.054894
v 1.455000 0.550902 1.054894
v 1.455000 0.600902 1.091221
v 1.525000 0.620000 1.150000
v 1.525000 0.600902 1.208779
v 1.525000 0.550902 1.245106
v 1.525000 0.489098 1.245106
v 1.525000 0.439098 1.208779
v 1.525000 0.420000 1.150000
v 1.525000 0.439098 1.091221
v 1.525000 0.489098 1.054894
v 1.525000 0.550902 1.054894
v 1.525000 0.600902 1.091221
v 1.482000 0.546000 1.310000
v 1.482000 0.533000 1.332517
v 1.482000 0.507000 1.332517
v 1.482000 0.494000 1.310000
v 1.482000 0.507000 1.287483
v 1.482000 0.533000 1.287483
v 1.504000 0.546000 1.310000
v 1.504000 0.533000 1.332517
v 1.504000 0.507000 1.332517
v 1.504000 0.494000 1.310000
v 1.504000 0.507000 1.287483
v 1.504000 0.533000 1.287483
v 1.482000 0.684564 1.230000
v 1.482000 0.671564 1.252517
v 1.482000 0.645564 1.252517
v 1.482000 0.632564 1.230000
v 1.482000 0.645564 1.207483
v 1.482000 0.671564 1.207483
v 1.504000 0.684564 1.230000
v 1.504000 0.671564 1.252517
v 1.504000 0.645564 1.252517
v 1.504000 0.632564 1.230000
v 1.504000 0.645564 1.207483
v 1.504000 0.671564 1.207483
v 1.482000 0.684564 1.070000
v 1.482000 0.671564 1.092517
v 1.482000 0.645564 1.092517
v 1.482000 0.632564 1.070000
v 1.482000 0.645564 1.047483
v 1.482000 0.671564 1.047483
v 1.504000 0.684564 1.070000
v 1.504000 0.671564 1.092517
v 1.504000 0.645564 1.092517
v 1.504000 0.632564 1.070000
v 1.504000 0.645564 1.047483
v 1.504000 0.671564 1.047483
v 1.482000 0.546000 0.990000
v 1.482000 0.533000 1.012517
v 1.482000 0.507000 1.012517
v 1.482000 0.494000 0.990000
v 1.482000 0.507000 0.967483
v 1.482000 0.533000 0.967483
v 1.504000 0.546000 0.990000
v 1.504000 0.533000 1.012517
v 1.504000 0.507000 1.012517
v 1.504000 0.494000 0.990000
v 1.504000 0.507000 0.967483
v 1.504000 0.533000 0.967483
v 1.482000 0.407436 1.070000
v 1.482000 0.394436 1.092517
v 1.482000 0.368436 1.092517
v 1.482000 0.355436 1.070000
v 1.482000 0.368436 1.047483
v 1.482000 0.394436 1.047483
v 1.504000 0.407436 1.070000
v 1.504000 0.394436 1.092517
v 1.504000 0.368436 1.092517
v 1.504000 0.355436 1.070000
v 1.504000 0.368436 1.047483
v 1.504000 0.394436 1.047483
v 1.482000 0.407436 1.230000
v 1.482000 0.394436 1.252517
v 1.482000 0.368436 1.252517
v 1.482000 0.355436 1.230000
v 1.482000 0.368436 1.207483
v 1.482000 0.394436 1.207483
v 1.504000 0.407436 1.230000
v 1.504000 0.394436 1.252517
v 1.504000 0.368436 1.252517
v 1.504000 0.355436 1.230000
v 1.504000 0.368436 1.207483
v 1.504000 0.394436 1.207483
vn -1.0000 -0.0000 -0.0000
vn -0.0000 0.9808 0.1951
vn -0.0000 0.8315 0.5556
vn -0.0000 0.5556 0.8315
vn -0.0000 0.1951 0.9808
vn -0.0000 -0.1951 0.9808
vn -0.0000 -0.5556 0.8315
vn -0.0000 -0.8315 0.5556
vn -0.0000 -0.9808 0.1951
vn -0.0000 -0.9808 -0.1951
vn -0.0000 -0.8315 -0.5556
vn -0.0000 -0.5556 -0.8315
vn -0.0000 -0.1951 -0.9808
vn -0.0000 0.1951 -0.9808
vn -0.0000 0.5556 -0.8315
vn -0.0000 0.8315 -0.5556
vn -0.0000 0.9808 -0.1951
vn 1.0000 -0.0000 -0.0000
vn -0.0000 -1.0000 -0.0000
vn -0.0000 1.0000 -0.0000
vn -0.0000 -0.0000 1.0000
vn -0.0000 -0.0000 -1.0000
vn -0.0000 0.9659 0.2588
vn -0.0000 0.7071 0.7071
vn -0.0000 0.2588 0.9659
vn -0.0000 -0.2588 0.9659
vn -0.0000 -0.7071 0.7071
vn -0.0000 -0.9659 0.2588
vn -0.0000 -0.9659 -0.2588
vn -0.0000 -0.7071 -0.7071
vn -0.0000 -0.2588 -0.9659
vn -0.0000 0.2588 -0.9659
vn -0.0000 0.7071 -0.7071
vn -0.0000 0.9659 -0.2588
vn -0.0000 0.9511 0.3090
vn -0.0000 0.5878 0.8090
vn -0.0000 -0.5878 0.8090
vn -0.0000 -0.9511 0.3090
vn -0.0000 -0.9511 -0.3090
vn -0.0000 -0.5878 -0.8090
vn -0.0000 0.5878 -0.8090
vn -0.0000 0.9511 -0.3090
vn -0.0000 0.8660 0.5000
vn -0.0000 -0.8660 0.5000
vn -0.0000 -0.8660 -0.5000
vn -0.0000 0.8660 -0.5000
vt 0.125000 0.375000
vt 0.375000 0.375000
vt 0.875000 0.125000
vt 0.125000 0.625000
vt 0.625000 0.125000
vt 0.375000 0.875000
s 0
usemtl Field_Palette
f 2337/29/210 2333/29/210 2329/29/210
f 2330/29/211 2345/29/211 2329/29/211
f 2331/29/212 2346/29/212 2330/29/212
f 2332/29/213 2347/29/213 2331/29/213
f 2333/29/214 2348/29/214 2332/29/214
f 2334/29/215 2349/29/215 2333/29/215
f 2335/29/216 2350/29/216 2334/29/216
f 2336/29/217 2351/29/217 2335/29/217
f 2337/29/218 2352/29/218 2336/29/218
f 2338/29/219 2353/29/219 2337/29/219
f 2339/29/220 2354/29/220 2338/29/220
f 2340/29/221 2355/29/221 2339/29/221
f 2341/29/222 2356/29/222 2340/29/222
f 2342/29/223 2357/29/223 2341/29/223
f 2343/29/224 2358/29/224 2342/29/224
f 2344/29/225 2359/29/225 2343/29/225
f 2329/29/226 2360/29/226 2344/29/226
f 2358/29/227 2360/29/227 2352/29/227
f 2363/30/228 2361/30/228 2364/30/228
f 2366/30/229 2368/30/229 2365/30/229
f 2362/30/230 2365/30/230 2361/30/230
f 2363/30/227 2366/30/227 2362/30/227
f 2364/30/231 2367/30/231 2363/30/231
f 2361/30/210 2368/30/210 2364/30/210
f 2371/30/228 2369/30/228 2372/30/228
f 2374/30/229 2376/30/229 2373/30/229
f 2370/30/230 2373/30/230 2369/30/230
f 2371/30/227 2374/30/227 2370/30/227
f 2372/30/231 2375/30/231 2371/30/231
f 2369/30/210 2376/30/210 2372/30/210
f 2379/30/228 2377/30/228 2380/30/228
f 2382/30/229 2384/30/229 2381/30/229
f 2378/30/230 2381/30/230 2377/30/230
f 2379/30/227 2382/30/227 2378/30/227
f 2380/30/231 2383/30/231 2379/30/231
f 2377/30/210 2384/30/210 2380/30/210
f 2387/30/228 2385/30/228 2388/30/228
f 2390/30/229 2392/30/229 2389/30/229
f 2386/30/230 2389/30/230 2385/30/230
f 2387/30/227 2390/30/227 2386/30/227
f 2388/30/231 2391/30/231 2387/30/231
f 2385/30/210 2392/30/210 2388/30/210
f 2395/30/228 2393/30/228 2396/30/228
f 2398/30/229 2400/30/229 2397/30/229
f 2394/30/230 2397/30/230 2393/30/230
f 2395/30/227 2398/30/227 2394/30/227
f 2396/30/231 2399/30/231 2395/30/231
f 2393/30/210 2400/30/210 2396/30/210
f 2403/30/228 2401/30/228 2404/30/228
f 2406/30/229 2408/30/229 2405/30/229
f 2402/30/230 2405/30/230 2401/30/230
f 2403/30/227 2406/30/227 2402/30/227
f 2404/30/231 2407/30/231 2403/30/231
f 2401/30/210 2408/30/210 2404/30/210
f 2411/30/228 2409/30/228 2412/30/228
f 2414/30/229 2416/30/229 2413/30/229
f 2410/30/230 2413/30/230 2409/30/230
f 2411/30/227 2414/30/227 2410/30/227
f 2412/30/231 2415/30/231 2411/30/231
f 2409/30/210 2416/30/210 2412/30/210
f 2419/30/228 2417/30/228 2420/30/228
f 2422/30/229 2424/30/229 2421/30/229
f 2418/30/230 2421/30/230 2417/30/230
f 2419/30/227 2422/30/227 2418/30/227
f 2420/30/231 2423/30/231 2419/30/231
f 2417/30/210 2424/30/210 2420/30/210
f 2427/30/228 2425/30/228 2428/30/228
f 2430/30/229 2432/30/229 2429/30/229
f 2426/30/230 2429/30/230 2425/30/230
f 2427/30/227 2430/30/227 2426/30/227
f 2428/30/231 2431/30/231 2427/30/231
f 2425/30/210 2432/30/210 2428/30/210
f 2435/30/228 2433/30/228 2436/30/228
f 2438/30/229 2440/30/229 2437/30/229
f 2434/30/230 2437/30/230 2433/30/230
f 2435/30/227 2438/30/227 2434/30/227
f 2436/30/231 2439/30/231 2435/30/231
f 2433/30/210 2440/30/210 2436/30/210
f 2443/30/228 2441/30/228 2444/30/228
f 2446/30/229 2448/30/229 2445/30/229
f 2442/30/230 2445/30/230 2441/30/230
f 2443/30/227 2446/30/227 2442/30/227
f 2444/30/231 2447/30/231 2443/30/231
f 2441/30/210 2448/30/210 2444/30/210
f 2451/30/228 2449/30/228 2452/30/228
f 2454/30/229 2456/30/229 2453/30/229
f 2450/30/230 2453/30/230 2449/30/230
f 2451/30/227 2454/30/227 2450/30/227
f 2452/30/231 2455/30/231 2451/30/231
f 2449/30/210 2456/30/210 2452/30/210
f 2459/30/228 2457/30/228 2460/30/228
f 2462/30/229 2464/30/229 2461/30/229
f 2458/30/230 2461/30/230 2457/30/230
f 2459/30/227 2462/30/227 2458/30/227
f 2460/30/231 2463/30/231 2459/30/231
f 2457/30/210 2464/30/210 2460/30/210
f 2467/30/228 2465/30/228 2468/30/228
f 2470/30/229 2472/30/229 2469/30/229
f 2466/30/230 2469/30/230 2465/30/230
f 2467/30/227 2470/30/227 2466/30/227
f 2468/30/231 2471/30/231 2467/30/231
f 2465/30/210 2472/30/210 2468/30/210
f 2475/30/228 2473/30/228 2476/30/228
f 2478/30/229 2480/30/229 2477/30/229
f 2474/30/230 2477/30/230 2473/30/230
f 2475/30/227 2478/30/227 2474/30/227
f 2476/30/231 2479/30/231 2475/30/231
f 2473/30/210 2480/30/210 2476/30/210
f 2483/30/228 2481/30/228 2484/30/228
f 2486/30/229 2488/30/229 2485/30/229
f 2482/30/230 2485/30/230 2481/30/230
f 2483/30/227 2486/30/227 2482/30/227
f 2484/30/231 2487/30/231 2483/30/231
f 2481/30/210 2488/30/210 2484/30/210
f 2491/30/228 2489/30/228 2492/30/228
f 2494/30/229 2496/30/229 2493/30/229
f 2490/30/230 2493/30/230 2489/30/230
f 2491/30/227 2494/30/227 2490/30/227
f 2492/30/231 2495/30/231 2491/30/231
f 2489/30/210 2496/30/210 2492/30/210
f 2499/30/228 2497/30/228 2500/30/228
f 2502/30/229 2504/30/229 2501/30/229
f 2498/30/230 2501/30/230 2497/30/230
f 2499/30/227 2502/30/227 2498/30/227
f 2500/30/231 2503/30/231 2499/30/231
f 2497/30/210 2504/30/210 2500/30/210
f 2507/30/228 2505/30/228 2508/30/228
f 2510/30/229 2512/30/229 2509/30/229
f 2506/30/230 2509/30/230 2505/30/230
f 2507/30/227 2510/30/227 2506/30/227
f 2508/30/231 2511/30/231 2507/30/231
f 2505/30/210 2512/30/210 2508/30/210
f 2515/30/228 2513/30/228 2516/30/228
f 2518/30/229 2520/30/229 2517/30/229
f 2514/30/230 2517/30/230 2513/30/230
f 2515/30/227 2518/30/227 2514/30/227
f 2516/30/231 2519/30/231 2515/30/231
f 2513/30/210 2520/30/210 2516/30/210
f 2531/31/210 2529/31/210 2525/31/210
f 2522/31/232 2533/31/232 2521/31/232
f 2523/31/233 2534/31/233 2522/31/233
f 2524/31/234 2535/31/234 2523/31/234
f 2525/31/235 2536/31/235 2524/31/235
f 2526/31/236 2537/31/236 2525/31/236
f 2527/31/237 2538/31/237 2526/31/237
f 2528/31/238 2539/31/238 2527/31/238
f 2529/31/239 2540/31/239 2528/31/239
f 2530/31/240 2541/31/240 2529/31/240
f 2531/31/241 2542/31/241 2530/31/241
f 2532/31/242 2543/31/242 2531/31/242
f 2521/31/243 2544/31/243 2532/31/243
f 2534/31/227 2536/31/227 2540/31/227
f 2553/32/210 2551/32/210 2549/32/210
f 2546/32/232 2557/32/232 2545/32/232
f 2547/32/233 2558/32/233 2546/32/233
f 2548/32/234 2559/32/234 2547/32/234
f 2549/32/235 2560/32/235 2548/32/235
f 2550/32/236 2561/32/236 2549/32/236
f 2551/32/237 2562/32/237 2550/32/237
f 2552/32/238 2563/32/238 2551/32/238
f 2553/32/239 2564/32/239 2552/32/239
f 2554/32/240 2565/32/240 2553/32/240
f 2555/32/241 2566/32/241 2554/32/241
f 2556/32/242 2567/32/242 2555/32/242
f 2545/32/243 2568/32/243 2556/32/243
f 2564/32/227 2566/32/227 2568/32/227
f 2569/33/210 2577/33/210 2575/33/210
f 2570/33/244 2579/33/244 2569/33/244
f 2571/33/245 2580/33/245 2570/33/245
f 2572/33/230 2581/33/230 2571/33/230
f 2573/33/246 2582/33/246 2572/33/246
f 2574/33/247 2583/33/247 2573/33/247
f 2575/33/248 2584/33/248 2574/33/248
f 2576/33/249 2585/33/249 2575/33/249
f 2577/33/231 2586/33/231 2576/33/231
f 2578/33/250 2587/33/250 2577/33/250
f 2569/33/251 2588/33/251 2578/33/251
f 2582/33/227 2584/33/227 2586/33/227
f 2591/34/210 2590/34/210 2589/34/210
f 2590/34/252 2595/34/252 2589/34/252
f 2591/34/230 2596/34/230 2590/34/230
f 2592/34/253 2597/34/253 2591/34/253
f 2593/34/254 2598/34/254 2592/34/254
f 2594/34/231 2599/34/231 2593/34/231
f 2589/34/255 2600/34/255 2594/34/255
f 2598/34/227 2599/34/227 2600/34/227
f 2603/34/210 2602/34/210 2601/34/210
f 2602/34/252 2607/34/252 2601/34/252
f 2603/34/230 2608/34/230 2602/34/230
f 2604/34/253 2609/34/253 2603/34/253
f 2605/34/254 2610/34/254 2604/34/254
f 2606/34/231 2611/34/231 2605/34/231
f 2601/34/255 2612/34/255 2606/34/255
f 2608/34/227 2610/34/227 2612/34/227
f 2615/34/210 2614/34/210 2613/34/210
f 2614/34/252 2619/34/252 2613/34/252
f 2615/34/230 2620/34/230 2614/34/230
f 2616/34/253 2621/34/253 2615/34/253
f 2617/34/254 2622/34/254 2616/34/254
f 2618/34/231 2623/34/231 2617/34/231
f 2613/34/255 2624/34/255 2618/34/255
f 2620/34/227 2622/34/227 2624/34/227
f 2627/34/210 2626/34/210 2625/34/210
f 2626/34/252 2631/34/252 2625/34/252
f 2627/34/230 2632/34/230 2626/34/230
f 2628/34/253 2633/34/253 2627/34/253
f 2629/34/254 2634/34/254 2628/34/254
f 2630/34/231 2635/34/231 2629/34/231
f 2625/34/255 2636/34/255 2630/34/255
f 2634/34/227 2635/34/227 2636/34/227
f 2641/34/210 2639/34/210 2637/34/210
f 2638/34/252 2643/34/252 2637/34/252
f 2639/34/230 2644/34/230 2638/34/230
f 2640/34/253 2645/34/253 2639/34/253
f 2641/34/254 2646/34/254 2640/34/254
f 2642/34/231 2647/34/231 2641/34/231
f 2637/34/255 2648/34/255 2642/34/255
f 2644/34/227 2646/34/227 2648/34/227
f 2653/34/210 2651/34/210 2649/34/210
f 2650/34/252 2655/34/252 2649/34/252
f 2651/34/230 2656/34/230 2650/34/230
f 2652/34/253 2657/34/253 2651/34/253
f 2653/34/254 2658/34/254 2652/34/254
f 2654/34/231 2659/34/231 2653/34/231
f 2649/34/255 2660/34/255 2654/34/255
f 2656/34/227 2658/34/227 2660/34/227
f 2671/31/210 2669/31/210 2665/31/210
f 2662/31/232 2673/31/232 2661/31/232
f 2663/31/233 2674/31/233 2662/31/233
f 2664/31/234 2675/31/234 2663/31/234
f 2665/31/235 2676/31/235 2664/31/235
f 2666/31/236 2677/31/236 2665/31/236
f 2667/31/237 2678/31/237 2666/31/237
f 2668/31/238 2679/31/238 2667/31/238
f 2669/31/239 2680/31/239 2668/31/239
f 2670/31/240 2681/31/240 2669/31/240
f 2671/31/241 2682/31/241 2670/31/241
f 2672/31/242 2683/31/242 2671/31/242
f 2661/31/243 2684/31/243 2672/31/243
f 2674/31/227 2676/31/227 2680/31/227
f 2689/32/210 2687/32/210 2685/32/210
f 2686/32/232 2697/32/232 2685/32/232
f 2687/32/233 2698/32/233 2686/32/233
f 2688/32/234 2699/32/234 2687/32/234
f 2689/32/235 2700/32/235 2688/32/235
f 2690/32/236 2701/32/236 2689/32/236
f 2691/32/237 2702/32/237 2690/32/237
f 2692/32/238 2703/32/238 2691/32/238
f 2693/32/239 2704/32/239 2692/32/239
f 2694/32/240 2705/32/240 2693/32/240
f 2695/32/241 2706/32/241 2694/32/241
f 2696/32/242 2707/32/242 2695/32/242
f 2685/32/243 2708/32/243 2696/32/243
f 2704/32/227 2706/32/227 2708/32/227
f 2713/33/210 2711/33/210 2709/33/210
f 2710/33/244 2719/33/244 2709/33/244
f 2711/33/245 2720/33/245 2710/33/245
f 2712/33/230 2721/33/230 2711/33/230
f 2713/33/246 2722/33/246 2712/33/246
f 2714/33/247 2723/33/247 2713/33/247
f 2715/33/248 2724/33/248 2714/33/248
f 2716/33/249 2725/33/249 2715/33/249
f 2717/33/231 2726/33/231 2716/33/231
f 2718/33/250 2727/33/250 2717/33/250
f 2709/33/251 2728/33/251 2718/33/251
f 2722/33/227 2726/33/227 2728/33/227
f 2731/34/210 2730/34/210 2729/34/210
f 2730/34/252 2735/34/252 2729/34/252
f 2731/34/230 2736/34/230 2730/34/230
f 2732/34/253 2737/34/253 2731/34/253
f 2733/34/254 2738/34/254 2732/34/254
f 2734/34/231 2739/34/231 2733/34/231
f 2729/34/255 2740/34/255 2734/34/255
f 2738/34/227 2739/34/227 2740/34/227
f 2745/34/210 2743/34/210 2741/34/210
f 2742/34/252 2747/34/252 2741/34/252
f 2743/34/230 2748/34/230 2742/34/230
f 2744/34/253 2749/34/253 2743/34/253
f 2745/34/254 2750/34/254 2744/34/254
f 2746/34/231 2751/34/231 2745/34/231
f 2741/34/255 2752/34/255 2746/34/255
f 2748/34/227 2750/34/227 2752/34/227
f 2757/34/210 2755/34/210 2753/34/210
f 2754/34/252 2759/34/252 2753/34/252
f 2755/34/230 2760/34/230 2754/34/230
f 2756/34/253 2761/34/253 2755/34/253
f 2757/34/254 2762/34/254 2756/34/254
f 2758/34/231 2763/34/231 2757/34/231
f 2753/34/255 2764/34/255 2758/34/255
f 2760/34/227 2762/34/227 2764/34/227
f 2767/34/210 2766/34/210 2765/34/210
f 2766/34/252 2771/34/252 2765/34/252
f 2767/34/230 2772/34/230 2766/34/230
f 2768/34/253 2773/34/253 2767/34/253
f 2769/34/254 2774/34/254 2768/34/254
f 2770/34/231 2775/34/231 2769/34/231
f 2765/34/255 2776/34/255 2770/34/255
f 2774/34/227 2775/34/227 2776/34/227
f 2781/34/210 2779/34/210 2777/34/210
f 2778/34/252 2783/34/252 2777/34/252
f 2779/34/230 2784/34/230 2778/34/230
f 2780/34/253 2785/34/253 2779/34/253
f 2781/34/254 2786/34/254 2780/34/254
f 2782/34/231 2787/34/231 2781/34/231
f 2777/34/255 2788/34/255 2782/34/255
f 2784/34/227 2786/34/227 2788/34/227
f 2793/34/210 2791/34/210 2789/34/210
f 2790/34/252 2795/34/252 2789/34/252
f 2791/34/230 2796/34/230 2790/34/230
f 2792/34/253 2797/34/253 2791/34/253
f 2793/34/254 2798/34/254 2792/34/254
f 2794/34/231 2799/34/231 2793/34/231
f 2789/34/255 2800/34/255 2794/34/255
f 2796/34/227 2798/34/227 2800/34/227
f 2329/29/210 2344/29/210 2343/29/210
f 2343/29/210 2342/29/210 2341/29/210
f 2341/29/210 2340/29/210 2339/29/210
f 2339/29/210 2338/29/210 2337/29/210
f 2337/29/210 2336/29/210 2335/29/210
f 2335/29/210 2334/29/210 2333/29/210
f 2333/29/210 2332/29/210 2331/29/210
f 2331/29/210 2330/29/210 2329/29/210
f 2329/29/210 2343/29/210 2341/29/210
f 2341/29/210 2339/29/210 2337/29/210
f 2337/29/210 2335/29/210 2333/29/210
f 2333/29/210 2331/29/210 2329/29/210
f 2329/29/210 2341/29/210 2337/29/210
f 2330/29/211 2346/29/211 2345/29/211
f 2331/29/212 2347/29/212 2346/29/212
f 2332/29/213 2348/29/213 2347/29/213
f 2333/29/214 2349/29/214 2348/29/214
f 2334/29/215 2350/29/215 2349/29/215
f 2335/29/216 2351/29/216 2350/29/216
f 2336/29/217 2352/29/217 2351/29/217
f 2337/29/218 2353/29/218 2352/29/218
f 2338/29/219 2354/29/219 2353/29/219
f 2339/29/220 2355/29/220 2354/29/220
f 2340/29/221 2356/29/221 2355/29/221
f 2341/29/222 2357/29/222 2356/29/222
f 2342/29/223 2358/29/223 2357/29/223
f 2343/29/224 2359/29/224 2358/29/224
f 2344/29/225 2360/29/225 2359/29/225
f 2329/29/226 2345/29/226 2360/29/226
f 2360/29/227 2345/29/227 2346/29/227
f 2346/29/227 2347/29/227 2348/29/227
f 2348/29/227 2349/29/227 2350/29/227
f 2350/29/227 2351/29/227 2352/29/227
f 2352/29/227 2353/29/227 2354/29/227
f 2354/29/227 2355/29/227 2356/29/227
f 2356/29/227 2357/29/227 2358/29/227
f 2358/29/227 2359/29/227 2360/29/227
f 2360/29/227 2346/29/227 2348/29/227
f 2348/29/227 2350/29/227 2360/29/227
f 2350/29/227 2352/29/227 2360/29/227
f 2352/29/227 2354/29/227 2356/29/227
f 2356/29/227 2358/29/227 2352/29/227
f 2363/30/228 2362/30/228 2361/30/228
f 2366/30/229 2367/30/229 2368/30/229
f 2362/30/230 2366/30/230 2365/30/230
f 2363/30/227 2367/30/227 2366/30/227
f 2364/30/231 2368/30/231 2367/30/231
f 2361/30/210 2365/30/210 2368/30/210
f 2371/30/228 2370/30/228 2369/30/228
f 2374/30/229 2375/30/229 2376/30/229
f 2370/30/230 2374/30/230 2373/30/230
f 2371/30/227 2375/30/227 2374/30/227
f 2372/30/231 2376/30/231 2375/30/231
f 2369/30/210 2373/30/210 2376/30/210
f 2379/30/228 2378/30/228 2377/30/228
f 2382/30/229 2383/30/229 2384/30/229
f 2378/30/230 2382/30/230 2381/30/230
f 2379/30/227 2383/30/227 2382/30/227
f 2380/30/231 2384/30/231 2383/30/231
f 2377/30/210 2381/30/210 2384/30/210
f 2387/30/228 2386/30/228 2385/30/228
f 2390/30/229 2391/30/229 2392/30/229
f 2386/30/230 2390/30/230 2389/30/230
f 2387/30/227 2391/30/227 2390/30/227
f 2388/30/231 2392/30/231 2391/30/231
f 2385/30/210 2389/30/210 2392/30/210
f 2395/30/228 2394/30/228 2393/30/228
f 2398/30/229 2399/30/229 2400/30/229
f 2394/30/230 2398/30/230 2397/30/230
f 2395/30/227 2399/30/227 2398/30/227
f 2396/30/231 2400/30/231 2399/30/231
f 2393/30/210 2397/30/210 2400/30/210
f 2403/30/228 2402/30/228 2401/30/228
f 2406/30/229 2407/30/229 2408/30/229
f 2402/30/230 2406/30/230 2405/30/230
f 2403/30/227 2407/30/227 2406/30/227
f 2404/30/231 2408/30/231 2407/30/231
f 2401/30/210 2405/30/210 2408/30/210
f 2411/30/228 2410/30/228 2409/30/228
f 2414/30/229 2415/30/229 2416/30/229
f 2410/30/230 2414/30/230 2413/30/230
f 2411/30/227 2415/30/227 2414/30/227
f 2412/30/231 2416/30/231 2415/30/231
f 2409/30/210 2413/30/210 2416/30/210
f 2419/30/228 2418/30/228 2417/30/228
f 2422/30/229 2423/30/229 2424/30/229
f 2418/30/230 2422/30/230 2421/30/230
f 2419/30/227 2423/30/227 2422/30/227
f 2420/30/231 2424/30/231 2423/30/231
f 2417/30/210 2421/30/210 2424/30/210
f 2427/30/228 2426/30/228 2425/30/228
f 2430/30/229 2431/30/229 2432/30/229
f 2426/30/230 2430/30/230 2429/30/230
f 2427/30/227 2431/30/227 2430/30/227
f 2428/30/231 2432/30/231 2431/30/231
f 2425/30/210 2429/30/210 2432/30/210
f 2435/30/228 2434/30/228 2433/30/228
f 2438/30/229 2439/30/229 2440/30/229
f 2434/30/230 2438/30/230 2437/30/230
f 2435/30/227 2439/30/227 2438/30/227
f 2436/30/231 2440/30/231 2439/30/231
f 2433/30/210 2437/30/210 2440/30/210
f 2443/30/228 2442/30/228 2441/30/228
f 2446/30/229 2447/30/229 2448/30/229
f 2442/30/230 2446/30/230 2445/30/230
f 2443/30/227 2447/30/227 2446/30/227
f 2444/30/231 2448/30/231 2447/30/231
f 2441/30/210 2445/30/210 2448/30/210
f 2451/30/228 2450/30/228 2449/30/228
f 2454/30/229 2455/30/229 2456/30/229
f 2450/30/230 2454/30/230 2453/30/230
f 2451/30/227 2455/30/227 2454/30/227
f 2452/30/231 2456/30/231 2455/30/231
f 2449/30/210 2453/30/210 2456/30/210
f 2459/30/228 2458/30/228 2457/30/228
f 2462/30/229 2463/30/229 2464/30/229
f 2458/30/230 2462/30/230 2461/30/230
f 2459/30/227 2463/30/227 2462/30/227
f 2460/30/231 2464/30/231 2463/30/231
f 2457/30/210 2461/30/210 2464/30/210
f 2467/30/228 2466/30/228 2465/30/228
f 2470/30/229 2471/30/229 2472/30/229
f 2466/30/230 2470/30/230 2469/30/230
f 2467/30/227 2471/30/227 2470/30/227
f 2468/30/231 2472/30/231 2471/30/231
f 2465/30/210 2469/30/210 2472/30/210
f 2475/30/228 2474/30/228 2473/30/228
f 2478/30/229 2479/30/229 2480/30/229
f 2474/30/230 2478/30/230 2477/30/230
f 2475/30/227 2479/30/227 2478/30/227
f 2476/30/231 2480/30/231 2479/30/231
f 2473/30/210 2477/30/210 2480/30/210
f 2483/30/228 2482/30/228 2481/30/228
f 2486/30/229 2487/30/229 2488/30/229
f 2482/30/230 2486/30/230 2485/30/230
f 2483/30/227 2487/30/227 2486/30/227
f 2484/30/231 2488/30/231 2487/30/231
f 2481/30/210 2485/30/210 2488/30/210
f 2491/30/228 2490/30/228 2489/30/228
f 2494/30/229 2495/30/229 2496/30/229
f 2490/30/230 2494/30/230 2493/30/230
f 2491/30/227 2495/30/227 2494/30/227
f 2492/30/231 2496/30/231 2495/30/231
f 2489/30/210 2493/30/210 2496/30/210
f 2499/30/228 2498/30/228 2497/30/228
f 2502/30/229 2503/30/229 2504/30/229
f 2498/30/230 2502/30/230 2501/30/230
f 2499/30/227 2503/30/227 2502/30/227
f 2500/30/231 2504/30/231 2503/30/231
f 2497/30/210 2501/30/210 2504/30/210
f 2507/30/228 2506/30/228 2505/30/228
f 2510/30/229 2511/30/229 2512/30/229
f 2506/30/230 2510/30/230 2509/30/230
f 2507/30/227 2511/30/227 2510/30/227
f 2508/30/231 2512/30/231 2511/30/231
f 2505/30/210 2509/30/210 2512/30/210
f 2515/30/228 2514/30/228 2513/30/228
f 2518/30/229 2519/30/229 2520/30/229
f 2514/30/230 2518/30/230 2517/30/230
f 2515/30/227 2519/30/227 2518/30/227
f 2516/30/231 2520/30/231 2519/30/231
f 2513/30/210 2517/30/210 2520/30/210
f 2521/31/210 2532/31/210 2531/31/210
f 2531/31/210 2530/31/210 2529/31/210
f 2529/31/210 2528/31/210 2525/31/210
f 2528/31/210 2527/31/210 2525/31/210
f 2527/31/210 2526/31/210 2525/31/210
f 2525/31/210 2524/31/210 2521/31/210
f 2524/31/210 2523/31/210 2521/31/210
f 2523/31/210 2522/31/210 2521/31/210
f 2521/31/210 2531/31/210 2525/31/210
f 2522/31/232 2534/31/232 2533/31/232
f 2523/31/233 2535/31/233 2534/31/233
f 2524/31/234 2536/31/234 2535/31/234
f 2525/31/235 2537/31/235 2536/31/235
f 2526/31/236 2538/31/236 2537/31/236
f 2527/31/237 2539/31/237 2538/31/237
f 2528/31/238 2540/31/238 2539/31/238
f 2529/31/239 2541/31/239 2540/31/239
f 2530/31/240 2542/31/240 2541/31/240
f 2531/31/241 2543/31/241 2542/31/241
f 2532/31/242 2544/31/242 2543/31/242
f 2521/31/243 2533/31/243 2544/31/243
f 2544/31/227 2533/31/227 2534/31/227
f 2534/31/227 2535/31/227 2536/31/227
f 2536/31/227 2537/31/227 2538/31/227
f 2538/31/227 2539/31/227 2536/31/227
f 2539/31/227 2540/31/227 2536/31/227
f 2540/31/227 2541/31/227 2544/31/227
f 2541/31/227 2542/31/227 2544/31/227
f 2542/31/227 2543/31/227 2544/31/227
f 2544/31/227 2534/31/227 2540/31/227
f 2545/32/210 2556/32/210 2555/32/210
f 2555/32/210 2554/32/210 2553/32/210
f 2553/32/210 2552/32/210 2551/32/210
f 2551/32/210 2550/32/210 2549/32/210
f 2549/32/210 2548/32/210 2547/32/210
f 2547/32/210 2546/32/210 2549/32/210
f 2546/32/210 2545/32/210 2549/32/210
f 2545/32/210 2555/32/210 2549/32/210
f 2555/32/210 2553/32/210 2549/32/210
f 2546/32/232 2558/32/232 2557/32/232
f 2547/32/233 2559/32/233 2558/32/233
f 2548/32/234 2560/32/234 2559/32/234
f 2549/32/235 2561/32/235 2560/32/235
f 2550/32/236 2562/32/236 2561/32/236
f 2551/32/237 2563/32/237 2562/32/237
f 2552/32/238 2564/32/238 2563/32/238
f 2553/32/239 2565/32/239 2564/32/239
f 2554/32/240 2566/32/240 2565/32/240
f 2555/32/241 2567/32/241 2566/32/241
f 2556/32/242 2568/32/242 2567/32/242
f 2545/32/243 2557/32/243 2568/32/243
f 2568/32/227 2557/32/227 2558/32/227
f 2558/32/227 2559/32/227 2568/32/227
f 2559/32/227 2560/32/227 2568/32/227
f 2560/32/227 2561/32/227 2562/32/227
f 2562/32/227 2563/32/227 2564/32/227
f 2564/32/227 2565/32/227 2566/32/227
f 2566/32/227 2567/32/227 2568/32/227
f 2560/32/227 2562/32/227 2568/32/227
f 2562/32/227 2564/32/227 2568/32/227
f 2569/33/210 2578/33/210 2577/33/210
f 2577/33/210 2576/33/210 2575/33/210
f 2575/33/210 2574/33/210 2571/33/210
f 2574/33/210 2573/33/210 2571/33/210
f 2573/33/210 2572/33/210 2571/33/210
f 2571/33/210 2570/33/210 2575/33/210
f 2570/33/210 2569/33/210 2575/33/210
f 2570/33/244 2580/33/244 2579/33/244
f 2571/33/245 2581/33/245 2580/33/245
f 2572/33/230 2582/33/230 2581/33/230
f 2573/33/246 2583/33/246 2582/33/246
f 2574/33/247 2584/33/247 2583/33/247
f 2575/33/248 2585/33/248 2584/33/248
f 2576/33/249 2586/33/249 2585/33/249
f 2577/33/231 2587/33/231 2586/33/231
f 2578/33/250 2588/33/250 2587/33/250
f 2569/33/251 2579/33/251 2588/33/251
f 2588/33/227 2579/33/227 2580/33/227
f 2580/33/227 2581/33/227 2582/33/227
f 2582/33/227 2583/33/227 2584/33/227
f 2584/33/227 2585/33/227 2586/33/227
f 2586/33/227 2587/33/227 2582/33/227
f 2587/33/227 2588/33/227 2582/33/227
f 2588/33/227 2580/33/227 2582/33/227
f 2589/34/210 2594/34/210 2593/34/210
f 2593/34/210 2592/34/210 2589/34/210
f 2592/34/210 2591/34/210 2589/34/210
f 2590/34/252 2596/34/252 2595/34/252
f 2591/34/230 2597/34/230 2596/34/230
f 2592/34/253 2598/34/253 2597/34/253
f 2593/34/254 2599/34/254 2598/34/254
f 2594/34/231 2600/34/231 2599/34/231
f 2589/34/255 2595/34/255 2600/34/255
f 2600/34/227 2595/34/227 2598/34/227
f 2595/34/227 2596/34/227 2598/34/227
f 2596/34/227 2597/34/227 2598/34/227
f 2601/34/210 2606/34/210 2603/34/210
f 2606/34/210 2605/34/210 2603/34/210
f 2605/34/210 2604/34/210 2603/34/210
f 2602/34/252 2608/34/252 2607/34/252
f 2603/34/230 2609/34/230 2608/34/230
f 2604/34/253 2610/34/253 2609/34/253
f 2605/34/254 2611/34/254 2610/34/254
f 2606/34/231 2612/34/231 2611/34/231
f 2601/34/255 2607/34/255 2612/34/255
f 2612/34/227 2607/34/227 2608/34/227
f 2608/34/227 2609/34/227 2610/34/227
f 2610/34/227 2611/34/227 2612/34/227
f 2613/34/210 2618/34/210 2615/34/210
f 2618/34/210 2617/34/210 2615/34/210
f 2617/34/210 2616/34/210 2615/34/210
f 2614/34/252 2620/34/252 2619/34/252
f 2615/34/230 2621/34/230 2620/34/230
f 2616/34/253 2622/34/253 2621/34/253
f 2617/34/254 2623/34/254 2622/34/254
f 2618/34/231 2624/34/231 2623/34/231
f 2613/34/255 2619/34/255 2624/34/255
f 2624/34/227 2619/34/227 2620/34/227
f 2620/34/227 2621/34/227 2622/34/227
f 2622/34/227 2623/34/227 2624/34/227
f 2625/34/210 2630/34/210 2629/34/210
f 2629/34/210 2628/34/210 2625/34/210
f 2628/34/210 2627/34/210 2625/34/210
f 2626/34/252 2632/34/252 2631/34/252
f 2627/34/230 2633/34/230 2632/34/230
f 2628/34/253 2634/34/253 2633/34/253
f 2629/34/254 2635/34/254 2634/34/254
f 2630/34/231 2636/34/231 2635/34/231
f 2625/34/255 2631/34/255 2636/34/255
f 2636/34/227 2631/34/227 2634/34/227
f 2631/34/227 2632/34/227 2634/34/227
f 2632/34/227 2633/34/227 2634/34/227
f 2637/34/210 2642/34/210 2641/34/210
f 2641/34/210 2640/34/210 2639/34/210
f 2639/34/210 2638/34/210 2637/34/210
f 2638/34/252 2644/34/252 2643/34/252
f 2639/34/230 2645/34/230 2644/34/230
f 2640/34/253 2646/34/253 2645/34/253
f 2641/34/254 2647/34/254 2646/34/254
f 2642/34/231 2648/34/231 2647/34/231
f 2637/34/255 2643/34/255 2648/34/255
f 2648/34/227 2643/34/227 2644/34/227
f 2644/34/227 2645/34/227 2646/34/227
f 2646/34/227 2647/34/227 2648/34/227
f 2649/34/210 2654/34/210 2653/34/210
f 2653/34/210 2652/34/210 2651/34/210
f 2651/34/210 2650/34/210 2649/34/210
f 2650/34/252 2656/34/252 2655/34/252
f 2651/34/230 2657/34/230 2656/34/230
f 2652/34/253 2658/34/253 2657/34/253
f 2653/34/254 2659/34/254 2658/34/254
f 2654/34/231 2660/34/231 2659/34/231
f 2649/34/255 2655/34/255 2660/34/255
f 2660/34/227 2655/34/227 2656/34/227
f 2656/34/227 2657/34/227 2658/34/227
f 2658/34/227 2659/34/227 2660/34/227
f 2661/31/210 2672/31/210 2671/31/210
f 2671/31/210 2670/31/210 2669/31/210
f 2669/31/210 2668/31/210 2665/31/210
f 2668/31/210 2667/31/210 2665/31/210
f 2667/31/210 2666/31/210 2665/31/210
f 2665/31/210 2664/31/210 2661/31/210
f 2664/31/210 2663/31/210 2661/31/210
f 2663/31/210 2662/31/210 2661/31/210
f 2661/31/210 2671/31/210 2665/31/210
f 2662/31/232 2674/31/232 2673/31/232
f 2663/31/233 2675/31/233 2674/31/233
f 2664/31/234 2676/31/234 2675/31/234
f 2665/31/235 2677/31/235 2676/31/235
f 2666/31/236 2678/31/236 2677/31/236
f 2667/31/237 2679/31/237 2678/31/237
f 2668/31/238 2680/31/238 2679/31/238
f 2669/31/239 2681/31/239 2680/31/239
f 2670/31/240 2682/31/240 2681/31/240
f 2671/31/241 2683/31/241 2682/31/241
f 2672/31/242 2684/31/242 2683/31/242
f 2661/31/243 2673/31/243 2684/31/243
f 2684/31/227 2673/31/227 2674/31/227
f 2674/31/227 2675/31/227 2676/31/227
f 2676/31/227 2677/31/227 2678/31/227
f 2678/31/227 2679/31/227 2676/31/227
f 2679/31/227 2680/31/227 2676/31/227
f 2680/31/227 2681/31/227 2684/31/227
f 2681/31/227 2682/31/227 2684/31/227
f 2682/31/227 2683/31/227 2684/31/227
f 2684/31/227 2674/31/227 2680/31/227
f 2685/32/210 2696/32/210 2695/32/210
f 2695/32/210 2694/32/210 2693/32/210
f 2693/32/210 2692/32/210 2691/32/210
f 2691/32/210 2690/32/210 2689/32/210
f 2689/32/210 2688/32/210 2687/32/210
f 2687/32/210 2686/32/210 2685/32/210
f 2685/32/210 2695/32/210 2689/32/210
f 2695/32/210 2693/32/210 2689/32/210
f 2693/32/210 2691/32/210 2689/32/210
f 2686/32/232 2698/32/232 2697/32/232
f 2687/32/233 2699/32/233 2698/32/233
f 2688/32/234 2700/32/234 2699/32/234
f 2689/32/235 2701/32/235 2700/32/235
f 2690/32/236 2702/32/236 2701/32/236
f 2691/32/237 2703/32/237 2702/32/237
f 2692/32/238 2704/32/238 2703/32/238
f 2693/32/239 2705/32/239 2704/32/239
f 2694/32/240 2706/32/240 2705/32/240
f 2695/32/241 2707/32/241 2706/32/241
f 2696/32/242 2708/32/242 2707/32/242
f 2685/32/243 2697/32/243 2708/32/243
f 2708/32/227 2697/32/227 2698/32/227
f 2698/32/227 2699/32/227 2700/32/227
f 2700/32/227 2701/32/227 2702/32/227
f 2702/32/227 2703/32/227 2704/32/227
f 2704/32/227 2705/32/227 2706/32/227
f 2706/32/227 2707/32/227 2708/32/227
f 2708/32/227 2698/32/227 2704/32/227
f 2698/32/227 2700/32/227 2704/32/227
f 2700/32/227 2702/32/227 2704/32/227
f 2709/33/210 2718/33/210 2717/33/210
f 2717/33/210 2716/33/210 2715/33/210
f 2715/33/210 2714/33/210 2713/33/210
f 2713/33/210 2712/33/210 2711/33/210
f 2711/33/210 2710/33/210 2709/33/210
f 2709/33/210 2717/33/210 2715/33/210
f 2715/33/210 2713/33/210 2709/33/210
f 2710/33/244 2720/33/244 2719/33/244
f 2711/33/245 2721/33/245 2720/33/245
f 2712/33/230 2722/33/230 2721/33/230
f 2713/33/246 2723/33/246 2722/33/246
f 2714/33/247 2724/33/247 2723/33/247
f 2715/33/248 2725/33/248 2724/33/248
f 2716/33/249 2726/33/249 2725/33/249
f 2717/33/231 2727/33/231 2726/33/231
f 2718/33/250 2728/33/250 2727/33/250
f 2709/33/251 2719/33/251 2728/33/251
f 2728/33/227 2719/33/227 2720/33/227
f 2720/33/227 2721/33/227 2722/33/227
f 2722/33/227 2723/33/227 2724/33/227
f 2724/33/227 2725/33/227 2726/33/227
f 2726/33/227 2727/33/227 2728/33/227
f 2728/33/227 2720/33/227 2722/33/227
f 2722/33/227 2724/33/227 2726/33/227
f 2729/34/210 2734/34/210 2733/34/210
f 2733/34/210 2732/34/210 2729/34/210
f 2732/34/210 2731/34/210 2729/34/210
f 2730/34/252 2736/34/252 2735/34/252
f 2731/34/230 2737/34/230 2736/34/230
f 2732/34/253 2738/34/253 2737/34/253
f 2733/34/254 2739/34/254 2738/34/254
f 2734/34/231 2740/34/231 2739/34/231
f 2729/34/255 2735/34/255 2740/34/255
f 2740/34/227 2735/34/227 2738/34/227
f 2735/34/227 2736/34/227 2738/34/227
f 2736/34/227 2737/34/227 2738/34/227
f 2741/34/210 2746/34/210 2745/34/210
f 2745/34/210 2744/34/210 2743/34/210
f 2743/34/210 2742/34/210 2741/34/210
f 2742/34/252 2748/34/252 2747/34/252
f 2743/34/230 2749/34/230 2748/34/230
f 2744/34/253 2750/34/253 2749/34/253
f 2745/34/254 2751/34/254 2750/34/254
f 2746/34/231 2752/34/231 2751/34/231
f 2741/34/255 2747/34/255 2752/34/255
f 2752/34/227 2747/34/227 2748/34/227
f 2748/34/227 2749/34/227 2750/34/227
f 2750/34/227 2751/34/227 2752/34/227
f 2753/34/210 2758/34/210 2757/34/210
f 2757/34/210 2756/34/210 2755/34/210
f 2755/34/210 2754/34/210 2753/34/210
f 2754/34/252 2760/34/252 2759/34/252
f 2755/34/230 2761/34/230 2760/34/230
f 2756/34/253 2762/34/253 2761/34/253
f 2757/34/254 2763/34/254 2762/34/254
f 2758/34/231 2764/34/231 2763/34/231
f 2753/34/255 2759/34/255 2764/34/255
f 2764/34/227 2759/34/227 2760/34/227
f 2760/34/227 2761/34/227 2762/34/227
f 2762/34/227 2763/34/227 2764/34/227
f 2765/34/210 2770/34/210 2769/34/210
f 2769/34/210 2768/34/210 2765/34/210
f 2768/34/210 2767/34/210 2765/34/210
f 2766/34/252 2772/34/252 2771/34/252
f 2767/34/230 2773/34/230 2772/34/230
f 2768/34/253 2774/34/253 2773/34/253
f 2769/34/254 2775/34/254 2774/34/254
f 2770/34/231 2776/34/231 2775/34/231
f 2765/34/255 2771/34/255 2776/34/255
f 2776/34/227 2771/34/227 2774/34/227
f 2771/34/227 2772/34/227 2774/34/227
f 2772/34/227 2773/34/227 2774/34/227
f 2777/34/210 2782/34/210 2781/34/210
f 2781/34/210 2780/34/210 2779/34/210
f 2779/34/210 2778/34/210 2777/34/210
f 2778/34/252 2784/34/252 2783/34/252
f 2779/34/230 2785/34/230 2784/34/230
f 2780/34/253 2786/34/253 2785/34/253
f 2781/34/254 2787/34/254 2786/34/254
f 2782/34/231 2788/34/231 2787/34/231
f 2777/34/255 2783/34/255 2788/34/255
f 2788/34/227 2783/34/227 2784/34/227
f 2784/34/227 2785/34/227 2786/34/227
f 2786/34/227 2787/34/227 2788/34/227
f 2789/34/210 2794/34/210 2793/34/210
f 2793/34/210 2792/34/210 2791/34/210
f 2791/34/210 2790/34/210 2789/34/210
f 2790/34/252 2796/34/252 2795/34/252
f 2791/34/230 2797/34/230 2796/34/230
f 2792/34/253 2798/34/253 2797/34/253
f 2793/34/254 2799/34/254 2798/34/254
f 2794/34/231 2800/34/231 2799/34/231
f 2789/34/255 2795/34/255 2800/34/255
f 2800/34/227 2795/34/227 2796/34/227
f 2796/34/227 2797/34/227 2798/34/227
f 2798/34/227 2799/34/227 2800/34/227
